Timestamp,HomeTeam,AwayTeam,PlayerId,X,Y,GoalMouthY,GoalMouthZ,IsHome,Result,Situation,BodyPart,Minute,xG,xGOT
1786815000,Deportivo Alavés,Getafe,794937,26.2,65.8,51.2,2.5,True,save,assisted,left-foot,90,0.017,0.021
1786815000,Deportivo Alavés,Getafe,896073,24.8,43.8,46.3,19.0,True,block,corner,right-foot,90,0.013,0.0
1786815000,Deportivo Alavés,Getafe,788142,11.5,43.1,48.2,27.9,True,goal,assisted,left-foot,90,0.087,0.478
1786815000,Deportivo Alavés,Getafe,175753,20.8,38.3,46.0,29.8,True,goal,fast-break,right-foot,90,0.058,0.816
1786815000,Deportivo Alavés,Getafe,1841875,27.7,46.8,48.0,19.0,False,block,corner,left-foot,89,0.015,0.0
1786815000,Deportivo Alavés,Getafe,793988,15.6,48.3,51.3,19.0,False,block,set-piece,right-foot,87,0.06,0.0
1786815000,Deportivo Alavés,Getafe,788142,14.5,56.9,43.7,5.6,True,miss,fast-break,right-foot,85,0.483,0.0
1786815000,Deportivo Alavés,Getafe,336655,8.0,48.7,44.9,66.7,False,miss,set-piece,head,82,0.086,0.0
1786815000,Deportivo Alavés,Getafe,855832,25.0,65.4,60.8,65.3,True,miss,assisted,right-foot,80,0.02,0.0
1786815000,Deportivo Alavés,Getafe,1088565,19.9,64.9,52.0,20.3,False,save,assisted,left-foot,79,0.037,0.074
1786815000,Deportivo Alavés,Getafe,175753,22.5,60.5,50.3,19.0,True,block,free-kick,right-foot,78,0.072,0.0
1786815000,Deportivo Alavés,Getafe,896073,7.3,52.8,47.5,28.5,True,goal,assisted,head,73,0.251,0.367
1786815000,Deportivo Alavés,Getafe,175753,10.8,49.5,50.0,12.0,True,save,assisted,head,71,0.055,0.017
1786815000,Deportivo Alavés,Getafe,855832,14.2,64.4,55.3,80.6,True,miss,corner,right-foot,70,0.041,0.0
1786815000,Deportivo Alavés,Getafe,855832,17.6,64.0,46.1,91.7,True,miss,corner,right-foot,58,0.013,0.0
1786815000,Deportivo Alavés,Getafe,138383,9.0,55.5,46.9,11.4,True,save,fast-break,left-foot,57,0.37,0.444
1786815000,Deportivo Alavés,Getafe,1088565,1.1,67.7,43.0,19.4,False,miss,set-piece,right-foot,52,0.01,0.0
1786815000,Deportivo Alavés,Getafe,831253,13.8,55.5,47.1,93.1,True,miss,corner,right-foot,49,0.052,0.0
1786815000,Deportivo Alavés,Getafe,1513222,9.5,68.5,46.9,20.9,True,save,regular,right-foot,49,0.071,0.154
1786815000,Deportivo Alavés,Getafe,1082968,25.1,32.7,46.9,7.6,True,save,assisted,right-foot,49,0.017,0.051
1786815000,Deportivo Alavés,Getafe,973536,20.8,49.1,50.0,13.3,False,save,assisted,right-foot,45,0.034,0.014
1786815000,Deportivo Alavés,Getafe,831253,13.8,54.0,43.7,2.8,True,miss,assisted,right-foot,32,0.203,0.0
1786815000,Deportivo Alavés,Getafe,831253,14.8,45.4,58.0,76.4,True,miss,assisted,left-foot,20,0.065,0.0
1786815000,Deportivo Alavés,Getafe,896073,9.2,57.0,49.0,19.0,True,block,set-piece,head,11,0.046,0.0
1786822200,Sevilla,Rayo Vallecano,997033,11.5,50.0,53.6,22.2,True,goal,penalty,right-foot,90,0.788,0.93
1786822200,Sevilla,Rayo Vallecano,981604,4.4,46.9,52.1,29.1,False,save,corner,head,86,0.19,0.726
1786822200,Sevilla,Rayo Vallecano,965031,10.3,58.6,63.0,20.8,False,miss,corner,left-foot,86,0.058,0.0
1786822200,Sevilla,Rayo Vallecano,88528,33.0,67.5,51.2,30.4,False,save,free-kick,right-foot,86,0.027,0.053
1786822200,Sevilla,Rayo Vallecano,88528,11.7,55.4,51.3,65.3,False,miss,set-piece,head,84,0.026,0.0
1786822200,Sevilla,Rayo Vallecano,872919,9.5,55.0,38.3,36.1,True,miss,assisted,head,72,0.07,0.0
1786822200,Sevilla,Rayo Vallecano,1534422,14.2,53.6,67.7,1.4,True,miss,assisted,head,69,0.018,0.0
1786822200,Sevilla,Rayo Vallecano,2509247,20.7,39.3,48.9,19.0,True,block,assisted,left-foot,67,0.029,0.0
1786822200,Sevilla,Rayo Vallecano,997033,18.1,37.6,50.0,1.3,True,save,fast-break,left-foot,65,0.118,0.05
1786822200,Sevilla,Rayo Vallecano,1142351,12.3,47.0,39.5,2.8,True,miss,regular,left-foot,63,0.09,0.0
1786822200,Sevilla,Rayo Vallecano,788141,11.5,50.0,46.8,7.0,True,goal,penalty,left-foot,52,0.788,0.653
1786822200,Sevilla,Rayo Vallecano,788141,14.1,68.7,46.0,12.7,True,save,assisted,left-foot,50,0.064,0.168
1786822200,Sevilla,Rayo Vallecano,1534422,15.6,31.9,46.9,19.0,True,block,throw-in-set-piece,left-foot,48,0.03,0.0
1786822200,Sevilla,Rayo Vallecano,1018190,7.1,48.3,48.2,63.9,True,miss,throw-in-set-piece,head,45,0.123,0.0
1786822200,Sevilla,Rayo Vallecano,1018190,14.2,48.9,40.2,11.1,True,miss,throw-in-set-piece,head,36,0.02,0.0
1786822200,Sevilla,Rayo Vallecano,1097719,26.2,38.7,37.8,15.3,True,miss,throw-in-set-piece,left-foot,36,0.01,0.0
1786822200,Sevilla,Rayo Vallecano,1892023,21.0,57.7,50.5,19.0,True,block,throw-in-set-piece,left-foot,15,0.039,0.0
1786822200,Sevilla,Rayo Vallecano,932764,8.3,47.0,47.2,65.3,False,miss,fast-break,right-foot,7,0.592,0.0
1786822200,Sevilla,Rayo Vallecano,345111,1.0,49.2,49.1,20.9,False,goal,regular,left-foot,4,0.998,0.993
1786892400,Real Racing Club,Villarreal,1383421,21.2,62.4,48.5,19.0,True,block,fast-break,right-foot,90,0.096,0.0
1786892400,Real Racing Club,Villarreal,851268,10.4,38.9,39.7,29.2,True,miss,corner,head,82,0.014,0.0
1786892400,Real Racing Club,Villarreal,1009372,12.6,39.3,49.7,19.0,False,block,assisted,right-foot,78,0.038,0.0
1786892400,Real Racing Club,Villarreal,1396048,21.8,30.3,47.6,81.9,False,miss,assisted,left-foot,68,0.016,0.0
1786892400,Real Racing Club,Villarreal,593526,20.4,70.9,50.9,8.9,False,save,regular,left-foot,68,0.02,0.013
1786892400,Real Racing Club,Villarreal,973290,4.8,35.0,1.3,6.9,False,miss,assisted,left-foot,65,0.076,0.0
1786892400,Real Racing Club,Villarreal,1468046,5.7,66.7,48.7,15.2,False,save,assisted,right-foot,60,0.123,0.125
1786892400,Real Racing Club,Villarreal,41560,13.9,72.0,46.8,2.5,True,save,corner,left-foot,58,0.025,0.065
1786892400,Real Racing Club,Villarreal,345195,13.0,59.7,50.0,14.6,False,save,assisted,right-foot,54,0.061,0.041
1786892400,Real Racing Club,Villarreal,922939,9.1,50.1,37.5,11.1,True,miss,assisted,right-foot,53,0.137,0.0
1786892400,Real Racing Club,Villarreal,41560,13.3,36.8,51.0,19.0,True,block,assisted,right-foot,52,0.076,0.0
1786892400,Real Racing Club,Villarreal,1010792,2.0,58.7,40.5,33.3,True,miss,throw-in-set-piece,head,51,0.122,0.0
1786892400,Real Racing Club,Villarreal,922939,14.2,58.9,59.2,2.8,True,miss,fast-break,left-foot,45,0.105,0.0
1786892400,Real Racing Club,Villarreal,345195,14.8,49.5,50.5,19.0,False,block,assisted,right-foot,45,0.067,0.0
1786892400,Real Racing Club,Villarreal,593526,14.4,69.5,53.9,24.1,False,goal,assisted,left-foot,45,0.06,0.807
1786892400,Real Racing Club,Villarreal,879694,21.9,33.6,45.7,3.2,False,goal,assisted,left-foot,45,0.022,0.187
1786892400,Real Racing Club,Villarreal,2197894,22.8,48.1,47.2,27.2,True,goal,regular,right-foot,34,0.072,0.401
1786892400,Real Racing Club,Villarreal,922939,17.8,65.8,48.6,19.0,True,block,assisted,left-foot,34,0.036,0.0
1786892400,Real Racing Club,Villarreal,355072,3.9,53.2,65.4,4.2,True,miss,corner,head,33,0.183,0.0
1786892400,Real Racing Club,Villarreal,1010792,2.3,64.0,47.3,19.0,True,block,regular,right-foot,33,0.053,0.0
1786892400,Real Racing Club,Villarreal,922939,11.5,50.0,45.7,1.3,True,goal,penalty,left-foot,21,0.788,0.926
1786892400,Real Racing Club,Villarreal,922939,19.9,50.6,61.0,19.4,True,miss,throw-in-set-piece,left-foot,18,0.034,0.0
1786892400,Real Racing Club,Villarreal,922939,18.7,50.3,51.1,19.0,True,block,throw-in-set-piece,left-foot,14,0.034,0.0
1786892400,Real Racing Club,Villarreal,1009372,14.7,16.4,44.4,97.2,False,miss,free-kick,right-foot,9,0.044,0.0
1786892400,Real Racing Club,Villarreal,1009372,16.4,47.2,51.0,10.1,False,save,regular,left-foot,8,0.107,0.102
1786892400,Real Racing Club,Villarreal,41560,18.9,36.4,50.9,19.0,True,block,assisted,left-foot,6,0.039,0.0
1786892400,Real Racing Club,Villarreal,1174889,21.9,52.6,50.7,19.0,True,block,regular,left-foot,6,0.027,0.0
1786892400,Real Racing Club,Villarreal,1009372,22.5,51.3,50.8,4.4,False,save,assisted,right-foot,5,0.032,0.141
1786892400,Real Racing Club,Villarreal,1174889,22.5,50.3,49.5,19.0,True,block,regular,right-foot,2,0.025,0.0
1786899600,Espanyol,Levante UD,997244,24.5,41.6,49.3,19.0,False,block,free-kick,right-foot,90,0.058,0.0
1786899600,Espanyol,Levante UD,1019236,13.0,46.0,67.7,15.3,True,miss,fast-break,right-foot,90,0.18,0.0
1786899600,Espanyol,Levante UD,1183542,9.2,32.9,37.7,9.7,True,miss,assisted,left-foot,89,0.096,0.0
1786899600,Espanyol,Levante UD,826010,20.9,45.8,61.2,2.8,True,miss,regular,right-foot,88,0.058,0.0
1786899600,Espanyol,Levante UD,1063015,15.1,41.3,45.8,3.8,True,goal,fast-break,left-foot,80,0.14,0.682
1786899600,Espanyol,Levante UD,1393673,8.6,43.7,60.0,65.3,False,miss,assisted,head,59,0.053,0.0
1786899600,Espanyol,Levante UD,1136863,18.8,46.8,48.7,1.9,True,save,assisted,left-foot,57,0.14,0.068
1786899600,Espanyol,Levante UD,1063015,11.6,27.2,41.9,19.4,True,miss,regular,right-foot,49,0.029,0.0
1786899600,Espanyol,Levante UD,877262,27.4,23.4,36.1,4.2,True,miss,assisted,right-foot,45,0.015,0.0
1786899600,Espanyol,Levante UD,1514913,17.8,46.8,56.5,61.1,True,miss,fast-break,left-foot,43,0.141,0.0
1786899600,Espanyol,Levante UD,1392592,7.4,46.0,51.1,3.8,True,goal,assisted,right-foot,40,0.229,0.551
1786899600,Espanyol,Levante UD,877262,21.5,57.7,47.0,19.0,True,block,regular,right-foot,37,0.037,0.0
1786899600,Espanyol,Levante UD,1136863,14.2,64.9,51.2,4.4,True,save,assisted,left-foot,37,0.031,0.069
1786899600,Espanyol,Levante UD,1063015,22.3,31.1,52.0,19.0,True,block,assisted,right-foot,34,0.025,0.0
1786899600,Espanyol,Levante UD,1014042,24.6,49.8,62.2,2.8,False,miss,assisted,right-foot,26,0.029,0.0
1786899600,Espanyol,Levante UD,1514913,13.3,34.4,51.5,15.8,True,save,assisted,right-foot,25,0.047,0.045
1786899600,Espanyol,Levante UD,122810,2.7,38.7,58.2,59.7,False,miss,throw-in-set-piece,head,19,0.047,0.0
1786899600,Espanyol,Levante UD,1392592,3.3,45.8,46.2,26.6,True,goal,set-piece,right-foot,5,0.231,0.859
1786899600,Espanyol,Levante UD,877262,19.4,38.9,48.9,19.0,True,block,assisted,right-foot,3,0.058,0.0
1786899600,Espanyol,Levante UD,1063015,14.2,25.2,47.8,19.0,True,block,regular,right-foot,3,0.017,0.0
1786993200,Deportivo de A Coruña,Elche,966526,5.0,63.4,37.0,5.6,True,miss,assisted,right-foot,90,0.107,0.0
1786993200,Deportivo de A Coruña,Elche,979476,26.6,55.5,36.3,29.2,True,miss,assisted,right-foot,81,0.015,0.0
1786993200,Deportivo de A Coruña,Elche,1126447,23.8,62.2,50.3,1.9,False,save,fast-break,left-foot,78,0.039,0.017
1786993200,Deportivo de A Coruña,Elche,1014595,8.2,44.3,46.6,22.2,False,goal,corner,head,76,0.045,0.504
1786993200,Deportivo de A Coruña,Elche,51498,11.9,27.4,52.2,5.7,True,save,corner,right-foot,66,0.027,0.033
1786993200,Deportivo de A Coruña,Elche,984622,9.7,66.0,50.3,19.0,True,block,assisted,right-foot,66,0.043,0.0
1786993200,Deportivo de A Coruña,Elche,914765,15.0,46.6,48.1,17.1,False,save,regular,right-foot,58,0.066,0.123
1786993200,Deportivo de A Coruña,Elche,1016019,10.7,42.1,51.0,13.9,False,save,assisted,left-foot,58,0.457,0.224
1786993200,Deportivo de A Coruña,Elche,988672,27.3,65.8,51.2,19.0,False,block,assisted,right-foot,57,0.015,0.0
1786993200,Deportivo de A Coruña,Elche,914765,21.2,70.5,52.9,1.3,False,save,assisted,right-foot,52,0.02,0.076
1786993200,Deportivo de A Coruña,Elche,1146545,8.5,30.7,38.2,30.6,True,miss,assisted,right-foot,49,0.031,0.0
1786993200,Deportivo de A Coruña,Elche,1117026,10.2,52.9,50.0,19.0,False,block,set-piece,head,45,0.052,0.0
1786993200,Deportivo de A Coruña,Elche,1516812,15.0,49.3,49.5,19.0,False,block,assisted,right-foot,42,0.065,0.0
1786993200,Deportivo de A Coruña,Elche,51498,11.3,34.8,47.7,4.4,True,goal,assisted,left-foot,21,0.064,0.233
1786993200,Deportivo de A Coruña,Elche,1978292,9.9,53.5,78.7,19.4,True,miss,corner,head,17,0.038,0.0
1786993200,Deportivo de A Coruña,Elche,2335487,29.6,67.7,50.0,28.5,True,save,regular,right-foot,16,0.01,0.009
1786993200,Deportivo de A Coruña,Elche,1516812,3.2,51.9,49.0,16.5,False,save,corner,right-foot,10,0.316,0.593
1786993200,Deportivo de A Coruña,Elche,988672,7.6,49.5,42.0,5.6,False,miss,corner,head,10,0.116,0.0
1786993200,Deportivo de A Coruña,Elche,1516812,18.9,54.0,61.3,5.6,False,miss,assisted,right-foot,6,0.073,0.0
1787166000,Atlético Madrid,Málaga CF,1002405,19.4,69.9,49.0,3.2,False,save,regular,left-foot,90,0.016,0.017
1787166000,Atlético Madrid,Málaga CF,910031,24.8,36.8,53.9,29.8,True,goal,free-kick,right-foot,85,0.067,0.694
1787166000,Atlético Madrid,Málaga CF,1465149,12.5,75.4,73.8,6.9,False,miss,regular,right-foot,79,0.015,0.0
1787166000,Atlético Madrid,Málaga CF,1414932,8.6,53.3,49.7,19.0,True,block,corner,right-foot,75,0.221,0.0
1787166000,Atlético Madrid,Málaga CF,807771,10.2,52.6,47.3,38.6,True,post,corner,head,75,0.028,0.0
1787166000,Atlético Madrid,Málaga CF,824200,9.7,36.8,51.7,30.4,True,save,assisted,left-foot,74,0.134,0.427
1787166000,Atlético Madrid,Málaga CF,917087,18.5,61.3,54.5,26.6,True,goal,assisted,left-foot,70,0.084,0.89
1787166000,Atlético Madrid,Málaga CF,807771,11.3,45.2,24.5,9.7,True,miss,corner,head,65,0.017,0.0
1787166000,Atlético Madrid,Málaga CF,917087,22.6,63.2,48.1,19.0,True,block,assisted,left-foot,64,0.026,0.0
1787166000,Atlético Madrid,Málaga CF,917087,27.7,45.4,39.0,1.4,True,miss,regular,left-foot,59,0.019,0.0
1787166000,Atlético Madrid,Málaga CF,1391752,12.7,60.3,52.7,1.3,True,save,assisted,right-foot,57,0.172,0.477
1787166000,Atlético Madrid,Málaga CF,1131581,18.1,50.5,56.0,97.2,True,miss,regular,left-foot,56,0.047,0.0
1787166000,Atlético Madrid,Málaga CF,824200,26.5,52.6,53.9,10.8,True,save,regular,right-foot,47,0.02,0.125
1787166000,Atlético Madrid,Málaga CF,1913386,10.5,58.5,49.6,19.0,False,block,regular,right-foot,46,0.06,0.0
1787166000,Atlético Madrid,Málaga CF,1391752,23.8,66.8,50.3,22.8,True,save,assisted,right-foot,35,0.039,0.032
1787166000,Atlético Madrid,Málaga CF,1595666,13.8,28.4,46.8,19.0,False,block,assisted,right-foot,33,0.03,0.0
1787166000,Atlético Madrid,Málaga CF,807771,11.0,26.6,51.1,19.0,True,block,corner,left-foot,28,0.024,0.0
1787166000,Atlético Madrid,Málaga CF,1391752,12.9,65.2,50.8,19.0,True,block,set-piece,right-foot,25,0.014,0.0
1787166000,Atlético Madrid,Málaga CF,1002405,15.1,65.4,42.0,34.7,False,miss,assisted,right-foot,13,0.026,0.0
1787166000,Atlético Madrid,Málaga CF,1131581,10.5,74.2,48.6,87.5,True,miss,fast-break,right-foot,7,0.018,0.0
1787252400,Rayo Vallecano,Deportivo Alavés,175753,17.2,50.7,46.1,3.8,False,save,assisted,right-foot,90,0.145,0.614
1787252400,Rayo Vallecano,Deportivo Alavés,1116570,9.2,42.7,32.3,44.4,False,miss,corner,head,90,0.024,0.0
1787252400,Rayo Vallecano,Deportivo Alavés,1084381,16.4,51.5,49.1,19.0,False,block,corner,left-foot,90,0.026,0.0
1787252400,Rayo Vallecano,Deportivo Alavés,831253,9.4,52.8,50.9,76.4,False,miss,assisted,left-foot,88,0.441,0.0
1787252400,Rayo Vallecano,Deportivo Alavés,175753,20.1,38.3,46.3,1.3,False,goal,regular,right-foot,84,0.184,0.703
1787252400,Rayo Vallecano,Deportivo Alavés,345111,15.6,33.1,51.3,55.6,True,miss,corner,right-foot,83,0.016,0.0
1787252400,Rayo Vallecano,Deportivo Alavés,1084381,23.8,51.5,43.0,50.0,False,miss,assisted,right-foot,74,0.032,0.0
1787252400,Rayo Vallecano,Deportivo Alavés,932764,9.2,54.6,50.2,19.0,True,block,corner,head,69,0.041,0.0
1787252400,Rayo Vallecano,Deportivo Alavés,896073,6.6,37.8,54.2,19.0,False,block,corner,head,63,0.015,0.0
1787252400,Rayo Vallecano,Deportivo Alavés,814385,19.5,31.7,50.3,19.0,False,block,free-kick,right-foot,61,0.081,0.0
1787252400,Rayo Vallecano,Deportivo Alavés,1513222,11.1,68.1,43.4,65.3,False,miss,assisted,right-foot,51,0.06,0.0
1787252400,Rayo Vallecano,Deportivo Alavés,910024,12.4,55.3,52.0,1.9,True,goal,assisted,right-foot,48,0.096,0.546
1787252400,Rayo Vallecano,Deportivo Alavés,831253,8.3,55.0,44.7,16.5,False,post,assisted,right-foot,44,0.398,0.0
1787252400,Rayo Vallecano,Deportivo Alavés,1084381,50.7,53.0,50.4,13.9,False,save,assisted,right-foot,32,0.008,0.009
1787252400,Rayo Vallecano,Deportivo Alavés,910024,19.7,37.6,46.5,10.1,True,save,assisted,right-foot,32,0.042,0.258
1787252400,Rayo Vallecano,Deportivo Alavés,1082968,11.9,21.3,43.2,55.6,False,miss,assisted,right-foot,30,0.019,0.0
1787252400,Rayo Vallecano,Deportivo Alavés,831253,4.0,55.6,43.4,9.7,False,miss,fast-break,right-foot,26,0.501,0.0
1787252400,Rayo Vallecano,Deportivo Alavés,965031,8.3,44.4,58.8,22.2,True,miss,set-piece,head,23,0.117,0.0
1787252400,Rayo Vallecano,Deportivo Alavés,831253,12.3,55.2,39.0,73.6,False,miss,assisted,head,20,0.033,0.0
1787252400,Rayo Vallecano,Deportivo Alavés,814385,32.2,48.1,52.1,87.5,False,miss,free-kick,right-foot,13,0.028,0.0
1787252400,Rayo Vallecano,Deportivo Alavés,899982,15.7,61.5,60.8,44.4,True,miss,corner,left-foot,12,0.043,0.0
1787252400,Rayo Vallecano,Deportivo Alavés,588566,19.5,31.1,54.3,3.2,True,save,assisted,right-foot,7,0.026,0.206
1787252400,Rayo Vallecano,Deportivo Alavés,910024,17.9,43.4,58.8,5.6,True,miss,throw-in-set-piece,right-foot,4,0.039,0.0
1787338800,Real Betis,Real Sociedad,958380,13.9,59.7,52.6,3.2,True,save,assisted,left-foot,90,0.101,0.434
1787338800,Real Betis,Real Sociedad,1893910,11.1,31.0,48.4,19.0,True,block,fast-break,left-foot,90,0.032,0.0
1787338800,Real Betis,Real Sociedad,958380,15.5,72.0,80.2,62.5,True,miss,assisted,left-foot,87,0.028,0.0
1787338800,Real Betis,Real Sociedad,1129401,19.6,69.6,53.3,32.3,True,save,fast-break,left-foot,85,0.033,0.629
1787338800,Real Betis,Real Sociedad,1026015,7.7,47.4,49.0,14.6,False,save,regular,right-foot,83,0.657,0.445
1787338800,Real Betis,Real Sociedad,103417,23.5,59.9,47.0,5.1,True,save,assisted,right-foot,79,0.035,0.059
1787338800,Real Betis,Real Sociedad,887055,13.6,67.5,48.1,3.8,True,save,fast-break,right-foot,79,0.069,0.086
1787338800,Real Betis,Real Sociedad,949156,25.8,69.2,53.3,3.2,False,save,assisted,left-foot,77,0.021,0.061
1787338800,Real Betis,Real Sociedad,816763,18.2,34.6,41.0,5.6,True,miss,fast-break,left-foot,75,0.057,0.0
1787338800,Real Betis,Real Sociedad,855835,19.0,30.8,56.6,30.6,False,miss,fast-break,left-foot,68,0.032,0.0
1787338800,Real Betis,Real Sociedad,949156,15.1,53.8,44.9,8.2,False,post,fast-break,left-foot,68,0.229,0.0
1787338800,Real Betis,Real Sociedad,847128,7.0,58.3,49.2,19.0,True,block,corner,head,67,0.039,0.0
1787338800,Real Betis,Real Sociedad,103417,8.3,47.1,48.6,3.2,True,save,assisted,left-foot,67,0.344,0.477
1787338800,Real Betis,Real Sociedad,958380,16.0,53.0,50.5,19.0,True,block,fast-break,left-foot,65,0.103,0.0
1787338800,Real Betis,Real Sociedad,989113,9.4,32.9,46.1,7.0,True,goal,fast-break,left-foot,63,0.085,0.177
1787338800,Real Betis,Real Sociedad,99519,30.9,60.3,41.3,2.8,True,miss,assisted,right-foot,57,0.016,0.0
1787338800,Real Betis,Real Sociedad,958380,24.6,71.8,49.7,19.0,True,block,assisted,left-foot,55,0.01,0.0
1787338800,Real Betis,Real Sociedad,1026015,10.7,40.5,52.5,19.0,False,block,assisted,right-foot,54,0.08,0.0
1787338800,Real Betis,Real Sociedad,1116388,23.2,71.4,49.0,19.6,False,save,regular,right-foot,51,0.024,0.016
1787338800,Real Betis,Real Sociedad,880218,9.4,67.3,48.2,19.0,False,block,assisted,left-foot,51,0.045,0.0
1787338800,Real Betis,Real Sociedad,816763,13.9,59.9,77.0,12.5,True,miss,set-piece,right-foot,51,0.052,0.0
1787338800,Real Betis,Real Sociedad,887055,22.3,69.9,59.8,16.7,True,miss,assisted,right-foot,47,0.035,0.0
1787338800,Real Betis,Real Sociedad,1177404,19.9,52.9,44.7,58.3,True,miss,assisted,right-foot,44,0.033,0.0
1787338800,Real Betis,Real Sociedad,1026015,13.8,71.4,46.4,65.3,False,miss,fast-break,right-foot,30,0.243,0.0
1787338800,Real Betis,Real Sociedad,847128,27.4,50.1,40.2,4.2,True,miss,assisted,left-foot,25,0.034,0.0
1787338800,Real Betis,Real Sociedad,958380,18.9,51.9,45.9,1.3,True,save,fast-break,left-foot,23,0.116,0.637
1787338800,Real Betis,Real Sociedad,966862,27.7,55.4,49.7,19.0,False,block,assisted,right-foot,4,0.029,0.0
1787410800,Athletic Club,Sevilla,1464648,27.1,20.7,49.8,23.4,True,save,free-kick,right-foot,90,0.026,0.015
1787410800,Athletic Club,Sevilla,1085400,9.0,38.7,60.5,62.5,True,miss,assisted,right-foot,88,0.086,0.0
1787410800,Athletic Club,Sevilla,959872,5.5,44.2,53.0,31.7,True,goal,corner,right-foot,70,0.262,0.777
1787410800,Athletic Club,Sevilla,807648,9.3,49.0,78.7,1.4,True,miss,corner,head,70,0.047,0.0
1787410800,Athletic Club,Sevilla,966801,9.0,57.0,49.2,19.0,True,save,assisted,right-foot,69,0.28,0.0
1787410800,Athletic Club,Sevilla,1464648,19.1,43.0,52.3,6.3,True,save,assisted,right-foot,65,0.091,0.073
1787410800,Athletic Club,Sevilla,1018190,12.5,46.1,47.3,14.6,False,goal,assisted,left-foot,57,0.186,0.468
1787410800,Athletic Club,Sevilla,966801,12.9,52.0,50.1,19.0,True,block,assisted,head,56,0.024,0.0
1787410800,Athletic Club,Sevilla,592012,14.4,35.4,51.7,19.0,True,block,assisted,right-foot,56,0.033,0.0
1787410800,Athletic Club,Sevilla,807648,9.5,45.9,99.8,5.6,True,miss,corner,right-foot,54,0.087,0.0
1787410800,Athletic Club,Sevilla,592012,4.3,28.9,49.3,12.0,True,save,assisted,left-foot,52,0.019,0.03
1787410800,Athletic Club,Sevilla,875890,10.8,63.2,51.3,17.1,False,goal,fast-break,right-foot,51,0.317,0.199
1787410800,Athletic Club,Sevilla,605672,21.5,68.2,59.0,8.3,True,miss,assisted,right-foot,44,0.017,0.0
1787410800,Athletic Club,Sevilla,783374,15.3,49.8,48.8,14.6,True,save,assisted,right-foot,42,0.103,0.274
1787410800,Athletic Club,Sevilla,1464648,18.6,51.7,49.0,19.0,True,block,throw-in-set-piece,right-foot,33,0.048,0.0
1787410800,Athletic Club,Sevilla,997033,19.9,38.5,53.1,19.0,False,block,assisted,right-foot,30,0.046,0.0
1787410800,Athletic Club,Sevilla,2509247,13.4,74.1,97.7,18.1,False,miss,assisted,left-foot,28,0.032,0.0
1787410800,Athletic Club,Sevilla,605672,13.3,33.0,67.2,15.3,True,miss,set-piece,right-foot,26,0.029,0.0
1787410800,Athletic Club,Sevilla,966801,17.4,55.6,41.5,9.7,True,miss,assisted,right-foot,23,0.072,0.0
1787410800,Athletic Club,Sevilla,949707,19.4,59.7,46.6,7.6,False,save,assisted,left-foot,21,0.057,0.135
1787410800,Athletic Club,Sevilla,910267,10.3,45.0,65.7,50.0,True,miss,throw-in-set-piece,right-foot,19,0.07,0.0
1787410800,Athletic Club,Sevilla,1534422,13.9,37.4,46.5,1.9,False,goal,regular,left-foot,15,0.471,0.847
1787410800,Athletic Club,Sevilla,1534422,18.5,55.0,54.5,58.3,False,miss,free-kick,left-foot,14,0.149,0.0
1787410800,Athletic Club,Sevilla,783374,19.8,64.5,50.9,7.6,True,save,assisted,left-foot,11,0.047,0.062
1787410800,Athletic Club,Sevilla,1171619,21.2,49.5,50.3,5.1,True,save,assisted,right-foot,4,0.031,0.068
1787419800,Valencia,Celta Vigo,609752,26.6,44.8,51.0,6.3,True,save,regular,right-foot,90,0.022,0.017
1787419800,Valencia,Celta Vigo,69408,15.4,37.6,42.0,4.2,False,miss,assisted,left-foot,89,0.064,0.0
1787419800,Valencia,Celta Vigo,827064,9.2,37.0,53.1,73.6,True,miss,fast-break,left-foot,71,0.239,0.0
1787419800,Valencia,Celta Vigo,1398524,19.7,62.4,49.0,2.5,False,save,assisted,right-foot,66,0.051,0.035
1787419800,Valencia,Celta Vigo,1002764,25.7,63.2,50.4,19.0,False,block,regular,right-foot,54,0.028,0.0
1787419800,Valencia,Celta Vigo,827064,23.4,49.3,46.2,88.9,True,miss,assisted,right-foot,45,0.037,0.0
1787419800,Valencia,Celta Vigo,857482,12.5,66.4,48.0,5.7,True,save,fast-break,right-foot,45,0.109,0.126
1787419800,Valencia,Celta Vigo,1526627,17.8,71.6,49.8,33.5,False,save,assisted,right-foot,42,0.015,0.013
1787419800,Valencia,Celta Vigo,1122610,14.0,49.9,39.3,9.7,True,miss,regular,right-foot,41,0.071,0.0
1787419800,Valencia,Celta Vigo,827064,8.9,39.9,35.8,51.4,True,miss,assisted,right-foot,26,0.179,0.0
1787419800,Valencia,Celta Vigo,1173575,15.8,66.9,61.2,8.3,False,miss,fast-break,right-foot,25,0.272,0.0
1787419800,Valencia,Celta Vigo,286167,25.8,30.7,50.0,10.1,False,save,assisted,right-foot,23,0.02,0.009
1787419800,Valencia,Celta Vigo,69408,4.6,45.0,51.9,76.4,False,miss,set-piece,head,12,0.171,0.0
1787419800,Valencia,Celta Vigo,857482,27.2,56.0,50.6,19.0,True,block,set-piece,left-foot,6,0.01,0.0
1787419800,Valencia,Celta Vigo,826948,27.0,34.6,53.4,19.0,True,block,free-kick,right-foot,6,0.033,0.0
1787427000,Espanyol,Real Madrid,1649918,4.8,53.4,49.1,15.8,False,goal,regular,right-foot,90,0.753,0.991
1787427000,Espanyol,Real Madrid,826643,18.0,48.3,69.6,9.7,False,miss,assisted,right-foot,82,0.053,0.0
1787427000,Espanyol,Real Madrid,826643,14.7,41.4,52.7,19.0,False,block,fast-break,right-foot,78,0.101,0.0
1787427000,Espanyol,Real Madrid,831808,19.2,48.4,44.6,6.3,False,post,regular,right-foot,78,0.054,0.0
1787427000,Espanyol,Real Madrid,759520,8.4,71.1,49.5,19.0,False,block,assisted,right-foot,73,0.017,0.0
1787427000,Espanyol,Real Madrid,868812,5.7,32.1,54.6,70.8,False,miss,assisted,left-foot,70,0.037,0.0
1787427000,Espanyol,Real Madrid,826643,17.9,35.0,52.7,19.0,False,block,assisted,right-foot,70,0.028,0.0
1787427000,Espanyol,Real Madrid,826643,19.8,19.9,45.2,72.2,False,miss,free-kick,right-foot,60,0.034,0.0
1787427000,Espanyol,Real Madrid,826215,11.0,47.4,51.1,27.9,False,save,corner,head,59,0.021,0.061
1787427000,Espanyol,Real Madrid,1176744,8.5,48.1,51.4,19.0,False,block,set-piece,head,58,0.084,0.0
1787427000,Espanyol,Real Madrid,826643,2.2,50.7,38.0,9.7,False,miss,corner,head,53,0.926,0.0
1787427000,Espanyol,Real Madrid,991011,7.6,45.8,47.9,32.9,False,save,corner,head,53,0.071,0.376
1787427000,Espanyol,Real Madrid,759520,17.3,63.0,49.3,19.0,False,block,assisted,right-foot,53,0.028,0.0
1787427000,Espanyol,Real Madrid,1136863,12.8,60.1,40.0,4.2,True,miss,regular,left-foot,49,0.084,0.0
1787427000,Espanyol,Real Madrid,877262,17.6,28.0,52.8,22.2,True,save,assisted,left-foot,45,0.019,0.061
1787427000,Espanyol,Real Madrid,1392592,4.6,47.4,64.7,2.8,True,miss,regular,head,45,0.531,0.0
1787427000,Espanyol,Real Madrid,826643,24.9,46.5,48.1,19.0,False,block,corner,right-foot,44,0.022,0.0
1787427000,Espanyol,Real Madrid,826643,6.7,54.5,42.9,4.2,False,miss,assisted,right-foot,42,0.206,0.0
1787427000,Espanyol,Real Madrid,826643,11.1,67.5,49.1,5.1,False,save,fast-break,right-foot,38,0.087,0.088
1787427000,Espanyol,Real Madrid,759520,13.8,58.8,59.2,80.6,False,miss,assisted,left-foot,33,0.088,0.0
1787427000,Espanyol,Real Madrid,826643,6.9,30.7,52.0,1.3,False,save,assisted,right-foot,33,0.053,0.112
1787427000,Espanyol,Real Madrid,1136863,8.3,47.4,54.1,20.3,True,goal,assisted,left-foot,30,0.275,0.38
1787427000,Espanyol,Real Madrid,1392592,12.6,53.4,53.5,56.9,True,miss,assisted,right-foot,26,0.089,0.0
1787427000,Espanyol,Real Madrid,877262,20.6,59.5,64.2,19.4,True,miss,regular,right-foot,26,0.02,0.0
1787427000,Espanyol,Real Madrid,1129360,22.2,70.5,48.4,21.5,True,save,regular,right-foot,26,0.02,0.03
1787427000,Espanyol,Real Madrid,877262,26.1,51.0,48.1,19.0,True,block,assisted,right-foot,26,0.017,0.0
1787427000,Espanyol,Real Madrid,759520,2.8,66.3,47.2,5.7,False,save,assisted,right-foot,20,0.034,0.09
1787427000,Espanyol,Real Madrid,826643,21.2,28.4,51.9,6.3,False,save,assisted,right-foot,15,0.019,0.033
1787427000,Espanyol,Real Madrid,991011,10.0,49.2,52.3,10.8,False,goal,set-piece,head,9,0.055,0.23
1787497200,Atlético Madrid,Villarreal,973290,15.7,26.1,50.6,19.0,False,block,assisted,right-foot,90,0.026,0.0
1787497200,Atlético Madrid,Villarreal,944656,20.8,49.8,47.7,19.0,True,block,assisted,right-foot,90,0.046,0.0
1787497200,Atlético Madrid,Villarreal,973290,10.2,41.9,50.0,1.9,False,save,assisted,right-foot,89,0.435,0.318
1787497200,Atlético Madrid,Villarreal,1099352,10.8,67.3,52.3,0.6,True,goal,assisted,right-foot,85,0.083,0.179
1787497200,Atlético Madrid,Villarreal,1099352,19.7,67.9,50.6,19.0,True,block,assisted,right-foot,81,0.043,0.0
1787497200,Atlético Madrid,Villarreal,353138,22.0,68.9,49.2,19.0,True,block,assisted,right-foot,80,0.031,0.0
1787497200,Atlético Madrid,Villarreal,1009372,11.5,50.0,47.4,15.2,False,goal,penalty,right-foot,78,0.788,0.664
1787497200,Atlético Madrid,Villarreal,146866,11.5,50.0,46.2,4.4,False,goal,penalty,left-foot,66,0.788,0.848
1787497200,Atlético Madrid,Villarreal,1094106,19.8,63.8,52.9,26.0,True,goal,assisted,left-foot,59,0.062,0.455
1787497200,Atlético Madrid,Villarreal,879694,21.6,46.0,29.1,18.1,False,miss,regular,left-foot,57,0.03,0.0
1787497200,Atlético Madrid,Villarreal,879694,24.4,43.6,46.3,19.0,False,block,regular,right-foot,57,0.017,0.0
1787497200,Atlético Madrid,Villarreal,917087,19.5,60.7,50.7,19.0,True,block,assisted,left-foot,54,0.053,0.0
1787497200,Atlético Madrid,Villarreal,1099352,5.5,66.4,42.2,23.6,True,miss,assisted,right-foot,53,0.104,0.0
1787497200,Atlético Madrid,Villarreal,593526,6.3,66.9,50.4,32.3,False,save,assisted,left-foot,51,0.075,0.374
1787497200,Atlético Madrid,Villarreal,917087,18.4,53.6,52.3,19.0,True,block,assisted,right-foot,49,0.045,0.0
1787497200,Atlético Madrid,Villarreal,345195,8.3,61.1,47.2,16.5,False,save,assisted,right-foot,45,0.415,0.549
1787497200,Atlético Madrid,Villarreal,917087,23.5,35.0,50.1,19.0,True,block,assisted,right-foot,45,0.033,0.0
1787497200,Atlético Madrid,Villarreal,917087,26.3,24.8,54.8,87.5,True,miss,fast-break,left-foot,42,0.02,0.0
1787497200,Atlético Madrid,Villarreal,859917,22.5,61.7,33.8,90.3,True,miss,regular,right-foot,39,0.019,0.0
1787497200,Atlético Madrid,Villarreal,1009372,9.8,30.7,53.4,7.6,False,save,assisted,left-foot,37,0.037,0.152
1787497200,Atlético Madrid,Villarreal,1009372,7.0,49.1,78.5,13.9,False,miss,assisted,left-foot,36,0.558,0.0
1787497200,Atlético Madrid,Villarreal,917087,11.7,30.9,28.9,8.3,True,miss,assisted,left-foot,35,0.022,0.0
1787497200,Atlético Madrid,Villarreal,824200,17.6,31.5,49.1,19.0,True,block,regular,right-foot,33,0.018,0.0
1787497200,Atlético Madrid,Villarreal,1391752,17.8,34.8,52.4,1.9,True,save,assisted,right-foot,23,0.048,0.143
1787497200,Atlético Madrid,Villarreal,1099352,16.1,65.0,54.8,8.3,True,block,assisted,left-foot,16,0.051,0.0
1787497200,Atlético Madrid,Villarreal,593526,24.1,59.3,48.7,19.0,False,block,assisted,left-foot,11,0.026,0.0
1787497200,Atlético Madrid,Villarreal,1391752,14.4,37.8,50.5,19.0,True,block,assisted,right-foot,9,0.036,0.0
1787497200,Atlético Madrid,Villarreal,1009372,11.6,55.0,32.6,29.2,False,miss,regular,right-foot,6,0.1,0.0
1787497200,Atlético Madrid,Villarreal,1009372,10.0,46.7,48.6,19.0,False,block,assisted,right-foot,5,0.288,0.0
1787497200,Atlético Madrid,Villarreal,84539,8.8,35.0,49.6,19.0,True,block,corner,left-foot,4,0.037,0.0
1787497200,Atlético Madrid,Villarreal,177177,21.3,29.1,45.7,17.7,True,save,assisted,left-foot,2,0.017,0.117
1787497200,Atlético Madrid,Villarreal,917087,12.5,82.4,66.2,90.3,True,miss,assisted,left-foot,1,0.024,0.0
1787506200,Getafe,Real Racing Club,336655,3.8,48.6,48.8,22.2,True,goal,regular,right-foot,81,0.832,0.992
1787506200,Getafe,Real Racing Club,922939,11.5,50.0,54.2,11.4,False,save,penalty,left-foot,77,0.788,0.85
1787506200,Getafe,Real Racing Club,605674,16.9,28.9,46.9,56.9,False,miss,regular,right-foot,71,0.042,0.0
1787506200,Getafe,Real Racing Club,922939,16.7,64.4,66.4,8.3,False,miss,fast-break,right-foot,68,0.064,0.0
1787506200,Getafe,Real Racing Club,1088565,18.1,55.2,47.1,56.9,True,miss,corner,right-foot,67,0.055,0.0
1787506200,Getafe,Real Racing Club,336655,18.2,47.0,53.1,54.2,True,miss,assisted,right-foot,62,0.082,0.0
1787506200,Getafe,Real Racing Club,1088565,13.5,47.7,35.0,8.3,True,miss,assisted,head,61,0.038,0.0
1787506200,Getafe,Real Racing Club,922939,12.6,55.0,47.8,5.7,False,save,assisted,right-foot,59,0.371,0.289
1787506200,Getafe,Real Racing Club,1088565,27.7,67.6,61.3,33.3,True,miss,corner,left-foot,53,0.004,0.0
1787506200,Getafe,Real Racing Club,973536,9.7,54.2,54.1,19.0,True,block,corner,head,53,0.041,0.0
1787506200,Getafe,Real Racing Club,1088565,31.0,60.7,68.1,59.7,True,miss,assisted,left-foot,30,0.015,0.0
1787506200,Getafe,Real Racing Club,973536,19.2,36.4,48.6,59.7,True,miss,assisted,right-foot,27,0.025,0.0
1787506200,Getafe,Real Racing Club,851268,5.4,68.9,61.3,95.8,False,miss,set-piece,right-foot,27,0.014,0.0
1787506200,Getafe,Real Racing Club,41560,5.5,28.8,48.8,1.9,False,save,assisted,left-foot,15,0.029,0.066
1787506200,Getafe,Real Racing Club,793988,23.1,46.4,36.8,12.5,True,miss,regular,right-foot,14,0.044,0.0
1787506200,Getafe,Real Racing Club,1457536,21.6,69.4,88.6,9.7,True,miss,corner,right-foot,13,0.009,0.0
1787506200,Getafe,Real Racing Club,336655,14.2,67.1,53.3,5.6,True,block,assisted,right-foot,10,0.051,0.0
1787506200,Getafe,Real Racing Club,1457536,15.0,72.6,63.9,77.8,True,miss,assisted,left-foot,10,0.047,0.0
1787513400,Elche,FC Barcelona,356444,11.4,72.0,48.3,6.3,True,save,fast-break,right-foot,86,0.072,0.057
1787513400,Elche,FC Barcelona,914902,8.4,31.2,48.2,1.3,False,save,assisted,right-foot,85,0.077,0.17
1787513400,Elche,FC Barcelona,1153270,8.9,44.6,46.8,3.2,False,goal,assisted,left-foot,79,0.313,0.853
1787513400,Elche,FC Barcelona,1100646,24.6,32.5,36.1,70.8,True,miss,assisted,right-foot,74,0.017,0.0
1787513400,Elche,FC Barcelona,1153270,8.4,57.5,48.3,3.2,False,goal,assisted,right-foot,71,0.699,0.957
1787513400,Elche,FC Barcelona,789071,14.9,53.5,41.2,6.9,False,miss,fast-break,left-foot,70,0.118,0.0
1787513400,Elche,FC Barcelona,1117025,9.4,60.1,51.2,7.0,True,save,assisted,left-foot,70,0.093,0.207
1787513400,Elche,FC Barcelona,1117025,20.4,45.2,44.8,2.5,True,post,assisted,left-foot,69,0.058,0.0
1787513400,Elche,FC Barcelona,831005,7.9,55.0,46.8,2.5,False,goal,assisted,left-foot,67,0.684,0.837
1787513400,Elche,FC Barcelona,1126447,14.2,31.5,57.7,62.5,True,miss,assisted,left-foot,66,0.039,0.0
1787513400,Elche,FC Barcelona,1402912,19.3,48.9,59.0,65.3,False,miss,assisted,left-foot,53,0.08,0.0
1787513400,Elche,FC Barcelona,831005,14.1,54.8,47.1,3.2,False,save,fast-break,left-foot,47,0.532,0.208
1787513400,Elche,FC Barcelona,1526618,7.3,52.1,50.8,59.7,False,miss,set-piece,right-foot,45,0.443,0.0
1787513400,Elche,FC Barcelona,940054,11.4,46.0,48.6,7.6,False,goal,fast-break,right-foot,45,0.52,0.376
1787513400,Elche,FC Barcelona,1516812,9.8,50.5,71.6,9.7,True,miss,assisted,left-foot,35,0.349,0.0
1787513400,Elche,FC Barcelona,988672,7.1,56.8,64.5,51.4,True,miss,corner,head,18,0.076,0.0
1787513400,Elche,FC Barcelona,831005,11.5,50.0,45.8,3.8,False,goal,penalty,left-foot,14,0.788,0.92
1787513400,Elche,FC Barcelona,1402912,6.8,66.7,44.0,61.1,False,miss,assisted,left-foot,6,0.127,0.0
1787592600,Osasuna,Levante UD,1120669,21.2,61.7,48.7,19.0,False,block,free-kick,right-foot,90,0.078,0.0
1787592600,Osasuna,Levante UD,997280,24.7,59.7,62.2,8.3,True,miss,regular,right-foot,78,0.038,0.0
1787592600,Osasuna,Levante UD,1014042,28.0,52.1,58.7,56.9,False,miss,assisted,right-foot,77,0.031,0.0
1787592600,Osasuna,Levante UD,1010383,20.9,64.2,53.5,13.9,False,save,assisted,left-foot,73,0.03,0.173
1787592600,Osasuna,Levante UD,997244,9.8,39.5,49.5,19.0,False,block,set-piece,right-foot,64,0.161,0.0
1787592600,Osasuna,Levante UD,909554,4.3,57.7,57.3,25.0,False,miss,corner,head,61,0.123,0.0
1787592600,Osasuna,Levante UD,37318,5.0,32.8,55.5,2.5,True,post,assisted,left-foot,58,0.071,0.0
1787592600,Osasuna,Levante UD,985329,20.9,37.1,46.6,19.0,True,block,regular,right-foot,58,0.023,0.0
1787592600,Osasuna,Levante UD,37318,8.3,59.5,53.0,10.1,True,save,assisted,head,54,0.07,0.256
1787592600,Osasuna,Levante UD,984789,22.9,27.6,36.0,97.2,False,miss,corner,left-foot,53,0.006,0.0
1787592600,Osasuna,Levante UD,976141,10.5,28.7,48.5,26.0,True,save,fast-break,right-foot,44,0.071,0.131
1787592600,Osasuna,Levante UD,944225,6.9,48.6,51.7,13.3,True,save,corner,head,41,0.1,0.255
1787592600,Osasuna,Levante UD,37318,6.6,46.0,42.0,8.3,True,miss,corner,head,41,0.088,0.0
1787592600,Osasuna,Levante UD,260031,24.6,47.0,51.6,3.8,True,save,assisted,right-foot,39,0.027,0.029
1787592600,Osasuna,Levante UD,260031,27.5,55.2,42.0,44.4,True,miss,free-kick,left-foot,36,0.039,0.0
1787592600,Osasuna,Levante UD,1014042,9.8,53.6,37.3,4.2,False,miss,assisted,right-foot,33,0.39,0.0
1787592600,Osasuna,Levante UD,1010383,26.9,37.0,35.8,9.7,False,miss,regular,left-foot,33,0.016,0.0
1787592600,Osasuna,Levante UD,909554,8.6,53.2,47.4,39.2,False,post,assisted,right-foot,33,0.384,0.0
1787592600,Osasuna,Levante UD,260031,24.6,53.8,51.3,3.8,True,save,regular,left-foot,33,0.046,0.039
1787592600,Osasuna,Levante UD,37318,14.1,54.8,53.2,17.7,True,save,throw-in-set-piece,head,26,0.027,0.056
1787592600,Osasuna,Levante UD,1201412,21.8,46.8,50.3,19.0,False,block,throw-in-set-piece,right-foot,16,0.048,0.0
1787592600,Osasuna,Levante UD,909554,14.7,67.7,52.3,19.0,False,block,assisted,left-foot,4,0.02,0.0
1787592600,Osasuna,Levante UD,944225,7.4,47.9,51.9,9.5,True,save,corner,head,2,0.102,0.215
1787599800,Málaga CF,Deportivo de A Coruña,1002405,15.2,71.5,72.3,83.3,True,miss,assisted,left-foot,90,0.028,0.0
1787599800,Málaga CF,Deportivo de A Coruña,1913386,21.9,56.8,43.0,77.8,True,miss,assisted,right-foot,87,0.061,0.0
1787599800,Málaga CF,Deportivo de A Coruña,1465149,16.7,72.4,40.0,58.3,True,miss,assisted,right-foot,81,0.032,0.0
1787599800,Málaga CF,Deportivo de A Coruña,1465149,13.2,68.3,50.5,19.0,True,block,regular,right-foot,81,0.031,0.0
1787599800,Málaga CF,Deportivo de A Coruña,1021125,27.4,35.8,57.1,26.4,True,miss,free-kick,left-foot,80,0.034,0.0
1787599800,Málaga CF,Deportivo de A Coruña,1913386,9.2,51.7,50.3,38.6,True,post,regular,head,76,0.744,0.0
1787599800,Málaga CF,Deportivo de A Coruña,966526,0.5,99.5,50.2,34.2,False,save,corner,left-foot,70,0.007,0.011
1787599800,Málaga CF,Deportivo de A Coruña,51498,3.8,30.9,47.9,18.4,False,save,throw-in-set-piece,right-foot,69,0.035,0.158
1787599800,Málaga CF,Deportivo de A Coruña,984622,20.9,72.0,50.8,19.0,False,block,corner,right-foot,68,0.029,0.0
1787599800,Málaga CF,Deportivo de A Coruña,1493488,23.1,50.7,42.4,56.9,True,miss,assisted,right-foot,64,0.047,0.0
1787599800,Málaga CF,Deportivo de A Coruña,997221,22.6,60.7,54.2,6.3,True,save,regular,left-foot,60,0.033,0.381
1787599800,Málaga CF,Deportivo de A Coruña,1146545,24.1,48.9,50.5,9.5,False,save,assisted,right-foot,45,0.03,0.01
1787599800,Málaga CF,Deportivo de A Coruña,51498,8.8,75.3,41.7,33.3,False,miss,assisted,right-foot,45,0.029,0.0
1787599800,Málaga CF,Deportivo de A Coruña,1913386,11.5,50.0,53.8,21.5,True,goal,penalty,right-foot,34,0.788,0.941
1787599800,Málaga CF,Deportivo de A Coruña,904964,26.0,45.2,47.6,19.0,True,block,corner,right-foot,30,0.029,0.0
1787599800,Málaga CF,Deportivo de A Coruña,1164708,27.8,53.6,66.1,6.9,True,miss,corner,right-foot,30,0.015,0.0
1787599800,Málaga CF,Deportivo de A Coruña,1913386,10.8,45.8,52.7,19.0,True,block,set-piece,right-foot,27,0.083,0.0
1787599800,Málaga CF,Deportivo de A Coruña,51498,1.1,47.2,53.4,4.4,False,goal,assisted,right-foot,21,0.992,0.995
1787599800,Málaga CF,Deportivo de A Coruña,936234,28.5,52.6,43.2,12.5,True,miss,assisted,left-foot,6,0.023,0.0
1787684400,Valencia,Real Betis,996929,24.9,49.3,53.6,19.0,True,block,regular,right-foot,90,0.018,0.0
1787684400,Valencia,Real Betis,900433,24.8,40.8,49.7,19.0,True,block,corner,left-foot,90,0.021,0.0
1787684400,Valencia,Real Betis,996929,10.1,34.2,62.0,1.4,True,miss,regular,left-foot,90,0.027,0.0
1787684400,Valencia,Real Betis,857482,18.7,57.6,59.3,11.1,True,miss,assisted,right-foot,90,0.052,0.0
1787684400,Valencia,Real Betis,996928,4.8,56.7,47.7,19.0,True,block,corner,head,89,0.095,0.0
1787684400,Valencia,Real Betis,754710,11.7,46.6,52.3,2.5,True,save,assisted,right-foot,85,0.466,0.539
1787684400,Valencia,Real Betis,1893910,15.0,49.7,53.1,5.1,False,goal,fast-break,left-foot,83,0.281,0.458
1787684400,Valencia,Real Betis,958380,22.6,61.3,52.9,20.9,False,save,assisted,left-foot,77,0.022,0.086
1787684400,Valencia,Real Betis,966555,9.5,69.3,57.0,6.9,False,miss,assisted,right-foot,72,0.1,0.0
1787684400,Valencia,Real Betis,1129401,13.6,29.7,32.9,11.1,False,miss,regular,left-foot,70,0.04,0.0
1787684400,Valencia,Real Betis,1129401,27.8,44.6,59.7,83.3,False,miss,assisted,left-foot,69,0.027,0.0
1787684400,Valencia,Real Betis,797306,12.6,49.5,51.1,19.0,True,block,corner,right-foot,63,0.046,0.0
1787684400,Valencia,Real Betis,996928,9.8,43.6,50.2,19.0,True,block,corner,head,63,0.024,0.0
1787684400,Valencia,Real Betis,103417,43.2,40.4,50.1,19.6,False,save,regular,right-foot,61,0.014,0.011
1787684400,Valencia,Real Betis,900433,24.1,71.6,68.9,4.2,True,miss,assisted,left-foot,55,0.012,0.0
1787684400,Valencia,Real Betis,958380,15.5,72.9,52.8,19.0,False,block,assisted,left-foot,46,0.027,0.0
1787684400,Valencia,Real Betis,1476200,4.4,33.3,51.9,19.0,True,block,assisted,left-foot,46,0.035,0.0
1787684400,Valencia,Real Betis,1476200,7.5,36.1,50.4,19.0,True,block,regular,left-foot,46,0.072,0.0
1787684400,Valencia,Real Betis,1129401,26.2,50.5,72.3,65.3,False,miss,set-piece,left-foot,45,0.014,0.0
1787684400,Valencia,Real Betis,958380,18.5,68.3,52.7,19.0,False,block,assisted,left-foot,45,0.021,0.0
1787684400,Valencia,Real Betis,816763,30.8,40.9,32.6,48.6,False,miss,corner,right-foot,45,0.006,0.0
1787684400,Valencia,Real Betis,816763,14.6,47.6,39.3,12.5,False,miss,assisted,left-foot,36,0.064,0.0
1787684400,Valencia,Real Betis,816763,11.1,39.5,51.6,19.0,False,block,assisted,left-foot,27,0.048,0.0
1787684400,Valencia,Real Betis,1129401,18.9,79.5,50.5,19.0,False,block,assisted,left-foot,24,0.016,0.0
1787684400,Valencia,Real Betis,797306,9.3,45.5,59.5,11.1,True,miss,corner,head,21,0.053,0.0
1787684400,Valencia,Real Betis,827064,22.0,48.5,49.5,19.0,True,block,regular,right-foot,21,0.04,0.0
1787684400,Valencia,Real Betis,958380,54.4,54.4,67.1,27.8,False,miss,fast-break,left-foot,20,0.011,0.0
1787684400,Valencia,Real Betis,1476200,12.3,38.7,54.2,2.5,True,save,regular,right-foot,12,0.049,0.493
1787684400,Valencia,Real Betis,827064,6.1,32.7,52.6,3.2,True,save,assisted,left-foot,12,0.042,0.094
1787684400,Valencia,Real Betis,1152139,28.0,74.6,50.4,19.0,False,block,assisted,right-foot,6,0.015,0.0
1787684400,Valencia,Real Betis,1476200,17.1,61.9,68.9,4.2,True,miss,assisted,right-foot,3,0.07,0.0
1787770800,Real Madrid,Real Sociedad,831808,6.4,67.5,48.5,21.5,True,save,assisted,right-foot,83,0.12,0.221
1787770800,Real Madrid,Real Sociedad,826643,4.8,38.5,48.4,7.0,True,goal,corner,left-foot,80,0.266,0.378
1787770800,Real Madrid,Real Sociedad,949156,24.2,60.7,48.2,66.7,False,miss,corner,right-foot,78,0.021,0.0
1787770800,Real Madrid,Real Sociedad,280979,9.2,30.6,50.7,19.0,False,block,assisted,left-foot,77,0.033,0.0
1787770800,Real Madrid,Real Sociedad,980410,21.9,28.0,48.8,31.0,False,save,corner,right-foot,75,0.016,0.052
1787770800,Real Madrid,Real Sociedad,1026015,9.9,38.1,49.8,19.0,False,block,assisted,left-foot,75,0.132,0.0
1787770800,Real Madrid,Real Sociedad,831808,26.6,40.9,50.9,19.0,True,block,corner,right-foot,72,0.015,0.0
1787770800,Real Madrid,Real Sociedad,855835,14.5,24.6,50.6,81.9,False,miss,assisted,left-foot,70,0.055,0.0
1787770800,Real Madrid,Real Sociedad,868812,4.2,48.7,51.0,13.9,True,goal,assisted,right-foot,68,0.825,0.985
1787770800,Real Madrid,Real Sociedad,991011,13.2,46.0,50.8,19.0,True,block,assisted,left-foot,67,0.149,0.0
1787770800,Real Madrid,Real Sociedad,826643,7.7,41.9,48.7,2.5,True,goal,assisted,right-foot,60,0.426,0.556
1787770800,Real Madrid,Real Sociedad,826643,11.7,65.2,50.7,19.0,True,block,assisted,right-foot,51,0.039,0.0
1787770800,Real Madrid,Real Sociedad,1091116,22.0,71.5,50.0,8.2,True,save,corner,left-foot,49,0.016,0.013
1787770800,Real Madrid,Real Sociedad,1176744,10.6,45.9,54.0,59.7,True,miss,corner,head,47,0.038,0.0
1787770800,Real Madrid,Real Sociedad,1091116,14.4,30.6,49.2,19.0,True,block,regular,left-foot,47,0.02,0.0
1787770800,Real Madrid,Real Sociedad,868812,14.2,30.0,53.7,19.0,True,block,assisted,right-foot,47,0.034,0.0
1787770800,Real Madrid,Real Sociedad,826643,10.0,42.6,51.8,7.6,True,save,assisted,left-foot,47,0.493,0.642
1787770800,Real Madrid,Real Sociedad,759520,21.9,49.9,47.4,19.0,True,block,assisted,right-foot,45,0.054,0.0
1787770800,Real Madrid,Real Sociedad,949156,12.5,59.7,52.6,10.8,False,goal,regular,left-foot,44,0.097,0.556
1787770800,Real Madrid,Real Sociedad,1111081,11.6,36.6,50.8,19.0,False,block,assisted,right-foot,44,0.083,0.0
1787770800,Real Madrid,Real Sociedad,826643,20.7,40.3,49.6,7.0,True,save,fast-break,right-foot,44,0.178,0.151
1787770800,Real Madrid,Real Sociedad,826643,10.3,45.1,54.1,31.0,True,goal,assisted,left-foot,40,0.112,0.748
1787770800,Real Madrid,Real Sociedad,1176744,32.5,40.3,63.4,9.7,True,miss,assisted,right-foot,38,0.016,0.0
1787770800,Real Madrid,Real Sociedad,826643,12.2,28.3,50.3,27.9,True,save,assisted,right-foot,38,0.06,0.073
1787770800,Real Madrid,Real Sociedad,855835,7.2,27.9,43.4,22.2,False,miss,assisted,left-foot,35,0.027,0.0
1787770800,Real Madrid,Real Sociedad,868812,10.0,30.4,48.4,5.1,True,save,assisted,right-foot,21,0.127,0.239
1787770800,Real Madrid,Real Sociedad,823622,9.1,39.0,51.8,2.5,False,save,assisted,left-foot,11,0.176,0.266
1787770800,Real Madrid,Real Sociedad,1116388,26.8,71.6,51.1,70.8,False,miss,regular,right-foot,7,0.013,0.0
1787770800,Real Madrid,Real Sociedad,826643,4.5,33.7,47.2,3.8,True,save,fast-break,left-foot,7,0.098,0.263
1787770800,Real Madrid,Real Sociedad,868812,19.5,53.0,45.9,65.3,True,miss,assisted,left-foot,3,0.1,0.0
1787855400,Celta Vigo,Osasuna,37318,4.2,49.7,50.6,19.0,False,save,assisted,left-foot,90,0.589,0.0
1787855400,Celta Vigo,Osasuna,1002764,22.9,56.8,50.1,19.0,True,block,corner,right-foot,90,0.021,0.0
1787855400,Celta Vigo,Osasuna,360718,13.8,49.3,36.3,12.5,True,miss,assisted,head,90,0.037,0.0
1787855400,Celta Vigo,Osasuna,37318,11.3,31.7,53.6,19.0,False,block,assisted,left-foot,88,0.023,0.0
1787855400,Celta Vigo,Osasuna,1119586,26.2,43.8,50.3,19.0,False,block,assisted,right-foot,87,0.028,0.0
1787855400,Celta Vigo,Osasuna,1173575,27.4,47.9,50.1,3.8,True,save,regular,right-foot,79,0.019,0.01
1787855400,Celta Vigo,Osasuna,37318,11.5,50.0,52.9,19.6,False,goal,penalty,left-foot,64,0.788,0.846
1787855400,Celta Vigo,Osasuna,37318,9.7,56.0,48.6,19.0,False,block,corner,right-foot,62,0.047,0.0
1787855400,Celta Vigo,Osasuna,260031,8.0,54.6,40.3,30.6,False,miss,assisted,left-foot,60,0.222,0.0
1787855400,Celta Vigo,Osasuna,591132,6.9,46.4,49.1,14.6,False,goal,assisted,right-foot,54,0.679,0.456
1787855400,Celta Vigo,Osasuna,997280,8.6,54.6,98.2,6.9,False,miss,assisted,head,54,0.068,0.0
1787855400,Celta Vigo,Osasuna,187313,8.5,44.8,60.0,18.1,False,miss,set-piece,head,52,0.063,0.0
1787855400,Celta Vigo,Osasuna,591132,19.4,41.1,41.7,73.6,False,miss,assisted,right-foot,44,0.033,0.0
1787855400,Celta Vigo,Osasuna,997280,23.2,59.3,49.4,0.6,False,save,regular,right-foot,42,0.028,0.016
1787855400,Celta Vigo,Osasuna,1010165,24.6,29.1,58.0,36.1,False,miss,regular,left-foot,25,0.024,0.0
1787855400,Celta Vigo,Osasuna,997280,54.1,65.2,48.7,13.9,False,save,fast-break,right-foot,21,0.011,0.016
1787855400,Celta Vigo,Osasuna,19356,22.8,46.4,46.4,1.3,True,goal,assisted,left-foot,14,0.063,0.293
1787857200,FC Barcelona,Athletic Club,807648,12.6,42.7,34.0,12.5,False,miss,corner,head,90,0.025,0.0
1787857200,FC Barcelona,Athletic Club,1402912,23.3,56.7,50.3,3.8,True,save,assisted,left-foot,90,0.058,0.021
1787857200,FC Barcelona,Athletic Club,940054,2.8,45.4,50.7,9.5,True,save,assisted,left-foot,88,0.553,0.577
1787857200,FC Barcelona,Athletic Club,592012,13.4,26.2,42.4,33.3,False,miss,assisted,right-foot,83,0.028,0.0
1787857200,FC Barcelona,Athletic Club,1153270,1.6,48.1,52.3,3.2,True,goal,regular,right-foot,82,0.97,0.99
1787857200,FC Barcelona,Athletic Club,876214,6.7,58.0,86.2,11.1,True,miss,set-piece,head,79,0.061,0.0
1787857200,FC Barcelona,Athletic Club,1402912,18.8,51.4,52.3,19.0,True,block,set-piece,left-foot,79,0.069,0.0
1787857200,FC Barcelona,Athletic Club,966801,19.5,45.0,55.1,2.5,False,post,fast-break,right-foot,75,0.088,0.0
1787857200,FC Barcelona,Athletic Club,966801,8.1,51.6,50.4,72.2,False,miss,assisted,head,74,0.088,0.0
1787857200,FC Barcelona,Athletic Club,914902,14.9,62.7,49.9,19.0,True,block,assisted,right-foot,72,0.068,0.0
1787857200,FC Barcelona,Athletic Club,789071,10.8,64.6,53.8,13.9,True,save,corner,head,68,0.019,0.136
1787857200,FC Barcelona,Athletic Club,1402913,6.3,49.9,57.7,69.4,True,miss,set-piece,left-foot,62,0.394,0.0
1787857200,FC Barcelona,Athletic Club,1153270,12.8,35.4,49.1,3.2,True,save,set-piece,right-foot,62,0.023,0.022
1787857200,FC Barcelona,Athletic Club,1546073,20.2,37.0,48.7,15.2,True,save,assisted,right-foot,59,0.058,0.031
1787857200,FC Barcelona,Athletic Club,1153270,3.6,66.2,46.1,5.7,True,save,assisted,right-foot,55,0.04,0.19
1787857200,FC Barcelona,Athletic Club,1402912,14.8,62.4,48.2,19.0,True,block,regular,left-foot,53,0.04,0.0
1787857200,FC Barcelona,Athletic Club,914902,10.1,38.4,50.6,79.2,True,miss,assisted,left-foot,46,0.249,0.0
1787857200,FC Barcelona,Athletic Club,1094827,9.4,45.4,57.0,8.3,True,miss,corner,left-foot,42,0.104,0.0
1787857200,FC Barcelona,Athletic Club,1402912,9.7,55.6,48.0,17.7,True,save,assisted,left-foot,41,0.563,0.347
1787857200,FC Barcelona,Athletic Club,1085400,18.1,23.9,59.7,2.8,False,miss,corner,right-foot,40,0.024,0.0
1787857200,FC Barcelona,Athletic Club,831005,3.0,61.7,49.9,1.3,True,goal,assisted,left-foot,37,0.698,0.993
1787857200,FC Barcelona,Athletic Club,831005,27.1,66.9,47.1,19.4,True,block,free-kick,left-foot,36,0.039,0.0
1787857200,FC Barcelona,Athletic Club,1402912,15.1,61.6,53.3,19.0,True,block,regular,left-foot,24,0.057,0.0
1787857200,FC Barcelona,Athletic Club,831005,11.3,54.3,44.5,12.7,True,post,assisted,head,24,0.061,0.0
1787857200,FC Barcelona,Athletic Club,1402912,15.8,67.0,53.6,24.1,True,save,assisted,left-foot,19,0.041,0.543
1787857200,FC Barcelona,Athletic Club,1402912,15.3,63.6,59.2,20.8,True,miss,assisted,left-foot,11,0.066,0.0
1787857200,FC Barcelona,Athletic Club,876214,8.6,37.6,58.5,31.9,True,miss,corner,head,9,0.011,0.0
1787337900,Olympique de Marseille,RC Strasbourg,149593,18.4,45.8,47.1,12.7,True,goal,regular,right-foot,90,0.055,0.049
1787337900,Olympique de Marseille,RC Strasbourg,1844117,13.1,67.2,46.1,5.1,True,goal,regular,left-foot,89,0.023,0.059
1787337900,Olympique de Marseille,RC Strasbourg,1638338,6.4,67.0,41.2,27.8,False,miss,assisted,right-foot,82,0.056,0.0
1787337900,Olympique de Marseille,RC Strasbourg,859026,11.5,50.0,46.8,10.8,True,goal,penalty,right-foot,68,0.788,0.61
1787337900,Olympique de Marseille,RC Strasbourg,859026,24.8,57.7,52.7,10.8,True,save,assisted,right-foot,56,0.041,0.087
1787337900,Olympique de Marseille,RC Strasbourg,859026,8.6,48.7,47.1,5.1,True,goal,assisted,left-foot,46,0.381,0.889
1787337900,Olympique de Marseille,RC Strasbourg,827522,15.2,72.0,47.5,32.9,True,save,corner,right-foot,43,0.026,0.153
1787337900,Olympique de Marseille,RC Strasbourg,149593,26.6,56.6,42.0,8.3,True,miss,assisted,right-foot,41,0.029,0.0
1787337900,Olympique de Marseille,RC Strasbourg,1407484,18.5,73.6,60.5,70.8,False,miss,assisted,left-foot,39,0.03,0.0
1787337900,Olympique de Marseille,RC Strasbourg,859026,11.6,40.1,51.9,19.0,True,block,assisted,right-foot,34,0.102,0.0
1787337900,Olympique de Marseille,RC Strasbourg,1638338,3.3,29.4,52.0,5.1,False,save,assisted,left-foot,32,0.032,0.048
1787337900,Olympique de Marseille,RC Strasbourg,149593,24.4,58.3,42.5,54.2,True,miss,assisted,right-foot,31,0.044,0.0
1787337900,Olympique de Marseille,RC Strasbourg,981815,15.8,32.7,53.1,2.5,True,save,assisted,right-foot,27,0.023,0.047
1787337900,Olympique de Marseille,RC Strasbourg,859026,22.7,40.7,62.5,8.3,True,miss,set-piece,right-foot,24,0.017,0.0
1787337900,Olympique de Marseille,RC Strasbourg,1434543,26.3,60.9,51.6,4.4,False,save,assisted,left-foot,21,0.015,0.031
1787337900,Olympique de Marseille,RC Strasbourg,867441,9.3,50.2,50.4,15.8,True,save,regular,right-foot,19,0.124,0.126
1787337900,Olympique de Marseille,RC Strasbourg,1002033,7.9,44.0,69.6,20.8,False,miss,corner,head,12,0.05,0.0
1787337900,Olympique de Marseille,RC Strasbourg,867441,16.6,49.1,42.5,4.2,True,miss,fast-break,left-foot,8,0.155,0.0
1787337900,Olympique de Marseille,RC Strasbourg,867441,14.8,57.8,50.7,19.0,True,block,regular,right-foot,4,0.054,0.0
1787411700,RC Lens,Auxerre,94286,7.8,55.3,66.7,8.3,True,miss,assisted,right-foot,90,0.43,0.0
1787411700,RC Lens,Auxerre,795228,13.2,37.3,47.8,7.0,True,save,assisted,right-foot,90,0.125,0.088
1787411700,RC Lens,Auxerre,148824,11.5,50.0,46.1,1.9,True,goal,penalty,left-foot,88,0.788,0.873
1787411700,RC Lens,Auxerre,1974223,23.5,63.2,48.2,90.3,False,miss,assisted,right-foot,81,0.028,0.0
1787411700,RC Lens,Auxerre,1177351,4.9,49.8,49.1,3.8,False,goal,fast-break,right-foot,69,0.764,0.909
1787411700,RC Lens,Auxerre,1408080,4.9,51.9,49.8,2.5,True,goal,assisted,right-foot,66,0.429,0.649
1787411700,RC Lens,Auxerre,913942,13.7,61.5,48.8,19.0,False,block,regular,right-foot,65,0.045,0.0
1787411700,RC Lens,Auxerre,984183,19.5,62.5,48.3,3.2,True,save,assisted,right-foot,63,0.056,0.052
1787411700,RC Lens,Auxerre,867440,11.5,50.0,53.6,11.4,False,goal,penalty,right-foot,61,0.788,0.712
1787411700,RC Lens,Auxerre,997104,22.9,33.9,47.2,27.2,False,save,assisted,right-foot,58,0.021,0.153
1787411700,RC Lens,Auxerre,966849,7.7,56.0,48.6,8.2,True,goal,fast-break,head,54,0.786,0.995
1787411700,RC Lens,Auxerre,1103333,6.2,55.9,51.4,6.3,True,goal,assisted,right-foot,49,0.304,0.435
1787411700,RC Lens,Auxerre,1103333,9.1,19.5,50.7,29.8,True,save,assisted,right-foot,45,0.031,0.045
1787411700,RC Lens,Auxerre,826208,3.6,54.2,41.0,4.2,True,miss,assisted,right-foot,41,0.585,0.0
1787411700,RC Lens,Auxerre,1151803,21.5,28.9,51.4,19.6,False,save,assisted,right-foot,40,0.02,0.029
1787411700,RC Lens,Auxerre,1103333,6.3,30.9,49.5,19.0,True,block,assisted,right-foot,30,0.033,0.0
1787411700,RC Lens,Auxerre,1151803,13.3,34.0,30.1,15.3,False,miss,corner,left-foot,29,0.031,0.0
1787411700,RC Lens,Auxerre,996951,21.2,65.8,61.2,4.2,False,miss,assisted,right-foot,23,0.018,0.0
1787411700,RC Lens,Auxerre,867440,19.8,58.1,49.9,19.0,False,block,fast-break,right-foot,18,0.086,0.0
1787411700,RC Lens,Auxerre,148824,11.5,50.0,47.8,7.0,True,goal,penalty,left-foot,12,0.788,0.716
1787411700,RC Lens,Auxerre,1936455,10.5,22.9,51.6,19.0,False,block,fast-break,right-foot,7,0.041,0.0
1787411700,RC Lens,Auxerre,148824,7.4,33.1,51.0,12.0,True,save,assisted,left-foot,5,0.059,0.053
1787424300,Troyes,Paris FC,2041113,4.0,49.0,57.1,4.2,False,miss,assisted,right-foot,87,0.937,0.0
1787424300,Troyes,Paris FC,1129045,5.0,31.7,56.3,70.8,True,miss,corner,head,86,0.008,0.0
1787424300,Troyes,Paris FC,1129045,11.3,58.9,77.1,25.0,True,miss,assisted,head,77,0.022,0.0
1787424300,Troyes,Paris FC,1049442,21.9,55.8,46.8,15.8,False,save,regular,left-foot,69,0.048,0.181
1787424300,Troyes,Paris FC,1528107,12.3,60.0,49.5,19.0,True,block,assisted,left-foot,60,0.121,0.0
1787424300,Troyes,Paris FC,1174462,12.4,30.0,60.3,72.2,False,miss,assisted,left-foot,53,0.06,0.0
1787424300,Troyes,Paris FC,1174462,19.4,47.0,33.5,81.9,False,miss,fast-break,right-foot,46,0.12,0.0
1787424300,Troyes,Paris FC,1003316,25.2,34.8,48.3,19.0,True,block,set-piece,right-foot,45,0.015,0.0
1787424300,Troyes,Paris FC,801306,23.2,55.0,51.9,19.0,False,block,assisted,left-foot,44,0.073,0.0
1787424300,Troyes,Paris FC,1426219,21.8,63.8,26.2,83.3,True,miss,corner,right-foot,43,0.008,0.0
1787424300,Troyes,Paris FC,1174462,8.9,33.8,32.8,27.8,False,miss,assisted,right-foot,33,0.076,0.0
1787424300,Troyes,Paris FC,927005,7.6,44.0,24.2,16.7,False,miss,regular,right-foot,32,0.425,0.0
1787424300,Troyes,Paris FC,1049442,18.9,70.0,55.0,24.1,False,post,assisted,left-foot,32,0.029,0.0
1787424300,Troyes,Paris FC,247445,11.7,57.2,45.4,2.5,True,save,assisted,head,31,0.03,0.217
1787424300,Troyes,Paris FC,1049442,13.9,68.3,48.6,19.0,False,block,assisted,left-foot,27,0.023,0.0
1787424300,Troyes,Paris FC,1216282,18.5,30.0,46.5,19.0,False,block,assisted,right-foot,24,0.019,0.0
1787424300,Troyes,Paris FC,247445,6.7,45.0,51.0,31.7,True,save,corner,head,16,0.113,0.258
1787424300,Troyes,Paris FC,979593,9.3,60.8,76.5,33.3,True,miss,corner,head,15,0.012,0.0
1787424300,Troyes,Paris FC,247445,8.0,48.5,63.0,86.1,True,miss,set-piece,head,14,0.085,0.0
1787424300,Le Mans,Stade Brestois,343971,8.3,51.5,61.5,23.6,False,miss,corner,head,90,0.071,0.0
1787424300,Le Mans,Stade Brestois,1135605,6.7,31.2,40.8,4.2,False,miss,assisted,left-foot,90,0.043,0.0
1787424300,Le Mans,Stade Brestois,557166,16.0,44.6,54.2,19.0,False,block,regular,right-foot,90,0.035,0.0
1787424300,Le Mans,Stade Brestois,343971,12.8,54.8,76.6,8.3,False,miss,assisted,head,90,0.024,0.0
1787424300,Le Mans,Stade Brestois,557166,11.4,46.8,51.3,86.1,False,miss,corner,right-foot,89,0.043,0.0
1787424300,Le Mans,Stade Brestois,976396,56.0,56.4,42.7,41.7,False,miss,fast-break,right-foot,88,0.027,0.0
1787424300,Le Mans,Stade Brestois,343971,8.9,50.5,50.4,52.8,False,miss,assisted,head,84,0.07,0.0
1787424300,Le Mans,Stade Brestois,976396,17.8,62.6,61.7,11.1,False,miss,regular,right-foot,82,0.078,0.0
1787424300,Le Mans,Stade Brestois,787889,7.7,46.0,47.4,19.0,False,save,corner,head,79,0.146,0.0
1787424300,Le Mans,Stade Brestois,1135854,11.9,54.0,50.8,19.0,False,block,assisted,right-foot,79,0.081,0.0
1787424300,Le Mans,Stade Brestois,343971,6.4,51.9,49.4,13.9,False,save,assisted,head,79,0.179,0.112
1787424300,Le Mans,Stade Brestois,1156353,15.3,38.9,52.1,19.0,False,block,assisted,right-foot,79,0.042,0.0
1787424300,Le Mans,Stade Brestois,1135854,26.6,68.9,30.6,56.9,False,miss,corner,right-foot,68,0.005,0.0
1787424300,Le Mans,Stade Brestois,1156353,1.2,53.4,48.8,20.9,False,goal,corner,right-foot,62,0.58,0.553
1787424300,Le Mans,Stade Brestois,787889,6.4,49.9,49.1,13.9,False,save,corner,head,62,0.222,0.18
1787424300,Le Mans,Stade Brestois,857002,14.4,41.7,47.9,1.3,True,goal,fast-break,left-foot,55,0.132,0.473
1787424300,Le Mans,Stade Brestois,945635,9.6,45.8,51.0,24.7,True,goal,assisted,left-foot,45,0.305,0.504
1787424300,Le Mans,Stade Brestois,2359810,25.1,48.4,52.0,19.0,True,block,regular,right-foot,44,0.019,0.0
1787424300,Le Mans,Stade Brestois,1410231,11.9,43.2,46.4,93.1,False,miss,fast-break,right-foot,44,0.119,0.0
1787424300,Le Mans,Stade Brestois,343971,7.7,32.5,52.3,5.1,False,save,fast-break,left-foot,43,0.101,0.095
1787424300,Le Mans,Stade Brestois,343971,9.8,44.5,66.6,6.9,False,miss,assisted,head,37,0.04,0.0
1787424300,Le Mans,Stade Brestois,927360,10.7,35.2,50.3,61.1,True,miss,throw-in-set-piece,right-foot,36,0.046,0.0
1787424300,Le Mans,Stade Brestois,857002,19.4,50.6,47.8,19.6,True,save,regular,right-foot,35,0.05,0.061
1787424300,Le Mans,Stade Brestois,1410231,11.1,23.0,54.4,2.5,False,save,assisted,right-foot,34,0.012,0.102
1787424300,Le Mans,Stade Brestois,825681,14.1,62.0,53.3,2.5,False,goal,fast-break,left-foot,31,0.204,0.746
1787424300,Le Mans,Stade Brestois,1156353,14.7,57.7,49.0,19.0,False,block,assisted,left-foot,25,0.121,0.0
1787424300,Le Mans,Stade Brestois,1894085,6.9,52.9,50.8,52.8,False,miss,corner,right-foot,18,0.123,0.0
1787424300,Le Mans,Stade Brestois,1894085,6.4,46.4,58.0,20.8,False,miss,set-piece,head,15,0.343,0.0
1787424300,Le Mans,Stade Brestois,895306,15.6,68.3,49.8,15.8,True,save,regular,right-foot,13,0.036,0.016
1787424300,Le Mans,Stade Brestois,927360,19.7,26.0,48.1,17.7,True,save,assisted,left-foot,13,0.019,0.036
1787424300,Le Mans,Stade Brestois,369392,9.9,35.6,47.1,91.7,True,miss,assisted,right-foot,7,0.065,0.0
1787424300,Le Mans,Stade Brestois,1410231,12.2,40.9,44.7,72.2,False,miss,set-piece,right-foot,2,0.106,0.0
1787424300,Le Mans,Stade Brestois,343971,12.5,45.6,38.3,6.9,False,miss,set-piece,left-foot,2,0.042,0.0
1787424300,Le Mans,Stade Brestois,1894085,14.1,64.0,60.8,11.1,False,miss,set-piece,head,2,0.007,0.0
1787424300,Nice,Lorient,875548,6.0,52.0,50.9,90.3,False,miss,assisted,head,90,0.374,0.0
1787424300,Nice,Lorient,1597141,21.0,56.2,56.3,69.4,True,miss,corner,left-foot,84,0.026,0.0
1787424300,Nice,Lorient,962409,11.9,48.0,48.3,19.0,True,block,assisted,right-foot,83,0.1,0.0
1787424300,Nice,Lorient,1002343,7.9,65.8,50.1,19.0,False,block,assisted,right-foot,80,0.045,0.0
1787424300,Nice,Lorient,993952,8.3,45.6,66.9,37.5,False,miss,assisted,head,78,0.068,0.0
1787424300,Nice,Lorient,906075,23.4,38.7,55.5,93.1,True,miss,corner,left-foot,69,0.022,0.0
1787424300,Nice,Lorient,821728,4.6,57.7,39.8,25.0,True,miss,assisted,head,66,0.214,0.0
1787424300,Nice,Lorient,1063235,25.3,31.1,48.8,19.0,True,block,assisted,left-foot,66,0.024,0.0
1787424300,Nice,Lorient,1120615,29.6,64.2,49.9,19.0,True,block,assisted,right-foot,62,0.016,0.0
1787424300,Nice,Lorient,2359766,4.1,38.7,48.6,19.0,False,block,regular,right-foot,61,0.134,0.0
1787424300,Nice,Lorient,802138,13.8,51.5,51.3,7.6,False,save,assisted,left-foot,61,0.073,0.124
1787424300,Nice,Lorient,993952,24.1,57.7,64.9,12.5,False,miss,regular,right-foot,61,0.031,0.0
1787424300,Nice,Lorient,1131540,12.6,53.8,53.1,5.6,False,block,assisted,right-foot,61,0.199,0.0
1787424300,Nice,Lorient,821728,27.4,39.1,51.8,76.4,True,miss,free-kick,right-foot,53,0.04,0.0
1787424300,Nice,Lorient,1120615,7.9,45.1,60.7,12.5,True,miss,corner,head,32,0.058,0.0
1787424300,Nice,Lorient,1214843,21.5,32.4,40.3,61.1,True,miss,assisted,right-foot,30,0.014,0.0
1787424300,Nice,Lorient,802138,4.9,45.4,54.8,94.4,False,miss,corner,left-foot,25,0.182,0.0
1787424300,Nice,Lorient,1893993,19.6,52.2,49.3,7.0,False,save,regular,left-foot,23,0.123,0.052
1787424300,Nice,Lorient,802138,14.8,43.0,42.0,23.6,False,miss,regular,left-foot,21,0.058,0.0
1787424300,Nice,Lorient,821728,7.4,68.2,75.5,8.3,True,miss,assisted,right-foot,20,0.04,0.0
1787424300,Nice,Lorient,821728,11.9,33.7,51.8,19.0,True,block,corner,right-foot,17,0.032,0.0
1787424300,Nice,Lorient,821728,11.0,49.9,51.5,19.0,True,block,regular,left-foot,15,0.222,0.0
1787424300,Nice,Lorient,842391,10.9,35.1,50.2,19.0,True,block,assisted,left-foot,15,0.045,0.0
1787424300,Nice,Lorient,944164,7.0,62.7,47.9,4.4,True,save,regular,right-foot,14,0.198,0.235
1787424300,Toulouse,Olympique Lyonnais,1518669,6.7,54.6,48.9,2.5,False,save,regular,left-foot,90,0.166,0.221
1787424300,Toulouse,Olympique Lyonnais,943525,7.3,43.7,57.8,19.4,False,miss,corner,head,88,0.057,0.0
1787424300,Toulouse,Olympique Lyonnais,343067,29.9,47.7,48.9,19.0,False,block,fast-break,right-foot,87,0.031,0.0
1787424300,Toulouse,Olympique Lyonnais,1195784,10.4,38.3,46.0,10.8,False,goal,assisted,right-foot,85,0.077,0.834
1787424300,Toulouse,Olympique Lyonnais,795002,22.3,43.4,58.0,2.8,True,miss,regular,right-foot,82,0.02,0.0
1787424300,Toulouse,Olympique Lyonnais,918429,11.9,42.1,33.5,80.6,False,miss,assisted,right-foot,74,0.082,0.0
1787424300,Toulouse,Olympique Lyonnais,1195782,17.9,50.1,53.8,8.9,False,goal,assisted,right-foot,68,0.072,0.472
1787424300,Toulouse,Olympique Lyonnais,1199247,15.0,36.4,57.1,8.3,True,miss,fast-break,left-foot,65,0.115,0.0
1787424300,Toulouse,Olympique Lyonnais,1403186,9.5,46.0,58.7,38.9,True,miss,fast-break,left-foot,60,0.604,0.0
1787424300,Toulouse,Olympique Lyonnais,1518669,10.9,70.2,49.1,19.0,False,block,assisted,left-foot,59,0.037,0.0
1787424300,Toulouse,Olympique Lyonnais,1657108,20.1,47.4,44.5,62.5,True,miss,assisted,left-foot,59,0.06,0.0
1787424300,Toulouse,Olympique Lyonnais,1518669,8.3,70.9,58.3,58.3,False,miss,assisted,left-foot,54,0.04,0.0
1787424300,Toulouse,Olympique Lyonnais,878938,21.6,30.5,39.2,76.4,True,miss,corner,right-foot,53,0.018,0.0
1787424300,Toulouse,Olympique Lyonnais,798124,7.4,48.6,47.4,56.9,True,miss,corner,head,48,0.104,0.0
1787424300,Toulouse,Olympique Lyonnais,1518669,9.8,66.9,48.3,19.0,False,block,assisted,left-foot,47,0.077,0.0
1787424300,Toulouse,Olympique Lyonnais,1199247,11.5,69.0,50.9,8.2,True,save,assisted,right-foot,45,0.046,0.084
1787424300,Toulouse,Olympique Lyonnais,1199247,15.2,58.8,49.8,19.0,True,block,assisted,left-foot,45,0.094,0.0
1787424300,Toulouse,Olympique Lyonnais,1869973,2.9,41.5,56.6,55.6,True,miss,throw-in-set-piece,head,27,0.213,0.0
1787424300,Toulouse,Olympique Lyonnais,1403186,3.2,41.3,52.3,19.0,True,block,corner,left-foot,26,0.159,0.0
1787424300,Toulouse,Olympique Lyonnais,1869973,3.1,45.7,57.5,5.6,True,miss,corner,left-foot,26,0.803,0.0
1787424300,Toulouse,Olympique Lyonnais,1657108,11.4,72.3,46.6,1.9,True,save,corner,right-foot,26,0.048,0.353
1787424300,Toulouse,Olympique Lyonnais,798124,8.3,41.3,1.0,4.2,True,miss,corner,head,24,0.023,0.0
1787424300,Toulouse,Olympique Lyonnais,1518669,25.3,56.8,58.2,25.0,False,miss,assisted,left-foot,21,0.044,0.0
1787424300,Toulouse,Olympique Lyonnais,1518669,33.6,45.5,33.6,56.9,False,miss,regular,left-foot,15,0.016,0.0
1787424300,Toulouse,Olympique Lyonnais,1657108,20.4,58.1,54.3,19.0,True,block,fast-break,left-foot,11,0.127,0.0
1787424300,Toulouse,Olympique Lyonnais,911851,8.1,64.6,41.5,8.3,True,miss,assisted,right-foot,10,0.146,0.0
1787424300,Toulouse,Olympique Lyonnais,1657108,6.6,71.8,42.7,52.8,True,miss,assisted,right-foot,4,0.049,0.0
1787424300,Toulouse,Olympique Lyonnais,911851,19.4,48.3,46.6,66.7,True,miss,fast-break,right-foot,3,0.174,0.0
1787490000,Angers,Lille,2137784,4.8,47.0,49.9,59.7,True,miss,corner,head,90,0.177,0.0
1787490000,Angers,Lille,1392829,10.4,35.7,50.0,19.0,True,block,corner,right-foot,90,0.068,0.0
1787490000,Angers,Lille,1046671,6.4,56.2,97.3,6.9,True,miss,corner,head,90,0.088,0.0
1787490000,Angers,Lille,1392829,10.1,45.1,51.6,19.0,True,block,assisted,right-foot,90,0.118,0.0
1787490000,Angers,Lille,1046671,14.4,46.6,14.8,4.2,True,miss,assisted,head,83,0.047,0.0
1787490000,Angers,Lille,1046671,28.0,49.4,42.2,22.2,True,miss,regular,right-foot,78,0.028,0.0
1787490000,Angers,Lille,1392829,19.3,49.4,49.7,19.0,True,block,assisted,right-foot,76,0.043,0.0
1787490000,Angers,Lille,1138804,10.7,57.0,49.8,13.9,False,save,regular,left-foot,74,0.186,0.142
1787490000,Angers,Lille,1138804,15.0,73.5,49.1,10.8,False,save,assisted,right-foot,74,0.053,0.033
1787490000,Angers,Lille,1014048,18.3,50.4,43.9,84.7,True,miss,assisted,right-foot,71,0.08,0.0
1787490000,Angers,Lille,988632,18.4,46.4,47.9,19.0,True,block,assisted,right-foot,69,0.073,0.0
1787490000,Angers,Lille,2137784,4.5,45.7,52.5,1.9,True,save,assisted,right-foot,64,0.233,0.319
1787490000,Angers,Lille,1014048,17.8,44.4,53.2,19.0,True,block,fast-break,left-foot,61,0.132,0.0
1787490000,Angers,Lille,2137784,9.4,45.7,50.4,3.2,True,save,assisted,right-foot,59,0.456,0.385
1787490000,Angers,Lille,827519,25.3,36.7,49.9,19.0,False,block,regular,left-foot,55,0.03,0.0
1787490000,Angers,Lille,1170532,15.5,32.1,53.6,56.9,True,miss,assisted,left-foot,54,0.051,0.0
1787490000,Angers,Lille,1462778,25.2,62.6,99.3,4.2,True,miss,assisted,left-foot,50,0.035,0.0
1787490000,Angers,Lille,1014048,9.0,52.2,49.4,19.0,True,block,corner,head,44,0.052,0.0
1787490000,Angers,Lille,988632,9.7,61.8,37.8,30.6,True,miss,assisted,right-foot,41,0.079,0.0
1787490000,Angers,Lille,1545297,8.3,54.8,47.7,19.0,True,block,set-piece,head,38,0.071,0.0
1787490000,Angers,Lille,368120,19.8,77.6,46.2,1.9,False,save,free-kick,left-foot,36,0.041,0.083
1787490000,Angers,Lille,1087364,9.4,53.8,53.4,2.5,False,goal,regular,right-foot,31,0.272,0.844
1787490000,Angers,Lille,1402698,9.5,53.0,51.7,19.0,False,block,assisted,left-foot,31,0.323,0.0
1787490000,Angers,Lille,1087364,5.8,71.4,48.7,10.1,False,save,assisted,right-foot,30,0.034,0.037
1787490000,Angers,Lille,1545297,4.6,36.2,52.6,56.9,True,miss,corner,left-foot,28,0.123,0.0
1787490000,Angers,Lille,39070,23.8,54.2,47.1,0.6,False,goal,assisted,left-foot,11,0.055,0.086
1787490000,Angers,Lille,1402698,6.7,67.3,46.1,5.1,False,save,assisted,right-foot,10,0.09,0.263
1787490000,Angers,Lille,988632,9.9,73.8,48.5,19.0,True,block,assisted,left-foot,7,0.017,0.0
1787490000,Angers,Lille,1138804,10.8,52.7,51.8,10.1,False,save,corner,right-foot,7,0.107,0.339
1787490000,Angers,Lille,368120,22.3,45.8,50.1,19.0,False,block,regular,left-foot,6,0.062,0.0
1787490000,Angers,Lille,1170532,25.0,49.3,37.3,31.9,True,miss,throw-in-set-piece,left-foot,5,0.019,0.0
1787498100,Le Havre,AS Monaco,1066020,19.7,38.3,47.6,47.2,True,miss,assisted,left-foot,90,0.059,0.0
1787498100,Le Havre,AS Monaco,2277165,18.8,53.7,82.2,4.2,True,miss,corner,right-foot,85,0.02,0.0
1787498100,Le Havre,AS Monaco,2277165,16.2,35.2,46.1,0.6,True,save,assisted,right-foot,84,0.047,0.64
1787498100,Le Havre,AS Monaco,2039286,2.1,40.6,54.3,18.1,True,save,regular,left-foot,79,0.067,0.0
1787498100,Le Havre,AS Monaco,318963,19.7,36.4,52.3,31.7,False,save,free-kick,right-foot,73,0.075,0.195
1787498100,Le Havre,AS Monaco,1490783,24.5,44.9,51.5,19.0,True,block,assisted,right-foot,69,0.019,0.0
1787498100,Le Havre,AS Monaco,1389846,26.5,54.6,52.1,15.8,False,save,regular,right-foot,68,0.022,0.057
1787498100,Le Havre,AS Monaco,1121333,10.5,49.5,50.1,19.0,True,block,corner,left-foot,61,0.057,0.0
1787498100,Le Havre,AS Monaco,1121333,22.2,55.4,47.9,3.2,True,save,fast-break,left-foot,59,0.071,0.102
1787498100,Le Havre,AS Monaco,2676521,6.1,63.6,47.9,15.2,False,save,regular,left-foot,59,0.341,0.268
1787498100,Le Havre,AS Monaco,992026,14.1,36.0,50.7,19.0,True,block,assisted,right-foot,56,0.061,0.0
1787498100,Le Havre,AS Monaco,1035695,15.0,62.6,72.3,1.4,True,miss,corner,right-foot,55,0.038,0.0
1787498100,Le Havre,AS Monaco,825088,14.7,47.6,52.0,19.0,True,block,set-piece,right-foot,54,0.033,0.0
1787498100,Le Havre,AS Monaco,1149152,23.4,44.4,50.2,19.0,False,block,assisted,right-foot,52,0.042,0.0
1787498100,Le Havre,AS Monaco,992026,8.3,70.1,47.4,19.0,True,block,assisted,right-foot,42,0.028,0.0
1787498100,Le Havre,AS Monaco,1035695,18.2,63.6,91.9,11.1,True,miss,assisted,left-foot,36,0.054,0.0
1787498100,Le Havre,AS Monaco,825088,14.7,55.5,47.9,5.7,True,save,assisted,right-foot,30,0.064,0.078
1787498100,Le Havre,AS Monaco,1149152,11.0,36.2,12.9,9.7,False,miss,assisted,right-foot,23,0.107,0.0
1787498100,Le Havre,AS Monaco,1149152,21.5,57.9,53.0,25.3,False,save,set-piece,right-foot,21,0.013,0.204
1787498100,Le Havre,AS Monaco,992026,21.0,40.3,15.8,12.5,True,miss,corner,right-foot,19,0.026,0.0
1787498100,Le Havre,AS Monaco,318963,12.8,43.4,50.9,8.9,False,save,regular,right-foot,16,0.163,0.161
1787498100,Le Havre,AS Monaco,1403216,10.8,39.1,51.6,14.6,False,save,regular,right-foot,16,0.284,0.223
1787498100,Le Havre,AS Monaco,146101,4.2,55.0,50.0,26.6,False,goal,corner,head,14,0.126,0.283
1787498100,Le Havre,AS Monaco,1403216,15.4,46.2,49.7,19.0,False,block,assisted,right-foot,11,0.059,0.0
1787498100,Le Havre,AS Monaco,1403216,8.9,50.5,48.4,84.7,False,miss,assisted,other,8,0.134,0.0
1787498100,Le Havre,AS Monaco,770677,27.8,30.1,49.9,75.0,False,miss,assisted,right-foot,6,0.017,0.0
1787498100,Le Havre,AS Monaco,1090694,22.6,73.0,48.1,19.0,False,block,assisted,right-foot,6,0.008,0.0
1787498100,Le Havre,AS Monaco,1149152,24.3,44.8,50.2,19.0,False,block,set-piece,right-foot,5,0.02,0.0
1787498100,Le Havre,AS Monaco,1403216,9.7,48.7,49.0,19.0,False,block,assisted,left-foot,4,0.222,0.0
1787510700,Stade Rennais,Paris Saint-Germain,1149146,19.1,30.7,35.8,6.9,False,miss,assisted,right-foot,90,0.029,0.0
1787510700,Stade Rennais,Paris Saint-Germain,806076,25.9,58.3,42.4,4.2,True,miss,assisted,left-foot,90,0.055,0.0
1787510700,Stade Rennais,Paris Saint-Germain,806076,5.4,56.6,52.8,19.0,True,save,assisted,head,86,0.201,0.0
1787510700,Stade Rennais,Paris Saint-Germain,855833,8.8,48.3,45.8,15.2,False,goal,assisted,head,82,0.125,0.767
1787510700,Stade Rennais,Paris Saint-Germain,1154605,18.9,31.3,51.3,19.0,False,block,fast-break,right-foot,82,0.084,0.0
1787510700,Stade Rennais,Paris Saint-Germain,1154605,17.5,46.9,41.0,52.8,False,miss,fast-break,right-foot,76,0.135,0.0
1787510700,Stade Rennais,Paris Saint-Germain,855833,10.4,56.0,47.0,7.0,False,goal,assisted,right-foot,71,0.637,0.357
1787510700,Stade Rennais,Paris Saint-Germain,1545409,19.4,49.1,56.8,73.6,True,miss,regular,left-foot,66,0.075,0.0
1787510700,Stade Rennais,Paris Saint-Germain,1142672,4.8,58.9,47.2,3.2,False,save,regular,right-foot,54,0.391,0.424
1787510700,Stade Rennais,Paris Saint-Germain,1154605,21.6,28.6,48.4,5.7,False,save,assisted,right-foot,54,0.013,0.039
1787510700,Stade Rennais,Paris Saint-Germain,1154605,25.6,51.3,49.8,19.0,False,block,assisted,right-foot,48,0.045,0.0
1787510700,Stade Rennais,Paris Saint-Germain,1190933,5.7,56.4,53.9,19.0,False,block,corner,head,47,0.083,0.0
1787510700,Stade Rennais,Paris Saint-Germain,1545409,18.4,31.1,61.3,19.4,True,miss,fast-break,left-foot,45,0.024,0.0
1787510700,Stade Rennais,Paris Saint-Germain,814594,22.9,44.6,52.3,83.3,False,miss,set-piece,right-foot,44,0.014,0.0
1787510700,Stade Rennais,Paris Saint-Germain,1190933,15.9,35.8,46.1,22.8,False,save,regular,right-foot,40,0.05,0.788
1787510700,Stade Rennais,Paris Saint-Germain,818244,19.2,46.2,53.7,19.0,False,block,assisted,right-foot,40,0.032,0.0
1787510700,Stade Rennais,Paris Saint-Germain,966621,9.4,59.7,46.2,3.8,True,goal,assisted,right-foot,38,0.282,0.612
1787510700,Stade Rennais,Paris Saint-Germain,818244,10.8,60.3,51.3,55.6,False,miss,assisted,right-foot,37,0.189,0.0
1787510700,Stade Rennais,Paris Saint-Germain,1142672,8.9,61.5,47.8,19.0,False,block,regular,right-foot,33,0.078,0.0
1787510700,Stade Rennais,Paris Saint-Germain,818244,19.6,47.1,50.8,19.0,False,block,set-piece,right-foot,32,0.039,0.0
1787510700,Stade Rennais,Paris Saint-Germain,1190933,8.9,59.1,51.6,19.0,False,block,corner,head,28,0.028,0.0
1787510700,Stade Rennais,Paris Saint-Germain,889259,23.3,41.2,50.6,19.0,False,block,free-kick,right-foot,28,0.065,0.0
1787510700,Stade Rennais,Paris Saint-Germain,966621,12.9,43.6,12.4,11.1,True,miss,fast-break,left-foot,26,0.078,0.0
1787510700,Stade Rennais,Paris Saint-Germain,876600,26.5,47.8,49.9,19.0,True,block,assisted,left-foot,14,0.022,0.0
1787510700,Stade Rennais,Paris Saint-Germain,1154605,11.8,61.7,52.5,19.0,False,block,assisted,right-foot,12,0.112,0.0
1787510700,Stade Rennais,Paris Saint-Germain,847983,21.7,51.2,53.6,20.3,True,goal,fast-break,left-foot,9,0.111,0.272
1787510700,Stade Rennais,Paris Saint-Germain,1142672,20.9,70.1,59.5,13.9,False,miss,assisted,right-foot,3,0.02,0.0
1787510700,Stade Rennais,Paris Saint-Germain,876600,24.3,70.3,41.5,5.6,True,miss,assisted,left-foot,2,0.024,0.0
1787338800,Arsenal,Coventry City,864921,30.7,45.0,35.8,27.8,True,miss,free-kick,right-foot,90,0.038,0.0
1787338800,Arsenal,Coventry City,592010,20.3,58.5,45.5,6.3,True,save,assisted,left-foot,90,0.088,0.382
1787338800,Arsenal,Coventry City,979565,8.6,50.5,50.0,17.1,False,save,assisted,head,86,0.145,0.037
1787338800,Arsenal,Coventry City,869792,22.6,36.4,55.1,84.7,True,miss,assisted,left-foot,82,0.047,0.0
1787338800,Arsenal,Coventry City,592010,9.9,70.1,49.8,19.0,True,block,fast-break,left-foot,78,0.057,0.0
1787338800,Arsenal,Coventry City,547410,19.1,53.6,51.7,19.0,True,block,assisted,left-foot,72,0.058,0.0
1787338800,Arsenal,Coventry City,1033352,25.6,65.0,66.1,6.9,False,miss,regular,right-foot,67,0.018,0.0
1787338800,Arsenal,Coventry City,1031259,19.5,38.5,51.6,7.0,True,save,corner,right-foot,65,0.037,0.04
1787338800,Arsenal,Coventry City,934235,15.5,46.2,51.2,19.0,True,block,corner,left-foot,62,0.029,0.0
1787338800,Arsenal,Coventry City,1031259,12.7,36.7,49.3,19.0,True,block,assisted,right-foot,61,0.033,0.0
1787338800,Arsenal,Coventry City,1423711,18.0,65.2,50.9,50.0,True,miss,assisted,left-foot,52,0.057,0.0
1787338800,Arsenal,Coventry City,547410,8.9,59.9,47.8,7.0,True,goal,assisted,right-foot,49,0.122,0.156
1787338800,Arsenal,Coventry City,856714,20.6,60.7,58.2,30.6,True,miss,corner,left-foot,45,0.05,0.0
1787338800,Arsenal,Coventry City,547410,20.2,70.6,51.2,19.0,True,block,corner,left-foot,45,0.026,0.0
1787338800,Arsenal,Coventry City,1004505,21.2,45.8,46.9,55.6,False,miss,assisted,left-foot,42,0.026,0.0
1787338800,Arsenal,Coventry City,957602,17.6,45.2,51.4,19.0,True,block,assisted,left-foot,38,0.043,0.0
1787338800,Arsenal,Coventry City,846036,8.6,59.3,49.7,19.0,True,block,assisted,left-foot,33,0.177,0.0
1787338800,Arsenal,Coventry City,934235,6.8,55.1,50.0,1.9,True,goal,fast-break,left-foot,23,0.521,0.987
1787338800,Arsenal,Coventry City,836705,14.6,51.6,46.0,2.5,True,goal,assisted,left-foot,15,0.261,0.872
1787338800,Arsenal,Coventry City,1004505,29.4,59.3,50.7,19.0,False,block,assisted,left-foot,13,0.015,0.0
1787338800,Arsenal,Coventry City,856714,27.2,37.2,46.6,81.9,True,miss,assisted,right-foot,9,0.023,0.0
1787338800,Arsenal,Coventry City,1031259,15.5,49.5,52.6,19.0,True,save,corner,left-foot,8,0.079,0.0
1787338800,Arsenal,Coventry City,934235,9.2,58.2,47.7,19.0,True,block,assisted,right-foot,7,0.094,0.0
1787338800,Arsenal,Coventry City,1031259,15.8,42.0,36.0,73.6,True,miss,assisted,right-foot,5,0.044,0.0
1787398200,Hull City,Manchester United,149380,8.0,29.3,39.3,59.7,False,miss,assisted,right-foot,90,0.024,0.0
1787398200,Hull City,Manchester United,986397,11.1,54.0,51.3,19.0,False,block,assisted,head,90,0.036,0.0
1787398200,Hull City,Manchester United,288205,20.3,24.9,53.5,19.0,False,block,assisted,left-foot,89,0.01,0.0
1787398200,Hull City,Manchester United,149380,19.3,67.0,50.0,19.6,False,save,assisted,left-foot,84,0.021,0.011
1787398200,Hull City,Manchester United,1142175,18.8,34.3,49.1,19.0,False,block,assisted,right-foot,84,0.07,0.0
1787398200,Hull City,Manchester United,886363,4.6,56.5,50.4,76.4,False,miss,corner,head,79,0.108,0.0
1787398200,Hull City,Manchester United,927083,14.5,56.4,48.4,17.7,False,save,fast-break,right-foot,78,0.36,0.285
1787398200,Hull City,Manchester United,927083,11.7,70.1,50.6,68.1,False,miss,assisted,left-foot,76,0.037,0.0
1787398200,Hull City,Manchester United,931304,20.8,28.0,48.1,19.0,True,block,assisted,left-foot,75,0.021,0.0
1787398200,Hull City,Manchester United,991577,17.8,68.9,60.0,5.6,True,miss,throw-in-set-piece,right-foot,73,0.048,0.0
1787398200,Hull City,Manchester United,847030,4.3,56.9,39.8,83.3,False,miss,assisted,right-foot,67,0.224,0.0
1787398200,Hull City,Manchester United,886363,13.3,36.8,51.4,19.0,False,block,assisted,right-foot,66,0.071,0.0
1787398200,Hull City,Manchester United,1125839,22.3,72.3,53.1,68.1,True,miss,assisted,left-foot,62,0.018,0.0
1787398200,Hull City,Manchester United,288205,30.6,32.2,49.7,20.3,False,save,assisted,right-foot,59,0.015,0.01
1787398200,Hull City,Manchester United,1445799,7.4,50.2,47.4,19.0,False,block,corner,head,56,0.097,0.0
1787398200,Hull City,Manchester United,1445799,14.5,51.5,40.2,69.4,False,miss,throw-in-set-piece,head,51,0.024,0.0
1787398200,Hull City,Manchester United,288205,20.3,36.4,51.3,19.0,False,block,assisted,right-foot,45,0.058,0.0
1787398200,Hull City,Manchester United,1397168,7.2,44.1,34.0,19.4,False,miss,throw-in-set-piece,head,44,0.081,0.0
1787398200,Hull City,Manchester United,1458073,5.2,49.7,47.1,19.0,True,goal,set-piece,head,38,0.278,0.481
1787398200,Hull City,Manchester United,927083,9.4,64.8,50.9,19.0,False,block,assisted,left-foot,35,0.044,0.0
1787398200,Hull City,Manchester United,1397168,6.1,45.8,66.7,12.5,False,miss,assisted,left-foot,29,0.327,0.0
1787398200,Hull City,Manchester United,1397168,9.1,36.0,37.1,2.8,False,miss,regular,left-foot,25,0.061,0.0
1787398200,Hull City,Manchester United,1125839,14.6,66.1,65.0,86.1,True,miss,set-piece,left-foot,21,0.03,0.0
1787398200,Hull City,Manchester United,331737,21.9,56.1,50.2,19.0,False,block,regular,right-foot,20,0.037,0.0
1787398200,Hull City,Manchester United,307274,3.1,53.2,51.3,24.1,True,goal,corner,right-foot,17,0.523,0.972
1787398200,Hull City,Manchester United,367228,3.1,59.7,47.8,19.0,True,save,corner,right-foot,17,0.125,0.375
1787398200,Hull City,Manchester United,367228,12.6,52.6,52.8,14.6,True,save,assisted,head,15,0.03,0.099
1787398200,Hull City,Manchester United,886363,15.3,63.9,49.3,7.0,False,save,assisted,left-foot,14,0.064,0.068
1787398200,Hull City,Manchester United,927083,10.1,68.5,47.4,20.3,False,save,assisted,right-foot,13,0.057,0.222
1787407200,Ipswich Town,Sunderland,1128532,25.4,35.2,49.8,19.0,False,block,regular,right-foot,90,0.026,0.0
1787407200,Ipswich Town,Sunderland,921005,32.6,38.3,63.5,13.9,True,miss,fast-break,right-foot,90,0.048,0.0
1787407200,Ipswich Town,Sunderland,921005,15.1,42.3,46.1,3.8,True,goal,assisted,right-foot,90,0.055,0.627
1787407200,Ipswich Town,Sunderland,128587,18.4,87.3,48.0,1.9,False,save,throw-in-set-piece,right-foot,82,0.006,0.036
1787407200,Ipswich Town,Sunderland,1014801,14.1,39.9,35.1,5.6,True,miss,corner,right-foot,65,0.033,0.0
1787407200,Ipswich Town,Sunderland,910048,9.0,51.4,46.2,19.0,False,save,assisted,right-foot,53,0.139,0.0
1787407200,Ipswich Town,Sunderland,973556,10.8,58.2,60.5,11.1,True,miss,assisted,right-foot,51,0.054,0.0
1787407200,Ipswich Town,Sunderland,832420,4.1,48.4,99.3,20.8,True,miss,assisted,head,50,0.609,0.0
1787407200,Ipswich Town,Sunderland,989034,8.2,61.6,2.9,4.2,False,miss,assisted,head,45,0.025,0.0
1787407200,Ipswich Town,Sunderland,1116571,21.6,35.4,52.9,26.0,False,goal,free-kick,right-foot,39,0.063,0.265
1787407200,Ipswich Town,Sunderland,128587,17.7,57.9,49.1,19.0,False,block,assisted,right-foot,38,0.075,0.0
1787407200,Ipswich Town,Sunderland,973556,9.3,41.9,60.3,91.7,True,miss,assisted,left-foot,31,0.135,0.0
1787407200,Ipswich Town,Sunderland,1116571,3.9,58.3,96.3,6.9,False,miss,corner,head,30,0.091,0.0
1787407200,Ipswich Town,Sunderland,365812,29.3,47.4,50.1,19.0,False,block,corner,left-foot,29,0.011,0.0
1787407200,Ipswich Town,Sunderland,1171539,9.5,55.8,48.4,12.0,False,save,assisted,head,29,0.057,0.045
1787407200,Ipswich Town,Sunderland,1128844,10.0,45.4,37.5,9.7,True,miss,set-piece,head,27,0.039,0.0
1787407200,Ipswich Town,Sunderland,1128844,10.5,49.3,51.8,5.7,True,goal,fast-break,right-foot,24,0.766,0.993
1787407200,Ipswich Town,Sunderland,1128844,15.9,46.7,49.7,14.6,True,save,assisted,head,7,0.014,0.009
1787407200,Ipswich Town,Sunderland,973556,25.1,63.9,50.3,19.0,True,block,assisted,right-foot,7,0.043,0.0
1787407200,Ipswich Town,Sunderland,989034,24.2,46.9,69.4,90.3,False,miss,corner,right-foot,4,0.012,0.0
1787407200,Ipswich Town,Sunderland,910048,13.8,60.8,48.8,19.0,False,block,fast-break,right-foot,4,0.159,0.0
1787407200,Nottingham Forest,Leeds United,865912,23.9,52.9,46.9,76.4,True,miss,free-kick,right-foot,90,0.075,0.0
1787407200,Nottingham Forest,Leeds United,889861,20.7,19.7,53.4,11.4,False,goal,free-kick,right-foot,88,0.037,0.076
1787407200,Nottingham Forest,Leeds United,372344,8.3,57.9,46.7,19.0,False,block,assisted,left-foot,86,0.088,0.0
1787407200,Nottingham Forest,Leeds United,981619,8.2,54.5,49.3,19.0,True,block,corner,head,74,0.052,0.0
1787407200,Nottingham Forest,Leeds United,1118177,7.8,47.2,47.4,23.4,False,save,throw-in-set-piece,head,70,0.092,0.431
1787407200,Nottingham Forest,Leeds United,50480,18.4,48.3,61.9,4.2,True,miss,assisted,right-foot,65,0.12,0.0
1787407200,Nottingham Forest,Leeds United,865912,15.0,42.5,38.3,62.5,True,miss,throw-in-set-piece,right-foot,64,0.05,0.0
1787407200,Nottingham Forest,Leeds United,800417,21.6,70.9,52.3,6.9,True,block,assisted,right-foot,63,0.03,0.0
1787407200,Nottingham Forest,Leeds United,843754,26.6,63.0,28.2,72.2,True,miss,assisted,right-foot,62,0.026,0.0
1787407200,Nottingham Forest,Leeds United,372344,25.9,47.9,50.9,19.0,False,block,regular,right-foot,56,0.011,0.0
1787407200,Nottingham Forest,Leeds United,981619,5.2,43.6,57.3,36.1,True,miss,set-piece,head,55,0.115,0.0
1787407200,Nottingham Forest,Leeds United,889861,7.8,17.0,41.2,41.7,False,miss,free-kick,right-foot,53,0.044,0.0
1787407200,Nottingham Forest,Leeds United,372344,8.0,26.4,59.8,30.6,False,miss,assisted,left-foot,52,0.027,0.0
1787407200,Nottingham Forest,Leeds United,973431,21.8,26.5,49.0,13.9,False,save,assisted,right-foot,47,0.012,0.025
1787407200,Nottingham Forest,Leeds United,886930,10.2,60.8,49.1,19.0,False,block,throw-in-set-piece,left-foot,45,0.057,0.0
1787407200,Nottingham Forest,Leeds United,836168,9.5,51.1,55.3,14.6,True,post,corner,head,41,0.055,0.0
1787407200,Nottingham Forest,Leeds United,800417,23.5,67.6,53.3,17.7,True,save,assisted,left-foot,36,0.013,0.112
1787407200,Nottingham Forest,Leeds United,836168,9.9,51.6,61.2,63.9,True,miss,throw-in-set-piece,head,33,0.057,0.0
1787407200,Nottingham Forest,Leeds United,865912,25.7,36.0,31.4,9.7,True,miss,set-piece,right-foot,29,0.008,0.0
1787407200,Nottingham Forest,Leeds United,886930,3.2,60.3,48.6,19.0,False,block,throw-in-set-piece,head,20,0.049,0.0
1787407200,Nottingham Forest,Leeds United,828640,10.1,57.1,52.3,19.0,False,block,throw-in-set-piece,head,20,0.033,0.0
1787407200,Nottingham Forest,Leeds United,981619,9.7,51.7,47.0,17.7,True,save,throw-in-set-piece,head,17,0.056,0.216
1787407200,Nottingham Forest,Leeds United,889861,24.8,51.9,50.9,19.0,False,block,throw-in-set-piece,right-foot,1,0.019,0.0
1787407200,Everton,Crystal Palace,984624,13.7,27.4,40.7,95.8,False,miss,assisted,right-foot,90,0.042,0.0
1787407200,Everton,Crystal Palace,1017392,14.7,32.7,52.3,1.3,True,save,assisted,right-foot,90,0.021,0.037
1787407200,Everton,Crystal Palace,987489,17.6,52.8,49.3,19.0,True,block,regular,right-foot,90,0.048,0.0
1787407200,Everton,Crystal Palace,876599,7.0,53.0,50.1,19.6,False,save,assisted,head,90,0.251,0.107
1787407200,Everton,Crystal Palace,1471671,14.4,64.4,51.9,19.0,False,block,assisted,right-foot,83,0.047,0.0
1787407200,Everton,Crystal Palace,1403061,6.5,34.8,39.0,51.4,True,miss,regular,left-foot,73,0.052,0.0
1787407200,Everton,Crystal Palace,1403061,12.5,30.4,51.8,19.0,True,block,assisted,right-foot,73,0.022,0.0
1787407200,Everton,Crystal Palace,930245,21.2,56.4,50.8,2.5,False,save,assisted,right-foot,66,0.032,0.024
1787407200,Everton,Crystal Palace,984624,26.0,42.3,53.7,19.0,False,block,assisted,right-foot,62,0.016,0.0
1787407200,Everton,Crystal Palace,914309,12.6,53.4,49.8,24.7,True,save,fast-break,right-foot,56,0.131,0.189
1787407200,Everton,Crystal Palace,1395746,5.0,48.4,49.4,15.8,True,goal,set-piece,head,53,0.406,0.635
1787407200,Everton,Crystal Palace,861970,20.9,31.9,59.3,84.7,True,miss,assisted,left-foot,51,0.023,0.0
1787407200,Everton,Crystal Palace,1008471,10.5,24.4,52.8,19.0,True,block,corner,right-foot,49,0.01,0.0
1787407200,Everton,Crystal Palace,1403061,21.0,39.5,49.4,19.0,True,block,corner,right-foot,48,0.031,0.0
1787407200,Everton,Crystal Palace,1395746,24.6,52.6,51.7,19.0,True,block,assisted,right-foot,47,0.044,0.0
1787407200,Everton,Crystal Palace,870360,8.0,54.1,60.3,16.7,False,miss,assisted,head,45,0.143,0.0
1787407200,Everton,Crystal Palace,861970,11.6,31.3,45.5,20.3,True,goal,assisted,left-foot,42,0.042,0.458
1787407200,Everton,Crystal Palace,861970,8.3,34.0,52.8,19.0,True,block,assisted,left-foot,42,0.055,0.0
1787407200,Everton,Crystal Palace,848276,10.8,53.8,44.7,3.2,False,post,fast-break,right-foot,38,0.366,0.0
1787407200,Everton,Crystal Palace,1403061,20.7,33.8,50.2,19.0,True,block,assisted,left-foot,34,0.047,0.0
1787407200,Everton,Crystal Palace,145188,8.3,57.7,31.1,6.9,True,miss,set-piece,head,31,0.051,0.0
1787407200,Everton,Crystal Palace,1403061,16.9,27.6,31.4,100.0,True,miss,assisted,right-foot,18,0.024,0.0
1787407200,Everton,Crystal Palace,858194,9.2,42.3,47.9,17.1,False,save,assisted,right-foot,17,0.6,0.653
1787407200,Everton,Crystal Palace,914309,13.6,60.6,50.7,30.4,True,save,assisted,right-foot,12,0.113,0.336
1787407200,Everton,Crystal Palace,870360,10.7,62.4,48.1,26.6,False,save,regular,left-foot,12,0.083,0.157
1787407200,Everton,Crystal Palace,935543,22.2,49.9,52.6,19.0,False,block,assisted,left-foot,10,0.048,0.0
1787407200,Everton,Crystal Palace,848276,4.6,45.2,55.0,61.1,False,miss,fast-break,right-foot,3,0.333,0.0
1787416200,Brentford,Tottenham Hotspur,1031258,18.9,63.0,39.2,98.6,True,miss,corner,right-foot,90,0.035,0.0
1787416200,Brentford,Tottenham Hotspur,1006387,4.8,53.4,45.2,70.8,True,miss,corner,head,90,0.176,0.0
1787416200,Brentford,Tottenham Hotspur,113956,3.6,67.3,46.8,19.0,True,block,assisted,right-foot,90,0.033,0.0
1787416200,Brentford,Tottenham Hotspur,1006387,9.1,63.6,51.3,6.3,True,save,fast-break,right-foot,88,0.196,0.344
1787416200,Brentford,Tottenham Hotspur,361420,16.0,40.0,52.8,19.0,False,block,regular,left-foot,87,0.071,0.0
1787416200,Brentford,Tottenham Hotspur,576384,4.6,43.0,50.8,7.0,True,save,corner,head,85,0.107,0.122
1787416200,Brentford,Tottenham Hotspur,1048888,25.4,50.0,64.0,84.7,False,miss,assisted,left-foot,82,0.026,0.0
1787416200,Brentford,Tottenham Hotspur,958916,8.4,60.0,49.5,19.0,True,block,throw-in-set-piece,head,78,0.031,0.0
1787416200,Brentford,Tottenham Hotspur,1016907,6.7,54.1,43.2,20.8,True,miss,assisted,left-foot,77,0.213,0.0
1787416200,Brentford,Tottenham Hotspur,1020680,19.5,50.2,40.0,93.1,True,miss,corner,left-foot,76,0.027,0.0
1787416200,Brentford,Tottenham Hotspur,1006387,12.9,46.0,50.0,11.4,True,save,assisted,head,69,0.031,0.009
1787416200,Brentford,Tottenham Hotspur,1403192,7.6,67.1,52.5,16.5,False,save,assisted,right-foot,62,0.133,0.261
1787416200,Brentford,Tottenham Hotspur,892673,28.5,35.6,53.8,5.7,False,save,assisted,right-foot,59,0.014,0.168
1787416200,Brentford,Tottenham Hotspur,1016907,11.5,50.0,55.2,3.2,True,post,penalty,right-foot,55,0.788,0.0
1787416200,Brentford,Tottenham Hotspur,814873,10.7,34.2,50.3,19.0,True,block,assisted,left-foot,53,0.061,0.0
1787416200,Brentford,Tottenham Hotspur,1006387,13.6,45.4,69.2,9.7,True,miss,regular,right-foot,53,0.049,0.0
1787416200,Brentford,Tottenham Hotspur,1403192,9.1,63.8,48.9,0.6,False,save,assisted,right-foot,52,0.146,0.116
1787416200,Brentford,Tottenham Hotspur,1403192,10.5,65.0,50.0,2.5,False,save,assisted,right-foot,50,0.103,0.062
1787416200,Brentford,Tottenham Hotspur,1137431,3.8,52.2,47.4,32.3,True,goal,corner,right-foot,49,0.32,0.97
1787416200,Brentford,Tottenham Hotspur,1064697,14.3,45.0,51.0,1.9,True,save,corner,left-foot,48,0.053,0.18
1787416200,Brentford,Tottenham Hotspur,1006387,5.0,61.8,50.0,19.0,True,block,throw-in-set-piece,right-foot,48,0.073,0.0
1787416200,Brentford,Tottenham Hotspur,1137431,8.1,53.1,74.5,8.3,True,miss,assisted,head,45,0.092,0.0
1787416200,Brentford,Tottenham Hotspur,1106451,26.5,54.4,52.6,58.3,True,miss,assisted,left-foot,43,0.036,0.0
1787416200,Brentford,Tottenham Hotspur,892673,21.5,56.8,41.7,87.5,False,miss,regular,right-foot,40,0.025,0.0
1787416200,Brentford,Tottenham Hotspur,1137431,8.3,57.7,51.2,19.0,True,block,assisted,head,36,0.054,0.0
1787416200,Brentford,Tottenham Hotspur,814873,8.7,53.6,48.6,2.5,True,goal,regular,right-foot,33,0.325,0.612
1787416200,Brentford,Tottenham Hotspur,799251,20.1,66.7,51.6,22.2,True,save,regular,right-foot,33,0.046,0.064
1787416200,Brentford,Tottenham Hotspur,1137431,11.0,51.7,60.0,6.9,True,miss,set-piece,head,29,0.036,0.0
1787416200,Brentford,Tottenham Hotspur,1048888,28.1,36.3,50.3,19.0,False,block,free-kick,right-foot,15,0.033,0.0
1787416200,Brentford,Tottenham Hotspur,972421,8.0,50.9,50.9,8.2,True,goal,assisted,right-foot,12,0.733,0.82
1787416200,Brentford,Tottenham Hotspur,904970,27.7,39.7,35.5,65.3,False,miss,assisted,right-foot,10,0.017,0.0
1787416200,Brentford,Tottenham Hotspur,1106451,5.8,32.1,48.6,54.2,True,miss,corner,head,8,0.014,0.0
1787416200,Brentford,Tottenham Hotspur,958916,7.3,49.9,57.8,16.7,True,miss,corner,head,4,0.305,0.0
1787416200,Brentford,Tottenham Hotspur,972421,18.9,55.2,53.0,19.0,True,block,corner,right-foot,4,0.037,0.0
1787416200,Brentford,Tottenham Hotspur,799251,8.8,13.3,51.1,19.0,True,block,free-kick,right-foot,3,0.036,0.0
1787490000,Brighton & Hove Albion,Aston Villa,1416535,9.2,43.9,50.3,72.2,True,miss,assisted,head,90,0.102,0.0
1787490000,Brighton & Hove Albion,Aston Villa,988333,13.0,49.1,50.7,8.9,True,save,assisted,head,90,0.041,0.027
1787490000,Brighton & Hove Albion,Aston Villa,1416535,13.2,59.9,51.8,69.4,True,miss,regular,right-foot,77,0.074,0.0
1787490000,Brighton & Hove Albion,Aston Villa,1065588,26.9,57.9,50.8,72.2,True,miss,assisted,right-foot,71,0.028,0.0
1787490000,Brighton & Hove Albion,Aston Villa,98435,4.4,42.2,57.1,86.1,False,miss,corner,head,68,0.096,0.0
1787490000,Brighton & Hove Albion,Aston Villa,988333,20.1,53.0,55.2,6.3,True,post,assisted,right-foot,65,0.083,0.0
1787490000,Brighton & Hove Albion,Aston Villa,946695,8.2,34.5,67.4,6.9,True,miss,corner,right-foot,61,0.058,0.0
1787490000,Brighton & Hove Albion,Aston Villa,1142315,12.3,50.1,49.5,19.0,True,block,regular,right-foot,58,0.1,0.0
1787490000,Brighton & Hove Albion,Aston Villa,1065588,7.6,64.8,51.8,4.4,True,save,assisted,right-foot,57,0.068,0.266
1787490000,Brighton & Hove Albion,Aston Villa,1405212,3.2,59.9,43.9,4.2,True,miss,corner,left-foot,54,0.109,0.0
1787490000,Brighton & Hove Albion,Aston Villa,976263,19.8,31.3,57.0,25.0,False,miss,assisted,left-foot,52,0.026,0.0
1787490000,Brighton & Hove Albion,Aston Villa,1036269,12.8,44.3,59.8,4.2,True,miss,corner,right-foot,51,0.056,0.0
1787490000,Brighton & Hove Albion,Aston Villa,1405212,30.2,47.4,59.0,16.7,True,miss,assisted,right-foot,49,0.018,0.0
1787490000,Brighton & Hove Albion,Aston Villa,1065588,12.8,45.0,53.9,0.6,True,save,assisted,right-foot,45,0.088,0.738
1787490000,Brighton & Hove Albion,Aston Villa,997152,11.7,36.4,51.6,19.0,True,block,assisted,left-foot,44,0.131,0.0
1787490000,Brighton & Hove Albion,Aston Villa,997152,18.2,44.0,42.0,2.8,True,miss,assisted,left-foot,43,0.088,0.0
1787490000,Brighton & Hove Albion,Aston Villa,959628,16.7,60.7,61.2,12.5,True,miss,assisted,right-foot,42,0.086,0.0
1787490000,Brighton & Hove Albion,Aston Villa,1036269,20.9,53.4,50.0,19.0,True,block,regular,right-foot,42,0.056,0.0
1787490000,Brighton & Hove Albion,Aston Villa,1142315,11.3,43.9,52.9,4.4,True,goal,regular,right-foot,31,0.441,0.572
1787490000,Brighton & Hove Albion,Aston Villa,1142315,2.5,47.8,54.4,8.2,True,goal,assisted,head,30,0.871,0.993
1787490000,Brighton & Hove Albion,Aston Villa,946695,22.8,70.3,48.2,51.4,True,miss,assisted,right-foot,24,0.02,0.0
1787490000,Brighton & Hove Albion,Aston Villa,997152,2.5,49.2,50.4,10.1,True,goal,assisted,left-foot,18,0.961,0.992
1787490000,Brighton & Hove Albion,Aston Villa,250223,22.3,58.7,60.7,68.1,False,miss,assisted,left-foot,17,0.035,0.0
1787490000,Brighton & Hove Albion,Aston Villa,143334,1.5,53.6,46.1,22.8,True,goal,regular,other,8,,
1787490000,Brighton & Hove Albion,Aston Villa,997152,6.4,70.3,44.8,19.6,True,post,regular,right-foot,8,0.287,0.0
1787490000,Brighton & Hove Albion,Aston Villa,783126,12.0,33.7,55.1,73.6,False,miss,assisted,left-foot,7,0.051,0.0
1787490000,Brighton & Hove Albion,Aston Villa,783126,17.8,65.8,57.5,4.2,False,miss,assisted,left-foot,5,0.066,0.0
1787490000,Brighton & Hove Albion,Aston Villa,783126,21.3,38.0,55.1,80.6,False,miss,set-piece,right-foot,4,0.012,0.0
1787490000,Manchester City,Bournemouth,964994,10.8,54.2,53.1,3.2,True,goal,assisted,right-foot,90,0.194,0.893
1787490000,Manchester City,Bournemouth,877994,7.1,48.3,51.6,17.1,True,goal,corner,head,84,0.121,0.232
1787490000,Manchester City,Bournemouth,1096136,9.8,44.6,52.7,22.2,False,save,set-piece,head,79,0.097,0.114
1787490000,Manchester City,Bournemouth,839956,8.2,53.8,50.5,17.7,True,save,assisted,right-foot,75,0.494,0.627
1787490000,Manchester City,Bournemouth,839956,10.5,38.9,60.0,63.9,True,miss,assisted,left-foot,72,0.074,0.0
1787490000,Manchester City,Bournemouth,859765,17.8,64.0,48.2,19.0,True,block,assisted,left-foot,68,0.047,0.0
1787490000,Manchester City,Bournemouth,934354,7.3,32.3,48.0,3.2,True,save,regular,left-foot,67,0.06,0.164
1787490000,Manchester City,Bournemouth,877994,2.4,54.0,41.7,13.9,True,miss,corner,head,51,0.773,0.0
1787490000,Manchester City,Bournemouth,839956,8.6,50.5,66.2,4.2,True,miss,corner,left-foot,44,0.082,0.0
1787490000,Manchester City,Bournemouth,851596,14.5,36.8,46.1,7.0,False,save,assisted,right-foot,41,0.106,0.425
1787490000,Manchester City,Bournemouth,895576,25.4,57.5,58.8,20.8,False,miss,fast-break,left-foot,40,0.061,0.0
1787490000,Manchester City,Bournemouth,839956,11.1,52.1,45.8,21.5,True,save,assisted,head,39,0.039,0.555
1787490000,Manchester City,Bournemouth,839956,18.1,51.9,50.4,19.0,True,block,regular,left-foot,33,0.054,0.0
1787490000,Manchester City,Bournemouth,895576,7.4,43.0,53.9,7.6,False,goal,assisted,left-foot,26,0.339,0.934
1787490000,Manchester City,Bournemouth,1464966,7.7,67.1,45.5,19.0,False,save,regular,right-foot,14,0.042,0.224
1787490000,Manchester City,Bournemouth,859765,8.8,63.4,49.3,19.0,True,block,assisted,left-foot,8,0.073,0.0
1787490000,Manchester City,Bournemouth,1142703,3.9,38.7,50.9,51.4,True,miss,corner,head,5,0.068,0.0
1787490000,Manchester City,Bournemouth,1136731,3.4,61.1,47.9,17.1,True,save,assisted,right-foot,4,0.173,0.207
1787499000,Newcastle United,Liverpool FC,869856,11.5,50.0,52.8,34.8,False,goal,penalty,right-foot,90,0.788,0.99
1787499000,Newcastle United,Liverpool FC,970361,26.3,67.0,51.1,19.0,False,block,corner,left-foot,90,0.01,0.0
1787499000,Newcastle United,Liverpool FC,1403111,10.7,28.0,52.7,19.0,False,block,fast-break,left-foot,90,0.029,0.0
1787499000,Newcastle United,Liverpool FC,855647,16.6,35.0,49.2,19.0,True,block,regular,right-foot,90,0.069,0.0
1787499000,Newcastle United,Liverpool FC,1145642,8.6,68.5,53.5,19.0,False,block,fast-break,right-foot,86,0.044,0.0
1787499000,Newcastle United,Liverpool FC,805123,10.4,61.8,51.7,3.2,True,save,assisted,right-foot,86,0.407,0.359
1787499000,Newcastle United,Liverpool FC,823941,8.8,47.9,53.3,36.1,False,save,assisted,head,85,0.084,0.775
1787499000,Newcastle United,Liverpool FC,869856,27.7,38.6,49.2,19.0,False,block,free-kick,right-foot,80,0.034,0.0
1787499000,Newcastle United,Liverpool FC,1145642,6.1,67.7,51.7,19.0,False,block,assisted,right-foot,78,0.051,0.0
1787499000,Newcastle United,Liverpool FC,975937,15.0,46.3,38.3,2.8,True,miss,throw-in-set-piece,left-foot,70,0.06,0.0
1787499000,Newcastle United,Liverpool FC,823941,13.8,47.3,48.2,72.2,False,miss,assisted,left-foot,69,0.168,0.0
1787499000,Newcastle United,Liverpool FC,979232,22.8,72.4,52.6,5.7,True,save,assisted,left-foot,68,0.026,0.058
1787499000,Newcastle United,Liverpool FC,805123,4.3,46.6,0.5,4.2,True,miss,assisted,right-foot,67,0.508,0.0
1787499000,Newcastle United,Liverpool FC,151545,7.6,34.6,46.8,27.9,False,save,set-piece,right-foot,66,0.104,0.174
1787499000,Newcastle United,Liverpool FC,862967,22.6,31.5,39.5,86.1,False,miss,regular,right-foot,60,0.021,0.0
1787499000,Newcastle United,Liverpool FC,888550,17.8,37.0,45.5,11.4,True,goal,fast-break,right-foot,57,0.088,0.794
1787499000,Newcastle United,Liverpool FC,904897,23.4,46.8,48.6,19.0,False,block,assisted,left-foot,57,0.034,0.0
1787499000,Newcastle United,Liverpool FC,862967,12.9,46.1,49.3,19.0,False,block,regular,left-foot,57,0.093,0.0
1787499000,Newcastle United,Liverpool FC,1881902,14.9,67.2,50.9,19.0,False,block,assisted,left-foot,57,0.04,0.0
1787499000,Newcastle United,Liverpool FC,862967,25.1,64.8,54.4,1.9,False,goal,assisted,right-foot,55,0.036,0.385
1787499000,Newcastle United,Liverpool FC,862967,20.1,39.1,44.2,54.2,False,miss,assisted,right-foot,53,0.054,0.0
1787499000,Newcastle United,Liverpool FC,1400650,20.2,40.0,56.0,73.6,True,miss,regular,right-foot,48,0.053,0.0
1787499000,Newcastle United,Liverpool FC,1019322,12.8,53.4,50.7,19.0,False,block,corner,right-foot,47,0.044,0.0
1787499000,Newcastle United,Liverpool FC,823941,1.2,52.8,49.4,14.6,False,save,corner,head,47,0.482,0.292
1787499000,Newcastle United,Liverpool FC,823941,1.2,53.8,48.7,19.0,False,block,corner,head,47,0.352,0.0
1787499000,Newcastle United,Liverpool FC,805123,20.5,72.9,82.2,2.8,True,miss,regular,right-foot,44,0.029,0.0
1787499000,Newcastle United,Liverpool FC,904897,26.8,45.9,51.2,19.0,False,block,regular,right-foot,41,0.029,0.0
1787499000,Newcastle United,Liverpool FC,1122603,25.9,45.4,47.5,19.0,True,block,set-piece,left-foot,32,0.018,0.0
1787499000,Newcastle United,Liverpool FC,1122603,27.2,51.7,49.7,19.0,True,block,free-kick,right-foot,31,0.041,0.0
1787499000,Newcastle United,Liverpool FC,1097425,26.7,34.2,53.5,5.7,False,save,assisted,left-foot,29,0.012,0.038
1787499000,Newcastle United,Liverpool FC,862967,19.7,31.8,51.2,19.0,False,block,assisted,right-foot,27,0.049,0.0
1787499000,Newcastle United,Liverpool FC,869856,31.9,61.7,50.7,19.0,False,block,free-kick,right-foot,26,0.027,0.0
1787499000,Newcastle United,Liverpool FC,1102791,6.3,71.8,47.9,19.0,True,block,assisted,right-foot,22,0.03,0.0
1787499000,Newcastle United,Liverpool FC,1097425,19.2,29.1,50.3,75.0,False,miss,corner,left-foot,18,0.012,0.0
1787499000,Newcastle United,Liverpool FC,1019322,12.1,36.4,48.2,9.5,False,save,regular,left-foot,18,0.086,0.315
1787499000,Newcastle United,Liverpool FC,805123,30.5,43.4,99.8,4.2,True,miss,regular,left-foot,12,0.051,0.0
1787499000,Newcastle United,Liverpool FC,862967,11.1,36.3,53.0,19.0,False,block,corner,left-foot,9,0.047,0.0
1787499000,Newcastle United,Liverpool FC,151545,6.9,48.9,51.7,19.0,False,block,set-piece,head,9,0.145,0.0
1787499000,Newcastle United,Liverpool FC,979232,11.1,67.1,52.2,1.9,True,goal,fast-break,right-foot,5,0.196,0.345
1787499000,Newcastle United,Liverpool FC,1019322,14.5,57.9,48.9,19.0,False,block,assisted,right-foot,2,0.127,0.0
1787598000,Fulham,Chelsea,1015256,26.6,41.8,50.2,21.5,True,save,regular,right-foot,90,0.02,0.011
1787598000,Fulham,Chelsea,879349,3.2,69.6,42.7,16.7,False,miss,assisted,left-foot,90,0.028,0.0
1787598000,Fulham,Chelsea,1402716,20.1,49.3,52.1,19.0,True,block,assisted,right-foot,90,0.038,0.0
1787598000,Fulham,Chelsea,836698,4.7,31.2,53.5,8.9,True,save,assisted,left-foot,84,0.033,0.091
1787598000,Fulham,Chelsea,803174,19.2,43.2,38.2,16.7,True,miss,assisted,right-foot,78,0.133,0.0
1787598000,Fulham,Chelsea,1546231,18.2,38.4,56.8,5.6,True,miss,assisted,right-foot,72,0.059,0.0
1787598000,Fulham,Chelsea,975079,23.6,49.3,48.6,86.1,False,miss,assisted,right-foot,63,0.022,0.0
1787598000,Fulham,Chelsea,1402716,4.5,51.6,52.0,26.0,True,goal,regular,head,54,0.565,0.94
1787598000,Fulham,Chelsea,329417,13.5,60.9,49.6,8.9,True,save,regular,left-foot,54,0.093,0.032
1787598000,Fulham,Chelsea,982780,3.1,35.0,51.1,1.9,False,goal,assisted,left-foot,49,0.091,0.135
1787598000,Fulham,Chelsea,982780,10.7,66.4,63.7,15.3,False,miss,assisted,left-foot,48,0.038,0.0
1787598000,Fulham,Chelsea,975079,10.2,36.6,49.9,19.0,False,block,assisted,left-foot,47,0.067,0.0
1787598000,Fulham,Chelsea,982780,17.9,66.4,60.2,11.1,False,miss,assisted,left-foot,44,0.041,0.0
1787598000,Fulham,Chelsea,948261,8.9,45.3,49.5,12.0,False,goal,assisted,right-foot,41,0.839,0.993
1787598000,Fulham,Chelsea,861972,24.8,61.2,50.5,19.0,True,block,assisted,left-foot,39,0.017,0.0
1787598000,Fulham,Chelsea,1069488,4.6,45.9,51.9,9.5,False,save,corner,right-foot,36,0.209,0.33
1787598000,Fulham,Chelsea,1153079,8.5,38.3,51.5,19.0,False,block,corner,head,36,0.014,0.0
1787598000,Fulham,Chelsea,885908,16.0,64.2,49.9,13.3,False,save,fast-break,left-foot,33,0.062,0.021
1787598000,Fulham,Chelsea,948261,18.8,48.5,48.4,19.0,False,block,fast-break,right-foot,33,0.09,0.0
1787598000,Fulham,Chelsea,975079,13.0,52.3,42.7,22.2,False,miss,assisted,right-foot,30,0.059,0.0
1787598000,Fulham,Chelsea,1402716,8.6,51.4,50.4,19.0,True,block,assisted,right-foot,27,0.13,0.0
1787598000,Fulham,Chelsea,1402688,7.9,44.9,51.8,19.0,True,block,assisted,right-foot,27,0.102,0.0
1787598000,Fulham,Chelsea,1546231,11.1,71.0,48.3,5.7,True,goal,assisted,right-foot,23,0.067,0.075
1787598000,Fulham,Chelsea,793167,16.9,66.0,47.1,19.0,True,block,regular,right-foot,22,0.029,0.0
1787598000,Fulham,Chelsea,1402688,18.9,47.4,39.5,76.4,True,miss,corner,right-foot,21,0.054,0.0
1787598000,Fulham,Chelsea,1546231,21.3,65.4,49.1,20.3,True,save,assisted,right-foot,20,0.045,0.022
1787598000,Fulham,Chelsea,982780,14.4,54.5,51.0,19.0,False,block,assisted,left-foot,19,0.068,0.0
1787598000,Fulham,Chelsea,982780,9.5,70.3,47.9,20.3,False,save,fast-break,right-foot,8,0.045,0.06
1787598000,Fulham,Chelsea,996911,11.2,25.3,52.7,19.0,False,block,throw-in-set-piece,left-foot,6,0.013,0.0
1787598000,Fulham,Chelsea,885908,18.0,60.6,49.6,19.0,False,block,corner,right-foot,4,0.041,0.0
1787598000,Fulham,Chelsea,948261,20.6,59.9,52.6,19.0,False,block,assisted,right-foot,4,0.032,0.0
1787598000,Fulham,Chelsea,975079,12.8,60.3,52.1,8.2,False,goal,fast-break,right-foot,1,0.479,0.481
1787416200,Udinese,Como,1403348,4.9,50.3,49.8,39.9,False,post,corner,head,90,0.198,0.0
1787416200,Udinese,Como,796455,7.1,54.7,49.6,56.9,True,miss,assisted,left-foot,88,0.301,0.0
1787416200,Udinese,Como,796455,8.6,62.4,26.9,18.1,True,miss,assisted,right-foot,84,0.435,0.0
1787416200,Udinese,Como,1171451,8.9,49.7,70.3,4.2,False,miss,corner,head,84,0.056,0.0
1787416200,Udinese,Como,904887,9.1,55.8,32.6,47.2,True,miss,regular,left-foot,81,0.104,0.0
1787416200,Udinese,Como,1154894,9.1,67.9,48.0,10.8,True,save,assisted,right-foot,81,0.035,0.054
1787416200,Udinese,Como,1475557,15.1,38.9,42.4,2.8,False,miss,assisted,left-foot,80,0.04,0.0
1787416200,Udinese,Como,1171451,17.2,44.7,53.4,19.0,False,block,assisted,left-foot,78,0.045,0.0
1787416200,Udinese,Como,1475557,17.8,69.7,45.3,13.9,False,save,assisted,left-foot,75,0.018,0.24
1787416200,Udinese,Como,1536811,6.5,48.3,51.4,62.5,True,miss,assisted,head,68,0.177,0.0
1787416200,Udinese,Como,1493689,14.1,28.6,56.1,5.6,False,miss,assisted,right-foot,65,0.031,0.0
1787416200,Udinese,Como,1493689,12.5,29.4,48.6,86.1,False,miss,regular,left-foot,61,0.022,0.0
1787416200,Udinese,Como,894863,10.1,55.0,52.5,1.3,False,save,fast-break,left-foot,61,0.192,0.61
1787416200,Udinese,Como,1171451,28.1,45.9,49.3,19.0,False,block,assisted,left-foot,58,0.013,0.0
1787416200,Udinese,Como,864898,10.7,65.0,63.7,8.3,True,miss,set-piece,left-foot,56,0.082,0.0
1787416200,Udinese,Como,894863,3.2,52.8,47.4,15.8,False,goal,corner,right-foot,54,0.513,0.917
1787416200,Udinese,Como,826134,9.4,49.1,48.1,16.5,False,save,corner,head,54,0.068,0.099
1787416200,Udinese,Como,894863,13.2,69.7,48.7,19.0,False,block,assisted,right-foot,53,0.023,0.0
1787416200,Udinese,Como,798147,10.8,70.7,46.7,88.9,True,miss,assisted,right-foot,52,0.03,0.0
1787416200,Udinese,Como,1536811,15.1,24.4,59.2,70.8,True,miss,regular,left-foot,49,0.212,0.0
1787416200,Udinese,Como,1171451,27.8,62.2,53.3,6.3,False,save,assisted,left-foot,46,0.032,0.083
1787416200,Udinese,Como,1002813,29.3,56.6,49.2,77.8,False,miss,corner,right-foot,44,0.017,0.0
1787416200,Udinese,Como,1142238,21.8,45.0,50.5,19.0,False,block,corner,left-foot,44,0.034,0.0
1787416200,Udinese,Como,1090019,22.0,63.2,54.0,19.0,False,block,corner,right-foot,43,0.026,0.0
1787416200,Udinese,Como,894863,7.5,52.5,49.4,36.1,False,save,corner,head,43,0.097,0.241
1787416200,Udinese,Como,904887,15.0,6.4,32.4,90.3,True,miss,free-kick,right-foot,35,0.025,0.0
1787416200,Udinese,Como,1536811,13.0,53.0,70.1,34.7,True,miss,assisted,head,31,0.031,0.0
1787416200,Udinese,Como,351434,13.9,38.9,45.9,7.6,True,goal,fast-break,left-foot,29,0.535,0.776
1787416200,Udinese,Como,351434,30.9,27.4,60.3,11.1,True,miss,assisted,left-foot,26,0.011,0.0
1787416200,Udinese,Como,825271,27.2,50.8,62.0,11.1,True,miss,regular,right-foot,24,0.015,0.0
1787416200,Udinese,Como,864898,19.6,38.0,48.3,19.0,True,block,assisted,left-foot,24,0.053,0.0
1787416200,Udinese,Como,1800245,14.5,48.9,47.2,77.8,False,miss,corner,right-foot,23,0.071,0.0
1787416200,Udinese,Como,1800245,3.3,67.6,47.1,19.0,False,block,assisted,right-foot,22,0.028,0.0
1787416200,Udinese,Como,351434,20.1,31.7,52.0,14.6,True,save,assisted,left-foot,17,0.028,0.192
1787416200,Udinese,Como,798147,12.5,70.9,62.0,8.3,True,miss,regular,right-foot,15,0.038,0.0
1787416200,Udinese,Como,864898,23.5,44.9,51.5,19.0,True,block,assisted,left-foot,15,0.034,0.0
1787416200,Udinese,Como,1142238,15.4,24.8,52.0,19.0,False,block,regular,left-foot,2,0.013,0.0
1787416200,Inter,Monza,1156616,5.1,43.4,61.3,51.4,True,miss,regular,head,90,0.266,0.0
1787416200,Inter,Monza,967747,21.8,38.5,57.8,77.8,False,miss,assisted,left-foot,78,0.051,0.0
1787416200,Inter,Monza,856729,9.4,62.8,46.7,5.1,False,save,assisted,right-foot,76,0.263,0.103
1787416200,Inter,Monza,383560,10.0,53.3,52.8,39.9,True,post,corner,head,67,0.054,0.0
1787416200,Inter,Monza,1086223,10.0,33.2,46.8,19.0,True,block,throw-in-set-piece,right-foot,66,0.063,0.0
1787416200,Inter,Monza,906275,14.3,41.1,53.5,21.5,True,goal,assisted,left-foot,63,0.099,0.643
1787416200,Inter,Monza,1156616,4.8,56.9,47.2,14.6,True,goal,assisted,right-foot,55,0.202,0.732
1787416200,Inter,Monza,878496,4.5,46.7,50.9,3.8,False,save,regular,left-foot,50,0.249,0.274
1787416200,Inter,Monza,138605,16.4,41.7,48.4,10.8,True,goal,corner,right-foot,48,0.063,0.085
1787416200,Inter,Monza,1156616,7.5,42.4,52.4,19.0,True,block,throw-in-set-piece,right-foot,47,0.105,0.0
1787416200,Inter,Monza,1992105,13.6,65.6,53.7,19.0,False,block,fast-break,left-foot,41,0.051,0.0
1787416200,Inter,Monza,1146305,8.8,52.8,65.2,26.4,False,miss,assisted,head,40,0.178,0.0
1787416200,Inter,Monza,363856,15.3,70.5,55.6,77.8,True,miss,set-piece,right-foot,38,0.032,0.0
1787416200,Inter,Monza,1156616,21.8,34.2,58.0,69.4,True,miss,assisted,left-foot,32,0.041,0.0
1787416200,Inter,Monza,284361,19.8,35.0,50.6,0.6,True,save,assisted,left-foot,32,0.036,0.021
1787416200,Inter,Monza,1146305,8.3,51.1,76.8,19.4,False,miss,regular,head,31,0.402,0.0
1787416200,Inter,Monza,1146305,12.0,65.8,53.4,5.1,False,goal,assisted,right-foot,29,0.038,0.357
1787416200,Inter,Monza,363856,14.3,28.8,40.8,16.7,True,miss,assisted,right-foot,26,0.019,0.0
1787416200,Inter,Monza,1156616,15.4,43.0,51.3,19.0,True,block,throw-in-set-piece,right-foot,10,0.053,0.0
1787416200,Inter,Monza,135700,26.5,66.2,48.6,31.7,True,goal,assisted,right-foot,6,0.015,0.072
1787424300,Parma,Cagliari,1486729,7.4,48.3,48.1,62.5,True,miss,set-piece,head,90,0.238,0.0
1787424300,Parma,Cagliari,928103,12.5,42.9,45.6,25.0,True,block,corner,right-foot,90,0.035,0.0
1787424300,Parma,Cagliari,928103,13.5,53.2,38.0,8.3,True,miss,set-piece,head,88,0.021,0.0
1787424300,Parma,Cagliari,891346,22.5,32.5,58.5,2.8,True,miss,assisted,left-foot,84,0.021,0.0
1787424300,Parma,Cagliari,1417034,27.3,49.4,53.6,24.1,False,goal,assisted,left-foot,79,0.016,0.051
1787424300,Parma,Cagliari,979479,12.3,48.5,40.5,11.1,False,miss,assisted,head,73,0.033,0.0
1787424300,Parma,Cagliari,545780,18.5,45.7,40.0,51.4,False,miss,corner,right-foot,69,0.041,0.0
1787424300,Parma,Cagliari,1417034,11.3,37.8,51.9,6.3,False,save,regular,left-foot,65,0.116,0.092
1787424300,Parma,Cagliari,928777,8.0,66.9,47.9,19.0,False,block,assisted,right-foot,64,0.041,0.0
1787424300,Parma,Cagliari,1012179,18.1,50.1,53.3,8.2,False,save,assisted,right-foot,60,0.045,0.183
1787424300,Parma,Cagliari,1912962,11.9,37.8,54.1,56.9,True,miss,assisted,left-foot,59,0.089,0.0
1787424300,Parma,Cagliari,891346,27.6,45.6,47.0,1.9,True,save,free-kick,left-foot,58,0.015,0.046
1787424300,Parma,Cagliari,545780,23.5,37.6,48.1,5.7,False,save,assisted,right-foot,52,0.04,0.049
1787424300,Parma,Cagliari,2049928,13.0,48.7,99.2,18.1,False,miss,assisted,head,50,0.026,0.0
1787424300,Parma,Cagliari,328109,7.5,56.7,42.5,2.8,False,miss,set-piece,head,45,0.136,0.0
1787424300,Parma,Cagliari,1201388,11.3,41.6,38.2,8.3,True,miss,set-piece,head,44,0.023,0.0
1787424300,Parma,Cagliari,934384,21.5,68.1,54.5,88.9,True,miss,assisted,left-foot,42,0.017,0.0
1787424300,Parma,Cagliari,945448,7.6,51.9,47.9,87.5,False,miss,corner,head,37,0.178,0.0
1787424300,Parma,Cagliari,2049928,8.2,43.0,50.1,19.0,False,block,assisted,right-foot,36,0.117,0.0
1787424300,Parma,Cagliari,1201388,18.2,48.0,63.4,6.9,True,miss,regular,right-foot,34,0.076,0.0
1787424300,Parma,Cagliari,2049928,13.2,66.9,47.4,5.1,False,save,assisted,right-foot,26,0.043,0.189
1787424300,Parma,Cagliari,1542692,24.0,50.4,58.0,90.3,True,miss,set-piece,right-foot,20,0.017,0.0
1787424300,Parma,Cagliari,970928,22.0,37.6,43.4,31.9,False,miss,assisted,right-foot,15,0.032,0.0
1787424300,Parma,Cagliari,982615,20.7,58.9,50.6,3.8,True,save,assisted,right-foot,13,0.064,0.034
1787424300,Parma,Cagliari,928103,13.2,52.3,47.9,69.4,True,miss,set-piece,head,11,0.034,0.0
1787424300,Parma,Cagliari,984527,3.2,57.9,41.0,15.3,True,miss,corner,head,7,0.102,0.0
1787424300,Parma,Cagliari,2049928,7.2,64.4,46.7,19.0,False,block,assisted,right-foot,4,0.071,0.0
1787424300,Genoa,SSC Napoli,1069560,10.7,33.2,51.9,3.2,False,goal,fast-break,left-foot,87,0.115,0.248
1787424300,Genoa,SSC Napoli,70996,8.9,55.1,48.0,22.8,False,goal,assisted,right-foot,82,0.267,0.563
1787424300,Genoa,SSC Napoli,799054,12.3,67.8,42.2,29.2,True,miss,fast-break,right-foot,79,0.051,0.0
1787424300,Genoa,SSC Napoli,1069560,14.7,47.3,50.3,19.0,False,block,assisted,left-foot,79,0.06,0.0
1787424300,Genoa,SSC Napoli,148899,6.4,32.8,48.1,19.0,False,block,assisted,left-foot,76,0.048,0.0
1787424300,Genoa,SSC Napoli,150383,21.8,43.4,56.5,18.1,False,miss,assisted,right-foot,74,0.068,0.0
1787424300,Genoa,SSC Napoli,1012172,23.4,40.5,53.2,19.0,True,block,assisted,left-foot,65,0.028,0.0
1787424300,Genoa,SSC Napoli,332155,29.7,51.9,16.6,16.7,False,miss,regular,right-foot,64,0.009,0.0
1787424300,Genoa,SSC Napoli,150383,18.5,49.5,45.6,8.3,False,block,assisted,left-foot,64,0.076,0.0
1787424300,Genoa,SSC Napoli,879346,26.6,55.8,52.9,5.1,False,save,assisted,right-foot,63,0.036,0.055
1787424300,Genoa,SSC Napoli,1122835,21.5,26.2,50.7,19.0,False,block,assisted,right-foot,62,0.017,0.0
1787424300,Genoa,SSC Napoli,1122835,27.3,49.3,73.3,6.9,False,miss,corner,right-foot,54,0.009,0.0
1787424300,Genoa,SSC Napoli,1012172,14.1,55.6,51.3,19.0,True,block,corner,right-foot,51,0.054,0.0
1787424300,Genoa,SSC Napoli,933203,13.0,29.1,51.1,19.0,True,block,assisted,left-foot,50,0.055,0.0
1787424300,Genoa,SSC Napoli,148899,20.2,37.5,52.7,13.9,False,save,regular,right-foot,44,0.021,0.068
1787424300,Genoa,SSC Napoli,1122835,17.8,29.4,57.1,2.8,False,miss,assisted,right-foot,39,0.028,0.0
1787424300,Genoa,SSC Napoli,1093695,28.5,42.8,49.6,9.5,True,save,assisted,right-foot,37,0.026,0.011
1787424300,Genoa,SSC Napoli,1012172,12.7,51.5,51.3,19.0,True,block,regular,left-foot,37,0.207,0.0
1787424300,Genoa,SSC Napoli,1511706,25.9,29.7,49.7,22.2,True,save,assisted,right-foot,22,0.019,0.013
1787424300,Genoa,SSC Napoli,1012172,11.5,60.6,47.8,19.0,True,block,corner,left-foot,21,0.064,0.0
1787424300,Genoa,SSC Napoli,332155,32.1,50.1,49.0,19.0,False,block,regular,right-foot,17,0.016,0.0
1787424300,Genoa,SSC Napoli,1093695,16.9,56.0,63.9,15.3,True,miss,assisted,right-foot,7,0.077,0.0
1787424300,Genoa,SSC Napoli,1093695,13.2,32.1,39.3,51.4,True,miss,regular,right-foot,6,0.064,0.0
1787424300,Genoa,SSC Napoli,918440,24.0,46.4,51.8,84.7,True,miss,regular,right-foot,6,0.021,0.0
1787502600,Venezia,Lecce,1124624,22.6,37.0,48.7,15.8,True,save,assisted,right-foot,90,0.029,0.017
1787502600,Venezia,Lecce,1124624,12.0,45.6,49.0,40.5,True,post,regular,right-foot,90,0.22,0.0
1787502600,Venezia,Lecce,250501,4.6,45.6,51.2,24.1,True,save,regular,head,90,0.332,0.522
1787502600,Venezia,Lecce,1029748,3.0,56.4,43.0,5.6,False,miss,assisted,left-foot,84,0.609,0.0
1787502600,Venezia,Lecce,984998,3.9,43.4,1.0,8.3,False,miss,assisted,right-foot,84,0.372,0.0
1787502600,Venezia,Lecce,1029748,4.1,44.0,55.6,62.5,False,miss,assisted,left-foot,82,0.338,0.0
1787502600,Venezia,Lecce,1651825,1.7,52.4,46.0,7.6,False,goal,corner,head,80,0.903,0.994
1787502600,Venezia,Lecce,1175854,27.5,41.1,49.1,19.0,False,block,assisted,right-foot,79,0.027,0.0
1787502600,Venezia,Lecce,1029748,9.6,25.4,54.2,14.6,False,save,regular,right-foot,79,0.023,0.208
1787502600,Venezia,Lecce,984998,25.8,57.0,52.9,19.0,False,save,regular,right-foot,79,0.093,0.0
1787502600,Venezia,Lecce,849274,22.0,47.2,49.0,7.6,False,save,assisted,left-foot,77,0.029,0.11
1787502600,Venezia,Lecce,880742,3.6,40.5,53.6,6.3,True,save,corner,right-foot,72,0.087,0.327
1787502600,Venezia,Lecce,880742,4.3,43.3,52.3,17.7,True,save,corner,head,72,0.196,0.293
1787502600,Venezia,Lecce,1394202,7.8,56.7,49.4,61.1,True,miss,assisted,head,67,0.116,0.0
1787502600,Venezia,Lecce,946381,7.5,44.8,50.8,51.4,True,miss,assisted,head,64,0.078,0.0
1787502600,Venezia,Lecce,946381,22.0,32.4,52.7,7.6,True,save,assisted,right-foot,59,0.032,0.152
1787502600,Venezia,Lecce,896180,19.3,54.0,44.4,77.8,True,miss,free-kick,right-foot,57,0.149,0.0
1787502600,Venezia,Lecce,896180,20.1,40.7,50.6,19.0,True,block,assisted,right-foot,50,0.031,0.0
1787502600,Venezia,Lecce,976025,4.4,54.4,39.0,59.7,True,miss,set-piece,head,49,0.251,0.0
1787502600,Venezia,Lecce,1403088,16.6,52.4,53.6,12.0,False,goal,assisted,right-foot,46,0.135,0.818
1787502600,Venezia,Lecce,851282,8.9,43.6,47.4,19.0,True,save,regular,left-foot,45,0.097,0.0
1787502600,Venezia,Lecce,804621,3.5,64.0,44.8,7.6,False,post,corner,right-foot,36,0.12,0.0
1787502600,Venezia,Lecce,945616,31.2,30.7,52.8,77.8,False,miss,assisted,left-foot,34,0.016,0.0
1787502600,Venezia,Lecce,896180,19.1,50.7,55.8,11.4,True,post,assisted,left-foot,32,0.065,0.0
1787502600,Venezia,Lecce,851282,25.8,40.3,70.9,6.9,True,miss,assisted,right-foot,24,0.016,0.0
1787502600,Venezia,Lecce,978327,21.8,34.4,30.4,6.9,False,miss,fast-break,left-foot,23,0.038,0.0
1787502600,Venezia,Lecce,879802,12.2,60.4,51.6,13.3,True,save,fast-break,left-foot,22,0.181,0.507
1787502600,Venezia,Lecce,851282,12.1,40.6,49.8,19.0,True,block,assisted,right-foot,16,0.064,0.0
1787502600,Venezia,Lecce,946381,7.6,45.8,50.9,59.7,True,miss,set-piece,head,11,0.122,0.0
1787502600,Venezia,Lecce,879802,8.9,61.5,67.2,13.9,True,miss,set-piece,left-foot,11,0.037,0.0
1787502600,Venezia,Lecce,1394202,17.7,69.1,60.5,1.4,True,miss,assisted,right-foot,8,0.035,0.0
1787502600,Frosinone,Juventus,876860,25.3,23.3,62.9,63.9,True,miss,assisted,left-foot,90,0.013,0.0
1787502600,Frosinone,Juventus,1425050,9.8,49.0,55.2,37.3,True,post,corner,head,90,0.036,0.0
1787502600,Frosinone,Juventus,803033,20.1,62.6,50.5,19.0,False,block,assisted,right-foot,88,0.042,0.0
1787502600,Frosinone,Juventus,1082407,21.2,38.2,63.0,27.8,True,miss,assisted,left-foot,87,0.071,0.0
1787502600,Frosinone,Juventus,887766,27.8,55.0,72.4,20.8,False,miss,assisted,left-foot,83,0.027,0.0
1787502600,Frosinone,Juventus,1140001,13.9,15.5,51.7,19.0,True,block,assisted,right-foot,74,0.015,0.0
1787502600,Frosinone,Juventus,881931,8.3,46.0,22.4,5.6,False,miss,corner,head,71,0.096,0.0
1787502600,Frosinone,Juventus,1425050,10.5,45.4,53.5,76.4,True,miss,corner,head,70,0.027,0.0
1787502600,Frosinone,Juventus,979222,25.5,68.1,56.8,23.6,False,miss,assisted,left-foot,66,0.024,0.0
1787502600,Frosinone,Juventus,881931,12.8,64.0,50.8,19.0,False,block,assisted,left-foot,63,0.039,0.0
1787502600,Frosinone,Juventus,1140001,11.0,25.9,58.5,13.9,True,miss,assisted,left-foot,58,0.025,0.0
1787502600,Frosinone,Juventus,1164381,13.3,69.9,47.0,21.5,True,save,assisted,left-foot,53,0.038,0.146
1787502600,Frosinone,Juventus,979222,9.3,53.8,47.2,61.1,False,miss,assisted,left-foot,52,0.444,0.0
1787502600,Frosinone,Juventus,979222,14.9,69.3,49.1,1.9,False,save,assisted,left-foot,48,0.02,0.02
1787502600,Frosinone,Juventus,871706,11.7,41.1,49.9,19.0,False,block,regular,right-foot,45,0.066,0.0
1787502600,Frosinone,Juventus,867887,24.8,58.7,45.0,66.7,False,miss,assisted,right-foot,45,0.038,0.0
1787502600,Frosinone,Juventus,1149011,11.7,39.5,49.3,15.2,False,save,regular,right-foot,42,0.155,0.078
1787502600,Frosinone,Juventus,965330,10.7,63.0,54.2,16.5,False,save,regular,right-foot,42,0.055,0.52
1787502600,Frosinone,Juventus,1140001,12.3,33.7,57.3,16.7,True,miss,regular,right-foot,40,0.054,0.0
1787502600,Frosinone,Juventus,1394498,22.3,52.2,50.9,16.5,True,save,assisted,left-foot,40,0.032,0.034
1787502600,Frosinone,Juventus,867887,18.7,52.3,49.2,19.0,False,block,fast-break,right-foot,38,0.067,0.0
1787502600,Frosinone,Juventus,865167,7.6,45.9,58.3,88.9,False,miss,corner,left-foot,35,0.101,0.0
1787502600,Frosinone,Juventus,1149011,8.8,31.3,46.6,19.0,False,block,corner,left-foot,35,0.035,0.0
1787502600,Frosinone,Juventus,867887,26.6,39.1,53.6,54.2,False,miss,free-kick,right-foot,31,0.039,0.0
1787502600,Frosinone,Juventus,885197,6.2,50.2,49.1,4.4,False,goal,corner,head,22,0.319,0.3
1787502600,Frosinone,Juventus,871706,4.3,56.4,48.7,84.7,False,miss,corner,right-foot,19,0.3,0.0
1787502600,Frosinone,Juventus,885197,9.4,45.6,42.2,20.8,False,miss,corner,head,17,0.1,0.0
1787502600,Frosinone,Juventus,1121578,14.8,40.1,52.1,19.0,True,block,assisted,left-foot,13,0.045,0.0
1787502600,Frosinone,Juventus,979222,13.0,60.1,49.1,19.0,False,block,fast-break,left-foot,7,0.095,0.0
1787502600,Frosinone,Juventus,871706,18.4,49.5,49.9,0.6,False,save,assisted,left-foot,7,0.126,0.049
1787502600,Frosinone,Juventus,1009363,7.3,58.1,40.2,51.4,True,miss,set-piece,head,4,0.055,0.0
1787510700,Atalanta,Sassuolo,1461516,11.2,67.0,43.2,11.1,False,miss,regular,right-foot,90,0.024,0.0
1787510700,Atalanta,Sassuolo,1012176,3.2,38.7,50.3,97.2,True,miss,corner,head,90,0.04,0.0
1787510700,Atalanta,Sassuolo,132318,23.0,72.7,48.8,19.0,True,block,assisted,right-foot,90,0.024,0.0
1787510700,Atalanta,Sassuolo,1162611,23.2,24.8,41.3,55.6,False,miss,assisted,right-foot,90,0.021,0.0
1787510700,Atalanta,Sassuolo,839156,13.5,63.6,47.0,5.1,True,save,assisted,right-foot,82,0.073,0.125
1787510700,Atalanta,Sassuolo,839156,20.5,70.6,62.7,22.2,True,miss,assisted,left-foot,78,0.02,0.0
1787510700,Atalanta,Sassuolo,932643,23.2,25.2,52.6,3.8,False,save,corner,right-foot,73,0.02,0.038
1787510700,Atalanta,Sassuolo,924973,20.0,54.5,48.6,19.0,False,block,assisted,right-foot,71,0.035,0.0
1787510700,Atalanta,Sassuolo,980624,22.2,61.3,58.0,8.3,True,miss,regular,left-foot,70,0.033,0.0
1787510700,Atalanta,Sassuolo,924973,21.8,59.7,52.4,5.7,False,save,assisted,left-foot,69,0.036,0.066
1787510700,Atalanta,Sassuolo,839156,14.5,56.2,48.1,17.1,True,goal,regular,right-foot,65,0.088,0.351
1787510700,Atalanta,Sassuolo,1155625,15.0,38.5,50.1,5.1,False,save,assisted,right-foot,65,0.037,0.021
1787510700,Atalanta,Sassuolo,44241,24.7,49.9,51.9,65.3,False,miss,regular,left-foot,64,0.016,0.0
1787510700,Atalanta,Sassuolo,932643,11.9,46.8,46.1,66.7,False,miss,assisted,right-foot,60,0.102,0.0
1787510700,Atalanta,Sassuolo,991677,3.7,49.0,46.4,18.4,False,goal,throw-in-set-piece,head,55,0.643,0.986
1787510700,Atalanta,Sassuolo,865651,8.3,34.4,50.6,19.0,True,block,assisted,left-foot,52,0.089,0.0
1787510700,Atalanta,Sassuolo,946888,26.3,38.9,46.1,2.5,True,save,assisted,right-foot,50,0.028,0.154
1787510700,Atalanta,Sassuolo,932643,12.7,39.5,37.3,70.8,False,miss,assisted,right-foot,50,0.151,0.0
1787510700,Atalanta,Sassuolo,902019,27.2,31.5,50.0,19.6,True,save,regular,right-foot,45,0.014,0.009
1787510700,Atalanta,Sassuolo,1155625,4.3,65.8,46.9,13.3,False,save,assisted,right-foot,43,0.052,0.113
1787510700,Atalanta,Sassuolo,932643,28.2,28.0,42.2,66.7,False,miss,free-kick,right-foot,42,0.035,0.0
1787510700,Atalanta,Sassuolo,1149288,8.8,63.0,46.1,7.6,False,save,assisted,right-foot,40,0.083,0.162
1787510700,Atalanta,Sassuolo,1149288,14.1,55.8,45.9,19.0,False,block,assisted,right-foot,36,0.062,0.0
1787510700,Atalanta,Sassuolo,983601,3.2,46.5,55.1,72.2,False,miss,corner,head,32,0.548,0.0
1787510700,Atalanta,Sassuolo,1149288,10.3,53.5,50.3,17.1,False,save,assisted,right-foot,31,0.617,0.289
1787510700,Atalanta,Sassuolo,932643,22.3,31.5,47.4,23.4,False,save,assisted,right-foot,30,0.021,0.093
1787510700,Atalanta,Sassuolo,932643,16.2,27.2,50.1,19.0,False,block,assisted,right-foot,29,0.016,0.0
1787510700,Atalanta,Sassuolo,989276,26.4,38.3,48.6,19.0,False,block,set-piece,left-foot,27,0.02,0.0
1787510700,Atalanta,Sassuolo,1149288,22.8,66.2,51.0,19.0,False,block,set-piece,right-foot,27,0.023,0.0
1787510700,Atalanta,Sassuolo,132318,11.1,70.5,47.1,41.8,True,post,assisted,right-foot,25,0.037,0.0
1787510700,Atalanta,Sassuolo,1823916,18.5,54.2,42.4,22.2,False,miss,assisted,left-foot,25,0.073,0.0
1787510700,Atalanta,Sassuolo,946888,26.1,28.2,52.8,5.7,True,save,regular,right-foot,19,0.013,0.081
1787510700,Atalanta,Sassuolo,865651,13.8,35.1,52.1,19.0,True,block,fast-break,left-foot,18,0.075,0.0
1787510700,Atalanta,Sassuolo,984184,13.2,64.0,47.0,4.4,True,save,regular,right-foot,10,0.258,0.447
1787510700,Atalanta,Sassuolo,983601,9.1,43.9,54.6,62.5,False,miss,assisted,left-foot,10,0.067,0.0
1787510700,Atalanta,Sassuolo,865651,10.8,35.2,49.9,18.4,True,goal,assisted,left-foot,6,0.091,0.067
1787510700,Torino,AC Milan,773409,11.1,44.8,45.8,27.2,True,goal,set-piece,right-foot,90,0.118,0.891
1787510700,Torino,AC Milan,856737,7.3,57.7,42.4,22.2,True,miss,assisted,left-foot,84,0.332,0.0
1787510700,Torino,AC Milan,1001945,23.2,27.6,32.8,20.8,True,miss,regular,right-foot,83,0.024,0.0
1787510700,Torino,AC Milan,1210848,9.5,49.9,54.6,79.2,True,miss,throw-in-set-piece,left-foot,79,0.486,0.0
1787510700,Torino,AC Milan,1493157,5.2,33.9,55.1,22.8,True,post,fast-break,right-foot,74,0.101,0.0
1787510700,Torino,AC Milan,934510,3.8,43.8,52.7,3.8,False,save,assisted,left-foot,72,0.281,0.35
1787510700,Torino,AC Milan,901891,14.7,48.3,53.5,70.8,False,miss,assisted,left-foot,69,0.139,0.0
1787510700,Torino,AC Milan,934510,13.5,44.8,51.4,19.0,False,block,assisted,right-foot,69,0.096,0.0
1787510700,Torino,AC Milan,250737,3.3,44.4,53.3,24.1,False,goal,assisted,left-foot,67,0.398,0.809
1787510700,Torino,AC Milan,1169409,11.7,37.8,47.0,20.9,False,goal,assisted,right-foot,64,0.176,0.773
1787510700,Torino,AC Milan,341143,14.4,51.3,49.8,19.0,True,block,assisted,right-foot,63,0.143,0.0
1787510700,Torino,AC Milan,1001828,3.5,57.0,47.6,19.0,False,block,corner,head,58,0.142,0.0
1787510700,Torino,AC Milan,934510,9.4,46.8,78.0,6.9,False,miss,assisted,head,58,0.06,0.0
1787510700,Torino,AC Milan,934510,9.1,40.1,51.8,66.7,False,miss,assisted,head,54,0.031,0.0
1787510700,Torino,AC Milan,1089453,8.5,61.3,61.3,20.8,True,miss,set-piece,other,53,0.015,0.0
1787510700,Torino,AC Milan,284441,11.4,54.2,38.5,9.7,False,miss,assisted,head,46,0.033,0.0
1787510700,Torino,AC Milan,1169409,3.2,34.2,56.8,23.6,False,miss,assisted,head,32,0.021,0.0
1787510700,Torino,AC Milan,822470,10.8,58.5,66.4,88.9,False,miss,regular,left-foot,30,0.068,0.0
1787510700,Torino,AC Milan,822470,9.1,64.2,46.8,3.2,False,save,assisted,left-foot,30,0.079,0.114
1787510700,Torino,AC Milan,1169409,15.4,30.7,47.5,19.0,False,block,assisted,right-foot,28,0.057,0.0
1787510700,Torino,AC Milan,284441,5.5,62.8,40.0,9.7,False,miss,assisted,right-foot,25,0.08,0.0
1787510700,Torino,AC Milan,805465,9.1,46.6,51.6,19.0,False,block,assisted,head,23,0.063,0.0
1787510700,Torino,AC Milan,284441,8.6,59.3,48.1,19.0,False,block,assisted,right-foot,21,0.074,0.0
1787510700,Torino,AC Milan,341143,9.7,61.1,50.5,19.0,True,block,regular,right-foot,9,0.066,0.0
1787510700,Torino,AC Milan,284441,15.3,53.8,37.5,6.9,False,miss,assisted,right-foot,6,0.045,0.0
1787510700,Torino,AC Milan,934510,8.0,66.4,47.3,19.0,False,block,assisted,right-foot,3,0.058,0.0
1787510700,Torino,AC Milan,1169409,2.0,35.0,56.5,20.8,False,miss,assisted,left-foot,2,0.251,0.0
1787589000,Bologna,Lazio,907152,3.8,47.9,52.4,19.0,True,save,regular,left-foot,90,0.312,0.0
1787589000,Bologna,Lazio,826064,15.8,51.3,34.0,22.2,True,miss,set-piece,left-foot,90,0.043,0.0
1787589000,Bologna,Lazio,965264,27.4,47.5,51.6,19.0,True,block,free-kick,right-foot,90,0.04,0.0
1787589000,Bologna,Lazio,976381,11.6,64.3,47.9,79.2,False,miss,assisted,right-foot,89,0.096,0.0
1787589000,Bologna,Lazio,294597,22.6,68.5,58.5,100.0,True,miss,assisted,left-foot,82,0.021,0.0
1787589000,Bologna,Lazio,937324,27.8,41.7,55.8,73.6,False,miss,free-kick,right-foot,81,0.035,0.0
1787589000,Bologna,Lazio,1065261,4.8,49.7,51.7,7.0,True,save,corner,right-foot,77,0.336,0.267
1787589000,Bologna,Lazio,1486808,7.9,48.4,52.9,19.0,True,save,corner,right-foot,76,0.099,0.0
1787589000,Bologna,Lazio,294597,21.8,69.9,53.9,9.5,True,save,free-kick,left-foot,76,0.049,0.381
1787589000,Bologna,Lazio,293581,20.2,48.5,49.1,19.0,False,block,assisted,right-foot,70,0.035,0.0
1787589000,Bologna,Lazio,293581,25.3,37.6,51.7,7.0,False,save,assisted,right-foot,63,0.031,0.023
1787589000,Bologna,Lazio,835600,7.0,60.7,48.7,8.9,False,goal,throw-in-set-piece,right-foot,59,0.215,0.201
1787589000,Bologna,Lazio,1100354,10.9,46.9,49.9,61.1,False,miss,corner,head,58,0.032,0.0
1787589000,Bologna,Lazio,971005,12.4,34.4,50.8,19.0,True,block,assisted,left-foot,51,0.043,0.0
1787589000,Bologna,Lazio,971005,4.8,45.0,59.0,2.8,True,miss,corner,right-foot,48,0.183,0.0
1787589000,Bologna,Lazio,826064,5.4,48.6,53.5,11.4,True,save,corner,head,48,0.449,0.91
1787589000,Bologna,Lazio,1486808,7.9,40.0,50.1,47.2,True,miss,corner,head,45,0.021,0.0
1787589000,Bologna,Lazio,826064,3.0,57.1,43.2,2.8,True,miss,corner,right-foot,38,0.182,0.0
1787589000,Bologna,Lazio,928104,14.7,72.8,49.3,19.0,True,block,assisted,right-foot,36,0.043,0.0
1787589000,Bologna,Lazio,1017649,24.7,66.1,49.1,69.4,False,miss,assisted,left-foot,20,0.026,0.0
1787589000,Bologna,Lazio,958982,9.5,42.3,59.7,19.4,True,miss,corner,left-foot,17,0.045,0.0
1787589000,Bologna,Lazio,1017649,18.7,69.9,47.1,0.6,False,save,corner,left-foot,14,0.011,0.037
1787589000,Bologna,Lazio,797290,13.2,31.7,49.5,19.0,False,block,assisted,right-foot,13,0.072,0.0
1787589000,Bologna,Lazio,293581,12.0,35.8,42.2,5.6,False,miss,assisted,right-foot,8,0.08,0.0
1787597100,AS Roma,Fiorentina,1082406,10.8,66.0,54.7,19.0,True,block,assisted,left-foot,90,0.151,0.0
1787597100,AS Roma,Fiorentina,1175821,4.8,51.2,53.3,3.8,True,goal,regular,right-foot,86,0.317,0.835
1787597100,AS Roma,Fiorentina,1082406,5.5,61.7,50.3,5.1,True,save,assisted,left-foot,85,0.186,0.279
1787597100,AS Roma,Fiorentina,1116577,14.4,45.4,57.3,30.6,True,miss,assisted,left-foot,84,0.155,0.0
1787597100,AS Roma,Fiorentina,997103,10.0,62.8,60.8,13.9,False,miss,set-piece,head,81,0.038,0.0
1787597100,AS Roma,Fiorentina,835601,17.9,29.7,50.8,8.9,False,save,fast-break,right-foot,73,0.035,0.024
1787597100,AS Roma,Fiorentina,822518,28.6,61.8,28.9,81.9,False,miss,corner,right-foot,72,0.005,0.0
1787597100,AS Roma,Fiorentina,835601,14.8,62.6,50.8,3.8,False,save,fast-break,right-foot,71,0.14,0.125
1787597100,AS Roma,Fiorentina,1888002,24.4,65.2,41.2,16.7,False,miss,corner,right-foot,67,0.016,0.0
1787597100,AS Roma,Fiorentina,803039,2.7,53.6,47.4,13.9,True,goal,assisted,right-foot,60,0.892,0.987
1787597100,AS Roma,Fiorentina,803039,21.1,59.5,60.7,5.6,True,miss,assisted,right-foot,58,0.068,0.0
1787597100,AS Roma,Fiorentina,1114422,11.1,53.4,43.7,12.5,False,miss,throw-in-set-piece,head,54,0.036,0.0
1787597100,AS Roma,Fiorentina,803039,5.2,34.4,53.0,31.0,True,goal,assisted,left-foot,52,0.058,0.422
1787597100,AS Roma,Fiorentina,1403559,28.4,65.0,45.7,79.2,False,miss,free-kick,left-foot,50,0.033,0.0
1787597100,AS Roma,Fiorentina,1410240,21.8,31.6,48.3,3.2,True,save,assisted,right-foot,41,0.014,0.021
1787597100,AS Roma,Fiorentina,1114422,22.2,68.7,54.4,0.6,False,save,assisted,right-foot,40,0.033,0.203
1787597100,AS Roma,Fiorentina,803039,14.1,40.7,51.9,19.0,True,block,assisted,right-foot,32,0.08,0.0
1787597100,AS Roma,Fiorentina,256219,27.9,51.2,50.4,19.0,True,block,free-kick,left-foot,31,0.039,0.0
1787597100,AS Roma,Fiorentina,803039,7.0,48.6,49.0,3.8,True,goal,assisted,left-foot,27,0.387,0.246
1787597100,AS Roma,Fiorentina,1955992,6.9,53.9,47.9,72.2,True,miss,assisted,head,25,0.121,0.0
1787597100,AS Roma,Fiorentina,848287,6.6,53.0,71.8,12.5,True,miss,throw-in-set-piece,head,20,0.407,0.0
1787597100,AS Roma,Fiorentina,1410240,11.3,31.2,47.6,22.8,True,save,assisted,right-foot,19,0.038,0.114
1787597100,AS Roma,Fiorentina,256219,12.2,64.0,45.4,86.1,True,miss,assisted,left-foot,14,0.07,0.0
1787597100,AS Roma,Fiorentina,928800,25.7,28.7,50.7,4.4,False,save,assisted,left-foot,12,0.014,0.012
1787597100,AS Roma,Fiorentina,256219,16.9,63.4,55.5,66.7,True,miss,assisted,left-foot,6,0.049,0.0
1787597100,AS Roma,Fiorentina,256219,22.3,64.4,47.0,2.5,True,save,fast-break,left-foot,4,0.035,0.094
