Player,Squad,tm_player_id,MarketValue_EUR,MatchScore
David Ospina,Arsenal,73396.0,100000.0,100
Jack Butland,Stoke City,128899.0,1500000.0,100
Petr Čech,Arsenal,5658.0,2500000.0,100
Vito Mannone,Sunderland,33781.0,200000.0,100
Heurelho Gomes,Watford,19059.0,400000.0,100
Karl Darlow,Newcastle Utd,99397.0,200000.0,100
Adrián,West Ham,16955.0,200000.0,100
Kasper Schmeichel,Leicester City,16911.0,150000.0,100
Hugo Lloris,Tottenham,17965.0,1000000.0,100
David De Gea,Manchester Utd,59377.0,3500000.0,100
Jordan Pickford,Sunderland,130164.0,13000000.0,100
Tim Howard,Everton,4267.0,300000.0,100
Joe Hart,Manchester City,40204.0,500000.0,100
Fraser Forster,Southampton,52570.0,400000.0,100
Asmir Begović,Chelsea,33873.0,200000.0,100
Ben Foster,West Brom,13572.0,300000.0,100
Łukasz Fabiański,Swansea City,29692.0,150000.0,96
Willy Caballero,Manchester City,19948.0,150000.0,100
Kristoffer Nordfeldt,Swansea City,75890.0,175000.0,100
Kelvin Davis,Southampton,13640.0,250000.0,100
Joel Robles,Everton,101118.0,350000.0,100
Tim Krul,Newcastle Utd,33027.0,500000.0,100
Paulo Gazzaniga,Southampton,195488.0,1800000.0,100
Sergio Romero,Manchester Utd,30690.0,400000.0,100
Thibaut Courtois,Chelsea,108390.0,15000000.0,100
Robert Elliot,Newcastle Utd,1084714.0,2500000.0,100
Boaz Myhill,West Brom,3838.0,350000.0,100
Costel Pantilimon,Watford,47659.0,250000.0,100
Julián Speroni,Crystal Palace,12814.0,250000.0,100
Simon Mignolet,Liverpool,50219.0,1000000.0,100
Maarten Stekelenburg,Southampton,4311.0,75000.0,100
Wayne Hennessey,Crystal Palace,45494.0,150000.0,100
Alex McCarthy,Crystal Palace,95976.0,300000.0,100
Brad Guzan,Aston Villa,39471.0,100000.0,100
Declan Rudd,Norwich City,74088.0,800000.0,100
Michel Vorm,Tottenham,26276.0,800000.0,100
Mark Bunn,Aston Villa,49319.0,250000.0,100
John Ruddy,Norwich City,29712.0,100000.0,100
Artur Boruc,Bournemouth,15220.0,50000.0,100
Shay Given,Stoke City,3146.0,250000.0,100
Darren Randolph,West Ham,51321.0,300000.0,100
Ryan Allsop,Bournemouth,111073.0,900000.0,100
Jakob Haugaard,Stoke City,138335.0,400000.0,100
Adam Federici,Bournemouth,4233.0,250000.0,100
Giedrius Arlauskis,Watford,69001.0,200000.0,100
Ádám Bogdán,Liverpool,55247.0,250000.0,100
Virgil van Dijk,Southampton,139208.0,15000000.0,100
Lamine Koné,Sunderland,57420.0,150000.0,100
Laurent Koscielny,Arsenal,76277.0,3000000.0,100
Christian Fuchs,Leicester City,6636.0,400000.0,100
Toby Alderweireld,Tottenham,42710.0,2000000.0,100
Nicolás Otamendi,Manchester City,54781.0,1000000.0,100
Vincent Kompany,Manchester City,9594.0,4000000.0,100
Gabriel Paulista,Arsenal,149498.0,500000.0,100
Ramiro Funes Mori,Everton,11111.0,25000.0,100
Ashley Williams,Swansea City,67355.0,800000.0,100
Daley Blind,Manchester Utd,12282.0,1200000.0,100
Phil Jagielka,Everton,13520.0,200000.0,100
Jonny Evans,West Brom,42412.0,2000000.0,100
Gaël Clichy,Manchester City,7449.0,100000.0,100
Nathan Aké,Watford,177476.0,12000000.0,100
Winston Reid,West Ham,37526.0,600000.0,100
Timm Klose,Norwich City,65255.0,300000.0,100
Kieran Trippier,Tottenham,95810.0,1500000.0,100
Jan Vertonghen,Tottenham,43250.0,1000000.0,100
Alberto Moreno,Liverpool,207917.0,1000000.0,100
Nacho Monreal,Arsenal,43003.0,1000000.0,100
Jores Okore,Aston Villa,129085.0,1500000.0,100
Dejan Lovren,Liverpool,37838.0,400000.0,100
Antonio Valencia,Manchester Utd,33544.0,1800000.0,100
César Azpilicueta,Chelsea,57500.0,1000000.0,100
José Fonte,Southampton,33829.0,100000.0,100
Chris Smalling,Manchester Utd,103427.0,1000000.0,100
Brede Hangeland,Crystal Palace,25553.0,1000000.0,100
Kyle Walker,Tottenham,95424.0,1500000.0,100
Mamadou Sakho,Liverpool,47713.0,800000.0,100
Danny Rose,Tottenham,50174.0,500000.0,100
Emre Can,Liverpool,119296.0,3000000.0,100
Steven Caulker,Liverpool,121280.0,600000.0,100
Eric Dier,Tottenham,175722.0,4000000.0,100
Scott Dann,Crystal Palace,62688.0,200000.0,100
Robert Huth,Leicester City,2998.0,2500000.0,100
Steve Cook,Bournemouth,90836.0,1800000.0,100
Aleksandar Kolarov,Manchester City,46156.0,500000.0,100
Wes Morgan,Leicester City,10003.0,400000.0,100
Kevin Wimmer,Tottenham,122675.0,500000.0,100
Sebastien Pocognoli,West Brom,17804.0,100000.0,100
Federico Fernández,Swansea City,85475.0,500000.0,100
Philipp Wollscheid,Stoke City,53173.0,2500000.0,100
Younès Kaboul,Sunderland,27114.0,1500000.0,100
Carlos Sánchez,Aston Villa,803608.0,3000000.0,100
Martin Škrtel,Liverpool,24180.0,350000.0,100
Kolo Touré,Liverpool,3202.0,1750000.0,100
Simon Francis,Bournemouth,13573.0,800000.0,100
John Stones,Everton,186590.0,12000000.0,100
Bacary Sagna,Manchester City,26764.0,500000.0,100
Timothy Fosu-Mensah,Manchester Utd,315131.0,800000.0,100
Gareth McAuley,West Brom,40567.0,500000.0,100
Patrick van Aanholt,Sunderland,52119.0,250000.0,100
James Tomkins,West Ham,61592.0,700000.0,100
James Collins,West Ham,12691.0,600000.0,100
Kyle Bartley,Swansea City,67421.0,600000.0,100
Stephen Kingsley,Swansea City,184398.0,500000.0,100
Leighton Baines,Everton,13507.0,1600000.0,100
Héctor Bellerín,Arsenal,191217.0,2400000.0,100
Chancel Mbemba,Newcastle Utd,203348.0,2000000.0,100
Cuco Martina,Southampton,91251.0,250000.0,100
Damien Delaney,Crystal Palace,36861.0,1000000.0,100
Danny Simpson,Leicester City,37442.0,300000.0,100
Luke Shaw,Manchester Utd,183288.0,8000000.0,100
Erik Pieters,Stoke City,43763.0,350000.0,100
Àngel Rangel,Swansea City,66550.0,300000.0,100
Kurt Zouma,Chelsea,157509.0,25000000.0,100
Phil Bardsley,Stoke City,15773.0,75000.0,100
Donald Love,Manchester Utd,179451.0,250000.0,100
Adam Matthews,Sunderland,108878.0,400000.0,100
Tony Hibbert,Everton,3614.0,500000.0,100
Phil Jones,Manchester Utd,117996.0,1000000.0,100
Angelo Ogbonna,West Ham,48002.0,700000.0,100
Sebastian Prödl,Watford,37981.0,200000.0,100
Jordi Amat,Swansea City,85289.0,550000.0,100
Ciaran Clark,Aston Villa,98240.0,600000.0,100
Per Mertesacker,Arsenal,6710.0,1000000.0,100
Eliaquim Mangala,Manchester City,90681.0,150000.0,100
Marcos Rojo,Manchester Utd,93176.0,125000.0,100
Jordan Amavi,Aston Villa,241229.0,1200000.0,100
Mile Jedinak,Crystal Palace,28336.0,1500000.0,100
Adam Smith,Bournemouth,61841.0,300000.0,100
Branislav Ivanović,Chelsea,36827.0,500000.0,100
Matteo Darmian,Manchester Utd,54906.0,1400000.0,100
DeAndre Yedlin,Sunderland,255916.0,600000.0,100
Nathaniel Clyne,Liverpool,85177.0,300000.0,100
Gary Cahill,Chelsea,27511.0,400000.0,100
Calum Chambers,Arsenal,215118.0,4000000.0,100
Matt Targett,Southampton,250478.0,3000000.0,100
Craig Dawson,West Brom,121477.0,900000.0,100
Micah Richards,Aston Villa,32617.0,500000.0,100
Sylvain Distin,Bournemouth,3356.0,750000.0,100
Charlie Daniels,Bournemouth,61819.0,1600000.0,100
Paul Dummett,Newcastle Utd,170321.0,900000.0,100
Sheyi Ojo,Liverpool,236510.0,800000.0,100
Matthew Pennington,Everton,220755.0,500000.0,100
Miguel Britos,Watford,76799.0,2000000.0,100
Ben Davies,Tottenham,192765.0,3000000.0,100
Joel Ward,Crystal Palace,92572.0,300000.0,100
Aaron Cresswell,West Ham,92571.0,450000.0,100
Dan Gosling,Bournemouth,44983.0,250000.0,100
Ryan Bertrand,Southampton,40611.0,500000.0,100
Ryan Bennett,Norwich City,67252.0,250000.0,100
Jesús Navas,Manchester City,15956.0,2500000.0,100
Craig Cathcart,Watford,59606.0,600000.0,100
Brendan Galloway,Everton,208244.0,400000.0,100
Jamaal Lascelles,Newcastle Utd,183318.0,2000000.0,100
Mathieu Debuchy,Arsenal,27306.0,300000.0,100
Cristian Gamboa,West Brom,121686.0,500000.0,100
Jake Clarke-Salter,Chelsea,316551.0,1500000.0,100
Kevin Toner,Aston Villa,265132.0,150000.0,100
Jonathan Howson,Norwich City,45395.0,250000.0,100
Joleon Lescott,Aston Villa,4241.0,1000000.0,100
Bryan Oviedo,Everton,124983.0,200000.0,100
José Holebas,Watford,41112.0,600000.0,88
Ryan Shawcross,Stoke City,45861.0,500000.0,100
Pablo Zabaleta,Manchester City,20007.0,800000.0,100
James Chester,West Brom,73482.0,100000.0,100
Russell Martin,Norwich City,67303.0,1500000.0,100
Daryl Janmaat,Newcastle Utd,60744.0,300000.0,100
Sebastien Bassong,Norwich City,33951.0,250000.0,100
Jonas Olsson,West Brom,25248.0,250000.0,100
Glen Johnson,Stoke City,3881.0,2500000.0,100
Geoff Cameron,Stoke City,31642.0,150000.0,100
Séamus Coleman,Everton,68390.0,200000.0,100
Sebastián Coates,Sunderland,102427.0,3500000.0,100
Baba Rahman,Chelsea,224884.0,2000000.0,100
John O'Shea,Sunderland,3540.0,500000.0,100
John Terry,Chelsea,3160.0,1000000.0,100
Martín Demichelis,Manchester City,2963.0,200000.0,100
Sam Byram,West Ham,236953.0,400000.0,100
Allan Nyom,Watford,111508.0,100000.0,100
Jonjoe Kenny,Everton,258883.0,2500000.0,100
Thomas Robson,Sunderland,56935.0,500000.0,100
Marc Muniesa,Stoke City,74228.0,700000.0,100
Mario Suárez,Watford,37337.0,300000.0,100
Fabricio Coloccini,Newcastle Utd,6150.0,75000.0,100
Ritchie De Laet,Leicester City,55687.0,300000.0,100
Kyle Naughton,Swansea City,66219.0,300000.0,100
Jack Rodwell,Sunderland,57079.0,350000.0,100
Miguel Layún,Watford,58576.0,700000.0,100
Tommy Elphick,Bournemouth,37152.0,300000.0,100
Maya Yoshida,Southampton,81789.0,100000.0,100
Ashley Young,Manchester Utd,14086.0,400000.0,100
Marcin Wasilewski,Leicester City,16947.0,50000.0,100
Guangtai Jiang,Everton,,,0
Reece Oxford,West Ham,314295.0,450000.0,100
Massadio Haïdara,Newcastle Utd,170929.0,600000.0,100
Steven Taylor,Newcastle Utd,17273.0,300000.0,100
Cameron Borthwick-Jackson,Manchester Utd,258879.0,250000.0,100
Billy Jones,Sunderland,36866.0,250000.0,100
Bradley Smith,Liverpool,175745.0,850000.0,86
Kieran Gibbs,Arsenal,44792.0,500000.0,100
Martin Kelly,Crystal Palace,78959.0,300000.0,100
Fikayo Tomori,Chelsea,303254.0,17000000.0,100
Kevin Mbabu,Newcastle Utd,183321.0,2200000.0,100
Joe Gomez,Liverpool,256178.0,13000000.0,100
Andre Wisdom,Norwich City,128912.0,300000.0,100
Guillermo Varela,Manchester Utd,188862.0,1000000.0,100
Alan Hutton,Aston Villa,9619.0,1000000.0,100
Adrian Mariappa,Crystal Palace,38145.0,100000.0,100
Yohan Benalouane,Leicester City,50477.0,125000.0,100
Tyrone Mings,Bournemouth,253677.0,3000000.0,100
José Ángel Crespo,Aston Villa,37397.0,300000.0,100
Jamie Sterry,Newcastle Utd,250431.0,125000.0,100
Callum Connolly,Everton,308632.0,1200000.0,100
Dionatan Teixeira,Stoke City,107617.0,500000.0,100
Shaun MacDonald,Bournemouth,10375.0,75000.0,100
Wes Brown,Sunderland,3405.0,500000.0,100
Martin Olsson,Norwich City,38073.0,300000.0,100
Aly Cissokho,Aston Villa,57515.0,150000.0,100
Jon Flanagan,Liverpool,145922.0,150000.0,100
Matt Miazga,Chelsea,245893.0,1800000.0,100
Carl Jenkinson,West Ham,126321.0,450000.0,100
Ivo Pinto,Norwich City,82281.0,250000.0,100
Paddy McNair,Manchester Utd,167268.0,1500000.0,100
Steven Whittaker,Norwich City,12704.0,200000.0,100
Dimitri Payet,West Ham,37647.0,1800000.0,100
Mesut Özil,Arsenal,35664.0,700000.0,100
Santi Cazorla,Arsenal,15799.0,200000.0,100
Philippe Coutinho,Liverpool,80444.0,7500000.0,100
Mousa Dembélé,Tottenham,19368.0,400000.0,100
Christian Eriksen,Tottenham,69633.0,2500000.0,100
Cesc Fàbregas,Chelsea,8806.0,1000000.0,100
N'Golo Kanté,Leicester City,225083.0,4000000.0,100
Riyad Mahrez,Leicester City,171424.0,5000000.0,100
Yaya Touré,Manchester City,13091.0,100000.0,100
Yohan Cabaye,Crystal Palace,29434.0,500000.0,100
Idrissa Gana Gueye,Aston Villa,1178488.0,8000000.0,100
Jordan Henderson,Liverpool,61651.0,1200000.0,100
Kevin De Bruyne,Manchester City,88755.0,8000000.0,100
Ross Barkley,Everton,131978.0,4000000.0,100
Danny Drinkwater,Leicester City,73491.0,400000.0,100
Jonjo Shelvey,Newcastle Utd,71292.0,800000.0,100
Bersant Celina,Manchester City,229695.0,2000000.0,100
David Silva,Manchester City,35518.0,4000000.0,100
Willian,Chelsea,52769.0,400000.0,100
Mark Noble,West Ham,31835.0,1000000.0,100
Yann M'Vila,Sunderland,60573.0,1500000.0,100
Francis Coquelin,Arsenal,74869.0,700000.0,100
Roberto Firmino,Liverpool,131789.0,15000000.0,100
Lucas Leiva,Liverpool,41414.0,800000.0,100
Gareth Barry,Everton,3291.0,325000.0,100
Kevin Stewart,Liverpool,200782.0,300000.0,100
James Milner,Liverpool,3333.0,500000.0,100
Fernandinho,Manchester City,26267.0,600000.0,100
Manuel Lanzini,West Ham,135853.0,900000.0,100
Aaron Ramsey,Arsenal,646658.0,6000000.0,100
James Morrison,West Brom,27614.0,1500000.0,100
Sadio Mané,Southampton,200512.0,6000000.0,100
Jack Cork,Swansea City,40613.0,800000.0,100
Harry Arter,Bournemouth,55742.0,400000.0,100
Cheikhou Kouyaté,West Ham,66934.0,1000000.0,100
Cédric Soares,Southampton,112988.0,500000.0,100
Giannelli Imbula,Stoke City,130756.0,125000.0,100
Nemanja Matić,Chelsea,74683.0,1600000.0,100
Dele Alli,Tottenham,207929.0,1500000.0,100
Steven Davis,Southampton,28973.0,200000.0,100
James McCarthy,Everton,45333.0,200000.0,100
Érik Lamela,Tottenham,111630.0,1200000.0,100
Adam Lallana,Liverpool,43530.0,750000.0,100
Oriol Romeu,Southampton,66100.0,700000.0,100
Morgan Schneiderlin,Manchester Utd,56818.0,300000.0,100
Alex Iwobi,Arsenal,242631.0,20000000.0,100
Victor Wanyama,Southampton,77760.0,2500000.0,100
Serge Gnabry,West Brom,159471.0,18000000.0,100
Michael Carrick,Manchester Utd,3878.0,1000000.0,100
Tom Cleverley,Everton,73484.0,400000.0,100
Andrew Surman,Bournemouth,29975.0,1000000.0,100
Robbie Brady,Norwich City,128229.0,100000.0,100
Gylfi Sigurðsson,Swansea City,90466.0,750000.0,96
Jack Colback,Newcastle Utd,61644.0,600000.0,100
Junior Stanislas,Bournemouth,87672.0,500000.0,100
Ander Herrera,Manchester Utd,99343.0,400000.0,100
Bastian Schweinsteiger,Manchester Utd,2514.0,1000000.0,100
Oscar,Chelsea,85314.0,7500000.0,100
Marc Albrighton,Leicester City,61560.0,1000000.0,100
Jason Puncheon,Crystal Palace,47995.0,300000.0,100
Ashley Westwood,Aston Villa,91317.0,300000.0,100
Étienne Capoue,Watford,63494.0,1500000.0,100
Joel Campbell,Arsenal,131248.0,325000.0,100
Ben Watson,Watford,14081.0,250000.0,100
Cameron Brannagan,Liverpool,261357.0,500000.0,100
Juan Mata,Manchester Utd,44068.0,350000.0,100
Ki Sung-yueng,Swansea City,81796.0,375000.0,100
Matt Ritchie,Bournemouth,92469.0,1000000.0,100
José Manuel Jurado,Watford,28261.0,650000.0,100
Fernando,Manchester City,51174.0,2000000.0,100
Jan Kirchhoff,Sunderland,49734.0,275000.0,100
Georginio Wijnaldum,Newcastle Utd,49499.0,2200000.0,100
Fabian Delph,Manchester City,50362.0,1800000.0,100
Claudio Yacob,West Brom,45330.0,150000.0,100
Jay Fulton,Swansea City,171260.0,1200000.0,100
Alessandro Diamanti,Watford,23197.0,200000.0,100
Glenn Whelan,Stoke City,12124.0,50000.0,100
Kevin Mirallas,Everton,33639.0,350000.0,100
Lee Tomlin,Bournemouth,104586.0,350000.0,100
Joe Allen,Liverpool,51452.0,200000.0,100
Almen Abdi,Watford,9966.0,750000.0,100
John Obi Mikel,Chelsea,30739.0,300000.0,100
Kenedy,Chelsea,281404.0,700000.0,100
Andy King,Leicester City,56872.0,200000.0,100
Samir Nasri,Manchester City,18935.0,1600000.0,100
Muhamed Bešić,Everton,93905.0,100000.0,100
Leroy Fer,Swansea City,63342.0,200000.0,100
Vurnon Anita,Newcastle Utd,30670.0,300000.0,100
Wesley Hoolahan,Norwich City,964580.0,40000000.0,100
Alex Oxlade-Chamberlain,Arsenal,143424.0,1000000.0,100
Alexander Tettey,Norwich City,12384.0,500000.0,100
Cheik Tiote,Newcastle Utd,33478.0,3200000.0,100
Gastón Ramírez,Southampton,123742.0,200000.0,100
Mohamed Elneny,Arsenal,160438.0,1200000.0,100
Alex Song,West Ham,27394.0,200000.0,100
Youssouf Mulumbu,Norwich City,45272.0,325000.0,100
Xherdan Shaqiri,Stoke City,86792.0,1500000.0,100
Aaron Lennon,Everton,14221.0,600000.0,100
Jordi Gómez,Sunderland,39010.0,200000.0,100
Mathieu Flamini,Arsenal,17396.0,600000.0,100
Chris Brunt,West Brom,36814.0,350000.0,100
Jordan Veretout,Aston Villa,164771.0,3500000.0,100
Leon Britton,Swansea City,40043.0,1000000.0,100
James McArthur,Crystal Palace,41416.0,400000.0,100
Ruben Loftus-Cheek,Chelsea,202886.0,8500000.0,100
Tom Davies,Everton,314210.0,5000000.0,100
Sandro,West Brom,74590.0,200000.0,100
Anthony Martial,Manchester Utd,182877.0,3500000.0,100
Jordy Clasie,Southampton,104223.0,800000.0,100
Callum McManaman,West Brom,61711.0,300000.0,100
Graham Dorrans,Norwich City,36608.0,225000.0,100
James Ward-Prowse,Southampton,181579.0,5000000.0,100
Pedro Obiang,West Ham,101213.0,500000.0,100
Stephen Ireland,Stoke City,34838.0,1000000.0,100
Jeffrey Schlupp,Leicester City,157506.0,2000000.0,100
Theo Walcott,Arsenal,33713.0,1000000.0,100
Lee Chung-yong,Crystal Palace,81801.0,225000.0,100
Leandro Bacuna,Aston Villa,126014.0,900000.0,100
Gökhan Inler,Leicester City,19041.0,50000.0,100
Jordon Ibe,Liverpool,195652.0,300000.0,100
Charlie Adam,Stoke City,28990.0,350000.0,100
Moussa Sissoko,Newcastle Utd,46001.0,200000.0,100
Nathan Redmond,Norwich City,129078.0,5000000.0,100
Darron Gibson,Everton,42413.0,600000.0,100
Carles Gil,Aston Villa,127987.0,1800000.0,100
Craig Gardner,West Brom,37171.0,400000.0,100
Jack Wilshere,Arsenal,74223.0,500000.0,100
Henri Saivet,Newcastle Utd,51540.0,500000.0,100
Stéphane Sessègnon,West Brom,37157.0,50000.0,100
Ryan Mason,Tottenham,61834.0,7000000.0,100
Darren Fletcher,West Brom,3547.0,1000000.0,100
Ibrahim Afellay,Stoke City,15760.0,475000.0,100
Nacer Chadli,Tottenham,59631.0,400000.0,100
Juan Cuadrado,Chelsea,91970.0,800000.0,100
George Honeyman,Sunderland,218140.0,1000000.0,100
Steve Sidwell,Stoke City,13427.0,1000000.0,100
Alex Pritchard,West Brom,200777.0,300000.0,100
Adlène Guédioura,Watford,74768.0,100000.0,100
Valon Behrami,Watford,21905.0,300000.0,100
Demarai Gray,Leicester City,292417.0,3500000.0,100
Joe Ledley,Crystal Palace,34409.0,300000.0,100
Pape Souaré,Crystal Palace,125868.0,150000.0,100
Lee Cattermole,Sunderland,37363.0,650000.0,100
Mikel Arteta,Arsenal,7451.0,2000000.0,100
Ikechi Anya,Watford,107427.0,300000.0,100
Tom Carroll,Tottenham,121279.0,1000000.0,100
Jordon Mutch,Crystal Palace,57207.0,175000.0,100
Ramires,Chelsea,54170.0,300000.0,100
Modou Barrow,Swansea City,189070.0,800000.0,100
Kevin Nolan,West Ham,3950.0,2000000.0,100
Jack Grealish,Aston Villa,203460.0,20000000.0,100
Sebastian Larsson,Sunderland,31720.0,500000.0,100
Wilfried Zaha,Crystal Palace,145988.0,3500000.0,100
James McClean,West Brom,85935.0,500000.0,100
Bradley Johnson,Norwich City,49327.0,100000.0,100
Gary O'Neil,Norwich City,3995.0,500000.0,100
Max Gradel,Bournemouth,28140.0,750000.0,100
Nabil Bentaleb,Tottenham,245537.0,4500000.0,100
Adnan Januzaj,Manchester Utd,177847.0,1000000.0,100
Patrick Roberts,Manchester City,225452.0,3200000.0,100
Sergi Canós,Liverpool,251845.0,2500000.0,100
Jordan Rossiter,Liverpool,258924.0,250000.0,100
Andre Green,Aston Villa,309841.0,300000.0,100
Neil Taylor,Swansea City,67416.0,500000.0,100
Marc Pugh,Bournemouth,36939.0,800000.0,100
Duncan Watmore,Sunderland,248045.0,1000000.0,100
Siem de Jong,Newcastle Utd,45509.0,275000.0,100
Juan Carlos Paredes,Watford,100507.0,300000.0,100
Daniel Amartey,Leicester City,214056.0,5000000.0,100
Eunan O'Kane,Bournemouth,61583.0,200000.0,100
Matt Grimes,Swansea City,265471.0,7000000.0,100
Harrison Reed,Southampton,226973.0,2000000.0,100
Jonathan Williams,Crystal Palace,170322.0,350000.0,100
Rees Greenwood,Sunderland,320213.0,25000.0,100
Steven Pienaar,Everton,4321.0,500000.0,100
Josh Onomah,Tottenham,243589.0,1200000.0,100
Jordan Lyden,Aston Villa,251289.0,175000.0,100
Gabriel Obertan,Newcastle Utd,43261.0,125000.0,100
Jefferson Montero,Swansea City,77932.0,250000.0,100
Andreas Pereira,Manchester Utd,203394.0,14000000.0,100
Matt Jarvis,Norwich City,15921.0,300000.0,100
Yoan Gouffran,Newcastle Utd,23825.0,150000.0,100
Scott Sinclair,Aston Villa,31552.0,175000.0,100
Vadis Odjidja-Ofoe,Norwich City,38388.0,600000.0,100
Manu García,Manchester City,277118.0,4000000.0,100
Nick Powell,Manchester Utd,134424.0,900000.0,100
Joe Dodoo,Leicester City,261738.0,300000.0,85
Charles N'Zogbia,Aston Villa,22165.0,1000000.0,100
Nordin Amrabat,Watford,55619.0,125000.0,100
Leon Osman,Everton,3620.0,1000000.0,100
Marc Wilson,Stoke City,30456.0,10000.0,100
Kieran Richardson,Aston Villa,3548.0,1500000.0,100
Nathan Dyer,Leicester City,37011.0,350000.0,100
Connor Randall,Liverpool,262545.0,175000.0,100
Hiram Boateng,Crystal Palace,244125.0,250000.0,100
Pedro Chirivella,Liverpool,242273.0,5000000.0,100
Kieran Dowell,Everton,258916.0,1500000.0,100
Josh Cullen,West Ham,242606.0,4000000.0,100
João Carlos Teixeira,Liverpool,132214.0,2000000.0,100
Sam Field,West Brom,387331.0,3500000.0,100
James Weir,Manchester Utd,251058.0,150000.0,100
Alexis Sánchez,Arsenal,40433.0,1200000.0,100
Modibo Maiga,West Ham,46831.0,300000.0,100
Harry Kane,Tottenham,132098.0,60000000.0,100
Jamie Vardy,Leicester City,197838.0,1000000.0,100
Troy Deeney,Watford,65477.0,400000.0,100
Sergio Agüero,Manchester City,26399.0,15000000.0,100
Graziano Pellè,Southampton,29594.0,100000.0,100
Wayne Rooney,Manchester Utd,3332.0,2000000.0,100
Romelu Lukaku,Everton,96341.0,6000000.0,100
Daniel Sturridge,Liverpool,47082.0,200000.0,100
Eden Hazard,Chelsea,50202.0,5000000.0,100
Olivier Giroud,Arsenal,82442.0,900000.0,100
Dušan Tadić,Southampton,36139.0,2000000.0,100
Pedro,Chelsea,432895.0,20000000.0,100
Marko Arnautović,Stoke City,41384.0,2000000.0,100
Andy Carroll,West Ham,48066.0,300000.0,100
Michail Antonio,West Ham,104124.0,400000.0,100
Odion Ighalo,Watford,62121.0,1800000.0,100
Bertrand Traoré,Chelsea,131996.0,4000000.0,100
Danny Welbeck,Arsenal,67063.0,3000000.0,100
Mauro Zárate,West Ham,26456.0,250000.0,100
Jermain Defoe,Sunderland,3875.0,400000.0,100
Christian Benteke,Liverpool,50201.0,2500000.0,100
Adam Johnson,Sunderland,31579.0,7500000.0,100
Diego Costa,Chelsea,546212.0,12000000.0,100
Rudy Gestede,Aston Villa,39908.0,200000.0,100
Shane Long,Southampton,37304.0,250000.0,100
Wilfried Bony,Manchester City,81808.0,100000.0,100
Dieumerci Mbokani,Norwich City,44624.0,200000.0,100
Sullay Kaikai,Crystal Palace,244130.0,250000.0,100
Kelechi Iheanacho,Manchester City,295330.0,3000000.0,100
André Ayew,Swansea City,45403.0,250000.0,100
Danny Ings,Liverpool,134294.0,3500000.0,100
Aleksandar Mitrović,Newcastle Utd,51152.0,10000000.0,100
Andros Townsend,Newcastle Utd,61842.0,500000.0,100
Connor Wickham,Crystal Palace,95435.0,400000.0,100
Arouna Koné,Everton,8552.0,150000.0,100
Libor Kozák,Aston Villa,63824.0,275000.0,100
Bafetimbi Gomis,Swansea City,22388.0,650000.0,100
Enner Valencia,West Ham,139503.0,1000000.0,100
Gerard Deulofeu,Everton,129476.0,1000000.0,100
Leonardo Ulloa,Leicester City,54890.0,200000.0,100
Bojan Krkić,Stoke City,44675.0,500000.0,100
Joshua King,Bournemouth,91059.0,1200000.0,100
Divock Origi,Liverpool,148368.0,5000000.0,100
Yannick Bolasie,Crystal Palace,75471.0,150000.0,100
Marco van Ginkel,Stoke City,147034.0,350000.0,100
Marcus Rashford,Manchester Utd,258923.0,40000000.0,100
Callum Wilson,Bournemouth,123682.0,4000000.0,100
Steven Fletcher,Sunderland,35099.0,200000.0,100
Steven Berghuis,Watford,129554.0,2000000.0,100
Jonathan Walters,Stoke City,3306.0,1500000.0,100
Salomón Rondón,West Brom,80197.0,350000.0,100
Victor Anichebe,West Brom,39532.0,1000000.0,100
Raheem Sterling,Manchester City,134425.0,3000000.0,100
Juan Iturbe,Bournemouth,81455.0,1000000.0,100
Diafra Sakho,West Ham,120610.0,250000.0,100
Steven Naismith,Norwich City,12763.0,450000.0,100
Nikica Jelavić,West Ham,25742.0,50000.0,100
Joselu,Stoke City,81999.0,5000000.0,100
Mame Biram Diouf,Stoke City,62049.0,400000.0,100
Jordan Ayew,Aston Villa,108354.0,1800000.0,100
Clinton N'Jie,Tottenham,241119.0,950000.0,100
Papiss Demba Cissé,Newcastle Utd,33952.0,200000.0,100
Loïc Rémy,Chelsea,45121.0,150000.0,100
Dwight Gayle,Crystal Palace,196522.0,100000.0,100
Radamel Falcao,Chelsea,39152.0,50000.0,100
Marouane Fellaini,Manchester Utd,39679.0,1000000.0,100
Wahbi Khazri,Sunderland,103565.0,600000.0,100
Glenn Murray,Bournemouth,45693.0,300000.0,100
Ayoze Pérez,Newcastle Utd,246968.0,5000000.0,100
Fabio Borini,Sunderland,96754.0,2200000.0,100
Charlie Austin,Southampton,129627.0,275000.0,100
Dame N'Doye,Sunderland,44855.0,600000.0,100
Javier Hernández,Manchester Utd,422466.0,2000000.0,93
Emmanuel Rivière,Newcastle Utd,61637.0,200000.0,100
Shinji Okazaki,Leicester City,79642.0,150000.0,100
Jesse Lingard,Manchester Utd,141660.0,2000000.0,100
Peter Crouch,Stoke City,4072.0,1000000.0,100
Bakary Sako,Crystal Palace,46791.0,75000.0,100
Gabriel Agbonlahor,Aston Villa,37148.0,1000000.0,100
Alberto Paloschi,Swansea City,68306.0,500000.0,100
Alexandre Pato,Chelsea,37579.0,700000.0,100
Rickie Lambert,West Brom,49655.0,1500000.0,100
Éder,Swansea City,84481.0,300000.0,100
Victor Moses,West Ham,59866.0,1000000.0,100
Son Heung-min,Tottenham,91845.0,15000000.0,100
Saido Berahino,West Brom,128897.0,600000.0,100
Benik Afobe,Bournemouth,110858.0,1200000.0,100
James Wilson,Manchester Utd,1041600.0,1200000.0,100
Seydou Doumbia,Newcastle Utd,75287.0,200000.0,100
Jay Rodriguez,Southampton,53360.0,1000000.0,100
Marouane Chamakh,Crystal Palace,19085.0,2000000.0,100
Jeremain Lens,Sunderland,38497.0,100000.0,100
Ola Toivonen,Sunderland,36500.0,300000.0,100
Emmanuel Emenike,West Ham,120630.0,500000.0,100
Rolando Aarons,Newcastle Utd,258188.0,250000.0,100
Cameron Jerome,Norwich City,35855.0,75000.0,100
Patrick Bamford,Norwich City,183334.0,7000000.0,100
Lewis Grabban,Bournemouth,35413.0,250000.0,100
Wayne Routledge,Swansea City,14066.0,250000.0,100
Emmanuel Adebayor,Crystal Palace,8883.0,250000.0,100
Oumar Niasse,Everton,209781.0,200000.0,100
Peter Odemwingie,Stoke City,12516.0,500000.0,100
Yann Kermorgant,Bournemouth,57410.0,400000.0,100
Juanmi,Southampton,126737.0,1000000.0,100
Tyler Roberts,West Brom,296986.0,3000000.0,100
Will Keane,Manchester Utd,118535.0,1000000.0,100
Andrej Kramarić,Leicester City,46580.0,2500000.0,100
Gary Hooper,Norwich City,42513.0,300000.0,100
Tokelo Rantie,Bournemouth,198495.0,200000.0,100
Danny Graham,Sunderland,29152.0,475000.0,100
Memphis,Manchester Utd,167850.0,7000000.0,100
Adama Traoré,Aston Villa,204103.0,6000000.0,100
Florian Thauvin,Newcastle Utd,184892.0,5000000.0,100
Jonathan Leko,West Brom,314266.0,500000.0,100
Fraizer Campbell,Crystal Palace,42411.0,150000.0,100
Kyle Lafferty,Norwich City,36884.0,75000.0,100
Marvin Emnes,Swansea City,37787.0,100000.0,100
Tammy Abraham,Chelsea,331726.0,18000000.0,100
Ivan Toney,Newcastle Utd,251664.0,20000000.0,100
Víctor Ibarbo,Watford,92141.0,125000.0,100
Rushian Hepburn-Murphy,Aston Villa,314237.0,200000.0,100
Obbi Oulare,Watford,314959.0,300000.0,100
Jaume Doménech,Valencia,227805.0,400000.0,100
Keylor Navas,Real Madrid,79422.0,750000.0,100
Raúl Lizoain,Las Palmas,167228.0,400000.0,100
Alberto Garcia,Sporting Gijón,58497.0,100000.0,100
Alphonse Aréola,Villarreal,120629.0,4000000.0,100
Claudio Bravo,Barcelona,40423.0,800000.0,100
Kiko Casilla,Real Madrid,27486.0,300000.0,100
Jan Oblak,Atlético Madrid,121483.0,15000000.0,100
Sergio Rico,Sevilla,207302.0,1500000.0,100
Antonio Adán,Betis,44062.0,500000.0,100
Carlos Kameni,Málaga,7914.0,50000.0,100
Guillermo Ochoa,Málaga,29559.0,250000.0,100
Jesús Fernández,Granada,91885.0,150000.0,100
Gerónimo Rulli,Real Sociedad,229604.0,6000000.0,100
Mathew Ryan,Valencia,128969.0,1800000.0,100
Iván Cuéllar,Sporting Gijón,27493.0,100000.0,100
Javi Varas,Las Palmas,58341.0,300000.0,100
Sergio Asenjo,Villarreal,51710.0,700000.0,100
Diego Alves,Valencia,42373.0,150000.0,100
Diego Mariño,Levante,59349.0,300000.0,100
Juan Carlos,Rayo Vallecano,39004.0,150000.0,100
Gorka Iraizoz,Athletic Club,7874.0,200000.0,100
Vicente Guaita,Getafe,64399.0,400000.0,100
Marc-André Ter Stegen,Barcelona,74857.0,3000000.0,100
Sergio Álvarez,Celta Vigo,138935.0,1200000.0,100
Germán Lux,La Coruña,19979.0,50000.0,100
Asier Riesgo,Eibar,23338.0,100000.0,100
Andrés Fernández,Granada,57522.0,600000.0,100
Xabier Irureta,Eibar,89618.0,100000.0,92
Yoel Rodríguez,Rayo Vallecano,58115.0,600000.0,100
Pau López,Espanyol,286415.0,2500000.0,100
Toño,Rayo Vallecano,35536.0,100000.0,100
Dani Giménez,Betis,71801.0,100000.0,100
Beto,Sevilla,595809.0,18000000.0,100
Rubén Blanco,Celta Vigo,199321.0,700000.0,100
Rubén Martínez,Levante,8184.0,200000.0,100
Stipe Pletikosa,La Coruña,14937.0,500000.0,100
Mariano Barbosa,Villarreal,30749.0,100000.0,100
Manu,La Coruña,14331.0,100000.0,100
Oier Olazábal,Real Sociedad,8176.0,200000.0,100
Giedrius Arlauskis,Espanyol,69001.0,200000.0,100
Iago Herrerín,Athletic Club,71570.0,50000.0,100
Ivan Kelava,Granada,44227.0,100000.0,100
Nestor Díaz,Celta Vigo,223781.0,100000.0,100
Diego Godín,Atlético Madrid,54928.0,300000.0,100
Filipe Luís,Atlético Madrid,21725.0,300000.0,100
Shkodran Mustafi,Valencia,88590.0,800000.0,100
Sergio Ramos,Real Madrid,25557.0,2500000.0,100
Marcelo,Real Madrid,44501.0,1800000.0,100
Pedro Bigas,Las Palmas,203043.0,300000.0,100
Danilo,Real Madrid,808509.0,32000000.0,100
Diego Reyes,Real Sociedad,131090.0,650000.0,100
Pepe,Real Madrid,520662.0,17000000.0,100
Federico Ricca,Málaga,285322.0,800000.0,100
Gerard Piqué,Barcelona,18944.0,3000000.0,100
José María Giménez,Atlético Madrid,250845.0,9000000.0,100
Mateo Musacchio,Villarreal,45653.0,400000.0,100
Aderllan Santos,Valencia,159142.0,100000.0,100
Stefan Savić,Atlético Madrid,120192.0,450000.0,100
Gustavo Cabral,Celta Vigo,30677.0,1000000.0,100
Andreu Fontàs,Celta Vigo,65237.0,450000.0,100
David García,Las Palmas,298589.0,10000000.0,100
Thomas Vermaelen,Barcelona,15904.0,700000.0,100
Sidnei,La Coruña,27374.0,250000.0,100
Jordi Alba,Barcelona,69751.0,4000000.0,100
Weligton,Málaga,22550.0,500000.0,100
Germán Pezzella,Betis,113133.0,500000.0,100
Raphaël Varane,Real Madrid,164770.0,20000000.0,100
Lucas Hernández,Atlético Madrid,281963.0,18000000.0,100
Iñigo Martínez,Real Sociedad,158863.0,4000000.0,100
Bruno González,Betis,188838.0,300000.0,100
Ricardo Costa,Granada,9819.0,100000.0,100
Dani Carvajal,Real Madrid,34706.0,50000.0,100
Marc Bartra,Barcelona,99922.0,900000.0,100
Luis Hernández,Sporting Gijón,62945.0,500000.0,100
Heiko Westermann,Betis,1726.0,400000.0,100
Antolín Alcaraz,Las Palmas,14259.0,25000.0,100
Rúben Vezo,Valencia,257851.0,500000.0,100
Aythami Artiles,Las Palmas,44735.0,100000.0,100
Raúl Albentosa,Málaga,77026.0,150000.0,100
Jaume Costa,Villarreal,65318.0,900000.0,100
Aymeric Laporte,Athletic Club,176553.0,8000000.0,100
Adrián Marín,Villarreal,295414.0,1500000.0,100
Yuri Berchiche,Real Sociedad,61812.0,1000000.0,100
Hugo Mallo,Celta Vigo,119905.0,500000.0,100
Eric Bailly,Villarreal,286384.0,1200000.0,100
Egor Filipenko,Málaga,53350.0,150000.0,100
Roberto Rosales,Málaga,49500.0,75000.0,100
Nicolás Pareja,Sevilla,41281.0,400000.0,100
Mario Gaspar,Villarreal,73250.0,1000000.0,100
Cala,Getafe,67089.0,600000.0,100
Juanfran,Atlético Madrid,7542.0,100000.0,100
Víctor Ruiz,Villarreal,62920.0,1000000.0,100
Álex Bergantiños,La Coruña,72189.0,50000.0,100
Alexis,Getafe,40433.0,1200000.0,100
Nacho,Real Madrid,23287.0,1200000.0,100
Emiliano Velázquez,Getafe,189458.0,1000000.0,100
Antonio Raillo,Espanyol,278296.0,1000000.0,100
Aymen Abdennour,Valencia,108830.0,200000.0,100
Miguel Lopes,Granada,59248.0,50000.0,100
Zouhair Feddal,Levante,129386.0,800000.0,100
Mikel González,Real Sociedad,35560.0,100000.0,100
Xabier Etxeita,Athletic Club,71559.0,300000.0,92
Mariano,Sevilla,54155.0,300000.0,100
Jean-Sylvain Babin,Granada,45256.0,300000.0,100
Dani Castellano,Las Palmas,64363.0,150000.0,100
Sergio Escudero,Sevilla,93935.0,1500000.0,100
Álvaro Arbeloa,Real Madrid,28260.0,1500000.0,100
Alberto de la Bella,Real Sociedad,73319.0,100000.0,100
Martín Montoya,Betis,68645.0,350000.0,100
Juan Manuel Vargas,Betis,30584.0,300000.0,100
Marcos Angeleri,Málaga,27448.0,75000.0,100
Aritz Elustondo,Real Sociedad,229804.0,1500000.0,100
Eneko Bóveda,Athletic Club,89313.0,400000.0,100
Miguel Torres,Málaga,45305.0,400000.0,100
Iván Ramis,Eibar,26066.0,650000.0,100
Mauricio Lemos,Las Palmas,303140.0,1500000.0,100
Jesús Gámez,Atlético Madrid,29055.0,2000000.0,100
Bernardo Espinosa,Sporting Gijón,64598.0,550000.0,100
Adriano,Barcelona,1046580.0,1500000.0,100
Alejandro Arribas,La Coruña,137174.0,350000.0,100
Anaitz Arbilla,Espanyol,71548.0,400000.0,100
João Cancelo,Valencia,182712.0,8000000.0,100
Fernando Navarro,La Coruña,7593.0,100000.0,100
Răzvan Raț,Rayo Vallecano,14940.0,100000.0,100
Zé Castro,Rayo Vallecano,13872.0,25000.0,100
Mikel Balenziaga,Athletic Club,85258.0,400000.0,100
Óscar de Marcos,Athletic Club,96718.0,1500000.0,100
Sergi Gómez,Celta Vigo,92947.0,300000.0,100
Jorge Meré,Sporting Gijón,286779.0,1000000.0,100
Diego Llorente,Rayo Vallecano,246291.0,2500000.0,100
Jérémy Mathieu,Barcelona,5404.0,1200000.0,100
Timothée Kolodziejczak,Sevilla,84085.0,150000.0,100
Adil Rami,Sevilla,51118.0,250000.0,100
Daniel Carriço,Sevilla,37712.0,150000.0,100
Álvaro González,Espanyol,183647.0,2200000.0,100
Javier Garrido,Las Palmas,23218.0,100000.0,100
Óscar Duarte,Espanyol,175323.0,500000.0,100
Carlos Gurpegi,Athletic Club,7631.0,500000.0,96
Roberto Lago,Getafe,17491.0,700000.0,100
Ander Capa,Eibar,197545.0,1800000.0,100
José Ángel Crespo,Rayo Vallecano,37397.0,300000.0,100
Aleix Vidal,Barcelona,88490.0,1000000.0,100
José Luis Gayà,Valencia,221322.0,4000000.0,100
Ognjen Vranješ,Sporting Gijón,94807.0,250000.0,100
Iñigo Lekue,Athletic Club,255501.0,1000000.0,100
Jonny Castro,Celta Vigo,14279.0,300000.0,100
Joseba Zaldúa,Real Sociedad,197135.0,900000.0,100
Quini,Rayo Vallecano,223053.0,150000.0,100
Juankar,Málaga,126625.0,200000.0,100
Mauro dos Santos,Eibar,55240.0,100000.0,100
Marco Andreolli,Sevilla,36356.0,500000.0,100
Carles Planas,Celta Vigo,66099.0,200000.0,100
Benoît Trémoulinas,Sevilla,43264.0,2000000.0,100
Antonio Rukavina,Villarreal,27924.0,100000.0,100
Cristiano Piccini,Betis,163086.0,700000.0,100
Antonio Luna,Eibar,126516.0,300000.0,100
Santiago Vergini,Getafe,94783.0,200000.0,100
Jordi Figueras,Betis,62941.0,50000.0,100
Miguel Angel,Getafe,26065.0,800000.0,100
Simao Mate,Levante,8019.0,1500000.0,100
Rubén Duarte,Espanyol,177046.0,2300000.0,100
David Juncà,Eibar,164055.0,300000.0,100
Aleksandar Pantić,Eibar,167093.0,300000.0,100
David Lombán,Granada,63723.0,200000.0,100
Francisco Varela,Betis,379188.0,100000.0,86
Daniele Bonera,Villarreal,5856.0,200000.0,100
Alberto Lopo,La Coruña,7881.0,100000.0,100
Guilherme Siqueira,Valencia,44373.0,1500000.0,100
Tito,Rayo Vallecano,128295.0,325000.0,100
Nacho Monsalve,Atlético Madrid,281990.0,300000.0,100
Bojan Jokić,Villarreal,44317.0,100000.0,100
Eddy İsrafilov,Eibar,238865.0,450000.0,100
Diego González,Sevilla,873981.0,5500000.0,100
Juanfran,Levante,7542.0,100000.0,100
Isma López,Sporting Gijón,54231.0,100000.0,100
Juanfran,La Coruña,7542.0,100000.0,100
Luisinho,La Coruña,56777.0,200000.0,100
Cristiano Biraghi,Granada,124555.0,900000.0,100
Arthur Boka,Málaga,13038.0,500000.0,100
Ángel Domingo López Ruano,Las Palmas,457107.0,200000.0,100
Javi López,Espanyol,568158.0,5000000.0,100
David Navarro,Levante,7568.0,100000.0,100
Damián Suárez,Getafe,76746.0,650000.0,100
Diogo Figueiras,Sevilla,172181.0,300000.0,100
Antonio Barragán,Valencia,32522.0,600000.0,100
Álex Menéndez,Sporting Gijón,175921.0,100000.0,100
Enzo Roco,Espanyol,186862.0,1500000.0,100
Juan Rafael Fuentes,Espanyol,126252.0,500000.0,100
David Simón,Las Palmas,228584.0,50000.0,100
Pedro López Muñoz,Levante,65278.0,1000000.0,100
Iván López,Levante,370861.0,2000000.0,100
Coke,Sevilla,71905.0,300000.0,100
Antonio Amaya,Rayo Vallecano,71904.0,100000.0,100
Manuel Pablo,La Coruña,7492.0,100000.0,100
Alberto Guitián,Sporting Gijón,230895.0,250000.0,100
Marcos Llorente,Real Madrid,282411.0,20000000.0,100
Ion Ansotegi,Eibar,37892.0,300000.0,100
Lillo,Eibar,62913.0,150000.0,100
Laure,La Coruña,57876.0,100000.0,100
Héctor Hernández,Real Sociedad,273738.0,800000.0,100
Nacho,Rayo Vallecano,23287.0,1200000.0,100
Dimitri Foulquier,Granada,170472.0,900000.0,100
Ángel Trujillo,Levante,101742.0,500000.0,100
Toño,Levante,35536.0,100000.0,100
Carlos Vigaray,Getafe,263627.0,200000.0,100
Xavi Torres,Betis,65301.0,100000.0,100
Chengdong Zhang,Rayo Vallecano,138655.0,75000.0,100
Diego Alende,Celta Vigo,373683.0,600000.0,100
Ander Gayoso Reina,Eibar,333347.0,150000.0,100
Chechu,Rayo Vallecano,70898.0,25000.0,100
Diego Mainz,Granada,58070.0,1000000.0,100
Federico Fazio,Sevilla,45314.0,400000.0,100
Rober,Espanyol,505675.0,2500000.0,100
Roberto Canella,Sporting Gijón,57785.0,100000.0,100
Francisco Molinero,Betis,27487.0,150000.0,100
David Goldar,Celta Vigo,278357.0,800000.0,100
Douglas,Barcelona,99548.0,250000.0,100
Rober,La Coruña,505675.0,2500000.0,100
Dória,Granada,213841.0,1000000.0,100
Álvaro Pereira,Getafe,54859.0,100000.0,100
Igor Lichnovsky,Sporting Gijón,209513.0,800000.0,100
Javier Noblejas,Getafe,126731.0,225000.0,92
Alfonso Pedraza,Villarreal,356197.0,2500000.0,100
Lucas Orbán,Levante,110309.0,200000.0,100
Igor Zubeldia,Real Sociedad,355628.0,6000000.0,100
Jose Matos,Sevilla,268957.0,500000.0,100
Borja Ekiza,Eibar,89318.0,200000.0,100
Nikos Karabelas,Levante,42935.0,200000.0,90
Michael Ciani,Espanyol,12906.0,400000.0,100
Salva Ruiz,Granada,162063.0,400000.0,100
Imanol Corral Matellan,Eibar,,,0
Luka Modrić,Real Madrid,27992.0,3500000.0,100
Sergi Darder,Málaga,142021.0,3000000.0,100
Koke,Atlético Madrid,74229.0,5000000.0,100
Nolito,Celta Vigo,70934.0,300000.0,100
Toni Kroos,Real Madrid,31909.0,10000000.0,100
Andrés Iniesta,Barcelona,7600.0,800000.0,100
James Rodríguez,Real Madrid,88103.0,1500000.0,100
Casemiro,Real Madrid,16306.0,6000000.0,100
Asier Illarramendi,Real Sociedad,59344.0,2000000.0,100
Javi Castellano,Las Palmas,65489.0,100000.0,100
Sergio Busquets,Barcelona,65230.0,3500000.0,100
Javier Mascherano,Barcelona,19981.0,325000.0,100
Jonathan Viera,Las Palmas,153238.0,1000000.0,100
Roberto Trashorras,Rayo Vallecano,7923.0,200000.0,100
Ivan Rakitić,Barcelona,32467.0,3500000.0,100
Bruno Soriano,Villarreal,44412.0,475000.0,100
Tiago Mendes,Atlético Madrid,8538.0,1000000.0,100
Éver Banega,Sevilla,12249.0,400000.0,100
Grzegorz Krychowiak,Sevilla,45184.0,5000000.0,100
Daniel Parejo,Valencia,530421.0,800000.0,100
Ignacio Camacho,Málaga,58874.0,1000000.0,100
Beñat Etxebarria,Athletic Club,40888.0,1500000.0,100
Gabi,Atlético Madrid,22969.0,1100000.0,100
Lucas Vázquez,Real Madrid,221316.0,1500000.0,100
Carlos Martínez,Real Sociedad,58074.0,400000.0,100
Rubén Pardo,Real Sociedad,99352.0,350000.0,100
Pedro Mosquera,La Coruña,44069.0,500000.0,100
Raúl García,Athletic Club,631002.0,3000000.0,100
Rubén Rochina,Granada,67548.0,700000.0,100
Saúl Ñíguez,Atlético Madrid,148928.0,1000000.0,100
Recio,Málaga,150948.0,300000.0,100
Daniel Wass,Celta Vigo,63463.0,400000.0,100
Momo,Las Palmas,25319.0,100000.0,100
Sergi Roberto,Barcelona,85370.0,1400000.0,100
Rodri,Villarreal,357565.0,50000000.0,100
Rubén Pérez,Granada,113045.0,125000.0,100
Joan Jordán,Espanyol,263727.0,1000000.0,100
Verza,Levante,26199.0,100000.0,100
Marco Asensio,Espanyol,296622.0,15000000.0,100
Augusto Fernández,Atlético Madrid,39151.0,300000.0,100
Sergio Álvarez,Sporting Gijón,138935.0,1200000.0,100
Dani Alves,Barcelona,15951.0,1000000.0,100
Federico Cartabia,La Coruña,242548.0,2500000.0,86
Dani García,Eibar,178425.0,700000.0,100
Isco,Real Madrid,85288.0,3500000.0,100
Esteban Granero,Real Sociedad,44065.0,900000.0,100
Steven Nzonzi,Sevilla,73734.0,900000.0,100
Manu Trigueros,Villarreal,188854.0,1500000.0,100
Celso Borges,La Coruña,81532.0,150000.0,100
Thomas Partey,Atlético Madrid,230784.0,2000000.0,100
Alfred N'Diaye,Betis,77737.0,600000.0,100
Rafinha,Barcelona,129473.0,4000000.0,100
Fayçal Fajr,La Coruña,174344.0,1300000.0,100
Luis Alberto,La Coruña,128220.0,11000000.0,100
Gonzalo Escalante,Eibar,266795.0,1500000.0,100
Víctor Sánchez,Espanyol,63290.0,400000.0,100
David Zurutuza,Real Sociedad,59375.0,1600000.0,100
Michael Krohn-Dehli,Sevilla,18006.0,300000.0,100
Denis Cheryshev,Valencia,98322.0,1000000.0,100
Iker Muniain,Athletic Club,54235.0,5000000.0,100
Papakouli Diop,Espanyol,,,0
Charly Musonda Jr.,Betis,177862.0,500000.0,100
Denis Suárez,Villarreal,165007.0,1000000.0,100
Markel Bergara,Real Sociedad,51426.0,500000.0,100
Chory Castro,Málaga,28171.0,25000.0,100
Sergi Samper,Barcelona,181112.0,400000.0,100
Eneko Capilla,Real Sociedad,289241.0,150000.0,100
José Mari,Levante,225462.0,200000.0,100
Javi Fuego,Valencia,56134.0,200000.0,100
Mikel San José,Athletic Club,52469.0,700000.0,100
Pablo Hernández,Celta Vigo,46220.0,100000.0,100
Jonathan Dos Santos,Villarreal,60445.0,300000.0,100
Mohammed Petros,Betis,200558.0,800000.0,100
Marcelo Díaz,Celta Vigo,747605.0,200000.0,100
Fernando Tissone,Málaga,35871.0,75000.0,100
Rodrigo De Paul,Valencia,255901.0,14000000.0,100
Tomás Pina Isla,Villarreal,139895.0,250000.0,100
Vicente Gómez,Las Palmas,153236.0,250000.0,100
Enzo Pérez,Valencia,56066.0,100000.0,100
Ángel Montoro,Las Palmas,59551.0,500000.0,100
Zakaria Bakkali,Valencia,203378.0,250000.0,100
Xabi Prieto,Real Sociedad,15693.0,3000000.0,100
Yannick Carrasco,Atlético Madrid,140776.0,5000000.0,100
Pablo Sarabia,Getafe,74230.0,4000000.0,100
Danilo Barbosa,Valencia,273438.0,2000000.0,100
Jozabed,Rayo Vallecano,207924.0,500000.0,100
Carl Medjani,Levante,8060.0,500000.0,100
Rodrigo,Valencia,131505.0,5000000.0,100
Juan Rodríguez,Getafe,1228231.0,10000000.0,100
Duda,Málaga,7782.0,100000.0,100
Ander Iturraspe,Athletic Club,71571.0,2000000.0,100
Joan Verdú,Levante,28005.0,50000.0,100
Roque Mesa,Las Palmas,202984.0,1800000.0,100
Jefferson Lerma,Levante,262980.0,6000000.0,100
Mateo Kovačić,Real Madrid,51471.0,10000000.0,100
Abdoulaye Doucouré,Granada,127187.0,5000000.0,100
Vicente Iborra,Sevilla,65467.0,300000.0,100
Rene Krhin,Granada,73092.0,250000.0,100
Iñaki Williams,Athletic Club,255508.0,8000000.0,100
Burgui,Espanyol,246277.0,50000.0,100
Alberto Lora,Sporting Gijón,57816.0,100000.0,100
Isaac Cuenca,Granada,176285.0,700000.0,100
Bebé,Rayo Vallecano,153427.0,600000.0,100
Joaquín,Betis,7663.0,1500000.0,100
Markel Susaeta,Athletic Club,54245.0,1500000.0,100
Emmanuel Culio,Las Palmas,30846.0,150000.0,100
Christian Atsu,Málaga,186997.0,400000.0,100
Nemanja Radoja,Celta Vigo,168959.0,1500000.0,100
Rachid Aït-Atmane,Sporting Gijón,246877.0,100000.0,100
Arda Turan,Barcelona,21369.0,100000.0,100
Mehdi Lacen,Getafe,35539.0,500000.0,100
Carlos Carmona,Sporting Gijón,71394.0,100000.0,100
Mikel Rico,Athletic Club,51474.0,200000.0,100
Tana,Las Palmas,223068.0,325000.0,100
Miguel Cardoso,La Coruña,348425.0,1500000.0,100
Alen Halilović,Sporting Gijón,226074.0,400000.0,100
Pablo Hernández,Rayo Vallecano,46220.0,100000.0,100
Fran Rico,Granada,63689.0,600000.0,100
Samu García,Villarreal,208890.0,800000.0,100
Vitolo,Sevilla,27667.0,100000.0,100
Abraham González,Espanyol,65243.0,100000.0,100
Sebastián Cristóforo,Sevilla,188157.0,800000.0,100
Wakaso,Las Palmas,45639.0,400000.0,100
Dani Ceballos,Betis,319745.0,7000000.0,100
Josip Radošević,Eibar,160506.0,800000.0,100
Sofiane Feghouli,Valencia,57162.0,400000.0,100
Álvaro Cejudo,Betis,72779.0,50000.0,100
Óliver Torres,Atlético Madrid,214775.0,3000000.0,100
Moi Gómez,Getafe,175449.0,1500000.0,100
David Carmona,Sevilla,251846.0,450000.0,100
Mauricio Cuero,Levante,211395.0,250000.0,100
Hernán,Las Palmas,40421.0,150000.0,100
Adrián González,Eibar,44073.0,300000.0,100
Pablo Fornals,Málaga,357885.0,8000000.0,100
Víctor Rodríguez,Getafe,129753.0,225000.0,100
Sergio Canales,Real Sociedad,66106.0,3000000.0,100
Simone Verdi,Eibar,130360.0,500000.0,100
Omar Mascarell,Sporting Gijón,142031.0,700000.0,100
José Antonio Reyes,Sevilla,7717.0,300000.0,100
Bernard Mensah,Getafe,324321.0,2400000.0,100
Salva Sevilla,Espanyol,58799.0,200000.0,100
Léo Baptistão,Villarreal,221899.0,1500000.0,100
Pedro León,Getafe,51587.0,800000.0,100
Nili Perdomo,Las Palmas,282671.0,350000.0,100
Javi Marquez,Granada,72315.0,150000.0,100
Cani,La Coruña,7983.0,300000.0,100
Nacho Cases,Sporting Gijón,89473.0,225000.0,100
Rubén García,Levante,213260.0,1600000.0,100
Didier Digard,Betis,52345.0,400000.0,100
Takashi Inui,Eibar,98249.0,125000.0,100
Juan Muñiz,Sporting Gijón,85357.0,250000.0,100
Víctor Camarasa,Levante,263856.0,800000.0,100
Gorka Elustondo,Athletic Club,47647.0,400000.0,100
André Gomes,Valencia,221025.0,3000000.0,100
Nauzet Alemán,Las Palmas,45775.0,300000.0,100
Theo Bongonda,Celta Vigo,280701.0,3000000.0,100
José Alberto Cañas,Espanyol,69609.0,100000.0,100
Jony,Sporting Gijón,228761.0,300000.0,100
Uche Henry Agbo,Granada,262689.0,375000.0,100
Karim Yoda,Getafe,61464.0,50000.0,100
Hachim Mastour,Málaga,253267.0,150000.0,100
Sito,Valencia,320259.0,350000.0,100
Alex Barrera,Sporting Gijón,175914.0,100000.0,100
Rafael van der Vaart,Betis,4192.0,200000.0,100
Álvaro Medrán,Getafe,253839.0,3200000.0,100
Francisco Portillo,Betis,138803.0,1000000.0,100
Raúl Baena,Rayo Vallecano,74557.0,100000.0,100
Juan Carlos Valerón,Las Palmas,7501.0,100000.0,100
Emi Buendía,Getafe,321247.0,16000000.0,81
Wanderson,Getafe,236202.0,3000000.0,100
Borja Fernández,Celta Vigo,271988.0,200000.0,100
Samu Castillejo,Villarreal,195171.0,600000.0,100
Juanpi,Málaga,256680.0,350000.0,100
Matías Kranevitter,Atlético Madrid,240900.0,600000.0,100
Sandro Ramírez,Barcelona,199369.0,1500000.0,100
Pablo Piatti,Valencia,56067.0,400000.0,100
Nabil El Zhar,Las Palmas,37917.0,500000.0,100
Adri Embarba,Rayo Vallecano,288318.0,1000000.0,92
Pape Cheikh Diop,Celta Vigo,336828.0,800000.0,100
Manuel Iturra,Rayo Vallecano,40428.0,300000.0,100
Foued Kadir,Betis,57403.0,100000.0,100
Jonathan Rodríguez,La Coruña,280795.0,4000000.0,100
Juan Domínguez,La Coruña,915016.0,2500000.0,100
Pablo Pérez,Sporting Gijón,238717.0,300000.0,100
Paco Montañés,Espanyol,40442.0,400000.0,100
Antonio Cotán,Sevilla,199330.0,200000.0,100
Fábio Espinho,Málaga,114130.0,50000.0,100
Gerard Gumbau,Barcelona,268670.0,1200000.0,100
Ager Aketxe,Athletic Club,158057.0,1000000.0,100
Álvaro Vadillo,Betis,162074.0,400000.0,100
Jonás Gutiérrez,La Coruña,26443.0,75000.0,100
Nordin Amrabat,Málaga,55619.0,125000.0,100
Jota,Eibar,329812.0,5000000.0,100
Javier Eraso,Athletic Club,156814.0,300000.0,90
Thievy Bifouma,Granada,181477.0,200000.0,100
Dani Ndi,Sporting Gijón,322917.0,50000.0,100
Matías Nahuel,Villarreal,263843.0,700000.0,100
Fabián Ruiz Peña,Betis,350219.0,30000000.0,100
Javier Ontiveros,Málaga,298983.0,1000000.0,93
Gaël Kakuta,Sevilla,74297.0,250000.0,100
Ángel Lafita,Getafe,35562.0,2000000.0,100
Hugo Fraile,Sporting Gijón,72201.0,200000.0,100
Víctor Álvarez,Espanyol,99355.0,50000.0,100
Ibai Gómez,Athletic Club,127837.0,400000.0,100
Patrick Ebert,Rayo Vallecano,32622.0,75000.0,100
Wilfried Zahibo,Valencia,198529.0,150000.0,100
Joni Montiel,Rayo Vallecano,343273.0,700000.0,100
Robert Ibáñez,Granada,1084714.0,2500000.0,100
Josep Señé,Celta Vigo,161267.0,400000.0,100
Luis Fariña,Rayo Vallecano,125735.0,200000.0,100
Dejan Dražić,Celta Vigo,291247.0,300000.0,100
Fran Villalba,Valencia,311680.0,1500000.0,100
Lévy Madinda,Celta Vigo,21297.0,175000.0,100
Tropi,Valencia,320466.0,200000.0,100
Íñigo Barrenetxea,Eibar,399273.0,25000.0,100
Lionel Messi,Barcelona,28003.0,15000000.0,100
Neymar,Barcelona,68290.0,8000000.0,100
Gareth Bale,Real Madrid,39381.0,2000000.0,100
Cristiano Ronaldo,Real Madrid,8198.0,10000000.0,100
Luis Suárez,Barcelona,424784.0,30000000.0,100
Karim Benzema,Real Madrid,18922.0,5000000.0,100
Antoine Griezmann,Atlético Madrid,125781.0,8000000.0,100
Imanol Agirretxe,Real Sociedad,37501.0,1000000.0,100
Iago Aspas,Celta Vigo,72047.0,1600000.0,100
Aritz Aduriz,Athletic Club,29124.0,800000.0,100
Youssef El-Arabi,Granada,96533.0,100000.0,81
Lucas Pérez,La Coruña,73185.0,300000.0,100
Charles,Málaga,486078.0,900000.0,100
Roberto Soldado,Villarreal,34870.0,500000.0,100
Rubén Castro,Betis,25316.0,100000.0,100
Paco Alcácer,Valencia,126716.0,7000000.0,100
Miku Fedor,Rayo Vallecano,58001.0,100000.0,100
Fernando Torres,Atlético Madrid,7767.0,2500000.0,100
Yevhen Konoplyanka,Sevilla,58949.0,500000.0,94
Sergi Enrich,Eibar,81988.0,1200000.0,100
Deyverson,Levante,243541.0,1000000.0,100
Fabián Orellana,Celta Vigo,60890.0,200000.0,100
Willian José,Las Palmas,122155.0,1200000.0,100
Kévin Gameiro,Sevilla,27389.0,700000.0,100
Jesé,Real Madrid,134936.0,1000000.0,100
Jackson Martínez,Atlético Madrid,74418.0,700000.0,100
Borja Bastón,Eibar,85324.0,3500000.0,100
Giuseppe Rossi,Levante,19104.0,100000.0,100
Sergio Araujo,Las Palmas,110366.0,1500000.0,100
Antonio Sanabria,Sporting Gijón,234523.0,1800000.0,100
Javi Guerra,Rayo Vallecano,46215.0,200000.0,100
Álvaro Negredo,Valencia,18644.0,300000.0,100
Munir El Haddadi,Barcelona,223725.0,2500000.0,100
Carlos Vela,Real Sociedad,35773.0,2500000.0,100
Jonathas,Real Sociedad,58345.0,300000.0,100
Gerard Moreno,Espanyol,177467.0,2500000.0,100
Felipe Caicedo,Espanyol,37834.0,400000.0,100
Cédric Bakambu,Villarreal,127048.0,1200000.0,100
Fernando Llorente,Sevilla,35564.0,300000.0,100
Bruma,Real Sociedad,139396.0,3000000.0,100
Jon Bautista,Real Sociedad,289236.0,800000.0,100
Adrián López,Villarreal,45383.0,200000.0,100
Saúl Berjón,Eibar,74954.0,100000.0,100
Mikel Oyarzabal,Real Sociedad,351478.0,25000000.0,100
Luciano Vietto,Atlético Madrid,214316.0,1200000.0,100
Duje Čop,Málaga,46415.0,100000.0,100
Ángel Correa,Atlético Madrid,266807.0,8000000.0,100
Víctor Casadesus,Levante,35540.0,50000.0,100
Manucho,Rayo Vallecano,64484.0,100000.0,100
José Luis Morales,Levante,252677.0,200000.0,100
Ricky van Wolfswinkel,Betis,41355.0,200000.0,100
Keko,Eibar,66112.0,200000.0,100
Adalberto Peñaranda,Granada,308801.0,400000.0,100
Vincenzo Rennella,Betis,61401.0,200000.0,100
Adnane Tighadouini,Málaga,185570.0,300000.0,100
John Guidetti,Celta Vigo,98596.0,600000.0,100
Stefan Šćepović,Getafe,71273.0,250000.0,100
Oriol Riera,La Coruña,71671.0,475000.0,100
Mikel Arruabarrena,Eibar,51559.0,100000.0,100
Jorge Molina,Betis,57825.0,600000.0,100
Ian González Nieto,Getafe,253892.0,200000.0,100
Kike Sola,Athletic Club,51532.0,500000.0,100
Borja Mayoral,Real Madrid,298976.0,6000000.0,100
Roque Santa Cruz,Málaga,215.0,250000.0,100
Nico López,Granada,185593.0,3000000.0,86
Miguel Ángel Guerrero,Sporting Gijón,137704.0,500000.0,100
Álvaro Vázquez,Getafe,141835.0,250000.0,100
Henok Goitom,Getafe,6838.0,200000.0,100
Carlos Castro,Sporting Gijón,277093.0,150000.0,100
Santi Mina,Valencia,255653.0,2000000.0,100
Sabin Merino,Athletic Club,192736.0,500000.0,100
Ciro Immobile,Sevilla,105521.0,1800000.0,100
Piti,Rayo Vallecano,58076.0,100000.0,100
Isaac Success,Granada,295331.0,2500000.0,100
Roger Martí,Levante,212391.0,1200000.0,100
Hernán Pérez,Espanyol,73636.0,100000.0,100
David Barral,Granada,20346.0,50000.0,100
Leandro Damião,Betis,139449.0,1000000.0,100
Juan Muñoz,Sevilla,268958.0,800000.0,100
Mamadou Sylla,Espanyol,166683.0,1000000.0,100
Ikechukwu Uche,Málaga,44027.0,100000.0,100
Borja Viguera,Athletic Club,61344.0,100000.0,100
Claudio Beauvue,Celta Vigo,58818.0,150000.0,100
Carlos Fernández,Sevilla,216464.0,1500000.0,100
Sergio Mendigutxia,Sporting Gijón,158071.0,250000.0,100
Ricardo Horta,Málaga,261927.0,9000000.0,100
Nabil Ghilas,Levante,193515.0,325000.0,100
Izet Hajrović,Eibar,74996.0,200000.0,100
Édgar Méndez,Granada,133794.0,1000000.0,100
Aras Özbiliz,Rayo Vallecano,124891.0,200000.0,100
Lass Bangoura,Rayo Vallecano,182963.0,150000.0,100
Jordi Xumetra,Levante,73314.0,50000.0,100
Curro,Sevilla,208116.0,1500000.0,100
Roman Weidenfeller,Dortmund,26.0,750000.0,100
Tom Mickel,Hamburger SV,44607.0,100000.0,100
Tobias Sippel,Gladbach,31653.0,300000.0,100
Oliver Baumann,Hoffenheim,55089.0,2500000.0,100
Jaroslav Drobný,Hamburger SV,12864.0,50000.0,100
Mitchell Langerak,Stuttgart,49347.0,500000.0,100
Koen Casteels,Wolfsburg,108880.0,3500000.0,100
Marwin Hitz,Augsburg,59238.0,100000.0,100
Loris Karius,Mainz 05,85864.0,1000000.0,100
Ralf Fährmann,Schalke 04,39015.0,400000.0,100
Timo Horn,Köln,84938.0,700000.0,100
Ron-Robert Zieler,Hannover 96,21327.0,500000.0,100
Manuel Neuer,Bayern Munich,17259.0,4000000.0,100
Rune Jarstein,Hertha BSC,24112.0,300000.0,100
Bernd Leno,Leverkusen,72476.0,6000000.0,100
Lukáš Hrádecký,Eint Frankfurt,48015.0,1500000.0,100
René Adler,Hamburger SV,1784.0,500000.0,100
Yann Sommer,Gladbach,42205.0,2000000.0,100
Roman Bürki,Dortmund,59027.0,1000000.0,100
Ramazan Özcan,FC Ingolstadt 04,16498.0,300000.0,100
Przemysław Tytoń,Stuttgart,33210.0,75000.0,96
Christian Mathenia,Darmstadt 98,82361.0,600000.0,100
Diego Benaglio,Wolfsburg,1667.0,250000.0,100
Felix Wiedwald,Werder Bremen,44594.0,250000.0,100
Thomas Kraft,Hertha BSC,39732.0,600000.0,100
Ørjan Nyland,FC Ingolstadt 04,73517.0,800000.0,100
Sven Ulreich,Bayern Munich,40680.0,500000.0,100
David Yelldell,Leverkusen,4746.0,100000.0,100
Jens Grahl,Hoffenheim,40034.0,200000.0,100
Dario Krešić,Leverkusen,14219.0,150000.0,100
Andreas Hirzel,Hamburger SV,167189.0,100000.0,100
Łukasz Załuska,Darmstadt 98,32273.0,100000.0,92
Alex Manninger,Augsburg,15420.0,1000000.0,100
Odysseas Vlachodimos,Stuttgart,124419.0,3000000.0,100
Thomas Kessler,Köln,5072.0,250000.0,100
Alexander Nübel,Schalke 04,195778.0,12000000.0,100
Lars Bender,Leverkusen,30059.0,5500000.0,100
Mats Hummels,Dortmund,39728.0,2000000.0,100
Joël Matip,Schalke 04,82105.0,8000000.0,100
Papy Djilobodji,Werder Bremen,136610.0,500000.0,100
Philipp Lahm,Bayern Munich,2219.0,11000000.0,100
Naldo,Wolfsburg,32213.0,250000.0,100
Jérôme Boateng,Bayern Munich,26485.0,400000.0,100
Benjamin Henrichs,Leverkusen,202591.0,7000000.0,100
Javi Martínez,Bayern Munich,44017.0,1500000.0,100
Medhi Benatia,Bayern Munich,45124.0,2500000.0,100
Alexander Hack,Mainz 05,126281.0,400000.0,100
Ricardo Rodríguez,Wolfsburg,86784.0,1400000.0,100
David Alaba,Bayern Munich,59016.0,3000000.0,100
Mërgim Mavraj,Köln,38267.0,125000.0,100
John Brooks,Hertha BSC,124732.0,2000000.0,100
Vieirinha,Wolfsburg,35247.0,300000.0,100
Matthias Ginter,Dortmund,124502.0,5000000.0,100
Ömer Toprak,Leverkusen,43512.0,300000.0,100
Jonas Hector,Köln,108537.0,3500000.0,100
Timm Klose,Wolfsburg,65255.0,300000.0,100
Andreas Christensen,Gladbach,196948.0,8000000.0,100
Leon Balogun,Mainz 05,56100.0,150000.0,100
Aytaç Sulu,Darmstadt 98,11765.0,125000.0,100
Benedikt Höwedes,Schalke 04,39020.0,3000000.0,100
Stefan Bell,Mainz 05,82350.0,600000.0,100
Łukasz Piszczek,Dortmund,25727.0,750000.0,96
Neven Subotić,Dortmund,40995.0,200000.0,100
Jonathan Tah,Leverkusen,196357.0,28000000.0,100
Dominic Maroh,Köln,41023.0,100000.0,100
Rafinha,Bayern Munich,129473.0,4000000.0,100
Dante,Wolfsburg,16136.0,500000.0,100
Håvard Nordtveit,Gladbach,42234.0,600000.0,100
Benjamin Hübner,FC Ingolstadt 04,52348.0,700000.0,100
Holger Badstuber,Bayern Munich,54659.0,150000.0,100
Roman Neustädter,Schalke 04,40478.0,100000.0,100
Jannik Vestergaard,Werder Bremen,99331.0,1000000.0,100
Josuha Guilavogui,Wolfsburg,93704.0,700000.0,100
Salif Sané,Hannover 96,126534.0,300000.0,100
Tobias Levels,FC Ingolstadt 04,31216.0,400000.0,100
Sven Bender,Dortmund,29993.0,5500000.0,100
Clemens Fritz,Werder Bremen,1277.0,750000.0,100
Florian Jungwirth,Darmstadt 98,33078.0,250000.0,100
Santiago García,Werder Bremen,102432.0,4000000.0,100
Niklas Süle,Hoffenheim,166601.0,4000000.0,100
Frederik Sørensen,Köln,91716.0,500000.0,96
Sokratis Papastathopoulos,Dortmund,34322.0,700000.0,100
Jeong-ho Hong,Augsburg,126638.0,850000.0,100
Cléber Reis,Hamburger SV,226009.0,300000.0,100
Fabian Lustenberger,Hertha BSC,42203.0,100000.0,100
Markus Suttner,FC Ingolstadt 04,31514.0,400000.0,100
Gaëtan Bussmann,Mainz 05,127177.0,250000.0,100
Dominique Heintz,Köln,110036.0,600000.0,100
Sebastian Langkamp,Hertha BSC,39094.0,500000.0,100
Slobodan Rajković,Darmstadt 98,35934.0,250000.0,100
Niklas Stark,Hertha BSC,162434.0,2500000.0,100
Ragnar Klavan,Augsburg,26669.0,50000.0,100
Emir Spahić,Hamburger SV,25812.0,750000.0,100
Roger Bernardo,FC Ingolstadt 04,56435.0,550000.0,100
Georg Niedermeier,Stuttgart,31570.0,250000.0,100
Paul Verhaegh,Augsburg,18021.0,250000.0,100
Jan-Ingwer Callsen-Bracker,Augsburg,3851.0,100000.0,100
Jeffrey Gouweleeuw,Augsburg,106405.0,1000000.0,100
Erik Durm,Dortmund,93922.0,600000.0,100
Marcel Schäfer,Wolfsburg,8317.0,500000.0,100
Marvin Matip,FC Ingolstadt 04,17025.0,250000.0,100
Danny da Costa,FC Ingolstadt 04,85906.0,1200000.0,100
Marcel Schmelzer,Dortmund,35208.0,500000.0,100
Theodor Gebre Selassie,Werder Bremen,60632.0,300000.0,100
Serdar Taşçı,Bayern Munich,34593.0,150000.0,95
Robert Bauer,FC Ingolstadt 04,179634.0,800000.0,100
Daniel Brosinski,Mainz 05,43984.0,300000.0,100
Robin Knoche,Wolfsburg,94201.0,2500000.0,100
Juan Bernat,Bayern Munich,126719.0,1500000.0,100
Johan Djourou,Hamburger SV,34561.0,200000.0,100
Peter Niemeyer,Darmstadt 98,4691.0,200000.0,100
Ermin Bičakčić,Hoffenheim,51676.0,200000.0,100
Nico Elvedi,Gladbach,192635.0,8000000.0,100
Oscar Wendt,Gladbach,19305.0,400000.0,100
Niko Bungert,Mainz 05,30070.0,200000.0,100
Sebastian Jung,Wolfsburg,49730.0,300000.0,100
Giulio Donati,Mainz 05,88684.0,300000.0,100
Marvin Plattenhardt,Hertha BSC,89592.0,800000.0,100
Matthias Ostrzolek,Hamburger SV,53669.0,150000.0,100
Sead Kolašinac,Schalke 04,94005.0,4000000.0,100
Kevin Vogt,Köln,84435.0,400000.0,100
Tony Jantschke,Gladbach,47587.0,400000.0,100
Luca Caldirola,Darmstadt 98,88680.0,400000.0,100
Wendell,Leverkusen,228433.0,1500000.0,100
Fabian Schär,Hoffenheim,135343.0,4000000.0,100
Alexander Milošević,Hannover 96,171376.0,900000.0,100
Kostas Stafylidis,Augsburg,148967.0,1000000.0,85
Kyriakos Papadopoulos,Leverkusen,58489.0,250000.0,100
Bastian Oczipka,Eint Frankfurt,53437.0,300000.0,100
Marco Russ,Eint Frankfurt,16520.0,400000.0,100
Filip Mladenović,Köln,168063.0,300000.0,100
Marcelo,Hannover 96,44501.0,1800000.0,100
André Hoffmann,Hannover 96,85164.0,900000.0,100
Dominik Kohr,Augsburg,118847.0,2000000.0,100
Makoto Hasebe,Eint Frankfurt,39259.0,500000.0,100
Romain Brégerie,FC Ingolstadt 04,43257.0,250000.0,100
David Abraham,Eint Frankfurt,58178.0,1000000.0,100
Philipp Max,Augsburg,111275.0,600000.0,100
Konstantin Engel,FC Ingolstadt 04,42318.0,50000.0,100
André Ramalho,Leverkusen,175792.0,800000.0,100
Gōtoku Sakai,Hamburger SV,103310.0,250000.0,100
Carlos Zambrano,Eint Frankfurt,53533.0,100000.0,100
Álex Gálvez,Werder Bremen,1195704.0,125000.0,100
Peter Pekarík,Hertha BSC,51100.0,100000.0,100
Daniel Opare,Augsburg,65781.0,250000.0,100
Toni Šunjić,Stuttgart,60790.0,300000.0,100
Júnior Díaz,Darmstadt 98,1009596.0,6000000.0,100
Álvaro Domínguez,Gladbach,62915.0,6000000.0,100
Kim Jin-su,Hoffenheim,132529.0,325000.0,100
Waldemar Anton,Hannover 96,193004.0,18000000.0,100
Federico Barba,Stuttgart,165873.0,500000.0,100
Maximilian Mittelstädt,Hertha BSC,282660.0,18000000.0,100
Sascha Riether,Schalke 04,1662.0,300000.0,100
Gideon Jung,Hamburger SV,247661.0,700000.0,100
Sebastian Boenisch,Leverkusen,36914.0,150000.0,100
Christian Schulz,Hannover 96,1586.0,100000.0,100
Daniel Schwaab,Stuttgart,38434.0,2800000.0,100
Miloš Veljković,Werder Bremen,202228.0,2500000.0,100
Assani Lukimya,Werder Bremen,32618.0,100000.0,100
György Garics,Darmstadt 98,2926.0,100000.0,100
Dennis Diekmeier,Hamburger SV,42044.0,300000.0,100
Emiliano Insúa,Stuttgart,45599.0,300000.0,100
Martin Hinteregger,Gladbach,85789.0,9000000.0,100
Hiroki Sakai,Hannover 96,83002.0,400000.0,100
Aleksandar Ignjovski,Eint Frankfurt,74295.0,250000.0,100
Jeremy Toljan,Hoffenheim,129674.0,2000000.0,100
Philip Heise,Stuttgart,112617.0,600000.0,100
Roel Brouwers,Gladbach,4607.0,400000.0,100
Fabian Holland,Darmstadt 98,54846.0,500000.0,100
Florian Klein,Stuttgart,20276.0,400000.0,100
Janek Sternberg,Werder Bremen,89542.0,150000.0,100
Timo Baumgartl,Stuttgart,187491.0,800000.0,100
Tin Jedvaj,Leverkusen,206386.0,2000000.0,100
Constant Djakpa,Eint Frankfurt,41866.0,250000.0,100
Paweł Olkowski,Köln,117469.0,50000.0,100
Pierre Bengtsson,Mainz 05,50577.0,200000.0,100
Christoph Janker,Augsburg,14977.0,100000.0,100
Roberto Hilbert,Leverkusen,3256.0,100000.0,100
Oliver Sorg,Hannover 96,55114.0,175000.0,100
Yanni Regäsel,Eint Frankfurt,170522.0,50000.0,100
Johannes van den Bergh,Hertha BSC,31218.0,250000.0,100
Adam Hloušek,Stuttgart,62800.0,75000.0,100
Kevin Großkreutz,Stuttgart,44521.0,200000.0,100
Fynn Arkenberg,Hannover 96,235371.0,100000.0,100
Kaan Ayhan,Eint Frankfurt,119031.0,1500000.0,100
Ulisses Garcia,Werder Bremen,192616.0,3000000.0,100
Matija Nastasić,Schalke 04,143559.0,1500000.0,100
Nico Schulz,Gladbach,85867.0,800000.0,100
Matthias Zimmermann,Stuttgart,86848.0,800000.0,100
Benjamin Gorka,Darmstadt 98,31123.0,150000.0,100
Gonzalo Jara,Mainz 05,40429.0,50000.0,100
Martin Stranzl,Gladbach,568.0,1000000.0,100
Sandro Sirigu,Darmstadt 98,40456.0,125000.0,100
Oliver Hüsing,Werder Bremen,109436.0,500000.0,100
Felipe,Hannover 96,156501.0,1500000.0,100
Leon Guwara,Werder Bremen,201135.0,400000.0,100
Lukas Klünter,Köln,282577.0,500000.0,100
Luca Zander,Werder Bremen,139278.0,350000.0,100
Thilo Kehrer,Schalke 04,228948.0,12000000.0,100
Marvin Friedrich,Schalke 04,196231.0,1800000.0,100
Henrikh Mkhitaryan,Dortmund,55735.0,3000000.0,100
Arturo Vidal,Bayern Munich,37666.0,175000.0,100
Johannes Geis,Schalke 04,89650.0,600000.0,100
İlkay Gündoğan,Dortmund,53622.0,2000000.0,100
Thiago Alcántara,Bayern Munich,60444.0,10000000.0,100
Thomas Müller,Bayern Munich,58358.0,4000000.0,100
Granit Xhaka,Gladbach,111455.0,8000000.0,100
Marcel Risse,Köln,51176.0,300000.0,100
Pascal Groß,FC Ingolstadt 04,82873.0,2500000.0,100
Xabi Alonso,Bayern Munich,7476.0,3500000.0,100
Zlatko Junuzović,Werder Bremen,31007.0,800000.0,100
Arjen Robben,Bayern Munich,4360.0,200000.0,100
Douglas Costa,Bayern Munich,75615.0,1500000.0,100
Mahmoud Dahoud,Gladbach,191422.0,2000000.0,100
Hakan Çalhanoğlu,Leverkusen,126414.0,16000000.0,100
Lars Stindl,Gladbach,48298.0,1000000.0,100
Marco Reus,Dortmund,35207.0,1500000.0,100
Leon Goretzka,Schalke 04,153084.0,12000000.0,100
Kingsley Coman,Bayern Munich,243714.0,20000000.0,100
Daniel Baier,Augsburg,4018.0,400000.0,100
Christian Gentner,Stuttgart,19112.0,100000.0,100
Ivan Perišić,Wolfsburg,42460.0,1200000.0,100
Danilo Soares,FC Ingolstadt 04,154396.0,700000.0,100
Francisco Jose Rodriguez,Wolfsburg,549361.0,800000.0,100
Daniel Didavi,Stuttgart,57995.0,200000.0,100
Lewis Holtby,Hamburger SV,55508.0,300000.0,100
Hiroshi Kiyotake,Hannover 96,86175.0,900000.0,100
Julian Weigl,Dortmund,196792.0,4500000.0,100
Julian Draxler,Wolfsburg,85148.0,5000000.0,100
Caiuby,Augsburg,54137.0,75000.0,100
Shinji Kagawa,Dortmund,81785.0,150000.0,100
Kevin Volland,Hoffenheim,82009.0,500000.0,100
Danny Latza,Mainz 05,39025.0,500000.0,100
Kevin Kampl,Leverkusen,53418.0,3500000.0,100
Joshua Kimmich,Bayern Munich,161056.0,35000000.0,100
Charles Aránguiz,Leverkusen,89701.0,300000.0,100
Koo Ja-cheol,Augsburg,91841.0,650000.0,100
Maximilian Arnold,Wolfsburg,117674.0,3000000.0,100
Aron Jóhannsson,Werder Bremen,119169.0,400000.0,100
Philipp Bargfrede,Werder Bremen,42033.0,150000.0,100
Marc Stendera,Eint Frankfurt,160943.0,225000.0,100
Julian Baumgartlinger,Mainz 05,34787.0,400000.0,100
Lukas Rupp,Stuttgart,82863.0,350000.0,100
Szabolcs Huszti,Eint Frankfurt,18331.0,400000.0,100
Mario Götze,Bayern Munich,74842.0,3000000.0,100
Florian Grillitsch,Werder Bremen,195736.0,2500000.0,100
Aaron Hunt,Hamburger SV,4687.0,250000.0,100
Albin Ekdal,Hamburger SV,49275.0,800000.0,100
Marco Fabián,Eint Frankfurt,67685.0,400000.0,100
André Hahn,Gladbach,42783.0,800000.0,100
Leonardo Bittencourt,Köln,93844.0,900000.0,100
Tolga Ciğerci,Hertha BSC,94199.0,150000.0,100
Serey Dié,Stuttgart,77708.0,100000.0,100
Nadiem Amiri,Hoffenheim,232454.0,17000000.0,100
Vladimír Darida,Hertha BSC,179643.0,375000.0,100
Yunus Mallı,Mainz 05,85352.0,100000.0,100
Tobias Strobl,Hoffenheim,57845.0,500000.0,100
Florian Kohls,Hertha BSC,172168.0,100000.0,100
Ceyhun Gülselam,Hannover 96,37216.0,50000.0,100
Yannick Gerhardt,Köln,119277.0,1800000.0,100
Ivo Iličević,Hamburger SV,30308.0,400000.0,100
Thorgan Hazard,Gladbach,102226.0,2000000.0,100
Karim Bellarabi,Leverkusen,61087.0,1000000.0,100
Marcel Hartel,Köln,189073.0,4000000.0,100
Younès Belhanda,Schalke 04,118022.0,1500000.0,100
Sebastian Rudy,Hoffenheim,57051.0,1000000.0,100
Junior Caiçara,Schalke 04,112062.0,250000.0,100
Luiz Gustavo,Wolfsburg,1220468.0,600000.0,100
Arianit Ferati,Stuttgart,247380.0,650000.0,100
Genki Haraguchi,Hertha BSC,79377.0,500000.0,100
Pierre Højbjerg,Schalke 04,167799.0,15000000.0,82
Nuri Şahin,Dortmund,31095.0,1000000.0,100
Fabian Johnson,Gladbach,31041.0,250000.0,100
Christoph Kramer,Leverkusen,82097.0,1700000.0,100
Mathew Leckie,FC Ingolstadt 04,126214.0,300000.0,100
Tarik Elyounoussi,Hoffenheim,37287.0,200000.0,100
Max Meyer,Schalke 04,146164.0,3000000.0,100
Per Ciljan Skjelbred,Hertha BSC,18918.0,150000.0,100
Fabian Frei,Mainz 05,52595.0,200000.0,100
Christian Clemens,Mainz 05,44713.0,200000.0,100
Alexandru Maxim,Stuttgart,129513.0,300000.0,100
Filip Kostić,Stuttgart,161011.0,2000000.0,100
Tobias Werner,Augsburg,26878.0,175000.0,100
Salomon Kalou,Hertha BSC,7971.0,150000.0,100
Vladlen Yurchenko,Leverkusen,157373.0,250000.0,100
Dennis Aogo,Schalke 04,19354.0,475000.0,100
Fin Bartels,Werder Bremen,36207.0,300000.0,100
Yamaguchi Hotaru,Hannover 96,118492.0,275000.0,100
Christian Träsch,Wolfsburg,38440.0,300000.0,100
Jérôme Gondorf,Darmstadt 98,77108.0,400000.0,100
Miiko Albornoz,Hannover 96,75852.0,50000.0,100
Leroy Sané,Schalke 04,192565.0,20000000.0,100
Eugen Polanski,Hoffenheim,19548.0,1000000.0,100
Matthias Lehmann,Köln,1126.0,250000.0,100
Marcelo Díaz,Hamburger SV,747605.0,200000.0,100
Admir Mehmedi,Leverkusen,66058.0,225000.0,100
Mark Uth,Hoffenheim,112935.0,1000000.0,100
Pirmin Schwegler,Hoffenheim,14533.0,800000.0,100
Adnan Januzaj,Dortmund,177847.0,1000000.0,100
Daniel Caligiuri,Wolfsburg,38410.0,400000.0,100
Franck Ribéry,Bayern Munich,22068.0,1000000.0,100
Almog Cohen,FC Ingolstadt 04,56711.0,150000.0,100
Konstantin Rausch,Darmstadt 98,45668.0,250000.0,100
Iver Fossum,Hannover 96,226450.0,450000.0,100
Stefan Reinartz,Eint Frankfurt,43274.0,4000000.0,100
Ju-ho Park,Dortmund,111900.0,300000.0,100
Mario Vrančić,Darmstadt 98,39372.0,300000.0,100
Marlon Frey,Leverkusen,182752.0,250000.0,100
Nicolai Müller,Hamburger SV,39426.0,200000.0,100
Marco Höger,Schalke 04,55510.0,250000.0,100
Gojko Kačar,Hamburger SV,28683.0,400000.0,100
Miloš Jojić,Köln,160285.0,1000000.0,100
Manuel Schmiedebach,Hannover 96,41507.0,300000.0,100
Mitchell Weiser,Hertha BSC,119211.0,3000000.0,100
Piotr Trochowski,Augsburg,2623.0,750000.0,100
Tobias Kempe,Darmstadt 98,42072.0,500000.0,100
Pablo de Blasis,Mainz 05,75446.0,350000.0,100
David Kinsombi,Eint Frankfurt,196834.0,750000.0,100
Sidney Sam,Schalke 04,39102.0,625000.0,100
Moritz Leitner,Dortmund,82243.0,200000.0,100
Jan Rosenthal,Darmstadt 98,31173.0,125000.0,100
Max Christiansen,FC Ingolstadt 04,192300.0,1200000.0,100
Jonathan Schmid,Hoffenheim,70285.0,600000.0,100
Leon Andreasen,Hannover 96,22837.0,750000.0,100
Halil Altintop,Augsburg,1791.0,200000.0,100
Steven Zuber,Hoffenheim,68033.0,500000.0,100
Jens Hegeler,Hertha BSC,51168.0,500000.0,100
Joel Gerezgiher,Eint Frankfurt,196770.0,125000.0,100
Pavel Kadeřábek,Hoffenheim,143798.0,1000000.0,100
Sebastian Rode,Bayern Munich,44466.0,1000000.0,100
Felix Passlack,Dortmund,274461.0,700000.0,100
Johannes Flum,Eint Frankfurt,38415.0,125000.0,100
Alexander Baumjohann,Hertha BSC,16474.0,100000.0,100
Alfredo Morales,FC Ingolstadt 04,58500.0,500000.0,100
Robbie Kruse,Leverkusen,51972.0,200000.0,100
Felix Klaus,Hannover 96,89591.0,800000.0,100
Felix Kroos,Werder Bremen,31910.0,600000.0,100
Carlos Ascues,Wolfsburg,189283.0,350000.0,100
Kazuki Nagasawa,Köln,263685.0,150000.0,100
Russell Canouse,Hoffenheim,184133.0,1200000.0,100
Zoltán Stieber,Hamburger SV,61591.0,200000.0,100
Alessandro Schöpf,Schalke 04,118397.0,800000.0,100
Julian Korb,Gladbach,77809.0,200000.0,100
Markus Feulner,Augsburg,1986.0,100000.0,100
Philipp Ochs,Hoffenheim,207592.0,250000.0,100
Slobodan Medojević,Eint Frankfurt,48164.0,100000.0,100
Levin Öztunalı,Werder Bremen,168543.0,1200000.0,96
Christoph Moritz,Mainz 05,55519.0,150000.0,100
Ismail Azzaoui,Wolfsburg,289507.0,500000.0,100
Dušan Švento,Köln,34543.0,300000.0,100
László Kleinheisler,Werder Bremen,220656.0,200000.0,100
Marvin Schulz,Gladbach,168678.0,700000.0,100
Jairo Samperio,Mainz 05,171167.0,300000.0,100
Edgar Prib,Hannover 96,60028.0,150000.0,100
Tim Dierßen,Hannover 96,170516.0,25000.0,100
Paul Seguin,Wolfsburg,183780.0,1800000.0,100
Leandro Putaro,Wolfsburg,237732.0,225000.0,100
Maurice Multhaup,FC Ingolstadt 04,187496.0,400000.0,100
Mijat Gaćinović,Eint Frankfurt,215864.0,1500000.0,100
Suat Serdar,Mainz 05,261905.0,2800000.0,100
Boris Tashchy,Stuttgart,138292.0,200000.0,100
Sonny Kittel,Eint Frankfurt,78950.0,800000.0,100
Änis Ben-Hatira,Eint Frankfurt,35872.0,75000.0,100
Sambou Yatabaré,Werder Bremen,93309.0,125000.0,100
Jan Morávek,Augsburg,63022.0,200000.0,100
Lukas Fröde,Werder Bremen,153628.0,550000.0,100
Maximilian Eggestein,Werder Bremen,190284.0,10000000.0,100
Kevin De Bruyne,Wolfsburg,88755.0,8000000.0,100
Timothy Chandler,Eint Frankfurt,49723.0,350000.0,100
Marcel Hilssner,Werder Bremen,346879.0,50000.0,100
Ronny,Hertha BSC,43847.0,300000.0,100
Valentin Stocker,Hertha BSC,45178.0,600000.0,100
Mart Ristl,Stuttgart,170523.0,150000.0,100
Takashi Inui,Eint Frankfurt,98249.0,125000.0,100
Mike-Steven Bähre,Hannover 96,193006.0,400000.0,100
Özkan Yıldırım,Werder Bremen,83256.0,150000.0,88
Philipp Klement,Mainz 05,60394.0,600000.0,100
Carlos Gruezo,Stuttgart,189475.0,1000000.0,100
Stefan Wannenwetsch,FC Ingolstadt 04,94598.0,200000.0,100
Marius Wolf,Hannover 96,193900.0,2500000.0,100
Joelinton,Hoffenheim,333241.0,25000000.0,100
Fabian Reese,Schalke 04,227102.0,2800000.0,100
Marvin Wanitzek,Stuttgart,119581.0,1500000.0,100
Ahmet Arslan,Hamburger SV,209686.0,300000.0,100
Miloš Pantović,Bayern Munich,615639.0,2500000.0,100
Elkin Soto,Mainz 05,40937.0,50000.0,100
Nico Rinderknecht,Eint Frankfurt,279657.0,50000.0,100
Milan Ivana,Darmstadt 98,21039.0,75000.0,100
Robert Lewandowski,Bayern Munich,38253.0,7000000.0,100
Raffael,Gladbach,19819.0,75000.0,100
Pierre-Emerick Aubameyang,Dortmund,58864.0,2500000.0,100
Daniel Ginczek,Stuttgart,79501.0,500000.0,100
Sandro Wagner,Darmstadt 98,39743.0,1600000.0,100
Ibrahima Traoré,Gladbach,47285.0,600000.0,100
Alexander Meier,Eint Frankfurt,1565.0,300000.0,100
Javier Hernández,Leverkusen,422466.0,2000000.0,93
Gonzalo Castro,Dortmund,28947.0,500000.0,100
Eric Maxim Choupo-Moting,Schalke 04,45660.0,1000000.0,95
Anthony Modeste,Köln,50512.0,700000.0,100
Claudio Pizarro,Werder Bremen,532.0,400000.0,100
Adrián Ramos,Dortmund,73782.0,50000.0,100
Karim Onisiwo,Mainz 05,119234.0,400000.0,100
Vedad Ibišević,Hertha BSC,21175.0,500000.0,100
Andrej Kramarić,Hoffenheim,46580.0,2500000.0,100
Klaas-Jan Huntelaar,Schalke 04,4357.0,800000.0,100
Bas Dost,Wolfsburg,56331.0,600000.0,100
Max Kruse,Wolfsburg,36182.0,500000.0,100
Anthony Ujah,Werder Bremen,142281.0,750000.0,100
Alexander Esswein,Augsburg,45662.0,300000.0,100
Stefan Kießling,Leverkusen,6237.0,1000000.0,100
Raúl Bobadilla,Augsburg,51356.0,175000.0,100
Pierre-Michel Lasogga,Hamburger SV,73013.0,150000.0,100
André Schürrle,Wolfsburg,58205.0,4500000.0,100
Moritz Hartmann,FC Ingolstadt 04,42952.0,150000.0,100
Eduardo Vargas,Hoffenheim,89718.0,175000.0,100
Jonas Hofmann,Gladbach,7161.0,1500000.0,100
Luc Castaignos,Eint Frankfurt,91915.0,300000.0,100
Artur Sobiech,Hannover 96,75640.0,250000.0,100
Kenan Karaman,Hannover 96,119557.0,1400000.0,100
Hugo Almeida,Hannover 96,9824.0,50000.0,100
Yoshinori Mutō,Mainz 05,230541.0,700000.0,100
Haris Seferović,Eint Frankfurt,109256.0,4000000.0,100
Simon Zoller,Köln,79967.0,300000.0,100
Yuya Osako,Köln,108650.0,400000.0,100
Alfreð Finnbogason,Augsburg,90024.0,250000.0,97
Christian Pulisic,Dortmund,315779.0,40000000.0,100
Michael Gregoritsch,Hamburger SV,120205.0,1500000.0,100
Julian Brandt,Leverkusen,187492.0,15000000.0,100
Darío Lezcano,FC Ingolstadt 04,80031.0,500000.0,100
Lukas Hinterseer,FC Ingolstadt 04,59054.0,100000.0,100
Jhon Córdoba,Mainz 05,185245.0,10000000.0,100
Patrick Herrmann,Gladbach,32711.0,1000000.0,100
Franco Di Santo,Schalke 04,59783.0,350000.0,100
Artem Kravets,Stuttgart,58405.0,200000.0,100
Noah Joel Sarenren Bazee,Hannover 96,283001.0,500000.0,100
Sascha Mölders,Augsburg,17689.0,125000.0,100
Sven Schipplock,Hamburger SV,52530.0,75000.0,100
Bruno Henrique,Wolfsburg,353108.0,750000.0,100
Timo Werner,Stuttgart,170527.0,3500000.0,100
Stefan Aigner,Eint Frankfurt,35183.0,275000.0,100
Tim Matavž,Augsburg,50303.0,300000.0,100
Stefan Lex,FC Ingolstadt 04,116792.0,200000.0,100
Tomáš Pekhart,FC Ingolstadt 04,38746.0,50000.0,100
Martin Harnik,Stuttgart,31159.0,800000.0,100
Allan Saint-Maximin,Hannover 96,272642.0,10000000.0,100
Artjoms Rudņevs,Hamburger SV,103547.0,1500000.0,100
Mevlüt Erdinç,Hannover 96,38360.0,50000.0,100
Dominik Stroh-Engel,Darmstadt 98,19736.0,50000.0,100
Nicklas Bendtner,Wolfsburg,34557.0,325000.0,100
Philipp Hosiner,Köln,37788.0,175000.0,100
Ádám Szalai,Hannover 96,39106.0,200000.0,100
Julian Schieber,Hertha BSC,58124.0,400000.0,100
Marco Sailer,Darmstadt 98,18277.0,100000.0,100
Nabil Bahoui,Hamburger SV,93184.0,400000.0,100
Uffe Bech,Hannover 96,94939.0,100000.0,100
Luca Waldschmidt,Eint Frankfurt,196095.0,2000000.0,100
Branimir Hrgota,Gladbach,171209.0,1300000.0,100
Ji Dong-won,Augsburg,164265.0,100000.0,100
Kevin Kurányi,Hoffenheim,1331.0,1250000.0,100
Ivica Olić,Hamburger SV,7427.0,300000.0,100
Elias Kachunga,FC Ingolstadt 04,49501.0,300000.0,100
Felix Platte,Darmstadt 98,195782.0,900000.0,100
Josip Drmić,Hamburger SV,140579.0,2000000.0,100
Marcel Heller,Darmstadt 98,32207.0,75000.0,100
Charlison Benschop,Hannover 96,66783.0,250000.0,100
Albian Ajeti,Augsburg,195906.0,700000.0,100
Maximilian Beister,Mainz 05,58379.0,100000.0,100
Florian Niederlechner,Mainz 05,152963.0,600000.0,100
Jan Kliment,Stuttgart,218299.0,400000.0,100
Jiloan Hamad,Hoffenheim,63833.0,300000.0,100
Melvyn Lorenzen,Werder Bremen,143121.0,300000.0,100
Václav Kadlec,Eint Frankfurt,91423.0,100000.0,100
Batuhan Altıntaş,Hamburger SV,216597.0,150000.0,96
Valmir Sulejmani,Hannover 96,193050.0,250000.0,100
Son Heung-min,Leverkusen,91845.0,15000000.0,100
Roy Beerens,Hertha BSC,25427.0,400000.0,100
Devante Parker,Mainz 05,196836.0,100000.0,100
Josip Posavec,Palermo,255322.0,300000.0,100
Alberto Pelagotti,Empoli,56921.0,200000.0,100
Christian Abbiati,Milan,3507.0,500000.0,100
Andrea Seculin,Chievo,85380.0,200000.0,100
Francesco Bardi,Frosinone,110925.0,400000.0,100
Samir Handanović,Inter,28021.0,500000.0,100
Mattia Perin,Genoa,110923.0,2000000.0,100
Emiliano Viviano,Sampdoria,24316.0,300000.0,100
Wojciech Szczęsny,Roma,44058.0,800000.0,100
Gianluigi Buffon,Juventus,5023.0,1000000.0,100
Stefano Sorrentino,Palermo,21891.0,500000.0,100
Maurizio Pugliesi,Empoli,22285.0,25000.0,100
Antonio Mirante,Bologna,22141.0,100000.0,100
Gianluigi Donnarumma,Milan,315858.0,45000000.0,100
Albano Bizzarri,Chievo,7797.0,200000.0,100
Eugenio Lamanna,Genoa,85240.0,100000.0,100
Gianluca Pegolo,Sassuolo,21872.0,100000.0,100
Simone Colombi,Carpi,57285.0,250000.0,100
Angelo Da Costa,Bologna,82693.0,200000.0,100
Marco Sportiello,Atalanta,199976.0,800000.0,100
Łukasz Skorupski,Empoli,80894.0,2000000.0,96
Andrea Consigli,Sassuolo,35865.0,800000.0,100
Alberto Brignoli,Sampdoria,146799.0,700000.0,100
Vid Belec,Carpi,73090.0,500000.0,100
Federico Marchetti,Lazio,22318.0,50000.0,100
Ciprian Tătărușanu,Fiorentina,55282.0,400000.0,100
Francesco Benussi,Carpi,21829.0,100000.0,100
Nicola Leali,Frosinone,136111.0,1000000.0,100
Etrit Berisha,Lazio,77825.0,200000.0,100
Pepe Reina,Napoli,7825.0,600000.0,100
Orestis Karnezis,Udinese,16408.0,500000.0,100
Neto,Juventus,111819.0,900000.0,100
Morgan De Sanctis,Roma,5880.0,250000.0,100
Daniele Padelli,Torino,27807.0,150000.0,100
Pierluigi Gollini,Hellas Verona,244192.0,800000.0,100
Luca Lezzerini,Fiorentina,135747.0,350000.0,100
Massimo Zappino,Frosinone,43237.0,100000.0,100
Fabrizio Alastra,Palermo,287871.0,75000.0,100
Rafael,Hellas Verona,61892.0,800000.0,100
Ionuț Radu,Inter,303657.0,9000000.0,100
Salvador Ichazo,Torino,131098.0,200000.0,100
Diego López,Milan,617081.0,9000000.0,100
Boris Radunović,Atalanta,258482.0,1000000.0,100
Ferdinando Coppola,Hellas Verona,5986.0,50000.0,100
Davide Bassi,Atalanta,41914.0,100000.0,100
Gabriel,Napoli,435338.0,75000000.0,100
Juan Pablo Carrizo,Inter,39118.0,150000.0,100
Željko Brkić,Carpi,37278.0,50000.0,100
Rubinho,Juventus,37598.0,50000.0,100
Stefan de Vrij,Lazio,111196.0,3000000.0,100
Francesco Acerbi,Sassuolo,131075.0,2000000.0,100
Samir Santos,Hellas Verona,697520.0,450000.0,100
Thiago Cionek,Palermo,79510.0,200000.0,100
Leonardo Bonucci,Juventus,39983.0,1000000.0,100
Alex Sandro,Juventus,79960.0,1000000.0,100
Luca Antonelli,Milan,45565.0,100000.0,100
Ignazio Abate,Milan,16631.0,400000.0,100
Cristian Ansaldi,Genoa,55854.0,400000.0,100
Bruno Peres,Torino,148751.0,1000000.0,100
Philippe Mexès,Milan,5422.0,500000.0,100
Alessandro Florenzi,Roma,130365.0,2000000.0,100
Giorgio Chiellini,Juventus,29260.0,1000000.0,100
Andrea Costa,Empoli,34336.0,200000.0,100
Alex,Milan,15420.0,1000000.0,100
Andrea Barzagli,Juventus,7109.0,1000000.0,100
Davide Astori,Fiorentina,87210.0,7500000.0,100
Milan Biševac,Lazio,24661.0,150000.0,100
Kalidou Koulibaly,Napoli,93128.0,4500000.0,100
Daniele Gastaldello,Bologna,7096.0,300000.0,100
Raúl Albiol,Napoli,15452.0,700000.0,100
Facundo Roncaglia,Fiorentina,61546.0,200000.0,100
Lorenzo Tonelli,Empoli,111347.0,200000.0,100
Nicolás Burdisso,Genoa,3417.0,300000.0,100
Nikola Maksimović,Torino,124715.0,450000.0,100
Cesare Bovo,Torino,5946.0,100000.0,100
Gonzalo Rodríguez,Fiorentina,19998.0,200000.0,100
Abdelhamid El Kaoutari,Palermo,74615.0,200000.0,100
Armando Izzo,Genoa,32113.0,1300000.0,100
Felipe dal Belo,Udinese,156501.0,1500000.0,100
Archimede Morleo,Bologna,85066.0,25000.0,100
Pontus Jansson,Torino,125314.0,700000.0,100
Uroš Ćosić,Empoli,94305.0,350000.0,100
Kostas Manolas,Roma,104752.0,1000000.0,82
Kamil Glik,Torino,46552.0,50000.0,100
Domenico Maietta,Bologna,22140.0,300000.0,100
Miranda,Inter,33357.0,250000.0,100
Jeison Murillo,Inter,131102.0,900000.0,100
Alessandro Gamberini,Chievo,16868.0,250000.0,100
Ezequiel Muñoz,Genoa,75127.0,75000.0,100
Ivan Radovanović,Chievo,46105.0,400000.0,100
Fabrizio Cacciatore,Chievo,85605.0,100000.0,100
Emiliano Moretti,Torino,5755.0,500000.0,100
Felipe Melo,Inter,35537.0,150000.0,100
Cristian Zaccardo,Carpi,5993.0,150000.0,100
Santiago Gentiletti,Lazio,30782.0,200000.0,100
Daniele Rugani,Juventus,162959.0,2000000.0,100
Mário Rui,Empoli,87884.0,3500000.0,100
Luca Antei,Sassuolo,146743.0,75000.0,100
Faouzi Ghoulam,Napoli,126656.0,300000.0,100
Cristián Zapata,Milan,34344.0,250000.0,100
Marcos Alonso,Fiorentina,112515.0,1200000.0,100
Boukary Dramé,Atalanta,33442.0,250000.0,100
Riccardo Gagliolo,Carpi,240786.0,500000.0,100
Patrice Evra,Juventus,5285.0,1000000.0,100
Marios Oikonomou,Bologna,174488.0,250000.0,96
Berat Djimsiti,Atalanta,165513.0,4000000.0,100
Antonio Rüdiger,Roma,86202.0,6000000.0,100
Cristian Molinaro,Torino,21972.0,250000.0,100
Dario Dainelli,Chievo,5970.0,150000.0,100
Simone Romagnoli,Carpi,88706.0,800000.0,100
Šime Vrsaljko,Sassuolo,76061.0,4000000.0,100
Gastón Silva,Torino,189452.0,1800000.0,100
Wesley Hoedt,Lazio,253765.0,1200000.0,100
Leonardo Blanchard,Frosinone,119366.0,600000.0,100
Alex Telles,Inter,255755.0,2800000.0,100
Boštjan Cesar,Chievo,24606.0,200000.0,100
Ștefan Radu,Lazio,44420.0,300000.0,100
Luca Marrone,Hellas Verona,124769.0,200000.0,100
Andrea Masiello,Atalanta,34198.0,400000.0,100
Molla Wagué,Udinese,129893.0,250000.0,100
Siniša Anđelković,Palermo,84622.0,225000.0,94
Maurício,Lazio,678439.0,15000000.0,100
Luca Rossettini,Bologna,60128.0,400000.0,100
Wallace,Carpi,225335.0,1500000.0,100
Alessio Romagnoli,Milan,197747.0,6000000.0,100
Paolo Cannavaro,Sassuolo,5858.0,200000.0,100
Gabriel Silva,Genoa,627224.0,7000000.0,100
Federico Barba,Empoli,165873.0,500000.0,100
Abdoulay Konko,Lazio,22139.0,500000.0,100
Eros Pisano,Hellas Verona,56609.0,50000.0,100
Gaetano Letizia,Carpi,160560.0,900000.0,100
Adam Masina,Bologna,286949.0,1000000.0,100
Rafael Tolói,Atalanta,72441.0,800000.0,100
Vangelis Moras,Hellas Verona,9850.0,100000.0,100
Guglielmo Stendardo,Atalanta,22093.0,100000.0,100
Elseid Hysaj,Napoli,200056.0,1200000.0,100
Martín Cáceres,Juventus,54935.0,250000.0,100
Emil Krafth,Bologna,184528.0,750000.0,100
Dodô,Sampdoria,401529.0,16000000.0,100
Nenad Tomović,Fiorentina,47085.0,25000.0,100
Juan Jesus,Inter,121985.0,1500000.0,100
Federico Peluso,Sassuolo,21763.0,300000.0,100
Giancarlo González,Palermo,111893.0,175000.0,100
Mario Suárez,Fiorentina,37337.0,300000.0,100
Ibrahima Mbaye,Bologna,207715.0,300000.0,100
Sebastien De Maio,Genoa,56830.0,200000.0,100
Danilo Larangeira,Udinese,145707.0,2000000.0,100
Roberto Vitiello,Palermo,22217.0,200000.0,100
Andrea Conti,Atalanta,111227.0,500000.0,100
Niklas Moisander,Sampdoria,5017.0,300000.0,100
Lucas Digne,Roma,126664.0,6000000.0,100
Massimo Gobbi,Chievo,28020.0,300000.0,100
Thomas Heurtaux,Udinese,109598.0,200000.0,100
Daniel Pavlović,Frosinone,19671.0,25000.0,100
Matteo Bianchetti,Hellas Verona,160986.0,800000.0,100
Robert Gucher,Frosinone,52188.0,150000.0,100
Gabriel Paletta,Atalanta,30767.0,100000.0,100
Ali Adnan Kadhim,Udinese,736043.0,450000.0,100
Ivan Strinić,Napoli,39799.0,1000000.0,100
Vincent Laurini,Empoli,94936.0,150000.0,100
Stephan Lichtsteiner,Juventus,2865.0,800000.0,100
Lorenzo Ariaudo,Empoli,84921.0,200000.0,100
Ervin Zukanović,Roma,44059.0,125000.0,100
Pablo Armero,Udinese,73786.0,200000.0,100
Andrea Ranocchia,Sampdoria,44327.0,800000.0,100
Maicon,Roma,18301.0,500000.0,100
Christian Maggio,Napoli,21151.0,200000.0,100
Issa Cissokho,Genoa,183494.0,300000.0,100
Nicolás Spolli,Chievo,51186.0,200000.0,100
David López,Napoli,947431.0,1200000.0,100
Michelangelo Albertazzi,Hellas Verona,56841.0,100000.0,100
Davide Santon,Inter,84344.0,500000.0,100
Edoardo Goldaniga,Palermo,242940.0,2000000.0,100
Emanuele Suagher,Carpi,163600.0,200000.0,100
Cristian Raimondi,Atalanta,22249.0,100000.0,100
Danilo D'Ambrosio,Inter,55769.0,700000.0,100
Mattia Cassani,Sampdoria,21859.0,100000.0,100
Martín Montoya,Inter,68645.0,350000.0,100
Matías Silvestre,Sampdoria,20003.0,100000.0,100
Iván Piris,Udinese,125251.0,350000.0,100
Danilo Avelar,Torino,140748.0,250000.0,100
Nicolò Cherubin,Atalanta,56854.0,75000.0,100
Mattia De Sciglio,Milan,88682.0,1000000.0,100
Manuel Pasqual,Fiorentina,23284.0,300000.0,100
Modibo Diakité,Sampdoria,41749.0,25000.0,100
Filip Helander,Hellas Verona,198067.0,500000.0,100
Adriano Russo,Frosinone,44281.0,150000.0,100
Andrea Rispoli,Palermo,74448.0,250000.0,100
Alex Ferrari,Bologna,197491.0,1000000.0,100
Yuto Nagatomo,Inter,79522.0,100000.0,100
Emanuele Terranova,Sassuolo,61770.0,200000.0,100
Davide Calabria,Milan,262523.0,4500000.0,100
Fabrizio Poli,Carpi,124173.0,100000.0,100
Marcello Gazzola,Sassuolo,57643.0,150000.0,100
Giovanni Marchese,Genoa,21887.0,50000.0,100
Nicolas Frey,Chievo,38591.0,100000.0,100
Aljaž Struna,Palermo,108119.0,150000.0,100
Gianpaolo Bellini,Atalanta,19435.0,100000.0,100
Lorenzo De Silvestri,Sampdoria,33571.0,600000.0,100
Patric,Lazio,126729.0,1500000.0,100
Samuel Souprayen,Hellas Verona,60599.0,100000.0,100
Vasco Regini,Napoli,72274.0,150000.0,100
Gennaro Sardo,Chievo,21770.0,100000.0,100
Giovanni Pasquale,Udinese,5793.0,300000.0,100
Marco Zambelli,Empoli,28031.0,200000.0,100
Emerson Palmieri,Roma,181778.0,9000000.0,100
Claud Adjapong,Sassuolo,337716.0,900000.0,100
Riccardo Fiamozzi,Genoa,197745.0,300000.0,100
Igor Bubnjić,Carpi,187090.0,25000.0,100
Rômulo,Hellas Verona,957874.0,30000000.0,100
Fabio Daprelà,Carpi,66109.0,200000.0,100
Mohamed Fares,Hellas Verona,287700.0,1300000.0,100
Arlind Ajeti,Frosinone,159288.0,600000.0,100
Edson Braafheid,Lazio,16731.0,100000.0,100
Aleandro Rosi,Frosinone,34239.0,150000.0,100
Pedro Pereira,Sampdoria,314965.0,1200000.0,100
Vasilis Torosidis,Roma,24977.0,400000.0,97
Matteo Ciofani,Frosinone,119355.0,175000.0,100
Paweł Wszołek,Hellas Verona,164759.0,200000.0,100
Vasiliy Prijma,Frosinone,,,0
Davide Brivio,Atalanta,38824.0,300000.0,100
Alessandro Longhi,Sassuolo,112666.0,50000.0,100
Gilberto,Hellas Verona,231614.0,2200000.0,100
Djamel Mesbah,Sampdoria,17735.0,300000.0,100
Diogo Figueiras,Genoa,172181.0,300000.0,100
Luca Martinelli,Empoli,84751.0,500000.0,100
Fabio Della Giovanna,Inter,291392.0,100000.0,100
Michele Camporese,Empoli,62716.0,650000.0,100
Andrea Coda,Sampdoria,28833.0,25000.0,100
Kevin Constant,Bologna,43760.0,400000.0,100
Marcelo Estigarribia,Atalanta,610266.0,1000000.0,100
Leandro Castán,Roma,54929.0,550000.0,100
Michel Morganella,Palermo,47544.0,25000.0,100
Mauricio Isla,Juventus,43722.0,425000.0,100
Maurizio Domizzi,Udinese,6750.0,200000.0,100
Roberto Crivello,Frosinone,130348.0,125000.0,100
Norbert Gyömbér,Roma,205054.0,800000.0,100
Davide Bertoncini,Frosinone,91914.0,175000.0,100
Rodrigo Ely,Milan,176140.0,3000000.0,100
Milan Škriniar,Sampdoria,204069.0,10000000.0,100
Federico Viviani,Hellas Verona,165900.0,250000.0,100
Paul Pogba,Juventus,122153.0,2500000.0,100
Lorenzo Insigne,Napoli,133964.0,8000000.0,100
Miralem Pjanić,Roma,44162.0,1500000.0,100
Marek Hamšík,Napoli,38593.0,1200000.0,100
Lucas Biglia,Lazio,26721.0,250000.0,100
Kingsley Coman,Juventus,243714.0,20000000.0,100
Claudio Marchisio,Juventus,44716.0,3000000.0,100
Juan Cuadrado,Juventus,91970.0,800000.0,100
Franco Vázquez,Palermo,76163.0,600000.0,100
Fernando,Sampdoria,51174.0,2000000.0,100
Diego Perotti,Roma,54984.0,500000.0,100
Giacomo Bonaventura,Milan,57280.0,3000000.0,100
Papu Gómez,Atalanta,20005.0,2000000.0,100
Mario Lemina,Juventus,170934.0,4500000.0,100
Leandro Paredes,Empoli,166237.0,5000000.0,100
Daniele De Rossi,Roma,5947.0,1000000.0,100
Riccardo Montolivo,Milan,19446.0,500000.0,100
Matías Vecino,Fiorentina,143812.0,1000000.0,100
Milan Badelj,Fiorentina,40633.0,800000.0,100
Jorginho,Napoli,102017.0,4000000.0,100
Borja Valero,Fiorentina,40372.0,900000.0,100
Francesco Magnanelli,Sassuolo,7093.0,400000.0,100
Piotr Zieliński,Empoli,181136.0,10000000.0,100
Marcelo Brozović,Inter,156617.0,8000000.0,100
Suso,Genoa,111961.0,4000000.0,100
Radja Nainggolan,Roma,41982.0,500000.0,100
Hernanes,Juventus,52897.0,350000.0,100
Luca Cigarini,Atalanta,33218.0,300000.0,100
Mohamed Salah,Roma,148455.0,22000000.0,100
Geoffrey Kondogbia,Inter,127189.0,3000000.0,100
Tomás Rincón,Genoa,75942.0,100000.0,100
Maxi Moralez,Atalanta,30687.0,100000.0,100
Enzo Maresca,Palermo,16651.0,200000.0,100
Adem Ljajić,Inter,69374.0,400000.0,100
Giuseppe Vives,Torino,42345.0,250000.0,100
Bruno Fernandes,Udinese,240306.0,35000000.0,100
Gary Medel,Inter,60889.0,800000.0,100
Marco Parolo,Lazio,84545.0,1000000.0,100
Andrea Lazzari,Carpi,19442.0,25000.0,100
Emanuele Giaccherini,Bologna,84835.0,75000.0,100
Marten de Roon,Atalanta,133179.0,3200000.0,100
Sami Khedira,Juventus,29401.0,2000000.0,100
Luigi Giorgi,Atalanta,57389.0,75000.0,100
Federico Mattiello,Chievo,200194.0,300000.0,100
Vlad Chiricheș,Napoli,123261.0,200000.0,100
Dries Mertens,Napoli,56416.0,1800000.0,100
Jonathan Biabiany,Inter,45567.0,400000.0,100
Allan,Napoli,1082631.0,20000000.0,100
Matías Fernández,Fiorentina,707153.0,3000000.0,100
Kwadwo Asamoah,Juventus,63531.0,350000.0,100
Gastón Brugman,Palermo,131109.0,2000000.0,100
Francesco Lodi,Udinese,6033.0,25000.0,100
Roberto Soriano,Sampdoria,63186.0,1800000.0,100
Ogenyi Onazi,Lazio,131709.0,100000.0,100
Franco Brienza,Bologna,16137.0,50000.0,100
Raffaele Maiello,Empoli,140559.0,1000000.0,100
Paolo Sammarco,Frosinone,7101.0,75000.0,100
Cristian Tello,Fiorentina,141834.0,2700000.0,100
Roberto Pereyra,Juventus,112302.0,700000.0,100
Carlos Carbonero,Sampdoria,136605.0,300000.0,100
Blerim Džemaili,Genoa,9967.0,100000.0,100
Ivan Perišić,Inter,42460.0,1200000.0,100
Mirko Valdifiori,Napoli,84903.0,100000.0,100
Përparim Hetemaj,Chievo,37295.0,50000.0,100
Andrea Bertolacci,Milan,99227.0,400000.0,100
Alessandro Diamanti,Atalanta,23197.0,200000.0,100
Simone Verdi,Carpi,130360.0,500000.0,100
Simone Missiroli,Sassuolo,35747.0,300000.0,100
Lorenzo Lollo,Carpi,158463.0,100000.0,100
Riccardo Saponara,Empoli,88909.0,700000.0,100
Stefano Sabelli,Carpi,167491.0,1300000.0,100
Roberto Gagliardini,Atalanta,197471.0,1300000.0,100
Olivier Ntcham,Genoa,224088.0,2000000.0,100
Alfred Duncan,Sassuolo,184894.0,4000000.0,100
Luca Rigoni,Genoa,22210.0,150000.0,100
Fredy Guarín,Inter,39090.0,500000.0,100
Felipe Anderson,Lazio,159372.0,1500000.0,100
Alessandro Gazzi,Torino,28827.0,100000.0,100
Ricky Álvarez,Sampdoria,547248.0,800000.0,80
Panagiotis Kone,Fiorentina,19636.0,800000.0,100
Urby Emanuelson,Hellas Verona,20586.0,100000.0,100
Alberto Grassi,Napoli,197473.0,1400000.0,100
Lorenzo Pasciuti,Carpi,165724.0,100000.0,100
Amadou Diawara,Bologna,355501.0,1500000.0,100
Senad Lulić,Lazio,61449.0,1000000.0,100
Ivajlo Chochev,Palermo,252767.0,2800000.0,92
Raffaele Bianco,Carpi,56693.0,175000.0,100
Juraj Kucka,Milan,74943.0,1200000.0,100
Ronaldo,Empoli,866670.0,3500000.0,100
Manuel Pucciarelli,Empoli,163683.0,150000.0,100
Guilherme,Udinese,444920.0,2800000.0,100
Valter Birsa,Chievo,26105.0,400000.0,100
Lorenzo Crisetig,Bologna,110928.0,500000.0,100
Mato Jajalo,Palermo,47513.0,250000.0,100
Keisuke Honda,Milan,66521.0,275000.0,100
Simone Padoin,Juventus,56703.0,325000.0,100
Nicola Rigoni,Chievo,61757.0,200000.0,100
Seydou Keita,Roma,5486.0,500000.0,100
Nenad Krstičić,Sampdoria,56790.0,100000.0,100
Joan Verdú,Fiorentina,28005.0,50000.0,100
Emmanuel Agyemang-Badu,Udinese,885233.0,800000.0,87
Daniele Baselli,Torino,134883.0,250000.0,100
Panagiotis Tachtsidis,Genoa,62415.0,300000.0,100
Leandro Greco,Hellas Verona,39831.0,150000.0,100
Matteo Brighi,Bologna,5868.0,200000.0,100
Afriyie Acquah,Torino,145581.0,300000.0,100
Isaac Cofie,Carpi,99327.0,200000.0,100
Danilo Cataldi,Lazio,199733.0,3500000.0,100
Joel Obi,Torino,45581.0,200000.0,100
Jakub Błaszczykowski,Fiorentina,29835.0,25000.0,97
Zdravko Kuzmanović,Udinese,25441.0,325000.0,100
Godfred Donsah,Bologna,291266.0,400000.0,100
Giampiero Pinzi,Chievo,5893.0,100000.0,100
Matteo Politano,Sassuolo,165895.0,5000000.0,100
Luca Bittante,Empoli,163062.0,200000.0,100
Diego Laxalt,Genoa,230552.0,3000000.0,100
Lucas Castro,Chievo,105892.0,125000.0,100
Kevin Strootman,Roma,68864.0,800000.0,100
Saphir Taïder,Bologna,144779.0,400000.0,100
Artur Ioniță,Hellas Verona,98888.0,200000.0,100
Marco Crimi,Carpi,149526.0,125000.0,100
David Ivan,Sampdoria,168416.0,75000.0,100
Omar El Kaddouri,Napoli,73097.0,600000.0,100
Marco D'Alessandro,Atalanta,99232.0,175000.0,100
Marco Benassi,Torino,201040.0,1200000.0,100
Jasmin Kurtić,Atalanta,85825.0,800000.0,100
Sergej Milinković-Savić,Lazio,266302.0,12000000.0,100
Silvan Widmer,Udinese,168989.0,800000.0,100
Manuel Iturra,Udinese,40428.0,300000.0,100
Rafael Márquez,Hellas Verona,61892.0,800000.0,100
Matteo Fedele,Carpi,111438.0,150000.0,100
Angelo Palombo,Sampdoria,6793.0,200000.0,100
Danilo Soddimo,Frosinone,39690.0,75000.0,100
Serge Gakpé,Atalanta,36293.0,100000.0,100
Iago Falque,Roma,59340.0,250000.0,100
Ricardo Kishna,Lazio,159026.0,350000.0,100
Édgar Barreto,Sampdoria,16120.0,250000.0,100
Carlos Carmona,Atalanta,76387.0,250000.0,100
Marcel Büchel,Empoli,74956.0,300000.0,100
Karim Laribi,Sassuolo,124911.0,150000.0,100
Paul-José Mpoku,Chievo,73846.0,900000.0,100
Darko Lazović,Genoa,70411.0,1500000.0,100
Luca Paganini,Frosinone,167444.0,225000.0,100
Assane Dioussé,Empoli,287635.0,500000.0,100
Nikola Ninković,Chievo,168944.0,350000.0,100
Franco Signorelli,Empoli,163690.0,50000.0,100
Manuel Locatelli,Milan,265088.0,25000000.0,100
Salih Uçan,Roma,170838.0,800000.0,100
Oliver Kragl,Frosinone,56513.0,350000.0,100
Kevin-Prince Boateng,Milan,16922.0,700000.0,100
Tino Costa,Fiorentina,77003.0,100000.0,100
William Vainqueur,Roma,47893.0,400000.0,100
Filippo Costa,Chievo,197743.0,350000.0,100
Stefano Mauri,Lazio,6043.0,50000.0,100
José Mauri,Milan,240958.0,375000.0,100
Oscar Hiljemark,Palermo,158810.0,1000000.0,100
Luca Siligardi,Hellas Verona,86079.0,225000.0,100
Giulio Migliaccio,Atalanta,21756.0,100000.0,100
Emil Hallfreðsson,Udinese,22673.0,225000.0,96
Sanjin Prcić,Torino,125783.0,1200000.0,100
Antonio Nocerino,Milan,22203.0,100000.0,100
Assane Gnoukouri,Inter,,,0
Luca Rizzo,Bologna,167895.0,50000.0,100
Raman Chibsah,Frosinone,199633.0,175000.0,100
Giuseppe Pezzella,Palermo,336960.0,2000000.0,100
Edenilson,Udinese,169052.0,250000.0,100
Stefano Sturaro,Juventus,167859.0,500000.0,100
Lazaros Christodoulopoulos,Sampdoria,34283.0,150000.0,100
Marquinho,Udinese,53288.0,100000.0,100
Jacopo Sala,Sampdoria,96806.0,250000.0,100
Andrea Poli,Milan,44834.0,200000.0,100
Davide Biondini,Sassuolo,22186.0,100000.0,100
Alessandro Frara,Frosinone,6004.0,200000.0,100
Nathaniel Chalobah,Napoli,128900.0,1800000.0,100
Achraf Lazaar,Palermo,139173.0,200000.0,100
Ante Rebić,Hellas Verona,187587.0,700000.0,100
Mirko Gori,Frosinone,163223.0,175000.0,100
Aleksandar Tonev,Frosinone,87282.0,325000.0,100
Camilo Zúñiga,Bologna,37941.0,500000.0,100
Daniele Croce,Empoli,22749.0,250000.0,100
Ryder Matos,Udinese,62713.0,250000.0,100
Luca Checchin,Hellas Verona,209048.0,100000.0,100
Dušan Basta,Lazio,19694.0,200000.0,100
Rade Krunić,Empoli,259953.0,3500000.0,100
Jonathan de Guzmán,Carpi,31067.0,50000.0,100
Bryan Cristante,Palermo,199248.0,7000000.0,100
Filippo Porcari,Carpi,61358.0,10000.0,100
Davide Zappacosta,Torino,173859.0,3500000.0,100
Erick Pulgar,Bologna,215616.0,4500000.0,100
Matuzalem,Hellas Verona,5974.0,25000.0,100
Remo Freuler,Atalanta,148252.0,3000000.0,100
Alexander Merkel,Udinese,86926.0,900000.0,100
Ravel Morrison,Lazio,128907.0,350000.0,100
Nigel de Jong,Milan,4672.0,400000.0,100
Filippo Falco,Bologna,70689.0,700000.0,100
Raphael Martinho,Carpi,149946.0,200000.0,100
Boško Janković,Hellas Verona,19708.0,700000.0,100
Franco Zuculini,Bologna,73083.0,50000.0,100
Massimiliano Carlini,Frosinone,43206.0,225000.0,100
Dominik Furman,Hellas Verona,74687.0,300000.0,100
Michele Rocca,Sampdoria,257118.0,300000.0,100
Lorenzo Di Livio,Roma,315568.0,225000.0,100
Giuseppe Panico,Genoa,287648.0,300000.0,100
Simone Edera,Torino,340070.0,300000.0,100
Gonzalo Higuaín,Napoli,39153.0,1000000.0,100
Paulo Dybala,Juventus,206050.0,5000000.0,100
Josip Iličić,Fiorentina,80351.0,300000.0,100
Domenico Berardi,Sassuolo,177843.0,7000000.0,100
Stephan El Shaarawy,Roma,94529.0,2400000.0,100
Andrea Belotti,Torino,167727.0,1500000.0,100
Francesco Totti,Roma,5958.0,1000000.0,100
Gervinho,Roma,33481.0,300000.0,100
Cyril Théréau,Udinese,29316.0,200000.0,100
Mauro Icardi,Inter,68863.0,4000000.0,100
Stevan Jovetić,Inter,46104.0,700000.0,100
Mario Mandžukić,Juventus,34572.0,800000.0,100
Leonardo Pavoletti,Genoa,64793.0,600000.0,100
José Callejón,Napoli,61253.0,800000.0,100
Miroslav Klose,Lazio,10.0,1000000.0,100
Éder,Inter,84481.0,300000.0,100
Mario Balotelli,Milan,45146.0,650000.0,100
Federico Bernardeschi,Fiorentina,197300.0,3500000.0,100
Keita Baldé,Lazio,238752.0,900000.0,100
Ciro Immobile,Torino,105521.0,1800000.0,100
Massimo Maccarone,Empoli,3713.0,150000.0,100
Antonio Candreva,Lazio,25488.0,1000000.0,100
Antonio Cassano,Sampdoria,5962.0,300000.0,100
Federico Dionisi,Frosinone,119369.0,300000.0,100
Mauricio Pinilla,Atalanta,6160.0,300000.0,100
Fabio Quagliarella,Sampdoria,22328.0,500000.0,100
Germán Denis,Atalanta,30873.0,10000.0,100
Riccardo Meggiorini,Chievo,28936.0,250000.0,100
Carlos Bacca,Milan,119235.0,50000.0,100
M'Baye Niang,Milan,157501.0,800000.0,100
Antonio Floro Flores,Chievo,16893.0,125000.0,100
Khouma Babacar,Fiorentina,124902.0,200000.0,100
Josef Martínez,Torino,162569.0,1500000.0,100
Marco Borriello,Atalanta,5825.0,400000.0,100
Edin Džeko,Roma,28396.0,1000000.0,100
Lorenzo Pellegrini,Sassuolo,286297.0,8000000.0,100
Álvaro Morata,Juventus,128223.0,6000000.0,100
Luis Muriel,Sampdoria,119228.0,700000.0,100
Sergio Floccari,Bologna,30638.0,100000.0,100
Antonio Di Natale,Udinese,6031.0,1000000.0,100
Nicola Sansone,Sassuolo,82048.0,400000.0,100
Mattia Zaccagni,Hellas Verona,283735.0,7500000.0,100
Luiz Adriano,Milan,48974.0,400000.0,100
Grégoire Defrel,Sassuolo,163222.0,1000000.0,100
Mauro Zárate,Fiorentina,26456.0,250000.0,100
Daniel Ciofani,Frosinone,29605.0,200000.0,100
Daniele Verde,Frosinone,256361.0,700000.0,100
Umar Sadiq,Roma,337715.0,4000000.0,100
Juan Iturbe,Roma,81455.0,1000000.0,100
Rodrigo Palacio,Inter,39099.0,300000.0,100
Alberto Paloschi,Chievo,68306.0,500000.0,100
Manolo Gabbiadini,Napoli,112343.0,2000000.0,100
Luca Toni,Hellas Verona,5980.0,1000000.0,100
Nikola Kalinić,Fiorentina,36371.0,300000.0,100
Giampaolo Pazzini,Hellas Verona,19447.0,350000.0,100
Giuseppe Rossi,Fiorentina,19104.0,100000.0,100
Sergio Pellissier,Chievo,5928.0,200000.0,100
Juanito Gómez,Hellas Verona,38592.0,175000.0,100
Simone Zaza,Juventus,96828.0,250000.0,100
Alberto Gilardino,Palermo,5878.0,200000.0,100
Joaquín Correa,Sampdoria,227081.0,1500000.0,100
Jerry Mbakogu,Carpi,130382.0,150000.0,100
Alessio Cerci,Genoa,21748.0,200000.0,100
Mattia Destro,Bologna,88683.0,500000.0,100
Duván Zapata,Udinese,73794.0,2500000.0,100
Simone Pepe,Chievo,17249.0,200000.0,100
Roberto Inglese,Chievo,159337.0,750000.0,100
Aleksandar Trajkovski,Palermo,142920.0,150000.0,100
Marcello Trotta,Sassuolo,129505.0,300000.0,100
Maxi López,Torino,26263.0,100000.0,100
Kamil Wilczek,Carpi,78590.0,250000.0,100
Alexander Farnerud,Torino,10255.0,100000.0,100
Goran Pandev,Genoa,12563.0,400000.0,100
Antonio Di Gaudio,Carpi,165722.0,175000.0,100
Kevin Lasagna,Carpi,131951.0,950000.0,100
Filip Đorđević,Lazio,584936.0,400000.0,86
Diego Capel,Genoa,27471.0,50000.0,100
Jérémy Ménez,Milan,16993.0,400000.0,100
Federico Bonazzoli,Sampdoria,241527.0,2500000.0,100
Stipe Perica,Udinese,245072.0,450000.0,100
Anthony Mounier,Bologna,57110.0,100000.0,100
Diego Falcinelli,Sassuolo,119115.0,800000.0,100
Robin Quaison,Palermo,206542.0,800000.0,100
Rodrigo Aguirre,Udinese,189410.0,2300000.0,100
Matteo Mancosu,Carpi,230611.0,50000.0,100
Alessandro Matri,Lazio,40660.0,300000.0,100
Fernando Llorente,Juventus,35564.0,300000.0,100
Amauri,Torino,6234.0,100000.0,100
Aaron Mattia Tabacchi,Bologna,353998.0,25000.0,100
Marko Livaja,Empoli,95438.0,2800000.0,100
Alessandro Piu,Empoli,253857.0,200000.0,100
Robert Acquafresca,Bologna,35703.0,50000.0,100
Uroš Đurđević,Palermo,190804.0,1000000.0,84
Gaetano Monachello,Atalanta,162952.0,125000.0,100
Rey Manaj,Inter,308278.0,1800000.0,100
Alejandro Rodríguez,Sampdoria,892082.0,700000.0,100
Tim Matavž,Genoa,50303.0,300000.0,100
Samuele Longo,Frosinone,124560.0,250000.0,100
Nicolás Castillo,Frosinone,145602.0,400000.0,100
Norbert Balogh,Palermo,326204.0,200000.0,100
Antonino La Gumina,Palermo,287876.0,1100000.0,100
Levan Mchedlidze,Empoli,56912.0,150000.0,100
Accursio Bentivegna,Palermo,244927.0,225000.0,100
Andrés Ponce,Sampdoria,308256.0,600000.0,100
Andrea Favilli,Juventus,340151.0,1000000.0,100
Marco Tumminello,Roma,315850.0,250000.0,100
Víctor Ibarbo,Roma,92141.0,125000.0,100
Mathieu Gorgelin,Lyon,60543.0,200000.0,100
Salvatore Sirigu,Paris S-G,25508.0,275000.0,100
Nicolas Douchez,Paris S-G,18036.0,250000.0,100
Mike Maignan,Lille,182906.0,20000000.0,100
Thomas Vincensini,Bastia,149239.0,250000.0,100
Jules Goda,GFC Ajaccio,63226.0,100000.0,100
Maxime Dupé,Nantes,127188.0,700000.0,100
Stéphane Ruffier,Saint-Étienne,39910.0,2000000.0,100
Ludovic Butelle,Angers,12029.0,100000.0,100
Paul Andre Guerin,GFC Ajaccio,800176.0,25000000.0,100
Paul Nardi,Monaco,189744.0,2500000.0,100
Jérôme Prior,Bordeaux,238720.0,150000.0,100
Vincent Enyeama,Lille,37760.0,200000.0,100
Kevin Trapp,Paris S-G,45672.0,1800000.0,100
Rémy Vercoutre,Caen,5338.0,250000.0,100
Anthony Lopes,Lyon,60561.0,900000.0,100
Yohann Pelé,Marseille,6270.0,250000.0,100
Matthieu Dreyer,Troyes,57134.0,150000.0,100
Geoffrey Jourdren,Montpellier,23938.0,1000000.0,100
Jean-Louis Leca,Bastia,27490.0,200000.0,100
Steve Mandanda,Marseille,23951.0,500000.0,100
Danijel Subašić,Monaco,27941.0,50000.0,100
Laurent Pionnier,Montpellier,5686.0,500000.0,100
Rémy Riou,Nantes,18940.0,100000.0,100
Alexandre Letellier,Angers,93730.0,250000.0,100
Yoan Cardinale,Nice,241231.0,300000.0,100
Jonas Lössl,Guingamp,48870.0,50000.0,100
Paul Bernardoni,Bordeaux,318507.0,2200000.0,100
Benjamin Lecomte,Lorient,127181.0,800000.0,100
Abdoulaye Diallo,Rennes,415271.0,175000.0,100
Mouez Hassen,Nice,215677.0,550000.0,100
Alban Lafont,Toulouse,357117.0,3000000.0,100
Numan Soysal,Toulouse,357066.0,25000.0,100
Benoît Costil,Rennes,22628.0,600000.0,100
Johny Placide,Reims,51035.0,250000.0,100
Jesper Hansen,Bastia,22860.0,50000.0,100
Cédric Carrasso,Bordeaux,5308.0,250000.0,100
Mamadou Samassa,Guingamp,72422.0,250000.0,100
Simon Pouplin,Nice,24105.0,500000.0,100
Clement Maury,GFC Ajaccio,148597.0,400000.0,100
Johann Carrasso,Reims,57367.0,500000.0,100
Denis Petrić,Angers,28356.0,50000.0,100
Florent Chaigneau,Lorient,8498.0,500000.0,100
Jonathan Ligali,Montpellier,127140.0,300000.0,100
Kossi Agassa,Reims,12028.0,250000.0,100
Mauro Goicoechea,Toulouse,72578.0,100000.0,100
Ali Ahamada,Toulouse,126767.0,150000.0,100
Thiago Silva,Paris S-G,29241.0,500000.0,100
Layvin Kurzawa,Paris S-G,126710.0,750000.0,100
Christophe Jallet,Lyon,28335.0,250000.0,100
Serge Aurier,Paris S-G,127032.0,3700000.0,100
Presnel Kimpembe,Paris S-G,282041.0,4000000.0,100
David Luiz,Paris S-G,46741.0,500000.0,100
Loïc Perrin,Saint-Étienne,22390.0,1200000.0,100
Damien Da Silva,Caen,57370.0,200000.0,100
Gregory van der Wiel,Paris S-G,45548.0,700000.0,100
Milan Biševac,Lyon,24661.0,150000.0,100
Erwin Koffi,Lorient,341942.0,900000.0,100
Marko Baša,Lille,17179.0,1000000.0,100
Olivier Veigneau,Nantes,31773.0,150000.0,100
Samuel Umtiti,Lyon,126540.0,2500000.0,100
Moustapha Bayal Sall,Saint-Étienne,43886.0,400000.0,100
Vitorino Hilton,Montpellier,4811.0,150000.0,100
Yrondu Musavu-King,Lorient,170994.0,250000.0,100
Jérémy Toulalan,Monaco,5513.0,2000000.0,100
Maxwell,Paris S-G,4317.0,1000000.0,100
Djibril Sidibé,Lille,161869.0,1000000.0,100
Daniel Congré,Montpellier,22386.0,200000.0,100
Marquinhos,Paris S-G,181767.0,28000000.0,100
Stoppila Sunzu,Lille,82324.0,200000.0,100
Paul Baysse,Nice,43256.0,800000.0,100
Romain Genevois,Nice,57525.0,1000000.0,100
Mauricio Isla,Marseille,43722.0,425000.0,100
Aïssa Mandi,Reims,80293.0,1000000.0,100
Syam Ben Youssef,Caen,133078.0,250000.0,100
Ricardo Pereira,Nice,215876.0,3000000.0,100
Nicolas Pallois,Bordeaux,139279.0,300000.0,100
Romain Saïss,Angers,204198.0,1200000.0,100
Fábio Coentrão,Monaco,33648.0,400000.0,100
Romain Thomas,Angers,57467.0,400000.0,100
Mapou Yanga-Mbiwa,Lyon,57480.0,250000.0,100
Karim Rekik,Marseille,182579.0,4000000.0,100
Jérémy Pied,Nice,60583.0,200000.0,100
Ronaël Pierre-Gabriel,Saint-Étienne,410185.0,1000000.0,100
Christophe Kerbrat,Guingamp,138049.0,100000.0,100
Fallou Diagne,Rennes,82389.0,200000.0,100
Jérémy Sorbon,Guingamp,56820.0,200000.0,100
Dorian Lévêque,Guingamp,122835.0,325000.0,100
Johan Martial,Troyes,105388.0,250000.0,100
Nicolas Nkoulou,Marseille,99523.0,100000.0,100
Almamy Touré,Monaco,216181.0,2000000.0,100
Renato Civelli,Lille,30757.0,250000.0,100
Koffi Djidji,Nantes,183031.0,2500000.0,100
Javier Manquillo,Marseille,162029.0,1800000.0,100
Roderic Filippi,GFC Ajaccio,216508.0,300000.0,100
Adama Soumaoro,Lille,126673.0,2000000.0,100
Kévin Malcuit,Saint-Étienne,126711.0,400000.0,100
William Rémy,Montpellier,89637.0,150000.0,100
Youssouf Sabaly,Nantes,135492.0,2500000.0,100
Gautier Lloris,Nice,249636.0,3000000.0,100
Sébastien Squillaci,Bastia,5293.0,250000.0,100
Zargo Touré,Lorient,81663.0,200000.0,100
Anthony Weber,Reims,56827.0,500000.0,100
Lindsay Rose,Lorient,135490.0,125000.0,100
Florentin Pogba,Saint-Étienne,140497.0,250000.0,100
Cédric Yamberé,Bordeaux,291140.0,200000.0,100
Matthieu Saunier,Troyes,93759.0,250000.0,100
Franck Hery,Guingamp,170475.0,200000.0,100
Maxime Le Marchand,Nice,60558.0,1000000.0,100
Mathieu Bodmer,Nice,27305.0,250000.0,100
François Clerc,Saint-Étienne,12134.0,300000.0,100
Raphaël Guerreiro,Lorient,170986.0,5000000.0,100
Mathieu Debuchy,Bordeaux,27306.0,300000.0,100
Mathieu Peybernes,Bastia,111026.0,500000.0,100
Cheikh M'Bengue,Rennes,56795.0,400000.0,100
Rolando,Marseille,27300.0,200000.0,100
Pedro Mendes,Rennes,498235.0,900000.0,100
Sébastien Corchia,Lille,102744.0,1000000.0,100
Sylvain Armand,Rennes,3525.0,250000.0,100
Lamine Koné,Lorient,57420.0,150000.0,100
Marcel Tisserand,Toulouse,170463.0,1000000.0,100
Benoît Assou-Ekotto,Saint-Étienne,18310.0,1000000.0,100
Issa Diop,Toulouse,272622.0,8000000.0,100
Emmanuel Imorou,Caen,74709.0,650000.0,100
Nabil Dirar,Monaco,42267.0,75000.0,100
Olivier Boscagli,Nice,318508.0,15000000.0,100
Ricardo Carvalho,Monaco,9828.0,100000.0,100
Hamari Traoré,Reims,297070.0,1500000.0,100
Pablo,Bordeaux,817665.0,18000000.0,100
Wilfried Moimbé,Nantes,66398.0,300000.0,100
Kévin Théophile-Catherine,Saint-Étienne,60603.0,100000.0,100
Kader Mangane,GFC Ajaccio,4796.0,500000.0,100
Mickael Tacalfred,Reims,31101.0,250000.0,100
Alaixys Romao,Marseille,40014.0,10000.0,100
Jean-Armel Kana-Biyik,Toulouse,57404.0,250000.0,100
Frederic Guilbert,Bordeaux,354352.0,800000.0,100
Wallace,Monaco,225335.0,1500000.0,100
Rafael,Lyon,61892.0,800000.0,100
Lorik Cana,Nantes,12149.0,1000000.0,100
Pape Paye,Lorient,93744.0,150000.0,100
Florian Marange,Bastia,33942.0,1000000.0,100
Romain Danzé,Rennes,39906.0,750000.0,100
Yoann Andreu,Angers,92385.0,1500000.0,100
Steeve Yago,Toulouse,170903.0,800000.0,100
Julian Palmieri,Bastia,45237.0,325000.0,100
Maxime Baca,Guingamp,51030.0,500000.0,100
Abdelhamid El Kaoutari,Reims,74615.0,200000.0,100
Jérémy Morel,Lyon,23960.0,300000.0,100
Oswaldo Vizcarrondo,Nantes,55237.0,200000.0,100
Antoine Conte,Reims,181373.0,300000.0,100
Jeremie Brechet,GFC Ajaccio,5339.0,250000.0,100
Charles Traore,Troyes,394906.0,500000.0,100
Jérôme Roussillon,Montpellier,127076.0,600000.0,100
Ramy Bensebaini,Montpellier,284732.0,7000000.0,100
Mohamed Fofana,Reims,33905.0,250000.0,100
Benjamin Pavard,Lille,353366.0,12000000.0,100
Andrea Raggi,Monaco,28845.0,250000.0,100
Elderson Echiéjilé,Monaco,59938.0,500000.0,100
Jonathan Martins Pereira,Guingamp,30698.0,400000.0,100
Francois Modesto,Bastia,18542.0,250000.0,100
Chaker Alhadhur,Caen,178540.0,150000.0,100
Rincon,Troyes,47653.0,100000.0,100
Mahamadou N'Diaye,Troyes,160910.0,100000.0,100
Ismaël Traoré,Angers,57216.0,250000.0,100
Prince Oniangué,Reims,60578.0,250000.0,100
Lamine Sané,Bordeaux,93758.0,300000.0,100
Alassane Toure,GFC Ajaccio,77740.0,250000.0,100
Lamine Gassama,Lorient,60539.0,100000.0,100
Pavle Ninkov,Toulouse,36039.0,500000.0,100
Alaeddine Yahia,Caen,5451.0,250000.0,100
Gael Angoula,Angers,111163.0,250000.0,100
Mexer,Rennes,127610.0,200000.0,100
Pierre-Yves Polomat,Saint-Étienne,203764.0,250000.0,100
Uroš Spajić,Toulouse,160222.0,1500000.0,100
Alexandre Coeff,GFC Ajaccio,89450.0,500000.0,100
Alexander Djiku,Bastia,250844.0,3500000.0,100
Pablo Martinez,GFC Ajaccio,568835.0,3000000.0,100
Hamadou Karamoko,Lorient,353205.0,225000.0,100
Dušan Veškovac,Troyes,28705.0,200000.0,100
Mory Kone,Troyes,157494.0,150000.0,100
Issiaga Sylla,GFC Ajaccio,220878.0,700000.0,100
Atila Turan,Reims,111063.0,175000.0,100
Vincent Manceau,Angers,83132.0,300000.0,100
Dennis Appiah,Caen,111038.0,700000.0,100
Maxime Poundjé,Bordeaux,126528.0,200000.0,100
François Moubandje,Toulouse,123021.0,200000.0,100
Benjamin Mendy,Marseille,157495.0,400000.0,100
Paolo De Ceglie,Marseille,44709.0,400000.0,100
Franck Signorino,Reims,12101.0,250000.0,100
Leo Dubois,Nantes,236400.0,1800000.0,100
Ludovic Baal,Rennes,39913.0,150000.0,100
Jonathan Brison,Saint-Étienne,28307.0,200000.0,100
Lars Jacobsen,Guingamp,1423.0,500000.0,100
Ermir Lenjani,Nantes,66052.0,175000.0,100
Jonathan Delaplace,Caen,149551.0,325000.0,100
Vincent Bessat,Caen,50142.0,200000.0,100
Franck Béria,Lille,12096.0,500000.0,100
Kevin Gomis,Nice,89643.0,325000.0,100
Vincent Le Goff,Lorient,120651.0,900000.0,100
Mamadou N'Diaye,Montpellier,290569.0,250000.0,100
William Matheus,Toulouse,75058.0,200000.0,100
Henri Bedimo,Lyon,6803.0,400000.0,100
Arnold Bouka Moutou,Angers,57358.0,150000.0,100
Mehdi Mostefa,Bastia,80191.0,300000.0,100
Bakary Koné,Lyon,57186.0,325000.0,100
Heorhii Tsitaishvili,Marseille,419067.0,3000000.0,82
Benjamin Angoua,Guingamp,55046.0,100000.0,100
Aly Ndom,Reims,396131.0,200000.0,100
Anele Ngcongca,Troyes,63846.0,900000.0,100
Gilles Cioni,Bastia,44688.0,150000.0,100
Mathieu Deplagne,Montpellier,127128.0,300000.0,100
Niklas Hult,Nice,113039.0,175000.0,100
Youssouf Koné,Lille,274484.0,800000.0,100
Enock Kwateng,Nantes,288241.0,800000.0,100
Reynald Lemaître,Guingamp,22635.0,250000.0,100
Steven Moreira,Rennes,203517.0,1500000.0,100
Franck Tabanou,Saint-Étienne,66413.0,1000000.0,100
Abdoulaye Keita,Bastia,93716.0,300000.0,100
Jemerson,Monaco,258254.0,1700000.0,100
Milan Gajić,Bordeaux,245030.0,3500000.0,100
Laurent Dos Santos,Guingamp,274571.0,250000.0,100
Chris Mavinga,Troyes,93732.0,500000.0,100
Anthony Walongwa,Nantes,247300.0,325000.0,100
Joris Gnagnon,Rennes,378954.0,300000.0,100
Marcus Coco,Guingamp,353365.0,850000.0,100
Mouhamadou Dabo,Troyes,33914.0,500000.0,100
Anthony Ribelin,Montpellier,334006.0,300000.0,100
Yassine Jebbour,Bastia,126692.0,600000.0,100
Ilias Hassani,Bordeaux,270410.0,200000.0,100
Kévin Rimane,Paris S-G,93751.0,150000.0,100
Jean Ambrose,Bordeaux,306186.0,100000.0,100
Ángel Di María,Paris S-G,45320.0,1800000.0,100
Aïssa Laïdouni,Angers,233782.0,6000000.0,100
Corentin Tolisso,Lyon,190393.0,10000000.0,100
Rachid Ghezzal,Lyon,118287.0,600000.0,100
Hatem Ben Arfa,Nice,18900.0,200000.0,100
Hervin Ongenda,Paris S-G,182910.0,450000.0,100
Javier Pastore,Paris S-G,55215.0,400000.0,100
Robin Maulun,Bordeaux,250030.0,450000.0,100
Abdelaziz Barrada,Marseille,93664.0,200000.0,100
Henri Saivet,Bordeaux,51540.0,500000.0,100
Maxime Gonalons,Lyon,60542.0,700000.0,100
Mounir Obbadi,Lille,29311.0,300000.0,100
Guillaume Gillet,Nantes,31952.0,50000.0,100
Marvin Gakpa,Lorient,170976.0,450000.0,100
Fabinho,Monaco,225693.0,12000000.0,100
Abdoulaye Touré,Nantes,181382.0,2500000.0,100
Marco Verratti,Paris S-G,102558.0,25000000.0,100
Jean Seri,Nice,178614.0,1500000.0,100
Lassana Diarra,Marseille,23914.0,2500000.0,100
Nicolas Benezet,Guingamp,164230.0,350000.0,100
Wesley Lautoa,Lorient,154199.0,500000.0,100
Ellyes Skhiri,Montpellier,290587.0,5000000.0,100
Walid Mesloub,Lorient,98315.0,475000.0,100
Nicolas Maurice-Belay,Bordeaux,16591.0,1000000.0,100
Nabil Fekir,Lyon,203496.0,10000000.0,100
Blaise Matuidi,Paris S-G,33923.0,500000.0,100
Ibrahim Amadou,Lille,205503.0,1500000.0,100
Younousse Sankharé,Guingamp,55409.0,200000.0,100
Adrien Rabiot,Paris S-G,182913.0,18000000.0,100
Jonas Martin,Montpellier,127142.0,300000.0,100
Nampalys Mendy,Nice,111051.0,700000.0,100
Valentin Rongier,Nantes,332889.0,8000000.0,100
Benjamin André,Rennes,84301.0,3000000.0,100
Thomas Lemar,Monaco,205562.0,1800000.0,100
Bryan Dabo,Montpellier,149446.0,500000.0,100
Thiago Motta,Paris S-G,7602.0,1000000.0,100
Sadio Diallo,Bastia,137438.0,50000.0,100
Jessy Pi,Troyes,170460.0,400000.0,100
Diego Contento,Bordeaux,39717.0,150000.0,100
Juan Fernando Quintero,Rennes,122582.0,1800000.0,100
Valentín Vada,Bordeaux,225004.0,1400000.0,100
Birama Touré,Nantes,229853.0,400000.0,100
Lucas Tousart,Lyon,353948.0,2000000.0,100
Adrien Thomasson,Nantes,215977.0,4000000.0,100
Jaroslav Plašil,Bordeaux,8885.0,500000.0,100
Benjamin Stambouli,Paris S-G,127160.0,250000.0,100
Jean-Daniel Akpa-Akpro,Toulouse,170481.0,500000.0,95
Paul-Georges Ntep,Rennes,148955.0,250000.0,100
Clément Chantôme,Bordeaux,43458.0,700000.0,100
João Moutinho,Monaco,461906.0,600000.0,100
Morgan Amalfitano,Lille,39883.0,500000.0,100
Thiago Xavier,Troyes,57466.0,200000.0,100
Yacouba Sylla,Rennes,160080.0,150000.0,100
Thibault Giresse,Guingamp,6986.0,250000.0,100
Lucas Deaux,Nantes,57372.0,250000.0,100
Tiemoué Bakayoko,Monaco,182618.0,800000.0,100
Mario Lemina,Marseille,170934.0,4500000.0,100
Rony Lopes,Lille,174694.0,1200000.0,100
Cheikh N'Doye,Angers,282058.0,150000.0,100
Yann Jouffre,Lorient,12508.0,1000000.0,100
Vincent Pajot,Saint-Étienne,126699.0,400000.0,100
David Ducourtioux,GFC Ajaccio,23918.0,250000.0,100
Abdul Majeed Waris,Lorient,146805.0,500000.0,100
Abdoulaye Doucouré,Rennes,127187.0,5000000.0,100
Alassane Pléa,Nice,167329.0,2500000.0,100
Antoine Devaux,Reims,57376.0,500000.0,100
Gelson Fernandes,Rennes,20081.0,1200000.0,100
Julien Féret,Caen,28328.0,300000.0,100
Mohamed Larbi,GFC Ajaccio,138949.0,200000.0,100
Stéphane Sparagna,Marseille,289216.0,50000.0,100
Mustapha Diallo,Guingamp,41063.0,1500000.0,100
Karim Azamoum,Troyes,275361.0,200000.0,100
Jaba Kankava,Reims,25758.0,350000.0,100
Alexis Blin,Toulouse,236041.0,3000000.0,100
Tongo Doumbia,Toulouse,103563.0,200000.0,100
Étienne Didot,Toulouse,5672.0,250000.0,100
Vincent Koziello,Nice,290551.0,250000.0,100
Thomas Mangani,Angers,18934.0,300000.0,100
Óscar Trejo,Toulouse,30321.0,300000.0,100
Rémy Cabella,Marseille,113707.0,1200000.0,100
Quentin Othon,Troyes,56808.0,300000.0,100
Didier Ibrahim Ndong,Lorient,210081.0,1200000.0,100
Chaouki Ben Saada,Troyes,5597.0,150000.0,100
Jérémy Clément,Saint-Étienne,18901.0,200000.0,100
Rio Mavuba,Lille,14949.0,750000.0,100
Abdoul Camara,Angers,60588.0,1000000.0,100
Sergi Darder,Lyon,142021.0,3000000.0,100
Yannick Cahuzac,Bastia,44686.0,300000.0,100
Mahamane Traore,Nice,45475.0,300000.0,100
Jordan Ferri,Lyon,118284.0,500000.0,100
Floyd Ayité,Bastia,77974.0,250000.0,100
Yassine Benzia,Lille,187847.0,900000.0,100
Adam Ounas,Bordeaux,400485.0,4000000.0,100
Clément Grenier,Lyon,72479.0,800000.0,100
Jimmy Cabot,Lorient,206912.0,2500000.0,100
Thomas Ayasse,Troyes,57348.0,400000.0,100
Renaud Cohade,Saint-Étienne,18955.0,400000.0,100
Jerome Le Moigne,GFC Ajaccio,39893.0,250000.0,100
Grégory Bourillon,Angers,12386.0,400000.0,100
Rafidine Abdullah,Lorient,215652.0,250000.0,100
Pantxi Sirieix,Toulouse,5431.0,150000.0,100
Gaël Danic,Bastia,5457.0,300000.0,100
Somália,Toulouse,148754.0,200000.0,100
Diego Rigonato,Reims,55042.0,250000.0,100
Alexis Peuget,Reims,127213.0,325000.0,96
Rémi Walter,Nice,215686.0,1800000.0,100
Lucas Silva,Marseille,1201822.0,2500000.0,100
André Poko,Bordeaux,170767.0,1000000.0,100
Florent Balmont,Lille,5348.0,250000.0,100
Valentin Eysseric,Saint-Étienne,126687.0,1000000.0,100
Yann Bodiger,Toulouse,290533.0,1400000.0,100
Malcom,Bordeaux,323704.0,18000000.0,100
Nicolas Janvier,Rennes,324803.0,700000.0,100
Remi Gomis,Nantes,51283.0,250000.0,100
Fabien Lemoine,Saint-Étienne,56794.0,200000.0,100
François Bellugou,Lorient,75282.0,250000.0,100
Bernardo Silva,Monaco,241641.0,22000000.0,100
Nicolas Seube,Caen,22642.0,200000.0,100
Adryan,Nantes,174835.0,150000.0,100
Damjan Đoković,GFC Ajaccio,143039.0,125000.0,92
Adama Traoré,Monaco,204103.0,6000000.0,100
Ismaël Diomandé,Caen,170495.0,150000.0,100
Pedro Henrique,Rennes,858712.0,8000000.0,100
Seko Fofana,Bastia,182893.0,8000000.0,100
Thomas Touré,Bordeaux,187392.0,200000.0,100
Thievy Bifouma,Reims,181477.0,200000.0,100
Alexandre Raineau,Caen,56815.0,200000.0,100
Ivan Cavaleiro,Monaco,149716.0,350000.0,100
Paul Lasne,Montpellier,93726.0,250000.0,100
Joris Marveaux,Montpellier,23955.0,200000.0,100
Adrien Regattin,Toulouse,126796.0,400000.0,100
Wallyson Mallmann,Nice,257459.0,75000.0,100
Gilles Sunu,Angers,54933.0,200000.0,100
Alejandro Bedoya,Nantes,111783.0,100000.0,100
Brice Dja Djédjé,Marseille,93690.0,175000.0,100
Marvin Martin,Lille,77834.0,300000.0,100
Jamel Saihi,Montpellier,57449.0,1000000.0,100
Steed Malbranque,Lyon,3569.0,200000.0,100
Lassana Coulibaly,Bastia,386552.0,2200000.0,100
Ludovic Blas,Guingamp,288225.0,10000000.0,100
Yohan Mollo,Saint-Étienne,60570.0,350000.0,100
Grégory Sertic,Bordeaux,81386.0,650000.0,100
Anthony Martial,Monaco,182877.0,3500000.0,100
Guy Ngosso,Angers,126924.0,150000.0,95
Axel Ngando,Bastia,170478.0,400000.0,100
Mario Pašalić,Monaco,205938.0,6000000.0,100
Kamil Grosicki,Rennes,37920.0,200000.0,100
Jordan Leborgne,Caen,379742.0,350000.0,100
Pierrick Capelle,Angers,214532.0,150000.0,100
Saïd Benrahma,Angers,290532.0,8500000.0,100
Jean Deza,Montpellier,198027.0,150000.0,100
Benjamin Nivet,Troyes,33927.0,250000.0,100
Lucas Ocampos,Marseille,189441.0,4000000.0,100
Jeff Louis,Caen,164451.0,100000.0,100
Abdou Traoré,Bordeaux,66415.0,475000.0,100
Jonathan Correia,Nice,290540.0,50000.0,100
Charles Diers,Angers,31069.0,250000.0,100
Julien Cardy,Guingamp,6980.0,250000.0,100
Yoann Gourcuff,Rennes,18912.0,2000000.0,100
Yoann Court,Troyes,60525.0,400000.0,100
Benjamin Corgnet,Saint-Étienne,154171.0,200000.0,100
Arnold Mvuemba,Lyon,20622.0,200000.0,100
Farès Bahlouli,Monaco,190333.0,300000.0,100
Omenuke Mfulu,Reims,203516.0,700000.0,86
Amos Youga,GFC Ajaccio,203540.0,800000.0,100
Olivier Kemen,Lyon,243725.0,2500000.0,100
Mehdi Zeffane,Rennes,118303.0,500000.0,100
Georges-Kévin N'Koudou,Marseille,215679.0,3300000.0,100
Stéphane Darbion,Troyes,14951.0,300000.0,100
Julien Romain,Bastia,303414.0,300000.0,100
Issiar Dia,GFC Ajaccio,43942.0,50000.0,100
Andre-Frank Zambo Anguissa,Marseille,,,0
Jussie,Bordeaux,20410.0,500000.0,100
Maxime Barthelmé,Lorient,112022.0,300000.0,100
Louis Poggi,GFC Ajaccio,103054.0,250000.0,100
Abou Diaby,Marseille,26763.0,250000.0,100
Alois Confais,Troyes,292820.0,250000.0,100
Lionel Mathis,Guingamp,5430.0,250000.0,100
Jordan Adeoti,Caen,228891.0,250000.0,100
Fabien Bachir Camus,Troyes,22377.0,250000.0,100
Kévin Monnet-Paquet,Saint-Étienne,44045.0,200000.0,100
Alain Traoré,Lorient,43242.0,150000.0,100
Julien Bègue,Guingamp,301841.0,250000.0,100
Aldo Kalulu,Lyon,292822.0,1500000.0,100
Nolan Mbemba,Lille,276768.0,350000.0,100
Samuel Grandsir,Troyes,432772.0,1500000.0,100
Lyes Houri,Bastia,229007.0,300000.0,100
Hicham Mlaab,Nantes,126697.0,50000.0,96
Ryan Mendes,Lille,111627.0,700000.0,100
Ole Selnæs,Saint-Étienne,175961.0,600000.0,100
Nill De Pauw,Guingamp,52746.0,300000.0,100
Jules Iloki,Nantes,227240.0,250000.0,100
Lossemy Karaboue,Troyes,60551.0,250000.0,100
Olivier Auriac,Angers,18298.0,250000.0,100
Morgan Sanson,Montpellier,174094.0,3500000.0,100
Yaw Yeboah,Lille,358985.0,1800000.0,100
Sébastien Salles-Lamonge,Rennes,288251.0,2000000.0,100
Quentin Cornette,Montpellier,238630.0,600000.0,100
Romain Philippoteaux,Lorient,255220.0,300000.0,100
Gaëtan Perrin,Lyon,353404.0,5000000.0,100
Moryke Fofana,Lorient,240497.0,275000.0,100
Jordan Nkololo,Caen,355369.0,1500000.0,100
Remi Mulumba,Lorient,146099.0,375000.0,100
Hugo Rodriguez,Reims,127151.0,700000.0,100
Soualiho Meïté,Lille,164913.0,1600000.0,100
Zakarie Labidi,Lyon,182903.0,250000.0,100
Erin Pinheiro,Saint-Étienne,395447.0,100000.0,100
Valentin Lavigne,Lorient,236414.0,350000.0,100
Zinédine Machach,Toulouse,146143.0,300000.0,100
Hassane Kamara,Reims,290017.0,3000000.0,100
Romain Del Castillo,Lyon,353399.0,7000000.0,100
Gabriel Boschilia,Monaco,435338.0,75000000.0,100
Franck Honorat,Nice,229006.0,7000000.0,100
Jean Stephan Raheriharimanana,Nice,371231.0,550000.0,100
Mauro Arambarri,Bordeaux,290249.0,8000000.0,100
Issam Ben Khemis,Lorient,358508.0,150000.0,100
Jérémie Porsan-Clémenté,Marseille,290872.0,250000.0,100
Sébastien Wüthrich,Montpellier,52744.0,100000.0,100
Albert Tokinirina Rafetraniaina,Nice,236783.0,50000.0,100
Alexis Araujo,Lille,277268.0,350000.0,100
Mathias Serin,Angers,378630.0,250000.0,100
Timothee Taufflieb,Paris S-G,392276.0,250000.0,100
Zlatan Ibrahimović,Paris S-G,3455.0,2000000.0,100
Sofiane Boufal,Lille,232271.0,1800000.0,100
Wahbi Khazri,Bordeaux,103565.0,600000.0,100
Ousmane Dembélé,Rennes,288230.0,100000000.0,100
Lucas Moura,Paris S-G,77100.0,2000000.0,100
Alexandre Lacazette,Lyon,93720.0,3500000.0,100
Edinson Cavani,Paris S-G,48280.0,500000.0,100
Mathieu Valbuena,Lyon,40687.0,50000.0,100
Ryad Boudebouz,Montpellier,77826.0,1200000.0,100
Nicolas de Préville,Reims,122116.0,400000.0,100
Ronny Rodelin,Caen,76055.0,100000.0,100
Éder,Lille,84481.0,300000.0,100
Oussama Tannane,Saint-Étienne,235540.0,1000000.0,100
Denis Bouanga,Lorient,236045.0,8000000.0,100
Cheick Diabaté,Bordeaux,78082.0,300000.0,100
Billy Ketkeophomphone,Angers,134712.0,200000.0,100
Wissam Ben Yedder,Toulouse,146854.0,8000000.0,100
Andy Delort,Caen,122797.0,1500000.0,100
Valère Germain,Nice,60540.0,1500000.0,100
Michy Batshuayi,Marseille,179184.0,2000000.0,100
Didier Bouanga,Lorient,,,0
Claudio Beauvue,Lyon,58818.0,150000.0,100
Eric Bautheac,Lille,111482.0,350000.0,100
Benjamin Moukandjo,Lorient,59957.0,300000.0,100
Steven Fletcher,Marseille,35099.0,200000.0,100
Yannis Salibur,Guingamp,79893.0,225000.0,100
Khalid Boutaïb,GFC Ajaccio,231941.0,200000.0,100
Gregory Pujol,GFC Ajaccio,5521.0,250000.0,100
Emiliano Sala,Nantes,190780.0,16000000.0,100
Giovanni Sio,Rennes,76293.0,250000.0,100
Sloan Privat,Guingamp,66407.0,200000.0,100
Nolan Roux,Saint-Étienne,81460.0,150000.0,100
Martin Braithwaite,Toulouse,95732.0,1000000.0,100
Diego Rolán,Bordeaux,193938.0,700000.0,100
Babacar Guèye,Troyes,342364.0,350000.0,100
Benjamin Jeannot,Lorient,111048.0,300000.0,100
Souleymane Camara,Montpellier,5303.0,200000.0,100
Jimmy Briand,Guingamp,18909.0,600000.0,100
Kévin Bérigaud,Montpellier,98351.0,100000.0,100
Gaëtan Charbonnier,Reims,93678.0,400000.0,100
Corentin Jean,Troyes,20463.0,1000000.0,100
Kolbeinn Sigþórsson,Nantes,52246.0,300000.0,94
Gaëtan Laborde,Bordeaux,181378.0,10000000.0,100
Stephan El Shaarawy,Monaco,94529.0,2400000.0,100
Romain Alessandrini,Marseille,98334.0,200000.0,100
Christopher Nkunku,Paris S-G,344381.0,25000000.0,100
Enzo Crivelli,Bordeaux,291110.0,900000.0,100
Antoine Rabillard,Marseille,146373.0,500000.0,100
Guido Carrillo,Monaco,184672.0,300000.0,100
Ezequiel Lavezzi,Paris S-G,50570.0,2000000.0,100
Alexander Søderlund,Saint-Étienne,87479.0,100000.0,97
Jordan Pefok,Reims,355369.0,1500000.0,100
Mickaël Le Bihan,Nice,139018.0,500000.0,100
Robert Berić,Saint-Étienne,91415.0,800000.0,100
Jacques Zoua,GFC Ajaccio,106181.0,250000.0,100
Maxwel Cornet,Lyon,234781.0,2000000.0,100
Vágner Love,Monaco,18829.0,250000.0,100
Grejohn Kyei,Reims,321647.0,300000.0,100
Mohamed Yattara,Angers,126542.0,250000.0,100
Ola Toivonen,Rennes,36500.0,300000.0,100
Steve Mounié,Montpellier,238639.0,1500000.0,100
Anthony Mounier,Montpellier,57110.0,100000.0,100
Serhou Guirassy,Lille,270541.0,32000000.0,100
Jeremie Boga,Rennes,216569.0,8000000.0,100
John Tshibumbu,GFC Ajaccio,111494.0,300000.0,100
David N'Gog,Reims,41242.0,325000.0,100
Hervé Bazile,Caen,95680.0,75000.0,100
Junior Tallo,Lille,145416.0,150000.0,100
Romain Hamouma,Saint-Étienne,98349.0,400000.0,100
Saidi Ntibazonkiza,Caen,45846.0,250000.0,100
Mustapha Yatabaré,Montpellier,76386.0,125000.0,100
Yacine Bammou,Nantes,276255.0,450000.0,100
Brandão,Bastia,14948.0,200000.0,100
Frederic Bulot,Reims,111005.0,150000.0,100
Casimir Ninga,Montpellier,392810.0,600000.0,100
Jean-Christophe Bahebeck,Saint-Étienne,164897.0,250000.0,100
Aleksandar Pešić,Toulouse,73457.0,2500000.0,100
Lenny Nangis,Lille,157500.0,300000.0,100
Kylian Mbappé,Monaco,342229.0,180000000.0,100
Kevin Mayi,GFC Ajaccio,198473.0,100000.0,100
Neal Maupay,Saint-Étienne,217115.0,4000000.0,100
Mevlüt Erdinç,Guingamp,38360.0,50000.0,100
Johan Audel,Nantes,5544.0,500000.0,100
Christian Kouakou,Caen,230221.0,75000.0,100
Wesley Saïd,Rennes,182916.0,5000000.0,100
Jérémy Livolant,Guingamp,324806.0,2500000.0,100
Diego Gomez,Angers,996897.0,25000000.0,100
Slimane Sissoko,Angers,126704.0,300000.0,100
Lass Bangoura,Reims,182963.0,150000.0,100
Henri Bienvenu,Troyes,65921.0,100000.0,100
Djamel Bakar,Montpellier,49872.0,200000.0,100
Dorian Caddy,Nice,182814.0,200000.0,100
Christopher Maboulou,Bastia,138199.0,300000.0,100
Baptiste Guillaume,Lille,264567.0,300000.0,100
François Kamano,Bastia,333802.0,1200000.0,100
Goran Karanović,Angers,33337.0,100000.0,100
Mohamed Amine Chermiti,GFC Ajaccio,61682.0,200000.0,100
Mana Dembélé,Guingamp,86915.0,100000.0,100
Kermit Erasmus,Rennes,65992.0,350000.0,100
Odair Fortes,Reims,80009.0,325000.0,100
Lacina Traoré,Monaco,69006.0,75000.0,100
Jonathan Bamba,Saint-Étienne,292818.0,3500000.0,100
Deniz Hümmet,Troyes,271787.0,2500000.0,100
Florian Raspentino,Bastia,189940.0,200000.0,100
Hélder Costa,Monaco,173900.0,350000.0,100
Alexandre Mendy,Nice,290561.0,3500000.0,100
Jean-Kévin Augustin,Paris S-G,264956.0,1000000.0,100
Ilyes Chaibi,Monaco,342230.0,100000.0,100
Youssef Benali,Toulouse,944724.0,2500000.0,80
Habib Habibou,Rennes,41261.0,150000.0,100
Edwin Maanane,Reims,241325.0,200000.0,100
Florian Thauvin,Marseille,184892.0,5000000.0,100
Férébory Doré,Angers,139286.0,100000.0,100
Isaac Kiese Thelin,Bordeaux,201311.0,850000.0,100
Brayan Perea,Troyes,188498.0,400000.0,100
Alexis Alegue,Nantes,228999.0,600000.0,100
Jean-Victor Makengo,Caen,322305.0,6000000.0,100
Paulin Puel,Nice,322397.0,200000.0,100
Thomas Henry,Nantes,412513.0,500000.0,100
Jean-Pierre Nsame,Angers,225055.0,350000.0,100
Kévin Soni,Bordeaux,353959.0,600000.0,100
Florian Sotoca,Montpellier,354726.0,1200000.0,100
Yakou Méïté,Paris S-G,289433.0,900000.0,100
Antony Ranieri,Nice,290577.0,50000.0,100
Joel Pereira,Manchester Utd,225165.0,2000000.0,100
Lee Grant,Stoke City,13460.0,250000.0,100
Tom Heaton,Burnley,34130.0,100000.0,100
Eldin Jakupović,Hull City,2857.0,100000.0,100
Víctor Valdés,Middlesbrough,7589.0,2000000.0,100
Brad Guzan,Middlesbrough,39471.0,100000.0,100
Maarten Stekelenburg,Everton,4311.0,75000.0,100
Paul Robinson,Burnley,3630.0,250000.0,100
Claudio Bravo,Manchester City,40423.0,800000.0,100
Loris Karius,Liverpool,85864.0,1000000.0,100
David Marshall,Hull City,9500.0,50000.0,100
Ron-Robert Zieler,Leicester City,21327.0,500000.0,100
Emiliano Martínez,Arsenal,111873.0,12000000.0,100
Steve Mandanda,Crystal Palace,23951.0,500000.0,100
Eric Bailly,Manchester Utd,286384.0,1200000.0,100
Nathan Aké,Chelsea,177476.0,12000000.0,100
David Luiz,Chelsea,46741.0,500000.0,100
Ben Mee,Burnley,74810.0,1000000.0,100
Joël Matip,Liverpool,82105.0,8000000.0,100
Shkodran Mustafi,Arsenal,88590.0,800000.0,100
Ashley Williams,Everton,67355.0,800000.0,100
Alfie Mawson,Swansea City,287431.0,2500000.0,100
Harry Maguire,Hull City,177907.0,8000000.0,100
Michael Keane,Burnley,118534.0,3000000.0,100
Marcos Alonso,Chelsea,112515.0,1200000.0,100
Calum Chambers,Middlesbrough,215118.0,4000000.0,100
Matthew Lowton,Burnley,102258.0,250000.0,100
Ben Gibson,Middlesbrough,128904.0,2000000.0,100
Curtis Davies,Hull City,18227.0,100000.0,100
Martín Cáceres,Southampton,54935.0,250000.0,100
Carl Jenkinson,Arsenal,126321.0,450000.0,100
Adrian Mariappa,Watford,38145.0,100000.0,100
Antonio Barragán,Middlesbrough,32522.0,600000.0,100
Mamadou Sakho,Crystal Palace,47713.0,800000.0,100
José Fonte,West Ham,33829.0,100000.0,100
Papy Djilobodji,Sunderland,136610.0,500000.0,100
John Stones,Manchester City,186590.0,12000000.0,100
Bruno Martins Indi,Stoke City,112052.0,300000.0,100
Michael Dawson,Hull City,9988.0,200000.0,100
Patrick van Aanholt,Crystal Palace,52119.0,250000.0,100
Arthur Masuaku,West Ham,181380.0,2000000.0,100
Andrea Ranocchia,Hull City,44327.0,800000.0,100
Bernardo Espinosa,Middlesbrough,64598.0,550000.0,100
Jack Stephens,Southampton,163744.0,1200000.0,100
Daniel Ayala,Middlesbrough,78966.0,450000.0,100
Ragnar Klavan,Liverpool,26669.0,50000.0,100
James Tomkins,Crystal Palace,61592.0,700000.0,100
Rob Holding,Arsenal,253341.0,3000000.0,100
Younès Kaboul,Watford,27114.0,1500000.0,100
Bryan Oviedo,Sunderland,124983.0,200000.0,100
Stephen Ward,Burnley,34691.0,725000.0,100
Mason Holgate,Everton,348623.0,2000000.0,100
Kevin Long,Burnley,111114.0,500000.0,100
George Friend,Middlesbrough,77544.0,150000.0,100
Donald Love,Sunderland,179451.0,250000.0,100
Fábio,Middlesbrough,61891.0,1000000.0,100
Allan Nyom,West Brom,111508.0,100000.0,100
Jason Denayer,Sunderland,277114.0,4000000.0,100
Mike van der Hoorn,Swansea City,187105.0,750000.0,100
Jon Flanagan,Burnley,145922.0,150000.0,100
Martin Olsson,Swansea City,38073.0,300000.0,100
Baily Cargill,Bournemouth,293450.0,200000.0,100
Brendan Galloway,West Brom,208244.0,400000.0,100
Axel Tuanzebe,Manchester Utd,342046.0,5000000.0,100
James Tarkowski,Burnley,173504.0,5000000.0,100
Daryl Janmaat,Watford,60744.0,300000.0,100
Andrew Robertson,Hull City,234803.0,7000000.0,100
Ben Chilwell,Leicester City,316125.0,10000000.0,100
Ola Aina,Chelsea,236490.0,18000000.0,100
Christian Kabasele,Watford,81512.0,750000.0,100
Jérémy Pied,Southampton,60583.0,200000.0,100
Trent Alexander-Arnold,Liverpool,314353.0,60000000.0,100
Javier Manquillo,Sunderland,162029.0,1800000.0,100
Håvard Nordtveit,West Ham,42234.0,600000.0,100
Ahmed Elmohamady,Hull City,66333.0,1500000.0,100
Luis Hernández,Leicester City,62945.0,500000.0,100
Markus Henriksen,Hull City,122011.0,800000.0,100
Álvaro Arbeloa,West Ham,28260.0,1500000.0,100
Paddy McNair,Sunderland,167268.0,1500000.0,100
Josh Tymon,Hull City,419929.0,3000000.0,100
Lynden Gooch,Sunderland,307781.0,1200000.0,100
Andrew Eleftheriou,Watford,610417.0,5000000.0,100
Brandon Mason,Watford,479942.0,150000.0,100
Omar Elabdellaoui,Hull City,121404.0,650000.0,100
Zeki Fryers,Crystal Palace,141655.0,100000.0,100
Joleon Lescott,Sunderland,4241.0,1000000.0,100
Bradley Smith,Bournemouth,175745.0,850000.0,86
James Husband,Middlesbrough,167393.0,600000.0,100
Ainsley Maitland-Niles,Arsenal,285845.0,10000000.0,100
Demetri Mitchell,Manchester Utd,258886.0,300000.0,100
Paul Pogba,Manchester Utd,122153.0,2500000.0,100
Josh Harrop,Manchester Utd,289844.0,200000.0,100
Idrissa Gana Gueye,Everton,1178488.0,8000000.0,100
Sadio Mané,Liverpool,200512.0,6000000.0,100
N'Golo Kanté,Chelsea,225083.0,4000000.0,100
Granit Xhaka,Arsenal,111455.0,8000000.0,100
İlkay Gündoğan,Manchester City,53622.0,2000000.0,100
Victor Wanyama,Tottenham,77760.0,2500000.0,100
Wilfred Ndidi,Leicester City,274839.0,8000000.0,100
Nathan Redmond,Southampton,129078.0,5000000.0,100
Jack Wilshere,Bournemouth,74223.0,500000.0,100
Joe Allen,Stoke City,51452.0,200000.0,100
Luka Milivojević,Crystal Palace,74300.0,2000000.0,100
Henrikh Mkhitaryan,Manchester Utd,55735.0,3000000.0,100
Georginio Wijnaldum,Liverpool,49499.0,2200000.0,100
Scott McTominay,Manchester Utd,315969.0,40000000.0,100
Joey Barton,Burnley,3292.0,1000000.0,100
Jake Livermore,West Brom,61832.0,500000.0,100
Steven Defour,Burnley,33866.0,900000.0,100
Morgan Schneiderlin,Everton,56818.0,300000.0,100
Ashley Barnes,Burnley,63200.0,150000.0,100
Filip Lesniak,Tottenham,186383.0,250000.0,100
Lewis Cook,Bournemouth,249089.0,11000000.0,100
Tom Carroll,Swansea City,121279.0,1000000.0,100
Adam Clayton,Middlesbrough,73067.0,175000.0,100
Leroy Sané,Manchester City,192565.0,20000000.0,100
Robbie Brady,Burnley,128229.0,100000.0,100
Tom Huddlestone,Hull City,13465.0,250000.0,100
Pierre Højbjerg,Southampton,167799.0,15000000.0,82
Nolito,Manchester City,70934.0,300000.0,100
Ryan Fraser,Bournemouth,146795.0,1500000.0,100
Shaun Maloney,Hull City,9508.0,1000000.0,100
Stewart Downing,Middlesbrough,4063.0,200000.0,100
Marko Grujić,Liverpool,222813.0,1800000.0,100
Adam Forshaw,Middlesbrough,121257.0,1200000.0,100
Sam Clucas,Hull City,122223.0,400000.0,100
Robert Snodgrass,West Ham,22614.0,300000.0,100
Harry Winks,Tottenham,249126.0,7000000.0,100
Grant Leadbitter,Middlesbrough,13796.0,1600000.0,100
Nacer Chadli,West Brom,59631.0,400000.0,100
Dean Marney,Burnley,4055.0,800000.0,100
Evandro,Hull City,53359.0,1000000.0,100
Abdoulaye Doucouré,Watford,127187.0,5000000.0,100
Didier Ibrahim Ndong,Sunderland,210081.0,1200000.0,100
David Meyler,Hull City,68183.0,1000000.0,100
Darron Gibson,Sunderland,42413.0,600000.0,100
Sofiane Feghouli,West Ham,57162.0,400000.0,100
Jóhann Berg Guðmundsson,Burnley,279255.0,100000.0,100
Josh Sims,Southampton,286919.0,375000.0,100
Marc Wilson,West Brom,30456.0,10000.0,100
Jeffrey Schlupp,Crystal Palace,157506.0,2000000.0,100
Adlène Guédioura,Middlesbrough,74768.0,100000.0,100
Aleix García,Manchester City,261504.0,20000000.0,100
Tom Cleverley,Watford,73484.0,400000.0,100
Moussa Sissoko,Tottenham,46001.0,200000.0,100
Roberto Pereyra,Watford,112302.0,700000.0,100
Sam McQueen,Southampton,226968.0,800000.0,100
Camilo Zúñiga,Watford,37941.0,500000.0,100
Lazar Marković,Hull City,144303.0,1200000.0,100
Nathaniel Chalobah,Chelsea,128900.0,1800000.0,100
Jarrod Bowen,Hull City,314875.0,30000000.0,100
Scott Arfield,Burnley,55291.0,25000.0,100
George Boyd,Burnley,45623.0,1200000.0,100
Marten de Roon,Middlesbrough,133179.0,3200000.0,100
Ramadan Sobhi,Stoke City,312017.0,3000000.0,100
Ryan Mason,Hull City,61834.0,7000000.0,100
Edimilson Fernandes,West Ham,247555.0,2200000.0,100
Gastón Ramírez,Middlesbrough,123742.0,200000.0,100
Adnan Januzaj,Sunderland,177847.0,1000000.0,100
Mathieu Flamini,Crystal Palace,17396.0,600000.0,100
Steven Pienaar,Sunderland,4321.0,500000.0,100
Alfred N'Diaye,Hull City,77737.0,600000.0,100
Ashley Westwood,Burnley,91317.0,300000.0,100
Kamil Grosicki,Hull City,37920.0,200000.0,100
Jeff Hendrick,Burnley,148262.0,500000.0,100
Matt Worthington,Bournemouth,,,0
Nampalys Mendy,Leicester City,111051.0,700000.0,100
Gökhan Töre,West Ham,82130.0,75000.0,100
Jordon Ibe,Bournemouth,195652.0,300000.0,100
Aiden O'Neill,Burnley,385918.0,3000000.0,100
Georges-Kévin N'Koudou,Tottenham,215679.0,3300000.0,100
Ben Woodburn,Liverpool,344015.0,1000000.0,100
Nathan Dyer,Swansea City,37011.0,350000.0,100
Michael Kightly,Burnley,25366.0,500000.0,100
Dion Pereira,Watford,499604.0,175000.0,100
David Jones,Burnley,24634.0,350000.0,100
Declan Rice,West Ham,357662.0,120000000.0,100
Angel Gomes,Manchester Utd,392770.0,10000000.0,100
Matty James,Leicester City,73522.0,800000.0,100
Ovie Ejaria,Liverpool,337284.0,400000.0,100
Gabriel Jesus,Manchester City,363205.0,17000000.0,100
Zlatan Ibrahimović,Manchester Utd,3455.0,2000000.0,100
Christian Benteke,Crystal Palace,50201.0,2500000.0,100
Álvaro Negredo,Middlesbrough,18644.0,300000.0,100
Fernando Llorente,Swansea City,35564.0,300000.0,100
Victor Moses,Chelsea,59866.0,1000000.0,100
Adama Traoré,Middlesbrough,204103.0,6000000.0,100
Sam Vokes,Burnley,48078.0,275000.0,100
Yannick Bolasie,Everton,75471.0,150000.0,100
Stefano Okaka,Watford,35249.0,1000000.0,100
Jonathan Benteke,Crystal Palace,273773.0,75000.0,100
Rudy Gestede,Middlesbrough,39908.0,200000.0,100
Victor Anichebe,Sunderland,39532.0,1000000.0,100
Wilfried Bony,Stoke City,81808.0,100000.0,100
Manolo Gabbiadini,Southampton,112343.0,2000000.0,100
Islam Slimani,Leicester City,174915.0,400000.0,100
Viktor Fischer,Middlesbrough,95755.0,1500000.0,100
Ademola Lookman,Everton,406040.0,40000000.0,100
Michy Batshuayi,Chelsea,179184.0,2000000.0,100
André Ayew,West Ham,45403.0,250000.0,100
Andros Townsend,Crystal Palace,61842.0,500000.0,100
Matt Phillips,West Brom,77274.0,800000.0,100
Abel Hernández,Hull City,76608.0,1000000.0,100
Sofiane Boufal,Southampton,232271.0,1800000.0,100
Vincent Janssen,Tottenham,207015.0,4000000.0,100
Andre Gray,Burnley,120565.0,1300000.0,100
Cristhian Stuani,Middlesbrough,59323.0,700000.0,100
Enner Valencia,Everton,139503.0,1000000.0,100
Jordan Ayew,Swansea City,108354.0,1800000.0,100
Dieumerci Mbokani,Hull City,44624.0,200000.0,100
Dan Agyei,Burnley,367195.0,1200000.0,100
Isaac Success,Watford,295331.0,2500000.0,100
Simone Zaza,West Ham,96828.0,250000.0,100
Loïc Rémy,Crystal Palace,45121.0,150000.0,100
Lucas Pérez,Arsenal,73185.0,300000.0,100
M'Baye Niang,Watford,157501.0,800000.0,100
Jordan Rhodes,Middlesbrough,48950.0,300000.0,100
Emilio Nsue,Middlesbrough,59558.0,250000.0,100
Ahmed Musa,Leicester City,168337.0,450000.0,100
Adama Diomandé,Hull City,93145.0,200000.0,100
Hal Robson-Kanu,West Brom,65976.0,1500000.0,100
Julien Ngoy,Stoke City,286005.0,300000.0,100
Saido Berahino,Stoke City,128897.0,600000.0,100
Mauro Zárate,Watford,26456.0,250000.0,100
Oliver McBurnie,Swansea City,298477.0,2500000.0,88
Patrick Bamford,Middlesbrough,183334.0,7000000.0,100
Ashley Fletcher,West Ham,289846.0,800000.0,100
Jerome Sinclair,Watford,236513.0,400000.0,100
Luciano Narsingh,Swansea City,72462.0,250000.0,100
Dominic Calvert-Lewin,Everton,306024.0,22000000.0,100
Joel Asoro,Sunderland,375391.0,900000.0,100
Michael Folivi,Watford,579207.0,200000.0,100
Lukas Jutkiewicz,Burnley,33507.0,450000.0,100
Lys Mousset,Bournemouth,291422.0,350000.0,100
Borja Bastón,Swansea City,85324.0,3500000.0,100
Oumar Niasse,Hull City,209781.0,200000.0,100
Jonathan Calleri,West Ham,284727.0,1500000.0,100
Matěj Vydra,Watford,101500.0,600000.0,100
David Nugent,Middlesbrough,33963.0,200000.0,100
Will Keane,Hull City,118535.0,1000000.0,100
Albert Adomah,Middlesbrough,83430.0,250000.0,100
Davy Roef,La Coruña,140808.0,2500000.0,100
David Soria,Sevilla,226012.0,2800000.0,100
Andrés Fernández,Villarreal,57522.0,600000.0,100
Fernando Pacheco,Alavés,172015.0,600000.0,100
Adrián Ortolá,Alavés,142033.0,200000.0,100
Diego López,Espanyol,617081.0,9000000.0,100
Miguel Ángel Moyà,Atlético Madrid,26065.0,800000.0,100
Guillermo Ochoa,Granada,29559.0,250000.0,100
Yoel Rodríguez,Eibar,58115.0,600000.0,100
Markel Areitio,Eibar,288371.0,200000.0,100
Nereo Champagne,Leganés,19958.0,10000.0,100
Diego Mariño,Sporting Gijón,59349.0,300000.0,100
Kepa Arrizabalaga,Athletic Club,192279.0,5000000.0,100
Iago Herrerín,Leganés,71570.0,50000.0,100
Przemysław Tytoń,La Coruña,33210.0,75000.0,96
Álvaro Fernández,Osasuna,453704.0,2500000.0,100
Jon Ander Serantes,Leganés,71835.0,150000.0,100
Mario Fernández,Osasuna,57693.0,50000.0,100
Diego Barrios,Leganés,476100.0,100000.0,100
Nauzet Pérez,Osasuna,71206.0,100000.0,100
Salvatore Sirigu,Osasuna,25508.0,275000.0,100
Jasper Cillessen,Barcelona,146227.0,300000.0,100
Roberto Jiménez,Espanyol,37403.0,500000.0,100
Denys Boyko,Málaga,91931.0,300000.0,100
Iván Villar,Celta Vigo,297194.0,900000.0,100
Alberto Brignoli,Leganés,146799.0,700000.0,100
José Ángel,Villarreal,160182.0,200000.0,100
Marcos Llorente,Alavés,282411.0,20000000.0,100
David López,Espanyol,947431.0,1200000.0,100
Luis Hernández,Málaga,62945.0,500000.0,100
Marlon,Barcelona,406675.0,4000000.0,100
Yeray Álvarez,Athletic Club,255488.0,900000.0,100
Samuel Umtiti,Barcelona,126540.0,2500000.0,100
Zouhair Feddal,Alavés,129386.0,800000.0,100
Florian Lejeune,Eibar,127108.0,1800000.0,100
Rodrigo Ely,Alavés,176140.0,3000000.0,100
Víctor Laguardia,Alavés,67080.0,800000.0,100
Dimitris Siovas,Leganés,52403.0,50000.0,96
Diego Reyes,Espanyol,131090.0,650000.0,100
Clément Lenglet,Sevilla,182904.0,4000000.0,100
Álex Gálvez,Eibar,1195704.0,125000.0,100
Raúl Navas,Real Sociedad,142419.0,200000.0,100
Ezequiel Garay,Valencia,35939.0,1000000.0,100
Eliaquim Mangala,Valencia,90681.0,150000.0,100
Šime Vrsaljko,Atlético Madrid,76061.0,4000000.0,100
Aïssa Mandi,Betis,80293.0,1000000.0,100
Matthieu Saunier,Granada,93759.0,250000.0,100
Diego Rico,Leganés,249513.0,1000000.0,100
Álvaro González,Villarreal,183647.0,2200000.0,100
Fábio Coentrão,Real Madrid,33648.0,400000.0,100
Jhon Mondragón,Osasuna,298602.0,150000.0,100
Raúl Albentosa,La Coruña,77026.0,150000.0,100
Jean-Sylvain Babin,Sporting Gijón,45256.0,300000.0,100
Mario Suárez,Valencia,37337.0,300000.0,100
Theo Hernández,Alavés,339808.0,20000000.0,100
Lucas Digne,Barcelona,126664.0,6000000.0,100
Anaitz Arbilla,Eibar,71548.0,400000.0,100
Diego Llorente,Málaga,246291.0,2500000.0,100
Facundo Roncaglia,Celta Vigo,61546.0,200000.0,100
Martín Mantovani,Leganés,73180.0,50000.0,100
Unai Bustinza,Leganés,156808.0,300000.0,100
Sverrir Ingason,Granada,137648.0,1800000.0,100
Martín Montoya,Valencia,68645.0,350000.0,100
Kiko Femenía,Alavés,76467.0,700000.0,100
Martín Demichelis,Málaga,2963.0,200000.0,100
Toni Lato,Valencia,320271.0,1400000.0,100
Gabriel Mercado,Sevilla,45319.0,100000.0,100
Alexis,Alavés,40433.0,1200000.0,100
Fernando Amorebieta,Sporting Gijón,35548.0,100000.0,100
Ryan Donk,Betis,38414.0,200000.0,100
Riza Durmisi,Betis,135208.0,300000.0,100
David García,Osasuna,298589.0,10000000.0,100
Rúben Vezo,Granada,257851.0,500000.0,100
Alin Toșca,Betis,148004.0,50000.0,100
Pablo Insua,Leganés,171362.0,800000.0,100
Unai García,Osasuna,197122.0,400000.0,100
José Carlos Ramírez,Betis,319541.0,250000.0,100
Bakary Koné,Málaga,57186.0,325000.0,100
Víctor Díaz,Leganés,58330.0,400000.0,100
Aleksandar Pantić,Alavés,167093.0,300000.0,100
Mikel Villanueva,Málaga,308371.0,800000.0,100
Miguel Flaño,Osasuna,35600.0,200000.0,100
Héctor Hernández,Granada,273738.0,800000.0,100
Raúl Carnero,Alavés,139434.0,200000.0,100
Gastón Silva,Granada,189452.0,1800000.0,100
Rafa Navarro,Betis,351746.0,150000.0,100
Enric Saborit,Athletic Club,85372.0,800000.0,100
Adrián Marín,Leganés,295414.0,1500000.0,100
Michel,Las Palmas,887834.0,600000.0,100
Juan Rodríguez,Sporting Gijón,275028.0,250000.0,100
Javier Flaño,Osasuna,25461.0,100000.0,100
Álex Martínez,Betis,186891.0,200000.0,100
Tito,Leganés,128295.0,325000.0,100
Xavi Torres,Sporting Gijón,65301.0,100000.0,100
Aitor Buñuel,Osasuna,374081.0,700000.0,100
Nikola Vujadinović,Osasuna,58474.0,50000.0,100
Lillo,Sporting Gijón,62913.0,150000.0,100
David Costas,Celta Vigo,276111.0,1200000.0,100
Carlos Vigaray,Alavés,263627.0,200000.0,100
Juan Rafael Fuentes,Osasuna,126252.0,500000.0,100
Gabriel Silva,Granada,627224.0,7000000.0,100
Hélder Lopes,Las Palmas,171068.0,300000.0,100
Douglas,Sporting Gijón,99548.0,250000.0,100
Carlos Clerc,Osasuna,193784.0,1500000.0,100
Álvaro Odriozola,Real Sociedad,280730.0,800000.0,100
Rubén Peña,Eibar,238868.0,600000.0,100
Tano Bonnín,Osasuna,99924.0,100000.0,100
Álvaro Lemos,Celta Vigo,230222.0,700000.0,100
Franck Tabanou,Granada,66413.0,1000000.0,100
Elderson Echiéjilé,Sporting Gijón,59938.0,500000.0,100
Kévin Rodrigues,Real Sociedad,206947.0,800000.0,100
Iván Márquez,Osasuna,296227.0,450000.0,100
Álvaro Tejero,Real Madrid,290273.0,1800000.0,100
Sandro Ramírez,Málaga,199369.0,1500000.0,100
Franco Vázquez,Sevilla,76163.0,600000.0,100
Manu García,Alavés,277118.0,4000000.0,100
Samir Nasri,Sevilla,18935.0,1600000.0,100
Marc Navarro,Espanyol,335245.0,300000.0,100
Rubén Pardo,Betis,99352.0,350000.0,100
Ganso,Sevilla,67920.0,300000.0,100
Fran Rico,Eibar,63689.0,600000.0,100
Rubén Pérez,Leganés,113045.0,125000.0,100
Felipe Gutiérrez,Betis,133089.0,500000.0,100
Marco Asensio,Real Madrid,296622.0,15000000.0,100
Roberto Soriano,Villarreal,63186.0,1800000.0,100
Léo Baptistão,Espanyol,221899.0,1500000.0,100
Wakaso,Granada,45639.0,400000.0,100
Óscar Romero,Alavés,217886.0,700000.0,100
Guilherme,La Coruña,444920.0,2800000.0,100
Robert Ibáñez,Leganés,1084714.0,2500000.0,100
Edu Expósito,La Coruña,506248.0,5000000.0,100
Pervis Estupiñán,Granada,349599.0,12000000.0,100
Alexander,Leganés,1565.0,300000.0,100
Nani,Valencia,33706.0,200000.0,100
Kevin-Prince Boateng,Las Palmas,16922.0,700000.0,100
Alberto Martín,Leganés,210153.0,100000.0,100
Pedro León,Eibar,51587.0,800000.0,100
Roberto Torres,Osasuna,63056.0,1000000.0,100
Ibai Gómez,Alavés,127837.0,400000.0,100
Mikel Vesga,Sporting Gijón,300168.0,1200000.0,100
Emre Çolak,La Coruña,77707.0,100000.0,100
José Manuel Jurado,Espanyol,28261.0,650000.0,100
Nenad Krstičić,Alavés,56790.0,100000.0,100
Ola John,La Coruña,124550.0,400000.0,100
Nicolás Gaitán,Atlético Madrid,99523.0,100000.0,100
David Timor,Leganés,158795.0,600000.0,100
Pablo Piatti,Espanyol,56067.0,400000.0,100
Pablo Sarabia,Sevilla,74230.0,4000000.0,100
Jozabed,Celta Vigo,207924.0,500000.0,100
Alen Halilović,Las Palmas,226074.0,400000.0,100
Hiroshi Kiyotake,Sevilla,86175.0,900000.0,100
Mateo García,Las Palmas,441287.0,1200000.0,100
José Rodríguez,Málaga,549361.0,800000.0,100
Erik Morán,Leganés,67542.0,400000.0,100
Didier Digard,Osasuna,52345.0,400000.0,100
Burgui,Sporting Gijón,246277.0,50000.0,100
Akram Afif,Sporting Gijón,336646.0,8000000.0,100
Javi Fuego,Espanyol,56134.0,200000.0,100
Daniel Torres,Alavés,530421.0,800000.0,100
Imanol García,Osasuna,455056.0,200000.0,100
Marc Roca,Espanyol,336869.0,4000000.0,100
Matías Kranevitter,Sevilla,240900.0,600000.0,100
Samu García,Leganés,208890.0,800000.0,100
Andreas Pereira,Granada,203394.0,14000000.0,100
Aarón Martín,Espanyol,251878.0,5000000.0,100
Carlos Soler,Valencia,372246.0,7000000.0,100
André Gomes,Barcelona,221025.0,3000000.0,100
Aleksandar Katai,Alavés,139915.0,700000.0,100
Álvaro Medrán,Valencia,253839.0,3200000.0,100
Juanan Entrena,Granada,204097.0,50000.0,100
Victorien Angban,Granada,178314.0,350000.0,100
Denis Suárez,Barcelona,165007.0,1000000.0,100
Goran Čaušić,Osasuna,94304.0,1000000.0,100
Víctor Rodríguez,Sporting Gijón,129753.0,225000.0,100
Fausto Tienza,Osasuna,174859.0,300000.0,100
José Antonio Reyes,Espanyol,7717.0,300000.0,100
Moi Gómez,Sporting Gijón,175449.0,1500000.0,100
Fran Mérida,Osasuna,42920.0,700000.0,100
Jon Toral,Granada,193593.0,700000.0,100
Sergi Samper,Granada,181112.0,400000.0,100
Bebé,Eibar,153427.0,600000.0,100
Oier Sanjurjo,Osasuna,63040.0,300000.0,100
Gabriel,Leganés,435338.0,75000000.0,100
Nabil El Zhar,Leganés,37917.0,500000.0,100
Federico Cartabia,Valencia,242548.0,2500000.0,86
Cristian Rivera,Eibar,55382.0,750000.0,100
Omar Ramos,Leganés,58112.0,75000.0,100
Jean Carlos Silva,Granada,282434.0,1000000.0,100
Jon Gaztañaga,Real Sociedad,66110.0,250000.0,100
Carles Aleñá,Barcelona,284854.0,3000000.0,100
Luis Muñoz,Málaga,355624.0,1200000.0,100
Víctor Camarasa,Alavés,263856.0,800000.0,100
Carles Gil,La Coruña,127987.0,1800000.0,100
Jonas Martin,Betis,127142.0,300000.0,100
Mehdi Carcela-González,Granada,42714.0,250000.0,100
Zdravko Kuzmanović,Málaga,25441.0,325000.0,100
Walter Montoya,Sevilla,267420.0,500000.0,100
Gaël Kakuta,La Coruña,74297.0,250000.0,100
Marlos Moreno,La Coruña,345654.0,500000.0,100
Darwin Machís,Leganés,211251.0,350000.0,100
Álex Berenguer,Osasuna,338425.0,4000000.0,100
Miguel Olavide,Osasuna,298607.0,250000.0,100
Darko Brašanac,Betis,95641.0,400000.0,100
Leonardo Suárez,Villarreal,44358.0,150000.0,100
Bruno Gama,La Coruña,15568.0,200000.0,100
Raul Cedric Loe,Osasuna,520093.0,400000.0,100
Alfred N'Diaye,Villarreal,77737.0,600000.0,100
Jaime Romero,Osasuna,81998.0,150000.0,100
Andrew Hjulsager,Celta Vigo,167798.0,400000.0,100
Benito Ramírez,Las Palmas,282672.0,600000.0,100
Rubén Sánchez,Sporting Gijón,287178.0,400000.0,100
Luís Martins,Granada,187896.0,400000.0,100
Tyronne,Las Palmas,172127.0,200000.0,100
Martin Hongla,Granada,398808.0,1200000.0,100
Óscar Melendo,Espanyol,448344.0,2000000.0,100
Carl Medjani,Leganés,8060.0,500000.0,100
Antonio Otegui,Osasuna,374082.0,200000.0,100
Cristian Espinoza,Alavés,278992.0,4500000.0,100
Borja Valle,La Coruña,176067.0,500000.0,100
Unai López,Leganés,192009.0,2500000.0,100
Luis Perea,Osasuna,396328.0,250000.0,100
Lluís Sastre,Leganés,8108.0,50000.0,100
Denis Cheryshev,Villarreal,98322.0,1000000.0,100
David Concha,Real Sociedad,304250.0,150000.0,100
Jony,Málaga,228761.0,300000.0,100
Panagiotis Kone,Granada,19636.0,800000.0,100
Jon Guridi,Real Sociedad,289257.0,1800000.0,100
Matías Nahuel,Betis,263843.0,700000.0,100
Aitor Cantalapiedra,Villarreal,323740.0,1800000.0,100
Óscar Pinchi,La Coruña,413502.0,350000.0,100
Nacho Gil,Valencia,336731.0,400000.0,100
Álvaro Morata,Real Madrid,128223.0,6000000.0,100
Willian José,Real Sociedad,122155.0,1200000.0,100
Deyverson,Alavés,243541.0,1000000.0,100
Wissam Ben Yedder,Sevilla,146854.0,8000000.0,100
Stevan Jovetić,Sevilla,46104.0,700000.0,100
Adrián Ramos,Granada,73782.0,50000.0,100
Paco Alcácer,Barcelona,126716.0,7000000.0,100
Simone Zaza,Valencia,96828.0,250000.0,100
Jesé,Las Palmas,134936.0,1000000.0,100
Kévin Gameiro,Atlético Madrid,27389.0,700000.0,100
Joselu,La Coruña,81999.0,5000000.0,100
Luciano Vietto,Sevilla,214316.0,1200000.0,100
Duje Čop,Sporting Gijón,46415.0,100000.0,100
Rafael Borré,Villarreal,323831.0,3500000.0,100
Giuseppe Rossi,Celta Vigo,19104.0,100000.0,100
Oriol Riera,Osasuna,71671.0,475000.0,100
Kiké,Eibar,298575.0,1500000.0,100
Munir El Haddadi,Valencia,223725.0,2500000.0,100
Álex Alegría,Betis,178187.0,150000.0,100
Florin Andone,La Coruña,177065.0,800000.0,100
Nicola Sansone,Villarreal,82048.0,400000.0,100
Fabián Orellana,Valencia,60890.0,200000.0,100
Christian Santos,Alavés,50487.0,200000.0,100
Kenan Kodro,Osasuna,197126.0,500000.0,100
Antonio Sanabria,Betis,234523.0,1800000.0,100
Luciano,Leganés,223560.0,1300000.0,100
Sergio León,Osasuna,145769.0,2000000.0,100
Ryan Babel,La Coruña,16135.0,150000.0,100
Marko Livaja,Las Palmas,95438.0,2800000.0,100
Joaquín Correa,Sevilla,227081.0,1500000.0,100
Rubén Sobrino,Alavés,85383.0,1400000.0,100
Alessio Cerci,Atlético Madrid,21748.0,200000.0,100
Javi Álamo,Osasuna,164816.0,50000.0,100
Artem Kravets,Granada,58405.0,200000.0,100
Pione Sisto,Celta Vigo,252641.0,600000.0,100
Lacina Traoré,Sporting Gijón,69006.0,75000.0,100
Mariano,Real Madrid,54155.0,300000.0,100
Alberto Bueno,Leganés,45335.0,150000.0,100
Nano,Eibar,58018.0,75000.0,100
Alexandre Pato,Villarreal,37579.0,700000.0,100
Miguel Ángel Guerrero,Leganés,137704.0,500000.0,100
Michael Santos,Málaga,178107.0,350000.0,100
Borja Viguera,Sporting Gijón,61344.0,100000.0,100
Youssef En-Nesyri,Málaga,433049.0,17000000.0,100
Jeremie Boga,Granada,216569.0,8000000.0,100
Álvaro Vázquez,Espanyol,141835.0,250000.0,100
Miguel de las Cuevas,Osasuna,54774.0,100000.0,100
Juanmi,Real Sociedad,126737.0,1000000.0,100
Asier Villalibre,Athletic Club,251897.0,2500000.0,100
Pablo Fernández,Sporting Gijón,368582.0,300000.0,100
Mamadou Koné,Leganés,171165.0,150000.0,100
Ezequiel Ponce,Granada,296783.0,4000000.0,100
Emmanuel Rivière,Osasuna,61637.0,200000.0,100
Édgar Méndez,Alavés,133794.0,1000000.0,100
Roman Zozulya,Betis,70767.0,100000.0,100
Gaizka Toquero,Alavés,71840.0,200000.0,100
Keko,Málaga,66112.0,200000.0,100
Asdrúbal Padron,Las Palmas,274771.0,50000.0,100
Omer Atzili,Granada,294568.0,2500000.0,100
Rafa Mir,Valencia,361254.0,4000000.0,100
Adalberto Peñaranda,Málaga,308801.0,400000.0,100
Aly Mallé,Granada,398809.0,200000.0,100
Erik Expósito,Las Palmas,483461.0,1800000.0,100
Kike Barja,Osasuna,298575.0,1500000.0,100
Mario González,Villarreal,255995.0,3500000.0,100
Andreas Luthe,Augsburg,41323.0,300000.0,100
Sven Müller,Köln,168797.0,175000.0,100
Tom Starke,Bayern Munich,80.0,100000.0,100
Fabio Coltorti,RB Leipzig,10250.0,200000.0,100
Daniel Fernandes,Darmstadt 98,10254.0,25000.0,100
Jannik Huth,Mainz 05,160954.0,400000.0,100
Christian Mathenia,Hamburger SV,82361.0,600000.0,100
Michael Esser,Darmstadt 98,61989.0,300000.0,100
Alexander Schwolow,Freiburg,93763.0,450000.0,100
Péter Gulácsi,RB Leipzig,57071.0,1000000.0,100
Jonas Lössl,Mainz 05,48870.0,50000.0,100
Martin Hansen,FC Ingolstadt 04,45601.0,25000.0,100
Heinz Lindner,Eint Frankfurt,59082.0,100000.0,100
Jaroslav Drobný,Werder Bremen,12864.0,50000.0,100
Benjamin Hübner,Hoffenheim,52348.0,700000.0,100
Mats Hummels,Bayern Munich,39728.0,2000000.0,100
Raphael Framberger,Augsburg,146163.0,600000.0,100
Philipp Wollscheid,Wolfsburg,53173.0,2500000.0,100
Kyriakos Papadopoulos,Hamburger SV,58489.0,250000.0,100
Willi Orban,RB Leipzig,93740.0,5000000.0,100
Jannik Vestergaard,Gladbach,99331.0,1000000.0,100
Kevin Vogt,Hoffenheim,84435.0,400000.0,100
Naldo,Schalke 04,32213.0,250000.0,100
Marc Bartra,Dortmund,99922.0,900000.0,100
Raphaël Guerreiro,Dortmund,170986.0,5000000.0,100
Mërgim Mavraj,Hamburger SV,38267.0,125000.0,100
Martin Hinteregger,Augsburg,85789.0,9000000.0,100
Bernardo,RB Leipzig,719646.0,5000000.0,100
Marvin Compper,RB Leipzig,9340.0,200000.0,100
Stefan Ilsanker,RB Leipzig,40074.0,300000.0,100
Holger Badstuber,Schalke 04,54659.0,150000.0,100
Jesús Vallejo,Eint Frankfurt,251896.0,1000000.0,100
Robert Bauer,Werder Bremen,179634.0,800000.0,100
Çağlar Söyüncü,Freiburg,320141.0,3500000.0,100
Lamine Sané,Werder Bremen,93758.0,300000.0,100
Dayot Upamecano,RB Leipzig,344695.0,70000000.0,100
Marcel Halstenberg,RB Leipzig,70243.0,2500000.0,100
Niklas Moisander,Werder Bremen,5017.0,300000.0,100
Neven Subotić,Köln,40995.0,200000.0,100
Jeffrey Bruma,Wolfsburg,88721.0,250000.0,100
André Ramalho,Mainz 05,175792.0,800000.0,100
Lukas Kübler,Freiburg,93604.0,1500000.0,100
Markus Steinhofer,Darmstadt 98,16726.0,250000.0,100
Marc-Oliver Kempf,Freiburg,160938.0,3500000.0,94
Pascal Stenzel,Freiburg,195246.0,1200000.0,100
Manuel Gulde,Freiburg,45683.0,400000.0,100
Aleksandar Dragović,Leverkusen,59032.0,600000.0,100
Benno Schmitz,RB Leipzig,160968.0,1500000.0,100
Anderson Ordóñez,Eint Frankfurt,539183.0,600000.0,100
Coke,Schalke 04,71905.0,300000.0,100
Marcel Tisserand,FC Ingolstadt 04,170463.0,1000000.0,100
Alexander Milošević,Darmstadt 98,171376.0,900000.0,100
Douglas Santos,Hamburger SV,220793.0,7500000.0,100
Anthony Jung,FC Ingolstadt 04,58995.0,600000.0,100
Baba Rahman,Schalke 04,224884.0,2000000.0,100
Guillermo Varela,Eint Frankfurt,188862.0,1000000.0,100
Patrick Banggaard,Darmstadt 98,186557.0,150000.0,100
Jannes Horn,Wolfsburg,231586.0,1200000.0,100
Michael Hector,Eint Frankfurt,157490.0,500000.0,100
Immanuel Höhn,Darmstadt 98,77920.0,300000.0,100
Julian Schuster,Freiburg,29865.0,500000.0,100
Riechedly Bazoer,Wolfsburg,216443.0,1500000.0,100
Marc Torrejón,Freiburg,38266.0,250000.0,100
Jean-Philippe Gbamin,Mainz 05,182894.0,2000000.0,100
Danny da Costa,Leverkusen,85906.0,1200000.0,100
Artem Fedetskyi,Darmstadt 98,58000.0,100000.0,100
Onur Bulut,Freiburg,152733.0,600000.0,100
Jordan Torunarigha,Hertha BSC,227110.0,4000000.0,100
Leon Guwara,Darmstadt 98,201135.0,400000.0,100
Jonas Föhrenbach,Freiburg,192169.0,1000000.0,100
Georg Niedermeier,Freiburg,31570.0,250000.0,100
Luca Caldirola,Werder Bremen,88680.0,400000.0,100
Aleksandar Ignjovski,Freiburg,74295.0,250000.0,100
Kevin Danso,Augsburg,263236.0,20000000.0,100
Christian Günter,Freiburg,93707.0,2000000.0,100
Taleb Tawatha,Eint Frankfurt,60761.0,250000.0,100
Lukas Klostermann,RB Leipzig,215599.0,3500000.0,100
Timothée Kolodziejczak,Gladbach,84085.0,150000.0,100
Hendrik Hansen,Wolfsburg,158049.0,50000.0,100
Florian Baak,Hertha BSC,296345.0,100000.0,100
Fallou Diagne,Werder Bremen,82389.0,200000.0,100
Silas Zehnder,Darmstadt 98,317753.0,75000.0,100
Emil Forsberg,RB Leipzig,111078.0,1800000.0,100
Naby Keïta,RB Leipzig,302215.0,2000000.0,100
Hamit Altıntop,Darmstadt 98,1792.0,300000.0,96
Thomas Delaney,Werder Bremen,91849.0,500000.0,100
Omar Mascarell,Eint Frankfurt,142031.0,700000.0,100
Nabil Bentaleb,Schalke 04,245537.0,4500000.0,100
Diego Demme,RB Leipzig,82070.0,800000.0,100
Kerem Demirbay,Hoffenheim,125858.0,1000000.0,100
Vincenzo Grifo,Freiburg,185077.0,4000000.0,100
Marcel Sabitzer,RB Leipzig,106987.0,6000000.0,100
Niklas Schmidt,Werder Bremen,275249.0,1500000.0,100
Julian Baumgartlinger,Leverkusen,34787.0,400000.0,100
László Bénes,Gladbach,243188.0,2500000.0,100
Christoph Kramer,Gladbach,82097.0,1700000.0,100
Emre Mor,Dortmund,283223.0,500000.0,100
Florent Hadergjonaj,FC Ingolstadt 04,238809.0,1800000.0,100
Ondrej Duda,Hertha BSC,232418.0,3000000.0,100
Tobias Strobl,Gladbach,57845.0,500000.0,100
Yunus Mallı,Wolfsburg,85352.0,100000.0,100
Mike Frantz,Freiburg,30942.0,150000.0,100
Walace,Hamburger SV,323954.0,2500000.0,100
Jakub Błaszczykowski,Wolfsburg,29835.0,25000.0,97
Marco Höger,Köln,55510.0,250000.0,100
Serge Gnabry,Werder Bremen,159471.0,18000000.0,100
Marco Terrazzino,Hoffenheim,67869.0,150000.0,100
Gojko Kačar,Augsburg,28683.0,400000.0,100
Aymen Barkok,Eint Frankfurt,315332.0,450000.0,100
Thanos Petsos,Werder Bremen,82110.0,150000.0,100
Mikel Merino,Dortmund,338424.0,25000000.0,100
Allan,Hertha BSC,1082631.0,20000000.0,100
Nicolas Höfler,Freiburg,55099.0,500000.0,100
Dženis Burnić,Dortmund,251295.0,1200000.0,100
Jonas Meffert,Freiburg,107574.0,1500000.0,100
Yannick Gerhardt,Wolfsburg,119277.0,1800000.0,100
Janik Haberer,Freiburg,177779.0,2000000.0,100
Vasilije Janjicic,Hamburger SV,265254.0,250000.0,100
Christian Clemens,Köln,44713.0,200000.0,100
Florian Kainz,Werder Bremen,106270.0,1000000.0,100
Sebastian Rode,Dortmund,44466.0,1000000.0,100
Danny Blum,Eint Frankfurt,41541.0,250000.0,100
Dominik Kaiser,RB Leipzig,52200.0,250000.0,100
Konstantin Rausch,Köln,45668.0,250000.0,100
Amir Abrashi,Freiburg,66005.0,100000.0,100
Daniel Caligiuri,Schalke 04,38410.0,400000.0,100
Lukas Rupp,Hoffenheim,82863.0,350000.0,100
Kevin Volland,Leverkusen,82009.0,500000.0,100
Massimo Bruno,RB Leipzig,111376.0,200000.0,100
Bakery Jatta,Hamburger SV,415194.0,1000000.0,100
Benjamin Stambouli,Schalke 04,127160.0,250000.0,100
Mario Götze,Dortmund,74842.0,3000000.0,100
Leon Bailey,Leverkusen,387626.0,14000000.0,100
Renato Sanches,Bayern Munich,258027.0,2000000.0,100
Daniel Didavi,Wolfsburg,57995.0,200000.0,100
Ante Rebić,Eint Frankfurt,187587.0,700000.0,100
Donis Avdijaj,Schalke 04,196227.0,500000.0,100
Federico Palacios Martínez,RB Leipzig,146096.0,200000.0,100
Sonny Kittel,FC Ingolstadt 04,78950.0,800000.0,100
Jonathan Schmid,Augsburg,70285.0,600000.0,100
Denys Oliynyk,Darmstadt 98,57895.0,100000.0,100
Gerrit Holtmann,Mainz 05,190289.0,700000.0,100
Max Besuschkow,Eint Frankfurt,207578.0,1000000.0,100
Levin Öztunalı,Mainz 05,168543.0,1200000.0,96
Georg Teigl,Augsburg,81698.0,150000.0,100
Rani Khedira,RB Leipzig,124410.0,2000000.0,100
László Kleinheisler,Darmstadt 98,220656.0,200000.0,100
Marius Wolf,Eint Frankfurt,193900.0,2500000.0,100
Moritz Leitner,Augsburg,82243.0,200000.0,100
Josip Brekalo,Wolfsburg,293169.0,2500000.0,100
Paul-Georges Ntep,Wolfsburg,148955.0,250000.0,100
Julius Kade,Hertha BSC,317735.0,325000.0,100
Mats Møller Dæhli,Freiburg,190831.0,800000.0,100
Tim Rieder,Augsburg,111277.0,300000.0,100
Robert Leipertz,FC Ingolstadt 04,119120.0,800000.0,100
Filip Kostić,Hamburger SV,161011.0,2000000.0,100
Wilson Kamavuaka,Darmstadt 98,55512.0,100000.0,100
Salih Özcan,Köln,244940.0,3500000.0,100
Takashi Usami,Augsburg,111881.0,400000.0,100
Weston McKennie,Schalke 04,332697.0,30000000.0,100
Bernard Tekpetey,Schalke 04,422380.0,5500000.0,100
Justin Möbius,Wolfsburg,207590.0,25000.0,100
Sidney Sam,Darmstadt 98,39102.0,625000.0,100
Alen Halilović,Hamburger SV,226074.0,400000.0,100
Änis Ben-Hatira,Darmstadt 98,35872.0,75000.0,100
José Rodríguez,Mainz 05,549361.0,800000.0,100
Djibril Sow,Gladbach,212723.0,7500000.0,100
Arne Maier,Hertha BSC,296397.0,2000000.0,100
Finn Porath,Hamburger SV,241307.0,600000.0,100
Max Kruse,Werder Bremen,36182.0,500000.0,100
Joel Pohjanpalo,Leverkusen,173491.0,3500000.0,100
Ousmane Dembélé,Dortmund,288230.0,100000000.0,100
Timo Werner,RB Leipzig,170527.0,3500000.0,100
Mario Gómez,Wolfsburg,6288.0,800000.0,100
André Schürrle,Dortmund,58205.0,4500000.0,100
Breel Embolo,Schalke 04,237662.0,15000000.0,100
Sandro Wagner,Hoffenheim,39743.0,1600000.0,100
Nils Petersen,Freiburg,42936.0,1500000.0,100
Ádám Szalai,Hoffenheim,39106.0,200000.0,100
Victor Obinna,Darmstadt 98,35852.0,250000.0,100
Guido Burgstaller,Schalke 04,49239.0,1000000.0,100
Yussuf Poulsen,RB Leipzig,157635.0,1000000.0,100
Davie Selke,RB Leipzig,178459.0,2800000.0,100
Maximilian Philipp,Freiburg,143891.0,500000.0,100
Florian Niederlechner,Freiburg,152963.0,600000.0,100
Karim Guédé,Freiburg,10885.0,150000.0,100
Kai Havertz,Leverkusen,309400.0,55000000.0,100
Artjoms Rudņevs,Köln,103547.0,1500000.0,100
Branimir Hrgota,Eint Frankfurt,171209.0,1300000.0,100
Sven Schipplock,Darmstadt 98,52530.0,75000.0,100
Lennart Thy,Werder Bremen,23553.0,600000.0,100
Aaron Seydel,Mainz 05,187499.0,300000.0,100
Håvard Nielsen,Freiburg,136181.0,1000000.0,100
Antonio Čolak,Darmstadt 98,160668.0,300000.0,100
Bojan Krkić,Mainz 05,44675.0,500000.0,100
Borja Mayoral,Wolfsburg,298976.0,6000000.0,100
Izet Hajrović,Werder Bremen,74996.0,200000.0,100
Luca Waldschmidt,Hamburger SV,196095.0,2000000.0,100
Alexander Esswein,Hertha BSC,45662.0,300000.0,100
Yevhen Konoplyanka,Schalke 04,58949.0,500000.0,94
Ousman Manneh,Werder Bremen,273824.0,75000.0,100
Roman Bezjak,Darmstadt 98,80672.0,25000.0,100
Barış Atik,Hoffenheim,161072.0,1000000.0,94
Bobby Wood,Hamburger SV,72519.0,800000.0,100
Sami Allagui,Hertha BSC,37013.0,250000.0,100
Shani Tarashaj,Eint Frankfurt,184381.0,100000.0,100
Robin Quaison,Mainz 05,206542.0,800000.0,100
Ba-Muaka Simakala,Gladbach,227974.0,750000.0,100
Josip Drmić,Gladbach,140579.0,2000000.0,100
Terrence Boyd,Darmstadt 98,103064.0,750000.0,100
Oliver Burke,RB Leipzig,341317.0,3000000.0,100
Victor Osimhen,Wolfsburg,401923.0,75000000.0,100
Serhou Guirassy,Köln,270541.0,32000000.0,100
Julian Günther-Schmidt,Augsburg,161079.0,300000.0,100
Mounir Bouziane,Mainz 05,123189.0,100000.0,100
Ashton Götz,Hamburger SV,124083.0,50000.0,100
Sinan Kurt,Hertha BSC,170530.0,10000.0,100
Luca Crosta,Cagliari,265077.0,100000.0,100
Andrea Fulignati,Palermo,231381.0,650000.0,100
Pierluigi Gollini,Atalanta,244192.0,800000.0,100
Rafael,Cagliari,61892.0,800000.0,100
Alex Cordaz,Crotone,16633.0,200000.0,100
Marco Festa,Crotone,257660.0,400000.0,100
Etrit Berisha,Atalanta,77825.0,200000.0,100
Stefano Sorrentino,Chievo,21891.0,500000.0,100
Christian Puggioni,Sampdoria,48003.0,50000.0,100
Thomas Strakosha,Lazio,222209.0,3000000.0,100
Joe Hart,Torino,40204.0,500000.0,100
Vincenzo Fiorillo,Pescara,55000.0,150000.0,100
Bartłomiej Drągowski,Fiorentina,208166.0,2000000.0,100
Albano Bizzarri,Pescara,7797.0,200000.0,100
Simone Scuffet,Udinese,238993.0,900000.0,100
Marco Storari,Milan,19136.0,100000.0,100
Marco Sportiello,Fiorentina,199976.0,800000.0,100
Emil Audero,Juventus,256339.0,2800000.0,100
Rafael Cabral,Napoli,103916.0,200000.0,100
Gabriel,Cagliari,435338.0,75000000.0,100
Ivan Vargić,Lazio,34553.0,50000.0,100
Rubinho,Genoa,37598.0,50000.0,100
Roberto Colombo,Cagliari,43411.0,50000.0,100
Federico Fazio,Roma,45314.0,400000.0,100
Nikola Maksimović,Napoli,124715.0,450000.0,100
Mattia Caldara,Atalanta,197470.0,800000.0,100
Medhi Benatia,Juventus,45124.0,2500000.0,100
Lorenzo Tonelli,Napoli,111347.0,200000.0,100
Gabriel Paletta,Milan,30767.0,100000.0,100
Samir Santos,Udinese,697520.0,450000.0,100
Cesare Bovo,Pescara,5946.0,100000.0,100
Andrea Ranocchia,Inter,44327.0,800000.0,100
Leandro Castán,Torino,54929.0,550000.0,100
Federico Ceccherini,Crotone,163639.0,400000.0,100
Ervin Zukanović,Atalanta,44059.0,125000.0,100
Luca Rossettini,Torino,60128.0,400000.0,100
Giuseppe Bellusci,Empoli,57354.0,250000.0,100
Juan Jesus,Roma,121985.0,1500000.0,100
Leonardo Spinazzola,Atalanta,118689.0,3500000.0,100
Bruno Alves,Cagliari,1083247.0,250000.0,100
Gian Marco Ferrari,Crotone,277167.0,1400000.0,100
Gustavo Gómez,Milan,215390.0,3500000.0,100
Carlos Sánchez,Fiorentina,803608.0,3000000.0,100
Bartosz Salamon,Cagliari,71019.0,400000.0,100
Bruno Peres,Roma,148751.0,1000000.0,100
Alessandro Bastoni,Atalanta,315853.0,65000000.0,100
Gabriele Angella,Udinese,86793.0,200000.0,100
Hugo Campagnaro,Pescara,21782.0,100000.0,100
Filip Helander,Bologna,198067.0,500000.0,100
Lucas Orbán,Genoa,110309.0,200000.0,100
Luca Ceppitelli,Cagliari,102745.0,600000.0,100
Claiton,Crotone,139169.0,75000.0,100
Carlão,Torino,103793.0,250000.0,100
Carlos Salcedo,Fiorentina,256866.0,900000.0,100
Manuel Pasqual,Empoli,23284.0,300000.0,100
Norbert Gyömbér,Pescara,205054.0,800000.0,100
Hrvoje Miličević,Pescara,157167.0,700000.0,100
Vasco Regini,Sampdoria,72274.0,150000.0,100
Mário Rui,Roma,87884.0,3500000.0,100
Hrvoje Milić,Fiorentina,46423.0,300000.0,100
Bastos,Lazio,195810.0,600000.0,100
Leonel Vangioni,Milan,55895.0,100000.0,100
Mauricio Isla,Cagliari,43722.0,425000.0,100
Marco Andreolli,Inter,36356.0,500000.0,100
Vasilis Torosidis,Bologna,24977.0,400000.0,97
Slobodan Rajković,Palermo,35934.0,250000.0,100
Toni Šunjić,Palermo,60790.0,300000.0,100
Thomas Vermaelen,Roma,15904.0,700000.0,100
Noë Dussenne,Crotone,160736.0,300000.0,100
Santiago Gentiletti,Genoa,30782.0,200000.0,100
Andrea Beghetto,Genoa,199941.0,300000.0,100
Nicola Murru,Cagliari,171399.0,1000000.0,100
Bruno Martella,Crotone,164108.0,500000.0,100
Wallace,Lazio,225335.0,1500000.0,100
Djamel Mesbah,Crotone,17735.0,300000.0,100
Senna Miangue,Cagliari,249552.0,450000.0,100
Davide Faraoni,Udinese,73926.0,1500000.0,100
Cristiano Biraghi,Pescara,124555.0,900000.0,100
Davide Biraschi,Genoa,199927.0,400000.0,100
Aleandro Rosi,Crotone,34239.0,150000.0,100
Abdoulay Konko,Atalanta,22139.0,500000.0,100
Fabio Pisacane,Cagliari,101922.0,300000.0,100
Maximiliano Olivera,Fiorentina,179757.0,1500000.0,100
Jordan Lukaku,Lazio,140804.0,275000.0,100
Freddie Veseli,Empoli,111433.0,250000.0,82
Cristian Ansaldi,Inter,55854.0,400000.0,100
Michele Fornasier,Pescara,141654.0,75000.0,100
Trent Sainsbury,Inter,145840.0,200000.0,100
Guglielmo Stendardo,Pescara,22093.0,100000.0,100
Pol Lirola,Sassuolo,298975.0,1500000.0,100
Mario Sampirisi,Crotone,160357.0,750000.0,100
Cristian Dell'Orco,Sassuolo,240244.0,500000.0,100
Arlind Ajeti,Torino,159288.0,600000.0,100
Daniel Pavlović,Sampdoria,19671.0,25000.0,100
Bartosz Bereszyński,Sampdoria,144143.0,400000.0,100
Sebastien De Maio,Fiorentina,56830.0,200000.0,100
Lorenzo De Silvestri,Torino,33571.0,600000.0,100
Roland Sallai,Palermo,332798.0,14000000.0,100
Alessandro Crescenzi,Pescara,96758.0,150000.0,100
Hans Hateboer,Atalanta,275303.0,1800000.0,100
Haitam Aleesami,Palermo,230166.0,225000.0,100
Andrea Coda,Pescara,28833.0,25000.0,100
Marco Capuano,Cagliari,164091.0,250000.0,100
Gabriel Silva,Udinese,627224.0,7000000.0,100
Timo Letschert,Sassuolo,231378.0,600000.0,100
Dario Župarić,Pescara,165381.0,1500000.0,100
Davide Vitturini,Pescara,267101.0,200000.0,100
Nicolò Fazzi,Crotone,197744.0,150000.0,100
Kevin Diks,Fiorentina,335209.0,5000000.0,100
Franjo Prce,Lazio,240260.0,300000.0,100
Giuseppe Cuomo,Crotone,365565.0,500000.0,100
Miralem Pjanić,Juventus,44162.0,1500000.0,100
Éver Banega,Inter,12249.0,400000.0,100
Suso,Milan,111961.0,4000000.0,100
Leandro Paredes,Roma,166237.0,5000000.0,100
Dani Alves,Juventus,15951.0,1000000.0,100
Adem Ljajić,Torino,69374.0,400000.0,100
Federico Viviani,Bologna,165900.0,250000.0,100
Filippo Melegoni,Atalanta,315862.0,1200000.0,100
Luca Cigarini,Sampdoria,33218.0,300000.0,100
Iago Falque,Torino,59340.0,250000.0,100
Gastón Brugman,Pescara,131109.0,2000000.0,100
Luis Alberto,Lazio,128220.0,11000000.0,100
Simone Verdi,Bologna,130360.0,500000.0,100
José Sosa,Milan,20137.0,50000.0,100
Roberto Gagliardini,Inter,197471.0,1300000.0,100
Blerim Džemaili,Bologna,9967.0,100000.0,100
Davide Di Gennaro,Cagliari,52136.0,150000.0,100
Panagiotis Tachtsidis,Cagliari,62415.0,300000.0,100
Piotr Zieliński,Napoli,181136.0,10000000.0,100
João Mário,Inter,537602.0,8000000.0,100
Lucas Torreira,Sampdoria,318077.0,10000000.0,100
Seko Fofana,Udinese,182893.0,8000000.0,100
Miguel Veloso,Genoa,43848.0,500000.0,100
Sven Kums,Udinese,42735.0,300000.0,100
Alessandro Diamanti,Palermo,23197.0,200000.0,100
Fabio Depaoli,Chievo,324282.0,3000000.0,100
Mirko Valdifiori,Torino,84903.0,100000.0,100
Jakub Jankto,Udinese,319160.0,800000.0,100
Matías Fernández,Milan,707153.0,3000000.0,100
Amadou Diawara,Napoli,355501.0,1500000.0,100
Alberto Aquilani,Sassuolo,5957.0,700000.0,100
Tomás Rincón,Juventus,75942.0,100000.0,100
Eddy Gnahoré,Crotone,168933.0,600000.0,100
Rodrigo De Paul,Udinese,255901.0,14000000.0,100
Lucas Evangelista,Udinese,270188.0,4000000.0,100
Robert Murić,Pescara,226085.0,1800000.0,100
Ladislav Krejčí,Bologna,345911.0,22000000.0,100
Alessandro Gazzi,Palermo,28827.0,100000.0,100
Clément Grenier,Roma,72479.0,800000.0,100
Omar El Kaddouri,Empoli,73097.0,600000.0,100
Franck Kessié,Atalanta,294808.0,12000000.0,100
Nikola Ninković,Genoa,168944.0,350000.0,100
Danilo Cataldi,Genoa,199733.0,3500000.0,100
Bruno Fernandes,Sampdoria,240306.0,35000000.0,100
Lucas Ocampos,Milan,189441.0,4000000.0,100
Bruno Henrique,Palermo,353108.0,750000.0,100
Rolando Mandragora,Juventus,308279.0,9000000.0,100
Mirko Eramo,Sampdoria,61783.0,200000.0,100
Saša Lukić,Torino,245056.0,10000000.0,100
Stefano Sensi,Sassuolo,216179.0,1200000.0,100
Marko Rog,Napoli,317482.0,250000.0,100
Bryan Cristante,Atalanta,199248.0,7000000.0,100
Karol Linetty,Sampdoria,225873.0,1200000.0,100
Miha Zajc,Empoli,149829.0,1200000.0,100
Federico Di Francesco,Bologna,38607.0,1400000.0,100
Isaac Cofie,Genoa,99327.0,200000.0,100
Adel Taarabt,Genoa,45287.0,1000000.0,100
Edenilson,Genoa,169052.0,250000.0,100
Luca Mazzitelli,Sassuolo,226025.0,1200000.0,100
Riccardo Saponara,Fiorentina,88909.0,700000.0,100
Ledian Memushaj,Pescara,139634.0,350000.0,100
Dennis Praet,Sampdoria,129588.0,1500000.0,100
Alessandro Deiola,Cagliari,235931.0,1500000.0,100
Alberto Grassi,Atalanta,197473.0,1400000.0,100
Paolo Faragò,Cagliari,167796.0,700000.0,100
Lorenzo Crisetig,Crotone,110928.0,500000.0,100
Alessandro Murgia,Lazio,289061.0,650000.0,100
Andrija Balić,Udinese,316111.0,500000.0,100
Serge Gakpé,Chievo,36293.0,100000.0,100
Panagiotis Kone,Udinese,19636.0,800000.0,100
Nicolò Barella,Cagliari,255942.0,50000000.0,100
Jonathan de Guzmán,Chievo,31067.0,50000.0,100
Mario Pašalić,Milan,205938.0,6000000.0,100
Luca Crecco,Lazio,228604.0,300000.0,100
Bryan Cabezas,Atalanta,312735.0,200000.0,100
Roberto Biancu,Cagliari,396681.0,200000.0,100
Alessandro Bruno,Pescara,77910.0,75000.0,100
Oscar Hiljemark,Genoa,158810.0,1000000.0,100
José Mauri,Empoli,240958.0,375000.0,100
Andrea Barberis,Crotone,146680.0,800000.0,100
Ádám Nagy,Bologna,368559.0,1200000.0,100
Leonardo Capezzi,Crotone,84442.0,350000.0,100
Federico Ricci,Sassuolo,198086.0,400000.0,100
Ahmad Benali,Pescara,121402.0,900000.0,100
Federico Dimarco,Empoli,198116.0,50000000.0,100
Andrés Tello,Empoli,331389.0,500000.0,100
Daniele Dessena,Cagliari,29962.0,300000.0,100
Marcus Rohdén,Crotone,205809.0,750000.0,100
Antonio Barreca,Torino,241889.0,800000.0,100
Sebastián Cristóforo,Fiorentina,188157.0,800000.0,100
Simone Padoin,Cagliari,56703.0,325000.0,100
Matheus Pereira da Silva,Empoli,225984.0,14000000.0,100
Ewandro Costa,Udinese,288499.0,650000.0,100
Aniello Salzano,Crotone,195199.0,125000.0,100
Adrian Stoian,Crotone,96853.0,75000.0,100
Francesco Zampano,Pescara,216872.0,800000.0,100
Sulley Muntari,Pescara,17129.0,50000.0,100
Valerio Verre,Pescara,162961.0,1400000.0,100
Cristiano Lombardi,Lazio,240349.0,100000.0,100
Samuel Bastien,Chievo,289510.0,300000.0,100
Filip Đuričić,Sampdoria,94307.0,800000.0,92
Leonardo Morosini,Genoa,240415.0,200000.0,100
Artur Ioniță,Cagliari,98888.0,200000.0,100
Gerson,Roma,341705.0,18000000.0,100
Mariano Julio Izco,Chievo,54155.0,300000.0,100
Aleksandar Tonev,Crotone,87282.0,325000.0,100
Emanuele Giaccherini,Napoli,84835.0,75000.0,100
Ćazim Suljić,Crotone,348431.0,200000.0,100
Sofian Kiyine,Chievo,393804.0,450000.0,100
Gianni Munari,Cagliari,22598.0,100000.0,100
Luca Bittante,Cagliari,163062.0,200000.0,100
Grigoris Kastanos,Pescara,298635.0,1300000.0,100
Moritz Leitner,Lazio,82243.0,200000.0,100
Assane Gnoukouri,Udinese,,,0
Gennaro Ruggiero,Palermo,392514.0,25000.0,100
Samuel Gustafson,Torino,255473.0,1400000.0,100
Ouasim Bouy,Palermo,126412.0,250000.0,100
Vittorio Parigini,Chievo,238981.0,600000.0,100
Mamadou Coulibaly,Pescara,745173.0,15000000.0,100
Andrés Cubas,Pescara,323872.0,4500000.0,100
Joshua Pérez,Fiorentina,351506.0,150000.0,100
Marko Pajač,Cagliari,190634.0,200000.0,100
Giuseppe Borello,Crotone,373379.0,150000.0,100
Gonzalo Higuaín,Juventus,39153.0,1000000.0,100
Ciro Immobile,Lazio,105521.0,1800000.0,100
Gerard Deulofeu,Milan,129476.0,1000000.0,100
Gianluca Caprari,Pescara,146752.0,4000000.0,100
Andrea Petagna,Atalanta,199258.0,500000.0,100
Antonio Candreva,Inter,25488.0,1000000.0,100
João Pedro,Cagliari,626724.0,80000000.0,100
Ianis Hagi,Fiorentina,282076.0,1800000.0,100
Gianluca Lapadula,Milan,130394.0,400000.0,100
Jean-Christophe Bahebeck,Pescara,164897.0,250000.0,100
Diego Falcinelli,Crotone,119115.0,800000.0,100
Antonino Ragusa,Sassuolo,102470.0,350000.0,100
Marco Borriello,Cagliari,5825.0,400000.0,100
Diego Farias,Cagliari,83877.0,350000.0,100
Ilija Nestorovski,Palermo,54581.0,150000.0,100
Patrik Schick,Sampdoria,242086.0,18000000.0,100
Andrea Pinamonti,Inter,315865.0,15000000.0,100
Andrea Nalini,Crotone,278578.0,150000.0,100
Federico Melchiorri,Cagliari,46060.0,300000.0,100
Marcello Trotta,Crotone,129505.0,300000.0,100
João Mário Lopes,Napoli,537602.0,8000000.0,100
Gabriel Barbosa,Inter,244275.0,3000000.0,100
Bruno Petković,Bologna,256358.0,1500000.0,100
Han Kwang-song,Cagliari,402193.0,400000.0,100
Leonardo Pavoletti,Napoli,64793.0,600000.0,100
Marco Sau,Cagliari,55801.0,150000.0,100
Alberto Cerri,Pescara,197751.0,600000.0,100
Giovanni Simeone,Genoa,282388.0,7000000.0,100
Federico Chiesa,Fiorentina,341092.0,13000000.0,100
Juan Iturbe,Torino,81455.0,1000000.0,100
Guido Marilungo,Empoli,61786.0,50000.0,100
Orji Okwonkwo,Bologna,401935.0,1300000.0,100
Pietro Iemmello,Sassuolo,62735.0,900000.0,100
Moise Kean,Juventus,364135.0,32000000.0,100
Stefano Pettinari,Pescara,130369.0,300000.0,100
Raffaele Palladino,Genoa,28855.0,75000.0,100
Mame Thiam,Empoli,163053.0,1200000.0,100
Pietro Pellegri,Genoa,364133.0,3000000.0,100
Boadu Maxwell Acosty,Crotone,4317.0,1000000.0,100
Ante Budimir,Sampdoria,46413.0,2800000.0,100
Alessandro Matri,Sassuolo,40660.0,300000.0,100
Umar Sadiq,Bologna,337715.0,4000000.0,100
Mauricio Pinilla,Genoa,6160.0,300000.0,100
Rey Manaj,Pescara,308278.0,1800000.0,100
Simeon Nwankwo,Crotone,,,0
Lucas Boyé,Torino,334222.0,5000000.0,100
Alexandru Mitriță,Pescara,209649.0,3500000.0,100
Simone Lo Faso,Palermo,349719.0,50000.0,100
Anthony Mounier,Atalanta,57110.0,100000.0,100
Mattia Aramu,Torino,200188.0,1300000.0,100
Pietro De Giorgio,Crotone,102750.0,25000.0,100
Nunzio Di Roberto,Crotone,86074.0,200000.0,100
Federico Serra,Cagliari,976207.0,450000.0,100
Alessandro Rossi,Lazio,339782.0,50000.0,100
Simone Pepe,Pescara,17249.0,200000.0,100
Carlos Embalo,Palermo,275682.0,200000.0,100
Adalberto Peñaranda,Udinese,308801.0,400000.0,100
Niccolò Giannetti,Cagliari,99235.0,100000.0,100
Alberto Paloschi,Atalanta,68306.0,500000.0,100
Alberto Gilardino,Pescara,5878.0,200000.0,100
Víctor Ibarbo,Cagliari,92141.0,125000.0,100
Marko Pjaca,Juventus,205940.0,1500000.0,100
Aleksandar Pešić,Atalanta,73457.0,2500000.0,100
Stefan Silva,Palermo,208905.0,100000.0,100
Emanuel Vignato,Chievo,394346.0,1100000.0,100
Andrej Kotnik,Crotone,382007.0,350000.0,100
Lamin Jallow,Chievo,337310.0,250000.0,100
Jan Mlakar,Fiorentina,309180.0,2800000.0,100
Patrick Cutrone,Milan,265078.0,5000000.0,100
Arnel Jakupović,Empoli,268426.0,800000.0,100
Mamadou Tounkara,Lazio,820070.0,400000.0,100
Anthony Maisonnial,Saint-Étienne,324829.0,300000.0,100
Benjamin Leroy,Dijon,124901.0,100000.0,100
Romain Salin,Guingamp,23974.0,150000.0,100
Walter Benítez,Nice,296802.0,4000000.0,100
Eiji Kawashima,Metz,77383.0,150000.0,100
Matthieu Dreyer,Caen,57134.0,150000.0,100
Baptiste Reynet,Dijon,190786.0,450000.0,100
Sergey Chernik,Nancy,129561.0,75000.0,100
Guy N'Dy Assembé,Nancy,53306.0,75000.0,96
Thomas Didillon,Metz,184299.0,300000.0,100
Alphonse Aréola,Paris S-G,120629.0,4000000.0,100
Karl-Johan Johnsson,Guingamp,112822.0,200000.0,100
Mathieu Michel,Angers,193142.0,400000.0,100
Seydou Sy,Monaco,333694.0,200000.0,100
Paul Charruau,Bastia,170968.0,150000.0,100
Jessy Moulin,Saint-Étienne,33925.0,200000.0,100
Loïc Badiashile,Monaco,342202.0,100000.0,100
Paul Delecroix,Lorient,81543.0,150000.0,100
Théo Guivarch,Guingamp,358505.0,300000.0,100
David Oberhauser,Metz,130110.0,250000.0,100
Morgan De Sanctis,Monaco,5880.0,250000.0,100
Paul Reulet,Caen,170979.0,300000.0,100
Alexis Thébaux,Bastia,22396.0,400000.0,100
Jorge,Monaco,345084.0,1100000.0,100
Fernando Marçal,Guingamp,51174.0,2000000.0,100
Marcel Tisserand,Monaco,170463.0,1000000.0,100
Christopher Jullien,Toulouse,201737.0,2500000.0,100
Abdou Diallo,Monaco,229005.0,9000000.0,100
Kamil Glik,Monaco,46552.0,50000.0,100
Emanuel Mammana,Lyon,275512.0,2500000.0,100
Thomas Meunier,Paris S-G,100986.0,1500000.0,100
Mouctar Diakhaby,Lyon,346289.0,1500000.0,100
Clément Lenglet,Nancy,182904.0,4000000.0,100
Rod Fanni,Marseille,5477.0,100000.0,100
Dante,Nice,16136.0,500000.0,100
Jérémy Toulalan,Bordeaux,5513.0,2000000.0,100
Jordan Lotiès,Dijon,49804.0,150000.0,100
Malang Sarr,Nice,344596.0,20000000.0,100
Vincent Muratori,Nancy,56802.0,325000.0,100
Michael Ciani,Lorient,12906.0,400000.0,100
Tobias Badila,Nancy,205497.0,400000.0,100
Igor Lewczuk,Bordeaux,63265.0,200000.0,100
Nicolas Nkoulou,Lyon,99523.0,100000.0,100
Mehdi Tahrat,Angers,238584.0,300000.0,100
Diego Carlos,Nantes,329145.0,5000000.0,100
Dušan Veškovac,Toulouse,28705.0,200000.0,100
Léo Lacroix,Saint-Étienne,149652.0,500000.0,100
Quentin Bernard,Dijon,98262.0,350000.0,100
Hiroki Sakai,Marseille,83002.0,400000.0,100
Yrondu Musavu-King,Toulouse,170994.0,250000.0,100
Arnaud Souquet,Nice,111058.0,1500000.0,100
Simon Falette,Metz,170927.0,100000.0,100
Ramy Bensebaini,Rennes,284732.0,7000000.0,100
Tomáš Hubočan,Marseille,63252.0,150000.0,100
Dória,Marseille,213841.0,1000000.0,100
Júnior Alonso,Lille,273000.0,1500000.0,100
Mathieu Peybernes,Lorient,111026.0,500000.0,100
Yunis Abdelhamid,Dijon,199704.0,350000.0,100
Patrice Evra,Marseille,5285.0,1000000.0,100
Cédric Varrault,Dijon,5543.0,250000.0,100
Abdoulaye Bamba,Angers,62351.0,200000.0,100
Dalbert Henrique,Nice,312862.0,1000000.0,100
Nicolas Saint-Ruf,Bastia,170962.0,300000.0,100
Nordi Mukiele,Montpellier,348026.0,16000000.0,100
Lukáš Pokorný,Montpellier,279529.0,150000.0,100
Erick Cabaco,Nancy,302991.0,1000000.0,100
Fouad Chafik,Dijon,216499.0,50000.0,100
Joffrey Cuffaut,Nancy,109720.0,300000.0,100
Djibril Sidibé,Monaco,161869.0,1000000.0,100
Lucas Lima,Nantes,182323.0,300000.0,100
Ádám Lang,Dijon,168088.0,700000.0,100
Clément Michelin,Toulouse,318520.0,1200000.0,100
Issa Cissokho,Angers,183494.0,300000.0,100
Iván Balliu,Metz,85295.0,1000000.0,100
Guido Milan,Metz,68868.0,50000.0,100
Frederic Guilbert,Caen,354352.0,800000.0,100
Youssouf Sabaly,Bordeaux,135492.0,2500000.0,100
Mickael Nade,Saint-Étienne,494586.0,2000000.0,100
Benjamin Mendy,Monaco,157495.0,400000.0,100
Mathieu Bodmer,Guingamp,27305.0,250000.0,100
Pablo Martinez,Angers,568835.0,3000000.0,100
Cheikh M'Bengue,Saint-Étienne,56795.0,400000.0,100
Michaël Chrétien,Nancy,579207.0,200000.0,100
Vukašin Jovanović,Bordeaux,264140.0,600000.0,100
Julian Palmieri,Lille,45237.0,325000.0,100
Benoît Assou-Ekotto,Metz,18310.0,1000000.0,100
Théo Pellenard,Bordeaux,238716.0,500000.0,100
Jordan Ikoko,Guingamp,157491.0,350000.0,100
Abdelhamid El Kaoutari,Bastia,74615.0,200000.0,100
Vincent Rüfli,Dijon,23874.0,50000.0,100
Dimitri Cavaré,Rennes,278553.0,175000.0,100
Afonso Figueiredo,Rennes,237000.0,175000.0,100
Milan Biševac,Metz,24661.0,150000.0,100
Kelvin Amian,Toulouse,344072.0,2000000.0,100
Valentin Rosier,Dijon,441170.0,3000000.0,100
Fallou Diagne,Metz,82389.0,200000.0,100
Oussama Haddadi,Dijon,191407.0,700000.0,100
Maciej Rybus,Lyon,59597.0,150000.0,100
Pierre Bengtsson,Bastia,50577.0,200000.0,100
Jonathan Rivierez,Metz,98274.0,200000.0,100
Thibaut Vion,Metz,188501.0,600000.0,100
Romain Genevois,Caen,57525.0,1000000.0,100
Prince Oniangué,Bastia,60578.0,250000.0,100
Lindsay Rose,Bastia,135490.0,125000.0,100
Mateo Pavlović,Angers,69436.0,400000.0,100
Steven Moreira,Lorient,203517.0,1500000.0,100
Hamza Mendyl,Lille,447221.0,800000.0,100
Ben Kantie Karamoko,Saint-Étienne,290549.0,300000.0,100
Nicolas Basin,Metz,365952.0,50000.0,100
Henri Bedimo,Marseille,6803.0,400000.0,100
Bryan Passi,Montpellier,411416.0,600000.0,100
Patrick Burner,Nice,444725.0,700000.0,100
Anthony Vanden Borre,Montpellier,15844.0,100000.0,100
Ermir Lenjani,Rennes,66052.0,175000.0,100
Cédric Mongongu,Montpellier,44417.0,200000.0,100
Arnold Bouka Moutou,Dijon,57358.0,150000.0,100
Franck Signorino,Metz,12101.0,250000.0,100
Issiaga Sylla,Toulouse,220878.0,700000.0,100
Gabriel Magalhães,Lille,435338.0,75000000.0,100
Jordy Gaspar,Lyon,353395.0,900000.0,100
Mouhamadou Dabo,Caen,33914.0,500000.0,100
Morgan Poaty,Montpellier,272640.0,800000.0,100
Dimitri Payet,Marseille,37647.0,1800000.0,100
Wylan Cyprien,Nice,182889.0,1100000.0,100
Julian Draxler,Paris S-G,85148.0,5000000.0,100
Giovani Lo Celso,Paris S-G,348795.0,8000000.0,100
William Vainqueur,Marseille,47893.0,400000.0,100
Mehdi Abeid,Dijon,111036.0,1000000.0,100
Ibrahim Sangaré,Toulouse,375885.0,20000000.0,100
Kévin N'Doram,Monaco,342209.0,1000000.0,100
Valentin Eysseric,Nice,126687.0,1000000.0,100
Flavien Tait,Angers,202278.0,300000.0,100
Benoît Pedretti,Nancy,5406.0,250000.0,100
Jordan Veretout,Saint-Étienne,164771.0,3500000.0,100
Grégory Sertic,Marseille,81386.0,650000.0,100
Stéphane Sessègnon,Montpellier,37157.0,50000.0,100
Maxime Lopez,Marseille,290862.0,5000000.0,100
Younousse Sankharé,Bordeaux,55409.0,200000.0,100
Pierre Lees-Melou,Dijon,377393.0,4500000.0,100
Sanjin Prcić,Rennes,125783.0,1200000.0,100
Renaud Cohade,Metz,18955.0,400000.0,100
Grzegorz Krychowiak,Paris S-G,45184.0,5000000.0,100
Faitout Maouassa,Nancy,357072.0,4000000.0,100
Frédéric Sammaritano,Dijon,80173.0,200000.0,100
Modou Diagne,Nancy,256902.0,300000.0,100
Xeka,Lille,290256.0,800000.0,100
Younès Belhanda,Nice,118022.0,1500000.0,100
Baissama Sankoh,Guingamp,171557.0,300000.0,100
Baptiste Santamaria,Angers,285323.0,2500000.0,100
Amine Bassi,Nancy,506009.0,2500000.0,100
Hicham Mahou,Nice,344610.0,1000000.0,100
Étienne Didot,Guingamp,5672.0,250000.0,100
Alou Diarra,Nancy,1327.0,250000.0,100
Henri Saivet,Saint-Étienne,51540.0,500000.0,100
Youssef Aït Bennasser,Nancy,265569.0,800000.0,100
Julien Cétout,Nancy,77348.0,50000.0,100
Naïm Sliti,Lille,184491.0,4500000.0,100
Arnold Mvuemba,Lorient,20622.0,200000.0,100
Issiar Dia,Nancy,43942.0,50000.0,100
Clément Chantôme,Rennes,43458.0,700000.0,100
Lucas Deaux,Guingamp,57372.0,250000.0,100
Georges Mandjeck,Metz,52112.0,200000.0,100
Morgan Sanson,Marseille,174094.0,3500000.0,100
James Lea Siliki,Rennes,346291.0,900000.0,100
Hatem Ben Arfa,Paris S-G,18900.0,200000.0,100
Amine Harit,Nantes,372711.0,5000000.0,100
Yves Bissouma,Lille,410425.0,10000000.0,100
Yacouba Sylla,Montpellier,160080.0,150000.0,100
Cheick Doukouré,Metz,129679.0,400000.0,100
Kwon Chang-hoon,Dijon,259350.0,300000.0,100
Jessy Pi,Toulouse,170460.0,400000.0,100
Loïc Puyo,Nancy,170916.0,200000.0,100
Adama Diakhaby,Rennes,453594.0,600000.0,100
Mohamed Mara,Lorient,291128.0,150000.0,100
Yann Jouffre,Metz,12508.0,1000000.0,100
Chris Philipps,Metz,117509.0,125000.0,100
Florent Balmont,Dijon,5348.0,250000.0,100
Mattéo Guendouzi,Lorient,465830.0,27000000.0,100
Mounir Obbadi,Nice,29311.0,300000.0,100
Jimmy Durmaz,Toulouse,80205.0,200000.0,100
Ricardo Kishna,Lille,159026.0,350000.0,100
Bassem Srarfi,Nice,401836.0,300000.0,100
Arnaud Lusamba,Nice,272631.0,800000.0,100
Marvin Martin,Dijon,77834.0,300000.0,100
Adrien Hunou,Rennes,203507.0,300000.0,100
Jordan Marié,Dijon,231025.0,450000.0,100
Johan Gastien,Dijon,72121.0,500000.0,100
Geoffrey Acheampong,Bastia,451848.0,150000.0,100
Vincent Marchetti,Nancy,374040.0,1500000.0,100
Diallo Guidileye,Nancy,66791.0,275000.0,100
Steed Malbranque,Caen,3569.0,200000.0,100
Romain Amalfitano,Dijon,137841.0,300000.0,100
Cafú,Lorient,203655.0,250000.0,100
Jamel Saihi,Angers,57449.0,1000000.0,100
Kévin Lejeune,Metz,33847.0,325000.0,100
Dylan Bahamboula,Dijon,290928.0,325000.0,100
Saîf-Eddine Khaoui,Marseille,270411.0,2000000.0,100
Thievy Bifouma,Bastia,181477.0,200000.0,100
Opa Nguette,Metz,205587.0,1500000.0,100
Dodi Lukebakio,Toulouse,303259.0,15000000.0,100
Gauthier Hein,Metz,344892.0,5000000.0,100
Sérgio Oliveira,Nantes,112465.0,2500000.0,100
Jérémie Bela,Dijon,170966.0,600000.0,100
Alhassan Wakaso,Lorient,168536.0,150000.0,100
Habib Maïga,Saint-Étienne,293944.0,2500000.0,100
Serge N'Guessan,Nancy,263294.0,200000.0,100
Florent Mollet,Metz,222859.0,300000.0,100
Gonçalo Guedes,Paris S-G,225122.0,6000000.0,100
Alexis Busin,Nancy,270646.0,200000.0,100
Vincent Marcel,Nice,453597.0,350000.0,100
Bryan Dabo,Saint-Étienne,149446.0,500000.0,100
Morgan Amalfitano,Rennes,39883.0,500000.0,100
Matthieu Udol,Metz,344886.0,8000000.0,100
Kenny Rocha Santos,Saint-Étienne,476527.0,600000.0,100
Alexander Kačaniklić,Nantes,51040.0,250000.0,100
Farid Boulaya,Bastia,202318.0,800000.0,100
Felipe Pardo,Nantes,76924.0,100000.0,100
Anthony Belmonte,Dijon,231916.0,300000.0,100
Killian Sanson,Montpellier,411379.0,200000.0,100
Zaydou Youssouf,Bordeaux,471582.0,6000000.0,100
Zinédine Machach,Marseille,146143.0,300000.0,100
Aldo Kalulu,Rennes,292822.0,1500000.0,100
Nicolaj Thomsen,Nantes,201497.0,100000.0,100
Keagan Dolly,Montpellier,234006.0,150000.0,100
Jorginho,Saint-Étienne,102017.0,4000000.0,100
Vincent Thill,Metz,316760.0,350000.0,100
Alexis Mane,Guingamp,272633.0,150000.0,100
Houssem Aouar,Lyon,395693.0,8000000.0,100
Hamidou Keyta,Saint-Étienne,419293.0,300000.0,100
Faïz Selemani,Lorient,352017.0,1000000.0,100
Mathieu Cafaro,Toulouse,399383.0,1500000.0,100
Youssef Maziz,Metz,481116.0,1000000.0,100
Farès Bahlouli,Lille,190333.0,300000.0,100
Lamine Ghezali,Saint-Étienne,413033.0,350000.0,100
Lorenzo Callegari,Paris S-G,362344.0,250000.0,100
Radamel Falcao,Monaco,39152.0,50000.0,100
Bafetimbi Gomis,Marseille,22388.0,650000.0,100
Mario Balotelli,Nice,45146.0,650000.0,100
Sylvain Marveaux,Lorient,39909.0,200000.0,100
Karl Toko Ekambi,Angers,315110.0,5000000.0,100
Nicolas de Préville,Lille,122116.0,400000.0,100
Memphis,Lyon,167850.0,7000000.0,100
Cheick Diabaté,Metz,78082.0,300000.0,100
Lois Diony,Dijon,126552.0,1500000.0,100
Préjuce Nakoulma,Nantes,69246.0,350000.0,100
Ivan Santini,Caen,45832.0,100000.0,100
Júlio Tavares,Dijon,216426.0,500000.0,100
Andy Delort,Toulouse,122797.0,1500000.0,100
Dylan Saint-Louis,Saint-Étienne,355370.0,500000.0,100
Valère Germain,Monaco,60540.0,1500000.0,100
Anastasios Donis,Nice,243606.0,500000.0,100
François Kamano,Bordeaux,333802.0,1200000.0,100
Enzo Crivelli,Bastia,291110.0,900000.0,100
Jonathan Bamba,Angers,292818.0,3500000.0,100
Famara Diedhiou,Angers,237125.0,500000.0,100
Irvin Cardona,Monaco,342226.0,2500000.0,100
Mariusz Stępiński,Nantes,210363.0,500000.0,100
Allan Saint-Maximin,Bastia,272642.0,10000000.0,100
Maurice Dalé,Nancy,75645.0,300000.0,100
Nicolas Pépé,Angers,343052.0,6000000.0,100
Ola Toivonen,Toulouse,36500.0,300000.0,100
Corentin Jean,Toulouse,20463.0,1000000.0,100
Jérémy Ménez,Bordeaux,16993.0,400000.0,100
Ndombe Mubele,Rennes,,,0
Pierre-Yves Hamel,Lorient,203504.0,300000.0,100
Youssouf Hadji,Nancy,5345.0,250000.0,100
Martin Terrier,Lille,442891.0,8000000.0,100
Alexandre Mendy,Guingamp,290561.0,3500000.0,100
Jesé,Paris S-G,134936.0,1000000.0,100
Clinton N'Jie,Marseille,241119.0,950000.0,100
Anthony Robic,Nancy,39924.0,150000.0,100
Mevlüt Erdinç,Metz,38360.0,50000.0,100
Jonathan Ikone,Montpellier,324690.0,4000000.0,100
Alexandre Llovet,Montpellier,411424.0,175000.0,100
Boris Mathis,Metz,500087.0,200000.0,100
Aaron Leya Iseka,Marseille,289587.0,400000.0,100
Isaac Mbenza,Montpellier,260806.0,350000.0,100
Habib Diallo,Metz,344888.0,4000000.0,100
Yohann Rivière,Dijon,15788.0,250000.0,100
Pape Sane,Caen,182312.0,300000.0,100
Karim Coulibaly,Nancy,1084638.0,28000000.0,100
Jérémie Aliadière,Lorient,3266.0,500000.0,100
Fernando Aristeguieta,Nantes,140126.0,1000000.0,100
Ismaila Sarr,Metz,410225.0,40000000.0,100
Yann Karamoh,Caen,324804.0,1000000.0,100
Odsonne Édouard,Toulouse,344152.0,12000000.0,100
Jean-Philippe Mateta,Lyon,420002.0,30000000.0,100
Anthony Koura,Nancy,127098.0,300000.0,100
Kévin Bérigaud,Angers,98351.0,100000.0,100
Jordan Tell,Caen,272644.0,600000.0,100
Arnaud Nordin,Saint-Étienne,324811.0,4000000.0,100
Christophe Mandanne,Nancy,23952.0,400000.0,100
Lenny Nangis,Bastia,157500.0,300000.0,100
Anwar El Ghazi,Lille,183720.0,2500000.0,100
Dickson Nwakaeme,Angers,118078.0,300000.0,100
Jerson Cabral,Bastia,126413.0,200000.0,100
Yoane Wissa,Angers,388165.0,25000000.0,100
Quentin Depehi,Toulouse,,,0
Moussa Seydi,Metz,410237.0,75000.0,100
Exauce NGassaki,Caen,489971.0,150000.0,100
Paulo Gazzaniga,Tottenham,195488.0,1800000.0,100
Nick Pope,Burnley,192080.0,5000000.0,100
Ederson,Manchester City,238223.0,10000000.0,100
Martin Dúbravka,Newcastle Utd,74960.0,500000.0,100
Eldin Jakupović,Leicester City,2857.0,100000.0,100
Mathew Ryan,Brighton,128969.0,1800000.0,100
Jordan Pickford,Everton,130164.0,13000000.0,100
Asmir Begović,Bournemouth,33873.0,200000.0,100
Willy Caballero,Chelsea,19948.0,150000.0,100
Jonas Lössl,Huddersfield,48870.0,50000.0,100
Alex McCarthy,Southampton,95976.0,300000.0,100
Joe Hart,West Ham,40204.0,500000.0,100
Orestis Karnezis,Watford,16408.0,500000.0,100
Ben Hamer,Leicester City,67283.0,200000.0,100
Aaron Wan-Bissaka,Crystal Palace,477758.0,15000000.0,100
Jesús Gámez,Newcastle Utd,29055.0,2000000.0,100
Serge Aurier,Tottenham,127032.0,3700000.0,100
Virgil van Dijk,Liverpool,139208.0,15000000.0,100
Oleksandr Zinchenko,Manchester City,203853.0,8000000.0,100
Andrew Robertson,Liverpool,234803.0,7000000.0,100
Christopher Schindler,Huddersfield,57842.0,500000.0,100
Shane Duffy,Brighton,119269.0,2000000.0,100
Lewis Dunk,Brighton,148153.0,3500000.0,100
Danilo,Manchester City,808509.0,32000000.0,100
Aymeric Laporte,Manchester City,176553.0,8000000.0,100
Kurt Zouma,Stoke City,157509.0,25000000.0,100
Andreas Christensen,Chelsea,196948.0,8000000.0,100
Kyle Walker,Manchester City,95424.0,1500000.0,100
Terence Kongolo,Huddersfield,152651.0,900000.0,100
Harry Maguire,Leicester City,177907.0,8000000.0,100
Davinson Sánchez,Tottenham,341429.0,16000000.0,100
Kyle Walker-Peters,Tottenham,341051.0,12000000.0,100
Antonio Rüdiger,Chelsea,86202.0,6000000.0,100
Florian Lejeune,Newcastle Utd,127108.0,1800000.0,100
Ahmed Hegazi,West Brom,111524.0,900000.0,91
Wesley Hoedt,Southampton,253765.0,1200000.0,100
Nathan Aké,Bournemouth,177476.0,12000000.0,100
Cuco Martina,Everton,91251.0,250000.0,100
Benjamin Mendy,Manchester City,157495.0,400000.0,100
Victor Lindelöf,Manchester Utd,184573.0,5000000.0,100
Michael Keane,Everton,118534.0,3000000.0,100
Kiko Femenía,Watford,76467.0,700000.0,100
Phil Bardsley,Burnley,15773.0,75000.0,100
Bruno,Brighton,367255.0,900000.0,100
Sead Kolašinac,Arsenal,94005.0,4000000.0,100
Aleksandar Dragović,Leicester City,59032.0,600000.0,100
Ciaran Clark,Newcastle Utd,98240.0,600000.0,100
Connor Roberts,Swansea City,214666.0,1500000.0,100
Lasse Sørensen,Stoke City,357967.0,500000.0,96
Kostas Stafylidis,Stoke City,148967.0,1000000.0,85
Kieran Gibbs,West Brom,44792.0,500000.0,100
Mathias Jørgensen,Huddersfield,542796.0,2500000.0,100
Tom Edwards,Stoke City,430788.0,1200000.0,100
Emerson Palmieri,Chelsea,181778.0,9000000.0,100
DeAndre Yedlin,Newcastle Utd,255916.0,600000.0,100
Timothy Fosu-Mensah,Crystal Palace,315131.0,800000.0,100
Pablo Zabaleta,West Ham,20007.0,800000.0,100
Charlie Taylor,Burnley,195633.0,2000000.0,100
Marvin Zeegelaar,Watford,92899.0,250000.0,100
Gaëtan Bong,Brighton,36291.0,150000.0,100
Moritz Bauer,Stoke City,159692.0,200000.0,100
Chris Löwe,Huddersfield,55125.0,150000.0,100
Markus Suttner,Brighton,31514.0,400000.0,100
Jan Bednarek,Southampton,243028.0,11000000.0,100
Eliaquim Mangala,Everton,90681.0,150000.0,100
Tommy Smith,Huddersfield,121398.0,700000.0,100
Scott Malone,Huddersfield,101682.0,700000.0,100
Kevin Wimmer,Stoke City,122675.0,500000.0,100
Molla Wagué,Watford,129893.0,250000.0,100
Liam Rosenior,Brighton,15166.0,1000000.0,100
Javier Manquillo,Newcastle Utd,162029.0,1800000.0,100
Connor Goldson,Brighton,163656.0,5000000.0,100
Martin Cranie,Huddersfield,27659.0,250000.0,100
Patrice Evra,West Ham,5285.0,1000000.0,100
Ezequiel Schelotto,Brighton,119164.0,50000.0,100
Uwe Hünemeier,Brighton,10503.0,200000.0,100
Jack Simpson,Bournemouth,419930.0,600000.0,100
Josh Tymon,Stoke City,419929.0,3000000.0,100
Michael Hefele,Huddersfield,102382.0,300000.0,100
Konstantinos Mavropanos,Arsenal,415912.0,18000000.0,100
Mohamed Salah,Liverpool,148455.0,22000000.0,100
Pascal Groß,Brighton,82873.0,2500000.0,100
Henrikh Mkhitaryan,Arsenal,55735.0,3000000.0,100
Nemanja Matić,Manchester Utd,74683.0,1600000.0,100
Alex Oxlade-Chamberlain,Liverpool,143424.0,1000000.0,100
João Mário,West Ham,537602.0,8000000.0,100
Aaron Mooy,Huddersfield,123951.0,3500000.0,100
Callum Hudson-Odoi,Chelsea,392768.0,30000000.0,100
Mario Lemina,Southampton,170934.0,4500000.0,100
Bernardo Silva,Manchester City,241641.0,22000000.0,100
Theo Walcott,Everton,33713.0,1000000.0,100
Will Hughes,Watford,207014.0,5000000.0,100
Badou Ndiaye,Stoke City,211325.0,300000.0,100
Matt Ritchie,Newcastle Utd,92469.0,1000000.0,100
Gylfi Sigurðsson,Everton,90466.0,750000.0,96
Ruben Loftus-Cheek,Crystal Palace,202886.0,8500000.0,100
Anthony Knockaert,Brighton,149237.0,900000.0,100
Kenedy,Newcastle Utd,281404.0,700000.0,100
Charly Musonda Jr.,Chelsea,177862.0,500000.0,100
Dodi Lukebakio,Watford,303259.0,15000000.0,100
Vicente Iborra,Leicester City,65467.0,300000.0,100
Nathaniel Chalobah,Watford,128900.0,1800000.0,100
Alex Pritchard,Huddersfield,200777.0,300000.0,100
Mikel Merino,Newcastle Utd,338424.0,25000000.0,100
Dale Stephens,Brighton,49755.0,600000.0,100
Jonathan Hogg,Huddersfield,61573.0,250000.0,100
Tiemoué Bakayoko,Chelsea,182618.0,800000.0,100
André Carrillo,Watford,135057.0,800000.0,100
Reiss Nelson,Arsenal,340325.0,8000000.0,100
Grzegorz Krychowiak,West Brom,45184.0,5000000.0,100
Mohamed Diamé,Newcastle Utd,70950.0,200000.0,100
Jack Cork,Burnley,40613.0,800000.0,100
Gareth Barry,West Brom,3291.0,325000.0,100
Sam Clucas,Swansea City,122223.0,400000.0,100
Andy King,Swansea City,56872.0,200000.0,100
Davide Zappacosta,Chelsea,173859.0,3500000.0,100
Danny Drinkwater,Chelsea,73491.0,400000.0,100
Phil Foden,Manchester City,406635.0,70000000.0,100
Davy Pröpper,Brighton,79027.0,300000.0,100
Darren Fletcher,Stoke City,3547.0,1000000.0,100
Florent Hadergjonaj,Huddersfield,238809.0,1800000.0,100
Ethan Ampadu,Chelsea,392771.0,30000000.0,100
Rekeem Harper,West Brom,456877.0,400000.0,100
Philip Billing,Huddersfield,320411.0,6000000.0,100
Solly March,Brighton,209212.0,1000000.0,100
Tom Ince,Huddersfield,157368.0,1500000.0,100
Jaïro Riedewald,Crystal Palace,241481.0,1200000.0,100
Danny Williams,Huddersfield,38383.0,475000.0,100
Fousseni Diabaté,Leicester City,364861.0,800000.0,100
Nikola Vlašić,Everton,293200.0,10000000.0,100
Christian Atsu,Newcastle Utd,186997.0,400000.0,100
Isaac Hayden,Newcastle Utd,206225.0,400000.0,100
Renato Sanches,Swansea City,258027.0,2000000.0,100
Hamza Choudhury,Leicester City,341501.0,4000000.0,100
Sandro Ramírez,Everton,199369.0,1500000.0,100
Adrien Silva,Leicester City,56810.0,400000.0,100
Roque Mesa,Swansea City,202984.0,1800000.0,100
Beram Kayal,Brighton,44741.0,300000.0,100
Rajiv van La Parra,Huddersfield,77001.0,250000.0,100
Abdelhamid Sabiri,Huddersfield,340394.0,850000.0,100
Emerson Hyndman,Bournemouth,223047.0,500000.0,100
Joe Willock,Arsenal,340329.0,14000000.0,100
Ross Barkley,Chelsea,131978.0,4000000.0,100
Jamie Murphy,Brighton,51730.0,300000.0,100
Brahim Díaz,Manchester City,314678.0,35000000.0,100
Davy Klaassen,Everton,182932.0,2000000.0,100
Aaron Lennon,Burnley,14221.0,600000.0,100
Izzy Brown,Brighton,245805.0,800000.0,100
Beni Baningime,Everton,399369.0,1500000.0,100
Kasey Palmer,Huddersfield,258216.0,900000.0,100
Joe Lolley,Huddersfield,287167.0,750000.0,100
Georges-Kévin N'Koudou,Burnley,215679.0,3300000.0,100
Dean Whitehead,Huddersfield,13683.0,250000.0,100
Dwight McNeil,Burnley,584769.0,18000000.0,100
Alexis Sánchez,Manchester Utd,40433.0,1200000.0,100
Pierre-Emerick Aubameyang,Arsenal,58864.0,2500000.0,100
Marko Arnautović,West Ham,41384.0,2000000.0,100
Romelu Lukaku,Manchester Utd,96341.0,6000000.0,100
Alexandre Lacazette,Arsenal,93720.0,3500000.0,100
Álvaro Morata,Chelsea,128223.0,6000000.0,100
Cenk Tosun,Everton,45671.0,300000.0,100
Alexander Sørloth,Crystal Palace,238407.0,18000000.0,100
Eric Maxim Choupo-Moting,Stoke City,45660.0,1000000.0,95
Daniel Sturridge,West Brom,47082.0,200000.0,100
Steve Mounié,Huddersfield,238639.0,1500000.0,100
Chris Wood,Burnley,108725.0,5000000.0,100
Javier Hernández,West Ham,422466.0,2000000.0,93
Gerard Deulofeu,Watford,129476.0,1000000.0,100
Wayne Rooney,Everton,3332.0,2000000.0,100
Olivier Giroud,Chelsea,82442.0,900000.0,100
Kelechi Iheanacho,Leicester City,295330.0,3000000.0,100
Glenn Murray,Brighton,45693.0,300000.0,100
Richarlison,Watford,378710.0,25000000.0,100
Joselu,Newcastle Utd,81999.0,5000000.0,100
Guido Carrillo,Southampton,184672.0,300000.0,100
Dwight Gayle,Newcastle Utd,196522.0,100000.0,100
José Izquierdo,Brighton,147094.0,350000.0,100
Dominic Solanke,Liverpool,258889.0,28000000.0,100
Wilfried Bony,Swansea City,81808.0,100000.0,100
Jesé,Stoke City,134936.0,1000000.0,100
Jay Rodriguez,West Brom,53360.0,1000000.0,100
Laurent Depoitre,Huddersfield,90583.0,150000.0,100
Tammy Abraham,Swansea City,331726.0,18000000.0,100
Jermain Defoe,Bournemouth,3875.0,400000.0,100
Tomer Hemed,Brighton,112668.0,200000.0,100
Jürgen Locadia,Brighton,166240.0,1800000.0,100
Tyrese Campbell,Stoke City,382554.0,2500000.0,100
Leonardo Ulloa,Brighton,54890.0,200000.0,100
Fernando Llorente,Tottenham,35564.0,300000.0,100
Andre Gray,Watford,120565.0,1300000.0,100
Islam Slimani,Newcastle Utd,174915.0,400000.0,100
Freddie Ladapo,Crystal Palace,233998.0,650000.0,100
Eddie Nketiah,Arsenal,340324.0,10000000.0,100
Collin Quaner,Huddersfield,123397.0,200000.0,100
Elias Kachunga,Huddersfield,49501.0,300000.0,100
Lucas Moura,Tottenham,77100.0,2000000.0,100
Levi Lumeka,Crystal Palace,537182.0,200000.0,100
Harvey Barnes,Leicester City,398065.0,32000000.0,100
Nahki Wells,Burnley,173483.0,700000.0,100
Oliver Burke,West Brom,341317.0,3000000.0,100
Jacob Murphy,Newcastle Utd,199527.0,12000000.0,100
Jeremie Boga,Chelsea,216569.0,8000000.0,100
Lukas Nmecha,Manchester City,314288.0,10000000.0,100
Sam Baldock,Brighton,67211.0,100000.0,100
Jonathan Walters,Burnley,3306.0,1500000.0,100
Jordan Hugill,West Ham,291544.0,700000.0,100
Michael Obafemi,Southampton,444208.0,600000.0,100
Axel Werner,Atlético Madrid,236734.0,400000.0,100
Francis Uzoho,La Coruña,295360.0,300000.0,100
Leandro Chichizola,Las Palmas,95736.0,400000.0,100
Neto,Valencia,111819.0,900000.0,100
Raúl Fernández,Levante,54217.0,100000.0,100
Miguel Ángel Moyà,Real Sociedad,26065.0,800000.0,100
Emiliano Martínez,Getafe,111873.0,12000000.0,100
Iván Cuéllar,Leganés,27493.0,100000.0,100
Roberto Jiménez,Málaga,37403.0,500000.0,100
Bono,Girona,272881.0,200000.0,100
Oier Olazábal,Levante,8176.0,200000.0,100
Gorka Iraizoz,Girona,7874.0,200000.0,100
Antonio Sivera,Alavés,298197.0,6000000.0,100
Costel Pantilimon,La Coruña,47659.0,250000.0,100
Marko Dmitrović,Eibar,94308.0,700000.0,100
Rubén Martínez,La Coruña,8184.0,200000.0,100
Koke,Levante,74229.0,5000000.0,100
Pedro López,Betis,303248.0,200000.0,100
Luca Zidane,Real Madrid,283489.0,1000000.0,100
Andrés Prieto,Málaga,238032.0,200000.0,100
Toño Ramírez,Real Sociedad,76285.0,50000.0,100
Maksym Koval,La Coruña,120211.0,600000.0,100
Marc Bartra,Betis,99922.0,900000.0,100
Yerry Mina,Barcelona,289446.0,2500000.0,100
José Ángel,Eibar,160182.0,200000.0,100
Jeison Murillo,Valencia,131102.0,900000.0,100
Unai Núñez,Athletic Club,338285.0,3500000.0,100
Héctor Moreno,Real Sociedad,51046.0,1000000.0,100
Junior Firpo,Betis,374139.0,3500000.0,100
Gabriel Paulista,Valencia,149498.0,500000.0,100
Djené,Getafe,221150.0,1400000.0,100
Diego Llorente,Real Sociedad,246291.0,2500000.0,100
Achraf Hakimi,Real Madrid,398073.0,80000000.0,100
Zouhair Feddal,Betis,129386.0,800000.0,100
Iñigo Martínez,Athletic Club,158863.0,4000000.0,100
Simon Kjær,Sevilla,48859.0,1500000.0,100
Marc Muniesa,Girona,74228.0,700000.0,100
Naldo,Espanyol,32213.0,250000.0,100
Paulo Oliveira,Eibar,139336.0,400000.0,100
Jesús Navas,Sevilla,15956.0,2500000.0,100
David Lombán,Eibar,63723.0,200000.0,100
Jesús Vallejo,Real Madrid,251896.0,1000000.0,100
Bernardo Espinosa,Girona,64598.0,550000.0,100
Martin Agirregabiria,Alavés,483573.0,1200000.0,97
Joseba Zaldúa,Leganés,197135.0,900000.0,100
Paul Baysse,Málaga,43256.0,800000.0,100
Raúl Carnero,Leganés,139434.0,200000.0,100
Víctor López,Alavés,510971.0,200000.0,100
Leandro Cabrera,Getafe,102423.0,900000.0,100
Rubén Duarte,Alavés,177046.0,2300000.0,100
Dídac Vilà,Espanyol,67090.0,600000.0,100
Bruno González,Getafe,188838.0,300000.0,100
Ximo Navarro,Las Palmas,184767.0,600000.0,100
Pedro Alcalá,Girona,51663.0,400000.0,100
Álex Gálvez,Las Palmas,1195704.0,125000.0,100
Juanpe,Girona,115333.0,400000.0,100
Nacho Vidal,Valencia,216870.0,1200000.0,100
Ezequiel Muñoz,Leganés,75127.0,75000.0,100
Guillermo Maripán,Alavés,249730.0,2000000.0,100
Pablo Maffeo,Girona,251876.0,3000000.0,100
Fabian Schär,La Coruña,135343.0,4000000.0,100
Miguel Layún,Sevilla,58576.0,700000.0,100
Antonio Barragán,Betis,32522.0,600000.0,100
Álex Robles,Málaga,341230.0,100000.0,100
Sergio Postigo,Levante,158791.0,500000.0,100
Lionel Carole,Sevilla,11530.0,200000.0,100
Vitorino Antunes,Getafe,44699.0,100000.0,100
Nélson Semedo,Barcelona,231572.0,6000000.0,100
Sergio Sánchez,Espanyol,38270.0,100000.0,100
Coke,Levante,71905.0,300000.0,100
Iván Alejo,Eibar,281755.0,1500000.0,100
Erick Cabaco,Levante,302991.0,1000000.0,100
Theo Hernández,Real Madrid,339808.0,20000000.0,100
Jordi Amat,Betis,85289.0,550000.0,100
Rober,Levante,505675.0,2500000.0,100
Mauro dos Santos,Leganés,55240.0,100000.0,100
Jonás Ramalho,Girona,69660.0,500000.0,100
Carles Planas,Girona,66099.0,200000.0,100
Antonio Luna,Levante,126516.0,300000.0,100
Chema,Levante,51556.0,150000.0,100
Sébastien Corchia,Sevilla,102744.0,1000000.0,100
Javi García,Betis,36350.0,300000.0,100
Mathías Olivera,Getafe,376514.0,15000000.0,100
Iván Rodríguez,Málaga,284454.0,200000.0,100
Héctor Hernández,Alavés,273738.0,800000.0,100
Carlos Sánchez,Espanyol,803608.0,3000000.0,100
Ignasi Miquel,Málaga,70245.0,1200000.0,100
Johan Mojica,Girona,262939.0,1500000.0,100
Mario Hermoso,Espanyol,281769.0,7000000.0,100
Diego González,Málaga,873981.0,5500000.0,100
Matías Aguirregaray,Las Palmas,74232.0,100000.0,100
Eneko Bóveda,La Coruña,89313.0,400000.0,100
Mujaid Sadick,La Coruña,497663.0,5000000.0,100
Alfonso Pedraza,Alavés,356197.0,2500000.0,100
Guilherme Arana,Sevilla,346766.0,6000000.0,100
Aly Abeid,Levante,393436.0,800000.0,100
Carlos Isaac,Atlético Madrid,396324.0,600000.0,100
Alberto López,Málaga,307805.0,200000.0,100
David Alba,Getafe,583508.0,150000.0,100
Alberto Redondo,Getafe,440869.0,25000.0,83
Andoni Gorosabel,Real Sociedad,289255.0,3000000.0,100
Róbert Mazáň,Celta Vigo,181619.0,250000.0,100
Shaq Moore,Levante,336168.0,1500000.0,100
Francisco Molinero,Getafe,27487.0,150000.0,100
Miguel Ángel Rubio,Getafe,583510.0,1500000.0,100
Adrián Diéguez,Alavés,355335.0,600000.0,100
Pau Torres,Villarreal,399776.0,20000000.0,100
Aitor Ruibal,Betis,378139.0,4000000.0,100
Rúben Semedo,Villarreal,197602.0,300000.0,100
Andoni López,Athletic Club,340206.0,300000.0,100
Steve Aldo One,La Coruña,254476.0,150000.0,100
Philippe Coutinho,Barcelona,80444.0,7500000.0,100
Álex Granell,Girona,255284.0,250000.0,100
Borja García,Girona,67808.0,800000.0,100
Geoffrey Kondogbia,Valencia,127189.0,3000000.0,100
Andrés Guardado,Betis,20506.0,1000000.0,100
Gonçalo Guedes,Valencia,225122.0,6000000.0,100
José Campaña,Levante,120095.0,750000.0,100
Juan Cruz,Málaga,585700.0,3000000.0,100
Borja Lasso,Sevilla,268949.0,400000.0,100
Pablo Fornals,Villarreal,357885.0,8000000.0,100
Oghenekaro Etebo,Las Palmas,,,0
Fayçal Fajr,Getafe,174344.0,1300000.0,100
Sergi Darder,Espanyol,142021.0,3000000.0,100
Joel Campbell,Betis,131248.0,325000.0,100
Nolito,Sevilla,70934.0,300000.0,100
Cristian Tello,Betis,141834.0,2700000.0,100
Sergi Samper,Las Palmas,181112.0,400000.0,100
Dani Ceballos,Real Madrid,319745.0,7000000.0,100
Aleix García,Girona,261504.0,20000000.0,100
Nemanja Maksimović,Valencia,273152.0,4000000.0,100
Guido Pizarro,Sevilla,105899.0,1800000.0,100
Francis Coquelin,Valencia,74869.0,700000.0,100
Paulinho,Barcelona,428791.0,9000000.0,100
Enis Bardhi,Levante,245014.0,2500000.0,100
Adnan Januzaj,Real Sociedad,177847.0,1000000.0,100
Stanislav Lobotka,Celta Vigo,192735.0,10000000.0,100
Joan Jordán,Eibar,263727.0,1000000.0,100
Emre Mor,Celta Vigo,283223.0,500000.0,100
David Timor,Girona,158795.0,600000.0,100
Markel Bergara,Getafe,51426.0,500000.0,100
Emanuel Cecchini,Málaga,324946.0,350000.0,100
Tomás Pina Isla,Alavés,139895.0,250000.0,100
Esteban Granero,Espanyol,44065.0,900000.0,100
Alberto Aquilani,Las Palmas,5957.0,700000.0,100
Johannes Geis,Sevilla,89650.0,600000.0,100
Roque Mesa,Sevilla,202984.0,1800000.0,100
Álvaro Medrán,Alavés,253839.0,3200000.0,100
Rubén Rochina,Levante,67548.0,700000.0,100
Juanjo Narváez,Betis,213595.0,800000.0,100
Wakaso,Alavés,45639.0,400000.0,100
Francis Guerrero,Betis,370691.0,50000.0,100
Daniel Pacheco,Getafe,530421.0,800000.0,100
Aday,Girona,132921.0,500000.0,100
Vitolo,Atlético Madrid,27667.0,100000.0,100
Brais Méndez,Celta Vigo,309110.0,8000000.0,100
Burgui,Alavés,246277.0,50000.0,100
Sandro Ramírez,Sevilla,199369.0,1500000.0,100
Gabriel Peñalba,Las Palmas,30929.0,50000.0,100
Sulley Muntari,La Coruña,17129.0,50000.0,100
Víctor Camarasa,Betis,263856.0,800000.0,100
Carlos Calderón,Getafe,324475.0,250000.0,100
Enzo Zidane,Alavés,106825.0,250000.0,100
Michael Krohn-Dehli,La Coruña,18006.0,300000.0,100
Adrián González,Málaga,44073.0,300000.0,100
Manuel Iturra,Málaga,40428.0,300000.0,100
Darko Brašanac,Leganés,95641.0,400000.0,100
Andreas Pereira,Valencia,203394.0,14000000.0,100
Mehdi Lacen,Málaga,35539.0,500000.0,100
Hacen,Levante,321629.0,200000.0,100
Papakouli Diop,Eibar,,,0
Federico Valverde,La Coruña,369081.0,90000000.0,100
Chuca,Villarreal,399779.0,500000.0,100
Javier Eraso,Leganés,156814.0,300000.0,90
Mauro Arambarri,Getafe,290249.0,8000000.0,100
Saša Lukić,Levante,245056.0,10000000.0,100
Naranjo,Leganés,272679.0,700000.0,100
Gerard Gumbau,Leganés,268670.0,1200000.0,100
Mikel Vesga,Athletic Club,300168.0,1200000.0,100
Javi Fuego,Villarreal,56134.0,200000.0,100
Maxime Lestienne,Málaga,96454.0,1000000.0,100
Marlos Moreno,Girona,345654.0,500000.0,100
Gaku Shibasaki,Getafe,129693.0,300000.0,100
Francisco Portillo,Getafe,138803.0,1000000.0,100
Pere Pons,Girona,242497.0,1200000.0,100
Nacho Gil,Las Palmas,336731.0,400000.0,100
Mathieu Flamini,Getafe,17396.0,600000.0,100
Douglas Luiz,Girona,447661.0,18000000.0,100
Esteban Rolón,Málaga,399887.0,275000.0,100
Cheick Doukouré,Levante,129679.0,400000.0,100
Sergio Mora,Getafe,62611.0,100000.0,100
Iñigo Córdoba,Athletic Club,251848.0,1500000.0,100
Zakaria Bakkali,La Coruña,203378.0,250000.0,100
Hernán Toledo,Las Palmas,397896.0,275000.0,100
Merveille Ndockyt,Getafe,398886.0,400000.0,93
Nordin Amrabat,Leganés,55619.0,125000.0,100
Fabio González,Las Palmas,531062.0,450000.0,100
José Alonso Lara,Sevilla,461858.0,200000.0,100
Barri,Getafe,541646.0,150000.0,100
Eloi Amagat,Girona,73222.0,50000.0,100
Imanol Sarriegi,Eibar,289287.0,200000.0,100
Álex Mula,Málaga,242295.0,250000.0,100
Amath,Getafe,339820.0,1500000.0,100
Jefferson Montero,Getafe,77932.0,250000.0,100
Jairo Samperio,Las Palmas,171167.0,300000.0,100
Jaime Sierra Mateos,Leganés,124784.0,225000.0,100
Samu García,Málaga,208890.0,800000.0,100
Fahad Al Muwallad,Levante,193153.0,350000.0,94
Ramiro Guerra,Villarreal,222571.0,100000.0,100
Salem Al-Dawsari,Villarreal,195332.0,1200000.0,100
Alejandro Gutiérrez Mozo,Leganés,,,0
Julio Gracia,Betis,391346.0,200000.0,100
Gerard Valentín,La Coruña,278651.0,800000.0,100
Borja Herrera,Las Palmas,311277.0,300000.0,100
Cifu,Málaga,,,0
Toni Moya,Atlético Madrid,295065.0,1500000.0,100
Xesc Regis,Eibar,391332.0,650000.0,100
Daniel Molina Orta,Celta Vigo,530421.0,800000.0,100
Munir El Haddadi,Alavés,223725.0,2500000.0,100
Carlos Bacca,Villarreal,119235.0,50000.0,100
Cristhian Stuani,Girona,59323.0,700000.0,100
Maxi Gómez,Celta Vigo,396894.0,2000000.0,100
Ermedin Demirović,Alavés,335457.0,22000000.0,100
Loren Morón,Betis,354741.0,2000000.0,100
Ángel Rodríguez,Getafe,51510.0,600000.0,100
Adrián López,La Coruña,45383.0,200000.0,100
Charles,Eibar,486078.0,900000.0,100
Ousmane Dembélé,Barcelona,288230.0,100000000.0,100
Oussama Tannane,Las Palmas,235540.0,1000000.0,100
Ryad Boudebouz,Betis,77826.0,1200000.0,100
Portu,Girona,99353.0,1200000.0,100
Jonathan Calleri,Las Palmas,284727.0,1500000.0,100
Loïc Rémy,Getafe,45121.0,150000.0,100
Diego Costa,Atlético Madrid,546212.0,12000000.0,100
Emmanuel Boateng,Levante,332612.0,1200000.0,100
Gerard Deulofeu,Barcelona,129476.0,1000000.0,100
Michael Olunga,Girona,263482.0,9000000.0,100
Isaac Success,Málaga,295331.0,2500000.0,100
Sergio García,Espanyol,7922.0,1000000.0,100
Sergio León,Betis,145769.0,2000000.0,100
Jorge Molina,Getafe,57825.0,600000.0,100
Dani Raba,Villarreal,413262.0,1200000.0,100
Anthony Lozano,Girona,1092623.0,300000.0,100
Enes Ünal,Villarreal,251106.0,7000000.0,100
John Guidetti,Alavés,98596.0,600000.0,100
Roger Martínez,Villarreal,285771.0,1500000.0,100
Ivi,Levante,282371.0,600000.0,100
Diego Rolán,Málaga,193938.0,700000.0,100
Luciano Vietto,Valencia,214316.0,1200000.0,100
Luis Muriel,Sevilla,119228.0,700000.0,100
Bojan Krkić,Alavés,44675.0,500000.0,100
Jason,Levante,73564.0,500000.0,100
Claudio Beauvue,Leganés,58818.0,150000.0,100
Olarenwaju Kayode,Girona,131694.0,1000000.0,100
Ferrán Torres,Valencia,398184.0,50000000.0,100
José Arnaiz,Barcelona,364603.0,900000.0,100
Sergio Arribas,Leganés,537762.0,10000000.0,100
Nano,Levante,58018.0,75000.0,100
Álex Alegría,Levante,178187.0,150000.0,100
Borja Bastón,Málaga,85324.0,3500000.0,100
Armando Sadiku,Levante,140082.0,700000.0,100
Álvaro Jiménez,Getafe,282406.0,700000.0,100
Alberto Bueno,Málaga,45335.0,150000.0,100
Brown Ideye,Málaga,64308.0,100000.0,100
Lucas Boyé,Celta Vigo,334222.0,5000000.0,100
Fabián Orellana,Eibar,60890.0,200000.0,100
Giampaolo Pazzini,Levante,19447.0,350000.0,100
Imoh Ezekiel,Las Palmas,216463.0,200000.0,100
Hernán Pérez,Alavés,73636.0,100000.0,100
Kévin Soni,Girona,353959.0,600000.0,100
Hugo Duro,Getafe,573775.0,12000000.0,100
Arona Sané,Atlético Madrid,282006.0,50000.0,100
Darío Poveda,Villarreal,399780.0,350000.0,100
Jiří Pavlenka,Werder Bremen,260053.0,700000.0,100
Ron-Robert Zieler,Stuttgart,21327.0,500000.0,100
René Adler,Mainz 05,1784.0,500000.0,100
Philipp Tschauner,Hannover 96,21726.0,300000.0,100
Julian Pollersbeck,Hamburger SV,228975.0,500000.0,100
Florian Müller,Mainz 05,284769.0,1200000.0,100
Robin Zentner,Mainz 05,160963.0,2500000.0,100
Rafał Gikiewicz,Freiburg,78339.0,75000.0,100
Yvon Mvogo,RB Leipzig,147051.0,2500000.0,100
Ramazan Özcan,Leverkusen,16498.0,300000.0,100
Michael Esser,Hannover 96,61989.0,300000.0,100
Michael Zetterer,Werder Bremen,196813.0,4000000.0,100
Benjamin Pavard,Stuttgart,353366.0,12000000.0,100
Bastian Oczipka,Schalke 04,53437.0,300000.0,100
Sven Bender,Leverkusen,29993.0,5500000.0,100
Matthias Ginter,Gladbach,124502.0,5000000.0,100
Jetro Willems,Eint Frankfurt,146258.0,250000.0,100
Ömer Toprak,Dortmund,43512.0,300000.0,100
Niklas Süle,Bayern Munich,166601.0,4000000.0,100
John Brooks,Wolfsburg,124732.0,2000000.0,100
Lars Lukas Mai,Bayern Munich,345780.0,2500000.0,100
Timo Hübers,Hannover 96,236981.0,1500000.0,100
William,Wolfsburg,341710.0,3000000.0,100
Ridle Baku,Mainz 05,327251.0,12000000.0,100
Holger Badstuber,Stuttgart,54659.0,150000.0,100
Paul Jaeckel,Wolfsburg,284248.0,1000000.0,100
Carlos Salcedo,Eint Frankfurt,256866.0,900000.0,100
Panagiotis Retsos,Leverkusen,324351.0,7000000.0,100
Matthias Ostrzolek,Hannover 96,53669.0,150000.0,100
Abdou Diallo,Mainz 05,229005.0,9000000.0,100
Ludwig Augustinsson,Werder Bremen,170646.0,1500000.0,100
Reece Oxford,Gladbach,314295.0,450000.0,100
Manuel Akanji,Dortmund,284730.0,17000000.0,100
Paul Verhaegh,Wolfsburg,18021.0,250000.0,100
Håvard Nordtveit,Hoffenheim,42234.0,600000.0,100
Simon Falette,Eint Frankfurt,170927.0,100000.0,100
Sebastian Langkamp,Werder Bremen,39094.0,500000.0,100
Ohis Felix Uduokhai,Wolfsburg,278343.0,3500000.0,100
Jorge Meré,Köln,286779.0,1000000.0,100
Jeremy Toljan,Dortmund,129674.0,2000000.0,100
Danny da Costa,Eint Frankfurt,85906.0,1200000.0,100
Karim Rekik,Hertha BSC,182579.0,4000000.0,100
Kevin Akpoguma,Hoffenheim,160241.0,1500000.0,100
Nico Schulz,Hoffenheim,85867.0,800000.0,100
Dominik Kohr,Leverkusen,118847.0,2000000.0,100
Marcin Kamiński,Stuttgart,129358.0,250000.0,100
Robin Koch,Freiburg,328784.0,10000000.0,100
Florian Mayer,Gladbach,331634.0,75000.0,100
Stefan Posch,Hoffenheim,223974.0,6000000.0,100
Florian Hübner,Hannover 96,85822.0,350000.0,100
Marcel Tisserand,Wolfsburg,170463.0,1000000.0,100
Ibrahima Konaté,RB Leipzig,357119.0,45000000.0,100
Tim Handwerker,Köln,284177.0,1000000.0,100
Josip Elez,Hannover 96,179895.0,200000.0,100
Stephan Ambrosius,Hamburger SV,327536.0,600000.0,100
Ailton,Stuttgart,283863.0,150000.0,100
Jannes Horn,Köln,231586.0,1200000.0,100
Dan-Axel Zagadou,Dortmund,344598.0,2000000.0,100
Pablo Insua,Schalke 04,171362.0,800000.0,100
Yann Aurel Bisseck,Köln,441986.0,50000000.0,100
Marco Friedl,Werder Bremen,156990.0,10000000.0,100
Konrad Laimer,RB Leipzig,223967.0,32000000.0,100
Gian-Luca Itter,Wolfsburg,296378.0,1500000.0,80
Philipp Lienhart,Freiburg,225657.0,10000000.0,100
Rick van Drongelen,Hamburger SV,354340.0,6000000.0,100
Filip Kusić,Köln,217285.0,125000.0,100
Birk Risa,Köln,331575.0,1500000.0,100
Mandela Egbo,Gladbach,258917.0,225000.0,100
Josha Vagnoman,Hamburger SV,448258.0,10000000.0,100
Mohamed Dräger,Freiburg,192167.0,700000.0,100
Sergio Gómez,Dortmund,366930.0,15000000.0,100
James Rodríguez,Bayern Munich,88103.0,1500000.0,100
Serge Gnabry,Hoffenheim,159471.0,18000000.0,100
Corentin Tolisso,Bayern Munich,190393.0,10000000.0,100
Ignacio Camacho,Wolfsburg,58874.0,1000000.0,100
Pirmin Schwegler,Hannover 96,14533.0,800000.0,100
Niklas Dorsch,Bayern Munich,251302.0,2500000.0,100
Linton Maina,Hannover 96,335103.0,3000000.0,100
Kevin Kampl,RB Leipzig,53418.0,3500000.0,100
Robin Hack,Hoffenheim,284010.0,7000000.0,100
Florian Grillitsch,Hoffenheim,195736.0,2500000.0,100
Sebastian Rudy,Bayern Munich,57051.0,1000000.0,100
Erik Thommy,Stuttgart,156779.0,1200000.0,100
Jadon Sancho,Dortmund,401173.0,18000000.0,100
Admir Mehmedi,Wolfsburg,66058.0,225000.0,100
Vincenzo Grifo,Gladbach,185077.0,4000000.0,100
Andriy Yarmolenko,Dortmund,69015.0,1000000.0,100
Amine Harit,Schalke 04,372711.0,5000000.0,100
Santiago Ascacíbar,Stuttgart,423436.0,5500000.0,100
Dennis Aogo,Stuttgart,19354.0,475000.0,100
Berkay Özcan,Stuttgart,249952.0,1200000.0,100
Simon Asta,Augsburg,392131.0,1500000.0,100
Andreas Beck,Stuttgart,31182.0,200000.0,100
Mahmoud Dahoud,Dortmund,191422.0,2000000.0,100
Jonathan de Guzmán,Eint Frankfurt,31067.0,50000.0,100
Chris Führich,Köln,272278.0,12000000.0,100
Rani Khedira,Augsburg,124410.0,2000000.0,100
Vincent Sierro,Freiburg,280387.0,3500000.0,100
Kevin-Prince Boateng,Eint Frankfurt,16922.0,700000.0,100
Yoric Ravet,Freiburg,82461.0,600000.0,100
Marco Richter,Augsburg,279009.0,1500000.0,100
Dennis Geiger,Hoffenheim,251309.0,1000000.0,100
Denis Zakaria,Gladbach,334526.0,25000000.0,100
Ville Matti Steinmann,Hamburger SV,148209.0,300000.0,100
Valentino Lazaro,Hertha BSC,186368.0,2500000.0,100
Milot Rashica,Werder Bremen,291739.0,3500000.0,100
Gelson Fernandes,Eint Frankfurt,20081.0,1200000.0,100
Julian Korb,Hannover 96,77809.0,200000.0,100
Alexandru Maxim,Mainz 05,129513.0,300000.0,100
Marco Terrazzino,Freiburg,67869.0,150000.0,100
Mickaël Cuisance,Gladbach,344600.0,2000000.0,93
Vincent Koziello,Köln,290551.0,250000.0,100
Mohamed Gouaida,Hamburger SV,192294.0,100000.0,100
Daichi Kamada,Eint Frankfurt,356141.0,10000000.0,100
Bartosz Kapustka,Freiburg,246579.0,800000.0,100
André Hahn,Hamburger SV,42783.0,800000.0,100
Sejad Salihović,Hamburger SV,9354.0,50000.0,100
Felix Passlack,Hoffenheim,274461.0,700000.0,100
Robert Žulj,Hoffenheim,122676.0,1700000.0,100
Mathew Leckie,Hertha BSC,126214.0,300000.0,100
Orel Mangala,Stuttgart,289592.0,9000000.0,100
Nigel de Jong,Mainz 05,4672.0,400000.0,100
Marvin Bakalorz,Hannover 96,53602.0,200000.0,100
Kilian Jakob,Augsburg,324760.0,200000.0,100
Tatsuya Ito,Hamburger SV,381248.0,900000.0,100
Nikolas Nartey,Köln,400546.0,10000000.0,100
Meritan Shabani,Bayern Munich,379980.0,300000.0,100
Ole Käuper,Werder Bremen,195676.0,175000.0,100
Ryan Kent,Freiburg,279457.0,3500000.0,100
Caleb Stanko,Freiburg,190269.0,350000.0,100
Florian Kath,Freiburg,218011.0,150000.0,100
Jérôme Gondorf,Werder Bremen,77108.0,400000.0,100
Palkó Dárdai,Hertha BSC,300508.0,800000.0,100
Anas Ouahim,Köln,240889.0,500000.0,100
Sebastian Maier,Hannover 96,126285.0,200000.0,100
Ebenezer Ofori,Stuttgart,262597.0,150000.0,100
Elvis Rexhbeçaj,Wolfsburg,280575.0,3500000.0,100
Dženis Burnić,Stuttgart,251295.0,1200000.0,100
Marijan Ćavar,Eint Frankfurt,419255.0,500000.0,100
Anto Grgić,Stuttgart,192637.0,1200000.0,100
Marcel Benger,Gladbach,330269.0,250000.0,100
Maximilian Philipp,Dortmund,143891.0,500000.0,100
Niclas Füllkrug,Hannover 96,75489.0,3500000.0,100
Lucas Alario,Leverkusen,193782.0,250000.0,100
Sandro Wagner,Bayern Munich,39743.0,1600000.0,100
Ademola Lookman,RB Leipzig,406040.0,40000000.0,100
Michael Gregoritsch,Augsburg,120205.0,1500000.0,100
Michy Batshuayi,Dortmund,179184.0,2000000.0,100
Davie Selke,Hertha BSC,178459.0,2800000.0,100
Sébastien Haller,Eint Frankfurt,181375.0,1000000.0,100
Anastasios Donis,Stuttgart,243606.0,500000.0,100
Mario Gómez,Stuttgart,6288.0,800000.0,100
Jonathas,Hannover 96,58345.0,300000.0,100
Ihlas Bebou,Hannover 96,237164.0,600000.0,100
Ishak Belfodil,Werder Bremen,111039.0,1700000.0,100
Martin Harnik,Hannover 96,31159.0,800000.0,100
Marko Pjaca,Schalke 04,205940.0,1500000.0,100
Bruma,RB Leipzig,139396.0,3000000.0,100
Simon Terodde,Köln,36284.0,900000.0,100
Jean-Kévin Augustin,RB Leipzig,264956.0,1000000.0,100
Tim Kleindienst,Freiburg,193033.0,8000000.0,100
Luka Jović,Eint Frankfurt,257462.0,9000000.0,100
Emil Berggreen,Mainz 05,234375.0,250000.0,100
Chadrac Akolo,Stuttgart,247459.0,500000.0,100
Claudio Pizarro,Köln,532.0,400000.0,100
Divock Origi,Wolfsburg,148368.0,5000000.0,100
Kwasi Okyere Wriedt,Bayern Munich,154819.0,750000.0,100
Cedric Teuchert,Schalke 04,207597.0,2000000.0,100
Jhon Córdoba,Köln,185245.0,10000000.0,100
Franck Evina,Bayern Munich,336331.0,400000.0,100
Sergio Córdova,Augsburg,377387.0,1200000.0,100
Lucas Höler,Freiburg,248999.0,3000000.0,100
Julio Villalba,Gladbach,401717.0,75000.0,100
Jann-Fiete Arp,Hamburger SV,,,0
Anthony Ujah,Mainz 05,142281.0,750000.0,100
Takuma Asano,Stuttgart,245744.0,1500000.0,100
Raúl Bobadilla,Gladbach,51356.0,175000.0,100
Johannes Eggestein,Werder Bremen,251303.0,2200000.0,100
Viktor Fischer,Mainz 05,95755.0,1500000.0,100
Landry Dimata,Wolfsburg,311489.0,1800000.0,100
Marcel Heller,Augsburg,32207.0,75000.0,100
Alexander Isak,Dortmund,349066.0,85000000.0,100
Kenan Kodro,Mainz 05,197126.0,500000.0,100
Renato Steffen,Wolfsburg,194638.0,500000.0,100
Törles Knöll,Hamburger SV,284737.0,450000.0,100
Shawn Parker,Augsburg,89659.0,200000.0,100
Jacob Bruun Larsen,Stuttgart,293281.0,4000000.0,100
Kaylen Hinds,Wolfsburg,290788.0,300000.0,100
Marco Silvestri,Hellas Verona,85528.0,500000.0,100
Łukasz Skorupski,Roma,80894.0,2000000.0,96
Antonio Santurro,Bologna,130388.0,50000.0,100
Alisson,Roma,105470.0,15000000.0,100
Alex Meret,SPAL,240414.0,8000000.0,100
Nícolas,Hellas Verona,99523.0,100000.0,100
Salvatore Sirigu,Torino,25508.0,275000.0,100
Vanja Milinković-Savić,Torino,257474.0,20000000.0,100
Luigi Sepe,Napoli,99254.0,500000.0,100
Alfred Gomis,SPAL,163568.0,1000000.0,100
Wojciech Szczęsny,Juventus,44058.0,800000.0,100
Alessio Cragno,Cagliari,12907.0,1500000.0,100
Albano Bizzarri,Udinese,7797.0,200000.0,100
Christian Puggioni,Benevento,48003.0,50000.0,100
Alberto Brignoli,Benevento,146799.0,700000.0,100
Vid Belec,Sampdoria,73090.0,500000.0,100
Francesco Rossi,Atalanta,126634.0,100000.0,100
Carlo Pinsoglio,Juventus,75411.0,200000.0,100
Gabriele Marchegiani,SPAL,250937.0,250000.0,100
Deian Boldor,Hellas Verona,239570.0,650000.0,100
Aleksandar Kolarov,Roma,46156.0,500000.0,100
Mattia De Sciglio,Juventus,88682.0,1000000.0,100
Elio Capradossi,Roma,238947.0,450000.0,100
Milan Škriniar,Inter,204069.0,10000000.0,100
Cristiano Biraghi,Fiorentina,124555.0,900000.0,100
Benedikt Höwedes,Juventus,39020.0,3000000.0,100
Thiago Cionek,SPAL,79510.0,200000.0,100
Vitor Hugo,Fiorentina,149752.0,500000.0,100
Leonardo Bonucci,Milan,39983.0,1000000.0,100
Robin Gosens,Atalanta,273132.0,4000000.0,100
Andrea Conti,Milan,111227.0,500000.0,100
João Cancelo,Inter,182712.0,8000000.0,100
Mário Rui,Napoli,87884.0,3500000.0,100
Germán Pezzella,Fiorentina,113133.0,500000.0,100
Nicolas Nkoulou,Torino,99523.0,100000.0,100
Bram Nuytinck,Udinese,104597.0,200000.0,100
Bartosz Salamon,SPAL,71019.0,400000.0,100
Nicolás Spolli,Genoa,51186.0,200000.0,100
Ervin Zukanović,Genoa,44059.0,125000.0,100
José Luis Palomino,Atalanta,125020.0,300000.0,100
Ricardo Rodríguez,Milan,86784.0,1400000.0,100
Kevin Bonifazi,Torino,247377.0,300000.0,100
Nicolás Burdisso,Torino,3417.0,300000.0,100
Cristian Ansaldi,Torino,55854.0,400000.0,100
Nikola Milenković,Fiorentina,413507.0,28000000.0,100
Timothy Castagne,Atalanta,262226.0,8000000.0,100
Gian Marco Ferrari,Sampdoria,277167.0,1400000.0,100
Jagoš Vuković,Hellas Verona,46894.0,200000.0,100
Antonio Caracciolo,Hellas Verona,149525.0,800000.0,100
Joachim Andersen,Sampdoria,260827.0,20000000.0,100
Lyanco,Torino,379807.0,4500000.0,100
Simone Romagnoli,Bologna,88706.0,800000.0,100
Davide Faraoni,Crotone,73926.0,1500000.0,100
Luiz Felipe,Lazio,457931.0,2000000.0,100
Vincent Laurini,Fiorentina,94936.0,150000.0,100
Stefan Simić,Crotone,198613.0,400000.0,100
Lorenco Šimić,SPAL,226093.0,750000.0,100
Jawad El Yamiq,Genoa,235412.0,600000.0,100
Bacary Sagna,Benevento,26764.0,500000.0,100
Francesco Vicari,SPAL,240158.0,2500000.0,100
Marco Andreolli,Cagliari,36356.0,500000.0,100
Fabio Lucioni,Benevento,160561.0,600000.0,100
Martín Cáceres,Lazio,54935.0,250000.0,100
Berat Djimsiti,Benevento,165513.0,4000000.0,100
Luca Rossettini,Genoa,60128.0,400000.0,100
Felipe dal Belo,SPAL,17127.0,25000.0,100
Mateo Musacchio,Milan,45653.0,400000.0,100
Lisandro López,Inter,125019.0,300000.0,100
Dalbert Henrique,Inter,312862.0,1000000.0,100
Arlind Ajeti,Crotone,159288.0,600000.0,100
Mattia Bani,Chievo,176139.0,2500000.0,100
Sebastien De Maio,Bologna,56830.0,200000.0,100
Edoardo Goldaniga,Sassuolo,242940.0,2000000.0,100
Luca Antei,Benevento,146743.0,75000.0,100
Nicola Murru,Sampdoria,171399.0,1000000.0,100
Alex Ferrari,Hellas Verona,197491.0,1000000.0,100
Adam Marušić,Lazio,239802.0,2500000.0,100
Nenad Tomović,Chievo,47085.0,25000.0,100
Gianluca Mancini,Atalanta,256448.0,15000000.0,100
Héctor Moreno,Roma,51046.0,1000000.0,100
Gregory van der Wiel,Cagliari,45548.0,700000.0,100
Paweł Jaroszyński,Chievo,287600.0,550000.0,100
Charalampos Lykogiannis,Cagliari,136514.0,1200000.0,100
Bruno Gaspar,Fiorentina,230457.0,450000.0,100
Pedro Pereira,Genoa,314965.0,1200000.0,100
Manuel Lazzari,SPAL,331401.0,2000000.0,100
Jens Stryger Larsen,Udinese,69646.0,400000.0,100
Alin Toșca,Benevento,148004.0,50000.0,100
Mauricio Lemos,Sassuolo,303140.0,1500000.0,100
Rick Karsdorp,Roma,205006.0,2500000.0,100
Andrew Gravillon,Benevento,610417.0,5000000.0,100
Leandro Castán,Cagliari,54929.0,550000.0,100
Filippo Romagna,Cagliari,256678.0,800000.0,100
Giancarlo González,Bologna,111893.0,175000.0,100
Thomas Heurtaux,Hellas Verona,109598.0,200000.0,100
Rogério,Sassuolo,401527.0,1000000.0,100
Leandro Cabrera,Crotone,102423.0,900000.0,100
Ivan Strinić,Sampdoria,39799.0,1000000.0,100
Lorenzo Venuti,Benevento,240219.0,1200000.0,100
Marco Capuano,Crotone,164091.0,250000.0,100
Alessandro Buongiorno,Torino,386446.0,30000000.0,100
Gaetano Letizia,Benevento,160560.0,900000.0,100
Aleandro Rosi,Genoa,34239.0,150000.0,100
Michele Cremonesi,SPAL,83409.0,100000.0,100
Andrea Costa,Benevento,34336.0,200000.0,100
Gian Filippo Felicioli,Hellas Verona,290733.0,350000.0,100
Sauli Väisänen,SPAL,261095.0,300000.0,100
Jean-Claude Billong,Benevento,391192.0,250000.0,100
Daniel Pavlović,Crotone,19671.0,25000.0,100
Marios Oikonomou,SPAL,174488.0,250000.0,96
Bright Gyamfi,Benevento,339982.0,150000.0,100
Boukary Dramé,SPAL,33442.0,250000.0,100
Gianluca Di Chiara,Benevento,189340.0,250000.0,100
Jonathan Silva,Roma,189453.0,800000.0,100
Cheick Keita,Bologna,330289.0,150000.0,100
Luca Sparandeo,Benevento,355924.0,50000.0,100
Christian Rutjens,Benevento,462809.0,250000.0,100
Hakan Çalhanoğlu,Milan,126414.0,16000000.0,100
Douglas Costa,Juventus,75615.0,1500000.0,100
Federico Viviani,SPAL,165900.0,250000.0,100
Rafinha,Inter,129473.0,4000000.0,100
Amato Ciciretti,Benevento,159902.0,400000.0,100
Jordan Veretout,Fiorentina,164771.0,3500000.0,100
Iuri Medeiros,Genoa,193830.0,6000000.0,100
Maxime Gonalons,Roma,60542.0,700000.0,100
Nicolas Viola,Benevento,85393.0,500000.0,100
Lucas Leiva,Lazio,41414.0,800000.0,100
Lucas Biglia,Milan,26721.0,250000.0,100
Luca Cigarini,Cagliari,33218.0,300000.0,100
Sandro,Benevento,74590.0,200000.0,100
Rolando Mandragora,Crotone,308279.0,9000000.0,100
Nani,Lazio,33706.0,200000.0,100
Leonardo Capezzi,Sampdoria,84442.0,350000.0,100
Guilherme,Benevento,444920.0,2800000.0,100
Marco Benassi,Fiorentina,201040.0,1200000.0,100
Cengiz Ünder,Roma,341647.0,4000000.0,100
Alberto Grassi,SPAL,197473.0,1400000.0,100
Pasquale Schiattarella,SPAL,56762.0,350000.0,100
Borja Valero,Inter,40372.0,900000.0,100
Federico Ricci,Crotone,198086.0,400000.0,100
Álex Berenguer,Torino,338425.0,4000000.0,100
Danilo Cataldi,Benevento,199733.0,3500000.0,100
Andrea Bertolacci,Genoa,99227.0,400000.0,100
Matías Vecino,Inter,143812.0,1000000.0,100
Franck Kessié,Milan,294808.0,12000000.0,100
Federico Mattiello,SPAL,200194.0,300000.0,100
Filippo Costa,SPAL,197743.0,350000.0,100
Marco D'Alessandro,Benevento,99232.0,175000.0,100
Filip Đuričić,Benevento,94307.0,800000.0,92
Tomás Rincón,Torino,75942.0,100000.0,100
Mattia Valoti,Hellas Verona,167741.0,600000.0,100
Gastón Ramírez,Sampdoria,123742.0,200000.0,100
Antonín Barák,Udinese,272261.0,4500000.0,100
Jasmin Kurtić,SPAL,85825.0,800000.0,100
Niccolò Zanellato,Crotone,343945.0,1000000.0,100
Gianluca Gaudino,Chievo,195051.0,250000.0,100
Marco Fossati,Hellas Verona,110931.0,800000.0,100
Blaise Matuidi,Juventus,33923.0,500000.0,100
Bruno Zuculini,Hellas Verona,115507.0,400000.0,100
Valentin Eysseric,Fiorentina,126687.0,1000000.0,100
Valon Behrami,Udinese,21905.0,300000.0,100
Andrea Poli,Bologna,44834.0,200000.0,100
Gil Bastião Dias,Fiorentina,329723.0,2000000.0,100
Emanuele Giaccherini,Chievo,84835.0,75000.0,100
Luca Rizzo,Atalanta,167895.0,50000.0,100
Manuel Pucciarelli,Chievo,163683.0,150000.0,100
Daniel Bessa,Genoa,140757.0,3000000.0,100
Giovanni Crociata,Crotone,291400.0,600000.0,100
Simone Pontisso,Udinese,292422.0,275000.0,100
Siriki Sanogo,Benevento,539612.0,75000.0,92
Davide Di Gennaro,Lazio,52136.0,150000.0,100
Rodrigo Bentancur,Juventus,354362.0,20000000.0,100
Cristiano Lombardi,Benevento,240349.0,100000.0,100
Ledian Memushaj,Benevento,139634.0,350000.0,100
Stephane Omeonga,Genoa,342472.0,400000.0,100
Andrea Cossu,Cagliari,21861.0,100000.0,100
Adam Ounas,Napoli,400485.0,4000000.0,100
Bryan Dabo,Fiorentina,149446.0,500000.0,100
Cesar Falletti,Bologna,218306.0,1100000.0,100
Riccardo Orsolini,Bologna,368482.0,15000000.0,100
Moussa Diaby,Crotone,395516.0,25000000.0,100
Lee Seung-woo,Hellas Verona,280239.0,450000.0,100
Ryder Matos,Hellas Verona,62713.0,250000.0,100
Fabrizio Caligara,Cagliari,386574.0,1800000.0,100
Aristóteles Romero,Crotone,309929.0,200000.0,100
Ahmad Benali,Crotone,121402.0,900000.0,100
Valerio Verre,Sampdoria,162961.0,1400000.0,100
Marcel Büchel,Hellas Verona,74956.0,300000.0,100
Franco Zuculini,Hellas Verona,73083.0,50000.0,100
Svante Ingelsson,Udinese,321079.0,900000.0,100
Vittorio Parigini,Benevento,238981.0,600000.0,100
Luca Mora,SPAL,110338.0,275000.0,100
Luca Garritano,Chievo,205677.0,1200000.0,100
Petar Brlek,Genoa,160471.0,250000.0,100
Nicolas Haas,Atalanta,192638.0,700000.0,100
Emanuele Torrasi,Milan,315870.0,350000.0,100
Ognjen Stijepović,Sampdoria,399907.0,50000.0,100
Simone Calvano,Hellas Verona,136091.0,175000.0,100
Mariano Julio Izco,Crotone,54155.0,300000.0,100
Everton Luiz,SPAL,75076.0,250000.0,100
Lorenzo Del Pinto,Benevento,244061.0,100000.0,100
Enrico Bearzotti,Hellas Verona,297731.0,100000.0,100
Francesco Cassata,Sassuolo,301236.0,700000.0,100
Francesco Migliore,Genoa,60567.0,350000.0,100
Achraf Lazaar,Benevento,139173.0,200000.0,100
Andrea Danzi,Hellas Verona,319171.0,450000.0,100
Oliver Kragl,Crotone,56513.0,350000.0,100
Eros Schiavon,SPAL,23366.0,25000.0,100
Raman Chibsah,Benevento,199633.0,175000.0,100
Francesco Zampano,Udinese,216872.0,800000.0,100
Giuseppe Pezzella,Udinese,336960.0,2000000.0,100
Mattia Vitale,SPAL,291432.0,175000.0,100
Mehdi Léris,Chievo,348601.0,1800000.0,100
Ricardo Centurión,Genoa,230058.0,100000.0,100
Giovanni Volpicelli,Benevento,387017.0,10000.0,100
Josip Iličić,Atalanta,80351.0,300000.0,100
Mirco Antenucci,SPAL,83458.0,300000.0,100
Federico Bernardeschi,Juventus,197300.0,3500000.0,100
Lorenzo Pellegrini,Roma,286297.0,8000000.0,100
Leonardo Pavoletti,Cagliari,64793.0,600000.0,100
Musa Barrow,Atalanta,486624.0,6000000.0,100
Duván Zapata,Sampdoria,73794.0,2500000.0,100
Cheick Diabaté,Benevento,78082.0,300000.0,100
Gianluca Scamacca,Sassuolo,315867.0,25000000.0,100
Giovanni Simeone,Fiorentina,282388.0,7000000.0,100
Kevin Lasagna,Udinese,131951.0,950000.0,100
Marco Tumminello,Crotone,315850.0,250000.0,100
Alessio Cerci,Hellas Verona,21748.0,200000.0,100
Cyril Théréau,Fiorentina,29316.0,200000.0,100
Ante Budimir,Crotone,46413.0,2800000.0,100
Nikola Kalinić,Milan,36371.0,300000.0,100
Dawid Kownacki,Sampdoria,208167.0,2000000.0,100
Daniele Verde,Hellas Verona,256361.0,700000.0,100
Massimo Coda,Benevento,33763.0,1000000.0,100
Fabio Borini,Milan,96754.0,2200000.0,100
Gianluca Caprari,Sampdoria,146752.0,4000000.0,100
Rodrigo Palacio,Bologna,39099.0,300000.0,100
Luca Vido,Atalanta,264514.0,700000.0,100
Khouma Babacar,Sassuolo,124902.0,200000.0,100
Andrey Galabinov,Genoa,67639.0,300000.0,100
Bruno Petković,Hellas Verona,256358.0,1500000.0,100
Sergio Floccari,SPAL,30638.0,100000.0,100
Mariusz Stępiński,Chievo,210363.0,500000.0,100
Gianluca Lapadula,Genoa,130394.0,400000.0,100
Patrik Schick,Roma,242086.0,18000000.0,100
Andreas Cornelius,Atalanta,203412.0,250000.0,100
Mirko Antonucci,Roma,315852.0,2200000.0,100
Moise Kean,Hellas Verona,364135.0,32000000.0,100
Diego Falcinelli,Fiorentina,119115.0,800000.0,100
M'Baye Niang,Torino,157501.0,800000.0,100
George Pușcaș,Benevento,208690.0,750000.0,100
Rafik Zekhnini,Fiorentina,354278.0,450000.0,100
Simone Lo Faso,Fiorentina,349719.0,50000.0,100
André Silva,Milan,198008.0,3000000.0,100
Yann Karamoh,Inter,324804.0,1000000.0,100
Samuel Armenteros,Benevento,55751.0,375000.0,100
Karamoko Cissé,Benevento,65635.0,200000.0,100
Giuseppe Rossi,Genoa,19104.0,100000.0,100
Alberto Paloschi,SPAL,68306.0,500000.0,100
Maxi López,Udinese,26263.0,100000.0,100
Felipe Caicedo,Lazio,37834.0,400000.0,100
Pietro Iemmello,Benevento,62735.0,900000.0,100
Grégoire Defrel,Roma,163222.0,1000000.0,100
Enrico Brignola,Benevento,323147.0,550000.0,100
Simone Palombi,Lazio,289065.0,300000.0,100
Mamadou Kanouté,Benevento,201734.0,300000.0,100
Riad Bajić,Udinese,263267.0,800000.0,100
Federico Bonazzoli,SPAL,241527.0,2500000.0,100
Damir Ceter,Cagliari,460898.0,400000.0,100
Felipe Avenatti,Bologna,216375.0,500000.0,100
Eddie Salcedo,Genoa,459661.0,1500000.0,100
Duje Čop,Cagliari,46415.0,100000.0,100
Marco Borriello,SPAL,5825.0,400000.0,100
Nicholas Pierini,Sassuolo,372720.0,750000.0,100
Rolando Aarons,Hellas Verona,258188.0,250000.0,100
Fabio Ceravolo,Benevento,35743.0,150000.0,100
Ľubomír Tupta,Hellas Verona,344806.0,600000.0,100
Umar Sadiq,Torino,337715.0,4000000.0,100
Jean-Christophe Bouet,Amiens,110116.0,100000.0,100
Brice Samba,Caen,191056.0,7000000.0,100
Diego Benaglio,Monaco,1667.0,250000.0,100
Erwin Zelazny,Troyes,77395.0,325000.0,100
Régis Gurtner,Amiens,39918.0,100000.0,100
Benjamin Lecomte,Montpellier,127181.0,800000.0,100
Mamadou Samassa,Troyes,72422.0,250000.0,100
Tomáš Koubek,Rennes,146714.0,300000.0,100
Ciprian Tătărușanu,Nantes,55282.0,400000.0,100
Benoît Costil,Bordeaux,22628.0,600000.0,100
Landry Bonnefoi,Strasbourg,19119.0,100000.0,100
Alexandre Oukidja,Strasbourg,56809.0,150000.0,100
Bingourou Kamara,Strasbourg,333175.0,600000.0,100
Hervé Koffi,Lille,415383.0,6000000.0,100
Quentin Beunardeau,Metz,157484.0,400000.0,100
Raïs M'Bolhi,Rennes,33465.0,250000.0,100
David Alcibiade,Nantes,126662.0,200000.0,100
Mathieu Debuchy,Saint-Étienne,27306.0,300000.0,100
Marcelo,Lyon,44501.0,1800000.0,100
Terence Kongolo,Monaco,152651.0,900000.0,100
Yuri Berchiche,Paris S-G,61812.0,1000000.0,100
Neven Subotić,Saint-Étienne,40995.0,200000.0,100
Hamari Traoré,Rennes,297070.0,1500000.0,100
Pedro Mendes,Montpellier,498235.0,900000.0,100
Kenny Lala,Strasbourg,174196.0,1500000.0,100
Adil Rami,Marseille,51118.0,250000.0,100
Fernando Marçal,Lyon,51174.0,2000000.0,100
Jules Koundé,Bordeaux,411975.0,60000000.0,100
Papy Djilobodji,Dijon,136610.0,500000.0,100
Alexander Djiku,Caen,250844.0,3500000.0,100
Ambroise Oyongo,Montpellier,184922.0,500000.0,100
Prince-Désir Gouano,Amiens,171410.0,350000.0,81
Christophe Hérelle,Troyes,170544.0,1500000.0,100
Adrien Tameze,Nice,157507.0,1200000.0,100
Bakaye Dibassy,Amiens,410059.0,400000.0,100
Ferland Mendy,Lyon,291417.0,4000000.0,100
Kader Mangane,Strasbourg,4796.0,500000.0,100
Kévin Malcuit,Lille,126711.0,400000.0,100
Kenny Tete,Lyon,206746.0,8000000.0,100
Khaled Adénon,Amiens,39174.0,200000.0,100
Jordan Amavi,Marseille,241229.0,1200000.0,100
Adama Mbengue,Caen,230066.0,300000.0,100
Marlon,Nice,406675.0,4000000.0,100
Issa Cissokho,Amiens,183494.0,300000.0,100
Chidozie Awaziem,Nantes,358143.0,2500000.0,100
Aymen Abdennour,Marseille,108830.0,200000.0,100
Pedro Rebocho,Guingamp,197860.0,700000.0,100
Félix Eboa Eboa,Guingamp,296359.0,400000.0,100
Julien Serrano,Monaco,342216.0,250000.0,100
Gabriel Silva,Saint-Étienne,627224.0,7000000.0,100
Danilo Avelar,Amiens,140748.0,250000.0,100
Nicolas Pallois,Nantes,139279.0,300000.0,100
Racine Coly,Nice,323379.0,175000.0,100
Edgar Ié,Lille,191987.0,850000.0,100
Christophe Jallet,Nice,28335.0,250000.0,100
Mathieu Deplagne,Troyes,127128.0,300000.0,100
Moussa Niakhate,Metz,291200.0,15000000.0,100
Oualid El Hajjam,Amiens,283127.0,800000.0,100
Andrei Girotto,Nantes,270051.0,2000000.0,100
Paul Baysse,Bordeaux,43256.0,800000.0,100
Oswaldo Vizcarrondo,Troyes,55237.0,200000.0,100
Cédric Yamberé,Dijon,291140.0,200000.0,100
Ernest Seka,Strasbourg,283136.0,400000.0,100
Jimmy Giraudon,Troyes,213052.0,500000.0,100
Vahid Selimović,Metz,351072.0,300000.0,100
Yoann Salmier,Strasbourg,351843.0,1500000.0,100
Saidy Janko,Saint-Étienne,196435.0,800000.0,100
Pablo Martinez,Strasbourg,568835.0,3000000.0,100
Franck Tabanou,Guingamp,66413.0,1000000.0,100
Nicolas Cozza,Montpellier,485965.0,2500000.0,100
Julian Palmieri,Metz,45237.0,325000.0,100
Kouadio-Yves Dabila,Lille,503740.0,500000.0,100
Bakary Koné,Strasbourg,57186.0,325000.0,100
Mathieu Bodmer,Amiens,27305.0,250000.0,100
Jérémy Cordoval,Troyes,106225.0,400000.0,100
Anthony Gonçalves,Strasbourg,111528.0,200000.0,100
Gerzino Nyamsi,Rennes,378953.0,3500000.0,100
Dimitri Foulquier,Strasbourg,170472.0,900000.0,100
Gabriel Magalhães,Troyes,435338.0,75000000.0,100
Stanley N'Soki,Paris S-G,371141.0,2000000.0,96
Steven Fortes,Toulouse,276895.0,400000.0,100
Yoël Armougom,Caen,548716.0,175000.0,100
Abdallah N'dour,Strasbourg,232854.0,900000.0,96
Fodé Ballo-Touré,Lille,296422.0,900000.0,100
Prince Oniangué,Angers,60578.0,250000.0,100
Johann Obiang,Troyes,254358.0,400000.0,100
Saliou Ciss,Angers,149444.0,200000.0,100
Olivier Verdon,Bordeaux,504125.0,1700000.0,100
Dylan Lempereur,Metz,556567.0,125000.0,100
Joris Kayembe,Nantes,129586.0,2000000.0,100
Thomas Carrique,Bordeaux,540676.0,400000.0,100
Lemouya Goudiaby,Metz,468929.0,300000.0,100
Romain Perraud,Nice,318523.0,7000000.0,100
Dani Alves,Paris S-G,15951.0,1000000.0,100
Naïm Sliti,Dijon,184491.0,4500000.0,100
Dimitri Liénard,Strasbourg,314940.0,400000.0,100
Rémy Cabella,Saint-Étienne,113707.0,1200000.0,100
Benjamin Bourigeaud,Rennes,266359.0,5000000.0,100
Tanguy Ndombele,Lyon,450936.0,2500000.0,100
Wesley Sneijder,Nice,4673.0,3000000.0,100
Luiz Gustavo,Marseille,1220468.0,600000.0,100
Clément Grenier,Guingamp,72479.0,800000.0,100
Ruben Aguilar,Montpellier,203746.0,2500000.0,100
Pierre Lees-Melou,Nice,377393.0,4500000.0,100
Mathieu Dossevi,Metz,77828.0,100000.0,100
Max Gradel,Toulouse,28140.0,750000.0,100
Yann M'Vila,Saint-Étienne,60573.0,1500000.0,100
Giannelli Imbula,Toulouse,130756.0,125000.0,100
Thiago Mendes,Lille,135617.0,1300000.0,100
Jean-Eudes Aholou,Strasbourg,178313.0,800000.0,100
Boubacar Kamara,Marseille,394327.0,40000000.0,100
Lassana Diarra,Paris S-G,23914.0,2500000.0,100
Otávio,Bordeaux,231289.0,10000000.0,100
Junior Sambia,Montpellier,335147.0,2000000.0,100
Gaël Kakuta,Amiens,74297.0,250000.0,100
Saîf-Eddine Khaoui,Troyes,270411.0,2000000.0,100
Thomas Monconduit,Amiens,127182.0,600000.0,100
Stiven Mendoza,Amiens,131101.0,600000.0,100
Najib Gandi,Nantes,226276.0,200000.0,100
Benjamin Corgnet,Strasbourg,154171.0,200000.0,100
Xeka,Dijon,290256.0,800000.0,100
Hernani,Saint-Étienne,181768.0,1500000.0,100
Lukas Lerager,Bordeaux,167105.0,800000.0,100
Rony Lopes,Monaco,174694.0,1200000.0,100
Jonas Martin,Strasbourg,127142.0,300000.0,100
Yannick Cahuzac,Toulouse,44686.0,300000.0,100
Danijel Milićević,Metz,33343.0,100000.0,100
Luiz Araújo,Lille,435485.0,7000000.0,100
Emmanuel Bourgaud,Amiens,57359.0,325000.0,100
Jérémy Gélin,Rennes,288237.0,800000.0,100
Youssef Aït Bennasser,Caen,265569.0,800000.0,100
Youri Tielemans,Monaco,249565.0,30000000.0,100
Angelo Fulgini,Angers,250013.0,5000000.0,100
Bongani Zungu,Amiens,240892.0,650000.0,100
Tristan Dingomé,Troyes,126683.0,300000.0,100
Imad Faraj,Lille,371145.0,600000.0,100
Abdoul Camara,Guingamp,60588.0,1000000.0,100
Myziane Maolida,Lyon,371142.0,700000.0,100
Jonathan Cafu,Bordeaux,347100.0,450000.0,100
Paul-Georges Ntep,Saint-Étienne,148955.0,250000.0,100
Samuel Moutoussamy,Nantes,353403.0,1200000.0,100
Loïc Puyo,Angers,170916.0,200000.0,100
Yassine El Ghanassy,Nantes,90368.0,100000.0,100
Quentin Cornette,Amiens,238630.0,600000.0,100
Gerónimo Poblete,Metz,216714.0,800000.0,100
Rene Krhin,Nantes,73092.0,250000.0,100
Stef Peeters,Caen,208542.0,700000.0,100
Wesley Lautoa,Dijon,154199.0,500000.0,100
Jérémy Grimm,Strasbourg,56294.0,250000.0,100
Soualiho Meïté,Bordeaux,164913.0,1600000.0,100
Adama Diakhaby,Monaco,453594.0,600000.0,100
Brandon,Rennes,236168.0,2800000.0,100
Rachid Ghezzal,Monaco,118287.0,600000.0,100
Thiago Maia,Lille,294873.0,2500000.0,100
Durel Avounou,Caen,416168.0,600000.0,100
Lassana Coulibaly,Angers,386552.0,2200000.0,100
Enzo Loiodice,Dijon,581781.0,1200000.0,100
Jessy Deminguet,Caen,539232.0,2000000.0,100
Bryan Pelé,Troyes,170938.0,250000.0,100
Lebogang Phiri,Guingamp,253316.0,150000.0,100
Ablie Jallow,Metz,366045.0,400000.0,100
Eden Massouema,Dijon,452876.0,100000.0,100
Assane Dioussé,Saint-Étienne,287635.0,500000.0,100
Rémi Walter,Troyes,215686.0,1800000.0,100
Facundo Píriz,Montpellier,148607.0,300000.0,100
Jordi Mboula,Monaco,331498.0,500000.0,100
Yacine Adli,Paris S-G,395236.0,7500000.0,100
Sekou Baradji,Amiens,23890.0,200000.0,100
Jeff Reine-Adélaïde,Angers,326300.0,500000.0,100
Serge Gakpé,Amiens,36293.0,100000.0,100
Boubakary Soumaré,Lille,344605.0,14000000.0,100
Baissama Sankoh,Caen,171557.0,300000.0,100
Rominigue Kouamé,Lille,277635.0,2000000.0,100
Thomas Touré,Angers,187392.0,200000.0,100
Guy Ngosso,Amiens,126924.0,150000.0,95
François Bellugou,Troyes,75282.0,250000.0,100
Farid Boulaya,Metz,202318.0,800000.0,100
Nathan,Amiens,294798.0,2000000.0,100
Gil Bastião Dias,Monaco,329723.0,2000000.0,100
Pape Cheikh Diop,Lyon,336828.0,800000.0,100
Rayan Souici,Saint-Étienne,324727.0,150000.0,100
Christopher Martins,Lyon,248054.0,3500000.0,100
Vincent Nogueira,Strasbourg,56806.0,1200000.0,100
Cafú,Metz,203655.0,250000.0,100
Julien Ielsch,Amiens,18702.0,250000.0,100
Guessouma Fofana,Amiens,419999.0,200000.0,100
Faitout Maouassa,Rennes,357072.0,4000000.0,100
Quentin Boisgard,Toulouse,412671.0,400000.0,100
Jérémie Porsan-Clémenté,Montpellier,290872.0,250000.0,100
Driss Khalid,Toulouse,540727.0,200000.0,100
Timothy Weah,Paris S-G,370846.0,20000000.0,100
Adrián Sahibeddine,Dijon,,,0
Jan Repas,Caen,245083.0,700000.0,100
Timo Stavitski,Caen,363717.0,400000.0,100
Lilian Fournier,Metz,,,0
Jonathan Tinhan,Troyes,120760.0,400000.0,100
Yusuf Sarı,Marseille,517376.0,4000000.0,100
Neymar,Paris S-G,68290.0,8000000.0,100
Kylian Mbappé,Paris S-G,342229.0,180000000.0,100
Bertrand Traoré,Lyon,131996.0,4000000.0,100
Wahbi Khazri,Rennes,103565.0,600000.0,100
Mariano,Lyon,54155.0,300000.0,100
Moussa Sylla,Monaco,460655.0,1200000.0,100
Wesley Saïd,Dijon,182916.0,5000000.0,100
Allan Saint-Maximin,Nice,272642.0,10000000.0,100
Stevan Jovetić,Monaco,46104.0,700000.0,100
Jean-Luc Dompé,Amiens,291222.0,2500000.0,100
Kostas Mitroglou,Marseille,34944.0,200000.0,84
Nolan Roux,Metz,81460.0,150000.0,100
Giovanni Sio,Montpellier,76293.0,250000.0,100
Nicolas Pépé,Lille,343052.0,6000000.0,100
Martin Terrier,Strasbourg,442891.0,8000000.0,100
Lebo Mothiba,Lille,427161.0,1500000.0,100
Valère Germain,Marseille,60540.0,1500000.0,100
Nicolas de Préville,Bordeaux,122116.0,400000.0,100
Martin Braithwaite,Bordeaux,95732.0,1000000.0,100
Marcus Thuram,Guingamp,318528.0,50000000.0,100
Keita Baldé,Monaco,238752.0,900000.0,100
Jérémy Blayac,Strasbourg,29280.0,250000.0,100
Moussa Konaté,Amiens,192774.0,500000.0,100
Ismaila Sarr,Rennes,410225.0,40000000.0,100
Kalifa Coulibaly,Nantes,184935.0,600000.0,100
Alexandre Mendy,Bordeaux,290561.0,3500000.0,100
Emmanuel Rivière,Metz,61637.0,200000.0,100
Yaya Sanogo,Toulouse,127194.0,250000.0,100
Ndombe Mubele,Toulouse,,,0
Santy Ngom,Nantes,174089.0,150000.0,100
Nuno da Costa,Strasbourg,306166.0,400000.0,100
Adama Niane,Troyes,253842.0,350000.0,100
Suk Hyun-jun,Troyes,129990.0,700000.0,100
Ibrahima Niane,Metz,490417.0,2000000.0,100
Benjamin Jeannot,Dijon,111048.0,300000.0,100
Harrison Manzala,Amiens,268555.0,200000.0,100
Stéphane Bahoken,Strasbourg,170953.0,950000.0,100
Lacina Traoré,Amiens,69006.0,75000.0,100
Idriss Saadi,Strasbourg,111057.0,400000.0,100
Diafra Sakho,Rennes,120610.0,250000.0,100
Enzo Crivelli,Caen,291110.0,900000.0,100
Seybou Koita,Amiens,402010.0,2500000.0,86
Amine Gouiri,Lyon,418659.0,28000000.0,100
Yeni Ngbakoto,Guingamp,111053.0,200000.0,100
Brian Fernández,Metz,267676.0,150000.0,100
Ignatius Ganago,Nice,531949.0,2000000.0,100
Lois Diony,Saint-Étienne,126552.0,1500000.0,100
Baptiste Guillaume,Angers,264567.0,300000.0,100
Ezequiel Ponce,Lille,296783.0,4000000.0,100
Jordan Tell,Rennes,272644.0,600000.0,100
Ervin Taha,Bordeaux,394330.0,150000.0,100
Ihsan Sacko,Nice,412095.0,500000.0,100
Pietro Pellegri,Monaco,364133.0,3000000.0,100
Habib Diallo,Brest,344888.0,4000000.0,100
Willem Geubbels,Lyon,463620.0,5000000.0,100
Bryan Mbeumo,Troyes,413039.0,75000000.0,100
Wilfried Kanga,Angers,395523.0,3000000.0,100
Jean-Victor Makengo,Nice,322305.0,6000000.0,100
Georges Gope-Fenepej,Amiens,177781.0,150000.0,100
Vagner Gonçalves,Saint-Étienne,355367.0,275000.0,100
Charly Charrier,Amiens,180091.0,400000.0,100
Brighton Labeau,Amiens,342227.0,500000.0,100
Kévin Zohi,Strasbourg,524929.0,600000.0,100
John Ruddy,Wolves,29712.0,100000.0,100
Fabri,Fulham,642589.0,900000.0,100
Mark Travers,Bournemouth,357658.0,3000000.0,100
Alisson,Liverpool,105470.0,15000000.0,100
Łukasz Fabiański,West Ham,29692.0,150000.0,96
Vicente Guaita,Crystal Palace,64399.0,400000.0,100
Neil Etheridge,Cardiff City,61694.0,500000.0,100
Bernd Leno,Arsenal,72476.0,6000000.0,100
Kepa Arrizabalaga,Chelsea,192279.0,5000000.0,100
David Button,Brighton,61814.0,250000.0,100
Ben Foster,Watford,13572.0,300000.0,100
Sergio Rico,Fulham,207302.0,1500000.0,100
Joe Hart,Burnley,40204.0,500000.0,100
Rui Patrício,Wolves,45026.0,600000.0,100
Joel Coleman,Huddersfield,285551.0,250000.0,100
Angus Gunn,Southampton,201574.0,1000000.0,100
Marcus Bettinelli,Fulham,116648.0,300000.0,100
Ben Hamer,Huddersfield,67283.0,200000.0,100
Will Norris,Wolves,285033.0,350000.0,100
Lucas Digne,Everton,126664.0,6000000.0,100
Fabian Schär,Newcastle Utd,135343.0,4000000.0,100
Sol Bamba,Cardiff City,28984.0,250000.0,100
Romain Saïss,Wolves,204198.0,1200000.0,100
Issa Diop,West Ham,272622.0,8000000.0,100
Jannik Vestergaard,Southampton,99331.0,1000000.0,100
Willy Boly,Wolves,142310.0,300000.0,100
Matt Doherty,Wolves,171679.0,1000000.0,100
Ricardo Pereira,Leicester City,215876.0,3000000.0,100
Bernardo,Brighton,719646.0,5000000.0,100
Kurt Zouma,Everton,157509.0,25000000.0,100
Sokratis Papastathopoulos,Arsenal,34322.0,700000.0,100
Jonny Evans,Leicester City,42412.0,2000000.0,100
Sean Morrison,Cardiff City,79723.0,900000.0,100
Fabián Balbuena,West Ham,285548.0,900000.0,100
Ryan Bennett,Wolves,67252.0,250000.0,100
Adam Masina,Watford,286949.0,1000000.0,100
Ben Gibson,Burnley,128904.0,2000000.0,100
Joe Bryan,Fulham,194460.0,2200000.0,100
Federico Fernández,Newcastle Utd,85475.0,500000.0,100
Conor Coady,Wolves,128901.0,1500000.0,100
Diogo Dalot,Manchester Utd,357147.0,30000000.0,100
Jonny Castro,Wolves,14279.0,300000.0,100
Calum Chambers,Fulham,215118.0,4000000.0,100
Yerry Mina,Everton,289446.0,2500000.0,100
Joe Bennett,Cardiff City,90964.0,300000.0,100
Bruno Ecuele Manga,Cardiff City,60990.0,250000.0,100
Alfie Mawson,Fulham,287431.0,2500000.0,100
Maxime Le Marchand,Fulham,60558.0,1000000.0,100
Martín Montoya,Brighton,68645.0,350000.0,100
Denis Odoi,Fulham,59641.0,150000.0,100
Ryan Fredericks,West Ham,140191.0,1000000.0,100
Juan Foyth,Tottenham,480763.0,8000000.0,100
Lee Peltier,Cardiff City,38094.0,200000.0,100
Håvard Nordtveit,Fulham,42234.0,600000.0,100
Chris Mepham,Bournemouth,480987.0,3000000.0,100
Rúben Vinagre,Wolves,357158.0,1500000.0,100
Leon Balogun,Brighton,56100.0,150000.0,100
Diego Rico,Bournemouth,249513.0,1000000.0,100
Greg Cunningham,Cardiff City,114093.0,300000.0,100
Cyrus Christie,Fulham,158623.0,1000000.0,100
Ryan Sessegnon,Fulham,392775.0,22000000.0,100
Nathaniel Clyne,Bournemouth,85177.0,300000.0,100
Timothy Fosu-Mensah,Fulham,315131.0,800000.0,100
Çağlar Söyüncü,Leicester City,320141.0,3500000.0,100
Erik Durm,Huddersfield,93922.0,600000.0,100
Tim Ream,Fulham,145466.0,150000.0,100
Yan Valery,Southampton,406008.0,1500000.0,100
Carlos Sánchez,West Ham,803608.0,3000000.0,100
Stephan Lichtsteiner,Arsenal,2865.0,800000.0,100
Jazz Richards,Cardiff City,120241.0,50000.0,100
Ben Johnson,West Ham,468002.0,7000000.0,100
Kayne Ramsey,Southampton,530879.0,200000.0,91
Demeaco Duhaney,Huddersfield,380913.0,300000.0,100
Ben Wilmot,Watford,467599.0,6000000.0,100
Max Kilman,Wolves,,,0
Tyreke Johnson,Southampton,37517.0,300000.0,80
James Maddison,Leicester City,294057.0,20000000.0,100
Riyad Mahrez,Manchester City,171424.0,5000000.0,100
Youri Tielemans,Leicester City,249565.0,30000000.0,100
João Moutinho,Wolves,461906.0,600000.0,100
Felipe Anderson,West Ham,159372.0,1500000.0,100
Jorginho,Chelsea,102017.0,4000000.0,100
Miguel Almirón,Newcastle Utd,272999.0,7000000.0,100
Xherdan Shaqiri,Liverpool,86792.0,1500000.0,100
Jean Seri,Fulham,178614.0,1500000.0,100
Jack Wilshere,West Ham,74223.0,500000.0,100
Rúben Neves,Wolves,225161.0,25000000.0,100
David Brooks,Bournemouth,277033.0,12000000.0,100
Fabinho,Liverpool,225693.0,12000000.0,100
Jefferson Lerma,Bournemouth,262980.0,6000000.0,100
Sean Longstaff,Newcastle Utd,346707.0,15000000.0,100
Lucas Torreira,Arsenal,318077.0,10000000.0,100
Tom Cairney,Fulham,123275.0,500000.0,100
Ki Sung-yueng,Newcastle Utd,81796.0,375000.0,100
Samir Nasri,West Ham,18935.0,1600000.0,100
Leander Dendoncker,Wolves,168157.0,1800000.0,100
Víctor Camarasa,Cardiff City,263856.0,800000.0,100
Mateo Kovačić,Chelsea,51471.0,10000000.0,100
Mattéo Guendouzi,Arsenal,465830.0,27000000.0,100
Jon Gorenc Stanković,Huddersfield,245034.0,2500000.0,100
Bobby De Cordova-Reid,Cardiff City,186186.0,700000.0,100
Max Meyer,Crystal Palace,146164.0,3000000.0,100
Fred,Manchester Utd,191614.0,4500000.0,100
Ivan Cavaleiro,Wolves,149716.0,350000.0,100
Mohamed Elyounoussi,Southampton,186644.0,4000000.0,100
Harry Arter,Cardiff City,55742.0,400000.0,100
Aron Gunnarsson,Cardiff City,63821.0,200000.0,100
Naby Keïta,Liverpool,302215.0,2000000.0,100
Andriy Yarmolenko,West Ham,69015.0,1000000.0,100
Stuart Armstrong,Southampton,130765.0,200000.0,100
Yves Bissouma,Brighton,410425.0,10000000.0,100
Harvey Elliott,Fulham,565822.0,20000000.0,100
Marc Navarro,Watford,335245.0,300000.0,100
Joe Ralls,Cardiff City,195680.0,1800000.0,100
Rachid Ghezzal,Leicester City,118287.0,600000.0,100
Oliver Skipp,Tottenham,406638.0,7000000.0,100
Karlan Grant,Huddersfield,314183.0,4500000.0,100
Andre-Frank Zambo Anguissa,Fulham,,,0
Floyd Ayité,Fulham,77974.0,250000.0,100
Cheikhou Kouyaté,Crystal Palace,66934.0,1000000.0,100
Bernard,Everton,175169.0,600000.0,100
Kadeem Harris,Cardiff City,136501.0,400000.0,100
Domingos Quina,Watford,391719.0,1500000.0,100
Juninho Bacuna,Huddersfield,348863.0,1700000.0,100
Luke Amos,Tottenham,258912.0,350000.0,100
Tahith Chong,Manchester Utd,344830.0,6000000.0,100
Josh Murphy,Cardiff City,199528.0,700000.0,100
Morgan Gibbs-White,Wolves,429014.0,70000000.0,100
Neeskens Kebano,Fulham,111422.0,2000000.0,100
André Gomes,Everton,221025.0,3000000.0,100
Grady Diangana,West Ham,342048.0,2000000.0,100
Kevin McDonald,Fulham,36529.0,100000.0,100
Stefan Johansen,Fulham,62008.0,600000.0,100
Antonio Barreca,Newcastle Utd,241889.0,800000.0,100
Ramadan Sobhi,Huddersfield,312017.0,3000000.0,100
Ken Sema,Watford,252345.0,800000.0,100
Adama Diakhaby,Huddersfield,453594.0,600000.0,100
Jason Puncheon,Huddersfield,47995.0,300000.0,100
Ibrahima Cissé,Fulham,1473866.0,900000.0,100
Leandro Bacuna,Cardiff City,126014.0,900000.0,100
Lazar Marković,Fulham,144303.0,1200000.0,100
Matty Daly,Huddersfield,566349.0,250000.0,100
Callum Slattery,Southampton,332342.0,700000.0,100
Loïc Damour,Cardiff City,81190.0,200000.0,100
Denis Suárez,Arsenal,165007.0,1000000.0,100
Aaron Rowe,Huddersfield,657994.0,150000.0,100
James Garner,Manchester Utd,505219.0,45000000.0,100
Luke Dreher,Crystal Palace,,,0
Raúl Jiménez,Wolves,206040.0,3000000.0,100
Danny Ings,Southampton,134294.0,3500000.0,100
Aleksandar Mitrović,Fulham,51152.0,10000000.0,100
Salomón Rondón,Newcastle Utd,80197.0,350000.0,100
Ryan Babel,Fulham,16135.0,150000.0,100
Diogo Jota,Wolves,340950.0,40000000.0,100
Michy Batshuayi,Crystal Palace,179184.0,2000000.0,100
Gonzalo Higuaín,Chelsea,39153.0,1000000.0,100
Nathaniel Mendez-Laing,Cardiff City,125409.0,250000.0,100
Adama Traoré,Wolves,204103.0,6000000.0,100
André Schürrle,Fulham,58205.0,4500000.0,100
Richarlison,Everton,378710.0,25000000.0,100
Mason Greenwood,Manchester Utd,532826.0,55000000.0,100
Callum Paterson,Cardiff City,169555.0,900000.0,100
Jordan Ayew,Crystal Palace,108354.0,1800000.0,100
Lucas Pérez,West Ham,73185.0,300000.0,100
Dominic Solanke,Bournemouth,258889.0,28000000.0,100
Luciano Vietto,Fulham,214316.0,1200000.0,100
Aboubakar Kamara,Fulham,290951.0,2500000.0,100
Danny Ward,Cardiff City,124172.0,700000.0,100
Kenneth Zohore,Cardiff City,135213.0,400000.0,100
Peter Crouch,Burnley,4072.0,1000000.0,100
Xande Silva,West Ham,258011.0,700000.0,100
Sam Surridge,Bournemouth,398402.0,8000000.0,100
Matěj Vydra,Burnley,101500.0,600000.0,100
Hélder Costa,Wolves,173900.0,350000.0,100
Yoshinori Mutō,Newcastle Utd,230541.0,700000.0,100
Léo Bonatini,Wolves,181781.0,1200000.0,100
Isaac Mbenza,Huddersfield,260806.0,350000.0,100
Bukayo Saka,Arsenal,433177.0,110000000.0,100
Rhys Healey,Cardiff City,238185.0,2000000.0,100
Alireza Jahanbakhsh,Brighton,213268.0,500000.0,100
Oumar Niasse,Cardiff City,209781.0,200000.0,100
Florin Andone,Brighton,177065.0,800000.0,100
Gary Madine,Cardiff City,66994.0,250000.0,100
Junior Hoilett,Cardiff City,58993.0,50000.0,100
Sam Gallagher,Southampton,227183.0,2800000.0,100
Rafael Camacho,Liverpool,400831.0,1000000.0,100
Juan Soriano,Sevilla,251892.0,1000000.0,100
Joel Robles,Betis,101118.0,350000.0,100
Antonio Adán,Atlético Madrid,44062.0,500000.0,100
David Soria,Getafe,226012.0,2800000.0,100
Andriy Lunin,Leganés,404839.0,12000000.0,100
Aitor Fernández,Levante,118997.0,500000.0,100
Roberto Santamaría,Huesca,35541.0,50000.0,100
Jordi Masip,Valladolid,65263.0,1000000.0,100
Thibaut Courtois,Real Madrid,108390.0,15000000.0,100
Pau López,Betis,286415.0,2500000.0,100
Tomáš Vaclík,Sevilla,64000.0,300000.0,100
Stole Dimitrievski,Rayo Vallecano,165467.0,2000000.0,100
Alberto Garcia,Rayo Vallecano,58497.0,100000.0,100
Unai Simón,Athletic Club,262396.0,22000000.0,100
Aleksandar Jovanović,Huesca,256567.0,500000.0,100
Javier Díaz,Sevilla,495116.0,900000.0,90
Leandro Chichizola,Getafe,95736.0,400000.0,100
Axel Werner,Huesca,236734.0,400000.0,100
Yoel Rodríguez,Valladolid,58115.0,600000.0,100
Andrés Solano,Atlético Madrid,461618.0,250000.0,100
Sergio Reguilón,Real Madrid,282429.0,3500000.0,100
Nacho,Valladolid,23287.0,1200000.0,100
Santiago Arias,Atlético Madrid,120443.0,1200000.0,100
Catena,Rayo Vallecano,449796.0,2600000.0,100
Lucas Olaza,Celta Vigo,216240.0,3500000.0,100
Jonathan Silva,Leganés,189453.0,800000.0,100
Rúben Vezo,Levante,257851.0,500000.0,100
Néstor Araujo,Celta Vigo,64134.0,350000.0,100
Yuri Berchiche,Athletic Club,61812.0,1000000.0,100
Roberto Rosales,Espanyol,49500.0,75000.0,100
Ximo Navarro,Alavés,184767.0,600000.0,100
Wesley Hoedt,Celta Vigo,253765.0,1200000.0,100
Clément Lenglet,Barcelona,182904.0,4000000.0,100
Peru Nolaskoain,Athletic Club,447052.0,1000000.0,100
Jean-Clair Todibo,Barcelona,605184.0,22000000.0,100
Sergi Gómez,Sevilla,92947.0,300000.0,100
Kenneth Omeruo,Leganés,131708.0,2000000.0,100
Emiliano Velázquez,Rayo Vallecano,189458.0,1000000.0,100
Sidnei,Betis,27374.0,250000.0,100
Ramiro Funes Mori,Villarreal,11111.0,25000.0,100
Juanfran,Leganés,7542.0,100000.0,100
Abdoulaye Ba,Rayo Vallecano,106837.0,300000.0,100
Mario Suárez,Rayo Vallecano,37337.0,300000.0,100
Raúl Carnero,Girona,139434.0,200000.0,100
Martín Mantovani,Huesca,73180.0,50000.0,100
Álvaro Odriozola,Real Madrid,280730.0,800000.0,100
Joris Gnagnon,Sevilla,378954.0,300000.0,100
Javi Galán,Huesca,448628.0,1800000.0,100
Kiko Olivas,Valladolid,51667.0,800000.0,100
Fernando Calero,Valladolid,357884.0,2000000.0,100
Rodrigo Tarín,Leganés,131505.0,5000000.0,100
Diego Reyes,Leganés,131090.0,650000.0,100
Jeison Murillo,Barcelona,131102.0,900000.0,100
Maximilian Wöber,Sevilla,263361.0,3000000.0,100
Mouctar Diakhaby,Valencia,346289.0,1500000.0,100
David Juncà,Celta Vigo,164055.0,300000.0,100
Jorge Pulido,Huesca,67546.0,1200000.0,100
Vasyl Kravets,Leganés,245048.0,300000.0,100
Robin Le Normand,Real Sociedad,351809.0,20000000.0,100
Miguel Layún,Villarreal,58576.0,700000.0,100
Allan Nyom,Leganés,111508.0,100000.0,100
Luis Advíncula,Rayo Vallecano,103890.0,150000.0,100
Theo Hernández,Real Sociedad,339808.0,20000000.0,100
Cristiano Piccini,Valencia,163086.0,700000.0,100
Facundo Roncaglia,Valencia,61546.0,200000.0,100
Xabier Etxeita,Huesca,71559.0,300000.0,92
Moisés Delgado,Valladolid,368468.0,4000000.0,100
Joaquín Fernández,Valladolid,221321.0,1500000.0,100
Aleix Vidal,Sevilla,88490.0,1000000.0,100
Marc Cucurella,Eibar,284857.0,50000000.0,100
Ignasi Miquel,Getafe,70245.0,1200000.0,100
Adrià Pedrosa,Espanyol,501418.0,2800000.0,100
Aihen Muñoz,Real Sociedad,517842.0,2500000.0,100
Álex Gálvez,Rayo Vallecano,1195704.0,125000.0,100
Javi Moyano,Valladolid,71204.0,50000.0,100
Pedro Porro,Girona,553875.0,35000000.0,100
Álex Moreno,Rayo Vallecano,193098.0,3000000.0,100
Rúben Semedo,Huesca,197602.0,300000.0,100
Júnior Alonso,Celta Vigo,273000.0,1500000.0,100
Carlos Akapo,Huesca,225015.0,1000000.0,100
Emerson,Betis,181778.0,9000000.0,100
Xavi Quintillà,Villarreal,204102.0,600000.0,100
Pablo Insua,Huesca,171362.0,800000.0,100
Kevin Vázquez,Celta Vigo,221315.0,800000.0,100
Pedro Bigas,Eibar,203043.0,300000.0,100
Anuar,Valladolid,327126.0,800000.0,100
Adrián Diéguez,Huesca,355335.0,600000.0,100
Ander Capa,Athletic Club,197545.0,1800000.0,100
Moussa Wagué,Barcelona,364240.0,300000.0,100
Miguel Juan Llambrich,Villarreal,662332.0,12000000.0,100
Jordi Amat,Rayo Vallecano,85289.0,550000.0,100
Javi Montero,Atlético Madrid,396333.0,1500000.0,100
Antoñito,Valladolid,62144.0,200000.0,100
Luisinho,Huesca,56777.0,200000.0,100
Dimitri Foulquier,Getafe,170472.0,900000.0,100
Adrián Marín,Alavés,295414.0,1500000.0,100
Javi Sánchez,Real Madrid,340853.0,800000.0,100
Sergio Akieme,Rayo Vallecano,355627.0,7000000.0,100
Lluis López,Espanyol,262391.0,600000.0,100
Rajko Brežančić,Huesca,60289.0,50000.0,100
Cristian Ganea,Athletic Club,262117.0,200000.0,100
Iván Alejo,Getafe,281755.0,1500000.0,100
Jordi Calavera,Eibar,286849.0,300000.0,100
Santi Cazorla,Villarreal,15799.0,200000.0,100
Sergio Canales,Betis,66106.0,3000000.0,100
Rodri,Atlético Madrid,357565.0,50000000.0,100
Giovani Lo Celso,Betis,348795.0,8000000.0,100
Arturo Vidal,Barcelona,37666.0,175000.0,100
Jony,Alavés,228761.0,300000.0,100
Ander Guevara,Real Sociedad,465967.0,2500000.0,100
Jorge Miramón,Huesca,228917.0,1500000.0,100
Míchel,Valladolid,887834.0,600000.0,100
Okay Yokuşlu,Celta Vigo,137616.0,1200000.0,100
Rubén Alcaraz,Valladolid,247250.0,1500000.0,100
Brahim Díaz,Real Madrid,314678.0,35000000.0,100
Vicente Iborra,Villarreal,65467.0,300000.0,100
William Carvalho,Betis,100131.0,1000000.0,100
Manu Morlanes,Villarreal,335225.0,2400000.0,100
Daniel Wass,Valencia,63463.0,400000.0,100
Óscar Rodríguez Arnaiz,Leganés,85314.0,7500000.0,100
Thomas Lemar,Atlético Madrid,205562.0,1800000.0,100
Malcom,Barcelona,323704.0,18000000.0,100
Álvaro Medrán,Rayo Vallecano,253839.0,3200000.0,100
Arthur Melo,Barcelona,362842.0,4000000.0,100
Álex Gallar,Huesca,210143.0,700000.0,100
Moi Gómez,Huesca,175449.0,1500000.0,100
Martín Zubimendi,Real Sociedad,423440.0,75000000.0,100
Cristian Rivera,Huesca,55382.0,750000.0,100
Mikel Merino,Real Sociedad,338424.0,25000000.0,100
Gorka Elustondo,Rayo Vallecano,47647.0,400000.0,100
Federico Valverde,Real Madrid,369081.0,90000000.0,100
Santiago Cáseres,Villarreal,466298.0,2000000.0,100
David Ferreiro,Huesca,71918.0,300000.0,100
Sandro Ramírez,Real Sociedad,199369.0,1500000.0,100
Dani García,Athletic Club,178425.0,700000.0,100
Sanjin Prcić,Levante,125783.0,1200000.0,100
Sergio Álvarez,Eibar,138935.0,1200000.0,100
Nemanja Maksimović,Getafe,273152.0,4000000.0,100
Ibrahim Amadou,Sevilla,205503.0,1500000.0,100
Recio,Leganés,150948.0,300000.0,100
Toni Villa,Valladolid,337066.0,400000.0,100
Giannelli Imbula,Rayo Vallecano,130756.0,125000.0,100
Takashi Inui,Alavés,98249.0,125000.0,100
Óscar Trejo,Rayo Vallecano,30321.0,300000.0,100
Waldo Rubio,Valladolid,404688.0,800000.0,100
Hacen,Valladolid,321629.0,200000.0,100
Fran Manzanara,Levante,385084.0,400000.0,100
Lluís Sastre,Huesca,8108.0,50000.0,100
Marko Rog,Sevilla,317482.0,250000.0,100
Samuel Sáiz,Getafe,814454.0,100000.0,100
Juanpi,Huesca,256680.0,350000.0,100
Santi Comesaña,Rayo Vallecano,380598.0,8000000.0,100
Damián Musto,Huesca,67823.0,200000.0,100
Bryan Gil,Sevilla,537382.0,8000000.0,100
Pablo Hervías,Valladolid,142027.0,500000.0,100
Sebastián Cristóforo,Getafe,188157.0,800000.0,100
Luca Sangalli,Real Sociedad,289286.0,600000.0,100
Álvaro García,Rayo Vallecano,257062.0,1500000.0,100
Riqui Puig,Barcelona,331511.0,10000000.0,100
Unai López,Athletic Club,192009.0,2500000.0,100
Pablo de Blasis,Eibar,75446.0,350000.0,100
Mikel Vesga,Leganés,300168.0,1200000.0,100
Fran Beltrán,Celta Vigo,423444.0,4000000.0,100
Gelson Martins,Atlético Madrid,257448.0,2500000.0,100
Valery Fernández,Girona,331496.0,1000000.0,100
Borja Fernández,Valladolid,271988.0,200000.0,100
Robert Ibáñez,Getafe,1084714.0,2500000.0,100
Maxime Gonalons,Sevilla,60542.0,700000.0,100
Leonardo Suárez,Valladolid,44358.0,150000.0,100
Javi Puado,Espanyol,408471.0,7500000.0,100
José Pozo,Rayo Vallecano,195605.0,400000.0,100
Ander Barrenetxea,Real Sociedad,616369.0,18000000.0,100
Carles Pérez,Barcelona,282810.0,1800000.0,100
Lee Kang-in,Valencia,557149.0,28000000.0,100
Juanjo Camacho,Huesca,26148.0,100000.0,100
Álex López,Espanyol,313113.0,400000.0,100
Dani Ojeda,Leganés,111621.0,900000.0,100
Juan Aguilera,Huesca,75820.0,100000.0,100
Gonzalo Melero,Huesca,162056.0,1800000.0,100
Wilfrid Kaptoum,Betis,256120.0,200000.0,100
Darko Brašanac,Alavés,95641.0,400000.0,100
Diego Lainez,Betis,371174.0,7000000.0,100
Uche Henry Agbo,Rayo Vallecano,262689.0,375000.0,100
Yangel Herrera,Huesca,378293.0,6000000.0,100
Kevin-Prince Boateng,Barcelona,16922.0,700000.0,100
Nikola Vukčević,Levante,151470.0,600000.0,100
Roberto López,Real Sociedad,569866.0,1000000.0,100
Alejandro Blanco,Alavés,823269.0,300000.0,86
Paik Seung-ho,Girona,282689.0,2000000.0,100
Manuel Iturra,Villarreal,40428.0,300000.0,100
Pere Milla,Eibar,225593.0,1000000.0,100
Mathias Jensen,Celta Vigo,319859.0,10000000.0,100
Patrick Roberts,Girona,225452.0,3200000.0,100
Gaël Kakuta,Rayo Vallecano,74297.0,250000.0,100
Serdar Gürler,Huesca,98512.0,150000.0,100
Álex Collado,Barcelona,282722.0,3000000.0,100
Miguel Marí,Eibar,398738.0,200000.0,100
Alfa Semedo,Espanyol,359210.0,900000.0,100
Cristo González,Real Madrid,339707.0,4500000.0,100
Joaquín Muñoz,Atlético Madrid,396334.0,1000000.0,100
Alex Sola,Real Sociedad,434990.0,2000000.0,100
Sergio Camello,Atlético Madrid,505674.0,3000000.0,100
Jonathan Calleri,Alavés,284727.0,1500000.0,100
Álvaro Morata,Atlético Madrid,128223.0,6000000.0,100
Borja Iglesias,Espanyol,278359.0,2800000.0,100
Jaime Mata,Getafe,227961.0,900000.0,100
Miguel,Valladolid,14514.0,600000.0,100
Guido Carrillo,Leganés,184672.0,300000.0,100
Raúl de Tomás,Rayo Vallecano,162038.0,500000.0,100
André Silva,Sevilla,198008.0,3000000.0,100
Gerard Moreno,Villarreal,177467.0,2500000.0,100
Ezequiel Ávila,Huesca,525828.0,400000.0,100
Enric Gallego,Huesca,114060.0,600000.0,100
Vinicius Júnior,Real Madrid,371998.0,140000000.0,100
Youssef En-Nesyri,Leganés,433049.0,17000000.0,100
Borja Garcés,Atlético Madrid,566036.0,2000000.0,100
Munir El Haddadi,Sevilla,223725.0,2500000.0,100
Karl Toko Ekambi,Villarreal,315110.0,5000000.0,100
Quincy Promes,Sevilla,182381.0,6000000.0,100
Cucho,Huesca,459463.0,18000000.0,100
Sergi Guardiola,Valladolid,256429.0,800000.0,100
Ryad Boudebouz,Celta Vigo,77826.0,1200000.0,100
Martin Braithwaite,Leganés,95732.0,1000000.0,100
Óscar Plano,Valladolid,221309.0,2500000.0,100
Sofiane Boufal,Celta Vigo,232271.0,1800000.0,100
Enes Ünal,Valladolid,251106.0,7000000.0,100
Kévin Gameiro,Valencia,27389.0,700000.0,100
Samuel Chukwueze,Villarreal,401922.0,18000000.0,100
Wu Lei,Espanyol,140436.0,2000000.0,100
Borja Mayoral,Levante,298976.0,6000000.0,100
Daniele Verde,Valladolid,256361.0,700000.0,100
Abel Ruiz,Barcelona,340376.0,2000000.0,100
Borja Bastón,Alavés,85324.0,3500000.0,100
Rubén Sobrino,Valencia,85383.0,1400000.0,100
Marc Cardona,Eibar,443222.0,1400000.0,100
Nikola Kalinić,Atlético Madrid,36371.0,300000.0,100
Sabin Merino,Leganés,192736.0,500000.0,100
Jesé,Betis,134936.0,1000000.0,100
Álex Alegría,Rayo Vallecano,178187.0,150000.0,100
Keko,Valladolid,66112.0,200000.0,100
Michael Santos,Leganés,178107.0,350000.0,100
Facundo Ferreyra,Espanyol,93795.0,250000.0,100
Seydou Doumbia,Girona,75287.0,200000.0,100
Diego Rolán,Alavés,193938.0,700000.0,100
Kenan Kodro,Athletic Club,197126.0,500000.0,100
Michy Batshuayi,Valencia,179184.0,2000000.0,100
Dennis Eckert,Celta Vigo,249303.0,2000000.0,100
Duje Čop,Valladolid,46415.0,100000.0,100
Raphael Dwamena,Levante,254290.0,700000.0,100
Patrick Twumasi,Alavés,188651.0,325000.0,100
Stiven Plaza,Valladolid,591375.0,150000.0,100
José Arnaiz,Leganés,364603.0,900000.0,100
Samuele Longo,Huesca,124560.0,250000.0,100
Moses Simon,Levante,274862.0,7000000.0,100
Gorka Guruzeta,Athletic Club,340205.0,5000000.0,100
Ivi,Valladolid,282371.0,600000.0,100
Franco Di Santo,Rayo Vallecano,59783.0,350000.0,100
Chris Ramos,Valladolid,538810.0,2500000.0,100
Sergio Moreno,Rayo Vallecano,607779.0,300000.0,100
Emmanuel Apeh,Celta Vigo,463332.0,450000.0,100
Victor Mollejo,Atlético Madrid,505673.0,300000.0,100
Martín Merquelanz,Real Sociedad,289272.0,600000.0,100
Frederik Rønnow,Eint Frankfurt,107775.0,2000000.0,96
Samuel Sahin-Radlinger,Hannover 96,77563.0,450000.0,100
Mark Flekken,Freiburg,125714.0,6000000.0,100
Kevin Trapp,Eint Frankfurt,45672.0,1800000.0,100
Pavao Pervan,Wolfsburg,51977.0,300000.0,100
Christian Mathenia,Nürnberg,82361.0,600000.0,100
Lukáš Hrádecký,Leverkusen,48015.0,1500000.0,100
Michael Rensing,Düsseldorf,2421.0,300000.0,100
Stefanos Kapino,Werder Bremen,68410.0,350000.0,100
Jaroslav Drobný,Düsseldorf,12864.0,50000.0,100
Gregor Kobel,Augsburg,257814.0,40000000.0,100
Fabian Bredlow,Nürnberg,187624.0,700000.0,100
Luca Plogmann,Werder Bremen,335997.0,300000.0,100
Fabian Giefer,Augsburg,53408.0,100000.0,100
Marwin Hitz,Dortmund,59238.0,100000.0,100
George Timotheou,Schalke 04,344677.0,250000.0,100
Jordan Beyer,Gladbach,403898.0,1500000.0,100
Almamy Touré,Eint Frankfurt,216181.0,2000000.0,100
Salif Sané,Schalke 04,126534.0,300000.0,100
Markus Suttner,Düsseldorf,31514.0,400000.0,100
Nordi Mukiele,RB Leipzig,348026.0,16000000.0,100
Kaan Ayhan,Düsseldorf,119031.0,1500000.0,100
Abdou Diallo,Dortmund,229005.0,9000000.0,100
Nico Schlotterbeck,Freiburg,388198.0,55000000.0,100
Achraf Hakimi,Dortmund,398073.0,80000000.0,100
Ewerton,Nürnberg,214070.0,600000.0,100
Jérôme Roussillon,Wolfsburg,127076.0,600000.0,100
Justin Hoogma,Hoffenheim,411287.0,500000.0,100
Martin Hinteregger,Eint Frankfurt,85789.0,9000000.0,100
Marc-Oliver Kempf,Stuttgart,160938.0,3500000.0,94
Ozan Kabak,Stuttgart,361260.0,15000000.0,100
Joshua Brenet,Hoffenheim,207006.0,1000000.0,100
Georg Margreitter,Nürnberg,51325.0,100000.0,100
Keven Schlotterbeck,Freiburg,413843.0,6000000.0,100
Moussa Niakhate,Mainz 05,291200.0,15000000.0,100
Matthias Zimmermann,Düsseldorf,86848.0,800000.0,100
Enrico Valentini,Nürnberg,40605.0,300000.0,100
Marcelo Saracchi,RB Leipzig,373916.0,2000000.0,100
Dominique Heintz,Freiburg,110036.0,600000.0,100
Niko Gießelmann,Düsseldorf,72792.0,1000000.0,100
Michael Lang,Gladbach,51346.0,200000.0,100
Lukas Mühl,Nürnberg,279079.0,200000.0,100
Patrick Erras,Nürnberg,193859.0,300000.0,100
André Hoffmann,Düsseldorf,85164.0,900000.0,100
Marcin Kamiński,Düsseldorf,129358.0,250000.0,100
Kevin Wimmer,Hannover 96,122675.0,500000.0,100
Obite N'Dicka,Eint Frankfurt,,,0
Robert Bauer,Nürnberg,179634.0,800000.0,100
Lukas Klünter,Hertha BSC,282577.0,500000.0,100
Tim Leibold,Nürnberg,185699.0,1000000.0,100
Hamza Mendyl,Schalke 04,447221.0,800000.0,100
Kasim Nuhu,Hoffenheim,,,0
Alexander Fuchs,Nürnberg,278323.0,150000.0,100
Roland Sallai,Freiburg,332798.0,14000000.0,100
Felix Götze,Augsburg,330635.0,400000.0,100
Kevin Akpoguma,Hannover 96,160241.0,1500000.0,100
Reece Oxford,Augsburg,314295.0,450000.0,100
Ahmet Gürleyen,Mainz 05,397696.0,500000.0,100
Jeffrey Bruma,Schalke 04,88721.0,250000.0,100
Robin Bormuth,Düsseldorf,283286.0,800000.0,100
Pablo Maffeo,Stuttgart,251876.0,3000000.0,100
Derrick Luckassen,Hertha BSC,241457.0,1200000.0,100
Alphonso Davies,Bayern Munich,424204.0,40000000.0,100
Lukas Jäger,Nürnberg,120206.0,200000.0,100
Antonis Aidonis,Stuttgart,405674.0,300000.0,100
Jozo Stanić,Augsburg,333450.0,2000000.0,100
Kevin Stöger,Düsseldorf,106872.0,1800000.0,100
Tyler Adams,RB Leipzig,332705.0,25000000.0,100
Thomas Delaney,Dortmund,91849.0,500000.0,100
Axel Witsel,Dortmund,35047.0,1200000.0,100
Filip Kostić,Eint Frankfurt,161011.0,2000000.0,100
Serge Gnabry,Bayern Munich,159471.0,18000000.0,100
Leandro Barreiro Martins,Mainz 05,357233.0,18000000.0,100
Aarón Martín,Mainz 05,251878.0,5000000.0,100
Sebastian Rode,Eint Frankfurt,44466.0,1000000.0,100
Marko Grujić,Hertha BSC,222813.0,1800000.0,100
Leon Goretzka,Bayern Munich,153084.0,12000000.0,100
Jean-Paul Boëtius,Mainz 05,182574.0,1200000.0,100
Rouwen Hennings,Düsseldorf,16311.0,300000.0,100
Reiss Nelson,Hoffenheim,340325.0,8000000.0,100
Pierre Kunde,Mainz 05,339829.0,1500000.0,100
Alassane Pléa,Gladbach,167329.0,2500000.0,100
Matheus Pereira,Nürnberg,225984.0,14000000.0,100
Dodi Lukebakio,Düsseldorf,303259.0,15000000.0,100
Davy Klaassen,Werder Bremen,182932.0,2000000.0,100
Nuri Şahin,Werder Bremen,31095.0,1000000.0,100
Jérôme Gondorf,Freiburg,77108.0,400000.0,100
Nicolás González,Stuttgart,99523.0,100000.0,100
Lucas Torró,Eint Frankfurt,213670.0,2500000.0,100
Amadou Haidara,RB Leipzig,402008.0,5000000.0,100
Florian Neuhaus,Gladbach,278332.0,2500000.0,100
André Hahn,Augsburg,42783.0,800000.0,100
Florent Muslija,Hannover 96,337036.0,1800000.0,100
Steven Zuber,Stuttgart,68033.0,500000.0,100
Phillipp Mwene,Mainz 05,127573.0,1500000.0,100
Borna Sosa,Stuttgart,293194.0,3000000.0,100
Marius Wolf,Dortmund,193900.0,2500000.0,100
Leonardo Bittencourt,Hoffenheim,93844.0,900000.0,100
Omar Mascarell,Schalke 04,142031.0,700000.0,100
Kevin Möhwald,Werder Bremen,94137.0,400000.0,100
Mitchell Weiser,Leverkusen,119211.0,3000000.0,100
Ondřej Petrák,Nürnberg,165331.0,200000.0,100
Felix Klaus,Wolfsburg,89591.0,800000.0,100
Mark Uth,Schalke 04,112935.0,1000000.0,100
Takashi Usami,Düsseldorf,111881.0,400000.0,100
Jean Zimmer,Düsseldorf,118196.0,600000.0,100
Ahmed Kutucu,Schalke 04,452084.0,3000000.0,100
Marcel Sobottka,Düsseldorf,119044.0,1200000.0,100
Walace,Hannover 96,323954.0,2500000.0,100
Emile Smith Rowe,RB Leipzig,392765.0,20000000.0,100
Adam Bodzek,Düsseldorf,20778.0,175000.0,100
Nicolai Müller,Hannover 96,39426.0,200000.0,100
Sebastian Rudy,Schalke 04,57051.0,1000000.0,100
Genki Haraguchi,Hannover 96,79377.0,500000.0,100
Nassim Boujellab,Schalke 04,346332.0,400000.0,100
Alfredo Morales,Düsseldorf,58500.0,500000.0,100
Abass Issah,Mainz 05,482145.0,200000.0,100
Oliver Fink,Düsseldorf,11268.0,100000.0,100
Eduard Löwen,Nürnberg,260655.0,3500000.0,100
Allan,Eint Frankfurt,1082631.0,20000000.0,100
Hanno Behrens,Nürnberg,57091.0,250000.0,100
Suat Serdar,Schalke 04,261905.0,2800000.0,100
Federico Palacios Martínez,Nürnberg,146096.0,200000.0,100
Edgar Salli,Nürnberg,184915.0,250000.0,100
Fredrik Jensen,Augsburg,249157.0,2000000.0,100
Leon Dajaku,Stuttgart,483974.0,800000.0,100
Ivo Iličević,Nürnberg,30308.0,400000.0,100
Timmy Tillman,Nürnberg,310662.0,3000000.0,85
Aymen Barkok,Düsseldorf,315332.0,450000.0,100
Jonas Carls,Schalke 04,239972.0,275000.0,100
Alfonso,Hoffenheim,5853.0,250000.0,100
Chima Okoroji,Freiburg,284035.0,1000000.0,100
Simon Rhein,Nürnberg,284188.0,600000.0,100
Christoph Baumgartner,Hoffenheim,324278.0,40000000.0,100
Hans Nunoo Sarpei,Stuttgart,451340.0,350000.0,100
Patrick Kammerbauer,Freiburg,227087.0,200000.0,100
Ishak Belfodil,Hoffenheim,111039.0,1700000.0,100
Wout Weghorst,Wolfsburg,228645.0,2000000.0,100
Paco Alcácer,Dortmund,126716.0,7000000.0,100
Gonçalo Paciência,Eint Frankfurt,181547.0,700000.0,100
Jean-Philippe Mateta,Mainz 05,420002.0,30000000.0,100
Luca Waldschmidt,Freiburg,196095.0,2000000.0,100
Steven Skrzybski,Schalke 04,93827.0,1300000.0,100
Hendrik Weydandt,Hannover 96,330223.0,450000.0,100
Kenan Karaman,Düsseldorf,119557.0,1400000.0,100
Daniel Ginczek,Wolfsburg,79501.0,500000.0,100
Yuya Osako,Werder Bremen,108650.0,400000.0,100
Marvin Ducksch,Düsseldorf,125103.0,2000000.0,100
Benito Raman,Düsseldorf,112930.0,800000.0,100
Gonzalo Castro,Stuttgart,28947.0,500000.0,100
Martin Harnik,Werder Bremen,31159.0,800000.0,100
Dawid Kownacki,Düsseldorf,208167.0,2000000.0,100
Javairô Dilrosun,Hertha BSC,315125.0,4000000.0,100
Sebastian Kerk,Nürnberg,124517.0,350000.0,100
Jacob Bruun Larsen,Dortmund,293281.0,4000000.0,100
David Otto,Hoffenheim,362184.0,500000.0,100
Mikael Ishak,Nürnberg,153637.0,600000.0,100
Josh Sargent,Werder Bremen,393325.0,16000000.0,100
Adam Zreľák,Nürnberg,261155.0,250000.0,100
Matheus Cunha,RB Leipzig,517894.0,75000000.0,100
John Yeboah,Wolfsburg,439914.0,1500000.0,100
Davor Lovren,Düsseldorf,316915.0,25000.0,100
Isaac Kiese Thelin,Leverkusen,201311.0,850000.0,100
Julian Schieber,Augsburg,58124.0,400000.0,100
Yuya Kubo,Nürnberg,186260.0,400000.0,100
Alexander Esswein,Stuttgart,45662.0,300000.0,100
Törles Knöll,Nürnberg,284737.0,450000.0,100
Bobby Wood,Hannover 96,72519.0,800000.0,100
Sebastian Soto,Hannover 96,605498.0,350000.0,100
Christoph Daferner,Freiburg,324851.0,800000.0,100
Jonathan Burkardt,Mainz 05,333647.0,30000000.0,100
Pascal Köpke,Hertha BSC,193877.0,350000.0,100
Rabbi Matondo,Schalke 04,404384.0,900000.0,100
Paulinho,Leverkusen,428791.0,9000000.0,100
Dennis Jastrzembski,Hertha BSC,358870.0,500000.0,100
Takuma Asano,Hannover 96,245744.0,1500000.0,100
Kevin Goden,Nürnberg,348214.0,125000.0,100
Haji Wright,Schalke 04,315291.0,16000000.0,100
Benjamin Hadžić,Hannover 96,349530.0,125000.0,100
Virgil Misidjan,Nürnberg,214346.0,400000.0,100
Jeong Woo-yeong,Bayern Munich,297583.0,3500000.0,100
Pierluigi Frattali,Parma,43217.0,100000.0,100
Antonio Mirante,Roma,22141.0,100000.0,100
Adrian Šemper,Chievo,317057.0,1800000.0,100
Rafael Cabral,Sampdoria,103916.0,200000.0,100
Bartłomiej Drągowski,Empoli,208166.0,2000000.0,100
Vanja Milinković-Savić,SPAL,257474.0,20000000.0,100
Pietro Terracciano,Fiorentina,96254.0,900000.0,100
Juan Musso,Udinese,242359.0,3000000.0,100
Orestis Karnezis,Napoli,16408.0,500000.0,100
Luigi Sepe,Parma,99254.0,500000.0,100
Marco Sportiello,Frosinone,199976.0,800000.0,100
Alex Meret,Napoli,240414.0,8000000.0,100
Mattia Perin,Juventus,110923.0,2000000.0,100
Emiliano Viviano,SPAL,24316.0,300000.0,100
Alban Lafont,Fiorentina,357117.0,3000000.0,100
Pepe Reina,Milan,7825.0,600000.0,100
Łukasz Skorupski,Bologna,80894.0,2000000.0,96
Emil Audero,Sampdoria,256339.0,2800000.0,100
David Ospina,Napoli,73396.0,100000.0,100
Ionuț Radu,Genoa,303657.0,9000000.0,100
Robin Olsen,Roma,75458.0,600000.0,100
Ivan Provedel,Empoli,197929.0,3000000.0,100
Silvio Proto,Lazio,12518.0,100000.0,100
Jandrei,Genoa,512344.0,700000.0,100
Federico Marchetti,Genoa,22318.0,50000.0,100
Guido Guerrieri,Lazio,256996.0,50000.0,100
Filippo Perucchini,Empoli,88701.0,350000.0,100
Giacomo Poluzzi,SPAL,327326.0,400000.0,100
Šime Vrsaljko,Inter,76061.0,4000000.0,100
Armando Izzo,Torino,32113.0,1300000.0,100
João Cancelo,Juventus,182712.0,8000000.0,100
Emre Can,Juventus,119296.0,3000000.0,100
Darijo Srna,Cagliari,14942.0,800000.0,100
Francesco Acerbi,Lazio,131075.0,2000000.0,100
Merih Demiral,Sassuolo,340879.0,12000000.0,100
Stefan de Vrij,Inter,111196.0,3000000.0,100
Paolo Gozzi Iweru,Juventus,487333.0,300000.0,100
Lorenzo Tonelli,Sampdoria,111347.0,200000.0,100
Iván Marcano,Roma,57723.0,200000.0,100
Lyanco,Bologna,379807.0,4500000.0,100
Kévin Malcuit,Napoli,126711.0,400000.0,100
Marlon,Sassuolo,406675.0,4000000.0,100
Riccardo Gagliolo,Parma,240786.0,500000.0,100
Gian Marco Ferrari,Sassuolo,277167.0,1400000.0,100
Koffi Djidji,Torino,183031.0,2500000.0,100
Cristian Romero,Genoa,355915.0,45000000.0,100
Gleison Bremer,Torino,516716.0,35000000.0,100
Danilo Larangeira,Bologna,145707.0,2000000.0,100
Rômulo,Lazio,957874.0,30000000.0,100
Omar Colley,Sampdoria,174733.0,1500000.0,100
Sebastien De Maio,Udinese,56830.0,200000.0,100
Ivan Radovanović,Genoa,46105.0,400000.0,100
Bruno Alves,Parma,1083247.0,250000.0,100
Andrea Beghetto,Frosinone,199941.0,300000.0,100
Ola Aina,Torino,236490.0,18000000.0,100
Fabrizio Cacciatore,Cagliari,85605.0,100000.0,100
Kevin Bonifazi,SPAL,247377.0,300000.0,100
Alex Ferrari,Sampdoria,197491.0,1000000.0,100
William Troost-Ekong,Udinese,192875.0,1000000.0,100
Giovanni Di Lorenzo,Empoli,169880.0,7500000.0,100
Lorenzo Ariaudo,Frosinone,84921.0,200000.0,100
Federico Ceccherini,Fiorentina,163639.0,400000.0,100
Bartosz Salamon,Frosinone,71019.0,400000.0,100
Mohamed Fares,SPAL,287700.0,1300000.0,100
Ali Adnan Kadhim,Atalanta,736043.0,450000.0,100
Júnior Tavares,Sampdoria,362835.0,400000.0,100
Dávid Hancko,Fiorentina,404418.0,35000000.0,100
Koray Günter,Genoa,115763.0,600000.0,100
Hidde ter Avest,Udinese,258519.0,1500000.0,100
Arkadiusz Reca,Atalanta,268178.0,350000.0,100
Matías Silvestre,Empoli,20003.0,100000.0,100
Davide Santon,Roma,84344.0,500000.0,100
Jacob Rasmussen,Empoli,283233.0,1800000.0,100
Johan Djourou,SPAL,34561.0,200000.0,100
Luca Rossettini,Chievo,60128.0,400000.0,100
Marvin Zeegelaar,Udinese,92899.0,250000.0,100
Nicolò Brighenti,Frosinone,109110.0,350000.0,100
Alessandro Bastoni,Parma,315853.0,65000000.0,100
Marco Capuano,Frosinone,164091.0,250000.0,100
Cristian Dell'Orco,Empoli,240244.0,500000.0,100
Edoardo Goldaniga,Frosinone,242940.0,2000000.0,100
Ragnar Klavan,Cagliari,26669.0,50000.0,100
Luka Krajnc,Frosinone,138584.0,500000.0,100
Cristian Molinaro,Frosinone,21972.0,250000.0,100
Federico Barba,Chievo,165873.0,500000.0,100
Giangiacomo Magnani,Sassuolo,310458.0,3000000.0,100
Arturo Calabresi,Bologna,240897.0,800000.0,100
Francisco Sierralta,Parma,371436.0,1200000.0,100
Domenico Maietta,Empoli,22140.0,300000.0,100
Luca Antonelli,Empoli,45565.0,100000.0,100
Sebastiano Luperto,Napoli,278531.0,4000000.0,100
Simone Iacoponi,Parma,59699.0,75000.0,100
Leonardo Spinazzola,Juventus,118689.0,3500000.0,100
Ezequiel Schelotto,Chievo,119164.0,50000.0,100
Luca Pellegrini,Cagliari,346567.0,4500000.0,100
Marcello Gazzola,Parma,57643.0,150000.0,100
Joel Untersee,Empoli,147031.0,500000.0,100
Nicholas Opoku,Udinese,396516.0,1500000.0,100
Mitchell Dijks,Bologna,187245.0,850000.0,100
Ben Wilmot,Udinese,467599.0,6000000.0,100
Vasco Regini,SPAL,72274.0,150000.0,100
Lorenzo Dickmann,SPAL,283060.0,1000000.0,100
Riza Durmisi,Lazio,135208.0,300000.0,100
Nehuén Paz,Bologna,284724.0,175000.0,100
Massimo Gobbi,Parma,28020.0,300000.0,100
Dimitris Nikolaou,Empoli,292772.0,2800000.0,97
Marco Andreolli,Chievo,36356.0,500000.0,100
Nicolò Armini,Lazio,421775.0,250000.0,100
Strahinja Tanasijević,Chievo,400001.0,400000.0,100
Roger Ibanez,Atalanta,524481.0,18000000.0,100
Gabriele Corbo,Bologna,423614.0,600000.0,100
Cédric Soares,Inter,112988.0,500000.0,100
Fabián Ruiz Peña,Napoli,350219.0,30000000.0,100
Matteo Politano,Inter,165895.0,5000000.0,100
Domenico Criscito,Genoa,44136.0,250000.0,100
Steven Nzonzi,Roma,73734.0,900000.0,100
Ismaël Bennacer,Empoli,351816.0,8000000.0,100
Kwadwo Asamoah,Inter,63531.0,350000.0,100
Radja Nainggolan,Inter,41982.0,500000.0,100
Cristóbal Montiel,Fiorentina,173559.0,150000.0,81
Manuel Locatelli,Sassuolo,265088.0,25000000.0,100
Kevin-Prince Boateng,Sassuolo,16922.0,700000.0,100
Pepín,Parma,355104.0,1000000.0,100
Raffaele Maiello,Frosinone,140559.0,1000000.0,100
Mirko Valdifiori,SPAL,84903.0,100000.0,100
Javier Pastore,Roma,55215.0,400000.0,100
Leo Štulac,Parma,171159.0,400000.0,100
Albin Ekdal,Sampdoria,49275.0,800000.0,100
Tiemoué Bakayoko,Milan,182618.0,800000.0,100
Milan Badelj,Lazio,40633.0,800000.0,100
Rolando Mandragora,Udinese,308279.0,9000000.0,100
Joel Obi,Chievo,45581.0,200000.0,100
Simone Missiroli,SPAL,35747.0,300000.0,100
Gerson,Fiorentina,341705.0,18000000.0,100
Luca Siligardi,Parma,86079.0,225000.0,100
Justin Kluivert,Roma,330659.0,25000000.0,100
Federico Dimarco,Parma,198116.0,50000000.0,100
Valon Berisha,Lazio,145115.0,250000.0,100
Soualiho Meïté,Torino,164913.0,1600000.0,100
Marko Pajač,Empoli,190634.0,200000.0,100
Luca Valzania,Frosinone,287663.0,500000.0,100
Juraj Kucka,Parma,74943.0,1200000.0,100
Simone Verdi,Napoli,130360.0,500000.0,100
Bryan Cristante,Roma,199248.0,7000000.0,100
Grigoris Kastanos,Juventus,298635.0,1300000.0,100
Federico Viviani,Frosinone,165900.0,250000.0,100
Federico Di Francesco,Sassuolo,38607.0,1400000.0,100
Roberto Soriano,Bologna,63186.0,1800000.0,100
Mario Pašalić,Atalanta,205938.0,6000000.0,100
Marco D'Alessandro,Udinese,99232.0,175000.0,100
Matteo Scozzarella,Parma,85208.0,200000.0,100
Alberto Grassi,Parma,197473.0,1400000.0,100
Samu Castillejo,Milan,195171.0,600000.0,100
Emiliano Rigoni,Atalanta,282544.0,1000000.0,100
Filip Bradarić,Cagliari,238486.0,700000.0,100
Mattia Sprocati,Parma,199274.0,150000.0,100
Kevin Mirallas,Fiorentina,33639.0,350000.0,100
Lucas Castro,Cagliari,105892.0,125000.0,100
Alessandro Murgia,SPAL,289061.0,650000.0,100
Valter Birsa,Cagliari,26105.0,400000.0,100
Jonathan Biabiany,Parma,45567.0,400000.0,100
Sandro,Udinese,74590.0,200000.0,100
Joel Campbell,Frosinone,131248.0,325000.0,100
Jacopo Dezi,Parma,165531.0,350000.0,100
Lorenzo Crisetig,Frosinone,110928.0,500000.0,100
Ronaldo Vieira,Sampdoria,434676.0,800000.0,100
Lukas Lerager,Genoa,167105.0,800000.0,100
Mehdi Bourabia,Sassuolo,131731.0,1000000.0,100
Hamed Junior Traorè,Empoli,391065.0,15000000.0,100
Salih Uçan,Empoli,170838.0,800000.0,100
Matheus Pereira da Silva,Juventus,225984.0,14000000.0,100
Luca Rigoni,Parma,22210.0,150000.0,100
Darwin Machís,Udinese,211251.0,350000.0,100
Afriyie Acquah,Empoli,145581.0,300000.0,100
Rai Vloet,Frosinone,205023.0,350000.0,100
Diego Laxalt,Milan,230552.0,3000000.0,100
Riccardo Saponara,Sampdoria,88909.0,700000.0,100
Federico Mattiello,Bologna,200194.0,300000.0,100
Vittorio Parigini,Torino,238981.0,600000.0,100
Matteo Pessina,Atalanta,332179.0,5000000.0,100
Assane Dioussé,Chievo,287635.0,500000.0,100
Christian Nørgaard,Fiorentina,148367.0,5000000.0,100
Filip Đuričić,Sassuolo,94307.0,800000.0,92
Leonardo Capezzi,Empoli,84442.0,350000.0,100
Antonino Barillà,Parma,39828.0,275000.0,100
Amato Ciciretti,Parma,159902.0,400000.0,100
Jakub Jankto,Sampdoria,319160.0,800000.0,100
Mattia Valoti,SPAL,167741.0,600000.0,100
Jens Odgaard,Sassuolo,345590.0,12000000.0,100
Ante Ćorić,Roma,96630.0,300000.0,100
Nicola Dalmonte,Genoa,301237.0,550000.0,100
Esteban Rolón,Genoa,399887.0,275000.0,100
Edimilson Fernandes,Fiorentina,247555.0,2200000.0,100
Kiril Despodov,Cagliari,221540.0,5000000.0,100
Mattias Svanberg,Bologna,342405.0,8000000.0,100
Matteo Brighi,Empoli,5868.0,200000.0,100
Hans Nicolussi Caviglia,Juventus,430280.0,6000000.0,100
Bruno Jordão,Lazio,415646.0,700000.0,100
Simone Edera,Bologna,340070.0,300000.0,100
Luca Mazzitelli,Genoa,226025.0,1200000.0,100
Dejan Kulusevski,Atalanta,431755.0,17000000.0,100
Angelo Ndrecka,Chievo,539220.0,275000.0,100
Riccardo Doratiotto,Cagliari,418881.0,50000.0,100
Marko Janković,SPAL,222223.0,800000.0,100
Francesco Zampano,Frosinone,216872.0,800000.0,100
Lucas Paquetá,Milan,444523.0,32000000.0,100
Francesco Cassata,Frosinone,301236.0,700000.0,100
Ibrahim Karamoko,Chievo,538072.0,3000000.0,100
Alessio da Cruz,Parma,337670.0,450000.0,100
Pedro Neto,Lazio,487465.0,60000000.0,100
Lucas Piazon,Chievo,176485.0,300000.0,100
Giuseppe Pezzella,Genoa,336960.0,2000000.0,100
Paolo Ghiglione,Frosinone,313477.0,1300000.0,100
Musa Juwara,Chievo,562030.0,500000.0,100
Leonardo Sernicola,Sassuolo,340707.0,2000000.0,100
Petar Mićin,Udinese,343963.0,600000.0,100
Mauro Antonio Burruchaga,Chievo,182468.0,1000000.0,100
Stefano Sturaro,Genoa,167859.0,500000.0,100
Juan Manuel Valencia,Bologna,662332.0,12000000.0,100
Gianluca Gaetano,Napoli,358008.0,6500000.0,100
Stephy Mavididi,Juventus,340328.0,8000000.0,100
Nicky Beloko,Fiorentina,382774.0,800000.0,100
Abdou Diakhate,Parma,320263.0,10000.0,100
Gianni Munari,Parma,22598.0,100000.0,100
Cristiano Ronaldo,Juventus,8198.0,10000000.0,100
Duván Zapata,Atalanta,73794.0,2500000.0,100
Krzysztof Piątek,Milan,327757.0,7000000.0,100
Camillo Ciano,Frosinone,61511.0,350000.0,100
Gonzalo Higuaín,Milan,39153.0,1000000.0,100
Joaquín Correa,Lazio,227081.0,1500000.0,100
Stefano Okaka,Udinese,35249.0,1000000.0,100
Federico Santander,Bologna,99180.0,500000.0,100
Christian Kouamé,Genoa,337725.0,1800000.0,100
Lautaro Martínez,Inter,406625.0,85000000.0,100
Gervinho,Parma,33481.0,300000.0,100
Francesco Caputo,Empoli,84765.0,1000000.0,100
Grégoire Defrel,Sampdoria,163222.0,1000000.0,100
Keita Baldé,Inter,238752.0,900000.0,100
Andrea Petagna,SPAL,199258.0,500000.0,100
Nicola Sansone,Bologna,82048.0,400000.0,100
Amin Younes,Napoli,96167.0,800000.0,100
Luis Muriel,Fiorentina,119228.0,700000.0,100
Manolo Gabbiadini,Sampdoria,112343.0,2000000.0,100
Diego Farias,Empoli,83877.0,350000.0,100
Roberto Inglese,Parma,159337.0,750000.0,100
Ignacio Pussetto,Udinese,283528.0,1300000.0,100
Andrea Favilli,Genoa,340151.0,1000000.0,100
Andrea Pinamonti,Frosinone,315865.0,15000000.0,100
Simone Zaza,Torino,96828.0,250000.0,100
Vitalie Damașcan,Torino,354136.0,400000.0,100
Gabriele Moncini,SPAL,238977.0,900000.0,100
Luan Capanni,Lazio,601877.0,100000.0,100
Jeremie Boga,Sassuolo,216569.0,8000000.0,100
Antonio Sanabria,Genoa,234523.0,1800000.0,100
Francesco Verde,Cagliari,392924.0,225000.0,100
Roberto Piccoli,Atalanta,432092.0,14000000.0,100
Marco Tumminello,Atalanta,315850.0,250000.0,100
Antonino La Gumina,Empoli,287876.0,1100000.0,100
Alberto Cerri,Cagliari,197751.0,600000.0,100
Marko Pjaca,Fiorentina,205940.0,1500000.0,100
Samuel Mráz,Empoli,243225.0,1000000.0,100
Filip Đorđević,Chievo,584936.0,400000.0,86
Žan Celar,Roma,340427.0,4000000.0,100
Joaquín Ardaiz,Frosinone,415550.0,175000.0,100
Marcello Trotta,Frosinone,129505.0,300000.0,100
Stipe Perica,Frosinone,245072.0,450000.0,100
Łukasz Teodorczyk,Udinese,157849.0,400000.0,96
Enrico Brignola,Sassuolo,323147.0,550000.0,100
Cyril Théréau,Cagliari,29316.0,200000.0,100
Diego Falcinelli,Bologna,119115.0,800000.0,100
Riccardo Sottil,Fiorentina,386455.0,3000000.0,100
Marco Sau,Sampdoria,55801.0,150000.0,100
Nicolò Zaniolo,Roma,392085.0,15000000.0,100
Nicolás Schiappacasse,Parma,345473.0,750000.0,100
Felipe Vizeu,Udinese,425462.0,500000.0,100
Dušan Vlahović,Fiorentina,357498.0,35000000.0,100
Antonio Di Gaudio,Parma,165722.0,175000.0,100
Fabio Ceravolo,Parma,35743.0,150000.0,100
Sergej Grubac,Chievo,429318.0,50000.0,100
Luca Matarese,Frosinone,315846.0,75000.0,100
Dimitri Oberlin,Empoli,212718.0,175000.0,100
Alejandro Rodríguez,Empoli,892082.0,700000.0,100
Manolo Portanova,Juventus,394304.0,400000.0,100
Giacomo Raspadori,Sassuolo,405885.0,22000000.0,100
Vincenzo Millico,Torino,390159.0,800000.0,100
Gaetan Poussin,Bordeaux,344591.0,1500000.0,100
Eiji Kawashima,Strasbourg,77383.0,150000.0,100
Dimitry Bertaud,Montpellier,371816.0,1200000.0,100
Bobby Allain,Dijon,314862.0,300000.0,100
Edouard Mendy,Reims,442531.0,4000000.0,100
Gianluigi Buffon,Paris S-G,5023.0,1000000.0,100
Paul Bernardoni,Nîmes,318507.0,2200000.0,100
Zacharie Boucher,Angers,111041.0,250000.0,100
Matz Sels,Strasbourg,127202.0,3500000.0,100
Baptiste Reynet,Toulouse,190786.0,450000.0,100
Marc-Aurele Caillard,Guingamp,205465.0,100000.0,100
Rúnar Alex Rúnarsson,Dijon,205657.0,350000.0,100
Alexandre Olliero,Nantes,395602.0,150000.0,100
Morgan Poaty,Troyes,272640.0,800000.0,100
Erik Pieters,Amiens,43763.0,350000.0,100
Christophe Hérelle,Nice,170544.0,1500000.0,100
Ronaël Pierre-Gabriel,Monaco,410185.0,1000000.0,100
Djégui Koita,Guingamp,601816.0,200000.0,100
Youcef Atal,Nice,416108.0,4300000.0,100
Leo Dubois,Lyon,236400.0,1800000.0,100
Damien Da Silva,Rennes,57370.0,200000.0,100
Yunis Abdelhamid,Reims,199704.0,350000.0,100
Thilo Kehrer,Paris S-G,228948.0,12000000.0,100
Anthony Briançon,Nîmes,190338.0,400000.0,100
Kara Mbodji,Nantes,141828.0,150000.0,95
Charles Traore,Nantes,394906.0,500000.0,100
José Fonte,Lille,33829.0,100000.0,100
Björn Engels,Reims,193469.0,100000.0,100
Ismael Aaneba,Strasbourg,528178.0,2000000.0,92
Jason Denayer,Lyon,277114.0,4000000.0,100
William Saliba,Saint-Étienne,495666.0,100000000.0,100
Thomas Basila,Nantes,344592.0,300000.0,100
Paul Baysse,Caen,43256.0,800000.0,100
Baba Rahman,Reims,224884.0,2000000.0,100
Nayef Aguerd,Dijon,361914.0,15000000.0,100
Alaixys Romao,Reims,40014.0,10000.0,100
Duje Ćaleta-Car,Marseille,238266.0,2800000.0,100
Ghislain Konan,Reims,422850.0,3000000.0,100
Jonathan Gradit,Caen,126557.0,2500000.0,100
Damien Le Tallec,Montpellier,59950.0,500000.0,100
Stefan Mitrović,Strasbourg,726526.0,800000.0,100
Benjamin Henrichs,Monaco,202591.0,7000000.0,100
Thomas Fontaine,Reims,80036.0,250000.0,100
Timothée Kolodziejczak,Saint-Étienne,84085.0,150000.0,100
Loïck Landre,Nîmes,164912.0,325000.0,100
Fodé Ballo-Touré,Monaco,296422.0,900000.0,100
Zeki Çelik,Lille,251075.0,14000000.0,100
Loïc Mbe Soh,Paris S-G,463610.0,2000000.0,100
Gen Shoji,Toulouse,164277.0,300000.0,100
Thomas Foket,Reims,215114.0,300000.0,100
Juan Bernat,Paris S-G,126719.0,1500000.0,100
Matt Miazga,Nantes,245893.0,1800000.0,100
Jordan Lefort,Amiens,192492.0,1000000.0,100
Florian Miguel,Nîmes,347594.0,1000000.0,100
Lionel Carole,Strasbourg,11530.0,200000.0,100
Sergi Palencia,Bordeaux,268176.0,2500000.0,100
Wesley Fofana,Saint-Étienne,475411.0,28000000.0,100
Jean-Clair Todibo,Toulouse,605184.0,22000000.0,100
Lamine Koné,Strasbourg,57420.0,150000.0,100
Laurent Ciman,Dijon,22338.0,200000.0,100
Fábio,Nantes,61891.0,1000000.0,100
Sofiane Alakouch,Nîmes,434358.0,150000.0,100
Mihailo Ristić,Montpellier,271455.0,800000.0,100
Mickaël Alphonse,Dijon,172153.0,250000.0,100
Elhadji Pape Diaw,Angers,,,0
Prince Oniangué,Caen,60578.0,250000.0,100
Benoît Badiashile,Monaco,463603.0,15000000.0,100
Théo Pellenard,Angers,238716.0,500000.0,100
Jérémy Pied,Lille,60583.0,200000.0,100
Colin Dagba,Paris S-G,460629.0,2500000.0,100
Hervé Lybohy,Nîmes,95336.0,100000.0,100
Emil Krafth,Amiens,184528.0,750000.0,100
Bafodé Diakité,Toulouse,463605.0,25000000.0,100
Giulian Biancone,Monaco,536507.0,2500000.0,100
Till Cissokho,Bordeaux,395228.0,600000.0,100
Reinildo Mandava,Lille,240692.0,4000000.0,100
Steven Fortes,Lens,276895.0,400000.0,100
Féthi Harek,Nîmes,57170.0,250000.0,100
Souleyman Doumbia,Rennes,296356.0,250000.0,100
Edgar Ié,Nantes,191987.0,850000.0,100
Cheick Traoré,Guingamp,378965.0,700000.0,100
Younn Zahary,Caen,593279.0,150000.0,100
Aly Ndom,Caen,396131.0,200000.0,100
Axel Disasi,Reims,386047.0,15000000.0,100
Mathías Suárez,Montpellier,294895.0,275000.0,100
Gaëtan Paquiez,Nîmes,412092.0,500000.0,100
Sheyi Ojo,Reims,236510.0,800000.0,100
Andy Pelmard,Nice,494236.0,2000000.0,100
Oumar Solet,Lyon,463665.0,23000000.0,100
Senou Coulibaly,Dijon,596240.0,600000.0,100
Steven Moreira,Toulouse,203517.0,1500000.0,100
Sacha Boey,Rennes,475413.0,10000000.0,100
Romain Métanire,Reims,154209.0,350000.0,100
Christopher Rocchia,Marseille,352393.0,500000.0,100
Johan Larsson,Guingamp,140678.0,500000.0,100
Papy Djilobodji,Guingamp,136610.0,500000.0,100
Rayan Aït-Nouri,Angers,578391.0,40000000.0,100
Naldo,Monaco,32213.0,250000.0,100
Théo Sainte-Luce,Nîmes,537127.0,1000000.0,100
Téji Savanier,Nîmes,127156.0,9000000.0,100
Sanjin Prcić,Strasbourg,125783.0,1200000.0,100
Florent Mollet,Montpellier,222859.0,300000.0,100
Leandro Paredes,Paris S-G,166237.0,5000000.0,100
Fayçal Fajr,Caen,174344.0,1300000.0,100
Xavier Chavalerin,Reims,118278.0,1500000.0,100
Hatem Ben Arfa,Rennes,18900.0,200000.0,100
Louis Carnot,Guingamp,484991.0,200000.0,100
Antoine Bernede,Paris S-G,395512.0,3500000.0,100
Clément Grenier,Rennes,72479.0,800000.0,100
Youssef Aït Bennasser,Saint-Étienne,265569.0,800000.0,100
Saman Ghoddos,Amiens,204294.0,2000000.0,100
Samuel Kalu,Bordeaux,424051.0,2500000.0,100
Gabriel Boschilia,Nantes,435338.0,75000000.0,100
Mathieu Cafaro,Reims,399383.0,1500000.0,100
Cesc Fàbregas,Monaco,8806.0,1000000.0,100
Adrien Thomasson,Strasbourg,215977.0,4000000.0,100
Eduardo Camavinga,Rennes,640428.0,50000000.0,100
Adrien Silva,Monaco,56810.0,400000.0,100
Kevin Strootman,Marseille,68864.0,800000.0,100
Moussa Diaby,Paris S-G,395516.0,25000000.0,100
Gelson Martins,Monaco,257448.0,2500000.0,100
Aleksandr Golovin,Monaco,263918.0,18000000.0,100
Mathieu Dossevi,Toulouse,77828.0,100000.0,100
Valentin Eysseric,Nantes,126687.0,1000000.0,100
Bilal Boutobba,Montpellier,344151.0,1200000.0,100
Georges-Kévin N'Koudou,Monaco,215679.0,3300000.0,100
Anthony Limbombe,Nantes,140803.0,700000.0,100
Aurélien Tchouaméni,Bordeaux,413112.0,70000000.0,100
Toma Bašić,Bordeaux,334835.0,3000000.0,100
Jean-Eudes Aholou,Monaco,178313.0,800000.0,100
Stéphane Mbia,Toulouse,27470.0,100000.0,100
Abdul Majeed Waris,Nantes,146805.0,500000.0,100
Ibrahima Sissoko,Strasbourg,372712.0,2000000.0,100
Jordan Ferri,Nîmes,118284.0,500000.0,100
Sada Thioub,Nîmes,290593.0,1000000.0,100
Ganso,Amiens,67920.0,300000.0,100
Anthony Caci,Strasbourg,453016.0,7000000.0,100
Lucas Evangelista,Nantes,270188.0,4000000.0,100
Moussa Doumbia,Reims,316137.0,1800000.0,100
Youssouf Fofana,Strasbourg,569598.0,23000000.0,100
Arber Zeneli,Reims,222876.0,1500000.0,100
Antonin Bobichon,Nîmes,344575.0,700000.0,100
Alexis Blin,Amiens,236041.0,3000000.0,100
Tristan Dingomé,Reims,126683.0,300000.0,100
Hakim El Mokeddem,Toulouse,354232.0,250000.0,100
Pierrick Valdivia,Nîmes,60607.0,250000.0,100
Alexandre Lauray,Bordeaux,666744.0,250000.0,100
Myziane Maolida,Nice,371142.0,700000.0,100
Vincent Pajot,Angers,126699.0,400000.0,100
Mehdi Merghem,Guingamp,452877.0,450000.0,100
Danilo Barbosa,Nice,273438.0,2000000.0,100
Jakob Johansson,Rennes,46473.0,700000.0,100
William Vainqueur,Monaco,47893.0,400000.0,100
Nolan Mbemba,Reims,276768.0,350000.0,100
Eddy Gnahoré,Amiens,168933.0,600000.0,100
Valentín Vada,Saint-Étienne,225004.0,1400000.0,100
Marvin Martin,Reims,77834.0,300000.0,100
Mustapha Diallo,Nîmes,41063.0,1500000.0,100
Romain Del Castillo,Rennes,353399.0,7000000.0,100
Manu García,Toulouse,277118.0,4000000.0,100
Rafał Kurzawa,Amiens,191895.0,150000.0,100
Pedro Brazão,Nice,577590.0,1200000.0,100
Driss Trichard,Bordeaux,290595.0,400000.0,100
Han-Noah Massengo,Monaco,536508.0,8000000.0,100
Gaoussou Traoré,Amiens,606450.0,500000.0,100
Theo Valls,Nîmes,341396.0,900000.0,100
Yassine Benrahou,Bordeaux,344599.0,3000000.0,100
John Bostock,Toulouse,58097.0,400000.0,100
Didier Ibrahim Ndong,Guingamp,210081.0,1200000.0,100
Yoann Gourcuff,Dijon,18912.0,2000000.0,100
Kalidou Sidibé,Toulouse,629585.0,1000000.0,100
Saîf-Eddine Khaoui,Caen,270411.0,2000000.0,100
Faitout Maouassa,Nîmes,357072.0,4000000.0,100
Antonio Barreca,Monaco,241889.0,800000.0,100
Assil Jaziri,Nice,633398.0,600000.0,100
Yacine Adli,Bordeaux,395236.0,7500000.0,100
Pelé,Monaco,99189.0,400000.0,100
Nacer Chadli,Monaco,59631.0,400000.0,100
Cheick Timite,Amiens,424709.0,300000.0,100
Nathan N'Goumou,Toulouse,294798.0,2000000.0,100
Virgile Pinson,Reims,389441.0,300000.0,100
Mickaël Panos,Saint-Étienne,390944.0,150000.0,100
Denis-Will Poha,Rennes,288248.0,900000.0,100
Nemanja Radonjić,Marseille,245078.0,1000000.0,100
Imran Louza,Nantes,635336.0,7000000.0,100
Mahdi Camara,Saint-Étienne,324795.0,12000000.0,100
Moreto Cassamã,Reims,290746.0,1000000.0,100
Yassin Fekir,Lyon,395694.0,250000.0,100
Guessouma Fofana,Guingamp,419999.0,200000.0,100
Samuel Grandsir,Strasbourg,432772.0,1500000.0,100
Abdoulaye Dabo,Nantes,463611.0,400000.0,100
Sofiane Diop,Monaco,569389.0,15000000.0,100
Manu Koné,Toulouse,624690.0,50000000.0,100
Evens Joseph,Caen,593320.0,200000.0,100
Albert Lottin,Bordeaux,540659.0,300000.0,100
Romain Faivre,Monaco,555076.0,4000000.0,100
Paul Wade,Nice,696851.0,100000.0,100
Lenny Pintor,Lyon,418660.0,200000.0,100
Arton Zekaj,Lille,464990.0,250000.0,100
Sanasi Sy,Amiens,606451.0,300000.0,100
Mootaz Zemzemi,Strasbourg,422893.0,800000.0,92
Metehan Güçlü,Paris S-G,395519.0,300000.0,100
Wahbi Khazri,Saint-Étienne,103565.0,600000.0,100
Andy Delort,Montpellier,122797.0,1500000.0,100
Ludovic Ajorque,Strasbourg,283994.0,3000000.0,100
Moussa Dembélé,Lyon,229004.0,7000000.0,100
Clément Depres,Nîmes,347595.0,400000.0,100
Serhou Guirassy,Amiens,270541.0,32000000.0,100
M'Baye Niang,Rennes,157501.0,800000.0,100
Gaëtan Laborde,Montpellier,181378.0,10000000.0,100
Renaud Ripart,Nîmes,234802.0,2000000.0,100
Martin Terrier,Lyon,442891.0,8000000.0,100
Jonathan Bamba,Lille,292818.0,3500000.0,100
Rachid Alioui,Nîmes,193130.0,250000.0,100
Rafael Leão,Lille,357164.0,50000000.0,100
Mario Balotelli,Marseille,45146.0,650000.0,100
Remi Oudin,Reims,399543.0,3500000.0,100
Makhtar Gueye,Saint-Étienne,606849.0,2000000.0,100
Jimmy Briand,Bordeaux,18909.0,600000.0,100
Loïc Rémy,Lille,45121.0,150000.0,100
Stéphane Bahoken,Angers,170953.0,950000.0,100
Lebo Mothiba,Strasbourg,427161.0,1500000.0,100
Andreas Cornelius,Bordeaux,203412.0,250000.0,100
Yann Karamoh,Bordeaux,324804.0,1000000.0,100
Jordan Pefok,Rennes,355369.0,1500000.0,100
Yannis Salibur,Saint-Étienne,79893.0,225000.0,100
Pablo Chavarría,Reims,118732.0,300000.0,100
Charles Abi,Saint-Étienne,418658.0,600000.0,100
Jonathan Ikone,Lille,324690.0,4000000.0,100
Petar Škuletić,Montpellier,58295.0,300000.0,100
Suk Hyun-jun,Reims,129990.0,700000.0,100
Baptiste Guillaume,Nîmes,264567.0,300000.0,100
Rui Fonte,Lille,9335.0,300000.0,100
Nolan Roux,Guingamp,81460.0,150000.0,100
Umut Bozok,Nîmes,259025.0,1500000.0,100
Ronny Rodelin,Guingamp,76055.0,100000.0,100
Eric Maxim Choupo-Moting,Paris S-G,45660.0,1000000.0,95
Claudio Beauvue,Caen,58818.0,150000.0,100
Josh Maja,Bordeaux,453824.0,5000000.0,100
Yacine Bammou,Caen,276255.0,450000.0,100
Carlos Vinícius,Monaco,525287.0,7000000.0,100
Boulaye Dia,Reims,626913.0,5000000.0,100
Juan Ferney Otero,Amiens,662332.0,12000000.0,100
Cristian López,Angers,114282.0,150000.0,100
Denis Bouanga,Nîmes,236045.0,8000000.0,100
Nathaël Julan,Guingamp,386315.0,1750000.0,100
Jules Keita,Dijon,402117.0,300000.0,100
Malik Tchokounté,Caen,412085.0,350000.0,100
Aaron Leya Iseka,Toulouse,289587.0,400000.0,100
Elie Youan,Nantes,465715.0,1200000.0,100
Mohamed Lamine Diaby,Nice,796865.0,2500000.0,80
Eddy Sylvestre,Nice,629566.0,600000.0,100
Herman Moussaki,Caen,593319.0,75000.0,100
Casimir Ninga,Caen,392810.0,600000.0,100
Wilson Isidor,Monaco,494237.0,18000000.0,100
Willem Geubbels,Monaco,463620.0,5000000.0,100
Antonio Mance,Nantes,225591.0,450000.0,100
Harrison Manzala,Angers,268555.0,200000.0,100
Sory Kaba,Dijon,355689.0,1000000.0,100
Matthias Phaeton,Guingamp,427693.0,1500000.0,100
Maxime Pélican,Nice,,,0
Armand Lauriente,Rennes,579930.0,19000000.0,100
Stanley Segarel,Amiens,,,0
Farid El Melali,Angers,425400.0,800000.0,100
Randal Kolo Muani,Nantes,487969.0,20000000.0,100
Grejohn Kyei,Lens,321647.0,300000.0,100
Yanis Ammour,Montpellier,420782.0,175000.0,100
Dean Henderson,Sheffield Utd,258919.0,28000000.0,100
Roberto Jiménez,West Ham,37403.0,500000.0,100
Aaron Ramsdale,Bournemouth,427568.0,12000000.0,100
David Martin,West Ham,15930.0,75000.0,100
Tim Krul,Norwich City,33027.0,500000.0,100
Tom Heaton,Aston Villa,34130.0,100000.0,100
Pepe Reina,Aston Villa,7825.0,600000.0,100
Michael McGovern,Norwich City,29391.0,50000.0,100
Jed Steer,Aston Villa,110867.0,400000.0,100
Adrián,Liverpool,16955.0,200000.0,100
Ørjan Nyland,Aston Villa,73517.0,800000.0,100
Ralf Fährmann,Norwich City,39015.0,400000.0,100
Simon Moore,Sheffield Utd,123536.0,75000.0,100
João Cancelo,Manchester City,182712.0,8000000.0,100
Harry Maguire,Manchester Utd,177907.0,8000000.0,100
Luke Thomas,Leicester City,505194.0,6000000.0,100
Aaron Wan-Bissaka,Manchester Utd,477758.0,15000000.0,100
Reece James,Chelsea,472423.0,60000000.0,100
Djibril Sidibé,Everton,161869.0,1000000.0,100
James Justin,Leicester City,413220.0,12000000.0,100
Grant Hanley,Norwich City,121385.0,200000.0,100
John Egan,Sheffield Utd,121324.0,1000000.0,100
Chris Basham,Sheffield Utd,52495.0,300000.0,100
Japhet Tanganga,Tottenham,346478.0,1800000.0,100
Neco Williams,Liverpool,503680.0,28000000.0,100
Jack O'Connell,Sheffield Utd,212829.0,1200000.0,100
Jetro Willems,Newcastle Utd,146258.0,250000.0,100
Adam Webster,Brighton,212847.0,3000000.0,100
Pablo Marí,Arsenal,210178.0,2000000.0,100
Tyrone Mings,Aston Villa,253677.0,3000000.0,100
Matt Targett,Aston Villa,250478.0,3000000.0,100
Gary Cahill,Crystal Palace,27511.0,400000.0,100
Kyle Walker-Peters,Southampton,341051.0,12000000.0,100
Kieran Tierney,Arsenal,300716.0,8000000.0,100
Enda Stevens,Sheffield Utd,85706.0,600000.0,100
George Baldock,Sheffield Utd,146690.0,2000000.0,100
Jack Robinson,Sheffield Utd,128909.0,1000000.0,100
Craig Dawson,Watford,121477.0,900000.0,100
Kortney Hause,Aston Villa,233124.0,800000.0,100
Brandon Williams,Manchester Utd,507700.0,2500000.0,100
Tariq Lamptey,Brighton,504148.0,3000000.0,100
Christoph Zimmermann,Norwich City,77812.0,1000000.0,100
Jarrad Branthwaite,Everton,661053.0,40000000.0,100
Phil Jagielka,Sheffield Utd,13520.0,200000.0,100
Eric García,Manchester City,466794.0,40000000.0,100
Dan Burn,Brighton,134270.0,4000000.0,100
Frederic Guilbert,Aston Villa,354352.0,800000.0,100
Ahmed Elmohamady,Aston Villa,66333.0,1500000.0,100
Ben Godfrey,Norwich City,343475.0,5000000.0,100
David Luiz,Arsenal,46741.0,500000.0,100
Björn Engels,Aston Villa,193469.0,100000.0,100
Ezri Konsa,Aston Villa,413403.0,40000000.0,100
Jack Stacey,Bournemouth,249356.0,2200000.0,100
Erik Pieters,Burnley,43763.0,350000.0,100
Sam Byram,Norwich City,236953.0,400000.0,100
Danny Rose,Newcastle Utd,50174.0,500000.0,100
Ryan Bennett,Leicester City,67252.0,250000.0,100
Max Aarons,Norwich City,471690.0,2500000.0,100
Jean-Philippe Gbamin,Everton,182894.0,2000000.0,100
Emil Krafth,Newcastle Utd,184528.0,750000.0,100
Ryan Sessegnon,Tottenham,392775.0,22000000.0,100
Lloyd Kelly,Bournemouth,480116.0,23000000.0,100
Jack Rodwell,Sheffield Utd,57079.0,350000.0,100
Jeremy Ngakia,West Ham,503795.0,2200000.0,100
Kevin Danso,Southampton,263236.0,20000000.0,100
Dimitri Foulquier,Watford,170472.0,900000.0,100
Kelland Watts,Newcastle Utd,1047861.0,200000.0,100
Kieron Freeman,Sheffield Utd,158703.0,150000.0,100
Jesús Vallejo,Wolves,251896.0,1000000.0,100
Akin Famewo,Norwich City,425713.0,300000.0,100
Jordan Thomas,Norwich City,355369.0,1500000.0,100
Bruno Fernandes,Manchester Utd,240306.0,35000000.0,100
Ondrej Duda,Norwich City,232418.0,3000000.0,100
Rodri,Manchester City,357565.0,50000000.0,100
Angeliño,Manchester City,277179.0,4500000.0,100
Oliver Norwood,Sheffield Utd,73547.0,1000000.0,100
John Fleck,Sheffield Utd,54383.0,900000.0,100
Conor Hourihane,Aston Villa,61653.0,450000.0,100
Tomáš Souček,West Ham,283628.0,10000000.0,100
Emi Buendía,Norwich City,321247.0,16000000.0,81
John McGinn,Aston Villa,193116.0,13000000.0,100
Dani Ceballos,Arsenal,319745.0,7000000.0,100
Jarrod Bowen,West Ham,314875.0,30000000.0,100
Philip Billing,Bournemouth,320411.0,6000000.0,100
Sander Berge,Sheffield Utd,333014.0,25000000.0,100
Daniel Podence,Wolves,256977.0,4000000.0,100
Nathan Holland,West Ham,337321.0,300000.0,100
Harry Wilson,Bournemouth,279455.0,25000000.0,100
John Lundstram,Sheffield Utd,156941.0,2000000.0,100
Tanguy Ndombele,Tottenham,450936.0,2500000.0,100
Aaron Mooy,Brighton,123951.0,3500000.0,100
Kenny McLean,Norwich City,126600.0,400000.0,100
Cédric Soares,Arsenal,112988.0,500000.0,100
Steven Bergwijn,Tottenham,284165.0,10000000.0,100
Curtis Jones,Liverpool,433188.0,35000000.0,100
William Smallbone,Southampton,341710.0,3000000.0,100
Josh Brownhill,Burnley,293569.0,8000000.0,100
Douglas Luiz,Aston Villa,447661.0,18000000.0,100
Steven Alzate,Brighton,476237.0,2500000.0,100
Giovani Lo Celso,Tottenham,348795.0,8000000.0,100
Muhamed Bešić,Sheffield Utd,93905.0,100000.0,100
James McCarthy,Crystal Palace,45333.0,200000.0,100
Alex Iwobi,Everton,242631.0,20000000.0,100
Daniel James,Manchester Utd,319301.0,10000000.0,100
Moritz Leitner,Norwich City,82243.0,200000.0,100
Joelinton,Newcastle Utd,333241.0,25000000.0,100
Pedro Neto,Wolves,487465.0,60000000.0,100
Trézéguet,Aston Villa,234189.0,4500000.0,100
Tommy Doyle,Manchester City,433183.0,7000000.0,100
Bruno Jordão,Wolves,415646.0,700000.0,100
Jake Vokins,Southampton,421424.0,300000.0,100
Harvey Elliott,Liverpool,565822.0,20000000.0,100
Patrick Roberts,Norwich City,225452.0,3200000.0,100
Fabian Delph,Everton,50362.0,1800000.0,100
Pablo Fornals,West Ham,357885.0,8000000.0,100
Nabil Bentaleb,Newcastle Utd,245537.0,4500000.0,100
Marvelous Nakamba,Aston Villa,324882.0,5000000.0,100
Ben Osborn,Sheffield Utd,218087.0,1000000.0,100
Todd Cantwell,Norwich City,332341.0,8500000.0,100
Dennis Praet,Leicester City,129588.0,1500000.0,100
Ibrahim Amadou,Norwich City,205503.0,1500000.0,100
Tom Trybull,Norwich City,93831.0,100000.0,100
Alexis Mac Allister,Brighton,534033.0,70000000.0,100
Matthew Longstaff,Newcastle Utd,484387.0,1500000.0,87
Faustino Anjorin,Chelsea,433181.0,4000000.0,85
Mario Vrančić,Norwich City,39372.0,300000.0,100
Jota,Aston Villa,329812.0,5000000.0,100
Neil Taylor,Aston Villa,67416.0,500000.0,100
Valentino Lazaro,Newcastle Utd,186368.0,2500000.0,100
Billy Gilmour,Chelsea,423744.0,20000000.0,100
Gedson Fernandes,Tottenham,337800.0,16000000.0,100
Jamal Lewis,Norwich City,346018.0,1500000.0,100
Luke Freeman,Sheffield Utd,66923.0,500000.0,100
Víctor Camarasa,Crystal Palace,263856.0,800000.0,100
Emile Smith Rowe,Arsenal,392765.0,20000000.0,100
Henri Lansbury,Aston Villa,44794.0,300000.0,100
Lukas Rupp,Norwich City,82863.0,350000.0,100
Takumi Minamino,Liverpool,165793.0,10000000.0,100
Indiana Vassilev,Aston Villa,469860.0,2500000.0,100
Marco Stiepermann,Norwich City,45760.0,250000.0,100
Richairo Živković,Sheffield Utd,252755.0,500000.0,100
Ravel Morrison,Sheffield Utd,128907.0,350000.0,100
Tyrick Mitchell,Crystal Palace,730893.0,25000000.0,100
Danny Drinkwater,Aston Villa,73491.0,400000.0,100
Nicolas Pépé,Arsenal,343052.0,6000000.0,100
Sébastien Haller,West Ham,181375.0,1000000.0,100
Christian Pulisic,Chelsea,315779.0,40000000.0,100
Allan Saint-Maximin,Newcastle Utd,272642.0,10000000.0,100
Mason Mount,Chelsea,346483.0,25000000.0,100
Oliver McBurnie,Sheffield Utd,298477.0,2500000.0,88
Ayoze Pérez,Leicester City,246968.0,5000000.0,100
Cenk Tosun,Crystal Palace,45671.0,300000.0,100
George Hirst,Leicester City,420808.0,10000000.0,100
Wesley Moraes,Aston Villa,381362.0,2500000.0,100
Teemu Pukki,Norwich City,46972.0,1500000.0,100
David McGoldrick,Sheffield Utd,35416.0,200000.0,100
Neal Maupay,Brighton,217115.0,4000000.0,100
Anwar El Ghazi,Aston Villa,183720.0,2500000.0,100
Leandro Trossard,Brighton,144028.0,18000000.0,100
Che Adams,Southampton,346779.0,5000000.0,100
Andy Carroll,Newcastle Utd,48066.0,300000.0,100
Lys Mousset,Sheffield Utd,291422.0,350000.0,100
Moussa Djenepo,Southampton,485424.0,1200000.0,100
Billy Sharp,Sheffield Utd,49542.0,200000.0,100
Aaron Connolly,Brighton,434207.0,3500000.0,100
Anthony Gordon,Everton,503733.0,65000000.0,100
Mbwana Samatta,Aston Villa,,,0
Jay Rodriguez,Burnley,53360.0,1000000.0,100
Ismaila Sarr,Watford,410225.0,40000000.0,100
Moise Kean,Everton,364135.0,32000000.0,100
Patrick Cutrone,Wolves,265078.0,5000000.0,100
Dennis Srbeny,Norwich City,159239.0,800000.0,100
João Pedro,Watford,626724.0,80000000.0,100
Brandon Pierrick,Crystal Palace,703470.0,200000.0,100
Josh Martin,Norwich City,547534.0,500000.0,100
Keinan Davis,Aston Villa,412660.0,10000000.0,100
Callum Robinson,Sheffield Utd,183299.0,3000000.0,100
Danny Welbeck,Watford,67063.0,3000000.0,100
Odion Ighalo,Manchester Utd,62121.0,1800000.0,100
Gabriel Martinelli,Arsenal,655488.0,45000000.0,100
Arnaut Danjuma,Bournemouth,355861.0,3000000.0,100
Onel Hernández,Norwich City,109751.0,1000000.0,100
Armando Broja,Chelsea,571743.0,5000000.0,100
Troy Parrott,Tottenham,552655.0,25000000.0,100
Jonathan Kodjia,Aston Villa,88971.0,400000.0,100
Josip Drmić,Norwich City,140579.0,2000000.0,100
Albian Ajeti,West Ham,195906.0,700000.0,100
Adam Idah,Norwich City,434223.0,4500000.0,100
Ignacio Pussetto,Watford,283528.0,1300000.0,100
Leon Clarke,Sheffield Utd,36859.0,50000.0,100
Borja Bastón,Aston Villa,85324.0,3500000.0,100
Nathan Tella,Southampton,340322.0,15000000.0,100
Max Thompson,Burnley,321169.0,700000.0,80
Bono,Sevilla,272881.0,200000.0,100
Oier Olazábal,Espanyol,8176.0,200000.0,100
Aarón Escandell,Granada,284430.0,3000000.0,100
José Antonio Caro,Valladolid,268946.0,1500000.0,100
Jasper Cillessen,Valencia,146227.0,300000.0,100
Rui Silva,Granada,234811.0,7000000.0,100
Roberto Jiménez,Alavés,37403.0,500000.0,100
Manolo Reina,Mallorca,29051.0,200000.0,100
Sergio Herrera,Osasuna,248738.0,2800000.0,100
Álex Remiro,Real Sociedad,212862.0,9000000.0,100
Juan Pérez,Osasuna,298613.0,600000.0,100
Alphonse Aréola,Real Madrid,120629.0,4000000.0,100
Rubén Martínez,Osasuna,8184.0,200000.0,100
Neto,Barcelona,111819.0,900000.0,100
Dani Martín,Betis,335221.0,1200000.0,100
Juan Soriano,Leganés,251892.0,1000000.0,100
Miquel Parera,Mallorca,242301.0,700000.0,100
Samuel Pérez,Valladolid,363541.0,150000.0,100
Fabri,Mallorca,642589.0,900000.0,100
Andrés Prieto,Espanyol,238032.0,200000.0,100
Kieran Trippier,Atlético Madrid,95810.0,1500000.0,100
Ferland Mendy,Real Madrid,291417.0,4000000.0,100
Jeison Murillo,Celta Vigo,131102.0,900000.0,100
Víctor Díaz,Granada,58330.0,400000.0,100
Sergio Reguilón,Sevilla,282429.0,3500000.0,100
Diego Carlos,Sevilla,329145.0,5000000.0,100
Sébastien Corchia,Espanyol,102744.0,1000000.0,100
Felipe,Atlético Madrid,156501.0,1500000.0,100
Jules Koundé,Sevilla,411975.0,60000000.0,100
Raúl Albiol,Villarreal,15452.0,700000.0,100
Toni Lato,Osasuna,320271.0,1400000.0,100
Éder Militão,Real Madrid,401530.0,20000000.0,100
Aridane Hernández,Osasuna,82503.0,800000.0,100
Renan Lodi,Atlético Madrid,476352.0,11000000.0,100
Kévin Rodrigues,Leganés,206947.0,800000.0,100
Álvaro Tejero,Eibar,290273.0,1800000.0,100
Mohammed Salisu,Valladolid,563963.0,10000000.0,100
Nacho Vidal,Osasuna,216870.0,1200000.0,100
Erick Cabaco,Getafe,302991.0,1000000.0,100
Leandro Cabrera,Espanyol,102423.0,900000.0,100
Aleix Vidal,Alavés,88490.0,1000000.0,100
Nacho Monreal,Real Sociedad,43003.0,1000000.0,100
Lillo,Osasuna,62913.0,150000.0,100
Germán Sánchez,Granada,95963.0,200000.0,100
Domingos Duarte,Granada,257376.0,800000.0,100
Marc Cucurella,Getafe,284857.0,50000000.0,100
Marcos Llorente,Atlético Madrid,282411.0,20000000.0,100
Raúl Carnero,Valladolid,139434.0,200000.0,100
Joseph Aidoo,Celta Vigo,358250.0,1000000.0,100
Ronald Araújo,Barcelona,480267.0,20000000.0,100
Junior Firpo,Barcelona,374139.0,3500000.0,100
Jaume Costa,Valencia,65318.0,900000.0,100
Alessandro Florenzi,Valencia,130365.0,2000000.0,100
Rober,Eibar,505675.0,2500000.0,100
Roberto Rosales,Leganés,49500.0,75000.0,100
Fran Gámez,Mallorca,442816.0,500000.0,100
Esteban Burgos,Eibar,337922.0,700000.0,100
Thierry Correia,Valencia,367466.0,2500000.0,100
Chidozie Awaziem,Leganés,358143.0,2500000.0,100
Mario Hermoso,Atlético Madrid,281769.0,7000000.0,100
Xabier Etxeita,Getafe,71559.0,300000.0,92
Facundo Roncaglia,Osasuna,61546.0,200000.0,100
Rubén Peña,Villarreal,238868.0,600000.0,100
Antonio Raillo,Mallorca,278296.0,1000000.0,100
Martin Valjent,Mallorca,277384.0,3000000.0,100
Alfonso Pedraza,Betis,356197.0,2500000.0,100
Manu Sánchez,Atlético Madrid,618809.0,6000000.0,100
Óscar Duarte,Levante,175323.0,500000.0,100
Bruno González,Levante,188838.0,300000.0,100
José Martínez,Granada,415666.0,1800000.0,100
Alberto Moreno,Villarreal,207917.0,1000000.0,100
Carlos Clerc,Levante,193784.0,1500000.0,100
Raúl Navas,Osasuna,142419.0,200000.0,100
Jesús Vallejo,Granada,251896.0,1000000.0,100
Álex Moreno,Betis,193098.0,3000000.0,100
Bernardo Espinosa,Espanyol,64598.0,550000.0,100
Xisco Campos,Mallorca,70946.0,50000.0,100
Lumor Agbenyenu,Mallorca,344393.0,175000.0,100
Aleksandar Sedlar,Mallorca,237499.0,275000.0,100
Álex Martínez,Granada,186891.0,200000.0,100
Baba Rahman,Mallorca,224884.0,2000000.0,100
Pipa,Espanyol,423166.0,2200000.0,100
Carlos Neva,Granada,448844.0,2500000.0,100
Aitor Ruibal,Leganés,378139.0,4000000.0,100
Javi Sánchez,Valladolid,340853.0,800000.0,100
Chema,Getafe,51556.0,150000.0,100
Édgar González,Betis,401624.0,3000000.0,100
Federico Barba,Valladolid,165873.0,500000.0,100
Quini,Granada,223053.0,150000.0,100
Lisandro Magallán,Alavés,66736.0,1000000.0,100
Allan Nyom,Getafe,111508.0,100000.0,100
Joan Sastre Vanrell,Mallorca,350364.0,800000.0,100
Pedro Porro,Valladolid,553875.0,35000000.0,100
Tachi,Alavés,354697.0,400000.0,100
Fernando Calero,Espanyol,357884.0,2000000.0,100
Rafa Soares,Eibar,198006.0,1000000.0,100
Jon Pacheco,Real Sociedad,580560.0,5000000.0,100
Gonzalo,Levante,39153.0,1000000.0,100
Leonardo Koutris,Mallorca,187530.0,500000.0,100
Sofian Chakla,Villarreal,236956.0,500000.0,92
Adrián Guerrero,Valencia,282724.0,2000000.0,100
Jorge Sáenz,Celta Vigo,340339.0,1000000.0,100
Javi López,Alavés,568158.0,5000000.0,100
Eliseo Falcon,Levante,396115.0,150000.0,100
Florent Poulolo,Getafe,600151.0,800000.0,100
Martin Ødegaard,Real Sociedad,316264.0,65000000.0,100
Ángel Montoro,Granada,59551.0,500000.0,100
Nabil Fekir,Betis,203496.0,10000000.0,100
Víctor García,Valladolid,590690.0,1500000.0,100
Rubén García,Osasuna,213260.0,1600000.0,100
Rafinha,Celta Vigo,129473.0,4000000.0,100
Fernando,Sevilla,51174.0,2000000.0,100
Joan Jordán,Sevilla,263727.0,1000000.0,100
Salva Sevilla,Mallorca,58799.0,200000.0,100
Héctor Herrera,Atlético Madrid,122043.0,600000.0,100
Lucas Ocampos,Sevilla,189441.0,4000000.0,100
Iker Losada,Celta Vigo,632741.0,1800000.0,100
Adri Embarba,Espanyol,288318.0,1000000.0,92
Frenkie de Jong,Barcelona,326330.0,35000000.0,100
Darwin Machís,Granada,211251.0,350000.0,100
Guido Rodríguez,Betis,342385.0,4000000.0,100
Andre-Frank Zambo Anguissa,Villarreal,,,0
Germán Valera,Atlético Madrid,548188.0,6000000.0,100
Unai Vencedor Paris,Athletic Club,610083.0,1600000.0,100
Moi Gómez,Villarreal,175449.0,1500000.0,100
Suso,Sevilla,111961.0,4000000.0,100
Yangel Herrera,Granada,378293.0,6000000.0,100
Óliver Torres,Sevilla,214775.0,3000000.0,100
Edu Expósito,Eibar,506248.0,5000000.0,100
Denis Suárez,Celta Vigo,165007.0,1000000.0,100
Takefusa Kubo,Mallorca,405398.0,20000000.0,100
Maxime Gonalons,Granada,60542.0,700000.0,100
Pervis Estupiñán,Osasuna,349599.0,12000000.0,100
Matheus Fernandes,Valladolid,351892.0,1000000.0,100
Javier Avilés,Leganés,456938.0,300000.0,100
Dani Rodríguez,Mallorca,139435.0,100000.0,100
Sandro Ramírez,Valladolid,199369.0,1500000.0,100
Roque Mesa,Leganés,202984.0,1800000.0,100
Álvaro Vadillo,Granada,162074.0,400000.0,100
Jorge Miramón,Levante,228917.0,1500000.0,100
Javier Ontiveros,Villarreal,298983.0,1000000.0,93
Iñigo Pérez,Osasuna,71579.0,600000.0,100
David Timor,Getafe,158795.0,600000.0,100
Jon Moncayola,Osasuna,552425.0,7000000.0,100
Aleix Febas,Mallorca,217144.0,5000000.0,100
Fede Vico,Granada,162079.0,600000.0,100
Oghenekaro Etebo,Getafe,,,0
Naïs Djouahra,Real Sociedad,594926.0,1500000.0,100
Nemanja Gudelj,Sevilla,74294.0,2000000.0,100
Hugo Guillamón,Valencia,495629.0,1500000.0,100
Kenedy,Getafe,281404.0,700000.0,100
Nemanja Radoja,Levante,168959.0,1500000.0,100
Gil Bastião Dias,Granada,329723.0,2000000.0,100
Ibrahim Amadou,Leganés,205503.0,1500000.0,100
Nico Ribaudo,Espanyol,,,0
Alejandro Pozo Pozo,Mallorca,188853.0,2800000.0,90
Kike Pérez,Valladolid,527698.0,2200000.0,100
Sebastián Cristóforo,Eibar,188157.0,800000.0,100
Bryan Gil,Leganés,537382.0,8000000.0,100
Gonzalo Melero,Levante,162056.0,1800000.0,100
Darko Brašanac,Osasuna,95641.0,400000.0,100
Antonio Puertas,Granada,262365.0,2000000.0,100
Sergio Bermejo,Celta Vigo,372051.0,600000.0,100
Mario Rodriguez,Granada,251888.0,200000.0,100
Miguel Atienza,Eibar,480955.0,800000.0,100
Cristian Rivera,Leganés,55382.0,750000.0,100
Josep Señé,Mallorca,161267.0,400000.0,100
Fede San Emeterio,Valladolid,307519.0,1500000.0,100
Iddrisu Baba,Mallorca,442805.0,2200000.0,100
Yan Brice Eteki,Granada,297784.0,800000.0,100
Ramon Azeez,Granada,131667.0,400000.0,100
Carles Aleñá,Betis,284854.0,3000000.0,100
İsmail Köybaşı,Granada,74641.0,50000.0,100
Oihan Sancet,Athletic Club,571020.0,25000000.0,100
Rony Lopes,Sevilla,174694.0,1200000.0,100
Lago Junior,Mallorca,100722.0,900000.0,100
Abdallahi Mahmoud,Alavés,615636.0,500000.0,100
Luis Rioja,Alavés,278837.0,1800000.0,100
Robert Ibáñez,Osasuna,1084714.0,2500000.0,100
Victor Gomez,Espanyol,495601.0,10000000.0,100
Alex Baena,Villarreal,548111.0,40000000.0,100
Rodrigo Riquelme,Atlético Madrid,461617.0,4000000.0,100
Aimar Oroz,Osasuna,634131.0,7500000.0,100
Javi Martínez,Osasuna,44017.0,1500000.0,100
Pol Lozano,Espanyol,412045.0,6000000.0,100
Pere Pons,Alavés,242497.0,1200000.0,100
Brandon,Osasuna,236168.0,2800000.0,100
Ander Iturraspe,Espanyol,71571.0,2000000.0,100
Ljubomir Fejsa,Alavés,46110.0,250000.0,100
Filip Bradarić,Celta Vigo,238486.0,700000.0,100
Larra,Athletic Club,,,0
Ismael,Alavés,15724.0,250000.0,100
Marc Navarro,Leganés,335245.0,300000.0,100
Hatem Ben Arfa,Valladolid,18900.0,200000.0,100
Marc Pedraza,Mallorca,72319.0,100000.0,100
Javier Muñoz,Alavés,282421.0,1200000.0,90
Vicente Esquerdo,Valencia,599263.0,200000.0,100
Pablo Martínez,Levante,568835.0,3000000.0,100
Rafael Obrador,Mallorca,61892.0,800000.0,100
José Luis Rodríguez,Alavés,425028.0,2500000.0,100
Alex Blesa,Levante,611198.0,300000.0,100
Ki Sung-yueng,Mallorca,81796.0,375000.0,100
Giorgi Kochorashvili,Levante,405564.0,4000000.0,100
Ezequiel Ávila,Osasuna,525828.0,400000.0,100
Joselu,Alavés,81999.0,5000000.0,100
Eden Hazard,Real Madrid,50202.0,5000000.0,100
Antoine Griezmann,Barcelona,125781.0,8000000.0,100
Lucas Pérez,Alavés,73185.0,300000.0,100
Maxi Gómez,Valencia,396894.0,2000000.0,100
Raúl de Tomás,Espanyol,162038.0,500000.0,100
Ante Budimir,Mallorca,46413.0,2800000.0,100
Jason,Getafe,73564.0,500000.0,100
Paco Alcácer,Villarreal,126716.0,7000000.0,100
Luuk de Jong,Sevilla,72522.0,500000.0,100
Jonathan Calleri,Espanyol,284727.0,1500000.0,100
Portu,Real Sociedad,99353.0,1200000.0,100
Roger Assalé,Leganés,263183.0,400000.0,100
João Félix,Atlético Madrid,462250.0,28000000.0,100
Cucho,Mallorca,459463.0,18000000.0,100
Darío Poveda,Atlético Madrid,399780.0,350000.0,100
Moanes Dabbur,Sevilla,145866.0,3000000.0,80
Carlos Fernández,Granada,216464.0,1500000.0,100
Martin Braithwaite,Barcelona,95732.0,1000000.0,100
Aleksandar Trajkovski,Mallorca,142920.0,150000.0,100
Roberto Soldado,Granada,34870.0,500000.0,100
Santi Mina,Celta Vigo,255653.0,2000000.0,100
Luka Jović,Real Madrid,257462.0,9000000.0,100
Alexander Isak,Real Sociedad,349066.0,85000000.0,100
Youssef En-Nesyri,Sevilla,433049.0,17000000.0,100
Ansu Fati,Barcelona,466810.0,15000000.0,100
Quique,Eibar,79352.0,800000.0,100
Enric Gallego,Osasuna,114060.0,600000.0,100
Rodrygo,Real Madrid,412363.0,45000000.0,100
Manu Vallejo,Valencia,527350.0,1500000.0,100
Hernâni Fortes,Levante,181768.0,1500000.0,100
Fernando Niño,Villarreal,51174.0,2000000.0,100
Borja Iglesias,Betis,278359.0,2800000.0,100
Adrián López,Osasuna,45383.0,200000.0,100
Juan Hernández,Celta Vigo,349873.0,400000.0,100
Deyverson,Getafe,243541.0,1000000.0,100
José Arnaiz,Osasuna,364603.0,900000.0,100
Matías Vargas,Espanyol,376211.0,4000000.0,100
Fyodor Smolov,Celta Vigo,50355.0,2000000.0,88
Juan Villar,Osasuna,85500.0,100000.0,100
Marc Cardona,Osasuna,443222.0,1400000.0,100
Antoñín,Granada,610336.0,400000.0,100
Oliver Burke,Alavés,341317.0,3000000.0,100
Javier Hernández,Sevilla,422466.0,2000000.0,93
Pablo Chavarría,Mallorca,118732.0,300000.0,100
Jacobo,Celta Vigo,948278.0,30000000.0,100
Yannis Salibur,Mallorca,79893.0,225000.0,100
Juanmi,Betis,126737.0,1000000.0,100
Jorge de Frutos,Valladolid,455181.0,12000000.0,100
Sergio León,Levante,145769.0,2000000.0,100
Luka Romero,Mallorca,769063.0,3000000.0,100
Joan Monterde,Levante,445631.0,200000.0,100
Álex Alegría,Mallorca,178187.0,150000.0,100
Víctor Campuzano,Espanyol,394285.0,700000.0,100
Gabriel Fernández,Celta Vigo,259930.0,1500000.0,100
Abdón Prats,Mallorca,177452.0,800000.0,100
Ariday Cabrera,Mallorca,76032.0,100000.0,92
Kévin Soni,Espanyol,353959.0,600000.0,100
Borja Sainz,Alavés,634461.0,20000000.0,100
Manuel Garrido,Leganés,789328.0,200000.0,92
Raúl,Betis,520093.0,400000.0,100
Paulino,Alavés,261502.0,1500000.0,100
Ivan Šaponjić,Atlético Madrid,274347.0,650000.0,100
Óscar Clemente,Atlético Madrid,396340.0,300000.0,100
Philipp Pentke,Hoffenheim,8246.0,300000.0,100
Rafał Gikiewicz,Union Berlin,78339.0,75000.0,100
Leopold Zingerle,Paderborn 07,160971.0,300000.0,100
Niclas Thiede,Freiburg,348778.0,350000.0,100
Markus Schubert,Schalke 04,296741.0,300000.0,100
Zack Steffen,Düsseldorf,221624.0,1500000.0,100
Florian Kastenmeier,Düsseldorf,255294.0,1000000.0,100
Dennis Smarsch,Hertha BSC,342966.0,175000.0,100
Tomáš Koubek,Augsburg,146714.0,300000.0,100
Felix Wiedwald,Eint Frankfurt,44594.0,250000.0,100
Jannik Huth,Paderborn 07,160954.0,400000.0,100
Moritz Nicolas,Union Berlin,284270.0,8000000.0,100
Paulo Otávio,Wolfsburg,221611.0,3500000.0,100
Benjamin Pavard,Bayern Munich,353366.0,12000000.0,100
Emre Can,Dortmund,119296.0,3000000.0,100
Dedryck Boyata,Hertha BSC,88262.0,200000.0,100
Sebastian Schonlau,Paderborn 07,213751.0,500000.0,100
Ramy Bensebaini,Gladbach,284732.0,7000000.0,100
Toni Leistner,Köln,86916.0,500000.0,100
Ozan Kabak,Schalke 04,361260.0,15000000.0,100
Jean-Clair Todibo,Schalke 04,605184.0,22000000.0,100
Kevin Mbabu,Wolfsburg,183321.0,2200000.0,100
Álvaro Odriozola,Bayern Munich,280730.0,800000.0,100
Keven Schlotterbeck,Union Berlin,413843.0,6000000.0,100
Christopher Lenz,Union Berlin,159844.0,400000.0,100
Stefan Ilsanker,Eint Frankfurt,40074.0,300000.0,100
Ohis Felix Uduokhai,Augsburg,278343.0,3500000.0,100
Michael Parensen,Union Berlin,18533.0,250000.0,100
Jerry St. Juste,Mainz 05,,,0
Uwe Hünemeier,Paderborn 07,10503.0,200000.0,100
Kevin Vogt,Werder Bremen,84435.0,400000.0,100
Marin Pongračić,Wolfsburg,282144.0,6500000.0,100
Edmond Tapsoba,Leverkusen,564545.0,35000000.0,100
Jeffrey Bruma,Mainz 05,88721.0,250000.0,100
Daley Sinkgraven,Leverkusen,215099.0,300000.0,100
Tin Jedvaj,Augsburg,206386.0,2000000.0,100
Dominik Kohr,Eint Frankfurt,118847.0,2000000.0,100
Gian-Luca Itter,Freiburg,296378.0,1500000.0,80
Florian Hübner,Union Berlin,85822.0,350000.0,100
Robert Andrich,Union Berlin,159088.0,6000000.0,100
Jamilu Collins,Paderborn 07,254934.0,800000.0,100
Stefan Lainer,Gladbach,85791.0,800000.0,100
Christian Strohdiek,Paderborn 07,48081.0,150000.0,100
Marvin Friedrich,Union Berlin,196231.0,1800000.0,100
Sebastiaan Bornauw,Köln,338629.0,8000000.0,100
Kasim Nuhu,Düsseldorf,,,0
Lucas Hernández,Bayern Munich,281963.0,18000000.0,100
Rafael Czichos,Köln,84150.0,800000.0,100
Lasse Sobiech,Köln,79503.0,350000.0,100
Timo Becker,Schalke 04,282349.0,1500000.0,100
Ismail Jakobs,Köln,375137.0,8000000.0,100
Nico Schulz,Dortmund,85867.0,800000.0,100
Ken Reichel,Union Berlin,16831.0,225000.0,100
Ömer Toprak,Werder Bremen,43512.0,300000.0,100
Luca Kilian,Paderborn 07,384553.0,100000.0,100
Jonjoe Kenny,Schalke 04,258883.0,2500000.0,100
Lucas Ribeiro,Hoffenheim,605893.0,1200000.0,100
Iago,Augsburg,520468.0,3500000.0,100
Neven Subotić,Union Berlin,40995.0,200000.0,100
Kostas Stafylidis,Hoffenheim,148967.0,1000000.0,85
Laurent Jans,Paderborn 07,163724.0,250000.0,100
Michael Lang,Werder Bremen,51346.0,200000.0,100
Christian Groß,Werder Bremen,58396.0,300000.0,100
Mateu Morey,Dortmund,388513.0,1400000.0,100
Erik Durm,Eint Frankfurt,93922.0,600000.0,100
Ronaël Pierre-Gabriel,Mainz 05,410185.0,1000000.0,100
Mathias Jørgensen,Düsseldorf,542796.0,2500000.0,100
Mads Pedersen,Augsburg,288429.0,800000.0,100
Khiry Shelton,Paderborn 07,354609.0,700000.0,100
Juan Miranda,Schalke 04,341227.0,15000000.0,100
Benno Schmitz,Köln,160968.0,1500000.0,100
Leonardo Balerdi,Dortmund,575998.0,18000000.0,100
Chris Richards,Bayern Munich,578539.0,28000000.0,100
Marek Suchý,Augsburg,34542.0,200000.0,100
Stephan Lichtsteiner,Augsburg,2865.0,800000.0,100
Mohamed Dräger,Paderborn 07,192167.0,700000.0,100
Malick Thiaw,Schalke 04,521964.0,45000000.0,100
Jan Luca Rumpf,Paderborn 07,379961.0,125000.0,92
Levent Mercan,Schalke 04,388820.0,5000000.0,100
Mamadou Doucouré,Gladbach,340480.0,100000.0,100
Philippe Coutinho,Bayern Munich,80444.0,7500000.0,100
Christopher Trimmel,Union Berlin,75921.0,600000.0,100
Kerem Demirbay,Leverkusen,125858.0,1000000.0,100
Angeliño,RB Leipzig,277179.0,4500000.0,100
Thorgan Hazard,Dortmund,102226.0,2000000.0,100
Robert Skov,Hoffenheim,270393.0,2000000.0,100
Exequiel Palacios,Leverkusen,401578.0,25000000.0,100
Nadiem Amiri,Leverkusen,232454.0,17000000.0,100
Florian Kainz,Köln,106270.0,1000000.0,100
Erik Thommy,Düsseldorf,156779.0,1200000.0,100
Mark Uth,Köln,112935.0,1000000.0,100
Moussa Diaby,Leverkusen,395516.0,25000000.0,100
Jonathan Schmid,Freiburg,70285.0,600000.0,100
Dodi Lukebakio,Hertha BSC,303259.0,15000000.0,100
Dani Olmo,RB Leipzig,293385.0,60000000.0,100
Ivan Perišić,Bayern Munich,42460.0,1200000.0,100
Christian Gentner,Union Berlin,19112.0,100000.0,100
Louis Schaub,Köln,147485.0,400000.0,100
Ellyes Skhiri,Köln,290587.0,5000000.0,100
Kwon Chang-hoon,Freiburg,259350.0,300000.0,100
Djibril Sow,Eint Frankfurt,212723.0,7500000.0,100
Kai Pröger,Paderborn 07,223572.0,800000.0,100
Mickaël Cuisance,Bayern Munich,344600.0,2000000.0,93
Akaki Gogia,Union Berlin,92472.0,250000.0,100
Lewis Baker,Düsseldorf,198589.0,2500000.0,100
Elvis Rexhbeçaj,Köln,280575.0,3500000.0,100
Dominick Drexler,Köln,53400.0,750000.0,100
Florian Wirtz,Leverkusen,598577.0,100000000.0,100
Klaus Gjasula,Paderborn 07,57598.0,400000.0,100
Ethan Ampadu,RB Leipzig,392771.0,30000000.0,100
Santiago Ascacíbar,Hertha BSC,423436.0,5500000.0,100
Antony Evans,Paderborn 07,374283.0,500000.0,100
Diadie Samassékou,Hoffenheim,315604.0,1000000.0,100
Xaver Schlager,Wolfsburg,223979.0,10000000.0,100
Leonardo Bittencourt,Werder Bremen,93844.0,900000.0,100
Kingsley Ehizibue,Köln,272812.0,2000000.0,100
Birger Verstraete,Köln,234193.0,900000.0,100
Gio Reyna,Dortmund,,,0
Lino Tempelmann,Freiburg,378883.0,2000000.0,100
Valon Berisha,Düsseldorf,145115.0,250000.0,100
Abdelhamid Sabiri,Paderborn 07,340394.0,850000.0,100
Samúel Friðjónsson,Paderborn 07,814454.0,100000.0,100
Victor Sá,Wolfsburg,381724.0,2500000.0,100
Sebastian Vasiliadis,Paderborn 07,333516.0,900000.0,100
Cauly Oliveira Souza,Paderborn 07,1086258.0,12000000.0,100
Marius Wolf,Hertha BSC,193900.0,2500000.0,100
Yannik Keitel,Freiburg,342039.0,2000000.0,100
Carlos Gruezo,Augsburg,189475.0,1000000.0,100
Edimilson Fernandes,Mainz 05,247555.0,2200000.0,100
Eduard Löwen,Augsburg,260655.0,3500000.0,100
Yunus Mallı,Union Berlin,85352.0,100000.0,100
Matthias Bader,Köln,237162.0,1800000.0,100
Melayro Bogarde,Hoffenheim,476915.0,4000000.0,100
Kingsley Schindler,Köln,153678.0,500000.0,100
Ben Zolinski,Paderborn 07,93841.0,350000.0,100
Joshua Mees,Union Berlin,196815.0,450000.0,100
Ruben Vargas,Augsburg,345886.0,12000000.0,100
Noah Katterbach,Köln,469949.0,600000.0,100
Sarpreet Singh,Bayern Munich,350357.0,500000.0,100
Lazar Samardzic,Hertha BSC,528833.0,16000000.0,100
Grischa Prömel,Union Berlin,234029.0,3500000.0,100
Julian Ryerson,Union Berlin,370789.0,25000000.0,100
Felix Kroos,Union Berlin,31910.0,600000.0,100
Thomas Pledl,Düsseldorf,131561.0,300000.0,100
Jan Thielmann,Köln,472249.0,5000000.0,100
Darko Churlinov,Köln,386786.0,1500000.0,100
Tom Krauß,RB Leipzig,405687.0,4500000.0,100
Leon Dajaku,Bayern Munich,483974.0,800000.0,100
Gerrit Holtmann,Paderborn 07,190289.0,700000.0,100
Opoku Ampomah,Düsseldorf,,,0
Can Bozdogan,Schalke 04,406609.0,2000000.0,100
Bernard Tekpetey,Düsseldorf,422380.0,5500000.0,100
Tobias Raschl,Dortmund,384745.0,1500000.0,100
Hannes Wolf,RB Leipzig,321070.0,5000000.0,100
Manuel Schmiedebach,Union Berlin,41507.0,300000.0,100
Jonas Hofmann,Schalke 04,7161.0,1500000.0,100
Kelvin Ofori,Düsseldorf,687035.0,400000.0,100
Jamal Musiala,Bayern Munich,580195.0,100000000.0,100
Keanan Bennetts,Gladbach,321096.0,500000.0,100
Torben Müsel,Gladbach,368860.0,225000.0,100
Ilay Elmkies,Hoffenheim,443752.0,250000.0,100
Luca Horn,Wolfsburg,329814.0,125000.0,100
Erling Haaland,Dortmund,418560.0,200000000.0,100
Niclas Füllkrug,Werder Bremen,75489.0,3500000.0,100
Christopher Nkunku,RB Leipzig,344381.0,25000000.0,100
Marcus Thuram,Gladbach,318528.0,50000000.0,100
Julian Brandt,Dortmund,187492.0,15000000.0,100
Bas Dost,Eint Frankfurt,56331.0,600000.0,100
André Silva,Eint Frankfurt,198008.0,3000000.0,100
Florian Niederlechner,Augsburg,152963.0,600000.0,100
Matheus Cunha,Hertha BSC,517894.0,75000000.0,100
Joshua Zirkzee,Bayern Munich,435648.0,20000000.0,100
Patrik Schick,RB Leipzig,242086.0,18000000.0,100
Sebastian Andersson,Union Berlin,147573.0,500000.0,100
Moanes Dabbur,Hoffenheim,145866.0,3000000.0,80
Dennis Srbeny,Paderborn 07,159239.0,800000.0,100
Ihlas Bebou,Hoffenheim,237164.0,600000.0,100
Breel Embolo,Gladbach,237662.0,15000000.0,100
Krzysztof Piątek,Hertha BSC,327757.0,7000000.0,100
Marcus Ingvartsen,Union Berlin,269878.0,4000000.0,100
Marlon Ritter,Paderborn 07,151636.0,700000.0,100
Jürgen Locadia,Hoffenheim,166240.0,1800000.0,100
Benito Raman,Schalke 04,112930.0,800000.0,100
Michael Gregoritsch,Schalke 04,120205.0,1500000.0,100
Anthony Ujah,Union Berlin,142281.0,750000.0,100
Jacob Bruun Larsen,Hoffenheim,293281.0,4000000.0,100
Sebastian Polter,Union Berlin,60957.0,250000.0,100
Marius Bülter,Union Berlin,116088.0,1800000.0,100
Streli Mamba,Paderborn 07,161060.0,250000.0,100
Sheraldo Becker,Union Berlin,188888.0,1500000.0,100
Sven Michel,Paderborn 07,186988.0,700000.0,100
Christopher Antwi-Adjei,Paderborn 07,289182.0,1200000.0,100
Davie Selke,Werder Bremen,178459.0,2800000.0,100
Ádám Szalai,Mainz 05,39106.0,200000.0,100
Jessic Ngankam,Hertha BSC,448177.0,700000.0,100
Sargis Adamyan,Hoffenheim,125614.0,600000.0,100
Brandon Borrello,Freiburg,293592.0,600000.0,100
Suleiman Abdullahi,Union Berlin,356118.0,300000.0,100
Noah Joel Sarenren Bazee,Augsburg,283001.0,500000.0,100
Taiwo Awoniyi,Mainz 05,295313.0,8000000.0,100
Dennis Jastrzembski,Paderborn 07,358870.0,500000.0,100
Steven Skrzybski,Düsseldorf,93827.0,1300000.0,100
Nick Woltemade,Werder Bremen,455661.0,55000000.0,100
Daishawn Redan,Hertha BSC,361081.0,1000000.0,100
Dennis Borkowski,RB Leipzig,467426.0,650000.0,100
Luc Ihorst,Werder Bremen,447730.0,350000.0,100
Lukas Nmecha,Wolfsburg,314288.0,10000000.0,100
Benjamin Goller,Werder Bremen,388058.0,450000.0,100
Dejan Joveljić,Eint Frankfurt,336382.0,6500000.0,100
Omar Marmoush,Wolfsburg,445939.0,50000000.0,100
Maximilian Beier,Hoffenheim,578392.0,40000000.0,100
Babacar Guèye,Paderborn 07,342364.0,350000.0,100
Tim Lemperle,Köln,553285.0,17000000.0,100
Mamoudou Karamoko,Wolfsburg,646782.0,750000.0,100
Ji Dong-won,Mainz 05,164265.0,100000.0,100
Oliver Batista-Meier,Bayern Munich,406614.0,450000.0,95
Demba Thiam,SPAL,435406.0,350000.0,100
Simone Colombi,Parma,57285.0,250000.0,100
Robin Olsen,Cagliari,75458.0,600000.0,100
Jesse Joronen,Brescia,131758.0,500000.0,100
Etrit Berisha,SPAL,77825.0,200000.0,100
Stefano Turati,Sassuolo,543666.0,3000000.0,100
Gabriel,Lecce,435338.0,75000000.0,100
Mauro Vigorito,Lecce,88595.0,150000.0,100
Lorenzo Andrenacci,Brescia,234880.0,200000.0,100
Pau López,Roma,286415.0,2500000.0,100
Enrico Alfonso,Brescia,34334.0,150000.0,100
Ionuț Radu,Parma,303657.0,9000000.0,100
Daniel Fuzato,Roma,438682.0,900000.0,100
Federico Brancolini,Fiorentina,451154.0,200000.0,100
Antonio Rosati,Torino,6442.0,100000.0,100
Daniele Padelli,Inter,27807.0,150000.0,100
Wladimiro Falcone,Sampdoria,238537.0,3500000.0,100
Asmir Begović,Milan,33873.0,200000.0,100
Karlo Letica,SPAL,318707.0,1500000.0,100
Samir Ujkani,Torino,42744.0,100000.0,100
Boris Radunović,Hellas Verona,258482.0,1000000.0,100
Antonio Donnarumma,Milan,88685.0,325000.0,100
Tommaso Berni,Inter,21752.0,100000.0,100
Simone Pinna,Cagliari,303187.0,150000.0,100
Chris Smalling,Roma,103427.0,1000000.0,100
Davide Faraoni,Hellas Verona,73926.0,1500000.0,100
Diego Godín,Inter,54928.0,300000.0,100
Theo Hernández,Milan,339808.0,20000000.0,100
Cristiano Biraghi,Inter,124555.0,900000.0,100
Ashley Young,Inter,14086.0,400000.0,100
Merih Demiral,Juventus,340879.0,12000000.0,100
Wilfried Singo,Torino,648779.0,23000000.0,100
Giovanni Di Lorenzo,Napoli,169880.0,7500000.0,100
Adama Soumaoro,Genoa,126673.0,2000000.0,100
Alessandro Bastoni,Inter,315853.0,65000000.0,100
Matthijs de Ligt,Juventus,326031.0,30000000.0,100
Maya Yoshida,Sampdoria,81789.0,100000.0,100
Salvatore Bocchetti,Hellas Verona,42678.0,200000.0,100
Kostas Manolas,Napoli,104752.0,1000000.0,82
Cristián Zapata,Genoa,34344.0,250000.0,100
Sebastian Walukiewicz,Cagliari,345458.0,5000000.0,100
Marash Kumbulla,Hellas Verona,371371.0,3000000.0,100
Simon Kjær,Milan,48859.0,1500000.0,100
Gianluca Mancini,Roma,256448.0,15000000.0,100
Koray Günter,Hellas Verona,115763.0,600000.0,100
Jhon Chancellor,Brescia,213614.0,300000.0,100
Amir Rrahmani,Hellas Verona,257732.0,10000000.0,100
Mattia Bani,Bologna,176139.0,2500000.0,100
Leonardo Spinazzola,Roma,118689.0,3500000.0,100
Martín Cáceres,Fiorentina,54935.0,250000.0,100
Roger Ibanez,Roma,524481.0,18000000.0,100
Filippo Romagna,Sassuolo,256678.0,800000.0,100
Rodrigo Becão,Udinese,410158.0,2000000.0,100
Danilo,Juventus,808509.0,32000000.0,100
Giulio Donati,Lecce,88684.0,300000.0,100
Matteo Gabbia,Milan,323167.0,17000000.0,100
Dalbert Henrique,Fiorentina,312862.0,1000000.0,100
Andrea Cistana,Brescia,337381.0,2200000.0,100
Kastriot Dermaku,Parma,163647.0,250000.0,100
Takehiro Tomiyasu,Bologna,331560.0,5000000.0,100
Igor,Fiorentina,13959.0,100000.0,100
Alan Empereur,Hellas Verona,169179.0,750000.0,100
Pol Lirola,Fiorentina,298975.0,1500000.0,100
Lorenzo Venuti,Fiorentina,240219.0,1200000.0,100
Mert Müldür,Sassuolo,353922.0,7000000.0,100
Jeremy Toljan,Sassuolo,129674.0,2000000.0,100
Nehuén Paz,Lecce,284724.0,175000.0,100
Riccardo Calafiori,Roma,502821.0,55000000.0,100
Lorenzo Pirola,Inter,487834.0,11000000.0,100
Stefano Piccinini,Sassuolo,602607.0,225000.0,100
Jakub Iskra,SPAL,498043.0,25000.0,100
Ervin Zukanović,SPAL,44059.0,125000.0,100
Marco Calderoni,Lecce,75327.0,100000.0,100
Manuel Lazzari,Lazio,331401.0,2000000.0,100
Stefano Denswil,Bologna,182923.0,700000.0,100
Matteo Darmian,Parma,54906.0,1400000.0,100
Fabio Lucioni,Lecce,160561.0,600000.0,100
Adrien Tameze,Atalanta,157507.0,1200000.0,100
Andrea Masiello,Genoa,34198.0,400000.0,100
Vincent Laurini,Parma,94936.0,150000.0,100
Cristian Dell'Orco,Lecce,240244.0,500000.0,100
Giorgos Kyriakopoulos,Sassuolo,311178.0,2000000.0,93
Julian Chabot,Sampdoria,341434.0,50000.0,80
Andrea Rispoli,Lecce,74448.0,250000.0,100
Léo Duarte,Milan,312678.0,2500000.0,100
Aleš Matějů,Brescia,242078.0,900000.0,100
Denis Vavro,Lazio,239962.0,5000000.0,100
Peter Ankersen,Genoa,146889.0,100000.0,100
Felipe Curcio,Brescia,331467.0,250000.0,100
Alessandro Tripaldelli,Sassuolo,357176.0,600000.0,100
Romario Benzar,Lecce,164231.0,200000.0,100
Vasco Regini,Parma,72274.0,150000.0,100
Luca Rossettini,Lecce,60128.0,400000.0,100
Nenad Tomović,SPAL,47085.0,25000.0,100
Alessandro Semprini,Brescia,315843.0,125000.0,100
Jaromír Zmrhal,Brescia,235413.0,1200000.0,100
Daniele Gastaldello,Brescia,7096.0,300000.0,100
Bruno Martella,Brescia,164108.0,500000.0,100
Arkadiusz Reca,SPAL,268178.0,350000.0,100
Edoardo Goldaniga,Genoa,242940.0,2000000.0,100
Biagio Meccariello,Lecce,124002.0,250000.0,100
Rômulo,Brescia,957874.0,30000000.0,100
Guilherme Arana,Atalanta,346766.0,6000000.0,100
Andrea Papetti,Brescia,503619.0,1800000.0,100
Jeison Murillo,Sampdoria,131102.0,900000.0,100
Yıldırım Mert Çetin,Roma,391498.0,700000.0,100
Brayan Vera,Lecce,642967.0,1500000.0,100
Claud Adjapong,Hellas Verona,337716.0,900000.0,100
Matteo Lovato,Hellas Verona,459655.0,4000000.0,100
Aleksa Terzić,Fiorentina,404260.0,2500000.0,100
Luigi Vitale,Hellas Verona,80158.0,150000.0,100
Bosko Sutalo,Atalanta,431698.0,2000000.0,100
Massimiliano Mangraviti,Brescia,395805.0,900000.0,100
Djavan Anderson,Lazio,215089.0,275000.0,100
Federico Bonini,Bologna,530552.0,500000.0,100
Luca Ranieri,Fiorentina,346561.0,6000000.0,100
Andrea Carboni,Cagliari,481834.0,2500000.0,100
Davide Riccardi,Lecce,286259.0,200000.0,100
Ilario Monterisi,Lecce,550116.0,2800000.0,100
Christian Dalle Mura,Fiorentina,487829.0,850000.0,100
Christian Celesia,Torino,562287.0,125000.0,100
Radja Nainggolan,Cagliari,41982.0,500000.0,100
Stefano Sensi,Inter,216179.0,1200000.0,100
Erick Pulgar,Fiorentina,215616.0,4500000.0,100
Filippo Falco,Lecce,70689.0,700000.0,100
Miguel Veloso,Hellas Verona,43848.0,500000.0,100
Ruslan Malinovskyi,Atalanta,207877.0,2500000.0,100
Dejan Kulusevski,Parma,431755.0,17000000.0,100
Henrikh Mkhitaryan,Roma,55735.0,3000000.0,100
Sandro Tonali,Brescia,397033.0,80000000.0,100
Simone Verdi,Torino,130360.0,500000.0,100
Franck Ribéry,Fiorentina,22068.0,1000000.0,100
Christian Eriksen,Inter,69633.0,2500000.0,100
Jordan Veretout,Roma,164771.0,3500000.0,100
Kingsley Michael,Bologna,401920.0,150000.0,100
Ismaël Bennacer,Milan,351816.0,8000000.0,100
Riccardo Saponara,Lecce,88909.0,700000.0,100
Jasmin Kurtić,Parma,85825.0,800000.0,100
Amad Diallo,Atalanta,536835.0,45000000.0,100
Darko Lazović,Hellas Verona,70411.0,1500000.0,100
Gonzalo Maroni,Sampdoria,441385.0,2000000.0,100
Lasse Schöne,Genoa,34784.0,75000.0,100
Ante Rebić,Milan,187587.0,700000.0,100
Simone Muratore,Juventus,297648.0,100000.0,100
Matteo Pessina,Hellas Verona,332179.0,5000000.0,100
Amadou Diawara,Roma,355501.0,1500000.0,100
Ken Sema,Udinese,252345.0,800000.0,100
Nicolò Barella,Inter,255942.0,50000000.0,100
Gastón Brugman,Parma,131109.0,2000000.0,100
Marko Pajač,Genoa,190634.0,200000.0,100
Nicolás Domínguez,Bologna,497291.0,15000000.0,100
Iago Falque,Genoa,59340.0,250000.0,100
Jacopo Petriccione,Lecce,218067.0,650000.0,100
Carles Pérez,Roma,282810.0,1800000.0,100
Sofyan Amrabat,Hellas Verona,287579.0,10000000.0,100
Matteo Politano,Napoli,165895.0,5000000.0,100
Tommaso Augello,Sampdoria,284595.0,1200000.0,100
Gaetano Castrovilli,Fiorentina,303116.0,750000.0,100
Stefano Sabelli,Brescia,167491.0,1300000.0,100
Stanislav Lobotka,Napoli,192735.0,10000000.0,100
Rachid Ghezzal,Fiorentina,118287.0,600000.0,100
Adrien Rabiot,Juventus,182913.0,18000000.0,100
Marco Mancosu,Lecce,51736.0,400000.0,100
Dimitri Bisoli,Brescia,163216.0,1500000.0,100
Riccardo Ladinetti,Cagliari,459452.0,200000.0,100
Marco D'Alessandro,SPAL,99232.0,175000.0,100
Hernani,Parma,181768.0,1500000.0,100
Federico Dimarco,Hellas Verona,198116.0,50000000.0,100
Vlad Chiricheș,Sassuolo,123261.0,200000.0,100
Federico Mattiello,Cagliari,200194.0,300000.0,100
Aaron Ramsey,Juventus,646658.0,6000000.0,100
Filip Jagiełło,Genoa,242813.0,1000000.0,100
Luca Zanimacchia,Juventus,407265.0,1800000.0,100
Federico Di Francesco,SPAL,38607.0,1400000.0,100
Jony,Lazio,228761.0,300000.0,100
Pedro Obiang,Sassuolo,101213.0,500000.0,100
Valerio Verre,Hellas Verona,162961.0,1400000.0,100
Rade Krunić,Milan,259953.0,3500000.0,100
Mehdi Léris,Sampdoria,348601.0,1800000.0,100
Kevin-Prince Boateng,Fiorentina,16922.0,700000.0,100
Panagiotis Tachtsidis,Lecce,62415.0,300000.0,100
Hamed Junior Traorè,Sassuolo,391065.0,15000000.0,100
Marko Rog,Cagliari,317482.0,250000.0,100
Gary Medel,Bologna,60889.0,800000.0,100
Fabio Depaoli,Sampdoria,324282.0,3000000.0,100
Emiliano Rigoni,Sampdoria,282544.0,1000000.0,100
Nicolò Rovella,Genoa,525704.0,23000000.0,100
Anderson Lima,Lazio,54470.0,3000000.0,100
Musa Juwara,Bologna,562030.0,500000.0,100
Diego Demme,Napoli,82070.0,800000.0,100
Valentin Eysseric,Hellas Verona,126687.0,1000000.0,100
Walace,Udinese,323954.0,2500000.0,100
Alessandro Deiola,Lecce,235931.0,1500000.0,100
Kevin Agudelo,Fiorentina,587458.0,4000000.0,100
Morten Thorsby,Sampdoria,226524.0,2800000.0,100
Mato Jajalo,Udinese,47513.0,250000.0,100
Bryan Dabo,SPAL,149446.0,500000.0,100
Christian Oliva,Cagliari,563812.0,1400000.0,100
Elif Elmas,Napoli,400489.0,13000000.0,95
Valentino Lazaro,Inter,186368.0,2500000.0,100
Marco Brescianini,Milan,459128.0,9000000.0,100
Daouda Peeters,Juventus,365451.0,200000.0,100
Andrea Ghion,Sassuolo,390163.0,550000.0,100
Nahitan Nández,Cagliari,315063.0,4500000.0,100
Alfred Duncan,Fiorentina,184894.0,4000000.0,100
Lucas Castro,SPAL,105892.0,125000.0,100
Jerdy Schouten,Bologna,347900.0,20000000.0,100
Žan Majer,Lecce,180805.0,1300000.0,100
Yevhen Shakhov,Lecce,58970.0,300000.0,92
Valon Behrami,Genoa,21905.0,300000.0,100
Lucien Agoume,Inter,569384.0,15000000.0,100
Liam Henderson,Hellas Verona,193867.0,1400000.0,100
Andreas Skov Olsen,Bologna,432982.0,6000000.0,100
Antonín Barák,Lecce,272261.0,4500000.0,100
Alexis Saelemaekers,Milan,381950.0,20000000.0,100
Mattia Viviani,Brescia,403845.0,900000.0,100
Jacopo Sala,SPAL,96806.0,250000.0,100
Jaume Cuéllar,SPAL,466808.0,600000.0,100
Federico Marigosu,Cagliari,459504.0,75000.0,100
Paolo Ghiglione,Genoa,313477.0,1300000.0,100
Andrea Bertolacci,Sampdoria,99227.0,400000.0,100
Denilho Cleonise,Genoa,582131.0,400000.0,100
Gonzalo Villar,Roma,398163.0,1800000.0,100
Andrea Tabanelli,Lecce,134369.0,50000.0,100
Bobby Adekanye,Lazio,331514.0,650000.0,100
Simon Skrabb,Brescia,187047.0,250000.0,100
Giuseppe Pezzella,Parma,336960.0,2000000.0,100
Kristoffer Askildsen,Sampdoria,574495.0,3000000.0,100
Antonio Barreca,Genoa,241889.0,800000.0,100
Raoul Bellanova,Atalanta,357992.0,15000000.0,100
Luca Tremolada,Brescia,88713.0,1000000.0,100
Michel Ndary Adopo,Torino,564305.0,7000000.0,100
Giannelli Imbula,Lecce,130756.0,125000.0,100
Giacomo Manzari,Sassuolo,459953.0,300000.0,100
Leonardo Morosini,Brescia,240415.0,200000.0,100
Emanuele Ndoj,Brescia,287717.0,600000.0,100
Francesco Cassata,Genoa,301236.0,700000.0,100
Birkir Bjarnason,Brescia,34453.0,350000.0,100
Daniele Dessena,Brescia,29962.0,300000.0,100
Lucas Felippe,Hellas Verona,538063.0,175000.0,100
Davide Zappacosta,Roma,173859.0,3500000.0,100
Andri Fannar Baldursson,Bologna,464446.0,2000000.0,100
Emmanuel Agyemang-Badu,Hellas Verona,885233.0,800000.0,87
Paweł Dawidowicz,Hellas Verona,248732.0,500000.0,100
Nikolas Špalek,Brescia,243239.0,400000.0,100
Gianluca Frabotta,Juventus,386755.0,1400000.0,100
Krisztofer Horváth,SPAL,543736.0,600000.0,100
Georgi Tunjov,SPAL,363610.0,200000.0,100
Andrea Ghezzi,Brescia,536460.0,200000.0,100
Lennart-Marten Czyborra,Atalanta,309393.0,700000.0,82
Raúl,Lazio,520093.0,400000.0,100
Martin Palumbo,Udinese,617170.0,700000.0,100
Jacopo Da Riva,Atalanta,430503.0,1200000.0,100
Marco Ballarini,Udinese,465279.0,75000.0,100
Luca Falbo,Lazio,457236.0,175000.0,100
Dion Ruffo Luci,Bologna,537488.0,100000.0,100
Zlatan Ibrahimović,Milan,3455.0,2000000.0,100
Luca Gagliano,Cagliari,396682.0,200000.0,100
Francesco Caputo,Sassuolo,84765.0,1000000.0,100
Romelu Lukaku,Inter,96341.0,6000000.0,100
Musa Barrow,Bologna,486624.0,6000000.0,100
Alexis Sánchez,Inter,40433.0,1200000.0,100
Luis Muriel,Atalanta,119228.0,700000.0,100
Andreas Cornelius,Parma,203412.0,250000.0,100
Gianluca Lapadula,Lecce,130394.0,400000.0,100
Ernesto Torregrossa,Brescia,159883.0,1200000.0,100
Ebrima Colley,Atalanta,567217.0,800000.0,100
Mario Balotelli,Brescia,45146.0,650000.0,100
Rafael Leão,Milan,357164.0,50000000.0,100
Victor Moses,Inter,59866.0,1000000.0,100
Nikola Kalinić,Roma,36371.0,300000.0,100
Hirving Lozano,Napoli,316889.0,3500000.0,100
Christian Kouamé,Fiorentina,337725.0,1800000.0,100
Fernando Llorente,Napoli,35564.0,300000.0,100
Samuel Di Carmine,Hellas Verona,45389.0,350000.0,100
Fabio Borini,Hellas Verona,96754.0,2200000.0,100
Giovanni Simeone,Cagliari,282388.0,7000000.0,100
Yann Karamoh,Parma,324804.0,1000000.0,100
Gianluca Caprari,Parma,146752.0,4000000.0,100
Alberto Cerri,SPAL,197751.0,600000.0,100
Diego Farias,Lecce,83877.0,350000.0,100
Khouma Babacar,Lecce,124902.0,200000.0,100
Daniele Ragatzu,Cagliari,66360.0,600000.0,100
Patrick Cutrone,Fiorentina,265078.0,5000000.0,100
Pedro,Fiorentina,432895.0,20000000.0,100
Alfredo Donnarumma,Brescia,130485.0,800000.0,100
Ilija Nestorovski,Udinese,54581.0,150000.0,100
Giacomo Vrioni,Juventus,363178.0,3000000.0,100
Andrea La Mantia,Lecce,134983.0,800000.0,100
Andrea Pinamonti,Genoa,315865.0,15000000.0,100
Gianmarco Cangiano,Bologna,496270.0,650000.0,100
Mattia Destro,Genoa,88683.0,500000.0,100
Eddie Salcedo,Hellas Verona,459661.0,1500000.0,100
Gabriel Strefezza,SPAL,457673.0,6500000.0,100
Alessandro Matri,Brescia,40660.0,300000.0,100
Antonino La Gumina,Sampdoria,287876.0,1100000.0,100
Florian Ayé,Brescia,372713.0,2000000.0,100
Sebastiano Esposito,Inter,538918.0,15000000.0,100
Lukáš Haraslín,Sassuolo,239941.0,6000000.0,100
Sinan Gümüş,Genoa,196524.0,50000.0,100
Gastón Pereiro,Cagliari,264116.0,250000.0,100
Alberto Paloschi,Cagliari,68306.0,500000.0,100
Marco Olivieri,Juventus,346562.0,700000.0,100
Gennaro Tutino,Hellas Verona,202979.0,2000000.0,100
Lorenzo Colombo,Milan,487843.0,10000000.0,100
Edgaras Dubickas,Lecce,395295.0,300000.0,100
Mariusz Stępiński,Hellas Verona,210363.0,500000.0,100
Daniel Maldini,Milan,539134.0,9000000.0,100
Szymon Żurkowski,Fiorentina,387234.0,2500000.0,100
Felice D'Amico,Sampdoria,392500.0,175000.0,100
Marcin Bułka,Paris S-G,465955.0,12000000.0,95
Gerónimo Rulli,Montpellier,229604.0,6000000.0,100
Gautier Larsonneur,Brest,357047.0,3000000.0,100
Predrag Rajković,Reims,190263.0,7000000.0,100
Danijel Petković,Angers,188930.0,400000.0,100
Romain Salin,Rennes,23974.0,150000.0,100
Lucas Dias,Nîmes,476079.0,250000.0,100
Alexandre Oukidja,Metz,56809.0,150000.0,100
Alfred Gomis,Dijon,163568.0,1000000.0,100
Ciprian Tătărușanu,Lyon,55282.0,400000.0,100
Edouard Mendy,Rennes,442531.0,4000000.0,100
Keylor Navas,Paris S-G,79422.0,750000.0,100
Alban Lafont,Nantes,357117.0,3000000.0,100
Benjamin Lecomte,Monaco,127181.0,800000.0,100
Donovan Léon,Brest,170911.0,800000.0,100
Lovre Kalinić,Toulouse,46405.0,1000000.0,100
Yannis Clementia,Nice,549318.0,200000.0,100
Denis Petrić,Nantes,28356.0,50000.0,100
Stefan Bajić,Saint-Étienne,465836.0,300000.0,100
Sergio Rico,Paris S-G,207302.0,1500000.0,100
Matis Carvalho,Montpellier,478346.0,300000.0,100
Paul Delecroix,Metz,81543.0,150000.0,100
Nicolas Lemaitre,Reims,373939.0,700000.0,100
Josué Homawoo,Nantes,655143.0,2000000.0,100
Tanguy Nianzou,Paris S-G,538996.0,1200000.0,100
Dario Maresic,Reims,307807.0,1800000.0,100
Moussa Wagué,Nice,364240.0,300000.0,100
Ludovic Baal,Brest,39913.0,150000.0,100
Souleyman Doumbia,Angers,296356.0,250000.0,100
Dénys Bain,Brest,184575.0,400000.0,100
Alexander Djiku,Strasbourg,250844.0,3500000.0,100
Abdou Diallo,Paris S-G,229005.0,9000000.0,100
Mohamed Simakan,Strasbourg,666234.0,20000000.0,100
Stanley N'Soki,Nice,371141.0,2000000.0,96
Guillermo Maripán,Monaco,249730.0,2000000.0,100
Gaëtan Belaud,Brest,103060.0,350000.0,100
Lucas Perrin,Marseille,352392.0,2000000.0,100
Harold Moukoudi,Saint-Étienne,272636.0,6000000.0,100
Arthur Zagre,Monaco,536477.0,2000000.0,100
Melvin Bard,Lyon,532775.0,10000000.0,100
Bruno Ecuele Manga,Dijon,60990.0,250000.0,100
John Boye,Metz,85585.0,100000.0,100
Pablo Martinez,Nîmes,568835.0,3000000.0,100
Joachim Andersen,Lyon,260827.0,20000000.0,100
Molla Wagué,Nantes,129893.0,250000.0,100
Jean-Kevin Duverne,Brest,344864.0,2000000.0,100
Brendan Chardonnet,Brest,250779.0,4000000.0,100
Laurent Koscielny,Bordeaux,76277.0,3000000.0,100
Dylan Bronn,Metz,450417.0,600000.0,100
Julien Faussurier,Brest,78917.0,250000.0,100
Álvaro González,Marseille,183647.0,2200000.0,100
Sergi Palencia,Saint-Étienne,268176.0,2500000.0,100
Jérémy Morel,Rennes,23960.0,300000.0,100
Christophe Jallet,Amiens,28335.0,250000.0,100
Arnaud Souquet,Montpellier,111058.0,1500000.0,100
Ibrahim Cissé,Angers,341393.0,1800000.0,100
Jean-Charles Castelletto,Brest,182875.0,3200000.0,100
Mamadou Fofana,Metz,402004.0,2000000.0,100
Enock Kwateng,Bordeaux,288241.0,800000.0,100
Muzinga Ngonda,Dijon,426790.0,400000.0,100
Nicolas Isimat-Mirin,Toulouse,147846.0,325000.0,100
Dennis Appiah,Nantes,111038.0,700000.0,100
Loris Benito,Bordeaux,119085.0,250000.0,100
Tiago Djaló,Lille,420465.0,7000000.0,100
Youssouf Koné,Lyon,274484.0,800000.0,100
Aurélien Chedjou,Amiens,45624.0,300000.0,100
Marcus Coco,Nantes,353365.0,850000.0,100
Romain Perraud,Brest,318523.0,7000000.0,100
Stoppila Sunzu,Metz,82324.0,200000.0,100
Mexer,Bordeaux,127610.0,200000.0,100
Ibrahim Cissé,Nice,341393.0,1800000.0,100
Agustín Rogel,Toulouse,456535.0,1500000.0,100
Moussa Diarra,Toulouse,694509.0,2000000.0,100
Jonathan Panzo,Monaco,392777.0,1500000.0,100
Nicholas Opoku,Amiens,396516.0,1500000.0,100
Hamza Mendyl,Dijon,447221.0,800000.0,100
Manuel Cabit,Metz,127075.0,200000.0,100
Haitam Aleesami,Amiens,230166.0,225000.0,100
Arturo Calabresi,Amiens,240897.0,800000.0,100
Miguel Trauco,Saint-Étienne,177690.0,200000.0,100
Lucas Buadés,Nîmes,531960.0,500000.0,100
Riza Durmisi,Nice,135208.0,300000.0,100
Yun Il-lok,Montpellier,131480.0,650000.0,100
Ruben Gabrielsen,Toulouse,107662.0,225000.0,100
Clément Vidal,Montpellier,569388.0,1500000.0,100
Yvann Macon,Saint-Étienne,580747.0,800000.0,100
Mitchel Bakker,Paris S-G,361065.0,2500000.0,100
Ahmad Ngouyamsa,Dijon,723416.0,600000.0,100
Thibaut Vargas,Montpellier,627463.0,800000.0,100
Percy Prado,Nantes,606447.0,50000.0,100
Wesley Moustache,Nantes,466910.0,150000.0,100
Mathieu Goncalves,Toulouse,463608.0,150000.0,100
Jack Lahne,Amiens,493674.0,300000.0,100
Téji Savanier,Montpellier,127156.0,9000000.0,100
Bruno Guimarães,Lyon,520624.0,70000000.0,100
Hianga'a M'Bock,Brest,684062.0,700000.0,96
Valentin Rongier,Marseille,332889.0,8000000.0,100
Idrissa Gana Gueye,Paris S-G,1178488.0,8000000.0,100
Adam Ounas,Nice,400485.0,4000000.0,100
Mounir Chouiar,Dijon,355641.0,2800000.0,100
Adama Traoré,Metz,204103.0,6000000.0,100
Zinedine Ferhat,Nîmes,232895.0,2300000.0,100
Ander Herrera,Paris S-G,99343.0,400000.0,100
Renato Sanches,Lille,258027.0,2000000.0,100
Lucas Deaux,Nîmes,57372.0,250000.0,100
Adil Aouchiche,Paris S-G,569385.0,2200000.0,100
Roli Pereira de Sa,Nantes,243737.0,400000.0,100
Steven Nzonzi,Rennes,73734.0,900000.0,100
Habib Maïga,Metz,293944.0,2500000.0,100
Raphinha,Rennes,411295.0,70000000.0,100
El Bilal Touré,Reims,649016.0,13000000.0,100
Thiago Mendes,Lyon,135617.0,1300000.0,100
Pablo Sarabia,Paris S-G,74230.0,4000000.0,100
Maxence Caqueret,Lyon,395237.0,13000000.0,100
Benjamin André,Lille,84301.0,3000000.0,100
Fabien Centonze,Metz,384859.0,1000000.0,100
Cristian Battocchio,Brest,129868.0,350000.0,100
Domagoj Bradarić,Lille,357796.0,1500000.0,100
Yohan Cabaye,Saint-Étienne,29434.0,500000.0,100
Didier Ibrahim Ndong,Dijon,210081.0,1200000.0,100
Zaydou Youssouf,Saint-Étienne,471582.0,6000000.0,100
Ruben Aguilar,Monaco,203746.0,2500000.0,100
Hugo Magnetti,Brest,474662.0,6000000.0,100
Abdoul Kader Bamba,Nantes,560725.0,900000.0,100
Yassine Benrahou,Nîmes,344599.0,3000000.0,100
Yoann Court,Brest,60525.0,400000.0,100
Jeff Reine-Adélaïde,Lyon,326300.0,500000.0,100
Jonas Martin,Rennes,127142.0,300000.0,100
Mehdi Abeid,Nantes,111036.0,1000000.0,100
William Vainqueur,Toulouse,47893.0,400000.0,100
Kévin N'Doram,Metz,342209.0,1000000.0,100
Jean-Ricner Bellegarde,Strasbourg,450050.0,16000000.0,100
Mathias Autret,Brest,138171.0,700000.0,100
Ludovic Blas,Nantes,288225.0,10000000.0,100
Abdul Majeed Waris,Strasbourg,146805.0,500000.0,100
Luca Valls,Nîmes,,,0
Ibrahima Diallo,Brest,413032.0,6500000.0,100
Yusuf Yazıcı,Lille,386726.0,3500000.0,100
Haris Belkebla,Brest,138055.0,1800000.0,100
Aurélien Tchouaméni,Monaco,413112.0,70000000.0,100
Antonin Bobichon,Angers,344575.0,700000.0,100
Youssouf Fofana,Monaco,569598.0,23000000.0,100
Sidy Sarr,Nîmes,364233.0,300000.0,100
Flavien Tait,Rennes,202278.0,300000.0,100
Paul Lasne,Brest,93726.0,250000.0,100
Bryan Soumaré,Dijon,644563.0,200000.0,100
Franck Honorat,Saint-Étienne,229006.0,7000000.0,100
Khéphren Thuram,Nice,463618.0,38000000.0,100
Marvin Gakpa,Metz,170976.0,450000.0,100
Sada Thioub,Angers,290593.0,1000000.0,100
Maxence Rivera,Saint-Étienne,735700.0,3000000.0,100
Adil Taoui,Toulouse,463617.0,400000.0,100
Yassine Benzia,Dijon,187847.0,900000.0,100
Matheus Pereira da Silva,Dijon,225984.0,14000000.0,100
Joris Chotard,Montpellier,624037.0,7000000.0,100
Jean Lucas,Lyon,578872.0,13000000.0,100
Romain Philippoteaux,Nîmes,255220.0,300000.0,100
Samuel Grandsir,Brest,432772.0,1500000.0,100
Jordan Ferri,Montpellier,118284.0,500000.0,100
Jean-Eudes Aholou,Saint-Étienne,178313.0,800000.0,100
Lucas Da Cunha,Rennes,495667.0,20000000.0,100
Victorien Angban,Metz,178314.0,350000.0,100
Marshall Munetsi,Reims,414908.0,15000000.0,100
Ferris N'Goma,Brest,127192.0,200000.0,100
Antoine Valerio,Nîmes,707317.0,300000.0,100
Rayan Cherki,Lyon,607223.0,90000000.0,100
Nathanael Mbuku,Reims,557614.0,2000000.0,100
Vincent Pajot,Metz,126699.0,400000.0,100
Stephy Mavididi,Dijon,340328.0,8000000.0,100
Zinédine Ould Khaled,Angers,650104.0,400000.0,100
Abou Ouattara,Lille,443263.0,400000.0,100
Hicham Boudaoui,Nice,560593.0,12000000.0,100
Lamine Fomba,Nîmes,391376.0,1000000.0,100
Marley Aké,Marseille,682032.0,2500000.0,100
Bilal Benkhedim,Saint-Étienne,609692.0,200000.0,100
Dereck Kutesa,Reims,237669.0,3500000.0,100
Rubén Pardo,Bordeaux,99352.0,350000.0,100
Cheikh Niasse,Lille,644032.0,2000000.0,100
Adrien Lebeau,Strasbourg,395674.0,300000.0,100
Timothy Weah,Lille,370846.0,20000000.0,100
Nicolás Gaitán,Lille,99523.0,100000.0,100
Thomas Delaine,Metz,170961.0,500000.0,100
Youssef Aït Bennasser,Bordeaux,265569.0,800000.0,100
Sambou Sissoko,Reims,649019.0,1200000.0,100
Cristian Benavente,Nantes,232859.0,400000.0,100
Fousseni Diabaté,Amiens,364861.0,800000.0,100
Jean Onana,Lille,656441.0,1000000.0,100
Florian Chabrolle,Marseille,418662.0,200000.0,100
Isaac Lihadji,Marseille,557610.0,1000000.0,100
Papa Ndiaga Yade,Metz,568702.0,400000.0,100
Madih Talal,Amiens,518860.0,400000.0,100
Raoul Bellanova,Bordeaux,357992.0,15000000.0,100
Wissam Ben Yedder,Monaco,146854.0,8000000.0,100
Islam Slimani,Monaco,174915.0,400000.0,100
Darío Benedetto,Marseille,92693.0,1200000.0,100
Ryad Boudebouz,Saint-Étienne,77826.0,1200000.0,100
Mauro Icardi,Paris S-G,68863.0,4000000.0,100
Victor Osimhen,Lille,401923.0,75000000.0,100
Karl Toko Ekambi,Lyon,315110.0,5000000.0,100
Jhonder Cádiz,Dijon,271256.0,2500000.0,100
Nolan Roux,Nîmes,81460.0,150000.0,100
Rachid Alioui,Angers,193130.0,250000.0,100
Gaëtan Charbonnier,Brest,93678.0,400000.0,100
Kasper Dolberg,Nice,283196.0,7000000.0,100
Alexis Claude-Maurice,Nice,384593.0,15000000.0,100
Moussa Koné,Nîmes,364239.0,500000.0,100
Remi Oudin,Bordeaux,399543.0,3500000.0,100
Irvin Cardona,Brest,342226.0,2500000.0,100
Bastian Badu,Montpellier,591197.0,300000.0,100
Denis Bouanga,Saint-Étienne,236045.0,8000000.0,100
Kévin Denkey,Nîmes,482072.0,12000000.0,100
Mathias Pereira Lage,Angers,424072.0,2500000.0,100
Efthimis Koulouris,Toulouse,242638.0,1500000.0,91
Wesley Saïd,Toulouse,182916.0,5000000.0,100
Haris Duljević,Nîmes,184473.0,400000.0,100
Casimir Ninga,Angers,392810.0,600000.0,100
Alexandre Mendy,Brest,290561.0,3500000.0,100
Sami Ben Amar,Nîmes,524318.0,150000.0,100
Mama Samba Baldé,Dijon,325223.0,3000000.0,100
Thierry Ambrose,Metz,265763.0,1000000.0,100
Hwang Ui-jo,Bordeaux,260166.0,500000.0,100
Yann Gboho,Rennes,463613.0,18000000.0,100
Chadrac Akolo,Amiens,247459.0,500000.0,100
Timothée Nkada,Reims,522788.0,2000000.0,96
Vlatko Stojanovski,Nîmes,345041.0,200000.0,100
Moses Simon,Nantes,274862.0,7000000.0,100
Amine Adli,Toulouse,532776.0,20000000.0,100
Jean-Kévin Augustin,Monaco,264956.0,1000000.0,100
Anastasios Donis,Reims,243606.0,500000.0,100
Lyle Foster,Monaco,467623.0,8000000.0,100
Edmilson Correia,Saint-Étienne,,,0
Isaac Mbenza,Amiens,260806.0,350000.0,100
Kaj Sierhuis,Reims,315283.0,1800000.0,100
Janis Antiste,Toulouse,538974.0,1000000.0,100
Kevin Mayi,Brest,198473.0,100000.0,100
Renaud Emond,Nantes,168471.0,350000.0,100
Jean-Victor Makengo,Toulouse,322305.0,6000000.0,100
Georges Mikautadze,Metz,729814.0,30000000.0,100
Rayan Philippe,Dijon,694507.0,4000000.0,100
Henry Onyekuru,Monaco,380415.0,1000000.0,100
Rafik Guitane,Rennes,394328.0,5000000.0,100
Caoimhin Kelleher,Liverpool,340918.0,28000000.0,100
Emiliano Martínez,Aston Villa,111873.0,12000000.0,100
Kiko Casilla,Leeds United,27486.0,300000.0,100
Illan Meslier,Leeds United,542586.0,8000000.0,100
João Virgínia,Everton,329813.0,800000.0,100
Sam Johnstone,West Brom,110864.0,2000000.0,100
Alphonse Aréola,Fulham,120629.0,4000000.0,100
Dean Henderson,Manchester Utd,258919.0,28000000.0,100
Rúnar Alex Rúnarsson,Arsenal,205657.0,350000.0,100
Robert Sánchez,Brighton,403151.0,22000000.0,100
Edouard Mendy,Chelsea,442531.0,4000000.0,100
Robin Olsen,Everton,75458.0,600000.0,100
Aaron Ramsdale,Sheffield Utd,427568.0,12000000.0,100
David Button,West Brom,61814.0,250000.0,100
Mathew Ryan,Arsenal,128969.0,1800000.0,100
Scott Carson,Manchester City,14555.0,100000.0,100
Zack Steffen,Manchester City,221624.0,1500000.0,100
Jack Butland,Crystal Palace,128899.0,1500000.0,100
Marek Rodák,Fulham,186901.0,2800000.0,100
Will Norris,Burnley,285033.0,350000.0,100
Bailey Peacock-Farrell,Burnley,410436.0,900000.0,100
Nathaniel Phillips,Liverpool,371814.0,3500000.0,100
Thiago Silva,Chelsea,29241.0,500000.0,100
Ben Chilwell,Chelsea,316125.0,10000000.0,100
Rúben Dias,Manchester City,258004.0,55000000.0,100
Jimmy Dunne,Burnley,396174.0,5000000.0,100
Liam Cooper,Leeds United,75067.0,1800000.0,100
Luke Ayling,Leeds United,67420.0,1800000.0,100
Ben Godfrey,Everton,343475.0,5000000.0,100
Alex Telles,Manchester Utd,255755.0,2800000.0,100
Vladimír Coufal,West Ham,157672.0,2500000.0,100
Diego Llorente,Leeds United,246291.0,2500000.0,100
Wesley Fofana,Leicester City,475411.0,28000000.0,100
Terence Kongolo,Fulham,152651.0,900000.0,100
Kenny Tete,Fulham,206746.0,8000000.0,100
Joe Rodon,Tottenham,297212.0,18000000.0,100
Joël Veltman,Brighton,111195.0,1500000.0,100
Stuart Dallas,Leeds United,158764.0,1500000.0,100
Pascal Struijk,Leeds United,410708.0,22000000.0,100
Gabriel Magalhães,Arsenal,435338.0,75000000.0,100
Matty Cash,Aston Villa,425334.0,22000000.0,100
Joachim Andersen,Fulham,260827.0,20000000.0,100
Tosin Adarabioyo,Fulham,258878.0,16000000.0,100
Rhys Williams,Liverpool,503679.0,500000.0,100
Gaetano Berardi,Leeds United,43084.0,50000.0,100
Antonee Robinson,Fulham,349701.0,22000000.0,100
Kyle Bartley,West Brom,67421.0,600000.0,100
Conor Townsend,West Brom,146509.0,500000.0,100
Timothy Castagne,Leicester City,262226.0,8000000.0,100
Nélson Semedo,Wolves,231572.0,6000000.0,100
Craig Dawson,West Ham,121477.0,900000.0,100
Robin Koch,Leeds United,328784.0,10000000.0,100
Nathan Aké,Manchester City,177476.0,12000000.0,100
Mohammed Salisu,Southampton,563963.0,10000000.0,100
Ben White,Brighton,335721.0,30000000.0,100
Ozan Kabak,Liverpool,361260.0,15000000.0,100
Matt Doherty,Tottenham,171679.0,1000000.0,100
Ola Aina,Fulham,236490.0,18000000.0,100
Ezgjan Alioski,Leeds United,129604.0,400000.0,100
Kean Bryan,Sheffield Utd,214928.0,500000.0,100
Sergio Reguilón,Tottenham,282429.0,3500000.0,100
Darnell Furlong,West Brom,351755.0,3500000.0,100
Max Lowe,Sheffield Utd,258885.0,2500000.0,100
Fernando Marçal,Wolves,51174.0,2000000.0,100
Rayan Aït-Nouri,Wolves,578391.0,40000000.0,100
Dara O'Shea,West Brom,401320.0,16000000.0,100
Ainsley Maitland-Niles,West Brom,285845.0,10000000.0,100
Semi Ajayi,West Brom,251912.0,700000.0,100
Jamie Shackleton,Leeds United,534700.0,2000000.0,100
Lee Peltier,West Brom,38094.0,200000.0,100
Ki-Jana Hoever,Wolves,485583.0,3500000.0,100
Nathaniel Clyne,Crystal Palace,85177.0,300000.0,100
Jayden Bogle,Sheffield Utd,465717.0,15000000.0,100
Branislav Ivanović,West Brom,36827.0,500000.0,100
Niall Huggins,Leeds United,559801.0,200000.0,100
Kostas Tsimikas,Liverpool,338070.0,4500000.0,83
Michael Hector,Fulham,157490.0,500000.0,100
Niels Nkounkou,Everton,591193.0,2600000.0,100
Leif Davis,Leeds United,596446.0,20000000.0,100
Oskar Buur,Wolves,293283.0,450000.0,100
Allan Tchaptchet,Southampton,465294.0,600000.0,100
William Fish,Manchester Utd,341710.0,3000000.0,100
Femi Seriki,Sheffield Utd,638649.0,300000.0,100
James Rodríguez,Everton,88103.0,1500000.0,100
Kalvin Phillips,Leeds United,351749.0,2500000.0,100
Matheus Pereira,West Brom,225984.0,14000000.0,100
Thiago Alcántara,Liverpool,60444.0,10000000.0,100
Raphinha,Leeds United,411295.0,70000000.0,100
Hakim Ziyech,Chelsea,217111.0,3000000.0,100
Willian,Arsenal,52769.0,400000.0,100
Okay Yokuşlu,West Brom,137616.0,1200000.0,100
Pierre Højbjerg,Tottenham,167799.0,15000000.0,82
Thomas Partey,Arsenal,230784.0,2000000.0,100
Ethan Ampadu,Sheffield Utd,392771.0,30000000.0,100
Rodrigo,Leeds United,131505.0,5000000.0,100
Eberechi Eze,Crystal Palace,479999.0,65000000.0,100
Harrison Reed,Fulham,226973.0,2000000.0,100
Theo Corbeanu,Wolves,568535.0,1500000.0,100
Abdoulaye Doucouré,Everton,127187.0,5000000.0,100
Martin Ødegaard,Arsenal,316264.0,65000000.0,100
Ross Barkley,Aston Villa,131978.0,4000000.0,100
Mario Lemina,Fulham,170934.0,4500000.0,100
Ryan Fraser,Newcastle Utd,146795.0,1500000.0,100
Percy Tau,Brighton,312239.0,850000.0,100
Allan,Everton,1082631.0,20000000.0,100
Joe Willock,Newcastle Utd,340329.0,14000000.0,100
Mateusz Klich,Leeds United,92738.0,200000.0,100
Adam Lallana,Brighton,43530.0,750000.0,100
Owen Otasowie,Wolves,511815.0,100000.0,100
Pablo Hernández,Leeds United,46220.0,100000.0,100
Ivan Cavaleiro,Fulham,149716.0,350000.0,100
Conor Gallagher,West Brom,488362.0,32000000.0,100
Robert Snodgrass,West Brom,22614.0,300000.0,100
Cengiz Ünder,Leicester City,341647.0,4000000.0,100
Bobby De Cordova-Reid,Fulham,186186.0,700000.0,100
Filip Krovinović,West Brom,261988.0,1500000.0,100
Vitinha,Wolves,487469.0,140000000.0,100
Donny van de Beek,Manchester Utd,288255.0,1800000.0,100
Saïd Benrahma,West Ham,290532.0,8500000.0,100
Morgan Sanson,Aston Villa,174094.0,3500000.0,100
Dale Stephens,Burnley,49755.0,600000.0,100
Ruben Loftus-Cheek,Fulham,202886.0,8500000.0,100
Theo Walcott,Southampton,33713.0,1000000.0,100
Ian Poveda,Leeds United,392763.0,1200000.0,100
Amad Diallo,Manchester Utd,536835.0,45000000.0,100
Iliman Ndiaye,Sheffield Utd,623570.0,55000000.0,100
Sidnei Tavares,Leicester City,511813.0,2000000.0,100
Jeff Hendrick,Newcastle Utd,148262.0,500000.0,100
Jacob Ramsey,Aston Villa,503749.0,35000000.0,100
Carney Chukwuemeka,Aston Villa,659459.0,20000000.0,100
Karlan Grant,West Brom,314183.0,4500000.0,100
Caleb Watts,Southampton,610665.0,250000.0,100
Takumi Minamino,Southampton,165793.0,10000000.0,100
Jakub Moder,Brighton,384461.0,10000000.0,100
Ibrahima Diallo,Southampton,413032.0,6500000.0,100
Jamal Lewis,Newcastle Utd,346018.0,1500000.0,100
Grady Diangana,West Brom,342048.0,2000000.0,100
Romaine Sawyers,West Brom,113036.0,1000000.0,100
Kamil Grosicki,West Brom,37920.0,200000.0,100
Josh Onomah,Fulham,243589.0,1200000.0,100
Hannibal Mejbri,Manchester Utd,607224.0,15000000.0,100
Reda Khadra,Brighton,405686.0,1200000.0,100
Khanya Leshabela,Leicester City,461882.0,100000.0,100
Tyrese Francois,Fulham,528888.0,600000.0,100
Josh Benson,Burnley,397102.0,350000.0,100
Alexandre Jankewitz,Southampton,507472.0,700000.0,100
Elliot Anderson,Newcastle Utd,567576.0,75000000.0,100
Jaden Philogene Bidace,Aston Villa,665390.0,18000000.0,100
Jayson Molumby,Brighton,357656.0,3500000.0,100
Lewis Richardson,Burnley,657863.0,200000.0,100
Gareth Bale,Tottenham,39381.0,2000000.0,100
Jesse Lingard,West Ham,141660.0,2000000.0,100
Ademola Lookman,Fulham,406040.0,40000000.0,100
Ollie Watkins,Aston Villa,324358.0,25000000.0,100
Patrick Bamford,Leeds United,183334.0,7000000.0,100
Callum Wilson,Newcastle Utd,123682.0,4000000.0,100
Jack Harrison,Leeds United,417346.0,6500000.0,100
Diogo Jota,Liverpool,340950.0,40000000.0,100
Anthony Elanga,Manchester Utd,583189.0,32000000.0,100
Fabio Carvalho,Fulham,559263.0,8000000.0,100
Bertrand Traoré,Aston Villa,131996.0,4000000.0,100
Edinson Cavani,Manchester Utd,48280.0,500000.0,100
Ferrán Torres,Manchester City,398184.0,50000000.0,100
Danny Welbeck,Brighton,67063.0,3000000.0,100
Willian José,Wolves,122155.0,1200000.0,100
Tyler Roberts,Leeds United,296986.0,3000000.0,100
Timo Werner,Chelsea,170527.0,3500000.0,100
Josh Maja,Fulham,453824.0,5000000.0,100
Callum Robinson,West Brom,183299.0,3000000.0,100
Kai Havertz,Chelsea,309400.0,55000000.0,100
Mbaye Diagne,West Brom,271966.0,2000000.0,100
Carlos Vinícius,Tottenham,525287.0,7000000.0,100
Fábio Silva,Wolves,505653.0,22000000.0,100
Jean-Philippe Mateta,Crystal Palace,420002.0,30000000.0,100
Daniel Jebbison,Sheffield Utd,746740.0,6000000.0,100
Antwoine Hackford,Sheffield Utd,670859.0,500000.0,100
Kyle Edwards,West Brom,314366.0,350000.0,100
Rhian Brewster,Sheffield Utd,406560.0,3000000.0,100
Oliver Burke,Sheffield Utd,341317.0,3000000.0,100
Andi Zeqiri,Brighton,345468.0,2000000.0,100
Dan Nlundulu,Southampton,346482.0,350000.0,100
Charlie Austin,West Brom,129627.0,275000.0,100
Joshua King,Everton,91059.0,1200000.0,100
Liam Delap,Manchester City,610849.0,28000000.0,100
Shola Shoretire,Manchester Utd,640026.0,2000000.0,100
Hélder Costa,Leeds United,173900.0,350000.0,100
Joel Mumbongo,Burnley,381156.0,150000.0,100
Dane Scarlett,Tottenham,670883.0,1500000.0,100
Nathan Broadhead,Everton,344009.0,7000000.0,100
Ángel Jiménez,Granada,713632.0,150000.0,100
Dani Cárdenas,Levante,397676.0,1800000.0,100
Claudio Bravo,Betis,40423.0,800000.0,100
Édgar Badía,Elche,102146.0,3000000.0,100
Álvaro Fernández,Huesca,453704.0,2500000.0,100
Jeremías Ledesma,Cádiz,,,0
Andrés Fernández,Huesca,57522.0,600000.0,100
Rubén Yáñez,Getafe,246335.0,1200000.0,100
Roberto Jiménez,Valladolid,37403.0,500000.0,100
Paulo Gazzaniga,Elche,195488.0,1800000.0,100
Alberto,Cádiz,5957.0,700000.0,100
Gerónimo Rulli,Villarreal,229604.0,6000000.0,100
David Gil,Cádiz,162027.0,700000.0,100
Jokin Ezkieta,Athletic Club,379548.0,800000.0,100
Víctor Chust,Real Madrid,495625.0,3500000.0,100
Barcia,Granada,562058.0,500000.0,100
Jawad El Yamiq,Valladolid,235412.0,600000.0,100
Florian Lejeune,Alavés,127108.0,1800000.0,100
Marcos Acuña,Sevilla,60410.0,1000000.0,100
Lucas Olaza,Valladolid,216240.0,3500000.0,100
Iglesias,Getafe,390688.0,5000000.0,100
Dimitris Siovas,Huesca,52403.0,50000.0,96
Gonzalo Verdú,Elche,184779.0,700000.0,100
Pablo Maffeo,Huesca,251876.0,3000000.0,100
Isaac Carcelen,Cádiz,1084667.0,1200000.0,100
Carlos Dominguez,Celta Vigo,636093.0,2000000.0,100
Víctor Ruiz,Betis,62920.0,1000000.0,100
Antonio Barragán,Elche,32522.0,600000.0,100
Josema,Elche,255892.0,800000.0,100
Karim Rekik,Sevilla,182579.0,4000000.0,100
Juan Foyth,Villarreal,480763.0,8000000.0,100
Juan Miranda,Betis,341227.0,15000000.0,100
Miguel Gutiérrez,Real Madrid,525299.0,22000000.0,100
Fali,Cádiz,252667.0,2000000.0,100
Diego González,Elche,873981.0,5500000.0,100
Pedro López Muñoz,Huesca,65278.0,1000000.0,100
Alfonso Espino,Cádiz,311044.0,900000.0,100
Carlos Akapo,Cádiz,225015.0,1000000.0,100
Cala,Cádiz,67089.0,600000.0,100
Sergiño Dest,Barcelona,361104.0,18000000.0,100
Dani Calvo,Elche,326416.0,900000.0,100
Marvin,Real Madrid,17025.0,250000.0,100
Sergio Gómez,Huesca,366930.0,15000000.0,100
Kingsley Fobi,Granada,358981.0,150000.0,100
Miguel Ángel Rubio,Valladolid,583510.0,1500000.0,100
Marcos Mauro López Gutiérrez,Cádiz,432175.0,4000000.0,100
Saidy Janko,Valladolid,196435.0,800000.0,100
Bruno González,Valladolid,188838.0,300000.0,100
Son,Levante,349856.0,1000000.0,100
Helibelton Palacios,Elche,211389.0,450000.0,100
Manu Sánchez,Osasuna,618809.0,6000000.0,100
Juan Cruz Armada,Osasuna,662332.0,12000000.0,100
Denis Vavro,Huesca,239962.0,5000000.0,100
Luis Pérez,Valladolid,358115.0,800000.0,100
Modibo Sagnan,Real Sociedad,524925.0,2000000.0,100
Johan Mojica,Elche,262939.0,1500000.0,100
Gastón Silva,Huesca,189452.0,1800000.0,100
Pepe Sánchez,Granada,500191.0,200000.0,100
Pedro Alcalá,Cádiz,51663.0,400000.0,100
Adrián Marín,Granada,295414.0,1500000.0,100
Iván Alejo,Cádiz,281755.0,1500000.0,100
José Fontán,Celta Vigo,609361.0,1800000.0,100
Sofian Chakla,Getafe,236956.0,500000.0,92
Jairo Izquierdo,Cádiz,337946.0,800000.0,100
Jonás Ramalho,Osasuna,69660.0,500000.0,100
Stephane Keller,Alavés,718032.0,400000.0,100
Kévin Rodrigues,Eibar,206947.0,800000.0,100
Nehuén Pérez,Granada,491693.0,12000000.0,100
Álex Martín,Cádiz,345083.0,800000.0,100
Juan Sánchez Miño,Elche,169249.0,275000.0,100
Ricard Sánchez,Atlético Madrid,388545.0,3000000.0,100
John Donald,Elche,627290.0,1000000.0,100
Youssouf Koné,Elche,274484.0,800000.0,100
Sergio González,Cádiz,435500.0,700000.0,100
Marc Baró,Cádiz,388512.0,200000.0,100
Francisco Reis Ferreira,Valencia,42853.0,325000.0,100
Emmanuel Amankwaa Akurugu,Getafe,77153.0,250000.0,80
Aritz Arambarri,Real Sociedad,434602.0,600000.0,100
Guillem Molina,Valencia,602156.0,300000.0,100
Unai Dufur,Eibar,783429.0,300000.0,100
Sergio Cubero,Eibar,684253.0,400000.0,100
Daniel Parejo,Villarreal,530421.0,800000.0,100
David Silva,Real Sociedad,35518.0,4000000.0,100
Jonathan Carmona,Elche,54149.0,800000.0,100
Iñigo Vicente,Athletic Club,335216.0,1800000.0,100
Bryan Gil,Eibar,537382.0,8000000.0,100
Papu Gómez,Sevilla,20005.0,2000000.0,100
Óscar Mingueza,Barcelona,331505.0,18000000.0,100
Sandro Ramírez,Huesca,199369.0,1500000.0,100
Luis Milla,Granada,281989.0,3500000.0,100
Antonio Blanco,Real Madrid,495621.0,10000000.0,100
Ilaix Moriba,Barcelona,617074.0,15000000.0,100
Álex Berenguer,Athletic Club,338425.0,4000000.0,100
Fidel,Elche,149231.0,1000000.0,100
Pedri,Barcelona,683840.0,150000000.0,100
Javier Ontiveros,Huesca,298983.0,1000000.0,93
Renato Tapia,Celta Vigo,277137.0,1500000.0,100
Álex Fernández,Cádiz,89733.0,1500000.0,100
Carles Aleñá,Getafe,284854.0,3000000.0,100
Ivan Rakitić,Sevilla,32467.0,3500000.0,100
Miralem Pjanić,Barcelona,44162.0,1500000.0,100
Geoffrey Kondogbia,Atlético Madrid,127189.0,3000000.0,100
Mickael Malsa,Levante,205569.0,1500000.0,100
Aleix García,Eibar,261504.0,20000000.0,100
Roque Mesa,Valladolid,202984.0,1800000.0,100
Lucas Torró,Osasuna,213670.0,2500000.0,100
Uroš Račić,Valencia,417575.0,3000000.0,100
Pervis Estupiñán,Villarreal,349599.0,12000000.0,100
Recio,Eibar,150948.0,300000.0,100
Étienne Capoue,Villarreal,63494.0,1500000.0,100
José Mari,Cádiz,225462.0,200000.0,100
Eugeni Valderrama,Huesca,223073.0,600000.0,100
Augusto Solari,Celta Vigo,282694.0,125000.0,100
Borja García,Huesca,67808.0,800000.0,100
Jens Jønsson,Cádiz,148355.0,800000.0,100
Pere Milla,Elche,225593.0,1000000.0,100
Jon Morcillo,Athletic Club,455349.0,1500000.0,100
Domingos Quina,Granada,391719.0,1500000.0,100
Francis Coquelin,Villarreal,74869.0,700000.0,100
Martin Ødegaard,Real Madrid,316264.0,65000000.0,100
Paul Akouokou,Betis,429901.0,1500000.0,100
Kenedy,Granada,281404.0,700000.0,100
Óscar Rodríguez Arnaiz,Sevilla,85314.0,7500000.0,100
Josan,Elche,277533.0,100000.0,100
Lucas Torreira,Atlético Madrid,318077.0,10000000.0,100
Kuki,Valladolid,311696.0,200000.0,100
Oriol Rey,Valladolid,293388.0,1800000.0,100
Edgar Sevikyan,Levante,430488.0,1000000.0,100
Nico Williams,Athletic Club,709187.0,40000000.0,100
Ante Palaversa,Getafe,371003.0,550000.0,100
Pedro Mosquera,Huesca,44069.0,500000.0,100
Jaime Seoane,Huesca,340867.0,2000000.0,100
Jony,Osasuna,228761.0,300000.0,100
Iván Marcone,Elche,90451.0,400000.0,100
Sergio Arribas,Real Madrid,537762.0,10000000.0,100
Jorge Pombo,Cádiz,336747.0,275000.0,100
Francisco Trincão,Barcelona,412669.0,40000000.0,100
Christian Oliva,Valencia,563812.0,1400000.0,100
Oier Zarraga,Athletic Club,524010.0,1500000.0,100
Raúl Guti,Elche,330352.0,2000000.0,100
Rodrigo Battaglia,Alavés,89297.0,500000.0,100
Sergio Carreira,Celta Vigo,545647.0,12000000.0,100
Damian Kądzior,Eibar,199299.0,500000.0,100
Aarón Martín,Celta Vigo,251878.0,5000000.0,100
Álex Cantero,Levante,638235.0,1400000.0,100
Takefusa Kubo,Getafe,405398.0,20000000.0,100
Pablo Piatti,Elche,56067.0,400000.0,100
Mikel Rico,Huesca,51474.0,200000.0,100
Idrissa Doumbia,Huesca,430579.0,1700000.0,100
Rodri,Betis,357565.0,50000000.0,100
Miguel Baeza,Celta Vigo,523977.0,400000.0,100
Urko González,Real Sociedad,625651.0,12000000.0,100
Jeison Lucumí,Elche,352567.0,800000.0,100
Juan Brunet,Granada,696883.0,100000.0,100
Joaquín Muñoz,Huesca,396334.0,1000000.0,100
Miguel Rodríguez,Celta Vigo,634427.0,4500000.0,100
Alejandro Pozo Pozo,Eibar,188853.0,2800000.0,90
Omenuke Mfulu,Elche,203516.0,700000.0,86
Víctor Rodríguez,Elche,129753.0,225000.0,100
Emiliano Rigoni,Elche,282544.0,1000000.0,100
Jordan Holsgrove,Celta Vigo,429309.0,5000000.0,100
Jon Ander Garrido,Cádiz,158704.0,300000.0,100
Iñigo Córdoba,Alavés,251848.0,1500000.0,100
Jota,Alavés,329812.0,5000000.0,100
Yunus Musah,Valencia,503991.0,14000000.0,100
Álvaro Bastida,Cádiz,882772.0,300000.0,100
Álvaro Bravo,Granada,284872.0,150000.0,100
Sergi García,Alavés,598608.0,200000.0,100
Tomás Tavares,Alavés,550549.0,300000.0,100
Filip Malbašić,Cádiz,162652.0,800000.0,100
Cifu,Elche,,,0
Oussama Idrissi,Sevilla,241391.0,6000000.0,100
Alejandro Blanco,Valencia,823269.0,300000.0,86
Augusto Fernández,Cádiz,39151.0,300000.0,100
Luismi,Elche,207922.0,600000.0,100
Gabriel Veiga,Celta Vigo,435338.0,75000000.0,100
Facundo Pellistri,Alavés,676318.0,5000000.0,100
Roberto Navarro,Real Sociedad,37403.0,500000.0,100
Yann Bodiger,Cádiz,290533.0,1400000.0,100
Kelechi Nwakali,Huesca,383153.0,700000.0,100
Juan Carlos,Huesca,39004.0,150000.0,100
Sabit Abdulai,Getafe,648812.0,700000.0,100
Koba Koindredi,Valencia,569375.0,3000000.0,100
John Joe,Getafe,1088818.0,100000.0,84
Isma Ruiz,Granada,631221.0,400000.0,100
Bobby Adekanye,Cádiz,331514.0,650000.0,100
Hugo Sotelo,Celta Vigo,892221.0,5000000.0,100
Ramón Folch,Elche,286841.0,100000.0,100
Luis Suárez,Atlético Madrid,424784.0,30000000.0,100
Álvaro Negredo,Cádiz,18644.0,300000.0,100
Rafa Mir,Huesca,361254.0,4000000.0,100
Guido Carrillo,Elche,184672.0,300000.0,100
Ante Budimir,Osasuna,46413.0,2800000.0,100
Alberto Perea,Cádiz,99559.0,450000.0,100
Enes Ünal,Getafe,251106.0,7000000.0,100
Jorge Molina,Granada,57825.0,600000.0,100
Yeremi Pino,Villarreal,568157.0,30000000.0,90
Rubén Sobrino,Cádiz,85383.0,1400000.0,100
Alfon,Celta Vigo,357628.0,3000000.0,100
Nieto,Cádiz,399357.0,500000.0,100
Jonathan Calleri,Osasuna,284727.0,1500000.0,100
Cucho,Getafe,459463.0,18000000.0,100
Shon Weissman,Valladolid,247652.0,750000.0,100
Jorge de Frutos,Levante,455181.0,12000000.0,100
Ivan Šaponjić,Cádiz,274347.0,650000.0,100
Luis Javier Suárez,Granada,424784.0,30000000.0,100
Marcos André,Valladolid,481084.0,800000.0,100
Tete Morente,Elche,339816.0,1800000.0,100
Mamor Niang,Getafe,715650.0,150000.0,100
Lucas Boyé,Elche,334222.0,5000000.0,100
Álvaro Giménez,Cádiz,57935.0,500000.0,100
Jota,Valladolid,329812.0,5000000.0,100
Hugo Duro,Real Madrid,573775.0,12000000.0,100
Yoshinori Mutō,Eibar,230541.0,700000.0,100
Anthony Lozano,Cádiz,1092623.0,300000.0,100
Carlos Fernández,Real Sociedad,216464.0,1500000.0,100
Shinji Okazaki,Huesca,79642.0,150000.0,100
Darío Poveda,Getafe,399780.0,350000.0,100
Fabián Orellana,Valladolid,60890.0,200000.0,100
Kenan Kodro,Valladolid,197126.0,500000.0,100
Salvi,Cádiz,246204.0,200000.0,100
Dani Gómez,Levante,422460.0,1200000.0,100
Patrick Cutrone,Valencia,265078.0,5000000.0,100
Nino,Elche,520454.0,10000000.0,100
Dani Escriche,Huesca,531829.0,1000000.0,100
Facundo Ferreyra,Celta Vigo,93795.0,250000.0,100
Josete Miranda,Getafe,355336.0,300000.0,100
Moussa Dembélé,Atlético Madrid,229004.0,7000000.0,100
Jason,Valencia,73564.0,500000.0,100
Alberto Soro,Granada,487688.0,1000000.0,100
Unai Arieta,Eibar,197122.0,400000.0,81
Dani Plomer,Granada,614195.0,150000.0,100
Victor Mollejo,Getafe,505673.0,300000.0,100
Abdoulay Diaby,Getafe,148396.0,175000.0,100
Lautaro De León,Celta Vigo,561745.0,300000.0,100
Nano,Cádiz,58018.0,75000.0,100
Eñaut Mendía,Eibar,,,0
Álex Millán,Villarreal,412041.0,500000.0,100
Sergio Benito,Valladolid,531825.0,150000.0,100
Fabian Bredlow,Stuttgart,187624.0,700000.0,100
Elias Bördner,Eint Frankfurt,569288.0,150000.0,100
Stefan Ortega,Arminia,85941.0,4000000.0,100
Lennart Grill,Leverkusen,309397.0,1000000.0,100
Rafał Gikiewicz,Augsburg,78339.0,75000.0,100
Florian Müller,Freiburg,284769.0,1200000.0,100
Loris Karius,Union Berlin,85864.0,1000000.0,100
Gregor Kobel,Stuttgart,257814.0,40000000.0,100
Alexander Schwolow,Hertha BSC,93763.0,450000.0,100
Frederik Rønnow,Schalke 04,107775.0,2000000.0,96
Andreas Luthe,Union Berlin,41323.0,300000.0,100
Ron-Robert Zieler,Köln,21327.0,500000.0,100
Finn Dahmen,Mainz 05,251299.0,12000000.0,100
Michael Langer,Schalke 04,19114.0,50000.0,100
Josep Martínez,RB Leipzig,388516.0,10000000.0,100
Alexander Nübel,Bayern Munich,195778.0,12000000.0,100
Niklas Lomb,Leverkusen,85543.0,250000.0,100
Josip Stanišić,Bayern Munich,483046.0,40000000.0,100
Amos Pieper,Arminia,334221.0,4000000.0,100
Maxence Lacroix,Wolfsburg,434224.0,50000000.0,100
Joakim Nilsson,Arminia,216804.0,3500000.0,100
Shkodran Mustafi,Schalke 04,88590.0,800000.0,100
Konstantinos Mavropanos,Stuttgart,415912.0,18000000.0,100
Chris Richards,Hoffenheim,578539.0,28000000.0,100
Ridle Baku,Wolfsburg,327251.0,12000000.0,100
Nico Schlotterbeck,Union Berlin,388198.0,55000000.0,100
Thomas Meunier,Dortmund,100986.0,1500000.0,100
Robin Knoche,Union Berlin,94201.0,2500000.0,100
Cédric Brunner,Arminia,147038.0,1000000.0,100
Waldemar Anton,Stuttgart,193004.0,18000000.0,100
Omar Alderete,Hertha BSC,353032.0,13000000.0,100
Dominik Kohr,Mainz 05,118847.0,2000000.0,100
Márton Dárdai,Hertha BSC,432281.0,2500000.0,100
Santiago Arias,Leverkusen,120443.0,1200000.0,100
Timothy Fosu-Mensah,Leverkusen,315131.0,800000.0,100
Danny da Costa,Mainz 05,85906.0,1200000.0,100
Jacob Barrett Laursen,Arminia,185164.0,700000.0,100
Mike van der Hoorn,Arminia,187105.0,750000.0,100
Ryan Sessegnon,Hoffenheim,392775.0,22000000.0,100
Benjamin Henrichs,RB Leipzig,202591.0,7000000.0,100
Felix Agu,Werder Bremen,393512.0,4500000.0,100
Tim Siersleben,Wolfsburg,337092.0,1800000.0,100
Luca Kilian,Mainz 05,384553.0,100000.0,100
Anderson Lucoqui,Arminia,240274.0,600000.0,100
Heorhii Tsitaishvili,Bayern Munich,419067.0,3000000.0,82
Pascal Stenzel,Stuttgart,195246.0,1200000.0,100
Niko Gießelmann,Union Berlin,72792.0,1000000.0,100
Tuta,Eint Frankfurt,546213.0,12000000.0,100
Luca Netz,Hertha BSC,524285.0,8000000.0,100
William,Schalke 04,341710.0,3000000.0,100
Jean-Manuel Mbom,Werder Bremen,335003.0,1200000.0,93
Robert Gumny,Augsburg,353826.0,800000.0,100
Henning Matriciani,Schalke 04,570160.0,900000.0,100
Sava Cestic,Köln,,,0
Sebastian Griesbeck,Union Berlin,153555.0,150000.0,100
Brian Behrendt,Arminia,85660.0,450000.0,100
Jeremie Frimpong,Leverkusen,484547.0,35000000.0,100
Patrick Erras,Werder Bremen,193859.0,300000.0,100
Deyovaisio Zeefuik,Hertha BSC,338032.0,1200000.0,100
Tanguy Nianzou,Bayern Munich,538996.0,1200000.0,100
Kilian Ludewig,Schalke 04,361516.0,150000.0,100
Nathan de Medina,Arminia,285951.0,800000.0,100
Kerim Calhanoglu,Schalke 04,553905.0,300000.0,100
Vasilios Pavlidis,Schalke 04,554395.0,150000.0,100
Tiago Dantas,Bayern Munich,429987.0,4000000.0,100
Rocco Reitz,Gladbach,467434.0,20000000.0,100
Ondrej Duda,Köln,232418.0,3000000.0,100
Silas Katompa,Stuttgart,612826.0,2000000.0,100
Blendi Idrizi,Schalke 04,283141.0,150000.0,100
Daniel Caligiuri,Augsburg,38410.0,400000.0,100
Wataru Endo,Stuttgart,146310.0,4000000.0,100
Leroy Sané,Bayern Munich,192565.0,20000000.0,100
Ritsu Doan,Arminia,358504.0,17000000.0,100
Philipp Klement,Stuttgart,60394.0,600000.0,100
Lucas Tousart,Hertha BSC,353948.0,2000000.0,100
Jude Bellingham,Dortmund,581678.0,130000000.0,100
Mattéo Guendouzi,Hertha BSC,465830.0,27000000.0,100
Marcel Hartel,Arminia,189073.0,4000000.0,100
Steven Zuber,Eint Frankfurt,68033.0,500000.0,100
Kevin Stöger,Mainz 05,106872.0,1800000.0,100
Baptiste Santamaria,Freiburg,285323.0,2500000.0,100
Ajdin Hrustic,Eint Frankfurt,265625.0,600000.0,100
Philipp Förster,Stuttgart,179635.0,1800000.0,100
Demarai Gray,Leverkusen,292417.0,3500000.0,100
Masaya Okugawa,Arminia,307052.0,800000.0,100
Sami Khedira,Hertha BSC,29401.0,2000000.0,100
Joshua Mees,Holstein Kiel,196815.0,450000.0,100
László Bénes,Augsburg,243188.0,2500000.0,100
Michel Vlap,Arminia,342702.0,4000000.0,100
Max Meyer,Köln,146164.0,3000000.0,100
Manuel Prietl,Arminia,152317.0,450000.0,100
Valentino Lazaro,Gladbach,186368.0,2500000.0,100
Nemanja Radonjić,Hertha BSC,245078.0,1000000.0,100
Mateo Klimowicz,Stuttgart,540302.0,1800000.0,100
Marco John,Hoffenheim,450234.0,1500000.0,100
Atakan Karazor,Stuttgart,232320.0,8000000.0,100
Arne Maier,Arminia,296397.0,2000000.0,100
Marius Wolf,Köln,193900.0,2500000.0,100
Reinier,Dortmund,627226.0,2000000.0,100
Georginio Rutter,Hoffenheim,538977.0,30000000.0,100
Niklas Tauer,Mainz 05,470815.0,350000.0,100
Nils Seufert,Arminia,279064.0,300000.0,100
Tobias Strobl,Augsburg,57845.0,500000.0,100
Romano Schmid,Werder Bremen,346853.0,15000000.0,100
Keita Endo,Union Berlin,421726.0,600000.0,100
Dimitris Limnios,Köln,324344.0,1300000.0,96
Mehmet Aydin,Schalke 04,472242.0,1500000.0,95
Mijat Gaćinović,Hoffenheim,215864.0,1500000.0,100
Lazar Samardzic,RB Leipzig,528833.0,16000000.0,100
Justin Kluivert,RB Leipzig,330659.0,25000000.0,100
Tanguy Coulibaly,Stuttgart,618425.0,1200000.0,100
Tahith Chong,Werder Bremen,344830.0,6000000.0,100
Nishan Burkart,Freiburg,346900.0,500000.0,100
Jonas Michelbrink,Hertha BSC,471901.0,200000.0,100
Roberto Massimo,Stuttgart,431561.0,300000.0,100
Fabian Kunze,Arminia,334186.0,1200000.0,100
Florian Flick,Schalke 04,596881.0,1500000.0,100
Eduard Löwen,Hertha BSC,260655.0,3500000.0,100
Darko Churlinov,Stuttgart,386786.0,1500000.0,100
Joscha Wosz,RB Leipzig,597004.0,200000.0,100
Tim Civeja,Augsburg,588747.0,250000.0,100
Paul Nebel,Mainz 05,503160.0,18000000.0,100
Marc Roca,Bayern Munich,336869.0,4000000.0,100
Hannes Wolf,Gladbach,321070.0,5000000.0,100
Christian Gebauer,Arminia,275423.0,450000.0,100
Luca Mack,Stuttgart,363424.0,250000.0,100
Tim Maciejewski,Union Berlin,392156.0,350000.0,100
Christopher Scott,Bayern Munich,503162.0,2200000.0,100
Guus Til,Freiburg,372267.0,15000000.0,100
Reinhold Yabo,Arminia,74856.0,700000.0,100
Jimmy Kaparos,Schalke 04,471897.0,200000.0,100
Leon Dajaku,Union Berlin,483974.0,800000.0,100
Lilian Egloff,Stuttgart,472243.0,800000.0,100
Jonas Dirkner,Hertha BSC,605222.0,150000.0,100
Naouirou Ahamada,Stuttgart,538971.0,3000000.0,100
Ilia Gruev,Werder Bremen,381753.0,12000000.0,100
Lukas Petkov,Augsburg,401639.0,3000000.0,100
Marten Winkler,Hertha BSC,574569.0,1000000.0,100
Merveille Papela,Mainz 05,405689.0,1000000.0,100
Mikail Maden,Schalke 04,605558.0,100000.0,100
Sebastian Müller,Arminia,392139.0,200000.0,100
Max Kruse,Union Berlin,36182.0,500000.0,100
Sasa Kalajdzic,Stuttgart,369567.0,4000000.0,100
Ansgar Knauff,Dortmund,429874.0,15000000.0,100
Jhon Córdoba,Hertha BSC,185245.0,10000000.0,100
Alexander Sørloth,RB Leipzig,238407.0,18000000.0,100
Amin Younes,Eint Frankfurt,96167.0,800000.0,100
Fabian Klos,Arminia,78147.0,300000.0,100
Patrik Schick,Leverkusen,242086.0,18000000.0,100
Maximilian Philipp,Wolfsburg,143891.0,500000.0,100
Ermedin Demirović,Freiburg,335457.0,22000000.0,100
Eric Maxim Choupo-Moting,Bayern Munich,45660.0,1000000.0,95
Joel Pohjanpalo,Union Berlin,173491.0,3500000.0,100
Sebastian Andersson,Köln,147573.0,500000.0,100
Matthew Hoppe,Schalke 04,678194.0,700000.0,100
Steffen Tigges,Dortmund,296879.0,1500000.0,100
Andreas Voglsammer,Arminia,94771.0,800000.0,100
Jeong Woo-yeong,Freiburg,297583.0,3500000.0,100
Youssoufa Moukoko,Dortmund,467720.0,5000000.0,100
Petar Musa,Union Berlin,387110.0,12000000.0,100
Bartosz Białek,Wolfsburg,535551.0,600000.0,96
Robert Glatzel,Mainz 05,196139.0,1500000.0,100
Gonçalo Paciência,Schalke 04,181547.0,700000.0,100
Ragnar Ache,Eint Frankfurt,416380.0,9000000.0,100
Cedric Teuchert,Union Berlin,207597.0,2000000.0,100
Sven Schipplock,Arminia,52530.0,75000.0,100
Jóan Símun Edmundsson,Arminia,123683.0,75000.0,100
Taiwo Awoniyi,Union Berlin,295313.0,8000000.0,100
Emmanuel Dennis,Köln,448854.0,1200000.0,100
Tolu Arokodare,Köln,683571.0,20000000.0,100
Sergio Córdova,Arminia,377387.0,1200000.0,100
Klauss,Hoffenheim,498862.0,2500000.0,100
Hwang Hee-chan,RB Leipzig,292246.0,6000000.0,100
Jan Luca Schuler,Schalke 04,388029.0,700000.0,100
Alkhaly Momo Cissé,Stuttgart,25319.0,100000.0,100
Cebio Soukou,Arminia,85000.0,500000.0,100
Hamadi Al Ghaddioui,Stuttgart,193534.0,300000.0,100
Mohamed Sankoh,Stuttgart,572919.0,700000.0,100
Emrehan Gedikli,Leverkusen,580276.0,275000.0,100
Eren Dinkçi,Werder Bremen,645774.0,6000000.0,100
Vedad Ibišević,Schalke 04,21175.0,500000.0,100
Rafael,Spezia,61892.0,800000.0,100
Karlo Letica,Sampdoria,318707.0,1500000.0,100
Gian Marco Crespi,Crotone,504825.0,100000.0,100
Guglielmo Vicario,Cagliari,286047.0,18000000.0,100
Alberto Paleari,Genoa,163048.0,1200000.0,100
Pepe Reina,Lazio,7825.0,600000.0,100
Ivan Provedel,Spezia,197929.0,3000000.0,100
Lorenzo Montipò,Benevento,241923.0,1200000.0,100
Alessandro Berardi,Hellas Verona,127217.0,50000.0,100
Jeroen Zoet,Spezia,79045.0,250000.0,100
Ivor Pandur,Hellas Verona,371013.0,4500000.0,100
Nicolò Manfredini,Benevento,139743.0,100000.0,100
Federico Ravaglia,Bologna,390304.0,1800000.0,100
Nícolas,Udinese,99523.0,100000.0,100
Ciprian Tătărușanu,Milan,55282.0,400000.0,100
Nikita Contini,Napoli,250683.0,400000.0,100
Manuel Gasparini,Udinese,487828.0,300000.0,100
Diego Godín,Cagliari,54928.0,300000.0,100
Fikayo Tomori,Milan,303254.0,17000000.0,100
Cristian Romero,Atalanta,355915.0,45000000.0,100
Achraf Hakimi,Inter,398073.0,80000000.0,100
Diogo Dalot,Milan,357147.0,30000000.0,100
Amir Rrahmani,Napoli,257732.0,10000000.0,100
Adama Soumaoro,Bologna,126673.0,2000000.0,100
Julian Chabot,Spezia,341434.0,50000.0,80
Martin Erlic,Spezia,357003.0,4000000.0,100
Arkadiusz Reca,Crotone,268178.0,350000.0,100
Pierre Kalulu,Milan,585949.0,32000000.0,100
Yordan Osorio,Parma,358165.0,550000.0,100
Yıldırım Mert Çetin,Hellas Verona,391498.0,700000.0,100
Giangiacomo Magnani,Hellas Verona,310458.0,3000000.0,100
Claudio Terzi,Spezia,16873.0,200000.0,100
Mattia Bani,Parma,176139.0,2500000.0,100
Daniele Rugani,Cagliari,162959.0,2000000.0,100
Kamil Glik,Benevento,46552.0,50000.0,100
Aleksandar Kolarov,Inter,46156.0,500000.0,100
Matteo Darmian,Inter,54906.0,1400000.0,100
Kevin Bonifazi,Udinese,247377.0,300000.0,100
Koffi Djidji,Crotone,183031.0,2500000.0,100
Adrien Tameze,Hellas Verona,157507.0,1200000.0,100
Botond Balogh,Parma,543727.0,2500000.0,100
Salvador Ferrer,Spezia,624548.0,700000.0,88
Kaan Ayhan,Sassuolo,119031.0,1500000.0,100
Nahuel Molina,Udinese,424042.0,15000000.0,100
Ardian Ismajli,Spezia,435228.0,5000000.0,100
Mërgim Vojvoda,Torino,336125.0,2500000.0,100
Federico Ceccherini,Hellas Verona,163639.0,400000.0,100
Lucas Martínez Quarta,Fiorentina,373373.0,4500000.0,100
Mateo Musacchio,Lazio,45653.0,400000.0,100
Joakim Mæhle,Atalanta,369674.0,7000000.0,91
Alessandro Tuia,Benevento,73943.0,400000.0,100
Vasilios Zagaritis,Parma,613781.0,3000000.0,100
Ricardo Rodríguez,Torino,86784.0,1400000.0,100
Luca Caldirola,Benevento,88680.0,400000.0,100
Mohamed Fares,Lazio,287700.0,1300000.0,100
Nicola Murru,Torino,171399.0,1000000.0,100
Andrea Conti,Parma,111227.0,500000.0,100
Federico Barba,Benevento,165873.0,500000.0,100
Pedro Pereira,Crotone,314965.0,1200000.0,100
Lorenzo De Silvestri,Bologna,33571.0,600000.0,100
Gabriele Zappa,Cagliari,392569.0,3000000.0,100
Marash Kumbulla,Roma,371371.0,3000000.0,100
Johan Mojica,Atalanta,262939.0,1500000.0,100
Thomas Ouwejan,Udinese,241477.0,700000.0,100
Kévin Malcuit,Fiorentina,126711.0,400000.0,100
Elio Capradossi,Spezia,238947.0,450000.0,100
Matteo Ruggeri,Atalanta,616631.0,28000000.0,100
Lautaro Valenti,Parma,625202.0,2000000.0,100
Destiny Udogie,Hellas Verona,556385.0,30000000.0,100
Luca Pellegrini,Genoa,346567.0,4500000.0,100
Riccardo Marchizza,Spezia,297645.0,2500000.0,100
Daan Dierckx,Parma,621965.0,1500000.0,100
Lisandro Magallán,Crotone,66736.0,1000000.0,100
Valentin Antov,Bologna,227347.0,800000.0,100
Luca Marrone,Crotone,124769.0,200000.0,100
Christian Pastina,Benevento,476624.0,450000.0,100
Kevin Rüegg,Hellas Verona,290032.0,800000.0,100
Omar Khailoti,Bologna,556173.0,100000.0,100
Bryan Reynolds,Roma,475208.0,3500000.0,100
Juan Manuel Ramos,Spezia,662332.0,12000000.0,100
Alessandro Tripaldelli,Cagliari,357176.0,600000.0,100
Sebastiano Luperto,Crotone,278531.0,4000000.0,100
Vladimir Golemić,Crotone,169841.0,450000.0,100
Maxime Busi,Parma,570817.0,800000.0,100
Cristian Dell'Orco,Spezia,240244.0,500000.0,100
Arturo Calabresi,Cagliari,240897.0,800000.0,100
Andrea Rispoli,Crotone,74448.0,250000.0,100
Cristiano Piccini,Atalanta,163086.0,700000.0,100
Aaron Hickey,Bologna,591949.0,16000000.0,100
Christian Maggio,Benevento,21151.0,200000.0,100
Antonio Mazzotta,Crotone,61751.0,150000.0,100
Jérôme Onguéné,Genoa,272638.0,250000.0,100
Radu Drăgușin,Juventus,568559.0,16000000.0,100
Wisdom Amey,Bologna,818878.0,700000.0,100
Adam Ounas,Crotone,400485.0,4000000.0,100
Nicola Zalewski,Roma,550108.0,20000000.0,100
Milan Badelj,Genoa,40633.0,800000.0,100
Léo Sena,Spezia,435213.0,1000000.0,100
Răzvan Marin,Cagliari,295183.0,4000000.0,100
Kevin Strootman,Genoa,68864.0,800000.0,100
Tiemoué Bakayoko,Napoli,182618.0,800000.0,100
Matteo Ricci,Spezia,198087.0,1600000.0,100
Brian Oddei,Sassuolo,546176.0,600000.0,100
Antonín Barák,Hellas Verona,272261.0,4500000.0,100
Luca Cigarini,Crotone,33218.0,300000.0,100
Aleksei Miranchuk,Atalanta,255450.0,7500000.0,94
Nicolò Fagioli,Juventus,432090.0,16000000.0,100
Ivan Ilić,Hellas Verona,470794.0,7000000.0,100
Arthur Melo,Juventus,362842.0,4000000.0,100
Weston McKennie,Juventus,332697.0,30000000.0,100
Emmanuel Gyasi,Spezia,241076.0,1000000.0,100
Simone Bastoni,Spezia,257751.0,1500000.0,100
Mamadou Coulibaly,Udinese,745173.0,15000000.0,100
Iago Falque,Benevento,59340.0,250000.0,100
Giacomo Bonaventura,Fiorentina,57280.0,3000000.0,100
Riccardo Saponara,Spezia,88909.0,700000.0,100
Pasquale Schiattarella,Benevento,56762.0,350000.0,100
Roberto Pereyra,Udinese,112302.0,700000.0,100
Tolgay Arslan,Udinese,53536.0,450000.0,100
Lucien Agoume,Spezia,569384.0,15000000.0,100
Arturo Vidal,Inter,37666.0,175000.0,100
Marco Bertini,Lazio,613539.0,100000.0,100
Alessandro Di Pardo,Juventus,457674.0,800000.0,100
Maxime Lopez,Sassuolo,290862.0,5000000.0,100
Riccardo Improta,Benevento,163489.0,1000000.0,100
Salvatore Molina,Crotone,163582.0,450000.0,100
Dejan Kulusevski,Juventus,431755.0,17000000.0,100
Tommaso Pobega,Spezia,392538.0,8000000.0,100
Brahim Díaz,Milan,314678.0,35000000.0,100
Adrien Silva,Sampdoria,56810.0,400000.0,100
Rolando Mandragora,Torino,308279.0,9000000.0,100
Ebrima Darboe,Roma,647484.0,1800000.0,100
Davide Zappacosta,Genoa,173859.0,3500000.0,100
Dennis Man,Parma,397486.0,15000000.0,100
Sandro Tonali,Milan,397033.0,80000000.0,100
Miha Zajc,Genoa,149829.0,1200000.0,100
Juan Brunetta,Parma,466268.0,9000000.0,100
Ronaldo Vieira,Hellas Verona,434676.0,800000.0,100
Vittorio Parigini,Genoa,238981.0,600000.0,100
Valentin Mihaila,Parma,535469.0,3500000.0,100
Alfred Duncan,Cagliari,184894.0,4000000.0,100
Giulio Maggiore,Spezia,353796.0,3500000.0,100
Federico Mattiello,Spezia,200194.0,300000.0,100
Jacopo Segre,Torino,373899.0,1700000.0,100
Paolo Faragò,Bologna,167796.0,700000.0,100
Gonzalo Escalante,Lazio,266795.0,1500000.0,100
Amer Gojak,Torino,293210.0,600000.0,100
Kevin Agudelo,Spezia,587458.0,4000000.0,100
Soualiho Meïté,Milan,164913.0,1600000.0,100
Mikkel Damsgaard,Sampdoria,540941.0,30000000.0,100
Wylan Cyprien,Parma,182889.0,1100000.0,100
Steeve-Mike Ebongue,Genoa,702372.0,75000.0,81
Sofyan Amrabat,Fiorentina,287579.0,10000000.0,100
Kwadwo Asamoah,Cagliari,63531.0,350000.0,100
Përparim Hetemaj,Benevento,37295.0,50000.0,100
Jean-Daniel Akpa-Akpro,Lazio,170481.0,500000.0,95
Luca Siligardi,Crotone,86079.0,225000.0,100
Miloš Vulić,Crotone,270901.0,400000.0,100
Daniel Bessa,Hellas Verona,140757.0,3000000.0,100
Lennart-Marten Czyborra,Genoa,309393.0,700000.0,82
Nahuel Estévez,Spezia,552472.0,1400000.0,100
Antonio Barreca,Fiorentina,241889.0,800000.0,100
Giuseppe Mastinu,Spezia,397950.0,350000.0,100
Bryan Dabo,Benevento,149446.0,500000.0,100
Daam Foulon,Benevento,338637.0,2000000.0,100
Andrés Tello,Benevento,331389.0,500000.0,100
Karol Linetty,Torino,225873.0,1200000.0,100
Andreas Pereira,Lazio,203394.0,14000000.0,100
Filippo Melegoni,Genoa,315862.0,1200000.0,100
Stefano Sturaro,Hellas Verona,167859.0,500000.0,100
Gennaro Acampora,Spezia,230826.0,650000.0,100
Giuseppe Caso,Genoa,398030.0,1500000.0,100
Artur Ioniță,Benevento,98888.0,200000.0,100
Fabio Depaoli,Benevento,324282.0,3000000.0,100
Jacopo Petriccione,Crotone,218067.0,650000.0,100
Edoardo Bove,Roma,562049.0,5000000.0,100
Félix Correia,Juventus,479648.0,10000000.0,100
Tomislav Gomelt,Crotone,210983.0,100000.0,100
Paolo Bartolomei,Spezia,281900.0,250000.0,100
Simon Sohm,Parma,507486.0,8000000.0,100
Luis Rojas,Crotone,662752.0,500000.0,100
Luca Mora,Spezia,110338.0,275000.0,100
Luca Vignali,Spezia,287367.0,1000000.0,100
Eduardo Henrique,Crotone,216118.0,1000000.0,100
Jacopo Sala,Spezia,96806.0,250000.0,100
Giacomo Ricci,Parma,261056.0,500000.0,100
Drissa Camara,Parma,614742.0,3500000.0,100
Márk Kosznovszky,Parma,543729.0,150000.0,100
Chaka Traorè,Parma,700998.0,700000.0,100
Kacper Urbanski,Bologna,699442.0,2000000.0,100
Viktor Kovalenko,Atalanta,203842.0,1500000.0,100
Emmanuel Gyabuaa,Atalanta,432089.0,450000.0,100
Davide Angelo Ghislandi,Atalanta,743598.0,15000000.0,100
Amadou Diambo,Benevento,708868.0,50000.0,100
Antonio Candreva,Sampdoria,25488.0,1000000.0,100
Federico Chiesa,Juventus,341092.0,13000000.0,100
Junior Messias,Crotone,449151.0,1100000.0,100
M'Bala Nzola,Spezia,354814.0,4000000.0,100
Victor Osimhen,Napoli,401923.0,75000000.0,100
Pedro,Roma,432895.0,20000000.0,100
Gianluca Scamacca,Genoa,315867.0,25000000.0,100
Daniele Verde,Spezia,256361.0,700000.0,100
Antonio Sanabria,Torino,234523.0,1800000.0,100
Antonio Cioffi,Napoli,566936.0,450000.0,100
Diego Farias,Spezia,83877.0,350000.0,100
Keita Baldé,Sampdoria,238752.0,900000.0,100
Graziano Pellè,Parma,29594.0,100000.0,100
Jayden Braaf,Udinese,470391.0,800000.0,100
Gianluca Caprari,Benevento,146752.0,4000000.0,100
Roberto Insigne,Benevento,200174.0,1500000.0,100
Emanuel Vignato,Bologna,394346.0,1100000.0,100
Gianluca Lapadula,Benevento,130394.0,400000.0,100
Gerard Deulofeu,Udinese,129476.0,1000000.0,100
Borja Mayoral,Roma,298976.0,6000000.0,100
Andrea Petagna,Napoli,199258.0,500000.0,100
Riccardo Sottil,Cagliari,386455.0,3000000.0,100
Eldor Shomurodov,Genoa,358166.0,7000000.0,100
José Callejón,Fiorentina,61253.0,800000.0,100
Joshua Zirkzee,Parma,435648.0,20000000.0,100
Fernando Llorente,Udinese,35564.0,300000.0,100
Federico Bonazzoli,Torino,241527.0,2500000.0,100
Roberto Piccoli,Spezia,432092.0,14000000.0,100
Marco Sau,Benevento,55801.0,150000.0,100
Marko Pjaca,Genoa,205940.0,1500000.0,100
Vedat Muriqi,Lazio,256267.0,4500000.0,100
Fernando Forestieri,Udinese,44948.0,800000.0,100
Gabriele Moncini,Benevento,238977.0,900000.0,100
Sam Lammers,Atalanta,386914.0,4000000.0,100
Andrea Favilli,Hellas Verona,340151.0,1000000.0,100
Emmanuel Rivière,Crotone,61637.0,200000.0,100
Ebrima Colley,Hellas Verona,567217.0,800000.0,100
Jens Petter Hauge,Milan,422355.0,12000000.0,100
Mattia Pagliuca,Bologna,616667.0,100000.0,100
Manolo Portanova,Genoa,394304.0,400000.0,100
Nikola Kalinić,Hellas Verona,36371.0,300000.0,100
Kevin Lasagna,Hellas Verona,131951.0,950000.0,100
Andrey Galabinov,Spezia,67639.0,300000.0,100
Mario Mandžukić,Milan,34572.0,800000.0,100
Ernesto Torregrossa,Sampdoria,159883.0,1200000.0,100
Samuel Di Carmine,Crotone,45389.0,350000.0,100
Giuseppe Di Serio,Benevento,532040.0,1200000.0,100
Mattéo Tramoni,Cagliari,475410.0,4500000.0,100
Denis Drăguș,Crotone,405399.0,2000000.0,100
Adolfo Gaich,Benevento,608469.0,1000000.0,100
Nicolás Schiappacasse,Sassuolo,345473.0,750000.0,100
Edoardo Vergani,Bologna,421780.0,450000.0,100
Philip Ankhrah,Hellas Verona,,,0
Aleksandr Kokorin,Fiorentina,89086.0,800000.0,100
Simone Rabbi,Bologna,482792.0,300000.0,100
Jean-Victor Makengo,Udinese,322305.0,6000000.0,100
Antonio Palumbo,Sampdoria,287863.0,1600000.0,100
Yayah Kallon,Genoa,623040.0,1000000.0,100
Augustus Kargbo,Crotone,549791.0,550000.0,100
Andrea Adorante,Parma,364206.0,200000.0,100
Antonio Raimondo,Bologna,818888.0,3000000.0,100
Isaac Karamoko,Sassuolo,721953.0,175000.0,100
Etienne Green,Saint-Étienne,696849.0,400000.0,100
Yehvann Diouf,Reims,448632.0,7000000.0,100
Baptiste Reynet,Nîmes,190786.0,450000.0,100
Alfred Gomis,Rennes,163568.0,1000000.0,100
Anthony Racioppi,Dijon,395671.0,1500000.0,100
Jonas Omlin,Montpellier,247915.0,800000.0,100
Jean-Louis Leca,Lens,27490.0,200000.0,100
Paul Bernardoni,Angers,318507.0,2200000.0,100
Paul Nardi,Lorient,189744.0,2500000.0,100
Radosław Majecki,Monaco,346546.0,2500000.0,96
Wuilker Faríñez,Lens,373714.0,800000.0,100
Matthieu Dreyer,Lorient,57134.0,150000.0,100
Vito Mannone,Monaco,33781.0,200000.0,100
Saturnin Allagbe,Dijon,274958.0,300000.0,100
Marc-Aurele Caillard,Metz,205465.0,100000.0,100
Sébastien Cibois,Brest,395251.0,300000.0,100
Frederic Guilbert,Strasbourg,354352.0,800000.0,100
Boubakar Kouyaté,Metz,,,0
Sven Botman,Lille,361093.0,35000000.0,100
Nayef Aguerd,Rennes,361914.0,15000000.0,100
Lilian Brassier,Brest,485960.0,12000000.0,100
Pape Abou Cissé,Saint-Étienne,364234.0,1800000.0,100
Pol Lirola,Marseille,298975.0,1500000.0,100
William Saliba,Nice,495666.0,100000000.0,100
Massadio Haïdara,Lens,170929.0,600000.0,100
Danilo Pereira,Paris S-G,141050.0,3500000.0,100
Jonathan Gradit,Lens,126557.0,2500000.0,100
Alessandro Florenzi,Paris S-G,130365.0,2000000.0,100
Loïc Bade,Lens,730581.0,20000000.0,100
Sébastien Corchia,Nantes,102744.0,1000000.0,100
Birger Meling,Nîmes,282250.0,900000.0,100
Caio Henrique Oliveira Silva,Monaco,204072.0,1000000.0,100
Wout Faes,Reims,292808.0,10000000.0,100
Christophe Hérelle,Brest,170544.0,1500000.0,100
Julien Laporte,Lorient,386057.0,2000000.0,100
Trevoh Chalobah,Lorient,346314.0,40000000.0,100
Jean-Clair Todibo,Nice,605184.0,22000000.0,100
Sinaly Diomande,Lyon,702441.0,6000000.0,100
Jonathan Panzo,Dijon,392777.0,1500000.0,100
Andrew Gravillon,Lorient,610417.0,5000000.0,100
Brandon Soppy,Rennes,546880.0,1800000.0,100
Adrien Truffert,Rennes,654539.0,30000000.0,100
Facundo Medina,Lens,474800.0,18000000.0,100
Daniele Rugani,Rennes,162959.0,2000000.0,100
Djamel Benlamri,Lyon,209990.0,300000.0,100
Kelyan Guessoum,Nîmes,545520.0,600000.0,100
Ronaël Pierre-Gabriel,Brest,410185.0,1000000.0,100
Clément Michelin,Lens,318520.0,1200000.0,100
Saidou Sow,Saint-Étienne,807128.0,3000000.0,100
Robson Bambu,Nice,458715.0,2500000.0,100
Axel Disasi,Monaco,386047.0,15000000.0,100
Flavius Daniliuc,Nice,322655.0,5000000.0,100
Jean-Charles Castelletto,Nantes,182875.0,3200000.0,100
Mattia De Sciglio,Lyon,88682.0,1000000.0,100
Dalbert Henrique,Rennes,312862.0,1000000.0,100
Jordan Lotomba,Nice,313094.0,3500000.0,100
Abdoulaye Sylla,Nantes,807648.0,1500000.0,100
Leonardo Balerdi,Marseille,575998.0,18000000.0,100
Issiaga Sylla,Lens,220878.0,700000.0,100
Sacha Boey,Dijon,475413.0,10000000.0,100
Timothee Pembele,Paris S-G,538998.0,1800000.0,100
Ismaël Boura,Lens,770895.0,4000000.0,100
Chrislain Matsima,Monaco,569383.0,22000000.0,100
Panagiotis Retsos,Saint-Étienne,324351.0,7000000.0,100
Yuto Nagatomo,Marseille,79522.0,100000.0,100
Jérémy Morel,Lorient,23960.0,300000.0,100
Loïc Bessile,Bordeaux,371150.0,400000.0,100
Marvin Tshibuabua,Saint-Étienne,558139.0,400000.0,100
Yoann Etienne,Lorient,342212.0,650000.0,100
Jérôme Hergault,Lorient,314912.0,250000.0,100
Naomichi Ueda,Nîmes,188915.0,1000000.0,100
Thomas Fontaine,Lorient,80036.0,250000.0,100
Arthur Zagre,Dijon,536477.0,2000000.0,100
Jonathan Delaplace,Lorient,149551.0,325000.0,100
Patrick Burner,Nîmes,444725.0,700000.0,100
Thibault De Smet,Reims,340177.0,1800000.0,100
Enzo Ebosse,Angers,342877.0,2800000.0,100
Nelson Sissoko,Saint-Étienne,17555.0,200000.0,100
Aníbal Chalá,Dijon,278796.0,1000000.0,100
Cheick Traoré,Lens,378965.0,700000.0,100
Houboulang Mendes,Lorient,442552.0,700000.0,100
Aleksandar Radovanović,Lens,339501.0,900000.0,100
Strahinja Pavlović,Monaco,574671.0,40000000.0,100
Malo Gusto,Lyon,620322.0,35000000.0,100
Romain Faivre,Brest,555076.0,4000000.0,100
Lucas Paquetá,Lyon,444523.0,32000000.0,100
Kevin Volland,Monaco,82009.0,500000.0,100
Rafinha,Paris S-G,129473.0,4000000.0,100
Jonathan Clauss,Lens,175639.0,4000000.0,100
Pape Matar Sarr,Metz,568693.0,30000000.0,100
Cheick Doucouré,Lens,543387.0,10000000.0,100
Gaël Kakuta,Lens,74297.0,250000.0,100
Franck Honorat,Brest,229006.0,7000000.0,100
Lesley Ugochukwu,Rennes,711999.0,22000000.0,100
Jeremy Doku,Rennes,486049.0,75000000.0,100
Hassane Kamara,Nice,290017.0,3000000.0,100
Adil Aouchiche,Saint-Étienne,569385.0,2200000.0,100
Niclas Eliasson,Nîmes,251813.0,3000000.0,100
Rony Lopes,Nice,174694.0,1200000.0,100
Valon Berisha,Reims,145115.0,250000.0,100
Hatem Ben Arfa,Bordeaux,18900.0,200000.0,100
Yvan Neyou,Saint-Étienne,469669.0,2000000.0,100
Morgan Schneiderlin,Nice,56818.0,300000.0,100
Laurent Abergel,Lorient,238626.0,1800000.0,100
Jeff Reine-Adélaïde,Nice,326300.0,500000.0,100
Moïse Sahi Dion,Strasbourg,880330.0,700000.0,100
Enzo Le Fée,Lorient,633992.0,28000000.0,100
Luis Henrique,Marseille,691316.0,22000000.0,100
Boubacar Traoré,Metz,649020.0,4000000.0,100
Franklin Wadja,Lorient,524986.0,200000.0,100
Seko Fofana,Lens,182893.0,8000000.0,100
Andrés Cubas,Nîmes,323872.0,4500000.0,100
Dion Lopy,Reims,649033.0,4000000.0,100
Bersant Celina,Dijon,229695.0,2000000.0,100
Romain Philippoteaux,Brest,255220.0,300000.0,100
Enzo Millot,Monaco,569366.0,25000000.0,100
Jean Seri,Bordeaux,178614.0,1500000.0,100
Pape Gueye,Marseille,485963.0,40000000.0,100
Jean Lucas,Brest,578872.0,13000000.0,100
Quentin Boisgard,Lorient,412671.0,400000.0,100
Fabien Lemoine,Lorient,56794.0,200000.0,100
Tony Mauricio,Lens,272549.0,1800000.0,100
Yannick Cahuzac,Lens,44686.0,300000.0,100
Issouf Sissokho,Bordeaux,740674.0,800000.0,100
David Costa,Lens,719442.0,5000000.0,100
Alexis Flips,Reims,395242.0,300000.0,100
Cheick Souaré,Marseille,569367.0,3500000.0,100
Pedro Chirivella,Nantes,242273.0,5000000.0,100
Alexis Trouillet,Nice,482769.0,900000.0,100
Isaac Lihadji,Lille,557610.0,1000000.0,100
Mehdi Chahiri,Strasbourg,358509.0,700000.0,100
Krépin Diatta,Monaco,490426.0,6000000.0,100
Stephy Mavididi,Montpellier,340328.0,8000000.0,100
Dilane Bakwa,Bordeaux,540664.0,28000000.0,100
Thomas Monconduit,Lorient,127182.0,600000.0,100
Malik Sellouki,Nice,811430.0,250000.0,100
Pape Cheikh Diop,Dijon,336828.0,800000.0,100
Marco Majouga,Nîmes,814725.0,250000.0,100
Junior Dina Ebimbe,Dijon,536482.0,6000000.0,100
Florentino Luís,Monaco,357162.0,16000000.0,100
Ibrahim Amadou,Angers,205503.0,1500000.0,100
Lucas Gourna-Douath,Saint-Étienne,620313.0,6000000.0,100
Sacha Delaye,Montpellier,842425.0,300000.0,100
Moïse Sakava,Reims,520054.0,50000.0,100
Wilitty Younoussa,Dijon,804934.0,600000.0,100
Kays Ruiz,Paris S-G,,,0
Aimen Moueffek,Saint-Étienne,484992.0,1000000.0,100
Tom Lacoux,Bordeaux,847759.0,1500000.0,100
Dan Ndoye,Nice,365108.0,32000000.0,100
Fodé Doucouré,Reims,798925.0,2000000.0,100
Warren Tchimbembé,Metz,591914.0,300000.0,100
Baptiste Gabard,Saint-Étienne,852998.0,250000.0,100
Nassim Chadli,Nîmes,721746.0,500000.0,100
Jimmy Cabot,Angers,206912.0,2500000.0,100
Eliot Matazo,Monaco,535834.0,2000000.0,100
Mehdi Zerkane,Bordeaux,460654.0,450000.0,100
Olivier Ntcham,Marseille,224088.0,2000000.0,100
Amadou Traore,Bordeaux,540665.0,300000.0,100
Mihai Dobre,Dijon,786187.0,50000.0,81
Salim Ben Seghir,Nice,708681.0,350000.0,100
Adrien Louveau,Lens,804817.0,250000.0,100
Batista Mendy,Nantes,395234.0,7500000.0,100
Samy Benchamma,Montpellier,627464.0,500000.0,100
Fraser Hornby,Reims,388160.0,1200000.0,100
Mickaël Cuisance,Marseille,344600.0,2000000.0,93
Waniss Taibi,Angers,680447.0,500000.0,100
Tyron Tormin,Saint-Étienne,496601.0,100000.0,96
Mouhamadou Drammeh,Reims,399551.0,600000.0,100
Georginio Rutter,Rennes,538977.0,30000000.0,100
Bandiougou Fadiga,Brest,590914.0,150000.0,100
Andy Diouf,Rennes,711976.0,20000000.0,100
Mahame Siby,Strasbourg,587646.0,1000000.0,100
Manuel Perez,Lens,166630.0,250000.0,100
Habib Keita,Lyon,669000.0,2500000.0,100
Noah Fatar,Angers,707225.0,450000.0,100
Xavi Simons,Paris S-G,566931.0,40000000.0,100
Edouard Michut,Paris S-G,659521.0,1200000.0,100
Florent Sanchez Da Silva,Lyon,607225.0,350000.0,100
Burak Yılmaz,Lille,291927.0,200000.0,100
João Mário Lopes,Marseille,537602.0,8000000.0,100
Amine Gouiri,Nice,418659.0,28000000.0,100
Martin Terrier,Rennes,442891.0,8000000.0,100
Serhou Guirassy,Rennes,270541.0,32000000.0,100
Armand Lauriente,Lorient,579930.0,19000000.0,100
Steve Mounié,Brest,238639.0,1500000.0,100
Tino Kadewere,Lyon,384060.0,1500000.0,100
Florian Sotoca,Lens,354726.0,1200000.0,100
Jonathan David,Lille,533738.0,30000000.0,100
Moise Kean,Paris S-G,364135.0,32000000.0,100
Yoane Wissa,Lorient,388165.0,25000000.0,100
Erwan Belhadji,Dijon,894205.0,250000.0,100
Ignatius Ganago,Lens,531949.0,2000000.0,100
Terem Moffi,Lorient,538874.0,8000000.0,100
Sekou Mara,Bordeaux,557612.0,4000000.0,100
Habib Diallo,Strasbourg,344888.0,4000000.0,100
Lamine Gueye,Metz,568701.0,200000.0,100
Islam Slimani,Lyon,174915.0,400000.0,100
Arnaud Kalimuendo,Lens,585959.0,25000000.0,100
Evann Guessand,Nice,500689.0,25000000.0,100
Moussa Konaté,Dijon,192774.0,500000.0,100
Simon Banza,Lens,344869.0,11000000.0,100
Yanis Lhery,Saint-Étienne,654414.0,150000.0,100
Jacques Siwe,Dijon,804933.0,2500000.0,100
Corentin Jean,Lens,20463.0,1000000.0,100
Lois Diony,Angers,126552.0,1500000.0,100
Vagner Gonçalves,Metz,355367.0,275000.0,100
Bamba Dieng,Marseille,822458.0,15000000.0,100
Aaron Leya Iseka,Metz,289587.0,400000.0,100
Adrian Grbić,Lorient,167342.0,600000.0,100
Elye Wahi,Montpellier,659542.0,18000000.0,100
Jean-Philippe Krasso,Saint-Étienne,358515.0,3500000.0,100
Anthony Modeste,Saint-Étienne,50512.0,700000.0,100
Aboubakar Kamara,Dijon,290951.0,2500000.0,100
Umut Bozok,Lorient,259025.0,1500000.0,100
Jérémy Le Douaron,Brest,737781.0,5000000.0,100
Jean-Kévin Augustin,Nantes,264956.0,1000000.0,100
Bridge Ndilu,Nantes,558709.0,250000.0,100
Aurélien Scheidler,Dijon,497175.0,2000000.0,100
Karim Aribi,Nîmes,456080.0,475000.0,100
Matteo Ahlinvi,Nîmes,509234.0,500000.0,100
Mahamadou Doucouré,Nîmes,862880.0,100000.0,100
Mohamed Ali Cho,Angers,134629.0,200000.0,84
Heriberto Tavares,Brest,445517.0,500000.0,82
Sofiane Boufal,Angers,232271.0,1800000.0,100
Roger Assalé,Dijon,263183.0,400000.0,100
Yassin Fortune,Angers,342878.0,400000.0,100
Cheikh Tidiane Sabaly,Metz,568696.0,3000000.0,100
Abdoulaye Sidibé,Saint-Étienne,639758.0,150000.0,100
Stéphane Diarra,Lorient,428954.0,400000.0,100
Mathys Saban,Saint-Étienne,783799.0,100000.0,100
Hugo Ekitike,Reims,709726.0,80000000.0,100
Matthis Abline,Rennes,659543.0,20000000.0,100
Kenny Nagera,Paris S-G,618416.0,200000.0,100
Ansou Sow,Lens,595169.0,250000.0,100
Charles Costes,Dijon,486078.0,900000.0,100
Yaya Soumare,Lyon,591195.0,250000.0,96
Kristoffer Klaesson,Leeds United,418561.0,700000.0,100
Danny Ward,Leicester City,124172.0,700000.0,100
José Sá,Wolves,249994.0,3500000.0,100
David Raya,Brentford,262749.0,30000000.0,100
Aaron Ramsdale,Arsenal,427568.0,12000000.0,100
Asmir Begović,Everton,33873.0,200000.0,100
Álvaro Fernández,Brentford,453704.0,2500000.0,100
Angus Gunn,Norwich City,201574.0,1000000.0,100
Daniel Bachmann,Watford,120186.0,3000000.0,100
Alphonse Aréola,West Ham,120629.0,4000000.0,100
Jason Steele,Brighton,73564.0,500000.0,100
Wayne Hennessey,Burnley,45494.0,150000.0,100
Willy Caballero,Southampton,19948.0,150000.0,100
Robin Olsen,Aston Villa,75458.0,600000.0,100
Freddie Woodman,Newcastle Utd,226049.0,3000000.0,100
Jonas Lössl,Brentford,48870.0,50000.0,100
Kieran Trippier,Newcastle Utd,95810.0,1500000.0,100
Trevoh Chalobah,Chelsea,346314.0,40000000.0,100
Cristian Romero,Tottenham,355915.0,45000000.0,100
Marc Cucurella,Brighton,284857.0,50000000.0,100
Finley Stevens,Brentford,587019.0,500000.0,88
Nathan Collins,Burnley,469050.0,30000000.0,100
Marc Guéhi,Crystal Palace,392757.0,70000000.0,100
Ethan Pinnock,Brentford,442248.0,3000000.0,100
Ibrahima Konaté,Liverpool,357119.0,45000000.0,100
Dan Burn,Newcastle Utd,134270.0,4000000.0,100
Raphaël Varane,Manchester Utd,164770.0,20000000.0,100
Matt Targett,Newcastle Utd,250478.0,3000000.0,100
Kurt Zouma,West Ham,157509.0,25000000.0,100
Lucas Digne,Aston Villa,126664.0,6000000.0,100
Ben White,Arsenal,335721.0,30000000.0,100
Charlie Goode,Brentford,376856.0,500000.0,100
Joachim Andersen,Crystal Palace,260827.0,20000000.0,100
Calum Chambers,Aston Villa,215118.0,4000000.0,100
Toti Gomes,Wolves,606718.0,18000000.0,100
Malang Sarr,Chelsea,344596.0,20000000.0,100
Connor Roberts,Burnley,214666.0,1500000.0,100
Takehiro Tomiyasu,Arsenal,331560.0,5000000.0,100
Emerson,Tottenham,181778.0,9000000.0,100
Pontus Jansson,Brentford,125314.0,700000.0,100
Valentino Livramento,Southampton,503981.0,45000000.0,85
Vitaliy Mykolenko,Everton,404842.0,25000000.0,100
Kristoffer Ajer,Brentford,328658.0,18000000.0,100
Andrew Omobamidele,Norwich City,621993.0,8000000.0,100
Leo Fuhr Hjelde,Leeds United,661208.0,1500000.0,100
Jannik Vestergaard,Leicester City,99331.0,1000000.0,100
Dan Gosling,Watford,44983.0,250000.0,100
Ashley Young,Aston Villa,14086.0,400000.0,100
Francisco Sierralta,Watford,371436.0,1200000.0,100
Mathias Jørgensen,Brentford,542796.0,2500000.0,100
Nicolas Nkoulou,Watford,99523.0,100000.0,100
Mads Bech Sørensen,Brentford,372240.0,6000000.0,100
Danny Rose,Watford,50174.0,500000.0,100
Samir Santos,Watford,697520.0,450000.0,100
Ben Gibson,Norwich City,128904.0,2000000.0,100
Brandon Williams,Norwich City,507700.0,2500000.0,100
Nuno Tavares,Arsenal,535955.0,12000000.0,100
Jeremy Ngakia,Watford,503795.0,2200000.0,100
Lyanco,Southampton,379807.0,4500000.0,100
Junior Firpo,Leeds United,374139.0,3500000.0,100
Harrison Ashby,West Ham,559130.0,1200000.0,100
William Troost-Ekong,Watford,192875.0,1000000.0,100
Romain Perraud,Southampton,318523.0,7000000.0,100
Rico Henry,Brentford,339556.0,13000000.0,100
Ozan Kabak,Norwich City,361260.0,15000000.0,100
Mads Roerslev,Brentford,391005.0,4000000.0,100
Axel Tuanzebe,Aston Villa,342046.0,5000000.0,100
Charlie Cresswell,Leeds United,597659.0,25000000.0,100
Ryan Bertrand,Leicester City,40611.0,500000.0,100
Lewis Brunt,Leicester City,533657.0,100000.0,100
Nathan Ferguson,Crystal Palace,507254.0,1000000.0,100
Dominic Thompson,Brentford,503688.0,400000.0,100
Cody Drameh,Leeds United,531957.0,3500000.0,100
CJ Egan-Riley,Manchester City,581669.0,9000000.0,100
Christian Eriksen,Brentford,69633.0,2500000.0,100
Bruno Guimarães,Newcastle Utd,520624.0,70000000.0,100
Rodrigo Bentancur,Tottenham,354362.0,20000000.0,100
Luis Díaz,Liverpool,480692.0,70000000.0,100
Dejan Kulusevski,Tottenham,431755.0,17000000.0,100
Philippe Coutinho,Aston Villa,80444.0,7500000.0,100
Conor Gallagher,Crystal Palace,488362.0,32000000.0,100
Christian Nørgaard,Brentford,148367.0,5000000.0,100
Jack Grealish,Manchester City,203460.0,20000000.0,100
Moisés Caicedo,Brighton,687626.0,100000000.0,100
Vitaly Janelt,Brentford,270171.0,16000000.0,100
Emi Buendía,Aston Villa,321247.0,16000000.0,81
Demarai Gray,Everton,292417.0,3500000.0,100
Albert Sambi Lokonga,Arsenal,381967.0,12000000.0,100
Michael Olise,Crystal Palace,566723.0,150000000.0,100
Luke Cundle,Wolves,532541.0,3200000.0,100
Hassane Kamara,Watford,290017.0,3000000.0,100
Imran Louza,Watford,635336.0,7000000.0,100
Will Hughes,Crystal Palace,207014.0,5000000.0,100
Billy Gilmour,Norwich City,423744.0,20000000.0,100
Jadon Sancho,Manchester Utd,401173.0,18000000.0,100
Kiernan Dewsbury-Hall,Leicester City,475188.0,35000000.0,100
Tim Iroegbunam,Aston Villa,696589.0,18000000.0,100
Francisco Trincão,Wolves,412669.0,40000000.0,100
Saman Ghoddos,Brentford,204294.0,2000000.0,100
Enock Mwepu,Brighton,490307.0,18000000.0,100
Mathias Normann,Norwich City,257805.0,3000000.0,100
Juraj Kucka,Watford,74943.0,1200000.0,100
Moussa Sissoko,Watford,46001.0,200000.0,100
Pierre Lees-Melou,Norwich City,377393.0,4500000.0,100
Edo Kayembe,Watford,486477.0,4000000.0,100
Leon Bailey,Aston Villa,387626.0,14000000.0,100
Mathias Jensen,Brentford,319859.0,10000000.0,100
Joe Gelhardt,Leeds United,503980.0,7000000.0,100
Dimitris Giannoulis,Norwich City,295630.0,3000000.0,97
Cole Palmer,Manchester City,568177.0,100000000.0,100
Adam Forshaw,Leeds United,121257.0,1200000.0,100
Sergi Canós,Brentford,251845.0,2500000.0,100
Saúl Ñíguez,Chelsea,148928.0,1000000.0,100
Sam Greenwood,Leeds United,532178.0,2000000.0,100
Bryan Gil,Tottenham,537382.0,8000000.0,100
Donny van de Beek,Everton,288255.0,1800000.0,100
Oghenekaro Etebo,Watford,,,0
Taylor Richards,Brighton,484551.0,400000.0,100
Samuel Kalu,Watford,424051.0,2500000.0,100
Crysencio Summerville,Leeds United,474701.0,35000000.0,100
Daniel James,Leeds United,319301.0,10000000.0,100
Frank Onyeka,Brentford,421637.0,8000000.0,100
Jakob Sørensen,Norwich City,31821.0,25000.0,81
Boubakary Soumaré,Leicester City,344605.0,14000000.0,100
Shandon Baptiste,Brentford,533916.0,2500000.0,100
Chem Campbell,Wolves,614603.0,1000000.0,100
Milot Rashica,Norwich City,291739.0,3500000.0,100
Marcus Forss,Brentford,404584.0,3500000.0,100
Przemysław Płacheta,Norwich City,383109.0,1500000.0,94
Christos Tzolis,Norwich City,451677.0,40000000.0,100
Dele Alli,Everton,207929.0,1500000.0,100
Nikola Vlašić,West Ham,293200.0,10000000.0,100
Kieran Dowell,Norwich City,258916.0,1500000.0,100
Kayky Chagas,Manchester City,668265.0,5000000.0,100
Stuart McKinstry,Leeds United,592474.0,325000.0,100
Tyler Morton,Liverpool,618494.0,30000000.0,100
Mads Bidstrup,Brentford,462832.0,13000000.0,100
Jeremy Sarmiento,Brighton,568005.0,5000000.0,100
Liam McCarron,Leeds United,614082.0,250000.0,100
Jesurun Rak Sakyi,Crystal Palace,586834.0,6000000.0,94
Tyler Onyango,Everton,663225.0,350000.0,100
Ozan Tufan,Watford,236471.0,1500000.0,100
James Mcatee,Manchester City,583199.0,18000000.0,100
Josh Dasilva,Brentford,340321.0,1500000.0,100
Bali Mumba,Norwich City,433186.0,1500000.0,100
Lewis Bate,Leeds United,587003.0,1200000.0,100
Isaac Price,Everton,612749.0,12000000.0,100
Nohan Kenneh,Leeds United,581677.0,275000.0,100
Alex Král,West Ham,337333.0,2500000.0,100
Kasey McAteer,Leicester City,621193.0,10000000.0,100
Dan Chesters,West Ham,561452.0,200000.0,100
Ivan Toney,Brentford,251664.0,20000000.0,100
Cristiano Ronaldo,Manchester Utd,8198.0,10000000.0,100
Chiquinho,Wolves,334557.0,5000000.0,100
Romelu Lukaku,Chelsea,96341.0,6000000.0,100
Andros Townsend,Everton,61842.0,500000.0,100
Bryan Mbeumo,Brentford,413039.0,75000000.0,100
Maxwel Cornet,Burnley,234781.0,2000000.0,100
Yoane Wissa,Brentford,388165.0,25000000.0,100
Odsonne Édouard,Crystal Palace,344152.0,12000000.0,100
Danny Ings,Aston Villa,134294.0,3500000.0,100
Emmanuel Dennis,Watford,448854.0,1200000.0,100
Tariqe Fosu,Brentford,249873.0,1500000.0,100
Cucho,Watford,459463.0,18000000.0,100
Wout Weghorst,Burnley,228645.0,2000000.0,100
Chris Wood,Newcastle Utd,108725.0,5000000.0,100
Joshua King,Watford,91059.0,1200000.0,100
Hwang Hee-chan,Wolves,292246.0,6000000.0,100
Patson Daka,Leicester City,365172.0,15000000.0,100
Ademola Lookman,Leicester City,406040.0,40000000.0,100
Adam Armstrong,Southampton,250426.0,6000000.0,100
Armando Broja,Southampton,571743.0,5000000.0,100
Josh Sargent,Norwich City,393325.0,16000000.0,100
Ellis Simms,Everton,511550.0,6000000.0,100
Folarin Balogun,Arsenal,503770.0,40000000.0,100
Anwar El Ghazi,Everton,183720.0,2500000.0,100
Salomón Rondón,Everton,80197.0,350000.0,100
Jonathan Rowe,Norwich City,672381.0,28000000.0,100
Evan Ferguson,Brighton,648046.0,20000000.0,100
Sonny Perkins,West Ham,670877.0,1200000.0,100
Ashley Fletcher,Watford,289846.0,800000.0,100
Alejandro Garnacho,Manchester Utd,811779.0,28000000.0,100
Cameron Archer,Aston Villa,533662.0,10000000.0,100
Lewis Dobbin,Everton,627248.0,7000000.0,100
Tony Springett,Norwich City,570864.0,500000.0,100
Kaide Gordon,Liverpool,732119.0,1200000.0,100
Nathan Young-Coombes,Brentford,294798.0,2000000.0,100
Andriy Lunin,Real Madrid,404839.0,12000000.0,100
Mathew Ryan,Real Sociedad,128969.0,1800000.0,100
Marko Dmitrović,Sevilla,94308.0,700000.0,100
Julen Agirrezabala,Athletic Club,625014.0,9000000.0,100
Giorgi Mamardashvili,Valencia,502676.0,28000000.0,100
Luís Maximiano,Granada,367464.0,3200000.0,100
Rui Silva,Betis,234811.0,7000000.0,100
Matías Dituro,Celta Vigo,144128.0,100000.0,100
Kiko Casilla,Elche,27486.0,300000.0,100
Leo Román,Mallorca,562742.0,6000000.0,100
Jesús Owono,Alavés,631693.0,1000000.0,100
Alejandro Primo,Levante,193082.0,20000000.0,84
Diego Conde,Getafe,341713.0,3000000.0,100
Sergio Rico,Mallorca,207302.0,1500000.0,100
Luca Zidane,Rayo Vallecano,283489.0,1000000.0,100
Dominik Greif,Mallorca,316884.0,9000000.0,100
Joan García,Espanyol,561613.0,45000000.0,100
Benjamin Lecomte,Atlético Madrid,127181.0,800000.0,100
Kike Hermoso,Betis,531824.0,300000.0,100
Lucas Olaza,Elche,216240.0,3500000.0,100
David Alaba,Real Madrid,59016.0,3000000.0,100
Calderón,Betis,408534.0,1500000.0,100
Daniel Vivian,Athletic Club,530421.0,800000.0,100
Aïssa Mandi,Villarreal,80293.0,1000000.0,100
Luis Hernández,Cádiz,62945.0,500000.0,100
Reinildo Mandava,Atlético Madrid,240692.0,4000000.0,100
Héctor Bellerín,Betis,191217.0,2400000.0,100
Pedro Bigas,Elche,203043.0,300000.0,100
Javi Galán,Celta Vigo,448628.0,1800000.0,100
Eric García,Barcelona,466794.0,40000000.0,100
Diego Rico,Real Sociedad,249513.0,1000000.0,100
Marcelo Saracchi,Levante,373916.0,2000000.0,100
Luis Abram,Granada,330684.0,1000000.0,100
Jaume Costa,Mallorca,65318.0,900000.0,100
Matt Miazga,Alavés,245893.0,1800000.0,100
Pablo Maffeo,Mallorca,251876.0,3000000.0,100
Youssouf Sabaly,Betis,135492.0,2500000.0,100
Omar Alderete,Valencia,353032.0,13000000.0,100
Sergi Gómez,Espanyol,92947.0,300000.0,100
Shkodran Mustafi,Levante,88590.0,800000.0,100
Rubén,Espanyol,175597.0,75000.0,100
Lluís Recasens,Espanyol,705810.0,150000.0,100
Jorge Cuenca,Getafe,494880.0,8000000.0,100
Enzo Roco,Elche,186862.0,1500000.0,100
Fran Garcia,Rayo Vallecano,341264.0,10000000.0,100
Varazdat Haroyan,Cádiz,155423.0,300000.0,100
Gonzalo Montiel,Sevilla,402733.0,4500000.0,100
Giovanni González,Mallorca,339699.0,2000000.0,100
Iván Balliu,Rayo Vallecano,85295.0,1000000.0,100
Serge Aurier,Villarreal,127032.0,3700000.0,100
Esteban Saveljich,Rayo Vallecano,240360.0,500000.0,100
Ludwig Augustinsson,Sevilla,170646.0,1500000.0,100
Stefan Mitrović,Getafe,726526.0,800000.0,100
Brian Oliván,Mallorca,166677.0,6000000.0,100
Nahuel Tenaglia,Alavés,533568.0,3000000.0,100
Víctor Chust,Cádiz,495625.0,3500000.0,100
José Ángel,Osasuna,160182.0,200000.0,100
Carmona,Sevilla,251846.0,450000.0,100
Sergio Santos,Real Madrid,537759.0,300000.0,100
Saúl García,Alavés,249471.0,400000.0,100
Nikola Maraš,Rayo Vallecano,258475.0,1200000.0,100
Jesus Vazquez,Valencia,623024.0,4000000.0,100
Sergio Escudero,Granada,93935.0,1500000.0,100
Dimitri Foulquier,Valencia,170472.0,900000.0,100
Raúl Torrente,Granada,631222.0,2500000.0,100
Aleix Vidal,Espanyol,88490.0,1000000.0,100
Santiago Arias,Granada,120443.0,1200000.0,100
Alexandru Țîrlea,Alavés,319253.0,150000.0,100
Unai Dufur,Osasuna,783429.0,300000.0,100
Mario Gila,Real Madrid,618341.0,30000000.0,100
Franco Russo,Mallorca,378463.0,900000.0,100
Mario Hernández,Rayo Vallecano,608531.0,600000.0,100
Alex Petxa,Athletic Club,527838.0,600000.0,100
Alejandro Balde,Barcelona,636688.0,50000000.0,100
Santiago Arzamendia,Cádiz,520947.0,2300000.0,100
Emerson,Barcelona,181778.0,9000000.0,100
Kévin Rodrigues,Rayo Vallecano,206947.0,800000.0,100
Eray Cömert,Valencia,298583.0,2500000.0,100
Miguel Juan Llambrich,Espanyol,662332.0,12000000.0,100
Marc Pubill,Levante,844637.0,35000000.0,100
Martín Cáceres,Levante,54935.0,250000.0,100
Enric Franquesa,Levante,282700.0,1000000.0,100
Cristo,Real Sociedad,339707.0,4500000.0,100
Jonathan Silva,Getafe,189453.0,800000.0,100
Raúl Parra,Cádiz,784719.0,300000.0,100
Cristhian Mosquera,Valencia,646750.0,40000000.0,100
Ruben Lendinez,Valencia,175597.0,75000.0,100
Jesús Areso,Osasuna,488626.0,5000000.0,100
Josep Antoni Gayá,Mallorca,632495.0,100000.0,100
Mika Mármol,Barcelona,617060.0,15000000.0,100
Valentino Fattore,Sevilla,537373.0,200000.0,100
Jofre,Espanyol,628498.0,3000000.0,100
Ilias Akhomach,Barcelona,709969.0,12000000.0,100
Rubén Alcaraz,Cádiz,247250.0,1500000.0,100
Giovani Lo Celso,Villarreal,348795.0,8000000.0,100
Rodrigo De Paul,Atlético Madrid,255901.0,14000000.0,100
Pedro Ortiz,Sevilla,610238.0,600000.0,100
Eduardo Camavinga,Real Madrid,640428.0,50000000.0,100
Érik Lamela,Sevilla,111630.0,1200000.0,100
Abde Ezzalzouli,Barcelona,724520.0,40000000.0,100
Rafinha,Real Sociedad,129473.0,4000000.0,100
Iñigo Ruiz de Galarreta,Mallorca,126751.0,2000000.0,100
Óscar Valentín,Rayo Vallecano,517753.0,2000000.0,100
Thomas Delaney,Sevilla,91849.0,500000.0,100
Oussama Idrissi,Cádiz,241391.0,6000000.0,100
Franco Cervi,Celta Vigo,341110.0,600000.0,100
José Luis García Vayá,Levante,574758.0,1500000.0,100
Gavi,Barcelona,646740.0,30000000.0,100
Okay Yokuşlu,Getafe,137616.0,1200000.0,100
Gonzalo Escalante,Alavés,266795.0,1500000.0,100
Jesús Corona,Sevilla,125165.0,1500000.0,100
Gerard Gumbau,Elche,268670.0,1200000.0,100
Óscar Rodríguez Arnaiz,Getafe,85314.0,7500000.0,100
Kike Pérez,Elche,527698.0,2200000.0,100
Tomás Alarcón,Cádiz,454238.0,1000000.0,100
Daniel Wass,Atlético Madrid,63463.0,400000.0,100
Pathé Ciss,Rayo Vallecano,525578.0,1800000.0,100
Omar Mascarell,Elche,142031.0,700000.0,100
Álvaro Vadillo,Espanyol,162074.0,400000.0,100
Álex Collado,Granada,282722.0,3000000.0,100
Florentino Luís,Getafe,357162.0,16000000.0,100
Mamadou Loum,Alavés,364237.0,800000.0,100
Nicolás González,Barcelona,99523.0,100000.0,100
Óscar Gil,Espanyol,544106.0,800000.0,100
Isaac Palazón Camacho,Rayo Vallecano,1084667.0,1200000.0,100
Manu Morlanes,Espanyol,335225.0,2400000.0,100
Bryan Gil,Valencia,537382.0,8000000.0,100
Sandro Ramírez,Getafe,199369.0,1500000.0,100
Toni Moya,Alavés,295065.0,1500000.0,100
Hugo Álvarez,Celta Vigo,892929.0,8000000.0,100
Gori,Espanyol,705815.0,50000.0,100
Luismi,Sevilla,207922.0,600000.0,100
Keidi Bare,Espanyol,295622.0,3000000.0,100
Yangel Herrera,Espanyol,378293.0,6000000.0,100
Gonzalo Villar,Getafe,398163.0,1800000.0,100
Orbelín Pineda,Celta Vigo,334042.0,7000000.0,100
Njegoš Petrović,Granada,376588.0,4500000.0,100
Ilaix Moriba,Valencia,617074.0,15000000.0,100
Roberto González,Betis,37403.0,500000.0,100
Fran Mérida,Espanyol,42920.0,700000.0,100
Unai López,Rayo Vallecano,192009.0,2500000.0,100
Antonio Sánchez,Mallorca,513031.0,2000000.0,100
Clément Grenier,Mallorca,72479.0,800000.0,100
Beñat Turrientes,Real Sociedad,634431.0,10000000.0,100
Fede San Emeterio,Cádiz,307519.0,1500000.0,100
Javier Pastore,Elche,55215.0,400000.0,100
Lee Kang-in,Mallorca,557149.0,28000000.0,100
Rodrigo Battaglia,Mallorca,89297.0,500000.0,100
Nicolás Serrano,Athletic Club,99523.0,100000.0,100
Javier Llabrés,Mallorca,706138.0,800000.0,92
Carlo,Villarreal,3151.0,500000.0,100
Peter González,Real Madrid,456523.0,700000.0,88
Martín Calderón,Cádiz,278404.0,200000.0,100
Ander Martin,Real Sociedad,625658.0,400000.0,100
Jakub Jankto,Getafe,319160.0,800000.0,100
Amath,Mallorca,339820.0,1500000.0,100
Vitolo,Getafe,27667.0,100000.0,100
Monchu,Granada,282727.0,5000000.0,100
Anthony Martial,Sevilla,182877.0,3500000.0,100
Tomás Mendes,Alavés,646734.0,500000.0,100
Daniel Villahermosa,Espanyol,530421.0,800000.0,100
Unai Ropero,Alavés,718029.0,500000.0,100
Germán Valera,Real Sociedad,548188.0,6000000.0,100
Jordi Mboula,Mallorca,331498.0,500000.0,100
Juanlu Sánchez,Sevilla,676042.0,10000000.0,100
Alvaro Sanz,Barcelona,466806.0,700000.0,100
Yellu Santiago,Valencia,941869.0,700000.0,100
Javier Serrano,Atlético Madrid,668177.0,700000.0,92
Andrés Martín,Rayo Vallecano,531277.0,1000000.0,100
Pedro Benito,Cádiz,835794.0,300000.0,100
Iván Martín,Alavés,341278.0,5000000.0,100
Javier Ontiveros,Osasuna,298983.0,1000000.0,93
Giuliano Simeone,Atlético Madrid,742201.0,40000000.0,100
Nikita Iosifov,Villarreal,614464.0,800000.0,100
Jaume Grau,Osasuna,340864.0,700000.0,100
Memphis,Barcelona,167850.0,7000000.0,100
Vedat Muriqi,Mallorca,256267.0,4500000.0,100
Pierre-Emerick Aubameyang,Barcelona,58864.0,2500000.0,100
Ferrán Torres,Barcelona,398184.0,50000000.0,100
Arnaut Danjuma,Villarreal,355861.0,3000000.0,100
Borja Mayoral,Getafe,298976.0,6000000.0,100
Boulaye Dia,Villarreal,626913.0,5000000.0,100
Adama Traoré,Barcelona,204103.0,6000000.0,100
Willian José,Betis,122155.0,1200000.0,100
Matheus Cunha,Atlético Madrid,517894.0,75000000.0,100
Lucas Pérez,Cádiz,73185.0,300000.0,100
Sergio Agüero,Barcelona,26399.0,15000000.0,100
Radamel Falcao,Rayo Vallecano,39152.0,50000.0,100
Luuk de Jong,Barcelona,72522.0,500000.0,100
Ferran Jutglà,Barcelona,599231.0,10000000.0,100
Sergi Guardiola,Rayo Vallecano,256429.0,800000.0,100
Hugo Duro,Valencia,573775.0,12000000.0,100
Kiké,Osasuna,298575.0,1500000.0,100
Darío Benedetto,Elche,92693.0,1200000.0,100
Martín Merquelanz,Rayo Vallecano,289272.0,600000.0,100
Thiago Galhardo,Celta Vigo,186399.0,1100000.0,100
Marcos André,Valencia,481084.0,800000.0,100
Rafa Mir,Sevilla,361254.0,4000000.0,100
Julen Lobete,Real Sociedad,625654.0,1500000.0,100
Carlos Bacca,Granada,119235.0,50000.0,100
Carlos Martín,Atlético Madrid,618813.0,1500000.0,100
Nicolas Jackson,Villarreal,776890.0,40000000.0,100
Tonny Vilhena,Espanyol,182581.0,500000.0,100
Fernando Niño,Mallorca,51174.0,2000000.0,100
Alexander Sørloth,Real Sociedad,238407.0,18000000.0,100
Jason,Alavés,73564.0,500000.0,100
Ángel Rodríguez,Mallorca,51510.0,600000.0,100
José Juan Macías,Getafe,546047.0,1000000.0,100
Roberto Soldado,Levante,34870.0,500000.0,100
Randy Nteka,Rayo Vallecano,560483.0,1000000.0,100
Dani Raba,Granada,413262.0,1200000.0,100
Álvaro Jiménez,Cádiz,282406.0,700000.0,100
Manu Vallejo,Alavés,527350.0,1500000.0,100
Juanmi Latasa,Real Madrid,623521.0,2000000.0,100
Alejandro Asensio,Rayo Vallecano,891075.0,25000.0,100
Chapela,Cádiz,412046.0,600000.0,100
Myrto Uzuni,Granada,315289.0,4000000.0,100
Loren Morón,Espanyol,354741.0,2000000.0,100
Florin Andone,Cádiz,177065.0,800000.0,100
Mamadou Sylla,Rayo Vallecano,166683.0,1000000.0,100
Marc Tenas,Alavés,628472.0,300000.0,100
Miguel,Alavés,14514.0,600000.0,100
Matias Arezo,Granada,611426.0,7000000.0,100
Yusuf Demir,Barcelona,548031.0,1000000.0,100
Milutin Osmajić,Cádiz,542819.0,2000000.0,100
Landry Dimata,Espanyol,311489.0,1800000.0,100
Omar Faraj,Levante,668041.0,750000.0,100
Estanis,Barcelona,913539.0,500000.0,100
Yacine Qasmi,Rayo Vallecano,93747.0,600000.0,100
Álvaro Aguirre,Rayo Vallecano,888694.0,25000.0,100
Hélder Costa,Valencia,173900.0,350000.0,100
Barbero,Osasuna,514514.0,1000000.0,100
Matthew Hoppe,Mallorca,678194.0,700000.0,100
Iker Benito,Osasuna,710679.0,1400000.0,100
Mario Dominguez,Valencia,941867.0,200000.0,100
Iván Romero,Sevilla,628886.0,8000000.0,100
Ezequiel Ponce,Elche,296783.0,4000000.0,100
Luca Koleosho,Espanyol,745461.0,6000000.0,100
Adrián Butzke,Granada,596884.0,300000.0,100
Stefanos Kapino,Arminia,68410.0,350000.0,100
Manuel Riemann,Bochum,40792.0,600000.0,100
Marvin Schwäbe,Köln,160929.0,3000000.0,100
Diant Ramaj,Eint Frankfurt,448705.0,7000000.0,100
Gregor Kobel,Dortmund,257814.0,40000000.0,100
Frederik Rønnow,Union Berlin,107775.0,2000000.0,96
Michael Esser,Bochum,61989.0,300000.0,100
Andreas Linde,Greuther Fürth,199221.0,250000.0,100
Sascha Burchert,Greuther Fürth,36898.0,200000.0,100
Florian Müller,Stuttgart,284769.0,1200000.0,100
Andrey Lunev,Leverkusen,112541.0,800000.0,100
Marcel Lotka,Hertha BSC,453737.0,500000.0,100
Christian Früchtl,Bayern Munich,336307.0,1000000.0,100
Marius Funk,Greuther Fürth,170517.0,250000.0,100
Jens Grahl,Eint Frankfurt,40034.0,200000.0,100
Benjamin Uphoff,Freiburg,120296.0,300000.0,100
Philipp Tschauner,RB Leipzig,21726.0,300000.0,100
David Raum,Hoffenheim,318204.0,25000000.0,100
Timo Hübers,Köln,236981.0,1500000.0,100
Dayot Upamecano,Bayern Munich,344695.0,70000000.0,100
Joško Gvardiol,RB Leipzig,475959.0,70000000.0,100
Bastian Oczipka,Union Berlin,53437.0,300000.0,100
Mohamed Simakan,RB Leipzig,666234.0,20000000.0,100
Maxim Leitsch,Bochum,334207.0,800000.0,100
Timo Baumgartl,Union Berlin,187491.0,800000.0,100
Guilherme Ramos,Arminia,139607.0,1200000.0,100
Robert Andrich,Leverkusen,159088.0,6000000.0,100
Tom Rothe,Dortmund,798043.0,10000000.0,100
Christopher Lenz,Eint Frankfurt,159844.0,400000.0,100
Clinton Mola,Stuttgart,470594.0,500000.0,100
Paul Jaeckel,Union Berlin,284248.0,1000000.0,100
Hiroki Ito,Stuttgart,353892.0,18000000.0,100
Kostas Stafylidis,Bochum,148967.0,1000000.0,85
Erhan Mašović,Bochum,343959.0,1500000.0,100
Marc-Oliver Kempf,Hertha BSC,160938.0,3500000.0,94
Marvin Friedrich,Gladbach,196231.0,1800000.0,100
Armel Bella Kotchap,Bochum,467563.0,7000000.0,94
Piero Hincapié,Leverkusen,659813.0,50000000.0,100
Cristian Gamboa,Bochum,121686.0,500000.0,100
Omar Richards,Bayern Munich,424881.0,2000000.0,100
Sebastiaan Bornauw,Wolfsburg,338629.0,8000000.0,100
Vassilis Lambropoulos,Bochum,63489.0,150000.0,90
Micky van de Ven,Wolfsburg,557459.0,50000000.0,100
Luca Kilian,Köln,384553.0,100000.0,100
Odilon Kossounou,Leverkusen,644771.0,15000000.0,100
Marco Meyerhöfer,Greuther Fürth,196084.0,800000.0,100
Mitchel Bakker,Leverkusen,361065.0,2500000.0,100
Saulo Decarli,Bochum,154578.0,100000.0,100
Julian Chabot,Köln,341434.0,50000.0,80
Frederik Winther,Augsburg,569349.0,700000.0,100
Dominique Heintz,Union Berlin,110036.0,600000.0,100
Gian-Luca Itter,Greuther Fürth,296378.0,1500000.0,80
Anderson Lucoqui,Mainz 05,240274.0,600000.0,100
Joe Scally,Gladbach,504153.0,7000000.0,100
Marin Pongračić,Dortmund,282144.0,6500000.0,100
Linus Gechter,Hertha BSC,692734.0,1800000.0,100
Hugo Novoa,RB Leipzig,668276.0,1000000.0,100
Sebastian Griesbeck,Greuther Fürth,153555.0,150000.0,100
Nick Viergever,Greuther Fürth,93081.0,300000.0,100
Jetro Willems,Greuther Fürth,146258.0,250000.0,100
Andrés Andrade Cedeño,Arminia,403808.0,2500000.0,100
Herbert Bockhorn,Bochum,186477.0,700000.0,100
Jeremy Dudziak,Greuther Fürth,147359.0,750000.0,100
Solomon Bonnah,RB Leipzig,508637.0,350000.0,100
Justin Hoogma,Greuther Fürth,411287.0,500000.0,100
Lasse Günther,Augsburg,522245.0,800000.0,100
Luca Netz,Gladbach,524285.0,8000000.0,100
Kiliann Sildillia,Freiburg,548348.0,7000000.0,100
Justin Che,Hoffenheim,796429.0,800000.0,100
Maximilian Bauer,Greuther Fürth,388363.0,1500000.0,100
David Nemeth,Mainz 05,451906.0,2500000.0,100
Matej Maglica,Stuttgart,433388.0,2000000.0,100
Julian Eitschberger,Hertha BSC,706617.0,350000.0,100
Antonios Papadopoulos,Dortmund,482573.0,3500000.0,100
Fredrik André Bjørkan,Hertha BSC,800176.0,25000000.0,100
Abdourahmane Barry,Greuther Fürth,536472.0,400000.0,100
Gideon Jung,Greuther Fürth,247661.0,700000.0,100
Hugo Siquet,Freiburg,578680.0,4000000.0,100
Lion Semić,Dortmund,521919.0,300000.0,100
Danilo Soares,Bochum,154396.0,700000.0,100
Dominik Szoboszlai,RB Leipzig,451276.0,100000000.0,100
Chris Führich,Stuttgart,272278.0,12000000.0,100
Anton Stach,Mainz 05,344069.0,28000000.0,100
Silvan Widmer,Mainz 05,168989.0,800000.0,100
Anthony Losilla,Bochum,111266.0,500000.0,100
Danny Blum,Bochum,41541.0,250000.0,100
Niklas Dorsch,Augsburg,251302.0,2500000.0,100
Manu Koné,Gladbach,624690.0,50000000.0,100
Arne Maier,Augsburg,296397.0,2000000.0,100
Jesper Lindstrøm,Eint Frankfurt,513245.0,4000000.0,100
Alessandro Schöpf,Arminia,118397.0,800000.0,100
Lee Jae-sung,Mainz 05,314398.0,2000000.0,100
Marco Richter,Hertha BSC,279009.0,1500000.0,100
Miloš Pantović,Bochum,615639.0,2500000.0,100
Max Christiansen,Greuther Fürth,192300.0,1200000.0,100
Patrick Wimmer,Arminia,533295.0,12000000.0,100
Suat Serdar,Hertha BSC,261905.0,2800000.0,100
Lennard Maloney,Dortmund,392710.0,2500000.0,100
Eduard Löwen,Bochum,260655.0,3500000.0,100
Aster Vranckx,Wolfsburg,503881.0,5000000.0,100
Rani Khedira,Union Berlin,124410.0,2000000.0,100
Genki Haraguchi,Union Berlin,79377.0,500000.0,100
András Schäfer,Union Berlin,454863.0,4500000.0,100
Maximilian Eggestein,Freiburg,190284.0,10000000.0,100
Marcel Sabitzer,Bayern Munich,106987.0,6000000.0,100
Angelo Stiller,Hoffenheim,443710.0,45000000.0,100
Jamie Gittens,Dortmund,670882.0,30000000.0,100
Gerrit Holtmann,Bochum,190289.0,700000.0,100
Dejan Ljubicic,Köln,287188.0,5000000.0,100
Timmy Tillman,Greuther Fürth,310662.0,3000000.0,85
Kevin Schade,Freiburg,473050.0,35000000.0,100
Malik Tillman,Bayern Munich,467437.0,30000000.0,100
Edimilson Fernandes,Arminia,247555.0,2200000.0,100
Jamie Leweling,Greuther Fürth,518505.0,40000000.0,100
Alexis Tibidi,Stuttgart,750886.0,1700000.0,100
Dodi Lukebakio,Wolfsburg,303259.0,15000000.0,100
Elvis Rexhbeçaj,Bochum,280575.0,3500000.0,100
Kevin-Prince Boateng,Hertha BSC,16922.0,700000.0,100
Julian Green,Greuther Fürth,161204.0,1000000.0,100
Paul Seguin,Greuther Fürth,183780.0,1800000.0,100
Hans Nunoo Sarpei,Greuther Fürth,451340.0,350000.0,100
Jurgen Ekkelenkamp,Hertha BSC,361068.0,10000000.0,100
Enzo Millot,Stuttgart,569366.0,25000000.0,100
Kevin Paredes,Wolfsburg,711517.0,2000000.0,100
Zidan Sertdemir,Leverkusen,788445.0,1200000.0,100
Connor Noß,Gladbach,520857.0,400000.0,94
Nikolas Nartey,Stuttgart,400546.0,10000000.0,100
Patrick Osterhage,Bochum,443331.0,12000000.0,100
Burak İnce,Arminia,697144.0,325000.0,100
Tobias Raschl,Greuther Fürth,384745.0,1500000.0,100
Gabriel Vidovic,Bayern Munich,604327.0,3000000.0,100
Mathias Olesen,Köln,490581.0,600000.0,100
Kristijan Jakić,Eint Frankfurt,374954.0,6000000.0,100
Kevin Möhwald,Union Berlin,94137.0,400000.0,100
Felix Nmecha,Wolfsburg,406640.0,50000000.0,100
Noah Weißhaupt,Freiburg,392163.0,5000000.0,100
Levin Öztunalı,Union Berlin,168543.0,1200000.0,96
Sebastian Vasiliadis,Arminia,333516.0,900000.0,100
Simon Asta,Greuther Fürth,392131.0,1500000.0,100
Robin Hack,Arminia,284010.0,7000000.0,100
Ömer Faruk Beyaz,Stuttgart,588020.0,400000.0,100
Nils Seufert,Greuther Fürth,279064.0,300000.0,100
Paul Wanner,Bayern Munich,900909.0,22000000.0,100
Myziane Maolida,Hertha BSC,371142.0,700000.0,100
Tomáš Ostrák,Köln,428189.0,800000.0,100
George Bello,Arminia,504147.0,3000000.0,100
Adrian Fein,Greuther Fürth,379979.0,225000.0,100
Tom Bischof,Hoffenheim,822959.0,40000000.0,100
Cimo Röcker,Hertha BSC,117482.0,75000.0,100
Ilaix Moriba,RB Leipzig,617074.0,15000000.0,100
Anton Kade,Hertha BSC,654234.0,10000000.0,100
Lee Dongjun,Hertha BSC,269601.0,500000.0,95
Stephan Fürstner,Mainz 05,35493.0,75000.0,100
Robert Tesche,Bochum,41458.0,300000.0,100
Lennart-Marten Czyborra,Arminia,309393.0,700000.0,82
Umut Tohumcu,Hoffenheim,569031.0,5000000.0,100
Immanuel Pherai,Dortmund,412935.0,2500000.0,100
Lars Raebiger,RB Leipzig,545648.0,800000.0,83
Romario Rösch,Mainz 05,333464.0,175000.0,100
Jonas Wind,Wolfsburg,391004.0,4000000.0,100
Donyell Malen,Dortmund,326029.0,45000000.0,100
Stevan Jovetić,Hertha BSC,46104.0,700000.0,100
Simon Zoller,Bochum,79967.0,300000.0,100
Sebastian Polter,Bochum,60957.0,250000.0,100
Rafael Borré,Eint Frankfurt,323831.0,3500000.0,100
Sven Michel,Union Berlin,186988.0,700000.0,100
Amine Adli,Leverkusen,532776.0,20000000.0,100
Sardar Azmoun,Leverkusen,180337.0,6000000.0,100
Jürgen Locadia,Bochum,166240.0,1800000.0,100
Omar Marmoush,Stuttgart,445939.0,50000000.0,100
Branimir Hrgota,Greuther Fürth,171209.0,1300000.0,100
Lucas Copado,Bayern Munich,636898.0,750000.0,100
Wahid Faghir,Stuttgart,610431.0,400000.0,100
Ishak Belfodil,Hertha BSC,111039.0,1700000.0,100
Takuma Asano,Bochum,245744.0,1500000.0,100
Andreas Voglsammer,Union Berlin,94771.0,800000.0,100
Soma Novothny,Bochum,148824.0,300000.0,100
Marcus Ingvartsen,Mainz 05,269878.0,4000000.0,100
Ansgar Knauff,Eint Frankfurt,429874.0,15000000.0,100
André Silva,RB Leipzig,198008.0,3000000.0,100
Tiago Tomás,Stuttgart,616344.0,15000000.0,100
Luca Wollschläger,Hertha BSC,678088.0,175000.0,100
Kevin Behrens,Union Berlin,117432.0,500000.0,100
Gonzalo Castro,Arminia,28947.0,500000.0,100
Jessic Ngankam,Greuther Fürth,448177.0,700000.0,100
Brian Brobbey,RB Leipzig,473169.0,30000000.0,100
Janni Serra,Arminia,294534.0,400000.0,100
Cedric Itten,Greuther Fürth,243856.0,1800000.0,100
Jens Petter Hauge,Eint Frankfurt,422355.0,12000000.0,100
Bryan Lasme,Arminia,477109.0,800000.0,100
Ricardo Pepi,Augsburg,627207.0,30000000.0,100
Delano Burgzorg,Mainz 05,436585.0,1800000.0,100
Florian Krüger,Arminia,317740.0,450000.0,100
Christopher Antwi-Adjei,Bochum,289182.0,1200000.0,100
Iker Bravo,Leverkusen,741292.0,5000000.0,100
Tarsis Bonga,Bochum,283140.0,250000.0,100
Andi Zeqiri,Augsburg,345468.0,2000000.0,100
Dickson Abiama,Greuther Fürth,596813.0,700000.0,100
Sam Lammers,Eint Frankfurt,386914.0,4000000.0,100
Håvard Nielsen,Greuther Fürth,136181.0,1000000.0,100
Luca Waldschmidt,Wolfsburg,196095.0,2000000.0,100
Afimico Pululu,Greuther Fürth,410649.0,4000000.0,100
Silvère Ganvoula M'Boussy,Bochum,312819.0,900000.0,100
Fisnik Asllani,Hoffenheim,524290.0,35000000.0,100
Nick Proschwitz,Hoffenheim,31535.0,125000.0,100
Vincent Vermeij,Freiburg,273054.0,700000.0,100
Luis Hartwig,Bochum,571140.0,350000.0,100
Luca Gemello,Torino,463792.0,300000.0,100
Boris Radunović,Cagliari,258482.0,1000000.0,100
Etrit Berisha,Torino,77825.0,200000.0,100
Luca Lezzerini,Venezia,135747.0,350000.0,100
Mike Maignan,Milan,182906.0,20000000.0,100
Sergio Romero,Venezia,30690.0,400000.0,100
Daniele Padelli,Udinese,27807.0,150000.0,100
Guglielmo Vicario,Empoli,286047.0,18000000.0,100
Francesco Bardi,Bologna,110925.0,400000.0,100
Adrian Šemper,Genoa,317057.0,1800000.0,100
Giacomo Satalino,Sassuolo,323255.0,400000.0,100
Davide Marfella,Napoli,417414.0,50000.0,100
Rui Patrício,Roma,45026.0,600000.0,100
Luigi Sepe,Salernitana,99254.0,500000.0,100
Salvatore Sirigu,Genoa,25508.0,275000.0,100
Niki Mäenpää,Venezia,12359.0,50000.0,100
Marco Silvestri,Udinese,85528.0,500000.0,100
Juan Musso,Atalanta,242359.0,3000000.0,100
Lorenzo Montipò,Hellas Verona,241923.0,1200000.0,100
Vid Belec,Salernitana,73090.0,500000.0,100
Petar Zovko,Spezia,602299.0,100000.0,100
Nicola Ravaglia,Sampdoria,42796.0,100000.0,100
Vincenzo Fiorillo,Salernitana,55000.0,150000.0,100
Nicola Bagnolini,Bologna,818892.0,200000.0,100
Riccardo Stivanello,Bologna,818882.0,200000.0,100
Simone Romagnoli,Empoli,88706.0,800000.0,100
Pablo Marí,Udinese,210178.0,2000000.0,100
Robin Gosens,Inter,273132.0,4000000.0,100
Mattia Bani,Genoa,176139.0,2500000.0,100
Federico Fazio,Salernitana,45314.0,400000.0,100
Alessandro Florenzi,Milan,130365.0,2000000.0,100
Merih Demiral,Atalanta,340879.0,12000000.0,100
Giorgio Altare,Cagliari,354909.0,800000.0,100
Mattia Caldara,Venezia,197470.0,800000.0,100
Sebastiano Luperto,Empoli,278531.0,4000000.0,100
Andrei Motoc,Salernitana,816930.0,225000.0,100
Juan Jesus,Napoli,121985.0,1500000.0,100
Johan Vásquez,Genoa,532937.0,12000000.0,100
Mattia Viti,Empoli,493702.0,5000000.0,100
Destiny Udogie,Udinese,556385.0,30000000.0,100
Pietro Ceccaroni,Venezia,239099.0,1600000.0,100
Arthur Theate,Bologna,368891.0,17000000.0,100
Petko Hristov,Spezia,372809.0,900000.0,100
Mohamed Fares,Torino,287700.0,1300000.0,100
Luca Pellegrini,Juventus,346567.0,4500000.0,100
Stefan Strandberg,Salernitana,50617.0,450000.0,100
Ivan Radovanović,Salernitana,46105.0,400000.0,100
Jakub Kiwior,Spezia,425918.0,35000000.0,100
Matteo Lovato,Cagliari,459655.0,4000000.0,100
Nikola Maksimović,Genoa,124715.0,450000.0,100
Nicolò Bertola,Spezia,632831.0,7000000.0,100
Kevin Bonifazi,Bologna,247377.0,300000.0,100
David Zima,Torino,544149.0,7000000.0,100
Norbert Gyömbér,Salernitana,205054.0,800000.0,100
Diego Coppola,Hellas Verona,660860.0,18000000.0,100
Silvan Hefti,Genoa,237666.0,800000.0,100
Nicolò Casale,Hellas Verona,389837.0,3800000.0,100
Marco Modolo,Venezia,198873.0,350000.0,100
Riccardo Gagliolo,Salernitana,240786.0,500000.0,100
Aleš Matějů,Venezia,242078.0,900000.0,100
Axel Tuanzebe,Napoli,342046.0,5000000.0,100
Denso Kasius,Bologna,577394.0,6000000.0,100
Dimitris Nikolaou,Spezia,292772.0,2800000.0,97
Matías Viña,Roma,439072.0,3500000.0,100
Arkadiusz Reca,Spezia,268178.0,350000.0,100
Cristian Molinaro,Venezia,21972.0,250000.0,100
Ainsley Maitland-Niles,Roma,285845.0,10000000.0,100
Martín Cáceres,Cagliari,54935.0,250000.0,100
Nehuén Pérez,Udinese,491693.0,12000000.0,100
Kelvin Amian,Spezia,344072.0,2000000.0,100
Elseid Hysaj,Lazio,200056.0,1200000.0,100
Adam Obert,Cagliari,568333.0,7000000.0,100
Giorgio Scalvini,Atalanta,571604.0,38000000.0,100
Fabiano Parisi,Empoli,547985.0,6000000.0,100
Ardian Ismajli,Empoli,435228.0,5000000.0,100
Tyronne Ebuehi,Venezia,309944.0,2000000.0,100
Dalbert Henrique,Cagliari,312862.0,1000000.0,100
Luis Binks,Bologna,471004.0,3500000.0,100
Luca Ranieri,Salernitana,346561.0,6000000.0,100
Andrea Conti,Sampdoria,111227.0,500000.0,100
Matija Nastasić,Fiorentina,143559.0,1500000.0,100
Nadir Zortea,Salernitana,392966.0,7000000.0,100
Zinho Vanheusden,Genoa,338672.0,5000000.0,100
Álvaro Odriozola,Fiorentina,280730.0,800000.0,100
Filippo Terracciano,Hellas Verona,631007.0,4500000.0,100
Mattia Zanotti,Inter,582353.0,8000000.0,100
Filip Benković,Udinese,293168.0,1800000.0,100
Edoardo Goldaniga,Cagliari,242940.0,2000000.0,100
Riccardo Fiamozzi,Empoli,197745.0,300000.0,100
Fodé Ballo-Touré,Milan,296422.0,900000.0,100
Matteo Ruggeri,Salernitana,616631.0,28000000.0,100
Leo Skiri Østigård,Genoa,367284.0,13000000.0,100
Bosko Sutalo,Hellas Verona,431698.0,2000000.0,100
Michael Svoboda,Venezia,438961.0,900000.0,100
Wajdi Kechrida,Salernitana,407885.0,700000.0,100
Giangiacomo Magnani,Sampdoria,310458.0,3000000.0,100
Radu Drăgușin,Salernitana,568559.0,16000000.0,100
Ebenezer Annan,Bologna,861221.0,50000.0,100
Dimitrije Kamenović,Lazio,465565.0,400000.0,100
Paweł Jaroszyński,Salernitana,287600.0,550000.0,100
Riccardo Marchizza,Empoli,297645.0,2500000.0,100
Brandon Soppy,Udinese,546880.0,1800000.0,100
Riccardo Calafiori,Genoa,502821.0,55000000.0,100
Mario Perrone,Salernitana,709579.0,50000.0,100
Panagiotis Retsos,Hellas Verona,324351.0,7000000.0,100
Freddie Veseli,Salernitana,111433.0,250000.0,82
Ruan,Sassuolo,555015.0,4000000.0,100
David Schnegg,Venezia,378260.0,1500000.0,100
Luka Bogdan,Salernitana,226058.0,600000.0,100
Filippo Delli Carri,Salernitana,393904.0,300000.0,100
Laurens Serpe,Genoa,500164.0,100000.0,100
Ramzi Aya,Salernitana,57633.0,150000.0,100
Dimitrios Keramitsis,Roma,861192.0,2000000.0,100
Luca Stanga,Milan,621123.0,125000.0,100
Giorgio Cittadini,Atalanta,616628.0,2400000.0,100
Hakan Çalhanoğlu,Inter,126414.0,16000000.0,100
Nicolás González,Fiorentina,99523.0,100000.0,100
Federico Dimarco,Inter,198116.0,50000000.0,100
Josip Brekalo,Torino,293169.0,2500000.0,100
Abdelhamid Sabiri,Sampdoria,340394.0,850000.0,100
Sérgio Oliveira,Roma,112465.0,2500000.0,100
Teun Koopmeiners,Atalanta,360518.0,14000000.0,100
Morten Frendrup,Genoa,503871.0,15000000.0,100
Simone Verdi,Salernitana,130360.0,500000.0,100
Manuel Locatelli,Juventus,265088.0,25000000.0,100
Andre-Frank Zambo Anguissa,Napoli,,,0
Jacopo Dezi,Venezia,165531.0,350000.0,100
Davide Frattesi,Sassuolo,394300.0,22000000.0,100
Lucas Torreira,Fiorentina,318077.0,10000000.0,100
Alberto Grassi,Cagliari,197473.0,1400000.0,100
Tommaso Pobega,Torino,392538.0,8000000.0,100
Ethan Ampadu,Venezia,392771.0,30000000.0,100
Nedim Bajrami,Empoli,390177.0,2500000.0,100
Aimar Sher,Spezia,579294.0,1500000.0,100
Emil Bohinen,Salernitana,406806.0,1300000.0,100
Éderson,Salernitana,607854.0,45000000.0,100
Dennis Praet,Torino,129588.0,1500000.0,100
Denzel Dumfries,Inter,321528.0,25000000.0,100
Davide Zappacosta,Atalanta,173859.0,3500000.0,100
Ridgeciano Haps,Venezia,228444.0,900000.0,100
Gianluca Busio,Venezia,504209.0,5500000.0,100
Andrea Cambiaso,Genoa,459658.0,20000000.0,100
Gerard Yepes,Sampdoria,624436.0,500000.0,100
Grigoris Kastanos,Salernitana,298635.0,1300000.0,100
Samuele Ricci,Torino,467992.0,22000000.0,100
Liam Henderson,Empoli,193867.0,1400000.0,100
Lazar Samardzic,Udinese,528833.0,16000000.0,100
Kristjan Asllani,Empoli,543771.0,12000000.0,100
Petar Stojanović,Empoli,183841.0,350000.0,100
Mamadou Coulibaly,Salernitana,745173.0,15000000.0,100
Antonio Vacca,Venezia,102984.0,400000.0,100
Cristian Volpato,Roma,746891.0,10000000.0,100
Fabio Miretti,Juventus,571607.0,15000000.0,100
Giuseppe Pezzella,Atalanta,336960.0,2000000.0,100
Nicolas Haas,Empoli,192638.0,700000.0,100
Andrea Schiavone,Salernitana,136133.0,300000.0,100
Nadiem Amiri,Genoa,232454.0,17000000.0,100
Raoul Bellanova,Cagliari,357992.0,15000000.0,100
Federico Di Francesco,Empoli,38607.0,1400000.0,100
Niklas Pyyhtiä,Bologna,679754.0,1200000.0,100
Ben Lhassine Kone,Torino,522681.0,500000.0,100
Alassane Sidibe,Atalanta,616638.0,250000.0,100
Michel Aebischer,Bologna,237658.0,4000000.0,100
Leo Štulac,Empoli,171159.0,400000.0,100
Denis Zakaria,Juventus,334526.0,25000000.0,100
Youssef Maleh,Fiorentina,324377.0,1500000.0,100
Filippo Bandinelli,Empoli,240934.0,2500000.0,100
Abdoulaye Touré,Genoa,181382.0,2500000.0,100
Lassana Coulibaly,Salernitana,386552.0,2200000.0,100
Tomás Rincón,Sampdoria,75942.0,100000.0,100
Stefano Sensi,Sampdoria,216179.0,1200000.0,100
Mehdi Bourabia,Spezia,131731.0,1000000.0,100
Luca Fiordilino,Venezia,287875.0,1000000.0,100
Kevin Strootman,Cagliari,68864.0,800000.0,100
Pablo Galdames Millán,Genoa,817665.0,18000000.0,100
Domen Črnigoj,Venezia,216599.0,250000.0,100
Tanner Tessmann,Venezia,670096.0,10000000.0,100
Liberato Cacace,Empoli,469211.0,2500000.0,100
Franck Ribéry,Salernitana,22068.0,1000000.0,100
Viktor Kovalenko,Spezia,203842.0,1500000.0,100
Francesco Di Tacchio,Salernitana,84766.0,350000.0,100
Aurélien Nguiamba,Spezia,344595.0,250000.0,100
Alessandro Zanoli,Napoli,397225.0,4500000.0,100
Daniele Baselli,Cagliari,134883.0,250000.0,100
Abdou Harroui,Sassuolo,416386.0,1600000.0,100
Sofian Kiyine,Venezia,393804.0,450000.0,100
Fabio Depaoli,Hellas Verona,324282.0,3000000.0,100
Riccardo Ciervo,Sassuolo,628558.0,1300000.0,100
Daan Heymans,Venezia,446491.0,6000000.0,100
Dor Peretz,Venezia,204987.0,1600000.0,100
Tommaso Baldanzi,Empoli,641537.0,8500000.0,100
Gianluca Frabotta,Hellas Verona,386755.0,1400000.0,100
Joel Obi,Salernitana,45581.0,200000.0,100
Demba Seck,Torino,551752.0,2500000.0,100
Toma Bašić,Lazio,334835.0,3000000.0,100
Diego Perotti,Salernitana,54984.0,500000.0,100
Hernani,Genoa,181768.0,1500000.0,100
Nani,Venezia,33706.0,200000.0,100
Nicolas Viola,Bologna,85393.0,500000.0,100
Pasquale Mazzocchi,Salernitana,250153.0,1500000.0,100
Marco Benassi,Empoli,201040.0,1200000.0,100
Mickaël Cuisance,Venezia,344600.0,2000000.0,93
Valerio Verre,Empoli,162961.0,1400000.0,100
Matheus Henrique,Sassuolo,552549.0,4500000.0,100
Suf Podgoreanu,Spezia,540827.0,300000.0,100
Simone Pafundi,Udinese,876400.0,5000000.0,100
Tommaso De Nipoti,Atalanta,622031.0,200000.0,100
Nicolas Galazzi,Venezia,524428.0,450000.0,100
Alessandro Russo,Salernitana,481344.0,350000.0,100
Martin Hongla,Hellas Verona,398808.0,1200000.0,100
Valentin Mihaila,Atalanta,535469.0,3500000.0,100
Simone Trimboli,Sampdoria,487839.0,400000.0,100
Mateusz Praszelik,Hellas Verona,374418.0,400000.0,100
Leonardo Capezzi,Salernitana,84442.0,350000.0,100
Marley Aké,Juventus,682032.0,2500000.0,100
Arnór Sigurðsson,Venezia,377665.0,2000000.0,96
Maximilian Ullmann,Venezia,239934.0,350000.0,100
Stefano Sabelli,Genoa,167491.0,1300000.0,100
Patrick Leal,Venezia,623872.0,100000.0,100
Christos Kourfalidis,Cagliari,650224.0,800000.0,100
Martin Palumbo,Juventus,617170.0,700000.0,100
Giovanni Crociata,Empoli,291400.0,600000.0,100
Bjarki Bjarkason,Venezia,566613.0,700000.0,100
Riccardo Pinzi,Udinese,704712.0,100000.0,100
Gianluca Caprari,Hellas Verona,146752.0,4000000.0,100
Dušan Vlahović,Juventus,357498.0,35000000.0,100
Mattia Zaccagni,Lazio,283735.0,7500000.0,100
Edin Džeko,Inter,28396.0,1000000.0,100
Olivier Giroud,Milan,82442.0,900000.0,100
Mattia Aramu,Venezia,200188.0,1300000.0,100
Tammy Abraham,Roma,331726.0,18000000.0,100
Pedro,Lazio,432895.0,20000000.0,100
Milan Đurić,Salernitana,67556.0,1000000.0,90
Marko Arnautović,Bologna,41384.0,2000000.0,100
Giovanni Simeone,Hellas Verona,282388.0,7000000.0,100
Szymon Żurkowski,Empoli,387234.0,2500000.0,100
Andrea Pinamonti,Empoli,315865.0,15000000.0,100
Junior Messias,Milan,449151.0,1100000.0,100
Moustapha Cissé,Atalanta,988862.0,800000.0,100
Francesco Caputo,Sampdoria,84765.0,1000000.0,100
Federico Bonazzoli,Salernitana,241527.0,2500000.0,100
Isaac Success,Udinese,295331.0,2500000.0,100
Joaquín Correa,Inter,227081.0,1500000.0,100
Thomas Henry,Venezia,412513.0,500000.0,100
Felipe Caicedo,Inter,37834.0,400000.0,100
Krzysztof Piątek,Fiorentina,327757.0,7000000.0,100
Beto,Udinese,595809.0,18000000.0,100
Arthur Cabral,Fiorentina,390638.0,9000000.0,100
Ebrima Colley,Spezia,567217.0,800000.0,100
Cedric Gondo,Salernitana,213854.0,800000.0,100
David Okereke,Venezia,413605.0,1400000.0,100
Marko Pjaca,Torino,205940.0,1500000.0,100
Jeremie Boga,Atalanta,216569.0,8000000.0,100
Jovane Cabral,Lazio,448466.0,1000000.0,100
Andrea La Mantia,Empoli,134983.0,800000.0,100
Flavio Junior Bianchi,Genoa,373191.0,2000000.0,100
Jonathan Ikone,Fiorentina,324690.0,4000000.0,100
Hilmir Mikaelsson,Venezia,806524.0,400000.0,100
Eldor Shomurodov,Roma,358166.0,7000000.0,100
Francesco Forte,Venezia,164534.0,1300000.0,100
Kaio Jorge,Juventus,620477.0,25000000.0,100
Jean-Pierre Nsame,Venezia,225055.0,350000.0,100
Rey Manaj,Spezia,308278.0,1800000.0,100
Caleb Ekuban,Genoa,199953.0,1200000.0,100
Albert Guðmundsson,Genoa,305947.0,12000000.0,97
Patrick Cutrone,Empoli,265078.0,5000000.0,100
Keita Baldé,Cagliari,238752.0,900000.0,100
Dávid Strelec,Spezia,482836.0,8000000.0,100
Simeon Nwankwo,Salernitana,,,0
Kelvin Yeboah,Genoa,589737.0,7000000.0,100
Felix Afena-Gyan,Roma,872380.0,4200000.0,100
Leonardo Mancuso,Empoli,160344.0,1600000.0,100
Francesco Di Mariano,Venezia,238950.0,1400000.0,100
Luka Romero,Lazio,769063.0,3000000.0,100
Matteo Cancellieri,Hellas Verona,550106.0,7000000.0,100
Sydney van Hooijdonk,Bologna,439292.0,1000000.0,100
Janis Antiste,Spezia,538974.0,1000000.0,100
Dennis Johnsen,Venezia,406042.0,1200000.0,100
Martin Satriano,Inter,640109.0,10000000.0,100
Pietro Pellegri,Torino,364133.0,3000000.0,100
Mikael,Salernitana,642689.0,300000.0,100
Eddie Salcedo,Spezia,459661.0,1500000.0,100
Issa Bah,Venezia,566861.0,600000.0,100
Julian Kristoffersen,Salernitana,267614.0,175000.0,100
Sebastian Giovinco,Sampdoria,52312.0,500000.0,100
Samuel Mráz,Spezia,243225.0,1000000.0,100
Aleksander Buksa,Genoa,553757.0,700000.0,100
Edoardo Vergani,Salernitana,421780.0,450000.0,100
Roberto Piccoli,Genoa,432092.0,14000000.0,100
Magnus Warming,Torino,482107.0,350000.0,100
Lys Mousset,Salernitana,291422.0,350000.0,100
Vladyslav Supriaha,Sampdoria,419061.0,400000.0,88
Emil Ceide,Sassuolo,508371.0,1700000.0,100
Luigi Samele,Sassuolo,658244.0,150000.0,100
Filippo Distefano,Fiorentina,669915.0,600000.0,100
Matìas Soulé,Juventus,668951.0,35000000.0,100
Anthony Mandrea,Angers,290559.0,2000000.0,100
Marcin Bułka,Nice,465955.0,12000000.0,95
Léo Jardim,Lille,288415.0,7000000.0,100
Gianluigi Donnarumma,Paris S-G,315858.0,45000000.0,100
Julian Pollersbeck,Lyon,228975.0,500000.0,100
Jessy Moulin,Troyes,33925.0,200000.0,100
Alexander Nübel,Monaco,195778.0,12000000.0,100
Gauthier Gallon,Troyes,193256.0,600000.0,100
Pau López,Marseille,286415.0,2500000.0,100
Marco Bizot,Brest,124884.0,1500000.0,100
Doğan Alemdar,Rennes,576033.0,1500000.0,100
Ivo Grbić,Lille,226073.0,1000000.0,100
Paul Bernardoni,Saint-Étienne,318507.0,2200000.0,100
Ouparine Djoco,Clermont Foot,594993.0,500000.0,100
Alexandre Letellier,Paris S-G,93730.0,250000.0,100
Arthur Desmas,Clermont Foot,379869.0,2500000.0,100
Moustapha Mbow,Reims,649026.0,9000000.0,100
Lenny Lacroix,Metz,620315.0,1200000.0,100
Sergio Ramos,Paris S-G,25557.0,2500000.0,100
Christopher Wooh,Lens,572326.0,5000000.0,100
Maxime Le Marchand,Strasbourg,60558.0,1000000.0,100
William Saliba,Marseille,495666.0,100000000.0,100
Melvin Bard,Nice,532775.0,10000000.0,100
Luan Peres Petroni,Marseille,178984.0,1200000.0,100
Josuha Guilavogui,Bordeaux,93704.0,700000.0,100
Quentin Merlin,Nantes,557613.0,15000000.0,100
Abdoulaye Bakayoko,Saint-Étienne,855615.0,350000.0,100
Kevin Danso,Lens,263236.0,20000000.0,100
Castello Lukeba,Lyon,618472.0,50000000.0,100
Mamadou Sakho,Montpellier,47713.0,800000.0,100
Achraf Hakimi,Paris S-G,398073.0,80000000.0,100
Warmed Omari,Rennes,711996.0,4000000.0,100
Damien Da Silva,Lyon,57370.0,200000.0,100
Emerson Palmieri,Lyon,181778.0,9000000.0,100
Birger Meling,Rennes,282250.0,900000.0,100
Loïc Bade,Rennes,730581.0,20000000.0,100
Giulian Biancone,Troyes,536507.0,2500000.0,100
Lucas Perrin,Strasbourg,352392.0,2000000.0,100
Yoann Salmier,Troyes,351843.0,1500000.0,100
Gerzino Nyamsi,Strasbourg,378953.0,3500000.0,100
Vanderson,Monaco,789082.0,18000000.0,100
Erik Palmer-Brown,Troyes,282199.0,1500000.0,100
Jérôme Boateng,Lyon,26485.0,400000.0,100
Adil Rami,Troyes,51118.0,250000.0,100
Léo Pétrot,Lorient,412829.0,1500000.0,100
Florent Ogier,Clermont Foot,91473.0,300000.0,100
Falaye Sacko,Saint-Étienne,364857.0,4000000.0,100
Vital N'Simba,Clermont Foot,203761.0,2000000.0,96
Brayann Pereira,Lens,620317.0,1000000.0,100
Anel Ahmedhodžić,Bordeaux,377468.0,10000000.0,100
Ismail Jakobs,Monaco,375137.0,8000000.0,100
Lorenz Assignon,Rennes,711969.0,9000000.0,100
Jordan Amavi,Nice,241229.0,1200000.0,100
Andrew Gravillon,Reims,610417.0,5000000.0,100
Jere Uronen,Brest,131827.0,700000.0,100
Cédric Hountondji,Clermont Foot,198709.0,2000000.0,100
Marcelo,Bordeaux,44501.0,1800000.0,100
Akim Zedadka,Clermont Foot,327863.0,800000.0,100
Nuno Mendes,Paris S-G,616341.0,80000000.0,100
Maxime Estève,Montpellier,842341.0,28000000.0,100
Fali Candé,Metz,520530.0,3000000.0,100
Maxime Busi,Reims,570817.0,800000.0,100
Youssouf Koné,Troyes,274484.0,800000.0,100
Oualid El Hajjam,Troyes,283127.0,800000.0,100
Stian Rode Gregersen,Bordeaux,230140.0,1500000.0,100
Leny Yoro,Lille,923831.0,50000000.0,100
Jérôme Phojo,Clermont Foot,170459.0,300000.0,100
Sikou Niakaté,Metz,413118.0,6000000.0,100
Moritz Jenz,Lorient,460245.0,5000000.0,100
Henrique,Lyon,33572.0,750000.0,100
Philippe Sandler,Troyes,340460.0,2000000.0,100
Sofiane Alakouch,Metz,434358.0,150000.0,100
Karol Fila,Strasbourg,385817.0,250000.0,100
Deiver Machado,Lens,332560.0,1800000.0,100
Jemerson,Metz,258254.0,1700000.0,100
Bradley Locko,Reims,805908.0,6000000.0,100
Alidu Seidu,Clermont Foot,798404.0,6000000.0,100
Gideon Mensah,Bordeaux,397171.0,4000000.0,100
Eric N'Jo,Troyes,991649.0,200000.0,100
Bryan Djile Nokoué,Saint-Étienne,855607.0,200000.0,100
Jean-Claude Billong,Clermont Foot,391192.0,250000.0,100
Abdel Jalil Medioub,Bordeaux,596901.0,350000.0,100
Gabriel Gudmundsson,Lille,362108.0,20000000.0,100
Jean-Armel Kana-Biyik,Metz,57404.0,250000.0,100
Eliaquim Mangala,Saint-Étienne,90681.0,150000.0,100
Yasser Larouci,Troyes,554251.0,1500000.0,100
Igor Carioca,Lorient,13959.0,100000.0,100
Amadou Mbengue,Metz,806310.0,800000.0,100
Matheus Thuler,Montpellier,549815.0,1800000.0,100
Ricardo Mangas,Bordeaux,314944.0,2000000.0,100
Arial Mendy,Clermont Foot,422715.0,600000.0,100
Sead Kolašinac,Marseille,94005.0,4000000.0,100
Josué Albert,Clermont Foot,170487.0,300000.0,100
Timothee Pembele,Bordeaux,538998.0,1800000.0,100
Ismaël Doukouré,Strasbourg,786436.0,20000000.0,100
Tanguy Zoukrou,Troyes,917120.0,1200000.0,100
Jeanuël Belocian,Rennes,919515.0,12000000.0,100
Johaneko Louisjean,Bordeaux,926766.0,400000.0,97
Ibrahim Diakité,Reims,919173.0,1000000.0,100
El Chadaille Bitshiabu,Paris S-G,787912.0,18000000.0,100
Enzo Tchato,Montpellier,842338.0,1800000.0,100
Yannis Mbemba,Nantes,822116.0,100000.0,96
Florian Tardieu,Troyes,212804.0,500000.0,100
Romain Faivre,Lyon,555076.0,4000000.0,100
Lovro Majer,Rennes,387106.0,8000000.0,100
Xherdan Shaqiri,Lyon,86792.0,1500000.0,100
Cengiz Ünder,Marseille,341647.0,4000000.0,100
Azor Matusiwa,Reims,315145.0,11000000.0,100
Wylan Cyprien,Nantes,182889.0,1100000.0,100
Johan Gastien,Clermont Foot,72121.0,500000.0,100
Mattéo Guendouzi,Marseille,465830.0,27000000.0,100
Junior Mwanga,Bordeaux,1011200.0,6000000.0,100
Jason Berthomier,Clermont Foot,306191.0,500000.0,100
Gerson,Marseille,341705.0,18000000.0,100
Mario Lemina,Nice,170934.0,4500000.0,100
Nabil Bentaleb,Angers,245537.0,4500000.0,100
Jean Onana,Bordeaux,656441.0,1000000.0,100
Youcef Belaïli,Brest,175014.0,1500000.0,100
Amine Bassi,Metz,506009.0,2500000.0,100
Rominigue Kouamé,Troyes,277635.0,2000000.0,100
Baptiste Santamaria,Rennes,285323.0,2500000.0,100
Lucien Agoume,Brest,569384.0,15000000.0,100
Xavier Chavalerin,Troyes,118278.0,1500000.0,100
Przemysław Frankowski,Lens,239743.0,6000000.0,97
Justin Kluivert,Nice,330659.0,25000000.0,100
Ilan Kebbal,Reims,739769.0,12000000.0,100
Danylo Ihnatenko,Bordeaux,376082.0,1500000.0,93
Amadou Onana,Lille,485706.0,45000000.0,100
Yohann Magnin,Clermont Foot,594997.0,2000000.0,100
Ibrahim Amadou,Metz,205503.0,1500000.0,100
Kamory Doumbia,Reims,671594.0,9000000.0,100
Jean Lucas,Monaco,578872.0,13000000.0,100
Amine Harit,Marseille,372711.0,5000000.0,100
Pablo Rosario,Nice,370791.0,8000000.0,100
Rémy Cabella,Montpellier,113707.0,1200000.0,100
Bonke Innocent,Lorient,333383.0,1000000.0,100
Lucas Da Cunha,Clermont Foot,495667.0,20000000.0,100
Martin Adeline,Reims,814976.0,3000000.0,100
Charles Boli,Lens,695646.0,350000.0,100
Junior Dina Ebimbe,Paris S-G,536482.0,6000000.0,100
Alberth Elis,Bordeaux,281319.0,2000000.0,100
Dango Ouattara,Lorient,823231.0,35000000.0,100
Mitchell van Bergen,Reims,393239.0,1500000.0,100
Brandon Domingues,Troyes,804708.0,500000.0,100
Angel Gomes,Lille,392770.0,10000000.0,100
Salis Abdul Samed,Clermont Foot,688707.0,4000000.0,100
Dylan Chambost,Troyes,508941.0,2500000.0,100
Lohann Doucet,Nantes,830265.0,700000.0,100
Jens Cajuste,Reims,468066.0,8000000.0,100
Saîf-Eddine Khaoui,Clermont Foot,270411.0,2000000.0,100
Azzedine Ounahi,Angers,593482.0,10000000.0,100
Sada Thioub,Saint-Étienne,290593.0,1000000.0,100
Georginio Wijnaldum,Paris S-G,49499.0,2200000.0,100
Patrick Berg,Lens,308439.0,8000000.0,100
Batista Mendy,Angers,395234.0,7500000.0,100
Romain Del Castillo,Brest,353399.0,7000000.0,100
Hatem Ben Arfa,Lille,18900.0,200000.0,100
Issa Kaboré,Troyes,649452.0,4000000.0,100
Mohamed Achi,Nantes,855158.0,200000.0,100
Osman Bukari,Nantes,548650.0,2500000.0,100
Abdu Conté,Troyes,337798.0,700000.0,100
Léo Leroy,Montpellier,650350.0,2500000.0,100
Calvin Stengs,Nice,409344.0,4500000.0,100
Habib Diarra,Strasbourg,876631.0,35000000.0,100
Jonathan Iglesias,Paris FC,159907.0,350000.0,100
Baptiste Mouazan,Lorient,804548.0,500000.0,100
Marin Jakoliš,Angers,261963.0,600000.0,100
Oriol Busquets,Clermont Foot,282721.0,300000.0,84
Béni Makouana,Montpellier,624920.0,200000.0,100
Nassim Chadli,Troyes,721746.0,500000.0,100
Félix Lemaréchal,Monaco,659518.0,6000000.0,100
Samuel Loric,Lorient,648886.0,500000.0,100
Maghnes Akliouche,Monaco,745200.0,50000000.0,100
Rafiki Said,Brest,780147.0,5000000.0,100
Redwan Bourles,Lorient,804547.0,150000.0,100
William Mikelbrencis,Metz,743500.0,3000000.0,100
Fransérgio,Bordeaux,111828.0,1200000.0,100
Patrick Roberts,Troyes,225452.0,3200000.0,100
Nathan Bitumazala,Paris S-G,618415.0,300000.0,100
Mahame Siby,Paris FC,587646.0,1000000.0,100
Théo Le Bris,Lorient,766412.0,5000000.0,100
Ismaël Gharbi,Paris S-G,810096.0,5000000.0,100
Djeidi Gassama,Paris S-G,795657.0,6000000.0,100
Salim Ben Seghir,Marseille,708681.0,350000.0,100
Jonathan Varane,Lens,812902.0,500000.0,100
Tiago Ribeiro,Monaco,504084.0,200000.0,100
Lucas Calodat,Saint-Étienne,857653.0,100000.0,100
Samuel Koeberle,Reims,926235.0,150000.0,100
Oussama Targhalline,Marseille,667965.0,16000000.0,100
Derek Mazou-Sacko,Troyes,917104.0,250000.0,100
Lionel Messi,Paris S-G,28003.0,15000000.0,100
Andy Delort,Nice,122797.0,1500000.0,100
Tetê,Lyon,371256.0,9000000.0,100
Gaëtan Laborde,Rennes,181378.0,10000000.0,100
Kamaldeen Sulemana,Rennes,746695.0,17000000.0,100
Mohamed Lamine Bayo,Clermont Foot,594991.0,4500000.0,100
Cédric Bakambu,Marseille,127048.0,1200000.0,100
Ibrahima Koné,Lorient,490223.0,2500000.0,100
Thibault Klidje,Bordeaux,575610.0,2000000.0,100
Nicolas de Préville,Metz,122116.0,400000.0,100
Javairô Dilrosun,Bordeaux,315125.0,4000000.0,100
Martin Satriano,Brest,640109.0,10000000.0,100
Wesley Saïd,Lens,182916.0,5000000.0,100
Elba Rashani,Clermont Foot,149579.0,400000.0,88
Valère Germain,Montpellier,60540.0,1500000.0,100
Edon Zhegrova,Lille,496857.0,10000000.0,100
Kévin Gameiro,Strasbourg,27389.0,700000.0,100
Renaud Ripart,Troyes,234802.0,2000000.0,100
Ike Ugbo,Troyes,339943.0,3000000.0,100
Didier Lamkel Zé,Metz,442320.0,300000.0,100
Lamine Gueye,Paris FC,568701.0,200000.0,100
M'Baye Niang,Bordeaux,157501.0,800000.0,100
Sambou Soumano,Lorient,704270.0,3500000.0,100
Yoann Touzghar,Troyes,68718.0,300000.0,100
Konrad De La Fuente,Marseille,466809.0,1500000.0,100
Lebo Mothiba,Troyes,427161.0,1500000.0,100
Bilal Brahimi,Nice,789094.0,1000000.0,100
Elhadji Dieye,Saint-Étienne,947069.0,250000.0,96
Philippe Koffi,Reims,809639.0,200000.0,100
Bakary Sako,Saint-Étienne,46791.0,75000.0,100
Jim Allevinah,Clermont Foot,646733.0,1000000.0,100
Louis Mafouta,Metz,461790.0,1000000.0,100
Jodel Dossou,Clermont Foot,221151.0,800000.0,100
Nordine Kandil,Strasbourg,891379.0,900000.0,100
Yanis Guermouche,Montpellier,876034.0,125000.0,100
Mathys Tel,Rennes,801734.0,22000000.0,100
Willem Geubbels,Nantes,463620.0,5000000.0,100
Jordan Tell,Clermont Foot,272644.0,600000.0,100
Mama Samba Baldé,Troyes,325223.0,3000000.0,100
Nicholas Gioacchini,Montpellier,704156.0,800000.0,100
Myron Boadu,Monaco,412932.0,4000000.0,100
Grejohn Kyei,Clermont Foot,321647.0,300000.0,100
Mamadou Camara,Troyes,857148.0,500000.0,100
Youssouph Badji,Brest,649035.0,800000.0,100
Bradley Barcola,Lyon,708265.0,70000000.0,100
Juan Ignacio Ramírez,Saint-Étienne,662332.0,12000000.0,100
Pierre-Yves Hamel,Clermont Foot,203504.0,300000.0,100
Loum Tchaouna,Rennes,607226.0,13000000.0,100
Jason Mbock,Angers,460660.0,150000.0,100
Aboubakar Sidibé,Clermont Foot,503518.0,150000.0,100
Mykola Kukharevych,Troyes,730126.0,1500000.0,100
Levi Lumeka,Troyes,537182.0,200000.0,100
Ibrahima Baldé,Lens,804884.0,300000.0,100
Enzo Crivelli,Saint-Étienne,291110.0,900000.0,100
Lenny Joseph,Metz,815359.0,500000.0,100
Sekou Yansané,Paris S-G,853344.0,450000.0,100
Gerson Rodrigues,Troyes,282734.0,300000.0,100
Yadaly Diaby,Clermont Foot,806496.0,550000.0,100
Guédé Nadje,Angers,855160.0,150000.0,100
Stefan Ortega,Manchester City,85941.0,4000000.0,100
Daniel Bentley,Wolves,136401.0,800000.0,100
Bernd Leno,Fulham,72476.0,6000000.0,100
Neto,Bournemouth,111819.0,900000.0,100
Sam Johnstone,Crystal Palace,110864.0,2000000.0,100
Nick Pope,Newcastle Utd,192080.0,5000000.0,100
Wayne Hennessey,Nott'ham Forest,45494.0,150000.0,100
Dean Henderson,Nott'ham Forest,258919.0,28000000.0,100
Fraser Forster,Tottenham,52570.0,400000.0,100
Keylor Navas,Nott'ham Forest,79422.0,750000.0,100
Daniel Iversen,Leicester City,260841.0,2500000.0,100
Gavin Bazunu,Southampton,585550.0,8000000.0,100
Joel Robles,Leeds United,101118.0,350000.0,100
Joe Whitworth,Crystal Palace,670840.0,1700000.0,100
James Tarkowski,Everton,173504.0,5000000.0,100
Lisandro Martínez,Manchester Utd,480762.0,40000000.0,100
Benoît Badiashile,Chelsea,463603.0,15000000.0,100
Ben Mee,Brentford,74810.0,1000000.0,100
Kalidou Koulibaly,Chelsea,93128.0,4500000.0,100
Pedro Porro,Tottenham,553875.0,35000000.0,100
Lewis Hall,Chelsea,670858.0,40000000.0,100
Sven Botman,Newcastle Utd,361093.0,35000000.0,100
Felipe,Nott'ham Forest,156501.0,1500000.0,100
William Saliba,Arsenal,495666.0,100000000.0,100
Wout Faes,Leicester City,292808.0,10000000.0,100
Oleksandr Zinchenko,Arsenal,203853.0,8000000.0,100
Armel Bella Kotchap,Southampton,467563.0,7000000.0,94
Serge Aurier,Nott'ham Forest,127032.0,3700000.0,100
Nayef Aguerd,West Ham,361914.0,15000000.0,100
Marc Cucurella,Chelsea,284857.0,50000000.0,100
Duje Ćaleta-Car,Southampton,238266.0,2800000.0,100
Craig Dawson,Wolves,121477.0,900000.0,100
Manuel Akanji,Manchester City,284730.0,17000000.0,100
Maximilian Wöber,Leeds United,263361.0,3000000.0,100
Issa Diop,Fulham,272622.0,8000000.0,100
Rico Lewis,Manchester City,701057.0,28000000.0,100
Joe Worrall,Nott'ham Forest,415970.0,2000000.0,100
Willy Boly,Nott'ham Forest,142310.0,300000.0,100
Wesley Fofana,Chelsea,475411.0,28000000.0,100
Nathan Collins,Wolves,469050.0,30000000.0,100
Harry Souttar,Leicester City,298091.0,6000000.0,100
Tyrell Malacia,Manchester Utd,339340.0,4000000.0,100
Conor Coady,Everton,128901.0,1500000.0,100
Jack Stephens,Bournemouth,163744.0,1200000.0,100
Matheus Nunes,Wolves,601883.0,50000000.0,100
Levi Colwill,Brighton,614258.0,50000000.0,100
Jan Paul van Hecke,Brighton,576314.0,45000000.0,100
Marcos Senesi,Bournemouth,469781.0,25000000.0,100
Jakub Kiwior,Arsenal,425918.0,35000000.0,100
Sergio Gómez,Manchester City,366930.0,15000000.0,100
Steve Cook,Nott'ham Forest,90836.0,1800000.0,100
Chris Richards,Crystal Palace,578539.0,28000000.0,100
Thilo Kehrer,West Ham,228948.0,12000000.0,100
Neco Williams,Nott'ham Forest,503680.0,28000000.0,100
Giulian Biancone,Nott'ham Forest,536507.0,2500000.0,100
Rasmus Kristensen,Leeds United,369684.0,10000000.0,100
Moussa Niakhate,Nott'ham Forest,291200.0,15000000.0,100
Emerson Palmieri,West Ham,181778.0,9000000.0,100
Ainsley Maitland-Niles,Southampton,285845.0,10000000.0,100
Ludwig Augustinsson,Aston Villa,170646.0,1500000.0,100
Juan Larios,Southampton,646738.0,2000000.0,100
Scott McKenna,Nott'ham Forest,255906.0,4000000.0,100
Nathan Patterson,Everton,424015.0,10000000.0,100
Victor Bernth Kristiansen,Leicester City,564529.0,9000000.0,100
Rúben Vinagre,Everton,357158.0,1500000.0,100
Clément Lenglet,Tottenham,182904.0,4000000.0,100
Aaron Hickey,Brentford,591949.0,16000000.0,100
Álex Moreno,Aston Villa,193098.0,3000000.0,100
Renan Lodi,Nott'ham Forest,476352.0,11000000.0,100
Keane Lewis-Potter,Brentford,644401.0,25000000.0,100
Diego Carlos,Aston Villa,329145.0,5000000.0,100
Harry Toffolo,Nott'ham Forest,198516.0,2000000.0,100
Illia Zabarnyi,Bournemouth,659089.0,40000000.0,88
Matías Viña,Bournemouth,439072.0,3500000.0,100
James Bree,Southampton,324223.0,2500000.0,100
Kevin Mbabu,Fulham,183321.0,2200000.0,100
Djed Spence,Tottenham,483348.0,30000000.0,100
Ryan Fredericks,Bournemouth,140191.0,1000000.0,100
Layvin Kurzawa,Fulham,126710.0,750000.0,100
Dexter Lembikisa,Wolves,712099.0,800000.0,100
Owen Bevan,Bournemouth,1063676.0,100000.0,84
Odeluga Offiah,Brighton,567597.0,1800000.0,100
Shane Duffy,Fulham,119269.0,2000000.0,100
Casemiro,Manchester Utd,16306.0,6000000.0,100
Enzo Fernández,Chelsea,648195.0,90000000.0,100
Willian,Fulham,52769.0,400000.0,100
Dwight McNeil,Everton,584769.0,18000000.0,100
Cody Gakpo,Liverpool,434675.0,60000000.0,100
João Palhinha,Fulham,257455.0,15000000.0,100
Darko Gyabi,Leeds United,663264.0,2000000.0,100
Shea Charles,Manchester City,747951.0,15000000.0,100
Morgan Gibbs-White,Nott'ham Forest,429014.0,70000000.0,100
Tyler Adams,Leeds United,332705.0,25000000.0,100
Cheick Doucouré,Crystal Palace,543387.0,10000000.0,100
Lucas Paquetá,West Ham,444523.0,32000000.0,100
Christian Eriksen,Manchester Utd,69633.0,2500000.0,100
Danilo,Nott'ham Forest,808509.0,32000000.0,100
Ivan Perišić,Tottenham,42460.0,1200000.0,100
Amadou Onana,Everton,485706.0,45000000.0,100
Hamed Junior Traorè,Bournemouth,391065.0,15000000.0,100
Julio Enciso,Brighton,660867.0,25000000.0,100
Antony,Manchester Utd,602105.0,40000000.0,100
Matthew Craig,Tottenham,51318.0,100000.0,81
Pervis Estupiñán,Brighton,349599.0,12000000.0,100
Jorginho,Arsenal,102017.0,4000000.0,100
Andreas Pereira,Fulham,203394.0,14000000.0,100
Kaoru Mitoma,Brighton,504849.0,22000000.0,100
Marcus Tavernier,Bournemouth,399434.0,25000000.0,100
Gonçalo Guedes,Wolves,225122.0,6000000.0,100
Marcel Sabitzer,Manchester Utd,106987.0,6000000.0,100
Marc Roca,Leeds United,336869.0,4000000.0,100
Roméo Lavia,Southampton,628451.0,22000000.0,100
Lewis Miley,Newcastle Utd,922769.0,25000000.0,100
Boubacar Kamara,Aston Villa,394327.0,40000000.0,100
João Gomes,Wolves,735570.0,40000000.0,100
Dango Ouattara,Bournemouth,823231.0,35000000.0,100
Conor Gallagher,Chelsea,488362.0,32000000.0,100
Ryan Yates,Nott'ham Forest,425902.0,7000000.0,100
Harry Wilson,Fulham,279455.0,25000000.0,100
Kalvin Phillips,Manchester City,351749.0,2500000.0,100
Daniel James,Fulham,319301.0,10000000.0,100
Carney Chukwuemeka,Chelsea,659459.0,20000000.0,100
Cédric Soares,Fulham,112988.0,500000.0,100
Albert Sambi Lokonga,Crystal Palace,381967.0,12000000.0,100
Joe Rothwell,Bournemouth,183293.0,2500000.0,100
Joe Aribo,Southampton,468198.0,1800000.0,100
Lewis O'Brien,Nott'ham Forest,560694.0,4000000.0,100
Cheikhou Kouyaté,Nott'ham Forest,66934.0,1000000.0,100
Fabio Vieira,Arsenal,537598.0,18000000.0,100
Billy Gilmour,Brighton,423744.0,20000000.0,100
Leander Dendoncker,Aston Villa,168157.0,1800000.0,100
Jack Colback,Nott'ham Forest,61644.0,600000.0,100
Mario Lemina,Wolves,170934.0,4500000.0,100
Siriki Dembélé,Bournemouth,488656.0,2000000.0,100
Yves Bissouma,Tottenham,410425.0,10000000.0,100
Remo Freuler,Nott'ham Forest,148252.0,3000000.0,100
Weston McKennie,Leeds United,332697.0,30000000.0,100
Orel Mangala,Nott'ham Forest,289592.0,9000000.0,100
Yasin Ayari,Brighton,667287.0,35000000.0,100
James Garner,Everton,505219.0,45000000.0,100
Samuel Edozie,Southampton,680806.0,5000000.0,100
Ryan Christie,Bournemouth,188077.0,8000000.0,100
Flynn Downes,West Ham,506189.0,12000000.0,100
Gustavo Scarpa,Nott'ham Forest,330085.0,4500000.0,100
Carlos Alcaraz,Southampton,748319.0,15000000.0,100
Jaidon Anthony,Bournemouth,684210.0,20000000.0,100
Mikkel Damsgaard,Brentford,540941.0,30000000.0,100
Stefan Bajcetic,Liverpool,864799.0,4000000.0,100
Kevin Schade,Brentford,473050.0,35000000.0,100
Antoine Semenyo,Bournemouth,583255.0,80000000.0,100
Saša Lukić,Fulham,245056.0,10000000.0,100
Jack Hinshelwood,Brighton,867688.0,28000000.0,100
Boubacar Traoré,Wolves,649020.0,4000000.0,100
Hugo Bueno,Wolves,698678.0,12000000.0,100
Jordan Zemura,Bournemouth,633530.0,5000000.0,100
Pablo Sarabia,Wolves,74230.0,4000000.0,100
Jonjo Shelvey,Nott'ham Forest,71292.0,800000.0,100
Denis Zakaria,Chelsea,334526.0,25000000.0,100
Naouirou Ahamada,Crystal Palace,538971.0,3000000.0,100
Georginio Rutter,Leeds United,538977.0,30000000.0,100
Mykhailo Mudryk,Chelsea,537860.0,18000000.0,93
Facundo Pellistri,Manchester Utd,676318.0,5000000.0,100
Ben Pearson,Bournemouth,183302.0,2200000.0,100
Joseph Hodge,Wolves,503975.0,700000.0,85
Brenden Aaronson,Leeds United,393323.0,22000000.0,100
Pape Matar Sarr,Tottenham,568693.0,30000000.0,100
Kobbie Mainoo,Manchester Utd,820374.0,70000000.0,100
Máximo Perrone,Manchester City,668547.0,35000000.0,100
Mislav Oršić,Southampton,119150.0,900000.0,100
Emiliano Marcondes,Bournemouth,232964.0,1500000.0,100
Cafú,Nott'ham Forest,203655.0,250000.0,100
Facundo Buonanotte,Brighton,983989.0,12000000.0,100
Omari Hutchinson,Chelsea,741238.0,30000000.0,100
Bobby Clark,Liverpool,712117.0,1000000.0,100
Andrew Moran,Brighton,724537.0,1500000.0,100
Ben Gannon-Doak,Liverpool,719673.0,15000000.0,100
Luke Harris,Fulham,817612.0,900000.0,100
Malcolm Ebiowei,Crystal Palace,512354.0,1000000.0,100
Cameron Peupion,Brighton,703626.0,350000.0,100
Kami Doyle,Southampton,,,0
Nathaniel Chalobah,Fulham,128900.0,1800000.0,100
Ethan Nwaneri,Arsenal,890719.0,35000000.0,100
Marquinhos,Arsenal,181767.0,28000000.0,100
George Abbott,Tottenham,,,0
David Ozoh,Crystal Palace,865993.0,2200000.0,100
Conor Coventry,West Ham,419025.0,2000000.0,100
Harvey White,Tottenham,581598.0,600000.0,100
Connor Ronan,Wolves,337787.0,1200000.0,100
Erling Haaland,Manchester City,418560.0,200000000.0,100
Leandro Trossard,Arsenal,144028.0,18000000.0,100
Gabriel Jesus,Arsenal,363205.0,17000000.0,100
Alexander Isak,Newcastle Utd,349066.0,85000000.0,100
Noni Madueke,Chelsea,503987.0,50000000.0,100
Darwin Núñez,Liverpool,546543.0,20000000.0,100
Julián Álvarez,Manchester City,576024.0,100000000.0,100
Raheem Sterling,Chelsea,134425.0,3000000.0,100
David Datro Fofana,Chelsea,787232.0,4000000.0,100
Matheus Cunha,Wolves,517894.0,75000000.0,100
Samuel Amo-Ameyaw,Southampton,933900.0,8000000.0,100
Manor Solomon,Fulham,396638.0,8000000.0,100
Gianluca Scamacca,West Ham,315867.0,25000000.0,100
Danny Ings,West Ham,134294.0,3500000.0,100
Taiwo Awoniyi,Nott'ham Forest,295313.0,8000000.0,100
Luis Sinisterra,Leeds United,512385.0,11000000.0,100
Richarlison,Tottenham,378710.0,25000000.0,100
João Félix,Chelsea,462250.0,28000000.0,100
Kamaldeen Sulemana,Southampton,746695.0,17000000.0,100
Brennan Johnson,Nott'ham Forest,470607.0,30000000.0,100
Deniz Undav,Brighton,339314.0,22000000.0,100
Paul Onuachu,Southampton,272855.0,6000000.0,100
Thomas Cannon,Everton,184299.0,300000.0,100
Kieffer Moore,Bournemouth,275590.0,1300000.0,100
Carlos Vinícius,Fulham,525287.0,7000000.0,100
Tetê,Leicester City,371256.0,9000000.0,100
Anthony Gordon,Newcastle Utd,503733.0,65000000.0,100
Emmanuel Dennis,Nott'ham Forest,448854.0,1200000.0,100
Sekou Mara,Southampton,557612.0,4000000.0,100
Chris Wood,Nott'ham Forest,108725.0,5000000.0,100
Wilfried Gnonto,Leeds United,627626.0,16000000.0,100
Wout Weghorst,Manchester Utd,228645.0,2000000.0,100
Fabio Carvalho,Liverpool,559263.0,8000000.0,100
Divin Mubama,West Ham,670848.0,6000000.0,100
Arnaut Danjuma,Tottenham,355861.0,3000000.0,100
Pierre-Emerick Aubameyang,Chelsea,58864.0,2500000.0,100
Jesse Lingard,Nott'ham Forest,141660.0,2000000.0,100
Neal Maupay,Everton,217115.0,4000000.0,100
Diego Costa,Wolves,546212.0,12000000.0,100
Maxwel Cornet,West Ham,234781.0,2000000.0,100
Sam Surridge,Nott'ham Forest,398402.0,8000000.0,100
Jáder Durán,Aston Villa,,,0
André Ayew,Nott'ham Forest,45403.0,250000.0,100
Mateo Joseph,Leeds United,834742.0,3500000.0,100
Jamal Lowe,Bournemouth,239949.0,1500000.0,100
Jay Stansfield,Fulham,696346.0,18000000.0,100
Halil Dervişoğlu,Brentford,465606.0,700000.0,100
Dominic Ballard,Southampton,167254.0,450000.0,88
Sasa Kalajdzic,Wolves,369567.0,4000000.0,100
Alex Mighten,Nott'ham Forest,503988.0,700000.0,100
Alvaro Aceves,Valladolid,710474.0,400000.0,100
Aitor Fernández,Osasuna,118997.0,500000.0,100
Fernando Martínez,Almería,81997.0,700000.0,100
Ivo Grbić,Atlético Madrid,226073.0,1000000.0,100
Paulo Gazzaniga,Girona,195488.0,1800000.0,100
Predrag Rajković,Mallorca,190263.0,7000000.0,100
Pepe Reina,Villarreal,7825.0,600000.0,100
Fernando Pacheco,Espanyol,172015.0,600000.0,100
Agustín Marchesín,Celta Vigo,54534.0,500000.0,100
Benjamin Lecomte,Espanyol,127181.0,800000.0,100
Álvaro Fernández,Espanyol,453704.0,2500000.0,100
Juan Carlos,Girona,39004.0,150000.0,100
Sergio Asenjo,Valladolid,51710.0,700000.0,100
Diego Mariño,Almería,59349.0,300000.0,100
Axel Werner,Elche,236734.0,400000.0,100
Filip Jørgensen,Villarreal,585323.0,15000000.0,100
Antonio Gomis,Atlético Madrid,930415.0,500000.0,100
Iñaki Peña,Barcelona,283170.0,4000000.0,100
Diego López,Rayo Vallecano,34370.0,300000.0,100
Arnau Tenas,Barcelona,466783.0,4000000.0,100
Felix Garreta,Betis,961945.0,200000.0,100
David López,Girona,947431.0,1200000.0,100
Jules Koundé,Barcelona,411975.0,60000000.0,100
Loïc Bade,Sevilla,730581.0,20000000.0,100
Andreas Christensen,Barcelona,196948.0,8000000.0,100
Carlos García,Cádiz,15762.0,300000.0,100
Copete,Mallorca,520840.0,5000000.0,100
Héctor Bellerín,Barcelona,191217.0,2400000.0,100
Unai Núñez,Celta Vigo,338285.0,3500000.0,100
Fernando Medrano,Celta Vigo,461619.0,500000.0,100
Marcos Alonso,Barcelona,112515.0,1200000.0,100
Nahuel Molina,Atlético Madrid,424042.0,15000000.0,100
Santiago Bueno,Girona,438001.0,10000000.0,100
Antonio Rüdiger,Real Madrid,86202.0,6000000.0,100
Brian Oliván,Espanyol,166677.0,6000000.0,100
Marcão,Sevilla,439022.0,2500000.0,100
Sergio Escudero,Valladolid,93935.0,1500000.0,100
Cenk Özkacar,Valencia,615350.0,4000000.0,100
Kiko Femenía,Villarreal,76467.0,700000.0,100
Jorge Cuenca,Villarreal,494880.0,8000000.0,100
Federico Fernández,Elche,85475.0,500000.0,100
Omar Alderete,Getafe,353032.0,13000000.0,100
Rodrigo Ely,Almería,176140.0,3000000.0,100
Luiz Felipe,Betis,457931.0,2000000.0,100
Arnau Martinez,Girona,826224.0,10000000.0,100
Kike Salas,Sevilla,766583.0,14000000.0,100
Domingos Duarte,Getafe,257376.0,800000.0,100
Carlos Clerc,Elche,193784.0,1500000.0,100
Zouhair Feddal,Valladolid,129386.0,800000.0,100
Lucas Oliveira Rosa,Valladolid,468309.0,5000000.0,100
Lisandro Magallán,Elche,66736.0,1000000.0,100
Florian Lejeune,Rayo Vallecano,127108.0,1800000.0,100
Javi Hernández,Girona,422466.0,2000000.0,100
Álex Centelles,Almería,423443.0,1200000.0,100
Srđan Babić,Almería,222805.0,4000000.0,90
Jorge Meré,Cádiz,286779.0,1000000.0,100
Alex Telles,Sevilla,255755.0,2800000.0,100
Ronaël Pierre-Gabriel,Espanyol,410185.0,1000000.0,100
Miguel Gutiérrez,Girona,525299.0,22000000.0,100
Carmona,Elche,251846.0,450000.0,100
Aitor Paredes,Athletic Club,591916.0,7500000.0,100
Johan Mojica,Villarreal,262939.0,1500000.0,100
César Montes,Espanyol,387687.0,7500000.0,100
Matija Nastasić,Mallorca,143559.0,1500000.0,100
Rubén Peña,Osasuna,238868.0,600000.0,100
Iván Fresneda,Valladolid,946883.0,15000000.0,100
Kaiky,Almería,743589.0,2000000.0,100
Alexander Callens,Girona,147462.0,200000.0,100
Gastón Álvarez,Getafe,577486.0,9000000.0,100
Dennis Hadzikadunic,Mallorca,322065.0,1200000.0,100
Sergio Reguilón,Atlético Madrid,282429.0,3500000.0,100
Braian Cufré,Mallorca,401521.0,1200000.0,100
Tanguy Nianzou,Sevilla,538996.0,1200000.0,100
Mamadou Mbaye,Cádiz,898751.0,300000.0,88
Sergio Akieme,Almería,355627.0,7000000.0,100
Chumi,Almería,333361.0,2000000.0,100
Pep Chavarría,Rayo Vallecano,596122.0,10000000.0,100
Pol Lirola,Elche,298975.0,1500000.0,100
Diego Moreno,Osasuna,634122.0,800000.0,100
Omar El Hilali,Espanyol,822331.0,15000000.0,100
Abdul Mumin,Rayo Vallecano,451801.0,3000000.0,100
Lautaro Blanco,Elche,831161.0,4000000.0,100
Fran Delgado,Betis,711638.0,350000.0,100
Matt Doherty,Atlético Madrid,171679.0,1000000.0,100
Joseba Zaldúa,Cádiz,197135.0,900000.0,100
David Torres,Valladolid,857832.0,500000.0,100
Ludwig Augustinsson,Mallorca,170646.0,1500000.0,100
Jordan Amavi,Getafe,241229.0,1200000.0,100
Abner,Betis,646402.0,10000000.0,100
Fabrizio Angileri,Getafe,268506.0,400000.0,100
Mamadou Mbacke,Villarreal,898751.0,300000.0,100
Wassim Keddari,Espanyol,945496.0,600000.0,84
Houboulang Mendes,Almería,442552.0,700000.0,100
Diego Iturralde,Sevilla,376155.0,450000.0,100
Jorge Herrando,Osasuna,555500.0,3500000.0,100
Chadi Riad,Barcelona,689637.0,15000000.0,100
Álex Revuelta,Getafe,631093.0,25000.0,100
Raphinha,Barcelona,411295.0,70000000.0,100
Aurélien Tchouaméni,Real Madrid,413112.0,70000000.0,100
Lucas Robertone,Almería,457221.0,2000000.0,100
Moi Gómez,Osasuna,175449.0,1500000.0,100
Gonzalo Escalante,Cádiz,266795.0,1500000.0,100
Brais Méndez,Real Sociedad,309110.0,8000000.0,100
Takefusa Kubo,Real Sociedad,405398.0,20000000.0,100
Viktor Tsyhankov,Girona,264372.0,15000000.0,93
Luis Milla,Getafe,281989.0,3500000.0,100
Domingos André Ribeiro Almeida,Valencia,800176.0,25000000.0,100
Adri Embarba,Almería,288318.0,1000000.0,92
Álex Collado,Elche,282722.0,3000000.0,100
José Gragera,Espanyol,557147.0,1500000.0,100
Monchu,Valladolid,282727.0,5000000.0,100
Álvaro Aguado,Valladolid,449496.0,3000000.0,100
Samuel Lino,Valencia,694928.0,15000000.0,100
Oriol Romeu,Girona,66100.0,700000.0,100
Edu Expósito,Espanyol,506248.0,5000000.0,100
José Antonio,Cádiz,268946.0,1500000.0,100
Óscar Rodríguez Arnaiz,Celta Vigo,85314.0,7500000.0,100
Vinicius Souza,Espanyol,146020.0,1200000.0,100
Olasagasti,Real Sociedad,625660.0,2500000.0,100
Diego López,Valencia,617081.0,9000000.0,100
Samu Castillejo,Valencia,195171.0,600000.0,100
Manu Morlanes,Mallorca,335225.0,2400000.0,100
El Bilal Touré,Almería,649016.0,13000000.0,100
Justin Kluivert,Valencia,330659.0,25000000.0,100
Iván Sánchez,Valladolid,221311.0,500000.0,100
Isco,Sevilla,85288.0,3500000.0,100
Samu Costa,Almería,657430.0,15000000.0,100
Selim Amallah,Valladolid,377219.0,1500000.0,100
Axel Witsel,Atlético Madrid,35047.0,1200000.0,100
Abde Ezzalzouli,Osasuna,724520.0,40000000.0,100
Theo Bongonda,Cádiz,280701.0,3000000.0,100
Léo Baptistão,Almería,221899.0,1500000.0,100
Adu Ares,Athletic Club,895480.0,2000000.0,100
Manu Bueno,Sevilla,766723.0,1500000.0,100
Jon Magunazelaia,Real Sociedad,625655.0,900000.0,100
Williot Swedberg,Celta Vigo,764859.0,20000000.0,100
Yan Couto,Girona,627228.0,17000000.0,100
Ramón Terrats,Villarreal,783396.0,3000000.0,100
Gonzalo Melero,Almería,162056.0,1800000.0,100
Nicolás González,Valencia,99523.0,100000.0,100
Carles Pérez,Celta Vigo,282810.0,1800000.0,100
Yangel Herrera,Girona,378293.0,6000000.0,100
Ander Herrera,Athletic Club,99343.0,400000.0,100
Rodrigo Riquelme,Girona,461617.0,4000000.0,100
Aleix Garrido,Barcelona,709966.0,500000.0,100
Moi Parra,Getafe,963150.0,25000.0,100
Adnan Januzaj,Sevilla,177847.0,1000000.0,100
Óscar Mingueza,Celta Vigo,331505.0,18000000.0,100
Darwin Machís,Valladolid,211251.0,350000.0,100
Alejandro Pozo Pozo,Almería,188853.0,2800000.0,90
Íñigo Eguaras,Almería,89731.0,800000.0,100
Gonzalo Plata,Valladolid,592735.0,9000000.0,100
Franck Kessié,Barcelona,294808.0,12000000.0,100
César de la Hoz,Almería,226261.0,250000.0,100
Luiz Henrique,Betis,800175.0,24000000.0,100
Francisco Portillo,Almería,138803.0,1000000.0,100
José Carlos Lazo,Espanyol,282410.0,2500000.0,100
Martin Hongla,Valladolid,398808.0,1200000.0,100
Iván Martín,Girona,341278.0,5000000.0,100
Pape Gueye,Sevilla,485963.0,40000000.0,100
Haissem Hassan,Villarreal,620164.0,3500000.0,100
Javier Guerra,Valencia,834764.0,25000000.0,91
Pablo Marín,Real Sociedad,907813.0,7000000.0,100
Iker Muñoz,Osasuna,710677.0,2000000.0,100
Pablo Barrios,Atlético Madrid,775605.0,55000000.0,100
Brian Ocampo,Cádiz,598765.0,900000.0,100
Reinier,Girona,627226.0,2000000.0,100
Pablo Torre,Barcelona,720038.0,5000000.0,100
Luca de la Torre,Celta Vigo,315762.0,2500000.0,100
Samuel Sáiz,Girona,814454.0,100000.0,100
Pablo Ibáñez,Osasuna,785353.0,4000000.0,100
Ricard Artero,Girona,906025.0,200000.0,100
Denis Suárez,Espanyol,165007.0,1000000.0,100
Jaime Seoane,Getafe,340867.0,2000000.0,100
Antonio Blanco,Cádiz,495621.0,10000000.0,100
Nicolás Ezequiel Fernández,Elche,333921.0,3000000.0,100
Arnau Puigmal,Almería,536030.0,1800000.0,100
Ángel Algobia,Getafe,638589.0,500000.0,100
Juan Cruz,Betis,585700.0,3000000.0,100
Toni Villa,Girona,337066.0,400000.0,100
Joel Roca,Girona,895326.0,6000000.0,100
Mamady Diarra,Cádiz,402002.0,300000.0,100
Roger Martínez,Espanyol,285771.0,1500000.0,100
Carlos Álvarez,Sevilla,668179.0,15000000.0,100
Nabil Touaizi,Espanyol,487180.0,800000.0,100
Babatunde Akinsola,Valladolid,924447.0,800000.0,87
Alberto Del Moral,Villarreal,635347.0,1000000.0,100
Kenedy,Valladolid,281404.0,700000.0,100
Juanjo Narváez,Valladolid,213595.0,800000.0,100
Youba Diarra,Cádiz,564451.0,300000.0,100
Awer Mabil,Cádiz,255729.0,1300000.0,100
Mickael Malsa,Valladolid,205569.0,1500000.0,100
Ángel Alarcón,Barcelona,646739.0,6000000.0,100
Domingos Quina,Elche,391719.0,1500000.0,100
Isaac Palazón Camacho,Valencia,1084667.0,1200000.0,100
Pablo Muñoz,Rayo Vallecano,1045767.0,50000.0,100
Pape Cheikh Diop,Elche,336828.0,800000.0,100
Lamine Yamal,Barcelona,937958.0,200000000.0,100
Alejandro Alfaro,Elche,39783.0,300000.0,100
Diego Méndez,Rayo Vallecano,932349.0,50000.0,100
Ruben Quintanilla,Mallorca,1056655.0,50000.0,100
Robert Lewandowski,Barcelona,38253.0,7000000.0,100
Pascu,Villarreal,547354.0,250000.0,100
Joselu,Espanyol,81999.0,5000000.0,100
Cyle Larin,Valladolid,343463.0,3500000.0,100
Lázaro,Almería,574772.0,2000000.0,100
Memphis,Atlético Madrid,167850.0,7000000.0,100
Chris Ramos,Cádiz,538810.0,2500000.0,100
Sergio Camello,Rayo Vallecano,505674.0,3000000.0,100
Valentín Castellanos,Girona,522784.0,28000000.0,81
Álvaro Rodríguez,Real Madrid,948275.0,10000000.0,100
Edinson Cavani,Valencia,48280.0,500000.0,100
Juanmi Latasa,Getafe,623521.0,2000000.0,100
Munir El Haddadi,Getafe,223725.0,2500000.0,100
Curro,Almería,208116.0,1500000.0,100
Martin Braithwaite,Espanyol,95732.0,1000000.0,100
Luis Javier Suárez,Almería,424784.0,30000000.0,100
Manu Vallejo,Girona,527350.0,1500000.0,100
Jørgen Strand Larsen,Celta Vigo,429983.0,40000000.0,100
Mohamed Ali Cho,Real Sociedad,134629.0,200000.0,84
Umar Sadiq,Real Sociedad,337715.0,4000000.0,100
Ayoze Pérez,Betis,246968.0,5000000.0,100
José Luis Morales,Villarreal,252677.0,200000.0,100
Sergi Guardiola,Cádiz,256429.0,800000.0,100
Tino Kadewere,Mallorca,384060.0,1500000.0,100
Sergio León,Valladolid,145769.0,2000000.0,100
Haris Seferović,Celta Vigo,109256.0,4000000.0,100
Dyego Sousa,Almería,157036.0,50000.0,100
Kasper Dolberg,Sevilla,283196.0,7000000.0,100
Gonçalo Paciência,Celta Vigo,181547.0,700000.0,100
Largie Ramazani,Almería,518644.0,8000000.0,100
Portu,Getafe,99353.0,1200000.0,100
Oscar Ureña,Girona,921734.0,300000.0,100
Manuel Pozo,Valladolid,635881.0,300000.0,100
Francisco Mwepu,Cádiz,632872.0,300000.0,100
Diego Collado,Villarreal,566965.0,400000.0,100
Jon Karrikaburu,Real Sociedad,711382.0,1800000.0,100
Alberto Marí,Valencia,634105.0,1500000.0,100
Randy Nteka,Elche,560483.0,1000000.0,100
Roger Martí,Cádiz,212391.0,1200000.0,100
Salvi,Rayo Vallecano,246204.0,200000.0,100
Roberto Arroyo,Valladolid,928726.0,300000.0,100
Pablo Durán,Celta Vigo,905997.0,4000000.0,100
Dani Gómez,Espanyol,422460.0,1200000.0,100
Sékou Gassama,Valladolid,337070.0,300000.0,100
Marko Milovanović,Almería,845568.0,2500000.0,100
Tjark Ernst,Hertha BSC,553282.0,1500000.0,100
Ørjan Nyland,RB Leipzig,73517.0,800000.0,100
Jonas Omlin,Gladbach,247915.0,800000.0,100
Jan Olschowsky,Gladbach,455922.0,450000.0,100
Yann Sommer,Bayern Munich,42205.0,2000000.0,100
Janis Blaswich,RB Leipzig,81173.0,700000.0,100
Alexander Meyer,Dortmund,76158.0,500000.0,100
Oliver Christensen,Hertha BSC,471936.0,1400000.0,100
Lennart Grill,Union Berlin,309397.0,1000000.0,100
Alexander Schwolow,Schalke 04,93763.0,450000.0,100
Nico Schlotterbeck,Dortmund,388198.0,55000000.0,100
Niklas Süle,Dortmund,166601.0,4000000.0,100
Matthias Ginter,Freiburg,124502.0,5000000.0,100
Matthijs de Ligt,Bayern Munich,326031.0,30000000.0,100
Danilho Doekhi,Union Berlin,387047.0,13000000.0,100
Ko Itakura,Gladbach,355816.0,8000000.0,100
Luca Pellegrini,Eint Frankfurt,346567.0,4500000.0,100
Philipp Max,Eint Frankfurt,111275.0,600000.0,100
João Cancelo,Bayern Munich,182712.0,8000000.0,100
Abdou Diallo,RB Leipzig,229005.0,9000000.0,100
Hrvoje Smolčić,Eint Frankfurt,571299.0,2000000.0,100
Aurélio Buta,Eint Frankfurt,258039.0,2000000.0,100
Noussair Mazraoui,Bayern Munich,340456.0,18000000.0,100
David Raum,RB Leipzig,318204.0,25000000.0,100
Moritz Jenz,Schalke 04,460245.0,5000000.0,100
Ozan Kabak,Hoffenheim,361260.0,15000000.0,100
Marcin Kamiński,Schalke 04,129358.0,250000.0,100
Dan-Axel Zagadou,Stuttgart,344598.0,2000000.0,100
Maya Yoshida,Schalke 04,81789.0,100000.0,100
Bartol Franjić,Wolfsburg,370998.0,1400000.0,100
Keven Schlotterbeck,Bochum,413843.0,6000000.0,100
Niklas Stark,Werder Bremen,162434.0,2500000.0,100
Andreas Hanche-Olsen,Mainz 05,370683.0,3500000.0,100
John Brooks,Hoffenheim,124732.0,2000000.0,100
Amos Pieper,Werder Bremen,334221.0,4000000.0,100
Ivan Ordets,Bochum,118850.0,750000.0,100
Jonjoe Kenny,Hertha BSC,258883.0,2500000.0,100
Anthony Jung,Werder Bremen,58995.0,600000.0,100
Eduardo Quaresma,Hoffenheim,504073.0,17000000.0,100
Kenneth Schmidt,Freiburg,527276.0,800000.0,100
Cédric Brunner,Schalke 04,147038.0,1000000.0,100
Thomas Ouwejan,Schalke 04,241477.0,700000.0,100
Diogo Leite,Union Berlin,357156.0,12000000.0,100
Nikola Soldo,Köln,674921.0,1500000.0,100
Josha Vagnoman,Stuttgart,448258.0,10000000.0,100
Jérôme Roussillon,Union Berlin,127076.0,600000.0,100
Kilian Fischer,Wolfsburg,435796.0,4000000.0,100
Jere Uronen,Schalke 04,131827.0,700000.0,100
Lee Buchanan,Werder Bremen,532539.0,2200000.0,100
Maxim Leitsch,Mainz 05,334207.0,800000.0,100
Daley Blind,Bayern Munich,12282.0,1200000.0,100
Dominique Heintz,Bochum,110036.0,600000.0,100
David Čolina,Augsburg,371000.0,650000.0,100
Sepp van den Berg,Schalke 04,541231.0,32000000.0,100
Filip Uremović,Hertha BSC,325887.0,2000000.0,100
Jordi Osei-Tutu,Bochum,397099.0,500000.0,100
Fabio Chiarodia,Werder Bremen,724104.0,3000000.0,100
Nicolas Cozza,Wolfsburg,485965.0,2500000.0,100
Stanley N'Soki,Hoffenheim,371141.0,2000000.0,96
Renato Veiga,Augsburg,805714.0,25000000.0,100
Kristian Pedersen,Köln,331779.0,300000.0,100
Maximilian Bauer,Augsburg,388363.0,1500000.0,100
Nicolai Rapp,Werder Bremen,185427.0,700000.0,100
Tymoteusz Puchacz,Union Berlin,361575.0,1500000.0,100
Timothée Kolodziejczak,Schalke 04,84085.0,150000.0,100
Kimberly Ezekwem,Freiburg,453865.0,350000.0,100
Agustín Rogel,Hertha BSC,456535.0,1500000.0,100
Leo Greiml,Schalke 04,434110.0,900000.0,100
Saidy Janko,Bochum,196435.0,800000.0,100
Dario Gebuhr,Eint Frankfurt,666168.0,400000.0,100
Jannes Horn,Bochum,231586.0,1200000.0,100
Tim Oermann,Bochum,696164.0,4000000.0,100
Soumaïla Coulibaly,Dortmund,659513.0,6000000.0,100
Joshua Quarshie,Hoffenheim,790918.0,800000.0,100
Aaron Zehnter,Augsburg,730484.0,5000000.0,100
Sanoussy Ba,RB Leipzig,717346.0,500000.0,100
Kevin Stöger,Bochum,106872.0,1800000.0,100
Mitchell Weiser,Werder Bremen,119211.0,3000000.0,100
Angeliño,Hoffenheim,277179.0,4500000.0,100
Josip Juranović,Union Berlin,362977.0,2000000.0,100
Patrick Wimmer,Wolfsburg,533295.0,12000000.0,100
Sadio Mané,Bayern Munich,200512.0,6000000.0,100
Anthony Caci,Mainz 05,453016.0,7000000.0,100
Arijon Ibrahimović,Bayern Munich,744728.0,10000000.0,100
Mario Götze,Eint Frankfurt,74842.0,3000000.0,100
Julian Weigl,Gladbach,196792.0,4500000.0,100
Philipp Förster,Bochum,179635.0,1800000.0,100
Tobias Mohr,Schalke 04,153661.0,800000.0,100
Xaver Schlager,RB Leipzig,223979.0,10000000.0,100
Merlin Röhl,Freiburg,608832.0,16000000.0,100
Gil Bastião Dias,Stuttgart,329723.0,2000000.0,100
Ritsu Doan,Freiburg,358504.0,17000000.0,100
Arne Engels,Augsburg,565435.0,20000000.0,100
Veit Stange,Hertha BSC,787152.0,150000.0,100
Tom Krauß,Schalke 04,405687.0,4500000.0,100
Aïssa Laïdouni,Union Berlin,233782.0,6000000.0,100
Soichiro Kozuki,Schalke 04,405393.0,600000.0,100
Mattias Svanberg,Wolfsburg,342405.0,8000000.0,100
Janik Haberer,Union Berlin,177779.0,2000000.0,100
Eric Martel,Köln,597000.0,8000000.0,100
Junior Dina Ebimbe,Eint Frankfurt,536482.0,6000000.0,100
Paul Seguin,Union Berlin,183780.0,1800000.0,100
Julian Ryerson,Dortmund,370789.0,25000000.0,100
Jakub Kamiński,Wolfsburg,407098.0,17000000.0,100
Genki Haraguchi,Stuttgart,79377.0,500000.0,100
Dominick Drexler,Schalke 04,53400.0,750000.0,100
Linton Maina,Köln,335103.0,3000000.0,100
Grischa Prömel,Hoffenheim,234029.0,3500000.0,100
Pierre Kunde,Bochum,339829.0,1500000.0,100
Ivan Šunjić,Hertha BSC,226097.0,2000000.0,100
Jacek Góralski,Bochum,199297.0,700000.0,100
Jens Stage,Werder Bremen,289835.0,14000000.0,100
Tim Skarke,Schalke 04,287920.0,1500000.0,100
Callum Hudson-Odoi,Leverkusen,392768.0,30000000.0,100
Salih Özcan,Dortmund,244940.0,3500000.0,100
Jean-Paul Boëtius,Hertha BSC,182574.0,1200000.0,100
Elvis Rexhbeçaj,Augsburg,280575.0,3500000.0,100
Aymen Barkok,Mainz 05,315332.0,450000.0,100
Éder Álvarez Balanta,Schalke 04,265127.0,1200000.0,100
Paxten Aaronson,Eint Frankfurt,795738.0,6000000.0,100
Finn Ole Becker,Hoffenheim,334999.0,1500000.0,100
Ryan Gravenberch,Bayern Munich,478573.0,80000000.0,100
Lauren Ulrich,Stuttgart,717465.0,500000.0,92
Pascal Klemens,Hertha BSC,820261.0,300000.0,100
Tony Rölke,Hertha BSC,688641.0,200000.0,100
Oscar Fraulo,Gladbach,610428.0,3000000.0,100
Angelo Fulgini,Mainz 05,250013.0,5000000.0,100
Julian Baumgartlinger,Augsburg,34787.0,400000.0,100
Alex Král,Schalke 04,337333.0,2500000.0,100
Morten Thorsby,Union Berlin,226524.0,2800000.0,100
Daniel Kyereh,Freiburg,530421.0,800000.0,100
Jamie Leweling,Union Berlin,518505.0,40000000.0,100
Denis Huseinbasic,Köln,678479.0,2000000.0,100
Nathan N'Goumou,Gladbach,294798.0,2000000.0,100
Jordan Larsson,Schalke 04,308552.0,3500000.0,100
Miloš Pantović,Union Berlin,615639.0,2500000.0,100
Danny Latza,Schalke 04,39025.0,500000.0,100
Florent Mollet,Schalke 04,222859.0,300000.0,100
Niklas Tauer,Schalke 04,470815.0,350000.0,100
Eniss Shabani,Mainz 05,663189.0,500000.0,100
Nathanael Mbuku,Augsburg,557614.0,2000000.0,100
Thomas Delaney,Hoffenheim,91849.0,500000.0,100
Muhammed Damar,Hoffenheim,789898.0,5000000.0,100
Justin Diehl,Köln,720162.0,1200000.0,100
Robert Wagner,Freiburg,690429.0,1400000.0,100
Marco Pašalić,Dortmund,395928.0,6500000.0,100
Andreas Ivan,Schalke 04,200041.0,125000.0,100
Brajan Gruda,Mainz 05,700106.0,28000000.0,100
Lukáš Ambros,Wolfsburg,671548.0,5000000.0,100
Noah Mbamba,Leverkusen,743395.0,2000000.0,100
Ayman Azhil,Leverkusen,452068.0,400000.0,100
Dikeni Salifou,Werder Bremen,664973.0,1000000.0,100
Marcel Wenig,Eint Frankfurt,654872.0,600000.0,100
Julien Duranville,Dortmund,819215.0,6000000.0,100
Marvin Ducksch,Werder Bremen,125103.0,2000000.0,100
Randal Kolo Muani,Eint Frankfurt,487969.0,20000000.0,100
Michael Gregoritsch,Freiburg,120205.0,1500000.0,100
Sébastien Haller,Dortmund,181375.0,1000000.0,100
Philipp Hofmann,Bochum,119037.0,750000.0,100
Ludovic Ajorque,Mainz 05,283994.0,3000000.0,100
Serhou Guirassy,Stuttgart,270541.0,32000000.0,100
Mergim Berisha,Augsburg,307924.0,2500000.0,100
Ermedin Demirović,Augsburg,335457.0,22000000.0,100
Rodrigo Zalazar,Schalke 04,606752.0,30000000.0,100
Marius Bülter,Schalke 04,116088.0,1800000.0,100
Davie Selke,Köln,178459.0,2800000.0,100
Ibrahim Maza,Hertha BSC,905011.0,45000000.0,100
Adam Hložek,Leverkusen,552057.0,10000000.0,100
Steffen Tigges,Köln,296879.0,1500000.0,100
Karim Adeyemi,Dortmund,496094.0,40000000.0,100
Jordan Pefok,Union Berlin,355369.0,1500000.0,100
Chidera Ejuke,Hertha BSC,500067.0,4000000.0,100
Kelvin Yeboah,Augsburg,589737.0,7000000.0,100
Dion Drena Beljo,Augsburg,618350.0,12000000.0,100
Simon Terodde,Schalke 04,36284.0,900000.0,100
Sebastian Polter,Schalke 04,60957.0,250000.0,100
Florian Niederlechner,Hertha BSC,152963.0,600000.0,100
Anthony Modeste,Dortmund,50512.0,700000.0,100
Michael Frey,Schalke 04,147043.0,400000.0,100
Nelson Weiper,Mainz 05,796213.0,7000000.0,100
Wilfried Kanga,Hertha BSC,395523.0,3000000.0,100
Oliver Burke,Werder Bremen,341317.0,3000000.0,100
Kasper Dolberg,Hoffenheim,283196.0,7000000.0,100
Lucas Alario,Eint Frankfurt,193782.0,250000.0,100
Mathys Tel,Bayern Munich,801734.0,22000000.0,100
Maximilian Philipp,Werder Bremen,143891.0,500000.0,100
Moritz Broschinski,Bochum,406973.0,600000.0,100
Marlon Mustapha,Mainz 05,532495.0,400000.0,100
Semir Telalovic,Gladbach,583767.0,400000.0,100
Sidi Sané,Schalke 04,410561.0,200000.0,100
Sargis Adamyan,Köln,125614.0,600000.0,100
Florian Dietz,Köln,283871.0,600000.0,100
Yvandro Borges Sanches,Gladbach,586659.0,400000.0,100
Faride Alidou,Eint Frankfurt,456492.0,1000000.0,100
Juan Perea,Stuttgart,662332.0,12000000.0,100
Luca Pfeiffer,Stuttgart,232463.0,1200000.0,100
Kenan Karaman,Schalke 04,119557.0,1400000.0,100
Thomas Kastanaras,Stuttgart,675565.0,300000.0,100
Dženan Pejčinović,Wolfsburg,819636.0,15000000.0,100
Irvin Cardona,Augsburg,342226.0,2500000.0,100
Derry Scherhant,Hertha BSC,820957.0,7500000.0,100
Keke Topp,Schalke 04,701757.0,3000000.0,100
Justin Njinmah,Dortmund,596153.0,5000000.0,100
Alou Kuol,Stuttgart,748070.0,300000.0,100
Salvatore Sirigu,Fiorentina,25508.0,275000.0,100
Simone Perilli,Hellas Verona,240675.0,400000.0,100
Ivan Provedel,Lazio,197929.0,3000000.0,100
Ionuț Radu,Cremonese,303657.0,9000000.0,100
Pierluigi Gollini,Napoli,244192.0,800000.0,100
Martin Turk,Sampdoria,700643.0,300000.0,100
Michele Di Gregorio,Monza,301238.0,10000000.0,100
Alex Cordaz,Inter,16633.0,200000.0,100
André Onana,Inter,234509.0,10000000.0,100
Michele Cerofolini,Fiorentina,370701.0,700000.0,100
Marco Carnesecchi,Cremonese,459763.0,30000000.0,100
Guillermo Ochoa,Salernitana,29559.0,250000.0,100
Wladimiro Falcone,Lecce,238537.0,3500000.0,100
Bartłomiej Drągowski,Spezia,208166.0,2000000.0,100
Mouhamadou Sarr,Cremonese,338101.0,400000.0,100
Samuele Perisan,Empoli,301240.0,400000.0,100
Mile Svilar,Roma,338670.0,35000000.0,100
Federico Marchetti,Spezia,22318.0,50000.0,100
Alessandro Russo,Sassuolo,481344.0,350000.0,100
Samir Ujkani,Empoli,42744.0,100000.0,100
Alessio Cragno,Monza,12907.0,1500000.0,100
Luís Maximiano,Lazio,367464.0,3200000.0,100
Antonio Mirante,Milan,22141.0,100000.0,100
Andrea Ranocchia,Monza,44327.0,800000.0,100
Kim Min-jae,Napoli,503482.0,20000000.0,100
Gleison Bremer,Juventus,516716.0,35000000.0,100
Jaka Bijol,Udinese,371851.0,20000000.0,100
Armando Izzo,Monza,32113.0,1300000.0,100
Stefan Posch,Bologna,223974.0,6000000.0,100
Alessio Romagnoli,Lazio,197747.0,6000000.0,100
Leo Skiri Østigård,Napoli,367284.0,13000000.0,100
Francesco Acerbi,Inter,131075.0,2000000.0,100
Federico Gatti,Juventus,509022.0,14000000.0,100
Nicolò Casale,Lazio,389837.0,3800000.0,100
Carlos Augusto,Monza,585982.0,23000000.0,100
Malick Thiaw,Milan,521964.0,45000000.0,100
Jhon Lucumí,Bologna,413565.0,22000000.0,100
Federico Baschirotto,Lecce,351955.0,3500000.0,100
Tommaso Cassandro,Lecce,412649.0,800000.0,100
Bram Nuytinck,Sampdoria,104597.0,200000.0,100
Marin Pongračić,Lecce,282144.0,6500000.0,100
Samuel Umtiti,Lecce,126540.0,2500000.0,100
Perr Schuurs,Torino,418543.0,25000000.0,100
Giorgos Kyriakopoulos,Bologna,311178.0,2000000.0,93
Pablo Marí,Monza,210178.0,2000000.0,100
Martin Erlic,Sassuolo,357003.0,4000000.0,100
Mathías Olivera,Napoli,376514.0,15000000.0,100
Tyronne Ebuehi,Empoli,309944.0,2000000.0,100
Sebastian Walukiewicz,Empoli,345458.0,5000000.0,100
Lorenzo Pirola,Salernitana,487834.0,11000000.0,100
Charalampos Lykogiannis,Bologna,136514.0,1200000.0,100
Valentin Gendrey,Lecce,569387.0,6000000.0,100
Koray Günter,Sampdoria,115763.0,600000.0,100
James Abankwah,Udinese,648032.0,3500000.0,100
William Troost-Ekong,Salernitana,192875.0,1000000.0,100
Johan Vásquez,Cremonese,532937.0,12000000.0,100
Antonino Gallo,Lecce,392516.0,3500000.0,100
Dylan Bronn,Salernitana,450417.0,600000.0,100
Luca Caldirola,Monza,88680.0,400000.0,100
Diego Llorente,Roma,246291.0,2500000.0,100
Emanuel Aiwum,Cremonese,394152.0,800000.0,96
Flavius Daniliuc,Salernitana,322655.0,5000000.0,100
Alex Ferrari,Cremonese,197491.0,1000000.0,100
Brian Bayeye,Torino,715470.0,250000.0,100
Isak Hien,Hellas Verona,503075.0,22000000.0,100
Luka Lochoshvili,Cremonese,345189.0,2500000.0,100
Zeki Çelik,Roma,251075.0,14000000.0,100
Koni De Winter,Empoli,490384.0,23000000.0,100
Nadir Zortea,Sassuolo,392966.0,7000000.0,100
Matteo Bianchetti,Cremonese,160986.0,800000.0,100
Mattia Caldara,Spezia,197470.0,800000.0,100
Pietro Ceccaroni,Lecce,239099.0,1600000.0,100
Alessandro Tuia,Lecce,73943.0,400000.0,100
Adam Masina,Udinese,286949.0,1000000.0,100
Simone Romagnoli,Lecce,88706.0,800000.0,100
Caleb Okoli,Atalanta,461833.0,8000000.0,100
Enzo Ebosse,Udinese,342877.0,2800000.0,100
Bartosz Bereszyński,Napoli,144143.0,400000.0,100
João Moutinho,Spezia,461906.0,600000.0,100
Josh Doig,Hellas Verona,567129.0,4500000.0,100
Przemysław Wiśniewski,Spezia,386967.0,2500000.0,100
Giulio Donati,Monza,88684.0,300000.0,100
Oliver Abildgaard,Hellas Verona,325993.0,500000.0,100
Emil Holm,Spezia,496745.0,10000000.0,100
Brandon Soppy,Atalanta,546880.0,1800000.0,100
Bruno Amione,Sampdoria,644676.0,2500000.0,100
Yıldırım Mert Çetin,Lecce,391498.0,700000.0,100
Axel Guessand,Udinese,925584.0,300000.0,100
Festy Ebosele,Udinese,586756.0,2500000.0,100
Marlon,Monza,406675.0,4000000.0,100
Juan David Cabal,Hellas Verona,662332.0,12000000.0,100
Luca Pellegrini,Lazio,346567.0,4500000.0,100
Andrew Gravillon,Torino,610417.0,5000000.0,100
Marios Oikonomou,Sampdoria,174488.0,250000.0,96
Mario Gila,Lazio,618341.0,30000000.0,100
Valentin Antov,Monza,227347.0,800000.0,100
Sergiño Dest,Milan,361104.0,18000000.0,100
Nicolò Cocetta,Udinese,704692.0,75000.0,100
Jack Hendry,Cremonese,363223.0,2500000.0,100
Giacomo Quagliata,Cremonese,458777.0,1700000.0,100
Leonardo Buta,Udinese,653415.0,1000000.0,100
Joaquin Sosa,Bologna,657742.0,1500000.0,100
Matteo Lovato,Salernitana,459655.0,4000000.0,100
Riccardo Marchizza,Sassuolo,297645.0,2500000.0,100
Luca Marrone,Monza,124769.0,200000.0,100
Kastriot Dermaku,Lecce,163647.0,250000.0,100
Andrea Carboni,Monza,481834.0,2500000.0,100
Deyovaisio Zeefuik,Hellas Verona,338032.0,1200000.0,100
Răzvan Marin,Empoli,295183.0,4000000.0,100
Nicolò Rovella,Monza,525704.0,23000000.0,100
Ángel Di María,Juventus,45320.0,1800000.0,100
Stefano Sensi,Monza,216179.0,1200000.0,100
Matteo Pessina,Monza,332179.0,5000000.0,100
Filip Kostić,Juventus,161011.0,2000000.0,100
Ivan Ilić,Torino,470794.0,7000000.0,100
Rolando Mandragora,Fiorentina,308279.0,9000000.0,100
Aleksei Miranchuk,Torino,255450.0,7500000.0,94
Sandi Lovrić,Udinese,268429.0,3500000.0,100
Morten Hjulmand,Lecce,461496.0,45000000.0,100
Vlad Chiricheș,Cremonese,123261.0,200000.0,100
Nikola Vlašić,Torino,293200.0,10000000.0,100
Ethan Ampadu,Spezia,392771.0,30000000.0,100
Nemanja Matić,Roma,74683.0,1600000.0,100
Santiago Ascacíbar,Cremonese,423436.0,5500000.0,100
Leandro Paredes,Juventus,166237.0,5000000.0,100
Nikola Moro,Bologna,316934.0,7000000.0,100
Simone Verdi,Hellas Verona,130360.0,500000.0,100
Henrikh Mkhitaryan,Inter,55735.0,3000000.0,100
Éderson,Atalanta,607854.0,45000000.0,100
Lewis Ferguson,Bologna,428563.0,14000000.0,100
Salvatore Esposito,Spezia,390160.0,3300000.0,100
Valentino Lazaro,Torino,186368.0,2500000.0,100
Alexis Blin,Lecce,236041.0,3000000.0,100
Leonardo Sernicola,Cremonese,340707.0,2000000.0,100
Alessandro Cortinovis,Hellas Verona,421768.0,400000.0,100
Marco Benassi,Cremonese,201040.0,1200000.0,100
Michele Castagnetti,Cremonese,195335.0,700000.0,100
Luca Zanimacchia,Cremonese,407265.0,1800000.0,100
Matías Vecino,Lazio,143812.0,1000000.0,100
Georginio Wijnaldum,Roma,49499.0,2200000.0,100
Andrea Cambiaso,Bologna,459658.0,20000000.0,100
Tommaso Pobega,Milan,392538.0,8000000.0,100
Marcos Antônio,Lazio,468301.0,12000000.0,100
Jean-Daniel Akpa-Akpro,Empoli,170481.0,500000.0,95
Harry Winks,Sampdoria,249126.0,7000000.0,100
Filippo Ranocchia,Monza,489611.0,4000000.0,100
Alberto Grassi,Empoli,197473.0,1400000.0,100
Ondrej Duda,Hellas Verona,232418.0,3000000.0,100
Samuele Vignato,Monza,650966.0,2000000.0,100
Jaime Báez,Cremonese,238654.0,900000.0,100
Kristjan Asllani,Inter,543771.0,12000000.0,100
Alessandro Zanoli,Sampdoria,397225.0,4500000.0,100
Enzo Barrenechea,Juventus,671915.0,12000000.0,100
Federico Di Francesco,Lecce,38607.0,1400000.0,100
Dodô,Fiorentina,401529.0,16000000.0,100
Kingsley Ehizibue,Udinese,272812.0,2000000.0,100
Domen Črnigoj,Salernitana,216599.0,250000.0,100
Samuele Birindelli,Monza,461019.0,2500000.0,100
Junior Sambia,Salernitana,335147.0,2000000.0,100
Soualiho Meïté,Cremonese,164913.0,1600000.0,100
Pepín,Monza,355104.0,1000000.0,100
Nedim Bajrami,Sassuolo,390177.0,2500000.0,100
Emanuele Valeri,Cremonese,445126.0,3000000.0,100
Raoul Bellanova,Inter,357992.0,15000000.0,100
Josip Brekalo,Fiorentina,293169.0,2500000.0,100
Tommaso Milanese,Cremonese,538569.0,1200000.0,100
Charles Pickel,Cremonese,243879.0,2500000.0,100
Ronaldo Vieira,Torino,434676.0,800000.0,100
Giulio Maggiore,Salernitana,353796.0,3500000.0,100
Alessio Zerbin,Napoli,433584.0,2000000.0,100
Antonín Barák,Fiorentina,272261.0,4500000.0,100
Mohamed Camara,Roma,543382.0,20000000.0,100
Mickaël Cuisance,Sampdoria,344600.0,2000000.0,93
Emirhan İlkhan,Sampdoria,743091.0,6000000.0,100
Pablo Rodríguez,Lecce,537765.0,2000000.0,100
Kristian Thorstvedt,Sassuolo,564785.0,12000000.0,100
Albin Ekdal,Spezia,49275.0,800000.0,100
Kristoffer Askildsen,Lecce,574495.0,3000000.0,100
Yacine Adli,Milan,395236.0,7500000.0,100
Tanguy Ndombele,Napoli,450936.0,2500000.0,100
Benjamin Tahirovic,Roma,787907.0,4500000.0,100
Nemanja Radonjić,Torino,245078.0,1000000.0,100
Paolo Ghiglione,Cremonese,313477.0,1300000.0,100
Andrea Barberis,Monza,146680.0,800000.0,100
Mattia Valoti,Monza,167741.0,600000.0,100
Warren Bondo,Monza,659516.0,6000000.0,100
Antonio Iervolino,Salernitana,704347.0,50000.0,100
Karim Zedadka,Napoli,612065.0,250000.0,100
Joan Gonzàlez,Lecce,692209.0,800000.0,100
Pablo Galdames Millán,Cremonese,817665.0,18000000.0,100
Þórir Jóhann Helgason,Lecce,488996.0,1800000.0,95
Domagoj Bradarić,Salernitana,357796.0,1500000.0,100
Kristijan Bistrović,Lecce,375857.0,1500000.0,100
Gonzalo Escalante,Cremonese,266795.0,1500000.0,100
Salvatore Molina,Monza,163582.0,450000.0,100
Ibrahim Sulemana,Hellas Verona,982267.0,6000000.0,100
Alessandro Bianco,Fiorentina,602124.0,4000000.0,100
Gonzalo Villar,Sampdoria,398163.0,1800000.0,100
Lameck Banda,Lecce,545538.0,3500000.0,100
Giuseppe Pezzella,Lecce,336960.0,2000000.0,100
Leandro Sanca,Spezia,539154.0,750000.0,100
Flavio Paoletti,Sampdoria,622801.0,900000.0,100
Youssef Maleh,Lecce,324377.0,1500000.0,100
Aster Vranckx,Milan,503881.0,5000000.0,100
Marco D'Alessandro,Monza,99232.0,175000.0,100
Hans Nicolussi Caviglia,Salernitana,430280.0,6000000.0,100
Franco Carboni,Monza,731491.0,900000.0,100
Ajdin Hrustic,Hellas Verona,265625.0,600000.0,100
Mikael Ellertsson,Spezia,566615.0,6000000.0,100
Emmanuel Ekong,Empoli,603891.0,550000.0,100
Gvidas Gineitis,Torino,798929.0,5500000.0,100
Julius Beck,Spezia,802512.0,500000.0,100
Tommaso Barbieri,Juventus,569939.0,3800000.0,100
Valentin Carboni,Inter,787618.0,7500000.0,100
Christian Acella,Cremonese,610881.0,150000.0,100
Filippo Missori,Roma,650993.0,1500000.0,100
Telasco Segovia,Sampdoria,858719.0,6000000.0,100
Niccolò Pisilli,Roma,813137.0,30000000.0,100
Duccio Degli Innocenti,Empoli,616169.0,500000.0,100
Paulo Dybala,Roma,206050.0,5000000.0,100
Khvicha Kvaratskhelia,Napoli,502670.0,140000000.0,100
Armand Lauriente,Sassuolo,579930.0,19000000.0,100
Ademola Lookman,Atalanta,406040.0,40000000.0,100
Antonio Candreva,Salernitana,25488.0,1000000.0,100
Gabriel Strefezza,Lecce,457673.0,6500000.0,100
Remi Oudin,Lecce,399543.0,3500000.0,100
Boulaye Dia,Salernitana,626913.0,5000000.0,100
Patrick Ciurria,Monza,255838.0,1000000.0,100
Milan Đurić,Hellas Verona,67556.0,1000000.0,90
Nicolò Cambiaghi,Empoli,459151.0,14000000.0,100
João Mário Lopes,Juventus,537602.0,8000000.0,100
Andrea Colpani,Monza,392959.0,6000000.0,100
Luca D'Andrea,Sassuolo,725242.0,2500000.0,100
Cyril Ngonge,Hellas Verona,358032.0,7000000.0,100
Frank Tsadjout,Cremonese,392545.0,1200000.0,100
Gianluca Caprari,Monza,146752.0,4000000.0,100
Dany Mota,Monza,347253.0,5000000.0,100
Andrea Petagna,Monza,199258.0,500000.0,100
Luka Jović,Fiorentina,257462.0,9000000.0,100
David Okereke,Cremonese,413605.0,1400000.0,100
Krzysztof Piątek,Salernitana,327757.0,7000000.0,100
Yann Karamoh,Torino,324804.0,1000000.0,100
Giacomo Raspadori,Napoli,405885.0,22000000.0,100
Daniel Ciofani,Cremonese,29605.0,200000.0,100
Assan Ceesay,Lecce,388382.0,2000000.0,100
Cyriel Dessers,Cremonese,317806.0,3000000.0,100
Janis Antiste,Sassuolo,538974.0,1000000.0,100
Sam Lammers,Sampdoria,386914.0,4000000.0,100
Rasmus Højlund,Atalanta,610442.0,60000000.0,100
Samuel Iling-Junior,Juventus,581672.0,6500000.0,100
Daniel Maldini,Spezia,539134.0,9000000.0,100
Giovanni Simeone,Napoli,282388.0,7000000.0,100
Tonny Vilhena,Salernitana,182581.0,500000.0,100
Andrea Pinamonti,Sassuolo,315865.0,15000000.0,100
Ola Solbakken,Roma,431811.0,1500000.0,100
Alberto Basso,Cremonese,727865.0,100000.0,100
Adolfo Gaich,Hellas Verona,608469.0,1000000.0,100
Ignacio Pussetto,Sampdoria,283528.0,1300000.0,100
Cristian Buonaiuto,Cremonese,187384.0,800000.0,100
Divock Origi,Milan,148368.0,5000000.0,100
Emanuel Vignato,Empoli,394346.0,1100000.0,100
Thomas Henry,Hellas Verona,412513.0,500000.0,100
Yayah Kallon,Hellas Verona,623040.0,1000000.0,100
Jesé,Sampdoria,134936.0,1000000.0,100
Lorenzo Colombo,Lecce,487843.0,10000000.0,100
Joshua Zirkzee,Bologna,435648.0,20000000.0,100
Marko Pjaca,Empoli,205940.0,1500000.0,100
Erik Botheim,Salernitana,418559.0,3500000.0,100
Matteo Cancellieri,Lazio,550106.0,7000000.0,100
Roberto Piccoli,Empoli,432092.0,14000000.0,100
Marcin Listkowski,Lecce,291276.0,200000.0,100
Lukáš Vorlický,Atalanta,552059.0,100000.0,100
Mattia Destro,Empoli,88683.0,500000.0,100
Charles De Ketelaere,Milan,435772.0,30000000.0,100
Agustín Álvarez,Sassuolo,812625.0,2000000.0,100
Jayden Braaf,Hellas Verona,470391.0,800000.0,100
Tio Cipot,Spezia,795431.0,700000.0,100
Eldor Shomurodov,Spezia,358166.0,7000000.0,100
Vivaldo Semedo,Udinese,1014243.0,500000.0,100
Joel Voelkerling Persson,Lecce,647534.0,250000.0,100
Martin Satriano,Empoli,640109.0,10000000.0,100
Diego Valencia,Salernitana,491648.0,1500000.0,100
Szymon Żurkowski,Spezia,387234.0,2500000.0,100
Florian Thauvin,Udinese,184892.0,5000000.0,100
Andrea Belotti,Roma,167727.0,1500000.0,100
Jacopo Fazzini,Empoli,691482.0,8500000.0,100
Samuel Di Carmine,Cremonese,45389.0,350000.0,100
Jordan Majchrzak,Roma,846302.0,400000.0,100
Christian Gytkjær,Monza,658678.0,12000000.0,100
Raimonds Krollis,Spezia,594505.0,1800000.0,100
Felix Afena-Gyan,Cremonese,872380.0,4200000.0,100
Lorenzo Malagrida,Sampdoria,698110.0,400000.0,100
Daniele Montevago,Sampdoria,678441.0,800000.0,100
Marko Lazetić,Milan,698548.0,1000000.0,100
Manuel De Luca,Sampdoria,375816.0,1400000.0,100
Samuel Ntanda,Sampdoria,814454.0,100000.0,100
Mihailo Ivanović,Sampdoria,849865.0,150000.0,100
Herculano Nabian,Empoli,606160.0,450000.0,100
Joaquín Blázquez,Brest,668996.0,150000.0,100
Rémy Descamps,Nantes,282028.0,1500000.0,100
Ghjuvanni Quilichini,Ajaccio,855050.0,150000.0,100
Donovan Léon,Auxerre,170911.0,800000.0,100
Ionuț Radu,Auxerre,303657.0,9000000.0,100
Kasper Schmeichel,Nice,16911.0,150000.0,100
Maxime Dupé,Toulouse,127188.0,700000.0,100
Vito Mannone,Lorient,33781.0,200000.0,100
Brice Samba,Lens,191056.0,7000000.0,100
Mory Diaw,Clermont Foot,164904.0,900000.0,100
Mateusz Lis,Troyes,345437.0,2500000.0,100
Steve Mandanda,Rennes,23951.0,500000.0,100
Lucas Chevalier,Lille,463600.0,25000000.0,100
Rubén Blanco,Marseille,199321.0,700000.0,100
Yahia Fofana,Angers,418651.0,5000000.0,100
Rémy Riou,Lyon,18940.0,100000.0,100
Yvon Mvogo,Lorient,147051.0,2500000.0,100
Bingourou Kamara,Montpellier,333175.0,600000.0,100
Benoît Costil,Lille,22628.0,600000.0,100
Benjamin Leroy,Ajaccio,124901.0,100000.0,100
Patrick Pentz,Reims,223972.0,2200000.0,100
Francois-Joseph Sollacaro,Ajaccio,331977.0,300000.0,100
Rasmus Nicolaisen,Toulouse,283227.0,5000000.0,100
Boubakar Kouyaté,Montpellier,,,0
Kenny Lala,Brest,174196.0,1500000.0,100
Nicolás Tagliafico,Lyon,131225.0,4000000.0,100
Dejan Lovren,Lyon,37838.0,400000.0,100
Chancel Mbemba,Marseille,203348.0,2000000.0,100
Emmanuel Agbadou,Reims,683895.0,16000000.0,100
Maximiliano Caufriez,Clermont Foot,369267.0,900000.0,100
Montassar Talbi,Lorient,496706.0,8000000.0,100
Youssouf Ndayishimiye,Nice,674612.0,7000000.0,100
Faouzi Ghoulam,Angers,126656.0,300000.0,100
Nordi Mukiele,Paris S-G,348026.0,16000000.0,100
Alexsandro Ribeiro,Lille,648020.0,15000000.0,100
Jubal,Auxerre,149928.0,1500000.0,100
Mikkel Desler,Toulouse,221873.0,1200000.0,100
Samuel Gigot,Marseille,276896.0,1200000.0,100
Lilian Raolisoa,Angers,829874.0,4000000.0,100
Arthur Theate,Rennes,368891.0,17000000.0,100
Neto Borges,Clermont Foot,557939.0,3000000.0,100
Bamo Meïté,Lorient,807165.0,7000000.0,100
Joe Rodon,Rennes,297212.0,18000000.0,100
Anthony Rouault,Toulouse,690799.0,12000000.0,100
Djed Spence,Rennes,483348.0,30000000.0,100
Christopher Jullien,Montpellier,201737.0,2500000.0,100
Check Keita,Reims,820146.0,3500000.0,100
Gideon Mensah,Auxerre,397171.0,4000000.0,100
Mateusz Wieteska,Clermont Foot,208172.0,1000000.0,100
Christopher Wooh,Rennes,572326.0,5000000.0,100
Souleymane Touré,Auxerre,490415.0,150000.0,86
Julien Le Cardinal,Lens,794349.0,1500000.0,100
Quentin Bernard,Auxerre,98262.0,350000.0,100
Ismaily,Lille,124028.0,700000.0,100
Nathan Zeze,Nantes,923832.0,20000000.0,100
Fallou Fall,Reims,1038821.0,2800000.0,100
Bafodé Diakité,Lille,463605.0,25000000.0,100
Antoine Mendy,Nice,891998.0,10000000.0,100
Jaouen Hadjam,Nantes,750903.0,7000000.0,100
Logan Costa,Toulouse,484988.0,15000000.0,100
Eric Bailly,Marseille,286384.0,1200000.0,100
Gedeon Kalulu,Lorient,395685.0,3500000.0,100
Issiaga Sylla,Montpellier,220878.0,700000.0,100
Ronaël Pierre-Gabriel,Strasbourg,410185.0,1000000.0,100
Dénys Bain,Auxerre,184575.0,400000.0,100
Miha Blažič,Angers,179806.0,1500000.0,100
Colin Dagba,Strasbourg,460629.0,2500000.0,100
Jackson Porozo,Troyes,491616.0,2500000.0,100
Youssouf Koné,Ajaccio,274484.0,800000.0,100
Rudy Kohon,Troyes,917101.0,100000.0,100
Julian Jeanvier,Auxerre,134277.0,400000.0,100
Falaye Sacko,Montpellier,364857.0,4000000.0,100
Achraf Dari,Brest,566823.0,1200000.0,100
Nuno Tavares,Marseille,535955.0,12000000.0,100
Alexandre Coeff,Auxerre,89450.0,500000.0,100
Noah Fadiga,Brest,379168.0,2000000.0,100
Cédric Hountondji,Angers,198709.0,2000000.0,100
Malang Sarr,Monaco,344596.0,20000000.0,100
Gabriel Suazo,Toulouse,385105.0,6000000.0,100
Yan Valery,Angers,406008.0,1500000.0,100
Sael Kumbedi,Lyon,951579.0,12000000.0,100
Mohamed Youssouf,Ajaccio,57482.0,75000.0,100
Mattia Viti,Nice,493702.0,5000000.0,100
Fernand Mayembo,Ajaccio,413245.0,600000.0,100
Mickaël Alphonse,Ajaccio,172153.0,250000.0,100
Oumar Gonzalez,Ajaccio,388795.0,2500000.0,100
Akim Zedadka,Auxerre,327863.0,800000.0,100
Thierno Balde,Troyes,709482.0,4000000.0,100
João Victor,Nantes,671145.0,3000000.0,100
Kenji-Van Boto,Auxerre,229012.0,500000.0,100
Joe Bryan,Nice,194460.0,2200000.0,100
Mamadou Sarr,Lyon,910905.0,22000000.0,100
Clément Vidal,Ajaccio,569388.0,1500000.0,100
Ayoub Amraoui,Nice,860051.0,1500000.0,100
Bradley Locko,Brest,805908.0,6000000.0,100
Théo Sainte-Luce,Montpellier,537127.0,1000000.0,100
Cheick Konaté,Clermont Foot,1108145.0,1200000.0,100
Souleymane Cissé,Clermont Foot,806501.0,100000.0,100
Théo Pellenard,Auxerre,238716.0,500000.0,100
Andreas Bruus,Troyes,345748.0,750000.0,100
Cédric Avinel,Ajaccio,44421.0,250000.0,100
Halid Šabanović,Angers,422986.0,100000.0,100
Baila Diallo,Clermont Foot,857482.0,200000.0,100
Ismael Diallo,Ajaccio,375881.0,400000.0,100
Guela Doué,Rennes,711980.0,20000000.0,100
Oliver Zandén,Toulouse,611195.0,700000.0,100
Marvin Senaya,Strasbourg,830890.0,3000000.0,100
Thibault Tamas,Montpellier,569374.0,150000.0,100
Tony Strata,Ajaccio,1004681.0,2000000.0,100
Ousmane Camara,Angers,804711.0,8000000.0,100
Victor Lebas,Ajaccio,726698.0,50000.0,100
Ilyes Cheti,Angers,477834.0,150000.0,95
Darlin Yongwa,Lorient,717118.0,5000000.0,100
Kévin Keben Biakolo,Toulouse,900195.0,25000000.0,100
Anthony Khelifa,Ajaccio,989817.0,150000.0,100
Franci Bouebari,Strasbourg,1029294.0,250000.0,100
Brayann Pereira,Auxerre,620317.0,1000000.0,100
Mathis Hamdi,Troyes,982864.0,150000.0,100
Christian Mawissa,Toulouse,1005240.0,15000000.0,100
Rémy Cabella,Lille,113707.0,1200000.0,100
Branco van den Boomen,Toulouse,203938.0,2500000.0,100
Ante Palaversa,Troyes,371003.0,550000.0,100
Pierre Lees-Melou,Brest,377393.0,4500000.0,100
Hamza Sakhi,Auxerre,263951.0,2000000.0,100
Jonathan Clauss,Marseille,175639.0,4000000.0,100
Jordan Veretout,Marseille,164771.0,3500000.0,100
Angelo Fulgini,Lens,250013.0,5000000.0,100
Fabien Centonze,Nantes,384859.0,1000000.0,100
Fabián Ruiz Peña,Paris S-G,350219.0,30000000.0,100
Rony Lopes,Troyes,174694.0,1200000.0,100
Youcef Belaïli,Ajaccio,175014.0,1500000.0,100
Romain Faivre,Lorient,555076.0,4000000.0,100
Badredine Bouanani,Nice,707242.0,10000000.0,100
Jimmy Cabot,Lens,206912.0,2500000.0,100
Himad Abdelli,Angers,592979.0,5000000.0,100
Stijn Spierings,Toulouse,241501.0,1800000.0,100
Junya Ito,Reims,348791.0,3000000.0,100
Adam Ounas,Lille,400485.0,4000000.0,100
Adrien Thomasson,Lens,215977.0,4000000.0,100
Mathias Autret,Auxerre,138171.0,700000.0,100
Sofiane Diop,Nice,569389.0,15000000.0,100
Lucien Agoume,Troyes,569384.0,15000000.0,100
Aaron Ramsey,Nice,646658.0,6000000.0,100
Muhammed Cham,Clermont Foot,422281.0,3500000.0,100
Ross Barkley,Nice,131978.0,4000000.0,100
Yuito Suzuki,Strasbourg,668606.0,24000000.0,100
Ruslan Malinovskyi,Marseille,207877.0,2500000.0,100
Fares Chaïbi,Toulouse,855015.0,15000000.0,100
Han-Noah Massengo,Auxerre,536508.0,8000000.0,100
Morgan Sanson,Strasbourg,174094.0,3500000.0,100
Rayan Raveloson,Auxerre,344576.0,1000000.0,100
Vitinha,Paris S-G,487469.0,140000000.0,100
Mahdi Camara,Brest,324795.0,12000000.0,100
Florent Mollet,Nantes,222859.0,300000.0,100
André Gomes,Lille,221025.0,3000000.0,100
Paul Joly,Auxerre,806168.0,1200000.0,100
Mohamed Camara,Monaco,543382.0,20000000.0,100
Jean Onana,Lens,656441.0,1000000.0,100
Kays Ruiz,Auxerre,,,0
Carlos Soler,Paris S-G,372246.0,7000000.0,100
Thomas Mangani,Ajaccio,18934.0,300000.0,100
Maxime Gonalons,Clermont Foot,60542.0,700000.0,100
Salis Abdul Samed,Lens,688707.0,4000000.0,100
Reda Belahyane,Nice,982855.0,6800000.0,100
Renato Sanches,Paris S-G,258027.0,2000000.0,100
Myziane Maolida,Reims,371142.0,700000.0,100
Aïman Maurer,Clermont Foot,860056.0,500000.0,100
Soungoutou Magassa,Monaco,745181.0,17000000.0,100
Birama Touré,Auxerre,229853.0,400000.0,100
Thomas Delaine,Strasbourg,170961.0,500000.0,100
Faitout Maouassa,Montpellier,357072.0,4000000.0,100
Takumi Minamino,Monaco,165793.0,10000000.0,100
Mehdi Zeffane,Clermont Foot,118303.0,500000.0,100
Azzedine Ounahi,Marseille,593482.0,10000000.0,100
Gaëtan Perrin,Auxerre,353404.0,5000000.0,100
Jeffinho,Lyon,884072.0,5000000.0,100
Warren Kamanzi,Toulouse,794758.0,1200000.0,100
Jeff Reine-Adélaïde,Troyes,326300.0,500000.0,100
Khalil Fayad,Montpellier,782630.0,5000000.0,100
Gauthier Hein,Auxerre,344892.0,5000000.0,100
Edan Diop,Monaco,745178.0,3000000.0,100
Mathieu Coutadeur,Ajaccio,39914.0,200000.0,100
Stredair Appuah,Nantes,1004618.0,500000.0,100
Brandon Baiye,Clermont Foot,358025.0,700000.0,100
Eduard Sobol,Strasbourg,206717.0,500000.0,100
Issa Kaboré,Marseille,649452.0,4000000.0,100
Youssouf M'Changama,Auxerre,167472.0,150000.0,100
Vincent Marchetti,Ajaccio,374040.0,1500000.0,100
Alexis Beka Beka,Nice,539065.0,300000.0,100
Brecht Dejaegere,Toulouse,159098.0,1200000.0,100
Johann Lepenant,Lyon,585973.0,7000000.0,100
Qazim Laçi,Ajaccio,290552.0,2800000.0,100
Łukasz Poręba,Lens,532169.0,2000000.0,96
Yanis Cimignani,Ajaccio,801754.0,2000000.0,100
Alexis Tibidi,Troyes,750886.0,1700000.0,100
Vincent Sierro,Toulouse,280387.0,3500000.0,100
Adrien Hunou,Angers,203507.0,300000.0,100
Xeka,Rennes,290256.0,800000.0,100
Jérémie Bela,Clermont Foot,170966.0,600000.0,100
Denis Genreau,Toulouse,470618.0,700000.0,100
Siriki Dembélé,Auxerre,488656.0,2000000.0,100
Karamoko Dembélé,Brest,466602.0,900000.0,100
Mickaël Barreto,Ajaccio,23345.0,25000.0,100
Moussa Sissoko,Nantes,46001.0,200000.0,100
Julien Ponceau,Lorient,569390.0,3500000.0,100
Jonas Martin,Lille,127142.0,300000.0,100
Theocharis Tsingaras,Toulouse,464530.0,900000.0,100
Mehdi Puch-Herrantz,Ajaccio,989826.0,200000.0,100
Carlos Baleba,Lille,973085.0,55000000.0,100
Papa Ndiaga Yade,Troyes,568702.0,400000.0,100
Cyrille Bayala,Ajaccio,267147.0,900000.0,100
Kyliane Dong,Troyes,982863.0,600000.0,100
Warren Zaïre-Emery,Paris S-G,810092.0,80000000.0,100
Yoann Cathline,Lorient,782476.0,6000000.0,100
Riad Nouri,Ajaccio,119104.0,200000.0,100
Yanis Massolin,Clermont Foot,915849.0,250000.0,100
Adil Aouchiche,Lorient,569385.0,2200000.0,100
Félix Lemaréchal,Brest,659518.0,6000000.0,100
Valentin Atangana Edoa,Reims,923759.0,18000000.0,100
Kevin Spadanuda,Ajaccio,371554.0,500000.0,100
Axel Camblan,Brest,924800.0,500000.0,100
Florian Chabrolle,Ajaccio,418662.0,200000.0,100
Alberth Elis,Brest,281319.0,2000000.0,100
Ivane Chegra,Ajaccio,989819.0,150000.0,100
Alan Virginius,Lille,654415.0,3000000.0,100
Rareş Ilie,Nice,812654.0,1800000.0,100
Danel Dongmo,Troyes,929612.0,450000.0,100
Justin-Noël Kalumba,Angers,1101641.0,800000.0,84
Marlos Moreno,Troyes,345654.0,500000.0,100
Kévin Danois,Auxerre,743496.0,20000000.0,100
Mohamed El Arouch,Lyon,743533.0,1500000.0,100
Andrea Dacourt,Nice,,,0
Simon Ramet,Lille,707231.0,150000.0,100
Théo Trinker,Nice,982859.0,100000.0,100
Gaëtan Laborde,Nice,181378.0,10000000.0,100
Loïs Openda,Lens,368887.0,25000000.0,100
Alexis Sánchez,Marseille,40433.0,1200000.0,100
Luis Javier Suárez,Marseille,424784.0,30000000.0,100
Terem Moffi,Nice,538874.0,8000000.0,100
Rhys Healey,Toulouse,238185.0,2000000.0,100
Amine Gouiri,Rennes,418659.0,28000000.0,100
Nicolas Pépé,Nice,343052.0,6000000.0,100
Breel Embolo,Monaco,237662.0,15000000.0,100
Folarin Balogun,Reims,503770.0,40000000.0,100
Ruan Potó,Ajaccio,555015.0,4000000.0,100
Karl Toko Ekambi,Rennes,315110.0,5000000.0,100
Rafael Ratão,Toulouse,289802.0,2500000.0,100
Eliesse Ben Seghir,Monaco,810895.0,20000000.0,100
Mostafa Mohamed,Nantes,462348.0,3500000.0,100
Arnaud Nordin,Montpellier,324811.0,4000000.0,100
Thijs Dallinga,Toulouse,538964.0,9000000.0,100
Mounaim El Idrissy,Ajaccio,627163.0,700000.0,100
Andy Delort,Nantes,122797.0,1500000.0,100
Alexis Claude-Maurice,Lens,384593.0,15000000.0,100
Désiré Doué,Rennes,914562.0,120000000.0,100
Eli Junior Kroupi,Lorient,955357.0,70000000.0,100
Hugo Ekitike,Paris S-G,709726.0,80000000.0,100
Ignatius Ganago,Nantes,531949.0,2000000.0,100
Wahbi Khazri,Montpellier,103565.0,600000.0,100
Arnaud Kalimuendo,Rennes,585959.0,25000000.0,100
Nuno da Costa,Auxerre,306166.0,400000.0,100
Zakaria Aboukhlal,Toulouse,393238.0,6000000.0,100
Mathias Pereira Lage,Brest,424072.0,2500000.0,100
Komnen Andrić,Clermont Foot,260316.0,1000000.0,100
Mohamed Lamine Bayo,Lille,594991.0,4500000.0,100
Bevic Moussiti-Oko,Ajaccio,364525.0,300000.0,100
Vitinha,Marseille,487469.0,140000000.0,100
Evann Guessand,Nantes,500689.0,25000000.0,100
Abdallah Sima,Angers,776798.0,5000000.0,100
Ibrahim Salah,Rennes,928323.0,1800000.0,100
Siriné Doucouré,Lorient,802747.0,1000000.0,100
Ousmane Camara,Auxerre,804711.0,8000000.0,100
Rémy Dugimont,Auxerre,174304.0,100000.0,100
Bamba Dieng,Lorient,822458.0,15000000.0,100
Lassine Sinayoko,Auxerre,569140.0,10000000.0,100
Gaëtan Charbonnier,Auxerre,93678.0,400000.0,100
Naatan Skyttä,Toulouse,567309.0,5000000.0,100
Amine Salama,Angers,980576.0,1000000.0,100
Matthis Abline,Auxerre,659543.0,20000000.0,100
Ayman Kari,Lorient,810093.0,4000000.0,100
Romain Hamouma,Ajaccio,98349.0,400000.0,100
Ado Onaiwu,Toulouse,308133.0,600000.0,100
Jean-Victor Makengo,Lorient,322305.0,6000000.0,100
Ibrahima Niane,Angers,490417.0,2000000.0,100
Mamadou Diakhon,Reims,1054839.0,7000000.0,100
Wilson Odobert,Troyes,743498.0,18000000.0,100
Amin Sarr,Lyon,748382.0,2400000.0,100
M'Baye Niang,Auxerre,157501.0,800000.0,100
Islam Slimani,Brest,174915.0,400000.0,100
Jean Mattéo Bahoya,Angers,371231.0,550000.0,100
Yanis Begraoui,Toulouse,569376.0,12000000.0,100
Rémy Labeau Lascary,Lens,917778.0,4000000.0,100
Moussa Soumano,Ajaccio,1053240.0,750000.0,100
Kouamé Botué,Ajaccio,,,0
Noah Holm,Reims,494177.0,1500000.0,100
Moussa Djitte,Ajaccio,591796.0,1400000.0,100
Ilyes Housni,Paris S-G,825437.0,1500000.0,100
Mohamed Touré,Reims,742770.0,8000000.0,100
Alan Do Marcolino,Rennes,783635.0,175000.0,100
Axel Gueguin,Montpellier,981977.0,150000.0,100
Veljko Birmančević,Toulouse,419648.0,3500000.0,100
Taïryk Arconte,Brest,855056.0,500000.0,100
Saïd Hamulic,Toulouse,652996.0,400000.0,100
Adam Buksa,Lens,267160.0,3500000.0,100
Ben Hamed Touré,Ajaccio,989824.0,100000.0,100
François Mughe,Marseille,1027216.0,200000.0,100
Amar Fatah,Troyes,931841.0,800000.0,100
Cheikh Faye,Montpellier,336828.0,800000.0,81
Yoann Touzghar,Ajaccio,68718.0,300000.0,100
Dany Jean,Strasbourg,628835.0,150000.0,100
Rafik Guitane,Reims,394328.0,5000000.0,100
Amine Messoussa,Lille,934154.0,400000.0,100
Arijanet Murić,Burnley,371021.0,7500000.0,100
Thomas Strakosha,Brentford,222209.0,3000000.0,100
André Onana,Manchester Utd,234509.0,10000000.0,100
Bart Verbruggen,Brighton,565093.0,40000000.0,100
Robert Sánchez,Chelsea,403151.0,22000000.0,100
Mark Flekken,Brentford,125714.0,6000000.0,100
Guglielmo Vicario,Tottenham,286047.0,18000000.0,100
James Shea,Luton Town,91340.0,200000.0,100
James Trafford,Burnley,566799.0,25000000.0,100
Wes Foderingham,Sheffield Utd,61697.0,450000.0,100
Matt Turner,Nott'ham Forest,425306.0,2500000.0,100
Đorđe Petrović,Chelsea,465555.0,28000000.0,85
Thomas Kaminski,Luton Town,77757.0,3000000.0,100
David Raya,Arsenal,262749.0,30000000.0,100
Dean Henderson,Crystal Palace,258919.0,28000000.0,100
Ivo Grbić,Sheffield Utd,226073.0,1000000.0,100
Odysseas Vlachodimos,Nott'ham Forest,124419.0,3000000.0,100
Matz Sels,Nott'ham Forest,127202.0,3500000.0,100
Loris Karius,Newcastle Utd,85864.0,1000000.0,100
Remi Matthews,Crystal Palace,196722.0,200000.0,100
Ionuț Radu,Bournemouth,303657.0,9000000.0,100
Joško Gvardiol,Manchester City,475959.0,70000000.0,100
Conor Bradley,Liverpool,624258.0,25000000.0,100
Malo Gusto,Chelsea,620322.0,35000000.0,100
Jarell Quansah,Liverpool,632349.0,45000000.0,100
Levi Colwill,Chelsea,614258.0,50000000.0,100
Joshua Acheampong,Chelsea,1004708.0,25000000.0,93
Micky van de Ven,Tottenham,557459.0,50000000.0,100
Tom Lockyer,Luton Town,207742.0,2500000.0,100
Jordan Beyer,Burnley,403898.0,1500000.0,100
Nathan Collins,Brentford,469050.0,30000000.0,100
Destiny Udogie,Tottenham,556385.0,30000000.0,100
Sergio Reguilón,Brentford,282429.0,3500000.0,100
Dara O'Shea,Burnley,401320.0,16000000.0,100
Timothy Castagne,Fulham,262226.0,8000000.0,100
Igor,Brighton,13959.0,100000.0,100
Jonny Evans,Manchester Utd,42412.0,2000000.0,100
Mads Juel Andersen,Luton Town,407021.0,3000000.0,100
Murillo,Nott'ham Forest,1005649.0,50000000.0,100
Axel Disasi,Chelsea,386047.0,15000000.0,100
Pau Torres,Aston Villa,399776.0,20000000.0,100
James Hill,Bournemouth,611793.0,23000000.0,100
Reece Burke,Luton Town,264220.0,1800000.0,100
Valentino Livramento,Newcastle Utd,503981.0,45000000.0,85
Gabriel Osho,Luton Town,364409.0,3000000.0,100
Konstantinos Mavropanos,West Ham,415912.0,18000000.0,100
Teden Mengi,Luton Town,548470.0,12000000.0,100
Matheus Nunes,Manchester City,601883.0,50000000.0,100
Clément Lenglet,Aston Villa,182904.0,4000000.0,100
Gonzalo Montiel,Nott'ham Forest,402733.0,4500000.0,100
Lewis Hall,Newcastle Utd,670858.0,40000000.0,100
Ola Aina,Nott'ham Forest,236490.0,18000000.0,100
Calvin Bassey,Fulham,461883.0,28000000.0,100
Milos Kerkez,Bournemouth,730861.0,35000000.0,100
Nuno Tavares,Nott'ham Forest,535955.0,12000000.0,100
Maxime Estève,Burnley,842341.0,28000000.0,100
Jurriën Timber,Arsenal,420243.0,70000000.0,100
Amari'i Bell,Luton Town,278166.0,800000.0,100
Radu Drăgușin,Tottenham,568559.0,16000000.0,100
Ashley Young,Everton,14086.0,400000.0,100
Andrew Omobamidele,Nott'ham Forest,621993.0,8000000.0,100
Alfie Gilchrist,Chelsea,790992.0,5000000.0,100
Luke Thomas,Sheffield Utd,505194.0,6000000.0,100
Lorenz Assignon,Burnley,711969.0,9000000.0,100
Hjalmar Ekdal,Burnley,392179.0,5000000.0,100
Yasser Larouci,Sheffield Utd,554251.0,1500000.0,100
Santiago Bueno,Wolves,438001.0,10000000.0,100
Owen Beck,Liverpool,551001.0,1250000.0,100
Alex Murphy,Newcastle Utd,900601.0,1500000.0,100
Ryan Giles,Luton Town,504581.0,4500000.0,100
Auston Trusty,Sheffield Utd,389253.0,6000000.0,100
Vitinho,Burnley,468249.0,9000000.0,100
Fodé Ballo-Touré,Fulham,296422.0,900000.0,100
Anel Ahmedhodžić,Sheffield Utd,377468.0,10000000.0,100
Max Aarons,Bournemouth,471690.0,2500000.0,100
Ameen Al-Dakhil,Burnley,620598.0,3000000.0,100
Hannes Delcroix,Burnley,338635.0,2000000.0,100
Ben Parkinson,Newcastle Utd,922764.0,150000.0,100
Daiki Hashioka,Luton Town,387191.0,1500000.0,100
Ian Maatsen,Chelsea,485585.0,30000000.0,100
Willy Kambwala,Manchester Utd,780630.0,3000000.0,100
Sam Curtis,Sheffield Utd,741267.0,175000.0,100
Kaine Kesler-Hayden,Aston Villa,626888.0,2200000.0,100
Rhys Norrington-Davies,Sheffield Utd,543164.0,2500000.0,100
Mason Holgate,Sheffield Utd,348623.0,2000000.0,100
Joseph Johnson,Luton Town,1088818.0,100000.0,88
Kaelan Casey,West Ham,845321.0,1000000.0,100
Cole Palmer,Chelsea,568177.0,100000000.0,100
James Maddison,Tottenham,294057.0,20000000.0,100
Declan Rice,Arsenal,357662.0,120000000.0,100
Jeremy Doku,Manchester City,486049.0,75000000.0,100
James Ward-Prowse,West Ham,181579.0,5000000.0,100
Alexis Mac Allister,Liverpool,534033.0,70000000.0,100
Ross Barkley,Luton Town,131978.0,4000000.0,100
Daniel Muñoz,Crystal Palace,493003.0,22000000.0,100
Dominik Szoboszlai,Liverpool,451276.0,100000000.0,100
Moisés Caicedo,Chelsea,687626.0,100000000.0,100
Oscar Bobb,Manchester City,661207.0,28000000.0,100
Josh Cullen,Burnley,242606.0,4000000.0,100
Albert Sambi Lokonga,Luton Town,381967.0,12000000.0,100
Mohammed Kudus,West Ham,543499.0,50000000.0,100
Adam Wharton,Crystal Palace,744149.0,70000000.0,100
Callum Hudson-Odoi,Nott'ham Forest,392768.0,30000000.0,100
Alex Iwobi,Fulham,242631.0,20000000.0,100
Jefferson Lerma,Crystal Palace,262980.0,6000000.0,100
Ben Brereton,Sheffield Utd,426192.0,5000000.0,100
Simon Adingra,Brighton,658536.0,22000000.0,100
Alfie Doughty,Luton Town,608175.0,10000000.0,100
Chiedozie Ogbene,Luton Town,392591.0,4000000.0,100
Mateo Kovačić,Manchester City,51471.0,10000000.0,100
Moussa Diaby,Aston Villa,395516.0,25000000.0,100
Sander Berge,Burnley,333014.0,25000000.0,100
Nicolás Domínguez,Nott'ham Forest,497291.0,15000000.0,100
Youri Tielemans,Aston Villa,249565.0,30000000.0,100
Gustavo Hamer,Sheffield Utd,322985.0,15000000.0,100
Edson Álvarez,West Ham,401356.0,15000000.0,100
Tyler Adams,Bournemouth,332705.0,25000000.0,100
James Milner,Brighton,3333.0,500000.0,100
Oliver Arblaster,Sheffield Utd,874066.0,450000.0,100
Sandro Tonali,Newcastle Utd,397033.0,80000000.0,100
Morgan Rogers,Aston Villa,503743.0,90000000.0,100
Tommy Doyle,Wolves,433183.0,7000000.0,100
Alex Scott,Bournemouth,855256.0,50000000.0,100
Ryan Gravenberch,Liverpool,478573.0,80000000.0,100
Wataru Endo,Liverpool,146310.0,4000000.0,100
Issa Kaboré,Luton Town,649452.0,4000000.0,100
Vinicius Souza,Sheffield Utd,146020.0,1200000.0,100
George Earthy,West Ham,697280.0,1000000.0,100
Ibrahim Sangaré,Nott'ham Forest,375885.0,20000000.0,100
Gio Reyna,Nott'ham Forest,,,0
Tahith Chong,Luton Town,344830.0,6000000.0,100
Marvelous Nakamba,Luton Town,324882.0,5000000.0,100
Carlos Baleba,Brighton,973085.0,55000000.0,100
Jean-Ricner Bellegarde,Wolves,450050.0,16000000.0,100
Lesley Ugochukwu,Chelsea,711999.0,22000000.0,100
Justin Kluivert,Bournemouth,330659.0,25000000.0,100
Mahmoud Dahoud,Brighton,191422.0,2000000.0,100
Luke Berry,Luton Town,125685.0,400000.0,100
Jordan Clark,Luton Town,184129.0,1000000.0,100
Yehor Yarmoliuk,Brentford,717411.0,32000000.0,86
James Mcatee,Sheffield Utd,583199.0,18000000.0,100
Sofyan Amrabat,Manchester Utd,287579.0,10000000.0,100
Cesare Casadei,Chelsea,622380.0,15000000.0,100
Valentín Barco,Brighton,849410.0,40000000.0,100
Roméo Lavia,Chelsea,628451.0,22000000.0,100
Han-Noah Massengo,Burnley,536508.0,8000000.0,100
Benson Manuel,Burnley,322702.0,5000000.0,100
Mike Trésor,Burnley,381963.0,2000000.0,100
Nathan Redmond,Burnley,129078.0,5000000.0,100
Joe White,Newcastle Utd,614811.0,200000.0,100
Benicio Boaitey,Brighton,657817.0,400000.0,83
Tawanda Chirewa,Wolves,724783.0,450000.0,100
Andre Brooks,Sheffield Utd,746739.0,2500000.0,100
Aaron Ramsey,Burnley,646658.0,6000000.0,100
Sydie Peck,Sheffield Utd,745851.0,200000.0,100
Finley Munroe,Aston Villa,845723.0,100000.0,100
Zack Nelson,Luton Town,965940.0,100000.0,100
James McConnell,Liverpool,845289.0,2000000.0,100
Pelly Ruddock Mpanzu,Luton Town,244338.0,1500000.0,100
Romain Faivre,Bournemouth,555076.0,4000000.0,100
Andrey Santos,Nott'ham Forest,743600.0,40000000.0,100
Myles Peart-Harris,Brentford,587002.0,900000.0,100
Kalvin Phillips,West Ham,351749.0,2500000.0,100
Anis Ben Slimane,Sheffield Utd,546712.0,2500000.0,100
Omari Kellyman,Aston Villa,926135.0,1500000.0,100
Bénie Traoré,Sheffield Utd,852024.0,8000000.0,100
Fred Onyedinma,Luton Town,305274.0,500000.0,100
Tom Davies,Sheffield Utd,314210.0,5000000.0,100
Brandon Aguilera,Nott'ham Forest,631996.0,1500000.0,100
Daniel Gore,Manchester Utd,530421.0,800000.0,100
Jimi Tauriainen,Chelsea,681615.0,200000.0,100
Dominic Sadi,Bournemouth,936901.0,800000.0,100
Lewis Warrington,Everton,652979.0,500000.0,100
Jamie Donley,Tottenham,796305.0,1500000.0,100
Alex Matos,Chelsea,670850.0,1200000.0,100
Manor Solomon,Tottenham,396638.0,8000000.0,100
Kai Havertz,Arsenal,309400.0,55000000.0,100
João Pedro,Brighton,626724.0,80000000.0,100
Rodrigo Muniz,Fulham,735571.0,20000000.0,100
Timo Werner,Tottenham,170527.0,3500000.0,100
Luis Sinisterra,Bournemouth,512385.0,11000000.0,100
Carlton Morris,Luton Town,246963.0,13000000.0,100
Nicolas Jackson,Chelsea,776890.0,40000000.0,100
Harvey Barnes,Newcastle Utd,398065.0,32000000.0,100
Brennan Johnson,Tottenham,470607.0,30000000.0,100
Wilson Odobert,Burnley,743498.0,18000000.0,100
Anthony Elanga,Nott'ham Forest,583189.0,32000000.0,100
Christopher Nkunku,Chelsea,344381.0,25000000.0,100
Rasmus Højlund,Manchester Utd,610442.0,60000000.0,100
Raúl Jiménez,Fulham,206040.0,3000000.0,100
Zeki Amdouni,Burnley,548729.0,7000000.0,100
Jacob Bruun Larsen,Burnley,293281.0,4000000.0,100
Jack Harrison,Everton,417346.0,6500000.0,100
Lyle Foster,Burnley,467623.0,8000000.0,100
Neal Maupay,Brentford,217115.0,4000000.0,100
Adama Traoré,Fulham,204103.0,6000000.0,100
David Datro Fofana,Burnley,787232.0,4000000.0,100
Mason Mount,Manchester Utd,346483.0,25000000.0,100
Cauley Woodrow,Luton Town,169801.0,1000000.0,100
Michael Obafemi,Burnley,444208.0,600000.0,100
Jacob Brown,Luton Town,469958.0,4000000.0,100
Andros Townsend,Luton Town,61842.0,500000.0,100
Beto,Everton,595809.0,18000000.0,100
Cameron Archer,Sheffield Utd,533662.0,10000000.0,100
Ansu Fati,Brighton,466810.0,15000000.0,100
Elijah Adebayo,Luton Town,319900.0,12000000.0,100
Enes Ünal,Bournemouth,251106.0,7000000.0,100
Arnaut Danjuma,Everton,355861.0,3000000.0,100
Divock Origi,Nott'ham Forest,148368.0,5000000.0,100
Youssef Chermiti,Everton,670688.0,15000000.0,100
Omari Forson,Manchester Utd,670845.0,2000000.0,100
Armando Broja,Fulham,571743.0,5000000.0,100
Nathan Fraser,Wolves,863741.0,600000.0,100
Matheus França,Crystal Palace,743597.0,6000000.0,100
Alejo Véliz,Tottenham,888493.0,4000000.0,100
Enso González,Wolves,1060740.0,2500000.0,100
Luca Koleosho,Burnley,745461.0,6000000.0,100
Leon Chiwome,Wolves,1043634.0,500000.0,100
Jayden Danns,Liverpool,939290.0,800000.0,100
Mark O'Mahony,Brighton,943549.0,450000.0,100
Michael Olakigbe,Brentford,734425.0,600000.0,100
Nicolò Zaniolo,Aston Villa,392085.0,15000000.0,100
William Osula,Sheffield Utd,609556.0,28000000.0,100
Ethan Wheatley,Manchester Utd,888639.0,250000.0,100
Rodrigo Ribeiro,Nott'ham Forest,726701.0,4000000.0,100
Mason Burstow,Chelsea,874080.0,1800000.0,100
Anass Zaroury,Burnley,491296.0,7000000.0,100
Deivid Washington,Chelsea,1082850.0,9000000.0,100
Mikey Moore,Tottenham,1011147.0,18000000.0,100
Ryan One,Sheffield Utd,1031293.0,200000.0,100
Amadou Diallo,Newcastle Utd,533086.0,400000.0,100
Michael Ndiweni,Newcastle Utd,698151.0,200000.0,100
Iván Cuéllar,Mallorca,27493.0,100000.0,100
Álvaro Valles,Las Palmas,417913.0,7000000.0,100
Francisco Vieites,Betis,551182.0,500000.0,82
Vicente Guaita,Celta Vigo,64399.0,400000.0,100
Ørjan Nyland,Sevilla,73517.0,800000.0,100
Augusto Batalla,Granada,275218.0,6000000.0,100
Kepa Arrizabalaga,Real Madrid,192279.0,5000000.0,100
Luís Maximiano,Almería,367464.0,3200000.0,100
Marc Martínez,Granada,129374.0,300000.0,100
André Ferreira,Granada,290346.0,600000.0,100
Cristian Rivero,Valencia,398131.0,100000.0,100
Unai Marrero,Real Sociedad,625657.0,1000000.0,100
Raúl Fernández,Granada,54217.0,100000.0,100
Dani Cárdenas,Rayo Vallecano,397676.0,1800000.0,100
Daniel Fuzato,Getafe,438682.0,900000.0,100
Aarón Escandell,Las Palmas,284430.0,3000000.0,100
Sergio Ramos,Sevilla,25557.0,2500000.0,100
Antal Yaakobishvili,Girona,923915.0,500000.0,100
João Cancelo,Barcelona,182712.0,8000000.0,100
Juan Herzog,Las Palmas,662332.0,12000000.0,100
Eric García,Girona,466794.0,40000000.0,100
Sergi Cardona,Las Palmas,678406.0,9000000.0,100
Daley Blind,Girona,12282.0,1200000.0,100
Yerson Mosquera,Villarreal,716276.0,12000000.0,100
Pau Cubarsí,Barcelona,962110.0,80000000.0,100
Julian Araujo,Las Palmas,513970.0,8000000.0,100
Iñigo Martínez,Barcelona,158863.0,4000000.0,100
Carl Starfelt,Celta Vigo,258987.0,4500000.0,100
Diego Rico,Getafe,249513.0,1000000.0,100
Fran Garcia,Real Madrid,341264.0,10000000.0,100
Kieran Tierney,Real Sociedad,300716.0,8000000.0,100
Hamari Traoré,Real Sociedad,297070.0,1500000.0,100
Pablo Busto,Betis,1054909.0,500000.0,100
Adrià Pedrosa,Sevilla,501418.0,2800000.0,100
Marc Pubill,Almería,844637.0,35000000.0,100
Álex Suárez,Las Palmas,510396.0,1200000.0,100
César Azpilicueta,Atlético Madrid,57500.0,1000000.0,100
Jailson Siqueira,Celta Vigo,366948.0,1500000.0,100
Rafa Marín,Alavés,662261.0,12000000.0,100
Mika Mármol,Las Palmas,617060.0,15000000.0,100
Aleksandar Radovanović,Almería,339501.0,900000.0,100
Andoni Gorosabel,Alavés,289255.0,3000000.0,100
Javi Galán,Real Sociedad,448628.0,1800000.0,100
Abdel Abqar,Alavés,559979.0,3500000.0,100
Matteo Gabbia,Villarreal,323167.0,17000000.0,100
Aridane Hernández,Rayo Vallecano,82503.0,800000.0,100
Gabriel Paulista,Atlético Madrid,149498.0,500000.0,100
Toni Lato,Mallorca,320271.0,1400000.0,100
Ricardo Visus,Betis,630989.0,600000.0,100
Chadi Riad,Betis,689637.0,15000000.0,100
Sokratis Papastathopoulos,Betis,34322.0,700000.0,100
Eric Curbelo,Las Palmas,390823.0,800000.0,100
Manu Sánchez,Celta Vigo,618809.0,6000000.0,100
Yarek Gasiorowski,Valencia,895334.0,18000000.0,100
Miguel Ángel Rubio,Granada,583510.0,1500000.0,100
Catena,Osasuna,449796.0,2600000.0,100
Bruno Langa,Almería,631472.0,1000000.0,100
Bruno Méndez,Granada,552912.0,4500000.0,100
Ignasi Miquel,Granada,70245.0,1200000.0,100
Alfonso Espino,Rayo Vallecano,311044.0,900000.0,100
Aleksandar Sedlar,Alavés,237499.0,275000.0,100
Javi Hernández,Cádiz,422466.0,2000000.0,100
Édgar González,Almería,401624.0,3000000.0,100
Johan Mojica,Osasuna,262939.0,1500000.0,100
Mihailo Ristić,Celta Vigo,271455.0,800000.0,100
Héctor Fort,Barcelona,937955.0,12000000.0,100
Álvaro Carreras,Granada,811778.0,50000000.0,100
Aiham Ousou,Cádiz,585068.0,3000000.0,100
Saúl Coco,Las Palmas,588426.0,7500000.0,100
Lucas,Cádiz,190314.0,400000.0,100
Jon Aramburu,Real Sociedad,661145.0,15000000.0,100
Marvin,Las Palmas,17025.0,250000.0,100
Imanol,Athletic Club,37501.0,1000000.0,100
Ricard Sánchez,Granada,388545.0,3000000.0,100
Nacho Vidal,Mallorca,216870.0,1200000.0,100
César Montes,Almería,387687.0,7500000.0,100
Javier Manquillo,Celta Vigo,162029.0,1800000.0,100
Siebe Van Der Heyden,Mallorca,400131.0,3000000.0,100
Jon Martin,Real Sociedad,1018938.0,25000000.0,100
Yoel Lago,Celta Vigo,939374.0,4000000.0,100
Asier Osambela,Osasuna,1038512.0,1000000.0,100
César Tárrega,Valencia,707274.0,9000000.0,100
Gorka Rivera Alonso,Getafe,1000136.0,100000.0,100
Victor Parada,Alavés,591957.0,4000000.0,100
Carmona,Getafe,251846.0,450000.0,100
Álvaro Lemos,Las Palmas,230222.0,700000.0,100
Jordi,Getafe,255928.0,600000.0,100
Andrei Ratiu,Rayo Vallecano,527966.0,18000000.0,100
Eneko Ortiz,Alavés,892217.0,150000.0,100
Paco Sanz,Almería,51699.0,300000.0,80
Stefan Lekovic,Villarreal,797572.0,2500000.0,100
Iñigo Arguibide,Osasuna,1065442.0,800000.0,100
Carlos Romero,Villarreal,709372.0,25000000.0,100
Daley Sinkgraven,Las Palmas,215099.0,300000.0,100
Adrià Altimira,Villarreal,466807.0,2000000.0,100
Wilson Manafá,Granada,257388.0,1300000.0,100
Alberto Dadie,Real Sociedad,711377.0,250000.0,100
Federico Gattoni,Sevilla,660735.0,800000.0,100
Kamil Piątkowski,Granada,345449.0,2500000.0,100
Jorge Moreno,Osasuna,717957.0,500000.0,100
Nabil Aberdin,Getafe,908621.0,600000.0,100
Miguel,Granada,14514.0,600000.0,100
Adri Bosch,Granada,,,0
Çağlar Söyüncü,Atlético Madrid,320141.0,3500000.0,100
Jude Bellingham,Real Madrid,581678.0,130000000.0,100
Isco,Betis,85288.0,3500000.0,100
İlkay Gündoğan,Barcelona,53622.0,2000000.0,100
Sávio,Girona,607093.0,200000.0,100
Arda Güler,Real Madrid,861410.0,90000000.0,100
José Luis García Vayá,Valencia,574758.0,1500000.0,100
Samuel Lino,Atlético Madrid,694928.0,15000000.0,100
Pablo Fornals,Betis,357885.0,8000000.0,100
Jonathan Viera,Almería,153238.0,1000000.0,100
Kirian Rodríguez,Las Palmas,566574.0,1000000.0,100
Johnny Cardoso,Betis,689505.0,20000000.0,100
Sergi Darder,Mallorca,142021.0,3000000.0,100
Sergio Arribas,Almería,537762.0,10000000.0,100
Gonçalo Guedes,Villarreal,225122.0,6000000.0,100
Iñigo Ruiz de Galarreta,Athletic Club,126751.0,2000000.0,100
Marc Roca,Betis,336869.0,4000000.0,100
Carlos Vicente,Alavés,540536.0,4000000.0,100
Fermin López,Barcelona,636703.0,100000000.0,100
Sandro Ramírez,Las Palmas,199369.0,1500000.0,100
Damián Rodríguez,Celta Vigo,715628.0,500000.0,100
Samu Costa,Mallorca,657430.0,15000000.0,100
Boubakary Soumaré,Sevilla,344605.0,14000000.0,100
Dion Lopy,Almería,649033.0,4000000.0,100
Lucien Agoume,Sevilla,569384.0,15000000.0,100
Sergi Canós,Valencia,251845.0,2500000.0,100
Jon Guridi,Alavés,289257.0,1800000.0,100
Marc Casado,Barcelona,636695.0,18000000.0,100
Beñat Prados,Athletic Club,625047.0,15000000.0,100
Nemanja Radonjić,Mallorca,245078.0,1000000.0,100
Marcos Peña,Almería,1064121.0,1500000.0,100
Oriol Romeu,Barcelona,66100.0,700000.0,100
Gonzalo Villar,Granada,398163.0,1800000.0,100
Dodi Lukebakio,Sevilla,303259.0,15000000.0,100
Gerard Gumbau,Granada,268670.0,1200000.0,100
Djibril Sow,Sevilla,212723.0,7500000.0,100
Sergio Ruiz,Granada,394694.0,2000000.0,100
Arsen Zakharyan,Real Sociedad,555143.0,9000000.0,100
Enzo Loiodice,Las Palmas,581781.0,1200000.0,100
Alberto Moleiro,Las Palmas,733576.0,50000000.0,100
Rominigue Kouamé,Cádiz,277635.0,2000000.0,100
Diadie Samassékou,Cádiz,315604.0,1000000.0,100
Carlos Benavídez,Alavés,856156.0,150000.0,86
Antonio Blanco,Alavés,495621.0,10000000.0,100
Ander Guevara,Alavés,465967.0,2500000.0,100
Roberto Navarro,Cádiz,37403.0,500000.0,100
Facundo Pellistri,Granada,676318.0,5000000.0,100
Javier Muñoz,Las Palmas,282421.0,1200000.0,90
Santi Comesaña,Villarreal,380598.0,8000000.0,100
Ilias Akhomach,Villarreal,709969.0,12000000.0,100
Crespo,Rayo Vallecano,498529.0,2000000.0,100
Ilaix Moriba,Getafe,617074.0,15000000.0,100
Máximo Perrone,Las Palmas,668547.0,35000000.0,100
Hannibal Mejbri,Sevilla,607224.0,15000000.0,100
Sergi Altimira,Betis,466801.0,20000000.0,100
Alberto Risco,Getafe,1255616.0,200000.0,100
Pejiño,Las Palmas,534379.0,1200000.0,100
Unai Gómez,Athletic Club,834752.0,5000000.0,100
Iddrisu Baba,Almería,442805.0,2200000.0,100
Giuliano Simeone,Alavés,742201.0,40000000.0,100
Mario Martín,Real Madrid,948273.0,10000000.0,100
Abde Rebbach,Alavés,718034.0,2500000.0,100
Peter González,Valencia,456523.0,700000.0,88
Abde Ezzalzouli,Betis,724520.0,40000000.0,100
Theo Corbeanu,Granada,568535.0,1500000.0,100
Selim Amallah,Valencia,377219.0,1500000.0,100
Pablo Torre,Girona,720038.0,5000000.0,100
Darwin Machís,Cádiz,211251.0,350000.0,100
Kamil Jóźwiak,Granada,289167.0,400000.0,100
Omar Mascarell,Mallorca,142031.0,700000.0,100
Omenuke Mfulu,Las Palmas,203516.0,700000.0,86
Faitout Maouassa,Granada,357072.0,4000000.0,100
Xeber,Alavés,572271.0,800000.0,100
Carlos Dotor,Celta Vigo,623524.0,2000000.0,100
José Campaña,Las Palmas,120095.0,750000.0,100
Kike Pérez,Rayo Vallecano,527698.0,2200000.0,100
Yellu Santiago,Getafe,941869.0,700000.0,100
Óscar Melendo,Granada,448344.0,2000000.0,100
Hugo González,Valencia,129031.0,350000.0,100
Silvi Clúa,Girona,1061660.0,300000.0,90
Iñaki González,Las Palmas,67648.0,50000.0,86
Ibrahima Kebe,Girona,785967.0,500000.0,100
Tadeo Allende,Celta Vigo,872184.0,4000000.0,100
Jhon Solis,Girona,742521.0,2500000.0,100
Ben Brereton,Villarreal,426192.0,5000000.0,100
Arthur Vermeeren,Atlético Madrid,926694.0,20000000.0,100
Javier Rueda Garcia,Celta Vigo,574758.0,1500000.0,100
Marciano Tchami,Almería,,,0
Nicolás Paz,Real Madrid,991132.0,400000.0,100
Mikel Jauregizar,Athletic Club,938729.0,30000000.0,100
Xabi Huarte,Osasuna,634125.0,200000.0,100
Pablo Gozalbez,Valencia,622992.0,700000.0,100
Santiago García,Getafe,102432.0,4000000.0,100
Borja Vázquez,Cádiz,1230202.0,50000.0,100
Moussa Diakité,Cádiz,979235.0,150000.0,100
Artem Dovbyk,Girona,343537.0,15000000.0,100
Alexander Sørloth,Villarreal,238407.0,18000000.0,100
Mason Greenwood,Getafe,532826.0,55000000.0,100
João Félix,Barcelona,462250.0,28000000.0,100
Jonathan Bamba,Celta Vigo,292818.0,3500000.0,100
Bryan Zaragoza,Granada,713644.0,8000000.0,100
Sheraldo Becker,Real Sociedad,188888.0,1500000.0,100
Bertrand Traoré,Villarreal,131996.0,4000000.0,100
Ianis Hagi,Alavés,282076.0,1800000.0,100
Ezequiel Ávila,Betis,525828.0,400000.0,100
Joselu,Real Madrid,81999.0,5000000.0,100
Alex Sola,Alavés,434990.0,2000000.0,100
Kiké,Alavés,298575.0,1500000.0,100
Isaac Romero,Sevilla,687609.0,5000000.0,100
Anastasios Douvikas,Celta Vigo,523318.0,25000000.0,100
Pablo Saenz,Granada,821820.0,150000.0,100
Lucas Boyé,Granada,334222.0,5000000.0,100
Marc Cardona,Las Palmas,443222.0,1400000.0,100
Munir El Haddadi,Las Palmas,223725.0,2500000.0,100
Marc Guiu,Barcelona,938158.0,12000000.0,100
Juanmi,Cádiz,126737.0,1000000.0,100
Famara Diedhiou,Granada,237125.0,500000.0,100
Jastin García,Girona,1061665.0,200000.0,100
Raúl,Osasuna,520093.0,400000.0,100
Cyle Larin,Mallorca,343463.0,3500000.0,100
Sergio Rodelas,Granada,1064103.0,200000.0,100
Rachad Fettal,Almería,,,0
Luka Romero,Almería,769063.0,3000000.0,100
Samu Omorodion,Alavés,291939.0,2500000.0,100
Maxi Gómez,Cádiz,396894.0,2000000.0,100
Cristian Herrera,Las Palmas,237617.0,300000.0,100
Jorge de Frutos,Rayo Vallecano,455181.0,12000000.0,100
José Callejón,Granada,61253.0,800000.0,100
Anthony Lozano,Almería,1092623.0,300000.0,100
Assane Diao,Betis,1061282.0,30000000.0,100
Joaquín Panichelli,Alavés,1064871.0,35000000.0,100
André Silva,Real Sociedad,198008.0,3000000.0,100
Gonzalo García,Real Madrid,935230.0,30000000.0,100
Alberto Perea,Granada,99559.0,450000.0,100
Roman Yaremchuk,Valencia,221958.0,3500000.0,100
Ibrahima Koné,Almería,490223.0,2500000.0,100
Cédric Bakambu,Betis,127048.0,1200000.0,100
Mamadou Sylla,Alavés,166683.0,1000000.0,100
Shon Weissman,Granada,247652.0,750000.0,100
Sory Kaba,Las Palmas,355689.0,1000000.0,100
Vitor Roque,Barcelona,943837.0,38000000.0,100
Salim El Jebari,Atlético Madrid,935457.0,1000000.0,100
Jeremy Jorge,Getafe,1041934.0,200000.0,100
Aingeru Olabarrieta,Athletic Club,1056971.0,500000.0,100
Karl Etta Eyong,Cádiz,1038950.0,15000000.0,100
Jon Karrikaburu,Alavés,711382.0,1800000.0,100
Alejo Véliz,Sevilla,888493.0,4000000.0,100
Abdellah Raihani,Atlético Madrid,860062.0,300000.0,85
Yassin Tallal,Getafe,1184137.0,50000.0,100
Max Svensson,Osasuna,367981.0,450000.0,100
Matěj Kovář,Leverkusen,550829.0,8000000.0,100
Alexander Schwolow,Union Berlin,93763.0,450000.0,100
Moritz Nicolas,Gladbach,284270.0,8000000.0,100
Kevin Müller,Heidenheim,43824.0,300000.0,100
Daniel Batz,Mainz 05,90317.0,350000.0,100
Marcel Schuhen,Darmstadt 98,93651.0,800000.0,100
Finn Dahmen,Augsburg,251299.0,12000000.0,100
Alexander Nübel,Stuttgart,195778.0,12000000.0,100
Noah Atubolu,Freiburg,526845.0,25000000.0,100
Daniel Peretz,Bayern Munich,468539.0,4000000.0,100
Alexander Brunst,Darmstadt 98,146693.0,400000.0,100
Andreas Luthe,Bochum,41323.0,300000.0,100
Maximilian Mittelstädt,Stuttgart,282660.0,18000000.0,100
Ian Maatsen,Dortmund,485585.0,30000000.0,100
Robin Gosens,Union Berlin,273132.0,4000000.0,100
Josip Stanišić,Leverkusen,483046.0,40000000.0,100
Kim Min-jae,Bayern Munich,503482.0,20000000.0,100
Sepp van den Berg,Mainz 05,541231.0,32000000.0,100
Raphaël Guerreiro,Bayern Munich,170986.0,5000000.0,100
Ramy Bensebaini,Dortmund,284732.0,7000000.0,100
Patrick Mainka,Heidenheim,133731.0,2500000.0,100
Eric Dier,Bayern Munich,175722.0,4000000.0,100
Maximilian Wöber,Gladbach,263361.0,3000000.0,100
Konrad Laimer,Bayern Munich,223967.0,32000000.0,100
Bernardo,Bochum,719646.0,5000000.0,100
Willian Pacho,Eint Frankfurt,661171.0,80000000.0,100
Maximilian Wittek,Bochum,196793.0,1000000.0,100
Fabian Nürnberger,Darmstadt 98,349433.0,2500000.0,100
Robin Koch,Eint Frankfurt,328784.0,10000000.0,100
Joakim Mæhle,Wolfsburg,369674.0,7000000.0,91
Castello Lukeba,RB Leipzig,618472.0,50000000.0,100
Kevin Vogt,Union Berlin,84435.0,400000.0,100
Niels Nkounkou,Eint Frankfurt,591193.0,2600000.0,100
Max Finkgräfe,Köln,810649.0,5000000.0,100
Josuha Guilavogui,Mainz 05,93704.0,700000.0,100
Julián Malatini,Werder Bremen,830108.0,2000000.0,100
Anthony Rouault,Stuttgart,690799.0,12000000.0,100
Frans Krätzig,Bayern Munich,604320.0,2800000.0,100
Hendry Blank,Dortmund,804831.0,2500000.0,100
Abdoul Coulibaly,Werder Bremen,745173.0,15000000.0,84
Benedikt Gimber,Heidenheim,227084.0,1500000.0,100
Moritz Jenz,Wolfsburg,460245.0,5000000.0,100
Emir Karic,Darmstadt 98,286596.0,1200000.0,100
Norman Theuerkauf,Heidenheim,31599.0,175000.0,100
Kevin Mbabu,Augsburg,183321.0,2200000.0,100
Clemens Riedel,Darmstadt 98,692070.0,4000000.0,100
Leonidas Stergiou,Stuttgart,507345.0,2500000.0,100
Cedric Zesiger,Wolfsburg,382478.0,5000000.0,100
Patric Pfeiffer,Augsburg,391742.0,2000000.0,100
Matteo Perez Vinlöf,Bayern Munich,920283.0,2500000.0,100
Christoph Klarer,Darmstadt 98,346849.0,3000000.0,100
Jonas Föhrenbach,Heidenheim,192169.0,1000000.0,100
Leart Paqarada,Köln,107219.0,800000.0,92
Christoph Zimmermann,Darmstadt 98,77812.0,1000000.0,100
Jordy Makengo,Freiburg,815078.0,6000000.0,100
Marnon Busch,Heidenheim,117478.0,1000000.0,100
Tim Siersleben,Heidenheim,337092.0,1800000.0,100
Rogério,Wolfsburg,401527.0,1000000.0,100
Omar Traoré,Heidenheim,388294.0,2000000.0,100
David Jurásek,Hoffenheim,500054.0,5000000.0,100
Tim Drexler,Hoffenheim,822958.0,3000000.0,100
Christopher Lenz,RB Leipzig,159844.0,400000.0,100
Leonardo Bonucci,Union Berlin,39983.0,1000000.0,100
Elias Baum,Eint Frankfurt,744857.0,4000000.0,100
Fabio Chiarodia,Gladbach,724104.0,3000000.0,100
El Chadaille Bitshiabu,RB Leipzig,787912.0,18000000.0,100
Jannik Müller,Darmstadt 98,119286.0,800000.0,100
Nnamdi Collins,Eint Frankfurt,684315.0,20000000.0,100
Noah Loosli,Bochum,265209.0,750000.0,100
Matej Maglica,Darmstadt 98,433388.0,2000000.0,100
Bartol Franjić,Darmstadt 98,370998.0,1400000.0,100
Thomas Isherwood,Darmstadt 98,322075.0,600000.0,100
Sacha Boey,Bayern Munich,475413.0,10000000.0,100
Attila Szalai,Freiburg,263380.0,2000000.0,100
Lukas Ullrich,Gladbach,787151.0,6000000.0,100
Jonathan Norbye,RB Leipzig,1006916.0,700000.0,100
Thomas Keller,Heidenheim,485747.0,600000.0,100
Álex Grimaldo,Leverkusen,15420.0,1000000.0,100
Xavi Simons,RB Leipzig,566931.0,40000000.0,100
Granit Xhaka,Leverkusen,111455.0,8000000.0,100
Jan-Niklas Beste,Heidenheim,342967.0,10000000.0,85
Nadiem Amiri,Mainz 05,232454.0,17000000.0,100
Angelo Stiller,Stuttgart,443710.0,45000000.0,100
Franck Honorat,Gladbach,229006.0,7000000.0,100
Anton Stach,Hoffenheim,344069.0,28000000.0,100
Fares Chaïbi,Eint Frankfurt,855015.0,15000000.0,100
Marcel Sabitzer,Dortmund,106987.0,6000000.0,100
Christian Kühlwetter,Heidenheim,184204.0,500000.0,100
Kjell-Arik Wätjen,Dortmund,884810.0,3500000.0,82
Arthur,Leverkusen,977464.0,8000000.0,100
Aleksandar Pavlovic,Bayern Munich,792380.0,90000000.0,100
Skelly Alvero,Werder Bremen,855134.0,2500000.0,100
Robin Hack,Gladbach,284010.0,7000000.0,100
Marvin Mehlem,Darmstadt 98,237226.0,2500000.0,100
Tim Skarke,Darmstadt 98,287920.0,1500000.0,100
Ellyes Skhiri,Eint Frankfurt,290587.0,5000000.0,100
Lovro Majer,Wolfsburg,387106.0,8000000.0,100
Felix Nmecha,Dortmund,406640.0,50000000.0,100
Kristijan Jakić,Augsburg,374954.0,6000000.0,100
Jan Schöppner,Heidenheim,581357.0,3000000.0,100
Julian Justvan,Darmstadt 98,324861.0,2200000.0,100
Marco Richter,Mainz 05,279009.0,1500000.0,100
Senne Lynen,Werder Bremen,338668.0,8000000.0,100
Samuele Di Benedetto,Stuttgart,826064.0,450000.0,100
Jamie Leweling,Stuttgart,518505.0,40000000.0,100
Christoph Baumgartner,RB Leipzig,324278.0,40000000.0,100
Gustavo Puerta,Leverkusen,936981.0,10000000.0,100
Florent Muslija,Freiburg,337036.0,1800000.0,100
Hugo Larsson,Eint Frankfurt,931838.0,28000000.0,100
Václav Černý,Wolfsburg,242063.0,7000000.0,100
Kevin Sessa,Heidenheim,448028.0,2500000.0,100
Mahmoud Dahoud,Stuttgart,191422.0,2000000.0,100
Matthias Bader,Darmstadt 98,237162.0,1800000.0,100
Lucas Tousart,Union Berlin,353948.0,2000000.0,100
Kevin Volland,Union Berlin,82009.0,500000.0,100
Tom Krauß,Mainz 05,405687.0,4500000.0,100
Jacob Christensen,Köln,515017.0,700000.0,100
Nicolas Seiwald,RB Leipzig,404950.0,25000000.0,100
Donny van de Beek,Eint Frankfurt,288255.0,1800000.0,100
Lennard Maloney,Heidenheim,392710.0,2500000.0,100
Nikola Dovedan,Heidenheim,120189.0,800000.0,100
Mert Kömür,Augsburg,777005.0,12000000.0,100
Rasmus Carstensen,Köln,542697.0,2000000.0,100
Adrian Beck,Heidenheim,273669.0,1500000.0,100
Brenden Aaronson,Union Berlin,393323.0,22000000.0,100
Florian Pick,Heidenheim,191359.0,700000.0,100
Elif Elmas,RB Leipzig,400489.0,13000000.0,95
Alex Král,Union Berlin,337333.0,2500000.0,100
Andreas Müller,Darmstadt 98,438315.0,800000.0,100
Denis Thomalla,Heidenheim,94030.0,225000.0,100
Fraser Hornby,Darmstadt 98,388160.0,1200000.0,100
Pep Biel,Augsburg,263804.0,5500000.0,100
Fabian Schnellhardt,Darmstadt 98,94148.0,1000000.0,100
Felix Passlack,Bochum,274461.0,700000.0,100
Matúš Bero,Bochum,204047.0,1000000.0,100
Lovro Zvonarek,Bayern Munich,892973.0,1800000.0,100
Marko Mladenović,Eint Frankfurt,922413.0,500000.0,100
Gerrit Holtmann,Darmstadt 98,190289.0,700000.0,100
Frank Ronstadt,Darmstadt 98,270027.0,550000.0,100
Olinho,Dortmund,525472.0,500000.0,83
Masaya Okugawa,Augsburg,307052.0,800000.0,100
Klaus Gjasula,Darmstadt 98,57598.0,400000.0,100
Lukas Daschner,Bochum,334213.0,1000000.0,100
Tim Breithaupt,Augsburg,569457.0,2000000.0,100
Bambasé Conté,Hoffenheim,574193.0,700000.0,100
Naby Keïta,Werder Bremen,302215.0,2000000.0,100
Mathias Honsak,Darmstadt 98,283497.0,1700000.0,100
Aljoscha Kemlein,Union Berlin,692737.0,12000000.0,100
Fabian Rüdlin,Freiburg,230818.0,350000.0,100
Leon Opitz,Werder Bremen,825073.0,600000.0,100
Braydon Manu,Darmstadt 98,231590.0,300000.0,100
Moritz-Broni Kwarteng,Bochum,316575.0,750000.0,100
Asaf Arania,Darmstadt 98,,,0
Luca Raimund,Stuttgart,907489.0,400000.0,100
Fabio Torsiello,Darmstadt 98,917015.0,500000.0,100
Isak Hansen-Aarøen,Werder Bremen,670116.0,600000.0,100
Nuha Jatta,RB Leipzig,,,0
Mahmut Kücüksahin,Augsburg,730486.0,150000.0,100
Kofi Jeremy Amoako,Wolfsburg,814950.0,400000.0,100
Harry Kane,Bayern Munich,132098.0,60000000.0,100
Deniz Undav,Stuttgart,339314.0,22000000.0,100
Jonas Hofmann,Leverkusen,7161.0,1500000.0,100
Victor Boniface,Leverkusen,656681.0,5000000.0,100
Loïs Openda,RB Leipzig,368887.0,25000000.0,100
Omar Marmoush,Eint Frankfurt,445939.0,50000000.0,100
Wout Weghorst,Hoffenheim,228645.0,2000000.0,100
Niclas Füllkrug,Dortmund,75489.0,3500000.0,100
Hugo Ekitike,Eint Frankfurt,709726.0,80000000.0,100
Tim Kleindienst,Heidenheim,193033.0,8000000.0,100
Kevin Behrens,Wolfsburg,117432.0,500000.0,100
Benjamin Šeško,RB Leipzig,627442.0,75000000.0,100
Nathan Tella,Leverkusen,340322.0,15000000.0,100
Sasa Kalajdzic,Eint Frankfurt,369567.0,4000000.0,100
Phillip Tietz,Augsburg,288340.0,4000000.0,100
Eren Dinkçi,Heidenheim,645774.0,6000000.0,100
Justin Njinmah,Werder Bremen,596153.0,5000000.0,100
Luca Waldschmidt,Köln,196095.0,2000000.0,100
Luca Pfeiffer,Darmstadt 98,232463.0,1200000.0,100
Samuel Bamba,Dortmund,684318.0,450000.0,100
Marvin Pieringer,Heidenheim,471055.0,3000000.0,100
Rafael Borré,Werder Bremen,323831.0,3500000.0,100
Yorbe Vertessen,Union Berlin,409517.0,5000000.0,100
Jordan Pefok,Gladbach,355369.0,1500000.0,100
Gonçalo Paciência,Bochum,181547.0,700000.0,100
Jeong Woo-yeong,Stuttgart,297583.0,3500000.0,100
Anwar El Ghazi,Mainz 05,183720.0,2500000.0,100
Marius Bülter,Hoffenheim,116088.0,1800000.0,100
Bryan Zaragoza,Bayern Munich,713644.0,8000000.0,100
Oscar Vilhelmsson,Darmstadt 98,673071.0,2000000.0,100
Sebastian Polter,Darmstadt 98,60957.0,250000.0,100
Aaron Seydel,Darmstadt 98,187499.0,300000.0,100
Tomáš Čvančara,Gladbach,544148.0,2000000.0,100
David Mamutovic,Mainz 05,361508.0,250000.0,100
Sven Michel,Augsburg,186988.0,700000.0,100
Mikkel Kaufmann,Union Berlin,545332.0,1500000.0,100
Chris Bedia,Union Berlin,294791.0,3000000.0,100
Nacho Ferri,Eint Frankfurt,867357.0,6000000.0,100
Fabio Carvalho,RB Leipzig,559263.0,8000000.0,100
Tiago Tomás,Wolfsburg,616344.0,15000000.0,100
Dawid Kownacki,Werder Bremen,208167.0,2000000.0,100
Benedict Hollerbach,Union Berlin,453870.0,8000000.0,100
Damion Downs,Köln,820241.0,4000000.0,100
Faride Alidou,Köln,456492.0,1000000.0,100
Borja Iglesias,Leverkusen,278359.0,2800000.0,100
Marcus Müller,Mainz 05,698523.0,200000.0,100
Mergim Berisha,Hoffenheim,307924.0,2500000.0,100
David Datro Fofana,Union Berlin,787232.0,4000000.0,100
Filip Stojilković,Darmstadt 98,464195.0,2500000.0,100
Junior Adamu,Freiburg,452477.0,3000000.0,100
Jovan Milošević,Stuttgart,943795.0,7000000.0,100
Stefan Schimmer,Heidenheim,394033.0,300000.0,100
Amin Sarr,Wolfsburg,748382.0,2400000.0,100
Jean Mattéo Bahoya,Eint Frankfurt,371231.0,550000.0,100
Shiō Fukuda,Gladbach,1073997.0,800000.0,100
Max Moerstedt,Hoffenheim,923595.0,7000000.0,100
Jessic Ngankam,Mainz 05,448177.0,700000.0,100
Maximilian Breunig,Freiburg,584254.0,1000000.0,100
Grant Ranos,Gladbach,108108.0,350000.0,81
Bennit Bröger,Wolfsburg,897479.0,500000.0,100
Jonathan Asp Jensen,Bayern Munich,856274.0,4000000.0,100
Joel Imasuen,Werder Bremen,797563.0,100000.0,100
Raffaele Di Gennaro,Inter,70580.0,300000.0,100
Nicola Leali,Genoa,136111.0,1000000.0,100
Elia Caprile,Empoli,421873.0,15000000.0,100
Yann Sommer,Inter,42205.0,2000000.0,100
Marco Carnesecchi,Atalanta,459763.0,30000000.0,100
Marco Sportiello,Milan,199976.0,800000.0,100
Etrit Berisha,Empoli,77825.0,200000.0,100
Christos Mandas,Lazio,481675.0,8000000.0,100
Josep Martínez,Genoa,388516.0,10000000.0,100
Maduka Okoye,Udinese,340353.0,10000000.0,100
Emil Audero,Inter,256339.0,2800000.0,100
Stefano Turati,Frosinone,543666.0,3000000.0,100
Simone Scuffet,Cagliari,238993.0,900000.0,100
Benoît Costil,Salernitana,22628.0,600000.0,100
Alessandro Sorrentino,Monza,542588.0,450000.0,100
Simone Aresti,Cagliari,41912.0,75000.0,100
Oliver Christensen,Fiorentina,471936.0,1400000.0,100
Michele Cerofolini,Frosinone,370701.0,700000.0,100
Alessio Cragno,Sassuolo,12907.0,1500000.0,100
Tommaso Martinelli,Fiorentina,934159.0,2000000.0,100
Daniele Sommariva,Genoa,312773.0,100000.0,100
Lapo Nava,Milan,815563.0,100000.0,100
Benjamin Pavard,Inter,353366.0,12000000.0,100
Riccardo Calafiori,Bologna,502821.0,55000000.0,100
Yann Aurel Bisseck,Inter,441986.0,50000000.0,100
Lautaro Gianetti,Udinese,225963.0,1200000.0,96
Alberto Dossena,Cagliari,385394.0,6000000.0,100
Michael Kayode,Fiorentina,823486.0,40000000.0,100
Radu Drăgușin,Genoa,568559.0,16000000.0,100
Fabiano Parisi,Fiorentina,547985.0,6000000.0,100
Carlos Augusto,Inter,585982.0,23000000.0,100
Obite N'Dicka,Roma,,,0
Jan-Carlo Simic,Milan,800948.0,12000000.0,100
Alessandro Vogliacco,Genoa,330208.0,2500000.0,100
Victor Bernth Kristiansen,Bologna,564529.0,9000000.0,100
Nadir Zortea,Frosinone,392966.0,7000000.0,100
Alessandro Dellavalle,Torino,704825.0,800000.0,100
Emil Holm,Atalanta,496745.0,10000000.0,100
Simone Romagnoli,Frosinone,88706.0,800000.0,100
Danilo D'Ambrosio,Monza,55769.0,700000.0,100
Adrien Tameze,Torino,157507.0,1200000.0,100
Christian Kabasele,Udinese,81512.0,750000.0,100
Thomas Kristensen,Udinese,698259.0,12000000.0,100
Yerry Mina,Cagliari,289446.0,2500000.0,100
Davide Faraoni,Fiorentina,73926.0,1500000.0,100
Sead Kolašinac,Atalanta,94005.0,4000000.0,100
Sam Beukema,Bologna,433984.0,22000000.0,100
Koni De Winter,Genoa,490384.0,23000000.0,100
Tiago Djaló,Juventus,420465.0,7000000.0,100
Kostas Manolas,Salernitana,104752.0,1000000.0,82
Caleb Okoli,Frosinone,461833.0,8000000.0,100
Ilario Monterisi,Frosinone,550116.0,2800000.0,100
Matías Viña,Sassuolo,439072.0,3500000.0,100
Giorgio Cittadini,Genoa,616628.0,2400000.0,100
Rasmus Kristensen,Roma,369684.0,10000000.0,100
Natan,Napoli,735568.0,25000000.0,100
Isak Hien,Atalanta,503075.0,22000000.0,100
Giorgos Kyriakopoulos,Monza,311178.0,2000000.0,93
Anthony Oyono,Frosinone,804812.0,2000000.0,100
Djed Spence,Genoa,483348.0,30000000.0,100
Filippo Terracciano,Milan,631007.0,4500000.0,100
João Ferreira,Udinese,481623.0,3000000.0,100
Adam Masina,Torino,286949.0,1000000.0,100
Pedro Pereira,Monza,314965.0,1200000.0,100
Giovanni Bonfanti,Atalanta,663900.0,1000000.0,100
Przemysław Szymiński,Frosinone,255461.0,700000.0,97
Pietro Comuzzo,Fiorentina,746712.0,18000000.0,100
Pol Lirola,Frosinone,298975.0,1500000.0,100
Bartosz Bereszyński,Empoli,144143.0,400000.0,100
Mateusz Wieteska,Cagliari,208172.0,1000000.0,100
Ahmed Touba,Lecce,325924.0,2500000.0,100
Dean Huijsen,Roma,890290.0,60000000.0,100
Riccardo Marchizza,Frosinone,297645.0,2500000.0,100
Mattia Viti,Sassuolo,493702.0,5000000.0,100
Bruno Amione,Hellas Verona,644676.0,2500000.0,100
Mitchel Bakker,Atalanta,361065.0,2500000.0,100
Saba Sazonov,Torino,655456.0,800000.0,100
Brandon Soppy,Torino,546880.0,1800000.0,100
Josh Doig,Sassuolo,567129.0,4500000.0,100
Matteo Lovato,Torino,459655.0,4000000.0,100
Karlo Lulić,Frosinone,240252.0,450000.0,100
Pantelis Hatzidiakos,Cagliari,144244.0,3000000.0,100
Jérôme Boateng,Salernitana,26485.0,400000.0,100
Alan Matturro,Genoa,861981.0,4000000.0,100
Álex Jiménez,Milan,741257.0,22000000.0,100
Rúben Vinagre,Hellas Verona,357158.0,1500000.0,100
Mattia Caldara,Milan,197470.0,800000.0,100
Triantafyllos Pasaridīs,Salernitana,470422.0,450000.0,95
Marash Kumbulla,Sassuolo,371371.0,3000000.0,100
Marco Pellegrino,Salernitana,776303.0,3500000.0,100
Kevin Bonifazi,Frosinone,247377.0,300000.0,100
Lorenzo Venuti,Lecce,240219.0,1200000.0,100
Davide Bettella,Monza,357995.0,300000.0,100
Mateus Lusuardi,Frosinone,1159022.0,300000.0,100
Kevin Miranda,Sassuolo,734898.0,350000.0,100
Antonio Tikvić,Udinese,797791.0,700000.0,100
Arthur Melo,Fiorentina,362842.0,4000000.0,100
Tijjani Reijnders,Milan,460939.0,50000000.0,100
Alexis Saelemaekers,Bologna,381950.0,20000000.0,100
Ruben Loftus-Cheek,Milan,202886.0,8500000.0,100
Daichi Kamada,Lazio,356141.0,10000000.0,100
Raoul Bellanova,Torino,357992.0,15000000.0,100
Nicolas Viola,Cagliari,85393.0,500000.0,100
Remo Freuler,Bologna,148252.0,3000000.0,100
Chaka Traorè,Milan,700998.0,700000.0,100
Luca Mazzitelli,Frosinone,226025.0,1200000.0,100
Roberto Gagliardini,Monza,197471.0,1300000.0,100
Juan Cuadrado,Inter,91970.0,800000.0,100
Andrea Cambiaso,Juventus,459658.0,20000000.0,100
Abdou Harroui,Frosinone,416386.0,1600000.0,100
Mattéo Guendouzi,Lazio,465830.0,27000000.0,100
Nicolò Rovella,Lazio,525704.0,23000000.0,100
Toma Bašić,Salernitana,334835.0,3000000.0,100
Reinier,Frosinone,627226.0,2000000.0,100
Gianluca Gaetano,Cagliari,358008.0,6500000.0,100
Zanos Savva,Torino,928900.0,200000.0,100
Giovanni Fabbian,Bologna,633668.0,10000000.0,100
Valentin Carboni,Monza,787618.0,7500000.0,100
Youssef Maleh,Empoli,324377.0,1500000.0,100
Ruslan Malinovskyi,Genoa,207877.0,2500000.0,100
Angeliño,Roma,277179.0,4500000.0,100
Patrick Dorgu,Lecce,926952.0,35000000.0,100
Enzo Barrenechea,Frosinone,671915.0,12000000.0,100
Jaime Báez,Frosinone,238654.0,900000.0,100
Suat Serdar,Hellas Verona,261905.0,2800000.0,100
Houssem Aouar,Roma,395693.0,8000000.0,100
Carlos Alcaraz,Juventus,748319.0,15000000.0,100
Davide Frattesi,Inter,394300.0,22000000.0,100
Daniel Boloca,Sassuolo,441515.0,4000000.0,100
Hassane Kamara,Udinese,290017.0,3000000.0,100
Maxime Lopez,Fiorentina,290862.0,5000000.0,100
Dan Ndoye,Bologna,365108.0,32000000.0,100
Tommaso Augello,Cagliari,284595.0,1200000.0,100
Jens Odgaard,Bologna,345590.0,12000000.0,100
Ylber Ramadani,Lecce,442703.0,1800000.0,100
Michael Folorunsho,Hellas Verona,377042.0,5000000.0,100
Oussama El Azzouzi,Bologna,531065.0,1800000.0,100
Emanuele Valeri,Frosinone,445126.0,3000000.0,100
Filippo Ranocchia,Empoli,489611.0,4000000.0,100
El Bilal Touré,Atalanta,649016.0,13000000.0,100
Francesco Gelli,Frosinone,337811.0,1000000.0,100
Martín Payero,Udinese,555820.0,5000000.0,100
Matteo Prati,Cagliari,876298.0,5500000.0,100
Luca Lipani,Sassuolo,724106.0,7500000.0,100
Berkan Kutlu,Genoa,469787.0,2500000.0,100
Alessio Zerbin,Monza,433584.0,2000000.0,100
Simone Bastoni,Empoli,257751.0,1500000.0,100
Mohamed Kaba,Lecce,911328.0,2500000.0,100
Tommaso Baldanzi,Roma,641537.0,8500000.0,100
Jens Cajuste,Napoli,468066.0,8000000.0,100
Yunus Musah,Milan,503991.0,14000000.0,100
Arijon Ibrahimović,Frosinone,744728.0,10000000.0,100
Hamza Rafia,Lecce,418571.0,1700000.0,100
Hamed Junior Traorè,Napoli,391065.0,15000000.0,100
Cristian Volpato,Sassuolo,746891.0,10000000.0,100
Niccolò Pierozzi,Salernitana,534084.0,1800000.0,100
Timothy Weah,Juventus,370846.0,20000000.0,100
Ibrahim Sulemana,Cagliari,982267.0,6000000.0,100
Tajon Buchanan,Inter,638793.0,12000000.0,100
Andrea Ferraris,Monza,708079.0,200000.0,100
Samu Castillejo,Sassuolo,195171.0,600000.0,100
Ebenezer Akinsanmiro,Inter,969192.0,7000000.0,100
Papu Gómez,Monza,20005.0,2000000.0,100
Domingos Quina,Udinese,391719.0,1500000.0,100
Morten Thorsby,Genoa,226524.0,2800000.0,100
Uroš Račić,Sassuolo,417575.0,3000000.0,100
Paulo Azzi,Cagliari,310527.0,750000.0,100
Jesper Lindstrøm,Napoli,513245.0,4000000.0,100
Antoine Makoumbou,Cagliari,460651.0,4000000.0,100
Jakub Jankto,Cagliari,319160.0,800000.0,100
Marco Brescianini,Frosinone,459128.0,9000000.0,100
Jackson Tchatchoua,Hellas Verona,848509.0,12000000.0,100
Viktor Kovalenko,Empoli,203842.0,1500000.0,100
Aarón Martín,Genoa,251878.0,5000000.0,100
Davy Klaassen,Inter,182932.0,2000000.0,100
Giuseppe Pezzella,Empoli,336960.0,2000000.0,100
Giuseppe Caso,Frosinone,398030.0,1500000.0,100
Emil Bohinen,Genoa,406806.0,1300000.0,100
Tommaso Corazza,Bologna,818880.0,1500000.0,100
Gaetano Oristanio,Cagliari,613393.0,5000000.0,100
Fabien Centonze,Hellas Verona,384859.0,1000000.0,100
Lorenzo Amatucci,Fiorentina,707450.0,1000000.0,100
Agustín Martegani,Salernitana,732507.0,275000.0,100
Medon Berisha,Lecce,583046.0,5000000.0,100
Ridgeciano Haps,Genoa,228444.0,900000.0,100
Demba Seck,Frosinone,551752.0,2500000.0,100
Jordan Zemura,Udinese,633530.0,5000000.0,100
Marcus Pedersen,Sassuolo,583404.0,3500000.0,100
Oier Zarraga,Udinese,524010.0,1500000.0,100
Emmanuel Gyasi,Empoli,241076.0,1000000.0,100
Riccardo Pagano,Roma,659415.0,2500000.0,100
Leander Dendoncker,Napoli,168157.0,1800000.0,100
Reda Belahyane,Hellas Verona,982855.0,6800000.0,100
Alessandro Zanoli,Salernitana,397225.0,4500000.0,100
Jordi Mboula,Hellas Verona,331498.0,500000.0,100
Davide Bartesaghi,Milan,887638.0,22000000.0,100
Daniel Bandeira,Hellas Verona,530421.0,800000.0,100
Gino Infantino,Fiorentina,831162.0,350000.0,100
Filippo Missori,Sassuolo,650993.0,1500000.0,100
Luca Garritano,Frosinone,205677.0,1200000.0,100
Riccardo Saponara,Hellas Verona,88909.0,700000.0,100
Iron Gomis,Salernitana,693352.0,900000.0,100
Jean-Daniel Akpa-Akpro,Monza,170481.0,500000.0,95
Renato Sanches,Roma,258027.0,2000000.0,100
Christos Papadopoulos,Genoa,940135.0,600000.0,100
Charlys,Hellas Verona,1082519.0,100000.0,100
João Costa,Roma,936536.0,2500000.0,100
Luigi Canotto,Frosinone,188436.0,600000.0,100
Pasquale Mazzocchi,Napoli,250153.0,1500000.0,100
Mateusz Łęgowski,Salernitana,570466.0,2000000.0,96
Michel Ndary Adopo,Atalanta,564305.0,7000000.0,100
Kevin Zeroli,Milan,883349.0,2000000.0,100
Marco Mancosu,Cagliari,51736.0,400000.0,100
Mehdi Bourabia,Frosinone,131731.0,1000000.0,100
Marley Aké,Udinese,682032.0,2500000.0,100
Alessandro Di Pardo,Cagliari,457674.0,800000.0,100
Joseph Nonge,Juventus,748807.0,2000000.0,100
Leonardo Mendicino,Atalanta,938678.0,800000.0,100
Justin Kumi,Sassuolo,808559.0,800000.0,100
Marcus Thuram,Inter,318528.0,50000000.0,100
Charles De Ketelaere,Atalanta,435772.0,30000000.0,100
Matìas Soulé,Frosinone,668951.0,35000000.0,100
Christian Pulisic,Milan,315779.0,40000000.0,100
Gianluca Scamacca,Atalanta,315867.0,25000000.0,100
Duván Zapata,Torino,73794.0,2500000.0,100
Tijjani Noslin,Hellas Verona,457736.0,8000000.0,100
Romelu Lukaku,Roma,96341.0,6000000.0,100
Milan Đurić,Monza,67556.0,1000000.0,90
Jovane Cabral,Salernitana,448466.0,1000000.0,100
Cyril Ngonge,Napoli,358032.0,7000000.0,100
Nikola Krstović,Lecce,434433.0,30000000.0,100
Andrea Belotti,Fiorentina,167727.0,1500000.0,100
Tomáš Suslov,Hellas Verona,540333.0,4000000.0,100
Junior Messias,Genoa,449151.0,1100000.0,100
M'Baye Niang,Empoli,157501.0,800000.0,100
Mateo Retegui,Genoa,554903.0,30000000.0,100
Lucas Beltrán,Fiorentina,628366.0,8000000.0,100
Daniel Maldini,Monza,539134.0,9000000.0,100
Kenan Yıldız,Juventus,845654.0,75000000.0,100
Valentín Castellanos,Lazio,522784.0,28000000.0,81
Marko Arnautović,Inter,41384.0,2000000.0,100
Zito Luvumbo,Cagliari,666547.0,3000000.0,100
Andrea Petagna,Cagliari,199258.0,500000.0,100
Pontus Almqvist,Lecce,300532.0,1800000.0,100
Santiago Castro,Bologna,849520.0,32000000.0,100
Lorenzo Lucca,Udinese,572265.0,20000000.0,100
Federico Bonazzoli,Hellas Verona,241527.0,2500000.0,100
Gianluca Lapadula,Cagliari,130394.0,400000.0,100
Walid Cheddira,Frosinone,521407.0,2000000.0,100
Vitinha,Genoa,487469.0,140000000.0,100
Loum Tchaouna,Salernitana,607226.0,13000000.0,100
Jesper Karlsson,Bologna,367992.0,3000000.0,100
Gustav Isaksen,Lazio,462823.0,15000000.0,100
Samuel Chukwueze,Milan,401922.0,18000000.0,100
Karol Świderski,Hellas Verona,330126.0,4500000.0,100
Luka Jović,Milan,257462.0,9000000.0,100
Nicola Sansone,Lecce,82048.0,400000.0,100
Noah Okafor,Milan,346890.0,25000000.0,100
Eldor Shomurodov,Cagliari,358166.0,7000000.0,100
Sardar Azmoun,Roma,180337.0,6000000.0,100
Juan Cruz,Hellas Verona,585700.0,3000000.0,100
M'Bala Nzola,Fiorentina,354814.0,4000000.0,100
Lorenzo Colombo,Monza,487843.0,10000000.0,100
Matteo Cancellieri,Empoli,550106.0,7000000.0,100
Keinan Davis,Udinese,412660.0,10000000.0,100
Brenner,Udinese,412366.0,4000000.0,100
Santiago Pierotti,Lecce,674806.0,4000000.0,100
Mirko Marić,Monza,215649.0,500000.0,100
Alberto Cerri,Empoli,197751.0,600000.0,100
Roberto Piccoli,Lecce,432092.0,14000000.0,100
Emanuel Vignato,Salernitana,394346.0,1100000.0,100
David Okereke,Torino,413605.0,1400000.0,100
Kingstone Mutandwa,Cagliari,1111663.0,3500000.0,100
Shon Weissman,Salernitana,247652.0,750000.0,100
Steven Shpendi,Empoli,931567.0,2700000.0,92
Trivante Stewart,Salernitana,880054.0,150000.0,100
Andres Sfait,Salernitana,808224.0,400000.0,100
Stefan Mitrović,Hellas Verona,726526.0,800000.0,100
Elayis Tavsan,Hellas Verona,462086.0,1500000.0,100
Giacomo Corona,Empoli,909894.0,400000.0,100
Marvin Cuni,Frosinone,453864.0,800000.0,100
Farés Ghedjemis,Frosinone,888738.0,600000.0,100
Samuele Mulattieri,Sassuolo,457422.0,4000000.0,100
Chukwubuikem Ikwuemesi,Salernitana,929494.0,1200000.0,100
Seydou Fini,Genoa,866250.0,1000000.0,100
Kaio Jorge,Frosinone,620477.0,25000000.0,100
Alphadjo Cissè,Hellas Verona,964087.0,6000000.0,100
Gerardo Fusco,Salernitana,928051.0,125000.0,100
Leonardo Cerri,Juventus,672830.0,800000.0,100
Andrea Sodero,Empoli,814453.0,300000.0,100
David Akpan Ankeye,Genoa,881610.0,2000000.0,100
Giorgi Kvernadze,Frosinone,412758.0,4000000.0,100
Luka Romero,Milan,769063.0,3000000.0,100
Gennaro Borrelli,Frosinone,459988.0,3000000.0,100
Jeppe Corfitzen,Lecce,709985.0,225000.0,100
George Pușcaș,Genoa,208690.0,750000.0,100
Francesco Camarda,Milan,1058368.0,15000000.0,100
Nikola Sekulov,Juventus,542336.0,800000.0,100
Rareș-Cătălin Burnete,Lecce,,,0
Massamba N'Diaye,Clermont Foot,916497.0,500000.0,100
Arthur Desmas,Le Havre,379869.0,2500000.0,100
Arnau Tenas,Paris S-G,466783.0,4000000.0,100
Philipp Köhn,Monaco,251322.0,3500000.0,100
Grégoire Coudert,Brest,525155.0,4000000.0,100
Guillaume Restes,Toulouse,912902.0,18000000.0,100
Mathieu Gorgelin,Le Havre,60543.0,200000.0,100
Vito Mannone,Lille,33781.0,200000.0,100
Alaa Bellaarouch,Strasbourg,667991.0,400000.0,100
Guillaume Dietsch,Metz,463601.0,250000.0,100
Rémy Riou,Paris FC,18940.0,100000.0,100
Jordan Amavi,Brest,241229.0,1200000.0,100
Wilfried Singo,Monaco,648779.0,23000000.0,100
Mohammed Salisu,Monaco,563963.0,10000000.0,100
Tiago Santos,Lille,816580.0,10000000.0,100
Christopher Operi,Le Havre,469976.0,4000000.0,100
Joseph Okumu,Reims,453376.0,9000000.0,100
Thilo Kehrer,Monaco,228948.0,12000000.0,100
Lucas Hernández,Paris S-G,281963.0,18000000.0,100
Modibo Sagnan,Montpellier,524925.0,2000000.0,100
Renan Lodi,Marseille,476352.0,11000000.0,100
Abdoul Koné,Reims,1130445.0,5000000.0,100
Arouna Sangante,Le Havre,768380.0,8000000.0,100
Becir Omeragic,Montpellier,507344.0,2500000.0,100
Gautier Lloris,Le Havre,249636.0,3000000.0,100
Quentin Merlin,Marseille,557613.0,15000000.0,100
Michael Amir Murillo,Marseille,1005649.0,50000000.0,100
Souleymane Touré,Lorient,490415.0,150000.0,86
Clinton Mata,Lyon,187718.0,2500000.0,100
Ainsley Maitland-Niles,Lyon,285845.0,10000000.0,100
Eray Cömert,Nantes,298583.0,2500000.0,100
Lucas Beraldo,Paris S-G,872171.0,22000000.0,100
Saidou Sow,Strasbourg,807128.0,3000000.0,100
Milan Škriniar,Paris S-G,204069.0,10000000.0,100
Mahamadou Nagida,Rennes,1176345.0,7000000.0,100
Jake O'Brien,Lyon,711544.0,18000000.0,100
Etienne Youte Kinkoue,Le Havre,639712.0,2500000.0,100
Yoann Salmier,Le Havre,351843.0,1500000.0,100
Yoram Zague,Paris S-G,1047097.0,2500000.0,100
Alidu Seidu,Rennes,798404.0,6000000.0,100
Abakar Sylla,Strasbourg,962555.0,2500000.0,100
Abdukodir Khusanov,Lens,763079.0,50000000.0,100
Formose Mendy,Lorient,649023.0,4500000.0,100
Silvan Hefti,Montpellier,237666.0,800000.0,100
Duje Ćaleta-Car,Lyon,238266.0,2800000.0,100
Bamo Meïté,Marseille,807165.0,7000000.0,100
Julien Le Cardinal,Brest,794349.0,1500000.0,100
Valentin Rosier,Nice,441170.0,3000000.0,100
Kassoum Ouattara,Monaco,947360.0,12000000.0,100
Sadibou Sané,Metz,1111777.0,7000000.0,100
Sergio Akieme,Reims,355627.0,7000000.0,100
Koffi Kouao,Metz,481513.0,2500000.0,100
Loïc Nego,Le Havre,122840.0,500000.0,100
Josh Wilson-Esbrand,Reims,576121.0,2500000.0,100
Nathaniel Adjei,Lorient,646829.0,1500000.0,100
Nicolas Cozza,Nantes,485965.0,2500000.0,100
Ulisses Garcia,Marseille,192616.0,3000000.0,100
Andy Pelmard,Clermont Foot,494236.0,2000000.0,100
Ronaël Pierre-Gabriel,Nantes,410185.0,1000000.0,100
Christophe Hérelle,Metz,170544.0,1500000.0,100
Oualid El Hajjam,Le Havre,283127.0,800000.0,100
Lucas Mincarelli,Montpellier,982393.0,1000000.0,100
Chrislain Matsima,Clermont Foot,569383.0,22000000.0,100
Maxime Colin,Metz,156618.0,250000.0,100
Steven Baseya,Strasbourg,988468.0,400000.0,100
Jérémy Jacquet,Clermont Foot,1004301.0,55000000.0,100
Ismaël Traoré,Metz,57216.0,250000.0,100
Benjamin Mendy,Lorient,157495.0,400000.0,100
Jean-Kevin Duverne,Nantes,344864.0,2000000.0,100
Yoël Armougom,Clermont Foot,548716.0,175000.0,100
Kévin Van Den Kerkhof,Metz,400680.0,1800000.0,100
Kelvin Amian,Nantes,344072.0,2000000.0,100
Adryelson,Lyon,373433.0,3000000.0,100
Enzo Mongo,Nantes,,,0
Aurélien Pelon,Lorient,918268.0,50000.0,100
Samuel Umtiti,Lille,126540.0,2500000.0,100
Aboubacar Lô,Metz,739076.0,300000.0,100
Luck Zogbé,Brest,1144999.0,1200000.0,100
Ivan M'Bahia,Clermont Foot,1247360.0,50000.0,100
Hugo Boutsingkham,Nantes,620319.0,200000.0,100
Loris Mouyokolo,Lorient,799936.0,300000.0,100
Gino Caoki,Lorient,918250.0,50000.0,100
Bastien Meupiyou,Nantes,955253.0,7000000.0,100
Teddy Teuma,Reims,409153.0,1800000.0,100
Saïd Benrahma,Lyon,290532.0,8500000.0,100
Marco Asensio,Paris S-G,296622.0,15000000.0,100
Imran Louza,Lorient,635336.0,7000000.0,100
Othmane Maamma,Montpellier,1081219.0,300000.0,100
Lee Kang-in,Paris S-G,557149.0,28000000.0,100
Dilane Bakwa,Strasbourg,540664.0,28000000.0,100
Manuel Ugarte,Paris S-G,476701.0,25000000.0,100
Ruben Aguilar,Lens,203746.0,2500000.0,100
Denis Zakaria,Monaco,334526.0,25000000.0,100
Nemanja Matić,Lyon,74683.0,1600000.0,100
Niklas Schmidt,Toulouse,275249.0,1500000.0,100
Andrey Santos,Strasbourg,743600.0,40000000.0,100
Emran Soglo,Marseille,913495.0,700000.0,100
Enzo Le Fée,Rennes,633992.0,28000000.0,100
Azor Matusiwa,Rennes,315145.0,11000000.0,100
Nabil Bentaleb,Lille,245537.0,4500000.0,100
Nampalys Mendy,Lens,111051.0,700000.0,100
Nabil Alioui,Le Havre,344607.0,800000.0,100
Morgan Sanson,Nice,174094.0,3500000.0,100
Kamory Doumbia,Brest,671594.0,9000000.0,100
Habib Keita,Clermont Foot,669000.0,2500000.0,100
Geoffrey Kondogbia,Marseille,127189.0,3000000.0,100
Neil El Aynaoui,Lens,901019.0,23000000.0,100
Douglas,Nantes,99548.0,250000.0,100
Lamine Camara,Metz,918969.0,40000000.0,100
Iliman Ndiaye,Marseille,623570.0,55000000.0,100
Paul Akouokou,Lyon,429901.0,1500000.0,100
Daler Kuzyaev,Le Havre,279570.0,3000000.0,100
Abdoulaye Touré,Le Havre,181382.0,2500000.0,100
Gelabert,Toulouse,505308.0,1500000.0,100
Marquinhos,Nantes,181767.0,28000000.0,100
Ibrahim Cissoko,Toulouse,575693.0,1500000.0,100
Keito Nakamura,Reims,405397.0,10000000.0,100
Badredine Bouanani,Lorient,707242.0,10000000.0,100
Cristian Cásseres Jr.,Toulouse,467632.0,9000000.0,100
Oscar Cortés,Lens,975689.0,2500000.0,100
Senny Mayulu,Paris S-G,903693.0,40000000.0,100
Rabby Nzingoula,Strasbourg,1068110.0,2000000.0,100
Ângelo,Strasbourg,743598.0,15000000.0,100
Junior Mwanga,Strasbourg,1011200.0,6000000.0,100
Oussama Targhalline,Le Havre,667965.0,16000000.0,100
Ludovic Blas,Rennes,288225.0,10000000.0,100
Emmanuel Sabbi,Le Havre,381187.0,2500000.0,100
Amir Richardson,Reims,893675.0,4000000.0,100
Jean Onana,Marseille,656441.0,1000000.0,100
Andy Diouf,Lens,711976.0,20000000.0,100
Josué Casimir,Le Havre,763182.0,3000000.0,100
Tanguy Coulibaly,Montpellier,618425.0,1200000.0,100
Saïmon Bouabré,Monaco,955356.0,15000000.0,100
Alois Confais,Le Havre,292820.0,250000.0,100
Malick Fofana,Lyon,743386.0,30000000.0,100
Yassine Kechta,Le Havre,667967.0,4000000.0,100
Jonas Martin,Brest,127142.0,300000.0,100
Orel Mangala,Lyon,289592.0,9000000.0,100
Tom Louchet,Nice,750904.0,7000000.0,100
Bilal Nadir,Marseille,659520.0,8000000.0,100
Ivan Cavaleiro,Lille,149716.0,350000.0,100
Papa Amadou Diallo,Metz,1099726.0,1000000.0,100
Yaya Kader Fofana,Reims,1044893.0,150000.0,100
Tiemoué Bakayoko,Lorient,182618.0,800000.0,100
Bilal Boutobba,Clermont Foot,344151.0,1200000.0,100
Nolan Mbemba,Le Havre,276768.0,350000.0,100
Aron Dønnum,Toulouse,476836.0,5000000.0,100
Reda Khadra,Reims,405686.0,1200000.0,100
Mamady Bangré,Toulouse,817180.0,400000.0,100
Fabian Rieder,Rennes,507341.0,12000000.0,100
Hákon Arnar Haraldsson,Lille,652275.0,25000000.0,100
Panos Katseris,Lorient,816308.0,2000000.0,100
Ayanda Sishuba,Lens,977877.0,1000000.0,100
Ignacio Miramon,Lille,836518.0,1500000.0,100
Danley Jean-Jacques,Metz,80696.0,400000.0,80
Arthur Atta,Metz,855308.0,25000000.0,100
Adrien Lebeau,Brest,395674.0,300000.0,100
Bénie Traoré,Nantes,852024.0,8000000.0,100
Alan Virginius,Clermont Foot,654415.0,3000000.0,100
Shavy Babicka,Toulouse,916920.0,1500000.0,100
Mahamadou Diawara,Lyon,1053147.0,1000000.0,100
Amadou Koné,Reims,1178474.0,7000000.0,100
Cher Ndour,Paris S-G,651005.0,20000000.0,100
Benjamin Stambouli,Reims,127160.0,250000.0,100
Skelly Alvero,Lyon,855134.0,2500000.0,100
Simon Ebonog,Le Havre,770436.0,4500000.0,100
Jhoanner Chávez,Lens,713787.0,2200000.0,100
Jessy Deminguet,Strasbourg,539232.0,2000000.0,100
Ethan Mbappé,Paris S-G,903666.0,8000000.0,100
Mohamed Bouchenna,Clermont Foot,955360.0,200000.0,85
Abdellah Baallal,Clermont Foot,1028125.0,50000.0,100
Joseph Nduquidi,Metz,919620.0,800000.0,100
Jean N'Guessan,Metz,837329.0,800000.0,100
Faitout Maouassa,Lens,357072.0,4000000.0,100
Mamadou Coulibaly,Monaco,745173.0,15000000.0,100
Samuel Grandsir,Le Havre,432772.0,1500000.0,100
Keyliane Abdallah,Marseille,,,0
Therence Koudou,Reims,910176.0,4000000.0,100
Joel Mvuka,Lorient,700078.0,1500000.0,100
Bassirou Ndiaye,Lorient,938009.0,500000.0,96
Malick Mbaye,Metz,707063.0,400000.0,100
Ayyoub Bouaddi,Lille,1097139.0,50000000.0,100
Ilhan Fakili,Clermont Foot,,,0
Dembo Sylla,Lorient,1049151.0,1000000.0,100
Daouda Traoré,Nice,986300.0,200000.0,100
Yanis Issoufou,Montpellier,1047104.0,100000.0,100
Diego Moreira,Lyon,655006.0,25000000.0,100
Rassoul Ndiaye,Le Havre,662242.0,8000000.0,100
Chaim El Djebali,Lyon,743501.0,300000.0,100
Raimane Daou,Marseille,960655.0,100000.0,100
Antonin Cartillier,Brest,774772.0,200000.0,100
Djaoui Cissé,Rennes,931160.0,10000000.0,100
Ichem Ferrah,Lille,1083024.0,100000.0,100
Aaron Malouda,Lille,974996.0,500000.0,100
Lamine Diack,Nantes,649024.0,300000.0,100
Noam Mayoka-Tika,Marseille,902467.0,300000.0,100
Ousmane Dembélé,Paris S-G,288230.0,100000000.0,100
Pierre-Emerick Aubameyang,Marseille,58864.0,2500000.0,100
Gonçalo Ramos,Paris S-G,550550.0,30000000.0,100
Jeremie Boga,Nice,216569.0,8000000.0,100
Yann Gboho,Toulouse,463613.0,18000000.0,100
Mohamed Bamba,Lorient,619461.0,2000000.0,100
Mohamed Daramy,Reims,574385.0,3000000.0,100
Ismaila Sarr,Marseille,410225.0,40000000.0,100
Bradley Barcola,Paris S-G,708265.0,70000000.0,100
Musa Al-Taamari,Montpellier,1061888.0,250000.0,86
Trévis Dago,Lille,984697.0,200000.0,100
Randal Kolo Muani,Paris S-G,487969.0,20000000.0,100
Mohamed Ali Cho,Nice,134629.0,200000.0,84
Pablo Pagis,Lorient,810411.0,15000000.0,100
Matthis Abline,Nantes,659543.0,20000000.0,100
André Ayew,Le Havre,45403.0,250000.0,100
Ernest Nuamah,Lyon,955070.0,10000000.0,100
Frank Magri,Toulouse,807689.0,3000000.0,100
Mohamed Lamine Bayo,Le Havre,594991.0,4500000.0,100
Morgan Guilavogui,Lens,691786.0,4500000.0,100
Shamar Nicholson,Clermont Foot,354666.0,3200000.0,100
Folarin Balogun,Monaco,503770.0,40000000.0,100
Jérémy Sebas,Strasbourg,999229.0,600000.0,100
Akor Adams,Montpellier,607034.0,15000000.0,100
Adson,Nantes,868891.0,2500000.0,100
Mama Samba Baldé,Lyon,325223.0,3000000.0,100
Elye Wahi,Lens,659542.0,18000000.0,100
Oumar Diakité,Reims,847279.0,5000000.0,100
Faris Pemi Moumbagna,Marseille,599663.0,3500000.0,100
Oscar Estupiñan,Metz,388266.0,3000000.0,100
Kelvin Yeboah,Montpellier,589737.0,7000000.0,100
Aliou Badara Baldé,Nice,666977.0,1800000.0,100
Simon Elisor,Metz,804661.0,1500000.0,100
Ibou Sané,Metz,1111776.0,300000.0,100
Emanuel Emegha,Strasbourg,559328.0,25000000.0,96
Aboubacar Ali,Strasbourg,1010855.0,250000.0,100
Joel Asoro,Metz,375391.0,900000.0,100
Tino Kadewere,Nantes,384060.0,1500000.0,100
Issa Soumaré,Le Havre,568698.0,8000000.0,100
Antoine Joujou,Le Havre,1028162.0,2000000.0,100
Joaquín Correa,Marseille,227081.0,1500000.0,100
Tosin Aiyegun,Lorient,239647.0,1800000.0,100
Gift Orban,Lyon,1018259.0,7000000.0,100
Bertuğ Yıldırım,Rennes,672803.0,7000000.0,100
Yann Karamoh,Montpellier,324804.0,1000000.0,100
Benjamin Tetteh,Metz,306382.0,1000000.0,100
Bilal Brahimi,Brest,789094.0,1000000.0,100
Steve Ngoura,Le Havre,923838.0,5000000.0,100
Amine Salama,Reims,980576.0,1000000.0,100
Elysée Logbo,Le Havre,770407.0,300000.0,100
Lucas Michal,Monaco,810909.0,3500000.0,100
Patrick Ouotro,Strasbourg,1082625.0,1500000.0,100
Adel Mahamoud,Nantes,952436.0,50000.0,100
Adama Bojang,Reims,1111912.0,800000.0,100
Mathis Lambourde,Rennes,979766.0,800000.0,100
Andrej Ilic,Lille,583699.0,9000000.0,100
Royce Openda,Lorient,934838.0,50000.0,100
Mohamed Bechikh,Strasbourg,886503.0,150000.0,100
Sofiane Sidi Ali,Marseille,608739.0,50000.0,100
Tiago Fonseca Morais,Lille,1083095.0,3500000.0,100
Christ Letono,Reims,,,0
Neto,Arsenal,111819.0,900000.0,100
Antonín Kinský,Tottenham,725912.0,15000000.0,100
Brandon Austin,Tottenham,428016.0,500000.0,100
Kepa Arrizabalaga,Bournemouth,192279.0,5000000.0,100
Aaron Ramsdale,Southampton,427568.0,12000000.0,100
Vítězslav Jaroš,Liverpool,486604.0,5000000.0,100
Arijanet Murić,Ipswich Town,371021.0,7500000.0,100
Alex Palmer,Ipswich Town,245625.0,900000.0,100
Mads Hermansen,Leicester City,400536.0,15000000.0,100
Jakub Stolarczyk,Leicester City,486144.0,300000.0,100
Sam Johnstone,Wolves,110864.0,2000000.0,100
Joe Lumley,Southampton,336367.0,450000.0,100
Christian Walton,Ipswich Town,208379.0,900000.0,100
Filip Jørgensen,Chelsea,585323.0,15000000.0,100
Hákon Rafn Valdimarsson,Brentford,488935.0,2500000.0,100
Altay Bayındır,Manchester Utd,336077.0,5000000.0,100
Tom King,Wolves,215810.0,100000.0,100
Dean Huijsen,Bournemouth,890290.0,60000000.0,100
Aaron Wan-Bissaka,West Ham,477758.0,15000000.0,100
Nikola Milenković,Nott'ham Forest,413507.0,28000000.0,100
Emmanuel Agbadou,Wolves,683895.0,16000000.0,100
Maxence Lacroix,Crystal Palace,434224.0,50000000.0,100
Nico O’Reilly,Manchester City,743413.0,70000000.0,96
Conor Townsend,Ipswich Town,146509.0,500000.0,100
Yerson Mosquera,Wolves,716276.0,12000000.0,100
Tosin Adarabioyo,Chelsea,258878.0,16000000.0,100
Riccardo Calafiori,Arsenal,502821.0,55000000.0,100
Noussair Mazraoui,Manchester Utd,340456.0,18000000.0,100
Max Kilman,West Ham,,,0
Dara O'Shea,Ipswich Town,401320.0,16000000.0,100
Sepp van den Berg,Brentford,541231.0,32000000.0,100
Jake O'Brien,Everton,711544.0,18000000.0,100
Matthijs de Ligt,Manchester Utd,326031.0,30000000.0,100
Taylor Harwood-Bellis,Southampton,503977.0,20000000.0,100
Kevin Danso,Tottenham,263236.0,20000000.0,100
Ben Chilwell,Crystal Palace,316125.0,10000000.0,100
Michael Kayode,Brentford,823486.0,40000000.0,100
Tyler Fredricson,Manchester Utd,911424.0,3000000.0,100
Ayden Heaven,Manchester Utd,1078163.0,30000000.0,100
Cameron Burgess,Ipswich Town,255788.0,1500000.0,100
Jacob Greaves,Ipswich Town,693095.0,16000000.0,100
Pedro Lima,Wolves,1193867.0,4000000.0,100
Mats Wieffer,Brighton,415381.0,25000000.0,100
Ian Maatsen,Aston Villa,485585.0,30000000.0,100
Ferdi Kadioglu,Brighton,369316.0,35000000.0,96
Leif Davis,Ipswich Town,596446.0,20000000.0,100
Axel Disasi,Aston Villa,386047.0,15000000.0,100
Myles Lewis-Skelly,Arsenal,890721.0,45000000.0,100
Abdukodir Khusanov,Manchester City,763079.0,50000000.0,100
Caleb Okoli,Leicester City,461833.0,8000000.0,100
Charlie Taylor,Southampton,195633.0,2000000.0,100
Oliver Scarles,West Ham,922563.0,10000000.0,100
Luke Woolfenden,Ipswich Town,527425.0,2000000.0,100
Álex Moreno,Nott'ham Forest,193098.0,3000000.0,100
Lloyd Kelly,Newcastle Utd,480116.0,23000000.0,100
Chadi Riad,Crystal Palace,689637.0,15000000.0,100
Welington,Southampton,729264.0,3000000.0,100
Jean-Clair Todibo,West Ham,605184.0,22000000.0,100
Nathan Wood-Gordon,Southampton,294798.0,2000000.0,100
Yukinari Sugawara,Southampton,405385.0,5500000.0,100
Leny Yoro,Manchester Utd,923831.0,50000000.0,100
Woyo Coulibaly,Leicester City,592975.0,2000000.0,100
Morato,Nott'ham Forest,673492.0,14000000.0,100
Conor Coady,Leicester City,128901.0,1500000.0,100
Alfie Dorrington,Tottenham,796300.0,500000.0,100
Jorge Cuenca,Fulham,494880.0,8000000.0,100
Axel Tuanzebe,Ipswich Town,342046.0,5000000.0,100
Renato Veiga,Chelsea,805714.0,25000000.0,100
Julio Soler,Bournemouth,1009658.0,8000000.0,100
Kosta Nedeljković,Aston Villa,848682.0,6000000.0,100
Ben Johnson,Ipswich Town,468002.0,7000000.0,100
Jayden Meghoma,Brentford,954104.0,2000000.0,100
Ronnie Edwards,Southampton,732165.0,3800000.0,100
Jahmai Simpson-Pusey,Manchester City,942497.0,9000000.0,100
Eric da Silva Moreira,Nott'ham Forest,897481.0,800000.0,100
Joachim Kayi Sanda,Southampton,986298.0,1200000.0,100
Caleb Kporha,Crystal Palace,1047261.0,1000000.0,100
Kim Jisoo,Brentford,73096.0,50000.0,100
Julian Araujo,Bournemouth,513970.0,8000000.0,100
Andrés García,Aston Villa,1063329.0,6000000.0,100
Nasser Djiga,Wolves,862297.0,6000000.0,100
Roman Dixon,Everton,856479.0,150000.0,100
Eiran Cashin,Brighton,581330.0,5000000.0,100
Ben Godfrey,Ipswich Town,343475.0,5000000.0,100
Vitor Reis,Manchester City,1005575.0,30000000.0,100
Olabade Aluko,Leicester City,,,0
George Edmundson,Ipswich Town,385848.0,750000.0,100
Alfie Pond,Wolves,821522.0,200000.0,100
Sávio,Manchester City,607093.0,200000.0,100
Marco Asensio,Aston Villa,296622.0,15000000.0,100
Abdul Fatawu Issahaku,Leicester City,864121.0,20000000.0,100
Reiss Nelson,Fulham,340325.0,8000000.0,100
Carlos Alcaraz,Everton,748319.0,15000000.0,100
Iliman Ndiaye,Everton,623570.0,55000000.0,100
Elliot Anderson,Nott'ham Forest,567576.0,75000000.0,100
Mikel Merino,Arsenal,338424.0,25000000.0,100
Pedro Neto,Chelsea,487465.0,60000000.0,100
Ryan Manning,Southampton,262300.0,2800000.0,100
Jadon Sancho,Chelsea,401173.0,18000000.0,100
Yankuba Minteh,Brighton,1012534.0,45000000.0,100
Patrick Dorgu,Manchester Utd,926952.0,35000000.0,100
Amadou Onana,Aston Villa,485706.0,45000000.0,100
Mateus Fernandes,Southampton,880245.0,50000000.0,100
Toby Collyer,Manchester Utd,654253.0,5000000.0,100
Emile Smith Rowe,Fulham,392765.0,20000000.0,100
André,Wolves,800176.0,25000000.0,100
Romain Esse,Crystal Palace,967319.0,10000000.0,100
Nicolás González,Manchester City,99523.0,100000.0,100
Bilal El Khannouss,Leicester City,654982.0,35000000.0,100
Orel Mangala,Everton,289592.0,9000000.0,100
Matt O'Riley,Brighton,406634.0,18000000.0,100
Marshall Munetsi,Wolves,414908.0,15000000.0,100
Julio Enciso,Ipswich Town,660867.0,25000000.0,100
Brajan Gruda,Brighton,700106.0,28000000.0,100
Diego Gómez,Brighton,996897.0,25000000.0,100
Sander Berge,Fulham,333014.0,25000000.0,100
Georginio Rutter,Brighton,538977.0,30000000.0,100
Manuel Ugarte,Manchester Utd,476701.0,25000000.0,100
Harry Winks,Leicester City,249126.0,7000000.0,100
Crysencio Summerville,West Ham,474701.0,35000000.0,100
Facundo Buonanotte,Leicester City,983989.0,12000000.0,100
Rodrigo Gomes,Wolves,667121.0,15000000.0,100
Guido Rodríguez,West Ham,342385.0,4000000.0,100
Sam Morsy,Ipswich Town,123551.0,400000.0,100
Daichi Kamada,Crystal Palace,356141.0,10000000.0,100
Lucas Bergvall,Tottenham,866246.0,35000000.0,100
Joshua King,Fulham,91059.0,1200000.0,100
Flynn Downes,Southampton,506189.0,12000000.0,100
Lesley Ugochukwu,Southampton,711999.0,22000000.0,100
Stephy Mavididi,Leicester City,340328.0,8000000.0,100
Jack Clarke,Ipswich Town,559794.0,15000000.0,100
Andy Irving,West Ham,430310.0,4500000.0,83
Tyler Dibling,Southampton,866655.0,17000000.0,100
Jens Cajuste,Ipswich Town,468066.0,8000000.0,100
Harry Howell,Brighton,1067168.0,300000.0,100
Ryan Trevitt,Brentford,874538.0,275000.0,100
Ben Winterburn,Bournemouth,854721.0,450000.0,100
Lewis Orford,West Ham,845809.0,300000.0,100
Justin Devenny,Crystal Palace,747009.0,12000000.0,100
Jesper Lindstrøm,Everton,513245.0,4000000.0,100
Edmond-Paris Maghoma,Brentford,,,0
Conor Chaplin,Ipswich Town,349503.0,4000000.0,100
Carlos Soler,West Ham,372246.0,7000000.0,100
Kiernan Dewsbury-Hall,Chelsea,475188.0,35000000.0,100
Adam Lallana,Southampton,43530.0,750000.0,100
Luis Guilherme,West Ham,991800.0,12000000.0,100
Omari Hutchinson,Ipswich Town,741238.0,30000000.0,100
Wes Burns,Ipswich Town,255731.0,1200000.0,100
Jaden Philogene Bidace,Ipswich Town,665390.0,18000000.0,100
Tim Iroegbunam,Everton,696589.0,18000000.0,100
Jack Taylor,Ipswich Town,458178.0,3000000.0,100
Kalvin Phillips,Ipswich Town,351749.0,2500000.0,100
Harry Amass,Manchester Utd,1011738.0,5000000.0,100
Sammie Szmodics,Ipswich Town,292139.0,3500000.0,100
Martial Godo,Fulham,992686.0,22000000.0,100
Oliver Skipp,Leicester City,406638.0,7000000.0,100
Lamare Bogarde,Aston Villa,645686.0,18000000.0,100
Chiedozie Ogbene,Ipswich Town,392591.0,4000000.0,100
Jeremy Monga,Leicester City,503795.0,2200000.0,80
Ben Brereton,Southampton,426192.0,5000000.0,100
Archie Gray,Tottenham,922693.0,35000000.0,100
Bobby De Cordova-Reid,Leicester City,186186.0,700000.0,100
Carlos Forbs,Wolves,742451.0,20000000.0,100
Massimo Luongo,Ipswich Town,181687.0,350000.0,100
Claudio Echeverri,Manchester City,994536.0,15000000.0,100
Mathis Amougou,Chelsea,1010854.0,9000000.0,100
Marcus Harness,Ipswich Town,288323.0,750000.0,100
Harry Clarke,Ipswich Town,528892.0,4000000.0,100
Yunus Emre Konak,Brentford,1141628.0,3500000.0,100
Harrison Armstrong,Everton,1107733.0,12000000.0,100
Albert Grønbaek,Southampton,503866.0,5000000.0,100
Ryan Fraser,Southampton,146795.0,1500000.0,100
Michael Golding,Leicester City,936842.0,2000000.0,100
William Alves,Leicester City,83757.0,500000.0,100
Omar Marmoush,Manchester City,445939.0,50000000.0,100
Evanilson,Bournemouth,711337.0,35000000.0,100
Ismaila Sarr,Crystal Palace,410225.0,40000000.0,100
Marcus Rashford,Aston Villa,258923.0,40000000.0,100
Mathys Tel,Tottenham,801734.0,22000000.0,100
Dominic Solanke,Tottenham,258889.0,28000000.0,100
Jørgen Strand Larsen,Wolves,429983.0,40000000.0,100
Niclas Füllkrug,West Ham,75489.0,3500000.0,100
Liam Delap,Ipswich Town,610849.0,28000000.0,100
Tyrique George,Chelsea,936874.0,20000000.0,100
Gustavo Nunes,Brentford,333913.0,900000.0,100
Jota Silva,Nott'ham Forest,663244.0,10000000.0,100
Eddie Nketiah,Crystal Palace,340324.0,10000000.0,100
Donyell Malen,Aston Villa,326029.0,45000000.0,100
Raheem Sterling,Arsenal,134425.0,3000000.0,100
Ramón Sosa,Nott'ham Forest,745191.0,10000000.0,100
Nathan Butler-Oyedeji,Arsenal,638964.0,800000.0,100
Nathan Broadhead,Ipswich Town,344009.0,7000000.0,100
Thiago,Brentford,37623.0,25000.0,100
Jay Robinson,Southampton,1045124.0,8000000.0,100
Fabio Carvalho,Brentford,559263.0,8000000.0,100
Jordan Ayew,Leicester City,108354.0,1800000.0,100
George Hirst,Ipswich Town,420808.0,10000000.0,100
Joshua Zirkzee,Manchester Utd,435648.0,20000000.0,100
Ross Stewart,Southampton,447995.0,2800000.0,100
Evan Ferguson,West Ham,648046.0,20000000.0,100
Maxwel Cornet,Southampton,234781.0,2000000.0,100
Asher Agbinone,Crystal Palace,1047256.0,75000.0,100
Wilson Odobert,Tottenham,743498.0,18000000.0,100
William Osula,Newcastle Utd,609556.0,28000000.0,100
Chidozie Obi-Martin,Manchester Utd,,,0
Odsonne Édouard,Leicester City,344152.0,12000000.0,100
Armando Broja,Everton,571743.0,5000000.0,100
Daniel Jebbison,Bournemouth,746740.0,6000000.0,100
Marc Guiu,Chelsea,938158.0,12000000.0,100
Cameron Archer,Southampton,533662.0,10000000.0,100
Will Lankshear,Tottenham,,,0
Ali Al Hamadi,Ipswich Town,610581.0,1500000.0,92
Divin Mubama,Manchester City,670848.0,6000000.0,100
Jake Evans,Leicester City,121388.0,400000.0,84
Federico Chiesa,Liverpool,341092.0,13000000.0,100
Mateus Mane,Wolves,1230661.0,20000000.0,100
Zain Silcott-Duberry,Bournemouth,777308.0,200000.0,100
Remy Rees-Dottin,Bournemouth,1089802.0,300000.0,100
Shumaira Mheuka,Chelsea,982097.0,800000.0,100
Luiz Júnior,Villarreal,712107.0,12000000.0,100
Juan Musso,Atlético Madrid,242359.0,3000000.0,100
Augusto Batalla,Rayo Vallecano,275218.0,6000000.0,100
Jasper Cillessen,Las Palmas,146227.0,300000.0,100
Marko Dmitrović,Leganés,94308.0,700000.0,100
Dinko Horkaš,Las Palmas,,,0
Wojciech Szczęsny,Barcelona,44058.0,800000.0,100
Diego Conde,Villarreal,341713.0,3000000.0,100
Vladyslav Krapyvtsov,Girona,1169436.0,300000.0,100
Karl Hein,Valladolid,493513.0,3000000.0,100
Adrián,Betis,16955.0,200000.0,100
Pau López,Girona,286415.0,2500000.0,100
Alex Padilla,Athletic Club,834483.0,3000000.0,100
Adrián Rodríguez,Alavés,608382.0,200000.0,100
Álvaro Fernández,Sevilla,453704.0,2500000.0,100
André Ferreira,Valladolid,290346.0,600000.0,100
Stole Dimitrievski,Valencia,165467.0,2000000.0,100
Fran González,Real Madrid,1055220.0,3000000.0,100
Arnau Rafús,Valladolid,636686.0,200000.0,100
Sergio Arribas,Betis,537762.0,10000000.0,100
Nayef Aguerd,Real Sociedad,361914.0,15000000.0,100
Sergio Gómez,Real Sociedad,366930.0,15000000.0,100
Marcos Alonso,Celta Vigo,112515.0,1200000.0,100
Clément Lenglet,Atlético Madrid,182904.0,4000000.0,100
Sergi Cardona,Villarreal,678406.0,9000000.0,100
Diego Llorente,Betis,246291.0,2500000.0,100
Ángel Ortíz,Betis,933908.0,4000000.0,100
Jorge Sáenz,Leganés,340339.0,1000000.0,100
Raúl Asencio,Real Madrid,935245.0,20000000.0,100
Santiago Mouriño,Alavés,953901.0,20000000.0,100
Ramón Martínez,Sevilla,882710.0,1000000.0,100
Jacobo Ramón,Real Madrid,948278.0,30000000.0,100
Marash Kumbulla,Espanyol,371371.0,3000000.0,100
Carlos Romero,Espanyol,709372.0,25000000.0,100
Enzo Boyomo,Osasuna,541555.0,15000000.0,100
Robin Le Normand,Atlético Madrid,351809.0,20000000.0,100
David López,Mallorca,947431.0,1200000.0,100
Ladislav Krejčí,Girona,345911.0,22000000.0,100
Andoni Gorosabel,Athletic Club,289255.0,3000000.0,100
Valentin Rosier,Leganés,441170.0,3000000.0,100
Javi Rodríguez,Celta Vigo,1076815.0,18000000.0,100
Andy Pelmard,Las Palmas,494236.0,2000000.0,100
Matija Nastasić,Leganés,143559.0,1500000.0,100
Logan Costa,Villarreal,484988.0,15000000.0,100
Sergio González,Leganés,435500.0,700000.0,100
Viti,Las Palmas,493702.0,5000000.0,100
Javi Galán,Atlético Madrid,448628.0,1800000.0,100
Natan,Betis,735568.0,25000000.0,100
Alejandro Francés,Girona,632896.0,3000000.0,100
Ricardo Rodríguez,Betis,86784.0,1400000.0,100
Abdulai Juma Bah,Valladolid,1121298.0,10000000.0,100
Álex Muñoz,Las Palmas,243760.0,1000000.0,100
Gerard Martín,Barcelona,705395.0,35000000.0,100
Álvaro Tejero,Espanyol,290273.0,1800000.0,100
Luken Beitia,Real Sociedad,964190.0,300000.0,100
Ferrán Ruiz,Girona,668210.0,25000.0,100
Pelayo Fernandez,Rayo Vallecano,368582.0,300000.0,83
Facundo Garcés,Alavés,533354.0,1000000.0,100
Pica,Alavés,124668.0,50000.0,100
Johan Mojica,Mallorca,262939.0,1500000.0,100
Abel Bretones,Osasuna,658115.0,3500000.0,100
Adrià Altimira,Leganés,466807.0,2000000.0,100
Scott McKenna,Las Palmas,255906.0,4000000.0,100
Cenk Özkacar,Valladolid,615350.0,4000000.0,100
Manu Sánchez,Alavés,618809.0,6000000.0,100
Javi Hernández,Leganés,422466.0,2000000.0,100
Adam Aznou,Valladolid,938146.0,6000000.0,100
Romain Perraud,Betis,318523.0,7000000.0,100
Aritz Arambarri,Leganés,434602.0,600000.0,100
Pau Navarro,Villarreal,1061336.0,15000000.0,100
Juan Bernat,Getafe,126719.0,1500000.0,100
Enric Franquesa,Leganés,282700.0,1000000.0,100
Willy Kambwala,Villarreal,780630.0,3000000.0,100
Arnau Solà,Villarreal,636697.0,500000.0,100
Iago Parente,Valladolid,1061260.0,150000.0,100
David Argüelles,Getafe,719720.0,150000.0,100
Iker Córdoba,Valencia,834463.0,500000.0,100
Adama Boiro,Athletic Club,710671.0,2500000.0,100
Moussa Diarra,Alavés,694509.0,2000000.0,100
Juan Berrocal,Getafe,461843.0,1500000.0,100
Mateu Morey,Mallorca,388513.0,1400000.0,100
Javi López,Real Sociedad,568158.0,5000000.0,100
Max Aarons,Valencia,471690.0,2500000.0,100
Sergi Dominguez,Barcelona,741258.0,9000000.0,100
Ismael Bekhoucha,Getafe,1164331.0,300000.0,100
Eray Cömert,Valladolid,298583.0,2500000.0,100
Borna Barišić,Leganés,39125.0,400000.0,100
Roger Hinojo,Espanyol,56435.0,550000.0,100
Nobel Mendy,Betis,1034853.0,7500000.0,100
Hugo Novoa,Alavés,668276.0,1000000.0,100
Antonio Candela,Valladolid,392881.0,900000.0,100
Joseph Aidoo,Valladolid,358250.0,1000000.0,100
Maximiliano Caufriez,Valencia,369267.0,900000.0,100
Raúl Chasco,Valladolid,520093.0,400000.0,100
Henrique,Valladolid,33572.0,750000.0,100
Rodrigo Abajas,Valencia,131505.0,5000000.0,100
Valentín Pezzolesi,Las Palmas,1271065.0,100000.0,100
Lorenzo Aguado,Real Madrid,84921.0,200000.0,82
Antony,Betis,602105.0,40000000.0,100
Dani Olmo,Barcelona,293385.0,60000000.0,100
Joan Jordán,Alavés,263727.0,1000000.0,100
Pape Gueye,Villarreal,485963.0,40000000.0,100
Iker Almena,Girona,1061656.0,1200000.0,100
Marc Bernal,Barcelona,1018920.0,30000000.0,100
Bryan Gil,Girona,537382.0,8000000.0,100
Enzo Barrenechea,Valencia,671915.0,12000000.0,100
Saúl Ñíguez,Sevilla,148928.0,1000000.0,100
Luis Rioja,Valencia,278837.0,1800000.0,100
Adnan Januzaj,Las Palmas,177847.0,1000000.0,100
Ibrahim Alani,Valladolid,1367276.0,500000.0,100
Ilaix Moriba,Celta Vigo,617074.0,15000000.0,100
Carles Aleñá,Alavés,284854.0,3000000.0,100
Juan Cruz,Leganés,585700.0,3000000.0,100
Yaser Asprilla,Girona,857818.0,14000000.0,100
Luka Sučić,Real Sociedad,502722.0,10000000.0,100
Dario Essugo,Las Palmas,670717.0,15000000.0,100
Ruben Vargas,Sevilla,345886.0,12000000.0,100
Ramón Terrats,Getafe,783396.0,3000000.0,100
Manuel Fuster,Las Palmas,511021.0,1500000.0,91
Arthur Melo,Girona,362842.0,4000000.0,100
Conor Gallagher,Atlético Madrid,488362.0,32000000.0,100
Albert Sambi Lokonga,Sevilla,381967.0,12000000.0,100
James Rodríguez,Rayo Vallecano,88103.0,1500000.0,100
Yvan Neyou,Leganés,469669.0,2000000.0,100
Roberto Navarro,Mallorca,37403.0,500000.0,100
Raúl,Valladolid,520093.0,400000.0,100
Renato Tapia,Leganés,277137.0,1500000.0,100
Donny van de Beek,Girona,288255.0,1800000.0,100
Pedro Díaz,Rayo Vallecano,363057.0,3000000.0,100
Urko González,Espanyol,625651.0,12000000.0,100
Fer López,Celta Vigo,1064471.0,16000000.0,100
Florian Grillitsch,Valladolid,195736.0,2500000.0,100
Tajon Buchanan,Villarreal,638793.0,12000000.0,100
Sergio Viera,Las Palmas,1338984.0,25000.0,100
Jesus Rodríguez,Betis,1190411.0,30000000.0,100
Coba da Costa,Getafe,1033005.0,1500000.0,100
Alex Král,Espanyol,337333.0,2500000.0,100
Seydouba Cissé,Leganés,22339.0,400000.0,80
Gabriel Osei Misehouy,Girona,435338.0,75000000.0,100
Gerard Gumbau,Rayo Vallecano,268670.0,1200000.0,100
Stefan Bajcetic,Las Palmas,864799.0,4000000.0,100
Peio Canales,Athletic Club,66106.0,3000000.0,84
Daniel Luna,Mallorca,857830.0,600000.0,100
Ivan Jaime Pajuelo,Valencia,610335.0,4000000.0,100
Diego Martín,Las Palmas,1134878.0,25000.0,100
Daniel Rodriguez,Barcelona,530421.0,800000.0,100
Antoniu,Espanyol,834744.0,1800000.0,100
Carles Pérez,Getafe,282810.0,1800000.0,100
Stanis Idumbo,Sevilla,743387.0,4000000.0,100
Peque,Sevilla,639733.0,3000000.0,100
Valentín Barco,Sevilla,849410.0,40000000.0,100
Pere Milla,Espanyol,225593.0,1000000.0,100
Valery Fernández,Mallorca,331496.0,1000000.0,100
Mario Martín,Valladolid,948273.0,10000000.0,100
Tamás Nikitscher,Valladolid,633056.0,800000.0,100
Justin Smith,Espanyol,904712.0,100000.0,100
Amath,Valladolid,339820.0,1500000.0,100
Álvaro Aguado,Espanyol,449496.0,3000000.0,100
Chuky san jose,Valladolid,,,0
Mario Maroto,Valladolid,710484.0,200000.0,100
Israel Domínguez,Sevilla,916014.0,200000.0,93
Germán Valera,Valencia,548188.0,6000000.0,100
Thiago Ojeda,Villarreal,37623.0,25000.0,100
Stanko Jurić,Valladolid,388125.0,1200000.0,100
Roberto López,Leganés,569866.0,1000000.0,100
Jan Salas,Mallorca,1063574.0,500000.0,100
Peter González,Getafe,456523.0,700000.0,88
Julián Chicco,Leganés,401583.0,450000.0,100
Carlos Guirao,Betis,1054429.0,300000.0,100
Pablo Garcia,Betis,961087.0,8000000.0,100
Martín Tejón,Valencia,941883.0,1000000.0,100
Daniel Díaz,Real Sociedad,530421.0,800000.0,100
Endika Buján,Athletic Club,,,0
Darío Benavides,Sevilla,711626.0,400000.0,100
Xavier Moreno,Valladolid,243783.0,200000.0,100
Chema,Real Madrid,51556.0,150000.0,100
Mateo Flores,Betis,1061283.0,1000000.0,100
Víctor Meseguer,Valladolid,658269.0,1500000.0,100
Abdoulaye Keita,Getafe,93716.0,300000.0,100
Aboubacar Bassinga,Las Palmas,1210422.0,200000.0,100
Daniel Requena,Villarreal,530421.0,800000.0,100
José Carlos González,Las Palmas,425571.0,150000.0,100
Rafael Bauza,Espanyol,61892.0,800000.0,100
Daniel Yañez,Real Madrid,530421.0,800000.0,100
Kylian Mbappé,Real Madrid,342229.0,180000000.0,100
Cucho,Betis,459463.0,18000000.0,100
Julián Álvarez,Atlético Madrid,576024.0,100000000.0,100
Dani Raba,Leganés,413262.0,1200000.0,100
Ayoze Pérez,Villarreal,246968.0,5000000.0,100
Yan Diomandé,Leganés,1390649.0,90000000.0,100
Nicolas Pépé,Villarreal,343052.0,6000000.0,100
Fábio Silva,Las Palmas,505653.0,22000000.0,100
Alexander Sørloth,Atlético Madrid,238407.0,18000000.0,100
Thierno Barry,Villarreal,937941.0,30000000.0,100
Bryan Zaragoza,Osasuna,713644.0,8000000.0,100
Chidera Ejuke,Sevilla,500067.0,4000000.0,100
Álvaro Rodríguez,Getafe,948275.0,10000000.0,100
Christantus Uche,Getafe,1124005.0,12000000.0,100
Roberto Férnandez,Espanyol,720518.0,10000000.0,100
Toni Martínez,Alavés,302371.0,7500000.0,100
Borja Iglesias,Celta Vigo,278359.0,2800000.0,100
Arnaut Danjuma,Girona,355861.0,3000000.0,100
Oliver McBurnie,Las Palmas,298477.0,2500000.0,88
Pau Victor,Barcelona,707572.0,15000000.0,100
Adrian Niño,Atlético Madrid,926849.0,500000.0,100
Naci Ünüvar,Espanyol,508639.0,1000000.0,100
Munir El Haddadi,Leganés,223725.0,2500000.0,100
Álvaro Pascual,Sevilla,1305792.0,1000000.0,100
Duk,Leganés,535959.0,2500000.0,100
Maroan Sannadi,Athletic Club,1054934.0,3000000.0,100
Karl Etta Eyong,Villarreal,1038950.0,15000000.0,100
Bojan Miovski,Girona,476219.0,2500000.0,100
Bertuğ Yıldırım,Getafe,672803.0,7000000.0,100
Pau Cabanes,Alavés,1063553.0,800000.0,100
Irvin Cardona,Espanyol,342226.0,2500000.0,100
Carlos Martín,Alavés,618813.0,1500000.0,100
Vitor Roque,Betis,943837.0,38000000.0,100
Takuma Asano,Mallorca,245744.0,1500000.0,100
Arkaitz Mariezkurrena,Real Sociedad,962145.0,800000.0,100
Stoichkov,Alavés,,,0
Mateo Mejía,Sevilla,1197773.0,300000.0,86
Papa Ba,Girona,1337084.0,50000.0,100
Juanmi Latasa,Valladolid,623521.0,2000000.0,100
Mamadou Sylla,Valladolid,166683.0,1000000.0,100
Walid Cheddira,Espanyol,521407.0,2000000.0,100
Umar Sadiq,Valencia,337715.0,4000000.0,100
Álvaro djaló,Athletic Club,671649.0,4500000.0,100
Abel Ruiz,Girona,340376.0,2000000.0,100
Endrick,Real Madrid,971570.0,40000000.0,100
Asier Villalibre,Alavés,251897.0,2500000.0,100
Tomás Conechny,Alavés,401571.0,2500000.0,100
Marc Domenech,Mallorca,1296876.0,1000000.0,100
Alejo Véliz,Espanyol,888493.0,4000000.0,100
Juanmi,Getafe,126737.0,1000000.0,100
Diego,Leganés,376155.0,450000.0,100
Sébastien Haller,Leganés,181375.0,1000000.0,100
Luka Romero,Alavés,769063.0,3000000.0,100
Orri Steinn Óskarsson,Real Sociedad,660438.0,20000000.0,100
Dani Gómez,Valencia,422460.0,1200000.0,100
Jaime Mata,Las Palmas,227961.0,900000.0,100
Kelechi Iheanacho,Sevilla,295330.0,3000000.0,100
Alex Sola,Getafe,434990.0,2000000.0,100
Akor Adams,Sevilla,607034.0,15000000.0,100
Miguel,Leganés,14514.0,600000.0,100
David Otorbi,Valencia,1009766.0,500000.0,100
Kim Minsu,Girona,73096.0,50000.0,100
Javi Martón,Athletic Club,711394.0,500000.0,100
Adrian Baquerin,Valladolid,295414.0,1500000.0,81
Chiquinho,Mallorca,334557.0,5000000.0,100
Etienne Eto'o,Rayo Vallecano,707359.0,300000.0,100
Arturo Rodríguez,Las Palmas,171402.0,150000.0,100
Víctor Muñoz,Real Madrid,935231.0,30000000.0,100
Leandro Antonetti,Sevilla,892926.0,200000.0,100
Tiago Pereira Cardoso,Gladbach,926301.0,1500000.0,100
Marius Müller,Wolfsburg,118161.0,700000.0,100
Thomas Dähne,Holstein Kiel,115979.0,350000.0,100
Kauã Santos,Eint Frankfurt,997861.0,7000000.0,100
Lasse Riess,Mainz 05,490609.0,500000.0,90
Ben Voll,St. Pauli,453742.0,500000.0,100
Nikola Vasilj,St. Pauli,248454.0,4500000.0,100
Kamil Grabara,Wolfsburg,346551.0,12000000.0,100
Luca Philipp,Hoffenheim,432671.0,750000.0,100
Nediljko Labrović,Augsburg,610190.0,2000000.0,100
Maarten Vandevoordt,RB Leipzig,486046.0,15000000.0,100
Timo Horn,Bochum,84938.0,700000.0,100
Frank Feller,Heidenheim,806948.0,800000.0,100
Patrick Drewes,Bochum,94192.0,300000.0,100
Timon Weiner,Holstein Kiel,296428.0,500000.0,100
Jonas Urbig,Bayern Munich,607720.0,18000000.0,100
Waldemar Anton,Dortmund,193004.0,18000000.0,100
Nathaniel Brown,Eint Frankfurt,691892.0,40000000.0,100
Denis Vavro,Wolfsburg,239962.0,5000000.0,100
Chrislain Matsima,Augsburg,569383.0,22000000.0,100
Moritz Jenz,Mainz 05,460245.0,5000000.0,100
Rasmus Kristensen,Eint Frankfurt,369684.0,10000000.0,100
Hannes Behrens,Hoffenheim,829838.0,5000000.0,92
Arthur Theate,Eint Frankfurt,368891.0,17000000.0,100
Eric Smith,St. Pauli,292534.0,5000000.0,100
Hiroki Ito,Bayern Munich,353892.0,18000000.0,100
Mario Hermoso,Leverkusen,281769.0,7000000.0,100
Ridle Baku,RB Leipzig,327251.0,12000000.0,100
Keven Schlotterbeck,Augsburg,413843.0,6000000.0,100
Julian Chabot,Stuttgart,341434.0,50000.0,80
David Odogu,Wolfsburg,897423.0,5000000.0,100
Frans Krätzig,Heidenheim,604320.0,2800000.0,100
Hauke Wahl,St. Pauli,154147.0,1500000.0,100
Cedric Zesiger,Augsburg,382478.0,5000000.0,100
Karol Mets,St. Pauli,139304.0,600000.0,100
Ameen Al-Dakhil,Stuttgart,620598.0,3000000.0,100
Nordi Mukiele,Leverkusen,348026.0,16000000.0,100
Patrick Erras,Holstein Kiel,193859.0,300000.0,100
Philipp Treu,St. Pauli,335993.0,15000000.0,100
Konstantinos Koulierakis,Wolfsburg,669380.0,25000000.0,100
Leopold Querfeld,Union Berlin,597432.0,20000000.0,100
Valentin Gendrey,Hoffenheim,569387.0,6000000.0,100
David Nemeth,St. Pauli,451906.0,2500000.0,100
Philipp Sander,Gladbach,388409.0,4000000.0,100
Leo Skiri Østigård,Hoffenheim,367284.0,13000000.0,100
Kosta Nedeljković,RB Leipzig,848682.0,6000000.0,100
Jakov Medić,Bochum,488755.0,2000000.0,100
Tom Rothe,Union Berlin,798043.0,10000000.0,100
Lars Ritzka,St. Pauli,333903.0,1000000.0,100
Finn Jeltsch,Stuttgart,924117.0,35000000.0,100
Arthur Chaves,Hoffenheim,875332.0,5000000.0,100
Noahkai Banks,Augsburg,923945.0,20000000.0,100
Lutsharel Geertruida,RB Leipzig,420210.0,20000000.0,100
Marco Komenda,Holstein Kiel,335631.0,800000.0,100
Ramon Hendriks,Stuttgart,436064.0,25000000.0,100
David Zec,Holstein Kiel,469709.0,2500000.0,100
Tymoteusz Puchacz,Holstein Kiel,361575.0,1500000.0,100
Anrie Chase,Stuttgart,948537.0,2000000.0,100
Max Geschwill,Holstein Kiel,471890.0,1200000.0,100
Lasse Rosenboom,Holstein Kiel,512352.0,1200000.0,100
Aurele Amenda,Eint Frankfurt,635645.0,10000000.0,100
Luca Jaquez,Stuttgart,539798.0,10000000.0,100
Max Rosenfelder,Freiburg,599419.0,6000000.0,100
Henri Koudossou,Augsburg,515624.0,1200000.0,100
Ifechukwu Ogbus,Freiburg,,,0
Siebe Van Der Heyden,St. Pauli,400131.0,3000000.0,100
Adam Dźwigała,St. Pauli,236966.0,800000.0,96
Timo Becker,Holstein Kiel,282349.0,1500000.0,100
Mads Roerslev,Wolfsburg,391005.0,4000000.0,100
Almugera Kabar,Dortmund,884820.0,3000000.0,100
Nikolas Veratschnig,Mainz 05,601143.0,2500000.0,100
Dominik Javorček,Holstein Kiel,610608.0,350000.0,100
Marko Ivezić,Holstein Kiel,706024.0,1500000.0,100
Yannik Lührs,Dortmund,627356.0,700000.0,100
Jeanuël Belocian,Leverkusen,919515.0,12000000.0,100
Robin Hranáč,Hoffenheim,620217.0,10000000.0,100
Carl Johansson,Holstein Kiel,225043.0,450000.0,100
Adam Aznou,Bayern Munich,938146.0,6000000.0,100
Ivan Nekić,Holstein Kiel,464333.0,700000.0,100
Finley Stevens,St. Pauli,587019.0,500000.0,88
Kacper Koscierski,Bochum,1058515.0,700000.0,100
Michael Olise,Bayern Munich,566723.0,150000000.0,100
Aleix García,Leverkusen,261504.0,20000000.0,100
Pascal Groß,Dortmund,82873.0,2500000.0,100
Daniel Svensson,Dortmund,579287.0,22000000.0,100
Léo Scienza,Heidenheim,804219.0,9000000.0,100
Kevin Stöger,Gladbach,106872.0,1800000.0,100
Jackson Irvine,St. Pauli,192557.0,1000000.0,100
Tom Krauß,Bochum,405687.0,4500000.0,100
Emi Buendía,Leverkusen,321247.0,16000000.0,81
Kaishu Sano,Mainz 05,643574.0,40000000.0,100
Dimitris Giannoulis,Augsburg,295630.0,3000000.0,97
Andreas Skov Olsen,Wolfsburg,432982.0,6000000.0,100
El Bilal Touré,Stuttgart,649016.0,13000000.0,100
Noah Weißhaupt,St. Pauli,392163.0,5000000.0,100
Manolis Saliakas,St. Pauli,242661.0,2000000.0,100
Frank Onyeka,Augsburg,421637.0,8000000.0,100
Johan Manzambi,Freiburg,927353.0,50000000.0,100
Mathias Honsak,Heidenheim,283497.0,1700000.0,100
John Tolkin,Holstein Kiel,683812.0,2500000.0,100
Can Uzun,Eint Frankfurt,816585.0,45000000.0,100
Carney Chukwuemeka,Dortmund,659459.0,20000000.0,100
Marius Wolf,Augsburg,193900.0,2500000.0,100
Bazoumana Touré,Hoffenheim,1067904.0,40000000.0,100
Robert Skov,Union Berlin,270393.0,2000000.0,100
Ibrahima Sissoko,Bochum,372712.0,2000000.0,100
Niklas Dorsch,Heidenheim,251302.0,2500000.0,100
Alexander Prass,Hoffenheim,434116.0,9000000.0,100
Mahmoud Dahoud,Eint Frankfurt,191422.0,2000000.0,100
Giorgos Masouras,Bochum,329517.0,1500000.0,90
Finn Porath,Holstein Kiel,241307.0,600000.0,100
James Sands,St. Pauli,393321.0,5000000.0,100
Fabian Rieder,Stuttgart,507341.0,12000000.0,100
Nicolai Remberg,Holstein Kiel,592534.0,9000000.0,100
Tidiam Gomis,RB Leipzig,955448.0,5000000.0,100
László Bénes,Union Berlin,243188.0,2500000.0,100
Patrick Osterhage,Freiburg,443331.0,12000000.0,100
Bence Dárdai,Wolfsburg,789252.0,5000000.0,100
Yusuf Kabadayı,Augsburg,351181.0,200000.0,100
Yannik Keitel,Stuttgart,342039.0,2000000.0,100
João Palhinha,Bayern Munich,257455.0,15000000.0,100
Oscar Højlund,Eint Frankfurt,846310.0,15000000.0,100
Armin Gigovic,Holstein Kiel,651269.0,2500000.0,100
Issa Kaboré,Werder Bremen,649452.0,4000000.0,100
Derrick Köhn,Werder Bremen,391780.0,4000000.0,100
Dani de Wit,Bochum,340459.0,3500000.0,100
Paul Wanner,Heidenheim,900909.0,22000000.0,100
Carlo Boukhalfa,St. Pauli,329373.0,3500000.0,100
Yan Couto,Dortmund,627228.0,17000000.0,100
Hong Hyunseok,Mainz 05,562948.0,2500000.0,96
Arthur Vermeeren,RB Leipzig,926694.0,20000000.0,100
Julian Niehues,Heidenheim,530173.0,1500000.0,100
Lewis Holtby,Holstein Kiel,55508.0,300000.0,100
Luca Kerber,Heidenheim,809498.0,2000000.0,100
Magnus Knudsen,Holstein Kiel,651735.0,3000000.0,100
Justin Diehl,Stuttgart,720162.0,1200000.0,100
Tim Skarke,Union Berlin,287920.0,1500000.0,100
Jan-Niklas Beste,Freiburg,342967.0,10000000.0,85
Lennard Maloney,Mainz 05,392710.0,2500000.0,100
Koji Miyoshi,Bochum,295060.0,1000000.0,100
Connor Metcalfe,St. Pauli,522223.0,1500000.0,100
Erik Ahlstrand,St. Pauli,501049.0,400000.0,100
Marvin Schulz,Holstein Kiel,168678.0,700000.0,100
Mats Pannewig,Bochum,796221.0,2500000.0,100
Viggo Gebel,RB Leipzig,1074526.0,350000.0,100
Robert Wagner,St. Pauli,690429.0,1400000.0,100
Scott Banks,St. Pauli,596821.0,300000.0,100
Florian Micheler,Hoffenheim,808664.0,500000.0,100
Paul Hennrich,Hoffenheim,810108.0,1200000.0,100
Ayman Azhil,Dortmund,452068.0,400000.0,100
Assan Ouedraogo,RB Leipzig,897424.0,28000000.0,100
Jarzinho Malanga,Stuttgart,1031774.0,1700000.0,100
Tim Kleindienst,Gladbach,193033.0,8000000.0,100
Serhou Guirassy,Dortmund,270541.0,32000000.0,100
Mohamed Amoura,Wolfsburg,746910.0,20000000.0,100
Alexis Claude-Maurice,Augsburg,384593.0,15000000.0,100
Adam Hložek,Hoffenheim,552057.0,10000000.0,100
Shuto Machino,Holstein Kiel,550580.0,4000000.0,100
Alexander Bernhardsson,Holstein Kiel,633454.0,3000000.0,100
Morgan Guilavogui,St. Pauli,691786.0,4500000.0,100
Steven Skrzybski,Holstein Kiel,93827.0,1300000.0,100
Danel Sinani,St. Pauli,346499.0,3000000.0,100
Nick Woltemade,Stuttgart,455661.0,55000000.0,100
Andrej Ilic,Union Berlin,583699.0,9000000.0,100
Maximilian Beier,Dortmund,578392.0,40000000.0,100
Martin Terrier,Leverkusen,442891.0,8000000.0,100
Budu Zivzivadze,Heidenheim,187097.0,1200000.0,100
Ermedin Demirović,Stuttgart,335457.0,22000000.0,100
Elias Saad,St. Pauli,74600.0,1200000.0,100
Jeong Woo-yeong,Union Berlin,297583.0,3500000.0,100
Antonio Nusa,RB Leipzig,894914.0,32000000.0,100
Myron Boadu,Bochum,412932.0,4000000.0,100
Benedikt Pichler,Holstein Kiel,331362.0,1500000.0,100
Phil Harres,Holstein Kiel,,,0
Andu Kelati,Holstein Kiel,,,0
Keke Topp,Werder Bremen,701757.0,3000000.0,100
Michy Batshuayi,Eint Frankfurt,179184.0,2000000.0,100
Oladapo Afolayan,St. Pauli,487850.0,1000000.0,100
Marco Grüll,Werder Bremen,391766.0,4000000.0,100
Eren Dinkçi,Freiburg,645774.0,6000000.0,100
Johannes Eggestein,St. Pauli,251303.0,2200000.0,100
Haris Tabakovic,Hoffenheim,203123.0,3500000.0,100
David Mokwa,Hoffenheim,974894.0,1000000.0,100
André Silva,Werder Bremen,198008.0,3000000.0,100
Mikkel Kaufmann,Heidenheim,545332.0,1500000.0,100
Steve Mounié,Augsburg,238639.0,1500000.0,100
Maximilian Breunig,Heidenheim,584254.0,1000000.0,100
Gift Orban,Hoffenheim,1018259.0,7000000.0,100
Marin Ljubicic,Union Berlin,838236.0,2500000.0,100
Arnaud Nordin,Mainz 05,324811.0,4000000.0,100
Sirlord Conteh,Heidenheim,307183.0,1200000.0,100
Andreas Albers,St. Pauli,88647.0,350000.0,100
Armindo Sieb,Mainz 05,569033.0,2500000.0,100
Jann-Fiete Arp,Holstein Kiel,,,0
Igor Matanovic,Eint Frankfurt,605268.0,22000000.0,100
Samuel Essende,Augsburg,395522.0,2500000.0,100
Noah Pesch,Gladbach,696028.0,600000.0,100
Ivan Prtajin,Union Berlin,340700.0,1500000.0,100
Cole Campbell,Dortmund,866579.0,5000000.0,100
Abdoulie Ceesay,St. Pauli,1280281.0,1000000.0,100
Erencan Yardimci,Hoffenheim,618898.0,2000000.0,93
David Preu,Union Berlin,745075.0,400000.0,100
Elye Wahi,Eint Frankfurt,659542.0,18000000.0,100
Samuel Bamba,Bochum,684318.0,450000.0,100
Aliou Badara Baldé,Bochum,666977.0,1800000.0,100
Maurides,St. Pauli,227511.0,350000.0,100
Faik Sakar,RB Leipzig,,,0
Jonah Kusi-Asare,Bayern Munich,1069512.0,3000000.0,100
Benjamin Siegrist,Genoa,111426.0,400000.0,100
Rui Patrício,Atalanta,45026.0,600000.0,100
Filip Stanković,Venezia,552223.0,5000000.0,100
Josep Martínez,Inter,388516.0,10000000.0,100
Elia Caprile,Cagliari,421873.0,15000000.0,100
David De Gea,Fiorentina,59377.0,3500000.0,100
Alberto Paleari,Torino,163048.0,1200000.0,100
Jean Butez,Como,290537.0,8000000.0,100
Zion Suzuki,Parma,432298.0,20000000.0,100
Răzvan Sava,Udinese,568617.0,2500000.0,100
Stefano Turati,Monza,543666.0,3000000.0,100
Michele Di Gregorio,Juventus,301238.0,10000000.0,100
Ionuț Radu,Venezia,303657.0,9000000.0,100
Alen Sherri,Cagliari,304144.0,800000.0,100
Leandro Chichizola,Parma,95736.0,400000.0,100
Jesse Joronen,Venezia,131758.0,500000.0,100
Giuseppe Ciocci,Cagliari,535740.0,100000.0,100
Simone Scuffet,Napoli,238993.0,900000.0,100
Semuel Pizzignacco,Monza,537171.0,750000.0,100
Pierluigi Gollini,Roma,244192.0,800000.0,100
Devis Vásquez,Empoli,495722.0,1500000.0,100
Andrea Mazza,Monza,815567.0,75000.0,100
Marco Silvestri,Empoli,85528.0,500000.0,100
Pepe Reina,Como,7825.0,600000.0,100
Emil Audero,Como,256339.0,2800000.0,100
Jacopo Seghetti,Empoli,935777.0,150000.0,100
Oumar Solet,Udinese,463665.0,23000000.0,100
Renato Veiga,Juventus,805714.0,25000000.0,100
Alessandro Buongiorno,Napoli,386446.0,30000000.0,100
Juan Miranda,Bologna,341227.0,15000000.0,100
Kialonda,Lecce,,,0
Strahinja Pavlović,Milan,574671.0,40000000.0,100
Emerson,Milan,181778.0,9000000.0,100
Robin Gosens,Fiorentina,273132.0,4000000.0,100
Tiago Gabriel,Lecce,1112449.0,15000000.0,100
Mats Hummels,Roma,39728.0,2000000.0,100
Nicolás Valentini,Hellas Verona,860992.0,3000000.0,100
Marc-Oliver Kempf,Como,160938.0,3500000.0,94
Pablo Marí,Fiorentina,210178.0,2000000.0,100
Nuno Tavares,Lazio,535955.0,12000000.0,100
Cristiano Biraghi,Torino,124555.0,900000.0,100
Enrico Del Prato,Parma,392956.0,6000000.0,96
Pierre Kalulu,Juventus,585949.0,32000000.0,100
Saúl Coco,Torino,588426.0,7500000.0,100
Emil Holm,Bologna,496745.0,10000000.0,100
Fali Candé,Venezia,520530.0,3000000.0,100
Martin Erlic,Bologna,357003.0,4000000.0,100
Daniele Ghilardi,Hellas Verona,701819.0,18000000.0,100
Victor Nelsson,Roma,422951.0,6000000.0,100
Ignace Van Der Brempt,Como,490423.0,3000000.0,100
Samuel Gigot,Lazio,276896.0,1200000.0,100
Guillermo Maripán,Torino,249730.0,2000000.0,100
Giorgio Altare,Venezia,354909.0,800000.0,100
Kyle Walker,Milan,95424.0,1500000.0,100
Frederic Guilbert,Lecce,354352.0,800000.0,100
Mërgim Vojvoda,Como,336125.0,2500000.0,100
Leonardo Spinazzola,Napoli,118689.0,3500000.0,100
Lloyd Kelly,Juventus,480116.0,23000000.0,100
Alessandro Circati,Parma,867137.0,12000000.0,100
Juan David Cabal,Juventus,662332.0,12000000.0,100
Rafa Marín,Napoli,662261.0,12000000.0,100
Sebastiano Luperto,Cagliari,278531.0,4000000.0,100
Davide Calabria,Bologna,262523.0,4500000.0,100
Nicolò Savona,Juventus,708072.0,15000000.0,100
Stefan Posch,Atalanta,223974.0,6000000.0,100
Jay Idzes,Venezia,546926.0,14000000.0,100
Álex Valle,Como,709957.0,12000000.0,100
Alberto Dossena,Como,385394.0,6000000.0,100
Ivan Smolčić,Como,571271.0,3500000.0,100
Alberto costa,Juventus,877139.0,18000000.0,100
Matteo Palma,Udinese,1058354.0,5000000.0,100
Nicolò Casale,Bologna,389837.0,3800000.0,100
José Luis Palomino,Cagliari,125020.0,300000.0,100
Matias Moreno,Fiorentina,1144700.0,6000000.0,100
Luca Marianucci,Empoli,814446.0,7000000.0,100
Marin Šverko,Venezia,282169.0,400000.0,100
Honest Ahanor,Genoa,1077175.0,30000000.0,100
Alessandro Vogliacco,Parma,330208.0,2500000.0,100
Marin Pongračić,Fiorentina,282144.0,6500000.0,100
Edoardo Goldaniga,Como,242940.0,2000000.0,100
Sebastian Walukiewicz,Torino,345458.0,5000000.0,100
Alberto Moreno,Como,207917.0,1000000.0,100
Odilon Kossounou,Atalanta,644771.0,15000000.0,100
Martin Frese,Hellas Verona,488785.0,2500000.0,100
Giovanni Leoni,Parma,1086619.0,25000000.0,100
Arvid Brorsson,Monza,381706.0,500000.0,100
Fellipe Jack,Como,1004723.0,1800000.0,100
Tomás Palacios,Monza,993645.0,6000000.0,100
Alessandro Marcandalli,Venezia,818448.0,14000000.0,100
Gaby Jean,Lecce,805886.0,1500000.0,100
Nadir Zortea,Cagliari,392966.0,7000000.0,100
Mattia De Sciglio,Empoli,88682.0,1000000.0,100
Danilo Veiga,Lecce,728485.0,2500000.0,100
Federico Barba,Como,165873.0,500000.0,100
Saba Goglichidze,Empoli,906160.0,3500000.0,100
Woyo Coulibaly,Parma,592975.0,2000000.0,100
Ben Godfrey,Atalanta,343475.0,5000000.0,100
Flavius Daniliuc,Hellas Verona,322655.0,5000000.0,100
Oliver Nielsen,Lazio,400542.0,1800000.0,84
Joël Schingtienne,Venezia,707809.0,2000000.0,100
Alessio Iovine,Como,330472.0,400000.0,100
Brooke Norton-Cuffy,Genoa,728733.0,15000000.0,100
Antonio Candela,Venezia,392881.0,900000.0,100
Anass Salah-Eddine,Roma,485584.0,12000000.0,100
Andy Pelmard,Lecce,494236.0,2000000.0,100
Mathias Løvik,Parma,661212.0,4000000.0,100
Souleymane Touré,Udinese,490415.0,150000.0,86
Mario Hermoso,Roma,281769.0,7000000.0,100
Ali Dembélé,Torino,1004344.0,300000.0,100
Kevin Bonifazi,Lecce,247377.0,300000.0,100
Samuel Dahl,Roma,605396.0,13000000.0,100
Stefan Lekovic,Monza,797572.0,2500000.0,100
Jonas Rouhi,Juventus,741090.0,2000000.0,100
Saba Sazonov,Empoli,655456.0,800000.0,100
Sebastian Otoa,Genoa,890385.0,2500000.0,100
Oliver Abildgaard,Como,325993.0,500000.0,100
Yllan Okou,Hellas Verona,745202.0,2000000.0,100
Lorenzo Tosto,Empoli,942814.0,1200000.0,100
Nicola Pintus,Cagliari,885230.0,400000.0,100
Scott McTominay,Napoli,315969.0,40000000.0,100
Alexis Saelemaekers,Roma,381950.0,20000000.0,100
Nicolás Paz,Como,991132.0,400000.0,100
Lucas Da Cunha,Como,495667.0,20000000.0,100
Adrian Bernabe,Parma,466802.0,15000000.0,100
Khéphren Thuram,Juventus,463618.0,38000000.0,100
Yacine Adli,Fiorentina,395236.0,7500000.0,100
Edoardo Bove,Fiorentina,562049.0,5000000.0,100
Teun Koopmeiners,Juventus,360518.0,14000000.0,100
Juan Cuadrado,Atalanta,91970.0,800000.0,100
Nicolás González,Juventus,99523.0,100000.0,100
Billy Gilmour,Napoli,423744.0,20000000.0,100
Enzo Le Fée,Roma,633992.0,28000000.0,100
Lazar Samardzic,Atalanta,528833.0,16000000.0,100
Cesare Casadei,Torino,622380.0,15000000.0,100
Elif Elmas,Torino,400489.0,13000000.0,95
Danilo Cataldi,Fiorentina,199733.0,3500000.0,100
Máximo Perrone,Como,668547.0,35000000.0,100
Kike Pérez,Venezia,527698.0,2200000.0,100
Hans Nicolussi Caviglia,Venezia,430280.0,6000000.0,100
Maxence Caqueret,Como,395237.0,13000000.0,100
Samuel Mbangula,Juventus,654991.0,8000000.0,100
Manu Koné,Roma,624690.0,50000000.0,100
Devyne Rensch,Roma,557407.0,8500000.0,100
Youssouf Fofana,Milan,569598.0,23000000.0,100
Piotr Zieliński,Inter,181136.0,10000000.0,100
Alessio Zerbin,Venezia,433584.0,2000000.0,100
Faustino Anjorin,Empoli,433181.0,4000000.0,85
Douglas Luiz,Juventus,447661.0,18000000.0,100
Nicolò Fagioli,Fiorentina,432090.0,16000000.0,100
Antoine Hainaut,Parma,917375.0,1700000.0,100
Patrizio Masini,Genoa,459665.0,4200000.0,100
Nicola Zalewski,Inter,550108.0,20000000.0,100
Emanuele Valeri,Parma,445126.0,3000000.0,100
Borna Sosa,Torino,293194.0,3000000.0,100
Fabio Miretti,Genoa,571607.0,15000000.0,100
Luca Mazzitelli,Como,226025.0,1200000.0,100
Mikael Ellertsson,Venezia,566615.0,6000000.0,100
Ibrahim Sulemana,Atalanta,982267.0,6000000.0,100
Sergi Roberto,Como,85370.0,1400000.0,100
Alessandro Bianco,Monza,602124.0,4000000.0,100
Tommaso Pobega,Bologna,392538.0,8000000.0,100
Saud Abdulhamid,Roma,631927.0,9000000.0,100
Kacper Urbanski,Monza,699442.0,2000000.0,100
Michel Ndary Adopo,Cagliari,564305.0,7000000.0,100
Jurgen Ekkelenkamp,Udinese,361068.0,10000000.0,100
Jesper Karlström,Udinese,222855.0,4000000.0,100
Yannik Engelhardt,Como,405670.0,7000000.0,100
Michael Folorunsho,Fiorentina,377042.0,5000000.0,100
Fisayo Dele-Bashiru,Lazio,530742.0,6000000.0,100
Benjamín Domínguez,Bologna,961022.0,9000000.0,90
Magnus Kofod Andersen,Venezia,488784.0,1300000.0,100
Alfred Duncan,Venezia,184894.0,4000000.0,100
Cheikh Niasse,Hellas Verona,644032.0,2000000.0,100
Florinel Coman,Cagliari,,,0
Domagoj Bradarić,Hellas Verona,357796.0,1500000.0,100
Abdou Harroui,Hellas Verona,416386.0,1600000.0,100
Marco Brescianini,Atalanta,459128.0,9000000.0,100
Marco Palestra,Atalanta,895937.0,35000000.0,100
Lassana Coulibaly,Lecce,386552.0,2200000.0,100
Rui Modesto,Udinese,671799.0,1800000.0,100
Amir Richardson,Fiorentina,893675.0,4000000.0,100
Nahuel Estévez,Parma,552472.0,1400000.0,100
Arthur Atta,Udinese,855308.0,25000000.0,100
Mandela Keita,Parma,707844.0,20000000.0,100
Gaetano Oristanio,Venezia,613393.0,5000000.0,100
Philip Billing,Napoli,320411.0,6000000.0,100
Alessio Cacciamani,Torino,,,0
Federico Cassa,Atalanta,1048147.0,700000.0,100
Daniele Baselli,Como,134883.0,250000.0,100
Alberto Manzoni,Atalanta,936755.0,900000.0,100
Grigoris Kastanos,Hellas Verona,298635.0,1300000.0,100
Warren Bondo,Milan,659516.0,6000000.0,100
Balthazar Pierret,Lecce,642002.0,900000.0,100
Alessandro Zanoli,Genoa,397225.0,4500000.0,100
Kevin Martins,Monza,900195.0,25000000.0,100
Lior Kasa,Genoa,1083164.0,1300000.0,94
Ante Rebić,Lecce,187587.0,700000.0,100
Antoine Bernede,Hellas Verona,395512.0,3500000.0,100
Cheick Oumar Conde,Venezia,698560.0,700000.0,100
Junior Sambia,Empoli,335147.0,2000000.0,100
Cher Ndour,Fiorentina,651005.0,20000000.0,100
Franco Carboni,Venezia,731491.0,900000.0,100
Simone Verdi,Como,130360.0,500000.0,100
Reda Belahyane,Lazio,982855.0,6800000.0,100
Sergiu Perciun,Torino,980632.0,1500000.0,100
Kevin Zeroli,Monza,883349.0,2000000.0,100
Francesco Zampano,Venezia,216872.0,800000.0,100
Filip Marchwiński,Lecce,555106.0,1500000.0,100
Luka Topalović,Inter,991744.0,2500000.0,100
Nunzio Lella,Venezia,459945.0,650000.0,100
Jacopo Bacci,Empoli,,,0
Lucas Gourna-Douath,Roma,620313.0,6000000.0,100
Vasilije Adžić,Juventus,944570.0,8000000.0,100
Gaetano Castrovilli,Monza,303116.0,750000.0,100
Issa Doumbia,Venezia,430579.0,1700000.0,88
Daniel Oyegoke,Hellas Verona,586984.0,1000000.0,100
Jean Onana,Genoa,656441.0,1000000.0,100
Richie Sagrado,Venezia,655009.0,2000000.0,100
Marcus Pedersen,Torino,583404.0,3500000.0,100
Federico Accornero,Genoa,650999.0,400000.0,100
Marco Sala,Lecce,392570.0,400000.0,100
Ben Lhassine Kone,Como,522681.0,500000.0,100
Saad El Haddad,Venezia,936684.0,400000.0,100
Ali Jasim,Como,877672.0,500000.0,100
Arijon Ibrahimović,Lazio,744728.0,10000000.0,100
Matthias Braunöder,Como,488052.0,1200000.0,100
Dele Alli,Como,207929.0,1500000.0,100
Aaron Ciammaglichella,Torino,724108.0,1000000.0,100
Mateo Retegui,Atalanta,554903.0,30000000.0,100
Jacob Ondrejka,Parma,663237.0,5500000.0,100
Matìas Soulé,Roma,668951.0,35000000.0,100
Assane Diao,Como,1061282.0,30000000.0,100
Gabriel Strefezza,Como,457673.0,6500000.0,100
Estanis,Bologna,913539.0,500000.0,100
Sebastiano Esposito,Empoli,538918.0,15000000.0,100
Randal Kolo Muani,Juventus,487969.0,20000000.0,100
Moise Kean,Fiorentina,364135.0,32000000.0,100
Romelu Lukaku,Napoli,96341.0,6000000.0,100
Nicolò Cambiaghi,Bologna,459151.0,14000000.0,100
Álvaro Morata,Milan,128223.0,6000000.0,100
João Félix,Milan,462250.0,28000000.0,100
Patrick Cutrone,Como,265078.0,5000000.0,100
Francisco Conceição,Juventus,487474.0,30000000.0,100
Artem Dovbyk,Roma,343537.0,15000000.0,100
Alieu Fadera,Como,749552.0,4500000.0,100
David Neres,Napoli,469822.0,23000000.0,100
Joel Pohjanpalo,Venezia,173491.0,3500000.0,100
Milan Đurić,Parma,67556.0,1000000.0,90
Ange-Yoan Bonny,Parma,827734.0,35000000.0,100
Lorenzo Venturino,Genoa,1061820.0,5000000.0,100
Gabriel Charpentier,Parma,660342.0,500000.0,100
Mattia Liberali,Milan,,,0
Albert Guðmundsson,Fiorentina,305947.0,12000000.0,97
Che Adams,Torino,346779.0,5000000.0,100
Boulaye Dia,Lazio,626913.0,5000000.0,100
Tete Morente,Lecce,339816.0,1800000.0,100
Riccardo Sottil,Milan,386455.0,3000000.0,100
Christian Kouamé,Empoli,337725.0,1800000.0,100
Maxwel Cornet,Genoa,234781.0,2000000.0,100
Mateo Pellegrino,Parma,856530.0,15000000.0,100
Anastasios Douvikas,Como,523318.0,25000000.0,100
Daniel Mosquera,Hellas Verona,651569.0,1800000.0,100
Keita Baldé,Monza,238752.0,900000.0,100
Andrea Colpani,Fiorentina,392959.0,6000000.0,100
Lorenzo Colombo,Empoli,487843.0,10000000.0,100
Casper Tengstedt,Hellas Verona,464598.0,3500000.0,100
Daniel Maldini,Atalanta,539134.0,9000000.0,100
Mehdi Taremi,Inter,307058.0,2000000.0,100
Samuel Iling-Junior,Bologna,581672.0,6500000.0,100
Tammy Abraham,Milan,331726.0,18000000.0,100
Tijjani Noslin,Lazio,457736.0,8000000.0,100
Amin Sarr,Hellas Verona,748382.0,2400000.0,100
Thijs Dallinga,Bologna,538964.0,9000000.0,100
Andrea Belotti,Como,167727.0,1500000.0,100
Santiago Giménez,Milan,552955.0,18000000.0,100
Mohamed Haj,Parma,883122.0,800000.0,100
Nicolò Zaniolo,Fiorentina,392085.0,15000000.0,100
Omari Forson,Monza,670845.0,2000000.0,100
Alessandro Gabrielloni,Como,311333.0,500000.0,100
Lorenzo Anghelè,Juventus,285279.0,75000.0,80
Tommaso Rubino,Fiorentina,866247.0,1200000.0,100
Roberto Piccoli,Cagliari,432092.0,14000000.0,100
Pontus Almqvist,Parma,300532.0,1800000.0,100
Matteo Cancellieri,Parma,550106.0,7000000.0,100
Alieu Njie,Torino,934527.0,3000000.0,100
Pietro Pellegri,Empoli,364133.0,3000000.0,100
Jeff Ekhator,Genoa,934878.0,18000000.0,100
John Yeboah,Venezia,439914.0,1500000.0,100
Daniel Fila,Venezia,666268.0,2300000.0,100
Jonathan Ikone,Como,324690.0,4000000.0,100
Ismael Konate,Empoli,921655.0,25000000.0,91
Noah Okafor,Napoli,346890.0,25000000.0,100
Jesper Karlsson,Lecce,367992.0,3000000.0,100
Mattia Felici,Cagliari,600041.0,2500000.0,100
Iker Bravo,Udinese,741292.0,5000000.0,100
Konan N'dri,Lecce,649490.0,1500000.0,95
Christian Gytkjær,Venezia,658678.0,12000000.0,100
Walid Cheddira,Napoli,521407.0,2000000.0,100
Gastón Pereiro,Genoa,264116.0,250000.0,100
Vanja Vlahović,Atalanta,698546.0,5000000.0,100
Tommaso Gabellini,Torino,667060.0,100000.0,81
Ola Solbakken,Empoli,431811.0,1500000.0,100
Mirko Marić,Venezia,215649.0,500000.0,100
Alexis Sánchez,Udinese,40433.0,1200000.0,100
Loum Tchaouna,Lazio,607226.0,13000000.0,100
Mathis Lambourde,Hellas Verona,979766.0,800000.0,100
Faride Alidou,Hellas Verona,456492.0,1000000.0,100
Mario Balotelli,Genoa,45146.0,650000.0,100
Silvère Ganvoula M'Boussy,Monza,312819.0,900000.0,100
Dailon Livramento,Hellas Verona,676411.0,800000.0,100
Adrian Benedyczak,Parma,454386.0,5000000.0,100
Antonio Raimondo,Venezia,818888.0,3000000.0,100
Bob Murphy Omoregbe,Milan,894324.0,350000.0,100
Junior Ajayi,Hellas Verona,1111820.0,300000.0,100
Nicholas Pierini,Venezia,372720.0,750000.0,100
Damián Pizarro,Udinese,950593.0,2000000.0,100
Diego Pugno,Juventus,376155.0,450000.0,100
Alberto Cerri,Como,197751.0,600000.0,100
Maat Daniel Caprini,Fiorentina,996453.0,2000000.0,100
Thomas Campaniello,Empoli,184299.0,300000.0,100
Mateusz Kowalski,Parma,404055.0,2000000.0,90
Théo De Percin,Auxerre,695422.0,400000.0,100
Karl-Johan Johnsson,Strasbourg,112822.0,200000.0,100
Đorđe Petrović,Strasbourg,465555.0,28000000.0,85
Mathew Ryan,Lens,128969.0,1800000.0,100
Patrik Carlgren,Nantes,190280.0,400000.0,100
Brice Samba,Rennes,191056.0,7000000.0,100
Hervé Koffi,Lens,415383.0,6000000.0,100
Lucas Perri,Lyon,352041.0,10000000.0,100
Gerónimo Rulli,Marseille,229604.0,6000000.0,100
Gautier Larsonneur,Saint-Étienne,357047.0,3000000.0,100
Anthony Lopes,Nantes,60561.0,900000.0,100
Matvey Safonov,Paris S-G,318470.0,30000000.0,100
Rémy Descamps,Lyon,282028.0,1500000.0,100
Kjetil Haug,Toulouse,328770.0,400000.0,100
Gauthier Gallon,Rennes,193256.0,600000.0,100
Alex Domínguez,Toulouse,524937.0,200000.0,100
Melvin Zinga,Angers,548347.0,300000.0,100
Beres Owusu,Saint-Étienne,1052291.0,800000.0,100
Abdulai Juma Bah,Lens,1121298.0,10000000.0,100
Jérémy Jacquet,Rennes,1004301.0,55000000.0,100
Thomas Meunier,Lille,100986.0,1500000.0,100
Charlie Cresswell,Toulouse,597659.0,25000000.0,100
Yanis Zouaoui,Le Havre,691841.0,2500000.0,100
Willian Pacho,Paris S-G,661171.0,80000000.0,100
Ali Abdi,Nice,211474.0,2000000.0,100
Anthony Rouault,Rennes,690799.0,12000000.0,100
Guela Doué,Strasbourg,711980.0,20000000.0,100
Florent Hanin,Angers,111811.0,200000.0,100
Cédric Kipré,Reims,364827.0,2200000.0,100
Mitchel Bakker,Lille,361065.0,2500000.0,100
Aïssa Mandi,Lille,80293.0,1000000.0,100
Jordan Lefort,Angers,192492.0,1000000.0,100
Djibril Sidibé,Toulouse,161869.0,1000000.0,100
Leo Skiri Østigård,Rennes,367284.0,13000000.0,100
Moussa Niakhate,Lyon,291200.0,15000000.0,100
Massadio Haïdara,Brest,170929.0,600000.0,100
Abdoulaye Niakhate Ndiaye,Brest,673514.0,6000000.0,100
Abner,Lyon,646402.0,10000000.0,100
Mohamed Abdelmoneim,Nice,566025.0,2500000.0,97
Lilian Brassier,Rennes,485960.0,12000000.0,100
Sinaly Diomande,Auxerre,702441.0,6000000.0,100
Clément Akpa,Auxerre,806793.0,9000000.0,100
Mamadou Sarr,Strasbourg,910905.0,22000000.0,100
Moïse Bombito,Nice,1089202.0,7000000.0,100
Soumaïla Coulibaly,Brest,659513.0,6000000.0,100
Gabriel Osho,Auxerre,364409.0,3000000.0,100
Hiroki Sekine,Reims,1137808.0,1200000.0,100
Derek Cornelius,Marseille,328609.0,2500000.0,100
Léo Pétrot,Saint-Étienne,412829.0,1500000.0,100
Nikola Maksimović,Montpellier,124715.0,450000.0,100
Jordan Teze,Monaco,364245.0,15000000.0,100
Malang Sarr,Lens,344596.0,20000000.0,100
Mark McKenzie,Toulouse,429259.0,7000000.0,100
Justin Bourgault,Brest,1030153.0,600000.0,100
Kévin Pedro,Saint-Étienne,955263.0,100000.0,100
Noham Kamara,Paris S-G,1275040.0,3000000.0,100
Hans Hateboer,Rennes,275303.0,1800000.0,100
Ki-Jana Hoever,Auxerre,485583.0,3500000.0,100
Mikayil Ngor Faye,Rennes,666974.0,4500000.0,100
Aurélio Buta,Reims,258039.0,2000000.0,100
Emmanuel Biumla,Angers,1071956.0,2500000.0,100
Carlens Arcus,Angers,371686.0,1800000.0,100
Jaydee Canvot,Toulouse,1006411.0,28000000.0,100
Andrew Omobamidele,Strasbourg,621993.0,8000000.0,100
Tom Pouilly,Lens,58381.0,50000.0,100
Saidou Sow,Nantes,807128.0,3000000.0,100
Sékou Doucoure,Nantes,825438.0,150000.0,100
Amidou Doumbouya,Nice,1075574.0,200000.0,100
Ümit Akdag,Toulouse,958647.0,6000000.0,100
Marwann Nzuzi,Saint-Étienne,1052287.0,300000.0,100
Axel Tapé,Paris S-G,1077670.0,8000000.0,100
Dennis Appiah,Saint-Étienne,111038.0,700000.0,100
Christian Mawissa,Monaco,1005240.0,15000000.0,100
Timothee Pembele,Le Havre,538998.0,1800000.0,100
Jacques Ekomie,Angers,970279.0,9000000.0,100
Dylan Batubinsika,Saint-Étienne,289432.0,600000.0,100
Yael Mouanga,Montpellier,,,0
Luiz Felipe,Marseille,457931.0,2000000.0,100
Yunis Abdelhamid,Saint-Étienne,199704.0,350000.0,100
Warmed Omari,Lyon,711996.0,4000000.0,100
Fredrik Oppegard,Auxerre,539665.0,1500000.0,100
Amar Dedić,Marseille,519184.0,16000000.0,100
Maxime Bernauer,Saint-Étienne,324819.0,1800000.0,100
Malcolm Jeng,Reims,1126894.0,2000000.0,100
Nhoa Sangui,Reims,955281.0,10000000.0,100
Wilfried Ndollo,Montpellier,627626.0,16000000.0,80
Kyllian Antonio,Lens,1186789.0,3000000.0,100
Jean-Philippe Gbamin,Nantes,182894.0,2000000.0,100
Fodé Ballo-Touré,Le Havre,296422.0,900000.0,100
Ousmane Toure,Lille,990732.0,500000.0,100
Yael Nandjou,Nice,984699.0,100000.0,100
Pierre Cornud,Saint-Étienne,536156.0,800000.0,100
Loïc N'Gatta,Auxerre,,,0
Caleb Wiley,Strasbourg,746833.0,8000000.0,100
Alexi Koum,Marseille,955449.0,100000.0,100
Marius Courcoul,Angers,1075575.0,2500000.0,100
Bamo Meïté,Montpellier,807165.0,7000000.0,100
Téo Barišić,Lyon,979773.0,700000.0,100
Anthony Briançon,Saint-Étienne,190338.0,400000.0,100
João Neves,Paris S-G,670681.0,140000000.0,100
Adrien Rabiot,Marseille,182913.0,18000000.0,100
Jonathan Clauss,Nice,175639.0,4000000.0,100
Pierre Højbjerg,Marseille,167799.0,15000000.0,82
Lamine Camara,Monaco,918969.0,40000000.0,100
Ismaël Bennacer,Marseille,351816.0,8000000.0,100
Almoatasem Al Musrati,Monaco,,,0
Thiago Almada,Lyon,576028.0,15000000.0,100
Valentín Barco,Strasbourg,849410.0,40000000.0,100
Sebastian Nanasi,Strasbourg,579928.0,15000000.0,100
Hamed Junior Traorè,Auxerre,391065.0,15000000.0,100
Diego Moreira,Strasbourg,655006.0,25000000.0,100
Francis Coquelin,Nantes,74869.0,700000.0,100
Florian Tardieu,Saint-Étienne,212804.0,500000.0,100
Kazeem Olaigbe,Rennes,565406.0,4000000.0,100
Tanguy Ndombele,Nice,450936.0,2500000.0,100
Osame Sahraoui,Lille,580657.0,9000000.0,100
Pierre Ekwah Elimby,Saint-Étienne,538994.0,500000.0,100
Mory Gbane,Reims,717585.0,4000000.0,100
Félix Lemaréchal,Strasbourg,659518.0,6000000.0,100
Louis Leroux,Nantes,1119456.0,10000000.0,100
Jordan James,Rennes,667517.0,12000000.0,100
Haris Belkebla,Angers,138055.0,1800000.0,100
Lasso Coulibaly,Auxerre,658534.0,800000.0,100
Baptiste Santamaria,Nice,285323.0,2500000.0,100
Seko Fofana,Rennes,182893.0,8000000.0,100
Jean-Eudes Aholou,Angers,178313.0,800000.0,100
Ismaël Koné,Rennes,921655.0,25000000.0,100
Tanner Tessmann,Lyon,670096.0,10000000.0,100
Johann Lepenant,Nantes,585973.0,7000000.0,100
Jordan Veretout,Lyon,164771.0,3500000.0,100
Pape Daouda Diongue,Strasbourg,,,0
Benjamin Bouchouari,Saint-Étienne,783094.0,4500000.0,100
Rafik Messali,Toulouse,883865.0,1500000.0,100
Glen Kamara,Rennes,242632.0,2000000.0,100
Zinedine Ferhat,Angers,232895.0,2300000.0,100
Ngal'Ayel Mukau,Lille,1016015.0,15000000.0,100
Louis Mouton,Saint-Étienne,904662.0,4000000.0,100
Albert Grønbaek,Rennes,503866.0,5000000.0,100
Hamzat Ojediran,Lens,718312.0,3000000.0,100
Rabby Nzingoula,Montpellier,1068110.0,2000000.0,100
Sorba Thomas,Nantes,475416.0,14000000.0,100
Elisha Owusu,Auxerre,395695.0,4000000.0,100
Dehmaine Assoumani,Nantes,,,0
Valentin Carboni,Marseille,787618.0,7500000.0,100
Mahamadou Diawara,Le Havre,1053147.0,1000000.0,100
Junior Mwanga,Le Havre,1011200.0,6000000.0,100
Ethan Mbappé,Lille,903666.0,8000000.0,100
Assane Dioussé,Auxerre,287635.0,500000.0,100
Mathieu Cafaro,Saint-Étienne,399383.0,1500000.0,100
Andrés Gómez,Rennes,957461.0,11000000.0,100
Abdoul Ouattara,Strasbourg,991487.0,15000000.0,100
Edimilson Fernandes,Brest,247555.0,2200000.0,100
Enzo Caumont,Angers,,,0
Yassin Belkhdim,Angers,807688.0,7000000.0,100
Nicolas Pays,Montpellier,1093482.0,700000.0,100
Jeremy Agbonifo,Lens,1057820.0,4500000.0,100
Ben Old,Saint-Étienne,617021.0,1800000.0,100
Edhy Zuliani,Toulouse,944427.0,250000.0,100
Ben Viadere,Auxerre,,,0
Mohamed Bamba,Reims,619461.0,2000000.0,100
John Joe,Reims,1088818.0,100000.0,84
Miha Zajc,Toulouse,149829.0,1200000.0,100
Mathis Amougou,Saint-Étienne,1010854.0,9000000.0,100
Birama Touré,Montpellier,229853.0,400000.0,100
Lamine Fomba,Saint-Étienne,391376.0,1000000.0,100
Wilfried Zaha,Lyon,145988.0,3500000.0,100
Gabriel Bares,Montpellier,484743.0,400000.0,100
Issiaga Camara,Nice,1180835.0,250000.0,100
Gabriel Moscardo,Reims,1086636.0,7000000.0,100
Darryl Bakola,Marseille,1170286.0,8000000.0,100
Yoann Cissé,Auxerre,,,0
Ange Martial Tia,Reims,,,0
Hamidou Makalou,Brest,1200289.0,1000000.0,100
Naouirou Ahamada,Rennes,538971.0,3000000.0,100
Enzo Sternal,Marseille,1075589.0,1000000.0,100
Simon Cara,Montpellier,1202035.0,1400000.0,81
Igor Miladinović,Saint-Étienne,729872.0,2000000.0,100
Aristide Zossou,Auxerre,,,0
Kandet Diawara,Le Havre,575319.0,400000.0,100
Rudy Matondo,Auxerre,1241211.0,20000000.0,100
Mathéo Bodmer,Le Havre,27305.0,250000.0,88
Théo Chennahi,Montpellier,,,0
Stefan Džodić,Montpellier,138850.0,650000.0,84
Eloge Zabi,Reims,,,0
Ayanda Sishuba,Rennes,977877.0,1000000.0,100
Mason Greenwood,Marseille,532826.0,55000000.0,100
Khvicha Kvaratskhelia,Paris S-G,502670.0,140000000.0,100
Mika Biereth,Monaco,565821.0,15000000.0,100
Désiré Doué,Paris S-G,914562.0,120000000.0,100
Amine Gouiri,Marseille,418659.0,28000000.0,100
Lucas Stassin,Saint-Étienne,655012.0,15000000.0,100
Ludovic Ajorque,Brest,283994.0,3000000.0,100
Zuriko Davitashvili,Saint-Étienne,427572.0,12000000.0,100
Joshua King,Toulouse,91059.0,1200000.0,100
Georges Mikautadze,Lyon,729814.0,30000000.0,100
Irvin Cardona,Saint-Étienne,342226.0,2500000.0,100
Anass Zaroury,Lens,491296.0,7000000.0,100
Chuba Akpom,Lille,197642.0,6000000.0,100
Esteban Lepaul,Angers,461607.0,35000000.0,100
Henrik Meister,Rennes,914934.0,3800000.0,100
Samuel Amo-Ameyaw,Strasbourg,933900.0,8000000.0,100
Jonathan Rowe,Marseille,672381.0,28000000.0,100
Matias Fernandez-Pardo,Lille,724129.0,35000000.0,100
Musa Al-Taamari,Rennes,1061888.0,250000.0,86
Goduine Koyalipou,Lens,525140.0,2500000.0,100
Younes Lachaab,Lille,1035659.0,50000.0,100
Abdallah Sima,Brest,776798.0,5000000.0,100
Youssoufa Moukoko,Nice,467720.0,5000000.0,100
Ibrahim Sissoko,Saint-Étienne,157058.0,200000.0,100
Augustine Boakye,Saint-Étienne,579263.0,4000000.0,100
Meschak Elia,Nantes,423678.0,1500000.0,96
Neal Maupay,Marseille,217115.0,4000000.0,100
Theo Bair,Auxerre,501709.0,1500000.0,100
Bahereba Guirassy,Nantes,1119453.0,7000000.0,90
Ado Onaiwu,Auxerre,308133.0,600000.0,100
Robinio Vaz,Marseille,1131161.0,18000000.0,100
Plamedi Nsingi,Nantes,,,0
George Ilenikhena,Monaco,1004834.0,10000000.0,100
Koka,Le Havre,,,0
Mama Samba Baldé,Brest,325223.0,3000000.0,100
Jota,Rennes,329812.0,5000000.0,100
Ibrahim Salah,Brest,928323.0,1800000.0,100
Victor Orakpo,Nice,190206.0,350000.0,100
Ilyes Housni,Le Havre,825437.0,1500000.0,100
Óscar Perea,Strasbourg,1015624.0,1500000.0,100
Martin Satriano,Lens,640109.0,10000000.0,100
M'Bala Nzola,Lens,354814.0,4000000.0,100
Kader Meïté,Rennes,1141560.0,18000000.0,100
Bamba Dieng,Angers,822458.0,15000000.0,100
Sekou Mara,Strasbourg,557612.0,4000000.0,100
Jim Allevinah,Angers,646733.0,1000000.0,100
Rayan Fofana,Lens,1160814.0,8000000.0,100
Sérigné Diop,Brest,,,0
Lanroy Machine,Angers,1096744.0,1500000.0,100
Florian Ayé,Auxerre,372713.0,2000000.0,100
Junior Ndiaye,Montpellier,986262.0,50000.0,100
Ibrahima Wadji,Saint-Étienne,364232.0,600000.0,100
Elye Wahi,Marseille,659542.0,18000000.0,100
Djylian N'Guessan,Saint-Étienne,1200419.0,2000000.0,100
Hafiz Ibrahim,Reims,1237306.0,800000.0,100
Alejandro Rodriguez,Lyon,892082.0,700000.0,100
Jibril Othman,Saint-Étienne,,,0
Gabin Capuano,Lens,,,0
Milos Lukovic,Strasbourg,845872.0,5000000.0,100
Prosper Peter,Angers,1103958.0,15000000.0,100
Noah Edjouma,Toulouse,1078326.0,5000000.0,100
Kyogo Furuhashi,Rennes,489463.0,2000000.0,100
Ibrahim Mbaye,Paris S-G,1185888.0,30000000.0,100
Sidiki Cherif,Angers,986288.0,18000000.0,100
Kembo Diliwidi,Lens,1160813.0,300000.0,100
Eros Maddy,Auxerre,412934.0,250000.0,100
Niama Sissoko,Reims,372712.0,2000000.0,82
Ayman Aiki,Saint-Étienne,810093.0,4000000.0,80
Bernard Nguene,Nice,1314671.0,1000000.0,100
Ikechukwu Orazi,Reims,,,0
Max Weiss,Burnley,829299.0,4000000.0,87
James Trafford,Manchester City,566799.0,25000000.0,100
Walter Benítez,Crystal Palace,296802.0,4000000.0,100
Stefan Ortega,Nott'ham Forest,85941.0,4000000.0,100
Caoimhin Kelleher,Brentford,340918.0,28000000.0,100
Karl Darlow,Leeds United,99397.0,200000.0,100
Gianluigi Donnarumma,Manchester City,315858.0,45000000.0,100
Senne Lammens,Manchester Utd,503883.0,35000000.0,100
Kepa Arrizabalaga,Arsenal,192279.0,5000000.0,100
Melker Ellborg,Sunderland,605426.0,3000000.0,100
Martin Dúbravka,Burnley,74960.0,500000.0,100
Robin Roefs,Sunderland,646991.0,28000000.0,100
Freddie Woodman,Liverpool,226049.0,3000000.0,100
Đorđe Petrović,Bournemouth,465555.0,28000000.0,85
Mads Hermansen,West Ham,400536.0,15000000.0,100
Giorgi Mamardashvili,Liverpool,502676.0,28000000.0,100
Aaron Ramsdale,Newcastle Utd,427568.0,12000000.0,100
Lucas Perri,Leeds United,352041.0,10000000.0,100
Marco Bizot,Aston Villa,124884.0,1500000.0,100
Angus Gunn,Nott'ham Forest,201574.0,1000000.0,100
John Victor,Nott'ham Forest,432914.0,5000000.0,100
Marc Guéhi,Manchester City,392757.0,70000000.0,100
Max Alleyne,Manchester City,843595.0,8000000.0,100
Malick Thiaw,Newcastle Utd,521964.0,45000000.0,100
Olivier Boscagli,Brighton,318508.0,15000000.0,100
Nordi Mukiele,Sunderland,348026.0,16000000.0,100
Jenson Seelt,Sunderland,617755.0,5000000.0,100
James Justin,Leeds United,413220.0,12000000.0,100
Jaka Bijol,Leeds United,371851.0,20000000.0,100
Piero Hincapié,Arsenal,659813.0,50000000.0,100
Rayan Aït-Nouri,Manchester City,578391.0,40000000.0,100
Cristhian Mosquera,Arsenal,646750.0,40000000.0,100
Maxim De Cuyper,Brighton,429915.0,22000000.0,100
Bashir Humphreys,Burnley,612517.0,12000000.0,100
Daniel Ballard,Sunderland,530421.0,800000.0,100
Jaydee Canvot,Crystal Palace,1006411.0,28000000.0,100
Álex Jiménez,Bournemouth,741257.0,22000000.0,100
Omar Alderete,Sunderland,353032.0,13000000.0,100
Lutsharel Geertruida,Sunderland,420210.0,20000000.0,100
Veljko Milosavljević,Bournemouth,989112.0,20000000.0,100
Adrien Truffert,Bournemouth,654539.0,30000000.0,100
Trai Hume,Sunderland,515544.0,22000000.0,100
Axel Disasi,West Ham,386047.0,15000000.0,100
Sebastiaan Bornauw,Leeds United,338629.0,8000000.0,100
Oleksandr Zinchenko,Nott'ham Forest,203853.0,8000000.0,100
El Hadji Malick Diouf,West Ham,1111589.0,28000000.0,100
Jeremie Frimpong,Liverpool,484547.0,35000000.0,100
Ladislav Krejčí,Wolves,345911.0,22000000.0,100
Jun'ai Byfield,Tottenham,,,0
Diego Coppola,Brighton,660860.0,18000000.0,100
Joe Rodon,Leeds United,297212.0,18000000.0,100
Luca Netz,Nott'ham Forest,524285.0,8000000.0,100
Oliver Sonne,Burnley,541628.0,4000000.0,100
Victor Lindelöf,Aston Villa,184573.0,5000000.0,100
Kyle Walker-Peters,West Ham,341051.0,12000000.0,100
Reinildo Mandava,Sunderland,240692.0,4000000.0,100
Dennis Cirkin,Sunderland,568006.0,6000000.0,100
Gabriel Gudmundsson,Leeds United,362108.0,20000000.0,100
Jair Cunha,Nott'ham Forest,984096.0,15000000.0,100
Arthur Masuaku,Sunderland,181380.0,2000000.0,100
Bafodé Diakité,Bournemouth,463605.0,25000000.0,100
Jayden Bogle,Leeds United,465717.0,15000000.0,100
Luke O'Nien,Sunderland,282939.0,700000.0,100
Kyle Walker,Burnley,95424.0,1500000.0,100
Milos Kerkez,Liverpool,730861.0,35000000.0,100
Nicolò Savona,Nott'ham Forest,708072.0,15000000.0,100
David Møller Wolfe,Wolves,661427.0,8000000.0,100
Ezra Mayers,West Ham,1107726.0,2000000.0,100
Joe Worrall,Burnley,415970.0,2000000.0,100
Lucas,Burnley,190314.0,400000.0,100
Axel Tuanzebe,Burnley,342046.0,5000000.0,100
Jorrel Hato,Chelsea,904802.0,40000000.0,100
Quilindschy Hartman,Burnley,514285.0,16000000.0,100
Sam Byram,Leeds United,236953.0,400000.0,100
Zach Abbott,Nott'ham Forest,933017.0,4000000.0,100
Mamadou Sarr,Chelsea,910905.0,22000000.0,100
Souza,Tottenham,1086258.0,12000000.0,100
James Rowswell,Tottenham,,,0
Granit Xhaka,Sunderland,111455.0,8000000.0,100
Jack Grealish,Everton,203460.0,20000000.0,100
Rayan Cherki,Manchester City,607223.0,90000000.0,100
Mateus Fernandes,West Ham,880245.0,50000000.0,100
Kiernan Dewsbury-Hall,Everton,475188.0,35000000.0,100
Anton Stach,Leeds United,344069.0,28000000.0,100
Ethan Ampadu,Leeds United,392771.0,30000000.0,100
Tom Edozie,Wolves,58381.0,50000.0,100
Martín Zubimendi,Arsenal,423440.0,75000000.0,100
Rayan,Bournemouth,1012564.0,60000000.0,100
João Palhinha,Tottenham,257455.0,15000000.0,100
Antoine Semenyo,Manchester City,583255.0,80000000.0,100
Eberechi Eze,Arsenal,479999.0,65000000.0,100
Enzo Le Fée,Sunderland,633992.0,28000000.0,100
Xavi Simons,Tottenham,566931.0,40000000.0,100
Dango Ouattara,Brentford,823231.0,35000000.0,100
Mohammed Kudus,Tottenham,543499.0,50000000.0,100
Sean Longstaff,Leeds United,346707.0,15000000.0,100
Florian Wirtz,Liverpool,598577.0,100000000.0,100
Andrey Santos,Chelsea,743600.0,40000000.0,100
Tijjani Reijnders,Manchester City,460939.0,50000000.0,100
James Ward-Prowse,Burnley,181579.0,5000000.0,100
Jordan Henderson,Brentford,61651.0,1200000.0,100
Freddie Potts,West Ham,698164.0,10000000.0,100
Jerome Abbey,Wolves,,,0
Dario Essugo,Chelsea,670717.0,15000000.0,100
Oscar Bobb,Fulham,661207.0,28000000.0,100
Noah Sadiki,Sunderland,727089.0,35000000.0,100
Jaidon Anthony,Burnley,684210.0,20000000.0,100
Kevin,Fulham,900195.0,25000000.0,100
Max Dowman,Arsenal,1187629.0,30000000.0,100
Estêvão Willian,Chelsea,1056993.0,80000000.0,100
Omari Hutchinson,Nott'ham Forest,741238.0,30000000.0,100
Hannibal Mejbri,Burnley,607224.0,15000000.0,100
Ao Tanaka,Leeds United,489359.0,13000000.0,100
Soungoutou Magassa,West Ham,745181.0,17000000.0,100
Lesley Ugochukwu,Burnley,711999.0,22000000.0,100
Angel Gomes,Wolves,392770.0,10000000.0,100
Ilia Gruev,Leeds United,381753.0,12000000.0,100
Antoni Milambo,Brentford,683620.0,15000000.0,100
Jocelin Ta Bi,Sunderland,1322090.0,2500000.0,100
Florentino Luís,Burnley,357162.0,16000000.0,100
Jacob Ramsey,Newcastle Utd,503749.0,35000000.0,100
Conor Gallagher,Tottenham,488362.0,32000000.0,100
Habib Diarra,Sunderland,876631.0,35000000.0,100
Jadon Sancho,Aston Villa,401173.0,18000000.0,100
Jamie Gittens,Chelsea,670882.0,30000000.0,100
Dan Ndoye,Nott'ham Forest,365108.0,32000000.0,100
Chris Rigg,Sunderland,947411.0,25000000.0,100
Shea Lacey,Manchester Utd,183282.0,325000.0,80
Chemsdine Talbi,Sunderland,743384.0,25000000.0,100
Mohamadou Kanté,West Ham,1081995.0,1000000.0,100
Jhon Arias,Wolves,588989.0,15000000.0,100
Jamaldeen Jimoh,Aston Villa,954105.0,300000.0,83
Callum Olusesi,Tottenham,985546.0,500000.0,100
Tyler Fletcher,Manchester Utd,107641.0,125000.0,80
Dan Neil,Sunderland,913979.0,100000.0,82
Alysson,Aston Villa,1005583.0,10000000.0,100
George Hemmings,Aston Villa,,,0
Christian Nørgaard,Arsenal,148367.0,5000000.0,100
Reiss Nelson,Brentford,340325.0,8000000.0,100
Jack Fletcher,Manchester Utd,1011140.0,1000000.0,100
Tyler Dibling,Everton,866655.0,17000000.0,100
Jackson Tchatchoua,Wolves,848509.0,12000000.0,100
James Mcatee,Nott'ham Forest,583199.0,18000000.0,100
Dilane Bakwa,Nott'ham Forest,540664.0,28000000.0,100
Merlin Röhl,Everton,608832.0,16000000.0,100
Facundo Buonanotte,Leeds United,983989.0,12000000.0,100
Fer López,Wolves,1064471.0,16000000.0,100
Harvey Elliott,Aston Villa,565822.0,20000000.0,100
Nilson Angulo,Sunderland,903611.0,17000000.0,100
Simon Adingra,Sunderland,658536.0,22000000.0,100
Bendito Mantato,Manchester Utd,1085591.0,400000.0,100
Divine Mukasa,Manchester City,670848.0,6000000.0,80
Tom Watson,Brighton,933018.0,7000000.0,100
Ben Gannon-Doak,Bournemouth,719673.0,15000000.0,100
Alex Tóth,Bournemouth,998101.0,12000000.0,100
Trey Nyoni,Liverpool,1045123.0,8000000.0,100
Josh Laurent,Burnley,314241.0,1500000.0,100
Joél Drakes-Thomas,Crystal Palace,,,0
Jaydon Amauri Banel,Burnley,706889.0,1000000.0,100
Bradley Burrowes,Aston Villa,1202361.0,2000000.0,100
Kaden Rodney,Crystal Palace,860078.0,200000.0,100
Patrick Roberts,Sunderland,225452.0,3200000.0,100
Borna Sosa,Crystal Palace,293194.0,3000000.0,100
Joe Knight,Brighton,978668.0,100000.0,100
João Pedro,Chelsea,626724.0,80000000.0,100
Matheus Cunha,Manchester Utd,517894.0,75000000.0,100
Rio Ngumoha,Liverpool,1108466.0,30000000.0,100
Noah Okafor,Leeds United,346890.0,25000000.0,100
Hugo Ekitike,Liverpool,709726.0,80000000.0,100
Samuel Chukwueze,Fulham,401922.0,18000000.0,100
Noni Madueke,Arsenal,503987.0,50000000.0,100
Yeremi Pino,Crystal Palace,568157.0,30000000.0,90
Bryan Mbeumo,Manchester Utd,413039.0,75000000.0,100
Zian Flemming,Burnley,411537.0,12000000.0,100
Eli Junior Kroupi,Bournemouth,955357.0,70000000.0,100
Rio Cardines,Crystal Palace,1047257.0,300000.0,100
Alejandro Garnacho,Chelsea,811779.0,28000000.0,100
Amine Adli,Bournemouth,532776.0,20000000.0,100
Benjamin Šeško,Manchester Utd,627442.0,75000000.0,100
Bertrand Traoré,Sunderland,131996.0,4000000.0,100
Valentín Castellanos,West Ham,522784.0,28000000.0,81
Charalampos Kostoulas,Brighton,1060087.0,25000000.0,100
Jesse Derry,Chelsea,,,0
Lukas Nmecha,Leeds United,314288.0,10000000.0,100
Dominic Calvert-Lewin,Leeds United,306024.0,22000000.0,100
Marcus Edwards,Burnley,314367.0,6000000.0,100
Nick Woltemade,Newcastle Utd,455661.0,55000000.0,100
Callum Wilson,West Ham,123682.0,4000000.0,100
Lorenzo Lucca,Nott'ham Forest,572265.0,20000000.0,100
Wilson Isidor,Sunderland,494237.0,18000000.0,100
Brian Brobbey,Sunderland,473169.0,30000000.0,100
Stefanos Tzimas,Brighton,950091.0,18000000.0,100
Brennan Johnson,Crystal Palace,470607.0,30000000.0,100
Viktor Gyökeres,Arsenal,325443.0,65000000.0,100
Adam Armstrong,Wolves,250426.0,6000000.0,100
Tammy Abraham,Aston Villa,331726.0,18000000.0,100
Romelle Donovan,Brentford,1091562.0,3500000.0,100
Anthony Elanga,Newcastle Utd,583189.0,32000000.0,100
Tyrique George,Everton,936874.0,20000000.0,100
Igor Jesus,Nott'ham Forest,432164.0,25000000.0,100
Alexander Isak,Liverpool,349066.0,85000000.0,100
Tolu Arokodare,Wolves,683571.0,20000000.0,100
Loum Tchaouna,Burnley,607226.0,13000000.0,100
Evann Guessand,Crystal Palace,500689.0,25000000.0,100
Thierno Barry,Everton,937941.0,30000000.0,100
Eliezer Mayenda,Sunderland,967346.0,16000000.0,100
Adama Traoré,West Ham,204103.0,6000000.0,100
Romaine Mundle,Sunderland,696181.0,7000000.0,100
Randal Kolo Muani,Tottenham,487969.0,20000000.0,100
Liam Delap,Chelsea,610849.0,28000000.0,100
Pablo,West Ham,817665.0,18000000.0,100
Jonah Kusi-Asare,Fulham,1069512.0,3000000.0,100
Christantus Uche,Crystal Palace,1124005.0,12000000.0,100
Yoane Wissa,Newcastle Utd,388165.0,25000000.0,100
Joël Piroe,Leeds United,369962.0,10000000.0,100
Armando Broja,Burnley,571743.0,5000000.0,100
Kaye Furo,Brentford,1011936.0,8000000.0,100
Arnaud Kalimuendo,Nott'ham Forest,585959.0,25000000.0,100
Sean Neave,Newcastle Utd,,,0
Jørgen Strand Larsen,Crystal Palace,429983.0,40000000.0,100
Callum Marshall,West Ham,953135.0,2000000.0,100
Nehemiah Oriola,Brighton,,,0
Angel Fortuno,Espanyol,628487.0,300000.0,100
Pablo Cunat Campos,Levante,817665.0,18000000.0,100
Matías Dituro,Elche,144128.0,100000.0,100
Joan García,Barcelona,561613.0,45000000.0,100
Mathew Ryan,Levante,128969.0,1800000.0,100
Aarón Escandell,Oviedo,284430.0,3000000.0,100
Iñaki Peña,Elche,283170.0,4000000.0,100
Marko Dmitrović,Espanyol,94308.0,700000.0,100
Lucas Bergström,Mallorca,490606.0,1400000.0,100
Ionuț Radu,Celta Vigo,303657.0,9000000.0,100
Álvaro Valles,Betis,417913.0,7000000.0,100
Odysseas Vlachodimos,Sevilla,124419.0,3000000.0,100
Julen Agirrezabala,Valencia,625014.0,9000000.0,100
Arnau Tenas,Villarreal,466783.0,4000000.0,100
Marc-André Ter Stegen,Girona,74857.0,3000000.0,100
Horațiu Moldovan,Oviedo,525438.0,1800000.0,100
Álvaro Cortés,Barcelona,,,0
Dean Huijsen,Real Madrid,890290.0,60000000.0,100
Marc Pubill,Atlético Madrid,844637.0,35000000.0,100
Rafa Marín,Villarreal,662261.0,12000000.0,100
Álvaro Carreras,Real Madrid,811778.0,50000000.0,100
Santiago Mouriño,Villarreal,953901.0,20000000.0,100
Dani Calvo,Oviedo,326416.0,900000.0,100
Zaid Romero,Getafe,741142.0,2500000.0,100
Castrin,Sevilla,719999.0,6000000.0,100
Adrián de la Fuente,Levante,910926.0,150000.0,100
Eric Bailly,Oviedo,286384.0,1200000.0,100
Javier Olaizola,Mallorca,7611.0,500000.0,82
David Affengruber,Elche,452483.0,20000000.0,100
Álvaro Núñez,Celta Vigo,626953.0,4000000.0,100
Víctor Chust,Elche,495625.0,3500000.0,100
Ville Koski,Alavés,581326.0,1500000.0,100
Vitor Reis,Girona,1005575.0,30000000.0,100
César Azpilicueta,Sevilla,57500.0,1000000.0,100
Trent Alexander-Arnold,Real Madrid,314353.0,60000000.0,100
Javi Galán,Osasuna,448628.0,1800000.0,100
Alexander Freeman,Villarreal,985806.0,3500000.0,82
Dávid Hancko,Atlético Madrid,404418.0,35000000.0,100
Duje Ćaleta-Car,Real Sociedad,238266.0,2800000.0,100
Matias Moreno,Levante,1144700.0,6000000.0,100
David Costas,Oviedo,276111.0,1200000.0,100
Clemens Riedel,Espanyol,692070.0,4000000.0,100
Renato Veiga,Villarreal,805714.0,25000000.0,100
Jon Pacheco,Alavés,580560.0,5000000.0,100
Miguel Ángel Rubio,Espanyol,583510.0,1500000.0,100
Matteo Ruggeri,Atlético Madrid,616631.0,28000000.0,100
Javier Boñar,Atlético Madrid,741253.0,500000.0,100
David Carmo,Oviedo,498237.0,5000000.0,100
Gabriel Suazo,Sevilla,385105.0,6000000.0,100
Nobel Mendy,Rayo Vallecano,1034853.0,7500000.0,100
Abdel Abqar,Getafe,559979.0,3500000.0,100
Valentín Gómez,Betis,985383.0,12000000.0,100
Hugo Rincón,Girona,834487.0,3500000.0,100
Jesús Areso,Athletic Club,488626.0,5000000.0,100
Victor Valdepeñas,Real Madrid,190206.0,350000.0,100
Omar Falah,Oviedo,668041.0,750000.0,80
David Jiménez,Real Madrid,935281.0,3000000.0,100
Héctor Fort,Elche,937955.0,12000000.0,100
Jonny Castro,Alavés,14279.0,300000.0,100
Unai Núñez,Valencia,338285.0,3500000.0,100
Unai Elgezabal,Levante,255495.0,500000.0,100
Luiz Felipe,Rayo Vallecano,457931.0,2000000.0,100
Sebastián Boselli,Getafe,898352.0,1500000.0,100
Valentin Rosier,Osasuna,441170.0,3000000.0,100
Álex Moreno,Girona,193098.0,3000000.0,100
Lucas Ahijado,Oviedo,349884.0,600000.0,100
Léo Pétrot,Elche,412829.0,1500000.0,100
Nacho Pérez,Levante,1371830.0,300000.0,100
Manu Fernández,Celta Vigo,638124.0,1500000.0,100
Youssef Enriquez,Alavés,741289.0,4000000.0,100
Fábio Cardoso,Sevilla,155025.0,1500000.0,100
Marash Kumbulla,Mallorca,371371.0,3000000.0,100
Copete,Valencia,520840.0,5000000.0,100
Abdel Rahim,Oviedo,677278.0,2500000.0,86
Nacho Vidal,Oviedo,216870.0,1200000.0,100
Jairo Izquierdo,Elche,337946.0,800000.0,100
Miguel Calatayud,Mallorca,,,0
Julio Díaz,Atlético Madrid,1009596.0,6000000.0,85
Manu Sánchez,Levante,618809.0,6000000.0,100
Kiko Femenía,Getafe,76467.0,700000.0,100
Buba Sangaré,Elche,962125.0,4500000.0,100
Javi López,Oviedo,568158.0,5000000.0,100
Jeremy Toljan,Levante,129674.0,2000000.0,100
Adrià Pedrosa,Elche,501418.0,2800000.0,100
Alan Matturro,Levante,861981.0,4000000.0,100
Diego Aguado,Real Madrid,376155.0,450000.0,100
Marco Esteban,Oviedo,15974.0,100000.0,100
Jozhua Vertrouwd,Rayo Vallecano,765467.0,2000000.0,100
Renzo Saravia,Valencia,268642.0,1400000.0,100
Oier Luengo,Oviedo,,,0
Dani Martinez,Atlético Madrid,34706.0,50000.0,100
Jorge Montes,Getafe,345084.0,1100000.0,100
Jofre Torrents,Barcelona,,,0
Xavi Espart,Barcelona,1018912.0,5000000.0,100
Davinchi,Getafe,1268764.0,1000000.0,100
Jorge Cabello,Levante,345084.0,1100000.0,100
José Salinas,Espanyol,819590.0,2000000.0,100
Diego Pampín,Levante,505493.0,1000000.0,100
Manuel Serrano Salazar,Real Madrid,113025.0,100000.0,80
Bambo Diaby,Elche,435493.0,300000.0,100
Carlos Ballestero,Alavés,71002.0,100000.0,84
Aleksa Purić,Atlético Madrid,404260.0,2500000.0,80
Luis Orejuela,Mallorca,331057.0,300000.0,100
Iñaki Rupérez,Real Sociedad,1055860.0,300000.0,100
Iker Luque,Atlético Madrid,,,0
Azzedine Ounahi,Girona,593482.0,10000000.0,100
Guido Rodríguez,Valencia,342385.0,4000000.0,100
Aleix Febas,Elche,217144.0,5000000.0,100
Alassane Diatta,Villarreal,631704.0,325000.0,82
Alex Baena,Atlético Madrid,548111.0,40000000.0,100
Sofyan Amrabat,Betis,287579.0,10000000.0,100
Gonzalo Villar,Elche,398163.0,1800000.0,100
Germán Valera,Elche,548188.0,6000000.0,100
Carlos Soler,Real Sociedad,372246.0,7000000.0,100
Miguel Román,Celta Vigo,892932.0,15000000.0,100
Kervin Arriaga,Levante,526050.0,2000000.0,100
Gonçalo Guedes,Real Sociedad,225122.0,6000000.0,100
Obed Vargas,Atlético Madrid,889435.0,10000000.0,100
Nicolás González,Atlético Madrid,99523.0,100000.0,100
Alberto Moleiro,Villarreal,733576.0,50000000.0,100
Johnny Cardoso,Atlético Madrid,689505.0,20000000.0,100
Axel Witsel,Girona,35047.0,1200000.0,100
Baptiste Santamaria,Valencia,285323.0,2500000.0,100
Haissem Hassan,Oviedo,620164.0,3500000.0,100
Ugo Raghouber,Levante,707230.0,3000000.0,100
Olasagasti,Levante,625660.0,2500000.0,100
Fran Beltrán,Girona,423444.0,4000000.0,100
Marc Aguado,Elche,531404.0,3500000.0,100
Carlos Álvarez,Levante,668179.0,15000000.0,100
Lucas Cepeda,Elche,912392.0,2500000.0,100
Martim Neto,Elche,549027.0,4000000.0,100
Thiago Almada,Atlético Madrid,576028.0,15000000.0,100
Filip Ugrinic,Valencia,394236.0,6000000.0,100
Daniel Yáñez,Real Madrid,530421.0,800000.0,100
Pablo Torre,Mallorca,720038.0,5000000.0,100
Santi Cazorla,Oviedo,15799.0,200000.0,100
Oso,Sevilla,1032280.0,10000000.0,100
Víctor García,Levante,590690.0,1500000.0,100
Nelson Deossa,Betis,907559.0,9000000.0,100
Leander Dendoncker,Oviedo,168157.0,1800000.0,100
Santiago Colombatto,Oviedo,395122.0,2500000.0,100
Nicolas Fonseca,Oviedo,462070.0,3000000.0,100
Tyrhys Dolan,Espanyol,647435.0,10000000.0,100
Jon Gorrotxategi,Real Sociedad,711374.0,25000000.0,100
Thomas Lemar,Girona,205562.0,1800000.0,100
Ángel Pérez,Alavés,1124136.0,3000000.0,100
Claudio Echeverri,Girona,994536.0,15000000.0,100
Pablo Ibáñez,Alavés,785353.0,4000000.0,100
Alberto Reina,Oviedo,603696.0,2000000.0,100
Oriol Rey,Levante,293388.0,1800000.0,100
Hugo Burcio,Celta Vigo,730708.0,700000.0,100
Samu Becerra,Rayo Vallecano,1384911.0,300000.0,100
Matías Vecino,Celta Vigo,143812.0,1000000.0,100
Alejandro Rego,Athletic Club,834491.0,5000000.0,100
Unai Vencedor Paris,Levante,610083.0,1600000.0,100
Yangel Herrera,Real Sociedad,378293.0,6000000.0,100
Denis Suárez,Alavés,165007.0,1000000.0,100
Batista Mendy,Sevilla,395234.0,7500000.0,100
Calebe,Alavés,798114.0,1800000.0,100
Ovie Ejaria,Oviedo,337284.0,400000.0,100
Iker Losada,Levante,632741.0,1800000.0,100
Roberto Navarro,Athletic Club,37403.0,500000.0,100
Ilias Akhomach,Rayo Vallecano,709969.0,12000000.0,100
Thiago Fernández,Oviedo,1127730.0,4500000.0,100
Jan Virgili,Mallorca,1301775.0,15000000.0,100
Thomas Partey,Villarreal,230784.0,2000000.0,100
Ilyas Chaira,Oviedo,593412.0,4000000.0,100
Rodrigo Riquelme,Betis,461617.0,4000000.0,100
Ramón Terrats,Espanyol,783396.0,3000000.0,100
Borja Sánchez Laborde,Oviedo,95730.0,100000.0,100
Jorge Cestero,Real Madrid,1186235.0,7500000.0,100
Josip Brekalo,Oviedo,293169.0,2500000.0,100
Javi Morcillo,Atlético Madrid,455349.0,1500000.0,80
Federico Redondo,Elche,909758.0,2500000.0,100
Carlos Macià,Villarreal,1453066.0,3000000.0,100
Manuel Ángel Morán,Real Madrid,646824.0,5000000.0,100
Jano Monserrate,Atlético Madrid,,,0
Kwasi Sibo,Oviedo,538006.0,1400000.0,100
Damián Cáceres,Getafe,567663.0,200000.0,81
Pedro Fernandez,Barcelona,432895.0,20000000.0,100
Alejandro Mestanza,Getafe,229815.0,200000.0,87
Rodrigo Mendoza,Atlético Madrid,961297.0,20000000.0,100
Job Ochieng,Real Sociedad,,,0
Javier Muñoz,Getafe,282421.0,1200000.0,90
Grady Diangana,Elche,342048.0,2000000.0,100
Charles Pickel,Espanyol,243879.0,2500000.0,100
César Palacios,Real Madrid,948272.0,7500000.0,100
Kareem Tunde,Levante,1063340.0,2000000.0,100
Thiago Pitarch,Real Madrid,1375227.0,20000000.0,100
Hugo González,Celta Vigo,129031.0,350000.0,100
Ibai Aguirre,Real Sociedad,829378.0,2500000.0,84
Ivan Corralejo,Betis,364257.0,1000000.0,100
Hugo Solozabal,Getafe,945767.0,50000.0,100
Tomás Marqués,Barcelona,891971.0,1500000.0,80
Selton Sánchez,Athletic Club,1312698.0,2800000.0,100
Mario Martín,Getafe,948273.0,10000000.0,100
Justin-Noël Kalumba,Mallorca,1101641.0,800000.0,84
Yago Santiago,Elche,706947.0,1000000.0,100
Luka Ilić,Oviedo,429790.0,1400000.0,100
Eder Garcia,Athletic Club,574758.0,1500000.0,100
Abu Kamara,Getafe,696764.0,2500000.0,100
Yvan Neyou,Getafe,469669.0,2000000.0,100
Wesley,Real Sociedad,964580.0,40000000.0,100
Roger Brugué,Levante,557057.0,2000000.0,100
Toni Fernández,Barcelona,402082.0,400000.0,86
Sergio Lozano,Levante,341277.0,1500000.0,100
Lancinet Kourouma,Girona,,,0
Pablo Agudín,Oviedo,1081496.0,1000000.0,100
Taufik Seidu,Atlético Madrid,,,0
Ali Houary,Elche,,,0
Andrés Antañón,Celta Vigo,993722.0,1500000.0,85
Rayane Belaid,Atlético Madrid,945500.0,600000.0,100
Mikel Goti,Real Sociedad,709215.0,1500000.0,100
Alvaro Leiva,Real Madrid,16634.0,100000.0,83
Dani Pérez,Betis,895331.0,300000.0,100
Lander Pinillos,Alavés,,,0
Lander Astiazaran,Real Sociedad,,,0
Georges Mikautadze,Villarreal,729814.0,30000000.0,100
Miguel Cubo,Atlético Madrid,583510.0,1500000.0,86
Federico Viñas,Oviedo,578419.0,4000000.0,100
Álvaro Rodríguez,Elche,948275.0,10000000.0,100
Ferran Jutglà,Celta Vigo,599231.0,10000000.0,100
Iván Romero,Levante,628886.0,8000000.0,100
Carlos Espí,Levante,1063338.0,20000000.0,100
Bryan Zaragoza,Celta Vigo,713644.0,8000000.0,100
Adam Boayar,Elche,1064506.0,800000.0,100
Víctor Muñoz,Osasuna,935231.0,30000000.0,100
Marcus Rashford,Barcelona,258923.0,40000000.0,100
Manor Solomon,Villarreal,396638.0,8000000.0,100
Largie Ramazani,Valencia,518644.0,8000000.0,100
Martin Satriano,Getafe,640109.0,10000000.0,100
Ademola Lookman,Atlético Madrid,406040.0,40000000.0,100
André Silva,Elche,198008.0,3000000.0,100
Arnaut Danjuma,Valencia,355861.0,3000000.0,100
Lucas Boyé,Alavés,334222.0,5000000.0,100
Zito Luvumbo,Mallorca,666547.0,3000000.0,100
Roony Bardghji,Barcelona,792331.0,15000000.0,100
Kiké,Espanyol,298575.0,1500000.0,100
Franco Mastantuono,Real Madrid,1057316.0,45000000.0,100
Karl Etta Eyong,Levante,1038950.0,15000000.0,100
Rafa Mir,Elche,361254.0,4000000.0,100
Mateo Joseph,Mallorca,834742.0,3500000.0,100
Neal Maupay,Sevilla,217115.0,4000000.0,100
Mourad El Ghezouani,Elche,527972.0,2500000.0,100
Vladyslav Vanat,Girona,631821.0,15000000.0,100
Luis Vázquez,Getafe,844516.0,2500000.0,100
Cyril Ngonge,Espanyol,358032.0,7000000.0,100
Jones El-Abdellaoui,Celta Vigo,960571.0,8000000.0,100
Miguel Ángel Sierra Ortega,Sevilla,465647.0,400000.0,100
Alexis Sánchez,Sevilla,40433.0,1200000.0,100
Paco Cortés,Levante,1232057.0,1500000.0,100
Salomón Rondón,Oviedo,80197.0,350000.0,100
Alex Sanchez,Elche,15420.0,1000000.0,100
Lucas Beltrán,Valencia,628366.0,8000000.0,100
Dani Raba,Valencia,413262.0,1200000.0,100
Goduine Koyalipou,Levante,525140.0,2500000.0,100
Alfon,Villarreal,357628.0,3000000.0,100
Sheraldo Becker,Osasuna,188888.0,1500000.0,100
Adrián Liso,Getafe,1061122.0,3000000.0,100
Youssef Lekhedim,Alavés,,,0
Alexandre Alemão,Rayo Vallecano,560417.0,4000000.0,100
Urko Izeta,Athletic Club,610622.0,1400000.0,100
Tani Oluwaseyi,Villarreal,972465.0,7000000.0,100
Joselu Pérez,Getafe,1000135.0,100000.0,100
Giacomo Raspadori,Atlético Madrid,405885.0,22000000.0,100
Aitor Mañas,Alavés,935232.0,600000.0,100
Tai Abed,Levante,921345.0,1000000.0,87
Álex Forés,Oviedo,709380.0,700000.0,100
Thiago Borbas,Oviedo,743951.0,3500000.0,100
Álex Sancris,Getafe,560705.0,1500000.0,100
Juan Arango,Girona,26063.0,75000.0,100
Veljko Birmančević,Getafe,419648.0,3500000.0,100
Pau Cabanes,Villarreal,1063553.0,800000.0,100
Lluc Castell,Espanyol,,,0
Gorka Carrera,Real Sociedad,1000136.0,100000.0,80
Dawda Camara,Girona,891923.0,1000000.0,100
Asier Hierro,Athletic Club,,,0
Carlos Martín,Rayo Vallecano,618813.0,1500000.0,100
Mariano,Alavés,54155.0,300000.0,100
Hugo López,Villarreal,1331450.0,1000000.0,100
Diego Morcillo,Alavés,376155.0,450000.0,100
Matheo Raab,Union Berlin,386685.0,600000.0,100
Sander Tangvik,Hamburger SV,549378.0,3000000.0,100
Karl Hein,Werder Bremen,493513.0,3000000.0,100
Janis Blaswich,Leverkusen,81173.0,700000.0,100
Carl Klaus,Union Berlin,161057.0,350000.0,100
Daniel Fernandes,Hamburger SV,10254.0,25000.0,100
Mio Backhaus,Werder Bremen,620295.0,15000000.0,100
Michael Zetterer,Eint Frankfurt,196813.0,4000000.0,100
Diant Ramaj,Heidenheim,448705.0,7000000.0,100
Mark Flekken,Leverkusen,125714.0,6000000.0,100
Mick Schmetgens,Werder Bremen,1045986.0,700000.0,100
Luka Vušković,Hamburger SV,892160.0,60000000.0,100
Maximilian Wöber,Werder Bremen,263361.0,3000000.0,100
Jonathan Tah,Bayern Munich,196357.0,28000000.0,100
Aaron Anselmino,Dortmund,1145504.0,10000000.0,100
Loïc Bade,Leverkusen,730581.0,20000000.0,100
Vladimír Coufal,Hoffenheim,157672.0,2500000.0,100
Albian Hajdari,Hoffenheim,579459.0,25000000.0,100
Kevin Diks,Gladbach,335209.0,5000000.0,100
Stefan Posch,Mainz 05,223974.0,6000000.0,100
Jarell Quansah,Leverkusen,632349.0,45000000.0,100
Hannes Behrens,Heidenheim,829838.0,5000000.0,92
Bernardo,Hoffenheim,719646.0,5000000.0,100
Arthur Chaves,Augsburg,875332.0,5000000.0,100
Luca Reggiani,Dortmund,1074990.0,10000000.0,100
Kacper Potulski,Mainz 05,1073748.0,18000000.0,100
Jordan Torunarigha,Hamburger SV,227110.0,4000000.0,100
Nicolás Capaldo,Hamburger SV,649672.0,8000000.0,100
Tomoya Ando,St. Pauli,610795.0,3000000.0,100
Jenson Seelt,Wolfsburg,617755.0,5000000.0,100
Philipp Treu,Freiburg,335993.0,15000000.0,100
Kristoffer Lund,Köln,623773.0,4000000.0,100
Max Finkgräfe,RB Leipzig,810649.0,5000000.0,100
Warmed Omari,Hamburger SV,711996.0,4000000.0,100
Giorgi Gocholeishvili,Hamburger SV,540056.0,2000000.0,100
Isaac Schmidt,Werder Bremen,449597.0,2200000.0,100
Cenk Özkacar,Köln,615350.0,4000000.0,100
Leonidas Stergiou,Heidenheim,507345.0,2500000.0,100
Rav van den Berg,Köln,640556.0,7000000.0,100
Jeanuël Belocian,Wolfsburg,919515.0,12000000.0,100
Stanley N'Soki,Union Berlin,371141.0,2000000.0,96
Anthony Jung,Freiburg,58995.0,600000.0,100
Aaron Zehnter,Wolfsburg,730484.0,5000000.0,100
Jahmai Simpson-Pusey,Köln,942497.0,9000000.0,100
Daniel Elfadli,Hamburger SV,529895.0,3000000.0,100
Lorenz Assignon,Stuttgart,711969.0,9000000.0,100
Guilherme Ramos,Hamburger SV,139607.0,1200000.0,100
Kōta Takai,Gladbach,671108.0,5000000.0,100
Yukinari Sugawara,Werder Bremen,405385.0,5500000.0,100
Sael Kumbedi,Wolfsburg,951579.0,12000000.0,100
Jan Bürger,Wolfsburg,1009440.0,3000000.0,100
Karim Coulibaly,Werder Bremen,1084638.0,28000000.0,100
Sebastian Sebulonsen,Köln,592387.0,5500000.0,100
Jusuf Gazibegović,Köln,393745.0,2000000.0,100
Adam Kölle,Heidenheim,921431.0,1000000.0,100
Axel Tapé,Leverkusen,1077670.0,8000000.0,100
Joël Schmied,Köln,322517.0,3000000.0,100
Koki Machida,Hoffenheim,415035.0,6000000.0,100
Deniz Ofli,Bayern Munich,,,0
Tim Oermann,Leverkusen,696164.0,4000000.0,100
Shafiq Nandja,Hamburger SV,1125079.0,500000.0,100
Cenny Neumann,Köln,,,0
Aboubaka Soumahoro,Hamburger SV,97166.0,100000.0,85
Jonas Adjei Adjetey,Wolfsburg,734676.0,6000000.0,100
Filippo Mane,Dortmund,883007.0,2500000.0,100
Cassiano Kiala,Bayern Munich,1259870.0,2000000.0,100
Leart Paqarada,Heidenheim,107219.0,800000.0,92
Louis Lemke,Hamburger SV,,,0
Luis Díaz,Bayern Munich,480692.0,70000000.0,100
Brajan Gruda,RB Leipzig,700106.0,28000000.0,100
Fabio Vieira,Hamburger SV,537598.0,18000000.0,100
Jakub Kamiński,Köln,407098.0,17000000.0,100
Wouter Burger,Hoffenheim,412953.0,20000000.0,100
Leon Avdullahu,Hoffenheim,667457.0,30000000.0,100
Bilal El Khannouss,Stuttgart,654982.0,35000000.0,100
Albert Grønbaek,Hamburger SV,503866.0,5000000.0,100
Said El Mala,Köln,1168219.0,45000000.0,100
Albert Sambi Lokonga,Hamburger SV,381967.0,12000000.0,100
Chema,Stuttgart,51556.0,150000.0,100
Lucas Vázquez,Leverkusen,221316.0,1500000.0,100
Miro Muheim,Hamburger SV,298603.0,5000000.0,100
Malik Tillman,Leverkusen,467437.0,30000000.0,100
Nicolai Remberg,Hamburger SV,592534.0,9000000.0,100
Tom Krauß,Köln,405687.0,4500000.0,100
Samuele Inacio,Dortmund,1058359.0,15000000.0,100
Christian Eriksen,Wolfsburg,69633.0,2500000.0,100
Tom Bischof,Bayern Munich,822959.0,40000000.0,100
Fabian Rieder,Augsburg,507341.0,12000000.0,100
Vinicius Souza,Wolfsburg,146020.0,1200000.0,100
Ritsu Doan,Eint Frankfurt,358504.0,17000000.0,100
Anton Kade,Augsburg,654234.0,10000000.0,100
Samuel Mbangula,Werder Bremen,654991.0,8000000.0,100
Lennart Karl,Bayern Munich,1075147.0,60000000.0,100
Alessio Castro-Montes,Köln,340166.0,2500000.0,100
Arijon Ibrahimović,Heidenheim,744728.0,10000000.0,100
Han-Noah Massengo,Augsburg,536508.0,8000000.0,100
Robin Fellhauer,Augsburg,264960.0,3500000.0,100
Ezequiél Fernández,Leverkusen,525828.0,400000.0,100
Montrell Culbreath,Leverkusen,1058514.0,15000000.0,100
Yuito Suzuki,Freiburg,668606.0,24000000.0,100
Yannik Engelhardt,Gladbach,405670.0,7000000.0,100
Gio Reyna,Gladbach,,,0
Ísak Jóhannesson,Köln,579565.0,8000000.0,100
Jobe Bellingham,Dortmund,796297.0,40000000.0,100
Derrick Köhn,Union Berlin,391780.0,4000000.0,100
Joel Fujita,St. Pauli,697277.0,10000000.0,100
Wael Mohya,Gladbach,1070979.0,17000000.0,100
Hugo Bolin,Gladbach,667251.0,6000000.0,100
Ben Bobzien,Mainz 05,658116.0,400000.0,100
Luka Duric,Hoffenheim,685484.0,800000.0,100
Bara Sapoko Ndiaye,Bayern Munich,1497653.0,4000000.0,100
Mathias Rasmussen,St. Pauli,268327.0,2000000.0,100
Jens Castrop,Gladbach,613192.0,10000000.0,100
Silas Katompa,Mainz 05,612826.0,2000000.0,100
Sota Kawasaki,Mainz 05,733371.0,2000000.0,100
Felipe Chávez,Köln,1009441.0,4000000.0,100
Cameron Puertas,Werder Bremen,449592.0,7000000.0,100
Cyriaque Irié,Freiburg,1145064.0,8000000.0,100
Philip Otele,Hamburger SV,678655.0,4000000.0,100
Jonas Meffert,Hamburger SV,107574.0,1500000.0,100
Arkadiusz Pyrka,St. Pauli,599733.0,3500000.0,100
Ezechiel Banzuzi,RB Leipzig,865682.0,16000000.0,100
Yannik Keitel,Augsburg,342039.0,2000000.0,100
Patrice Čović,Werder Bremen,1114155.0,4000000.0,100
Claudio Echeverri,Leverkusen,994536.0,15000000.0,100
Andrija Maksimović,RB Leipzig,952779.0,9000000.0,100
David Daiber,Bayern Munich,1118495.0,3000000.0,100
Louis Oppie,St. Pauli,605265.0,2500000.0,100
Badredine Bouanani,Stuttgart,707242.0,10000000.0,100
William Mikelbrencis,Hamburger SV,743500.0,3000000.0,100
Love Arrhov,Eint Frankfurt,1184986.0,5000000.0,100
Lazar Jovanović,Stuttgart,897505.0,3500000.0,100
Pharell Hensel,Wolfsburg,1150105.0,3000000.0,100
Rouven Tarnutzer,Freiburg,1159439.0,175000.0,100
Tim Schnitzer,Augsburg,1293517.0,150000.0,100
Ismaël Gharbi,Augsburg,810096.0,5000000.0,100
Emir Sahiti,Hamburger SV,403177.0,1700000.0,100
Jesper Lindstrøm,Wolfsburg,513245.0,4000000.0,100
Immanuel Pherai,Hamburger SV,412935.0,2500000.0,100
Erblin Osmani,Bayern Munich,,,0
Yan Diomandé,RB Leipzig,1390649.0,90000000.0,100
Ibrahim Maza,Leverkusen,905011.0,45000000.0,100
Jean-Luc Dompé,Hamburger SV,291222.0,2500000.0,100
Jonathan Burkardt,Eint Frankfurt,333647.0,30000000.0,100
Sheraldo Becker,Mainz 05,188888.0,1500000.0,100
Ragnar Ache,Köln,416380.0,9000000.0,100
Marius Bülter,Köln,116088.0,1800000.0,100
Ernest Poku,Leverkusen,718303.0,25000000.0,100
Igor Matanovic,Freiburg,605268.0,22000000.0,100
Charles Herrmann,Gladbach,884822.0,800000.0,100
Arnaud Kalimuendo,Eint Frankfurt,585959.0,25000000.0,100
Eliesse Ben Seghir,Leverkusen,810895.0,20000000.0,100
Oliver Burke,Union Berlin,341317.0,3000000.0,100
Nicolas Jackson,Bayern Munich,776890.0,40000000.0,100
Livan Burcu,Union Berlin,519872.0,4000000.0,100
Johan Bakayoko,RB Leipzig,565424.0,20000000.0,100
Adam Daghim,Wolfsburg,881297.0,7500000.0,100
Christian Kofane,Leverkusen,1364454.0,40000000.0,100
Haris Tabakovic,Gladbach,203123.0,3500000.0,100
Ayoube Amaimouni Echghouyab,Eint Frankfurt,799993.0,10000000.0,96
Derry Scherhant,Freiburg,820957.0,7500000.0,100
Shuto Machino,Gladbach,550580.0,4000000.0,100
Robert Glatzel,Hamburger SV,196139.0,1500000.0,100
Victor Boniface,Werder Bremen,656681.0,5000000.0,100
Ricky Jade-Jones,St. Pauli,,,0
Jovan Milošević,Werder Bremen,943795.0,7000000.0,100
Elias Saad,Augsburg,74600.0,1200000.0,100
Rômulo,RB Leipzig,957874.0,30000000.0,100
Fabio Baldé,Hamburger SV,910541.0,5000000.0,100
William Bøving,Mainz 05,610400.0,3500000.0,100
Ilyas Ansah,Union Berlin,1035765.0,12000000.0,100
Christian Conteh,Heidenheim,530298.0,1500000.0,100
Yannik Wagner,Heidenheim,1153628.0,800000.0,100
Ransford Königsdörffer,Hamburger SV,470038.0,5000000.0,100
Yussuf Poulsen,Hamburger SV,157635.0,1000000.0,100
Salim Musah,Werder Bremen,1042472.0,2000000.0,100
Conrad Harder,RB Leipzig,807386.0,17000000.0,100
Fábio Silva,Dortmund,505653.0,22000000.0,100
Rayan Philippe,Hamburger SV,694507.0,4000000.0,100
Fynn Schenten,Köln,1118293.0,1000000.0,100
Mathias Pereira Lage,St. Pauli,424072.0,2500000.0,100
Otto Stange,Hamburger SV,1058520.0,4000000.0,100
Tim Lemperle,Hoffenheim,553285.0,17000000.0,100
Alexander Røssing-Lelesiit,Hamburger SV,1213681.0,5000000.0,100
Benedict Hollerbach,Mainz 05,453870.0,8000000.0,100
Rodrigo Ribeiro,Augsburg,726701.0,4000000.0,100
Jeremy Arévalo,Stuttgart,971663.0,7000000.0,100
Kento Shiogai,Wolfsburg,1144627.0,8000000.0,100
Maycon Cardozo,Bayern Munich,421935.0,2000000.0,100
Jan Urbich,Gladbach,34421.0,400000.0,80
Youssoupha Niang,Köln,944331.0,2000000.0,100
Samba Konaté,RB Leipzig,1380977.0,1000000.0,100
Martijn Kaars,St. Pauli,377729.0,3000000.0,100
Phillip Tietz,Mainz 05,288340.0,4000000.0,100
Alejo Sarco,Gladbach,1000675.0,2000000.0,100
Jessic Ngankam,Eint Frankfurt,448177.0,700000.0,100
Cole Campbell,Hoffenheim,866579.0,5000000.0,100
Wisdom Mike,Bayern Munich,1084539.0,5000000.0,100
Andreas Hountondji,St. Pauli,704155.0,3000000.0,100
Younes Ebnoutalib,Eint Frankfurt,692368.0,8000000.0,100
Damion Downs,Hamburger SV,820241.0,4000000.0,100
Uchenna Ogundu,Augsburg,1309324.0,4000000.0,100
Taichi Hara,St. Pauli,495752.0,1000000.0,100
Aiman Dardari,Augsburg,904723.0,800000.0,100
Linus Guther,Union Berlin,1378338.0,1000000.0,100
Fabio Moreno Fell,Mainz 05,61891.0,1000000.0,100
Mathis Albert,Dortmund,142370.0,100000.0,84
Yannick Eduardo,Hoffenheim,930998.0,2500000.0,100
Tobias Weigel,Heidenheim,20444.0,300000.0,83
Dmytro Bogdanov,Union Berlin,1045446.0,800000.0,100
Filippo Rinaldi,Parma,604207.0,600000.0,100
Arijanet Murić,Sassuolo,371021.0,7500000.0,100
Pietro Terracciano,Milan,96254.0,900000.0,100
Simone Scuffet,Pisa,238993.0,900000.0,100
Emil Audero,Cremonese,256339.0,2800000.0,100
Edoardo Corvi,Parma,528181.0,1500000.0,100
Adrian Šemper,Pisa,317057.0,1800000.0,100
Alessio Furlanetto,Lazio,538079.0,350000.0,100
Justin Bijlow,Genoa,315121.0,4000000.0,100
Edoardo Motta,Lazio,916430.0,8000000.0,100
Vanja Milinković-Savić,Napoli,257474.0,20000000.0,100
Marco Silvestri,Cremonese,85528.0,500000.0,100
Massimo Pessina,Bologna,992569.0,3500000.0,100
Franco Israel,Torino,492319.0,2500000.0,100
Gioele Zacchi,Sassuolo,659648.0,600000.0,100
Nícolas,Pisa,99523.0,100000.0,100
Jacobo Ramón,Como,948278.0,30000000.0,100
Manuel Akanji,Inter,284730.0,17000000.0,100
Matías Pérez,Lecce,744416.0,3000000.0,100
Mariano Troilo,Parma,1159864.0,10000000.0,100
Ardian Ismajli,Torino,435228.0,5000000.0,100
Diego Carlos,Como,329145.0,5000000.0,100
Koni De Winter,Milan,490384.0,23000000.0,100
Andrias Edmundsson,Hellas Verona,495839.0,3000000.0,100
Tarik Muharemovic,Sassuolo,679423.0,25000000.0,100
Ulisses Garcia,Sassuolo,192616.0,3000000.0,100
Niels Nkounkou,Torino,591193.0,2600000.0,100
Jamil Siebert,Lecce,604113.0,4500000.0,100
Branimir Mlačić,Udinese,1300966.0,5000000.0,100
Miguel Gutiérrez,Napoli,525299.0,22000000.0,100
Sam Beukema,Napoli,433984.0,22000000.0,100
Eivind Helland,Bologna,1129198.0,8000000.0,100
Federico Baschirotto,Cremonese,351955.0,3500000.0,100
Jan Ziółkowski,Roma,1046867.0,12000000.0,96
Emil Holm,Juventus,496745.0,10000000.0,100
João Mário,Bologna,537602.0,8000000.0,100
Daniele Ghilardi,Roma,701819.0,18000000.0,100
Luís Balbo,Fiorentina,1012731.0,3000000.0,100
Tobias Slotsager,Hellas Verona,851385.0,3000000.0,100
Martin Vitík,Bologna,652054.0,13000000.0,100
Eddy Kouadio,Fiorentina,957822.0,2500000.0,100
Mikayil Ngor Faye,Cremonese,666974.0,4500000.0,100
Tariq Lamptey,Fiorentina,504148.0,3000000.0,100
Wedtoin Latif Ouedraogo,Genoa,,,0
Zachary Athekame,Milan,990637.0,15000000.0,100
Armel Bella Kotchap,Hellas Verona,467563.0,7000000.0,94
Sebastian Walukiewicz,Sassuolo,345458.0,5000000.0,100
Victor Nelsson,Hellas Verona,422951.0,6000000.0,100
Sebastiano Luperto,Cremonese,278531.0,4000000.0,100
Filippo Terracciano,Cremonese,631007.0,4500000.0,100
Stefan Posch,Como,223974.0,6000000.0,100
Mamedi Doucoure,Genoa,340480.0,100000.0,83
David Odogu,Milan,897423.0,5000000.0,100
Nicolò Bertola,Udinese,632831.0,7000000.0,100
Torbjørn Heggem,Bologna,464469.0,13000000.0,100
Francesco Folino,Cremonese,603675.0,800000.0,100
Niccolò Fortini,Fiorentina,984964.0,10000000.0,100
Luca Marianucci,Torino,814446.0,7000000.0,100
Juan Rodríguez,Cagliari,1228231.0,10000000.0,100
Raúl Albiol,Pisa,15452.0,700000.0,100
Jay Idzes,Sassuolo,546926.0,14000000.0,100
Alessandro Marcandalli,Genoa,818448.0,14000000.0,100
Nadir Zortea,Bologna,392966.0,7000000.0,100
Riyad Idrissi,Cagliari,885226.0,4000000.0,100
Woyo Coulibaly,Sassuolo,592975.0,2000000.0,100
Enzo Ebosse,Torino,342877.0,2800000.0,100
Honest Ahanor,Atalanta,1077175.0,30000000.0,100
Saba Goglichidze,Udinese,906160.0,3500000.0,100
Kostas Tsimikas,Roma,338070.0,4500000.0,83
Simone Canestrelli,Pisa,358003.0,4500000.0,100
Zé Pedro Figueiredo,Cagliari,65278.0,1000000.0,100
Othniël Raterink,Cagliari,997478.0,1000000.0,100
Fallou Cham,Hellas Verona,1315458.0,1000000.0,100
Antonio Caracciolo,Pisa,149525.0,800000.0,100
Unai Núñez,Hellas Verona,338285.0,3500000.0,100
Federico Ceccherini,Cremonese,163639.0,400000.0,100
Fali Candé,Sassuolo,520530.0,3000000.0,100
Mateus Lusuardi,Pisa,1159022.0,300000.0,100
Daniele Rugani,Fiorentina,162959.0,2000000.0,100
Arturo Calabresi,Pisa,240897.0,800000.0,100
Corrie Ndaba,Lecce,433329.0,900000.0,100
Abdoulaye Niakhate Ndiaye,Parma,673514.0,6000000.0,100
Sascha Britschgi,Parma,932187.0,10000000.0,100
Pedro Felipe,Sassuolo,1082581.0,1500000.0,100
Daniel Denoon,Pisa,692187.0,500000.0,100
Giovanni Bonfanti,Pisa,663900.0,1000000.0,100
Nils Zätterström,Genoa,1191520.0,3500000.0,100
Christ-Owen Kouassi,Lecce,,,0
Pol Lirola,Hellas Verona,298975.0,1500000.0,100
Mattia Viti,Fiorentina,493702.0,5000000.0,100
Francesco Coppola,Pisa,925838.0,3500000.0,100
Rosen Bozhinov,Pisa,877124.0,4000000.0,100
Tommaso Macchioni,Sassuolo,659416.0,500000.0,87
Cas Odenthal,Sassuolo,406632.0,1500000.0,100
Luka Modrić,Milan,27992.0,3500000.0,100
Adrien Rabiot,Milan,182913.0,18000000.0,100
Martin Baturina,Como,580451.0,30000000.0,100
Filippo Carbone,Genoa,1221548.0,300000.0,100
Wesley,Roma,964580.0,40000000.0,100
Marco Palestra,Cagliari,895937.0,35000000.0,100
Kevin De Bruyne,Napoli,88755.0,8000000.0,100
Ismaël Koné,Sassuolo,921655.0,25000000.0,100
Nicola Zalewski,Atalanta,550108.0,20000000.0,100
Lorenzo Bernasconi,Atalanta,708635.0,20000000.0,100
Roberto Gagliardini,Hellas Verona,197471.0,1300000.0,100
Nemanja Matić,Sassuolo,74683.0,1600000.0,100
Abdoulaye Camara,Udinese,1210116.0,1500000.0,100
Michel Aebischer,Pisa,237658.0,4000000.0,100
Petar Sucic,Inter,668207.0,40000000.0,100
Samuele Angori,Pisa,705063.0,4500000.0,100
Jayden Addai,Como,747720.0,20000000.0,100
Samuele Ricci,Milan,467992.0,22000000.0,100
Jesus Rodríguez,Como,1190411.0,30000000.0,100
Luis Henrique,Inter,691316.0,22000000.0,100
Luca Mazzitelli,Cagliari,226025.0,1200000.0,100
Kristjan Asllani,Torino,543771.0,12000000.0,100
Jari Vandeputte,Cremonese,258827.0,3000000.0,100
Mehdi Léris,Pisa,348601.0,1800000.0,100
Alessandro Zanoli,Udinese,397225.0,4500000.0,100
Juan Cuadrado,Pisa,91970.0,800000.0,100
Kenneth Taylor,Lazio,470394.0,25000000.0,100
Ebenezer Akinsanmiro,Pisa,969192.0,7000000.0,100
Matteo Cocchi,Inter,988987.0,1500000.0,100
Yellu Santiago,Hellas Verona,941869.0,700000.0,100
Abdelhamid Sabiri,Fiorentina,340394.0,850000.0,100
Emirhan İlkhan,Torino,743091.0,6000000.0,100
Alexsandro Amorim,Genoa,648020.0,15000000.0,100
Darryl Bakola,Sassuolo,1170286.0,8000000.0,100
Idrissa Touré,Pisa,335516.0,5000000.0,100
Ardon Jashari,Milan,608172.0,25000000.0,100
Yunus Musah,Atalanta,503991.0,14000000.0,100
Franco Vázquez,Cremonese,76163.0,600000.0,100
Hans Nicolussi Caviglia,Parma,430280.0,6000000.0,100
Neil El Aynaoui,Roma,901019.0,23000000.0,100
Lennon Miller,Udinese,924857.0,10000000.0,100
Tommaso Barbieri,Cremonese,569939.0,3800000.0,100
Pervis Estupiñán,Milan,349599.0,12000000.0,100
Jeremy Sarmiento,Cremonese,568005.0,5000000.0,100
Alberto Grassi,Cremonese,197473.0,1400000.0,100
Andy Diouf,Inter,711976.0,20000000.0,100
Valentin Carboni,Genoa,787618.0,7500000.0,100
Sandi Lovrić,Hellas Verona,268429.0,3500000.0,100
Tommaso Baldanzi,Genoa,641537.0,8500000.0,100
Rafik Belghali,Hellas Verona,864306.0,7000000.0,100
Jean-Daniel Akpa-Akpro,Hellas Verona,170481.0,500000.0,95
Brando Bettazzi,Pisa,,,0
Jakub Piotrowski,Udinese,377243.0,4500000.0,100
Marius Marin,Pisa,379163.0,2800000.0,100
Marco Brescianini,Fiorentina,459128.0,9000000.0,100
İsak Vural,Pisa,989621.0,5000000.0,100
Juan Arizala,Udinese,1118347.0,3500000.0,100
Morten Thorsby,Cremonese,226524.0,2800000.0,100
Albert Grønbaek,Genoa,503866.0,5000000.0,100
Giuseppe Pezzella,Cremonese,336960.0,2000000.0,100
Simon Sohm,Bologna,507486.0,8000000.0,100
Matteo Prati,Torino,876298.0,5500000.0,100
Almoatasem Al Musrati,Hellas Verona,,,0
Giovanni Fabbian,Fiorentina,633668.0,10000000.0,100
Oumar Ngom,Lecce,980575.0,3000000.0,100
Rafael Obrador,Torino,61892.0,800000.0,100
Gaetano Oristanio,Parma,613393.0,5000000.0,100
Gael Lafont,Genoa,,,0
Olaf Gorter,Lecce,,,0
Nicolò Cavuoti,Cagliari,701842.0,200000.0,100
Jacopo Grossi,Genoa,617808.0,350000.0,80
Simone Lottici Tessadri,Cremonese,,,0
Adrian Przyborek,Lazio,1018395.0,6000000.0,100
Mikael Ellertsson,Genoa,566615.0,6000000.0,100
Warren Bondo,Cremonese,659516.0,6000000.0,100
Faustino Anjorin,Torino,433181.0,4000000.0,85
Lorran,Pisa,1009030.0,4500000.0,100
Nicolae Stanciu,Genoa,148372.0,1800000.0,100
Youssef Maleh,Cremonese,324377.0,1500000.0,100
Martín Payero,Cremonese,555820.0,5000000.0,100
Aster Vranckx,Sassuolo,503881.0,5000000.0,100
Gabriele Piccinini,Pisa,628365.0,3000000.0,100
Edoardo Iannoni,Sassuolo,700053.0,800000.0,100
Agustín Albarracín,Cagliari,1104206.0,2300000.0,100
Benjamin Cremaschi,Parma,999127.0,4000000.0,90
Álex Sala,Lecce,582664.0,1000000.0,100
Romano Floriani,Cremonese,708086.0,2500000.0,100
Oliver Jensen,Parma,569639.0,100000.0,100
Alessio Zerbin,Cremonese,433584.0,2000000.0,100
Michael Folorunsho,Cagliari,377042.0,5000000.0,100
Christian Ordoñez,Parma,1043646.0,6500000.0,100
Omri Gandelman,Lecce,780548.0,3000000.0,100
Dachi Lordkipanidze,Cremonese,,,0
Alessandro Romano,Roma,911224.0,500000.0,100
Franco Carboni,Parma,731491.0,900000.0,100
Calvin Stengs,Pisa,409344.0,4500000.0,100
Michele Collocolo,Cremonese,434551.0,2400000.0,100
Malthe Hojholt,Pisa,543822.0,1200000.0,96
Joseph Liteta,Cagliari,1134304.0,3500000.0,100
Felipe Loyola,Pisa,843286.0,7000000.0,100
Alessandro Cardinali,Parma,253857.0,200000.0,83
Christian Frangella,Sassuolo,658678.0,12000000.0,100
Sadik Fofana,Lecce,644613.0,800000.0,100
Andrea Le Borgne,Como,,,0
Alisson Santos,Napoli,830365.0,28000000.0,100
Donyell Malen,Roma,326029.0,45000000.0,100
Jeremie Boga,Juventus,216569.0,8000000.0,100
Manor Solomon,Fiorentina,396638.0,8000000.0,100
Sebastiano Esposito,Cagliari,538918.0,15000000.0,100
Federico Bonazzoli,Cremonese,241527.0,2500000.0,100
Gabriel Strefezza,Parma,457673.0,6500000.0,100
Noa Lang,Napoli,339332.0,22000000.0,100
Federico Bernardeschi,Bologna,197300.0,3500000.0,100
Bryan Zaragoza,Roma,713644.0,8000000.0,100
Antonio Vergara,Napoli,703245.0,15000000.0,100
Nesta Elphege,Parma,862606.0,4000000.0,100
Nicolò Zaniolo,Udinese,392085.0,15000000.0,100
Andrea Belotti,Cagliari,167727.0,1500000.0,100
Jonathan Rowe,Bologna,672381.0,28000000.0,100
Stefano Moreo,Pisa,279823.0,1200000.0,100
Gennaro Borrelli,Cagliari,459988.0,3000000.0,100
Kieron Bowie,Hellas Verona,647280.0,7000000.0,100
Mattéo Tramoni,Pisa,475410.0,4500000.0,100
Giacomo Raspadori,Atalanta,405885.0,22000000.0,100
Giovanni Simeone,Torino,282388.0,7000000.0,100
Riccardo Sottil,Lecce,386455.0,3000000.0,100
Ange-Yoan Bonny,Inter,827734.0,35000000.0,100
Milan Đurić,Cremonese,67556.0,1000000.0,90
Kamaldeen Sulemana,Atalanta,746695.0,17000000.0,100
Jack Harrison,Fiorentina,417346.0,6500000.0,100
Christopher Nkunku,Milan,344381.0,25000000.0,100
Jamie Vardy,Cremonese,197838.0,1000000.0,100
Daniel Maldini,Lazio,539134.0,9000000.0,100
Adam Buksa,Udinese,267160.0,3500000.0,100
Dominic Vavassori,Atalanta,936739.0,2000000.0,100
Lorenzo Venturino,Roma,1061820.0,5000000.0,100
Alieu Fadera,Sassuolo,749552.0,4500000.0,100
Edon Zhegrova,Juventus,496857.0,10000000.0,100
Yael Trepy,Cagliari,1099924.0,2000000.0,100
Cyril Ngonge,Torino,358032.0,7000000.0,100
Jacopo Fazzini,Fiorentina,691482.0,8500000.0,100
Francesco Esposito,Inter,723614.0,100000.0,81
Walid Cheddira,Lecce,521407.0,2000000.0,100
Nikola Krstović,Atalanta,434433.0,30000000.0,100
Manuel De Luca,Cremonese,375816.0,1400000.0,100
Paul Mendy,Cagliari,1371793.0,7000000.0,100
Dennis Johnsen,Cremonese,406042.0,1200000.0,100
Edin Džeko,Fiorentina,28396.0,1000000.0,100
Nicolas-Gerrit Kühn,Como,,,0
Zakaria Aboukhlal,Torino,393238.0,6000000.0,100
M'Bala Nzola,Sassuolo,354814.0,4000000.0,100
Lorenzo Lucca,Napoli,572265.0,20000000.0,100
Rasmus Højlund,Napoli,610442.0,60000000.0,100
Semih Kılıçsoy,Cagliari,875334.0,11000000.0,100
Álvaro Morata,Como,128223.0,6000000.0,100
Antonio Arena,Roma,718580.0,100000.0,89
Lorenzo Colombo,Genoa,487843.0,10000000.0,100
Robinio Vaz,Roma,1131161.0,18000000.0,100
Giuseppe Ambrosino,Napoli,707295.0,1800000.0,100
Isaac,Hellas Verona,1083069.0,700000.0,100
Ioan Vermesan,Hellas Verona,,,0
Idrissa Guèye,Udinese,1178488.0,8000000.0,100
Evan Ferguson,Roma,648046.0,20000000.0,100
Petar Ratkov,Lazio,846254.0,9000000.0,100
Giovane,Napoli,1005165.0,12000000.0,100
Antonio Sanabria,Cremonese,234523.0,1800000.0,100
Loïs Openda,Juventus,368887.0,25000000.0,100
Roberto Piccoli,Fiorentina,432092.0,14000000.0,100
Gift Orban,Hellas Verona,1018259.0,7000000.0,100
Niclas Füllkrug,Milan,75489.0,3500000.0,100
Daniel Mikołajewski,Parma,991459.0,500000.0,100
Cheveyo Muy,Milan,,,0
Laurs Skjellerup,Sassuolo,655207.0,150000.0,100
Nikola Štulić,Lecce,595650.0,3500000.0,100
Luca Moro,Sassuolo,600936.0,1800000.0,100
Samuel Iling-Junior,Pisa,581672.0,6500000.0,100
Patrick Cutrone,Parma,265078.0,5000000.0,100
Leon Bailey,Roma,387626.0,14000000.0,100
Sandro Kulenović,Torino,357778.0,3500000.0,100
Francesco Camarda,Lecce,1058368.0,15000000.0,100
Filip Stojilković,Pisa,464195.0,2500000.0,100
Henrik Meister,Pisa,914934.0,3800000.0,100
Jonathan David,Juventus,533738.0,30000000.0,100
Vakoun Bayo,Udinese,375877.0,2500000.0,100
Matteo Lavelli,Inter,972475.0,450000.0,100
Rafiu Durosinmi,Pisa,935760.0,7000000.0,100
Louis Buffon,Pisa,,,0
Riccardo Braschi,Fiorentina,934514.0,2000000.0,100
Tomás Esteves,Pisa,504085.0,1100000.0,100
Faris Pemi Moumbagna,Cremonese,599663.0,3500000.0,100
Mattia Mosconi,Inter,235923.0,150000.0,81
Ciro Immobile,Bologna,105521.0,1800000.0,100
Tjaš Begić,Parma,,,0
Joi Xheto Nuredini,Genoa,,,0
Mathieu Gorgelin,Lens,60543.0,200000.0,100
Lionel Mpasi Nzau,Le Havre,164915.0,400000.0,94
Hervé Koffi,Angers,415383.0,6000000.0,100
Berke Özer,Lille,361256.0,10000000.0,100
Renato Marin,Paris S-G,1041614.0,1000000.0,100
Robin Risser,Lens,743515.0,30000000.0,100
Yehvann Diouf,Nice,448632.0,7000000.0,100
Mory Diaw,Le Havre,164904.0,900000.0,100
Dominik Greif,Lyon,316884.0,9000000.0,100
Pape Sy,Metz,568728.0,600000.0,100
Jonathan Fischer,Metz,542452.0,2000000.0,100
Lucas Chevalier,Paris S-G,463600.0,25000000.0,100
Kevin Trapp,Paris FC,45672.0,1800000.0,100
Mike Penders,Strasbourg,834397.0,25000000.0,100
Lukáš Hrádecký,Monaco,48015.0,1500000.0,100
Arnaud Bodart,Lille,417278.0,1500000.0,100
Paul Argney,Le Havre,988275.0,200000.0,100
Radosław Majecki,Brest,346546.0,2500000.0,96
Jeffrey De Lange,Marseille,315253.0,2500000.0,100
Oumar Pona,Angers,1073176.0,200000.0,100
Maxime Dupé,Nice,127188.0,700000.0,100
Obed Nkambadio,Paris FC,750878.0,5000000.0,100
Mathys Silistrie,Rennes,979761.0,200000.0,100
Bingourou Kamara,Lorient,333175.0,600000.0,100
Samson Baidoo,Lens,655217.0,25000000.0,100
Nayef Aguerd,Marseille,361914.0,15000000.0,100
Illia Zabarnyi,Paris S-G,659089.0,40000000.0,88
Danny Loader,Auxerre,14119.0,750000.0,100
Ismaëlo Ganiou,Lens,1020191.0,20000000.0,100
Frederic Guilbert,Nantes,354352.0,800000.0,100
Eric Dier,Monaco,175722.0,4000000.0,100
Brad-Hamilton Mantsounga,Nice,,,0
Julien Le Cardinal,Saint-Étienne,794349.0,1500000.0,100
Michel Diaz,Brest,887834.0,600000.0,100
Emerson Palmieri,Marseille,181778.0,9000000.0,100
Quentin Merlin,Rennes,557613.0,15000000.0,100
Otavio Ataide,Paris FC,818495.0,10000000.0,100
Hilan Hamzaoui Slimani,Marseille,,,0
Diego Coppola,Paris FC,660860.0,18000000.0,100
Romain Perraud,Lille,318523.0,7000000.0,100
Abdelhamid Ait Boudlal,Rennes,1134251.0,12000000.0,100
Moustapha Mbow,Paris FC,649026.0,9000000.0,100
Nathan Ngoy,Lille,548254.0,25000000.0,100
Facundo Medina,Marseille,474800.0,18000000.0,100
Marvin Senaya,Auxerre,830890.0,3000000.0,100
Francisco Sierralta,Auxerre,371436.0,1200000.0,100
Ayumu Seko,Le Havre,405389.0,5000000.0,100
Benjamin Pavard,Marseille,353366.0,12000000.0,100
Kojo Peprah Oppong,Nice,1113451.0,10000000.0,100
Wout Faes,Monaco,292808.0,10000000.0,100
Lucas Høgsberg,Strasbourg,926978.0,18000000.0,100
Abdulai Juma Bah,Nice,1121298.0,10000000.0,100
Chancel Mbemba,Lille,203348.0,2000000.0,100
Michel Mboula,Metz,1038308.0,900000.0,100
Stephan Zagadou,Le Havre,1228317.0,4000000.0,100
Ali Youssef,Nantes,182813.0,300000.0,100
Dimitri Lucea,Paris S-G,,,0
Steeve Kango,Lyon,1119391.0,1000000.0,100
Maxima Goffi,Lille,,,0
Calvin Verdonk,Lille,258364.0,2500000.0,100
CJ Egan-Riley,Marseille,581669.0,9000000.0,100
Lamine Sy,Auxerre,796865.0,2500000.0,100
Marius Louer,Angers,1103652.0,2000000.0,100
Tuomas Ollila,Paris FC,433887.0,400000.0,100
Raphael Le Guen,Brest,1166473.0,800000.0,100
Seny Koumbassa,Toulouse,1075583.0,5000000.0,100
Nidal Čelik,Lens,819566.0,7000000.0,100
Hamari Traoré,Paris FC,297070.0,1500000.0,100
Ben Chilwell,Strasbourg,316125.0,10000000.0,100
Aaron Anselmino,Strasbourg,1145504.0,10000000.0,100
Nhoa Sangui,Paris FC,955281.0,10000000.0,100
Deiver Machado,Nantes,332560.0,1800000.0,100
Jean-Philippe Gbamin,Metz,182894.0,2000000.0,100
Heorhii Tsitaishvili,Metz,419067.0,3000000.0,82
Abdoulaye Faye,Lorient,1182738.0,4500000.0,100
Uroš Radaković,Nantes,169511.0,400000.0,100
Telli Siwe,Auxerre,1091353.0,1000000.0,100
Ruben Kluivert,Lyon,578421.0,8000000.0,100
Amadou Cissé,Strasbourg,526784.0,400000.0,95
Timothée Kolodziejczak,Paris FC,84085.0,150000.0,100
Samir Chergui,Paris FC,668167.0,3000000.0,100
Fodé Ballo-Touré,Metz,296422.0,900000.0,100
Daouda Guindo,Brest,671590.0,4500000.0,100
Terry Yegbe,Metz,991054.0,3000000.0,100
Thibault De Smet,Paris FC,340177.0,1800000.0,100
Tylel Tati,Nantes,1241207.0,25000000.0,100
Dan Sinaté,Angers,955354.0,150000.0,100
Arthur Masuaku,Lens,181380.0,2000000.0,100
Mathieu Acapandié,Nantes,944355.0,700000.0,100
Noham Kamara,Lyon,1275040.0,3000000.0,100
Ilane Touré,Monaco,649016.0,13000000.0,80
Hans Hateboer,Lyon,275303.0,1800000.0,100
Abakar Sylla,Nantes,962555.0,2500000.0,100
Cléo Melieres,Metz,1099860.0,200000.0,100
Hamza Koutoune,Nice,,,0
Georges Gomis,Le Havre,,,0
Mezian Mesloub,Lens,,,0
Ilan Kebbal,Paris FC,739769.0,12000000.0,100
Valentin Rongier,Rennes,332889.0,8000000.0,100
Tyler Morton,Lyon,618494.0,30000000.0,100
Mamadou Sangare,Lens,808348.0,40000000.0,100
Julio Enciso,Strasbourg,660867.0,25000000.0,100
Branco van den Boomen,Angers,203938.0,2500000.0,100
Matthieu Udol,Lens,344886.0,8000000.0,100
Arthur Avom,Lorient,1074628.0,20000000.0,100
Rémy Cabella,Nantes,113707.0,1200000.0,100
Przemysław Frankowski,Rennes,239743.0,6000000.0,97
Samir El Mourabet,Strasbourg,1130514.0,22000000.0,100
Pape Diop,Toulouse,39907.0,200000.0,100
Saud Abdulhamid,Lens,631927.0,9000000.0,100
Pierre Lees-Melou,Paris FC,377393.0,4500000.0,100
Joris Chotard,Brest,624037.0,7000000.0,100
Arsène Kouassi,Lorient,1088199.0,15000000.0,100
Igor Paixão,Marseille,653610.0,35000000.0,100
Martial Godo,Strasbourg,992686.0,22000000.0,100
Noah Cadiou,Lorient,691958.0,3000000.0,100
Oussama El Azzouzi,Auxerre,531065.0,1800000.0,100
Amadou Haidara,Lens,402008.0,5000000.0,100
Félix Correia,Lille,479648.0,10000000.0,100
Aladji Bamba,Monaco,975347.0,18000000.0,100
Angel Gomes,Marseille,392770.0,10000000.0,100
Romain Faivre,Auxerre,555076.0,4000000.0,100
Fodé Sylla,Lens,955359.0,900000.0,100
Fodé Doucouré,Le Havre,798925.0,2000000.0,100
Maxime Lopez,Paris FC,290862.0,5000000.0,100
Himad Abdelli,Marseille,592979.0,5000000.0,100
Gessime Yassine,Strasbourg,1151929.0,12000000.0,100
Lucas Gourna-Douath,Le Havre,620313.0,6000000.0,100
Sebastian Szymański,Rennes,320748.0,12000000.0,100
Marshall Munetsi,Paris FC,414908.0,15000000.0,100
Noah Nartey,Lyon,802515.0,15000000.0,100
Mohamed Kaba,Nantes,911328.0,2500000.0,100
Mathys De Carvalho,Lyon,1004486.0,3000000.0,100
Benjamin Stambouli,Metz,127160.0,250000.0,100
Charles Vanhoutte,Nice,569845.0,7000000.0,100
Andrija Bulatović,Lens,986291.0,8000000.0,100
Ethan Nwaneri,Marseille,890719.0,35000000.0,100
Kwon Hyeokkyu,Nantes,550957.0,1000000.0,96
Naouirou Ahamada,Auxerre,538971.0,3000000.0,100
Adama Camara,Paris FC,973949.0,3000000.0,100
Hamed Junior Traorè,Marseille,391065.0,15000000.0,100
Maxi Oyedele,Strasbourg,863204.0,5000000.0,100
Giorgi Tsitaishvili,Metz,419067.0,3000000.0,100
Matt O'Riley,Marseille,406634.0,18000000.0,100
Paul Pogba,Monaco,122153.0,2500000.0,100
Timothy Weah,Marseille,370846.0,20000000.0,100
Stanis Idumbo,Monaco,743387.0,4000000.0,100
Gabin Bernardeau,Nice,1254786.0,1200000.0,100
Reda Khadra,Le Havre,405686.0,1200000.0,100
Thomas Delaine,Le Havre,170961.0,500000.0,100
Gaëtan Perrin,Lille,353404.0,5000000.0,100
Pedro Fernandez,Paris S-G,432895.0,20000000.0,100
Mohamed Amine Sbai,Angers,851220.0,4000000.0,100
Adam Karabec,Lyon,652061.0,7000000.0,100
Bané Diatta,Angers,,,0
Francis Abu,Toulouse,658533.0,2000000.0,100
Jessy Deminguet,Metz,539232.0,2000000.0,100
Jahyann Pandore,Metz,,,0
Simon Adingra,Monaco,658536.0,22000000.0,100
Anthony Bermont,Lens,1088110.0,1000000.0,100
Rudy Matondo,Paris FC,1241211.0,20000000.0,100
Tyrese Noubissie,Strasbourg,,,0
Vincent Marchetti,Paris FC,374040.0,1500000.0,100
Lucas Tousart,Brest,353948.0,2000000.0,100
Mahdi Camara,Rennes,324795.0,12000000.0,100
Morgan Bokelé Mputu,Metz,,,0
Mathis Amougou,Strasbourg,1010854.0,9000000.0,100
Khalis Merah,Lyon,1187942.0,15000000.0,100
Daren Mosengo,Le Havre,1119880.0,300000.0,100
Yassine Benhattab,Nantes,,,0
Rafael Luis,Strasbourg,637803.0,5000000.0,100
Djibril Coulibaly,Nice,1208968.0,1000000.0,100
Tidiane Devernois,Auxerre,1174032.0,300000.0,100
Pape Cabral,Monaco,33046.0,100000.0,100
Hong Hyunseok,Nantes,562948.0,2500000.0,96
Junior Dina Ebimbe,Brest,536482.0,6000000.0,100
Ibrahima Sissoko,Nantes,372712.0,2000000.0,100
Mario Sauer,Toulouse,710885.0,1500000.0,100
Marius Broholm,Lille,903359.0,5000000.0,100
Josué Casimir,Auxerre,763182.0,3000000.0,100
Lohann Doucet,Paris FC,830265.0,700000.0,100
Mathieu Cafaro,Paris FC,399383.0,1500000.0,100
Ibrahim Osman,Auxerre,1110406.0,7000000.0,100
Nouhoum Kamissoko,Marseille,,,0
Louis Mouton,Angers,904662.0,4000000.0,100
Dayann Methalie,Toulouse,1191444.0,18000000.0,100
Believe Munongo,Metz,1297673.0,10000000.0,100
Alpha Touré,Metz,1178489.0,5000000.0,100
Arthur Vermeeren,Marseille,926694.0,20000000.0,100
Kendry Páez,Strasbourg,1052439.0,8000000.0,100
Mathis Jangeal,Paris S-G,1075579.0,1000000.0,81
Ugo Raghouber,Lille,707230.0,3000000.0,100
Mathis Saka,Lorient,986310.0,150000.0,100
Pathé Mboup,Brest,979551.0,2500000.0,100
Tochukwu Nnadi,Marseille,920470.0,4500000.0,100
Salis Abdul Samed,Nice,688707.0,4000000.0,100
Alexis Vossah,Toulouse,1200427.0,15000000.0,100
Bahmed Deuff,Nantes,1176215.0,1200000.0,100
Ismaël Guerti,Metz,860053.0,250000.0,100
Daniel Semedo,Lorient,530421.0,800000.0,100
Tadjidine Mmadi,Marseille,,,0
Vincent Burlet,Lille,920939.0,600000.0,100
Everton Pereira,Nice,321239.0,7000000.0,100
Idrissa Sabaly,Strasbourg,,,0
Samuel Nibombe,Monaco,814454.0,100000.0,100
Martin Bley,Lorient,140554.0,300000.0,86
Allan Saint-Maximin,Lens,272642.0,10000000.0,100
Florian Thauvin,Lens,184892.0,5000000.0,100
Endrick,Lyon,971570.0,40000000.0,100
Afonso Moreira,Lyon,952282.0,20000000.0,100
Esteban Lepaul,Rennes,461607.0,35000000.0,100
Hamza Igamane,Lille,885445.0,18000000.0,100
Luca Koleosho,Paris FC,745461.0,6000000.0,100
Ange Lago,Marseille,1117771.0,100000.0,100
Odsonne Édouard,Lens,344152.0,12000000.0,100
Joaquín Panichelli,Strasbourg,1064871.0,35000000.0,100
Pavel Šulc,Lyon,500053.0,20000000.0,100
Ansu Fati,Monaco,466810.0,15000000.0,100
Sofiane Boufal,Le Havre,232271.0,1800000.0,100
Noam Obougou Jacquet,Le Havre,1162654.0,1000000.0,100
Jonathan Ikone,Paris FC,324690.0,4000000.0,100
Nathan Mbala,Metz,1307004.0,4500000.0,100
Rémi Himbert,Lyon,1200423.0,10000000.0,100
Roman Yaremchuk,Lyon,221958.0,3500000.0,100
Moses Simon,Paris FC,274862.0,7000000.0,100
Giorgi Kvilitaia,Metz,186233.0,900000.0,100
Rémy Labeau Lascary,Brest,917778.0,4000000.0,100
Arnaud Nordin,Rennes,324811.0,4000000.0,100
Julián Vignolo,Toulouse,1234988.0,1500000.0,100
Dermane Karim,Lorient,969447.0,2500000.0,100
Martin Satriano,Lyon,640109.0,10000000.0,100
Erawan Garnier,Lens,1176271.0,200000.0,100
Santiago Hidalgo,Toulouse,989574.0,6000000.0,100
Godson Kyeremeh,Le Havre,651973.0,500000.0,100
Harouna Djibrin,Angers,1133929.0,1500000.0,96
Nouha Dicko,Paris FC,173750.0,500000.0,100
Breel Embolo,Rennes,237662.0,15000000.0,100
Danny Namaso,Auxerre,392767.0,6000000.0,100
Abdallah Sima,Lens,776798.0,5000000.0,100
Sekou Mara,Auxerre,557612.0,4000000.0,100
Alimami Gory,Paris FC,435492.0,1500000.0,100
Elye Wahi,Nice,659542.0,18000000.0,100
Ciro Immobile,Paris FC,105521.0,1800000.0,100
Olivier Giroud,Lille,82442.0,900000.0,100
Giorgi Abuashvili,Metz,677057.0,1000000.0,100
Soriba Diaoune,Lille,1184007.0,4000000.0,100
Ilyas Azizi,Toulouse,,,0
Younes Namli,Le Havre,227039.0,1000000.0,100
Jean-Philippe Krasso,Paris FC,358515.0,3500000.0,100
Goduine Koyalipou,Angers,525140.0,2500000.0,100
Youssef El-Arabi,Nantes,96533.0,100000.0,81
Mayckel Lahdo,Nantes,795274.0,2700000.0,100
Brian Madjo,Metz,1226357.0,12000000.0,100
Nordan Mukiele,Rennes,986285.0,1000000.0,100
Isak Jansson,Nice,535820.0,4000000.0,100
Kaïl Boudache,Nice,1097113.0,5000000.0,100
Willem Geubbels,Paris FC,463620.0,5000000.0,100
Quentin Ndjantou Mbitcha,Paris S-G,1053208.0,8000000.0,100
Noah Edjouma,Lille,1078326.0,5000000.0,100
Emersonn,Toulouse,743599.0,8000000.0,100
Adil Hamdani,Lyon,,,0
Enzo Koffi Vinette,Le Havre,1119881.0,1800000.0,100
Mbwana Samatta,Le Havre,,,0
Kenny Quetant,Le Havre,1178695.0,3000000.0,100
Amady Camara,Nantes,1155608.0,900000.0,100
Noah Nsoki,Paris S-G,,,0
Jean-Baptiste Bosey,Strasbourg,290613.0,150000.0,86
Mohamed Benoit-Dao,Paris FC,,,0
Ibrahim Yayiya Kante,Brest,,,0
Zoumana Diallo,Nice,1004479.0,150000.0,100
Yassir Zabiri,Rennes,1153105.0,9000000.0,100
Idrissa Guèye,Metz,1178488.0,8000000.0,100
Felix Mambimbi,Le Havre,507496.0,500000.0,100
Tiago Gouveia,Nice,479638.0,3500000.0,100
Julien López,Paris FC,170506.0,150000.0,100
Damián Pizarro,Le Havre,950593.0,2000000.0,100
Jacen Russell Rowe,Toulouse,,,0
Ryan Rodin,Auxerre,1010856.0,300000.0,100
Elias Legendre Quiñonez Zae,Rennes,1227106.0,1500000.0,100
David Datro Fofana,Strasbourg,787232.0,4000000.0,100
Kevin Carlos,Nice,718201.0,4000000.0,100
Ugo Lamare El Kadmiri,Marseille,,,0
Paris Brunner,Monaco,918414.0,1500000.0,100
Yaya Diémé,Strasbourg,1133733.0,300000.0,100
Lucas Michal,Metz,810909.0,3500000.0,100
Enzo Molebe,Lyon,1106860.0,200000.0,100
Pierre-Yves Hamel,Paris FC,203504.0,300000.0,100
Pierre Mounguengue,Paris S-G,,,0
Henrick Do Marcolino,Rennes,783635.0,175000.0,82
Yvan Zaddy,Auxerre,,,0
Lucas Rosier,Rennes,190314.0,400000.0,100
Mamoudou Cissokho,Auxerre,57515.0,150000.0,80
Konstantinos Tzolakis,Hull City,554389.0,18000000.0,100
Lukáš Horníček,Newcastle Utd,629773.0,18000000.0,100
James Trafford,Leeds United,566799.0,25000000.0,100
Carl Rushworth,Coventry City,646353.0,16000000.0,100
Kjell Scherpen,Ipswich Town,463527.0,8000000.0,100
Nobel Mendy,Hull City,1034853.0,7500000.0,100
Luka Vušković,Brighton,892160.0,60000000.0,100
Semi Ajayi,Hull City,251912.0,700000.0,100
Marcos Senesi,Tottenham,469781.0,25000000.0,100
John Egan,Hull City,121324.0,1000000.0,100
Maxence Lacroix,Chelsea,434224.0,50000000.0,100
Ronald Araújo,Liverpool,480267.0,20000000.0,100
Ryan Giles,Hull City,504581.0,4500000.0,100
Andrew Robertson,Tottenham,234803.0,7000000.0,100
Jan Paul van Hecke,Tottenham,576314.0,45000000.0,100
Aurele Amenda,Coventry City,635645.0,10000000.0,100
Lewie Coyle,Hull City,,,0
Bobby Thomas,Coventry City,788283.0,2000000.0,100
Lucas Herrington,Hull City,1279984.0,4500000.0,100
Matteo Ruggeri,Aston Villa,616631.0,28000000.0,100
Tarik Muharemovic,Leeds United,679423.0,25000000.0,100
Matt Targett,Hull City,250478.0,3000000.0,100
Jérémy Jacquet,Liverpool,1004301.0,55000000.0,100
Paddy McNair,Hull City,167268.0,1500000.0,100
Cody Drameh,Hull City,531957.0,3500000.0,100
Takehiro Tomiyasu,Crystal Palace,331560.0,5000000.0,100
António Silva,Bournemouth,650568.0,25000000.0,100
Costinha,Brighton,539252.0,7000000.0,100
Thomas Meunier,Sunderland,100986.0,1500000.0,100
Pep Chavarría,Chelsea,596122.0,10000000.0,100
Amar Dedić,Newcastle Utd,519184.0,16000000.0,100
Jay DaSilva,Coventry City,258915.0,9000000.0,100
Issa Diop,Ipswich Town,272622.0,8000000.0,100
Milan van Ewijk,Coventry City,587335.0,5000000.0,100
Morgan Rogers,Chelsea,503743.0,90000000.0,100
Marcelino Núñez,Ipswich Town,715558.0,14000000.0,100
Jaidon Anthony,Brentford,684210.0,20000000.0,100
Abdul Fatawu Issahaku,Ipswich Town,864121.0,20000000.0,100
Anan Khalaili,Crystal Palace,945021.0,23000000.0,100
Christos Tzolis,Arsenal,451677.0,40000000.0,100
Regan Slater,Hull City,473080.0,3500000.0,100
Mamadou Sangare,Brentford,808348.0,40000000.0,100
Andrey Santos,Manchester Utd,743600.0,40000000.0,100
Matt Crooks,Hull City,169416.0,1500000.0,100
Hayden Hackney,Everton,,,0
Elliot Stroud,Hull City,687622.0,5000000.0,100
Matt Grimes,Coventry City,265471.0,7000000.0,100
Elliot Anderson,Manchester City,567576.0,75000000.0,100
Harry Wilson,Leeds United,279455.0,25000000.0,100
Abdoul Ouattara,Ipswich Town,991487.0,15000000.0,100
Shea Charles,Fulham,747951.0,15000000.0,100
Mohamed Belloumi,Hull City,857079.0,4000000.0,100
Victor Torp,Coventry City,403692.0,1200000.0,100
Jack Rudoni,Coventry City,,,0
Youri Tielemans,Manchester Utd,249565.0,30000000.0,100
Saša Lukić,Ipswich Town,245056.0,10000000.0,100
Aladji Bamba,Newcastle Utd,975347.0,18000000.0,100
Malick Yalcouyé,Brighton,1178758.0,12000000.0,100
Liam Millar,Hull City,487417.0,1700000.0,100
Kasey McAteer,Ipswich Town,621193.0,10000000.0,100
Geovany Quenda,Chelsea,1138758.0,42000000.0,100
Mateus Fernandes,Tottenham,880245.0,50000000.0,100
Ibrahim Osman,Brighton,1110406.0,7000000.0,100
Sindre Walle Egeli,Ipswich Town,923504.0,250000.0,100
Gustavo Hamer,Coventry City,322985.0,15000000.0,100
Dwight McNeil,Crystal Palace,584769.0,18000000.0,100
Sandro Tonali,Tottenham,397033.0,80000000.0,100
Sean Steur,Newcastle Utd,1111063.0,7000000.0,100
Xaver Schlager,Nott'ham Forest,223979.0,10000000.0,100
Frank Onyeka,Coventry City,421637.0,8000000.0,100
Caleb Yirenkyi,Coventry City,1240763.0,10000000.0,100
César Palacios,Fulham,948272.0,7500000.0,100
João Gomes,Aston Villa,735570.0,40000000.0,100
Emersonn,Ipswich Town,743599.0,8000000.0,100
Víctor Muñoz,Liverpool,935231.0,30000000.0,100
Gonzalo García,Fulham,935230.0,30000000.0,100
Callum Wilson,Brentford,123682.0,4000000.0,100
Oliver McBurnie,Hull City,298477.0,2500000.0,88
Zadok Yohanna,Brighton,1421433.0,500000.0,100
Taiwo Awoniyi,Coventry City,295313.0,8000000.0,100
Ellis Simms,Coventry City,511550.0,6000000.0,100
Lewis Koumas,Liverpool,922462.0,4000000.0,100
Brennan Johnson,Everton,470607.0,30000000.0,100
Chuba Akpom,Ipswich Town,197642.0,6000000.0,100
Alejandro Garnacho,Aston Villa,811779.0,28000000.0,100
Brandon Thomas-Asante,Coventry City,251680.0,1000000.0,80
Daizen Maeda,Ipswich Town,420931.0,13000000.0,100
Loum Tchaouna,Coventry City,607226.0,13000000.0,100
Leo Román,La Coruña,562742.0,6000000.0,100
Alfonso Herrero,Málaga,,,0
Julen Agirrezabala,Real Racing Club,625014.0,9000000.0,100
Aïssa Mandi,Levante,80293.0,1000000.0,100
Ibrahima Konaté,Real Madrid,357119.0,45000000.0,100
Johan Mojica,Getafe,262939.0,1500000.0,100
Fran Garcia,Betis,341264.0,10000000.0,100
Johaneko Louisjean,Athletic Club,926766.0,400000.0,97
Unai Núñez,Espanyol,338285.0,3500000.0,100
Jorge Salinas,Real Racing Club,345084.0,1100000.0,100
Andrés García,Getafe,1063329.0,6000000.0,100
Pablo Ramón,Real Racing Club,629511.0,400000.0,100
Julio Díaz,Sevilla,1009596.0,6000000.0,85
Marc Cucurella,Real Madrid,284857.0,50000000.0,100
Iglesias,Sevilla,390688.0,5000000.0,100
Pablo Maffeo,Valencia,251876.0,3000000.0,100
Bright Ede,La Coruña,1177033.0,600000.0,100
Rafa Garrido,Málaga,870187.0,200000.0,100
Einar Galilea,Málaga,251046.0,400000.0,100
Carlos Puga,Málaga,8746.0,175000.0,81
Manu Hernando,Real Racing Club,396161.0,700000.0,100
Pedro Felipe,Real Racing Club,1082581.0,1500000.0,100
Lucas Noubi,La Coruña,743379.0,3000000.0,100
Facundo González,Real Racing Club,274963.0,1000000.0,84
Adrià Altimira,La Coruña,466807.0,2000000.0,100
Hugo Rincón,Athletic Club,834487.0,3500000.0,100
Vanja Drkušić,Espanyol,371856.0,5000000.0,100
Jorge Domínguez,Atlético Madrid,345084.0,1100000.0,100
Justin De Haas,Valencia,420196.0,7000000.0,100
Arouna Sangante,Sevilla,768380.0,8000000.0,100
Nicolás Valentini,Alavés,860992.0,3000000.0,100
Marc Santos,Levante,697520.0,450000.0,100
Ximo Navarro,La Coruña,184767.0,600000.0,100
Saba Sazonov,Getafe,655456.0,800000.0,100
José Salinas,Málaga,819590.0,2000000.0,100
Giacomo Quagliata,La Coruña,458777.0,1700000.0,100
Ángel Recio,Málaga,150948.0,300000.0,100
Alvaro Mantilla,Real Racing Club,,,0
Miguel Loureiro,La Coruña,165402.0,100000.0,86
Jean Ives Valou,Getafe,1305564.0,300000.0,100
Lee Kang-in,Atlético Madrid,557149.0,28000000.0,100
Mikel Rodriguez,Alavés,721660.0,500000.0,100
Carlos Dotor,Málaga,623524.0,2000000.0,100
Álex Calatrava,Espanyol,633111.0,200000.0,100
Iñigo Vicente,Real Racing Club,335216.0,1800000.0,100
Miguel Sierra,Sevilla,1064105.0,300000.0,100
Sergio Martinez,Real Racing Club,404632.0,75000.0,82
Javier Hernández,Espanyol,422466.0,2000000.0,93
Dani Lorenzo,Málaga,34706.0,50000.0,100
Lorenzo Amatucci,La Coruña,707450.0,1000000.0,100
Facundo Bernal,Betis,898350.0,6000000.0,100
Iván Martín,Real Racing Club,341278.0,5000000.0,100
Gustavo Puerta,Real Racing Club,936981.0,10000000.0,100
Morten Hjulmand,Atlético Madrid,461496.0,45000000.0,100
Rodri,Barcelona,357565.0,50000000.0,100
Javi Morcillo,Elche,455349.0,1500000.0,80
Diego Villares,La Coruña,376155.0,450000.0,100
Mario Soriano,La Coruña,568148.0,800000.0,100
Aleix Febas,Celta Vigo,217144.0,5000000.0,100
Maguette Gueye,Real Racing Club,,,0
Izan Merino,Málaga,,,0
Francho Serrano,Getafe,309007.0,200000.0,88
David Larrubia,Málaga,373189.0,1500000.0,100
Luismi,La Coruña,207922.0,600000.0,100
Ramón Enríquez,Málaga,663578.0,2000000.0,100
Arnau Ortiz,Atlético Madrid,826224.0,10000000.0,80
Alvaro Padilla,Elche,162074.0,400000.0,85
Bernardo Silva,Real Madrid,241641.0,22000000.0,100
Sergio Canales,Real Racing Club,66106.0,3000000.0,100
Orel Mangala,Getafe,289592.0,9000000.0,100
Thiago Fernández,Levante,1127730.0,4500000.0,100
Joaquín Muñoz,Málaga,396334.0,1000000.0,100
Álex Grimaldo,Atlético Madrid,15420.0,1000000.0,100
Andrés Martín,Real Racing Club,531277.0,1000000.0,100
Jon Guridi,Sevilla,289257.0,1800000.0,100
Alex Marchal,Real Sociedad,1201530.0,800000.0,100
Kevin Sánchez,La Coruña,900195.0,25000000.0,100
David Mella,La Coruña,373189.0,1500000.0,100
Enzo Bardeli,Levante,,,0
Ryunosuke Sato,Valencia,948169.0,2000000.0,100
Rafa Rodriguez,Málaga,870187.0,200000.0,100
Beñat Gerenabarrena,Athletic Club,,,0
Aliou Dieng,Valencia,,,0
Jonathan Dubasin,Osasuna,54149.0,800000.0,100
Nico Guillén,Sevilla,,,0
Diego Díaz,Real Racing Club,1371326.0,150000.0,100
Denzel Dumfries,Real Madrid,321528.0,25000000.0,100
Facundo Buonanotte,Elche,983989.0,12000000.0,100
Hugo Sotelo,Levante,892221.0,5000000.0,100
Pierre-Emerick Aubameyang,La Coruña,58864.0,2500000.0,100
Anthony Gordon,Barcelona,503733.0,65000000.0,100
Carlos Espí,Real Madrid,1063338.0,20000000.0,100
Karim Adeyemi,Barcelona,496094.0,40000000.0,100
Bil Nsongo,La Coruña,,,0
Troy Parrott,Betis,552655.0,25000000.0,100
Haitam Abaida,Málaga,,,0
Chupete,Málaga,,,0
Yan Diomandé,Real Madrid,1390649.0,90000000.0,100
Julen Lobete,Málaga,625654.0,1500000.0,100
Eneko Jauregi,Málaga,376589.0,500000.0,100
Fernando Niño,Elche,51174.0,2000000.0,100
Zakaria Eddahchouri,La Coruña,519651.0,75000.0,100
Yeremay Hernández,La Coruña,,,0
Juan Carlos Arana,Real Racing Club,461631.0,500000.0,100
Marcos Fernández,Espanyol,961948.0,800000.0,100
Jonathan Asp Jensen,La Coruña,856274.0,4000000.0,100
Umaru Konare Tounkara,Elche,,,0
Robbie Ure,Sevilla,783373.0,2200000.0,100
Asier Villalibre,Real Racing Club,251897.0,2500000.0,100
Yassir Zabiri,Real Racing Club,1153105.0,9000000.0,100
Guglielmo Vicario,Juventus,286047.0,18000000.0,100
Lorenzo Palmisani,Frosinone,705355.0,200000.0,100
Diego Mascardi,Torino,376155.0,450000.0,100
Giorgio Cittadini,Frosinone,616628.0,2400000.0,100
Trevoh Chalobah,Como,346314.0,40000000.0,100
Mërgim Vojvoda,Udinese,336125.0,2500000.0,100
Mario Gila,Milan,618341.0,30000000.0,100
Bartol Franjić,Venezia,370998.0,1400000.0,100
Armel Bella Kotchap,Venezia,467563.0,7000000.0,94
Emanuele Lulli,Roma,477556.0,500000.0,89
Danilho Doekhi,Lazio,387047.0,13000000.0,100
Niccolò Fortini,Torino,984964.0,10000000.0,100
Fedde Leysen,Sassuolo,660746.0,3500000.0,100
Konstantinos Koulierakis,Roma,669380.0,25000000.0,100
Gabriele Bracaglia,Frosinone,715616.0,100000.0,81
Aleksa Terzić,Frosinone,404260.0,2500000.0,100
Zeki Çelik,Juventus,251075.0,14000000.0,100
John Stones,Inter,186590.0,12000000.0,100
Simone Cinquegrano,Sassuolo,,,0
Ricardo Mangas,Monza,314944.0,2000000.0,100
Radu Drăgușin,Fiorentina,568559.0,16000000.0,100
Alfonso Pedraza,Lazio,356197.0,2500000.0,100
Adam Bakoune,Monza,,,0
Thierry Correia,Venezia,367466.0,2500000.0,100
Gabriele Calvani,Frosinone,342149.0,350000.0,86
Victor Valdepeñas,Fiorentina,190206.0,350000.0,100
Álex Jiménez,Fiorentina,741257.0,22000000.0,100
João Mário,Fiorentina,537602.0,8000000.0,100
Pietro Comuzzo,Torino,746712.0,18000000.0,100
Lorenzo Lucchesi,Monza,572265.0,20000000.0,82
Eddy Kouadio,Monza,957822.0,2500000.0,100
Filippo Delli Carri,Monza,393904.0,300000.0,100
Davide Frattesi,Lazio,394300.0,22000000.0,100
Alessandro Romano,Cagliari,911224.0,500000.0,100
Luis Milla,Como,281989.0,3500000.0,100
Romano Floriani,Lazio,708086.0,2500000.0,100
Gianluca Gaetano,Atalanta,358008.0,6500000.0,100
Patrizio Masini,Frosinone,459665.0,4200000.0,100
Kian Fitz-Jim,Torino,559333.0,3000000.0,100
Toma Bašić,Venezia,334835.0,3000000.0,100
Giacomo Calò,Frosinone,301235.0,750000.0,100
Christ Inao Oulaï,Fiorentina,1279526.0,23000000.0,100
Mathis Mout,Monza,1010854.0,9000000.0,80
Aleksandar Stanković,Inter,780136.0,32000000.0,100
Unai Gómez,Udinese,834752.0,5000000.0,100
Antoine Hainaut,Venezia,917375.0,1700000.0,100
Luis Hasa,Frosinone,724178.0,2000000.0,100
Abdou-Salam Konate,Parma,223864.0,900000.0,80
Giuseppe Aurelio,Cagliari,457444.0,700000.0,100
Harry Winks,Cagliari,249126.0,7000000.0,100
Rodrigo Mora,Roma,957653.0,38000000.0,100
Elif Elmas,Atalanta,400489.0,13000000.0,95
Alessio Zerbin,Frosinone,433584.0,2000000.0,100
Matteo Cichella,Frosinone,206699.0,50000.0,86
Vasilije Adžić,Sassuolo,944570.0,8000000.0,100
Nicolas Galazzi,Monza,524428.0,450000.0,100
Manga Foe Ondoa,Monza,1143375.0,400000.0,100
El Bilal Touré,Parma,649016.0,13000000.0,100
Djibril Sow,Genoa,212723.0,7500000.0,100
Benjamín Domínguez,Sassuolo,961022.0,9000000.0,90
Yan Couto,Como,627228.0,17000000.0,100
Mikel Amondarain,Bologna,1283311.0,3500000.0,100
Matteo Dagasso,Venezia,654918.0,3500000.0,80
Arthur Atta,Fiorentina,855308.0,25000000.0,100
Romano Schmid,Frosinone,346853.0,15000000.0,100
Franz-Ethan Meichtry,Genoa,1172166.0,5000000.0,100
Rachid Kouda,Parma,161851.0,100000.0,83
Alphadjo Cissè,Milan,964087.0,6000000.0,100
Gustavo Varela,Monza,931900.0,3000000.0,100
Simone Lontani,Parma,,,0
Roberto Piccoli,Bologna,432092.0,14000000.0,100
Seydou Fini,Frosinone,866250.0,1000000.0,100
Patrick Cutrone,Monza,265078.0,5000000.0,100
Albion Rrahmani,Venezia,903706.0,7000000.0,100
Akor Adams,Venezia,607034.0,15000000.0,100
Santiago Castro,Roma,849520.0,32000000.0,100
Mattia Liberali,Como,,,0
Daniel Maldini,Cagliari,539134.0,9000000.0,100
Ousmane Diallo,Parma,795918.0,350000.0,100
Jay Robinson,Monza,1045124.0,8000000.0,100
Adam Zulevic,Genoa,,,0
Kieron Bowie,Sassuolo,647280.0,7000000.0,100
Artem Dovbyk,Bologna,343537.0,15000000.0,100
Jacopo Fazzini,Cagliari,691482.0,8500000.0,100
Gonçalo Ramos,Milan,550550.0,30000000.0,100
Antonio Raimondo,Frosinone,818888.0,3000000.0,100
Franco Mastantuono,Fiorentina,1057316.0,45000000.0,100
Mateo Pellegrino,Fiorentina,856530.0,15000000.0,100
Willem Geubbels,Lecce,463620.0,5000000.0,100
Gabriel Kulla,Sassuolo,435338.0,75000000.0,100
Anthony Lopes,Angers,60561.0,900000.0,100
Nicolas Kocik,Le Mans,99523.0,100000.0,100
Patrick Beach,Troyes,983578.0,1000000.0,100
Egil Selvik,Brest,380744.0,1500000.0,100
Filip Jørgensen,Strasbourg,585323.0,15000000.0,100
Mamadou Diop,Auxerre,1381205.0,100000.0,100
Nazinho,Monaco,668587.0,6000000.0,100
Adrien Monfray,Troyes,614303.0,550000.0,80
Souleymane Sagnan,Lens,1160378.0,400000.0,100
Anis Ouzenadji,Troyes,,,0
Lucas Buadés,Le Mans,531960.0,500000.0,100
Alec Georgen,Lorient,324800.0,450000.0,100
Felix Bacher,Lyon,394134.0,6000000.0,100
Sadibou Sané,Monaco,1111777.0,7000000.0,100
Zachary Athekame,Lyon,990637.0,15000000.0,100
Michel Diaz,Troyes,887834.0,600000.0,100
Noah Donkor,Troyes,346890.0,25000000.0,81
Isaac Cossier,Lille,1160753.0,200000.0,100
Yvann Titi,Troyes,55250.0,200000.0,100
Noa Boissé,Le Mans,,,0
Elias Jelert,Le Havre,646478.0,5500000.0,100
Elikya Legros,Auxerre,,,0
Vincent Sasso,Le Havre,122115.0,200000.0,100
Charlie Cresswell,Rennes,597659.0,25000000.0,100
Ismail Diallo,Toulouse,375881.0,400000.0,92
Genesis Antwi,Strasbourg,1045121.0,350000.0,100
Théo Eyoum,Le Mans,,,0
Yasser Larouci,Le Mans,554251.0,1500000.0,100
Maik Nawrocki,Lens,407745.0,2000000.0,100
Mateo Del Blanco,Strasbourg,984529.0,5000000.0,100
Christ Tapé,Toulouse,,,0
Christ Makosso,Auxerre,1113528.0,600000.0,100
Bryan Reynolds,Rennes,475208.0,3500000.0,100
Michał Skóraś,Lens,393565.0,4000000.0,96
Xavier Mandza,Nice,243783.0,200000.0,100
Merwan Ifnaoui,Troyes,,,0
Thomas Jørgensen,Toulouse,953004.0,5000000.0,100
Mohamed Ouédraogo,Lyon,1107570.0,1200000.0,100
Hugo Picard,Troyes,944181.0,3000000.0,100
Gauthier Hein,Nice,344892.0,5000000.0,100
Rayan Mandengue,Auxerre,1012564.0,60000000.0,100
Lucas Bretelle,Le Mans,190314.0,400000.0,100
Iron Gomis,Troyes,693352.0,900000.0,100
Sion Oppong,Toulouse,,,0
Gabin Bernardeau,Lorient,1254786.0,1200000.0,100
Mads Bidstrup,Lyon,462832.0,13000000.0,100
Adrien Thomasson,Rennes,215977.0,4000000.0,100
Mouhamed Diop,Troyes,,,0
Lucas Calodat,Le Mans,857653.0,100000.0,100
Mathis Lainé,Brest,5430.0,250000.0,88
Mamady Diambou,Brest,671593.0,1500000.0,100
Yassine Titraoui,Lens,748445.0,7000000.0,100
Joseph Nonge,Brest,748807.0,2000000.0,100
Alexandre Phliponeau,Troyes,585951.0,400000.0,100
Alexandre Lauray,Le Mans,666744.0,250000.0,100
Anis Soubeir,Monaco,,,0
Nathan N'Goumou,Nice,294798.0,2000000.0,100
Antoine Mille,Troyes,,,0
Kandet Diawara,Troyes,575319.0,400000.0,100
Maghnes Akliouche,Paris S-G,745200.0,50000000.0,100
Gio Reyna,Strasbourg,,,0
Pape Diop,Strasbourg,39907.0,200000.0,100
Mathis Saka,Toulouse,986310.0,150000.0,100
Thorgan Hazard,Lens,102226.0,2000000.0,100
Arthur Piedfort,Auxerre,775981.0,4000000.0,100
Rayan Bamba,Le Mans,1012564.0,60000000.0,100
Lamfia Dioubaté,Auxerre,,,0
Mickaël Cuisance,Lens,344600.0,2000000.0,93
Amir Richardson,Le Havre,893675.0,4000000.0,100
Eloge Zabi,Paris FC,,,0
Anthony Bermont,Angers,1088110.0,1000000.0,100
Diogo Sousa,Strasbourg,937729.0,8000000.0,100
Başar Önal,Lille,864112.0,7000000.0,100
Kaito Mizuta,Le Havre,677794.0,225000.0,100
Ferrán Torres,Paris S-G,398184.0,50000000.0,100
Franjo Ivanović,Lens,548028.0,15000000.0,100
Louis Mafouta,Le Mans,461790.0,1000000.0,100
Lassine Sinayoko,Paris FC,569140.0,10000000.0,100
Kaïl Boudache,Lyon,1097113.0,5000000.0,100
Antoine Rabillard,Le Mans,146373.0,500000.0,100
Dame Gueye,Le Mans,568701.0,200000.0,81
Souleymane Faye,Lorient,666971.0,3000000.0,100
Issa Soumaré,Rennes,568698.0,8000000.0,100
Mika Godts,Paris S-G,748804.0,35000000.0,100
Erwan Colas,Le Mans,,,0
Julien Duranville,Lyon,819215.0,6000000.0,100
Jacobo Ortega,Strasbourg,,,0
Omar Sissoko,Paris FC,42466.0,300000.0,96
Amine El Ouazzani,Angers,735051.0,2500000.0,100
Pablo Pagis,Paris FC,810411.0,15000000.0,100
Adil Bourabaa,Le Mans,,,0
Josh Maja,Le Havre,453824.0,5000000.0,100
Fabio Baldé,Strasbourg,910541.0,5000000.0,100
Mamadou Usman Simbakoli,Angers,766839.0,250000.0,100
Bilal Brahimi,Le Mans,789094.0,1000000.0,100
Oumar Konate,Monaco,1108145.0,1200000.0,100
William Harhouz,Le Mans,341710.0,3000000.0,100
Yacouba Kone,Troyes,,,0
Sota Nakamura,Le Havre,1268075.0,900000.0,100
Mamadou Koné,Lorient,171165.0,150000.0,100
Ronald Koeman Jr,SC Telstar,862554.0,1800000.0,100
Etienne Vaessen,FC Groningen,387197.0,2500000.0,100
Karst de Leeuw,Willem II Tilburg,910926.0,150000.0,100
Jasper Schendelaar,PEC Zwolle,361082.0,1500000.0,100
Mattijs Branderhorst,Fortuna Sittard,205128.0,800000.0,100
Marc-André Ter Stegen,AFC Ajax,74857.0,3000000.0,100
Kilian Nikièma,ADO Den Haag,,,0
Stijn van Gassel,Excelsior,301696.0,1000000.0,100
Jari De Busser,AZ Alkmaar,426849.0,4000000.0,100
Thijs Jansen,SC Cambuur,514287.0,450000.0,100
Lars Unnerstall,FC Twente,53696.0,1000000.0,100
Matěj Kovář,PSV Eindhoven,550829.0,8000000.0,100
Thomas Didillon,Willem II Tilburg,184299.0,300000.0,100
Tjark Ernst,Feyenoord,553282.0,1500000.0,100
Bernt Klaverboer,SC Heerenveen,725816.0,3000000.0,100
Michael Brouwer,FC Utrecht,231650.0,250000.0,100
Gonzalo Crettaz,NEC Nijmegen,631049.0,4000000.0,100
Wouter Van der Steen,Willem II Tilburg,159896.0,350000.0,100
Filip Bednarek,Sparta Rotterdam,155158.0,200000.0,100
Kjetil Haug,Go Ahead Eagles,328770.0,400000.0,100
Vasilis Barkas,FC Utrecht,248658.0,3000000.0,96
Abdelnour Soualhia,SC Telstar,,,0
Sergiño Dest,PSV Eindhoven,361104.0,18000000.0,100
Philippe Sandler,NEC Nijmegen,340460.0,2000000.0,100
Simon Janssen,Excelsior,457092.0,400000.0,100
Ruud Nijstad,FC Twente,1189172.0,10000000.0,100
Bart van Rooij,FC Twente,547499.0,10000000.0,100
Aaron Bouwman,AFC Ajax,987366.0,3500000.0,100
Julius Dirksen,Go Ahead Eagles,566930.0,800000.0,100
Marvin Young,Sparta Rotterdam,928592.0,5000000.0,100
Bas Kuipers,Sparta Rotterdam,187188.0,800000.0,100
Maas Willemsen,SC Heerenveen,805451.0,4500000.0,100
Mateo Chávez,AZ Alkmaar,1066953.0,4000000.0,100
Tobias Storm,NEC Nijmegen,715836.0,900000.0,100
Deveron Fonville,NEC Nijmegen,708989.0,1500000.0,100
Lucas Oliveira Rosa,AFC Ajax,468309.0,5000000.0,100
Youri Baas,AFC Ajax,559327.0,20000000.0,100
Wouter Goes,AZ Alkmaar,646707.0,15000000.0,100
Casper Widell,Excelsior,605395.0,1500000.0,100
Mauro Júnior,PSV Eindhoven,323910.0,18000000.0,100
Marvin Peersman,SC Telstar,125769.0,250000.0,100
Hidde ter Avest,Willem II Tilburg,258519.0,1500000.0,100
Gerald Alders,SC Telstar,891854.0,700000.0,100
Guilherme Peixoto,FC Twente,983553.0,200000.0,100
Ryan Flamingo,PSV Eindhoven,586429.0,14000000.0,100
Lewis Schouten,AZ Alkmaar,801031.0,700000.0,100
Sam Kersten,SC Heerenveen,430797.0,2000000.0,100
Mees De Wit,AZ Alkmaar,315254.0,6000000.0,100
Mats Egbring,SC Heerenveen,1030525.0,300000.0,100
Mika Mármol,Feyenoord,617060.0,15000000.0,100
Armando Obispo,PSV Eindhoven,339337.0,4000000.0,100
Nick Verschuren,Sparta Rotterdam,891835.0,1000000.0,100
Ivo Pinto,Fortuna Sittard,82281.0,250000.0,100
Syb Van Ottele,Fortuna Sittard,485586.0,600000.0,100
Giovanni van Zwam,Go Ahead Eagles,805149.0,300000.0,100
Joris Kramer,Go Ahead Eagles,326329.0,1800000.0,100
Dean James,Go Ahead Eagles,529223.0,1700000.0,100
Lushendry Edward Martes,Sparta Rotterdam,1255744.0,3000000.0,100
Ismaël Baouf,SC Cambuur,770895.0,4000000.0,83
Rick Meissen,Excelsior,596178.0,800000.0,100
Tsuyoshi Watanabe,Feyenoord,598791.0,10000000.0,100
Matisse Didden,FC Utrecht,570597.0,3000000.0,100
Rion Ichihara,AZ Alkmaar,936294.0,1500000.0,100
Darling Bladi,SC Heerenveen,,,0
Tijme Wessels,Feyenoord,,,0
Prince Aning,SC Telstar,60578.0,250000.0,81
Lasse Wilhelm,ADO Den Haag,692020.0,225000.0,100
Hristiyan Petrov,SC Heerenveen,628042.0,500000.0,100
Givairo Read,Feyenoord,997903.0,25000000.0,100
Simon Graves,PEC Zwolle,542858.0,1500000.0,100
Lutsharel Geertruida,PSV Eindhoven,420210.0,20000000.0,100
Nick de Groot,Fortuna Sittard,910926.0,150000.0,100
Jordan Lotomba,Feyenoord,313094.0,3500000.0,100
Aske Adelgaard,FC Twente,656132.0,1000000.0,100
Robin Pröpper,FC Twente,202788.0,1200000.0,100
Bruno Martins Indi,Sparta Rotterdam,112052.0,300000.0,100
Nick Viergever,PEC Zwolle,93081.0,300000.0,100
Alfons Sampsted,Go Ahead Eagles,332530.0,1500000.0,100
Caio Henrique Oliveira Silva,AFC Ajax,204072.0,1000000.0,100
Rodrigo Guth,Fortuna Sittard,492313.0,1200000.0,100
Nikolai Soyset Hopland,SC Heerenveen,894050.0,1500000.0,100
Seiya Maikuma,AZ Alkmaar,733438.0,2000000.0,100
Mats Lemmens,Willem II Tilburg,805696.0,150000.0,100
Vasilios Zagaritis,SC Heerenveen,613781.0,3000000.0,100
Jerry St. Juste,Feyenoord,,,0
Niklas Vesterlund,FC Utrecht,422932.0,1500000.0,100
Jan Plug,Excelsior,,,0
Marco Rente,FC Groningen,237244.0,1300000.0,100
Max Bruns,FC Twente,618086.0,1500000.0,100
Othniël Raterink,ADO Den Haag,997478.0,1000000.0,100
Damian van der Haar,PEC Zwolle,640558.0,400000.0,100
Teo Quintero,Sparta Rotterdam,627069.0,1300000.0,100
Gabi Caschili,SC Telstar,648541.0,125000.0,100
Brayann Pereira,NEC Nijmegen,620317.0,1000000.0,100
Guus Offerhaus,FC Utrecht,590777.0,800000.0,100
Jasper Dahlhaus,Fortuna Sittard,576682.0,1400000.0,100
Milan Hokke,ADO Den Haag,122417.0,50000.0,85
Javi López,Feyenoord,568158.0,5000000.0,100
Ferdinand Pohl,FC Utrecht,854708.0,100000.0,85
Finn Stam,Willem II Tilburg,665541.0,450000.0,100
Alessandro Ciranni,Willem II Tilburg,338680.0,650000.0,100
Elvis Van der Laan,FC Groningen,1172424.0,100000.0,100
Siebe Wylin,Fortuna Sittard,583920.0,400000.0,100
Olivier Aertssen,PEC Zwolle,720791.0,650000.0,100
Justin Hubner,Fortuna Sittard,678641.0,1000000.0,100
Jamal Amofa,SC Cambuur,289651.0,600000.0,100
Oliver Braude,SC Heerenveen,869067.0,5000000.0,100
Amine Et-Taibi,Willem II Tilburg,565401.0,400000.0,100
Siebe Horemans,FC Utrecht,314915.0,3000000.0,100
Thijmen Blokzijl,FC Groningen,719209.0,4000000.0,100
Pascal Mulder,ADO Den Haag,21515.0,200000.0,80
Osman Turay,Excelsior,,,0
Elijah Dijkstra,AZ Alkmaar,957241.0,6000000.0,100
Ryan van de Pavert,SC Cambuur,910926.0,150000.0,100
Kiliann Sildillia,PSV Eindhoven,548348.0,7000000.0,100
Nikolas Brandis,FC Groningen,153022.0,250000.0,82
Arthur Zagre,FC Utrecht,536477.0,2000000.0,100
Tijs Velthuis,PEC Zwolle,568377.0,500000.0,100
Morgan Costarelli,SC Cambuur,,,0
Matteo Waem,ADO Den Haag,654918.0,3500000.0,81
Márk Csinger,FC Groningen,,,0
Almugera Kabar,NEC Nijmegen,884820.0,3000000.0,100
Sherel Constancio Floranus,PEC Zwolle,315211.0,800000.0,100
Tyrique Mercera,FC Groningen,913289.0,600000.0,100
Illaijh de Ruijter,ADO Den Haag,910926.0,150000.0,100
Mike Eerdhuijzen,FC Utrecht,482141.0,1300000.0,100
Nolan Martens,Excelsior,,,0
Per Kloosterboer,FC Utrecht,,,0
Neville Nwankwo,FC Utrecht,951398.0,800000.0,100
Rik Mulders,SC Cambuur,,,0
Per van Loon,Willem II Tilburg,,,0
Justin Hoogma,Willem II Tilburg,411287.0,500000.0,100
Lucas Jetten,SC Cambuur,987355.0,700000.0,100
Wouter Prins,FC Groningen,671734.0,450000.0,100
Nathan Tjoe-A-On,Willem II Tilburg,606023.0,450000.0,100
Sekou Sylla,ADO Den Haag,587333.0,175000.0,100
Bram Nuytinck,NEC Nijmegen,104597.0,200000.0,100
Noah Naujoks,Excelsior,578544.0,1500000.0,100
Daouda Weidmann,FC Twente,808578.0,750000.0,100
Gjivai Zechiël,Feyenoord,571149.0,10000000.0,100
Irakli Yegoian,Excelsior,806245.0,1800000.0,100
Luciano Valente,Feyenoord,601495.0,18000000.0,100
Søren Tengstedt,Go Ahead Eagles,541601.0,700000.0,100
Joey Veerman,PSV Eindhoven,408574.0,25000000.0,100
Ivan Perišić,PSV Eindhoven,42460.0,1200000.0,100
Melle Meulensteen,Go Ahead Eagles,426280.0,2500000.0,100
Noah Fernandez,PSV Eindhoven,1095107.0,4000000.0,100
David van der Werff,FC Groningen,671737.0,2000000.0,100
Peer Koopmeiners,AZ Alkmaar,361074.0,12000000.0,100
Anis Hadj Moussa,Feyenoord,917911.0,23000000.0,100
Ro-Zangelo Daal,AZ Alkmaar,800995.0,3000000.0,100
Rafik El Arguioui,SC Cambuur,738479.0,500000.0,100
Abdellah Ouazane,AFC Ajax,,,0
Shiloh 't Zand,Fortuna Sittard,595247.0,300000.0,100
Sami Ouaissa,NEC Nijmegen,747016.0,8000000.0,100
Ryan Thomas,PEC Zwolle,203357.0,650000.0,100
Mathis Suray,Go Ahead Eagles,422760.0,3500000.0,100
Luca Oyen,SC Heerenveen,551085.0,900000.0,100
Darko Nejašmić,NEC Nijmegen,526566.0,4000000.0,100
Lennard Hartjes,Excelsior,595238.0,800000.0,100
Adam Tahaui,NEC Nijmegen,,,0
Filip Kostić,PSV Eindhoven,161011.0,2000000.0,100
Jacob Trenskow,SC Heerenveen,542684.0,7500000.0,100
Daan Rots,FC Twente,591363.0,5000000.0,100
Younes Taha,FC Twente,866328.0,4000000.0,100
Oscar Gloukh,AFC Ajax,930571.0,13000000.0,100
Emre Mor,NEC Nijmegen,283223.0,500000.0,100
Joel Ideho,Sparta Rotterdam,760508.0,300000.0,100
Dave Kwakman,AZ Alkmaar,747017.0,1500000.0,100
Juho Kilo,ADO Den Haag,,,0
Edouard Michut,Fortuna Sittard,659521.0,1200000.0,100
Ramiz Zerrouki,FC Twente,416660.0,6500000.0,100
Mathias Kjølø,FC Twente,528652.0,1000000.0,100
Evert Linthorst,Go Ahead Eagles,361112.0,1200000.0,100
Charles Vanhoutte,Feyenoord,569845.0,7000000.0,100
Marcus Linday,SC Heerenveen,899163.0,5000000.0,100
Maxence Rivera,SC Heerenveen,735700.0,3000000.0,100
Jorthy Mokio,AFC Ajax,1105532.0,8000000.0,100
Kees Smit,AZ Alkmaar,859035.0,25000000.0,100
Tika de Jonge,FC Groningen,653725.0,1800000.0,100
Calvin Stengs,AZ Alkmaar,409344.0,4500000.0,100
Ayoub Oufkir,AZ Alkmaar,1078350.0,3000000.0,100
Zidane Iqbal,FC Utrecht,686845.0,1000000.0,100
Ayoni Santos,Sparta Rotterdam,1064184.0,2000000.0,100
Kodai Sano,PSV Eindhoven,957544.0,12000000.0,100
Guus Til,PSV Eindhoven,372267.0,15000000.0,100
Julian Baas,Sparta Rotterdam,616340.0,700000.0,100
Gaoussou Diarra,Feyenoord,1233996.0,1700000.0,100
Robin van Cruijsen,Sparta Rotterdam,1175048.0,1200000.0,100
Gyan de Regt,Excelsior,747243.0,900000.0,100
Willum Thor Willumsson,NEC Nijmegen,455127.0,1500000.0,100
Jamiro Monteiro,NEC Nijmegen,272930.0,650000.0,100
Gonçalo Borges,Feyenoord,479649.0,3000000.0,100
Dylan Mbayo,PEC Zwolle,502289.0,500000.0,100
Mohamed Ihattaren,Fortuna Sittard,503638.0,3000000.0,100
Nicky Souren,SC Cambuur,364246.0,400000.0,100
Ilyes Hamache,SC Cambuur,,,0
Ringo Meerveld,SC Heerenveen,577455.0,5000000.0,100
Sondre Ørjasæter,FC Twente,1002305.0,7000000.0,100
Philip Brittijn,Fortuna Sittard,900072.0,1600000.0,100
Tobias Sommer,PEC Zwolle,572051.0,1500000.0,100
Isak Hansen-Aarøen,NEC Nijmegen,670116.0,600000.0,100
Jordy Clasie,AZ Alkmaar,104223.0,800000.0,100
Thijs Kraaijeveld,Feyenoord,987370.0,5000000.0,100
Youri Regeer,AFC Ajax,559324.0,5000000.0,100
Filip Thorvaldsen,FC Twente,1045990.0,2000000.0,100
Nils Rossen,SC Telstar,694039.0,700000.0,100
Levi Smans,SC Heerenveen,918365.0,1500000.0,100
Thijs Oosting,PEC Zwolle,441216.0,900000.0,100
Tygo Land,FC Groningen,816974.0,2500000.0,100
Pelle Clement,FC Groningen,297693.0,600000.0,100
Tyrone Owusu,SC Telstar,461644.0,600000.0,100
Kevin Paredes,FC Utrecht,711517.0,2000000.0,100
Luuk Brouwers,SC Heerenveen,369552.0,1500000.0,100
Jens Toornstra,Sparta Rotterdam,134999.0,200000.0,100
Kristian Hlynsson,FC Twente,694186.0,6000000.0,100
Ibrahim Cissoko,PEC Zwolle,575693.0,1500000.0,100
Amir Bouhamdi,PSV Eindhoven,,,0
Daniel van Vianen,Excelsior,530421.0,800000.0,100
Dirk Wanner Proper,SC Heerenveen,485587.0,1500000.0,100
Sem Steijn,Feyenoord,593519.0,11000000.0,100
Davy Klaassen,AFC Ajax,182932.0,2000000.0,100
Elias Sørensen,PEC Zwolle,422930.0,1200000.0,100
Yoann Cathline,FC Utrecht,782476.0,6000000.0,100
Davy van den Berg,FC Utrecht,361066.0,1500000.0,100
Yassin Oukili,Fortuna Sittard,566911.0,700000.0,100
Calvin Twigt,Go Ahead Eagles,612758.0,750000.0,100
Shunsuke Mito,Sparta Rotterdam,566013.0,2000000.0,100
Alassane Pléa,PSV Eindhoven,167329.0,2500000.0,100
Devid Bouah,SC Cambuur,457235.0,300000.0,100
Emirhan Demircan,SC Telstar,918445.0,450000.0,100
Jeff Hardeveld,SC Telstar,263555.0,450000.0,100
Moussa Gbemou,Fortuna Sittard,,,0
Noach Shenkman,SC Telstar,,,0
Travis Hernes,FC Groningen,1053908.0,350000.0,100
Mitchell van Bergen,Sparta Rotterdam,393239.0,1500000.0,100
Paul Wanner,PSV Eindhoven,900909.0,22000000.0,100
Joris van Overeem,FC Utrecht,182582.0,1000000.0,100
Gabriel Reiziger,PEC Zwolle,827711.0,250000.0,100
Jalen Hawkins,ADO Den Haag,,,0
Finn de Bruin,ADO Den Haag,910926.0,150000.0,100
Daryl van Mieghem,ADO Den Haag,177821.0,400000.0,100
Oussama Targhalline,Feyenoord,667965.0,16000000.0,100
Alwande Roaldsoy,Sparta Rotterdam,670105.0,800000.0,96
Sven Mijnans,PSV Eindhoven,578804.0,15000000.0,100
Jan Žambůrek,ADO Den Haag,487924.0,400000.0,100
Ángel Alarcón,FC Utrecht,646739.0,6000000.0,100
Nick Fichtinger,PEC Zwolle,806384.0,350000.0,100
Rojendro Oudsten,SC Telstar,1104231.0,100000.0,100
Odysseus Velanas,PEC Zwolle,360520.0,550000.0,100
Ilano Silva Timas,Excelsior,,,0
Thomas Van den Belt,FC Twente,412941.0,4500000.0,100
Ethan Apkakou,SC Cambuur,392771.0,30000000.0,80
Nolhan Courtens,SC Heerenveen,952414.0,150000.0,100
Isaiah Ahmed,SC Telstar,886252.0,125000.0,100
Hessel de Wit,AZ Alkmaar,910926.0,150000.0,100
Jaden Slory,Willem II Tilburg,727480.0,700000.0,100
Dani de Wit,FC Utrecht,340459.0,3500000.0,100
Fabian Kvam,SC Cambuur,946974.0,2000000.0,80
Yassir Rahmouni,Go Ahead Eagles,1088311.0,450000.0,100
Eser Gürbüz,Willem II Tilburg,1130803.0,600000.0,100
Dennis Man,PSV Eindhoven,397486.0,15000000.0,100
Jorg Schreuders,FC Groningen,671735.0,1700000.0,100
Wessel van der Goot,SC Cambuur,,,0
Uriel van Aalst,Willem II Tilburg,,,0
Kasper Boogaard,Willem II Tilburg,988406.0,2500000.0,100
Ganni Buyukhan,Fortuna Sittard,,,0
Mylian Jimenez,ADO Den Haag,617754.0,350000.0,100
Divano Fernandez Iglesias,Willem II Tilburg,1071596.0,10000000.0,81
Julian van Esdonk,Willem II Tilburg,,,0
Jizz Hornkamp,AZ Alkmaar,185817.0,2500000.0,100
Thomas Verheydt,Willem II Tilburg,184299.0,300000.0,100
Clement Bischoff,NEC Nijmegen,953893.0,3000000.0,100
Thom van Bergen,FC Groningen,671738.0,3000000.0,100
Tjaronn Chery,NEC Nijmegen,76326.0,400000.0,100
Ruben van Bommel,PSV Eindhoven,735701.0,10000000.0,100
David Garden,Excelsior,373189.0,1500000.0,100
Adrian Blake,FC Utrecht,875581.0,2000000.0,100
Devin Haen,Willem II Tilburg,,,0
Nils Eggens,FC Groningen,,,0
Brynjólfur Darri Willumsson,FC Groningen,464444.0,900000.0,100
Artem Stepanov,FC Utrecht,1045344.0,5000000.0,100
Stefán Ingi Sigurðarson,Go Ahead Eagles,464454.0,2000000.0,97
Patrick Brouwer,SC Telstar,593824.0,750000.0,100
Julian Brandt,AFC Ajax,187492.0,15000000.0,100
Iwan Henstra,SC Cambuur,,,0
Nicolas Binder,SC Cambuur,99523.0,100000.0,100
Mika Godts,AFC Ajax,748804.0,35000000.0,100
Kaj Sierhuis,NEC Nijmegen,315283.0,1800000.0,100
Victor Edvardsen,Go Ahead Eagles,265324.0,800000.0,100
Milan Zonneveld,Sparta Rotterdam,818445.0,450000.0,100
Noé Lebreton,NEC Nijmegen,926389.0,4000000.0,100
Ayase Ueda,Feyenoord,589128.0,17000000.0,100
Weslley Patati,AZ Alkmaar,959106.0,4500000.0,100
Rui Mendes,SC Telstar,387996.0,200000.0,100
Nökkvi Þórisson,Sparta Rotterdam,381349.0,400000.0,93
Yannick Eduardo,ADO Den Haag,930998.0,2500000.0,100
Evan Rottier,ADO Den Haag,548937.0,350000.0,100
Dušan Tadić,NEC Nijmegen,36139.0,2000000.0,100
Steven Berghuis,AFC Ajax,129554.0,2000000.0,100
Marko Pjaca,FC Twente,205940.0,1500000.0,100
Aymen Sliti,Excelsior,775257.0,2000000.0,100
Mexx Meerdink,AZ Alkmaar,678546.0,8000000.0,100
Lequincio Zeefuik,Fortuna Sittard,728864.0,850000.0,100
Erik Flataker,Go Ahead Eagles,893929.0,600000.0,100
Casper Terho,Sparta Rotterdam,679597.0,1000000.0,100
Richonell Margaret,Go Ahead Eagles,465326.0,600000.0,100
Ricardo Pepi,PSV Eindhoven,627207.0,30000000.0,100
Bryan Linssen,NEC Nijmegen,82410.0,300000.0,100
Koen Kostons,PEC Zwolle,453121.0,1500000.0,100
Oskar Siira Sivertsen,Go Ahead Eagles,715510.0,450000.0,100
Dylan Vente,SC Heerenveen,369319.0,2500000.0,100
Thibo Baeten,Go Ahead Eagles,486043.0,500000.0,100
Nigel Thomas,ADO Den Haag,412952.0,300000.0,100
Ryan Metu,FC Groningen,,,0
Shaqueel van Persie,Feyenoord,517811.0,1500000.0,100
Lanroy Machine,SC Heerenveen,1096744.0,1500000.0,100
Soufiane Hetli,SC Telstar,779752.0,450000.0,100
Sam Lammers,FC Twente,386914.0,4000000.0,100
Tolu Arokodare,AFC Ajax,683571.0,20000000.0,100
Alireza Jahanbakhsh,Excelsior,213268.0,500000.0,100
Oliver Valaker Edvardsen,AFC Ajax,374326.0,3000000.0,100
Luka Reischl,ADO Den Haag,,,0
Yaqub Finey,Excelsior,,,0
Mario Dominguez,Excelsior,941867.0,200000.0,100
Anthony Descotte,Fortuna Sittard,565434.0,600000.0,100
Jivayno Zinhagel,Feyenoord,,,0
Skye Vink,SC Cambuur,,,0
Jacob Ondrejka,FC Groningen,663237.0,5500000.0,100
David Min,FC Utrecht,604813.0,1500000.0,100
Marcos Leonardo,AFC Ajax,668267.0,20000000.0,100
Lucas Vennegoor of Hesselink,FC Twente,997646.0,250000.0,100
Sami Bouhoudane,SC Cambuur,85842.0,125000.0,100
Jesse Bal,ADO Den Haag,,,0
Kasper Dolberg,AFC Ajax,283196.0,7000000.0,100
Troy Parrott,AZ Alkmaar,552655.0,25000000.0,100
Wout Weghorst,FC Twente,228645.0,2000000.0,100
Nesto Groen,Excelsior,775044.0,100000.0,100
Jelani Seedorf,SC Telstar,943592.0,250000.0,100
Nacho Ferri,Feyenoord,867357.0,6000000.0,100
Ole Romeny,Fortuna Sittard,361070.0,800000.0,100
Wiebe Kooistra,SC Cambuur,,,0
Ismael Mouhoul,Willem II Tilburg,,,0
Ennio Van Der Gouw,Rio Ave,529425.0,400000.0,100
Ignacio de Arruabarrena,FC Arouca,367651.0,1000000.0,100
Diogo Costa,FC Porto,357153.0,40000000.0,100
Ewerton,Académico Viseu FC,214070.0,600000.0,100
Samuel Soares,Benfica,504072.0,3000000.0,100
Léo Linck,CF Estrela Amadora,742034.0,2500000.0,100
Renato Marin,CD Nacional,1041614.0,1000000.0,100
Lucas França,Santa Clara,418615.0,600000.0,100
Lucão,Gil Vicente,412372.0,1200000.0,100
Alfonso Pastor,CS Marítimo,537367.0,250000.0,100
André Gomes,Casa Pia,221025.0,3000000.0,100
Joel Robles,Estoril Praia,101118.0,350000.0,100
Rui Silva,Sporting CP,234811.0,7000000.0,100
Oliwier Zych,Vitória SC,555074.0,2000000.0,100
Lazar Carević,Famalicão,344457.0,5000000.0,100
Matheus Mendes,FC Alverca,629077.0,600000.0,100
André Ferreira,Moreirense,290346.0,600000.0,100
Bernardo Fontes,Sporting Braga,719646.0,5000000.0,100
Jakub Kiwior,FC Porto,425918.0,35000000.0,100
José Fontán,FC Arouca,609361.0,1800000.0,100
Léo Santos,CD Nacional,351894.0,1000000.0,100
Ze Vitor,CD Nacional,879236.0,2500000.0,100
Clément Lenglet,Benfica,182904.0,4000000.0,100
Jan Bednarek,FC Porto,243028.0,11000000.0,100
Ricardo Esgaio,Gil Vicente,139395.0,700000.0,100
Jonathan Buatu,Gil Vicente,54149.0,800000.0,100
Zaidu Sanusi,FC Porto,544784.0,3000000.0,100
Vítor Carvalho,Sporting Braga,553062.0,4000000.0,100
Nehuén Pérez,FC Porto,491693.0,12000000.0,100
Finn van Breemen,Famalicão,705016.0,1000000.0,100
Tony Strata,Vitória SC,1004681.0,2000000.0,100
Alberto costa,FC Porto,877139.0,18000000.0,100
Rúben Pereira,Académico Viseu FC,175597.0,75000.0,100
Alexander Bah,Benfica,452607.0,7000000.0,100
Eduardo Quaresma,Sporting CP,504073.0,17000000.0,100
Javi Sánchez,FC Arouca,340853.0,800000.0,100
Diogo Calila,Santa Clara,396429.0,500000.0,100
Ibrahima Ba,Sporting CP,1191154.0,12000000.0,100
Pedro Barcelos,Académico Viseu FC,432895.0,20000000.0,100
Weverson,Gil Vicente,412367.0,800000.0,100
Zeno Debast,Sporting CP,548193.0,28000000.0,100
José Silva,Gil Vicente,1102159.0,500000.0,100
Jakub Brabec,Rio Ave,112948.0,400000.0,100
Nikolaos Michelis,Académico Viseu FC,584452.0,300000.0,100
Marvin Elimbi Gilbert,Gil Vicente,862628.0,4000000.0,100
Emanuel Fernandes,Santa Clara,16791.0,75000.0,96
Tiago Esgaio,FC Arouca,581121.0,1000000.0,100
Tomás Araújo,Benfica,504087.0,30000000.0,100
Paulo Henrique,CS Marítimo,412594.0,6000000.0,100
Francisco Reis Ferreira,Estoril Praia,42853.0,325000.0,100
Maximiliano Araújo,Sporting CP,282476.0,700000.0,81
Robinho,Académico Viseu FC,1093626.0,600000.0,100
Martim Fernandes,FC Porto,935480.0,12000000.0,100
Rodrigo Dias,Sporting CP,131505.0,5000000.0,100
Williams Kokolo,CD Nacional,279454.0,250000.0,84
Nelson Abbey,Rio Ave,566677.0,1500000.0,100
Rodrigo Pinheiro,Famalicão,549038.0,5000000.0,100
Pedro Pacheco,Santa Clara,290508.0,400000.0,100
Romain Correia,CS Marítimo,416088.0,300000.0,100
Luan Patrick,CF Estrela Amadora,658674.0,2000000.0,100
Anthony Correia,Académico Viseu FC,478357.0,700000.0,100
Léo Realpe,Famalicão,656409.0,5000000.0,100
João Mendes,Vitória SC,684348.0,2500000.0,100
Pedro Carvalho,Estoril Praia,1072238.0,800000.0,100
Amar Dedić,Benfica,519184.0,16000000.0,100
Gilberto Batista,Moreirense,816572.0,1500000.0,100
Gustaf Lagerbielke,Sporting Braga,485395.0,10000000.0,100
Óscar Rivas,Vitória SC,890557.0,1000000.0,100
Jordan Arnolin,Estoril Praia,355369.0,1500000.0,100
Pedro Rosas,Casa Pia,696504.0,450000.0,100
Ismael Sierra Arnal,Estoril Praia,718195.0,200000.0,100
Francisco Petrasso,Rio Ave,985683.0,1200000.0,100
Domingos Jose Gabriel Bandeira,Casa Pia,435338.0,75000000.0,100
Pedro Bondo,Famalicão,847484.0,2000000.0,100
Ricard Sánchez,Estoril Praia,388545.0,3000000.0,100
Stefan Lekovic,CF Estrela Amadora,797572.0,2500000.0,100
David Moreira,Gil Vicente,1044831.0,800000.0,100
Gábor Szalai,CS Marítimo,830057.0,1000000.0,100
Gustavo Mancha,Rio Ave,1082582.0,1500000.0,100
Wesley Gasolina,CD Nacional,371967.0,1500000.0,100
Leny Meyer,Famalicão,,,0
Guilherme Romão,Santa Clara,519879.0,400000.0,100
Thiago Balieiro,Vitória SC,984093.0,1000000.0,100
Fernando Medrano,Estoril Praia,461619.0,500000.0,100
Gonçalo Inácio,Sporting CP,549006.0,40000000.0,100
Jefferson Encada,CF Estrela Amadora,448468.0,400000.0,100
Rafael Fernandes,CS Marítimo,744074.0,500000.0,100
Steven Baseya,FC Alverca,988468.0,400000.0,100
Sidney Lima,Santa Clara,657155.0,3500000.0,100
Iván Fresneda,Sporting CP,946883.0,15000000.0,100
Georgios Vagiannidis,Sporting CP,546186.0,8000000.0,100
Orest Lebedenko,FC Arouca,524964.0,500000.0,100
Adrian Bajrami,Sporting Braga,582987.0,2500000.0,100
Bright Arrey-Mbi,Sporting Braga,580193.0,9000000.0,100
Julien Lomboto,Rio Ave,862204.0,300000.0,100
Samuel Dahl,Benfica,605396.0,13000000.0,100
Bastien Meupiyou,FC Alverca,955253.0,7000000.0,100
Max Scholze,CF Estrela Amadora,707350.0,400000.0,100
Igor Julião,CS Marítimo,223977.0,500000.0,100
Antef Tsoungui,Estoril Praia,503858.0,1000000.0,100
Rafa Soares,CF Estrela Amadora,198006.0,1000000.0,100
Dinis Pinto,Moreirense,663254.0,3000000.0,100
Gonçalo Costa,Estoril Praia,383014.0,600000.0,100
Leandro Santos,Moreirense,1173926.0,1000000.0,100
Miguel Maga,Vitória SC,729140.0,1500000.0,100
Yaya Bojang,FC Alverca,1135770.0,800000.0,100
Gu Costa,Académico Viseu FC,451858.0,500000.0,82
Diogo Travassos,Sporting Braga,478317.0,6000000.0,100
André Geraldes,Casa Pia,154319.0,150000.0,100
Igor Milioransa,Académico Viseu FC,13959.0,100000.0,100
João Goulart,Casa Pia,537477.0,1500000.0,100
Tiago Parente,Estoril Praia,925417.0,500000.0,100
Kevyn Monteiro,Moreirense,1116537.0,500000.0,100
Bernardo Schappo,CF Estrela Amadora,699679.0,750000.0,100
David Sousa,Casa Pia,740159.0,1000000.0,100
Kiko,Moreirense,934031.0,1500000.0,100
Diogo Monteiro,FC Arouca,670713.0,300000.0,100
Maracás,Moreirense,373187.0,700000.0,100
Lucas Mincarelli,CF Estrela Amadora,982393.0,1000000.0,100
Henrique Silva,Santa Clara,204072.0,1000000.0,100
Gianluca Prestianni,Benfica,1000674.0,20000000.0,100
Gabriel Veiga,FC Porto,435338.0,75000000.0,100
Sergi Altimira,Sporting CP,466801.0,20000000.0,100
Enzo Barrenechea,Benfica,671915.0,12000000.0,100
Demir Ege Tıknaz,Sporting Braga,875337.0,8000000.0,100
Rafa Silva,Benfica,238055.0,4000000.0,100
Facundo Cáseres,Gil Vicente,829434.0,2500000.0,100
Bénito,CF Estrela Amadora,491960.0,225000.0,100
Samu,Vitória SC,291939.0,2500000.0,100
Naïs Djouahra,FC Arouca,594926.0,1500000.0,100
Daniel Júnior,CD Nacional,530421.0,800000.0,100
João Veloso,Moreirense,637792.0,1500000.0,100
Rayan Lucas,FC Alverca,1012564.0,60000000.0,100
Abraham Marcus,CF Estrela Amadora,699632.0,1000000.0,100
João Guilherme,Académico Viseu FC,27369.0,450000.0,100
Tidjany Touré,Gil Vicente,641576.0,500000.0,100
Geny Catamo,Sporting CP,701979.0,25000000.0,100
Martín Tejón,CS Marítimo,941883.0,1000000.0,100
Taichi Fukui,FC Arouca,868622.0,5000000.0,100
Miguel Baeza,CD Nacional,523977.0,400000.0,100
Tom Van De Looi,Famalicão,420189.0,5000000.0,100
Tamás Nikitscher,Rio Ave,633056.0,800000.0,100
Raphael Guzzo,CS Marítimo,197880.0,600000.0,100
Sorriso,Famalicão,868101.0,5000000.0,100
Zé Carlos,Gil Vicente,617679.0,2000000.0,100
Santiago García,Gil Vicente,102432.0,4000000.0,100
Vladan Danilović,CS Marítimo,456898.0,600000.0,100
Rodrigo Andrade,CS Marítimo,696656.0,200000.0,100
Alejandro Mestanza,Académico Viseu FC,229815.0,200000.0,87
Silvi Clúa,Casa Pia,1061660.0,300000.0,90
Gil Martins,Gil Vicente,937727.0,200000.0,100
Nile John,Moreirense,581683.0,500000.0,100
Manu Silva,Benfica,699592.0,7000000.0,100
Pablo Rosario,FC Porto,370791.0,8000000.0,100
Lohann Doucet,Vitória SC,830265.0,700000.0,100
Stavros Gavriel,CD Nacional,613983.0,600000.0,100
Liziero,CD Nacional,401526.0,1500000.0,100
Markus Jensen,CD Nacional,794592.0,350000.0,100
Gonçalo Nogueira,Vitória SC,877140.0,4000000.0,100
Pedro Ferreira,Santa Clara,337799.0,3000000.0,100
Andreas Schjelderup,Benfica,670103.0,30000000.0,100
Eddy Doué,CF Estrela Amadora,1159661.0,400000.0,100
Georgios Liavas,Rio Ave,481676.0,700000.0,100
Miguel Nogueira,Vitória SC,1135545.0,1500000.0,100
Óscar Aranda,Famalicão,652332.0,3000000.0,100
Diogo Prioste,Gil Vicente,670718.0,2000000.0,100
Filipe Soares,CD Nacional,357163.0,700000.0,100
Georgiy Sudakov,Benfica,623325.0,25000000.0,100
Issa Doumbia,Sporting CP,430579.0,1700000.0,88
Zakaria Kassary,FC Alverca,1245251.0,150000.0,100
Telmo Arcanjo,Vitória SC,791528.0,3000000.0,100
Lucas Soares,Santa Clara,684061.0,1500000.0,100
Soufiane Messeguem,Académico Viseu FC,,,0
Isaac James,FC Alverca,746642.0,600000.0,100
Diogo Bezerra,Rio Ave,947404.0,1800000.0,100
Espen Van Ee,FC Arouca,607144.0,1200000.0,100
Vasco Moreira,FC Alverca,657429.0,1000000.0,100
Richard Ríos,Benfica,735573.0,25000000.0,100
Tomás Tavares,CS Marítimo,550549.0,300000.0,100
Mateja Stjepanović,Moreirense,698539.0,3000000.0,100
Robinho,CF Estrela Amadora,1093626.0,600000.0,100
Ian Luccas,FC Alverca,578872.0,13000000.0,80
Simo Bouzaidi,CS Marítimo,,,0
Mathias De Amorim,Famalicão,1061975.0,10000000.0,100
Daniel Borges,Santa Clara,276877.0,300000.0,100
Alan Varela,FC Porto,756990.0,32000000.0,100
Maxime Dominguez,CS Marítimo,207561.0,600000.0,100
Paulo Moreira,Famalicão,375392.0,1500000.0,100
Hiago Santos,Santa Clara,697520.0,450000.0,100
Deivison Souza Brito,CD Nacional,1261642.0,200000.0,100
Tiago Ribeiro,Santa Clara,504084.0,200000.0,100
José Tavares,Santa Clara,314989.0,450000.0,83
Mario Dorgeles,Sporting Braga,1045972.0,10000000.0,100
Matheus Dias,CD Nacional,815384.0,1500000.0,100
Mateo Flores,FC Arouca,1061283.0,1000000.0,100
Pablo Gozalbez,FC Arouca,622992.0,700000.0,100
Rochinha,Casa Pia,290336.0,500000.0,100
Luis Guilherme,Sporting CP,991800.0,12000000.0,100
Pedro Santos,FC Arouca,657435.0,600000.0,100
Leandro Barreiro Martins,Benfica,357233.0,18000000.0,100
Matija Mitrović,Vitória SC,959979.0,2000000.0,100
Kiko Bondoso,Moreirense,590302.0,800000.0,100
Cihan Kahraman,Académico Viseu FC,729500.0,50000.0,83
Diogo Nascimento,Rio Ave,654099.0,4000000.0,100
Victor Froholdt,FC Porto,926993.0,50000000.0,100
Marco Essimi,FC Alverca,201040.0,1200000.0,80
Rodrigo Mora,FC Porto,957653.0,38000000.0,100
Ryan Guilherme,Rio Ave,877787.0,900000.0,100
Mateus Jose Iseppe,CD Nacional,1220180.0,400000.0,100
Murilo,Gil Vicente,458710.0,5000000.0,100
Matchoi Djaló,CD Nacional,685887.0,500000.0,100
Bryan Limbombe,CS Marítimo,502288.0,400000.0,100
Kevin Prieto,Casa Pia,1221003.0,500000.0,100
Guilherme Liberato,Moreirense,739442.0,300000.0,100
Daniel De la Cruz,CD Nacional,530421.0,800000.0,100
Joelson Fernandes,Gil Vicente,581140.0,1000000.0,100
Miguel Patricio,Rio Ave,45026.0,600000.0,80
Beni Mukendi,Vitória SC,666539.0,4000000.0,100
Abdu Dafe,Casa Pia,,,0
Hwang In-beom,FC Porto,365394.0,7000000.0,100
Jandro Orellana,Estoril Praia,388548.0,1000000.0,100
Andreas Lausen,Gil Vicente,70627.0,75000.0,92
Cristian Ferreira,Académico Viseu FC,548468.0,225000.0,100
Alfonso Trezza,FC Arouca,741517.0,1500000.0,100
Marios Vrousai,Rio Ave,395632.0,3000000.0,100
Pedro Santos,Famalicão,657435.0,600000.0,100
Israel Ayuma,CS Marítimo,1129892.0,300000.0,100
Emerson Pedro Vanga,CF Estrela Amadora,181778.0,9000000.0,100
Álvaro Zamora,Académico Viseu FC,731899.0,1300000.0,100
Victor Gomez,Sporting Braga,495601.0,10000000.0,100
Welinton Torrao,Santa Clara,687361.0,400000.0,100
Sebastián Pérez,Casa Pia,459842.0,250000.0,86
Tamás Szűcs,Famalicão,,,0
Joel Silva,CD Nacional,929573.0,400000.0,100
Dodi Lukebakio,Benfica,303259.0,15000000.0,100
Hyun-ju Lee,FC Arouca,709166.0,2500000.0,100
Gabi Pereira,Casa Pia,22969.0,1100000.0,100
Silas Andersen,Sporting CP,685657.0,2000000.0,100
Mathis Jangeal,Famalicão,1075579.0,1000000.0,81
Santi Verdi,Vitória SC,,,0
Agustín Moreira,Gil Vicente,999072.0,1000000.0,100
Santiago Serra,CF Estrela Amadora,1004403.0,100000.0,88
Francisco Chissumba,FC Alverca,898721.0,5000000.0,100
Nabil Touaizi,FC Alverca,487180.0,800000.0,100
Jean-Baptiste Gorby,Sporting Braga,631404.0,9000000.0,100
Lovro Zvonarek,CF Estrela Amadora,892973.0,1800000.0,100
Davy Gui,FC Alverca,1321322.0,600000.0,100
Abdu Conté,Casa Pia,337798.0,700000.0,100
Andreas Ndoj,Rio Ave,724035.0,5000000.0,83
André Ceitil,Académico Viseu FC,800176.0,25000000.0,100
André Vidigal,FC Alverca,426624.0,1500000.0,100
Luís Silva,Académico Viseu FC,367465.0,350000.0,100
Denis Huseinbasic,Sporting Braga,678479.0,2000000.0,100
Tiago Brito,Estoril Praia,1020686.0,200000.0,100
Gil Bastião Dias,Famalicão,329723.0,2000000.0,100
Rodrigo Alonso,Moreirense,131505.0,5000000.0,100
Lawrence Ofori,Casa Pia,536081.0,1500000.0,100
Xeka,Estoril Praia,290256.0,800000.0,100
João Moutinho,Sporting Braga,461906.0,600000.0,100
Yellu Santiago,CS Marítimo,941869.0,700000.0,100
Alisson Souza de Jesus,CF Estrela Amadora,105470.0,15000000.0,100
Stephen Eustaquio,FC Porto,512913.0,6000000.0,100
Pedro Lima,Sporting CP,1193867.0,4000000.0,100
Vangelis Pavlidis,Benfica,324503.0,28000000.0,100
Fran Navarro,Sporting Braga,284883.0,4000000.0,100
Gonçalo Paciência,Santa Clara,181547.0,700000.0,100
Leandro Antonetti,CF Estrela Amadora,892926.0,200000.0,100
Figueiredo,FC Alverca,703324.0,4000000.0,100
Borja Sainz,FC Porto,634461.0,20000000.0,100
Fotis Ioannidis,Sporting CP,532444.0,16000000.0,100
Rodrigo Zalazar,Sporting CP,606752.0,30000000.0,100
Jalen Blesa,Rio Ave,973249.0,2000000.0,100
Yanis Begraoui,Estoril Praia,569376.0,12000000.0,100
William Gomes,FC Porto,1004725.0,25000000.0,100
Héctor Hernández,Gil Vicente,273738.0,800000.0,100
Gustavo Silva,Vitória SC,1047860.0,4000000.0,100
Adrián Butzke,CS Marítimo,596884.0,300000.0,100
Flávio Gonçalves,Sporting CP,373191.0,2000000.0,100
Pau Victor,Sporting Braga,707572.0,15000000.0,100
Brenner,Santa Clara,412366.0,4000000.0,100
André Clóvis,Académico Viseu FC,564890.0,2000000.0,100
Tamblé Monteiro,Rio Ave,842517.0,1000000.0,100
Sorriso,Santa Clara,868101.0,5000000.0,100
Nestory Irankunda,Sporting CP,956920.0,8000000.0,100
Chiquinho,FC Alverca,695454.0,5000000.0,100
Barbero,FC Arouca,514514.0,1000000.0,100
Jáder Durán,Benfica,,,0
Pepê,FC Porto,520662.0,17000000.0,100
André Silva,FC Porto,198008.0,3000000.0,100
Luis Javier Suárez,Sporting CP,424784.0,30000000.0,100
Maurice Boakye,CS Marítimo,,,0
Vinícius Lopes,Santa Clara,688881.0,2500000.0,100
Cassiano,Casa Pia,238367.0,150000.0,100
João Carvalho,Estoril Praia,258005.0,5000000.0,100
Lorougnon Gohi,Académico Viseu FC,,,0
André Lacximicant,Estoril Praia,752442.0,800000.0,100
Rafik Guitane,Estoril Praia,394328.0,5000000.0,100
Gabriel Silva,Sporting Braga,627224.0,7000000.0,100
Fabrício Garcia,Estoril Praia,1070645.0,400000.0,100
Jesse Derry,Sporting CP,,,0
Alioune Ndoye,Vitória SC,807124.0,1000000.0,100
Allen Obando,CD Nacional,1050373.0,900000.0,100
Luis Fernando,Santa Clara,51174.0,2000000.0,100
Umar Abubakar,Famalicão,1133954.0,1000000.0,100
Peixinho,Estoril Praia,1159044.0,200000.0,100
Dylan Nandín,FC Arouca,862352.0,1000000.0,100
Samy Jr Merheg,FC Alverca,,,0
Oumar Camara,Vitória SC,1053206.0,8000000.0,100
Pablo Messias Cardozo,CD Nacional,817665.0,18000000.0,100
Romeo Beney,Famalicão,700479.0,1500000.0,100
Ianis Stoica,CF Estrela Amadora,547754.0,1500000.0,100
Patrick Ouotro,Vitória SC,1082625.0,1500000.0,100
Dario Špikić,Rio Ave,403290.0,1000000.0,100
Michael Dacosta Gonzalez,Moreirense,579207.0,200000.0,100
Alassana Jatta,Casa Pia,631704.0,325000.0,100
Deniz Gül,FC Porto,1063292.0,5000000.0,100
Roland Galčík,Rio Ave,119772.0,250000.0,80
Brian Mansilla,FC Arouca,981058.0,800000.0,100
Georgios Koutsias,Famalicão,724039.0,2000000.0,100
Samuel da Silva Alves,Rio Ave,85901.0,125000.0,100
Yan Maranhão,Moreirense,862568.0,600000.0,100
Oluwakorede Osundina,Casa Pia,975138.0,350000.0,85
Rafael Nel,Sporting CP,1057523.0,4000000.0,100
Ricardo Horta,Sporting Braga,261927.0,9000000.0,100
Claudio Mendes,Casa Pia,34730.0,25000.0,100
Rildo,Santa Clara,800177.0,750000.0,100
Rudi Almeida,Famalicão,431131.0,150000.0,83
Vivaldo Semedo,FC Alverca,1014243.0,500000.0,100
Sydney van Hooijdonk,CF Estrela Amadora,439292.0,1000000.0,100
Carlos Eduardo,Gil Vicente,52406.0,1000000.0,100
Henrique Araújo,Casa Pia,617267.0,1000000.0,100
Samuel Bamba,CS Marítimo,684318.0,450000.0,100
Landerson,Moreirense,1219689.0,1000000.0,100
Dominik Steczyk,Académico Viseu FC,,,0
Afonso Duarte,Santa Clara,149244.0,200000.0,100
Alexandre Parsemain,Moreirense,916599.0,275000.0,80
Afonso Vieira,Moreirense,149244.0,200000.0,100
Viljami Sinisalo,Celtic,484838.0,1000000.0,100
Max Stryjek,Kilmarnock,,,0
Raphael Sallinger,Hibernian,225360.0,450000.0,100
Jacob Chapman,St. Mirren,189032.0,250000.0,83
Alex Paulsen,Motherwell,617009.0,500000.0,100
Scott Bain,Falkirk FC,85627.0,100000.0,100
Owen Goodman,Dundee FC,814848.0,550000.0,100
Marius Müller,Aberdeen,118161.0,700000.0,100
Ivor Pandur,Rangers,371013.0,4500000.0,100
Jack James Walton,Dundee United,368629.0,500000.0,100
Beau Reus,Heart of Midlothian,515386.0,400000.0,100
Toby Steward,St. Johnstone,,,0
Kieran Tierney,Celtic,300716.0,8000000.0,100
Oisin McEntee,Heart of Midlothian,541448.0,500000.0,100
Auston Trusty,Celtic,389253.0,6000000.0,100
Martin Moormann,Motherwell,434098.0,400000.0,100
Daniel Happe,Aberdeen,530421.0,800000.0,100
Owen Bevan,Dundee FC,1063676.0,100000.0,84
Cameron Carter-Vickers,Celtic,341049.0,9000000.0,100
Cheick Diabate,St. Johnstone,78082.0,300000.0,100
Nesta Guinness-Walker,Aberdeen,,,0
Emmanuel Fernandez,Rangers,807417.0,18000000.0,100
Henry Fieldson,St. Mirren,,,0
Olwethu Makhanya,Rangers,1069801.0,2000000.0,100
Emmanuel Longelo,Motherwell,504386.0,1500000.0,100
Jamie Knight-Lebel,Motherwell,,,0
Marcus Fraser,St. Mirren,132203.0,250000.0,100
Johnny Koutroumbis,Motherwell,456583.0,350000.0,94
Liam Henderson,Falkirk FC,328429.0,150000.0,100
Ryan Astley,Dundee FC,511552.0,600000.0,100
Drey Wright,Dundee FC,238468.0,75000.0,100
Jason Kerr,Hibernian,340728.0,1000000.0,100
Alexander Gogić,St. Mirren,270164.0,150000.0,89
Ben Godfrey,Rangers,343475.0,5000000.0,100
Lewis Neilson,Falkirk FC,652633.0,600000.0,100
Alistair Johnston,Celtic,637446.0,8000000.0,100
Jamie McCart,Heart of Midlothian,290801.0,350000.0,100
Dujon Sterling,Rangers,346315.0,2500000.0,100
Jake Girdwood-Reich,Motherwell,867761.0,1000000.0,100
Lewis Mayo,Aberdeen,403569.0,600000.0,100
Tuur Rommens,Rangers,707621.0,7000000.0,100
Michael Forbes,Dundee United,168683.0,250000.0,100
Zach Mitchell,St. Johnstone,796307.0,200000.0,100
Leon McCann,Falkirk FC,527858.0,200000.0,100
Colby Donovan,Celtic,1208182.0,1500000.0,100
Christian Borchgrevink,Heart of Midlothian,367244.0,450000.0,100
Jack Milne,Aberdeen,808452.0,1500000.0,100
Jack Baird,St. Johnstone,331087.0,250000.0,100
Idris Odutayo,Dundee FC,,,0
Iurie Iovu,Dundee United,619353.0,400000.0,100
Gavin Molloy,Aberdeen,728478.0,600000.0,100
Jordan Obita,Hibernian,158816.0,150000.0,100
Warren O'Hora,Hibernian,449020.0,550000.0,100
Ewan Wilson,Motherwell,904922.0,350000.0,100
Bert Esselink,Dundee United,462059.0,350000.0,100
Jordi Altena,Heart of Midlothian,607173.0,600000.0,100
Harry Milne,Heart of Midlothian,411267.0,550000.0,100
Matty Foulds,St. Johnstone,,,0
Joshua Rawlins,Dundee United,703658.0,450000.0,100
George Stanger,Kilmarnock,509709.0,200000.0,100
Liam Smith,St. Johnstone,281807.0,450000.0,100
Scott Tanser,Falkirk FC,268119.0,150000.0,100
Ben Parkinson,Falkirk FC,922764.0,150000.0,100
Johnly Yfeko,Kilmarnock,,,0
Deniss Melniks,Falkirk FC,574117.0,275000.0,100
Ethan Brown,Kilmarnock,636185.0,600000.0,83
Jamie Brandon,Kilmarnock,406694.0,250000.0,100
Michael Schjønning-Larsen,Kilmarnock,579207.0,200000.0,100
Stuart Findlay,Heart of Midlothian,165334.0,700000.0,100
Josh McPake,Heart of Midlothian,424014.0,125000.0,100
Tom Renaud,Heart of Midlothian,58381.0,50000.0,100
Killian Phillips,St. Mirren,801420.0,1000000.0,100
Callum Wright,Hibernian,,,0
Kanayochukwu Megwa,Hibernian,1001854.0,200000.0,80
Ibrahim Said,Motherwell,718318.0,2000000.0,100
Blair Spittal,Heart of Midlothian,251587.0,600000.0,100
Luke McCowan,Celtic,468264.0,1500000.0,100
Kai Fotheringham,St. Johnstone,652672.0,350000.0,100
Arne Engels,Celtic,565435.0,20000000.0,100
Callum McGregor,Celtic,120977.0,2000000.0,100
Greg Kiltie,Kilmarnock,244256.0,250000.0,100
Thelo Aasgaard,Rangers,647384.0,2800000.0,100
Ryan Strain,Falkirk FC,549354.0,450000.0,100
Ryan Finnigan,Dundee FC,807318.0,250000.0,100
William Ferry,Dundee United,341710.0,3000000.0,100
Tom Lowery,Kilmarnock,426414.0,175000.0,100
Josh Campbell,Hibernian,482802.0,1200000.0,100
Bradley Lyons,Aberdeen,334816.0,350000.0,86
Jayden Richardson,St. Mirren,565675.0,350000.0,100
Vicko Ševelj,Dundee United,575209.0,650000.0,100
Dylan Tait,Dundee United,647281.0,800000.0,100
Calvin Miller,Heart of Midlothian,244261.0,600000.0,100
Jason Holt,St. Johnstone,105695.0,100000.0,100
Craig Sibbald,Falkirk FC,165345.0,250000.0,100
Jack McMillan,Falkirk FC,347617.0,350000.0,100
Declan John,St. Mirren,238585.0,150000.0,100
Paul Nsio,St. Mirren,,,0
Luke Thomas,St. Mirren,505194.0,6000000.0,100
Jesse Randall,Dundee United,677509.0,900000.0,100
Roland Idowu,St. Mirren,626334.0,150000.0,100
Connor Ronan,Aberdeen,337787.0,1200000.0,100
Žan Bešir,Dundee FC,,,0
Samuel Ramos,St. Mirren,814454.0,100000.0,100
Finley Barbrook,Falkirk FC,,,0
Cameron Devlin,Rangers,655136.0,100000.0,81
Laurent Mendy,Heart of Midlothian,560642.0,75000.0,100
Lukas Fadinger,Motherwell,394018.0,350000.0,100
Liam Donnelly,St. Mirren,211121.0,200000.0,100
Findlay Curtis,Rangers,1082993.0,2000000.0,100
Aremu Afeez,Aberdeen,562409.0,500000.0,100
Finlay Robertson,Dundee FC,396540.0,600000.0,100
Ethan Hamilton,Dundee FC,396286.0,400000.0,100
Dan Neil,Rangers,913979.0,100000.0,82
Findlay Marshall,Aberdeen,1025974.0,200000.0,100
Tom Sparrow,Motherwell,621365.0,100000.0,100
Ross McCrorie,Rangers,293746.0,1800000.0,100
Felix Passlack,Hibernian,274461.0,700000.0,100
Panutche Camará,Dundee United,512916.0,300000.0,100
Stuart Armstrong,Aberdeen,130765.0,200000.0,100
Oscar Priestman,Motherwell,867755.0,250000.0,100
Brad Halliday,Dundee FC,282240.0,250000.0,100
James Forrest,Celtic,84992.0,300000.0,100
Adam Mayor,Hibernian,607034.0,15000000.0,80
Jamie Gullan,St. Johnstone,346643.0,275000.0,100
Olly Whyte,Motherwell,,,0
Mikey Booth,Motherwell,,,0
Mark O'Hara,Kilmarnock,235780.0,500000.0,100
Mehdi Merghem,Dundee United,452877.0,450000.0,100
Rudi Allan Molotnikov,Hibernian,1082631.0,20000000.0,100
Djeidi Gassama,Rangers,795657.0,6000000.0,100
Mohammed Diomande,Rangers,658531.0,7000000.0,96
Aaron Tshibola,Kilmarnock,243633.0,150000.0,100
Ryan Carr,St. Mirren,1082832.0,400000.0,80
Reece McAlear,St. Johnstone,,,0
Alan Forrest,Dundee FC,276764.0,250000.0,100
Finn Yeats,Falkirk FC,719685.0,500000.0,100
Azeem Abdulai,Hibernian,,,0
Joe Gardner,Falkirk FC,921513.0,150000.0,100
Jamie McGrath,Hibernian,344107.0,1200000.0,100
Tomas Magnusson,Heart of Midlothian,599628.0,600000.0,100
Sebastian Tounekti,Celtic,539677.0,5000000.0,100
Tony Yogane,Aberdeen,979064.0,200000.0,100
Dylan Williams,Motherwell,732117.0,200000.0,100
Roshaun Mathurin,Kilmarnock,,,0
Sam Stanton,St. Johnstone,192505.0,275000.0,100
Chris Cadden,Aberdeen,277782.0,500000.0,100
Charlie Reilly,Dundee FC,589926.0,100000.0,100
Emmanuel Agyei,Dundee United,960062.0,250000.0,100
Alex Lowry,Motherwell,633753.0,350000.0,100
Bailey Rice,Kilmarnock,924849.0,800000.0,100
Logan Chalmers,St. Johnstone,396548.0,350000.0,100
Macaulay Tait,St. Johnstone,909254.0,500000.0,100
Miguel Changa Chaiwa,Hibernian,956604.0,3000000.0,100
Paul McGovern,Falkirk FC,43734.0,175000.0,80
Josh Mulligan,Hibernian,674809.0,3000000.0,100
Ben Krauhaus,Falkirk FC,,,0
Aodhan Doherty,Falkirk FC,,,0
Nicolas Raskin,Rangers,422763.0,12000000.0,100
Louis  Lloyd,St. Johnstone,572891.0,150000.0,85
Alexander Briedl,Aberdeen,531634.0,700000.0,100
Abdoulaye Yoro,Dundee United,1367128.0,150000.0,100
Erik Ring,Kilmarnock,680551.0,1700000.0,100
Nicky Cleșcenco,Kilmarnock,576712.0,150000.0,100
Vanja Dragojević,Rangers,944289.0,8000000.0,100
Benjamin Nygren,Celtic,475949.0,14000000.0,100
Daisuke Yokota,Rangers,602781.0,1700000.0,100
Kasper Høgh,Celtic,542877.0,12000000.0,100
Josh Fowler,St. Johnstone,506470.0,900000.0,90
Martin Boyle,Hibernian,140554.0,300000.0,100
Camilo Durán,Celtic,672202.0,2000000.0,100
Joe Bevan,Dundee FC,1063676.0,100000.0,100
Cláudio Braga,Heart of Midlothian,740596.0,7000000.0,100
Kevin Nisbet,Aberdeen,360661.0,1200000.0,100
Yang Hyun-Jun,Celtic,853110.0,5000000.0,100
Joe Hugill,Kilmarnock,726859.0,400000.0,100
Ethan Ross,Falkirk FC,512995.0,250000.0,100
Regan Charles-Cook,Motherwell,385635.0,600000.0,100
Owen Elding,Hibernian,1127616.0,500000.0,100
Bradley Fink,Dundee FC,,,0
Chris Mochrie,St. Mirren,633655.0,200000.0,100
Youssef Chermiti,Rangers,670688.0,15000000.0,100
Jake Young,St. Mirren,794437.0,225000.0,100
Bobby Wales,Dundee FC,924850.0,400000.0,100
Sabah Kerjota,Heart of Midlothian,1032804.0,400000.0,100
Ryan Don Naderi,Rangers,654257.0,4500000.0,100
Severin Sabri Guendouz,Heart of Midlothian,,,0
Zachary Sapsford,Dundee United,703657.0,800000.0,100
Andrew Fasanya,Aberdeen,610417.0,5000000.0,100
Ross Maclver,Falkirk FC,401046.0,200000.0,91
Willy Vogt,Motherwell,,,0
Nathan Lowe,Hibernian,294798.0,2000000.0,100
Ante Šuto,Hibernian,697511.0,700000.0,100
Simon Murray,Dundee FC,177130.0,100000.0,100
Ayoub Mouloua,Aberdeen,844300.0,700000.0,100
Daniel Bennie,Dundee United,530421.0,800000.0,100
Rogers Mato,Heart of Midlothian,973449.0,700000.0,100
James Wilson,Heart of Midlothian,1041600.0,1200000.0,100
Callum Osmand,Celtic,883540.0,500000.0,100
Ieuan Owen,Kilmarnock,,,0
Ashley Hay,Dundee FC,1298557.0,100000.0,100
Lawrence Shankland,Rangers,225744.0,3000000.0,100
Idjessi Metsoko,Dundee United,913305.0,275000.0,100
Toyosi Olusanya,Aberdeen,434981.0,500000.0,100
Ruari Paton,St. Johnstone,482801.0,225000.0,100
Tyreece John-Jules,Kilmarnock,503768.0,1000000.0,100
Lewis Smith,Aberdeen,446712.0,500000.0,100
Joe Westley,Dundee FC,937845.0,150000.0,100
Tawanda Maswanhise,Motherwell,670987.0,5000000.0,100
Eseosa Sule,St. Mirren,,,0
Amadou Ba-Sy,Heart of Midlothian,889618.0,300000.0,100
Thibault Klidje,Hibernian,575610.0,2000000.0,100
Lachlan Rose,Dundee United,840008.0,550000.0,100
Pierre Landry Kaboré,Heart of Midlothian,649453.0,300000.0,100
Neil Farrugia,Dundee United,491578.0,125000.0,100
Ethan Laidlaw,Falkirk FC,531679.0,5000000.0,83
Lukas Watkowiak,FC St. Gallen 1879,196791.0,300000.0,100
Mirko Salvi,Basel,147027.0,100000.0,100
David von Ballmoos,FC Lugano,203124.0,600000.0,100
Karlo Letica,FC Luzern,318707.0,1500000.0,100
Leon Schaffran,FC Vaduz,291383.0,200000.0,100
Simon Simoni,FC Luzern,726120.0,600000.0,100
Joel Mall,BSC Young Boys,78868.0,150000.0,100
Heinz Lindner,FC Zürich,59082.0,100000.0,100
Marvin Keller,BSC Young Boys,500763.0,6000000.0,100
Benjamin Büchel,FC Vaduz,8840.0,25000.0,82
Melvin Mastil,FC Lausanne-Sport,,,0
Niklas Steffen,FC Thun,496237.0,2500000.0,100
Anthony Racioppi,FC Sion,395671.0,1500000.0,100
Lawrence Ati Zigi,FC St. Gallen 1879,254285.0,1500000.0,100
Edvinas Gertmonas,Servette FC,229292.0,1400000.0,100
Justin Hammel,Grasshopper Club Zürich,496239.0,1500000.0,100
Jonas Omlin,Basel,247915.0,800000.0,100
Léo Besson,Servette FC,403296.0,1200000.0,100
Lars Lukas Mai,FC Lugano,345780.0,2500000.0,100
Bung Meng Freimann,FC Luzern,922791.0,2500000.0,100
Antonios Papadopoulos,FC Lugano,482573.0,3500000.0,100
Lewin Blum,BSC Young Boys,507455.0,2000000.0,100
Nicolas Vouilloz,Basel,507488.0,1500000.0,100
Ezgjan Alioski,FC Lugano,129604.0,400000.0,100
Coleen Louis,Basel,,,0
Cedric Zesiger,BSC Young Boys,382478.0,5000000.0,100
Hannes Delcroix,FC Lugano,338635.0,2000000.0,100
Keigo Tsunemoto,Basel,353886.0,2500000.0,100
Akpe Victory,Basel,623772.0,4000000.0,81
Kevin Mouanga,FC Lausanne-Sport,629637.0,1500000.0,100
Abdou Karim Sow,FC Lausanne-Sport,707657.0,5000000.0,100
Jan Kronig,FC Sion,346881.0,1500000.0,100
Brandon Soppy,FC Lausanne-Sport,546880.0,1800000.0,100
Stefan Bukinac,BSC Young Boys,894668.0,3500000.0,100
Marco Burch,Servette FC,479268.0,1000000.0,100
Dircssi Ngonzo,FC Lausanne-Sport,923809.0,400000.0,100
Niklas Lang,FC Vaduz,744600.0,175000.0,81
Flavius Daniliuc,Basel,322655.0,5000000.0,100
Mattia Zanotti,FC Lugano,582353.0,8000000.0,100
Joel Bichsel,FC Lugano,,,0
Jozo Stanić,FC St. Gallen 1879,333450.0,2000000.0,100
Bung Hua Freimann,FC Luzern,922791.0,2500000.0,86
Liridon Berisha,FC Vaduz,596186.0,300000.0,81
Alexander Hack,FC Zürich,126281.0,400000.0,100
Nicolas Bürgy,FC Thun,203895.0,800000.0,100
Lilian Njoh,Servette FC,960164.0,1500000.0,100
Quentin Maceiras,Servette FC,,,0
Steve Rouiller,Servette FC,88404.0,150000.0,100
Numa Lavanchy,FC Sion,147501.0,175000.0,100
Marquinhos Cipriano,FC Sion,569805.0,150000.0,100
Saidy Janko,BSC Young Boys,196435.0,800000.0,100
Becir Omeragic,Basel,507344.0,2500000.0,100
Bradley Mazikou,Servette FC,358507.0,800000.0,100
Sandro Lauper,BSC Young Boys,254965.0,800000.0,100
Lindrit Kamberi,FC Zürich,464190.0,600000.0,100
Morgan Poaty,FC Lausanne-Sport,272640.0,800000.0,100
Tyler Fredricson,FC Lausanne-Sport,911424.0,3000000.0,100
Martim Marques,FC Lugano,927734.0,4000000.0,100
Damian Kelvin,FC Lugano,625768.0,800000.0,100
Denis Simani,FC Vaduz,75102.0,200000.0,100
Andrejs Cigaņiks,FC Luzern,202659.0,300000.0,100
Gregory Wüthrich,BSC Young Boys,203125.0,1500000.0,100
Abdoulaye Diaby,Grasshopper Club Zürich,543379.0,700000.0,100
Theo Bergvall,FC Lausanne-Sport,1020507.0,800000.0,100
Selmin Hodza,FC Zürich,691356.0,200000.0,100
Rúben Dantas,FC Luzern,583039.0,1000000.0,100
Luka Mikulic,Grasshopper Club Zürich,1430854.0,700000.0,100
Nicolas Hasler,FC Vaduz,99523.0,100000.0,100
Loris Giandomenico,Grasshopper Club Zürich,16744.0,300000.0,80
Pius Dorn,FC Luzern,192166.0,700000.0,100
Jaouen Hadjam,BSC Young Boys,750903.0,7000000.0,100
Loris Benito,BSC Young Boys,119085.0,250000.0,100
Isaac Schmidt,BSC Young Boys,449597.0,2200000.0,100
Dominik Schwizer,FC Vaduz,359409.0,3000000.0,80
Moussa Cissé,Basel,620312.0,500000.0,100
Nico Rissi,Grasshopper Club Zürich,659451.0,200000.0,100
Michael Heule,FC Thun,521442.0,2500000.0,100
Houboulang Mendes,Servette FC,442552.0,700000.0,100
Malik Sawadogo,FC Vaduz,692736.0,250000.0,81
Colin Noah Kleine-Bekel,FC St. Gallen 1879,622722.0,800000.0,100
Loïc Lüthi,FC Luzern,583054.0,600000.0,100
Livano Comenencia,FC Zürich,626764.0,500000.0,100
Nias Hefti,FC Sion,410634.0,1500000.0,100
Lucien Dähler,FC Thun,449353.0,500000.0,100
Dorian Paloschi,Grasshopper Club Zürich,935518.0,600000.0,100
Jan Bamert,FC Thun,289875.0,1000000.0,100
Tom Gaal,FC St. Gallen 1879,392133.0,1800000.0,100
Jesper Lofgren,FC Luzern,392743.0,150000.0,100
Noé Sow,FC Sion,796913.0,400000.0,100
Ilan Sauter,FC Zürich,507484.0,500000.0,100
Ashvin Balaruban,FC Thun,507454.0,125000.0,100
Sebastian Walker,FC Zürich,911244.0,400000.0,100
Stefan Knežević,FC Luzern,293247.0,400000.0,100
Neil Volken,FC Zürich,1015824.0,300000.0,100
Joel Ruiz,FC St. Gallen 1879,1061068.0,400000.0,100
Mischa Beeli,FC Vaduz,,,0
Fabio Fehr,FC Thun,500099.0,1500000.0,100
Carbone,FC Lugano,1221548.0,300000.0,100
Lukas Görtler,FC St. Gallen 1879,179638.0,900000.0,100
Yanis Cimignani,FC Lugano,801754.0,2000000.0,100
Donat Rrudhani,FC Sion,534360.0,1200000.0,100
Anto Grgić,FC Lugano,192637.0,1200000.0,100
Alvyn Sanches,BSC Young Boys,583058.0,10000000.0,100
Timothé Cognat,Servette FC,324796.0,2500000.0,100
Beyatt Lekoueiry,FC Lausanne-Sport,970137.0,1500000.0,100
Ali Kabacalman,FC Sion,316613.0,600000.0,100
Baltazar,FC Sion,585346.0,2000000.0,100
Asane Sow,Basel,1071651.0,2200000.0,80
Lukas Daschner,FC St. Gallen 1879,334213.0,1000000.0,100
Pedro Naressi,Servette FC,432895.0,20000000.0,100
Armin Gigovic,BSC Young Boys,651269.0,2500000.0,100
Uran Bislimi,FC Lugano,461461.0,2500000.0,100
Ylyas Chouaref,FC Sion,639058.0,4000000.0,92
Dereck Moncada,FC Lugano,1223490.0,2500000.0,100
Matteo Di Giusto,FC Luzern,421823.0,4000000.0,100
Tim Meyer,Grasshopper Club Zürich,807941.0,1200000.0,100
Kastriot Imeri,BSC Young Boys,469957.0,2000000.0,100
Xherdan Shaqiri,Basel,86792.0,1500000.0,100
Dominik Pech,BSC Young Boys,1066142.0,3000000.0,100
Edimilson Fernandes,BSC Young Boys,247555.0,2200000.0,100
Jamie Roche,FC Lausanne-Sport,667870.0,3500000.0,100
Joël Monteiro,BSC Young Boys,410787.0,3500000.0,100
Florent Mollet,FC Lausanne-Sport,222859.0,300000.0,100
Lutfi Dalipi,FC Vaduz,,,0
Luca Mack,FC Vaduz,363424.0,250000.0,100
Simone Stroscio,Grasshopper Club Zürich,659398.0,1200000.0,100
Théo Berdayes,FC Sion,608160.0,1200000.0,100
Kazeem Olaigbe,Basel,565406.0,4000000.0,100
Elias Pihlström,FC Lugano,1236047.0,600000.0,100
Mihailo Stevanović,FC St. Gallen 1879,499330.0,800000.0,100
Josias Lukembila,FC Sion,449590.0,600000.0,100
Miroslav Stevanović,Servette FC,75816.0,250000.0,100
Samuel Krasniqi,Grasshopper Club Zürich,862746.0,600000.0,100
Aurelio Oehlers,FC Luzern,654902.0,500000.0,100
Valon Berisha,FC Zürich,145115.0,250000.0,100
Julian Stark,FC Vaduz,176936.0,200000.0,80
Ahmed Kendouci,FC Lugano,645764.0,800000.0,100
Denis Sahin,Grasshopper Club Zürich,75102.0,200000.0,100
Mats Hammerich,FC Vaduz,,,0
Lucas Silva,FC Luzern,1201822.0,2500000.0,100
Papa Souleymane N'Diaye,FC Lausanne-Sport,866282.0,300000.0,100
Daniel Dos Santos,FC Lugano,608212.0,2500000.0,100
Fodé Sylla,FC Sion,955359.0,900000.0,100
Nassim Zoukit,FC Thun,241160.0,125000.0,81
Amir Abrashi,Grasshopper Club Zürich,66005.0,100000.0,100
Philip Otele,Basel,678655.0,4000000.0,100
Miguel Reichmuth,FC Zürich,539809.0,500000.0,100
Alan Virginius,BSC Young Boys,654415.0,3000000.0,100
Ludwig Thorell,Basel,920272.0,550000.0,100
Bledian Krasniqi,FC Zürich,507477.0,1200000.0,100
Corsin Konietzke,FC St. Gallen 1879,948736.0,1500000.0,100
Leonardo Bertone,FC Luzern,194975.0,400000.0,100
Betim Fazliji,FC St. Gallen 1879,410636.0,200000.0,100
Sekou Kone,FC Lausanne-Sport,1133978.0,400000.0,100
Olivier Custodio,FC Lausanne-Sport,183312.0,400000.0,100
Leon Frokaj,FC St. Gallen 1879,,,0
Hugo Vandermersch,FC St. Gallen 1879,693357.0,1200000.0,100
Juan Cabrera,FC Vaduz,654724.0,300000.0,100
Christian Fassnacht,BSC Young Boys,250490.0,2000000.0,100
Mattia Walker,FC Vaduz,,,0
Leandro Schödler,FC Zürich,45953.0,100000.0,100
Chima Okoroji,FC St. Gallen 1879,284035.0,1000000.0,100
Mischa Eberhard,FC Vaduz,,,0
David Douline,Servette FC,237843.0,150000.0,100
Mio Zimmermann,FC Luzern,1015772.0,200000.0,100
Léo Leroy,Basel,650350.0,2500000.0,100
Justin Roth,FC Thun,365134.0,700000.0,100
Fabio Saiz,FC Thun,61891.0,1000000.0,100
Liam Scott Chipperfield,FC Sion,604780.0,800000.0,100
Mohamed Bangoura,FC Zürich,1289190.0,300000.0,100
Valmir Matoshi,FC Thun,671806.0,1500000.0,100
Kevin Spadanuda,FC Zürich,371554.0,500000.0,100
Metinho,Basel,859396.0,8000000.0,100
Christian Witzig,FC St. Gallen 1879,507490.0,3000000.0,100
Dorian Derbaci,FC Thun,,,0
Carlo Boukhalfa,FC St. Gallen 1879,329373.0,3500000.0,100
Aaron Malouda,Basel,974996.0,500000.0,100
Nils Reichmuth,FC Thun,507412.0,1000000.0,100
Nevio Di Giusto,FC Zürich,922291.0,500000.0,100
Samuel Marques,Grasshopper Club Zürich,867589.0,500000.0,100
Hassane Imourane,Grasshopper Club Zürich,842074.0,800000.0,100
Tyron Owusu,FC Luzern,583055.0,1500000.0,100
Edin Etoski,BSC Young Boys,1164260.0,100000.0,100
Noe Tschanz,BSC Young Boys,,,0
Jonas Harder,Basel,932740.0,1200000.0,100
Samuel Essende,BSC Young Boys,395522.0,2500000.0,100
Mamadou Kaly Sene,BSC Young Boys,1241219.0,400000.0,100
Renato Steffen,FC Lugano,194638.0,500000.0,100
Enoch Owusu,FC St. Gallen 1879,883045.0,300000.0,100
Mathis Lambourde,Servette FC,979766.0,800000.0,100
Daniel Mikołajewski,FC Luzern,991459.0,500000.0,100
Kevin Behrens,FC Lugano,117432.0,500000.0,100
Aliou Badara Baldé,FC St. Gallen 1879,666977.0,1800000.0,100
Winsley Boteli Mokango,FC Sion,994389.0,5000000.0,100
Nico Maier,FC Thun,346904.0,400000.0,100
Tiemoko Ouattara,Servette FC,897461.0,600000.0,100
Franck Surdez,FC Sion,627196.0,900000.0,100
Umeh Emmanuel,FC Zürich,1068245.0,1200000.0,100
Nathan Butler-Oyedeji,FC Lausanne-Sport,638964.0,800000.0,100
Brighton Labeau,FC Thun,342227.0,500000.0,100
Lars Villiger,FC Luzern,707759.0,1200000.0,100
Andrin Hunziker,FC St. Gallen 1879,583011.0,1200000.0,100
Ibrahim Bah Mendes,FC Lausanne-Sport,,,0
Miloš Cocić,FC Vaduz,398945.0,200000.0,90
Diego Besio,FC St. Gallen 1879,1207708.0,800000.0,100
Marcel Monsberger,FC Vaduz,346879.0,50000.0,100
Žan Celar,Basel,340427.0,4000000.0,100
Philippe Keny,FC Zürich,662208.0,2500000.0,100
Layton Stewart,FC Thun,580801.0,200000.0,100
Giacomo Koloto,Basel,1138255.0,3000000.0,100
Sandro Wyss,FC Luzern,1138268.0,500000.0,100
Dejan Sorgić,FC Vaduz,,,0
Marc Gutbub,FC Thun,660514.0,250000.0,100
Ilija Despotovic,FC Lausanne-Sport,,,0
Samuele Bengondo,Grasshopper Club Zürich,1163688.0,100000.0,100
Juan Perea,FC Zürich,496767.0,700000.0,100
Alieu Conateh,Grasshopper Club Zürich,,,0
Nando Toggenburger,FC Luzern,,,0
Tristan Nunez,Servette FC,,,0
Florian Ayé,Servette FC,372713.0,2000000.0,100
Albian Ajeti,Basel,195906.0,700000.0,100
Enzo Molebe,FC Lausanne-Sport,1106860.0,200000.0,100
Alban Ajdini,FC Lausanne-Sport,511801.0,500000.0,100
Seydou Traore,FC Lausanne-Sport,847262.0,600000.0,100
Samuel Mráz,Servette FC,243225.0,1000000.0,100
Julian Von Moos,Servette FC,500762.0,700000.0,100
Dejan Đokić,FC Vaduz,290698.0,100000.0,95
Damienus Reverson,FC Zürich,675622.0,800000.0,100
Óscar Clemente,Grasshopper Club Zürich,396340.0,300000.0,100
Luke Plange,Grasshopper Club Zürich,586986.0,1200000.0,100
Oscar Kabwit,FC Luzern,1087164.0,3000000.0,100
Daniel Kasper,FC Vaduz,530421.0,800000.0,100
Sascha Meyer,FC Luzern,922770.0,150000.0,100
Din Ramic,FC Zürich,,,0
Nikolas Muci,Grasshopper Club Zürich,,,0
Omar Janneh,FC Lausanne-Sport,1060454.0,4000000.0,100
Konrad De La Fuente,FC Lausanne-Sport,466809.0,1500000.0,100
Rilind Nivokazi,FC Sion,396822.0,2200000.0,100
Simon Lengen,FC Thun,,,0
Koen Casteels,Al-Qadsiah,108880.0,3500000.0,100
Edouard Mendy,Al-Ahli,442531.0,4000000.0,100
Marcin Bułka,Neom SC,465955.0,12000000.0,95
Abdulrahman Al Sanbi,Al-Ahli,951628.0,300000.0,95
Predrag Rajković,Al-Ittihad,190263.0,7000000.0,100
Orlando Mosquera,Al-Fayha,402979.0,700000.0,100
Mailson,Al-Taawoun,515496.0,3800000.0,100
Anthony Moris,Al-Khaleej,78570.0,1200000.0,100
Nikola Vasilj,Al Diriyah,248454.0,4500000.0,100
Yassine Bounou,Al-Hilal,207834.0,3000000.0,100
Turki Ba Al-Jawsh,Al-Ettifaq,,,0
Fernando Pacheco,Al Faisaly,172015.0,600000.0,100
Ibrahim Zaied,Al-Hazem,210127.0,150000.0,100
Milan Borjan,Al-Riyadh,67797.0,250000.0,100
Waled Al Enazi,Al-Fateh,,,0
Hamed Al-Shanqity,Al-Kholood,1060899.0,200000.0,100
Ahmed Al-Kassar,Al-Qadsiah,177956.0,175000.0,100
Donovan Léon,Abha,170911.0,800000.0,100
Mohammed Al-Mahasneh,Al-Shabab,901096.0,125000.0,100
Abdulrahman Al-Otaibi,Al-Nassr,951628.0,300000.0,87
Bento,Al-Nassr,691906.0,8000000.0,100
Awn Al-Saluli,Al-Taawoun,509893.0,225000.0,100
Abdulelah Al-Amri,Al-Nassr,509894.0,1400000.0,100
Edgaras Utkus,Al-Kholood,379315.0,1600000.0,100
Mohamed Simakan,Al-Nassr,666234.0,20000000.0,100
Merih Demiral,Al-Ahli,340879.0,12000000.0,100
Roger Ibanez,Al-Ahli,524481.0,18000000.0,100
Mohammed Al-Khabrani,Al-Khaleej,264826.0,250000.0,100
Nacho,Al-Qadsiah,23287.0,1200000.0,100
Muteb Al-Mufarrij,Al-Taawoun,631917.0,450000.0,100
Salem Alnajdi,Al-Nassr,970673.0,500000.0,96
Stephane Keller,Al-Ittihad,718032.0,400000.0,100
Hassan Kadesh,Al-Ittihad,260859.0,275000.0,100
Ahmad Asiri,Al-Khaleej,209499.0,75000.0,90
Malang Sarr,Neom SC,344596.0,20000000.0,100
Rayan Hamed,Al-Ahli,922536.0,800000.0,100
Iñigo Martínez,Al-Nassr,158863.0,4000000.0,100
Theo Hernández,Al-Hilal,339808.0,20000000.0,100
Zakaria Hawsawi,Al-Ahli,1057849.0,1000000.0,100
Mohammed Al-Dosari,Abha,1213131.0,50000.0,86
Chancel Mbemba,Al Diriyah,203348.0,2000000.0,100
Marwane Saadane,Al-Fateh,210009.0,400000.0,100
Mansour Camara,Al-Kholood,1501794.0,300000.0,100
Nawaf Boushal,Al-Nassr,821377.0,1400000.0,100
Gastón Álvarez,Al-Qadsiah,577486.0,9000000.0,100
Nathan Zeze,Neom SC,923832.0,20000000.0,100
Berat Djimsiti,Al Diriyah,165513.0,4000000.0,100
Madallah Al-Olayan,Al-Ettifaq,264729.0,325000.0,100
Mohammed Alburayk,Neom SC,379058.0,350000.0,97
Jack Hendry,Al-Ettifaq,363223.0,2500000.0,100
Saeed Al Hamsal,Al-Khaleej,141976.0,225000.0,89
Jehad Thakri,Al-Qadsiah,901334.0,1200000.0,100
Saad Yaslam Balobaid,Al-Ahli,821382.0,700000.0,100
Nader Al Sharari,Al-Nassr,873211.0,25000.0,100
Abdulaziz Al Suwailem,Al-Fateh,1474898.0,300000.0,95
Ali Lajami,Al-Hilal,264909.0,750000.0,100
Faris Abdi,Al-Ittihad,578992.0,500000.0,100
Mamadou Barry,Al-Shabab,1250976.0,1200000.0,100
Andrei Girotto,Al Faisaly,270051.0,2000000.0,100
Islam Ahmed Hawsawi,Neom SC,881425.0,300000.0,100
Mohamed Hameran,Al Diriyah,543382.0,20000000.0,82
Abdulmalik Al Oyayari,Neom SC,947143.0,700000.0,95
Pedro Rebocho,Al-Khaleej,197860.0,700000.0,100
Kalidou Koulibaly,Al-Hilal,93128.0,4500000.0,100
Moteb Al-Harbi,Al-Hilal,869509.0,1400000.0,100
Abdou Diallo,Abha,229005.0,9000000.0,100
Saad Al-Nasser,Al-Nassr,888634.0,500000.0,100
Abdulrahman Al Obaid,Al-Kholood,264828.0,100000.0,95
Khaled Al Shamrani,Abha,1170032.0,150000.0,83
Boubakar Kouyaté,Al-Khaleej,,,0
Mohammed Mahzari,Al-Hilal,1169184.0,600000.0,100
Sattam Al Tumbukti,Al-Fateh,1112825.0,150000.0,94
Shaquille Riley Pinas,Al-Kholood,446248.0,2000000.0,100
Abdullah Al-Hafith,Al-Khaleej,193151.0,150000.0,100
Jan-Carlo Simic,Al-Ittihad,800948.0,12000000.0,100
Mokher Al-Rashidi,Al-Fayha,631930.0,250000.0,88
Ahmed Al-Julaydan,Al-Ittihad,1060901.0,600000.0,100
Mohammed Jahfali,Al Faisaly,589096.0,225000.0,83
Abdullah Al-Fahad,Abha,375744.0,150000.0,88
Abdullah Bin Subayt,Al Faisaly,,,0
Yasser Al-Shahrani,Al-Qadsiah,171915.0,550000.0,100
Qasim Lajami,Al Diriyah,362905.0,300000.0,91
Meshal Al Dawood,Al-Hilal,,,0
Tin Jedvaj,Al-Shabab,206386.0,2000000.0,100
Ahmed Bamasud,Al-Fayha,514927.0,600000.0,92
Abdurahman Al-Dakheel,Al-Hazem,921224.0,300000.0,97
Abdullah Khateeb,Al-Ettifaq,462162.0,350000.0,100
Abdulrahman Hendi,Al-Taawoun,1169185.0,450000.0,81
Khalifah Al-Dawsari,Neom SC,631928.0,200000.0,100
Zineddine Belaid,Al-Taawoun,625142.0,1800000.0,100
Dhari Al-Enezi,Al-Shabab,1013847.0,300000.0,85
Abdulaziz Al-Faraj,Al Diriyah,922125.0,150000.0,86
Lazar Stojanović,Al-Shabab,940645.0,700000.0,100
Ali Makki,Al-Shabab,1066198.0,175000.0,100
Khalid Al-Asiri,Al Diriyah,625310.0,100000.0,83
Sultan Al Shehri,Al-Kholood,1131860.0,150000.0,93
Mory Konate,Al-Hazem,364370.0,500000.0,100
Ahmed Al-Nakhli,Al-Hazem,901257.0,250000.0,100
Abdul Rahman Al Khaibari,Al-Fateh,224884.0,2000000.0,82
Ziyad Al-Sahafi,Al-Fayha,421391.0,250000.0,100
Meshal Alaeli,Al-Ettifaq,1143173.0,200000.0,82
Paulo Oliveira,Al-Fayha,139336.0,400000.0,100
Saeed Baattia,Al-Fateh,490844.0,300000.0,100
Ramzi Sawlan,Al-Kholood,680170.0,225000.0,86
Mohammed Al Baqawi,Al-Fayha,537121.0,275000.0,94
Hamad Al-Jayzani,Al-Khaleej,364445.0,125000.0,100
Mohammed Al Dowaish,Al-Fayha,1213131.0,50000.0,94
Hussain Al-Sebyani,Al-Shabab,947134.0,200000.0,94
Safwan Aljohani,Abha,,,0
Sultan Tanker,Al-Hazem,1145742.0,300000.0,84
Bassam Al-Hurayji,Al-Taawoun,901076.0,300000.0,100
Mohammed Al-Thani,Al-Shabab,922103.0,850000.0,96
Abdoulaye Seck,Al Faisaly,265383.0,400000.0,100
Saud Haddad,Al Faisaly,936684.0,400000.0,80
Abdulelah Al Khaibari,Al-Fateh,437903.0,750000.0,92
Saud Al Rashed,Al-Hazem,1131855.0,250000.0,85
Yazan Madani,Al-Kholood,1298427.0,150000.0,100
Mohammed Al Shwirekh,Al-Shabab,1173794.0,500000.0,95
Hussam Majrashi,Al-Riyadh,672391.0,1400000.0,80
Kennedy Boateng,Al-Fateh,451317.0,1200000.0,100
Omar Colley,Al Diriyah,174733.0,1500000.0,100
Abdullah Madu,Al-Ettifaq,265940.0,450000.0,100
Mohammed Al-Shanqiti,Al Faisaly,1060899.0,200000.0,86
Danilo Pereira,Al-Ittihad,141050.0,3500000.0,100
Muhannad Shanqeeti,Al-Ittihad,229879.0,900000.0,100
Ahmad Al Mhemaid,Al Faisaly,,,0
Farhan Al-Azmi,Al-Hazem,,,0
Amine Ben Hmida,Al-Hazem,,,0
Abdulbaset Hindi,Abha,478528.0,450000.0,93
Jurien Gaari,Abha,328455.0,450000.0,100
Radhi Al-Oteibi,Al-Ettifaq,672388.0,350000.0,93
Yazeed Al-Dosari,Al-Shabab,,,0
Mohammed Al-Khaibari,Al-Riyadh,901180.0,250000.0,100
Essam Bahri,Al-Riyadh,,,0
Sulaiman Hahya Hazazi,Al-Riyadh,881438.0,175000.0,100
Khalid Al-Harbi,Al Faisaly,1122080.0,250000.0,84
Sultan Alessa,Al-Riyadh,1235479.0,75000.0,96
Rodrigo Abascal,Al-Riyadh,367652.0,400000.0,100
Mohammed Sulaiman Bakor,Al-Ahli,1020859.0,650000.0,100
Mohammed Barnawi,Al-Ittihad,1020850.0,225000.0,100
Meshal Ali Khayrallah,Al-Ettifaq,,,0
Adeeb Al Hassan,Al-Taawoun,204023.0,300000.0,100
Taher Wadi,Al Diriyah,,,0
Rúben Neves,Al-Hilal,225161.0,25000000.0,100
Saïd Benrahma,Neom SC,290532.0,8500000.0,100
Yacine Adli,Al-Shabab,395236.0,7500000.0,100
Eduard Spertsyan,Al-Ahli,515744.0,25000000.0,100
Francisco Trincão,Al-Ahli,412669.0,40000000.0,100
Álvaro Medrán,Al-Ettifaq,253839.0,3200000.0,100
Tijjani Reijnders,Al-Qadsiah,460939.0,50000000.0,100
Yannick Carrasco,Al-Shabab,140776.0,5000000.0,100
Ondrej Duda,Al-Ettifaq,232418.0,3000000.0,100
Ashraf El Mahdioui,Al-Taawoun,295764.0,3000000.0,97
Steven Bergwijn,Al-Ittihad,284165.0,10000000.0,100
Moussa Diaby,Al-Ittihad,395516.0,25000000.0,100
Marin Petkov,Al-Taawoun,675946.0,3200000.0,100
Christian Bassogog,Al Faisaly,374281.0,900000.0,100
Samu Costa,Al-Nassr,657430.0,15000000.0,100
Ângelo,Al-Nassr,743598.0,15000000.0,100
Mohammed Abu Al-Shamat,Al-Qadsiah,1181852.0,1800000.0,100
Coba da Costa,Al-Kholood,1033005.0,1500000.0,100
Sadio Mané,Al-Nassr,200512.0,6000000.0,100
Zaydou Youssouf,Al-Fateh,471582.0,6000000.0,100
Sergej Milinković-Savić,Al-Hilal,266302.0,12000000.0,100
Josh Brownhill,Al-Shabab,293569.0,8000000.0,100
Bernard Mensah,Al-Riyadh,324321.0,2400000.0,100
Malcom,Al-Hilal,323704.0,18000000.0,100
Abdulelah Al-Malki,Al Diriyah,509894.0,1400000.0,85
Crysencio Summerville,Al-Hilal,474701.0,35000000.0,100
Georges-Kévin N'Koudou,Al Diriyah,215679.0,3300000.0,100
Jaime Seoane,Al Faisaly,340867.0,2000000.0,100
Idrissa Gana Gueye,Al Diriyah,1178488.0,8000000.0,100
Hugo Moura,Al-Fayha,644157.0,1000000.0,100
Ali Al Asmari,Al-Shabab,509898.0,325000.0,92
Abdulaziz Al-Dwehe,Al-Hazem,1181093.0,150000.0,100
Wenderson Galeno,Al-Ahli,454121.0,20000000.0,100
Nasser Al-Dawsari,Al-Hilal,509911.0,900000.0,100
Husain Al-Qahtani,Al Diriyah,965992.0,125000.0,80
Nabil Fekir,Abha,203496.0,10000000.0,100
Abdullah Al Ghamdi,Al-Ettifaq,68626.0,350000.0,83
Amadou Koné,Neom SC,1178474.0,7000000.0,100
John Buckley,Al-Kholood,503781.0,2000000.0,100
Nawaf Al-Harthi,Al-Fayha,901072.0,175000.0,100
Julian Weigl,Al-Qadsiah,196792.0,4500000.0,100
Ahmed Al-Shamrani,Al-Hazem,1065825.0,200000.0,100
Ayman Yahya,Al-Nassr,735815.0,1200000.0,100
Ziyad Aljohani,Al-Ahli,901079.0,800000.0,96
Abdullah Al-Khaibari,Al-Nassr,437903.0,750000.0,100
Omar Mascarell,Al-Khaleej,142031.0,700000.0,100
Mukhtar Ali,Al-Ittihad,258911.0,650000.0,100
Teddy Okou,Al-Riyadh,503327.0,1000000.0,100
Turki Alammar,Al-Qadsiah,31671.0,800000.0,96
Valentin Atangana Edoa,Al-Ahli,923759.0,18000000.0,100
Trézéguet,Al-Riyadh,234189.0,4500000.0,100
Majed Omar Kanabah,Al-Khaleej,209515.0,125000.0,100
Cameron Puertas,Al-Qadsiah,449592.0,7000000.0,100
Thomas Partey,Al-Shabab,230784.0,2000000.0,100
Adil Boulbina,Al Diriyah,748443.0,3000000.0,100
Seydouba Cissé,Al-Kholood,22339.0,400000.0,80
Mohannad Abu Taha,Neom SC,883111.0,550000.0,100
Sami Al Naji,Al-Nassr,85842.0,125000.0,100
Abdullah Al-Qahtani,Al-Fayha,315632.0,150000.0,100
Aboubacar Bah,Al-Hazem,1326883.0,700000.0,100
Nawaf Al Sadi,Al-Khaleej,901132.0,225000.0,88
Alfa Semedo,Al-Fayha,359210.0,900000.0,100
Sofiane Bendebka,Al-Hazem,248250.0,700000.0,100
Theo Bongonda,Al Faisaly,280701.0,3000000.0,100
Jordan Larsson,Al-Ettifaq,308552.0,3500000.0,100
Bonheur Mugisha,Al-Hazem,,,0
Clayton Diandy,Al Diriyah,1200313.0,900000.0,100
Enzo Millot,Al Diriyah,569366.0,25000000.0,100
Mihai Lixandru,Al-Fateh,824915.0,900000.0,100
Abdulrahman Al-Shereaf,Al Faisaly,686019.0,150000.0,83
Loreintz Rosier,Abha,586855.0,900000.0,100
Ali Al Hussain,Al-Fayha,141805.0,450000.0,81
Yasir Shammari,Al-Ettifaq,,,0
Rayan Enad,Al-Fayha,1170033.0,150000.0,100
Crespo,Al-Khaleej,498529.0,2000000.0,100
Houssem Aouar,Al-Ittihad,395693.0,8000000.0,100
Otávio,Al-Qadsiah,231289.0,10000000.0,100
Musab Al Juwayr,Al-Qadsiah,901181.0,6000000.0,93
Christopher Baah,Al-Qadsiah,1119447.0,14000000.0,100
Kingsley Coman,Al-Nassr,243714.0,20000000.0,100
Mohammed Al Aqal,Al-Taawoun,922459.0,100000.0,87
Oscar Dorley,Al-Taawoun,85314.0,7500000.0,100
Saleh Al-Amri,Al-Khaleej,229940.0,400000.0,100
Rakan Kaabi,Al-Ittihad,971302.0,600000.0,100
Iker Kortajarena,Al-Kholood,625653.0,800000.0,100
Mohammed Al Hamdani,Al-Hazem,533777.0,300000.0,86
Óscar Rodríguez Arnaiz,Al Diriyah,85314.0,7500000.0,100
Fahad Al Jayzani,Al-Riyadh,,,0
Abdulaziz Al Fawaz,Al-Fateh,748080.0,500000.0,83
Faisal Al-Ghamdi,Neom SC,901082.0,1200000.0,100
Naif Masoud,Al-Ahli,1092630.0,350000.0,100
Ala'a Al-Hejji,Neom SC,,,0
Fahad Majed Alhubayshi,Al-Fayha,,,0
Matheus Gonçalves,Al-Ahli,961046.0,9000000.0,100
Dion Lopy,Al-Ittihad,649033.0,4000000.0,100
Mohammed Al-Yami,Al-Hazem,509914.0,350000.0,100
Ali Al-Hassan,Al-Nassr,141805.0,450000.0,100
Abdulaziz Al-Aliwa,Al-Kholood,748080.0,500000.0,100
Fashion Sakala,Al-Fayha,485729.0,3800000.0,100
Abdulrahman Al-Dosari,Al-Kholood,474967.0,225000.0,93
Nasser Al-Daajani,Abha,509911.0,900000.0,82
Sorriso,Al-Fateh,868101.0,5000000.0,100
Giorgos Masouras,Neom SC,329517.0,1500000.0,90
Mohammed Al-Zaid,Abha,509914.0,350000.0,87
Rakan Al-Tulayhi,Al-Taawoun,1003583.0,175000.0,100
Nedim Bajrami,Al-Taawoun,390177.0,2500000.0,100
Awad Al-Nashri,Al-Shabab,901163.0,250000.0,100
Farhah Ali Alshamrani,Al-Ittihad,1145311.0,450000.0,87
Nawaf Al-Habashi,Al-Hilal,606816.0,275000.0,100
Sultan Farhan,Al Diriyah,1501596.0,175000.0,80
André Jordy Ella,Al Faisaly,800176.0,25000000.0,100
Ayman Al-Hujaili,Al-Hazem,,,0
Faisal Al-Sibyani,Abha,1060930.0,275000.0,88
Basil Yousef Al-Sayyali,Abha,901250.0,325000.0,100
Victor Lekhal,Al-Riyadh,264811.0,700000.0,100
Eyad Houssa,Al-Qadsiah,1463365.0,200000.0,95
Hussain Ahmed Al Issa,Al-Khaleej,,,0
Ibrahim Mahnashi,Al-Qadsiah,593334.0,350000.0,100
Mohamed Kanno,Al-Hilal,308120.0,800000.0,100
Abdullah Matuq,Al-Shabab,921111.0,150000.0,100
Kader Keïta,Al-Riyadh,658835.0,1500000.0,100
Mansor Al-Beshe,Al-Fayha,672382.0,200000.0,100
Eid Al Muwallad,Al Faisaly,1130616.0,350000.0,93
Firas Al-Ghamdi,Abha,1190454.0,225000.0,86
Bersant Celina,Al-Ettifaq,229695.0,2000000.0,100
Sabri Abdu Dahal,Al-Hilal,1238031.0,2500000.0,100
Yaseen Al-Zubaidi,Al-Kholood,1061025.0,100000.0,100
Hussain Al-Raqwani,Al-Riyadh,965992.0,125000.0,83
Muhammad Sawan,Al-Kholood,473254.0,100000.0,89
Faisal Al-Sobhi,Al-Riyadh,1226559.0,75000.0,100
Meshal Al Mutairi,Al-Ahli,,,0
Muhannad Al Saad,Neom SC,,,0
Matija Glušćević,Al-Ettifaq,698540.0,650000.0,100
Abdullah Almogren,Al Faisaly,78418.0,25000.0,81
Hussain Al-Shurafa,Al-Riyadh,,,0
Cheikh Fall,Al-Riyadh,,,0
Ayman Fallatah,Al Faisaly,1188906.0,225000.0,100
Murad Al Hawsawi,Al-Hilal,1161121.0,1400000.0,93
João Félix,Al-Nassr,462250.0,28000000.0,100
Ivan Toney,Al-Ahli,251664.0,20000000.0,100
Alexandre Lacazette,Neom SC,93720.0,3500000.0,100
Moussa Dembélé,Al-Ettifaq,229004.0,7000000.0,100
Mohammed Hamad Alqahtani,Al-Qadsiah,951682.0,250000.0,83
Abderazak Hamdallah,Al-Taawoun,235052.0,1000000.0,97
Alexandre Mendy,Al Faisaly,290561.0,3500000.0,100
Meshari Fahad Al-Nemer,Al Diriyah,,,0
Karim Benzema,Al-Hilal,18922.0,5000000.0,100
George Ilenikhena,Al-Ittihad,1004834.0,10000000.0,100
Sultan Mandash,Al-Hilal,210349.0,350000.0,100
Leandro Antunes,Al-Riyadh,379875.0,1500000.0,100
Lukáš Haraslín,Al-Fateh,239941.0,6000000.0,100
Younes El Bahraoui,Al-Taawoun,,,0
Mohammed Al-Kuwaykibi,Al-Taawoun,264888.0,400000.0,100
Saleh Abu Al-Shamat,Al-Ahli,901129.0,450000.0,100
Rayane Messi,Al-Ettifaq,1075590.0,2800000.0,100
Cristiano Ronaldo,Al-Nassr,8198.0,10000000.0,100
Julián Quiñones,Al-Qadsiah,416090.0,14000000.0,100
Youssef En-Nesyri,Al-Ittihad,433049.0,17000000.0,100
Joshua King,Al-Khaleej,91059.0,1200000.0,100
Khalid Al-Ghannam,Al-Ettifaq,631923.0,2500000.0,100
Firas Al-Buraikan,Al-Ahli,631922.0,3500000.0,100
Mateo Retegui,Al-Qadsiah,554903.0,30000000.0,100
Haroune Camara,Neom SC,31406.0,300000.0,100
Hammam Al-Hammami,Al-Shabab,1118034.0,500000.0,100
Mohammed Marran,Al-Nassr,869511.0,150000.0,100
Walead Alshangeati,Al-Hazem,,,0
Fahad Zubaidi,Al-Fateh,,,0
Julien Domingues,Al-Kholood,915016.0,2500000.0,80
Lázaro,Al-Fayha,574772.0,2000000.0,100
Khalil Al-Absi,Neom SC,901253.0,175000.0,100
Saleh Al-Shehri,Al-Ittihad,242267.0,500000.0,100
Kamil Boumedmed,Abha,,,0
Hattan Bahebri,Al Diriyah,201379.0,350000.0,100
Wilfried Kanga,Al-Fateh,395523.0,3000000.0,100
Kader Meïté,Al-Hilal,1141560.0,18000000.0,100
Jefferson Ramos,Al-Fateh,1315396.0,100000.0,100
Fahad Al-Rashidi,Al-Taawoun,509912.0,225000.0,100
Hisham Al-Dubais,Al-Shabab,1051402.0,150000.0,100
Saif Rashad Mohamed,Al-Taawoun,,,0
Keshim Al-Qahtani,Abha,1163687.0,125000.0,100
Afimico Pululu,Al-Hazem,410649.0,4000000.0,100
Ahmed Al-Ghamdi,Al-Ittihad,671043.0,500000.0,100
Marwan Al-Sahafi,Al-Ittihad,1057857.0,1000000.0,100
Alimami Gory,Abha,435492.0,1500000.0,100
Jason,Al-Fayha,73564.0,500000.0,100
Hamad Al-Khorayef,Al-Shabab,,,0
Musa Barrow,Al-Khaleej,486624.0,6000000.0,100
Bassem Al-Arini,Al-Taawoun,,,0
Mourad Batna,Al-Fateh,234975.0,400000.0,100
Abdulkarim Darisi,Abha,1188907.0,250000.0,100
Ali Al Masoud,Al-Fateh,970665.0,125000.0,92
Wael Kadan,Al Faisaly,,,0
Silvère Ganvoula M'Boussy,Al-Fayha,312819.0,900000.0,100
Faisal Al Abdulwahed,Al-Fateh,970671.0,75000.0,85
Roger Martínez,Al-Shabab,285771.0,1500000.0,100
Darwin Núñez,Al Diriyah,546543.0,20000000.0,100
Yousef Al-Shammari,Al Faisaly,164594.0,175000.0,100
Saad Al-Shurafa,Al-Fateh,1140944.0,125000.0,89
Hassan Hashim Al-Ali,Al-Riyadh,204023.0,300000.0,100
Aboubacar Diakite,Al-Hazem,739076.0,300000.0,85
Abdullah Al-Hamdan,Al-Nassr,68626.0,350000.0,100
Michy Batshuayi,Abha,179184.0,2000000.0,100
Abdullah Al-Salem,Al-Qadsiah,270377.0,225000.0,100
Gaëtan Laborde,Al Diriyah,181378.0,10000000.0,100
Carlos Junior,Al-Shabab,284000.0,3000000.0,100
Witcha,Al-Khaleej,,,0
Max O'Leary,West Brom,296582.0,2000000.0,100
Jack Bonham,Bolton Wanderers,,,0
Arthur Okonkwo,Charlton Athletic,503769.0,1800000.0,100
Nathan Trott,Cardiff City,431422.0,1000000.0,100
Michael Cooper,Sheffield Utd,579207.0,200000.0,100
Anthony Patterson,Wrexham,1092623.0,300000.0,100
Pierce Charles,Queens Park Rangers,861600.0,900000.0,100
Nicolas Schmid,Portsmouth,291097.0,2000000.0,100
Balázs Tóth,Blackburn Rovers,400044.0,1000000.0,100
George Wickens,Lincoln City,502070.0,150000.0,100
James Beadle,Birmingham City,670860.0,6000000.0,100
Lukas Jensen,Millwall,581890.0,250000.0,100
Jacob Widell Zetterström,Derby County,549440.0,2500000.0,100
William Mannion,Charlton Athletic,341710.0,3000000.0,100
Lawrence Vigouroux,Swansea City,243591.0,450000.0,100
Federico Ravaglia,Watford,390304.0,1800000.0,100
Sam Tickle,Bristol City,,,0
Viktor Johansson,Stoke City,273742.0,12000000.0,100
Vladan Kovačević,Norwich City,429070.0,2500000.0,100
Radek Vitek,Middlesbrough,622236.0,300000.0,100
Daniel Iversen,Preston North End,260841.0,2500000.0,100
Daniel Peretz,Southampton,468539.0,4000000.0,100
Joel Bagan,Cardiff City,,,0
Lloyd Jones,Charlton Athletic,244040.0,300000.0,100
Luke Ayling,Middlesbrough,67420.0,1800000.0,100
Chris Forino,Bolton Wanderers,3233.0,300000.0,100
Sean McLoughlin,Blackburn Rovers,524210.0,1000000.0,100
Ryan Leonard,Millwall,745341.0,100000.0,83
Sam McCallum,Sheffield Utd,618901.0,1800000.0,100
Jake Cooper,Millwall,65464.0,125000.0,81
Ben Davies,Bolton Wanderers,192765.0,3000000.0,100
Zak Sturge,Millwall,801472.0,250000.0,100
Callum Doyle,Wrexham,435062.0,3000000.0,80
Terry Devlin,Portsmouth,693440.0,4000000.0,100
Phil Neumann,Birmingham City,265176.0,1500000.0,100
Nathaniel Phillips,West Brom,371814.0,3500000.0,100
Ben Cabango,Swansea City,496659.0,9000000.0,100
Alex Cochrane,Birmingham City,392773.0,1500000.0,100
Josh Tymon,Swansea City,419929.0,3000000.0,100
Dennis Cirkin,Queens Park Rangers,568006.0,6000000.0,100
Caleb Taylor,Millwall,671074.0,900000.0,100
Adilson Malanda,Middlesbrough,847772.0,2000000.0,100
Ronnie Edwards,Queens Park Rangers,732165.0,3800000.0,100
Christoph Klarer,Birmingham City,346849.0,3000000.0,100
Japhet Tanganga,Sheffield Utd,346478.0,1800000.0,100
Daniel Imray,Wrexham,530421.0,800000.0,100
Andrija Vukčević,Preston North End,294987.0,500000.0,100
Gabriel Osho,Cardiff City,364409.0,3000000.0,100
Odeluga Offiah,Preston North End,567597.0,1800000.0,100
Mark McGuinness,Sheffield Utd,,,0
Perry Ng,Cardiff City,925105.0,125000.0,82
Danny McNamara,Charlton Athletic,14119.0,750000.0,100
Amadou Mbengue,Queens Park Rangers,806310.0,800000.0,100
Benjamin Arthur,Portsmouth,1144158.0,100000.0,100
Lewis Brunt,Bolton Wanderers,533657.0,100000.0,100
Billy Koumetio,Charlton Athletic,696324.0,400000.0,100
Rob Dickie,Bristol City,,,0
Stephen Welsh,Swansea City,403568.0,2000000.0,100
Tariq Lamptey,Queens Park Rangers,504148.0,3000000.0,100
Ivan Mesík,Charlton Athletic,482838.0,600000.0,100
Kévin Keben Biakolo,Watford,900195.0,25000000.0,100
Akin Famewo,Bolton Wanderers,425713.0,300000.0,100
Kealey Adamson,Queens Park Rangers,,,0
Eric Bocat,Stoke City,,,0
Zak Vyner,Wrexham,417955.0,2500000.0,100
Max Conway,Bolton Wanderers,,,0
Liam Lindsay,Preston North End,228912.0,1800000.0,100
George Campbell,West Brom,585769.0,2000000.0,100
Harry Pickering,Blackburn Rovers,,,0
Craig Forsyth,Derby County,,,0
Tom Atcheson,Blackburn Rovers,58381.0,50000.0,100
Nolan Galves,West Brom,,,0
Jimmy Dunne,Queens Park Rangers,396174.0,5000000.0,100
Charlie Taylor,Derby County,195633.0,2000000.0,100
Calum Scanlon,Cardiff City,796298.0,700000.0,100
Max Johnston,Derby County,652632.0,3000000.0,100
Kieran Trippier,Wolves,95810.0,1500000.0,100
Ryan Nyambe,Derby County,,,0
Josh Knight,Portsmouth,425026.0,1000000.0,100
Hayden Carter,Blackburn Rovers,,,0
Albert Eames,Watford,246027.0,150000.0,83
Josh Key,Swansea City,724536.0,800000.0,84
Conor Shaughnessy,Portsmouth,255626.0,200000.0,100
Matthew Pollock,Watford,624948.0,400000.0,89
Marc Bola,Watford,340310.0,1500000.0,100
Adam Reach,Lincoln City,163530.0,1000000.0,100
Amari'i Bell,Charlton Athletic,278166.0,800000.0,100
Filip Lissah,Swansea City,863734.0,500000.0,100
Callum Styles,West Brom,435062.0,3000000.0,100
Jordi Osei-Tutu,Millwall,397099.0,500000.0,100
Collins Sichenje,Charlton Athletic,,,0
Jake Clarke-Salter,Queens Park Rangers,316551.0,1500000.0,100
Ryley Towler,Lincoln City,,,0
Harrison Burrows,Sheffield Utd,,,0
Neto Borges,Middlesbrough,557939.0,3000000.0,100
Omar Traoré,Watford,388294.0,2000000.0,100
Joël Veltman,West Ham,111195.0,1500000.0,100
Sondre Langås,Derby County,737837.0,4000000.0,100
Dion Sanderson,Derby County,495993.0,4000000.0,100
Bright Osayi-Samuel,Birmingham City,358948.0,4000000.0,100
Dominic Hyam,Wrexham,,,0
George Tanner,Bristol City,509709.0,200000.0,88
Ruairi McConville,Norwich City,701021.0,3000000.0,100
Harry Darling,Norwich City,,,0
Ronan Kpakio,Cardiff City,1005855.0,1200000.0,100
Ethan Laird,Birmingham City,531679.0,5000000.0,100
Kellen Fisher,Norwich City,,,0
Tom Hamer,Lincoln City,58381.0,50000.0,100
Max Alleyne,Burnley,843595.0,8000000.0,100
Jack Stacey,Norwich City,249356.0,2200000.0,100
Andrei Coubiș,Lincoln City,692349.0,1200000.0,100
Ben Chrisene,Norwich City,670846.0,300000.0,100
Ben Gibson,Stoke City,128904.0,2000000.0,100
Bosun Lawal,Stoke City,724540.0,3000000.0,100
Ben Wilmot,Stoke City,467599.0,6000000.0,100
Zak Swanson,Portsmouth,540687.0,250000.0,100
Callum Brittain,Middlesbrough,,,0
Andrew Hughes,Preston North End,610417.0,5000000.0,100
Eoin Toal,Bolton Wanderers,412607.0,800000.0,100
Deji Elerewe,Lincoln City,,,0
Lisav Naif Eissat,Bristol City,1057319.0,1400000.0,100
José Córdoba,Norwich City,698415.0,5000000.0,100
Luke Graham,Stoke City,1001839.0,2000000.0,100
Robert Atkinson,Bristol City,1084714.0,2500000.0,100
Lewis Gibson,Preston North End,419325.0,900000.0,100
Maksym Talovierov,Stoke City,668557.0,2000000.0,96
Jordan Storey,Preston North End,355369.0,1500000.0,100
Tendayi Darikwa,Lincoln City,158700.0,400000.0,100
Yuri Ribeiro,Blackburn Rovers,258032.0,1000000.0,100
Boy Kemper,Queens Park Rangers,428502.0,1000000.0,100
Ben Johnson,Stoke City,468002.0,7000000.0,100
Regan Poole,Portsmouth,340194.0,450000.0,100
Pol Valentín,Preston North End,694561.0,100000.0,88
Krystian Bielik,West Brom,287247.0,2500000.0,100
Max Cleworth,Wrexham,,,0
Alfie Jones,Middlesbrough,340990.0,6000000.0,100
Jamie Shackleton,Sheffield Utd,534700.0,2000000.0,100
Chris Mepham,West Brom,480987.0,3000000.0,100
Ilias Chair,Queens Park Rangers,593412.0,4000000.0,86
Isaac Price,West Brom,612749.0,12000000.0,100
Harry Whitwell,West Brom,1067168.0,300000.0,84
Koki Saito,Queens Park Rangers,501743.0,3200000.0,100
Edmond-Paris Maghoma,Norwich City,,,0
Ebou Adams,Portsmouth,,,0
Sammie Szmodics,Derby County,292139.0,3500000.0,100
Glen Kamara,Queens Park Rangers,242632.0,2000000.0,100
Abdoulaye Kanté,Middlesbrough,1288949.0,200000.0,100
Jimmy Morgan,West Brom,291324.0,250000.0,100
Adrian Segečić,Portsmouth,867760.0,4500000.0,100
Rubin Colwill,Cardiff City,626474.0,2000000.0,100
Thierry Gale,Bolton Wanderers,746554.0,600000.0,80
Camiel Neghli,Millwall,587588.0,800000.0,100
Cian Ashford,Cardiff City,,,0
Casper De Norre,Millwall,292806.0,2800000.0,100
Luke Cundle,Millwall,532541.0,3200000.0,100
Jeremy Sarmiento,Middlesbrough,568005.0,5000000.0,100
Alex Mowatt,Derby County,15420.0,1000000.0,100
Ethan Erhahon,Bolton Wanderers,463760.0,800000.0,100
Aidan Morris,Middlesbrough,513968.0,10000000.0,100
Sebastian Berhalter,Middlesbrough,734761.0,8000000.0,100
Abu Kamara,Portsmouth,696764.0,2500000.0,100
Hector Kyprianou,Watford,661253.0,1500000.0,100
Morgan Whittaker,Middlesbrough,1049889.0,125000.0,80
Cameron Bragg,Southampton,261357.0,500000.0,80
Conor Coventry,Charlton Athletic,419025.0,2000000.0,100
Lewis O'Brien,Wrexham,560694.0,4000000.0,100
Matty James,Wrexham,73522.0,800000.0,100
Jordan Thompson,Preston North End,321169.0,700000.0,100
Tom Fellows,Southampton,58381.0,50000.0,100
Conor McGrandles,Lincoln City,203127.0,350000.0,100
Mark Sykes,Millwall,320403.0,1800000.0,100
Demarai Gray,Birmingham City,292417.0,3500000.0,100
Amin Nabizada,Watford,,,0
Ben House,Lincoln City,,,0
George Thomason,Wrexham,298240.0,275000.0,92
Myles Peart-Harris,Middlesbrough,587002.0,900000.0,100
Papa Amadou Diallo,Norwich City,1099726.0,1000000.0,100
Corey Blackett-Taylor,Derby County,282821.0,350000.0,100
Josh Sheehan,Bolton Wanderers,197830.0,400000.0,100
Alex Robertson,Cardiff City,609887.0,500000.0,100
Sonny Carey,Charlton Athletic,,,0
Riley McGree,Middlesbrough,428061.0,3500000.0,100
Marlon Pack,Portsmouth,406675.0,4000000.0,100
Chris Willock,Cardiff City,314341.0,2000000.0,100
Tomoki Iwata,Birmingham City,356236.0,2500000.0,100
Callum O'Hare,Sheffield Utd,553687.0,50000.0,80
Arne Engels,West Ham,565435.0,20000000.0,100
Lewis Travis,Derby County,,,0
Ethan Galbraith,Stoke City,433991.0,2500000.0,100
Harvey Vale,Queens Park Rangers,581675.0,1500000.0,100
Finn Azaz,Southampton,480723.0,20000000.0,100
Joel Colwill,Cardiff City,837334.0,900000.0,100
Kyrell Lisbie,Millwall,,,0
Ollie Tanner,Cardiff City,,,0
Paul Smyth,Queens Park Rangers,408872.0,800000.0,100
Nathaniel Chalobah,Charlton Athletic,128900.0,1800000.0,100
Oliver Rathbone,Wrexham,,,0
Jun-Ho Bae,Stoke City,912081.0,4000000.0,100
Joe Williams,Bristol City,268185.0,1200000.0,100
Daniel Kelly,Millwall,854633.0,700000.0,100
Jhon Solis,Birmingham City,742521.0,2500000.0,100
Bobby Clark,Derby County,712117.0,1000000.0,100
Karlan Grant,Charlton Athletic,314183.0,4500000.0,100
Ryan Hedges,Derby County,326230.0,1500000.0,100
Sam Morsy,Blackburn Rovers,123551.0,400000.0,100
Ousmane Diakité,West Brom,1381483.0,3000000.0,86
Joe Rothwell,Sheffield Utd,183293.0,2500000.0,100
David Turnbull,Cardiff City,345760.0,3800000.0,100
Jason Knight,Bristol City,530780.0,7000000.0,100
Maximilian Arfsten,Middlesbrough,117674.0,3000000.0,80
Djibril Soumaré,Stoke City,1041532.0,1500000.0,100
Edoardo Bove,Watford,562049.0,5000000.0,100
Jayson Molumby,West Brom,357656.0,3500000.0,100
Léo Scienza,Southampton,804219.0,9000000.0,100
Marko Stamenić,Swansea City,617018.0,3000000.0,100
Jenson Metcalfe,Millwall,855890.0,200000.0,100
Leo Walta,Swansea City,674054.0,3000000.0,100
Jaïro Riedewald,Sheffield Utd,241481.0,1200000.0,100
Jonathan Varane,Queens Park Rangers,812902.0,500000.0,100
Max Bird,Birmingham City,,,0
Felix Horn Myhre,West Brom,367274.0,3500000.0,100
Tom Bayliss,Lincoln City,58381.0,50000.0,100
Oscar Fraulo,Derby County,610428.0,3000000.0,100
Kwame Poku,Queens Park Rangers,,,0
Kristi Montgomery,Blackburn Rovers,757272.0,400000.0,80
Alfie Devine,Preston North End,728734.0,4500000.0,100
Josh Murphy,Portsmouth,199528.0,700000.0,100
Melker Widell,Swansea City,579295.0,1800000.0,100
Pelle Mattsson,Norwich City,587298.0,3000000.0,100
Sorba Thomas,Stoke City,475416.0,14000000.0,100
Ben Whiteman,Wrexham,335721.0,30000000.0,85
Othmane Maamma,Watford,1081219.0,300000.0,100
Elijah Just,Swansea City,485672.0,2500000.0,100
Ivan Varfolomeev,Lincoln City,779244.0,200000.0,100
Ryoya Morishita,Blackburn Rovers,679903.0,2000000.0,100
Joe Ward,Derby County,92572.0,300000.0,94
Michael Adu-Poku,Watford,579207.0,200000.0,100
Ji-sung Eom,Swansea City,706968.0,1800000.0,100
Sam Field,Norwich City,387331.0,3500000.0,100
Divine Mukasa,West Ham,670848.0,6000000.0,80
Jed Wallace,Bristol City,225335.0,1500000.0,100
Ugo Raghouber,Burnley,707230.0,3000000.0,100
Moussa Kounfolo Yeo,Swansea City,1041861.0,5000000.0,100
Tomi Horvat,Bristol City,,,0
Oscar Schwartau,Norwich City,800925.0,3500000.0,100
Todd Cantwell,Blackburn Rovers,332341.0,8500000.0,100
John McAtee,Bolton Wanderers,504855.0,300000.0,100
Ryan Longman,Wrexham,512175.0,2200000.0,100
Jack Moylan,Cardiff City,60793.0,1000000.0,80
Kuryu Matsuki,Southampton,902021.0,2400000.0,100
Dom Jefferies,Lincoln City,427868.0,75000.0,84
Rocco Robert Shein,Portsmouth,1084714.0,2500000.0,100
Martín Payero,Watford,555820.0,5000000.0,100
Anis Ben Slimane,Norwich City,546712.0,2500000.0,100
Adam Forshaw,Blackburn Rovers,121257.0,1200000.0,100
Léo Leroy,Preston North End,650350.0,2500000.0,100
Reeco Hackett-Fairchild,Lincoln City,,,0
Femi Azeez,Millwall,22501.0,300000.0,100
Million Manhoef,Stoke City,564449.0,3500000.0,100
Gibson Yah,Bristol City,559325.0,1300000.0,100
George Dobson,Wrexham,292734.0,450000.0,100
Odin Bailey,Portsmouth,346485.0,250000.0,100
Samuel Iling-Junior,Bolton Wanderers,581672.0,6500000.0,100
Rabby Nzingoula,West Brom,1068110.0,2000000.0,100
Ryan Alebiosu,Blackburn Rovers,610649.0,1500000.0,100
Joe Rankin-Costello,Charlton Athletic,,,0
Luca Stephenson,Bolton Wanderers,734424.0,1000000.0,100
Jordan Zemura,Watford,633530.0,5000000.0,100
Andre Brooks,Norwich City,746739.0,2500000.0,100
Leo Castledine,Middlesbrough,796303.0,900000.0,100
Kyliane Dong,Bolton Wanderers,982863.0,600000.0,100
Ali McCann,Preston North End,450714.0,2200000.0,100
Tahith Chong,Sheffield Utd,344830.0,6000000.0,100
Alan Mwamba,Charlton Athletic,428786.0,5000000.0,100
Anthony Musaba,Norwich City,511401.0,7000000.0,100
Jake Garrett,Blackburn Rovers,,,0
Nicolas Madsen,Queens Park Rangers,464599.0,3500000.0,100
Tomáš Rigo,Stoke City,728679.0,4000000.0,100
Thierry Small,Preston North End,746554.0,600000.0,100
Callum Lang,Preston North End,425865.0,1200000.0,100
Sam Greenwood,Bristol City,532178.0,2000000.0,100
Jordan James,Wolves,667517.0,12000000.0,100
Patrick Roberts,Birmingham City,225452.0,3200000.0,100
Paik Seung-ho,Birmingham City,282689.0,2000000.0,100
Jacob Wright,Norwich City,983702.0,2500000.0,100
Millenic Alli,Charlton Athletic,,,0
Larra,Bolton Wanderers,,,0
Harry Clarke,Preston North End,528892.0,4000000.0,100
Carlos Vicente,Birmingham City,540536.0,4000000.0,100
Svante Ingelsson,Stoke City,321079.0,900000.0,100
Adam Randell,Bristol City,,,0
Romeo Akachukwu,Southampton,990836.0,150000.0,100
Andri Guðjohnsen,Blackburn Rovers,490967.0,2800000.0,96
Josh Coburn,Millwall,,,0
Scott Twine,Bristol City,433818.0,3000000.0,100
Cyle Larin,Southampton,343463.0,3500000.0,100
Tyreece Campbell,Charlton Athletic,747267.0,1500000.0,100
Aune Selland Heggebø,West Brom,587222.0,7000000.0,100
Taïryk Arconte,Millwall,855056.0,500000.0,100
Iker Bravo,Watford,741292.0,5000000.0,100
Luca Kjerrumgaard,Watford,668950.0,550000.0,100
Manor Solomon,West Ham,396638.0,8000000.0,100
Will Lankshear,Middlesbrough,,,0
Ryan Kavuma-McQueen,Portsmouth,,,0
Sam Dalby,Bolton Wanderers,470128.0,900000.0,100
Kieffer Moore,Wrexham,275590.0,1300000.0,100
Miles Leaburn,Charlton Athletic,,,0
Joseph Opoku,Swansea City,1310437.0,4500000.0,100
Mathias Kvistgaarden,Norwich City,569663.0,6000000.0,100
Adam Idah,Swansea City,434223.0,4500000.0,100
Divin Mubama,Southampton,670848.0,6000000.0,100
Rio Cardines,Bristol City,1047257.0,300000.0,100
Nathan Broadhead,Wrexham,344009.0,7000000.0,100
Colby Bishop,Portsmouth,,,0
Dominic Ballard,Bristol City,167254.0,450000.0,88
Mohamed Touré,Norwich City,742770.0,8000000.0,100
Yu Hirakawa,Bristol City,936237.0,1000000.0,100
Callum Robinson,Cardiff City,183299.0,3000000.0,100
Romelle Donovan,Sheffield Utd,1091562.0,3500000.0,100
Davis Keillor-Dunn,Wrexham,448672.0,350000.0,100
Robert Street,Lincoln City,703474.0,200000.0,100
Joël Piroe,West Ham,369962.0,10000000.0,100
Dastan Satpaev,Burnley,1179146.0,3000000.0,100
Barney Stewart,West Brom,1360186.0,1000000.0,100
Jayden Fevrier,Blackburn Rovers,,,0
Carlton Morris,Derby County,246963.0,13000000.0,100
Jusef Erabi,Preston North End,851699.0,2000000.0,100
Yousef Salech,Cardiff City,701226.0,1800000.0,100
Oladapo Afolayan,Blackburn Rovers,487850.0,1000000.0,100
Žan Vipotnik,Swansea City,506942.0,22000000.0,100
Mamadou Doumbia,Watford,1033919.0,9000000.0,93
Richard Kone,Queens Park Rangers,574949.0,550000.0,100
Sam Smith,Wrexham,281807.0,450000.0,84
Kyle Joseph,Middlesbrough,504507.0,150000.0,80
Marvin Ducksch,Birmingham City,125103.0,2000000.0,100
Zak Lovelace,Millwall,913136.0,500000.0,100
Sam Gallagher,Stoke City,227183.0,2800000.0,100
Mathias Jørgensen,Blackburn Rovers,542796.0,2500000.0,100
Micah Mbick,Charlton Athletic,,,0
George Gryba,Preston North End,,,0
Tanto Olaofe,Lincoln City,,,0
Rocco Vata,Watford,741229.0,1800000.0,100
Luis Vázquez,Birmingham City,844516.0,2500000.0,100
Yuki Ohashi,Blackburn Rovers,592116.0,1700000.0,100
Rumarn Burrell,Queens Park Rangers,624946.0,6000000.0,100
Jay Stansfield,Birmingham City,696346.0,18000000.0,100
Lars-Jørgen Salvesen,Derby County,,,0
Luke Brooke-Smith,Portsmouth,1225803.0,275000.0,100
Mason Melia,Lincoln City,,,0
Bailey Cadamarteri,Wrexham,871170.0,2000000.0,100
Ross Stewart,Swansea City,447995.0,2800000.0,100
August Priske,Birmingham City,664808.0,200000.0,100
Isaak Davies,Cardiff City,547039.0,1000000.0,100
George Hirst,Stoke City,420808.0,10000000.0,100
Milutin Osmajić,Preston North End,542819.0,2000000.0,100
Rhian Brewster,Derby County,406560.0,3000000.0,100
Delano Burgzorg,Preston North End,436585.0,1800000.0,100
Tyrese Campbell,Sheffield Utd,382554.0,2500000.0,100
Róbert Boženík,Stoke City,454576.0,2500000.0,100
Emil Riis Jacobsen,Bristol City,293325.0,4000000.0,100
Sam Bell,Bristol City,196720.0,100000.0,82
Ryan Hardie,Bolton Wanderers,249063.0,1200000.0,100
Lewis Dobbin,Southampton,627248.0,7000000.0,100
Lyndon Dykes,Millwall,347138.0,800000.0,100
Lorent Tolaj,Bristol City,,,0
Thomas Cannon,Sheffield Utd,184299.0,300000.0,100
Marko Milovanović,Portsmouth,845568.0,2500000.0,100
Freddie Draper,Lincoln City,,,0
Matt Godden,Charlton Athletic,,,0
Alfie Lloyd,Queens Park Rangers,,,0
Patrick Bamford,Sheffield Utd,183334.0,7000000.0,100
Marcel Lotka,Energie Cottbus,453737.0,500000.0,100
Julian Krahl,1. FC Kaiserslautern,337082.0,600000.0,100
Leo Weinkauf,Hannover 96,196427.0,250000.0,100
Dominik Reimann,1. FC Magdeburg,238722.0,700000.0,100
Jan Reichert,Nürnberg,271227.0,150000.0,83
Jakub Zieliński,Wolfsburg,1068257.0,500000.0,100
Florian Hellstern,Greuther Fürth,1009438.0,4000000.0,100
Marius Gersbeck,Hertha BSC,196382.0,500000.0,100
Hans Christian Bernat,Karlsruher SC,400535.0,300000.0,100
Tim Schreiber,SG Dynamo Dresden,426685.0,450000.0,100
Ron Thorben Hoffmann,Eintracht Braunschweig,317444.0,700000.0,95
Jonas Thomas Kersken,Arminia,50143.0,2000000.0,100
Jonas Krumrey,VfL Osnabrück,531637.0,1200000.0,100
Pascal Loretz,Hannover 96,583038.0,2000000.0,100
King Manu,Energie Cottbus,14331.0,100000.0,100
Henri Koudossou,Arminia,515624.0,1200000.0,100
Hauke Wahl,Wolfsburg,154147.0,1500000.0,100
Marcus Mathisen,St. Pauli,268216.0,1200000.0,100
Niklas Kolbe,Hertha BSC,369881.0,200000.0,91
Maxwell Gyamfi,1. FC Kaiserslautern,4317.0,1000000.0,100
Jacob Rasmussen,1. FC Kaiserslautern,283233.0,1800000.0,100
Fynn Otto,Nürnberg,529198.0,100000.0,100
Jan Elvedi,1. FC Kaiserslautern,,,0
Tobias Müller,1. FC Magdeburg,58358.0,4000000.0,84
Christoph Kobald,Karlsruher SC,,,0
Deniz Ofli,Karlsruher SC,,,0
Aleksandar Vukotić,Darmstadt 98,398851.0,400000.0,100
Michael Steinwender,Bochum,375434.0,1200000.0,100
Marcel Franke,Karlsruher SC,346879.0,50000.0,100
Giannis Masouras,Nürnberg,295780.0,350000.0,100
Joel Felix,Arminia,400532.0,650000.0,100
Karol Mets,Bochum,139304.0,600000.0,100
Kevin Ehlers,Eintracht Braunschweig,900195.0,25000000.0,100
Jonas Sterner,SG Dynamo Dresden,50143.0,2000000.0,100
Arne Sicker,Arminia,,,0
Leon Parduzi,Holstein Kiel,,,0
Maximilian Bauer,Arminia,388363.0,1500000.0,100
Rafael Pinto Pedrosa,Karlsruher SC,61892.0,800000.0,100
Maximilian Großer,Arminia,263361.0,3000000.0,87
Niklas Wiemann,VfL Osnabrück,334238.0,350000.0,100
Rony Jansson,St. Pauli,716897.0,350000.0,100
Jannis Zaydan,Energie Cottbus,,,0
Nicolai Rapp,SG Dynamo Dresden,185427.0,700000.0,100
Lukas Reich,Greuther Fürth,787151.0,6000000.0,83
Alexander Rossipal,SG Dynamo Dresden,296188.0,450000.0,100
Patric Pfeiffer,Darmstadt 98,391742.0,2000000.0,100
Konrad Faber,VfL Osnabrück,223967.0,32000000.0,80
Eldin Džogović,1. FC Magdeburg,627658.0,300000.0,100
Lukas Boeder,SG Dynamo Dresden,227078.0,225000.0,100
Raoul Petretta,Darmstadt 98,243878.0,400000.0,100
Sebastian Jung,Karlsruher SC,49730.0,300000.0,100
Mathys Angely,Wolfsburg,1075579.0,1000000.0,100
Luca Erlein,Energie Cottbus,1009442.0,1300000.0,100
Viktor Bergh,Karlsruher SC,947524.0,650000.0,83
Fabio Di Michele Sanchez,Eintracht Braunschweig,61891.0,1000000.0,100
Jannis Heuer,Greuther Fürth,,,0
Hiroki Sekine,Holstein Kiel,1137808.0,1200000.0,100
Alexios Kalogeropoulos,Nürnberg,735354.0,1500000.0,100
Oliver Olsen,Bochum,400542.0,1800000.0,100
Bastian Allgeier,Hannover 96,103577.0,100000.0,80
Ime Okon,Hannover 96,,,0
Jean-Manuel Mbom,Bochum,335003.0,1200000.0,93
Andi Hoti,Eintracht Braunschweig,656095.0,750000.0,100
Lukas Frenkert,Eintracht Braunschweig,,,0
Jannik Müller,VfL Osnabrück,119286.0,800000.0,100
Boris Tomiak,Hannover 96,,,0
Paul Scholl,Karlsruher SC,3397.0,1000000.0,86
Friedrich Müller,SG Dynamo Dresden,1073.0,500000.0,81
Henry Rorig,Energie Cottbus,811905.0,50000.0,81
Thomas Keller,SG Dynamo Dresden,485747.0,600000.0,100
Jean Hugonet,Hannover 96,371231.0,550000.0,100
Robin Fabinski,VfL Osnabrück,,,0
Tim Handwerker,Arminia,284177.0,1000000.0,100
Jannik Dehm,Greuther Fürth,,,0
Eric Porstner,Nürnberg,,,0
Krisztián Keresztes,Greuther Fürth,626472.0,350000.0,100
Tim Campulka,Energie Cottbus,1293517.0,150000.0,100
Tobias Hess,Nürnberg,548037.0,400000.0,81
Christopher Lannert,Darmstadt 98,387923.0,100000.0,100
Tim Janisch,Nürnberg,1293517.0,150000.0,100
Ryan Malone,Energie Cottbus,61834.0,7000000.0,85
Simon Straudi,SG Dynamo Dresden,379879.0,350000.0,100
Yiğit Karademir,Bochum,,,0
Fousseny Doumbia,Energie Cottbus,316137.0,1800000.0,80
Anselmo Garcia McNulty,1. FC Magdeburg,574758.0,1500000.0,100
Paul Jaeckel,1. FC Magdeburg,284248.0,1000000.0,100
Oualid Mhamdi,Heidenheim,,,0
Herbert Bockhorn,1. FC Magdeburg,186477.0,700000.0,100
Erik Wekesser,1. FC Kaiserslautern,680551.0,1700000.0,100
Julian Justvan,Nürnberg,324861.0,2200000.0,100
Felix Klaus,Greuther Fürth,89591.0,800000.0,100
Adam Markhiev,Nürnberg,,,0
Florian Flick,Eintracht Braunschweig,596881.0,1500000.0,100
Alexander Nollenberger,1. FC Magdeburg,467235.0,50000.0,82
Mehmet Aydin,Eintracht Braunschweig,472242.0,1500000.0,95
Guillermo Balzi,Holstein Kiel,896234.0,1000000.0,100
Josip Brekalo,Hertha BSC,293169.0,2500000.0,100
Tolcay Ciğerci,Energie Cottbus,192266.0,275000.0,100
Javier Fernandez,Nürnberg,422466.0,2000000.0,86
Maurice Neubauer,Hannover 96,,,0
Emmanuel Iyoha,1. FC Magdeburg,314245.0,1000000.0,100
Marcel Costly,Heidenheim,346879.0,50000.0,100
Samuele Di Benedetto,Eintracht Braunschweig,826064.0,450000.0,100
Marvin Wanitzek,Karlsruher SC,119581.0,1500000.0,100
Yann Sturm,Eintracht Braunschweig,829820.0,450000.0,100
Shinta Appelkamp,Greuther Fürth,452121.0,3000000.0,100
Marvin Mehlem,Arminia,237226.0,2500000.0,100
David Kopacz,VfL Osnabrück,317739.0,300000.0,100
Lars Timo Gindorf,Hannover 96,,,0
Kasper Davidsen,Holstein Kiel,802513.0,2500000.0,100
Fabian Kunze,1. FC Kaiserslautern,334186.0,1200000.0,100
Carlo Sickinger,Darmstadt 98,,,0
Paul Seguin,Hertha BSC,183780.0,1800000.0,100
Stefano Russo,Arminia,343332.0,250000.0,100
Stefán Teitur Þórðarson,Hannover 96,422721.0,1200000.0,93
Jonas Meffert,Holstein Kiel,107574.0,1500000.0,100
Kevin Wiethaup,Karlsruher SC,900195.0,25000000.0,100
Lars Kehl,Darmstadt 98,,,0
Kolja Oudenne,Hannover 96,,,0
Jannik Rochelt,Arminia,288432.0,150000.0,80
Noel Eichinger,Karlsruher SC,,,0
Fabian Reese,Wolfsburg,227102.0,2800000.0,100
Max Marie,Eintracht Braunschweig,,,0
Luka Hyryläinen,1. FC Magdeburg,,,0
Rafael Lubach,Nürnberg,61892.0,800000.0,100
Bjarke Jacobsen,VfL Osnabrück,239987.0,400000.0,100
Fridolin Wagner,VfL Osnabrück,134371.0,25000.0,100
Jonas Therkelsen,Holstein Kiel,50143.0,2000000.0,100
Hayate Matsuda,Hannover 96,,,0
Berkan Taz,Bochum,1051756.0,75000.0,81
Tom Meyer,Bochum,58381.0,50000.0,100
Marko Zrilic,Heidenheim,343953.0,1200000.0,90
Mika Haas,1. FC Kaiserslautern,138285.0,100000.0,100
Monju Momuluh,Arminia,,,0
Leon Opitz,VfL Osnabrück,825073.0,600000.0,100
Paul Will,Greuther Fürth,356640.0,500000.0,100
Jakob Lemmer,SG Dynamo Dresden,,,0
Leonardo Bittencourt,Energie Cottbus,93844.0,900000.0,100
Semih Şahin,1. FC Kaiserslautern,,,0
Noah Katterbach,Eintracht Braunschweig,469949.0,600000.0,100
Franz Roggow,Hannover 96,,,0
Tony Reitz,1. FC Magdeburg,18878.0,300000.0,100
Marc Kornwachs Barjuan,Nürnberg,,,0
Tristan Wagner,Eintracht Braunschweig,134371.0,25000.0,100
Florian Kleinhansl,Darmstadt 98,20276.0,400000.0,83
Patrick Kammerbauer,VfL Osnabrück,227087.0,200000.0,100
Axel Borgmann,Energie Cottbus,119032.0,175000.0,100
Benjamin Boakye,Arminia,800988.0,1200000.0,100
Muhammed Damar,Wolfsburg,789898.0,5000000.0,100
Mika Wallentowitz,Greuther Fürth,138285.0,100000.0,100
Yosuke Furukawa,Darmstadt 98,,,0
Finn Ole Becker,Nürnberg,334999.0,1500000.0,100
Lilian Egloff,Karlsruher SC,472243.0,800000.0,100
Falko Michel,1. FC Magdeburg,527270.0,350000.0,100
Moritz Hannemann,Energie Cottbus,42952.0,150000.0,83
Luca Herrmann,SG Dynamo Dresden,,,0
Kai Klefisch,Darmstadt 98,692462.0,100000.0,80
Lance Duijvestijn,Darmstadt 98,378316.0,800000.0,100
Paul Joly,1. FC Kaiserslautern,806168.0,1200000.0,100
Doni Arifi,Greuther Fürth,,,0
Jannis Boziaris,Energie Cottbus,,,0
Nils Fröling,SG Dynamo Dresden,,,0
Lukas Michelbrink,Energie Cottbus,471901.0,200000.0,82
Danyal Zor,Karlsruher SC,,,0
Fraser Hornby,Wolfsburg,388160.0,1200000.0,100
Kevin Sessa,Hertha BSC,448028.0,2500000.0,100
Ben Bobzien,SG Dynamo Dresden,658116.0,400000.0,100
Leon Robinson,1. FC Kaiserslautern,1110729.0,300000.0,84
Niklas Hauptmann,SG Dynamo Dresden,205544.0,400000.0,100
Enis Çokaj,Bochum,644244.0,1000000.0,100
Nicolas Verkooijen,Darmstadt 98,99523.0,100000.0,100
Waniss Taibi,Hannover 96,680447.0,500000.0,100
Noah Weißhaupt,Darmstadt 98,392163.0,5000000.0,100
Hiroki Akiyama,Darmstadt 98,,,0
Sam Schreck,Arminia,335100.0,350000.0,100
Robert Wagner,SG Dynamo Dresden,690429.0,1400000.0,100
Lino Tempelmann,Eintracht Braunschweig,378883.0,2000000.0,100
Ibrahim Kanate,1. FC Kaiserslautern,1132628.0,1000000.0,100
Tony Lesueur,VfL Osnabrück,18878.0,300000.0,100
Simon Asta,1. FC Kaiserslautern,392131.0,1500000.0,100
Tim Civeja,Karlsruher SC,588747.0,250000.0,100
Christian Kinsombi,Energie Cottbus,658678.0,12000000.0,100
Paul Hennrich,Heidenheim,810108.0,1200000.0,100
Leonhard Münst,VfL Osnabrück,,,0
Bryan Henning,VfL Osnabrück,356081.0,8000000.0,80
Sacha Banse,Greuther Fürth,409485.0,400000.0,100
Aaron Keller,Greuther Fürth,500763.0,6000000.0,80
Pierre Nadjombe,1. FC Magdeburg,,,0
Ibrahim El Kadiri,Darmstadt 98,508642.0,150000.0,100
Marius Wörl,Arminia,193900.0,2500000.0,90
Ismail Badjie,VfL Osnabrück,51277.0,25000.0,80
Samuel Klein,St. Pauli,814454.0,100000.0,100
Santeri Väänänen,Karlsruher SC,564621.0,900000.0,100
Soufian Gouram,Hertha BSC,,,0
Moritz-Broni Kwarteng,1. FC Magdeburg,316575.0,750000.0,100
Leon Mergner,1. FC Magdeburg,,,0
Julian Guttau,Energie Cottbus,,,0
Ole Pohlmann,Greuther Fürth,405690.0,1500000.0,100
Dominik Pelivan,Energie Cottbus,687671.0,500000.0,84
Ikem Ugoh,Holstein Kiel,339943.0,3000000.0,82
Joel Grodowski,Arminia,,,0
Moritz Broschinski,Karlsruher SC,406973.0,600000.0,100
Sebastian Grønning,Hertha BSC,439456.0,500000.0,97
Oluwaseun Adewumi,Hertha BSC,982081.0,800000.0,100
Mohamed Ali Zoma,Nürnberg,134629.0,200000.0,81
Jan Urbich,Eintracht Braunschweig,34421.0,400000.0,80
Piet Scobel,Nürnberg,,,0
Branimir Hrgota,St. Pauli,171209.0,1300000.0,100
Barış Atik,1. FC Magdeburg,161072.0,1000000.0,94
Isaiah Young,Arminia,894532.0,100000.0,100
Justin Butler,Energie Cottbus,893663.0,200000.0,80
Marlon Ritter,1. FC Kaiserslautern,151636.0,700000.0,100
Naatan Skyttä,1. FC Kaiserslautern,567309.0,5000000.0,100
Mustapha Bundu,Hannover 96,457728.0,1000000.0,100
Robin Meißner,VfL Osnabrück,160963.0,2500000.0,80
Lee Ho-jae,Darmstadt 98,545501.0,900000.0,100
Aaron Opoku,Eintracht Braunschweig,,,0
Thierry Fidjeu-Tazemeta,1. FC Kaiserslautern,,,0
Maximilian Entrup,Eintracht Braunschweig,403184.0,500000.0,100
Johan Gomez,Eintracht Braunschweig,1190215.0,200000.0,95
Magnus Baars,1. FC Magdeburg,,,0
Jan Luca Schuler,Hertha BSC,388029.0,700000.0,100
Junior Zé,Eintracht Braunschweig,925199.0,1500000.0,100
Omar Sillah,Greuther Fürth,,,0
Vincent Vermeij,SG Dynamo Dresden,273054.0,700000.0,100
Fynn Lakenmacher,Darmstadt 98,,,0
Robert Glatzel,Wolfsburg,196139.0,1500000.0,100
Louey Ben Farhat,Karlsruher SC,,,0
Christian Rasmussen,Bochum,610429.0,1500000.0,100
Jón Dagur Þórsteinsson,Hertha BSC,331739.0,800000.0,95
Alessandro Crimaldi,Bochum,253857.0,200000.0,83
Dennis Srbeny,Greuther Fürth,159239.0,800000.0,100
Roberts Uldriķis,Arminia,342152.0,550000.0,100
Adriano Grimaldi,Nürnberg,1046580.0,1500000.0,100
Sidi Sané,Eintracht Braunschweig,410561.0,200000.0,100
Benjamin Källman,Hannover 96,322990.0,900000.0,100
Manolo Merx,Darmstadt 98,,,0
Alessio Besio,Wolfsburg,,,0
Milan Smit,Darmstadt 98,703772.0,2000000.0,100
Erencan Yardimci,1. FC Kaiserslautern,618898.0,2000000.0,93
Kaan İnanoğlu,SG Dynamo Dresden,,,0
Faride Alidou,Holstein Kiel,456492.0,1000000.0,100
Mateusz Żukowski,1. FC Magdeburg,470375.0,500000.0,100
Erik Engelhardt,Energie Cottbus,680551.0,1700000.0,100
Mergim Berisha,1. FC Kaiserslautern,307924.0,2500000.0,100
Marcel Hartel,Hannover 96,189073.0,4000000.0,100
Taycan Etcibasi,Hannover 96,,,0
Adrián Kaprálik,Holstein Kiel,,,0
Bernd Riesselmann,VfL Osnabrück,,,0
Benedikt Pichler,Hannover 96,331362.0,1500000.0,100
Richmond Tachie,1. FC Magdeburg,,,0
Daniel Hanslik,Bochum,530421.0,800000.0,100
Rayan Ghrieb,Nürnberg,1012564.0,60000000.0,100
Lucas Copado,Energie Cottbus,636898.0,750000.0,100
Christoph Daferner,SG Dynamo Dresden,324851.0,800000.0,100
John Davis Meyer,Karlsruher SC,1074124.0,100000.0,100
Jovan Mijatović,Eintracht Braunschweig,673432.0,2200000.0,100
İrfan Can Eğribayat,Gençlerbirliği,322873.0,1200000.0,100
Paulo Victor,Alanyaspor,67886.0,50000.0,100
Muhammed Şengezer,Başakşehir FK,330871.0,3500000.0,100
Bahadır Han Güngördü,Konyaspor,388359.0,700000.0,100
André Onana,Trabzonspor,234509.0,10000000.0,100
Uğurcan Çakır,Galatasaray,292199.0,15000000.0,100
Okan Kocuk,Samsunspor,204189.0,2000000.0,100
Ederson,Fenerbahçe,607854.0,45000000.0,100
Serhat Öztaşdelen,Kocaelispor,722650.0,600000.0,100
Andreas Gianniotis,Kasımpaşa,226802.0,300000.0,100
Kacper Tobiasz,Gaziantep FK,658111.0,700000.0,100
Marcos Felipe,Çorum FK,283166.0,1500000.0,100
Yahia Fofana,Çaykur Rizespor,418651.0,5000000.0,100
Alexander Nübel,Beşiktaş JK,195778.0,12000000.0,100
Alban Lafont,Amed Sportif Faaliyetler,357117.0,3000000.0,100
Tarık Çetin,Fenerbahçe,286170.0,600000.0,100
Horațiu Moldovan,Eyüpspor,525438.0,1800000.0,100
Deniz Ertaş,Konyaspor,882568.0,3500000.0,100
Luka Gugeshashvili,Göztepe,407491.0,700000.0,100
Matija Orbanić,Erzurumspor FK,,,0
Christopher Operi,Başakşehir FK,469976.0,4000000.0,100
Matej Maglica,Kocaelispor,433388.0,2000000.0,100
Gökhan Sazdağı,Çorum FK,257785.0,1200000.0,100
Lumbardh Dellova,Amed Sportif Faaliyetler,542469.0,1500000.0,100
Emirhan Topçu,Beşiktaş JK,531332.0,7000000.0,100
Emir Ortakaya,Kocaelispor,727081.0,600000.0,100
Nuno Lima,Alanyaspor,836336.0,2000000.0,100
David Robert Bates,Amed Sportif Faaliyetler,1084714.0,2500000.0,100
Dimitris Goutas,Gençlerbirliği,191829.0,800000.0,96
Josafat Mendes,Samsunspor,684348.0,2500000.0,80
Zak Jules,Eyüpspor,309041.0,250000.0,100
Emmanuel Agbadou,Beşiktaş JK,683895.0,16000000.0,100
Massadio Haïdara,Kocaelispor,170929.0,600000.0,100
Luis Pérez,Gaziantep FK,358115.0,800000.0,100
Rıdvan Yılmaz,Beşiktaş JK,477930.0,5000000.0,100
Calegari,Eyüpspor,686597.0,2500000.0,100
Matei Ilie,Kasımpaşa,615930.0,2500000.0,100
Mustafa Eskihellaç,Trabzonspor,390379.0,4000000.0,100
Chibuike Nwaiwu,Trabzonspor,985825.0,10000000.0,100
Roland Sallai,Galatasaray,332798.0,14000000.0,100
Adem Arous,Kasımpaşa,1071742.0,4000000.0,100
Ümit Akdag,Alanyaspor,958647.0,6000000.0,100
Hrvoje Smolčić,Çorum FK,571299.0,2000000.0,100
Abdülkerim Bardakcı,Galatasaray,199316.0,6500000.0,100
Firatcan Üzüm,Gençlerbirliği,508994.0,200000.0,96
Davinson Sánchez,Galatasaray,341429.0,16000000.0,100
Ayberk Karapo,Kasımpaşa,1045547.0,1300000.0,100
Žan Žužek,Gençlerbirliği,325222.0,700000.0,100
Michał Karbownik,Başakşehir FK,401604.0,4000000.0,96
Ahmet Taha Dağbaşı,Kasımpaşa,,,0
Tiago Djaló,Beşiktaş JK,420465.0,7000000.0,100
Toni Borevković,Samsunspor,396342.0,2000000.0,100
Levent Mercan,Fenerbahçe,388820.0,5000000.0,100
Abdurrahim Dursun,Gençlerbirliği,366194.0,250000.0,100
Alexandre Penetra,Çorum FK,479643.0,10000000.0,100
Sidny Lopes Cabral,Trabzonspor,611855.0,4000000.0,100
Jerome Opoku,Başakşehir FK,408563.0,5000000.0,100
Ege Yildirim,Göztepe,63448.0,100000.0,91
Milan Škriniar,Fenerbahçe,204069.0,10000000.0,100
Simone Giordano,Eyüpspor,291408.0,50000.0,80
Anfernee Jamal Dijksteel,Kocaelispor,428302.0,1200000.0,100
Pedro Pereira,Gençlerbirliği,314965.0,1200000.0,100
Tanguy Zoukrou,Kocaelispor,917120.0,1200000.0,100
Orhan Ovacıklı,Erzurumspor FK,170239.0,75000.0,92
Stefan Savić,Trabzonspor,107010.0,400000.0,100
Chidozie Awaziem,Konyaspor,358143.0,2500000.0,100
Arif Boşluk,Konyaspor,801693.0,800000.0,100
Arda Kızıldağ,Gaziantep FK,532905.0,800000.0,100
Ismail Jakobs,Galatasaray,375137.0,8000000.0,100
Emin Bayram,Başakşehir FK,655902.0,4000000.0,100
Mehmet Yeşil,Amed Sportif Faaliyetler,381689.0,750000.0,100
Adil Demirbağ,Konyaspor,354173.0,3000000.0,100
Ali Diabaté,Samsunspor,1457367.0,1000000.0,100
Arthur Masuaku,Konyaspor,181380.0,2000000.0,100
Kaan Ayhan,Galatasaray,119031.0,1500000.0,100
Metehan Baltacı,Gençlerbirliği,618869.0,2200000.0,100
Tayyip Talha Sanuç,Çaykur Rizespor,462772.0,1500000.0,100
Cenk Özkacar,Trabzonspor,615350.0,4000000.0,100
Rayyan Baniya,Konyaspor,394872.0,1000000.0,100
Arda Şengül,Çorum FK,,,0
Sabahattin Destici,Gaziantep FK,,,0
Fidan Aliti,Alanyaspor,182870.0,900000.0,100
Modibo Sagnan,Çaykur Rizespor,524925.0,2000000.0,100
Eren Elmalı,Galatasaray,616894.0,5000000.0,100
Michael Amir Murillo,Beşiktaş JK,1005649.0,50000000.0,100
Uğur Kaan Yıldız,Kocaelispor,700034.0,600000.0,100
Talha Ülvan,Eyüpspor,708111.0,400000.0,100
Wilfried Singo,Galatasaray,648779.0,23000000.0,100
Richard Akonnor,Göztepe,1081721.0,800000.0,100
Myenty Abena,Gaziantep FK,254003.0,600000.0,100
Logi Tomasson,Samsunspor,472873.0,3000000.0,100
Jawad El Yamiq,Eyüpspor,235412.0,600000.0,100
Zakaria Ariss,Çaykur Rizespor,748023.0,150000.0,81
Kassoum Ouattara,Beşiktaş JK,947360.0,12000000.0,100
Taylan Bulut,Beşiktaş JK,810100.0,5000000.0,100
Jakob Jessen,Kasımpaşa,735438.0,800000.0,100
Andrei Borza,Çorum FK,723826.0,2500000.0,100
Allan,Göztepe,1082631.0,20000000.0,100
Malcom Bokele,Göztepe,647787.0,5000000.0,100
Mithat Pala,Çaykur Rizespor,703720.0,3000000.0,100
Kazımcan Karataş,Galatasaray,697149.0,2000000.0,100
Umut Meraş,Amed Sportif Faaliyetler,341549.0,400000.0,100
Attila Mocsi,Çaykur Rizespor,496996.0,2000000.0,100
Nélson Semedo,Fenerbahçe,231572.0,6000000.0,100
Ömer Ali Şahiner,Başakşehir FK,110695.0,200000.0,100
Yhoan Andzouana,Konyaspor,342218.0,800000.0,100
Archie Brown,Fenerbahçe,581329.0,12000000.0,100
Cláudio Winck,Kasımpaşa,181783.0,800000.0,100
Wagner Pina,Trabzonspor,1072017.0,11000000.0,100
Seyfettin Anıl Yaşar,Eyüpspor,685329.0,300000.0,100
Festy Ebosele,Erzurumspor FK,586756.0,2500000.0,100
Nathan Aké,Fenerbahçe,177476.0,12000000.0,100
Amar Gerxhaliu,Erzurumspor FK,866177.0,275000.0,100
Taha Altıkardeş,Göztepe,745233.0,4000000.0,100
Yakup Kırtay,Erzurumspor FK,,,0
Nihad Mujakić,Erzurumspor FK,380919.0,1200000.0,100
Uğurcan Yazğılı,Konyaspor,295955.0,2000000.0,100
Mert Müldür,Fenerbahçe,353922.0,7000000.0,100
Hamza Güreler,Başakşehir FK,988247.0,1800000.0,100
Miraç Acer,Amed Sportif Faaliyetler,,,0
Bedirhan Özyurt,Alanyaspor,710051.0,200000.0,100
Arda Yavuz,Eyüpspor,1175508.0,50000.0,100
Deian Sorescu,Gaziantep FK,379209.0,1500000.0,100
Mohamed Salah,Trabzonspor,148455.0,22000000.0,100
Dia Saba,Amed Sportif Faaliyetler,193928.0,3500000.0,100
Haris Hajradinović,Kasımpaşa,215592.0,1200000.0,100
Qazim Laçi,Çaykur Rizespor,290552.0,2800000.0,100
Franco Tongya,Gençlerbirliği,530851.0,2000000.0,100
Celil Yüksel,Samsunspor,336074.0,800000.0,100
Emre Kılınç,Samsunspor,208848.0,1000000.0,100
Alexandru Maxim,Gaziantep FK,129513.0,300000.0,100
Yunus Akgün,Galatasaray,396908.0,18000000.0,100
Andreas Skov Olsen,Başakşehir FK,432982.0,6000000.0,100
Salih Özcan,Beşiktaş JK,244940.0,3500000.0,100
Talisca,Fenerbahçe,258626.0,7000000.0,100
Florent Hadergjonaj,Alanyaspor,238809.0,1800000.0,100
Junior Olaitan,Beşiktaş JK,900938.0,7000000.0,100
Ylber Ramadani,Çorum FK,442703.0,1800000.0,100
Arda Kurtulan,Göztepe,700031.0,7000000.0,100
Deniz Türüç,Konyaspor,216662.0,500000.0,100
Marco Asensio,Fenerbahçe,296622.0,15000000.0,100
Lucas Torreira,Galatasaray,318077.0,10000000.0,100
Gökhan Gül,Amed Sportif Faaliyetler,269171.0,1300000.0,100
Berat Özdemir,Çorum FK,483063.0,2500000.0,100
Jakub Kałuziński,Başakşehir FK,699418.0,2500000.0,96
Václav Černý,Beşiktaş JK,242063.0,7000000.0,100
Melih İbrahimoğlu,Konyaspor,391555.0,2500000.0,100
Aral Şimşir,Trabzonspor,514887.0,10000000.0,100
N'Golo Kanté,Fenerbahçe,225083.0,4000000.0,100
Berkan Kutlu,Kocaelispor,469787.0,2500000.0,100
Metehan Mimaroğlu,Trabzonspor,294100.0,400000.0,100
Orkun Kökçü,Beşiktaş JK,454567.0,25000000.0,100
Novatus Miroshi,Göztepe,833315.0,5000000.0,100
Marko Jevtović,Konyaspor,256000.0,400000.0,100
Amine Cherni,Göztepe,782935.0,3500000.0,95
Noah Saviolo,Trabzonspor,671669.0,10000000.0,100
Andri Fannar Baldursson,Kasımpaşa,464446.0,2000000.0,100
Adama Malouda Traoré,Gençlerbirliği,204103.0,6000000.0,100
Abdelhamid Sabiri,Eyüpspor,340394.0,850000.0,100
Chandrel Massanga,Eyüpspor,752455.0,800000.0,100
Oğulcan Ülgün,Gençlerbirliği,440653.0,1200000.0,100
Moussa Kyabou,Gençlerbirliği,872123.0,400000.0,100
Mario Lemina,Galatasaray,170934.0,4500000.0,100
Samed Onur,Samsunspor,538864.0,700000.0,100
Ulrich Meleke,Gaziantep FK,,,0
Onur Ergün,Başakşehir FK,293998.0,150000.0,100
Drissa Camara,Gaziantep FK,614742.0,3500000.0,100
Kerem Demirbay,Kasımpaşa,125858.0,1000000.0,100
Miguel Cardoso,Erzurumspor FK,348425.0,1500000.0,100
Ahmed Ildız,Çorum FK,226169.0,300000.0,100
Alex Matos,Göztepe,670850.0,1200000.0,100
Alexandros Kyziridis,Çorum FK,586538.0,3500000.0,100
Fredy,Çorum FK,87854.0,225000.0,100
Hamza Akman,Eyüpspor,727152.0,400000.0,100
Baran Ali Gezek,Alanyaspor,988710.0,1500000.0,100
Charles-Andre Raux Yao,Eyüpspor,976840.0,700000.0,95
Leroy Sané,Galatasaray,192565.0,20000000.0,100
Mattéo Guendouzi,Fenerbahçe,465830.0,27000000.0,100
Show,Kocaelispor,568216.0,1500000.0,100
Ruan Pereira Duarte,Alanyaspor,1053933.0,3000000.0,100
Gabriel Sara,Galatasaray,553469.0,27000000.0,100
Benjamin Bouchouari,Trabzonspor,783094.0,4500000.0,100
İlkay Gündoğan,Galatasaray,53622.0,2000000.0,100
Lesley Ugochukwu,Galatasaray,711999.0,22000000.0,100
Elson Mendes,Kasımpaşa,,,0
Cem Üstündag,Amed Sportif Faaliyetler,,,0
Gaius Makouta,Alanyaspor,450173.0,2000000.0,100
Gidado Victor Ntino-Emo,Gaziantep FK,1209519.0,400000.0,100
Alexis Antunes,Göztepe,346898.0,1500000.0,100
Juninho Bacuna,Gaziantep FK,348863.0,1700000.0,100
Taylan Antalyalı,Çaykur Rizespor,204176.0,700000.0,100
Rayan Raveloson,Amed Sportif Faaliyetler,344576.0,1000000.0,100
Ruslan Malinovskyi,Trabzonspor,207877.0,2500000.0,100
Makana Baku,Kocaelispor,336974.0,800000.0,100
Mohammed Diomande,Çorum FK,658531.0,7000000.0,96
Lenny Pintor,Eyüpspor,418660.0,200000.0,100
Ilhan Fakili,Beşiktaş JK,,,0
Elliot Watt,Samsunspor,403574.0,2000000.0,100
İzzet Çelik,Alanyaspor,811841.0,250000.0,100
Melih Kabasakal,Trabzonspor,275683.0,600000.0,100
Kacper Kozłowski,Gaziantep FK,554284.0,6000000.0,96
Emir Bars,Konyaspor,62374.0,25000.0,80
Serdar Gürler,Çorum FK,98512.0,150000.0,100
Yusuf Sarı,Başakşehir FK,517376.0,4000000.0,100
Mahamadou Susoho,Kocaelispor,895074.0,1000000.0,100
Abbosbek Fayzullaev,Başakşehir FK,754037.0,7000000.0,100
Olivier Kemen,Başakşehir FK,243725.0,2500000.0,100
Ahmed Kutucu,Çaykur Rizespor,452084.0,3000000.0,100
Ermal Krasniqi,Amed Sportif Faaliyetler,606893.0,1000000.0,100
Enis Bardhi,Konyaspor,245014.0,2500000.0,100
Ibrahim Olawoyin,Çaykur Rizespor,672597.0,2200000.0,100
Mortadha Ben Ouanes,Kasımpaşa,230921.0,1500000.0,100
Cheikh Niasse,Gençlerbirliği,644032.0,2000000.0,100
Murat Cem Akpinar,Erzurumspor FK,388913.0,325000.0,100
Emirhan Boz,Kasımpaşa,,,0
Rayan Lutin,Amed Sportif Faaliyetler,954090.0,800000.0,100
Sefa Akgün,Erzurumspor FK,321705.0,200000.0,100
Barış Alper Yılmaz,Galatasaray,541537.0,30000000.0,100
Wilfred Ndidi,Beşiktaş JK,274839.0,8000000.0,100
Florin Ştefan,Gaziantep FK,320637.0,700000.0,100
Rhaldney,Göztepe,638269.0,1000000.0,100
Ousmane Diabate,Gençlerbirliği,1489506.0,1000000.0,100
Markus Karlsbakk,Çorum FK,519882.0,1500000.0,100
Ege Bilim,Kocaelispor,,,0
Dal Varešanović,Çaykur Rizespor,433105.0,1200000.0,100
Ernest Muçi,Trabzonspor,583917.0,11000000.0,100
Renato Nhaga,Galatasaray,1396595.0,6000000.0,100
Salih Uçan,Gençlerbirliği,170838.0,800000.0,100
Oghenekaro Etebo,Gençlerbirliği,,,0
Furkan Soyalp,Amed Sportif Faaliyetler,221285.0,400000.0,100
Kenan Fakili,Çorum FK,,,0
Ozan Tufan,Trabzonspor,236471.0,1500000.0,100
Metehan Altunbaş,Kocaelispor,621603.0,2000000.0,100
Ogün Bayrak,Göztepe,545550.0,700000.0,100
Oğuz Aydın,Fenerbahçe,563749.0,7000000.0,100
Ensar Kemaloğlu,Gençlerbirliği,457774.0,200000.0,100
Konrad Michalak,Eyüpspor,387160.0,500000.0,100
Yalçın Kayan,Samsunspor,605266.0,1000000.0,100
Bilal Boutobba,Eyüpspor,344151.0,1200000.0,100
Rigoberto Rivas,Kocaelispor,451353.0,1200000.0,100
Emircan Gürlük,Çorum FK,858259.0,1200000.0,100
Mete Demir,Eyüpspor,282615.0,450000.0,100
İsmail Yüksek,Fenerbahçe,613725.0,15000000.0,100
Yira Collins Sor,Amed Sportif Faaliyetler,673382.0,2500000.0,100
Marcus Rafferty,Kasımpaşa,944822.0,650000.0,100
Brandon Baiye,Erzurumspor FK,358025.0,700000.0,100
Mustafa Fettahoglu,Erzurumspor FK,,,0
İrfan Can Kahveci,Fenerbahçe,216603.0,3000000.0,100
Antoine Sekongo,Samsunspor,583255.0,80000000.0,80
Diogo Gonçalves,Konyaspor,258015.0,2500000.0,100
Fousseni Diabaté,Kasımpaşa,364861.0,800000.0,100
Fernando Andrade,Erzurumspor FK,236537.0,400000.0,100
Bartuğ Elmaz,Fenerbahçe,655895.0,1500000.0,100
Tayfur Bingöl,Kocaelispor,184440.0,400000.0,100
Maestro,Alanyaspor,666551.0,7000000.0,100
Enes Keskin,Alanyaspor,742611.0,350000.0,100
Mame Mor Faye,Çaykur Rizespor,1111241.0,275000.0,100
Elisha Owusu,Erzurumspor FK,395695.0,4000000.0,100
Martín Rodríguez,Erzurumspor FK,187309.0,500000.0,100
Antoine Makoumbou,Samsunspor,460651.0,4000000.0,100
David Costa,Eyüpspor,719442.0,5000000.0,100
Rajmund Tóth,Konyaspor,,,0
Milot Rashica,Beşiktaş JK,291739.0,3500000.0,100
Yusuf Özdemir,Alanyaspor,652426.0,2800000.0,100
Victor Osimhen,Galatasaray,401923.0,75000000.0,100
Mason Greenwood,Fenerbahçe,532826.0,55000000.0,100
Vedat Muriqi,Fenerbahçe,256267.0,4500000.0,100
Efkan Bekiroğlu,Göztepe,327402.0,1000000.0,100
Adrian Benedyczak,Kasımpaşa,454386.0,5000000.0,100
Fatih Kaya,Samsunspor,368825.0,400000.0,100
Eldor Shomurodov,Başakşehir FK,358166.0,7000000.0,100
Marius Mouandilmadji,Samsunspor,598399.0,7000000.0,100
Jesús Ramírez,Çorum FK,419936.0,5000000.0,100
Ebrima Colley,Konyaspor,567217.0,800000.0,100
Ibrahim Kaya,Alanyaspor,712127.0,1500000.0,100
Samuel Ballet,Amed Sportif Faaliyetler,309977.0,2000000.0,100
Janderson,Göztepe,976561.0,6000000.0,100
Leandro Trossard,Beşiktaş JK,144028.0,18000000.0,100
Emrecan Bulut,Çaykur Rizespor,1050797.0,600000.0,100
Sinclair Armstrong,Göztepe,724532.0,2500000.0,100
Trivante Stewart,Gaziantep FK,880054.0,150000.0,100
Tiago Gouveia,Gençlerbirliği,479638.0,3500000.0,100
Ali Yavuz Kol,Kasımpaşa,477938.0,250000.0,100
Saikuba Jarju,Samsunspor,,,0
Jackson Muleka,Konyaspor,549966.0,2800000.0,100
Adedire Mebude,Çaykur Rizespor,719672.0,1500000.0,100
Umut Bozok,Başakşehir FK,259025.0,1500000.0,100
André Henrique,Göztepe,1024605.0,3000000.0,100
Juan Santos da Silva,Göztepe,662332.0,12000000.0,100
Ali Sowe,Çaykur Rizespor,229817.0,1500000.0,100
Meschak Elia,Alanyaspor,423678.0,1500000.0,96
Prince Martor,Gençlerbirliği,,,0
Fuat Bavuk,Gaziantep FK,,,0
Tahsin Bülbül ,Samsunspor,1142144.0,200000.0,100
Ahmed Abdullahi,Eyüpspor,1015619.0,800000.0,100
Kerem Aktürkoğlu,Fenerbahçe,382528.0,20000000.0,100
Romelu Lukaku,Fenerbahçe,96341.0,6000000.0,100
Enis Destan,Konyaspor,699980.0,2000000.0,100
Sekou Koita,Gençlerbirliği,402010.0,2500000.0,100
Blaž Kramer,Konyaspor,322288.0,900000.0,100
Davie Selke,Başakşehir FK,178459.0,2800000.0,100
Nariman Akhundzade,Erzurumspor FK,865793.0,2000000.0,94
Güven Yalçın,Kasımpaşa,341019.0,1000000.0,100
Gift Orban,Amed Sportif Faaliyetler,1018259.0,7000000.0,100
İlkan Sever,Erzurumspor FK,1259181.0,50000.0,80
Mustafa Coskun Tosun,Çaykur Rizespor,296913.0,150000.0,100
Dušan Vlahović,Beşiktaş JK,357498.0,35000000.0,100
Eren Tozlu,Erzurumspor FK,136212.0,250000.0,100
Omar Ben Ali,Alanyaspor,,,0
Dan Agyei,Kocaelispor,367195.0,1200000.0,100
Hwang Ui-jo,Alanyaspor,260166.0,500000.0,100
Dorgeles Nene,Fenerbahçe,671591.0,20000000.0,100
Serdar Dursun,Gaziantep FK,80059.0,250000.0,100
Halil Dervişoğlu,Gaziantep FK,465606.0,700000.0,100
Arda Ozyar,Kocaelispor,1303365.0,50000.0,100
Arda Usluoğlu,Alanyaspor,,,0
Hyeon-gyu Oh,Beşiktaş JK,639246.0,15000000.0,100
Ivan Brnić,Başakşehir FK,432752.0,2000000.0,100
Yusuf Barası,Eyüpspor,566271.0,800000.0,100
Mbaye Diagne,Amed Sportif Faaliyetler,271966.0,2000000.0,100
Bertuğ Yıldırım,Başakşehir FK,672803.0,7000000.0,100
Gyrano Kerk,Erzurumspor FK,268112.0,3000000.0,100
Paul Onuachu,Trabzonspor,272855.0,6000000.0,100
Mame Thiam,Çorum FK,163053.0,1200000.0,100
Gonçalo Sousa,Kocaelispor,1050215.0,1700000.0,100
Semih Kılıçsoy,Beşiktaş JK,875334.0,11000000.0,100
Sontje Hansen,Gaziantep FK,485582.0,3000000.0,100
Sinan Alkas,Kasımpaşa,134631.0,2000000.0,85
Johannes Schenk,SK Beveren,604326.0,250000.0,100
Hervé Koffi,Royale Union Saint-Gilloise,415383.0,6000000.0,100
Dani van den Heuvel,Oud-Heverlee Leuven,559320.0,800000.0,100
Léo Kokubo,Sint-Truidense VV,501737.0,5000000.0,100
Louis Bostyn,SV Zulte Waregem,159382.0,150000.0,100
Yann Sommer,Club Brugge KV,42205.0,2000000.0,100
Nacho Miras,KV Mechelen,685106.0,3500000.0,100
Vic Chambaere,Royale Union Saint-Gilloise,565429.0,700000.0,100
Davy Roef,KAA Gent,140808.0,2500000.0,100
Matthias Pieklak,Lommel SK,961054.0,200000.0,100
Taishi Brandon Nozawa,Royal Antwerp FC,617377.0,3500000.0,100
Marko Ilić,KV Kortrijk,343953.0,1200000.0,100
Gaëtan Coucke,Cercle Brugge,338651.0,2500000.0,100
Colin Coosemans,RSC Anderlecht,154351.0,1200000.0,100
Mohamed Koné,RC Sporting Charleroi,911985.0,2000000.0,100
Matthieu Epolo,Standard Liège,680218.0,8000000.0,100
Lucca Brughmans,KRC Genk,1105547.0,4000000.0,100
Martin Delavallée,RC Sporting Charleroi,903223.0,1500000.0,100
Marcos Hernán Peano,RAAL La Louvière,360338.0,2000000.0,100
Andreas Jungdal,KVC Westerlo,592924.0,3500000.0,100
Kévin Van Den Kerkhof,RC Sporting Charleroi,400680.0,1800000.0,100
Brandon Mechele,Club Brugge KV,236168.0,2800000.0,100
Aiham Ousou,RC Sporting Charleroi,585068.0,3000000.0,100
Yannick Cappelle,SV Zulte Waregem,583901.0,650000.0,100
Check Keita,RC Sporting Charleroi,820146.0,3500000.0,100
Han-Beom Lee,Club Brugge KV,706963.0,3000000.0,100
Tiago Araújo,KAA Gent,481628.0,2500000.0,100
Giulian Biancone,RSC Anderlecht,536507.0,2500000.0,100
Timothy Eyoma,Lommel SK,406559.0,500000.0,100
Kyriani Sabbe,Club Brugge KV,743122.0,8000000.0,100
Ali Maamar,RSC Anderlecht,920585.0,2500000.0,100
Dries Wouters,Lommel SK,249570.0,700000.0,100
Yoni Gomis,SK Beveren,988272.0,350000.0,100
Massire Sylla,Royale Union Saint-Gilloise,1256870.0,800000.0,100
Mardochee Nzita,RC Sporting Charleroi,463738.0,1500000.0,100
Jakob Kiilerich,SV Zulte Waregem,521225.0,1000000.0,100
Eran Tuypens,Royal Antwerp FC,1130961.0,300000.0,100
Rein Van Helden,Royal Antwerp FC,706063.0,3000000.0,100
Robert-Jan Vanwesemael,Sint-Truidense VV,727528.0,3000000.0,100
Geoffrey Kondo,Cercle Brugge,1027253.0,3000000.0,100
Joaquin Seys,Club Brugge KV,981196.0,20000000.0,100
Siebe Van Der Heyden,KAA Gent,400131.0,3000000.0,100
Wilguens Paugain,SV Zulte Waregem,609691.0,800000.0,100
Christian Burgess,KAA Gent,244221.0,1800000.0,100
Léo Pétrot,RSC Anderlecht,412829.0,1500000.0,100
Moussa Ndiaye,RSC Anderlecht,649022.0,4000000.0,100
Gora Diouf,KV Mechelen,1049965.0,1500000.0,100
Mouhamed El Ngom,KAA Gent,922792.0,800000.0,100
Christiaan Ravych,Cercle Brugge,579089.0,2500000.0,100
Shawn Adewoye,Lommel SK,358021.0,900000.0,100
Massamba Sow,RC Sporting Charleroi,959576.0,400000.0,100
Fedde Leysen,Royale Union Saint-Gilloise,660746.0,3500000.0,100
Noë Dussenne,Oud-Heverlee Leuven,160736.0,300000.0,100
Josue Ndenge Kongolo,KRC Genk,997474.0,3500000.0,100
Laurent Lemoine,SV Zulte Waregem,289584.0,800000.0,100
Kevin Mac Allister,Royale Union Saint-Gilloise,428920.0,12000000.0,100
Gary Magnee,Cercle Brugge,679050.0,2200000.0,100
Ibrahim Diakité,Cercle Brugge,919173.0,1000000.0,100
Marlon Fossey,Standard Liège,408562.0,3500000.0,100
Maksim Paskotsi,KAA Gent,488298.0,3500000.0,100
Taiga Hata,Sint-Truidense VV,570572.0,2500000.0,100
Patrick Nkoa,RAAL La Louvière,1082625.0,1500000.0,100
Yuto Tsunashima,Royal Antwerp FC,1030663.0,1500000.0,100
Matties Volckaert,KAA Gent,781812.0,2000000.0,100
Valy Konaté,Cercle Brugge,1120020.0,1300000.0,100
Salim Diakité,SV Zulte Waregem,136589.0,325000.0,84
Semm Renders,Royal Antwerp FC,1186563.0,1200000.0,100
Maxime Busi,Royal Antwerp FC,570817.0,800000.0,100
Noah Solheid,RC Sporting Charleroi,1037260.0,100000.0,100
Henry Oware,Lommel SK,560763.0,350000.0,85
Franz Tangala,SV Zulte Waregem,,,0
Ian Struyf,KV Mechelen,1269454.0,400000.0,100
Joris Kayembe,KRC Genk,129586.0,2000000.0,100
Luca Schelfhout,Royal Antwerp FC,688245.0,100000.0,80
Nikki Havenaar,Royale Union Saint-Gilloise,129684.0,500000.0,100
Viktor Boone,SK Beveren,396823.0,350000.0,100
Jannik Thomas Robatsch,SK Beveren,909860.0,500000.0,100
Marco Kana,RSC Anderlecht,486051.0,3000000.0,100
Louis Patris,Royale Union Saint-Gilloise,502247.0,2500000.0,100
Yllan Okou,RAAL La Louvière,745202.0,2000000.0,100
Dylan Ourega,KVC Westerlo,1010044.0,1000000.0,100
Bruno Godeau,SK Beveren,142924.0,350000.0,100
Zakaria El Ouahdi,KRC Genk,820474.0,17000000.0,100
Henry Lawrence,Standard Liège,580765.0,4000000.0,100
Roggerio Nyakossi,Oud-Heverlee Leuven,805484.0,5000000.0,100
Loïc Mbe Soh,Sint-Truidense VV,463610.0,2000000.0,100
Gustav Mortensen,Standard Liège,685679.0,3000000.0,100
Ibe Hautekiet,Standard Liège,565016.0,4000000.0,100
Bjorn Meijer,Club Brugge KV,594227.0,3000000.0,100
Marius Courcoul,RAAL La Louvière,1075575.0,2500000.0,100
Davis Opoku,Oud-Heverlee Leuven,1200400.0,800000.0,100
José Marsà,KV Mechelen,563139.0,3500000.0,100
Luc Marijnissen,KV Mechelen,717604.0,1500000.0,100
Laurent Jans,SK Beveren,163724.0,250000.0,100
Shaquil Delos,RAAL La Louvière,650809.0,400000.0,100
Wagane Faye,RAAL La Louvière,463133.0,400000.0,100
Djibril Lamego,RAAL La Louvière,947363.0,1500000.0,100
Visar Musliu,Sint-Truidense VV,207623.0,1000000.0,100
Ewoud Pletinckx,Oud-Heverlee Leuven,491298.0,1800000.0,100
Ludwig Augustinsson,RSC Anderlecht,170646.0,1500000.0,100
Rudy Kohon,KV Kortrijk,917101.0,100000.0,100
Amando Lapage,KVC Westerlo,1029619.0,800000.0,100
Christophe Janssens,SK Beveren,289564.0,300000.0,100
Harrison Murray-Campbell,KV Kortrijk,985691.0,500000.0,100
Joedrick Pupe,Sint-Truidense VV,452296.0,1300000.0,100
Massimo Decoene,KV Mechelen,931712.0,400000.0,100
Dominic Thompson,SK Beveren,503688.0,400000.0,100
Matte Smets,KRC Genk,1019174.0,10000000.0,100
Reno Münz,KVC Westerlo,934645.0,200000.0,100
Wolke Janssens,Sint-Truidense VV,235247.0,300000.0,100
Emmanuel Kakou,Cercle Brugge,1233680.0,2000000.0,100
Lucas Mbamba,KVC Westerlo,937111.0,1000000.0,100
Shogo Taniguchi,Sint-Truidense VV,307870.0,750000.0,100
James Ndjeungoue,KV Kortrijk,1040824.0,700000.0,100
Lasse Flø,KVC Westerlo,802547.0,750000.0,100
Leo Fuhr Hjelde,KV Mechelen,661208.0,1500000.0,100
Daan Dierckx,Standard Liège,621965.0,1500000.0,100
Takuya Ogiwara,Oud-Heverlee Leuven,492730.0,600000.0,100
Yaimar Medina,KRC Genk,893659.0,4000000.0,100
Kobe Corbanie,KV Mechelen,981194.0,700000.0,100
Gilles Ruyssen,KV Kortrijk,271441.0,600000.0,100
Seiji Kimura,KVC Westerlo,501749.0,1500000.0,100
Christian Akpan,KRC Genk,1103809.0,350000.0,100
Michée Ndembi,KVC Westerlo,1247587.0,250000.0,100
Jorne Spileers,Club Brugge KV,743381.0,3000000.0,100
Hugo Siquet,Club Brugge KV,578680.0,4000000.0,100
Parfait Guiagon,RC Sporting Charleroi,624913.0,5000000.0,100
Adnane Abid,Standard Liège,583899.0,2500000.0,100
Carlos Forbs,Club Brugge KV,742451.0,20000000.0,100
Ryan Merlen,Sint-Truidense VV,538970.0,1000000.0,100
Salieu Drammeh,Standard Liège,656141.0,1000000.0,100
Darius Olaru,Royale Union Saint-Gilloise,395800.0,4500000.0,100
Casper Nielsen,Standard Liège,148365.0,1500000.0,100
Lukáš Ambros,RSC Anderlecht,671548.0,5000000.0,100
Tom Reyners,Lommel SK,358042.0,900000.0,100
Hans Vanaken,Club Brugge KV,137576.0,5000000.0,100
Nelson Ishiwatari,Sint-Truidense VV,915026.0,750000.0,100
Thomas Claes,SV Zulte Waregem,671682.0,1500000.0,100
Guilherme Smith,Royale Union Saint-Gilloise,949337.0,4000000.0,100
Marley Aké,SV Zulte Waregem,682032.0,2500000.0,100
Therence Koudou,KV Mechelen,910176.0,4000000.0,100
Óscar Gil,Oud-Heverlee Leuven,544106.0,800000.0,100
Joshua Nga Kana,RSC Anderlecht,,,0
Jules Ahoka,Royal Antwerp FC,1401779.0,300000.0,100
Kamiel Van de Perre,Royale Union Saint-Gilloise,655021.0,8000000.0,100
Bryan Heynen,KRC Genk,356081.0,8000000.0,100
Yassine Khalifi,RC Sporting Charleroi,869462.0,1300000.0,100
Rob Schoofs,Royale Union Saint-Gilloise,157396.0,2000000.0,100
Adem Zorgane,Royale Union Saint-Gilloise,592403.0,12000000.0,100
Ismaila Coulibaly,RAAL La Louvière,490224.0,700000.0,100
Freddie Potts,Club Brugge KV,698164.0,10000000.0,100
Tibe De Vlieger,KAA Gent,1019173.0,3000000.0,100
Modibo Fofana,Royal Antwerp FC,,,0
Cedric Jan Van Meirvenne,KV Mechelen,,,0
István Átrok,SV Zulte Waregem,,,0
Marco Ilaimaharitra,Standard Liège,205550.0,800000.0,100
Ilias Sebaoui,Sint-Truidense VV,852953.0,3500000.0,100
Abdoulaye Sissako,Sint-Truidense VV,418661.0,2000000.0,100
Amine Boukamir,RC Sporting Charleroi,961051.0,500000.0,100
Enrique Lofolomo,SV Zulte Waregem,591032.0,1000000.0,100
Jakob Napoleon Romsaas,RC Sporting Charleroi,902401.0,1200000.0,100
Brecht Dejaegere,KV Kortrijk,159098.0,1200000.0,100
Lucas Schoofs,Lommel SK,323602.0,700000.0,100
Stredair Appuah,Lommel SK,1004618.0,500000.0,100
Alexis Trouillet,Standard Liège,482769.0,900000.0,100
Lukas Mondele,Cercle Brugge,655003.0,50000.0,100
Isaac Ismaël Cissé,RC Sporting Charleroi,1084667.0,1200000.0,100
Lawrence Agyekum,Cercle Brugge,733410.0,1500000.0,100
Mathias Delorge,KAA Gent,723487.0,7000000.0,100
Nathan-Dylan Saliba,RSC Anderlecht,842420.0,7500000.0,100
Ayumu Yokoyama,KRC Genk,835775.0,1500000.0,100
Serxho Ujka,SV Zulte Waregem,597289.0,400000.0,100
Jeppe Erenbjerg,KRC Genk,543302.0,4000000.0,100
Christopher Scott,Royal Antwerp FC,503162.0,2200000.0,100
Ken Masui,KV Kortrijk,,,0
Antoine Bernier,RC Sporting Charleroi,340343.0,1500000.0,100
Tayo Adaramola,Cercle Brugge,724529.0,800000.0,100
William Balikwisha,Oud-Heverlee Leuven,381968.0,300000.0,100
Cheveyo Tsawa,Club Brugge KV,794749.0,6000000.0,100
Oliver Antman,RSC Anderlecht,527896.0,4000000.0,100
Tristan Degreef,RSC Anderlecht,903513.0,3000000.0,100
Nikolas Sattlberger,KRC Genk,669632.0,2200000.0,100
Chris Lokesa,SK Beveren,671675.0,375000.0,100
Relebohile Mofokeng,Royale Union Saint-Gilloise,1125037.0,3000000.0,100
Patrick Pflücke,RC Sporting Charleroi,159522.0,1800000.0,100
Cameron Congreve,KVC Westerlo,667506.0,450000.0,100
Aimé Omgba,KAA Gent,568373.0,1000000.0,100
Isaiah Dada-Mascoll,Lommel SK,,,0
Leonardo Lopes,KAA Gent,348756.0,2500000.0,100
Malick Mbaye,SV Zulte Waregem,707063.0,400000.0,100
Ousseynou Niang,Royale Union Saint-Gilloise,509463.0,6000000.0,100
Abdelkahar Kadri,KAA Gent,592400.0,2500000.0,100
Erick Nunes,Cercle Brugge,1086381.0,600000.0,100
Ibrahima Sory Bangoura,KRC Genk,1038348.0,6000000.0,100
Mátyás Kovács,RAAL La Louvière,486748.0,200000.0,80
Sieben Dewaele,SK Beveren,371936.0,500000.0,100
Viggo Martens,Cercle Brugge,,,0
Zalán Vancsa,Lommel SK,721666.0,450000.0,100
Junya Ito,KRC Genk,348791.0,3000000.0,100
Besfort Zeneli,Royale Union Saint-Gilloise,715653.0,6000000.0,100
Ondrej Kricfalusi,Royale Union Saint-Gilloise,839551.0,3500000.0,100
Louie Van Gelder,Royal Antwerp FC,,,0
Tristan Panduro,SV Zulte Waregem,1027444.0,100000.0,100
Farouck Adekami,Royal Antwerp FC,1293796.0,1800000.0,100
Joey Pelupessy,Lommel SK,187293.0,250000.0,100
Henok Teklab,Oud-Heverlee Leuven,492634.0,800000.0,100
Joel Ndala,Cercle Brugge,,,0
Hugo Vetlesen,Club Brugge KV,499758.0,5000000.0,100
Félix Lemaréchal,Club Brugge KV,659518.0,6000000.0,100
Cheick Oumar Conde,SK Beveren,698560.0,700000.0,100
Dennis Praet,KV Mechelen,129588.0,1500000.0,100
Wouter George,Oud-Heverlee Leuven,551932.0,700000.0,100
Jearl Margaritha,SK Beveren,,,0
Lazare Amani,Cercle Brugge,435808.0,1000000.0,100
Thibo Somers,Royal Antwerp FC,719456.0,3000000.0,100
Makaya Ibrahima Diaby,Cercle Brugge,1053160.0,1500000.0,100
Nikola Mituljikić,SV Zulte Waregem,706554.0,400000.0,100
László Bénes,KAA Gent,243188.0,2500000.0,100
Kenan Haroun,KRC Genk,,,0
Dante Rigo,SK Beveren,314974.0,1000000.0,100
Kyrell Wilson,KAA Gent,906428.0,250000.0,100
Bryang Kayo,Oud-Heverlee Leuven,666821.0,300000.0,100
Tobias Mohr,Standard Liège,153661.0,800000.0,100
Siebe Schrijvers,Oud-Heverlee Leuven,208552.0,1500000.0,100
Ibrahim Karamoko,Standard Liège,538072.0,3000000.0,100
Tian Nai Koren,Club Brugge KV,,,0
Ibrahim Fofana,KVC Westerlo,666922.0,700000.0,96
Karol Borys,KVC Westerlo,890272.0,1300000.0,100
Jan Virgili,Club Brugge KV,1301775.0,15000000.0,100
Isa Sakamoto,KVC Westerlo,814491.0,4000000.0,100
Kurt Abrahams,SK Beveren,490325.0,200000.0,100
Shunsuke Saito,KVC Westerlo,1194136.0,1300000.0,100
Lenn De Smet,KV Kortrijk,910926.0,150000.0,100
Thierry Lutonda,RAAL La Louvière,416802.0,600000.0,100
Nayel Mehssatou,KV Kortrijk,486053.0,1500000.0,100
Rayan Touzghar,Standard Liège,1012564.0,60000000.0,100
Mame Wade,RAAL La Louvière,506150.0,400000.0,80
Guillaume De Schryver,SK Beveren,910926.0,150000.0,100
Ryan Fosso,Standard Liège,620832.0,2000000.0,100
Xander Dierckx,Royal Antwerp FC,1264666.0,3000000.0,100
Fredrik Hammar,KV Mechelen,504245.0,3000000.0,100
Łukasz Łakomy,Oud-Heverlee Leuven,401598.0,2000000.0,91
Boris Lambert,KV Kortrijk,585711.0,700000.0,100
Matthew Anderson,KV Kortrijk,539183.0,600000.0,100
Reda Laalaoui,KVC Westerlo,1094135.0,500000.0,100
Sverre Nypan,Lommel SK,911736.0,13000000.0,100
Mohamed Salah El Boukammiri,Lommel SK,148455.0,22000000.0,100
Dikeni Salifou,KV Mechelen,664973.0,1000000.0,100
Anas Tajaouart,RAAL La Louvière,1113308.0,400000.0,100
Juho Talvitie,Lommel SK,741587.0,700000.0,100
Yang Min-hyeok,KVC Westerlo,1004327.0,3000000.0,100
Snayder Porozo,Royal Antwerp FC,,,0
Lars Beirinckx,Lommel SK,,,0
Enric Llansana,RSC Anderlecht,412945.0,2000000.0,100
Nolan Gillot,RAAL La Louvière,808128.0,500000.0,100
Daan Heymans,KRC Genk,446491.0,6000000.0,100
Cisse Sandra,KVC Westerlo,632088.0,2000000.0,100
Joël Ito,RAAL La Louvière,338652.0,900000.0,100
Shandre Campbell,KV Kortrijk,1159786.0,1000000.0,100
Moncef Zekri,KV Mechelen,1263687.0,4000000.0,100
Samuel Gueulette,RAAL La Louvière,705416.0,500000.0,100
Noa Cobiella,RSC Anderlecht,,,0
Sylvester Jasper,Standard Liège,502074.0,1800000.0,100
Don-Angelo Konadu,Lommel SK,981693.0,800000.0,100
Mamadou Diakhon,Club Brugge KV,1054839.0,7000000.0,100
Michael Frey,Royal Antwerp FC,147043.0,400000.0,100
Anthony Valencia,Royal Antwerp FC,974374.0,1800000.0,100
Jason van Duiven,Lommel SK,738478.0,1000000.0,100
Mustapha Isah,RAAL La Louvière,1059440.0,700000.0,100
Nicolò Tresoldi,Club Brugge KV,717329.0,25000000.0,100
Promise David,Royale Union Saint-Gilloise,888785.0,17000000.0,100
Dennis Eckert,Standard Liège,249303.0,2000000.0,100
Momodou Sonko,KAA Gent,929876.0,1700000.0,100
Anosike Ementa,SV Zulte Waregem,543311.0,2500000.0,100
Rafiu Durosinmi,KRC Genk,935760.0,7000000.0,100
Aaron Bibout,KRC Genk,1122196.0,3500000.0,100
Freddy Mbemba,RC Sporting Charleroi,,,0
Kaito Matsuzawa,Sint-Truidense VV,1124661.0,800000.0,100
Raul Florucz,Royale Union Saint-Gilloise,449444.0,4000000.0,100
Tobias Hedl,SV Zulte Waregem,548037.0,400000.0,100
Carlos Mejia,Royal Antwerp FC,747596.0,300000.0,100
Christian Brüls,SK Beveren,38978.0,300000.0,100
Ibrahima Cisse,KAA Gent,1473866.0,900000.0,100
Steve Ngoura,Cercle Brugge,923838.0,5000000.0,100
Adriano Bertaccini,RSC Anderlecht,364896.0,4000000.0,100
Josué Vergara,KAA Gent,52910.0,500000.0,100
Mohammed Fuseini,Royale Union Saint-Gilloise,979410.0,2500000.0,100
Ferre Slegers,SK Beveren,,,0
Akpa Chukwu Hemsley,SV Zulte Waregem,,,0
Gerard Vandeplas,Royal Antwerp FC,937117.0,1000000.0,100
Myron Van Brederode,KV Mechelen,650712.0,4500000.0,100
Ralf Seuntjens,Lommel SK,96472.0,100000.0,100
Hyllarion Goore,KAA Gent,1285174.0,4000000.0,100
Elias Filet,RAAL La Louvière,74600.0,1200000.0,100
Norman Bassette,KVC Westerlo,802997.0,1500000.0,100
Jerry Afriyie,KRC Genk,1332184.0,1200000.0,100
Dante Vanzeir,Cercle Brugge,289648.0,1800000.0,100
Geoffry Hairemans,Royal Antwerp FC,110292.0,250000.0,100
Jellert Van Landschoot,KV Kortrijk,,,0
Bruny Nsimba,Standard Liège,452584.0,2500000.0,100
Zsombor Gruber,RAAL La Louvière,648895.0,1500000.0,100
Antoine Colassin,RC Sporting Charleroi,440953.0,600000.0,100
David Amegnaglo,KVC Westerlo,373189.0,1500000.0,100
Romeo Vermant,Club Brugge KV,708454.0,9000000.0,100
Bernard Nguene,Standard Liège,1314671.0,1000000.0,100
Niek Corthouts,Lommel SK,,,0
Luis Narh,Royal Antwerp FC,,,0
Aurélien Scheidler,RC Sporting Charleroi,497175.0,2000000.0,100
Frederic Soelle Soelle,Sint-Truidense VV,981197.0,350000.0,100
Robin Mirisola,KRC Genk,952439.0,4000000.0,100
Adeshina Ayodele,KV Mechelen,,,0
Kyan Vaesen,Oud-Heverlee Leuven,687630.0,700000.0,100
Krys Kouassi,Cercle Brugge,1208836.0,200000.0,100
Bryan Adinany,KV Kortrijk,,,0
Lucas Michal,Cercle Brugge,810909.0,3500000.0,100
Benito Raman,KV Mechelen,112930.0,800000.0,100
Shin Yamada,Oud-Heverlee Leuven,681970.0,800000.0,100
Sixtus Ogbuehi,KV Kortrijk,1230201.0,200000.0,100
Bilal Bafdili,KV Mechelen,1063263.0,1000000.0,100
Shion Shinkawa,Sint-Truidense VV,1153358.0,800000.0,100
Moise Kaboré,SK Beveren,,,0
Malcolm Lohunanu-Mbasi,KV Mechelen,,,0
Léandro Rousseau,RAAL La Louvière,45953.0,100000.0,100
Goduine Koyalipou,KV Kortrijk,525140.0,2500000.0,100
Lennart Mertens,SK Beveren,,,0
Timothée Nkada,Standard Liège,522788.0,2000000.0,96
Mateo Biondic,Royale Union Saint-Gilloise,810285.0,2000000.0,100
Oumar Diouf,Sint-Truidense VV,1137664.0,1000000.0,100
Adama Bojang,RC Sporting Charleroi,1111912.0,800000.0,100
Chukwubuikem Ikwuemesi,Oud-Heverlee Leuven,929494.0,1200000.0,100
Maxim Kireev,KV Mechelen,671677.0,700000.0,88
Danylo Sikan,RSC Anderlecht,417228.0,4000000.0,100
Ibrahim Salah,Royal Antwerp FC,928323.0,1800000.0,100
Keano Vanrafelghem,KV Mechelen,583919.0,1500000.0,100
Felix Tsimba,KVC Westerlo,,,0
Thierry Ambrose,KV Kortrijk,265763.0,1000000.0,100
Mihajlo Cvetković,RSC Anderlecht,897510.0,10000000.0,100
Abdoul Karim Traoré,Oud-Heverlee Leuven,1284784.0,1000000.0,100
Kewan Vemba,SV Zulte Waregem,,,0
Nikolas Polster,Wolfsberger AC,488063.0,2000000.0,100
Niklas Hedl,SK Rapid Wien,404881.0,1200000.0,100
Samuel Sahin-Radlinger,FK Austria Wien,77563.0,450000.0,100
Salko Hamzić,WSG Tirol,948133.0,400000.0,100
Lukas Gütlbauer,Wolfsberger AC,371430.0,500000.0,100
Daniil Khudyakov,SK Sturm Graz,718756.0,1800000.0,100
Lukas Jungwirth,LASK,629011.0,3000000.0,100
Ármin Pécsi,TSV Hartberg,,,0
Domenik Schierl,SC Austria Lustenau,,,0
Andreas Leitner,SV Ried,106851.0,250000.0,100
Ammar Helac,SK Sturm Graz,307598.0,200000.0,100
Dejan Stojanović,SCR Altach,115989.0,500000.0,100
Christian Zawieschitzky,Red Bull Salzburg,915421.0,1000000.0,100
Cican Stanković,Grazer AK 1902,127679.0,400000.0,100
Nenad Cvetković,SK Rapid Wien,319482.0,1200000.0,100
Andrés Andrade Cedeño,LASK,403808.0,2500000.0,100
Jeyland Mitchell,SK Sturm Graz,856068.0,3000000.0,100
Kévin Boma,Red Bull Salzburg,709727.0,6000000.0,100
Frans Krätzig,Red Bull Salzburg,604320.0,2800000.0,100
Jannes Horn,SK Rapid Wien,231586.0,1200000.0,100
Tim Drexler,Red Bull Salzburg,822958.0,3000000.0,100
Dominik Schmid,Red Bull Salzburg,359409.0,3000000.0,100
Albert Vallci,SK Sturm Graz,261935.0,800000.0,100
Xavier Mbuyamba,LASK,640432.0,1500000.0,100
Nikolas Veratschnig,Red Bull Salzburg,601143.0,2500000.0,100
Valentin Zabransky,Red Bull Salzburg,,,0
Marco Boras,WSG Tirol,669166.0,800000.0,100
Daniel Nnodim,FK Austria Wien,530421.0,800000.0,100
Alemão,LASK,560417.0,4000000.0,100
Matteo Kitz,Wolfsberger AC,,,0
Petar Petrović,SK Sturm Graz,942034.0,1700000.0,100
Serge-Philippe Raux-Yao,SK Rapid Wien,683891.0,4000000.0,100
Bendegúz Bolla,SK Rapid Wien,439351.0,3000000.0,100
Jakob Schöller,SK Rapid Wien,715893.0,2000000.0,100
Chukwu Emmanuel,SC Austria Lustenau,1281453.0,250000.0,100
Johannes Handl,FK Austria Wien,293084.0,450000.0,100
Konstantin Schopp,TSV Hartberg,805123.0,600000.0,100
Fabian Wohlmuth,Wolfsberger AC,531289.0,700000.0,100
Fabian Wilfinger,TSV Hartberg,1009490.0,800000.0,100
Benedikt Zech,SCR Altach,83616.0,125000.0,100
Niklas Pertlwieser,SC Austria Lustenau,,,0
Nicolas Wimmer,Wolfsberger AC,194736.0,700000.0,100
Raffael Behounek,Wolfsberger AC,321095.0,650000.0,100
Magnus Dalpiaz,TSV Hartberg,,,0
Yvan Dibango,LASK,863919.0,1300000.0,100
Jakob Brandtner,SCR Altach,,,0
Leandro Morgalla,Red Bull Salzburg,45953.0,100000.0,100
Lukas Spendlhofer,TSV Hartberg,126114.0,200000.0,100
Paul Komposch,TSV Hartberg,452461.0,600000.0,100
Oliver Sorg,SV Ried,960444.0,400000.0,100
Buhari Ibrahim,FK Austria Wien,743024.0,1500000.0,100
Samuel Johansen Chukwudi,SV Ried,617790.0,300000.0,100
David Gugganig,WSG Tirol,223960.0,300000.0,100
Filip Milojevic,SCR Altach,806477.0,1000000.0,100
Lukas Ibertsberger,SC Austria Lustenau,,,0
David Jaunegg,WSG Tirol,602804.0,200000.0,100
Lukas Jäger,SCR Altach,120206.0,200000.0,100
Cheick Mamadou Diabate,Wolfsberger AC,1174506.0,1000000.0,100
Jonas Auer,SK Rapid Wien,393766.0,400000.0,100
Paul Koller,SK Sturm Graz,523895.0,1500000.0,100
Luís Balbo,SK Sturm Graz,1012731.0,3000000.0,100
Oliver Steurer,SV Ried,156710.0,400000.0,100
Matthias Maak,SC Austria Lustenau,102271.0,350000.0,100
Beres Owusu,Grazer AK 1902,1052291.0,800000.0,100
Aleksandar Dragović,FK Austria Wien,59032.0,600000.0,100
Nemanja Čelić,WSG Tirol,27236.0,100000.0,80
Donovan Pines,Grazer AK 1902,638692.0,500000.0,100
Jonas Feddersen,FK Austria Wien,50143.0,2000000.0,100
Fabian Gmeiner,SC Austria Lustenau,189098.0,400000.0,100
Raphael Gschösser,WSG Tirol,1150.0,200000.0,81
Habib Anas Coulibaly,TSV Hartberg,1118503.0,400000.0,100
Petar Markovic,Grazer AK 1902,470790.0,3500000.0,83
Yannick Oberleitner,Grazer AK 1902,515132.0,175000.0,100
Drew Murray,WSG Tirol,662932.0,350000.0,81
Dejan Radonjic,SV Ried,742018.0,600000.0,100
David Kubatta,WSG Tirol,696142.0,400000.0,100
Ludwig Vraa-Jensen,Grazer AK 1902,,,0
Arjan Malić,SK Sturm Graz,805534.0,1800000.0,100
Manoël Verhaeghe,LASK,113586.0,350000.0,100
Miguel Freckleton,LASK,1085296.0,200000.0,100
Matthias Seidl,SK Rapid Wien,526895.0,2500000.0,100
Soumaïla Diabaté,Red Bull Salzburg,1089004.0,8000000.0,100
Niklas Niehoff,SCR Altach,,,0
Aaron Sky Schwarz,Wolfsberger AC,,,0
Krystof Daněk,LASK,652047.0,2000000.0,100
Patrick Greil,SCR Altach,197043.0,800000.0,100
Tobias Kainz,TSV Hartberg,69741.0,225000.0,100
Melayro Bogarde,LASK,476915.0,4000000.0,100
Nicolas Bajlicz,SK Rapid Wien,629040.0,800000.0,100
Benjamin Markuš,TSV Hartberg,515480.0,1000000.0,100
Jurgen Heil,SK Sturm Graz,271223.0,800000.0,100
Jussef Nasrawe,SV Ried,1086701.0,400000.0,100
Benjamin Böckle,SCR Altach,488048.0,700000.0,100
Jaedin Rhodes,SV Ried,,,0
Dion Kacuri,SC Austria Lustenau,659352.0,600000.0,100
Danilo Soares,SC Austria Lustenau,154396.0,700000.0,100
Emran Soglo,SK Sturm Graz,913495.0,700000.0,100
Sascha Horvath,LASK,186365.0,2000000.0,100
Luca Weinhandl,SK Sturm Graz,1169411.0,5000000.0,100
Yann Massombo,SCR Altach,809242.0,800000.0,100
Bartosz Mazurek,Red Bull Salzburg,1118873.0,4500000.0,100
Yusuf Maart,SV Ried,494384.0,500000.0,100
Romeo Amane,SK Rapid Wien,961937.0,5000000.0,100
Jon Gorenc Stanković,SK Sturm Graz,245034.0,2500000.0,100
Abubakr Barry,Red Bull Salzburg,657575.0,3000000.0,100
Stefan Schwab,SV Ried,79612.0,300000.0,100
Sota Kitano,Red Bull Salzburg,671114.0,6000000.0,100
Mike-Steven Bähre,SCR Altach,193006.0,400000.0,100
Philipp Maybach,FK Austria Wien,1048618.0,2500000.0,100
Fabian Rossdorfer,SV Ried,805503.0,500000.0,100
Marco Sulzner,Wolfsberger AC,604504.0,700000.0,100
Vesel Demaku,SCR Altach,346846.0,500000.0,100
Kasper Jørgensen,LASK,467236.0,4000000.0,100
Damir Redzic,Red Bull Salzburg,715956.0,4000000.0,100
Oliver Lukić,TSV Hartberg,915896.0,1000000.0,100
Lord Afrifa,SC Austria Lustenau,,,0
Ante Bajić,SV Ried,282918.0,400000.0,100
Christian Lichtenberger,Grazer AK 1902,282753.0,300000.0,100
Luca Pazourek,TSV Hartberg,803933.0,500000.0,100
Gizo Mamageishvili,SK Sturm Graz,724965.0,1200000.0,100
Murat Satin,WSG Tirol,225687.0,300000.0,100
Jonas Karner,TSV Hartberg,692755.0,100000.0,100
Petter Nosakhare Dahl,SK Rapid Wien,912078.0,2500000.0,86
Lee Tae-seok,FK Austria Wien,639027.0,2000000.0,100
Florian Wustinger,FK Austria Wien,602792.0,350000.0,100
Jacob Hödl,SK Sturm Graz,960463.0,5000000.0,100
Maurits Kjaergaard,Red Bull Salzburg,610405.0,8000000.0,94
Reinhold Ranftl,FK Austria Wien,83119.0,300000.0,100
Pius Grabher,SC Austria Lustenau,,,0
Emmanuel Agyemang,Wolfsberger AC,885233.0,800000.0,100
Florian Gerstl,TSV Hartberg,,,0
Sacha Delaye,SC Austria Lustenau,842425.0,300000.0,100
George Bello,LASK,504147.0,3000000.0,100
Vasilije Markovic,FK Austria Wien,1113024.0,3000000.0,100
Hasan Deshishku,FK Austria Wien,,,0
Jonas Mayer,SV Ried,693101.0,800000.0,100
Seydou Diarra,SC Austria Lustenau,564451.0,300000.0,80
Lukas Malicsek,SV Ried,671519.0,1700000.0,88
Anderson,Grazer AK 1902,539183.0,600000.0,100
Luca Hassler,Wolfsberger AC,468302.0,1500000.0,83
David Falkner,WSG Tirol,1024661.0,75000.0,100
Simon Wieser,WSG Tirol,405072.0,100000.0,81
Yanis Eisschill,SCR Altach,,,0
Nikolaus Feldhofer,TSV Hartberg,,,0
Robert Ljubičić,LASK,353634.0,3000000.0,100
Mazou Bambara,WSG Tirol,1311874.0,100000.0,100
Florian Flecker,LASK,272159.0,500000.0,100
René Renner,Wolfsberger AC,212333.0,300000.0,100
Haris Ismailcebioglu,SC Austria Lustenau,,,0
Martin Rasner,SV Ried,195745.0,250000.0,100
Alessandro Schöpf,LASK,118397.0,800000.0,100
Ismaël Guerti,Grazer AK 1902,860053.0,250000.0,100
Souleyman Mandey,Grazer AK 1902,562601.0,400000.0,83
Manfred Fischer,FK Austria Wien,269093.0,700000.0,100
Lee Kang-hee,FK Austria Wien,734395.0,500000.0,100
Youba Diarra,TSV Hartberg,564451.0,300000.0,100
Tobias Koch,Grazer AK 1902,434103.0,400000.0,100
Matthias Gragger,Grazer AK 1902,237162.0,1800000.0,80
Otar Mamageishvili,Wolfsberger AC,724966.0,700000.0,100
Donis Avdijaj,Wolfsberger AC,196227.0,500000.0,100
Tobias Lund Jensen,SV Ried,,,0
Leon Klassen,Grazer AK 1902,441987.0,600000.0,100
Denizcan Cosgun,SCR Altach,,,0
Husein Balić,WSG Tirol,535744.0,400000.0,86
Marc Striednig,WSG Tirol,,,0
Peter Michorl,Grazer AK 1902,158106.0,500000.0,100
Liam Hermesh,Grazer AK 1902,,,0
Ryan Fosso,SK Sturm Graz,620832.0,2000000.0,100
Thorsten Schriebl,Wolfsberger AC,308408.0,450000.0,100
Louis Schaub,SK Rapid Wien,147485.0,400000.0,100
Yusuf Demir,SK Rapid Wien,548031.0,1000000.0,100
Tonni Adamsen,SK Rapid Wien,599215.0,1500000.0,100
Samuel Adeniran,LASK,643088.0,3000000.0,100
Christoph Lang,LASK,527589.0,800000.0,100
Moses Usor,LASK,1003622.0,6000000.0,100
Gaoussou Diakite,Red Bull Salzburg,1227723.0,3000000.0,100
Giacomo Vrioni,Wolfsberger AC,363178.0,3000000.0,100
Edmund Baidoo,Red Bull Salzburg,1236853.0,8000000.0,100
Dominik Weixelbraun,SC Austria Lustenau,601089.0,400000.0,100
Ousmane Diawara,SCR Altach,702785.0,500000.0,100
Antonio Verinac,SC Austria Lustenau,1025234.0,200000.0,100
Karim Konaté,Red Bull Salzburg,847278.0,12000000.0,100
Moulaye Haïdara,SK Rapid Wien,,,0
Nelson Weiper,SK Sturm Graz,796213.0,7000000.0,100
Alexander Hofleitner,Grazer AK 1902,513124.0,350000.0,100
Simon Seidl,SK Sturm Graz,620496.0,1000000.0,100
Yorbe Vertessen,Red Bull Salzburg,409517.0,5000000.0,100
Angelo Gattermayer,TSV Hartberg,523870.0,600000.0,100
Michael Olakigbe,WSG Tirol,734425.0,600000.0,100
Nikolaus Wurmbrand,SK Rapid Wien,803052.0,5000000.0,100
Niama Sissoko,SV Ried,372712.0,2000000.0,82
Albin Gashi,SC Austria Lustenau,,,0
Julian Hettwer,FK Austria Wien,,,0
Marco Tilio,SK Rapid Wien,565531.0,500000.0,100
Moritz Wels,FK Austria Wien,655247.0,800000.0,100
Lenn Jastremski,SC Austria Lustenau,,,0
Thomas Goiginger,WSG Tirol,189912.0,250000.0,100
Axel Kayombo,SK Sturm Graz,922788.0,1500000.0,100
Ercan Kara,SK Rapid Wien,320701.0,900000.0,100
Nikolai Frederiksen,WSG Tirol,400550.0,1000000.0,100
Sanel Saljic,FK Austria Wien,803967.0,2000000.0,100
Mark Große,Grazer AK 1902,317442.0,400000.0,90
Markus Pink,Wolfsberger AC,78006.0,175000.0,100
Seedy Jatta,SK Sturm Graz,661206.0,1000000.0,100
Marko Raguž,SCR Altach,307664.0,200000.0,100
Sankara Karamoko,Wolfsberger AC,1067902.0,1000000.0,100
Phillip Verhounig,Wolfsberger AC,,,0
Aboubacar Camara,Red Bull Salzburg,806170.0,250000.0,100
Marco Hoffmann,TSV Hartberg,597424.0,450000.0,100
Tino Kusanović,SV Ried,,,0
Ademola Ola-Adebomi,WSG Tirol,814820.0,450000.0,100
Lukas Hinterseer,WSG Tirol,59054.0,100000.0,100
Anthony Smits,Grazer AK 1902,1092623.0,300000.0,100
Johannes Eggestein,FK Austria Wien,251303.0,2200000.0,100
Chilohem Onuoha,TSV Hartberg,905013.0,200000.0,100
Joris Boguo,SV Ried,1116031.0,400000.0,100
Srđan Hrstić,SCR Altach,619305.0,500000.0,91
Nael Kane,LASK,,,0
Jed Drew,TSV Hartberg,1000284.0,400000.0,100
Evan Eghosa,SV Ried,965947.0,300000.0,100
Daniel Maderner,Grazer AK 1902,195741.0,300000.0,100
Szymon Włodarczyk,SK Sturm Graz,554282.0,750000.0,96
Enrique Aguilar,Red Bull Salzburg,1057525.0,1500000.0,100
Erkin Yalcin,SCR Altach,629002.0,250000.0,100
Agustín Urrutia,TSV Hartberg,,,0
Haris Tabakovic,Red Bull Salzburg,203123.0,3500000.0,100
Marco Schabauer,Wolfsberger AC,168186.0,550000.0,82
Precious Benjamin,SC Austria Lustenau,1363814.0,250000.0,100
Kelvin Boateng,FK Austria Wien,614157.0,600000.0,100
Matthias Postl,TSV Hartberg,542710.0,125000.0,82
Belmin Beganović,SK Sturm Graz,693092.0,1000000.0,100
Damian Las,Austin FC,504143.0,300000.0,100
Cabral Carter,Los Angeles FC,999364.0,75000.0,100
Earl Edwards Jr,San Jose Earthquakes,354886.0,100000.0,96
Matt Turner,New England Revolution,425306.0,2500000.0,100
Daniel,FC Dallas,530421.0,800000.0,100
Rocco Ríos Novo,Inter Miami CF,661126.0,500000.0,100
Jonathan Sirois,FC Dallas,749407.0,800000.0,100
JT Marcinkowski,LA Galaxy,336163.0,400000.0,100
Brian Schwake,Nashville SC,747967.0,1000000.0,100
Kristijan Kahlina,Charlotte FC,133831.0,1200000.0,100
James Pantemis,Portland Timbers,429217.0,1000000.0,100
Brad Stuver,Austin FC,300600.0,300000.0,100
Nicholas Defreitas-Hansen,Colorado Rapids,,,0
Duran Ferree,San Diego FC,978562.0,1500000.0,100
Roman Celentano,FC Cincinnati,972454.0,2500000.0,100
CJ Dos Santos,San Diego FC,532096.0,1000000.0,100
Roman Bürki,St.Louis City,59027.0,1000000.0,100
Drake Callender,Minnesota United,723561.0,1200000.0,100
Matthew Freese,New York City FC,500309.0,2000000.0,88
Andrew Thomas,Seattle Sounders FC,635673.0,800000.0,100
Hugo Lloris,Los Angeles FC,17965.0,1000000.0,100
Luka Gavran,Toronto FC,972875.0,800000.0,100
Rafael Cabral,Real Salt Lake,103916.0,200000.0,100
Angus Gunn,San Jose Earthquakes,201574.0,1000000.0,100
Jonathan Bond,Houston Dynamo,130768.0,500000.0,100
Chris Brady,Chicago Fire,765504.0,2500000.0,100
Maxime Crépeau,Orlando City SC,189014.0,1800000.0,100
Jimmy Maurer,Houston Dynamo,183337.0,100000.0,100
Yohei Takaoka,Vancouver Whitecaps,309196.0,3500000.0,100
Lucas Hoyos,Atlanta United,75462.0,150000.0,100
Michael Collodi,FC Dallas,469783.0,400000.0,100
Zack Steffen,Colorado Rapids,221624.0,1500000.0,100
Sebastian Breza,CF Montréal,459842.0,250000.0,100
Sean Johnson,DC United,126630.0,300000.0,100
Patrick Schulte,Columbus Crew,649397.0,3500000.0,100
Pablo Sisniega,San Diego FC,351477.0,150000.0,100
Mason Stajduhar,Real Salt Lake,401361.0,175000.0,100
Isaac Boehmer,Vancouver Whitecaps,802143.0,250000.0,100
Andre Blake,Philadelphia Union,244149.0,300000.0,100
Ethan Horvath,New York Red Bulls,242284.0,1000000.0,100
Stefan Cleveland,Sporting Kansas City,482647.0,150000.0,100
Dayne St. Clair,Inter Miami CF,439750.0,3500000.0,100
Thomas Gillier,CF Montréal,886152.0,1800000.0,100
Thomas Hasal,Los Angeles FC,487505.0,200000.0,100
Evan Louro,FC Cincinnati,375564.0,150000.0,100
Novak Mićović,LA Galaxy,599329.0,500000.0,100
John Pulskamp,Sporting Kansas City,577858.0,600000.0,100
Benjamin Lundt,St.Louis City,320273.0,50000.0,96
Javier Otero,Orlando City SC,750807.0,150000.0,100
Andrew Rick,Philadelphia Union,1006612.0,300000.0,100
Jeisson Palacios,Nashville SC,356497.0,500000.0,96
Neil Pierre,Philadelphia Union,232127.0,100000.0,90
Ralph Priso,Vancouver Whitecaps,657271.0,800000.0,100
Giovanny Sequera,Philadelphia Union,,,0
Kai Wagner,Philadelphia Union,134371.0,25000.0,100
Aaron Long,Los Angeles FC,271072.0,600000.0,100
Henry Kessler,Charlotte FC,638732.0,1500000.0,100
Juan Mosquera,Portland Timbers,659826.0,3000000.0,100
Maxwell Woledzi,Nashville SC,658529.0,3000000.0,100
Loïc Williams,Colorado Rapids,709187.0,40000000.0,84
Fallou Fall,St.Louis City,1038821.0,2800000.0,100
Mamadou Fofana,New England Revolution,402004.0,2000000.0,100
Lucas Herrington,Colorado Rapids,1279984.0,4500000.0,100
Ryan Porteous,Los Angeles FC,446093.0,3000000.0,100
Luca Bombino,San Diego FC,1137865.0,2500000.0,100
Jakob Glesnes,LA Galaxy,185636.0,2000000.0,100
Andy Najar,Nashville SC,145838.0,400000.0,100
Manu Duah,San Diego FC,1355954.0,3500000.0,100
Finn Surman,Portland Timbers,724809.0,1800000.0,100
Mathías Laborda,Vancouver Whitecaps,577405.0,4000000.0,100
Justin Che,New York Red Bulls,796429.0,800000.0,100
Mbekezeli Mbokazi,Chicago Fire,1378320.0,3500000.0,100
Tate Johnson,Vancouver Whitecaps,1005510.0,2000000.0,100
Frankie Westfield,Philadelphia Union,999299.0,1500000.0,100
Lucas Halter,Houston Dynamo,468302.0,1500000.0,100
Lukas Engel,Real Salt Lake,511534.0,3000000.0,100
Jack Maher,Nashville SC,405189.0,2000000.0,100
Jackson Ragen,Seattle Sounders FC,507901.0,3000000.0,100
Édier Ocampo,Vancouver Whitecaps,958473.0,3500000.0,100
Alex Roldán,Seattle Sounders FC,562560.0,3500000.0,100
Tristan Blackmon,Vancouver Whitecaps,562383.0,3500000.0,100
Brayan Ceballos,CF Montréal,650863.0,1800000.0,100
Juan Sanabria,Real Salt Lake,446106.0,4000000.0,100
Morrison Agyemang,Charlotte FC,1246704.0,1200000.0,100
Agustin Resch,Houston Dynamo,1501088.0,500000.0,100
Miguel Navarro,Colorado Rapids,509390.0,2000000.0,100
Gallatin Sandnes,Seattle Sounders FC,,,0
Tim Ream,Charlotte FC,145466.0,150000.0,100
Nicolás Romero,Minnesota United,863144.0,2800000.0,100
Peyton Miller,New England Revolution,1016918.0,4500000.0,100
Will Cleary,Charlotte FC,1516900.0,75000.0,100
Timo Baumgartl,St.Louis City,187491.0,800000.0,100
Brendan Hines-Ike,Austin FC,411302.0,1000000.0,100
Kimito Nono,DC United,1145045.0,1200000.0,100
Maya Yoshida,LA Galaxy,81789.0,100000.0,100
Paulo Díaz,Atlanta United,271478.0,2000000.0,100
Ethan Kohler,New England Revolution,1000301.0,500000.0,100
Thiago Martins,New York City FC,277318.0,2500000.0,100
Franco Negri,Houston Dynamo,459242.0,400000.0,100
Nouhou Tolo,Seattle Sounders FC,436332.0,3500000.0,100
Anthony Markanich,Minnesota United,972467.0,3000000.0,100
Max Floriani,San Jose Earthquakes,1356043.0,400000.0,100
Richie Laryea,Toronto FC,417348.0,1000000.0,100
Kamal Miller,Portland Timbers,487504.0,2500000.0,100
Ilay Feingold,New England Revolution,945017.0,3000000.0,100
Micael,Inter Miami CF,867847.0,4000000.0,100
Osaze Urhoghide,FC Dallas,491738.0,2000000.0,100
Justen Glad,Real Salt Lake,334597.0,3000000.0,100
Richard Chukwu,Toronto FC,574949.0,550000.0,100
Raul Gustavo,New York City FC,792345.0,1500000.0,100
Yeimar Gómez,Seattle Sounders FC,343359.0,1000000.0,100
Mitja Ilenič,New York City FC,822074.0,1200000.0,100
Nkosi Tafari,Los Angeles FC,501877.0,2000000.0,100
Julián Bazán,New York Red Bulls,1097930.0,600000.0,100
Reid Roberts,San Jose Earthquakes,1365590.0,1000000.0,100
Kye Rowles,DC United,399990.0,1500000.0,100
Jack Elliott,Chicago Fire,490362.0,2500000.0,100
Devin Padelford,Minnesota United,993090.0,500000.0,100
Christopher McVey,San Diego FC,321155.0,2000000.0,100
Miles Robinson,FC Cincinnati,468022.0,3500000.0,100
Jalen Neal,CF Montréal,724439.0,800000.0,100
Walker Zimmerman,Toronto FC,245337.0,1500000.0,100
Antônio Carlos,Houston Dynamo,207446.0,500000.0,100
Daniel Munie,San Jose Earthquakes,638416.0,2500000.0,100
Jefferson Díaz,Minnesota United,867873.0,1500000.0,100
Ryan Hollingshead,Los Angeles FC,256354.0,400000.0,100
Teenage Hadebe,FC Cincinnati,429975.0,900000.0,100
Tomás Jacob,Atlanta United,950131.0,4000000.0,100
Nick Hagglund,FC Cincinnati,307890.0,300000.0,100
Tayvon Gray,New York City FC,627200.0,3000000.0,100
Kyle Duncan,Minnesota United,349699.0,1200000.0,100
Kalani Kossa-Rienzi,Seattle Sounders FC,1129770.0,1000000.0,100
Eddie Segura,Los Angeles FC,459466.0,2000000.0,100
Joel Waterman,Chicago Fire,441738.0,2000000.0,100
Reggie Cannon,Colorado Rapids,478940.0,1500000.0,100
Harry Toffolo,Charlotte FC,198516.0,2000000.0,100
Brayan Vera,CF Montréal,642967.0,1500000.0,100
Ryan Sailor,Seattle Sounders FC,636207.0,200000.0,100
Owen Presthus,Columbus Crew,1152155.0,50000.0,100
Willy Kumado,San Diego FC,875178.0,1000000.0,100
Jaziel Orozco,St.Louis City,821032.0,500000.0,100
Henry Wingo,Toronto FC,378478.0,300000.0,100
Júnior Alonso,Atlanta United,273000.0,1500000.0,100
Lukas MacNaughton,St.Louis City,657940.0,800000.0,100
Reed Baker-Whiting,Nashville SC,793957.0,800000.0,100
Andrei Chirila,FC Cincinnati,1073380.0,500000.0,100
Philip Quinton,Real Salt Lake,637733.0,800000.0,100
Keegan Rosenberry,Colorado Rapids,268302.0,600000.0,100
Josh Bauer,Nashville SC,637359.0,400000.0,100
Daniel Lovitz,Nashville SC,271198.0,300000.0,100
Mikkel Desler,Austin FC,221873.0,1200000.0,100
Julián Aude,LA Galaxy,661128.0,2000000.0,100
Ian Smith,Portland Timbers,1372673.0,500000.0,100
Jamar Ricketts,San Jose Earthquakes,1214952.0,800000.0,100
Justin Haak,LA Galaxy,610628.0,2500000.0,100
Stian Rode Gregersen,Atlanta United,230140.0,1500000.0,100
Marcelo Saracchi,Houston Dynamo,373916.0,2000000.0,100
Nolan Norris,FC Dallas,830602.0,500000.0,100
Harbor Miller,LA Galaxy,1010906.0,800000.0,100
Noah Allen,Inter Miami CF,819603.0,2000000.0,100
Efraín Morales,CF Montréal,746832.0,600000.0,100
Rudy Camacho,Columbus Crew,170904.0,150000.0,100
Benjamin Kuscevic,Toronto FC,340840.0,1800000.0,100
Pedro Amador,Atlanta United,564544.0,850000.0,100
Cesar Ruvalcaba,Columbus Crew,1381733.0,175000.0,100
Sam Junqua,Real Salt Lake,644781.0,800000.0,100
Bernardo Rhein,Orlando City SC,719646.0,5000000.0,100
Morris Duggan,Minnesota United,682933.0,1800000.0,100
Andrew Gutman,Chicago Fire,638408.0,1500000.0,100
Silvan Hefti,DC United,237666.0,800000.0,100
Sean Zawadzki,Columbus Crew,600170.0,2500000.0,100
Japhet Sery Larsen,Philadelphia Union,403690.0,1500000.0,100
Kieran Sargeant,San Diego FC,1234665.0,1000000.0,100
Sergi Palencia,Los Angeles FC,268176.0,2500000.0,100
Nathan Harriel,Philadelphia Union,610627.0,1500000.0,100
Dave Romney,San Jose Earthquakes,367552.0,500000.0,100
Robin Jansson,Orlando City SC,151678.0,400000.0,100
David Brekalo,Orlando City SC,371864.0,3500000.0,100
Kieran Chandler,Minnesota United,1377910.0,50000.0,100
Eric Miller,Portland Timbers,245315.0,200000.0,100
Ezequiel Abadia-Reda,Inter Miami CF,1046966.0,100000.0,100
Tanner Beason,New England Revolution,635660.0,800000.0,100
Sean Nealis,DC United,644798.0,1200000.0,100
Benjamin Kikanović,San Jose Earthquakes,736752.0,800000.0,90
Jackson Gilman,Toronto FC,999298.0,75000.0,100
Dylan Nealis,New York Red Bulls,638385.0,1800000.0,100
Nickseon Gomis,Toronto FC,704499.0,500000.0,92
Sam Adekugbe,Vancouver Whitecaps,287578.0,500000.0,100
Juan Berrocal,Atlanta United,461843.0,1500000.0,100
Lucas Bartlett,DC United,972456.0,1500000.0,100
Antino Lopez,Seattle Sounders FC,627212.0,300000.0,100
Sebastien Ibeagha,FC Dallas,170854.0,200000.0,100
Adrián Marín,Orlando City SC,295414.0,1500000.0,100
Shaq Moore,FC Dallas,336168.0,1500000.0,100
Samuel Rogers,Chicago Fire,814454.0,100000.0,100
Kim Kee-hee,Seattle Sounders FC,180579.0,125000.0,100
Alexandros Katranis,Real Salt Lake,324341.0,1000000.0,100
Raheem Edwards,Toronto FC,367429.0,800000.0,100
Guilherme Biro,Austin FC,740293.0,2000000.0,100
Keisuke Kurokawa,DC United,641029.0,1200000.0,100
Felipe Andrade,Houston Dynamo,884070.0,2000000.0,100
Malte Amundsen,Columbus Crew,363466.0,2500000.0,100
Brandan Craig,CF Montréal,745451.0,400000.0,100
Maximiliano Falcón,Inter Miami CF,437993.0,1800000.0,100
Cody Baker,New England Revolution,889425.0,200000.0,100
Justin Reynolds,Sporting Kansas City,887792.0,200000.0,100
William Sands,New England Revolution,341710.0,3000000.0,100
Gonzalo Luján,Inter Miami CF,896536.0,2000000.0,100
Zakaria Taifi,Orlando City SC,1049104.0,350000.0,100
Jímer Fory,Portland Timbers,659838.0,1800000.0,100
Ranko Veselinović,Vancouver Whitecaps,336381.0,2800000.0,100
Nico Cavallo,New York City FC,1377781.0,600000.0,100
Enea Mihaj,Atlanta United,448920.0,3500000.0,100
Olwethu Makhanya,Philadelphia Union,1069801.0,2000000.0,100
Viktor Radojević,Chicago Fire,698536.0,1500000.0,100
Yevhen Cheberko,Los Angeles FC,343153.0,1200000.0,93
Michael Boxall,Minnesota United,81723.0,150000.0,100
Luca Petrasso,CF Montréal,494826.0,800000.0,100
Nikola Markovic,DC United,1492790.0,300000.0,100
Moises Mosquera,Sporting Kansas City,817133.0,2500000.0,100
David Schnegg,Charlotte FC,378260.0,1500000.0,100
Oleksandr Svatok,Austin FC,244271.0,1200000.0,100
Juan Mina,New York Red Bulls,742488.0,400000.0,100
Kosi Thompson,Colorado Rapids,893148.0,850000.0,100
Griffin Dorsey,Orlando City SC,405187.0,1500000.0,100
Rob Holding,Colorado Rapids,253341.0,3000000.0,100
Brandon Bye,Portland Timbers,562389.0,1800000.0,100
Nathan Byrne,Charlotte FC,121276.0,500000.0,100
Stuart Hawkins,Seattle Sounders FC,994256.0,175000.0,100
Alex Bonetig,Portland Timbers,1013240.0,1500000.0,100
Finn Sundstrom,Philadelphia Union,1279774.0,200000.0,100
Conner Antley,DC United,633785.0,300000.0,100
Kenny Nielsen,Los Angeles FC,504152.0,75000.0,100
Aaron Herrera,DC United,401362.0,1500000.0,100
Artem Smoliakov,Los Angeles FC,962090.0,1500000.0,93
Mauricio Cuevas,LA Galaxy,670800.0,600000.0,100
Nikola Djordjevic,Vancouver Whitecaps,1379963.0,150000.0,100
Sebastian Schonlau,Vancouver Whitecaps,213751.0,500000.0,100
Emir Karic,Sporting Kansas City,286596.0,1200000.0,100
Dawid Bugaj,CF Montréal,702692.0,600000.0,100
Leonardo Barroso,Chicago Fire,741501.0,1000000.0,100
DeAndre Yedlin,Real Salt Lake,255916.0,600000.0,100
Mihail Gherasimencov,Vancouver Whitecaps,1034052.0,500000.0,100
Zane Monlouis,Toronto FC,586981.0,600000.0,100
Ethan Bartlow,Sporting Kansas City,636185.0,600000.0,100
Kobe Franklin,Toronto FC,718086.0,600000.0,100
Julian Gressel,Minnesota United,229640.0,1200000.0,100
Jonathan Dean,Chicago Fire,635864.0,800000.0,100
Jonathan Bell,Austin FC,54149.0,800000.0,100
Alvas Powell,FC Cincinnati,189772.0,300000.0,100
Ayoub Lajhar,FC Cincinnati,1517596.0,150000.0,100
Jahkeele Marshall-Rutty,New York Red Bulls,640852.0,2000000.0,100
Noah Cobb,Colorado Rapids,895884.0,1000000.0,100
Ian Fray,Inter Miami CF,744586.0,800000.0,100
Miki Yamane,LA Galaxy,395589.0,800000.0,100
Jordan Knight,Nashville SC,990585.0,100000.0,100
Žan Kolmanič,Austin FC,469686.0,800000.0,100
Wyatt Meyer,Sporting Kansas City,1214947.0,600000.0,100
Juan Jose Arias,Real Salt Lake,989937.0,1200000.0,100
Carlos Garcés,LA Galaxy,927635.0,800000.0,100
Jansen Miller,Sporting Kansas City,649400.0,800000.0,100
Gilberto Flores,FC Cincinnati,1001531.0,1200000.0,100
Mateja Đorđević,Austin FC,740102.0,1000000.0,86
Tim Parker,New York Red Bulls,354737.0,300000.0,100
Steven Moreira,Columbus Crew,203517.0,1500000.0,100
Fricio Caicedo,Inter Miami CF,,,0
Olivier Mbaizo,Philadelphia Union,426944.0,300000.0,100
Chris Rindov,LA Galaxy,1113057.0,150000.0,100
Christopher Cupps,Chicago Fire,1054471.0,100000.0,100
Ian Murphy,San Diego FC,636800.0,1000000.0,100
Iago Silva,Orlando City SC,520468.0,3500000.0,100
Andrew Privett,Charlotte FC,1112735.0,1200000.0,100
Tomás Avilés,CF Montréal,1064191.0,2500000.0,100
Facundo Mura,Inter Miami CF,642759.0,2000000.0,100
Matt Miazga,FC Cincinnati,245893.0,1800000.0,100
Matthew Edwards,Atlanta United,793359.0,450000.0,100
Lazar Stefanovic,Toronto FC,1010899.0,300000.0,100
Matthew Dos Santos,New York Red Bulls,1273983.0,2500000.0,100
Or Blorian,Sporting Kansas City,468540.0,2000000.0,100
Jon Gallagher,Austin FC,562553.0,1800000.0,100
Strahinja Tanasijević,New York City FC,400001.0,400000.0,100
Andrew Baiera,New York City FC,610417.0,5000000.0,100
Sergio Reguilón,Inter Miami CF,282429.0,3500000.0,100
Micah Chisholm,Toronto FC,,,0
Jayden Reid,Sporting Kansas City,1024533.0,600000.0,100
Jackson Travis,Colorado Rapids,990810.0,800000.0,100
Kyle Smith,FC Cincinnati,429271.0,300000.0,100
Elías Báez,Atlanta United,1160854.0,3000000.0,100
Erik Sviatchenko,Houston Dynamo,48907.0,500000.0,100
Geiner Martínez,Philadelphia Union,1280147.0,700000.0,100
Ian Pilcher,San Diego FC,1371974.0,500000.0,100
Oscar Verhoeven,San Diego FC,994258.0,1000000.0,100
Wilson Eisner,San Diego FC,1283988.0,100000.0,100
Sam Vines,Houston Dynamo,535282.0,800000.0,100
Diego Borges,Sporting Kansas City,1095789.0,1000000.0,100
Omar Valencia,New York Red Bulls,1002223.0,1000000.0,100
Ronald Hernández,Atlanta United,428745.0,450000.0,100
Robert Voloder,New York Red Bulls,452392.0,800000.0,100
John Nelson,LA Galaxy,351504.0,800000.0,100
Jack Jasinski,San Jose Earthquakes,795230.0,300000.0,100
Kevin O'Toole,New York City FC,437874.0,1200000.0,100
Ian James,Sporting Kansas City,1245665.0,800000.0,100
Kobi Henry,Real Salt Lake,746830.0,100000.0,100
Mamadou Mbacke,St.Louis City,898751.0,300000.0,100
D.J. Taylor,Minnesota United,524808.0,300000.0,100
Max Murray,New York City FC,,,0
Osvald Soe,San Diego FC,951659.0,500000.0,94
Philippe Ndinga,Philadelphia Union,1117720.0,1200000.0,100
Bode Hidalgo,CF Montréal,763768.0,1500000.0,100
Tahir Reid-Brown,Orlando City SC,998204.0,200000.0,100
Brooks Lennon,Columbus Crew,,,0
Yuri Aleksandr Guboglo,CF Montréal,1108459.0,350000.0,100
Andrew Farrell,New England Revolution,253616.0,125000.0,100
Lalas Abubakar,FC Dallas,482611.0,300000.0,100
Nolan Miller,Orlando City SC,999129.0,500000.0,100
Keegan Hughes,New England Revolution,205865.0,25000.0,84
Joshua Torquato,FC Dallas,1384705.0,200000.0,100
Nicolás Ezequiel Fernández,New York City FC,333921.0,3000000.0,100
Guilherme,Houston Dynamo,444920.0,2800000.0,100
Sebastian Berhalter,Vancouver Whitecaps,734761.0,8000000.0,100
Ignacio Gómez,Orlando City SC,624291.0,2000000.0,100
Carles Gil,New England Revolution,127987.0,1800000.0,100
Ashley Westwood,Charlotte FC,91317.0,300000.0,100
Joaquín Pereyra,Minnesota United,424043.0,5000000.0,100
Rodrigo De Paul,Inter Miami CF,255901.0,14000000.0,100
Miguel Almirón,Atlanta United,272999.0,7000000.0,100
Jeppe Tverskov,San Diego FC,257324.0,600000.0,100
Thomas Müller,Vancouver Whitecaps,58358.0,4000000.0,100
Jack McGlynn,Houston Dynamo,724547.0,5000000.0,100
Diego Luna,Real Salt Lake,880626.0,8000000.0,100
Niklas Dorsch,Toronto FC,251302.0,2500000.0,100
Cristian Roldán,Seattle Sounders FC,354792.0,3500000.0,100
Zavier Gozo,Real Salt Lake,1007383.0,6000000.0,100
Timo Werner,San Jose Earthquakes,170527.0,3500000.0,100
Bruno Quiñonez,Vancouver Whitecaps,367255.0,900000.0,100
Eduard Löwen,St.Louis City,260655.0,3500000.0,100
Santiago Morales,Inter Miami CF,1007387.0,125000.0,89
Pep Biel,Charlotte FC,263804.0,5500000.0,100
James Rodríguez,Minnesota United,88103.0,1500000.0,100
Gabriel Pec,LA Galaxy,703321.0,7000000.0,100
Wilfried Zaha,Charlotte FC,145988.0,3500000.0,100
DeJuan Jones,San Jose Earthquakes,637146.0,2500000.0,100
Andrés Cubas,Vancouver Whitecaps,323872.0,4500000.0,100
Beau Leroux,San Jose Earthquakes,1245678.0,3000000.0,100
Alhassan Yusuf,New England Revolution,600481.0,3000000.0,100
Noel Caliskan,Real Salt Lake,343334.0,1800000.0,100
Niko Tsakiris,San Jose Earthquakes,973420.0,5000000.0,100
Tristan Muyumba,Atlanta United,318521.0,1800000.0,100
Alonso Coello,Toronto FC,1001938.0,1000000.0,100
Wikelman Carmona,CF Montréal,661147.0,3000000.0,100
Mark Delgado,Los Angeles FC,222565.0,2500000.0,100
Casemiro,Inter Miami CF,16306.0,6000000.0,100
Daniel Edelman,St.Louis City,724413.0,2000000.0,100
Edwin Cerrillo,LA Galaxy,652470.0,3500000.0,100
Onni Valakari,San Diego FC,407663.0,5000000.0,100
Matti Peltola,DC United,592379.0,1500000.0,100
Paxten Aaronson,Colorado Rapids,795738.0,6000000.0,100
Patrick Yazbek,Nashville SC,867762.0,3500000.0,100
Kristoffer Velde,Portland Timbers,499859.0,5000000.0,100
Quinn Sullivan,Philadelphia Union,795232.0,5000000.0,100
Facundo Torres,Austin FC,465822.0,10000000.0,100
Bryan Acosta,Nashville SC,314853.0,600000.0,100
Stijn Spierings,Real Salt Lake,241501.0,1800000.0,100
Adri Mehmeti,New York Red Bulls,1193844.0,6000000.0,100
David Costa,Portland Timbers,719442.0,5000000.0,100
Dylan Chambost,Columbus Crew,508941.0,2500000.0,100
Aleksei Miranchuk,Atlanta United,255450.0,7500000.0,94
Agustin Ojeda,New York City FC,907131.0,5000000.0,100
Maximilian Arfsten,Columbus Crew,117674.0,3000000.0,80
Christopher Durkin,St.Louis City,387923.0,100000.0,100
Cole Bassett,Portland Timbers,605144.0,3500000.0,100
Ronald Donkor,New York Red Bulls,1135739.0,2000000.0,100
Kerwin Vargas,Charlotte FC,907649.0,3500000.0,100
Edvard Tagseth,Nashville SC,432700.0,3000000.0,100
Joran Gerbet,Orlando City SC,813063.0,400000.0,100
Yannick Bright,Inter Miami CF,634692.0,2000000.0,100
Matthew Longstaff,CF Montréal,484387.0,1500000.0,87
Manu García,Sporting Kansas City,277118.0,4000000.0,100
Justin Ellis,Orlando City SC,1008429.0,500000.0,100
José Caicedo,Portland Timbers,662451.0,3500000.0,100
Héctor Herrera,Houston Dynamo,122043.0,600000.0,100
Timmy Tillman,Los Angeles FC,310662.0,3000000.0,85
Pavel Bucha,FC Cincinnati,563033.0,4000000.0,100
André Gomes,Columbus Crew,221025.0,3000000.0,100
Diego Chará,Portland Timbers,77163.0,100000.0,100
Aiden O'Neill,New York City FC,385918.0,3000000.0,100
Shakur Mohammed,Nashville SC,1088718.0,150000.0,92
José Cifuentes,Toronto FC,450211.0,4000000.0,100
Kai Trewin,New York City FC,691326.0,1800000.0,100
Cristian Espinoza,Nashville SC,278992.0,4500000.0,100
Matthew Corcoran,Nashville SC,886747.0,1500000.0,100
Maxi Moralez,New York City FC,30687.0,100000.0,100
Stephen Eustaquio,Los Angeles FC,512913.0,6000000.0,100
Jorge Ruvalcaba,New York Red Bulls,950873.0,6000000.0,100
Jesús Ferreira,Seattle Sounders FC,474249.0,4500000.0,100
Aníbal Godoy,San Diego FC,161671.0,100000.0,100
Iván Angulo,Orlando City SC,498686.0,3000000.0,100
Taha Habroune,Columbus Crew,1093277.0,2500000.0,100
Dante Polvara,St.Louis City,971613.0,800000.0,100
Đorđe Mihailović,Toronto FC,484756.0,5500000.0,87
Mathieu Choinière,Los Angeles FC,589006.0,800000.0,100
Ervin Torres,Austin FC,1010296.0,100000.0,100
Ivan Jaime Pajuelo,CF Montréal,610335.0,4000000.0,100
Nectarios Triantis,Minnesota United,957224.0,3500000.0,100
Alexandru Mățan,St.Louis City,368942.0,1800000.0,100
Matheus Pereira,Toronto FC,739438.0,1500000.0,100
Artur,Houston Dynamo,435488.0,3000000.0,100
Danley Jean-Jacques,Philadelphia Union,80696.0,400000.0,80
Paul Rothrock,Seattle Sounders FC,503092.0,2800000.0,100
Alejandro Alvarado Jr,San Diego FC,763798.0,200000.0,100
Troy Elgersma,LA Galaxy,1523289.0,100000.0,100
Anton Salétros,Chicago Fire,249102.0,2500000.0,100
Bryan Ramirez,FC Cincinnati,989271.0,3000000.0,100
Jeevan Badwal,Vancouver Whitecaps,1067259.0,800000.0,100
Pedro Soma,San Diego FC,994266.0,800000.0,100
Albert Rusnák,Seattle Sounders FC,43228.0,3000000.0,100
Lasse Berg Johnsen,Sporting Kansas City,663424.0,3000000.0,100
Marco Reus,LA Galaxy,35207.0,1500000.0,100
Maren Haile-Selassie,Chicago Fire,421807.0,1800000.0,100
Brais Méndez,Columbus Crew,309110.0,8000000.0,100
Brooklyn Raines,New England Revolution,940016.0,2500000.0,100
Braian Ojeda,Orlando City SC,491596.0,3500000.0,100
Mohamed Farsi,Columbus Crew,674013.0,2500000.0,100
Jesus Bueno,Philadelphia Union,565000.0,800000.0,100
James Sands,New York City FC,393321.0,5000000.0,100
Cameron Harper,New York Red Bulls,699461.0,600000.0,100
Bernard Kamungo,FC Dallas,876809.0,1000000.0,100
Ousseni Bouda,San Jose Earthquakes,972453.0,1800000.0,100
Ender Echenique,FC Cincinnati,856791.0,1200000.0,100
Hannes Wolf,New York City FC,321070.0,5000000.0,100
Jonathan Osorio,Toronto FC,260807.0,1000000.0,100
Eduard Atuesta,Orlando City SC,469135.0,3500000.0,100
Luca Moisa,Real Salt Lake,1054541.0,600000.0,100
Jackson Hopkins,DC United,912098.0,1800000.0,100
Lucas Sanabria,LA Galaxy,1220232.0,3500000.0,100
Daniel Pereira,CF Montréal,856498.0,3000000.0,100
Telasco Segovia,Inter Miami CF,858719.0,6000000.0,100
Emmanuel Sabbi,Vancouver Whitecaps,381187.0,2500000.0,100
Ajani Fortune,Atlanta United,793361.0,1200000.0,100
Owen Gene,Minnesota United,947362.0,1500000.0,100
Dániel Sallói,Toronto FC,321946.0,2500000.0,100
Kaick,FC Dallas,1086377.0,3500000.0,100
Gerardo Valenzuela,FC Cincinnati,999302.0,1800000.0,100
Andrés Perea,New York City FC,491536.0,2500000.0,100
Erik Thommy,LA Galaxy,156779.0,1200000.0,100
Patrickson Delgado,FC Dallas,659802.0,3000000.0,100
Oliver Larraz,Vancouver Whitecaps,728312.0,1000000.0,100
Ilie Sánchez,Austin FC,65298.0,200000.0,100
Georgi Minoungou,Colorado Rapids,996140.0,1500000.0,100
Cavan Sullivan,Philadelphia Union,1009732.0,4500000.0,100
Joseph Rosales,Austin FC,657225.0,2500000.0,100
Luis Otávio,Orlando City SC,1253921.0,3000000.0,100
David Poreba,Chicago Fire,986794.0,50000.0,100
Connor Ronan,Colorado Rapids,337787.0,1200000.0,100
Calvin Harris,Sporting Kansas City,627141.0,800000.0,100
Lawrence Ennali,Houston Dynamo,604069.0,2000000.0,100
Joao Ortíz,Portland Timbers,348630.0,1500000.0,100
Keaton Parks,New York City FC,451860.0,3000000.0,100
Tomas Totland,St.Louis City,442470.0,1000000.0,100
Dje Tah D'Avilla,Chicago Fire,890368.0,4000000.0,100
Charles-Emile Brunet,Nashville SC,1504946.0,100000.0,100
Matt Polster,New England Revolution,354613.0,500000.0,100
João Peglow,DC United,627227.0,1200000.0,100
Adrian Gill,Atlanta United,,,0
Emil Forsberg,New York Red Bulls,111078.0,1800000.0,100
Samuel Gidi,FC Cincinnati,1018754.0,2500000.0,100
Shapi Suleymanov,Sporting Kansas City,335725.0,2500000.0,100
Puso Dithejane,Chicago Fire,1151605.0,1000000.0,100
Matías Galarza,Atlanta United,909737.0,5500000.0,100
Griffin Dillon,Real Salt Lake,892004.0,600000.0,100
Joaquín Valiente,FC Dallas,803018.0,1800000.0,100
Jude Terry,Los Angeles FC,1046464.0,75000.0,100
Tomáš Ostrák,St.Louis City,428189.0,800000.0,100
Kevin Pierre,New York City FC,900195.0,25000000.0,100
Clay Holstad,FC Dallas,,,0
Nikola Petković,Seattle Sounders FC,619303.0,1000000.0,100
Samuel Piette,CF Montréal,189019.0,600000.0,100
Kenji Cabrera,Vancouver Whitecaps,865641.0,1600000.0,100
Hamzat Ojediran,Colorado Rapids,718312.0,3000000.0,100
Wil Trapp,Minnesota United,199559.0,500000.0,100
Liel Abada,Charlotte FC,519514.0,5000000.0,100
Miguel Perez,St.Louis City,982582.0,500000.0,100
Tarun Karumanchi,Columbus Crew,,,0
Aziel Jackson,Minnesota United,889193.0,1500000.0,86
Duane Holmes,Houston Dynamo,257095.0,600000.0,100
Jean-Claude Ngando,Vancouver Whitecaps,200467.0,50000.0,80
Tah Anunga,FC Cincinnati,374282.0,800000.0,100
Robin Lod,Chicago Fire,173573.0,1000000.0,100
Ian Harkes,San Jose Earthquakes,482493.0,800000.0,100
Fabian Herbers,CF Montréal,196077.0,400000.0,100
Saba Lobzhanidze,Real Salt Lake,251029.0,3000000.0,90
Christian Cappis,FC Dallas,544931.0,600000.0,100
Ramiro,FC Dallas,258070.0,500000.0,100
Hassani Dotson,Seattle Sounders FC,636081.0,3000000.0,100
Dominik Marczuk,Real Salt Lake,699488.0,1200000.0,100
Diadie Samassékou,Houston Dynamo,315604.0,1000000.0,100
Hennadii Synchuk,CF Montréal,1082915.0,3000000.0,87
Peter Kingston,Seattle Sounders FC,609381.0,600000.0,100
Ben Bender,Philadelphia Union,972143.0,300000.0,100
Brandt Bronico,Charlotte FC,271183.0,1200000.0,100
Ryan Raposo,Los Angeles FC,638798.0,500000.0,100
Jonathan Gonzalez,San Jose Earthquakes,332764.0,600000.0,100
Dagur Dan Þórhallsson,San Diego FC,447482.0,1500000.0,95
Ran Binyamin,FC Dallas,984971.0,1200000.0,100
Indiana Vassilev,Philadelphia Union,469860.0,2500000.0,100
Capita,Sporting Kansas City,666545.0,2000000.0,100
Jared Stroud,DC United,573442.0,1200000.0,100
Alexis Manyoma,Colorado Rapids,908293.0,1200000.0,100
Markus Cimermancic,Toronto FC,1010912.0,250000.0,100
Herman Johansson,FC Dallas,744853.0,1800000.0,100
Obinna Nwobodo,FC Cincinnati,364299.0,2500000.0,100
Judah Siqueira,New England Revolution,,,0
Caleb Swann,FC Dallas,1356836.0,50000.0,100
Celio Pompeu,St.Louis City,982524.0,800000.0,100
Andre Dozzell,DC United,800176.0,25000000.0,100
Jorge Alastuey,Austin FC,345084.0,1100000.0,100
Jeremy Rafanello,Philadelphia Union,587094.0,200000.0,100
Sam Williams,Chicago Fire,279454.0,250000.0,86
Nick Fernandez,San Jose Earthquakes,1015639.0,300000.0,100
Hugo Picard,Columbus Crew,944181.0,3000000.0,100
Preston Plambeck,Inter Miami CF,1382553.0,150000.0,100
Dante Sealy,Colorado Rapids,568179.0,1500000.0,100
Rafael Santos,St.Louis City,625617.0,800000.0,100
Victor Loturi,CF Montréal,670119.0,1200000.0,100
Ronaldo Vieira,San Jose Earthquakes,434676.0,800000.0,100
Mauricio González,Minnesota United,1073177.0,900000.0,100
Agustín Bouzat,Houston Dynamo,422699.0,600000.0,100
Elias Achouri,San Diego FC,645589.0,3000000.0,100
Djibril Diani,Charlotte FC,354335.0,1000000.0,100
Carlo Holse,St.Louis City,345577.0,7000000.0,100
Nehuen Benedetti,New York Red Bulls,1202094.0,100000.0,100
Jonathan Shore,New York City FC,1042945.0,1000000.0,100
Sekou Tidiany Bangoura,Columbus Crew,666929.0,900000.0,100
Josh Atencio,Colorado Rapids,504205.0,2000000.0,100
David Ruíz,Inter Miami CF,914681.0,1500000.0,100
Mauricio Pineda,Chicago Fire,345621.0,1200000.0,100
Dylan Borso,Chicago Fire,1162205.0,200000.0,100
Diego Fagúndez,New England Revolution,170100.0,1200000.0,100
Amar Sejdic,Columbus Crew,424993.0,300000.0,100
Zorhan Bassong,Sporting Kansas City,531835.0,1000000.0,100
Steven Alzate,Atlanta United,476237.0,2500000.0,100
Wayne Frederick,Colorado Rapids,1019470.0,600000.0,100
Ondrej Lingr,Houston Dynamo,321195.0,3000000.0,100
Wilder Cartagena,Orlando City SC,224669.0,1200000.0,100
Brandon Servania,DC United,455979.0,800000.0,100
Agustin Anello,Philadelphia Union,860812.0,1800000.0,100
Sergio Oregel,Chicago Fire,830604.0,1000000.0,100
Gavin Turner,DC United,994277.0,100000.0,100
Antony Alves,Portland Timbers,798687.0,5000000.0,100
Paul Arriola,Seattle Sounders FC,189876.0,2000000.0,100
Hosei Kijima,DC United,1214955.0,400000.0,100
Conrad Wallem,St.Louis City,504189.0,2500000.0,100
David Ayala,Inter Miami CF,661094.0,2500000.0,100
David Vazquez,San Diego FC,1010300.0,1000000.0,100
Zach Booth,Real Salt Lake,746838.0,350000.0,100
Jackson Yueill,New England Revolution,349707.0,1000000.0,100
Bénie Traoré,New York City FC,852024.0,8000000.0,100
Pablo Ruíz,Real Salt Lake,401580.0,1000000.0,100
Luca de la Torre,Charlotte FC,315762.0,2500000.0,100
Snyder Brunell,Seattle Sounders FC,999382.0,1500000.0,100
Besard Sabović,Austin FC,322077.0,1500000.0,100
Noah Streit,CF Montréal,688614.0,400000.0,100
Jovan Lukić,Philadelphia Union,699208.0,3000000.0,100
Youssef Maziz,Colorado Rapids,481116.0,1000000.0,100
Frankie Amaya,CF Montréal,575368.0,1500000.0,100
Ignacio Suarez-Couri,Atlanta United,624291.0,2000000.0,100
Peter Stroud,Minnesota United,504208.0,800000.0,100
Rafael Jauregui,Seattle Sounders FC,61892.0,800000.0,100
Charlie Gaffney,Seattle Sounders FC,,,0
Alexander Shaw,Inter Miami CF,1335512.0,100000.0,100
Eric Klein,New England Revolution,1150822.0,100000.0,100
Amin Boudri,Los Angeles FC,911482.0,3000000.0,100
Theodore Ku-DiPietro,Colorado Rapids,677832.0,1200000.0,100
Harvey Sarajian,Orlando City SC,1503054.0,200000.0,100
Alex Muyl,Nashville SC,413690.0,2000000.0,100
Caden Clark,DC United,742297.0,1000000.0,100
Marco Pašalić,Orlando City SC,395928.0,6500000.0,100
Ahmed Qasem,Nashville SC,833817.0,3500000.0,100
Przemysław Płacheta,Austin FC,383109.0,1500000.0,94
Jacob Bartlett,Sporting Kansas City,1130945.0,1000000.0,100
Gabriel Pirani,San Diego FC,813107.0,1500000.0,100
Owen Wolff,Austin FC,797414.0,4000000.0,100
Darius Johnson,San Jose Earthquakes,672100.0,175000.0,100
Gustav Berggren,New York Red Bulls,258007.0,2500000.0,100
Nicolas Dubersarsky,Austin FC,1207586.0,1500000.0,100
Elijah Wynder,LA Galaxy,667157.0,1200000.0,100
Jack Skahan,San Jose Earthquakes,637225.0,500000.0,100
Isaiah Parente,LA Galaxy,637451.0,350000.0,100
Arnau  Farnos,New York City FC,858944.0,150000.0,100
William Reilly,Atlanta United,341710.0,3000000.0,100
Antone Bossenberry,Toronto FC,,,0
Kwaku Agyabeng,Sporting Kansas City,1492798.0,250000.0,100
Alejandro Bedoya,Philadelphia Union,111783.0,100000.0,100
Máximo Carrizo,New York City FC,989968.0,400000.0,100
Griffin Yow,New England Revolution,627205.0,2000000.0,100
Stiven Jimenez,FC Cincinnati,1008431.0,200000.0,100
Matthew Arana,Houston Dynamo,68499.0,100000.0,81
Kimani Stewart-Baynes,Colorado Rapids,1128512.0,200000.0,100
Yutaro Tsukada,Orlando City SC,1245606.0,175000.0,100
Olger Escobar,CF Montréal,1039953.0,500000.0,100
Brendan McSorley,St.Louis City,1236495.0,400000.0,100
Jacob Davis,Sporting Kansas City,1074124.0,100000.0,100
Cooper Sanchez,Atlanta United,1054467.0,1000000.0,100
Tanner Rosborough,New York Red Bulls,1132396.0,200000.0,100
Andres Herrera,Columbus Crew,621369.0,1500000.0,100
Carlos Harvey,Minnesota United,628806.0,600000.0,100
Luke Brennan,Atlanta United,943910.0,400000.0,100
Malik Henry,Toronto FC,1381448.0,500000.0,100
Colin Guske,Real Salt Lake,1245667.0,200000.0,100
Vitor Costa,San Jose Earthquakes,384741.0,400000.0,100
Lautaro Giaccone,Columbus Crew,851803.0,1000000.0,100
Malcolm Fry,New England Revolution,884051.0,75000.0,100
Calvin Fodrey,Austin FC,881090.0,350000.0,80
Eric Izoita,Portland Timbers,,,0
Noel Buck,San Jose Earthquakes,882657.0,1000000.0,100
Cristiano Oliveira,New England Revolution,1150821.0,125000.0,100
Sebastian Gomez,Seattle Sounders FC,1123280.0,75000.0,100
Tadeo Allende,Inter Miami CF,872184.0,4000000.0,100
Mykhi Joyner,St.Louis City,1039275.0,200000.0,100
Matthew Evans,Los Angeles FC,1085546.0,50000.0,86
Troy  Putt,Minnesota United,,,0
Edson Carli,Seattle Sounders FC,794925.0,1500000.0,83
Bryce Duke,San Diego FC,739675.0,1200000.0,100
Joyeux Masanka Bungi,New York Red Bulls,990146.0,400000.0,100
Macielo Tschantret,Sporting Kansas City,1135016.0,50000.0,94
Aron John,Charlotte FC,1140229.0,75000.0,100
Shane Donovan,Sporting Kansas City,,,0
Lionel Messi,Inter Miami CF,28003.0,15000000.0,100
Evander,FC Cincinnati,323874.0,16000000.0,100
Hugo Cuypers,Chicago Fire,420884.0,10000000.0,100
Antoine Griezmann,Orlando City SC,125781.0,8000000.0,100
Jack Harrison,New England Revolution,417346.0,6500000.0,100
Marcel Hartel,St.Louis City,189073.0,4000000.0,100
Anders Dreyer,San Diego FC,342389.0,15000000.0,100
Martín Ojeda,Orlando City SC,440988.0,9000000.0,100
Robert Lewandowski,Chicago Fire,38253.0,7000000.0,100
Philip Zinckernagel,Chicago Fire,271098.0,4000000.0,100
Petar Musa,FC Dallas,387110.0,12000000.0,100
Denis Bouanga,Los Angeles FC,236045.0,8000000.0,100
Allan Saint-Maximin,Charlotte FC,272642.0,10000000.0,100
Son Heung-min,Los Angeles FC,91845.0,15000000.0,100
Luis Suárez,Inter Miami CF,424784.0,30000000.0,100
Prince Owusu,CF Montréal,207593.0,4500000.0,100
Hany Mukhtar,Nashville SC,146155.0,6000000.0,100
Morgan Guilavogui,Real Salt Lake,691786.0,4500000.0,100
Joseph Paintsil,LA Galaxy,534435.0,6000000.0,100
Rafael Navarro,Colorado Rapids,371267.0,6000000.0,100
Josh Sargent,Toronto FC,393325.0,16000000.0,100
Kévin Denkey,FC Cincinnati,482072.0,12000000.0,100
Ryan Gauld,Vancouver Whitecaps,193081.0,3800000.0,100
Sam Surridge,Nashville SC,398402.0,8000000.0,100
Tyrese Spicer,Orlando City SC,1214898.0,500000.0,100
Leonardo Campana,New England Revolution,606872.0,2000000.0,100
David Martínez Morales,Los Angeles FC,988222.0,5000000.0,100
Klauss,LA Galaxy,498862.0,2500000.0,100
Milan Iloski,Philadelphia Union,637271.0,3000000.0,100
Luighi Hanri,New York City FC,1158001.0,4000000.0,100
Preston Judd,San Jose Earthquakes,855145.0,2500000.0,100
Marcus Ingvartsen,San Diego FC,269878.0,4000000.0,100
Theo Corbeanu,Toronto FC,568535.0,1500000.0,100
Elias Saad,Nashville SC,74600.0,1200000.0,100
Sergi Solans,Real Salt Lake,1090787.0,2000000.0,100
Kevin Kelsy,Portland Timbers,888023.0,4000000.0,100
Jonathan Bamba,Chicago Fire,292818.0,3500000.0,100
Luca Langoni,New England Revolution,1022383.0,5000000.0,100
Diego Rossi,Columbus Crew,317454.0,7500000.0,100
Tai Baribo,DC United,492252.0,6000000.0,100
Warren Madrigal,Nashville SC,799682.0,1500000.0,100
Mateo Silvetti,Inter Miami CF,1213080.0,6000000.0,100
Brian White,Vancouver Whitecaps,562555.0,5000000.0,100
Wessam Abou Ali,Columbus Crew,422929.0,6000000.0,100
Bryan Zamblé,San Diego FC,1516901.0,800000.0,100
Anisse Saidi,San Diego FC,1073378.0,300000.0,100
Germán Berterame,Inter Miami CF,401572.0,12000000.0,100
Kenji Mboma Dem,FC Cincinnati,1257409.0,500000.0,100
Myrto Uzuni,Austin FC,315289.0,4000000.0,100
Logan Farrington,FC Dallas,1214806.0,2000000.0,100
Santiago Moreno,FC Dallas,654766.0,3000000.0,100
Paul Marie,San Jose Earthquakes,182907.0,400000.0,100
Ariath Piol,Real Salt Lake,1109953.0,400000.0,100
Ariel Lassiter,Portland Timbers,329713.0,500000.0,100
Robert Taylor,LA Galaxy,251836.0,1000000.0,100
Cade Cowell,New York Red Bulls,647235.0,3800000.0,100
Julian Hall,New York Red Bulls,1054470.0,8000000.0,100
Mateusz Bogusz,Houston Dynamo,431475.0,6000000.0,100
Sam Sarver,FC Dallas,724414.0,800000.0,100
Jeong Sang-bin,St.Louis City,638571.0,1500000.0,100
Louicius Don Deedson,FC Dallas,646108.0,1200000.0,100
Tommy Mihalic,Los Angeles FC,,,0
Dejan Joveljić,Sporting Kansas City,336382.0,6500000.0,100
Felipe Mora,Portland Timbers,176927.0,1800000.0,100
Christian Ramirez,Austin FC,236590.0,200000.0,100
Idan Toklomati,Charlotte FC,950443.0,4500000.0,100
Sergio Córdova,St.Louis City,377387.0,1200000.0,100
Jayden Nelson,Austin FC,635445.0,2000000.0,100
Hirving Lozano,LA Galaxy,316889.0,3500000.0,100
Cedric Teuchert,St.Louis City,207597.0,2000000.0,100
Tomás Chancalay,Minnesota United,533565.0,2500000.0,100
Cheikh Tidiane Sabaly,Vancouver Whitecaps,568696.0,3000000.0,100
Jesus Barea,Real Salt Lake,1352334.0,150000.0,100
Ayoub Jabbari,FC Cincinnati,794116.0,1500000.0,100
Tom Barlow,FC Cincinnati,509916.0,300000.0,100
Louis Munteanu,DC United,547786.0,5000000.0,100
Kelvin Yeboah,Minnesota United,589737.0,7000000.0,100
Darren Yapi,Colorado Rapids,746837.0,2500000.0,100
Chase Adams,Columbus Crew,1163430.0,200000.0,100
Dor Turgeman,New England Revolution,703460.0,4500000.0,100
Bruno Damiani,Philadelphia Union,1110360.0,2000000.0,100
Talles Magno,New York City FC,677512.0,3500000.0,100
Emmanuel Latte Lath,Atlanta United,392964.0,10000000.0,100
Mamadou  Dieng,Minnesota United,1234055.0,250000.0,100
Simon Becher,St.Louis City,846899.0,800000.0,100
Jordan Morris,Seattle Sounders FC,337807.0,3000000.0,100
Marcus Caldeira,Minnesota United,1004299.0,100000.0,100
Alex Harris,Colorado Rapids,1356045.0,150000.0,100
Andy Rojas,New York Red Bulls,1056759.0,1000000.0,100
Fafà Picault,Atlanta United,216683.0,200000.0,100
Derrick Etienne,Toronto FC,354763.0,800000.0,100
Jules-Anthony Vilsaint,Toronto FC,877417.0,400000.0,100
Aiden  Hezarkhani,Real Salt Lake,1242126.0,3000000.0,100
Daniel Pinter,Inter Miami CF,1096186.0,200000.0,100
Matheus Nascimento,LA Galaxy,743594.0,2000000.0,100
Mijahir Jimenez,New York Red Bulls,251860.0,150000.0,81
Kwadwo Opoku,CF Montréal,227231.0,175000.0,95
Alexander Aravena,Portland Timbers,662742.0,3500000.0,100
Stephen Afrifa,Sporting Kansas City,1089573.0,500000.0,100
Tyler Boyd,Los Angeles FC,203330.0,500000.0,100
Emilio Aristizábal,Toronto FC,1199583.0,1200000.0,100
Dániel Gazdag,Columbus Crew,249030.0,3000000.0,100
Eric Maxim Choupo-Moting,New York Red Bulls,45660.0,1000000.0,95
Kyogo Furuhashi,LA Galaxy,489463.0,2000000.0,100
Jacob Shaffelburg,Los Angeles FC,637632.0,2500000.0,100
Amahl Pellegrino,San Diego FC,218278.0,250000.0,100
Tiago Souza,Orlando City SC,1086258.0,12000000.0,100
Pedro Leão,Orlando City SC,432895.0,20000000.0,100
Donavan Phillip,Colorado Rapids,,,0
Alexis Sánchez,CF Montréal,40433.0,1200000.0,100
Daniel Rios,CF Montréal,325603.0,500000.0,100
Brandon Vázquez,Austin FC,389255.0,5000000.0,100
Rodolfo Aloko,Charlotte FC,1111922.0,1000000.0,100
Rafael Mosquera,New York Red Bulls,892175.0,300000.0,100
Taylor Calheira,Sporting Kansas City,1246384.0,300000.0,100
Archie Goodwin,Charlotte FC,865590.0,750000.0,100
Ruben Ramos,LA Galaxy,1007381.0,175000.0,100
Roald Mitchell,New York Red Bulls,886749.0,150000.0,100
Osaze De Rosario,Seattle Sounders FC,657324.0,800000.0,100
Tyger Smalls,Charlotte FC,1214953.0,200000.0,100
Mohammed Sofo,New York Red Bulls,1143504.0,1000000.0,100
Jamal Thiaré,Columbus Crew,262022.0,300000.0,100
Nathan Ordaz,DC United,994598.0,2000000.0,100
Malik Jakupovic,Philadelphia Union,1315993.0,300000.0,100
Deandre Kerr,Toronto FC,718098.0,1000000.0,100
Sergio Santos,Atlanta United,370561.0,600000.0,100
Palmer Ault,St.Louis City,245625.0,900000.0,81
Malachi Jones,New York City FC,1214906.0,400000.0,100
Ezekiel Alladoh,Philadelphia Union,1309585.0,3500000.0,100
Victor Olatunji,Real Salt Lake,565045.0,2000000.0,100
Alex Mighten,San Diego FC,503988.0,700000.0,100
Wilson Harris,New England Revolution,279455.0,25000000.0,88
Jacob Murrell,DC United,1214848.0,350000.0,100
Seymour Garfield-Reid,New York City FC,,,0
Lewis Morgan,San Diego FC,311351.0,1000000.0,100
Gage Guerra,Portland Timbers,1346952.0,400000.0,100
Lineker Rodrigues,Real Salt Lake,1357578.0,100000.0,100
Duncan McGuire,Houston Dynamo,1089572.0,2000000.0,100
Ibrahim Aliyu,Houston Dynamo,647958.0,1000000.0,100
Stas Kornzeniowski,Philadelphia Union,1382108.0,300000.0,97
Chris Mueller,Chicago Fire,562387.0,300000.0,100
Marcos Zambrano,New England Revolution,893664.0,150000.0,100
Rayan Elloumi,Vancouver Whitecaps,1273985.0,800000.0,100
Luka Jovanovic,San Jose Earthquakes,1038441.0,1200000.0,100
Ezequiel Ponce,Houston Dynamo,296783.0,4000000.0,100
Bongokuhle Hlongwane,Minnesota United,669202.0,2000000.0,100
Jason Shokalook,Chicago Fire,1214849.0,250000.0,100
Cayman Togashi,Atlanta United,386091.0,150000.0,100
Arif Kovac,Atlanta United,,,0
Ricky Louis,FC Dallas,1492796.0,75000.0,100
Owen Graham-Roache,CF Montréal,1341188.0,150000.0,100
Fletcher Bank,Toronto FC,1011140.0,1000000.0,84
Jeremy Ebobisse,Los Angeles FC,460529.0,800000.0,100
Nicholas Simmonds,FC Dallas,1105464.0,75000.0,100
Mamadou Billo Diop,Colorado Rapids,1381205.0,100000.0,100
Daniel Musovski,Seattle Sounders FC,530421.0,800000.0,100
Nariman Akhundzade,Columbus Crew,865793.0,2000000.0,94
Lovens Delinois,Inter Miami CF,,,0
Micah Burton,Austin FC,994268.0,100000.0,100
Anderson Julio,FC Dallas,310640.0,2500000.0,100
Woobens Pacius,Nashville SC,919006.0,600000.0,100
Josef Martínez,Columbus Crew,162569.0,1500000.0,100
Vincent Janssen,Portland Timbers,207015.0,4000000.0,100
Nonso Adimabua,San Jose Earthquakes,1379907.0,150000.0,100
Dominik Fitz,Minnesota United,354022.0,1500000.0,100
Sal Olivas,Philadelphia Union,1159253.0,100000.0,100
Omir Fernandez,Portland Timbers,467271.0,1000000.0,100
Daryl Dike,Orlando City SC,,,0
Nick Markanich,Houston Dynamo,972764.0,400000.0,100
Jayden Da,New England Revolution,747720.0,20000000.0,85
Arild Østbø,Viking FK,73327.0,150000.0,100
Elias Hadaya,Sandefjord Fotball,272542.0,700000.0,100
Simen Vidtun Nilsen,SK Brann,736962.0,700000.0,100
Leander Øy,Sarpsborg 08,905220.0,250000.0,100
Nikita Haikin,Bodø/Glimt,255440.0,3000000.0,100
Martin Borsheim,Fredrikstad FK,955389.0,800000.0,96
Jakob Haugaard,Tromsø IL,138335.0,400000.0,100
Michael Lansing,Kristiansund BK,448696.0,300000.0,100
Pontus Dahlberg,Lillestrøm SK,365544.0,800000.0,100
Mamour Ndiaye,Sarpsborg 08,1111044.0,1200000.0,100
Emil Odegaard,KFUM Oslo,367243.0,350000.0,96
Adrian Sæther,Kristiansund BK,946000.0,700000.0,100
Mathias Dyngeland,SK Brann,228006.0,800000.0,100
Oscar Hedvall,Vålerenga IF,325179.0,700000.0,100
Leopold Wahlstedt,Rosenborg BK,441892.0,800000.0,100
Albert Posiadała,Molde FK,712378.0,900000.0,96
Kristoffer Klaesson,Aalesunds FK,418561.0,700000.0,100
Marcus Sandberg,HamKam,63443.0,200000.0,100
Mads Juhl Kikkenborg,Molde FK,537566.0,400000.0,100
Krzysztof Bąkowski,KFUM Oslo,554278.0,350000.0,100
Ľubomír Belko,Viking FK,546819.0,1800000.0,100
Luca Podlech,Aalesunds FK,,,0
Filip Manojlović,IK Start,333323.0,550000.0,100
Havar Jensen,KFUM Oslo,258957.0,250000.0,96
Jacob Pryts,Sarpsborg 08,303157.0,400000.0,100
Tor Erik Larsen,Aalesunds FK,526434.0,200000.0,100
Peder Hoel Lervik,Molde FK,,,0
Ole Lauvli,Tromsø IL,394733.0,200000.0,100
Fredrik Sjøvold,Bodø/Glimt,912959.0,10000000.0,100
Haitam Aleesami,Bodø/Glimt,230166.0,225000.0,100
Zinedin Smajlović,Sandefjord Fotball,958649.0,3000000.0,100
Viljar Vevatne,Viking FK,240012.0,250000.0,100
Odin Luras Bjørtuft,Bodø/Glimt,502558.0,4500000.0,100
Abubacarr Kinteh,Tromsø IL,1385275.0,7000000.0,100
Gianni Stensness,Viking FK,627472.0,1500000.0,100
Sivert Sira Hansen,Molde FK,920456.0,3000000.0,100
Birk Risa,Molde FK,331575.0,1500000.0,100
Vetle Skjaervik,Tromsø IL,639327.0,700000.0,92
Henrik Sælebakke Falchener,Viking FK,743088.0,6000000.0,100
Fredrik Holmé,Fredrikstad FK,584228.0,500000.0,100
Tobias Kvalvagnes Guddal,Tromsø IL,890617.0,3500000.0,100
Rasmus Holten,Sandefjord Fotball,919675.0,500000.0,100
Henrik Heggheim,Viking FK,790245.0,1800000.0,100
Ulrik Jenssen,Lillestrøm SK,239044.0,450000.0,100
Jostein Gundersen,Bodø/Glimt,342129.0,1500000.0,100
Daniel Eid,Fredrikstad FK,471127.0,550000.0,100
Denzel De Roeve,SK Brann,666131.0,1800000.0,100
Peter Reinhardsen,Sarpsborg 08,599489.0,300000.0,100
Lars Ranger,Lillestrøm SK,545648.0,800000.0,100
Fredrik André Bjørkan,Bodø/Glimt,800176.0,25000000.0,100
Bjorn Utvik,Sarpsborg 08,,,0
Ruben Gabrielsen,Lillestrøm SK,107662.0,225000.0,100
Jonas Svensson,Rosenborg BK,136184.0,500000.0,100
Tomáš Nemčík,Rosenborg BK,482829.0,2500000.0,100
Ulrik Fredriksen,Fredrikstad FK,501989.0,800000.0,100
Vetle Auklend,Viking FK,1120134.0,300000.0,100
Alexander Munksgaard,Kristiansund BK,283225.0,300000.0,100
Kristoffer Tønnessen,IK Start,375403.0,400000.0,100
Isak Vadebu,Tromsø IL,822103.0,1000000.0,100
Martin Linnes,Molde FK,137582.0,200000.0,100
Sigurd Rosted,Sarpsborg 08,230336.0,600000.0,100
Eirik Franke Saunes,KFUM Oslo,502907.0,450000.0,100
Joachim Soltvedt,SK Brann,326875.0,600000.0,100
Sondre Flem Bjørshol,Viking FK,338939.0,300000.0,100
Simen Rafn,Fredrikstad FK,146790.0,150000.0,100
Sander Moen Foss,Lillestrøm SK,440972.0,450000.0,100
Fredrik Pallesen Knudsen,SK Brann,347849.0,700000.0,100
Anders Baertelsen,Viking FK,422947.0,700000.0,93
Anders Hiim,Sarpsborg 08,993704.0,900000.0,100
Vetle Dragsnes,SK Brann,320046.0,500000.0,100
Martin Gjone,HamKam,1006799.0,800000.0,100
Villads Nielsen,Bodø/Glimt,953067.0,1800000.0,100
Dan Peter Ulvestad,Kristiansund BK,155555.0,100000.0,100
Mikkel Konradsen Ceide,Rosenborg BK,794757.0,600000.0,100
Alexander Warneryd,Tromsø IL,1110611.0,2500000.0,100
Håkon Volden,Rosenborg BK,1126113.0,1000000.0,100
Halldor Stenevik,Molde FK,400121.0,700000.0,100
John Olav Norheim,IK Start,268325.0,300000.0,100
Isak Dybvik Määttä,Bodø/Glimt,664809.0,1500000.0,100
Kristoffer Haugen,Viking FK,225823.0,650000.0,100
Claus Niyukuri,Sarpsborg 08,700673.0,500000.0,100
Magnar Odegaard,Sarpsborg 08,106437.0,100000.0,96
Thore Pedersen,SK Brann,268151.0,400000.0,100
Fredrik Sjolstad,HamKam,180064.0,300000.0,96
Mathias Tonnessen,Tromsø IL,1022746.0,1000000.0,96
Ilir Kukleci,HamKam,633870.0,200000.0,100
Tobias Solheim Dahl,Rosenborg BK,932960.0,500000.0,100
Aaron Kiil Olsen,Vålerenga IF,633546.0,800000.0,100
Sturla Ottesen,Lillestrøm SK,666526.0,500000.0,100
Tom Strannegård,IK Start,527343.0,600000.0,100
Daniel Schneider,KFUM Oslo,944800.0,600000.0,100
Samukelo Kabini,Molde FK,1175086.0,2500000.0,93
Frederik Elkær,Lillestrøm SK,578926.0,500000.0,100
Xander Lambrix,Sandefjord Fotball,547312.0,700000.0,100
Fillip Voster Botnen,Viking FK,,,0
Sigurd Kvile,Fredrikstad FK,400109.0,600000.0,100
Hakon Krogelien,Sandefjord Fotball,901544.0,100000.0,100
Jonas Mortensen,Rosenborg BK,492492.0,500000.0,100
Erlend Dahl Reitan,IK Start,369100.0,450000.0,100
Stian Kristiansen,Lillestrøm SK,519291.0,500000.0,100
Leo Cornic,Tromsø IL,501629.0,900000.0,100
Adrian Nilsen Pereira,Rosenborg BK,507310.0,1000000.0,100
Ethan Amundsen-Day,HamKam,795430.0,1200000.0,100
Julius Mar Juliusson,Kristiansund BK,984628.0,600000.0,100
Ivan Näsberg,Vålerenga IF,239046.0,650000.0,100
Jakob Nyland Örsahl,Aalesunds FK,623495.0,350000.0,97
Filip Loftesnes Bjune,Sandefjord Fotball,,,0
Halvor Rodolen Opsahl,HamKam,893787.0,350000.0,95
Isak Helstad Amundsen,Fredrikstad FK,746604.0,600000.0,100
Håkon Røsten,KFUM Oslo,905378.0,500000.0,100
Gustav Højbjerg,Sandefjord Fotball,656179.0,100000.0,100
Nikolai Skuseth,Sarpsborg 08,1061763.0,300000.0,100
Aleksander Kjelsen,Aalesunds FK,903556.0,700000.0,100
Kevin Tshiembe,Vålerenga IF,387745.0,500000.0,100
Solomon Owusu,Fredrikstad FK,487114.0,400000.0,100
Yaw Paintsil,Lillestrøm SK,525731.0,500000.0,100
Jonathan Norbye,Fredrikstad FK,1006916.0,700000.0,100
Eirik Haugan,Molde FK,308444.0,600000.0,100
Uba Charles,Aalesunds FK,892417.0,800000.0,100
Marius Andresen,Aalesunds FK,678360.0,350000.0,100
Fredrik Tobias Berglie,KFUM Oslo,526489.0,400000.0,100
Sebastian Jarl,Vålerenga IF,501833.0,500000.0,100
Kolbeinn Finnsson,Vålerenga IF,320421.0,700000.0,100
Hakon Sjatil,Vålerenga IF,944803.0,800000.0,100
Vetle Walle Egeli,Sandefjord Fotball,894382.0,1200000.0,100
Herman Johan Haugen,Viking FK,674288.0,500000.0,100
Simen Haram,Aalesunds FK,1098950.0,600000.0,100
Sebastian Griesbeck,IK Start,153555.0,150000.0,100
Marius Lode,Sarpsborg 08,223197.0,350000.0,100
Menno Koch,Sarpsborg 08,182578.0,300000.0,100
Eirik Wichne,Sarpsborg 08,351524.0,350000.0,100
Frederik Flex,Kristiansund BK,824077.0,500000.0,100
Snorre Strand Nilsen,HamKam,379604.0,250000.0,100
Anton Ekeroth,HamKam,819392.0,650000.0,100
Sander Hansen Sjøkvist,KFUM Oslo,663257.0,300000.0,100
Fanuel Ghebreyohannes Yrga-Alem,Fredrikstad FK,949173.0,500000.0,100
Ian Hoffmann,HamKam,469852.0,400000.0,100
Philip Sandvik Aukland,Aalesunds FK,469918.0,350000.0,100
Joachim Nysveen,Fredrikstad FK,1213685.0,250000.0,100
Fredrik Carson Pedersen,Sandefjord Fotball,721784.0,600000.0,100
Viðar Ari Jónsson,HamKam,38539.0,400000.0,100
Omar Jebali,IK Start,898099.0,350000.0,100
Nana Kwame Boakye,SK Brann,1281099.0,1500000.0,100
Momodou Lion Njie,KFUM Oslo,890050.0,450000.0,100
Vegar Eggen Hedenstad,Vålerenga IF,73333.0,175000.0,100
Jonas Torsvik,SK Brann,923538.0,450000.0,100
Fredrik Palerud,IK Start,284867.0,200000.0,100
Amin Nouri,KFUM Oslo,89647.0,50000.0,100
Aleksander Andresen,HamKam,902487.0,700000.0,100
Brage Skaret,KFUM Oslo,539662.0,450000.0,100
Aslak Witry,Rosenborg BK,313944.0,700000.0,100
Ousmane Diallo Toure,IK Start,990732.0,500000.0,100
Casper Öyvann,Tromsø IL,595594.0,500000.0,96
Anders Børset,Kristiansund BK,923499.0,150000.0,100
Altin Ujkani,IK Start,581636.0,250000.0,100
Ólafur Guðmundsson,Aalesunds FK,540109.0,400000.0,97
Emil Engqvist,Aalesunds FK,619884.0,400000.0,100
Jens Berland Husebø,IK Start,507309.0,250000.0,100
Cheick Mbacke Diop,SK Brann,1371221.0,1000000.0,94
Max Normann Williamsen,Kristiansund BK,698969.0,400000.0,100
Espen Bjørnsen Garnås,Lillestrøm SK,269010.0,300000.0,100
Kristoffer Nessø,Aalesunds FK,268491.0,150000.0,100
Martin Hellan,Sandefjord Fotball,1098471.0,250000.0,100
Leon Hien,Tromsø IL,664349.0,600000.0,100
Mathias Løvik,Molde FK,661212.0,4000000.0,100
Ulrik Syversen,Aalesunds FK,619659.0,200000.0,100
Johan Meyer,IK Start,926951.0,350000.0,100
Lucas Svenningsen,Lillestrøm SK,1161829.0,150000.0,100
Kennedy Ikechukwu Okpaleke,Fredrikstad FK,1172437.0,300000.0,100
Mads Mikkelsen,Tromsø IL,391001.0,175000.0,100
Zlatko Tripić,Viking FK,195274.0,1000000.0,100
Patrick Berg,Bodø/Glimt,308439.0,8000000.0,100
Ole Selnæs,Rosenborg BK,175961.0,600000.0,100
Jakob Sørensen,SK Brann,31821.0,25000.0,81
Eirik Hestad,Molde FK,228069.0,400000.0,100
Aimar Sher,Sarpsborg 08,579294.0,1500000.0,100
Håkon Evjen,Bodø/Glimt,394688.0,5000000.0,100
Filip Thorvaldsen,Vålerenga IF,1045990.0,2000000.0,100
Kristoffer Askildsen,Viking FK,574495.0,3000000.0,100
Endre Hjertager Osenbroch,Aalesunds FK,1117557.0,500000.0,100
David Edvardsson,Tromsø IL,532965.0,1500000.0,100
Sondre Fet,Bodø/Glimt,335298.0,1800000.0,100
Tobias Borkeeiet,Sandefjord Fotball,458537.0,400000.0,96
Ruben Jenssen,Tromsø IL,41335.0,150000.0,100
Mats Møller Dæhli,Molde FK,190831.0,800000.0,100
Emil Breivik,Molde FK,538670.0,3500000.0,100
Mathias Christensen,Aalesunds FK,660989.0,700000.0,100
Robin Rasch,KFUM Oslo,264295.0,400000.0,100
Kristall Máni Ingason,SK Brann,490971.0,1800000.0,100
Rocco Robert Shein,Fredrikstad FK,1084714.0,2500000.0,100
Sander Risan Mörk,Sandefjord Fotball,622421.0,600000.0,96
Samuel Leach Holm,Fredrikstad FK,300086.0,700000.0,100
Patrick Metcalfe,HamKam,501710.0,500000.0,100
Carl Lange,Vålerenga IF,503325.0,650000.0,100
Aksel Baran Potur,HamKam,877320.0,1000000.0,100
Iver Fossum,Rosenborg BK,226450.0,450000.0,100
Jens Hjertø-Dahl,Tromsø IL,923535.0,10000000.0,100
Sondre Auklend,Bodø/Glimt,581112.0,3000000.0,100
Heine Gikling Bruseth,Kristiansund BK,909663.0,900000.0,100
Sondre Milian Granaas,Molde FK,1029788.0,1200000.0,100
Sander Christiansen,Sarpsborg 08,432697.0,650000.0,100
Steve Mvoué,IK Start,666953.0,600000.0,100
Andreas Hansen,Sarpsborg 08,162101.0,1000000.0,100
Mads Bomholt,Rosenborg BK,1048392.0,1800000.0,100
Vebjørn Hoff,Molde FK,271755.0,500000.0,100
Salieu Drammeh,Lillestrøm SK,656141.0,1000000.0,100
Felix Horn Myhre,SK Brann,367274.0,3500000.0,100
Oskar Øhlenschlaeger,Fredrikstad FK,926953.0,2300000.0,94
Erlend Segberg,IK Start,369101.0,350000.0,100
Joshua Kitolano,Bodø/Glimt,432694.0,2500000.0,100
Oskar Spiten-Nysæter,Molde FK,,,0
Sondre Sörli,Sarpsborg 08,320140.0,450000.0,95
Tore Andre Soras,KFUM Oslo,800176.0,25000000.0,100
Jonas Lange Hjorth,KFUM Oslo,686005.0,400000.0,100
Ambina Fidèle Brice,Vålerenga IF,863901.0,1800000.0,97
Wilfred George Igor,Kristiansund BK,1167645.0,1500000.0,100
Sander Innvær,Tromsø IL,1002038.0,500000.0,100
Simen Kvia-Egeskog,Viking FK,893547.0,3000000.0,100
Troy Nyhammer,Tromsø IL,923505.0,900000.0,100
Gustav Kjolstad Nyheim,Lillestrøm SK,923527.0,1200000.0,100
Loris Mettler,HamKam,449526.0,400000.0,100
Evangelos Patoulidis,Sandefjord Fotball,375718.0,1200000.0,100
Markus Karlsbakk,Lillestrøm SK,519882.0,1500000.0,100
Elias Kristoffersen Hagen,Aalesunds FK,74600.0,1200000.0,100
Victor Emanuel Halvorsen,Sarpsborg 08,939217.0,800000.0,100
Max Nilsson,Fredrikstad FK,1111164.0,600000.0,100
Edvin Austbø,Viking FK,980787.0,9000000.0,100
Magnus Wolff Eikrem,KFUM Oslo,54775.0,250000.0,100
Daniel Daga,Molde FK,1015612.0,600000.0,100
Luc Mares,HamKam,315733.0,400000.0,100
Ruben Alte,Viking FK,797945.0,800000.0,100
Jesper Nerhus Eikrem,SK Brann,1007816.0,150000.0,100
Olaus Skarsem,Sarpsborg 08,,,0
Joe Bell,Viking FK,345700.0,3500000.0,100
Marcus Melchior,Sandefjord Fotball,582100.0,450000.0,100
Deni Dashaev,IK Start,,,0
Hakon Butli Hammer,Aalesunds FK,464478.0,350000.0,100
Ylldren Ibrahimaj,Lillestrøm SK,230845.0,450000.0,100
Mikael Ugland,IK Start,418556.0,400000.0,100
Henrik Bjørdal,Vålerenga IF,268620.0,800000.0,100
Bendik Berntsen,Sandefjord Fotball,1256182.0,450000.0,100
Simen Hestnes,KFUM Oslo,370879.0,450000.0,100
Mads Enggård,Molde FK,752778.0,2500000.0,100
Simen Nordli,Rosenborg BK,418751.0,2300000.0,100
Kevin Martin Krygard,Lillestrøm SK,900195.0,25000000.0,100
Petter Strand,Vålerenga IF,319661.0,400000.0,100
Anders Trondsen,HamKam,228042.0,400000.0,100
Sander Svendsen,Kristiansund BK,269503.0,600000.0,100
Isak Dahlqvist,Tromsø IL,501054.0,500000.0,100
Sander Hestetun Kilen,Kristiansund BK,1129400.0,1500000.0,100
Leonard Owusu,Fredrikstad FK,579628.0,800000.0,100
Jakob Maslo Dunsby,Sandefjord Fotball,582923.0,700000.0,100
Edvard Pettersen,Sandefjord Fotball,939565.0,700000.0,100
Karl Linus Alperud,Lillestrøm SK,1338121.0,500000.0,100
Henrik Melland,Lillestrøm SK,901766.0,1000000.0,100
Ferslev Anders Klynge,Bodø/Glimt,542762.0,1000000.0,100
Caleb Zady Sery,Molde FK,617699.0,1500000.0,100
Mathias Sauer,Sandefjord Fotball,678277.0,300000.0,100
Jacob Hanstad,Sandefjord Fotball,,,0
Eirik Schulze,IK Start,203659.0,200000.0,100
Santeri Väänänen,Rosenborg BK,564621.0,900000.0,100
Syver Skundberg Skeide,Kristiansund BK,751474.0,400000.0,100
Robin Dzabic,Sandefjord Fotball,773062.0,350000.0,100
Tobias Moi,Viking FK,990983.0,1500000.0,100
Jacob Christensen,Molde FK,515017.0,700000.0,100
Eric Kitolano,Lillestrøm SK,367232.0,600000.0,100
Sigurd Prestmo,Tromsø IL,,,0
Niklas Jensen Wassberg,SK Brann,892045.0,1500000.0,100
Markus Haaland,SK Brann,877260.0,900000.0,100
Ulrik Saltnes,Bodø/Glimt,201865.0,600000.0,100
Jesper Isaksen,Kristiansund BK,451040.0,400000.0,100
Hakon Helland Hoseth,KFUM Oslo,523052.0,400000.0,100
Blerton Isufi,HamKam,1264058.0,500000.0,100
Magnus Westergaard,Vålerenga IF,542842.0,700000.0,100
Niklas Odegard,Molde FK,914949.0,600000.0,96
Magnus Riisnæs,Bodø/Glimt,715508.0,2000000.0,100
Tobias Hammer Svendsen,Kristiansund BK,367250.0,350000.0,100
Odin Thiago Holm,Vålerenga IF,581109.0,1000000.0,100
Viktor Bender,Molde FK,1051639.0,300000.0,100
Markus Soomets,IK Start,356736.0,350000.0,100
Kristian Eriksen,SK Brann,321644.0,700000.0,100
Niklas Kemp Fuglestad,Viking FK,1253757.0,1500000.0,100
Amin Cosic,Viking FK,,,0
Jakob Swift,Sandefjord Fotball,,,0
Gustav Nordh,Lillestrøm SK,,,0
Jakub Jezierski,Fredrikstad FK,825994.0,600000.0,100
Jacob Blixt Flaten,KFUM Oslo,,,0
Gard Simenstad,HamKam,434195.0,400000.0,100
Benjamin Faraas,Fredrikstad FK,918494.0,350000.0,100
Eggert Aron Guðmundsson,SK Brann,751105.0,1500000.0,97
Jakob Segadal Hansen,Viking FK,1027708.0,1500000.0,100
William Osnes-Ringen,HamKam,923532.0,400000.0,100
Elias Sørensen,Vålerenga IF,422930.0,1200000.0,100
Bop Guèye,Sarpsborg 08,1414671.0,300000.0,100
Adrian Kurd Rønning,Kristiansund BK,1006939.0,450000.0,100
Davíð Snær Jóhannsson,Aalesunds FK,541188.0,300000.0,85
Eirik Granaas,Fredrikstad FK,1390964.0,900000.0,100
Salim Laghzaoui,Fredrikstad FK,1129395.0,900000.0,100
Ghayas Zahid,Vålerenga IF,236693.0,400000.0,100
Zymer Bytyqi,Kristiansund BK,213555.0,3000000.0,100
Oscar Skari Hansen,Fredrikstad FK,85314.0,7500000.0,100
Mathias Svenningsen-Grønn,Sarpsborg 08,1251861.0,100000.0,100
Johan Johanessen Bakke,Rosenborg BK,712880.0,500000.0,100
Markus Johnsgard,HamKam,459209.0,300000.0,100
Michael Opoku,Sarpsborg 08,695226.0,700000.0,100
Ola Visted,Viking FK,1204043.0,600000.0,100
Hrannar Snær Magnússon,Kristiansund BK,1013231.0,200000.0,100
Harald Woxen,Lillestrøm SK,1213680.0,1200000.0,100
Filip Strømland Lien,IK Start,1473172.0,100000.0,100
Jesper Andreas Grundt,Tromsø IL,798819.0,500000.0,100
Jakob Vester,Sandefjord Fotball,898781.0,700000.0,100
Sondre Sørløkk,Fredrikstad FK,350709.0,500000.0,100
Lukas Hjelleset Gausdal,IK Start,1253652.0,350000.0,100
Eron Gojani,HamKam,1277069.0,100000.0,100
Mathias Kristensen,Aalesunds FK,107114.0,300000.0,100
Johan Solstad-Nøis,Tromsø IL,1251638.0,100000.0,100
Kjartan Mar Kjartansson,SK Brann,1015874.0,150000.0,100
Niklas Castro,SK Brann,410557.0,800000.0,100
Oscar Kapskarmo,Sandefjord Fotball,85314.0,7500000.0,100
Jens Petter Hauge,Bodø/Glimt,422355.0,12000000.0,100
Emil Ceide,Rosenborg BK,508371.0,1700000.0,100
Ieltsin Camões,Tromsø IL,,,0
Marcus Haagensen Reed,Aalesunds FK,1341717.0,500000.0,100
Felix Vá,Lillestrøm SK,497799.0,1000000.0,100
Jón Dagur Þórsteinsson,SK Brann,331739.0,800000.0,95
Mame Alassane Niang,HamKam,1310998.0,1800000.0,100
Ole Didrik Blomberg,Bodø/Glimt,644607.0,3500000.0,100
Kasper Høgh,Bodø/Glimt,542877.0,12000000.0,100
Peter Christiansen,Viking FK,542462.0,5000000.0,100
Noah Holm,SK Brann,494177.0,1500000.0,100
Isaiah Zion Kabi Skovsgaard,KFUM Oslo,,,0
Amin Chiakha,Rosenborg BK,1017261.0,3500000.0,100
Mohamed Ofkir,Vålerenga IF,369650.0,300000.0,100
Lucas Haren,Vålerenga IF,355516.0,600000.0,100
Gabriel Wesseh,Fredrikstad FK,435338.0,75000000.0,100
Bård Finne,SK Brann,202925.0,700000.0,100
Santino Samuyiwa,IK Start,,,0
Promise Meliga,Vålerenga IF,1125601.0,700000.0,100
Mathias Grundetjern,Vålerenga IF,578928.0,900000.0,100
Andreas Helmersen,Bodø/Glimt,333012.0,1200000.0,100
Kristian Lonebu,Aalesunds FK,1130922.0,3000000.0,100
Bilal Njie,KFUM Oslo,503258.0,250000.0,100
Nikolaj Möller,Sandefjord Fotball,606389.0,700000.0,100
Heine Asen Larsen,Tromsø IL,933835.0,700000.0,100
Teodor Haltvik,KFUM Oslo,464493.0,500000.0,100
Ulrik Mathisen,SK Brann,430031.0,700000.0,100
Thomas Lehne Olsen,Lillestrøm SK,103598.0,325000.0,100
Leander Alvheim,Kristiansund BK,1032405.0,1500000.0,100
Daniel Braut,Tromsø IL,993703.0,600000.0,100
Seydina Mohamed Diop,Molde FK,,,0
Magnus Grødem,KFUM Oslo,343064.0,400000.0,100
Daniel Karlsbakk,Sarpsborg 08,661205.0,4500000.0,100
Trent Kone Doherty,Molde FK,,,0
Rasmus Eggen Vinge,KFUM Oslo,912480.0,500000.0,100
Lars Olden Larsen,Tromsø IL,432682.0,600000.0,100
Johannes Núñez,Fredrikstad FK,501818.0,600000.0,100
Mikkel Bro Hansen,Bodø/Glimt,1189915.0,800000.0,100
Mostafa Najafzadeh,KFUM Oslo,,,0
Daniel Skaarud,Sandefjord Fotball,530421.0,800000.0,100
Camil Jebara,Lillestrøm SK,936439.0,600000.0,100
Jesper Cornelius,IK Start,1230462.0,1200000.0,100
Noah Sahsah,Rosenborg BK,802516.0,400000.0,100
Jo Inge Berget,Sarpsborg 08,73323.0,150000.0,100
David Hickson Gyedu,KFUM Oslo,373189.0,1500000.0,100
Henrik Udahl,HamKam,436959.0,500000.0,100
Kparobo Arierhi,Lillestrøm SK,1094582.0,500000.0,100
Ola Brynhildsen,Bodø/Glimt,499759.0,2500000.0,100
Foster Apetorgbor,Sandefjord Fotball,1241202.0,100000.0,100
Ole Christian Saeter,Vålerenga IF,658678.0,12000000.0,100
Daniel Bassi,Bodø/Glimt,1015245.0,1000000.0,100
Haakon Haugen,Kristiansund BK,1189987.0,400000.0,100
Ivan Djantou,Aalesunds FK,1074629.0,250000.0,100
Fredrik Gulbrandsen,Lillestrøm SK,110708.0,450000.0,100
Marius Nordal,IK Start,1068115.0,75000.0,100
Sævar Atli Magnússon,SK Brann,399151.0,1800000.0,100
Hakon Lorentzen,IK Start,269502.0,400000.0,100
Sebastian Holm Mathisen,Sandefjord Fotball,1012838.0,350000.0,100
Martin Tangen Vinjor,KFUM Oslo,440319.0,350000.0,100
Dino Islamović,Rosenborg BK,208095.0,500000.0,100
Noa Williams,Sarpsborg 08,501065.0,800000.0,100
Jalal Abdullai,Molde FK,1152491.0,2000000.0,100
Jesper Reitan-Sunde,Rosenborg BK,944446.0,900000.0,100
Gabriel Rajkovic,Vålerenga IF,435338.0,75000000.0,100
Duarte Moreira,HamKam,129224.0,50000.0,100
Viktor Ekblom,Tromsø IL,800230.0,300000.0,100
Hilmir Mikaelsson,Viking FK,806524.0,400000.0,100
Elias Heggland Myrlid,Aalesunds FK,74600.0,1200000.0,100
Bjorn Martin Kristensen,KFUM Oslo,877339.0,300000.0,97
Igor Fabian Gosik,Molde FK,1317350.0,300000.0,100
Rabbi Matondo,SK Brann,404384.0,900000.0,100
Alexander Gurendal,IK Start,944141.0,200000.0,100
Romano Postema,Viking FK,513330.0,400000.0,100
Mustapha Isah,Kristiansund BK,1059440.0,700000.0,100
August Mikkelsen,Bodø/Glimt,600732.0,500000.0,100
Markus Wähler,Lillestrøm SK,1253577.0,150000.0,96
Danilo Al-Saed,HamKam,866082.0,700000.0,100
James Ampofo,IK Start,864120.0,300000.0,100
Henrik Langaas Skogvold,Fredrikstad FK,894372.0,800000.0,100
Camil Mmaee,Sarpsborg 08,808767.0,400000.0,100
David Benjamin,HamKam,373189.0,1500000.0,100
Julian Bakkeli Gonstad,KFUM Oslo,923530.0,800000.0,100
Dávid Ďuriš,Rosenborg BK,497543.0,700000.0,100
Veton Berisha,Viking FK,181985.0,500000.0,100
Julian Lægreid,SK Brann,161204.0,1000000.0,80
Aleksander Lilletun Elvebu,Tromsø IL,,,0
Léo Linck,Botafogo,742034.0,2500000.0,100
Warleson,Botafogo,477460.0,2000000.0,100
Tiago Volpi,Red Bull Bragantino,227671.0,900000.0,100
Ivan,Remo,364257.0,1000000.0,100
Ronaldo,Bahia,866670.0,3500000.0,100
Everson,Atlético Mineiro,106032.0,900000.0,100
Léo Vieira,Bahia,67144.0,200000.0,100
Diogenes,Santos,907359.0,200000.0,100
Lucas Arcanjo,Vitória,645602.0,2500000.0,100
Pedro Morisco,Coritiba,974488.0,5000000.0,100
Mycael,Athletico,743586.0,2000000.0,100
Weverton,Grêmio,69400.0,700000.0,100
Santos,Athletico,697520.0,450000.0,100
Marcelo Rangel,Remo,412610.0,50000.0,100
Cleiton,Red Bull Bragantino,468247.0,5000000.0,100
Carlos Miguel,Palmeiras,641458.0,7000000.0,100
Marcelo Lomba,Palmeiras,53015.0,75000.0,100
Pedro Rangel,Coritiba,841263.0,1000000.0,100
Anthoni,Internacional,869437.0,3000000.0,100
Kauê,Corinthians,1005653.0,300000.0,100
Agustín Rossi,Flamengo,352324.0,10000000.0,100
Fábio,Fluminense,61891.0,1000000.0,100
Otávio Costa,Cruzeiro,997947.0,500000.0,100
Cássio,Cruzeiro,50144.0,250000.0,100
Sergio Rochet,Internacional,264014.0,1800000.0,100
Anderson,Chapecoense,539183.0,600000.0,100
Gabriel Grando,Grêmio,878037.0,1500000.0,100
Rafael,São Paulo,61892.0,800000.0,100
Hugo Souza,Corinthians,574901.0,11000000.0,100
Raul,Botafogo,520093.0,400000.0,100
Matheus Cunha,Internacional,517894.0,75000000.0,100
Walter,Mirassol,269860.0,150000.0,100
Gabriel Menegon,Grêmio,435338.0,75000000.0,100
Gabriel Brazão,Santos,371247.0,12000000.0,100
Léo Jardim,Vasco da Gama,288415.0,7000000.0,100
Neto,Botafogo,111819.0,900000.0,100
João Paulo,Santos,275412.0,2000000.0,100
Matheus,Chapecoense,177547.0,2000000.0,100
Rafael Santos,Chapecoense,625617.0,800000.0,100
Thiago Beltrame,Grêmio,37623.0,25000.0,100
Thomazella,Mirassol,143855.0,200000.0,100
Gabriel,Vitória,435338.0,75000000.0,100
Gabriel Batista,Botafogo,401535.0,4000000.0,100
Wallace,Grêmio,225335.0,1500000.0,100
João Pedro Tchoca,Corinthians,65278.0,1000000.0,100
David Duarte,Bahia,373446.0,1500000.0,100
Lucas Esquivel,Athletico,829969.0,7000000.0,100
Domingos Duarte,São Paulo,257376.0,800000.0,100
Rafael Tolói,São Paulo,72441.0,800000.0,100
Léo Pereira,Flamengo,288431.0,12000000.0,100
Rodrigo Moledo,Coritiba,119434.0,100000.0,100
Marcos Victor,Bahia,980463.0,450000.0,100
Igor Rabello,Fluminense,341701.0,1400000.0,100
Léo Ortiz,Flamengo,374136.0,12000000.0,100
Pedro Henrique,Red Bull Bragantino,329720.0,3500000.0,100
Agustin Sant Anna,Red Bull Bragantino,,,0
Juninho Capixaba,Red Bull Bragantino,406676.0,8000000.0,100
Júlio Fidelis,Fluminense,1119008.0,300000.0,100
Bruno Fuchs,Palmeiras,563692.0,4000000.0,100
Luciano Juba,Bahia,676035.0,14000000.0,100
Ignácio,Fluminense,624291.0,2000000.0,100
Ryan Augusto,Red Bull Bragantino,1311456.0,1000000.0,100
Nahuel Ferraresi,Botafogo,466336.0,4500000.0,100
Willian Machado,Mirassol,592340.0,2000000.0,100
Sabino,São Paulo,546033.0,1000000.0,100
Guillermo Maripán,Internacional,249730.0,2000000.0,100
Thiago Silva,Fluminense,29241.0,500000.0,100
Gustavo Gómez,Palmeiras,215390.0,3500000.0,100
Jonathan Jesus,Cruzeiro,1083207.0,8000000.0,100
Cuiabano,Vasco da Gama,891353.0,10000000.0,100
Alexandro Bernabei,Internacional,719635.0,8000000.0,100
André Ramalho,Corinthians,175792.0,800000.0,100
Marlon,Grêmio,406675.0,4000000.0,100
João Victor,Flamengo,671145.0,3000000.0,100
Paulinho,Botafogo,428791.0,9000000.0,100
Juan Pablo Freytes,Fluminense,628750.0,5000000.0,100
Gustavo Marques,Red Bull Bragantino,977465.0,5000000.0,100
Román Gómez,Bahia,1241022.0,1500000.0,100
Gabriel Paulista,Corinthians,149498.0,500000.0,100
Robert Arboleda,São Paulo,139867.0,400000.0,100
Braian Aguirre,Internacional,829378.0,2500000.0,100
Gastón Benavídez,Athletico,696719.0,3500000.0,100
Vitor Hugo,Atlético Mineiro,149752.0,500000.0,100
Igor Formiga,Mirassol,688690.0,2000000.0,100
Gustavo Henrique,Corinthians,208681.0,700000.0,100
Murilo,Palmeiras,458710.0,5000000.0,100
Viery,Grêmio,950393.0,6000000.0,100
Renê,Fluminense,1093951.0,1000000.0,100
Dantas,Athletico,429987.0,4000000.0,100
Vitão,Flamengo,428783.0,10000000.0,100
Lyanco,Atlético Mineiro,379807.0,4500000.0,100
Jacy Maranhão,Coritiba,593382.0,2500000.0,100
Fabrizio Angileri,Corinthians,268506.0,400000.0,100
Bruno Gomes,Internacional,703322.0,6000000.0,100
Arthur Dias,Athletico,1233473.0,3000000.0,100
Fernando Marçal,Botafogo,51174.0,2000000.0,100
Matheuzinho,Corinthians,594226.0,8000000.0,100
Danilo,Flamengo,808509.0,32000000.0,100
Matheus Bidu,Corinthians,670021.0,7000000.0,100
João Marcelo,Cruzeiro,744024.0,3000000.0,100
Claudinho,Athletico,403315.0,13000000.0,100
Edu,Vitória,9543.0,500000.0,100
João Victor,Mirassol,671145.0,3000000.0,100
Reinaldo,Mirassol,225617.0,350000.0,100
Fabrício Bruno,Cruzeiro,432773.0,12000000.0,100
João Paulo Ananias,Santos,275412.0,2000000.0,100
Ruan,Atlético Mineiro,555015.0,4000000.0,100
Joaquín Piquerez,Palmeiras,496268.0,12000000.0,100
Agustín Giay,Palmeiras,849582.0,10000000.0,100
Lucas Oliveira,Mirassol,592373.0,1000000.0,100
João Paulo,Chapecoense,275412.0,2000000.0,100
Caio Roque,Botafogo,789856.0,400000.0,100
Kauã Moraes,Cruzeiro,1388409.0,2000000.0,100
Diego Caito,Grêmio,376155.0,450000.0,100
Santiago Ramos Mingo,Bahia,688593.0,12000000.0,100
Alix Vinicius,Red Bull Bragantino,146020.0,1200000.0,100
Renan Lodi,Atlético Mineiro,476352.0,11000000.0,100
Gustavo Martins,Grêmio,874223.0,4000000.0,100
Robert Renan,Vasco da Gama,958598.0,10000000.0,100
Duplexe Tchamba,Remo,490760.0,800000.0,100
Puma Rodríguez,Vasco da Gama,732899.0,3500000.0,86
Juan Felipe Aguirre,Athletico,570521.0,1500000.0,100
Alexander Barboza,Palmeiras,379752.0,5000000.0,100
Gilberto,Athletico,231614.0,2200000.0,100
Gabriel Justino,Botafogo,435338.0,75000000.0,100
Gabriel Xavier,Bahia,740501.0,4000000.0,100
Camutanga,Vitória,607817.0,250000.0,100
Lucas Ramon,São Paulo,378189.0,700000.0,100
Ayrton Lucas,Flamengo,349585.0,4000000.0,100
Guga,Fluminense,258034.0,2200000.0,100
Luiz Otávio,Mirassol,231289.0,10000000.0,100
Marquinhos,Botafogo,181767.0,28000000.0,100
Iván Román,Atlético Mineiro,1101447.0,1500000.0,100
Luan Peres Petroni,Santos,178984.0,1200000.0,100
Vitinho,Botafogo,468249.0,9000000.0,100
Jamerson,Vitória,613641.0,800000.0,100
Jemmes,Fluminense,1141364.0,3000000.0,100
Guillermo Varela,Flamengo,188862.0,1000000.0,100
Alan Javier Franco,São Paulo,428786.0,5000000.0,100
Carlos Terán,Athletico,649184.0,2000000.0,100
William,Cruzeiro,341710.0,3000000.0,100
Fagner,Cruzeiro,47592.0,200000.0,100
Mateusinho,Vitória,401533.0,1500000.0,95
Leonardo Derik,Athletico,44358.0,150000.0,100
Samuel Xavier,Fluminense,198250.0,200000.0,100
Bruno Melo,Coritiba,538230.0,250000.0,100
Emerson,Flamengo,181778.0,9000000.0,100
Arthur Gabriel,Palmeiras,1115722.0,3000000.0,100
Fabián Balbuena,Grêmio,285548.0,900000.0,100
Gabriel Mercado,Internacional,45319.0,100000.0,100
Gabriel Knesowitsch,Mirassol,435338.0,75000000.0,100
Guilherme Arana,Fluminense,346766.0,6000000.0,100
Gilberto Junior,Athletico,1093864.0,2000000.0,100
Matheus Bahia,Internacional,741021.0,3000000.0,100
Gonzalo Escobar,Santos,440377.0,800000.0,100
Adonis Frías,Santos,598838.0,3000000.0,100
Nathan Mendes,Vitória,887801.0,1500000.0,100
João Pedro Chermont,Coritiba,65278.0,1000000.0,100
Maicon,Coritiba,18301.0,500000.0,100
Alex Sandro,Flamengo,79960.0,1000000.0,100
Vanderlan,Red Bull Bragantino,816129.0,3000000.0,100
Vitor Fernandes Chaves Teixeira,Atlético Mineiro,292488.0,50000.0,81
Braian Cufré,Remo,401521.0,1200000.0,100
Luis Benedetti,Palmeiras,1253807.0,4000000.0,100
Lucas Monzón,Botafogo,796973.0,550000.0,100
Júnior Alonso,Atlético Mineiro,273000.0,1500000.0,100
José Guilherme,Bahia,139607.0,1200000.0,100
Luan Cândido,Vitória,432166.0,3000000.0,100
Cacá,Vitória,603122.0,1500000.0,100
Eduardo Doma,Chapecoense,24633.0,750000.0,100
Félix Torres,Internacional,468174.0,1000000.0,100
Kaiki,Cruzeiro,879217.0,14000000.0,100
Alex Telles,Botafogo,255755.0,2800000.0,100
Paulo Henrique,Vasco da Gama,412594.0,6000000.0,100
Victor Caetano,Chapecoense,636507.0,700000.0,100
Tiago Cóser,Coritiba,834443.0,1500000.0,100
Carlos Cuesta,Vasco da Gama,474589.0,8000000.0,100
Daniel Borges,Mirassol,276877.0,300000.0,100
Marcelinho,Remo,681494.0,600000.0,100
Jefté,Palmeiras,851595.0,4000000.0,100
Tinga,Coritiba,273442.0,450000.0,100
Bruno Pacheco,Chapecoense,435163.0,250000.0,100
José Andrés Hurtado,Red Bull Bragantino,680506.0,3000000.0,100
Kanu,Bahia,524446.0,3000000.0,100
Kauan,Chapecoense,,,0
Kauã Pascini,Atlético Mineiro,1355484.0,500000.0,100
Marllon,Remo,166032.0,350000.0,100
Lucas Veríssimo,Santos,411662.0,4500000.0,100
Igor Vinícius,Santos,552240.0,2000000.0,100
Kauã Prates,Cruzeiro,1275068.0,10000000.0,100
Luis Guedes,Grêmio,696506.0,900000.0,85
Breno,Red Bull Bragantino,598545.0,100000.0,100
Marlon Lopes,Remo,406675.0,4000000.0,100
Eduardo Santos,Red Bull Bragantino,24633.0,750000.0,100
Wendell,São Paulo,228433.0,1500000.0,100
Pedro Gabriel,Grêmio,1253927.0,2000000.0,100
João Lucas,Remo,672292.0,1500000.0,100
Pedro Milans,Corinthians,657743.0,1500000.0,100
Mateo Ponte,Botafogo,856047.0,2000000.0,100
Emanuel Brítez,Vitória,,,0
Fernando,Chapecoense,51174.0,2000000.0,100
Felipe Jonatan,Coritiba,587786.0,2000000.0,100
Zé Ivaldo,Remo,484848.0,2000000.0,100
Caio Paulista,Grêmio,601011.0,2000000.0,100
Iago,São Paulo,520468.0,3500000.0,100
Walter Kannemann,Grêmio,145400.0,350000.0,100
Gabriel Rojas,Cruzeiro,471639.0,4000000.0,100
Khellven,Palmeiras,653348.0,6000000.0,100
Wagner Leonardo,Grêmio,671572.0,3000000.0,100
Julián Millán,Fluminense,495689.0,3500000.0,100
Maik,São Paulo,1027026.0,1500000.0,100
Lucas Villalba,Cruzeiro,240913.0,1700000.0,100
Ramon,Vitória,663578.0,2000000.0,100
Vinícius Eduardo de Almeida,Chapecoense,24633.0,750000.0,100
Rafael Thyere,Chapecoense,292152.0,250000.0,100
Riquelme Avellar,Vasco da Gama,1219749.0,6000000.0,100
Bruno Leonardo,Chapecoense,729587.0,400000.0,100
Lucas Piton,Vasco da Gama,670201.0,6000000.0,100
Victor Gabriel,Internacional,834444.0,5000000.0,100
Alan Saldivia,Vasco da Gama,989455.0,1200000.0,100
Kayky Almeida,Remo,1089609.0,800000.0,100
Léo,Remo,403296.0,1200000.0,100
Edenilson,Vitória,169052.0,250000.0,100
Marcos Rocha,Grêmio,75435.0,200000.0,100
Mayk,Remo,603423.0,500000.0,100
Luis Osorio,São Paulo,,,0
Enzo Díaz,São Paulo,540458.0,3000000.0,100
Johnny Goes,Flamengo,,,0
Rafael Gonzaga,Santos,61892.0,800000.0,100
Vitor Ramon,Grêmio,663578.0,2000000.0,100
Rodrigues,Mirassol,445101.0,700000.0,100
Matheus Felipe,Remo,177547.0,2000000.0,100
Luiz Felipe,Internacional,457931.0,2000000.0,100
João Basso,Santos,410183.0,2000000.0,100
Matheus Alexandre,Remo,617687.0,900000.0,100
Natanael,Atlético Mineiro,740295.0,4500000.0,100
João Pedro,Grêmio,626724.0,80000000.0,100
Cauê Nascimento,Red Bull Bragantino,1223728.0,500000.0,100
Jose Juninho,Internacional,424676.0,4000000.0,100
Dória,São Paulo,213841.0,1000000.0,100
Ythallo,Botafogo,980854.0,300000.0,100
Riccieli,Vitória,646677.0,1800000.0,100
Sávio,Remo,607093.0,200000.0,100
Marcos Vinícius,Chapecoense,594006.0,400000.0,100
Bastos,Botafogo,195810.0,600000.0,100
Lucas Taverna,Coritiba,190314.0,400000.0,100
Victor Luis,Mirassol,234538.0,300000.0,100
Jhoan Hernandez,Botafogo,1112486.0,150000.0,100
Lucas Freitas,Vasco da Gama,809716.0,1000000.0,100
Vinicius Rodrigues Lira,Santos,146020.0,1200000.0,100
Fabiano Souza,Vitória,1086258.0,12000000.0,100
Léo,Athletico,403296.0,1200000.0,100
Zé Marcos,Vitória,40975.0,250000.0,100
Neris,Vitória,349513.0,200000.0,100
Bruno Tubarão,Chapecoense,367255.0,900000.0,100
Mayke,Santos,147361.0,1500000.0,100
Elias,Mirassol,74600.0,1200000.0,100
Heitor,Chapecoense,670969.0,1200000.0,100
Claudinho,Vitória,403315.0,13000000.0,100
Igor Cariús,Mirassol,520480.0,200000.0,100
Alexis Duarte,Santos,491587.0,1800000.0,100
Nicolas Bosshardt,São Paulo,99523.0,100000.0,100
João Almeida,Coritiba,1092429.0,400000.0,100
Kerwin Vargas,Athletico,907649.0,3500000.0,100
Wesley,Cruzeiro,964580.0,40000000.0,100
Davi Gomes,Red Bull Bragantino,1222308.0,400000.0,100
Dudu,Vitória,1004728.0,5000000.0,100
Andreas Pereira,Palmeiras,203394.0,14000000.0,100
Matheus Pereira,Cruzeiro,225984.0,14000000.0,100
Danilo,Botafogo,808509.0,32000000.0,100
Lucas Paquetá,Flamengo,444523.0,32000000.0,100
Gabriel Pec,Cruzeiro,703321.0,7000000.0,100
Samuel Lino,Flamengo,694928.0,15000000.0,100
Marlon Freitas,Palmeiras,364972.0,6000000.0,100
Breno Lopes,Coritiba,542598.0,3000000.0,100
Jorginho,Flamengo,102017.0,4000000.0,100
Thiago Mendes,Vasco da Gama,135617.0,1300000.0,100
Cristian Pavón,Grêmio,373170.0,1700000.0,100
Gerson,Cruzeiro,341705.0,18000000.0,100
Erick Noriega,Grêmio,723853.0,5000000.0,100
Erick,Vitória,633212.0,4000000.0,100
Jhon Arias,Palmeiras,588989.0,15000000.0,100
Luciano Acosta,Fluminense,315169.0,5000000.0,100
Rodrigo Garro,Corinthians,565009.0,12000000.0,100
Arthur Melo,Grêmio,362842.0,4000000.0,100
Josué,Coritiba,52910.0,500000.0,100
Alan Patrick,Internacional,104505.0,2000000.0,100
Lucas Romero,Cruzeiro,242201.0,2500000.0,100
Tomás Cuello,Atlético Mineiro,503052.0,6000000.0,100
Martinelli,Fluminense,815558.0,16000000.0,100
Lucas Barbosa,Red Bull Bragantino,816144.0,6000000.0,100
Giorgian de Arrascaeta,Flamengo,248410.0,14000000.0,100
Willian Arão,Santos,210747.0,800000.0,100
Henry Mosquera,Red Bull Bragantino,975191.0,3500000.0,100
Nicolás Acevedo,Bahia,625569.0,6000000.0,100
Luiz Araújo,Flamengo,435485.0,7000000.0,100
Marcos Antônio,São Paulo,468301.0,12000000.0,100
Erick Pulgar,Flamengo,215616.0,4500000.0,100
Everton Ribeiro,Bahia,52896.0,1000000.0,100
Danielzinho,São Paulo,292731.0,1000000.0,100
Ferreirinha,São Paulo,689017.0,4000000.0,100
Luiz Gustavo,Athletico,1220468.0,600000.0,100
Artur,São Paulo,440658.0,8000000.0,100
Jair,Vasco da Gama,239294.0,800000.0,100
Agustín Canobbio,Fluminense,457533.0,8000000.0,100
Ênio,Chapecoense,740085.0,800000.0,100
Jefferson Savarino,Fluminense,309193.0,8000000.0,100
Cauan Barros,Vasco da Gama,1083966.0,5000000.0,100
André Carrillo,Corinthians,135057.0,800000.0,100
Gabriel Menino,Santos,608216.0,7000000.0,100
Victor Hugo,Atlético Mineiro,749559.0,7000000.0,100
Álvaro Montoro,Botafogo,1228194.0,10000000.0,100
Zé Vitor,Vitória,879236.0,2500000.0,100
Hércules,Fluminense,982617.0,15000000.0,100
Stiven Mendoza,Athletico,131101.0,600000.0,100
Allan,Palmeiras,1082631.0,20000000.0,100
Nonato,Fluminense,546172.0,2000000.0,100
Robert Santos,Chapecoense,1051322.0,1000000.0,100
Gabriel Baralhas,Vitória,435338.0,75000000.0,100
Lucas Ronier,Coritiba,1090819.0,6000000.0,100
Christian,Cruzeiro,658678.0,12000000.0,100
Patrick,Remo,1082625.0,1500000.0,100
Philippe Coutinho,Vasco da Gama,80444.0,7500000.0,100
Emiliano Martínez,Palmeiras,111873.0,12000000.0,100
Rodrigo Nestor,Bahia,468304.0,7000000.0,100
Breno Bidon,Corinthians,1029227.0,22000000.0,100
Mauricio,Palmeiras,678439.0,15000000.0,100
Rodrigo Villagra,Internacional,657220.0,3500000.0,100
Camilo,Chapecoense,672202.0,2000000.0,100
Jorge Carrascal,Flamengo,354145.0,13000000.0,100
Caique Gonçalves,Vitória,555310.0,500000.0,100
Edenilson,Botafogo,169052.0,250000.0,100
Keny Arroyo,Cruzeiro,1074584.0,10000000.0,100
José Aldo,Mirassol,644204.0,1500000.0,100
Gustavo Neves,Red Bull Bragantino,1084081.0,3500000.0,100
Japa,Mirassol,432157.0,1000000.0,100
Maycon,Atlético Mineiro,421935.0,2000000.0,100
Zé Welison,Remo,323452.0,1000000.0,100
Santiago Rodríguez,Botafogo,465819.0,6000000.0,100
João Vitor Silva,Vasco da Gama,461903.0,1500000.0,100
João Schmidt,Santos,198859.0,700000.0,100
Caio Alexandre,Bahia,727751.0,7000000.0,100
Gonzalo Plata,Flamengo,592735.0,9000000.0,100
Matheuzinho,Vitória,594226.0,8000000.0,100
Cristian Medina,Botafogo,661133.0,9000000.0,100
Felipe Anderson,Palmeiras,159372.0,1500000.0,100
Miguelito,Santos,1063811.0,5000000.0,100
Leonel Picco,Remo,663077.0,3000000.0,100
Raniele,Corinthians,546530.0,4000000.0,100
Rodriguinho,Red Bull Bragantino,743593.0,6000000.0,100
Neto Moura,Mirassol,329843.0,2000000.0,100
Denilson,Mirassol,808507.0,2000000.0,100
Gabriel Girotto,Red Bull Bragantino,213606.0,900000.0,100
Allan,Corinthians,1082631.0,20000000.0,100
Álvaro Barreal,Santos,613873.0,7000000.0,100
Andrés Gómez,Vasco da Gama,957461.0,11000000.0,100
Erick,Bahia,633212.0,4000000.0,100
Ronaldo,Internacional,866670.0,3500000.0,100
Murilo Rhikman,Cruzeiro,1083245.0,500000.0,100
Domingos Andrade,Botafogo,,,0
Jefinho,Grêmio,884072.0,5000000.0,93
Filip Krovinović,Grêmio,261988.0,1500000.0,100
Alex Santana,Corinthians,219835.0,1000000.0,100
Nadson,Santos,19108.0,25000.0,100
Lukas Zuccarello,Vasco da Gama,1220464.0,400000.0,100
Kevin Castaño,Atlético Mineiro,857948.0,5000000.0,100
Matheus Henrique,Cruzeiro,552549.0,4500000.0,100
Jean Carlos,Chapecoense,102574.0,350000.0,100
Bernard,Atlético Mineiro,175169.0,600000.0,100
Ángelo Preciado,Atlético Mineiro,450241.0,3500000.0,100
Emmanuel Martínez,Vitória,360526.0,1200000.0,100
Johan Rojas,Vasco da Gama,974652.0,3800000.0,100
Zé Rafael,Santos,225432.0,1500000.0,100
Gustavo Cazonatti,Mirassol,333913.0,900000.0,100
Kevin Serna,Fluminense,745927.0,5000000.0,100
Reinier,Atlético Mineiro,627226.0,2000000.0,100
Vitor Bueno,Remo,390368.0,1000000.0,100
Jean Lucas,Bahia,578872.0,13000000.0,100
Benjamín Rollheiser,Santos,491704.0,9000000.0,100
Jádson,Athletico,205179.0,1000000.0,100
Fernandinho,Mirassol,26267.0,600000.0,100
Yeferson Soteldo,Fluminense,312294.0,3500000.0,100
Francis Amuzu,Grêmio,423604.0,9000000.0,100
Thiago Santos,Coritiba,346922.0,100000.0,100
Gabriel Bontempo,Santos,1089958.0,9000000.0,100
Patrick de Paula,Remo,737821.0,2500000.0,100
Lucas Evangelista,Palmeiras,270188.0,4000000.0,100
Mathias Villasanti,Grêmio,436385.0,4000000.0,100
Lucca,São Paulo,1269378.0,3000000.0,100
Alexsander,Atlético Mineiro,997714.0,5500000.0,100
Jajá,Remo,726092.0,800000.0,100
Alan Franco,Atlético Mineiro,400960.0,4500000.0,100
Joaquín Lavega,Coritiba,895926.0,4000000.0,100
Gustavo Scarpa,Atlético Mineiro,330085.0,4500000.0,100
Thiago Maia,Internacional,294873.0,2500000.0,100
Tomás Pérez,Atlético Mineiro,1152154.0,3000000.0,100
Igor Gomes,Atlético Mineiro,553459.0,2500000.0,100
Huguinho,Botafogo,1364573.0,300000.0,100
Hugo Moura,Vasco da Gama,644157.0,1000000.0,100
Damián Bobadilla,São Paulo,861852.0,6000000.0,100
Christian Oliva,Santos,563812.0,1400000.0,100
Mateo Sanabria,Bahia,984480.0,2000000.0,100
João Vitor,Chapecoense,935978.0,900000.0,100
Diego Tarzia,Vitória,1225755.0,2000000.0,100
Evertton Araujo,Flamengo,931007.0,10000000.0,100
Higor Meritão,Chapecoense,646432.0,800000.0,100
Cauly Oliveira Souza,São Paulo,1086258.0,12000000.0,100
Ganso,Fluminense,67920.0,300000.0,100
Matheus Pereira da Silva,Corinthians,225984.0,14000000.0,100
Paulinho Paula,Internacional,534473.0,1000000.0,100
Willian,Grêmio,52769.0,400000.0,100
Walter Clar,Chapecoense,415843.0,500000.0,100
Leonel Pérez,Grêmio,839031.0,6000000.0,100
Allan,Botafogo,1082631.0,20000000.0,100
Pablo Maia,São Paulo,892089.0,5000000.0,100
Riquelme Felipe,Fluminense,1219749.0,6000000.0,100
Tiaguinho,Grêmio,1285798.0,500000.0,100
Dylan Borrero,Chapecoense,662453.0,1000000.0,100
Edson Fernando,Remo,686332.0,500000.0,100
Zé Lucas,Cruzeiro,190314.0,400000.0,100
Gustavinho,Santos,1101124.0,500000.0,100
Tomás Pochettino,Vitória,,,0
Walace,Vitória,323954.0,2500000.0,100
Kayke Ferrari,Corinthians,1082700.0,1500000.0,100
Giovanni Pavani,Remo,976522.0,350000.0,100
Fred,Atlético Mineiro,191614.0,4500000.0,100
Pedro Ferreira,São Paulo,337799.0,3000000.0,100
Roger,Grêmio,56435.0,550000.0,100
Diogo Riquelme,Athletico,1219749.0,6000000.0,100
Nuno Moreira,Vasco da Gama,461937.0,7000000.0,100
Eric Ramires,Red Bull Bragantino,614328.0,3500000.0,100
Sebastian Gomez,Coritiba,570522.0,1800000.0,100
Facundo Bernal,Fluminense,898350.0,6000000.0,100
Thaciano,Santos,392487.0,1000000.0,100
Ignacio Sosa,Red Bull Bragantino,881645.0,5000000.0,100
Zakaria Labyad,Corinthians,123349.0,400000.0,100
Eduardo,Mirassol,24633.0,750000.0,100
Everton,Flamengo,321239.0,7000000.0,100
Wanderson,Cruzeiro,236202.0,3000000.0,100
David Martins,Bahia,739252.0,50000.0,100
Marino Hinestroza,Vasco da Gama,663319.0,4800000.0,100
Otávio,Fluminense,231289.0,10000000.0,100
Gabriel Mec,Grêmio,1228661.0,16000000.0,100
João Cruz,Athletico,1004738.0,2000000.0,100
Vitinho,Internacional,468249.0,9000000.0,100
Vini Paulista,Coritiba,876874.0,1000000.0,100
Rafael Carvalheira,Chapecoense,722133.0,2500000.0,100
Maurício Garcez,Chapecoense,802809.0,800000.0,100
Nicolás de la Cruz,Flamengo,397458.0,8000000.0,100
André Luiz,Corinthians,919262.0,6000000.0,100
Dudu,Athletico,1004728.0,5000000.0,100
Bruno Henrique,Internacional,353108.0,750000.0,100
Santiago Sosa,Vasco da Gama,576026.0,8000000.0,100
Osvaldo,Vitória,76191.0,75000.0,100
Kauê Furquim,Bahia,1005653.0,300000.0,100
Mamady Cissé,Atlético Mineiro,1410674.0,1000000.0,100
Cédric Soares,São Paulo,112988.0,500000.0,100
Zé Ricardo,Remo,600549.0,500000.0,100
José Herrera,Red Bull Bragantino,668953.0,2500000.0,100
Matheus Fernandes,Red Bull Bragantino,351892.0,1000000.0,100
Victor Sá,São Paulo,381724.0,2500000.0,100
Yago Pikachu,Remo,265660.0,600000.0,100
Kevin Ramírez,Chapecoense,311182.0,400000.0,100
Dieguinho,Corinthians,1257132.0,4000000.0,100
Tchê Tchê,Vasco da Gama,364261.0,800000.0,100
Lucas Villalba,Botafogo,240913.0,1700000.0,100
Saúl Ñíguez,Flamengo,148928.0,1000000.0,100
Chiqueti,Athletico,1094387.0,3000000.0,100
David Braga,Remo,1091022.0,650000.0,100
Rubens Tadeu,Chapecoense,843397.0,8000000.0,100
Willian Oliveira,Coritiba,252900.0,300000.0,100
Michel Araújo,Bahia,482144.0,2500000.0,100
Lima,Fluminense,54470.0,3000000.0,100
Max,Chapecoense,28140.0,750000.0,100
Juan Portilla,Athletico,585747.0,5000000.0,100
Anderson Pato,Vitória,1519143.0,250000.0,100
Newton,São Paulo,811219.0,3000000.0,100
Brian Ocampo,Coritiba,598765.0,900000.0,100
Vitor Gonçalves Tissi,Coritiba,194547.0,225000.0,100
Yuri Alves de Aquino,Red Bull Bragantino,910926.0,150000.0,100
Bruno Braga Ramos,Athletico,367255.0,900000.0,100
Felipinho,Athletico,1115489.0,1000000.0,100
Juan Nardoni,Grêmio,689211.0,9000000.0,100
Jordan Barrera,Botafogo,1087334.0,2500000.0,100
Lucas Silva,Cruzeiro,1201822.0,2500000.0,100
Riquelme Freitas,Grêmio,1219749.0,6000000.0,100
Jáderson,Remo,653349.0,750000.0,100
Shaylon,Mirassol,480274.0,1000000.0,100
José Breno,Vitória,598545.0,100000.0,100
Charles,Corinthians,486078.0,900000.0,100
Ronald,Vitória,862554.0,1800000.0,100
Allex,Internacional,1220008.0,1000000.0,100
Luan Santos,São Paulo,178984.0,1200000.0,100
Bruno Zapelli,Athletico,711600.0,4500000.0,100
Gabriel,Mirassol,435338.0,75000000.0,100
Kayky Chagas,Internacional,668265.0,5000000.0,100
Gustavo Caballero,Santos,333913.0,900000.0,100
Larson,Palmeiras,1116605.0,400000.0,100
Yuri,Mirassol,61812.0,1000000.0,100
Everton,Chapecoense,321239.0,7000000.0,100
Miguel Monsalve,Grêmio,828045.0,3500000.0,100
Ramon Rique,Vasco da Gama,663578.0,2000000.0,100
Chico,Mirassol,55346.0,200000.0,100
Fernando Sobral,Coritiba,350342.0,1500000.0,100
Aitor Cantalapiedra,Vitória,323740.0,1800000.0,100
Lorran,Flamengo,1009030.0,4500000.0,100
Caio Joshua,Flamengo,374554.0,400000.0,81
Mateus Xavier,Santos,1220141.0,400000.0,100
Wesley Natã,Fluminense,964580.0,40000000.0,100
Dodô,Remo,401529.0,16000000.0,100
Marquinhos,Cruzeiro,181767.0,28000000.0,100
Davizinho,Santos,292731.0,1000000.0,80
Gustavo,Coritiba,333913.0,900000.0,100
Ruan Pablo,Bahia,1220614.0,8000000.0,100
Luis Pacheco,Palmeiras,1268048.0,500000.0,100
Nicolás Ferreira,Remo,995638.0,600000.0,100
Marcelinho Braz,Red Bull Bragantino,1084073.0,400000.0,100
Vinicius Balieiro,Chapecoense,813108.0,400000.0,100
Antonio Galeano,Remo,491599.0,3500000.0,100
Diego Hernández,Remo,800732.0,1500000.0,100
Kauan Toledo,Botafogo,,,0
Tomás Rincón,Santos,75942.0,100000.0,100
David Antunes,Chapecoense,1084629.0,200000.0,100
JP,Vasco da Gama,1083970.0,2000000.0,100
Calebe,Internacional,798114.0,1800000.0,100
Samuel Mendes,Santos,814454.0,100000.0,100
Isaac,Athletico,1084667.0,1200000.0,100
João Costa,Cruzeiro,936536.0,2500000.0,100
Dodi,Grêmio,373174.0,700000.0,100
Wallisson Luiz,Mirassol,742073.0,900000.0,100
Yago Felipe,Chapecoense,156501.0,1500000.0,100
Alisson,Fluminense,105470.0,15000000.0,100
Hugo Leonardo,São Paulo,730708.0,700000.0,100
Lucas Silva,Vitória,1201822.0,2500000.0,100
Bruno Matias,Chapecoense,671292.0,500000.0,100
Fabinho,Red Bull Bragantino,627230.0,5000000.0,100
Alan Rodríguez,Internacional,465817.0,2300000.0,100
Felipe Negrucci,São Paulo,980837.0,1000000.0,100
Franco Catarozzi,Remo,833886.0,350000.0,100
Djhordney Ferreira,São Paulo,1383716.0,500000.0,100
Tetê,São Paulo,371256.0,9000000.0,100
Zortéa,Grêmio,392966.0,7000000.0,100
Gustavo Silva,Mirassol,1047860.0,4000000.0,100
Felipe Morais,Cruzeiro,156501.0,1500000.0,100
Niclas Eliasson,Internacional,251813.0,3000000.0,100
Danilo Barbosa,Grêmio,273438.0,2000000.0,100
Benjamin Arhin,Internacional,1191586.0,300000.0,84
David Alves França,Coritiba,373189.0,1500000.0,100
Neymar,Santos,68290.0,8000000.0,100
Kevin Viveros,Athletico,580461.0,10000000.0,100
Fernando,Red Bull Bragantino,550495.0,1500000.0,100
Pedro,Flamengo,432895.0,20000000.0,100
Giovanni Augusto,Chapecoense,125513.0,150000.0,100
José Manuel López,Palmeiras,627277.0,100000.0,100
Gabriel Barbosa,Santos,244275.0,3000000.0,100
Carlos Vinícius,Grêmio,525287.0,7000000.0,100
Negueba,Mirassol,680681.0,3000000.0,100
Facundo Colidio,Vasco da Gama,491705.0,5000000.0,100
Caio Suassuna,Bahia,,,0
Arthur Cabral,Botafogo,390638.0,9000000.0,100
Kaio César,Corinthians,766258.0,4000000.0,100
Paulinho,Palmeiras,428791.0,9000000.0,100
Paulo Roberto,Coritiba,37403.0,500000.0,100
Leozinho,Athletico,1110658.0,750000.0,100
Tulio Eduardo,Chapecoense,24633.0,750000.0,100
Everaldo,Bahia,205041.0,350000.0,100
Luciano,São Paulo,223560.0,1300000.0,100
Vitor Roque,Palmeiras,943837.0,38000000.0,100
Johan Carbonero,Internacional,572042.0,6000000.0,100
Vinicinho,Red Bull Bragantino,1082593.0,3500000.0,100
Erick Pulga,Bahia,936544.0,11000000.0,100
John Kennedy,Fluminense,856085.0,9000000.0,100
Matheus Martins,Botafogo,668228.0,6000000.0,100
Alan Minda,Atlético Mineiro,897051.0,3000000.0,100
Cristian Olivera,Bahia,657746.0,5000000.0,100
Renê Sousa,Vitória,1093951.0,1000000.0,100
Ademir,Bahia,544259.0,1200000.0,100
Alef Manga,Remo,612479.0,600000.0,100
Kaio Jorge,Cruzeiro,620477.0,25000000.0,100
Hulk,Fluminense,80562.0,1000000.0,100
Moisés,Santos,368468.0,4000000.0,100
Dudu,Atlético Mineiro,1004728.0,5000000.0,100
Gabriel Taliari,Remo,585876.0,1800000.0,100
Adson,Vasco da Gama,868891.0,2500000.0,100
Neto Pessoa,Chapecoense,639751.0,350000.0,100
Thiago Borbas,Atlético Mineiro,743951.0,3500000.0,100
Lucas Moura,São Paulo,77100.0,2000000.0,100
David,Vasco da Gama,373189.0,1500000.0,100
Isidro Pitta,Red Bull Bragantino,675178.0,7500000.0,100
Ramón Sosa,Palmeiras,745191.0,10000000.0,100
Tetê,Grêmio,371256.0,9000000.0,100
Jonathan Calleri,São Paulo,284727.0,1500000.0,100
Joaquín Correa,Botafogo,227081.0,1500000.0,100
Jovane Cabral,Grêmio,448466.0,1000000.0,100
Nathan Fernandes,Botafogo,1083600.0,4000000.0,100
Rhuan Gabriel,Cruzeiro,435338.0,75000000.0,100
Alesson,Mirassol,480225.0,2500000.0,100
Bruno Henrique,Flamengo,353108.0,750000.0,100
Vitinho,Corinthians,468249.0,9000000.0,100
Pedro Rocha,Coritiba,362844.0,1500000.0,100
Bruno Rodrigues,Cruzeiro,406766.0,1200000.0,100
Riquelme Fillipi,Palmeiras,1124298.0,1000000.0,100
Kaique Kenji,Cruzeiro,1253814.0,3000000.0,100
Edson Carioca,Mirassol,794925.0,1500000.0,100
Willian José,Bahia,122155.0,1200000.0,100
Marcinho,Chapecoense,520081.0,900000.0,100
Julimar,Athletico,593205.0,2000000.0,100
Luis Sinisterra,Cruzeiro,512385.0,11000000.0,100
Marinho,Vitória,74758.0,200000.0,100
Mateo Cassierra,Atlético Mineiro,362667.0,8000000.0,100
Rafael Borré,Internacional,323831.0,3500000.0,100
Cauã Campos Soares,Atlético Mineiro,1365061.0,500000.0,100
Yuri Alberto,Corinthians,489893.0,23000000.0,100
Carlos Eduardo,Mirassol,52406.0,1000000.0,100
Alejo Véliz,Bahia,888493.0,4000000.0,100
Néiser Villarreal,Cruzeiro,1182665.0,4000000.0,100
José Enamorado,Grêmio,633428.0,3000000.0,100
Raykkonen Pereira Soares,Internacional,1355429.0,1000000.0,100
Jhuan Nunes Coelho,Red Bull Bragantino,,,0
Kassio,Chapecoense,50144.0,250000.0,83
Perotti,Chapecoense,54984.0,500000.0,100
Gustavo Santana,São Paulo,333913.0,900000.0,100
Bruno Lopes,Vasco da Gama,283167.0,200000.0,100
Fabrício Santos,Vitória,697520.0,450000.0,100
Jesse Lingard,Corinthians,141660.0,2000000.0,100
Keno,Coritiba,346065.0,300000.0,100
Kadir Barría,Botafogo,1464878.0,2000000.0,100
Bruno Tabata,Internacional,438202.0,1500000.0,100
Italo,Chapecoense,875447.0,800000.0,100
Memphis,Corinthians,167850.0,7000000.0,100
Luighi Hanri,Palmeiras,1158001.0,4000000.0,100
Pedro Raul,Corinthians,547443.0,2500000.0,100
Rodrigo Castillo,Fluminense,984416.0,6000000.0,100
Nathan Fogaça,Mirassol,592363.0,1500000.0,100
Brenner,Vasco da Gama,412366.0,4000000.0,100
Gui Negão,Corinthians,1257133.0,7000000.0,100
André Luis,Mirassol,539203.0,1000000.0,100
Lautaro Díaz,Santos,720294.0,1500000.0,100
Rony,Santos,371009.0,4500000.0,100
Germán Cano,Fluminense,54590.0,500000.0,100
Lucas Emanuel,Botafogo,190314.0,400000.0,100
Renato Kayzer,Vitória,404321.0,1000000.0,100
Wallace Yan,Flamengo,1082602.0,5000000.0,100
Júnior Santos,Botafogo,592347.0,3000000.0,100
Luciano Rodríguez,Cruzeiro,856143.0,9000000.0,100
Rodrigo Rodrigues,Coritiba,638262.0,500000.0,100
Eduardo Melo,Remo,738503.0,75000.0,100
Heittor,Palmeiras,670969.0,1200000.0,92
Jorge Rivaldo,Athletico,1071293.0,2000000.0,100
Santiago Moreno,Fluminense,654766.0,3000000.0,100
Franco Rossi,Chapecoense,1118587.0,1500000.0,100
Renan Peixoto Nepomuceno,Athletico,883623.0,1500000.0,100
João Pedro Bezerra de Oliveira Lo,Internacional,65278.0,1000000.0,100
Andrey Fernandes,Vasco da Gama,997076.0,200000.0,100
Fabinho,Coritiba,225693.0,12000000.0,100
Gonzalo Tapia,São Paulo,662739.0,3500000.0,100
Alerrandro,Internacional,371996.0,3000000.0,100
Gabriel Poveda,Remo,592346.0,500000.0,100
Everton Galdino,Mirassol,458251.0,1000000.0,100
Martin Braithwaite,Grêmio,95732.0,1000000.0,100
Robinho Júnior,Santos,1355385.0,5000000.0,100
Yannick Bolasie,Chapecoense,75471.0,150000.0,100
Chico da Costa,Cruzeiro,559602.0,1000000.0,100
Eduardo Sasha,Red Bull Bragantino,162883.0,800000.0,100
Bruno Santos,Mirassol,333633.0,700000.0,100
Chris Ramos,Botafogo,538810.0,2500000.0,100
Renzo López,Vitória,248030.0,650000.0,100
Luiz Fernando,Athletico,362790.0,250000.0,100
Fernando Pradella,Santos,51174.0,2000000.0,100
Lawan,Vitória,34357.0,150000.0,100
Gabriel Souza,Vasco da Gama,994229.0,200000.0,100
Rafael Monti,Remo,732443.0,600000.0,100
Matheus França,Vasco da Gama,743597.0,6000000.0,100
André Silva,São Paulo,198008.0,3000000.0,100
Renato Marques,Coritiba,985351.0,1000000.0,100
Claudio Spinelli,Vasco da Gama,504882.0,3000000.0,100
João Pedro Silva,Remo,65278.0,1000000.0,100
Tiquinho Soares,Mirassol,103381.0,800000.0,100
Ryan Francisco,São Paulo,1202387.0,4500000.0,100
André Henrique,Grêmio,1024605.0,3000000.0,100
Dell,Bahia,1328021.0,4000000.0,100
Enzo,Coritiba,186862.0,1500000.0,100
Tico,Remo,,,0
