Player,Squad,Comp,Pos,Age,Min,90s,OffScore_abs,OffBand,MidScore_abs,MidBand,DefScore_abs,DefBand,IntensityScore_abs,IntensityBand,GKScore_abs,GKBand
Arijanet Murić,Burnley,eng Premier League,GK,25.1,900,10.0,,,,,,,,,979.2685075345603,Exceptional
Thomas Strakosha,Brentford,eng Premier League,GK,28.8,135,1.5,,,,,,,,,,
Alphonse Aréola,West Ham,eng Premier League,GK,30.8,2699,30.0,,,,,,,,,520.7104279069191,Top Starter
André Onana,Manchester Utd,eng Premier League,GK,27.7,3420,38.0,,,,,,,,,680.5209578202556,Top Starter
Jordan Pickford,Everton,eng Premier League,GK,29.8,3420,38.0,,,,,,,,,582.2588792935106,Top Starter
Martin Dúbravka,Newcastle Utd,eng Premier League,GK,35.0,1994,22.2,,,,,,,,,590.2401372059038,Top Starter
Mark Travers,Bournemouth,eng Premier League,GK,24.6,360,4.0,,,,,,,,,,
Bart Verbruggen,Brighton,eng Premier League,GK,21.4,1890,21.0,,,,,,,,,520.6245881858149,Top Starter
José Sá,Wolves,eng Premier League,GK,31.0,3038,33.8,,,,,,,,,903.3862988687305,Exceptional
Robert Sánchez,Chelsea,eng Premier League,GK,26.1,1434,15.9,,,,,,,,,560.1437056913625,Top Starter
Neto,Bournemouth,eng Premier League,GK,34.5,2880,32.0,,,,,,,,,605.3494358397222,Top Starter
Emiliano Martínez,Aston Villa,eng Premier League,GK,31.3,3015,33.5,,,,,,,,,735.1464898877193,Top Starter
Robin Olsen,Aston Villa,eng Premier League,GK,34.0,405,4.5,,,,,,,,,,
Bernd Leno,Fulham,eng Premier League,GK,31.8,3420,38.0,,,,,,,,,505.9500122467303,Top Starter
Mark Flekken,Brentford,eng Premier League,GK,30.6,3285,36.5,,,,,,,,,515.1519217561658,Top Starter
Guglielmo Vicario,Tottenham,eng Premier League,GK,27.2,3420,38.0,,,,,,,,,511.3216290984989,Top Starter
Łukasz Fabiański,West Ham,eng Premier League,GK,38.7,721,8.0,,,,,,,,,518.0917277288239,Top Starter
Alisson,Liverpool,eng Premier League,GK,31.2,2520,28.0,,,,,,,,,478.5222262470861,Top Starter
James Shea,Luton Town,eng Premier League,GK,32.5,14,0.2,,,,,,,,,,
Ederson,Manchester City,eng Premier League,GK,30.4,2788,31.0,,,,,,,,,477.5238940575689,Top Starter
Nick Pope,Newcastle Utd,eng Premier League,GK,31.7,1346,15.0,,,,,,,,,626.4261773143872,Top Starter
James Trafford,Burnley,eng Premier League,GK,21.2,2520,28.0,,,,,,,,,543.172506665408,Top Starter
Wes Foderingham,Sheffield Utd,eng Premier League,GK,33.0,2648,29.4,,,,,,,,,552.7907533409693,Top Starter
Matt Turner,Nott'ham Forest,eng Premier League,GK,29.5,1530,17.0,,,,,,,,,534.2420383359189,Top Starter
Caoimhin Kelleher,Liverpool,eng Premier League,GK,25.1,900,10.0,,,,,,,,,517.2273689600457,Top Starter
Stefan Ortega,Manchester City,eng Premier League,GK,31.2,632,7.0,,,,,,,,,863.7679370408515,World Class
Đorđe Petrović,Chelsea,eng Premier League,GK,,1994,22.2,,,,,,,,,525.4686367043788,Top Starter
Thomas Kaminski,Luton Town,eng Premier League,GK,31.2,3406,37.8,,,,,,,,,502.18466371832284,Top Starter
David Raya,Arsenal,eng Premier League,GK,28.3,2880,32.0,,,,,,,,,418.3100684367363,Top Starter
Dean Henderson,Crystal Palace,eng Premier League,GK,26.8,1620,18.0,,,,,,,,,437.49477261683444,Top Starter
Sam Johnstone,Crystal Palace,eng Premier League,GK,30.8,1797,20.0,,,,,,,,,415.1793650448351,Top Starter
Ivo Grbić,Sheffield Utd,eng Premier League,GK,28.0,772,8.6,,,,,,,,,532.1693003436567,Top Starter
Jason Steele,Brighton,eng Premier League,GK,33.4,1530,17.0,,,,,,,,,443.9695879232148,Top Starter
Odysseas Vlachodimos,Nott'ham Forest,eng Premier League,GK,29.7,450,5.0,,,,,,,,,338.56004514020236,Solid Squad Player
Matz Sels,Nott'ham Forest,eng Premier League,GK,31.8,1440,16.0,,,,,,,,,404.04950627361194,Top Starter
Aaron Ramsdale,Arsenal,eng Premier League,GK,25.6,540,6.0,,,,,,,,,415.0234413239049,Top Starter
Daniel Bentley,Wolves,eng Premier League,GK,30.5,382,4.2,,,,,,,,,,
Loris Karius,Newcastle Utd,eng Premier League,GK,30.5,90,1.0,,,,,,,,,,
Remi Matthews,Crystal Palace,eng Premier League,GK,29.9,16,0.2,,,,,,,,,,
Ionuț Radu,Bournemouth,eng Premier League,GK,26.6,180,2.0,,,,,,,,,,
Andrew Robertson,Liverpool,eng Premier League,DF,29.8,1691,18.8,,,,,538.5047909690072,Top Starter,544.1107696025792,Top Starter,,
Joško Gvardiol,Manchester City,eng Premier League,DF,21.9,2328,25.9,,,,,620.5692327276719,Top Starter,702.2243366866551,Top Starter,,
Virgil van Dijk,Liverpool,eng Premier League,DF,32.5,3178,35.3,,,,,634.3676405091136,Top Starter,692.5707195602681,Top Starter,,
Pedro Porro,Tottenham,eng Premier League,DF,24.3,3092,34.4,,,,,688.0564230885428,Top Starter,643.1662292777912,Top Starter,,
Conor Bradley,Liverpool,eng Premier League,DF,20.5,761,8.5,,,,,758.2323352551798,World Class,811.1063178206749,World Class,,
James Tarkowski,Everton,eng Premier League,DF,31.1,3419,38.0,,,,,760.8642906469735,World Class,740.2006002934046,Top Starter,,
Kieran Trippier,Newcastle Utd,eng Premier League,DF,33.3,2240,24.9,,,,,625.4792763804181,Top Starter,713.8270847052898,Top Starter,,
Trent Alexander-Arnold,Liverpool,eng Premier League,DF,25.2,2159,24.0,,,,,617.2530191456902,Top Starter,628.2014484748888,Top Starter,,
Ben White,Arsenal,eng Premier League,DF,26.2,2995,33.3,,,,,502.4398919311328,Top Starter,523.4692934476104,Top Starter,,
Cristian Romero,Tottenham,eng Premier League,DF,25.7,2792,31.0,,,,,746.6273304150685,Top Starter,822.0234171362068,World Class,,
Manuel Akanji,Manchester City,eng Premier League,DF,28.5,2514,27.9,,,,,528.6048083845466,Top Starter,551.2874771012063,Top Starter,,
Gabriel Magalhães,Arsenal,eng Premier League,DF,,3053,33.9,,,,,563.0871136549897,Top Starter,596.3337343579434,Top Starter,,
Rúben Dias,Manchester City,eng Premier League,DF,26.6,2557,28.4,,,,,527.7152407319481,Top Starter,549.7036984725991,Top Starter,,
Oleksandr Zinchenko,Arsenal,eng Premier League,DF,27.0,1730,19.2,,,,,667.5956514905799,Top Starter,692.621045957332,Top Starter,,
Lewis Dunk,Brighton,eng Premier League,DF,32.1,2872,31.9,,,,,514.3068326132138,Top Starter,557.9021218542305,Top Starter,,
Kyle Walker,Manchester City,eng Premier League,DF,33.6,2767,30.7,,,,,501.35735803282523,Top Starter,527.0762649139589,Top Starter,,
Craig Dawson,Wolves,eng Premier League,DF,33.7,2211,24.6,,,,,593.7997964474222,Top Starter,561.1906779554233,Top Starter,,
Harry Maguire,Manchester Utd,eng Premier League,DF,30.8,1667,18.5,,,,,687.5281693689187,Top Starter,703.7641003844298,Top Starter,,
Jan Paul van Hecke,Brighton,eng Premier League,DF,23.6,2368,26.3,,,,,652.5970453382577,Top Starter,700.4467651624932,Top Starter,,
Diogo Dalot,Manchester Utd,eng Premier League,DF,24.8,3174,35.3,,,,,654.6370409963043,Top Starter,618.5816072976343,Top Starter,,
Nathan Aké,Manchester City,eng Premier League,DF,28.9,2052,22.8,,,,,498.4830758349938,Top Starter,599.8460701082166,Top Starter,,
Ibrahima Konaté,Liverpool,eng Premier League,DF,24.6,1584,17.6,,,,,717.3965522039293,Top Starter,806.6997752934628,World Class,,
Thiago Silva,Chelsea,eng Premier League,DF,39.3,2537,28.2,,,,,563.7517483181621,Top Starter,550.9354052140142,Top Starter,,
Jarrad Branthwaite,Everton,eng Premier League,DF,21.5,3117,34.6,,,,,704.9861322173715,Top Starter,706.141420527675,Top Starter,,
Ethan Pinnock,Brentford,eng Premier League,DF,30.6,2529,28.1,,,,,716.2645588472897,Top Starter,710.9847264114411,Top Starter,,
Malo Gusto,Chelsea,eng Premier League,DF,20.6,1761,19.6,,,,,604.0813436370345,Top Starter,689.668618398486,Top Starter,,
William Saliba,Arsenal,eng Premier League,DF,22.8,3420,38.0,,,,,497.63987448137084,Top Starter,585.0132769514479,Top Starter,,
Tosin Adarabioyo,Fulham,eng Premier League,DF,26.3,1627,18.1,,,,,621.5898555522537,Top Starter,600.5023212740945,Top Starter,,
Willy Boly,Nott'ham Forest,eng Premier League,DF,32.9,1454,16.2,,,,,856.9714247796841,World Class,831.3558925385042,World Class,,
Joachim Andersen,Crystal Palace,eng Premier League,DF,27.6,3416,38.0,,,,,684.3691977600691,Top Starter,638.196325237913,Top Starter,,
Ben Davies,Tottenham,eng Premier League,DF,30.7,1093,12.1,,,,,678.8469276953285,Top Starter,671.9392421004854,Top Starter,,
Fabian Schär,Newcastle Utd,eng Premier League,DF,32.0,3054,33.9,,,,,588.2626983375741,Top Starter,603.99333910295,Top Starter,,
Joël Matip,Liverpool,eng Premier League,DF,32.4,783,8.7,,,,,616.2854123197811,Top Starter,754.4395511930469,World Class,,
Jarell Quansah,Liverpool,eng Premier League,DF,20.9,1189,13.2,,,,,769.4132583045316,World Class,797.3913343701313,World Class,,
Levi Colwill,Chelsea,eng Premier League,DF,20.8,1798,20.0,,,,,745.5772952530018,Top Starter,711.0145621076376,Top Starter,,
Kostas Tsimikas,Liverpool,eng Premier League,DF,27.6,701,7.8,,,,,558.8385058091477,Top Starter,581.9871937187779,Top Starter,,
Rico Henry,Brentford,eng Premier League,DF,26.5,402,4.5,,,,,,,,,,
Joshua Acheampong,Chelsea,eng Premier League,DF,17.7,12,0.1,,,,,,,,,,
Davinson Sánchez,Tottenham,eng Premier League,DF,27.6,76,0.8,,,,,,,,,,
Aymeric Laporte,Manchester City,eng Premier League,DF,29.6,11,0.1,,,,,,,,,,
Micky van de Ven,Tottenham,eng Premier League,DF,22.7,2342,26.0,,,,,596.0404957794126,Top Starter,602.1669856190064,Top Starter,,
Marc Cucurella,Chelsea,eng Premier League,DF,25.4,1784,19.8,,,,,719.1820374129362,Top Starter,716.0526002319193,Top Starter,,
Marcos Senesi,Bournemouth,eng Premier League,DF,26.6,2268,25.2,,,,,709.065689443662,Top Starter,724.3035560792565,Top Starter,,
Rico Lewis,Manchester City,eng Premier League,DF,19.1,806,9.0,,,,,347.4522136642537,Solid Squad Player,401.2140624804469,Top Starter,,
Antonee Robinson,Fulham,eng Premier League,DF,26.4,3270,36.3,,,,,801.6305727582354,World Class,729.6755219971228,Top Starter,,
Max Kilman,Wolves,eng Premier League,DF,,3420,38.0,,,,,595.8008736544328,Top Starter,596.9065332079183,Top Starter,,
Vitaliy Mykolenko,Everton,eng Premier League,DF,24.6,2471,27.5,,,,,673.7626877869164,Top Starter,614.7274002109929,Top Starter,,
Dan Burn,Newcastle Utd,eng Premier League,DF,31.6,2732,30.4,,,,,661.488212093134,Top Starter,718.953214117418,Top Starter,,
Aaron Wan-Bissaka,Manchester Utd,eng Premier League,DF,26.1,1781,19.8,,,,,697.263867546889,Top Starter,652.8541962081339,Top Starter,,
Jakub Kiwior,Arsenal,eng Premier League,DF,23.9,971,10.8,,,,,535.2155965869675,Top Starter,503.09014319089226,Top Starter,,
Luke Shaw,Manchester Utd,eng Premier League,DF,28.5,962,10.7,,,,,473.6961739044716,Top Starter,534.7447444200004,Top Starter,,
Ezri Konsa,Aston Villa,eng Premier League,DF,26.2,3073,34.1,,,,,570.3259510135416,Top Starter,509.77735461560246,Top Starter,,
John Stones,Manchester City,eng Premier League,DF,29.6,1064,11.8,,,,,359.13467745897736,Solid Squad Player,399.34594376152864,Solid Squad Player,,
Scott McKenna,Nott'ham Forest,eng Premier League,DF,27.1,417,4.6,,,,,,,,,,
Emerson Palmieri,West Ham,eng Premier League,DF,29.4,3142,34.9,,,,,714.3040132298861,Top Starter,635.8101267477924,Top Starter,,
Reece James,Chelsea,eng Premier League,DF,,429,4.8,,,,,,,,,,
Tom Lockyer,Luton Town,eng Premier League,DF,29.1,1171,13.0,,,,,803.7824684182292,World Class,737.5892081905316,Top Starter,,
Issa Diop,Fulham,eng Premier League,DF,27.0,1426,15.8,,,,,620.8192207804739,Top Starter,579.2538176738997,Top Starter,,
Jordan Beyer,Burnley,eng Premier League,DF,23.6,1238,13.8,,,,,732.4330395652592,Top Starter,665.2124166974586,Top Starter,,
Raphaël Varane,Manchester Utd,eng Premier League,DF,30.7,1377,15.3,,,,,573.9425084109026,Top Starter,492.6967928261525,Top Starter,,
Nathan Collins,Brentford,eng Premier League,DF,22.7,2649,29.4,,,,,663.5037585902326,Top Starter,634.6236440064426,Top Starter,,
Trevoh Chalobah,Chelsea,eng Premier League,DF,24.5,950,10.6,,,,,581.0183774420944,Top Starter,580.2213900562534,Top Starter,,
Rayan Aït-Nouri,Wolves,eng Premier League,DF,22.6,2344,26.0,,,,,614.0897861993437,Top Starter,629.7780124199164,Top Starter,,
Joe Gomez,Liverpool,eng Premier League,DF,26.6,1793,19.9,,,,,691.4379212481612,Top Starter,699.609226743898,Top Starter,,
Matty Cash,Aston Villa,eng Premier League,DF,26.4,2142,23.8,,,,,548.4425226850265,Top Starter,542.3297119397689,Top Starter,,
Destiny Udogie,Tottenham,eng Premier League,DF,21.1,2398,26.6,,,,,655.5872551744238,Top Starter,741.5166671091537,Top Starter,,
Sergio Reguilón,Brentford,eng Premier League,DF,27.0,1551,17.2,,,,,707.0193873037474,Top Starter,729.0304688718284,Top Starter,,
Kristoffer Ajer,Brentford,eng Premier League,DF,25.7,1861,20.7,,,,,659.5106050804872,Top Starter,642.9998498342982,Top Starter,,
Mathias Jørgensen,Brentford,eng Premier League,DF,33.7,1091,12.1,,,,,586.305612475518,Top Starter,624.6816448273396,Top Starter,,
Chris Richards,Crystal Palace,eng Premier League,DF,23.8,2097,23.3,,,,,669.1169467533032,Top Starter,631.6509731703412,Top Starter,,
Sven Botman,Newcastle Utd,eng Premier League,DF,24.0,1385,15.4,,,,,537.6248458644225,Top Starter,550.1409564802709,Top Starter,,
Dara O'Shea,Burnley,eng Premier League,DF,24.8,2894,32.2,,,,,615.4918648279739,Top Starter,665.2621693400046,Top Starter,,
Adam Webster,Brighton,eng Premier League,DF,29.0,1143,12.7,,,,,614.7166974708682,Top Starter,653.5964467529852,Top Starter,,
Takehiro Tomiyasu,Arsenal,eng Premier League,DF,25.2,1143,12.7,,,,,568.6759845621326,Top Starter,659.1590997624639,Top Starter,,
Timothy Castagne,Fulham,eng Premier League,DF,28.1,2633,29.3,,,,,546.9657592949256,Top Starter,554.6443214701756,Top Starter,,
Lucas Digne,Aston Villa,eng Premier League,DF,30.5,2417,26.9,,,,,529.5327018957706,Top Starter,562.8085467132231,Top Starter,,
Marc Guéhi,Crystal Palace,eng Premier League,DF,23.5,2022,22.5,,,,,577.0904320840485,Top Starter,518.9240222948137,Top Starter,,
Ben Godfrey,Everton,eng Premier League,DF,26.0,1129,12.5,,,,,700.5972922074043,Top Starter,627.6055978094528,Top Starter,,
Igor,Brighton,eng Premier League,DF,25.9,1636,18.2,,,,,548.048297761339,Top Starter,590.6144585701182,Top Starter,,
Ben Chilwell,Chelsea,eng Premier League,DF,27.0,756,8.4,,,,,527.9076086897662,Top Starter,583.608461169297,Top Starter,,
Victor Lindelöf,Manchester Utd,eng Premier League,DF,29.5,1338,14.9,,,,,428.9326992675161,Top Starter,487.2900167745982,Top Starter,,
Jonny Evans,Manchester Utd,eng Premier League,DF,36.0,1418,15.8,,,,,662.4156329862535,Top Starter,623.4429242273659,Top Starter,,
Mads Juel Andersen,Luton Town,eng Premier League,DF,26.0,399,4.4,,,,,,,,,,
Murillo,Nott'ham Forest,eng Premier League,DF,21.5,2793,31.0,,,,,638.4639820463334,Top Starter,550.6869705562061,Top Starter,,
Axel Disasi,Chelsea,eng Premier League,DF,25.8,2590,28.8,,,,,537.3288968293284,Top Starter,623.416227789975,Top Starter,,
Pau Torres,Aston Villa,eng Premier League,DF,27.0,2463,27.4,,,,,447.0138553803704,Top Starter,441.4060907844332,Top Starter,,
Ben Mee,Brentford,eng Premier League,DF,34.3,1276,14.2,,,,,613.5548569700914,Top Starter,641.2211784601225,Top Starter,,
Emerson,Tottenham,eng Premier League,DF,25.0,1192,13.2,,,,,789.212866822517,World Class,787.3293368336658,World Class,,
James Hill,Bournemouth,eng Premier League,DF,22.0,88,1.0,,,,,,,,,,
Reece Burke,Luton Town,eng Premier League,DF,27.3,1663,18.5,,,,,647.7972658233106,Top Starter,607.0304907646151,Top Starter,,
Serge Aurier,Nott'ham Forest,eng Premier League,DF,31.0,834,9.3,,,,,706.9802152057246,Top Starter,801.1329226829305,World Class,,
Jamaal Lascelles,Newcastle Utd,eng Premier League,DF,30.1,1080,12.0,,,,,492.9907961094025,Top Starter,636.912161459745,Top Starter,,
Joël Veltman,Brighton,eng Premier League,DF,32.0,1591,17.7,,,,,754.7559305172006,World Class,696.3607282305497,Top Starter,,
Valentino Livramento,Newcastle Utd,eng Premier League,DF,21.1,1311,14.6,,,,,678.4767814087605,Top Starter,637.5486354574563,Top Starter,,
Tim Ream,Fulham,eng Premier League,DF,36.2,1504,16.7,,,,,595.7726044167616,Top Starter,562.321810952016,Top Starter,,
Neco Williams,Nott'ham Forest,eng Premier League,DF,22.7,1665,18.5,,,,,763.2515472349503,World Class,782.6765951624493,World Class,,
Gabriel Osho,Luton Town,eng Premier League,DF,25.4,1848,20.5,,,,,667.791776264099,Top Starter,641.4390431361179,Top Starter,,
Konstantinos Mavropanos,West Ham,eng Premier League,DF,26.1,1501,16.7,,,,,688.4142442138385,Top Starter,641.0631666391903,Top Starter,,
Kenny Tete,Fulham,eng Premier League,DF,28.2,891,9.9,,,,,758.1525610956212,World Class,626.2129694689694,Top Starter,,
Teden Mengi,Luton Town,eng Premier League,DF,21.7,2470,27.4,,,,,703.2663706045022,Top Starter,678.8206338829406,Top Starter,,
Matheus Nunes,Manchester City,eng Premier League,Off_MF,25.3,841,9.3,425.84355729520667,Top Starter,,,,,764.0382121958378,World Class,,
Benoît Badiashile,Chelsea,eng Premier League,DF,22.8,1337,14.9,,,,,622.5424540124136,Top Starter,654.5821815940559,Top Starter,,
Nathaniel Clyne,Crystal Palace,eng Premier League,DF,32.7,1337,14.9,,,,,506.7643150392638,Top Starter,438.69989648426395,Top Starter,,
Nayef Aguerd,West Ham,eng Premier League,DF,27.8,1859,20.7,,,,,573.7629894955323,Top Starter,579.9765011684152,Top Starter,,
Matt Doherty,Wolves,eng Premier League,DF,32.0,1192,13.2,,,,,631.3218191274013,Top Starter,717.898043764793,Top Starter,,
Clément Lenglet,Aston Villa,eng Premier League,DF,28.5,1155,12.8,,,,,503.6138068190746,Top Starter,402.77994145041913,Top Starter,,
Toti Gomes,Wolves,eng Premier League,DF,25.0,2781,30.9,,,,,545.6956348341623,Top Starter,562.1285860527661,Top Starter,,
Harry Toffolo,Nott'ham Forest,eng Premier League,DF,28.4,1485,16.5,,,,,496.7647261478136,Top Starter,470.2377740449593,Top Starter,,
Gonzalo Montiel,Nott'ham Forest,eng Premier League,DF,27.0,809,9.0,,,,,678.9302091040836,Top Starter,597.3527385422057,Top Starter,,
Lewis Hall,Newcastle Utd,eng Premier League,DF,19.3,799,8.9,,,,,754.5383163257368,World Class,738.1288509029342,Top Starter,,
Illia Zabarnyi,Bournemouth,eng Premier League,DF,21.3,3330,37.0,,,,,590.1762664833309,Top Starter,562.760880442705,Top Starter,,
Álex Moreno,Aston Villa,eng Premier League,DF,30.6,1046,11.6,,,,,546.4547807321815,Top Starter,446.8082608090093,Top Starter,,
Ola Aina,Nott'ham Forest,eng Premier League,DF,27.2,1719,19.1,,,,,693.1974592264802,Top Starter,629.6235756334958,Top Starter,,
Calvin Bassey,Fulham,eng Premier League,DF,24.0,2301,25.6,,,,,639.1565248005218,Top Starter,630.0171392854095,Top Starter,,
Kurt Zouma,West Ham,eng Premier League,DF,29.2,2838,31.5,,,,,497.6448957652067,Top Starter,418.0441644783304,Top Starter,,
Vladimír Coufal,West Ham,eng Premier League,DF,31.4,3137,34.9,,,,,592.5036769818441,Top Starter,556.2867926675212,Top Starter,,
Emil Krafth,Newcastle Utd,eng Premier League,DF,29.4,926,10.3,,,,,558.6857369102186,Top Starter,547.8120311746,Top Starter,,
Milos Kerkez,Bournemouth,eng Premier League,DF,20.2,1983,22.0,,,,,552.8200981489357,Top Starter,552.5659054600294,Top Starter,,
Lloyd Kelly,Bournemouth,eng Premier League,DF,25.2,1564,17.4,,,,,594.4688033260004,Top Starter,618.3127569370557,Top Starter,,
Nuno Tavares,Nott'ham Forest,eng Premier League,DF,23.9,462,5.1,,,,,549.5889650694867,Top Starter,569.978917864234,Top Starter,,
Moussa Niakhate,Nott'ham Forest,eng Premier League,DF,27.8,1465,16.3,,,,,668.1592027879575,Top Starter,609.1780734834314,Top Starter,,
Charlie Taylor,Burnley,eng Premier League,DF,30.3,2332,25.9,,,,,494.7927742796048,Top Starter,515.89259569404,Top Starter,,
Sergio Gómez,Manchester City,eng Premier League,FW,23.3,54,0.6,,,,,,,,,,
Maxime Estève,Burnley,eng Premier League,DF,21.6,1312,14.6,,,,,644.4784339158371,Top Starter,659.2479305938086,Top Starter,,
Chris Mepham,Bournemouth,eng Premier League,DF,26.2,626,7.0,,,,,702.7969169567344,Top Starter,692.8702661930872,Top Starter,,
Lisandro Martínez,Manchester Utd,eng Premier League,DF,26.0,656,7.3,,,,,500.18246210965424,Top Starter,460.6763616173952,Top Starter,,
Keane Lewis-Potter,Brentford,eng Premier League,FW,22.9,1441,16.0,386.9307258078886,Solid Squad Player,,,,,515.2228574708707,Top Starter,,
Nélson Semedo,Wolves,eng Premier League,DF,30.1,3092,34.4,,,,,633.4943239929602,Top Starter,619.7726338718876,Top Starter,,
Jurriën Timber,Arsenal,eng Premier League,DF,22.5,71,0.8,,,,,,,,,,
Amari'i Bell,Luton Town,eng Premier League,DF,29.7,1722,19.1,,,,,714.9907811439388,Top Starter,634.7661417829463,Top Starter,,
Adam Smith,Bournemouth,eng Premier League,DF,32.7,2175,24.2,,,,,483.9734503842562,Top Starter,443.0441374971101,Top Starter,,
Radu Drăgușin,Tottenham,eng Premier League,DF,21.9,449,5.0,,,,,588.0076080471885,Top Starter,566.3458467415417,Top Starter,,
Jack Robinson,Sheffield Utd,eng Premier League,DF,30.3,2885,32.1,,,,,593.3663321418702,Top Starter,551.0872230545236,Top Starter,,
Ashley Young,Everton,eng Premier League,DF,38.5,2299,25.5,,,,,576.7381000088291,Top Starter,538.7875200205044,Top Starter,,
Joel Ward,Crystal Palace,eng Premier League,DF,34.2,1990,22.1,,,,,586.7070665277697,Top Starter,591.3531974823171,Top Starter,,
Séamus Coleman,Everton,eng Premier League,DF,35.2,670,7.4,,,,,623.176005675529,Top Starter,507.1139413602428,Top Starter,,
Angelo Ogbonna,West Ham,eng Premier League,DF,35.6,633,7.0,,,,,479.9062587795708,Top Starter,382.69496899689784,Solid Squad Player,,
Nathan Patterson,Everton,eng Premier League,DF,22.2,1012,11.2,,,,,645.6094126680605,Top Starter,653.2578789643064,Top Starter,,
Andrew Omobamidele,Nott'ham Forest,eng Premier League,DF,21.5,782,8.7,,,,,496.3772030934648,Top Starter,389.35955799600833,Solid Squad Player,,
Diego Carlos,Aston Villa,eng Premier League,DF,30.8,1827,20.3,,,,,472.05073564339403,Top Starter,445.61589605303845,Top Starter,,
Alfie Gilchrist,Chelsea,eng Premier League,DF,20.1,223,2.5,,,,,,,,,,
Mads Roerslev,Brentford,eng Premier League,DF,24.5,2009,22.3,,,,,553.2367684077635,Top Starter,474.51717551803114,Top Starter,,
George Baldock,Sheffield Utd,eng Premier League,DF,30.8,970,10.8,,,,,548.9629845555294,Top Starter,547.863112168177,Top Starter,,
Jayden Bogle,Sheffield Utd,eng Premier League,DF,23.4,2792,31.0,,,,,618.8691620112892,Top Starter,610.7364278692601,Top Starter,,
Luke Thomas,Sheffield Utd,eng Premier League,DF,22.6,918,10.2,,,,,523.8137654673557,Top Starter,497.5998100837188,Top Starter,,
Joe Worrall,Nott'ham Forest,eng Premier League,DF,27.0,439,4.9,,,,,,,,,,
Tariq Lamptey,Brighton,eng Premier League,DF,23.3,919,10.2,,,,,498.6864953180911,Top Starter,448.1293905828322,Top Starter,,
Aaron Hickey,Brentford,eng Premier League,DF,21.6,720,8.0,,,,,463.3668827302363,Top Starter,530.5864862440208,Top Starter,,
Lorenz Assignon,Burnley,eng Premier League,DF,23.5,1237,13.7,,,,,643.4007174210175,Top Starter,632.4821857682466,Top Starter,,
Hjalmar Ekdal,Burnley,eng Premier League,DF,25.2,441,4.9,,,,,,,,,,
Yasser Larouci,Sheffield Utd,eng Premier League,DF,23.0,533,5.9,,,,,645.1519267347802,Top Starter,613.6777439605617,Top Starter,,
Santiago Bueno,Wolves,eng Premier League,DF,25.1,820,9.1,,,,,466.94217795845697,Top Starter,477.59979315023907,Top Starter,,
Chris Basham,Sheffield Utd,eng Premier League,DF,35.4,318,3.5,,,,,,,,,,
Owen Beck,Liverpool,eng Premier League,DF,21.4,16,0.2,,,,,,,,,,
Jonny Castro,Wolves,eng Premier League,Def_MF,29.8,11,0.1,,,,,,,,,,
Alex Murphy,Newcastle Utd,eng Premier League,DF,19.5,16,0.2,,,,,,,,,,
Ryan Giles,Luton Town,eng Premier League,DF,23.9,519,5.8,,,,,525.2950039274359,Top Starter,412.95790116547795,Top Starter,,
Tyrone Mings,Aston Villa,eng Premier League,DF,30.8,31,0.3,,,,,,,,,,
Auston Trusty,Sheffield Utd,eng Premier League,DF,25.4,2604,28.9,,,,,624.7791102222402,Top Starter,543.7229664413912,Top Starter,,
Vitinho,Burnley,eng Premier League,DF,20.4,2323,25.8,,,,,536.3435352851249,Top Starter,543.3856456954422,Top Starter,,
Felipe,Nott'ham Forest,eng Premier League,DF,34.6,373,4.1,,,,,,,,,,
Fodé Ballo-Touré,Fulham,eng Premier League,DF,27.0,80,0.9,,,,,,,,,,
Calum Chambers,Aston Villa,eng Premier League,Def_MF,28.9,159,1.8,,,,,,,,,,
Aaron Cresswell,West Ham,eng Premier League,DF,34.0,453,5.0,,,,,404.80303112892955,Top Starter,419.6098468290664,Top Starter,,
Odeluga Offiah,Brighton,eng Premier League,DF,21.2,146,1.6,,,,,,,,,,
Michael Keane,Everton,eng Premier League,DF,31.0,438,4.9,,,,,,,,,,
Anel Ahmedhodžić,Sheffield Utd,eng Premier League,DF,24.8,2650,29.4,,,,,658.2322052298708,Top Starter,566.2814565732083,Top Starter,,
Max Aarons,Bournemouth,eng Premier League,DF,24.0,1249,13.9,,,,,554.808112321586,Top Starter,534.1654522080339,Top Starter,,
Ameen Al-Dakhil,Burnley,eng Premier League,DF,21.8,1055,11.7,,,,,431.6288667238943,Top Starter,485.5484139460849,Top Starter,,
Thilo Kehrer,West Ham,eng Premier League,DF,27.3,33,0.4,,,,,,,,,,
Max Lowe,Sheffield Utd,eng Premier League,DF,26.6,508,5.6,,,,,619.8524966269866,Top Starter,498.88152955594455,Top Starter,,
Hannes Delcroix,Burnley,eng Premier League,DF,24.8,602,6.7,,,,,562.7588358648375,Top Starter,513.8827513392396,Top Starter,,
Ben Parkinson,Newcastle Utd,eng Premier League,FW,18.8,24,0.3,,,,,,,,,,
Connor Roberts,Burnley,eng Premier League,DF,28.3,819,9.1,,,,,402.67589593836146,Top Starter,460.47627579316173,Top Starter,,
Eric Dier,Tottenham,eng Premier League,DF,30.0,199,2.2,,,,,,,,,,
Ben Johnson,West Ham,eng Premier League,DF,23.9,550,6.1,,,,,591.4267056447945,Top Starter,631.4646867648678,Top Starter,,
James Tomkins,Crystal Palace,eng Premier League,DF,34.8,32,0.4,,,,,,,,,,
Daiki Hashioka,Luton Town,eng Premier League,DF,24.6,595,6.6,,,,,548.7610353273034,Top Starter,582.0437992943505,Top Starter,,
Ian Maatsen,Chelsea,eng Premier League,DF,21.8,222,2.5,,,,,,,,,,
Willy Kambwala,Manchester Utd,eng Premier League,DF,19.4,336,3.7,,,,,,,,,,
Sam Curtis,Sheffield Utd,eng Premier League,DF,18.1,27,0.3,,,,,,,,,,
Kaine Kesler-Hayden,Aston Villa,eng Premier League,MF,21.2,10,0.1,,,,,,,,,,
John Egan,Sheffield Utd,eng Premier League,DF,31.2,484,5.4,,,,,651.8002383450884,Top Starter,636.6564581262792,Top Starter,,
Matt Targett,Newcastle Utd,eng Premier League,DF,28.3,85,0.9,,,,,,,,,,
Rhys Norrington-Davies,Sheffield Utd,eng Premier League,DF,24.7,111,1.2,,,,,,,,,,
Mason Holgate,Sheffield Utd,eng Premier League,DF,27.2,713,7.9,,,,,598.5718840513545,Top Starter,470.60978720885777,Top Starter,,
Paul Dummett,Newcastle Utd,eng Premier League,DF,32.3,23,0.3,,,,,,,,,,
Joseph Johnson,Luton Town,eng Premier League,DF,17.9,75,0.8,,,,,,,,,,
Kaelan Casey,West Ham,eng Premier League,DF,19.2,1,0.0,,,,,,,,,,
Rodri,Manchester City,eng Premier League,MF,,2938,32.6,,,859.542685488825,World Class,,,854.9690425332445,World Class,,
Kevin De Bruyne,Manchester City,eng Premier League,Off_MF,32.5,1235,13.7,734.0923586964741,Top Starter,,,,,620.3864068110815,Top Starter,,
Phil Foden,Manchester City,eng Premier League,FW,23.6,2873,31.9,770.1343206872097,World Class,,,,,633.237329983837,Top Starter,,
Bruno Fernandes,Manchester Utd,eng Premier League,Off_MF,29.3,3119,34.7,617.3914825224654,Top Starter,,,,,738.6311251920264,Top Starter,,
Michael Olise,Crystal Palace,eng Premier League,FW,22.1,1277,14.2,897.2430299413849,World Class,,,,,747.9662921051632,Top Starter,,
Cole Palmer,Chelsea,eng Premier League,FW,21.7,2624,29.2,803.7837332969157,World Class,,,,,556.6884630886667,Top Starter,,
Martin Ødegaard,Arsenal,eng Premier League,Off_MF,25.0,3098,34.4,645.5468512389297,Top Starter,,,,,634.9652536611081,Top Starter,,
James Maddison,Tottenham,eng Premier League,Off_MF,27.1,2152,23.9,713.2313170438196,Top Starter,,,,,646.0381519594115,Top Starter,,
Mohamed Salah,Liverpool,eng Premier League,FW,31.5,2535,28.2,830.2774910675553,World Class,,,,,463.1211561781227,Top Starter,,
Eberechi Eze,Crystal Palace,eng Premier League,Off_MF,25.5,2065,22.9,700.6424272243671,Top Starter,,,,,783.6668423866312,World Class,,
Pascal Groß,Brighton,eng Premier League,MF,32.5,3114,34.6,,,812.4084495410759,World Class,,,626.2088264564807,Top Starter,,
Bernardo Silva,Manchester City,eng Premier League,Off_MF,29.4,2581,28.7,639.2785641952045,Top Starter,,,,,653.3665209606361,Top Starter,,
Bruno Guimarães,Newcastle Utd,eng Premier League,MF,26.1,3268,36.3,,,866.3387265830997,World Class,,,849.5949308330984,World Class,,
Declan Rice,Arsenal,eng Premier League,MF,25.0,3230,35.9,,,771.4832735361574,World Class,,,729.0237972523666,Top Starter,,
Jeremy Doku,Manchester City,eng Premier League,FW,21.6,1599,17.8,542.8876893544763,Top Starter,,,,,774.5304347281581,World Class,,
Solly March,Brighton,eng Premier League,FW,29.5,558,6.2,610.0821517613883,Top Starter,,,,,772.6231103281949,World Class,,
Conor Gallagher,Chelsea,eng Premier League,MF,23.9,3135,34.8,,,770.3831773876277,World Class,,,827.3352903713866,World Class,,
James Ward-Prowse,West Ham,eng Premier League,MF,29.2,3019,33.5,,,739.4507088353045,Top Starter,,,534.6086501165669,Top Starter,,
Douglas Luiz,Aston Villa,eng Premier League,MF,25.6,3001,33.3,,,698.7314168755943,Top Starter,,,667.5862277550298,Top Starter,,
Morgan Gibbs-White,Nott'ham Forest,eng Premier League,Off_MF,23.9,3160,35.1,543.8217706950708,Top Starter,,,,,660.2724320425649,Top Starter,,
Dwight McNeil,Everton,eng Premier League,Off_MF,24.1,2897,32.2,484.87070308116427,Top Starter,,,,,639.1970064171996,Top Starter,,
Alexis Mac Allister,Liverpool,eng Premier League,MF,25.0,2609,29.0,,,775.8694548062006,World Class,,,898.6581306247099,World Class,,
Jack Grealish,Manchester City,eng Premier League,FW,28.3,1022,11.4,477.313443916707,Top Starter,,,,,694.4657004545571,Top Starter,,
Lucas Paquetá,West Ham,eng Premier League,FW,26.3,2634,29.3,360.9986772261299,Solid Squad Player,,,,,890.6773053223844,World Class,,
Enzo Fernández,Chelsea,eng Premier League,MF,23.0,2214,24.6,,,601.9309179728116,Top Starter,,,701.7929029187209,Top Starter,,
Pedro Neto,Wolves,eng Premier League,FW,23.8,1518,16.9,506.82065043674976,Top Starter,,,,,556.7889327823453,Top Starter,,
Luis Díaz,Liverpool,eng Premier League,FW,,2664,29.6,559.1371874862522,Top Starter,,,,,638.1490313690962,Top Starter,,
Kaoru Mitoma,Brighton,eng Premier League,FW,26.6,1488,16.5,478.96514534389337,Top Starter,,,,,608.8850041099412,Top Starter,,
Casemiro,Manchester Utd,eng Premier League,Def_MF,31.9,1985,22.1,,,,,759.237640709957,World Class,824.0387549863112,World Class,,
Ross Barkley,Luton Town,eng Premier League,MF,30.1,2622,29.1,,,660.3969955110634,Top Starter,,,778.8797112856864,World Class,,
Daniel Muñoz,Crystal Palace,eng Premier League,DF,27.6,1439,16.0,,,,,749.0505276700853,Top Starter,752.5104586178173,World Class,,
Dominik Szoboszlai,Liverpool,eng Premier League,Off_MF,23.2,2123,23.6,456.3717332147581,Top Starter,,,,,759.1663163030746,World Class,,
João Palhinha,Fulham,eng Premier League,Def_MF,28.5,2709,30.1,,,,,859.1795056911418,World Class,827.7652977136291,World Class,,
Jarrod Bowen,West Ham,eng Premier League,FW,27.0,3020,33.6,601.9544818936542,Top Starter,,,,,527.1393375756678,Top Starter,,
Leon Bailey,Aston Villa,eng Premier League,Off_MF,26.4,2072,23.0,803.3380557121969,World Class,,,,,563.8015036002383,Top Starter,,
Harvey Elliott,Liverpool,eng Premier League,Off_MF,20.7,1367,15.2,650.1486802609988,Top Starter,,,,,695.5570481637307,Top Starter,,
Willian,Fulham,eng Premier League,FW,35.4,2054,22.8,335.19082999895926,Solid Squad Player,,,,,537.6918426683652,Top Starter,,
Moisés Caicedo,Chelsea,eng Premier League,MF,22.2,2872,31.9,,,536.7039180709216,Top Starter,,,841.2995361848332,World Class,,
Oscar Bobb,Manchester City,eng Premier League,FW,20.5,303,3.4,,,,,,,,,,
Cody Gakpo,Liverpool,eng Premier League,FW,24.7,1651,18.3,692.0255497330513,Top Starter,,,,,727.3766456444965,Top Starter,,
Josh Cullen,Burnley,eng Premier League,MF,27.7,2068,23.0,,,595.3491482036727,Top Starter,,,692.8159029979944,Top Starter,,
Albert Sambi Lokonga,Luton Town,eng Premier League,MF,24.2,1308,14.5,,,560.2481115102643,Top Starter,,,648.5016244775558,Top Starter,,
John McGinn,Aston Villa,eng Premier League,MF,29.2,3009,33.4,,,653.6666132827395,Top Starter,,,609.2892062084641,Top Starter,,
Dejan Kulusevski,Tottenham,eng Premier League,FW,23.7,2763,30.7,478.3455641431042,Top Starter,,,,,642.288290634349,Top Starter,,
Mohammed Kudus,West Ham,eng Premier League,FW,23.4,2483,27.6,460.211495362585,Top Starter,,,,,796.2376955433292,World Class,,
James Garner,Everton,eng Premier League,MF,22.8,3005,33.4,,,566.4305790499369,Top Starter,,,711.8106673230138,Top Starter,,
Adam Wharton,Crystal Palace,eng Premier League,MF,19.9,1305,14.5,,,709.719223746982,Top Starter,,,747.3165512574477,Top Starter,,
Pablo Sarabia,Wolves,eng Premier League,Off_MF,31.6,1757,19.5,609.4042039905621,Top Starter,,,,,594.2155747558154,Top Starter,,
Ryan Christie,Bournemouth,eng Premier League,MF,28.9,2918,32.4,,,717.3662098845567,Top Starter,,,803.1099704089087,World Class,,
Callum Hudson-Odoi,Nott'ham Forest,eng Premier League,FW,23.1,1863,20.7,460.36853964524965,Top Starter,,,,,550.6110839977324,Top Starter,,
Amadou Onana,Everton,eng Premier League,MF,22.4,2090,23.2,,,514.4052276025959,Top Starter,,,874.6527774088019,World Class,,
Andreas Pereira,Fulham,eng Premier League,Off_MF,28.0,2637,29.3,486.95122415786966,Top Starter,,,,,490.63361565612854,Top Starter,,
Alex Iwobi,Fulham,eng Premier League,FW,27.7,2342,26.0,395.23496519969484,Solid Squad Player,,,,,568.8790746790324,Top Starter,,
Jefferson Lerma,Crystal Palace,eng Premier League,MF,29.2,2403,26.7,,,473.5957556611883,Top Starter,,,757.6494551824144,World Class,,
Cheick Doucouré,Crystal Palace,eng Premier League,MF,24.0,921,10.2,,,453.22036802828336,Top Starter,,,711.7909836381334,Top Starter,,
Idrissa Gana Gueye,Everton,eng Premier League,MF,34.3,1892,21.0,,,507.60022348868273,Top Starter,,,811.3787911056115,World Class,,
Ben Brereton,Sheffield Utd,eng Premier League,FW,24.7,1110,12.3,514.1680307968144,Top Starter,,,,,436.871324115016,Top Starter,,
Christian Nørgaard,Brentford,eng Premier League,MF,29.8,2513,27.9,,,553.6596224629674,Top Starter,,,829.2625577961292,World Class,,
Mario Lemina,Wolves,eng Premier League,MF,30.3,2975,33.1,,,443.7370015460059,Top Starter,,,736.0484224628128,Top Starter,,
Pervis Estupiñán,Brighton,eng Premier League,DF,25.9,1244,13.8,,,,,595.3786213016042,Top Starter,705.8067361805029,Top Starter,,
Marcus Tavernier,Bournemouth,eng Premier League,FW,24.8,2129,23.7,388.793970052685,Solid Squad Player,,,,,715.1684204044464,Top Starter,,
Simon Adingra,Brighton,eng Premier League,FW,22.0,2239,24.9,374.73534207559163,Solid Squad Player,,,,,604.2155433913127,Top Starter,,
Giovani Lo Celso,Tottenham,eng Premier League,Off_MF,27.7,547,6.1,673.8569203498259,Top Starter,,,,,943.0384823793343,Exceptional,,
Yves Bissouma,Tottenham,eng Premier League,MF,27.3,2085,23.2,,,492.1168754808326,Top Starter,,,828.3325957345108,World Class,,
Alfie Doughty,Luton Town,eng Premier League,DF,24.0,2937,32.6,,,,,579.6767730706222,Top Starter,571.5575210419238,Top Starter,,
Chiedozie Ogbene,Luton Town,eng Premier League,Off_MF,26.7,1993,22.1,406.92235839099084,Top Starter,,,,,699.9705510869693,Top Starter,,
Ivan Perišić,Tottenham,eng Premier League,FW,34.9,98,1.1,,,,,,,,,,
Mateo Kovačić,Manchester City,eng Premier League,MF,29.7,1581,17.6,,,518.6988908637769,Top Starter,,,624.1973180669438,Top Starter,,
Thomas Partey,Arsenal,eng Premier League,MF,30.6,788,8.8,,,449.6681291915667,Top Starter,,,759.6445979291541,World Class,,
Joelinton,Newcastle Utd,eng Premier League,MF,27.4,1282,14.2,,,679.1999520275135,Top Starter,,,841.3291334075799,World Class,,
Julio Enciso,Brighton,eng Premier League,Off_MF,19.9,482,5.4,625.8311715118951,Top Starter,,,,,519.0003382513812,Top Starter,,
Lewis Cook,Bournemouth,eng Premier League,MF,26.9,2792,31.0,,,574.3625755879125,Top Starter,,,782.1001932792738,World Class,,
Harry Wilson,Fulham,eng Premier League,FW,26.8,1622,18.0,454.7658703245832,Top Starter,,,,,536.1266978323542,Top Starter,,
Pape Matar Sarr,Tottenham,eng Premier League,MF,21.3,2091,23.2,,,584.5184192323618,Top Starter,,,729.238702345702,Top Starter,,
Tom Cairney,Fulham,eng Premier League,MF,32.9,1500,16.7,,,766.2828941102744,World Class,,,728.7618190632985,Top Starter,,
Boubacar Kamara,Aston Villa,eng Premier League,MF,24.1,1660,18.4,,,473.14692871214504,Top Starter,,,692.6298289822279,Top Starter,,
Mathias Jensen,Brentford,eng Premier League,MF,28.0,2217,24.6,,,679.736563704659,Top Starter,,,618.5778914242699,Top Starter,,
Moussa Diaby,Aston Villa,eng Premier League,FW,24.5,2197,24.4,567.1031513374712,Top Starter,,,,,330.91248869981,Solid Squad Player,,
Jorginho,Arsenal,eng Premier League,MF,32.0,934,10.4,,,670.0627734655274,Top Starter,,,679.5326285385756,Top Starter,,
Billy Gilmour,Brighton,eng Premier League,MF,22.6,2125,23.6,,,459.9013839736583,Top Starter,,,616.1384868333355,Top Starter,,
Tomáš Souček,West Ham,eng Premier League,Def_MF,28.8,2881,32.0,,,,,648.4532294030827,Top Starter,668.2254670301238,Top Starter,,
Sander Berge,Burnley,eng Premier League,MF,25.9,3005,33.4,,,475.5374094495336,Top Starter,,,722.3816083003317,Top Starter,,
Josh Brownhill,Burnley,eng Premier League,MF,28.0,2265,25.2,,,559.592796320229,Top Starter,,,693.4310125600573,Top Starter,,
Vitaly Janelt,Brentford,eng Premier League,MF,25.6,3069,34.1,,,512.2625584316838,Top Starter,,,620.9931961212848,Top Starter,,
Miguel Almirón,Newcastle Utd,eng Premier League,FW,29.9,1955,21.7,310.3328307886421,Solid Squad Player,,,,,567.7586015029087,Top Starter,,
Amad Diallo,Manchester Utd,eng Premier League,FW,21.5,388,4.3,,,,,,,,,,
Kobbie Mainoo,Manchester Utd,eng Premier League,MF,18.7,1939,21.5,,,444.1245226147665,Top Starter,,,625.5051285183104,Top Starter,,
Jack Hinshelwood,Brighton,eng Premier League,DF,18.7,870,9.7,,,,,447.5179140467688,Top Starter,453.9573929114333,Top Starter,,
Nicolás Domínguez,Nott'ham Forest,eng Premier League,MF,25.5,1518,16.9,,,575.4776788506218,Top Starter,,,813.1384326957864,World Class,,
Youri Tielemans,Aston Villa,eng Premier League,MF,26.7,1642,18.2,,,697.1373901659545,Top Starter,,,722.2188667175974,Top Starter,,
Scott McTominay,Manchester Utd,eng Premier League,MF,27.1,1919,21.3,,,403.457737724382,Top Starter,,,592.1471316860227,Top Starter,,
Tyrick Mitchell,Crystal Palace,eng Premier League,DF,24.3,3208,35.6,,,,,625.4700039384204,Top Starter,618.4985870154976,Top Starter,,
Fabio Vieira,Arsenal,eng Premier League,Off_MF,,292,3.2,,,,,,,,,,
Gustavo Hamer,Sheffield Utd,eng Premier League,MF,26.5,2923,32.5,,,652.5173782245694,Top Starter,,,491.5043749298836,Top Starter,,
Mykhailo Mudryk,Chelsea,eng Premier League,FW,23.0,1586,17.6,493.39910319354374,Top Starter,,,,,509.68331090948215,Top Starter,,
Abdoulaye Doucouré,Everton,eng Premier League,FW,31.0,2637,29.3,372.6780214323724,Solid Squad Player,,,,,550.5187600389457,Top Starter,,
Edson Álvarez,West Ham,eng Premier League,Def_MF,26.2,2383,26.5,,,,,790.3042443934038,World Class,774.1325077578117,World Class,,
Ethan Nwaneri,Arsenal,eng Premier League,FW,16.8,13,0.1,,,,,,,,,,
Tyler Adams,Bournemouth,eng Premier League,MF,24.9,118,1.3,,,,,,,,,,
Mohamed Elneny,Arsenal,eng Premier League,MF,31.5,36,0.4,,,,,,,,,,
Elliot Anderson,Newcastle Utd,eng Premier League,Off_MF,21.2,1022,11.4,366.35480843476233,Solid Squad Player,,,,,786.8739533889302,World Class,,
Antoine Semenyo,Bournemouth,eng Premier League,FW,24.0,2119,23.5,462.09500008144647,Top Starter,,,,,673.8075601996968,Top Starter,,
Antony,Manchester Utd,eng Premier League,FW,,1347,15.0,340.2277384103646,Solid Squad Player,,,,,785.0790717338517,World Class,,
James Milner,Brighton,eng Premier League,DF,38.0,778,8.6,,,,,584.7068606573449,Top Starter,631.19288631895,Top Starter,,
Sean Longstaff,Newcastle Utd,eng Premier League,MF,26.2,2753,30.6,,,472.464023474812,Top Starter,,,528.7244225497375,Top Starter,,
Dango Ouattara,Bournemouth,eng Premier League,FW,21.9,1234,13.7,292.01707614884856,Solid Squad Player,,,,,822.814214757585,World Class,,
João Gomes,Wolves,eng Premier League,MF,,2667,29.6,,,478.1663795368838,Top Starter,,,843.7926645092394,World Class,,
Lewis Miley,Newcastle Utd,eng Premier League,MF,17.7,1205,13.4,,,630.8353060623365,Top Starter,,,664.7796455358092,Top Starter,,
Hannibal Mejbri,Manchester Utd,eng Premier League,MF,20.9,138,1.5,,,,,,,,,,
Christian Eriksen,Manchester Utd,eng Premier League,MF,31.9,1160,12.9,,,666.6028398358669,Top Starter,,,599.968602649881,Top Starter,,
Ryan Yates,Nott'ham Forest,eng Premier League,MF,26.1,2000,22.2,,,422.49808376081126,Top Starter,,,760.6344050481954,World Class,,
Danilo,Nott'ham Forest,eng Premier League,DF,,1796,20.0,,,,,636.6267449667818,Top Starter,613.1682827596499,Top Starter,,
Jóhann Berg Guðmundsson,Burnley,eng Premier League,Off_MF,33.2,1197,13.3,470.5824364374427,Top Starter,,,,,554.6054011647852,Top Starter,,
Oliver Arblaster,Sheffield Utd,eng Premier League,MF,20.0,946,10.5,,,447.44711714422726,Top Starter,,,662.368677873999,Top Starter,,
Philip Billing,Bournemouth,eng Premier League,Off_MF,27.6,1411,15.7,400.65087419922264,Top Starter,,,,,705.1750627542692,Top Starter,,
Will Hughes,Crystal Palace,eng Premier League,MF,28.7,1904,21.2,,,478.5427516022531,Top Starter,,,721.2515549506361,Top Starter,,
Sandro Tonali,Newcastle Utd,eng Premier League,MF,23.6,439,4.9,,,,,,,,,,
Bobby De Cordova-Reid,Fulham,eng Premier League,FW,30.9,1440,16.0,465.51082937172936,Top Starter,,,,,495.8205139586467,Top Starter,,
Morgan Rogers,Aston Villa,eng Premier League,Off_MF,21.4,640,7.1,471.2363719059238,Top Starter,,,,,562.1514138572767,Top Starter,,
Tommy Doyle,Wolves,eng Premier League,MF,22.2,1246,13.8,,,365.02537021790005,Solid Squad Player,,,625.811754986171,Top Starter,,
Rodrigo Bentancur,Tottenham,eng Premier League,MF,26.5,1019,11.3,,,533.6134907025605,Top Starter,,,737.7868791041325,Top Starter,,
Alex Scott,Bournemouth,eng Premier League,Off_MF,20.4,1017,11.3,360.78523668734846,Solid Squad Player,,,,,798.0094495935809,World Class,,
Ryan Gravenberch,Liverpool,eng Premier League,Off_MF,21.6,1138,12.6,288.6095459261295,Solid Squad Player,,,,,770.1103887294945,World Class,,
Wataru Endo,Liverpool,eng Premier League,MF,30.9,1742,19.4,,,445.03874291481503,Top Starter,,,763.3433293310809,World Class,,
Mikkel Damsgaard,Brentford,eng Premier League,Off_MF,23.5,860,9.6,394.6698374304016,Solid Squad Player,,,,,806.4131964810302,World Class,,
Philippe Coutinho,Aston Villa,eng Premier League,MF,31.6,31,0.3,,,,,,,,,,
Pierre Højbjerg,Tottenham,eng Premier League,MF,28.4,1343,14.9,,,510.4434634456666,Top Starter,,,806.4798661509875,World Class,,
Issa Kaboré,Luton Town,eng Premier League,DF,22.6,1732,19.2,,,,,638.646866375655,Top Starter,630.6035767348596,Top Starter,,
Emile Smith Rowe,Arsenal,eng Premier League,Off_MF,23.4,363,4.0,,,,,,,,,,
Vinicius Souza,Sheffield Utd,eng Premier League,Def_MF,,2679,29.8,,,,,808.436891085366,World Class,773.4613495925659,World Class,,
Frank Onyeka,Brentford,eng Premier League,MF,26.0,1176,13.1,,,617.9200692455763,Top Starter,,,756.6280844676811,World Class,,
Jacob Ramsey,Aston Villa,eng Premier League,FW,22.6,856,9.5,297.20798239125077,Solid Squad Player,,,,,548.2945287107282,Top Starter,,
George Earthy,West Ham,eng Premier League,FW,19.3,33,0.4,,,,,,,,,,
Ibrahim Sangaré,Nott'ham Forest,eng Premier League,Def_MF,26.1,1043,11.6,,,,,795.501672895239,World Class,743.9935806597093,Top Starter,,
Gio Reyna,Nott'ham Forest,eng Premier League,Off_MF,21.1,230,2.6,,,,,,,,,,
Tahith Chong,Luton Town,eng Premier League,Off_MF,24.1,1993,22.1,228.37002258292355,Solid Squad Player,,,,,595.2741068068261,Top Starter,,
Marvelous Nakamba,Luton Town,eng Premier League,MF,29.9,1134,12.6,,,365.05033253470447,Solid Squad Player,,,692.8203407679493,Top Starter,,
Jeffrey Schlupp,Crystal Palace,eng Premier League,FW,31.0,1376,15.3,281.6354471636066,Solid Squad Player,,,,,597.8008221782441,Top Starter,,
Jesurun Rak Sakyi,Crystal Palace,eng Premier League,Off_MF,21.2,140,1.6,,,,,,,,,,
Facundo Buonanotte,Brighton,eng Premier League,FW,19.0,1377,15.3,315.9370505231314,Solid Squad Player,,,,,688.2197896259972,Top Starter,,
Joe Willock,Newcastle Utd,eng Premier League,Off_MF,24.4,418,4.6,,,,,,,,,,
Facundo Pellistri,Manchester Utd,eng Premier League,Off_MF,22.0,175,1.9,,,,,,,,,,
Harrison Reed,Fulham,eng Premier League,MF,28.9,1324,14.7,,,494.3056411340036,Top Starter,,,592.7487653449961,Top Starter,,
Shandon Baptiste,Brentford,eng Premier League,MF,25.7,241,2.7,,,,,,,,,,
Anthony Martial,Manchester Utd,eng Premier League,FW,28.1,461,5.1,280.4727824794406,Solid Squad Player,,,,,453.6943278395883,Top Starter,,
Saïd Benrahma,West Ham,eng Premier League,FW,28.4,616,6.8,277.8147619447632,Solid Squad Player,,,,,624.1936100861318,Top Starter,,
Curtis Jones,Liverpool,eng Premier League,MF,22.9,1167,13.0,,,491.2610507103329,Top Starter,,,695.3204911270047,Top Starter,,
Carlos Baleba,Brighton,eng Premier League,MF,20.0,1362,15.1,,,365.2832457897317,Solid Squad Player,,,805.5672613611316,World Class,,
Pablo Fornals,West Ham,eng Premier League,FW,27.9,452,5.0,146.71857764219604,Below Big-5 Level,,,,,684.4495927684706,Top Starter,,
Jean-Ricner Bellegarde,Wolves,eng Premier League,Off_MF,25.5,964,10.7,335.4227127178365,Solid Squad Player,,,,,636.9188509654718,Top Starter,,
Saša Lukić,Fulham,eng Premier League,MF,27.4,1133,12.6,,,366.59145425158107,Solid Squad Player,,,630.4042148136698,Top Starter,,
Oliver Norwood,Sheffield Utd,eng Premier League,MF,32.7,1481,16.5,,,425.7073036016742,Top Starter,,,699.6246588803732,Top Starter,,
Orel Mangala,Nott'ham Forest,eng Premier League,MF,25.8,1580,17.6,,,285.2368510995312,Solid Squad Player,,,532.1001415410294,Top Starter,,
David Brooks,Bournemouth,eng Premier League,FW,26.5,289,3.2,,,,,,,,,,
Leander Dendoncker,Aston Villa,eng Premier League,Def_MF,28.7,155,1.7,,,,,,,,,,
Lesley Ugochukwu,Chelsea,eng Premier League,MF,19.8,311,3.5,,,,,,,,,,
Justin Kluivert,Bournemouth,eng Premier League,Off_MF,24.7,1942,21.6,357.3654300511152,Solid Squad Player,,,,,536.553888763865,Top Starter,,
André Gomes,Everton,eng Premier League,MF,30.4,503,5.6,,,398.5124393005142,Solid Squad Player,,,607.123947218234,Top Starter,,
Kevin Schade,Brentford,eng Premier League,FW,22.1,339,3.8,,,,,,,,,,
Matt Ritchie,Newcastle Utd,eng Premier League,FW,34.3,153,1.7,,,,,,,,,,
Saman Ghoddos,Brentford,eng Premier League,DF,30.3,792,8.8,,,,,568.5799533615622,Top Starter,604.8867969219847,Top Starter,,
Adam Lallana,Brighton,eng Premier League,Off_MF,35.6,860,9.6,324.6309326160866,Solid Squad Player,,,,,426.44882219916093,Top Starter,,
Mahmoud Dahoud,Brighton,eng Premier League,MF,28.0,454,5.0,,,584.3709408833985,Top Starter,,,534.9236760372858,Top Starter,,
Carney Chukwuemeka,Chelsea,eng Premier League,Off_MF,20.2,223,2.5,,,,,,,,,,
Oliver Skipp,Tottenham,eng Premier League,MF,23.3,736,8.2,,,386.819989698888,Solid Squad Player,,,571.7398781870115,Top Starter,,
Luke Berry,Luton Town,eng Premier League,Off_MF,31.5,380,4.2,,,,,,,,,,
Reiss Nelson,Arsenal,eng Premier League,FW,24.1,276,3.1,,,,,,,,,,
Jordan Clark,Luton Town,eng Premier League,Off_MF,30.3,1315,14.6,244.12826822990456,Solid Squad Player,,,,,620.9198988465162,Top Starter,,
Yehor Yarmoliuk,Brentford,eng Premier League,Off_MF,,716,8.0,186.5228743845816,Below Big-5 Level,,,,,751.1524348139561,World Class,,
Jakub Moder,Brighton,eng Premier League,MF,24.7,639,7.1,,,429.9374839351425,Top Starter,,,631.3378920610376,Top Starter,,
James Mcatee,Sheffield Utd,eng Premier League,Off_MF,21.2,1843,20.5,349.2206413600379,Solid Squad Player,,,,,596.8054124820867,Top Starter,,
Sofyan Amrabat,Manchester Utd,eng Premier League,MF,27.4,944,10.5,,,366.96282266981746,Solid Squad Player,,,699.7838770256645,Top Starter,,
Cédric Soares,Arsenal,eng Premier League,DF,32.3,59,0.7,,,,,,,,,,
Cesare Casadei,Chelsea,eng Premier League,FW,21.0,102,1.1,,,,,,,,,,
Hamed Junior Traorè,Bournemouth,eng Premier League,Off_MF,23.9,51,0.6,,,,,,,,,,
Jaïro Riedewald,Crystal Palace,eng Premier League,MF,27.3,241,2.7,,,,,,,,,,
Bryan Gil,Tottenham,eng Premier League,FW,22.9,236,2.6,,,,,,,,,,
Valentín Barco,Brighton,eng Premier League,DF,19.4,308,3.4,,,,,,,,,,
Roméo Lavia,Chelsea,eng Premier League,MF,20.0,32,0.4,,,,,,,,,,
Han-Noah Massengo,Burnley,eng Premier League,MF,22.5,20,0.2,,,,,,,,,,
Benson Manuel,Burnley,eng Premier League,Off_MF,26.8,133,1.5,,,,,,,,,,
Jadon Sancho,Manchester Utd,eng Premier League,FW,23.8,76,0.8,,,,,,,,,,
Cheikhou Kouyaté,Nott'ham Forest,eng Premier League,MF,34.0,238,2.6,,,,,,,,,,
Mike Trésor,Burnley,eng Premier League,FW,24.6,436,4.8,,,,,,,,,,
Ben Osborn,Sheffield Utd,eng Premier League,DF,29.4,1369,15.2,,,,,371.111581580359,Solid Squad Player,478.4181288419857,Top Starter,,
Nathan Redmond,Burnley,eng Premier League,FW,29.8,145,1.6,,,,,,,,,,
Hugo Bueno,Wolves,eng Premier League,DF,21.3,793,8.8,,,,,583.7104589432814,Top Starter,555.7149006860651,Top Starter,,
Boubacar Traoré,Wolves,eng Premier League,MF,22.4,840,9.3,,,381.7848503820562,Solid Squad Player,,,817.1116893070515,World Class,,
Joe White,Newcastle Utd,eng Premier League,MF,21.3,21,0.2,,,,,,,,,,
Joe Rothwell,Bournemouth,eng Premier League,MF,29.0,388,4.3,,,,,,,,,,
Benicio Boaitey,Brighton,eng Premier League,FW,20.0,65,0.7,,,,,,,,,,
Tawanda Chirewa,Wolves,eng Premier League,MF,20.2,165,1.8,,,,,,,,,,
John Fleck,Sheffield Utd,eng Premier League,MF,32.4,89,1.0,,,,,,,,,,
David Ozoh,Crystal Palace,eng Premier League,MF,18.7,168,1.9,,,,,,,,,,
Andre Brooks,Sheffield Utd,eng Premier League,MF,20.4,948,10.5,,,294.51836661478495,Solid Squad Player,,,605.7824026096056,Top Starter,,
Aaron Ramsey,Burnley,eng Premier League,MF,,524,5.8,,,336.5400386492724,Solid Squad Player,,,538.828256447826,Top Starter,,
Stefan Bajcetic,Liverpool,eng Premier League,MF,19.2,26,0.3,,,,,,,,,,
Sydie Peck,Sheffield Utd,eng Premier League,MF,19.3,9,0.1,,,,,,,,,,
Finley Munroe,Aston Villa,eng Premier League,MF,18.9,8,0.1,,,,,,,,,,
Zack Nelson,Luton Town,eng Premier League,Def_MF,18.7,12,0.1,,,,,,,,,,
James McConnell,Liverpool,eng Premier League,MF,19.3,11,0.1,,,,,,,,,,
Pelly Ruddock Mpanzu,Luton Town,eng Premier League,MF,30.5,1119,12.4,,,314.2414242121988,Solid Squad Player,,,481.19928174725,Top Starter,,
Romain Faivre,Bournemouth,eng Premier League,Off_MF,25.5,61,0.7,,,,,,,,,,
Andrey Santos,Nott'ham Forest,eng Premier League,MF,19.7,12,0.1,,,,,,,,,,
Ben Gannon-Doak,Liverpool,eng Premier League,FW,18.1,13,0.1,,,,,,,,,,
Josh Dasilva,Brentford,eng Premier League,DF,25.2,33,0.4,,,,,,,,,,
Jack Cork,Burnley,eng Premier League,MF,34.5,41,0.5,,,,,,,,,,
Naouirou Ahamada,Crystal Palace,eng Premier League,MF,21.8,376,4.2,,,,,,,,,,
Tim Iroegbunam,Aston Villa,eng Premier League,Def_MF,20.5,178,2.0,,,,,,,,,,
Myles Peart-Harris,Brentford,eng Premier League,DF,21.3,24,0.3,,,,,,,,,,
Kalvin Phillips,West Ham,eng Premier League,MF,28.1,403,4.5,,,,,,,,,,
Bobby Clark,Liverpool,eng Premier League,Off_MF,18.9,103,1.1,,,,,,,,,,
Thiago Alcántara,Liverpool,eng Premier League,Def_MF,32.7,13,0.1,,,,,,,,,,
Anis Ben Slimane,Sheffield Utd,eng Premier League,MF,22.8,434,4.8,,,,,,,,,,
Omari Kellyman,Aston Villa,eng Premier League,FW,18.3,35,0.4,,,,,,,,,,
Jaden Philogene Bidace,Aston Villa,eng Premier League,MF,21.9,10,0.1,,,,,,,,,,
Jaidon Anthony,Bournemouth,eng Premier League,FW,24.1,153,1.7,,,,,,,,,,
Bénie Traoré,Sheffield Utd,eng Premier League,FW,21.1,392,4.4,,,,,,,,,,
Fred Onyedinma,Luton Town,eng Premier League,DF,27.1,414,4.6,,,,,,,,,,
Tom Davies,Sheffield Utd,eng Premier League,MF,25.5,214,2.4,,,,,,,,,,
Brandon Aguilera,Nott'ham Forest,eng Premier League,FW,20.5,15,0.2,,,,,,,,,,
Luke Harris,Fulham,eng Premier League,Def_MF,18.8,74,0.8,,,,,,,,,,
Daniel Gore,Manchester Utd,eng Premier League,MF,,1,0.0,,,,,,,,,,
Jimi Tauriainen,Chelsea,eng Premier League,MF,19.8,1,0.0,,,,,,,,,,
Dominic Sadi,Bournemouth,eng Premier League,MF,20.3,1,0.0,,,,,,,,,,
Lewis Warrington,Everton,eng Premier League,MF,21.2,1,0.0,,,,,,,,,,
Jamie Donley,Tottenham,eng Premier League,MF,19.0,3,0.0,,,,,,,,,,
Donny van de Beek,Manchester Utd,eng Premier League,MF,26.7,2,0.0,,,,,,,,,,
Alex Matos,Chelsea,eng Premier League,MF,19.2,1,0.0,,,,,,,,,,
Tyler Onyango,Everton,eng Premier League,MF,20.8,1,0.0,,,,,,,,,,
Bukayo Saka,Arsenal,eng Premier League,FW,22.3,2933,32.6,661.7630499529937,Top Starter,,,,,740.1403980713768,Top Starter,,
Son Heung-min,Tottenham,eng Premier League,FW,31.5,2946,32.7,729.5640649022944,Top Starter,,,,,446.5895831262508,Top Starter,,
Anthony Gordon,Newcastle Utd,eng Premier League,FW,22.9,2899,32.2,600.8674705863622,Top Starter,,,,,610.8897211474142,Top Starter,,
Erling Haaland,Manchester City,eng Premier League,FW,23.4,2556,28.4,697.5099187747522,Top Starter,,,,,370.1561769856338,Solid Squad Player,,
Julián Álvarez,Manchester City,eng Premier League,Off_MF,23.9,2657,29.5,645.8352826275368,Top Starter,,,,,466.1278840612621,Top Starter,,
Ollie Watkins,Aston Villa,eng Premier League,FW,28.0,3221,35.8,737.6771664975511,Top Starter,,,,,379.0795467153706,Solid Squad Player,,
Bryan Mbeumo,Brentford,eng Premier League,FW,24.4,1959,21.8,558.6030851622165,Top Starter,,,,,603.4025505176011,Top Starter,,
Diogo Jota,Liverpool,eng Premier League,FW,27.1,1156,12.8,747.44722746251,Top Starter,,,,,614.1875556245885,Top Starter,,
Manor Solomon,Tottenham,eng Premier League,FW,24.4,208,2.3,,,,,,,,,,
Matheus Cunha,Wolves,eng Premier League,FW,,2453,27.3,585.8516278376437,Top Starter,,,,,627.5291032182876,Top Starter,,
Kai Havertz,Arsenal,eng Premier League,Off_MF,24.6,2639,29.3,595.707726112991,Top Starter,,,,,706.4013109329455,Top Starter,,
João Pedro,Brighton,eng Premier League,FW,23.5,2043,22.7,515.4436599507386,Top Starter,,,,,701.6845973048855,Top Starter,,
Jacob Murphy,Newcastle Utd,eng Premier League,FW,28.9,1200,13.3,563.9049896852636,Top Starter,,,,,590.0851744762738,Top Starter,,
Alexander Isak,Newcastle Utd,eng Premier League,FW,24.3,2265,25.2,688.6753579503697,Top Starter,,,,,317.2364506594477,Solid Squad Player,,
Gabriel Jesus,Arsenal,eng Premier League,FW,26.7,1499,16.7,586.959038388731,Top Starter,,,,,668.680069919403,Top Starter,,
Rodrigo Muniz,Fulham,eng Premier League,FW,22.7,1607,17.9,578.8451579555208,Top Starter,,,,,564.0189833068581,Top Starter,,
Gabriel Martinelli,Arsenal,eng Premier League,FW,22.5,2029,22.5,546.2080984824742,Top Starter,,,,,617.8577610419718,Top Starter,,
Aleksandar Mitrović,Fulham,eng Premier League,FW,29.3,32,0.4,,,,,,,,,,
Yoane Wissa,Brentford,eng Premier League,FW,27.3,2508,27.9,536.066328204998,Top Starter,,,,,529.3762804807527,Top Starter,,
Noni Madueke,Chelsea,eng Premier League,FW,21.8,1079,12.0,498.4938427787983,Top Starter,,,,,633.1709708165124,Top Starter,,
Richarlison,Tottenham,eng Premier League,FW,26.6,1510,16.8,721.7520769277722,Top Starter,,,,,538.4633221016697,Top Starter,,
Leandro Trossard,Arsenal,eng Premier League,FW,29.1,1646,18.3,662.4506877540233,Top Starter,,,,,575.1270535089412,Top Starter,,
Alejandro Garnacho,Manchester Utd,eng Premier League,FW,19.5,2586,28.7,443.6049333709801,Top Starter,,,,,530.751844407271,Top Starter,,
Timo Werner,Tottenham,eng Premier League,FW,27.8,824,9.2,586.5725502597088,Top Starter,,,,,468.60740537720375,Top Starter,,
Dominic Solanke,Bournemouth,eng Premier League,FW,26.3,3331,37.0,561.5845771885314,Top Starter,,,,,551.9327706979604,Top Starter,,
Luis Sinisterra,Bournemouth,eng Premier League,FW,24.5,700,7.8,594.367790236454,Top Starter,,,,,851.6990313586358,World Class,,
Carlton Morris,Luton Town,eng Premier League,FW,28.0,2867,31.9,345.0308488641276,Solid Squad Player,,,,,585.390723733091,Top Starter,,
Jean-Philippe Mateta,Crystal Palace,eng Premier League,FW,26.5,2305,25.6,633.5617792210963,Top Starter,,,,,535.7350847339849,Top Starter,,
Darwin Núñez,Liverpool,eng Premier League,FW,24.5,2053,22.8,775.9888162749221,World Class,,,,,459.7296140397304,Top Starter,,
Nicolas Jackson,Chelsea,eng Premier League,FW,22.5,2804,31.2,649.0937504850128,Top Starter,,,,,514.6795846945581,Top Starter,,
Jordan Ayew,Crystal Palace,eng Premier League,FW,32.3,2555,28.4,353.83914634584806,Solid Squad Player,,,,,768.203263873139,World Class,,
Harvey Barnes,Newcastle Utd,eng Premier League,FW,26.1,794,8.8,795.640540755828,World Class,,,,,568.9179351731118,Top Starter,,
Ivan Toney,Brentford,eng Premier League,FW,27.8,1449,16.1,430.36517244954075,Top Starter,,,,,670.4857561070306,Top Starter,,
Oliver McBurnie,Sheffield Utd,eng Premier League,FW,27.6,1295,14.4,491.64061974703986,Top Starter,,,,,658.9915382972041,Top Starter,,
Hwang Hee-chan,Wolves,eng Premier League,FW,27.9,2124,23.6,526.9246832587897,Top Starter,,,,,463.1841410109517,Top Starter,,
Raheem Sterling,Chelsea,eng Premier League,FW,29.1,1981,22.0,561.574402065984,Top Starter,,,,,594.6603022923841,Top Starter,,
Brennan Johnson,Tottenham,eng Premier League,FW,22.6,2330,25.9,577.1686999819817,Top Starter,,,,,490.35715388386296,Top Starter,,
Chris Wood,Nott'ham Forest,eng Premier League,FW,32.1,1839,20.4,655.7022985387334,Top Starter,,,,,459.6878518069258,Top Starter,,
Taiwo Awoniyi,Nott'ham Forest,eng Premier League,FW,26.4,1055,11.7,624.313006131756,Top Starter,,,,,457.1375873539753,Top Starter,,
Wilson Odobert,Burnley,eng Premier League,Off_MF,19.1,2118,23.5,373.44364862201627,Solid Squad Player,,,,,480.08683842400944,Top Starter,,
Anthony Elanga,Nott'ham Forest,eng Premier League,FW,21.7,2434,27.0,482.9032456791329,Top Starter,,,,,462.6525820292688,Top Starter,,
Dominic Calvert-Lewin,Everton,eng Premier League,FW,26.8,2185,24.3,418.84855020352165,Top Starter,,,,,599.9168739519956,Top Starter,,
Marcus Rashford,Manchester Utd,eng Premier League,FW,26.2,2291,25.5,356.23331518125406,Solid Squad Player,,,,,469.52506312750893,Top Starter,,
Callum Wilson,Newcastle Utd,eng Premier League,FW,31.8,993,11.0,658.0544463984505,Top Starter,,,,,380.4559665225324,Solid Squad Player,,
Eddie Nketiah,Arsenal,eng Premier League,FW,24.6,1082,12.0,525.9825958914796,Top Starter,,,,,525.3894732647115,Top Starter,,
Christopher Nkunku,Chelsea,eng Premier League,FW,26.1,438,4.9,,,,,,,,,,
Sasa Kalajdzic,Wolves,eng Premier League,FW,26.5,176,2.0,,,,,,,,,,
Rasmus Højlund,Manchester Utd,eng Premier League,FW,20.9,2169,24.1,456.880491867552,Top Starter,,,,,408.4159080690676,Top Starter,,
Odsonne Édouard,Crystal Palace,eng Premier League,FW,26.0,1583,17.6,455.07490984521354,Top Starter,,,,,522.8309785052592,Top Starter,,
Jáder Durán,Aston Villa,eng Premier League,FW,20.1,505,5.6,544.5588509656783,Top Starter,,,,,640.9814721449658,Top Starter,,
Raúl Jiménez,Fulham,eng Premier League,FW,32.7,1436,16.0,471.4338727955294,Top Starter,,,,,597.4727839985455,Top Starter,,
Danny Welbeck,Brighton,eng Premier League,FW,33.1,1703,18.9,365.04195353889827,Solid Squad Player,,,,,473.09887191082464,Top Starter,,
Evan Ferguson,Brighton,eng Premier League,FW,19.2,1381,15.3,385.524600718808,Solid Squad Player,,,,,377.99371842127215,Solid Squad Player,,
Zeki Amdouni,Burnley,eng Premier League,FW,23.1,1999,22.2,287.21509853195795,Solid Squad Player,,,,,524.30567103932,Top Starter,,
Jacob Bruun Larsen,Burnley,eng Premier League,Off_MF,25.3,1279,14.2,417.107200849129,Top Starter,,,,,524.4800662640663,Top Starter,,
Jack Harrison,Everton,eng Premier League,Off_MF,27.1,2225,24.7,339.5970109014534,Solid Squad Player,,,,,580.4424288342575,Top Starter,,
Lyle Foster,Burnley,eng Premier League,FW,23.3,1920,21.3,352.4080083459931,Solid Squad Player,,,,,473.5688688697216,Top Starter,,
Neal Maupay,Brentford,eng Premier League,FW,27.4,1453,16.1,568.2168559615726,Top Starter,,,,,505.26088000848245,Top Starter,,
Adama Traoré,Fulham,eng Premier League,FW,27.9,404,4.5,,,,,,,,,,
David Datro Fofana,Burnley,eng Premier League,FW,21.0,901,10.0,541.951717603969,Top Starter,,,,,468.83814298500846,Top Starter,,
Maxwel Cornet,West Ham,eng Premier League,Off_MF,27.3,128,1.4,,,,,,,,,,
Mason Mount,Manchester Utd,eng Premier League,Off_MF,25.0,541,6.0,239.9416027820076,Solid Squad Player,,,,,829.3163933898782,World Class,,
Cauley Woodrow,Luton Town,eng Premier League,FW,29.1,470,5.2,449.26633596194364,Top Starter,,,,,688.1587993741676,Top Starter,,
Michael Obafemi,Burnley,eng Premier League,FW,23.5,30,0.3,,,,,,,,,,
Jacob Brown,Luton Town,eng Premier League,Off_MF,25.7,1020,11.3,238.97460951507082,Solid Squad Player,,,,,759.099324436375,World Class,,
Andros Townsend,Luton Town,eng Premier League,Off_MF,32.5,1228,13.6,355.34604176866844,Solid Squad Player,,,,,577.0780885649261,Top Starter,,
Michail Antonio,West Ham,eng Premier League,FW,33.8,1710,19.0,406.2480048499077,Top Starter,,,,,531.1643482222046,Top Starter,,
Beto,Everton,eng Premier League,FW,,973,10.8,485.58611700149567,Top Starter,,,,,702.8280552457626,Top Starter,,
Cameron Archer,Sheffield Utd,eng Premier League,FW,22.1,1871,20.8,350.85402621164843,Solid Squad Player,,,,,420.95616810255285,Top Starter,,
Ansu Fati,Brighton,eng Premier League,Off_MF,21.2,524,5.8,444.7678678033819,Top Starter,,,,,557.9445753536796,Top Starter,,
Elijah Adebayo,Luton Town,eng Premier League,FW,26.0,1434,15.9,560.4406681579728,Top Starter,,,,,497.25605526729925,Top Starter,,
Enes Ünal,Bournemouth,eng Premier League,FW,26.6,363,4.0,,,,,,,,,,
Arnaut Danjuma,Everton,eng Premier League,Off_MF,26.9,595,6.6,304.05966946943795,Solid Squad Player,,,,,492.18649221012237,Top Starter,,
Carlos Vinícius,Fulham,eng Premier League,FW,28.8,320,3.6,,,,,,,,,,
Danny Ings,West Ham,eng Premier League,FW,31.4,452,5.0,285.9592968586621,Solid Squad Player,,,,,472.30320181533995,Top Starter,,
Lewis Dobbin,Everton,eng Premier League,Off_MF,21.0,263,2.9,,,,,,,,,,
Kieffer Moore,Bournemouth,eng Premier League,FW,31.4,131,1.5,,,,,,,,,,
Divock Origi,Nott'ham Forest,eng Premier League,FW,28.7,607,6.7,307.52127027134827,Solid Squad Player,,,,,467.9155307729836,Top Starter,,
Youssef Chermiti,Everton,eng Premier League,FW,19.6,230,2.6,,,,,,,,,,
Jay Rodriguez,Burnley,eng Premier League,FW,34.4,831,9.2,257.0086204234282,Solid Squad Player,,,,,508.4889343538292,Top Starter,,
Omari Forson,Manchester Utd,eng Premier League,FW,19.4,87,1.0,,,,,,,,,,
Armando Broja,Fulham,eng Premier League,FW,22.3,579,6.4,378.7282963804978,Solid Squad Player,,,,,565.9945599270811,Top Starter,,
Nathan Fraser,Wolves,eng Premier League,FW,18.9,210,2.3,,,,,,,,,,
Matheus França,Crystal Palace,eng Premier League,Off_MF,19.8,238,2.6,,,,,,,,,,
Alejo Véliz,Tottenham,eng Premier League,FW,20.3,70,0.8,,,,,,,,,,
Enso González,Wolves,eng Premier League,FW,18.9,8,0.1,,,,,,,,,,
Luca Koleosho,Burnley,eng Premier League,Off_MF,19.3,984,10.9,342.7199463938783,Solid Squad Player,,,,,558.9476649863682,Top Starter,,
Leon Chiwome,Wolves,eng Premier League,FW,18.0,175,1.9,,,,,,,,,,
Jayden Danns,Liverpool,eng Premier League,FW,18.0,26,0.3,,,,,,,,,,
Mark O'Mahony,Brighton,eng Premier League,FW,19.0,69,0.8,,,,,,,,,,
Michael Olakigbe,Brentford,eng Premier League,DF,19.7,100,1.1,,,,,,,,,,
Nicolò Zaniolo,Aston Villa,eng Premier League,FW,24.5,845,9.4,314.13038684690076,Solid Squad Player,,,,,630.2836216441042,Top Starter,,
William Osula,Sheffield Utd,eng Premier League,FW,20.4,803,8.9,116.63406876153697,Below Big-5 Level,,,,,392.64482813999285,Solid Squad Player,,
Daniel Jebbison,Sheffield Utd,eng Premier League,FW,20.4,20,0.2,,,,,,,,,,
Ethan Wheatley,Manchester Utd,eng Premier League,FW,17.9,28,0.3,,,,,,,,,,
Rodrigo Ribeiro,Nott'ham Forest,eng Premier League,Off_MF,32.8,28,0.3,,,,,,,,,,
Divin Mubama,West Ham,eng Premier League,FW,19.2,90,1.0,,,,,,,,,,
Mason Burstow,Chelsea,eng Premier League,FW,20.4,16,0.2,,,,,,,,,,
Rhian Brewster,Sheffield Utd,eng Premier League,FW,23.8,353,3.9,,,,,,,,,,
Anass Zaroury,Burnley,eng Premier League,FW,23.1,160,1.8,,,,,,,,,,
Dane Scarlett,Tottenham,eng Premier League,FW,19.8,42,0.5,,,,,,,,,,
Deivid Washington,Chelsea,eng Premier League,DF,18.6,19,0.2,,,,,,,,,,
Mikey Moore,Tottenham,eng Premier League,FW,16.4,20,0.2,,,,,,,,,,
Bertrand Traoré,Aston Villa,eng Premier League,Off_MF,28.3,10,0.1,,,,,,,,,,
Antwoine Hackford,Sheffield Utd,eng Premier League,FW,19.8,17,0.2,,,,,,,,,,
Fábio Silva,Wolves,eng Premier League,FW,21.5,282,3.1,,,,,,,,,,
Ryan One,Sheffield Utd,eng Premier League,FW,17.5,18,0.2,,,,,,,,,,
Kaide Gordon,Liverpool,eng Premier League,FW,19.2,1,0.0,,,,,,,,,,
Amadou Diallo,Newcastle Utd,eng Premier League,FW,,1,0.0,,,,,,,,,,
Michael Ndiweni,Newcastle Utd,eng Premier League,FW,20.1,1,0.0,,,,,,,,,,
Thomas Cannon,Everton,eng Premier League,FW,30.9,1,0.0,,,,,,,,,,
Thibaut Courtois,Real Madrid,es La Liga,GK,31.6,333,3.7,,,,,,,,,,
Dominik Greif,Mallorca,es La Liga,GK,26.7,90,1.0,,,,,,,,,,
Iván Cuéllar,Mallorca,es La Liga,GK,39.6,90,1.0,,,,,,,,,,
Jesús Owono,Alavés,es La Liga,GK,22.8,360,4.0,,,,,,,,,,
Paulo Gazzaniga,Girona,es La Liga,GK,32.0,3420,38.0,,,,,,,,,757.5011481629891,World Class
Filip Jørgensen,Villarreal,es La Liga,GK,21.7,3240,36.0,,,,,,,,,553.3389752019995,Top Starter
Jaume Doménech,Valencia,es La Liga,GK,33.2,79,0.9,,,,,,,,,,
David Gil,Cádiz,es La Liga,GK,30.0,371,4.1,,,,,,,,,,
Claudio Bravo,Betis,es La Liga,GK,40.7,630,7.0,,,,,,,,,529.9936417987401,Top Starter
Jeremías Ledesma,Cádiz,es La Liga,GK,30.9,3049,33.9,,,,,,,,,531.8529633399979,Top Starter
Marc-André Ter Stegen,Barcelona,es La Liga,GK,31.7,2520,28.0,,,,,,,,,468.0493125024642,Top Starter
Andriy Lunin,Real Madrid,es La Liga,GK,24.9,1890,21.0,,,,,,,,,779.7935593620444,World Class
Álvaro Valles,Las Palmas,es La Liga,GK,26.4,3264,36.3,,,,,,,,,781.0038753960547,World Class
Francisco Vieites,Betis,es La Liga,GK,,315,3.5,,,,,,,,,,
Pepe Reina,Villarreal,es La Liga,GK,41.3,180,2.0,,,,,,,,,,
Álex Remiro,Real Sociedad,es La Liga,GK,28.8,3276,36.4,,,,,,,,,609.0579529576736,Top Starter
Rui Silva,Betis,es La Liga,GK,29.9,2475,27.5,,,,,,,,,690.9552299552481,Top Starter
Vicente Guaita,Celta Vigo,es La Liga,GK,37.0,2402,26.7,,,,,,,,,627.6799800330763,Top Starter
David Soria,Getafe,es La Liga,GK,30.7,3414,37.9,,,,,,,,,609.6325294880445,Top Starter
Giorgi Mamardashvili,Valencia,es La Liga,GK,23.3,3289,36.5,,,,,,,,,821.9098576460278,World Class
Ørjan Nyland,Sevilla,es La Liga,GK,33.3,2160,24.0,,,,,,,,,641.6936338049657,Top Starter
Unai Simón,Athletic Club,es La Liga,GK,26.6,3184,35.4,,,,,,,,,716.0401469320827,Top Starter
Augusto Batalla,Granada,es La Liga,GK,27.7,1530,17.0,,,,,,,,,548.0137684917261,Top Starter
Predrag Rajković,Mallorca,es La Liga,GK,28.2,3240,36.0,,,,,,,,,457.78653677879714,Top Starter
Antonio Sivera,Alavés,es La Liga,GK,27.4,3060,34.0,,,,,,,,,495.36296233476986,Top Starter
Kepa Arrizabalaga,Real Madrid,es La Liga,GK,29.2,1197,13.3,,,,,,,,,582.4638577156301,Top Starter
Luís Maximiano,Almería,es La Liga,GK,25.0,2970,33.0,,,,,,,,,504.4946231705217,Top Starter
Jan Oblak,Atlético Madrid,es La Liga,GK,31.0,3420,38.0,,,,,,,,,462.67332244286087,Top Starter
Sergio Herrera,Osasuna,es La Liga,GK,30.7,2870,31.9,,,,,,,,,461.04233667211724,Top Starter
Marko Dmitrović,Sevilla,es La Liga,GK,31.9,1170,13.0,,,,,,,,,497.5852176289727,Top Starter
Stole Dimitrievski,Rayo Vallecano,es La Liga,GK,30.0,3330,37.0,,,,,,,,,512.1802943848471,Top Starter
Marc Martínez,Granada,es La Liga,GK,33.7,270,3.0,,,,,,,,,,
Julen Agirrezabala,Athletic Club,es La Liga,GK,23.0,236,2.6,,,,,,,,,,
Fernando Martínez,Almería,es La Liga,GK,33.6,360,4.0,,,,,,,,,,
André Ferreira,Granada,es La Liga,GK,27.6,1339,14.9,,,,,,,,,445.19445676416586,Top Starter
Diego Mariño,Almería,es La Liga,GK,33.6,90,1.0,,,,,,,,,,
Cristian Rivero,Valencia,es La Liga,GK,25.8,56,0.6,,,,,,,,,,
Unai Marrero,Real Sociedad,es La Liga,GK,22.2,141,1.6,,,,,,,,,,
Iñaki Peña,Barcelona,es La Liga,GK,24.8,900,10.0,,,,,,,,,356.29078525808967,Solid Squad Player
Iván Villar,Celta Vigo,es La Liga,GK,26.5,1015,11.3,,,,,,,,,372.30785239172394,Solid Squad Player
Aitor Fernández,Osasuna,es La Liga,GK,32.7,550,6.1,,,,,,,,,351.0534431754286,Solid Squad Player
Bono,Sevilla,es La Liga,GK,32.7,90,1.0,,,,,,,,,,
Raúl Fernández,Granada,es La Liga,GK,35.8,281,3.1,,,,,,,,,,
Dani Cárdenas,Rayo Vallecano,es La Liga,GK,26.8,90,1.0,,,,,,,,,,
Daniel Fuzato,Getafe,es La Liga,GK,26.5,21,0.2,,,,,,,,,,
Aarón Escandell,Las Palmas,es La Liga,GK,28.3,152,1.7,,,,,,,,,,
Sergio Ramos,Sevilla,es La Liga,DF,37.8,2518,28.0,,,,,767.5106571541064,World Class,712.9885716211152,Top Starter,,
Antal Yaakobishvili,Girona,es La Liga,DF,19.5,60,0.7,,,,,,,,,,
João Cancelo,Barcelona,es La Liga,DF,29.6,2506,27.8,,,,,684.9479612046457,Top Starter,683.4637217921336,Top Starter,,
Dani Carvajal,Real Madrid,es La Liga,DF,32.0,2183,24.3,,,,,574.4048752479495,Top Starter,550.7898332161689,Top Starter,,
Antonio Raillo,Mallorca,es La Liga,DF,32.2,2202,24.5,,,,,676.3294318903413,Top Starter,696.7210039530412,Top Starter,,
Juan Herzog,Las Palmas,es La Liga,DF,19.6,291,3.2,,,,,,,,,,
Jules Koundé,Barcelona,es La Liga,DF,25.1,2899,32.2,,,,,528.3422416545396,Top Starter,599.9297638583181,Top Starter,,
Eric García,Girona,es La Liga,DF,23.0,2697,30.0,,,,,629.6996054402485,Top Starter,600.2020911382452,Top Starter,,
Yuri Berchiche,Athletic Club,es La Liga,DF,33.9,1931,21.5,,,,,621.2967122211929,Top Starter,625.9266540245416,Top Starter,,
David Alaba,Real Madrid,es La Liga,DF,31.5,1156,12.8,,,,,503.7063796416165,Top Starter,493.4647650496466,Top Starter,,
Sergi Cardona,Las Palmas,es La Liga,DF,24.5,2816,31.3,,,,,797.0667015586887,World Class,820.2199326683174,World Class,,
Daley Blind,Girona,es La Liga,DF,33.8,2978,33.1,,,,,494.60322536415913,Top Starter,526.2351755914729,Top Starter,,
Yerson Mosquera,Villarreal,es La Liga,DF,22.7,1237,13.7,,,,,704.0147560165915,Top Starter,674.123001244145,Top Starter,,
Florian Lejeune,Rayo Vallecano,es La Liga,DF,32.6,3328,37.0,,,,,544.0703522828323,Top Starter,550.4488107181859,Top Starter,,
Óscar de Marcos,Athletic Club,es La Liga,DF,34.7,2261,25.1,,,,,548.5105817049365,Top Starter,563.5277722369954,Top Starter,,
Juan Miranda,Betis,es La Liga,DF,24.0,1860,20.7,,,,,599.9124902525423,Top Starter,537.3912087073763,Top Starter,,
Ronald Araújo,Barcelona,es La Liga,DF,24.8,1994,22.2,,,,,573.0236960136262,Top Starter,617.9553503321714,Top Starter,,
Miguel Gutiérrez,Girona,es La Liga,DF,22.4,3037,33.7,,,,,419.25978939387886,Top Starter,471.21319333659596,Top Starter,,
Mario Hermoso,Atlético Madrid,es La Liga,DF,28.5,2556,28.4,,,,,614.979939432732,Top Starter,639.4357815418857,Top Starter,,
Marcos Alonso,Barcelona,es La Liga,DF,33.0,250,2.8,,,,,,,,,,
Juan Foyth,Villarreal,es La Liga,DF,26.0,1063,11.8,,,,,700.1538628843048,Top Starter,708.8271386327837,Top Starter,,
Loïc Bade,Sevilla,es La Liga,DF,23.7,2283,25.4,,,,,828.0324572764315,World Class,823.2642833245361,World Class,,
Marcos Llorente,Atlético Madrid,es La Liga,Off_MF,28.9,2570,28.6,400.0521997544932,Top Starter,,,,,539.0017762727285,Top Starter,,
Pau Cubarsí,Barcelona,es La Liga,DF,16.9,1562,17.4,,,,,512.2823148199169,Top Starter,486.3233258918354,Top Starter,,
Julian Araujo,Las Palmas,es La Liga,DF,22.4,1462,16.2,,,,,619.9143352785547,Top Starter,672.9550172481823,Top Starter,,
Iñigo Martínez,Barcelona,es La Liga,DF,32.6,1302,14.5,,,,,518.002979694762,Top Starter,547.8074390094973,Top Starter,,
Carl Starfelt,Celta Vigo,es La Liga,DF,28.6,2218,24.6,,,,,733.1151784792867,Top Starter,681.0816799032938,Top Starter,,
Reinildo Mandava,Atlético Madrid,es La Liga,DF,29.9,728,8.1,,,,,830.8420122669953,World Class,764.3290371188989,World Class,,
Robin Le Normand,Real Sociedad,es La Liga,DF,27.1,2473,27.5,,,,,606.7680302243012,Top Starter,658.761010880432,Top Starter,,
David García,Osasuna,es La Liga,DF,29.9,2336,26.0,,,,,587.7573122251808,Top Starter,640.0309367633809,Top Starter,,
Diego Rico,Getafe,es La Liga,DF,30.9,2536,28.2,,,,,761.7541930575665,World Class,687.8368883236224,Top Starter,,
Fran Garcia,Real Madrid,es La Liga,DF,24.4,1409,15.7,,,,,533.8008873136414,Top Starter,576.7594804588556,Top Starter,,
Luiz Felipe,Betis,es La Liga,DF,21.8,360,4.0,,,,,,,,,,
Germán Pezzella,Betis,es La Liga,DF,32.5,2770,30.8,,,,,599.569528541206,Top Starter,615.5182829955668,Top Starter,,
David López,Girona,es La Liga,DF,34.2,1975,21.9,,,,,546.8528637372955,Top Starter,580.434640081364,Top Starter,,
Unai Núñez,Celta Vigo,es La Liga,DF,26.9,2802,31.1,,,,,747.1702371870341,Top Starter,781.6867764374571,World Class,,
Kieran Tierney,Real Sociedad,es La Liga,DF,26.6,1249,13.9,,,,,647.1718723589488,Top Starter,585.0287105951072,Top Starter,,
Ferland Mendy,Real Madrid,es La Liga,DF,28.6,1734,19.3,,,,,392.51311642172476,Solid Squad Player,413.19591830749783,Top Starter,,
Mouctar Diakhaby,Valencia,es La Liga,DF,27.0,1071,11.9,,,,,626.0634809716307,Top Starter,628.9399771858598,Top Starter,,
Antonio Rüdiger,Real Madrid,es La Liga,DF,30.8,2707,30.1,,,,,421.0370606717491,Top Starter,444.41281108114435,Top Starter,,
Daniel Vivian,Athletic Club,es La Liga,DF,24.5,2879,32.0,,,,,549.129383391518,Top Starter,568.3448259908233,Top Starter,,
José Luis Gayà,Valencia,es La Liga,DF,28.6,1797,20.0,,,,,651.4212684733686,Top Starter,620.6526925632979,Top Starter,,
Matija Nastasić,Mallorca,es La Liga,DF,30.8,2265,25.2,,,,,568.9004319864497,Top Starter,506.40798049466326,Top Starter,,
Hamari Traoré,Real Sociedad,es La Liga,DF,31.9,2296,25.5,,,,,523.0609863748257,Top Starter,626.4705949264306,Top Starter,,
Marcos Acuña,Sevilla,es La Liga,DF,32.2,1296,14.4,,,,,584.4645846518001,Top Starter,655.4421835143295,Top Starter,,
Kike Salas,Sevilla,es La Liga,DF,21.7,1617,18.0,,,,,733.9593610108202,Top Starter,781.2828543435515,World Class,,
Srđan Babić,Almería,es La Liga,DF,27.7,90,1.0,,,,,,,,,,
Pablo Busto,Betis,es La Liga,DF,18.3,52,0.6,,,,,,,,,,
Aitor Ruibal,Betis,es La Liga,DF,27.8,1030,11.4,,,,,710.3058124159976,Top Starter,743.4463310809374,Top Starter,,
Andreas Christensen,Barcelona,es La Liga,DF,27.7,1990,22.1,,,,,515.0737962489289,Top Starter,611.1532753794468,Top Starter,,
Adrià Pedrosa,Sevilla,es La Liga,DF,25.6,1770,19.7,,,,,563.0268796409458,Top Starter,555.2677803493519,Top Starter,,
Aritz Elustondo,Real Sociedad,es La Liga,DF,29.8,816,9.1,,,,,567.4178252618068,Top Starter,638.5260680766019,Top Starter,,
Marc Pubill,Almería,es La Liga,DF,20.5,1889,21.0,,,,,616.6925014027435,Top Starter,569.4945497306568,Top Starter,,
Jesús Areso,Osasuna,es La Liga,DF,24.5,2677,29.7,,,,,483.92767856773963,Top Starter,503.7940891156005,Top Starter,,
Álex Suárez,Las Palmas,es La Liga,DF,30.8,2566,28.5,,,,,585.0891141628595,Top Starter,527.2031830270624,Top Starter,,
Cristhian Mosquera,Valencia,es La Liga,DF,19.5,3074,34.2,,,,,591.2887052303334,Top Starter,536.5791104978487,Top Starter,,
Thierry Correia,Valencia,es La Liga,DF,24.8,2173,24.1,,,,,685.6202775292322,Top Starter,668.2636568520397,Top Starter,,
César Azpilicueta,Atlético Madrid,es La Liga,DF,34.3,1421,15.8,,,,,516.630110791376,Top Starter,566.6999694023917,Top Starter,,
Jesús Navas,Sevilla,es La Liga,DF,38.1,2010,22.3,,,,,560.7247032821506,Top Starter,484.2841500044742,Top Starter,,
Nacho,Real Madrid,es La Liga,DF,34.0,1765,19.6,,,,,468.47124198006793,Top Starter,473.95793978244967,Top Starter,,
Abdul Mumin,Rayo Vallecano,es La Liga,DF,25.6,1705,18.9,,,,,568.2966805540888,Top Starter,533.9532173115786,Top Starter,,
Jailson Siqueira,Celta Vigo,es La Liga,DF,28.3,893,9.9,,,,,746.2514317860008,Top Starter,719.7471083727721,Top Starter,,
Rafa Marín,Alavés,es La Liga,DF,21.6,2460,27.3,,,,,605.2522773609427,Top Starter,536.5840755890449,Top Starter,,
Rubén Duarte,Alavés,es La Liga,DF,28.2,1892,21.0,,,,,600.5814145773074,Top Starter,555.965069933339,Top Starter,,
Mika Mármol,Las Palmas,es La Liga,DF,22.5,3181,35.3,,,,,654.8756113223379,Top Starter,589.158081674505,Top Starter,,
Igor Zubeldia,Real Sociedad,es La Liga,DF,26.8,2524,28.0,,,,,599.9369967070461,Top Starter,681.2974440275514,Top Starter,,
Alejandro Balde,Barcelona,es La Liga,DF,20.2,1378,15.3,,,,,423.7901223121119,Top Starter,472.45281661438906,Top Starter,,
Aleksandar Radovanović,Almería,es La Liga,DF,30.1,571,6.3,,,,,689.6274800652209,Top Starter,506.6611462150452,Top Starter,,
Andoni Gorosabel,Alavés,es La Liga,DF,27.4,2863,31.8,,,,,564.6059524906823,Top Starter,547.4795520923485,Top Starter,,
Aihen Muñoz,Real Sociedad,es La Liga,DF,26.4,1132,12.6,,,,,679.44161917829,Top Starter,694.6364649675957,Top Starter,,
Éder Militão,Real Madrid,es La Liga,DF,26.0,497,5.5,,,,,485.987970875267,Top Starter,505.03815420474774,Top Starter,,
Jorge Cuenca,Villarreal,es La Liga,DF,24.1,1969,21.9,,,,,684.9999301664933,Top Starter,661.1897312235478,Top Starter,,
José María Giménez,Atlético Madrid,es La Liga,DF,28.9,1323,14.7,,,,,542.3401665769261,Top Starter,484.07976681163774,Top Starter,,
Javi Galán,Real Sociedad,es La Liga,DF,29.1,1174,13.0,,,,,711.8168061607194,Top Starter,703.7560013735684,Top Starter,,
Iglesias,Getafe,es La Liga,DF,25.5,1419,15.8,,,,,636.854162352207,Top Starter,587.6518338527482,Top Starter,,
Fali,Cádiz,es La Liga,DF,30.4,2550,28.3,,,,,585.7219684916183,Top Starter,499.42203027968685,Top Starter,,
Jon Pacheco,Real Sociedad,es La Liga,DF,23.0,1530,17.0,,,,,541.0117651502994,Top Starter,599.8920889340855,Top Starter,,
Iván Balliu,Rayo Vallecano,es La Liga,DF,32.0,2876,32.0,,,,,507.4397971317599,Top Starter,459.89587681914304,Top Starter,,
Javi López,Alavés,es La Liga,DF,,2387,26.5,,,,,441.6712784120576,Top Starter,433.11950015469256,Top Starter,,
Abdel Abqar,Alavés,es La Liga,DF,24.8,2314,25.7,,,,,552.7366264457278,Top Starter,494.45302398566474,Top Starter,,
Nahuel Molina,Atlético Madrid,es La Liga,DF,25.7,1856,20.6,,,,,470.0783474304027,Top Starter,541.3658936105498,Top Starter,,
Matteo Gabbia,Villarreal,es La Liga,DF,24.2,478,5.3,,,,,762.5710024308669,World Class,748.8858328840981,Top Starter,,
Raúl Albiol,Villarreal,es La Liga,DF,38.3,2035,22.6,,,,,517.3727525552764,Top Starter,488.4921530434736,Top Starter,,
Víctor Chust,Cádiz,es La Liga,DF,23.8,1870,20.8,,,,,513.0301823999278,Top Starter,440.61416699179284,Top Starter,,
Aridane Hernández,Rayo Vallecano,es La Liga,DF,34.8,1691,18.8,,,,,512.5061583291898,Top Starter,462.60696576374323,Top Starter,,
Yeray Álvarez,Athletic Club,es La Liga,DF,28.9,1155,12.8,,,,,609.8338717959133,Top Starter,687.4052986440323,Top Starter,,
Gabriel Paulista,Atlético Madrid,es La Liga,DF,33.1,1806,20.1,,,,,598.9536542940199,Top Starter,543.3221265376258,Top Starter,,
Aitor Paredes,Athletic Club,es La Liga,DF,23.7,2716,30.2,,,,,493.3324898342465,Top Starter,508.0882211902117,Top Starter,,
Toni Lato,Mallorca,es La Liga,DF,26.1,1558,17.3,,,,,567.9374229249077,Top Starter,551.098356742522,Top Starter,,
Ruben Lendinez,Valencia,es La Liga,DF,20.8,10,0.1,,,,,,,,,,
Ricardo Visus,Betis,es La Liga,DF,22.7,165,1.8,,,,,,,,,,
Chadi Riad,Betis,es La Liga,DF,20.5,2164,24.0,,,,,576.6794676497641,Top Starter,540.8574786169972,Top Starter,,
Mamadou Mbaye,Cádiz,es La Liga,DF,,286,3.2,,,,,,,,,,
Sokratis Papastathopoulos,Betis,es La Liga,DF,35.6,1140,12.7,,,,,561.2045865729679,Top Starter,524.9172663853868,Top Starter,,
Eric Curbelo,Las Palmas,es La Liga,DF,30.0,101,1.1,,,,,,,,,,
Manu Sánchez,Celta Vigo,es La Liga,DF,17.9,1786,19.8,,,,,562.3290136190308,Top Starter,592.3747946690565,Top Starter,,
Kiko Femenía,Villarreal,es La Liga,DF,32.9,1587,17.6,,,,,667.4305694446747,Top Starter,634.5928267724851,Top Starter,,
Stefan Savić,Atlético Madrid,es La Liga,DF,33.0,1635,18.2,,,,,666.175333363168,Top Starter,640.7484179149599,Top Starter,,
Copete,Mallorca,es La Liga,DF,24.2,1335,14.8,,,,,813.1795101700903,World Class,683.2917335546576,Top Starter,,
Alberto Moreno,Villarreal,es La Liga,DF,31.5,1497,16.6,,,,,601.8112630022767,Top Starter,524.9466268443381,Top Starter,,
Yarek Gasiorowski,Valencia,es La Liga,DF,19.0,737,8.2,,,,,784.9915675632391,World Class,587.7144752143239,Top Starter,,
Rubén Peña,Osasuna,es La Liga,DF,32.5,2105,23.4,,,,,565.3754163556488,Top Starter,635.5265898685918,Top Starter,,
Nahuel Tenaglia,Alavés,es La Liga,DF,27.9,1169,13.0,,,,,698.6523180308754,Top Starter,577.9750326746479,Top Starter,,
Miguel Ángel Rubio,Granada,es La Liga,DF,25.8,1559,17.3,,,,,666.2459793322752,Top Starter,686.142995721708,Top Starter,,
Martin Valjent,Mallorca,es La Liga,DF,28.1,2354,26.2,,,,,560.5099337503632,Top Starter,506.1541411964643,Top Starter,,
Aïssa Mandi,Villarreal,es La Liga,DF,32.2,1118,12.4,,,,,469.29706541301374,Top Starter,414.5750587380397,Top Starter,,
Catena,Osasuna,es La Liga,DF,29.2,2536,28.2,,,,,524.6035123597424,Top Starter,524.3561793168914,Top Starter,,
Bruno Langa,Almería,es La Liga,DF,26.2,819,9.1,,,,,533.7826215070282,Top Starter,429.3464562923045,Top Starter,,
Gastón Álvarez,Getafe,es La Liga,DF,23.8,2553,28.4,,,,,659.639650919448,Top Starter,636.8187242562669,Top Starter,,
Giovanni González,Mallorca,es La Liga,DF,29.3,2463,27.4,,,,,687.3559992008094,Top Starter,667.7023359730455,Top Starter,,
Isaac Carcelen,Cádiz,es La Liga,DF,30.7,2625,29.2,,,,,548.9005955734808,Top Starter,496.61995163209286,Top Starter,,
Bruno Méndez,Granada,es La Liga,DF,24.3,1336,14.8,,,,,679.6246555689708,Top Starter,635.5558835566455,Top Starter,,
Ignasi Miquel,Granada,es La Liga,DF,31.3,2991,33.2,,,,,614.9962756398726,Top Starter,557.1158674857401,Top Starter,,
Luis Hernández,Cádiz,es La Liga,DF,34.7,730,8.1,,,,,444.16226413080886,Top Starter,371.04923651141314,Solid Squad Player,,
Alfonso Espino,Rayo Vallecano,es La Liga,DF,32.0,2512,27.9,,,,,677.0170607492349,Top Starter,649.9071854507634,Top Starter,,
Aleksandar Sedlar,Alavés,es La Liga,DF,32.1,948,10.5,,,,,592.8112230770346,Top Starter,534.7130193709306,Top Starter,,
Pablo Maffeo,Mallorca,es La Liga,DF,26.5,1456,16.2,,,,,599.2873771446448,Top Starter,672.2723189350323,Top Starter,,
Pep Chavarría,Rayo Vallecano,es La Liga,DF,,1176,13.1,,,,,586.6876777430264,Top Starter,581.6799833704989,Top Starter,,
Javi Hernández,Cádiz,es La Liga,DF,25.7,2517,28.0,,,,,493.92759996810867,Top Starter,514.1543482534889,Top Starter,,
Arnau Martinez,Girona,es La Liga,DF,20.7,1249,13.9,,,,,528.5212021046747,Top Starter,517.5483357013372,Top Starter,,
Iñigo Lekue,Athletic Club,es La Liga,DF,30.7,2001,22.2,,,,,521.5352436027147,Top Starter,546.8246817137062,Top Starter,,
Édgar González,Almería,es La Liga,DF,26.8,2528,28.1,,,,,602.3912109932598,Top Starter,600.540173139352,Top Starter,,
Johan Mojica,Osasuna,es La Liga,DF,31.4,2041,22.7,,,,,529.0529359878602,Top Starter,543.8474076105338,Top Starter,,
Youssouf Sabaly,Betis,es La Liga,DF,30.8,1048,11.6,,,,,514.6606241574175,Top Starter,523.8906042774836,Top Starter,,
Marcão,Sevilla,es La Liga,DF,,354,3.9,,,,,,,,,,
Juanpe,Girona,es La Liga,DF,32.7,748,8.3,,,,,603.3156448649313,Top Starter,567.3029160466155,Top Starter,,
Carlos Dominguez,Celta Vigo,es La Liga,DF,22.9,1605,17.8,,,,,660.2997105413834,Top Starter,588.6965845487123,Top Starter,,
Omar Alderete,Getafe,es La Liga,DF,27.0,2194,24.4,,,,,554.7134311303413,Top Starter,522.8722787502138,Top Starter,,
Cenk Özkacar,Valencia,es La Liga,DF,23.2,1604,17.8,,,,,569.9091031246636,Top Starter,524.1872810504818,Top Starter,,
Mihailo Ristić,Celta Vigo,es La Liga,DF,28.2,807,9.0,,,,,610.1454176196405,Top Starter,629.1258402941163,Top Starter,,
Joseph Aidoo,Celta Vigo,es La Liga,DF,28.3,416,4.6,,,,,,,,,,
Héctor Fort,Barcelona,es La Liga,DF,17.4,330,3.7,,,,,,,,,,
Djené,Getafe,es La Liga,DF,32.0,2490,27.7,,,,,538.3454004548441,Top Starter,570.7370506827602,Top Starter,,
Álvaro Carreras,Granada,es La Liga,MF,20.8,492,5.5,,,533.073282957359,Top Starter,,,770.6015241397743,World Class,,
Damián Suárez,Getafe,es La Liga,DF,35.7,1306,14.5,,,,,586.5198773398265,Top Starter,564.4748262780826,Top Starter,,
Diego Iturralde,Sevilla,es La Liga,DF,20.7,36,0.4,,,,,,,,,,
Jorge Herrando,Osasuna,es La Liga,DF,22.8,1644,18.3,,,,,542.0723892173522,Top Starter,439.63925961633765,Top Starter,,
Aiham Ousou,Cádiz,es La Liga,DF,24.0,429,4.8,,,,,,,,,,
Bernardo Espinosa,Girona,es La Liga,DF,34.5,10,0.1,,,,,,,,,,
Peru Nolaskoain,Athletic Club,es La Liga,DF,25.2,13,0.1,,,,,,,,,,
Abner,Betis,es La Liga,DF,,1418,15.8,,,,,559.1995763255928,Top Starter,500.3798375308053,Top Starter,,
Jaume Costa,Mallorca,es La Liga,DF,35.8,1686,18.7,,,,,548.691301829189,Top Starter,510.3727474896089,Top Starter,,
Eric Bailly,Villarreal,es La Liga,DF,29.7,838,9.3,,,,,521.3417023489515,Top Starter,505.8095503847755,Top Starter,,
Saúl Coco,Las Palmas,es La Liga,DF,24.9,2293,25.5,,,,,566.1714691279652,Top Starter,553.5456707478402,Top Starter,,
Lucas,Cádiz,es La Liga,DF,22.8,1545,17.2,,,,,615.2337749560863,Top Starter,618.1137386675231,Top Starter,,
Fabrizio Angileri,Getafe,es La Liga,DF,29.8,184,2.0,,,,,,,,,,
Jon Aramburu,Real Sociedad,es La Liga,DF,21.4,541,6.0,,,,,716.5050369500558,Top Starter,634.5932786407278,Top Starter,,
Marvin,Las Palmas,es La Liga,FW,23.5,1852,20.6,151.58997668536753,Below Big-5 Level,,,,,591.4918628566592,Top Starter,,
Imanol,Athletic Club,es La Liga,DF,23.6,523,5.8,,,,,569.1540469193911,Top Starter,644.1245338536031,Top Starter,,
Carlos Neva,Granada,es La Liga,DF,27.6,3152,35.0,,,,,459.22728939569987,Top Starter,406.4417459632481,Top Starter,,
Ricard Sánchez,Granada,es La Liga,DF,23.9,2312,25.7,,,,,430.01229360253876,Top Starter,417.7993845309322,Top Starter,,
Nacho Vidal,Mallorca,es La Liga,DF,28.9,529,5.9,,,,,618.066062023751,Top Starter,674.068448088805,Top Starter,,
César Montes,Almería,es La Liga,DF,26.9,1792,19.9,,,,,546.7433179535367,Top Starter,545.3602442403032,Top Starter,,
Alfonso Pedraza,Villarreal,es La Liga,DF,27.7,1119,12.4,,,,,494.80750557630375,Top Starter,519.4929149351515,Top Starter,,
Sergio Akieme,Almería,es La Liga,DF,26.0,1676,18.6,,,,,459.78169190335166,Top Starter,464.03687193373815,Top Starter,,
Jorge Meré,Cádiz,es La Liga,DF,26.7,687,7.6,,,,,560.8317893429721,Top Starter,470.9147604458548,Top Starter,,
Javier Manquillo,Celta Vigo,es La Liga,DF,29.7,746,8.3,,,,,515.1489260526525,Top Starter,553.1927379364462,Top Starter,,
Siebe Van Der Heyden,Mallorca,es La Liga,DF,25.6,292,3.2,,,,,,,,,,
Dimitri Foulquier,Valencia,es La Liga,DF,30.8,1833,20.4,,,,,546.4348629417638,Top Starter,550.8986995635322,Top Starter,,
Juan Cruz Armada,Osasuna,es La Liga,DF,31.4,1663,18.5,,,,,458.16560872256497,Top Starter,489.5632357020361,Top Starter,,
Álex Centelles,Almería,es La Liga,DF,24.3,979,10.9,,,,,573.3263357466604,Top Starter,523.4736822850899,Top Starter,,
Stefan Mitrović,Getafe,es La Liga,DF,33.6,706,7.8,,,,,412.5229140555066,Top Starter,422.4975274757944,Top Starter,,
Jon Martin,Real Sociedad,es La Liga,DF,17.7,23,0.3,,,,,,,,,,
Yoel Lago,Celta Vigo,es La Liga,DF,19.8,90,1.0,,,,,,,,,,
Asier Osambela,Osasuna,es La Liga,Off_MF,19.2,9,0.1,,,,,,,,,,
César Tárrega,Valencia,es La Liga,DF,21.8,13,0.1,,,,,,,,,,
Gorka Rivera Alonso,Getafe,es La Liga,DF,19.4,11,0.1,,,,,,,,,,
Victor Parada,Alavés,es La Liga,DF,21.7,9,0.1,,,,,,,,,,
Chumi,Almería,es La Liga,DF,24.8,2437,27.1,,,,,488.31431683963314,Top Starter,448.3677077361103,Top Starter,,
Raúl Torrente,Granada,es La Liga,DF,22.3,1252,13.9,,,,,633.8184864195938,Top Starter,556.9768600738726,Top Starter,,
Kevin Vázquez,Celta Vigo,es La Liga,DF,30.8,724,8.0,,,,,607.2504071072217,Top Starter,497.8537319364739,Top Starter,,
Carmona,Getafe,es La Liga,DF,21.9,1335,14.8,,,,,650.1530380215918,Top Starter,614.0281728008566,Top Starter,,
Jesus Vazquez,Valencia,es La Liga,DF,,727,8.1,,,,,574.4655091935603,Top Starter,739.0658040253868,Top Starter,,
Álvaro Odriozola,Real Sociedad,es La Liga,DF,28.0,397,4.4,,,,,,,,,,
Álvaro Lemos,Las Palmas,es La Liga,DF,30.8,251,2.8,,,,,,,,,,
Joseba Zaldúa,Cádiz,es La Liga,DF,31.5,720,8.0,,,,,534.3635642930427,Top Starter,473.64256070541956,Top Starter,,
Iván Alejo,Cádiz,es La Liga,Off_MF,28.9,1713,19.0,255.18544850942766,Solid Squad Player,,,,,642.2309000729732,Top Starter,,
Marc Bartra,Betis,es La Liga,DF,33.0,225,2.5,,,,,,,,,,
Jordi,Getafe,es La Liga,Off_MF,23.0,574,6.4,221.02277677022207,Solid Squad Player,,,,,788.0730256211932,World Class,,
Unai García,Osasuna,es La Liga,DF,31.3,559,6.2,,,,,591.5989345460581,Top Starter,440.02915840387766,Top Starter,,
Héctor Bellerín,Betis,es La Liga,DF,28.8,1714,19.0,,,,,535.3280758733735,Top Starter,529.3901942242296,Top Starter,,
Kaiky,Almería,es La Liga,DF,20.0,528,5.9,,,,,487.54315077894597,Top Starter,421.2818245438424,Top Starter,,
Andrei Ratiu,Rayo Vallecano,es La Liga,DF,25.5,640,7.1,,,,,384.4185542595957,Solid Squad Player,514.9248219084434,Top Starter,,
Tanguy Nianzou,Sevilla,es La Liga,DF,21.6,331,3.7,,,,,,,,,,
Eneko Ortiz,Alavés,es La Liga,DF,20.6,13,0.1,,,,,,,,,,
Paco Sanz,Almería,es La Liga,DF,19.1,23,0.3,,,,,,,,,,
Stefan Lekovic,Villarreal,es La Liga,DF,20.0,28,0.3,,,,,,,,,,
Iñigo Arguibide,Osasuna,es La Liga,DF,18.7,16,0.2,,,,,,,,,,
Houboulang Mendes,Almería,es La Liga,DF,25.7,396,4.4,,,,,,,,,,
Carlos Romero,Villarreal,es La Liga,DF,22.2,259,2.9,,,,,,,,,,
Domingos Duarte,Getafe,es La Liga,DF,28.8,921,10.2,,,,,464.8352129653002,Top Starter,418.90918769107986,Top Starter,,
Daley Sinkgraven,Las Palmas,es La Liga,DF,28.5,377,4.2,,,,,,,,,,
Adrià Altimira,Villarreal,es La Liga,DF,22.8,779,8.7,,,,,423.35859911198037,Top Starter,483.9919203865413,Top Starter,,
Jesús Vallejo,Granada,es La Liga,DF,27.0,115,1.3,,,,,,,,,,
Wilson Manafá,Granada,es La Liga,DF,29.4,241,2.7,,,,,,,,,,
Alberto Dadie,Real Sociedad,es La Liga,Def_MF,21.5,27,0.3,,,,,,,,,,
Federico Gattoni,Sevilla,es La Liga,DF,24.9,16,0.2,,,,,,,,,,
Kamil Piątkowski,Granada,es La Liga,DF,23.5,506,5.6,,,,,788.4820121720577,World Class,693.5151429719878,Top Starter,,
Jorge Moreno,Osasuna,es La Liga,DF,22.4,13,0.1,,,,,,,,,,
Nabil Aberdin,Getafe,es La Liga,DF,21.4,180,2.0,,,,,,,,,,
Víctor Díaz,Granada,es La Liga,DF,35.6,161,1.8,,,,,,,,,,
Miguel,Granada,es La Liga,DF,22.0,30,0.3,,,,,,,,,,
Adri Bosch,Granada,es La Liga,DF,,25,0.3,,,,,,,,,,
Çağlar Söyüncü,Atlético Madrid,es La Liga,DF,27.6,110,1.2,,,,,,,,,,
Jude Bellingham,Real Madrid,es La Liga,Off_MF,20.5,2324,25.8,756.9464294436298,World Class,,,,,810.9737810443004,World Class,,
Toni Kroos,Real Madrid,es La Liga,MF,34.0,2135,23.7,,,848.2448600292331,World Class,,,719.8027464270373,Top Starter,,
Isco,Betis,es La Liga,Off_MF,31.7,2338,26.0,672.4719943435836,Top Starter,,,,,795.5495629405937,World Class,,
İlkay Gündoğan,Barcelona,es La Liga,MF,33.2,2997,33.3,,,811.6083549807893,World Class,,,595.1269747362394,Top Starter,,
Aleix García,Girona,es La Liga,MF,26.5,3201,35.6,,,706.6836269991333,Top Starter,,,658.1542441322339,Top Starter,,
Ivan Rakitić,Sevilla,es La Liga,MF,35.8,1425,15.8,,,722.9873905283546,Top Starter,,,765.6995291416612,World Class,,
Frenkie de Jong,Barcelona,es La Liga,MF,26.6,1637,18.2,,,638.1714116531589,Top Starter,,,777.9867762545176,World Class,,
Takefusa Kubo,Real Sociedad,es La Liga,FW,22.6,2155,23.9,537.3091565118322,Top Starter,,,,,639.892791188617,Top Starter,,
Federico Valverde,Real Madrid,es La Liga,MF,25.4,2910,32.3,,,709.6544267357898,Top Starter,,,632.4891937745357,Top Starter,,
Luka Modrić,Real Madrid,es La Liga,MF,38.3,1685,18.7,,,824.127760560343,World Class,,,626.6642962824731,Top Starter,,
Lamine Yamal,Barcelona,es La Liga,FW,16.5,2197,24.4,521.6556622575303,Top Starter,,,,,755.2375713050511,World Class,,
Iñaki Williams,Athletic Club,es La Liga,FW,29.5,2855,31.7,531.2919405982151,Top Starter,,,,,581.6450722348718,Top Starter,,
Sávio,Girona,es La Liga,FW,19.7,2989,33.2,562.2267971973665,Top Starter,,,,,653.6692163548754,Top Starter,,
Raphinha,Barcelona,es La Liga,FW,27.0,1379,15.3,747.5272552776776,Top Starter,,,,,643.2559469208462,Top Starter,,
Arda Güler,Real Madrid,es La Liga,FW,18.8,390,4.3,,,,,,,,,,
Alex Baena,Villarreal,es La Liga,Off_MF,22.5,2599,28.9,657.6727017744454,Top Starter,,,,,540.7278887223673,Top Starter,,
Rodrigo De Paul,Atlético Madrid,es La Liga,MF,29.6,2084,23.2,,,817.2836524478682,World Class,,,686.5289686474293,Top Starter,,
José Luis García Vayá,Valencia,es La Liga,MF,25.4,3305,36.7,,,533.8688220968534,Top Starter,,,751.774211098039,World Class,,
Lucas Vázquez,Real Madrid,es La Liga,DF,32.5,1442,16.0,,,,,601.9564040234239,Top Starter,563.0907318378771,Top Starter,,
Viktor Tsyhankov,Girona,es La Liga,Off_MF,26.1,2067,23.0,674.6824265246948,Top Starter,,,,,537.7841240867755,Top Starter,,
Pedri,Barcelona,es La Liga,MF,21.1,1487,16.5,,,824.6032906397653,World Class,,,702.8320480439814,Top Starter,,
Mikel Merino,Real Sociedad,es La Liga,MF,27.5,2485,27.6,,,624.0335892373134,Top Starter,,,898.0129394950604,World Class,,
Samuel Lino,Atlético Madrid,es La Liga,DF,24.0,2087,23.2,,,,,568.7507946560572,Top Starter,645.9033269797634,Top Starter,,
Brahim Díaz,Real Madrid,es La Liga,FW,24.4,1582,17.6,754.0413549452865,World Class,,,,,697.5454735488984,Top Starter,,
Brais Méndez,Real Sociedad,es La Liga,Off_MF,27.0,2420,26.9,480.1545694396066,Top Starter,,,,,640.2538241263042,Top Starter,,
Eduardo Camavinga,Real Madrid,es La Liga,MF,21.1,1824,20.3,,,622.6739105596592,Top Starter,,,904.0177999738132,Exceptional,,
Aurélien Tchouaméni,Real Madrid,es La Liga,Def_MF,23.9,1992,22.1,,,,,644.8274901273827,Top Starter,684.6279986491651,Top Starter,,
Pablo Fornals,Betis,es La Liga,FW,27.9,1153,12.8,422.3090362945369,Top Starter,,,,,709.8891825164201,Top Starter,,
Nabil Fekir,Betis,es La Liga,Off_MF,30.5,1049,11.7,546.9833339754576,Top Starter,,,,,678.9685114495783,Top Starter,,
Jonathan Viera,Almería,es La Liga,MF,34.2,1542,17.1,,,739.0430663000885,Top Starter,,,586.667323134182,Top Starter,,
Hugo Álvarez,Celta Vigo,es La Liga,Off_MF,20.5,781,8.7,468.20323680240244,Top Starter,,,,,716.9221823549507,Top Starter,,
Daniel Parejo,Villarreal,es La Liga,MF,34.7,2586,28.7,,,617.6096635990174,Top Starter,,,668.3173917161431,Top Starter,,
Gavi,Barcelona,es La Liga,MF,19.4,943,10.5,,,615.5821079644974,Top Starter,,,773.4645452825619,World Class,,
Kirian Rodríguez,Las Palmas,es La Liga,MF,27.8,3217,35.7,,,511.3664430197915,Top Starter,,,677.3274766526004,Top Starter,,
Yangel Herrera,Girona,es La Liga,MF,26.0,2120,23.6,,,514.330409331289,Top Starter,,,815.7461437937361,World Class,,
Lucas Robertone,Almería,es La Liga,MF,26.8,2391,26.6,,,625.7363782434459,Top Starter,,,798.2866227839041,World Class,,
Nico Williams,Athletic Club,es La Liga,FW,21.5,2280,25.3,565.8263821805114,Top Starter,,,,,678.8393740370692,Top Starter,,
Johnny Cardoso,Betis,es La Liga,MF,22.3,1331,14.8,,,556.895084377731,Top Starter,,,873.5211364425799,World Class,,
Lucas Ocampos,Sevilla,es La Liga,FW,29.5,2885,32.1,301.3971333118669,Solid Squad Player,,,,,805.5594003898307,World Class,,
Yannick Carrasco,Atlético Madrid,es La Liga,DF,30.3,223,2.5,,,,,,,,,,
Martín Zubimendi,Real Sociedad,es La Liga,MF,24.9,2655,29.5,,,428.4750454146416,Top Starter,,,647.4637079721645,Top Starter,,
Koke,Atlético Madrid,es La Liga,MF,32.0,2502,27.8,,,591.3446357355231,Top Starter,,,724.2756389875966,Top Starter,,
Sergi Darder,Mallorca,es La Liga,MF,30.0,2154,23.9,,,761.079471352515,World Class,,,588.8993233962663,Top Starter,,
Sergio Arribas,Almería,es La Liga,Off_MF,,2065,22.9,591.9479226206123,Top Starter,,,,,590.01203883431,Top Starter,,
Luis Milla,Getafe,es La Liga,MF,29.2,2123,23.6,,,536.1486746305006,Top Starter,,,805.496797357886,World Class,,
Sergi Roberto,Barcelona,es La Liga,MF,31.9,863,9.6,,,601.6533582212047,Top Starter,,,584.9270169373318,Top Starter,,
Suso,Sevilla,es La Liga,Off_MF,30.1,1514,16.8,562.7453131597726,Top Starter,,,,,685.909861910034,Top Starter,,
Guido Rodríguez,Betis,es La Liga,MF,29.7,1849,20.5,,,407.2744390049811,Top Starter,,,785.8293918331672,World Class,,
Renato Tapia,Celta Vigo,es La Liga,Def_MF,28.4,1347,15.0,,,,,895.0208190173968,World Class,912.0982422783067,Exceptional,,
Luiz Henrique,Betis,es La Liga,FW,,618,6.9,446.753289964945,Top Starter,,,,,769.8770758728454,World Class,,
Gonçalo Guedes,Villarreal,es La Liga,FW,27.1,951,10.6,480.14074278927205,Top Starter,,,,,444.5090107837577,Top Starter,,
Luis Rioja,Alavés,es La Liga,FW,30.2,2532,28.1,293.7609270895109,Solid Squad Player,,,,,476.10474623576175,Top Starter,,
Óscar Mingueza,Celta Vigo,es La Liga,DF,24.6,3002,33.4,,,,,513.6583909833178,Top Starter,503.13850614223134,Top Starter,,
Iñigo Ruiz de Galarreta,Athletic Club,es La Liga,MF,30.4,2104,23.4,,,544.4430953598032,Top Starter,,,736.9301394253034,Top Starter,,
Pablo Barrios,Atlético Madrid,es La Liga,MF,20.5,1556,17.3,,,515.0276898439274,Top Starter,,,777.9456076715664,World Class,,
Rubén García,Osasuna,es La Liga,FW,30.5,1553,17.3,388.541239743899,Solid Squad Player,,,,,727.6679286649453,Top Starter,,
Axel Witsel,Atlético Madrid,es La Liga,DF,35.0,2784,30.9,,,,,518.8357706973161,Top Starter,518.8029011275215,Top Starter,,
Marc Roca,Betis,es La Liga,MF,27.1,1986,22.1,,,500.42896307721384,Top Starter,,,679.9317125497083,Top Starter,,
Rubén Alcaraz,Cádiz,es La Liga,MF,32.7,3138,34.9,,,438.15835162251045,Top Starter,,,794.8124567199724,World Class,,
Iván Martín,Girona,es La Liga,MF,24.9,2750,30.6,,,559.5153581353401,Top Starter,,,577.2065691670113,Top Starter,,
Carlos Vicente,Alavés,es La Liga,FW,24.7,1118,12.4,528.375061927501,Top Starter,,,,,626.8916780044906,Top Starter,,
Nemanja Maksimović,Getafe,es La Liga,MF,28.9,3272,36.4,,,366.00702586355067,Solid Squad Player,,,581.4867608498704,Top Starter,,
Álvaro García,Rayo Vallecano,es La Liga,FW,31.2,2493,27.7,326.3098322167338,Solid Squad Player,,,,,490.10451785312625,Top Starter,,
Yan Couto,Girona,es La Liga,DF,21.6,2245,24.9,,,,,506.7484473454511,Top Starter,559.547364248699,Top Starter,,
Fermin López,Barcelona,es La Liga,Off_MF,20.6,1451,16.1,484.6123232570719,Top Starter,,,,,661.2022670283452,Top Starter,,
Ander Herrera,Athletic Club,es La Liga,MF,34.4,1023,11.4,,,757.5844988132801,World Class,,,883.9487159954156,World Class,,
Sandro Ramírez,Las Palmas,es La Liga,FW,28.5,1819,20.2,279.37148265813227,Solid Squad Player,,,,,467.88735336371195,Top Starter,,
Oihan Sancet,Athletic Club,es La Liga,Off_MF,23.7,1991,22.1,511.63647447795313,Top Starter,,,,,627.1852809838663,Top Starter,,
Isaac Palazón Camacho,Rayo Vallecano,es La Liga,Off_MF,29.0,2810,31.2,253.78967897557098,Solid Squad Player,,,,,687.4196544623497,Top Starter,,
Saúl Ñíguez,Atlético Madrid,es La Liga,MF,29.1,1373,15.3,,,718.2188107050827,Top Starter,,,836.8523336238005,World Class,,
Adri Embarba,Almería,es La Liga,FW,31.7,2485,27.6,296.51245996473625,Solid Squad Player,,,,,678.1381380189225,Top Starter,,
Domingos André Ribeiro Almeida,Valencia,es La Liga,FW,34.3,969,10.8,290.18775145229154,Solid Squad Player,,,,,655.2946427798731,Top Starter,,
Damián Rodríguez,Celta Vigo,es La Liga,MF,20.8,257,2.9,,,,,,,,,,
Paul Akouokou,Betis,es La Liga,MF,26.0,26,0.3,,,,,,,,,,
Samu Costa,Mallorca,es La Liga,MF,23.1,2305,25.6,,,442.4076094413976,Top Starter,,,840.0656012179898,World Class,,
Moi Gómez,Osasuna,es La Liga,MF,29.5,2010,22.3,,,454.6227274004143,Top Starter,,,585.6579014266969,Top Starter,,
Nemanja Gudelj,Sevilla,es La Liga,DF,32.1,1744,19.4,,,,,663.9961893951283,Top Starter,614.0959503348939,Top Starter,,
Pathé Ciss,Rayo Vallecano,es La Liga,MF,29.8,1658,18.4,,,419.19020238315403,Top Starter,,,868.5208504942676,World Class,,
Boubakary Soumaré,Sevilla,es La Liga,MF,24.8,2294,25.5,,,352.65351573547156,Solid Squad Player,,,596.0443903119452,Top Starter,,
Juanlu Sánchez,Sevilla,es La Liga,DF,20.4,1197,13.3,,,,,687.003310198436,Top Starter,688.4587621547483,Top Starter,,
Dion Lopy,Almería,es La Liga,MF,21.9,1927,21.4,,,416.4192385592791,Top Starter,,,778.8895302484507,World Class,,
Williot Swedberg,Celta Vigo,es La Liga,FW,19.9,449,5.0,596.0759625067013,Top Starter,,,,,566.5104118426004,Top Starter,,
Rodrigo Riquelme,Atlético Madrid,es La Liga,DF,23.7,1526,17.0,,,,,474.565643913686,Top Starter,577.6887564626684,Top Starter,,
Lucien Agoume,Sevilla,es La Liga,MF,21.9,777,8.6,,,402.07623410172033,Top Starter,,,645.9018676995036,Top Starter,,
Álex Berenguer,Athletic Club,es La Liga,FW,28.5,1581,17.6,549.3078017194234,Top Starter,,,,,576.1350555656524,Top Starter,,
Óscar Rodríguez Arnaiz,Getafe,es La Liga,Off_MF,25.5,967,10.7,378.83982922954675,Solid Squad Player,,,,,692.0594075560646,Top Starter,,
Sergi Canós,Valencia,es La Liga,Off_MF,26.9,1243,13.8,389.3706191069589,Solid Squad Player,,,,,646.3662222980477,Top Starter,,
Jon Guridi,Alavés,es La Liga,MF,28.8,2697,30.0,,,525.537978709548,Top Starter,,,535.762417746909,Top Starter,,
Óscar Valentín,Rayo Vallecano,es La Liga,MF,29.4,2701,30.0,,,365.7598805157888,Solid Squad Player,,,731.1450641291261,Top Starter,,
Marc Casado,Barcelona,es La Liga,Def_MF,20.3,18,0.2,,,,,,,,,,
Beñat Prados,Athletic Club,es La Liga,MF,22.9,1456,16.2,,,465.9941212004752,Top Starter,,,883.4044519841663,World Class,,
Fernando,Sevilla,es La Liga,MF,36.4,459,5.1,,,440.27258124825255,Top Starter,,,773.1301251921067,World Class,,
Diego López,Valencia,es La Liga,Off_MF,,2671,29.7,373.152900727445,Solid Squad Player,,,,,570.5533440674741,Top Starter,,
Nemanja Radonjić,Mallorca,es La Liga,Off_MF,27.9,350,3.9,,,,,,,,,,
Marcos Peña,Almería,es La Liga,Def_MF,18.9,439,4.9,,,,,,,,,,
Oriol Romeu,Barcelona,es La Liga,MF,32.3,946,10.5,,,586.0708136175019,Top Starter,,,841.4199688896732,World Class,,
Dani Rodríguez,Mallorca,es La Liga,Off_MF,35.6,2638,29.3,352.54292648917993,Solid Squad Player,,,,,638.7731827866513,Top Starter,,
Érik Lamela,Sevilla,es La Liga,FW,31.8,491,5.5,475.6093989783987,Top Starter,,,,,718.1822527469939,Top Starter,,
Iker Muñoz,Osasuna,es La Liga,MF,21.3,1856,20.6,,,362.93438081812417,Solid Squad Player,,,683.3278793666965,Top Starter,,
Gonzalo Villar,Granada,es La Liga,MF,25.8,1785,19.8,,,577.3661868520611,Top Starter,,,777.742216683815,World Class,,
Dodi Lukebakio,Sevilla,es La Liga,FW,26.3,1134,12.6,528.4702496864085,Top Starter,,,,,507.1938001612497,Top Starter,,
Mikel Vesga,Athletic Club,es La Liga,MF,30.7,1545,17.2,,,467.4159683948085,Top Starter,,,805.3722272267644,World Class,,
Franco Cervi,Celta Vigo,es La Liga,MF,29.6,562,6.2,,,796.3744103065075,World Class,,,869.1944367279987,World Class,,
Léo Baptistão,Almería,es La Liga,FW,31.3,1880,20.9,343.68798829616617,Solid Squad Player,,,,,584.8843118916088,Top Starter,,
Aimar Oroz,Osasuna,es La Liga,Off_MF,22.1,2350,26.1,246.07755268794367,Solid Squad Player,,,,,692.7944363966214,Top Starter,,
Gerard Gumbau,Granada,es La Liga,MF,29.0,2684,29.8,,,538.4371440059508,Top Starter,,,555.3847213372628,Top Starter,,
Andrés Guardado,Betis,es La Liga,MF,37.3,458,5.1,,,461.0503202055114,Top Starter,,,779.9732873744533,World Class,,
Manu Morlanes,Mallorca,es La Liga,MF,25.0,1630,18.1,,,559.1225490924271,Top Starter,,,766.5425485119471,World Class,,
Djibril Sow,Sevilla,es La Liga,MF,26.9,1473,16.4,,,460.49581172281154,Top Starter,,,599.8214332169043,Top Starter,,
Ander Barrenetxea,Real Sociedad,es La Liga,FW,22.0,1447,16.1,369.76799527049633,Solid Squad Player,,,,,731.0490048440008,Top Starter,,
Unai López,Rayo Vallecano,es La Liga,MF,28.2,2123,23.6,,,558.3225259751734,Top Starter,,,729.9170928049416,Top Starter,,
Sergio Ruiz,Granada,es La Liga,MF,,2510,27.9,,,504.9555810525841,Top Starter,,,810.3028933725826,World Class,,
Arsen Zakharyan,Real Sociedad,es La Liga,Off_MF,20.6,1243,13.8,380.3821038343265,Solid Squad Player,,,,,506.05626689638007,Top Starter,,
Enzo Loiodice,Las Palmas,es La Liga,MF,23.1,1792,19.9,,,523.2343009983683,Top Starter,,,874.1523263188345,World Class,,
Hugo Sotelo,Celta Vigo,es La Liga,MF,20.0,727,8.1,,,690.9736569911952,Top Starter,,,685.4364067260046,Top Starter,,
Lucas Torró,Osasuna,es La Liga,MF,29.5,1796,20.0,,,383.59549315576635,Solid Squad Player,,,779.9191673729839,World Class,,
Alberto Moleiro,Las Palmas,es La Liga,FW,20.3,1807,20.1,344.08521923103785,Solid Squad Player,,,,,502.67964866656746,Top Starter,,
Rominigue Kouamé,Cádiz,es La Liga,MF,27.0,828,9.2,,,359.807950296017,Solid Squad Player,,,726.7871884134737,Top Starter,,
Diadie Samassékou,Cádiz,es La Liga,MF,28.0,87,1.0,,,,,,,,,,
Diego Méndez,Rayo Vallecano,es La Liga,MF,20.3,9,0.1,,,,,,,,,,
Carlos Benavídez,Alavés,es La Liga,MF,,1150,12.8,,,534.4777211315358,Top Starter,,,811.6854321727577,World Class,,
Antonio Blanco,Alavés,es La Liga,MF,23.4,2444,27.2,,,421.9190807512709,Top Starter,,,696.9898591441753,Top Starter,,
Óliver Torres,Sevilla,es La Liga,MF,29.1,1628,18.1,,,533.5606756861844,Top Starter,,,671.0415701700315,Top Starter,,
Ander Guevara,Alavés,es La Liga,MF,26.5,2936,32.6,,,354.2859993845689,Solid Squad Player,,,644.4735017323255,Top Starter,,
Joan Jordán,Sevilla,es La Liga,MF,29.5,378,4.2,,,,,,,,,,
Jon Magunazelaia,Real Sociedad,es La Liga,FW,22.5,131,1.5,,,,,,,,,,
Roberto Navarro,Cádiz,es La Liga,Off_MF,21.7,1905,21.2,369.88444200493234,Solid Squad Player,,,,,763.0749929988978,World Class,,
William Carvalho,Betis,es La Liga,MF,31.7,684,7.6,,,699.5716341313151,Top Starter,,,755.8565321635691,World Class,,
Iker Muniain,Athletic Club,es La Liga,Off_MF,31.0,607,6.7,474.02065277750506,Top Starter,,,,,536.7773929469153,Top Starter,,
Facundo Pellistri,Granada,es La Liga,Off_MF,22.0,1220,13.6,301.0516572618393,Solid Squad Player,,,,,596.9529458246168,Top Starter,,
Javier Muñoz,Las Palmas,es La Liga,MF,28.8,2661,29.6,,,402.91506353584373,Top Starter,,,461.2634851714672,Top Starter,,
Dani Ceballos,Real Madrid,es La Liga,MF,27.4,605,6.7,,,722.8213416619177,Top Starter,,,680.9957518456237,Top Starter,,
Santi Comesaña,Villarreal,es La Liga,MF,27.2,1661,18.5,,,466.98293431321883,Top Starter,,,723.567490471665,Top Starter,,
Étienne Capoue,Villarreal,es La Liga,MF,35.5,1466,16.3,,,499.7933196062867,Top Starter,,,810.2230135097647,World Class,,
Ilias Akhomach,Villarreal,es La Liga,Off_MF,19.7,1521,16.9,450.5796661123962,Top Starter,,,,,702.2435501366442,Top Starter,,
Jon Moncayola,Osasuna,es La Liga,MF,25.6,1816,20.2,,,554.1134670690789,Top Starter,,,562.1027765292931,Top Starter,,
Crespo,Rayo Vallecano,es La Liga,MF,27.3,521,5.8,,,550.1972630927559,Top Starter,,,836.5182219405771,World Class,,
Francis Coquelin,Villarreal,es La Liga,MF,32.6,919,10.2,,,334.25882885166584,Solid Squad Player,,,675.8566125716233,Top Starter,,
Ilaix Moriba,Getafe,es La Liga,MF,21.0,618,6.9,,,594.1805292997656,Top Starter,,,691.5483792343323,Top Starter,,
Beñat Turrientes,Real Sociedad,es La Liga,MF,21.9,1703,18.9,,,335.022760533111,Solid Squad Player,,,536.749206416981,Top Starter,,
Máximo Perrone,Las Palmas,es La Liga,MF,21.0,1634,18.2,,,358.8020485369697,Solid Squad Player,,,736.5100158355272,Top Starter,,
Fran Beltrán,Celta Vigo,es La Liga,MF,24.9,2444,27.2,,,352.7024028921174,Solid Squad Player,,,604.740394965812,Top Starter,,
Álex Fernández,Cádiz,es La Liga,MF,31.2,1310,14.6,,,416.23443181797,Top Starter,,,562.6414473928409,Top Starter,,
Hannibal Mejbri,Sevilla,es La Liga,MF,20.9,107,1.2,,,,,,,,,,
Rodri,Betis,es La Liga,MF,23.6,1077,12.0,,,479.582684739607,Top Starter,,,583.4762553714603,Top Starter,,
Manu Bueno,Sevilla,es La Liga,Def_MF,19.4,120,1.3,,,,,,,,,,
Carles Pérez,Celta Vigo,es La Liga,Off_MF,25.9,768,8.5,346.80979694625233,Solid Squad Player,,,,,661.3076550037922,Top Starter,,
Sergi Altimira,Betis,es La Liga,MF,22.4,572,6.4,,,430.0284216599063,Top Starter,,,760.826602008998,World Class,,
Denis Suárez,Villarreal,es La Liga,MF,30.0,138,1.5,,,,,,,,,,
Alberto Risco,Getafe,es La Liga,Off_MF,18.3,135,1.5,,,,,,,,,,
Pejiño,Las Palmas,es La Liga,FW,27.4,523,5.8,441.51303156029206,Top Starter,,,,,618.5704682727963,Top Starter,,
Unai Gómez,Athletic Club,es La Liga,Off_MF,20.6,890,9.9,284.08211452775083,Solid Squad Player,,,,,624.273265293125,Top Starter,,
Dani García,Athletic Club,es La Liga,MF,33.6,742,8.2,,,328.0510617029941,Solid Squad Player,,,588.8978744410944,Top Starter,,
Javier Guerra,Valencia,es La Liga,MF,,2502,27.8,,,410.0054447083018,Top Starter,,,678.1056577395298,Top Starter,,
Iddrisu Baba,Almería,es La Liga,MF,27.9,1442,16.0,,,364.8310809019329,Solid Squad Player,,,781.77774241088,World Class,,
Giuliano Simeone,Alavés,es La Liga,FW,21.0,635,7.1,459.3403220791794,Top Starter,,,,,534.1519260065485,Top Starter,,
Mario Martín,Real Madrid,es La Liga,Def_MF,19.8,16,0.2,,,,,,,,,,
Fabio González,Las Palmas,es La Liga,MF,26.9,121,1.3,,,,,,,,,,
Jesús Corona,Sevilla,es La Liga,Off_MF,31.0,16,0.2,,,,,,,,,,
Abde Rebbach,Alavés,es La Liga,FW,,735,8.2,293.22328929817644,Solid Squad Player,,,,,532.5307085580024,Top Starter,,
Ramón Terrats,Villarreal,es La Liga,MF,23.2,801,8.9,,,623.4664561971905,Top Starter,,,647.5868074645751,Top Starter,,
Peter González,Valencia,es La Liga,Off_MF,,646,7.2,254.8353654364044,Solid Squad Player,,,,,546.4157768887579,Top Starter,,
Abde Ezzalzouli,Betis,es La Liga,MF,,937,10.4,,,385.73728244876054,Solid Squad Player,,,670.9687440613998,Top Starter,,
Adnan Januzaj,Sevilla,es La Liga,FW,28.9,195,2.2,,,,,,,,,,
Luca de la Torre,Celta Vigo,es La Liga,Off_MF,25.6,1956,21.7,280.09991753278376,Solid Squad Player,,,,,575.9541130195046,Top Starter,,
Antonio Sánchez,Mallorca,es La Liga,MF,,1476,16.4,,,456.4145833214546,Top Starter,,,612.7293866195992,Top Starter,,
Theo Corbeanu,Granada,es La Liga,Off_MF,21.6,196,2.2,,,,,,,,,,
Pablo Ibáñez,Osasuna,es La Liga,Off_MF,25.3,1173,13.0,325.5554776589345,Solid Squad Player,,,,,750.9218013249618,World Class,,
Selim Amallah,Valencia,es La Liga,FW,27.1,633,7.0,192.80581093459597,Below Big-5 Level,,,,,792.7554248845934,World Class,,
Pablo Torre,Girona,es La Liga,Off_MF,20.7,709,7.9,372.71359410383474,Solid Squad Player,,,,,589.7954582413046,Top Starter,,
Adu Ares,Athletic Club,es La Liga,FW,26.8,272,3.0,,,,,,,,,,
Olasagasti,Real Sociedad,es La Liga,Off_MF,23.4,370,4.1,,,,,,,,,,
Manu Trigueros,Villarreal,es La Liga,MF,32.2,342,3.8,,,,,,,,,,
Bebé,Rayo Vallecano,es La Liga,Off_MF,33.5,253,2.8,,,,,,,,,,
Valery Fernández,Girona,es La Liga,Off_MF,24.1,527,5.9,360.5627125641442,Solid Squad Player,,,,,595.5401172297276,Top Starter,,
Darwin Machís,Cádiz,es La Liga,Off_MF,30.9,799,8.9,302.9923310734773,Solid Squad Player,,,,,684.4777986994868,Top Starter,,
Kamil Jóźwiak,Granada,es La Liga,Off_MF,25.7,591,6.6,306.8743966286885,Solid Squad Player,,,,,685.5361062811128,Top Starter,,
Omar Mascarell,Mallorca,es La Liga,MF,30.9,1578,17.5,,,289.233536486059,Solid Squad Player,,,685.1787346533356,Top Starter,,
Omenuke Mfulu,Las Palmas,es La Liga,Def_MF,29.8,92,1.0,,,,,,,,,,
Javier Llabrés,Mallorca,es La Liga,Off_MF,21.3,276,3.1,,,,,,,,,,
Faitout Maouassa,Granada,es La Liga,DF,25.5,252,2.8,,,,,,,,,,
Xeber,Alavés,es La Liga,FW,26.5,319,3.5,,,,,,,,,,
Hugo Guillamón,Valencia,es La Liga,MF,23.9,1317,14.6,,,357.37406699129275,Solid Squad Player,,,590.3500193227203,Top Starter,,
Carlos Dotor,Celta Vigo,es La Liga,MF,22.8,716,8.0,,,272.13533714836103,Solid Squad Player,,,588.6357762846472,Top Starter,,
José Campaña,Las Palmas,es La Liga,MF,30.6,173,1.9,,,,,,,,,,
Isaac Palazón Camacho,Valencia,es La Liga,Off_MF,21.3,2069,23.0,306.5405960175604,Solid Squad Player,,,,,521.1534788891809,Top Starter,,
Thomas Lemar,Atlético Madrid,es La Liga,Off_MF,28.1,166,1.8,,,,,,,,,,
Njegoš Petrović,Granada,es La Liga,MF,24.5,169,1.9,,,,,,,,,,
Kike Pérez,Rayo Vallecano,es La Liga,MF,26.9,849,9.4,,,466.5553750720698,Top Starter,,,815.6803104925548,World Class,,
Carles Aleñá,Getafe,es La Liga,Off_MF,26.0,1016,11.3,352.73130447097924,Solid Squad Player,,,,,649.2932411478259,Top Starter,,
Benito Ramírez,Las Palmas,es La Liga,FW,28.5,392,4.4,,,,,,,,,,
Fede San Emeterio,Cádiz,es La Liga,MF,26.8,165,1.8,,,,,,,,,,
Yellu Santiago,Getafe,es La Liga,MF,19.6,662,7.4,,,335.8427526834503,Solid Squad Player,,,512.7047244825228,Top Starter,,
Gonzalo Escalante,Cádiz,es La Liga,MF,30.8,1702,18.9,,,444.30203188855285,Top Starter,,,638.0542234287311,Top Starter,,
Óscar Melendo,Granada,es La Liga,MF,26.4,1133,12.6,,,335.3130559940603,Solid Squad Player,,,490.76699720194364,Top Starter,,
Gonzalo Melero,Almería,es La Liga,MF,30.0,1121,12.5,,,447.46222759344147,Top Starter,,,515.8439363888637,Top Starter,,
Hugo González,Valencia,es La Liga,Off_MF,,89,1.0,,,,,,,,,,
Brian Ocampo,Cádiz,es La Liga,Off_MF,24.5,242,2.7,,,,,,,,,,
José Pozo,Rayo Vallecano,es La Liga,MF,27.8,17,0.2,,,,,,,,,,
Amath,Mallorca,es La Liga,FW,27.5,408,4.5,,,,,,,,,,
Juan Cruz,Betis,es La Liga,FW,,77,0.9,,,,,,,,,,
Toni Villa,Girona,es La Liga,FW,29.0,24,0.3,,,,,,,,,,
Silvi Clúa,Girona,es La Liga,MF,18.9,8,0.1,,,,,,,,,,
Iñaki González,Las Palmas,es La Liga,Def_MF,19.4,9,0.1,,,,,,,,,,
Ibrahima Kebe,Girona,es La Liga,Def_MF,23.4,24,0.3,,,,,,,,,,
José Mari,Cádiz,es La Liga,MF,36.1,27,0.3,,,,,,,,,,
Óscar Trejo,Rayo Vallecano,es La Liga,FW,35.7,1387,15.4,188.4263585714464,Below Big-5 Level,,,,,828.8436656037956,World Class,,
Mauro Arambarri,Getafe,es La Liga,MF,28.3,337,3.7,,,,,,,,,,
Raúl García,Athletic Club,es La Liga,FW,37.5,431,4.8,,,,,,,,,,
Tadeo Allende,Celta Vigo,es La Liga,Off_MF,24.9,330,3.7,,,,,,,,,,
Jhon Solis,Girona,es La Liga,MF,21.3,412,4.6,,,,,,,,,,
Antonio Puertas,Granada,es La Liga,Off_MF,31.9,777,8.6,315.5737592839057,Solid Squad Player,,,,,575.6231798974387,Top Starter,,
Ben Brereton,Villarreal,es La Liga,FW,24.7,305,3.4,,,,,,,,,,
Arthur Vermeeren,Atlético Madrid,es La Liga,MF,18.9,159,1.8,,,,,,,,,,
Urko González,Real Sociedad,es La Liga,MF,22.8,159,1.8,,,,,,,,,,
Javier Rueda Garcia,Celta Vigo,es La Liga,Def_MF,,19,0.2,,,,,,,,,,
Darko Brašanac,Osasuna,es La Liga,Off_MF,31.9,46,0.5,,,,,,,,,,
Miguel Rodríguez,Celta Vigo,es La Liga,Off_MF,,331,3.7,,,,,,,,,,
Alejandro Pozo Pozo,Almería,es La Liga,DF,,992,11.0,,,,,447.3274521141383,Top Starter,464.34641038555804,Top Starter,,
Marciano Tchami,Almería,es La Liga,FW,,67,0.7,,,,,,,,,,
Nicolás Paz,Real Madrid,es La Liga,MF,19.3,26,0.3,,,,,,,,,,
Martin Hongla,Granada,es La Liga,MF,25.8,569,6.3,,,187.75028766444038,Below Big-5 Level,,,502.14499401158685,Top Starter,,
Mikel Jauregizar,Athletic Club,es La Liga,Off_MF,20.1,158,1.8,,,,,,,,,,
Arnau Puigmal,Almería,es La Liga,FW,23.0,271,3.0,,,,,,,,,,
Xabi Huarte,Osasuna,es La Liga,MF,22.8,8,0.1,,,,,,,,,,
Tomás Mendes,Alavés,es La Liga,MF,19.1,12,0.1,,,,,,,,,,
Pablo Gozalbez,Valencia,es La Liga,Off_MF,22.7,114,1.3,,,,,,,,,,
Santiago García,Getafe,es La Liga,FW,22.3,24,0.3,,,,,,,,,,
Unai Ropero,Alavés,es La Liga,Off_MF,22.1,14,0.2,,,,,,,,,,
Gabriel Veiga,Celta Vigo,es La Liga,FW,21.6,17,0.2,,,,,,,,,,
Borja Vázquez,Cádiz,es La Liga,MF,19.0,3,0.0,,,,,,,,,,
Moussa Diakité,Cádiz,es La Liga,MF,20.2,1,0.0,,,,,,,,,,
Iago Aspas,Celta Vigo,es La Liga,FW,36.4,2715,30.2,587.5281574661291,Top Starter,,,,,484.4734351205564,Top Starter,,
Antoine Griezmann,Atlético Madrid,es La Liga,FW,32.8,2654,29.5,585.5641700302841,Top Starter,,,,,492.7605318607692,Top Starter,,
Gerard Moreno,Villarreal,es La Liga,FW,31.7,2229,24.8,598.2552638177608,Top Starter,,,,,604.2133790063937,Top Starter,,
Vinicius Júnior,Real Madrid,es La Liga,FW,23.5,1872,20.8,839.1980173238602,World Class,,,,,585.8145793414442,Top Starter,,
Rodrygo,Real Madrid,es La Liga,FW,23.0,2388,26.5,618.626126519167,Top Starter,,,,,488.40015645769245,Top Starter,,
Robert Lewandowski,Barcelona,es La Liga,FW,35.4,2758,30.6,674.5196797682353,Top Starter,,,,,434.1579085461142,Top Starter,,
Artem Dovbyk,Girona,es La Liga,FW,26.5,2605,28.9,751.6179619453305,World Class,,,,,243.90623987617715,Solid Squad Player,,
Ante Budimir,Osasuna,es La Liga,FW,32.4,2453,27.3,553.7978027168574,Top Starter,,,,,601.6515845733176,Top Starter,,
Gorka Guruzeta,Athletic Club,es La Liga,FW,27.3,2240,24.9,673.3135778902199,Top Starter,,,,,636.1560758386233,Top Starter,,
Alexander Sørloth,Villarreal,es La Liga,FW,28.1,2491,27.7,719.7873234952114,Top Starter,,,,,479.8837720285926,Top Starter,,
Mason Greenwood,Getafe,es La Liga,Off_MF,22.3,2667,29.6,474.1826177281986,Top Starter,,,,,502.8093842144407,Top Starter,,
Ayoze Pérez,Betis,es La Liga,FW,30.4,2307,25.6,475.25595495050027,Top Starter,,,,,714.3644407727184,Top Starter,,
Vedat Muriqi,Mallorca,es La Liga,FW,29.7,2329,25.9,408.5144410914264,Top Starter,,,,,619.5261546764347,Top Starter,,
Luis Javier Suárez,Almería,es La Liga,FW,17.7,925,10.3,549.6025859508079,Top Starter,,,,,400.5190898826688,Top Starter,,
Borja Mayoral,Getafe,es La Liga,FW,26.7,2162,24.0,498.99002771790737,Top Starter,,,,,510.5520360412448,Top Starter,,
João Félix,Barcelona,es La Liga,FW,24.1,1548,17.2,642.8225892309846,Top Starter,,,,,658.4448613449433,Top Starter,,
Yeremi Pino,Villarreal,es La Liga,Off_MF,21.2,479,5.3,252.0434617234073,Solid Squad Player,,,,,817.8157488729817,World Class,,
Ángel Correa,Atlético Madrid,es La Liga,FW,28.8,1532,17.0,671.5038715588759,Top Starter,,,,,565.4824234051939,Top Starter,,
Willian José,Betis,es La Liga,FW,32.1,1982,22.0,541.4514818132379,Top Starter,,,,,364.3996168622607,Solid Squad Player,,
Hugo Duro,Valencia,es La Liga,FW,24.1,2994,33.3,426.9857814659704,Top Starter,,,,,488.3072685052363,Top Starter,,
Jonathan Bamba,Celta Vigo,es La Liga,Off_MF,27.8,1993,22.1,390.9286100315025,Solid Squad Player,,,,,587.4614347391816,Top Starter,,
Álvaro Morata,Atlético Madrid,es La Liga,FW,31.2,1914,21.3,682.4053132815382,Top Starter,,,,,521.1322548727858,Top Starter,,
Bryan Zaragoza,Granada,es La Liga,Off_MF,22.3,1640,18.2,491.050550266328,Top Starter,,,,,499.36144674634767,Top Starter,,
Youssef En-Nesyri,Sevilla,es La Liga,FW,26.6,2573,28.6,504.64984364134756,Top Starter,,,,,361.70220431627183,Solid Squad Player,,
Sheraldo Becker,Real Sociedad,es La Liga,FW,28.9,772,8.6,402.78998256946124,Top Starter,,,,,366.4172667301838,Solid Squad Player,,
Ferrán Torres,Barcelona,es La Liga,FW,23.8,1213,13.5,643.6829683145711,Top Starter,,,,,433.4699834983328,Top Starter,,
Jørgen Strand Larsen,Celta Vigo,es La Liga,FW,23.9,2887,32.1,524.22808025814,Top Starter,,,,,506.89134897544784,Top Starter,,
Bertrand Traoré,Villarreal,es La Liga,Off_MF,28.3,574,6.4,278.677401048819,Solid Squad Player,,,,,535.8203131466944,Top Starter,,
Ianis Hagi,Alavés,es La Liga,Off_MF,25.2,814,9.0,512.4330209383855,Top Starter,,,,,677.68411289576,Top Starter,,
Roger Martí,Cádiz,es La Liga,FW,33.0,1367,15.2,348.8020993341609,Solid Squad Player,,,,,507.1432116416146,Top Starter,,
Ezequiel Ávila,Betis,es La Liga,FW,29.9,1171,13.0,404.9462178963806,Top Starter,,,,,525.8674288061095,Top Starter,,
Enes Ünal,Getafe,es La Liga,FW,26.6,138,1.5,,,,,,,,,,
Cristhian Stuani,Girona,es La Liga,FW,37.2,807,9.0,784.2910758219092,World Class,,,,,472.2011669438766,Top Starter,,
Mikel Oyarzabal,Real Sociedad,es La Liga,FW,26.7,2157,24.0,410.18330376522135,Top Starter,,,,,437.89539194124825,Top Starter,,
Joselu,Real Madrid,es La Liga,FW,33.8,1680,18.7,634.2631358334282,Top Starter,,,,,413.59937082742937,Top Starter,,
Alex Sola,Alavés,es La Liga,FW,,1302,14.5,311.18831089855007,Solid Squad Player,,,,,772.2603046535274,World Class,,
Kiké,Alavés,es La Liga,FW,34.1,1437,16.0,424.11576229865364,Top Starter,,,,,653.839052869217,Top Starter,,
Isaac Romero,Sevilla,es La Liga,FW,23.6,1050,11.7,668.7291735790695,Top Starter,,,,,487.5985674768477,Top Starter,,
Abdón Prats,Mallorca,es La Liga,FW,31.0,1275,14.2,476.3945336153053,Top Starter,,,,,470.94011692949306,Top Starter,,
Memphis,Atlético Madrid,es La Liga,FW,29.9,894,9.9,674.0949879914402,Top Starter,,,,,451.94743065984403,Top Starter,,
Portu,Girona,es La Liga,Off_MF,31.6,1284,14.3,655.5036096959315,Top Starter,,,,,428.70335469980506,Top Starter,,
Anastasios Douvikas,Celta Vigo,es La Liga,FW,24.4,942,10.5,642.901270289309,Top Starter,,,,,616.5724833534309,Top Starter,,
Pablo Saenz,Granada,es La Liga,Off_MF,22.6,18,0.2,,,,,,,,,,
Milutin Osmajić,Cádiz,es La Liga,Off_MF,24.4,13,0.1,,,,,,,,,,
José Arnaiz,Osasuna,es La Liga,FW,28.7,929,10.3,387.97792281572066,Solid Squad Player,,,,,577.8816785503947,Top Starter,,
Lucas Boyé,Granada,es La Liga,FW,27.8,2555,28.4,345.0070547636487,Solid Squad Player,,,,,690.5704677015584,Top Starter,,
Marc Cardona,Las Palmas,es La Liga,FW,28.5,749,8.3,522.5980613853311,Top Starter,,,,,564.8131993065065,Top Starter,,
Juanmi Latasa,Getafe,es La Liga,FW,22.8,1565,17.4,254.44337349485795,Solid Squad Player,,,,,599.8393300727092,Top Starter,,
Munir El Haddadi,Las Palmas,es La Liga,FW,28.3,2478,27.5,225.07391927704327,Solid Squad Player,,,,,550.5940385310297,Top Starter,,
Chris Ramos,Cádiz,es La Liga,FW,27.0,2627,29.2,311.4955273973423,Solid Squad Player,,,,,584.1231606100123,Top Starter,,
Marc Guiu,Barcelona,es La Liga,FW,18.0,82,0.9,,,,,,,,,,
Juanmi,Cádiz,es La Liga,FW,30.6,872,9.7,423.6446364879097,Top Starter,,,,,477.805247339834,Top Starter,,
Famara Diedhiou,Granada,es La Liga,FW,31.7,111,1.2,,,,,,,,,,
Jaime Mata,Getafe,es La Liga,FW,35.2,1807,20.1,358.59996850650225,Solid Squad Player,,,,,589.5727686568897,Top Starter,,
Myrto Uzuni,Granada,es La Liga,FW,28.6,2459,27.3,356.8121043077662,Solid Squad Player,,,,,286.9424237847862,Solid Squad Player,,
Jastin García,Girona,es La Liga,FW,20.0,31,0.3,,,,,,,,,,
Mario Dominguez,Valencia,es La Liga,FW,19.9,23,0.3,,,,,,,,,,
Largie Ramazani,Almería,es La Liga,FW,22.8,1576,17.5,487.12885429578085,Top Starter,,,,,502.9505665873896,Top Starter,,
Raúl de Tomás,Rayo Vallecano,es La Liga,FW,29.2,1277,14.2,202.9391317788162,Solid Squad Player,,,,,490.1317471780043,Top Starter,,
Raúl,Osasuna,es La Liga,FW,,1374,15.3,452.92640210072636,Top Starter,,,,,505.56582991705466,Top Starter,,
Asier Villalibre,Athletic Club,es La Liga,FW,26.3,508,5.6,554.4854134674205,Top Starter,,,,,616.9660662865138,Top Starter,,
Cyle Larin,Mallorca,es La Liga,FW,28.7,1829,20.3,356.52722223690716,Solid Squad Player,,,,,596.6565567441727,Top Starter,,
Carlos Fernández,Real Sociedad,es La Liga,FW,27.6,411,4.6,,,,,,,,,,
Umar Sadiq,Real Sociedad,es La Liga,FW,26.9,1106,12.3,406.8751067522232,Top Starter,,,,,649.8921675675876,Top Starter,,
Sergio Camello,Rayo Vallecano,es La Liga,FW,22.9,1676,18.6,292.4286785718492,Solid Squad Player,,,,,455.89854025399904,Top Starter,,
Borja Iglesias,Betis,es La Liga,FW,31.0,404,4.5,,,,,,,,,,
Sergio Rodelas,Granada,es La Liga,FW,19.1,122,1.4,,,,,,,,,,
Rachad Fettal,Almería,es La Liga,FW,19.0,16,0.2,,,,,,,,,,
Pascu,Villarreal,es La Liga,FW,20.7,13,0.1,,,,,,,,,,
Rafa Mir,Sevilla,es La Liga,FW,26.5,404,4.5,,,,,,,,,,
Luka Romero,Almería,es La Liga,FW,19.1,440,4.9,,,,,,,,,,
Samu Omorodion,Alavés,es La Liga,FW,19.7,2003,22.3,517.0094001183805,Top Starter,,,,,501.38979246958246,Top Starter,,
Maxi Gómez,Cádiz,es La Liga,FW,27.4,1174,13.0,130.00400240387927,Below Big-5 Level,,,,,546.3734031082705,Top Starter,,
Mariano,Sevilla,es La Liga,FW,30.4,259,2.9,,,,,,,,,,
José Luis Morales,Villarreal,es La Liga,FW,36.4,1067,11.9,565.0430457232101,Top Starter,,,,,297.0830084930263,Solid Squad Player,,
Sergi Guardiola,Cádiz,es La Liga,FW,32.6,505,5.6,447.91431276635063,Top Starter,,,,,735.4936517408449,Top Starter,,
Cristian Herrera,Las Palmas,es La Liga,FW,32.8,180,2.0,,,,,,,,,,
Rubén Sobrino,Cádiz,es La Liga,Off_MF,31.9,1648,18.3,241.471385775883,Solid Squad Player,,,,,757.4154878962078,World Class,,
Jorge de Frutos,Rayo Vallecano,es La Liga,FW,26.9,1573,17.5,216.87744935893588,Solid Squad Player,,,,,520.8231697138789,Top Starter,,
Alberto Marí,Valencia,es La Liga,FW,22.5,299,3.3,,,,,,,,,,
José Callejón,Granada,es La Liga,MF,36.9,809,9.0,,,578.912110994585,Top Starter,,,586.1122286027928,Top Starter,,
Álvaro Negredo,Cádiz,es La Liga,FW,38.4,71,0.8,,,,,,,,,,
Anthony Lozano,Almería,es La Liga,FW,30.7,873,9.7,404.9301839948178,Top Starter,,,,,551.8085859272609,Top Starter,,
Assane Diao,Betis,es La Liga,FW,18.3,1056,11.7,266.66473890742276,Solid Squad Player,,,,,649.0315511951782,Top Starter,,
Joaquín Panichelli,Alavés,es La Liga,FW,21.2,236,2.6,,,,,,,,,,
André Silva,Real Sociedad,es La Liga,FW,28.2,744,8.3,307.0845830409434,Solid Squad Player,,,,,437.147939874525,Top Starter,,
Matias Arezo,Granada,es La Liga,FW,21.1,371,4.1,,,,,,,,,,
Radamel Falcao,Rayo Vallecano,es La Liga,FW,37.9,403,4.5,,,,,,,,,,
Ansu Fati,Barcelona,es La Liga,Off_MF,21.2,47,0.5,,,,,,,,,,
Gonzalo García,Real Madrid,es La Liga,FW,22.0,21,0.2,,,,,,,,,,
Alberto Soro,Granada,es La Liga,Off_MF,24.8,17,0.2,,,,,,,,,,
Alberto Perea,Granada,es La Liga,FW,33.0,9,0.1,,,,,,,,,,
Marko Milovanović,Almería,es La Liga,FW,20.4,316,3.5,,,,,,,,,,
Kike Barja,Osasuna,es La Liga,FW,26.7,314,3.5,,,,,,,,,,
Roman Yaremchuk,Valencia,es La Liga,FW,28.1,941,10.5,379.1009724802782,Solid Squad Player,,,,,525.4412433604222,Top Starter,,
Lázaro,Almería,es La Liga,FW,21.8,274,3.0,,,,,,,,,,
Ibrahima Koné,Almería,es La Liga,FW,24.5,295,3.3,,,,,,,,,,
Cédric Bakambu,Betis,es La Liga,FW,32.7,195,2.2,,,,,,,,,,
Mamadou Sylla,Alavés,es La Liga,FW,29.8,26,0.3,,,,,,,,,,
Miguel,Alavés,es La Liga,FW,24.3,85,0.9,,,,,,,,,,
Shon Weissman,Granada,es La Liga,FW,27.9,90,1.0,,,,,,,,,,
Sory Kaba,Las Palmas,es La Liga,FW,28.4,748,8.3,269.64460607253346,Solid Squad Player,,,,,593.5688731473698,Top Starter,,
Vitor Roque,Barcelona,es La Liga,FW,18.8,319,3.5,,,,,,,,,,
Salim El Jebari,Atlético Madrid,es La Liga,Off_MF,19.9,12,0.1,,,,,,,,,,
Jeremy Jorge,Getafe,es La Liga,FW,20.9,10,0.1,,,,,,,,,,
Aingeru Olabarrieta,Athletic Club,es La Liga,FW,18.1,8,0.1,,,,,,,,,,
Karl Etta Eyong,Cádiz,es La Liga,FW,20.2,20,0.2,,,,,,,,,,
Salvi,Rayo Vallecano,es La Liga,MF,32.8,27,0.3,,,,,,,,,,
Jon Karrikaburu,Alavés,es La Liga,Off_MF,21.3,31,0.3,,,,,,,,,,
Randy Nteka,Rayo Vallecano,es La Liga,FW,26.1,578,6.4,292.7856877259528,Solid Squad Player,,,,,740.9583264381231,Top Starter,,
Alejo Véliz,Sevilla,es La Liga,FW,20.3,47,0.5,,,,,,,,,,
Mohamed Ali Cho,Real Sociedad,es La Liga,FW,20.0,247,2.7,,,,,,,,,,
Abdellah Raihani,Atlético Madrid,es La Liga,FW,19.9,9,0.1,,,,,,,,,,
Yassin Tallal,Getafe,es La Liga,FW,18.8,8,0.1,,,,,,,,,,
Max Svensson,Osasuna,es La Liga,FW,,2,0.0,,,,,,,,,,
Álvaro Rodríguez,Real Madrid,es La Liga,FW,19.5,1,0.0,,,,,,,,,,
Fabian Bredlow,Stuttgart,de Bundesliga,GK,28.8,360,4.0,,,,,,,,,,
Matěj Kovář,Leverkusen,de Bundesliga,GK,23.6,90,1.0,,,,,,,,,,
Alexander Schwolow,Union Berlin,de Bundesliga,GK,31.6,90,1.0,,,,,,,,,,
Oliver Baumann,Hoffenheim,de Bundesliga,GK,33.6,3060,34.0,,,,,,,,,730.0282289092057,Top Starter
Tomáš Koubek,Augsburg,de Bundesliga,GK,31.3,270,3.0,,,,,,,,,,
Michael Zetterer,Werder Bremen,de Bundesliga,GK,28.5,2430,27.0,,,,,,,,,845.779306671241,World Class
Moritz Nicolas,Gladbach,de Bundesliga,GK,26.2,2430,27.0,,,,,,,,,542.274171165377,Top Starter
Kevin Müller,Heidenheim,de Bundesliga,GK,32.8,3060,34.0,,,,,,,,,515.0291564138212,Top Starter
Jens Grahl,Eint Frankfurt,de Bundesliga,GK,35.3,180,2.0,,,,,,,,,,
Gregor Kobel,Dortmund,de Bundesliga,GK,26.1,2366,26.3,,,,,,,,,708.440441510442,Top Starter
Jonas Omlin,Gladbach,de Bundesliga,GK,30.0,630,7.0,,,,,,,,,572.46710957528,Top Starter
Manuel Riemann,Bochum,de Bundesliga,GK,35.3,2970,33.0,,,,,,,,,538.6770950468167,Top Starter
Frederik Rønnow,Union Berlin,de Bundesliga,GK,31.4,2970,33.0,,,,,,,,,539.2196909501115,Top Starter
Daniel Batz,Mainz 05,de Bundesliga,GK,33.0,360,4.0,,,,,,,,,,
Marcel Schuhen,Darmstadt 98,de Bundesliga,GK,31.0,2790,31.0,,,,,,,,,539.0630515939051,Top Starter
Finn Dahmen,Augsburg,de Bundesliga,GK,25.8,2790,31.0,,,,,,,,,517.4714670278872,Top Starter
Péter Gulácsi,RB Leipzig,de Bundesliga,GK,33.7,1170,13.0,,,,,,,,,606.7152434995232,Top Starter
Lukáš Hrádecký,Leverkusen,de Bundesliga,GK,34.1,2970,33.0,,,,,,,,,629.6188946158501,Top Starter
Alexander Nübel,Stuttgart,de Bundesliga,GK,27.3,2700,30.0,,,,,,,,,488.27112993204116,Top Starter
Alexander Meyer,Dortmund,de Bundesliga,GK,32.7,694,7.7,,,,,,,,,482.42684640924875,Top Starter
Koen Casteels,Wolfsburg,de Bundesliga,GK,31.5,2250,25.0,,,,,,,,,518.4882430163923,Top Starter
Noah Atubolu,Freiburg,de Bundesliga,GK,21.6,3060,34.0,,,,,,,,,471.1384671570751,Top Starter
Robin Zentner,Mainz 05,de Bundesliga,GK,29.2,2700,30.0,,,,,,,,,602.6869429448498,Top Starter
Marvin Schwäbe,Köln,de Bundesliga,GK,28.7,3060,34.0,,,,,,,,,598.9249374382465,Top Starter
Manuel Neuer,Bayern Munich,de Bundesliga,GK,37.8,2054,22.8,,,,,,,,,436.3183348053,Top Starter
Janis Blaswich,RB Leipzig,de Bundesliga,GK,32.7,1890,21.0,,,,,,,,,450.09625107795125,Top Starter
Kevin Trapp,Eint Frankfurt,de Bundesliga,GK,33.5,2880,32.0,,,,,,,,,510.08017814131233,Top Starter
Jiří Pavlenka,Werder Bremen,de Bundesliga,GK,31.7,630,7.0,,,,,,,,,493.423984936226,Top Starter
Sven Ulreich,Bayern Munich,de Bundesliga,GK,35.4,990,11.0,,,,,,,,,378.22530777659216,Solid Squad Player
Pavao Pervan,Wolfsburg,de Bundesliga,GK,36.1,810,9.0,,,,,,,,,339.74225871448493,Solid Squad Player
Daniel Peretz,Bayern Munich,de Bundesliga,GK,23.5,16,0.2,,,,,,,,,,
Alexander Brunst,Darmstadt 98,de Bundesliga,GK,28.5,270,3.0,,,,,,,,,,
Andreas Luthe,Bochum,de Bundesliga,GK,36.8,90,1.0,,,,,,,,,,
David Raum,RB Leipzig,de Bundesliga,DF,25.7,2743,30.5,,,,,566.7575244449406,Top Starter,603.8742201923756,Top Starter,,
Nico Schlotterbeck,Dortmund,de Bundesliga,DF,24.1,2861,31.8,,,,,782.8531746711919,World Class,742.0393803082325,Top Starter,,
Maximilian Mittelstädt,Stuttgart,de Bundesliga,DF,26.8,2119,23.5,,,,,835.3326315538598,World Class,787.8365964785037,World Class,,
Ian Maatsen,Dortmund,de Bundesliga,DF,21.8,1269,14.1,,,,,570.0336456743875,Top Starter,571.8895684601235,Top Starter,,
Jeremie Frimpong,Leverkusen,de Bundesliga,DF,23.1,2263,25.1,,,,,393.74171127887206,Solid Squad Player,452.34231775718496,Top Starter,,
Robin Gosens,Union Berlin,de Bundesliga,DF,29.5,2300,25.6,,,,,750.7976614762997,World Class,729.3591446736226,Top Starter,,
Josip Stanišić,Leverkusen,de Bundesliga,DF,23.7,1276,14.2,,,,,600.9887666432361,Top Starter,653.714785601394,Top Starter,,
Robert Andrich,Leverkusen,de Bundesliga,MF,29.3,1686,18.7,,,617.733535298703,Top Starter,,,709.1707541023736,Top Starter,,
Jonathan Tah,Leverkusen,de Bundesliga,DF,27.9,2632,29.2,,,,,451.6762683666899,Top Starter,552.4821877790887,Top Starter,,
Edmond Tapsoba,Leverkusen,de Bundesliga,DF,24.9,2084,23.2,,,,,588.4511252073002,Top Starter,671.4594153705712,Top Starter,,
Kim Min-jae,Bayern Munich,de Bundesliga,DF,,1970,21.9,,,,,747.4387058522585,Top Starter,844.2988982013607,World Class,,
Keven Schlotterbeck,Bochum,de Bundesliga,DF,26.7,2191,24.3,,,,,704.5793150442888,Top Starter,778.8621288711398,World Class,,
Sepp van den Berg,Mainz 05,de Bundesliga,DF,22.0,2838,31.5,,,,,662.9268866521692,Top Starter,734.2131439420868,Top Starter,,
Waldemar Anton,Stuttgart,de Bundesliga,DF,27.4,2888,32.1,,,,,663.4143477378625,Top Starter,712.3455774259133,Top Starter,,
Piero Hincapié,Leverkusen,de Bundesliga,DF,22.0,1501,16.7,,,,,618.5303138327306,Top Starter,654.4409685755547,Top Starter,,
Benjamin Henrichs,RB Leipzig,de Bundesliga,DF,26.9,2536,28.2,,,,,662.2181223806593,Top Starter,664.2205487210192,Top Starter,,
Alphonso Davies,Bayern Munich,de Bundesliga,DF,23.2,2067,23.0,,,,,618.1358098547959,Top Starter,705.0113964938508,Top Starter,,
Emre Can,Dortmund,de Bundesliga,Def_MF,30.0,1961,21.8,,,,,767.5618723158087,World Class,803.2124723471153,World Class,,
Dan-Axel Zagadou,Stuttgart,de Bundesliga,DF,24.6,1468,16.3,,,,,684.8857997382747,Top Starter,764.6680507624478,World Class,,
Julian Chabot,Köln,de Bundesliga,DF,25.9,2707,30.1,,,,,816.1712674934092,World Class,782.0466000004368,World Class,,
Odilon Kossounou,Leverkusen,de Bundesliga,DF,23.0,1812,20.1,,,,,605.003819168204,Top Starter,672.9541213198082,Top Starter,,
Hiroki Ito,Stuttgart,de Bundesliga,DF,24.6,2231,24.8,,,,,518.1059981477226,Top Starter,503.29906210281274,Top Starter,,
Willi Orban,RB Leipzig,de Bundesliga,DF,31.2,1589,17.7,,,,,589.9333066025595,Top Starter,671.3826143999529,Top Starter,,
Raphaël Guerreiro,Bayern Munich,de Bundesliga,DF,30.0,1205,13.4,,,,,503.4349684889665,Top Starter,508.792439538709,Top Starter,,
Ramy Bensebaini,Dortmund,de Bundesliga,DF,28.7,1050,11.7,,,,,812.1612177647297,World Class,840.2920402610805,World Class,,
Marco Friedl,Werder Bremen,de Bundesliga,DF,25.8,2198,24.4,,,,,740.3704173566207,Top Starter,665.0081608245351,Top Starter,,
Mats Hummels,Dortmund,de Bundesliga,DF,35.0,1588,17.6,,,,,887.5427183992838,World Class,797.6541133113151,World Class,,
Danilho Doekhi,Union Berlin,de Bundesliga,DF,25.5,2160,24.0,,,,,673.69421079834,Top Starter,560.6800394655802,Top Starter,,
Noussair Mazraoui,Bayern Munich,de Bundesliga,DF,26.1,1197,13.3,,,,,707.0546096320089,Top Starter,688.5620011240655,Top Starter,,
Patrick Mainka,Heidenheim,de Bundesliga,DF,29.2,3060,34.0,,,,,787.1350917628431,World Class,804.111852703592,World Class,,
Mohamed Simakan,RB Leipzig,de Bundesliga,DF,23.7,2142,23.8,,,,,692.6922040011738,Top Starter,711.5776968231108,Top Starter,,
Timo Hübers,Köln,de Bundesliga,DF,27.4,2779,30.9,,,,,869.5409072451725,World Class,874.4648095728102,World Class,,
Eric Dier,Bayern Munich,de Bundesliga,DF,30.0,1166,13.0,,,,,570.9351623632621,Top Starter,608.1764890682534,Top Starter,,
Pascal Stenzel,Stuttgart,de Bundesliga,DF,27.8,1115,12.4,,,,,504.36547480588865,Top Starter,529.3886121159569,Top Starter,,
Maximilian Wöber,Gladbach,de Bundesliga,DF,25.9,2070,23.0,,,,,770.919609995378,World Class,790.9773338971302,World Class,,
Niklas Süle,Dortmund,de Bundesliga,DF,28.3,1509,16.8,,,,,581.2250126633758,Top Starter,554.7678921115514,Top Starter,,
Konrad Laimer,Bayern Munich,de Bundesliga,DF,26.6,1770,19.7,,,,,630.1000864403962,Top Starter,684.6667807696174,Top Starter,,
Amos Pieper,Werder Bremen,de Bundesliga,DF,26.0,591,6.6,,,,,831.2058309639431,World Class,813.6679666050394,World Class,,
Jeffrey Gouweleeuw,Augsburg,de Bundesliga,DF,32.5,2594,28.8,,,,,615.1194589901424,Top Starter,609.1681004984952,Top Starter,,
Ozan Kabak,Hoffenheim,de Bundesliga,DF,23.8,2290,25.4,,,,,759.8577839337905,World Class,697.9452596457373,Top Starter,,
Bernardo,Bochum,de Bundesliga,DF,,2924,32.5,,,,,872.3078538647183,World Class,881.4849888425107,World Class,,
Dayot Upamecano,Bayern Munich,de Bundesliga,DF,25.2,1768,19.6,,,,,619.3855088258412,Top Starter,715.6509992529288,Top Starter,,
Tuta,Eint Frankfurt,de Bundesliga,DF,24.5,2605,28.9,,,,,660.0040401299713,Top Starter,697.646545507576,Top Starter,,
Matthijs de Ligt,Bayern Munich,de Bundesliga,DF,24.4,1398,15.5,,,,,595.0171263398271,Top Starter,630.7346724764263,Top Starter,,
Mateu Morey,Dortmund,de Bundesliga,DF,23.8,110,1.2,,,,,,,,,,
Willian Pacho,Eint Frankfurt,de Bundesliga,DF,22.2,2970,33.0,,,,,687.8023758440897,Top Starter,684.3865186523668,Top Starter,,
Nico Elvedi,Gladbach,de Bundesliga,DF,27.3,2493,27.7,,,,,657.9152516453096,Top Starter,668.7113568754086,Top Starter,,
Iago,Augsburg,de Bundesliga,DF,26.8,1622,18.0,,,,,601.8381053340693,Top Starter,645.3302052093745,Top Starter,,
Ohis Felix Uduokhai,Augsburg,de Bundesliga,DF,26.3,2922,32.5,,,,,670.1344922887986,Top Starter,692.3498992217686,Top Starter,,
Maxence Lacroix,Wolfsburg,de Bundesliga,DF,23.7,2364,26.3,,,,,658.6582921601647,Top Starter,644.4040070830431,Top Starter,,
Maximilian Wittek,Bochum,de Bundesliga,DF,28.4,1079,12.0,,,,,692.9888574010401,Top Starter,705.9570678502756,Top Starter,,
Matthias Ginter,Freiburg,de Bundesliga,DF,29.9,1918,21.3,,,,,569.9509001551313,Top Starter,603.7319598402154,Top Starter,,
Philipp Lienhart,Freiburg,de Bundesliga,DF,27.5,1265,14.1,,,,,630.2148515357073,Top Starter,635.9544857228591,Top Starter,,
Ko Itakura,Gladbach,de Bundesliga,DF,26.9,1598,17.8,,,,,634.7524597589538,Top Starter,625.4910964468305,Top Starter,,
Fabian Nürnberger,Darmstadt 98,de Bundesliga,DF,24.4,1519,16.9,,,,,594.5436149909244,Top Starter,548.2654824260518,Top Starter,,
Robin Koch,Eint Frankfurt,de Bundesliga,DF,27.5,2740,30.4,,,,,603.0492534025965,Top Starter,631.7657081932232,Top Starter,,
Joakim Mæhle,Wolfsburg,de Bundesliga,DF,26.6,2454,27.3,,,,,615.1104510998731,Top Starter,618.6428172484676,Top Starter,,
Castello Lukeba,RB Leipzig,de Bundesliga,DF,21.0,2212,24.6,,,,,481.78903362824354,Top Starter,521.2303694716389,Top Starter,,
Antonios Papadopoulos,Dortmund,de Bundesliga,DF,24.3,116,1.3,,,,,,,,,,
Ivan Ordets,Bochum,de Bundesliga,DF,31.5,1884,20.9,,,,,661.1600545080437,Top Starter,680.5619704538633,Top Starter,,
Diogo Leite,Union Berlin,de Bundesliga,DF,24.9,2708,30.1,,,,,742.1503478864835,Top Starter,685.6896519895942,Top Starter,,
Roland Sallai,Freiburg,de Bundesliga,Off_MF,26.6,1857,20.6,378.4412653449363,Solid Squad Player,,,,,515.905912484664,Top Starter,,
Anthony Jung,Werder Bremen,de Bundesliga,DF,32.2,2583,28.7,,,,,556.87711374126,Top Starter,536.7990593750241,Top Starter,,
Kevin Vogt,Union Berlin,de Bundesliga,DF,32.3,2643,29.4,,,,,494.77522321098354,Top Starter,435.5084604151644,Top Starter,,
Philipp Max,Eint Frankfurt,de Bundesliga,DF,30.3,1357,15.1,,,,,471.51137949310794,Top Starter,478.47285659196416,Top Starter,,
Lukas Kübler,Freiburg,de Bundesliga,DF,31.3,1848,20.5,,,,,731.321002660432,Top Starter,725.5686007603967,Top Starter,,
Lukas Klostermann,RB Leipzig,de Bundesliga,DF,27.6,1451,16.1,,,,,449.31021104607083,Top Starter,465.93270886662856,Top Starter,,
Miloš Veljković,Werder Bremen,de Bundesliga,DF,28.3,1921,21.3,,,,,515.2013848669918,Top Starter,541.3072256269447,Top Starter,,
Ridle Baku,Wolfsburg,de Bundesliga,DF,25.7,2022,22.5,,,,,532.4931275993532,Top Starter,614.1290058472033,Top Starter,,
Josha Vagnoman,Stuttgart,de Bundesliga,DF,23.1,1181,13.1,,,,,452.24898640956974,Top Starter,487.19685423616545,Top Starter,,
Niklas Stark,Werder Bremen,de Bundesliga,DF,28.7,1090,12.1,,,,,772.9797165063015,World Class,702.0286641214155,Top Starter,,
Niels Nkounkou,Eint Frankfurt,de Bundesliga,DF,23.2,1314,14.6,,,,,705.4750458637967,Top Starter,776.2649349436732,World Class,,
Max Finkgräfe,Köln,de Bundesliga,DF,19.8,1763,19.6,,,,,710.6962026859924,Top Starter,720.7881822475714,Top Starter,,
Josuha Guilavogui,Mainz 05,de Bundesliga,DF,33.3,412,4.6,,,,,,,,,,
Dominik Kohr,Mainz 05,de Bundesliga,DF,29.9,2209,24.5,,,,,780.8529636022733,World Class,741.5763760960896,Top Starter,,
John Brooks,Hoffenheim,de Bundesliga,DF,30.9,1539,17.1,,,,,744.3215627936406,Top Starter,712.4087781712985,Top Starter,,
Christian Günter,Freiburg,de Bundesliga,DF,30.8,1064,11.8,,,,,368.4108089856544,Solid Squad Player,342.18327570750176,Solid Squad Player,,
Felix Agu,Werder Bremen,de Bundesliga,DF,24.3,1638,18.2,,,,,625.0621601212769,Top Starter,549.4835410497388,Top Starter,,
Kevin Akpoguma,Hoffenheim,de Bundesliga,DF,28.7,1095,12.2,,,,,764.3620210266749,World Class,766.220599292206,World Class,,
Julián Malatini,Werder Bremen,de Bundesliga,DF,22.6,606,6.7,,,,,793.8960512869837,World Class,683.8576312930638,Top Starter,,
Robin Knoche,Union Berlin,de Bundesliga,DF,31.6,1916,21.3,,,,,585.6320820049951,Top Starter,641.3525530280315,Top Starter,,
Anthony Rouault,Stuttgart,de Bundesliga,DF,22.6,1018,11.3,,,,,531.7423405276988,Top Starter,626.2556021843793,Top Starter,,
Frans Krätzig,Bayern Munich,de Bundesliga,DF,21.0,52,0.6,,,,,,,,,,
Hendry Blank,Dortmund,de Bundesliga,DF,19.4,45,0.5,,,,,,,,,,
Luca Netz,Gladbach,de Bundesliga,DF,20.6,2231,24.8,,,,,545.0886584648275,Top Starter,590.1542170511267,Top Starter,,
Mads Pedersen,Augsburg,de Bundesliga,DF,27.3,1796,20.0,,,,,668.7148864066612,Top Starter,631.4884810920283,Top Starter,,
Abdoul Coulibaly,Werder Bremen,de Bundesliga,DF,23.7,1406,15.6,,,,,556.0355476425422,Top Starter,570.4450633039609,Top Starter,,
Hrvoje Smolčić,Eint Frankfurt,de Bundesliga,DF,23.4,360,4.0,,,,,,,,,,
Benedikt Gimber,Heidenheim,de Bundesliga,DF,26.9,2026,22.5,,,,,605.693116000206,Top Starter,556.6151804923747,Top Starter,,
Moritz Jenz,Wolfsburg,de Bundesliga,DF,24.7,1745,19.4,,,,,690.8949285293115,Top Starter,639.1929194002645,Top Starter,,
Manuel Gulde,Freiburg,de Bundesliga,DF,32.9,2053,22.8,,,,,612.9570084192526,Top Starter,557.2081536063274,Top Starter,,
Thomas Meunier,Dortmund,de Bundesliga,DF,32.3,593,6.6,,,,,376.05330301427415,Solid Squad Player,510.95653757435645,Top Starter,,
Emir Karic,Darmstadt 98,de Bundesliga,DF,26.6,1781,19.8,,,,,590.02245004837,Top Starter,580.8579457601508,Top Starter,,
Norman Theuerkauf,Heidenheim,de Bundesliga,Def_MF,36.9,1257,14.0,,,,,591.6068996816743,Top Starter,575.8082403942572,Top Starter,,
Andreas Hanche-Olsen,Mainz 05,de Bundesliga,DF,27.0,995,11.1,,,,,635.3356397578756,Top Starter,605.4423745939383,Top Starter,,
Fabian Holland,Darmstadt 98,de Bundesliga,MF,33.5,1847,20.5,,,452.1008359679464,Top Starter,,,607.091955193923,Top Starter,,
Kevin Mbabu,Augsburg,de Bundesliga,DF,28.7,2048,22.8,,,,,693.1095183771125,Top Starter,644.1411749300958,Top Starter,,
Clemens Riedel,Darmstadt 98,de Bundesliga,DF,20.5,760,8.4,,,,,711.2294702866843,Top Starter,754.2076477297734,World Class,,
Kiliann Sildillia,Freiburg,de Bundesliga,DF,21.6,1804,20.0,,,,,595.877970904837,Top Starter,674.1365696667277,Top Starter,,
Maxim Leitsch,Mainz 05,de Bundesliga,DF,25.6,377,4.2,,,,,,,,,,
Sebastiaan Bornauw,Wolfsburg,de Bundesliga,DF,24.8,1436,16.0,,,,,576.9935477708407,Top Starter,575.1902939622252,Top Starter,,
Danny da Costa,Mainz 05,de Bundesliga,DF,30.5,839,9.3,,,,,614.2594597906534,Top Starter,674.7063957383172,Top Starter,,
Aurélio Buta,Eint Frankfurt,de Bundesliga,DF,26.9,1760,19.6,,,,,588.4666335567023,Top Starter,596.8175625681404,Top Starter,,
Leonidas Stergiou,Stuttgart,de Bundesliga,DF,21.8,605,6.7,,,,,477.13961525429187,Top Starter,484.1805616724215,Top Starter,,
Cedric Zesiger,Wolfsburg,de Bundesliga,DF,25.5,1634,18.2,,,,,527.560768117349,Top Starter,525.9209238574291,Top Starter,,
Patric Pfeiffer,Augsburg,de Bundesliga,DF,24.4,509,5.7,,,,,789.0748814090855,World Class,775.400225987229,World Class,,
Benno Schmitz,Köln,de Bundesliga,DF,29.1,1160,12.9,,,,,513.268261526178,Top Starter,548.1139843136991,Top Starter,,
Matteo Perez Vinlöf,Bayern Munich,de Bundesliga,FW,18.0,15,0.2,,,,,,,,,,
Kilian Fischer,Wolfsburg,de Bundesliga,DF,23.2,292,3.2,,,,,,,,,,
Heorhii Tsitaishvili,Bayern Munich,de Bundesliga,DF,31.9,105,1.2,,,,,,,,,,
Dominique Heintz,Köln,de Bundesliga,DF,30.4,572,6.4,,,,,536.3289629961358,Top Starter,579.8111903194242,Top Starter,,
Christoph Klarer,Darmstadt 98,de Bundesliga,DF,23.5,2356,26.2,,,,,528.0597041052791,Top Starter,468.7162710652774,Top Starter,,
Jonas Föhrenbach,Heidenheim,de Bundesliga,DF,27.9,2790,31.0,,,,,537.4284449948416,Top Starter,513.7032986608045,Top Starter,,
Leart Paqarada,Köln,de Bundesliga,DF,29.2,1073,11.9,,,,,493.6789060838779,Top Starter,549.4231903682734,Top Starter,,
Christoph Zimmermann,Darmstadt 98,de Bundesliga,DF,31.0,1224,13.6,,,,,783.4950976807495,World Class,655.9246175462657,Top Starter,,
Robert Gumny,Augsburg,de Bundesliga,DF,25.6,493,5.5,,,,,555.6964390330611,Top Starter,436.5655690775885,Top Starter,,
Tony Jantschke,Gladbach,de Bundesliga,DF,33.7,45,0.5,,,,,,,,,,
Jordy Makengo,Freiburg,de Bundesliga,DF,22.4,1027,11.4,,,,,575.4921812979923,Top Starter,557.0764609621109,Top Starter,,
Stefan Lainer,Gladbach,de Bundesliga,DF,31.3,749,8.3,,,,,609.6174281372025,Top Starter,562.3178051260203,Top Starter,,
Marvin Friedrich,Gladbach,de Bundesliga,DF,28.1,1569,17.4,,,,,603.074553953073,Top Starter,546.1736689736867,Top Starter,,
Marnon Busch,Heidenheim,de Bundesliga,DF,29.1,608,6.8,,,,,631.0556707504263,Top Starter,595.8325708234996,Top Starter,,
Tim Siersleben,Heidenheim,de Bundesliga,DF,23.8,914,10.2,,,,,719.0270052781511,Top Starter,678.2721041220715,Top Starter,,
Joe Scally,Gladbach,de Bundesliga,DF,21.0,2242,24.9,,,,,547.8834789674091,Top Starter,476.83815547054377,Top Starter,,
Rogério,Wolfsburg,de Bundesliga,DF,,910,10.1,,,,,403.58399459738024,Top Starter,503.4286927953321,Top Starter,,
Omar Traoré,Heidenheim,de Bundesliga,DF,25.9,2474,27.5,,,,,629.0452227486139,Top Starter,606.0192188323545,Top Starter,,
Jérôme Roussillon,Union Berlin,de Bundesliga,DF,31.0,773,8.6,,,,,554.0703003198239,Top Starter,571.3280626762055,Top Starter,,
Maximilian Bauer,Augsburg,de Bundesliga,DF,23.9,808,9.0,,,,,669.9528321365046,Top Starter,602.1255890829465,Top Starter,,
Paul Jaeckel,Union Berlin,de Bundesliga,DF,25.4,243,2.7,,,,,,,,,,
David Jurásek,Hoffenheim,de Bundesliga,DF,23.4,490,5.4,,,,,641.4705843653098,Top Starter,577.2380032917067,Top Starter,,
Christian Groß,Werder Bremen,de Bundesliga,DF,34.9,830,9.2,,,,,697.1178694673237,Top Starter,726.8569586526605,Top Starter,,
Tim Drexler,Hoffenheim,de Bundesliga,DF,18.8,573,6.4,,,,,570.3234721481012,Top Starter,515.1221270689293,Top Starter,,
Christopher Lenz,RB Leipzig,de Bundesliga,DF,29.3,57,0.6,,,,,,,,,,
Leonardo Bonucci,Union Berlin,de Bundesliga,DF,36.7,463,5.1,,,,,601.7833109075566,Top Starter,547.0840822462451,Top Starter,,
Tim Oermann,Bochum,de Bundesliga,DF,20.2,726,8.1,,,,,523.3146455284624,Top Starter,480.7057088907693,Top Starter,,
Erhan Mašović,Bochum,de Bundesliga,DF,25.1,2230,24.8,,,,,645.4726735202056,Top Starter,633.4319632763187,Top Starter,,
Nicolai Rapp,Werder Bremen,de Bundesliga,DF,27.0,82,0.9,,,,,,,,,,
Elias Baum,Eint Frankfurt,de Bundesliga,DF,18.2,39,0.4,,,,,,,,,,
Cristian Gamboa,Bochum,de Bundesliga,DF,34.2,1193,13.3,,,,,611.9064397408928,Top Starter,601.0900044572112,Top Starter,,
Fabio Chiarodia,Gladbach,de Bundesliga,DF,18.6,164,1.8,,,,,,,,,,
Makoto Hasebe,Eint Frankfurt,de Bundesliga,DF,40.0,220,2.4,,,,,,,,,,
El Chadaille Bitshiabu,RB Leipzig,de Bundesliga,DF,18.6,59,0.7,,,,,,,,,,
Jannik Müller,Darmstadt 98,de Bundesliga,DF,30.0,1133,12.6,,,,,688.9550182191779,Top Starter,664.1259191939802,Top Starter,,
Nnamdi Collins,Eint Frankfurt,de Bundesliga,DF,20.0,90,1.0,,,,,,,,,,
Luca Kilian,Köln,de Bundesliga,DF,24.3,632,7.0,,,,,621.9058589628659,Top Starter,557.2544485824349,Top Starter,,
Stanley N'Soki,Hoffenheim,de Bundesliga,DF,24.7,636,7.1,,,,,729.6721591626675,Top Starter,764.3876744848703,World Class,,
Stefan Bell,Mainz 05,de Bundesliga,DF,32.4,669,7.4,,,,,623.7900853178377,Top Starter,651.1840447943849,Top Starter,,
Noah Loosli,Bochum,de Bundesliga,DF,26.9,347,3.9,,,,,,,,,,
Matej Maglica,Darmstadt 98,de Bundesliga,DF,25.3,1714,19.0,,,,,678.6548238588313,Top Starter,672.8116590141118,Top Starter,,
Nicolas Cozza,Wolfsburg,de Bundesliga,DF,25.0,283,3.1,,,,,,,,,,
Bartol Franjić,Darmstadt 98,de Bundesliga,MF,24.0,1232,13.7,,,299.1601965580265,Solid Squad Player,,,543.7431403987381,Top Starter,,
Thomas Isherwood,Darmstadt 98,de Bundesliga,DF,25.9,638,7.1,,,,,581.9828266569481,Top Starter,438.66123560062,Top Starter,,
Kasim Nuhu,Hoffenheim,de Bundesliga,DF,28.5,8,0.1,,,,,,,,,,
Kenneth Schmidt,Freiburg,de Bundesliga,DF,21.6,84,0.9,,,,,,,,,,
Sacha Boey,Bayern Munich,de Bundesliga,DF,23.3,109,1.2,,,,,,,,,,
Attila Szalai,Freiburg,de Bundesliga,DF,25.9,390,4.3,,,,,,,,,,
Lukas Ullrich,Gladbach,de Bundesliga,DF,19.8,44,0.5,,,,,,,,,,
Jonathan Norbye,RB Leipzig,de Bundesliga,DF,16.8,1,0.0,,,,,,,,,,
Thomas Keller,Heidenheim,de Bundesliga,DF,24.4,2,0.0,,,,,,,,,,
Álex Grimaldo,Leverkusen,de Bundesliga,DF,28.3,2785,30.9,,,,,437.04525377784796,Top Starter,533.4647439450877,Top Starter,,
Xavi Simons,RB Leipzig,de Bundesliga,Off_MF,20.7,2673,29.7,758.7353707614906,World Class,,,,,765.8491289717585,World Class,,
Leroy Sané,Bayern Munich,de Bundesliga,FW,28.0,2142,23.8,792.0702613648128,World Class,,,,,631.4701981217627,Top Starter,,
Florian Wirtz,Leverkusen,de Bundesliga,Off_MF,20.7,2377,26.4,830.97144557486,World Class,,,,,752.3664793230837,World Class,,
Exequiel Palacios,Leverkusen,de Bundesliga,MF,25.2,1840,20.4,,,891.136797247795,World Class,,,909.2511760852148,Exceptional,,
Kevin Stöger,Bochum,de Bundesliga,Off_MF,30.3,2678,29.8,617.0163601348239,Top Starter,,,,,793.973687749213,World Class,,
Miloš Pantović,Union Berlin,de Bundesliga,Def_MF,27.5,14,0.2,,,,,,,,,,
Granit Xhaka,Leverkusen,de Bundesliga,MF,31.3,2828,31.4,,,578.6231452352328,Top Starter,,,686.3687816200396,Top Starter,,
Jamal Musiala,Bayern Munich,de Bundesliga,Off_MF,20.8,1766,19.6,872.5254523989743,World Class,,,,,774.4306988157584,World Class,,
Joshua Kimmich,Bayern Munich,de Bundesliga,MF,28.9,2185,24.3,,,819.1834935614064,World Class,,,642.5926534102307,Top Starter,,
Leon Goretzka,Bayern Munich,de Bundesliga,MF,28.9,2242,24.9,,,816.1732423821627,World Class,,,767.656837148741,World Class,,
Jan-Niklas Beste,Heidenheim,de Bundesliga,FW,25.0,2618,29.1,533.6225452471641,Top Starter,,,,,624.9855834188768,Top Starter,,
Nadiem Amiri,Mainz 05,de Bundesliga,MF,27.2,1416,15.7,,,840.4634969079948,World Class,,,739.2820314087174,Top Starter,,
Angelo Stiller,Stuttgart,de Bundesliga,MF,22.7,2780,30.9,,,709.541953812671,Top Starter,,,734.6819643260607,Top Starter,,
Noah Mbamba,Leverkusen,de Bundesliga,Off_MF,19.0,14,0.2,,,,,,,,,,
Kingsley Coman,Bayern Munich,de Bundesliga,FW,27.6,1123,12.5,557.67219511661,Top Starter,,,,,658.5563511175401,Top Starter,,
Vincenzo Grifo,Freiburg,de Bundesliga,Off_MF,30.7,2344,26.0,557.7933665057556,Top Starter,,,,,562.6571629632742,Top Starter,,
Franck Honorat,Gladbach,de Bundesliga,DF,27.4,2366,26.3,,,,,351.56522489045426,Solid Squad Player,457.5336115171824,Top Starter,,
Chris Führich,Stuttgart,de Bundesliga,FW,26.0,2594,28.8,566.9991929925155,Top Starter,,,,,586.6453882795897,Top Starter,,
Thomas Müller,Bayern Munich,de Bundesliga,Off_MF,34.3,1680,18.7,753.049753083828,World Class,,,,,566.272319313051,Top Starter,,
Jadon Sancho,Dortmund,de Bundesliga,FW,23.8,954,10.6,471.0209548399706,Top Starter,,,,,564.8068196007919,Top Starter,,
Dani Olmo,RB Leipzig,de Bundesliga,Off_MF,25.7,1454,16.2,639.6872923528433,Top Starter,,,,,654.0524038296152,Top Starter,,
Marco Reus,Dortmund,de Bundesliga,Off_MF,34.6,1612,17.9,692.9920605006265,Top Starter,,,,,537.7452250823819,Top Starter,,
Amadou Haidara,RB Leipzig,de Bundesliga,MF,25.9,1537,17.1,,,556.2858683397216,Top Starter,,,767.7353438804967,World Class,,
Serge Gnabry,Bayern Munich,de Bundesliga,FW,28.5,433,4.8,,,,,,,,,,
Anton Stach,Hoffenheim,de Bundesliga,MF,25.1,2503,27.8,,,622.7158665700257,Top Starter,,,913.6536114751692,Exceptional,,
Fares Chaïbi,Eint Frankfurt,de Bundesliga,Off_MF,21.1,1920,21.3,508.4761134228931,Top Starter,,,,,459.2005379663758,Top Starter,,
Xaver Schlager,RB Leipzig,de Bundesliga,MF,26.3,2482,27.6,,,617.733052279881,Top Starter,,,788.7935769269335,World Class,,
Marcel Sabitzer,Dortmund,de Bundesliga,MF,29.8,1965,21.8,,,590.2729639889286,Top Starter,,,542.926251810731,Top Starter,,
Atakan Karazor,Stuttgart,de Bundesliga,MF,27.2,2634,29.3,,,581.5110903931436,Top Starter,,,811.8405288306889,World Class,,
Alassane Pléa,Gladbach,de Bundesliga,FW,30.8,1925,21.4,496.28968643063945,Top Starter,,,,,469.66479088454065,Top Starter,,
Maximilian Arnold,Wolfsburg,de Bundesliga,MF,29.6,2503,27.8,,,578.876017787886,Top Starter,,,679.665720327881,Top Starter,,
Christian Kühlwetter,Heidenheim,de Bundesliga,Off_MF,27.7,13,0.1,,,,,,,,,,
Kjell-Arik Wätjen,Dortmund,de Bundesliga,Def_MF,17.9,104,1.2,,,,,,,,,,
Enzo Millot,Stuttgart,de Bundesliga,MF,21.5,2254,25.0,,,719.6980805365264,Top Starter,,,683.1775627150967,Top Starter,,
Arthur,Leverkusen,de Bundesliga,DF,,184,2.0,,,,,,,,,,
Aleksandar Pavlovic,Bayern Munich,de Bundesliga,MF,19.7,1235,13.7,,,606.4850388363232,Top Starter,,,688.6113782209757,Top Starter,,
Mitchell Weiser,Werder Bremen,de Bundesliga,DF,29.7,2639,29.3,,,,,573.3784847745877,Top Starter,628.3126435067029,Top Starter,,
Skelly Alvero,Werder Bremen,de Bundesliga,MF,21.7,135,1.5,,,,,,,,,,
Robin Hack,Gladbach,de Bundesliga,FW,25.3,1352,15.0,650.1453001251913,Top Starter,,,,,632.7332500867388,Top Starter,,
Julian Weigl,Gladbach,de Bundesliga,Def_MF,28.3,2766,30.7,,,,,715.2178847541793,Top Starter,673.0619299801417,Top Starter,,
Lee Jae-sung,Mainz 05,de Bundesliga,Off_MF,31.4,2124,23.6,396.1410286236285,Solid Squad Player,,,,,596.8659237719199,Top Starter,,
Brajan Gruda,Mainz 05,de Bundesliga,Off_MF,19.6,1656,18.4,609.641883331681,Top Starter,,,,,728.7791544882781,Top Starter,,
Florian Grillitsch,Hoffenheim,de Bundesliga,DF,28.4,2303,25.6,,,,,738.1770532263771,Top Starter,731.034629702733,Top Starter,,
Rocco Reitz,Gladbach,de Bundesliga,MF,21.6,2149,23.9,,,625.3175187741192,Top Starter,,,800.3388665671584,World Class,,
Leandro Barreiro Martins,Mainz 05,de Bundesliga,MF,24.0,2606,29.0,,,420.18928984120583,Top Starter,,,666.6585991410861,Top Starter,,
Marvin Mehlem,Darmstadt 98,de Bundesliga,MF,26.3,1491,16.6,,,580.0359547498598,Top Starter,,,664.1901016398452,Top Starter,,
Florian Kainz,Köln,de Bundesliga,Off_MF,31.2,2210,24.6,346.19495182787256,Solid Squad Player,,,,,566.4230030312675,Top Starter,,
Tim Skarke,Darmstadt 98,de Bundesliga,FW,27.3,2418,26.9,324.1310616988211,Solid Squad Player,,,,,519.3132522137237,Top Starter,,
Arne Maier,Augsburg,de Bundesliga,Off_MF,25.0,1028,11.4,563.4605211019338,Top Starter,,,,,585.6076877665413,Top Starter,,
Mattias Svanberg,Wolfsburg,de Bundesliga,MF,25.0,1725,19.2,,,617.7427307572027,Top Starter,,,674.7190049508367,Top Starter,,
Pavel Kadeřábek,Hoffenheim,de Bundesliga,DF,31.7,2419,26.9,,,,,461.46418595725396,Top Starter,515.2655558798459,Top Starter,,
Julian Ryerson,Dortmund,de Bundesliga,DF,26.1,1772,19.7,,,,,510.9136832776686,Top Starter,558.7119308643886,Top Starter,,
Mario Götze,Eint Frankfurt,de Bundesliga,MF,31.6,2075,23.1,,,657.1996938833902,Top Starter,,,719.7239673591799,Top Starter,,
Ellyes Skhiri,Eint Frankfurt,de Bundesliga,MF,28.6,2169,24.1,,,470.8038212850978,Top Starter,,,724.102582362676,Top Starter,,
Eric Martel,Köln,de Bundesliga,Def_MF,21.7,2464,27.4,,,,,822.4229700333311,World Class,814.1176851191603,World Class,,
Anthony Caci,Mainz 05,de Bundesliga,DF,26.5,2493,27.7,,,,,577.7545180546322,Top Starter,653.5243326804462,Top Starter,,
Josip Juranović,Union Berlin,de Bundesliga,DF,28.4,1290,14.3,,,,,507.9691275560424,Top Starter,533.4027122196001,Top Starter,,
Lovro Majer,Wolfsburg,de Bundesliga,Off_MF,26.0,2116,23.5,465.0745539827555,Top Starter,,,,,674.3061954027847,Top Starter,,
Ritsu Doan,Freiburg,de Bundesliga,DF,25.5,2258,25.1,,,,,486.5491831313136,Top Starter,509.677760223475,Top Starter,,
Romano Schmid,Werder Bremen,de Bundesliga,Off_MF,23.9,2614,29.0,509.6856570294149,Top Starter,,,,,717.9785979991951,Top Starter,,
Junior Dina Ebimbe,Eint Frankfurt,de Bundesliga,Off_MF,23.4,1978,22.0,434.35042443805537,Top Starter,,,,,765.1806852748558,World Class,,
Fredrik Jensen,Augsburg,de Bundesliga,Off_MF,26.3,1350,15.0,475.391000794244,Top Starter,,,,,582.6801183130183,Top Starter,,
Robert Skov,Hoffenheim,de Bundesliga,DF,27.6,1267,14.1,,,,,559.1682364911193,Top Starter,537.027175996642,Top Starter,,
Jens Stage,Werder Bremen,de Bundesliga,MF,27.1,2334,25.9,,,473.05195144444843,Top Starter,,,750.1462890771555,World Class,,
Florian Neuhaus,Gladbach,de Bundesliga,MF,26.8,1231,13.7,,,666.9073039133003,Top Starter,,,522.8647841281088,Top Starter,,
Danilo Soares,Bochum,de Bundesliga,DF,32.2,351,3.9,,,,,,,,,,
Kevin Paredes,Wolfsburg,de Bundesliga,FW,20.7,1436,16.0,288.8258423382683,Solid Squad Player,,,,,704.6331147506597,Top Starter,,
Maximilian Eggestein,Freiburg,de Bundesliga,MF,27.1,2918,32.4,,,392.98812110140506,Solid Squad Player,,,580.6487643837092,Top Starter,,
Ruben Vargas,Augsburg,de Bundesliga,Off_MF,25.4,1978,22.0,396.9979969429975,Solid Squad Player,,,,,560.2083720094447,Top Starter,,
Grischa Prömel,Hoffenheim,de Bundesliga,MF,29.0,2146,23.8,,,583.439661600247,Top Starter,,,570.9671602912683,Top Starter,,
Nicolas Höfler,Freiburg,de Bundesliga,MF,33.8,2338,26.0,,,376.67765011987785,Solid Squad Player,,,736.2451075106778,Top Starter,,
Felix Nmecha,Dortmund,de Bundesliga,MF,23.2,1016,11.3,,,589.5571024729853,Top Starter,,,653.3812907683172,Top Starter,,
Phillipp Mwene,Mainz 05,de Bundesliga,DF,29.9,2004,22.3,,,,,446.66897428492354,Top Starter,467.2493716274502,Top Starter,,
Kristijan Jakić,Augsburg,de Bundesliga,MF,26.6,1253,13.9,,,463.02435074451233,Top Starter,,,737.681774763391,Top Starter,,
Jamie Gittens,Dortmund,de Bundesliga,FW,19.4,1065,11.8,442.14863382132864,Top Starter,,,,,642.802208642124,Top Starter,,
Patrick Osterhage,Bochum,de Bundesliga,MF,23.9,1863,20.7,,,425.48063997988334,Top Starter,,,713.9497544330072,Top Starter,,
Silvan Widmer,Mainz 05,de Bundesliga,DF,30.8,1247,13.9,,,,,481.2867158950653,Top Starter,589.0720469620446,Top Starter,,
Dejan Ljubicic,Köln,de Bundesliga,MF,26.2,2055,22.8,,,499.40559396011145,Top Starter,,,520.1421042043937,Top Starter,,
Jan Schöppner,Heidenheim,de Bundesliga,Def_MF,24.6,2000,22.2,,,,,639.4418216164222,Top Starter,657.6594887370211,Top Starter,,
Gio Reyna,Dortmund,de Bundesliga,Off_MF,21.1,271,3.0,,,,,,,,,,
Tobias Kempe,Darmstadt 98,de Bundesliga,Off_MF,34.5,1364,15.2,303.3452059807241,Solid Squad Player,,,,,525.8983629276325,Top Starter,,
Manu Koné,Gladbach,de Bundesliga,MF,22.6,1571,17.5,,,476.88523353582355,Top Starter,,,778.1107422146926,World Class,,
Silas Katompa,Stuttgart,de Bundesliga,FW,,909,10.1,751.2276416658374,World Class,,,,,583.7783673021502,Top Starter,,
Christopher Trimmel,Union Berlin,de Bundesliga,DF,36.9,1659,18.4,,,,,489.3537083077463,Top Starter,484.056205591356,Top Starter,,
Julian Justvan,Darmstadt 98,de Bundesliga,Off_MF,25.7,1076,12.0,444.6400164227632,Top Starter,,,,,495.1557720648424,Top Starter,,
Marco Richter,Mainz 05,de Bundesliga,Off_MF,26.1,718,8.0,395.56290831469005,Solid Squad Player,,,,,649.2843130405478,Top Starter,,
Anthony Losilla,Bochum,de Bundesliga,MF,37.8,2586,28.7,,,413.03135610377933,Top Starter,,,688.9754604534107,Top Starter,,
Senne Lynen,Werder Bremen,de Bundesliga,Def_MF,24.9,1803,20.0,,,,,852.2419520598353,World Class,757.6325847498453,World Class,,
Yannik Keitel,Freiburg,de Bundesliga,DF,23.9,927,10.3,,,,,718.8794228565097,Top Starter,671.9958324526024,Top Starter,,
Kevin Kampl,RB Leipzig,de Bundesliga,MF,33.2,1376,15.3,,,414.9283187121433,Top Starter,,,603.8688714025795,Top Starter,,
Ryan Gravenberch,Bayern Munich,de Bundesliga,Off_MF,21.6,9,0.1,,,,,,,,,,
Samuele Di Benedetto,Stuttgart,de Bundesliga,MF,18.5,12,0.1,,,,,,,,,,
Jamie Leweling,Stuttgart,de Bundesliga,FW,22.8,1532,17.0,508.64884011026254,Top Starter,,,,,537.0374944198513,Top Starter,,
Yannick Gerhardt,Wolfsburg,de Bundesliga,MF,29.8,1640,18.2,,,446.62110491771637,Top Starter,,,596.200242792543,Top Starter,,
Christoph Baumgartner,RB Leipzig,de Bundesliga,Off_MF,24.4,1160,12.9,470.38263245049427,Top Starter,,,,,618.1419348728823,Top Starter,,
András Schäfer,Union Berlin,de Bundesliga,Off_MF,24.7,1218,13.5,352.3786516905764,Solid Squad Player,,,,,788.4217855768136,World Class,,
Edimilson Fernandes,Mainz 05,de Bundesliga,DF,27.7,1299,14.4,,,,,692.5680925016525,Top Starter,651.6902626475802,Top Starter,,
Timothy Chandler,Eint Frankfurt,de Bundesliga,Off_MF,33.8,45,0.5,,,,,,,,,,
Aïssa Laïdouni,Union Berlin,de Bundesliga,MF,27.0,1064,11.8,,,670.6194609498253,Top Starter,,,770.5808946335756,World Class,,
Arne Engels,Augsburg,de Bundesliga,MF,20.3,1405,15.6,,,543.8838465383739,Top Starter,,,559.0735825455191,Top Starter,,
Jan Thielmann,Köln,de Bundesliga,FW,21.6,1588,17.6,167.37312897542827,Below Big-5 Level,,,,,578.3685766654714,Top Starter,,
Elvis Rexhbeçaj,Augsburg,de Bundesliga,MF,26.2,1994,22.2,,,356.78926716859036,Solid Squad Player,,,613.9162165728164,Top Starter,,
Gustavo Puerta,Leverkusen,de Bundesliga,DF,20.4,45,0.5,,,,,,,,,,
Salih Özcan,Dortmund,de Bundesliga,MF,26.0,1201,13.3,,,394.98151730289413,Solid Squad Player,,,716.1700404275106,Top Starter,,
Leonardo Bittencourt,Werder Bremen,de Bundesliga,MF,30.0,1612,17.9,,,615.0912590459684,Top Starter,,,691.8724971981825,Top Starter,,
Florent Muslija,Freiburg,de Bundesliga,Off_MF,25.5,114,1.3,,,,,,,,,,
Niklas Dorsch,Augsburg,de Bundesliga,Def_MF,26.0,1400,15.6,,,,,702.771012539104,Top Starter,727.2451959903946,Top Starter,,
Hugo Larsson,Eint Frankfurt,de Bundesliga,MF,19.5,1885,20.9,,,393.8726679728004,Solid Squad Player,,,570.9429759218127,Top Starter,,
Václav Černý,Wolfsburg,de Bundesliga,FW,26.2,934,10.4,448.9663624566923,Top Starter,,,,,519.9257977373447,Top Starter,,
Kevin Sessa,Heidenheim,de Bundesliga,MF,23.5,1001,11.1,,,562.5116680024781,Top Starter,,,645.597040893225,Top Starter,,
Mahmoud Dahoud,Stuttgart,de Bundesliga,MF,28.0,230,2.6,,,,,,,,,,
Nathan N'Goumou,Gladbach,de Bundesliga,FW,23.8,1384,15.4,448.59437621017554,Top Starter,,,,,592.6596234789596,Top Starter,,
Matthias Bader,Darmstadt 98,de Bundesliga,DF,26.5,1807,20.1,,,,,625.8660624597444,Top Starter,647.9183899991519,Top Starter,,
Lucas Tousart,Union Berlin,de Bundesliga,MF,26.7,1577,17.5,,,319.6483548483408,Solid Squad Player,,,668.7244465136079,Top Starter,,
Philipp Förster,Bochum,de Bundesliga,Off_MF,28.9,395,4.4,,,,,,,,,,
Kevin Volland,Union Berlin,de Bundesliga,FW,31.4,1356,15.1,355.7485755141685,Solid Squad Player,,,,,518.6036266830994,Top Starter,,
Aster Vranckx,Wolfsburg,de Bundesliga,MF,21.2,1165,12.9,,,332.2057944223311,Solid Squad Player,,,724.1411481619117,Top Starter,,
Emil Forsberg,RB Leipzig,de Bundesliga,Off_MF,32.2,473,5.3,471.08698897213816,Top Starter,,,,,491.4509359231751,Top Starter,,
Janik Haberer,Union Berlin,de Bundesliga,MF,29.7,1229,13.7,,,500.6344244088453,Top Starter,,,768.0127175361641,World Class,,
Noah Weißhaupt,Freiburg,de Bundesliga,DF,22.3,785,8.7,,,,,448.63240140866196,Top Starter,423.4607808834221,Top Starter,,
Tom Krauß,Mainz 05,de Bundesliga,MF,22.5,1351,15.0,,,526.006674119931,Top Starter,,,824.6878246084528,World Class,,
Tom Bischof,Hoffenheim,de Bundesliga,Off_MF,18.5,204,2.3,,,,,,,,,,
Justin Diehl,Köln,de Bundesliga,FW,19.1,168,1.9,,,,,,,,,,
Nathanael Mbuku,Augsburg,de Bundesliga,FW,21.8,9,0.1,,,,,,,,,,
Jacob Christensen,Köln,de Bundesliga,Def_MF,22.5,216,2.4,,,,,,,,,,
Sebastian Rode,Eint Frankfurt,de Bundesliga,MF,33.2,71,0.8,,,,,,,,,,
Linton Maina,Köln,de Bundesliga,FW,24.5,1904,21.2,240.65860948692588,Solid Squad Player,,,,,447.10686420052593,Top Starter,,
Nicolas Seiwald,RB Leipzig,de Bundesliga,Def_MF,22.7,729,8.1,,,,,753.3890950301624,World Class,730.3569518207499,Top Starter,,
Patrick Wimmer,Wolfsburg,de Bundesliga,FW,22.6,594,6.6,331.99822055596655,Solid Squad Player,,,,,691.2943703725065,Top Starter,,
Denis Huseinbasic,Köln,de Bundesliga,MF,22.5,1637,18.2,,,446.8182115900737,Top Starter,,,610.6733023311859,Top Starter,,
Umut Tohumcu,Hoffenheim,de Bundesliga,MF,19.4,1012,11.2,,,561.8567467984491,Top Starter,,,520.2189427385298,Top Starter,,
Donny van de Beek,Eint Frankfurt,de Bundesliga,MF,26.7,357,4.0,,,,,,,,,,
Lennard Maloney,Heidenheim,de Bundesliga,Def_MF,24.2,2300,25.6,,,,,593.4305713301503,Top Starter,660.2267490911489,Top Starter,,
Mark Uth,Köln,de Bundesliga,Off_MF,32.4,369,4.1,,,,,,,,,,
Nikola Dovedan,Heidenheim,de Bundesliga,Off_MF,29.5,657,7.3,499.9955304925085,Top Starter,,,,,693.5992621213501,Top Starter,,
Mert Kömür,Augsburg,de Bundesliga,Off_MF,18.5,116,1.3,,,,,,,,,,
Rasmus Carstensen,Köln,de Bundesliga,DF,23.1,1659,18.4,,,,,596.9542504487788,Top Starter,630.3008162523521,Top Starter,,
Adrian Beck,Heidenheim,de Bundesliga,MF,26.6,971,10.8,,,531.6262680382569,Top Starter,,,767.9258462004905,World Class,,
Marius Wolf,Dortmund,de Bundesliga,DF,28.6,1174,13.0,,,,,466.1639470237718,Top Starter,568.31194127523,Top Starter,,
Brenden Aaronson,Union Berlin,de Bundesliga,Off_MF,23.2,1280,14.2,436.1990468510948,Top Starter,,,,,755.4415778373173,World Class,,
Florian Pick,Heidenheim,de Bundesliga,Off_MF,28.3,352,3.9,,,,,,,,,,
Elif Elmas,RB Leipzig,de Bundesliga,FW,24.3,290,3.2,,,,,,,,,,
Alex Král,Union Berlin,de Bundesliga,MF,25.6,1375,15.3,,,288.38047228345545,Solid Squad Player,,,548.5162329724826,Top Starter,,
Aymen Barkok,Mainz 05,de Bundesliga,Off_MF,25.6,323,3.6,,,,,,,,,,
Andreas Müller,Darmstadt 98,de Bundesliga,MF,23.4,341,3.8,,,,,,,,,,
Denis Thomalla,Heidenheim,de Bundesliga,MF,31.4,444,4.9,,,,,,,,,,
Fraser Hornby,Darmstadt 98,de Bundesliga,FW,24.3,220,2.4,,,,,,,,,,
Pep Biel,Augsburg,de Bundesliga,Off_MF,27.3,280,3.1,,,,,,,,,,
Fabian Schnellhardt,Darmstadt 98,de Bundesliga,MF,30.0,242,2.7,,,,,,,,,,
Felix Passlack,Bochum,de Bundesliga,DF,25.6,971,10.8,,,,,570.1052065721383,Top Starter,535.7927687691462,Top Starter,,
Merlin Röhl,Freiburg,de Bundesliga,Off_MF,21.5,1488,16.5,387.37077286776145,Solid Squad Player,,,,,687.9260515327635,Top Starter,,
Matúš Bero,Bochum,de Bundesliga,MF,28.3,1670,18.6,,,423.3258043619358,Top Starter,,,557.1119411291372,Top Starter,,
Rani Khedira,Union Berlin,de Bundesliga,Def_MF,29.9,1356,15.1,,,,,724.475440159514,Top Starter,654.7064999226906,Top Starter,,
Lovro Zvonarek,Bayern Munich,de Bundesliga,FW,18.7,163,1.8,,,,,,,,,,
Marko Mladenović,Eint Frankfurt,de Bundesliga,MF,18.9,9,0.1,,,,,,,,,,
Gerrit Holtmann,Darmstadt 98,de Bundesliga,Off_MF,28.8,388,4.3,,,,,,,,,,
Frank Ronstadt,Darmstadt 98,de Bundesliga,DF,26.4,80,0.9,,,,,,,,,,
Olinho,Dortmund,de Bundesliga,MF,,52,0.6,,,,,,,,,,
Masaya Okugawa,Augsburg,de Bundesliga,FW,27.7,30,0.3,,,,,,,,,,
Klaus Gjasula,Darmstadt 98,de Bundesliga,DF,34.0,1371,15.2,,,,,726.3557860470557,Top Starter,716.1121383217476,Top Starter,,
Lukas Daschner,Bochum,de Bundesliga,Off_MF,25.3,551,6.1,491.58134411918235,Top Starter,,,,,619.2962372983586,Top Starter,,
Tim Breithaupt,Augsburg,de Bundesliga,Def_MF,21.9,632,7.0,,,,,713.6802380742859,Top Starter,778.0648427694202,World Class,,
Bambasé Conté,Hoffenheim,de Bundesliga,Off_MF,20.5,64,0.7,,,,,,,,,,
Naby Keïta,Werder Bremen,de Bundesliga,MF,28.9,118,1.3,,,,,,,,,,
Christoph Kramer,Gladbach,de Bundesliga,MF,32.9,240,2.7,,,,,,,,,,
Paxten Aaronson,Eint Frankfurt,de Bundesliga,Off_MF,20.4,106,1.2,,,,,,,,,,
Jakub Kamiński,Wolfsburg,de Bundesliga,FW,21.6,491,5.5,323.9014422839642,Solid Squad Player,,,,,545.8880139581402,Top Starter,,
Lilian Egloff,Stuttgart,de Bundesliga,Def_MF,21.4,118,1.3,,,,,,,,,,
Mathias Honsak,Darmstadt 98,de Bundesliga,FW,27.0,1031,11.5,242.25758189059223,Solid Squad Player,,,,,484.260242859722,Top Starter,,
Dennis Geiger,Hoffenheim,de Bundesliga,Def_MF,25.6,62,0.7,,,,,,,,,,
Jesper Lindstrøm,Eint Frankfurt,de Bundesliga,FW,23.8,84,0.9,,,,,,,,,,
Aljoscha Kemlein,Union Berlin,de Bundesliga,Def_MF,19.4,27,0.3,,,,,,,,,,
Thorgan Hazard,Dortmund,de Bundesliga,DF,30.8,13,0.1,,,,,,,,,,
Fabian Rüdlin,Freiburg,de Bundesliga,Off_MF,27.0,10,0.1,,,,,,,,,,
Leon Opitz,Werder Bremen,de Bundesliga,FW,18.7,21,0.2,,,,,,,,,,
Finn Ole Becker,Hoffenheim,de Bundesliga,MF,23.6,620,6.9,,,392.24183982510044,Solid Squad Player,,,613.0326494977163,Top Starter,,
Merveille Papela,Mainz 05,de Bundesliga,MF,23.0,258,2.9,,,,,,,,,,
Braydon Manu,Darmstadt 98,de Bundesliga,Off_MF,26.8,171,1.9,,,,,,,,,,
Roberto Massimo,Stuttgart,de Bundesliga,FW,,85,0.9,,,,,,,,,,
Borna Sosa,Stuttgart,de Bundesliga,FW,25.9,44,0.5,,,,,,,,,,
Moritz-Broni Kwarteng,Bochum,de Bundesliga,FW,25.7,280,3.1,,,,,,,,,,
Asaf Arania,Darmstadt 98,de Bundesliga,Off_MF,18.2,10,0.1,,,,,,,,,,
Luca Raimund,Stuttgart,de Bundesliga,FW,18.7,28,0.3,,,,,,,,,,
Ilia Gruev,Werder Bremen,de Bundesliga,MF,23.7,11,0.1,,,,,,,,,,
Genki Haraguchi,Stuttgart,de Bundesliga,MF,32.6,28,0.3,,,,,,,,,,
Fabio Torsiello,Darmstadt 98,de Bundesliga,FW,18.9,160,1.8,,,,,,,,,,
Mathias Olesen,Köln,de Bundesliga,MF,22.8,113,1.3,,,,,,,,,,
Isak Hansen-Aarøen,Werder Bremen,de Bundesliga,Off_MF,19.4,25,0.3,,,,,,,,,,
Nuha Jatta,RB Leipzig,de Bundesliga,MF,17.8,1,0.0,,,,,,,,,,
Mahmut Kücüksahin,Augsburg,de Bundesliga,MF,19.7,1,0.0,,,,,,,,,,
Kofi Jeremy Amoako,Wolfsburg,de Bundesliga,MF,18.7,2,0.0,,,,,,,,,,
Diadie Samassékou,Hoffenheim,de Bundesliga,MF,28.0,1,0.0,,,,,,,,,,
Harry Kane,Bayern Munich,de Bundesliga,FW,30.4,2843,31.6,775.9539366473501,World Class,,,,,385.85158641722,Solid Squad Player,,
Serhou Guirassy,Stuttgart,de Bundesliga,FW,27.8,2212,24.6,786.0762730356005,World Class,,,,,531.9517013990954,Top Starter,,
Deniz Undav,Stuttgart,de Bundesliga,FW,27.5,2102,23.4,896.4247660080009,World Class,,,,,549.9860158929816,Top Starter,,
Andrej Kramarić,Hoffenheim,de Bundesliga,Off_MF,32.5,2206,24.5,724.7883170262542,Top Starter,,,,,525.0100692601083,Top Starter,,
Jonas Hofmann,Leverkusen,de Bundesliga,Off_MF,31.5,2214,24.6,671.5538506534597,Top Starter,,,,,524.6050932889107,Top Starter,,
Victor Boniface,Leverkusen,de Bundesliga,FW,23.0,1563,17.4,862.1225953592159,World Class,,,,,491.7273813847257,Top Starter,,
Loïs Openda,RB Leipzig,de Bundesliga,FW,23.9,2716,30.2,755.0024020460326,World Class,,,,,396.01501707327526,Solid Squad Player,,
Marvin Ducksch,Werder Bremen,de Bundesliga,FW,29.8,2710,30.1,514.4579939036423,Top Starter,,,,,372.63294073836533,Solid Squad Player,,
Omar Marmoush,Eint Frankfurt,de Bundesliga,FW,24.9,2317,25.7,606.1280347964504,Top Starter,,,,,608.8446462998353,Top Starter,,
Donyell Malen,Dortmund,de Bundesliga,FW,25.0,1783,19.8,721.0695906828332,Top Starter,,,,,471.62513846385804,Top Starter,,
Julian Brandt,Dortmund,de Bundesliga,Off_MF,27.7,2230,24.8,715.5030971716105,Top Starter,,,,,564.7718232417661,Top Starter,,
Jonas Wind,Wolfsburg,de Bundesliga,FW,24.9,2665,29.6,551.5755634975934,Top Starter,,,,,517.8721178606045,Top Starter,,
Ermedin Demirović,Augsburg,de Bundesliga,FW,25.8,2879,32.0,557.1950781487934,Top Starter,,,,,520.0085757705065,Top Starter,,
Maximilian Beier,Hoffenheim,de Bundesliga,FW,21.2,2436,27.1,611.1710149130795,Top Starter,,,,,435.9049046042627,Top Starter,,
Wout Weghorst,Hoffenheim,de Bundesliga,FW,31.4,1989,22.1,442.4811226187977,Top Starter,,,,,507.415572012183,Top Starter,,
Niclas Füllkrug,Dortmund,de Bundesliga,FW,30.9,2405,26.7,579.7873527232039,Top Starter,,,,,462.84316708651966,Top Starter,,
Hugo Ekitike,Eint Frankfurt,de Bundesliga,FW,21.5,724,8.0,679.0129717732831,Top Starter,,,,,597.7713091131167,Top Starter,,
Amine Adli,Leverkusen,de Bundesliga,Off_MF,23.6,902,10.0,764.603325446086,World Class,,,,,684.6103960655573,Top Starter,,
Tim Kleindienst,Heidenheim,de Bundesliga,FW,28.3,2874,31.9,461.67334451430986,Top Starter,,,,,693.1195059287783,Top Starter,,
Lucas Höler,Freiburg,de Bundesliga,FW,29.5,2316,25.7,365.0008288735118,Solid Squad Player,,,,,665.7533401996842,Top Starter,,
Mathys Tel,Bayern Munich,de Bundesliga,FW,18.7,1040,11.6,824.0211189676396,World Class,,,,,660.2672597841002,Top Starter,,
Kevin Behrens,Wolfsburg,de Bundesliga,FW,32.9,1880,20.9,407.0855842415555,Top Starter,,,,,615.3850665416792,Top Starter,,
Michael Gregoritsch,Freiburg,de Bundesliga,FW,29.7,1684,18.7,554.6902133209335,Top Starter,,,,,674.9751573809499,Top Starter,,
Patrik Schick,Leverkusen,de Bundesliga,FW,27.9,1073,11.9,557.0822740730983,Top Starter,,,,,471.3013263568174,Top Starter,,
Benjamin Šeško,RB Leipzig,de Bundesliga,FW,20.6,1535,17.1,635.0020779443986,Top Starter,,,,,459.64510036085807,Top Starter,,
Philipp Hofmann,Bochum,de Bundesliga,FW,30.8,1576,17.5,405.6887130601665,Top Starter,,,,,618.8503014564241,Top Starter,,
Nathan Tella,Leverkusen,de Bundesliga,DF,24.5,843,9.4,,,,,392.439715708642,Solid Squad Player,422.986829131244,Top Starter,,
Davie Selke,Köln,de Bundesliga,FW,28.9,1271,14.1,437.96255057770793,Top Starter,,,,,452.4955944490905,Top Starter,,
Sasa Kalajdzic,Eint Frankfurt,de Bundesliga,FW,26.5,329,3.7,,,,,,,,,,
Jonathan Burkardt,Mainz 05,de Bundesliga,FW,23.5,1541,17.1,497.3265231632546,Top Starter,,,,,520.1635021351628,Top Starter,,
Phillip Tietz,Augsburg,de Bundesliga,FW,26.5,2405,26.7,454.34465521842094,Top Starter,,,,,621.8210923307332,Top Starter,,
Ihlas Bebou,Hoffenheim,de Bundesliga,FW,29.7,1644,18.3,556.8899155879461,Top Starter,,,,,588.7117801611791,Top Starter,,
Eren Dinkçi,Heidenheim,de Bundesliga,FW,22.1,2672,29.7,428.5455570592767,Top Starter,,,,,505.98417025305184,Top Starter,,
Justin Njinmah,Werder Bremen,de Bundesliga,FW,23.1,1032,11.5,688.6225193129359,Top Starter,,,,,492.7779059306166,Top Starter,,
Lukas Nmecha,Wolfsburg,de Bundesliga,FW,25.0,39,0.4,,,,,,,,,,
Luca Waldschmidt,Köln,de Bundesliga,Off_MF,27.6,1151,12.8,349.4764516729954,Solid Squad Player,,,,,629.2651567071155,Top Starter,,
Karim Onisiwo,Mainz 05,de Bundesliga,FW,31.8,1502,16.7,264.1867571355176,Solid Squad Player,,,,,579.8598457604752,Top Starter,,
Luca Pfeiffer,Darmstadt 98,de Bundesliga,FW,27.4,1625,18.1,281.1634316155671,Solid Squad Player,,,,,594.5726804626102,Top Starter,,
Adam Hložek,Leverkusen,de Bundesliga,Off_MF,21.4,476,5.3,729.157191757993,Top Starter,,,,,558.3745742944844,Top Starter,,
Christopher Antwi-Adjei,Bochum,de Bundesliga,FW,29.9,1222,13.6,391.67187945931914,Solid Squad Player,,,,,547.8389147956884,Top Starter,,
Sheraldo Becker,Union Berlin,de Bundesliga,FW,28.9,649,7.2,291.89395364785065,Solid Squad Player,,,,,516.7525188117994,Top Starter,,
Samuel Bamba,Dortmund,de Bundesliga,FW,19.9,45,0.5,,,,,,,,,,
Marvin Pieringer,Heidenheim,de Bundesliga,Off_MF,24.2,1525,16.9,335.38934061885163,Solid Squad Player,,,,,688.4971159060403,Top Starter,,
Eric Maxim Choupo-Moting,Bayern Munich,de Bundesliga,Off_MF,34.8,754,8.4,643.6498068476576,Top Starter,,,,,768.138816345459,World Class,,
Yussuf Poulsen,RB Leipzig,de Bundesliga,FW,29.5,1215,13.5,540.7963006698528,Top Starter,,,,,511.1893451140471,Top Starter,,
Rafael Borré,Werder Bremen,de Bundesliga,FW,28.3,1010,11.2,430.60677505103615,Top Starter,,,,,529.5482890549879,Top Starter,,
Nick Woltemade,Werder Bremen,de Bundesliga,FW,21.9,1201,13.3,310.58562729659184,Solid Squad Player,,,,,787.7505235083557,World Class,,
Ansgar Knauff,Eint Frankfurt,de Bundesliga,Off_MF,22.0,2117,23.5,380.82627088475544,Solid Squad Player,,,,,592.9142973058063,Top Starter,,
Yorbe Vertessen,Union Berlin,de Bundesliga,FW,23.0,593,6.6,661.686455852228,Top Starter,,,,,521.8619873926333,Top Starter,,
Jordan Pefok,Gladbach,de Bundesliga,FW,27.7,1456,16.2,550.7335662462725,Top Starter,,,,,502.9009537321002,Top Starter,,
Gonçalo Paciência,Bochum,de Bundesliga,FW,29.4,657,7.3,603.7869635065701,Top Starter,,,,,724.4159481630433,Top Starter,,
Jeong Woo-yeong,Stuttgart,de Bundesliga,Off_MF,24.3,652,7.2,618.0998958733887,Top Starter,,,,,630.4241266821609,Top Starter,,
Anwar El Ghazi,Mainz 05,de Bundesliga,Off_MF,28.7,51,0.6,,,,,,,,,,
Yvandro Borges Sanches,Gladbach,de Bundesliga,Off_MF,19.6,25,0.3,,,,,,,,,,
Youssoufa Moukoko,Dortmund,de Bundesliga,FW,19.1,640,7.1,630.038978074416,Top Starter,,,,,368.591486230243,Solid Squad Player,,
Steffen Tigges,Köln,de Bundesliga,FW,25.4,746,8.3,469.522689148001,Top Starter,,,,,678.0865558887895,Top Starter,,
Marius Bülter,Hoffenheim,de Bundesliga,DF,30.8,1353,15.0,,,,,482.3320273960475,Top Starter,615.7431202974338,Top Starter,,
Bryan Zaragoza,Bayern Munich,de Bundesliga,Off_MF,22.3,184,2.0,,,,,,,,,,
Patrick Herrmann,Gladbach,de Bundesliga,FW,32.9,100,1.1,,,,,,,,,,
Takuma Asano,Bochum,de Bundesliga,FW,29.1,2003,22.3,374.77363313534744,Solid Squad Player,,,,,386.28289259698846,Solid Squad Player,,
Oscar Vilhelmsson,Darmstadt 98,de Bundesliga,FW,20.2,1384,15.4,339.15948908348184,Solid Squad Player,,,,,434.478610619806,Top Starter,,
Sebastian Polter,Darmstadt 98,de Bundesliga,FW,32.8,444,4.9,,,,,,,,,,
Aaron Seydel,Darmstadt 98,de Bundesliga,FW,27.9,628,7.0,255.70896844712914,Solid Squad Player,,,,,594.3259098844593,Top Starter,,
Sargis Adamyan,Köln,de Bundesliga,FW,30.6,827,9.2,449.72989542200884,Top Starter,,,,,522.6237497134487,Top Starter,,
Tomáš Čvančara,Gladbach,de Bundesliga,FW,23.4,899,10.0,446.1991276481204,Top Starter,,,,,411.3655841285395,Top Starter,,
Dion Drena Beljo,Augsburg,de Bundesliga,FW,21.8,580,6.4,490.9225863025782,Top Starter,,,,,535.2200122443106,Top Starter,,
David Mamutovic,Mainz 05,de Bundesliga,FW,23.1,22,0.2,,,,,,,,,,
Sven Michel,Augsburg,de Bundesliga,FW,33.5,599,6.7,356.52563803202077,Solid Squad Player,,,,,612.2809637478902,Top Starter,,
Mikkel Kaufmann,Union Berlin,de Bundesliga,FW,23.0,494,5.5,324.0991508569353,Solid Squad Player,,,,,695.1504578350955,Top Starter,,
Karim Adeyemi,Dortmund,de Bundesliga,FW,22.0,911,10.1,479.55313889357785,Top Starter,,,,,741.8440328840974,Top Starter,,
Timo Werner,RB Leipzig,de Bundesliga,FW,27.8,204,2.3,,,,,,,,,,
Chris Bedia,Union Berlin,de Bundesliga,FW,27.8,144,1.6,,,,,,,,,,
Sébastien Haller,Dortmund,de Bundesliga,FW,29.5,402,4.5,,,,,,,,,,
Nacho Ferri,Eint Frankfurt,de Bundesliga,FW,19.2,84,0.9,,,,,,,,,,
Ludovic Ajorque,Mainz 05,de Bundesliga,FW,29.8,1388,15.4,257.4125984558825,Solid Squad Player,,,,,602.3861182054345,Top Starter,,
Fabio Carvalho,RB Leipzig,de Bundesliga,Off_MF,21.3,189,2.1,,,,,,,,,,
Tiago Tomás,Wolfsburg,de Bundesliga,FW,21.5,1042,11.6,278.21907200272454,Solid Squad Player,,,,,581.3118623475991,Top Starter,,
Maximilian Philipp,Freiburg,de Bundesliga,FW,29.8,348,3.9,,,,,,,,,,
Dawid Kownacki,Werder Bremen,de Bundesliga,FW,26.8,416,4.6,,,,,,,,,,
Benedict Hollerbach,Union Berlin,de Bundesliga,FW,22.6,1289,14.3,415.65175665471435,Top Starter,,,,,654.6901215489838,Top Starter,,
Dženan Pejčinović,Wolfsburg,de Bundesliga,FW,18.9,43,0.5,,,,,,,,,,
Damion Downs,Köln,de Bundesliga,FW,19.5,179,2.0,,,,,,,,,,
Faride Alidou,Köln,de Bundesliga,FW,22.5,1284,14.3,329.49006531073877,Solid Squad Player,,,,,553.2148453443637,Top Starter,,
Borja Iglesias,Leverkusen,de Bundesliga,FW,31.0,252,2.8,,,,,,,,,,
Moritz Broschinski,Bochum,de Bundesliga,FW,23.3,1242,13.8,335.48440895729374,Solid Squad Player,,,,,557.5719912108606,Top Starter,,
Florian Dietz,Köln,de Bundesliga,FW,25.4,75,0.8,,,,,,,,,,
Irvin Cardona,Augsburg,de Bundesliga,Off_MF,26.4,51,0.6,,,,,,,,,,
Marcus Müller,Mainz 05,de Bundesliga,Off_MF,21.4,17,0.2,,,,,,,,,,
Mergim Berisha,Hoffenheim,de Bundesliga,FW,25.6,268,3.0,,,,,,,,,,
David Datro Fofana,Union Berlin,de Bundesliga,FW,21.0,687,7.6,296.7113770523382,Solid Squad Player,,,,,609.1498073542409,Top Starter,,
Filip Stojilković,Darmstadt 98,de Bundesliga,FW,24.0,149,1.7,,,,,,,,,,
Jens Petter Hauge,Eint Frankfurt,de Bundesliga,Off_MF,24.2,167,1.9,,,,,,,,,,
Junior Adamu,Freiburg,de Bundesliga,FW,22.6,126,1.4,,,,,,,,,,
Jovan Milošević,Stuttgart,de Bundesliga,FW,18.4,34,0.4,,,,,,,,,,
Stefan Schimmer,Heidenheim,de Bundesliga,Off_MF,29.7,194,2.2,,,,,,,,,,
Amin Sarr,Wolfsburg,de Bundesliga,FW,22.8,393,4.4,,,,,,,,,,
Randal Kolo Muani,Eint Frankfurt,de Bundesliga,FW,25.1,155,1.7,,,,,,,,,,
Jean Mattéo Bahoya,Eint Frankfurt,de Bundesliga,Off_MF,18.7,175,1.9,,,,,,,,,,
Shiō Fukuda,Gladbach,de Bundesliga,FW,19.7,44,0.5,,,,,,,,,,
Max Moerstedt,Hoffenheim,de Bundesliga,DF,18.0,11,0.1,,,,,,,,,,
Simon Zoller,Bochum,de Bundesliga,FW,32.5,45,0.5,,,,,,,,,,
Jessic Ngankam,Mainz 05,de Bundesliga,FW,23.4,479,5.3,202.52008529247743,Solid Squad Player,,,,,534.1991921055089,Top Starter,,
Maximilian Breunig,Freiburg,de Bundesliga,FW,23.4,18,0.2,,,,,,,,,,
Grant Ranos,Gladbach,de Bundesliga,Off_MF,20.5,69,0.8,,,,,,,,,,
Julien Duranville,Dortmund,de Bundesliga,FW,17.7,26,0.3,,,,,,,,,,
Oliver Burke,Werder Bremen,de Bundesliga,FW,26.7,31,0.3,,,,,,,,,,
Nelson Weiper,Mainz 05,de Bundesliga,FW,18.8,121,1.3,,,,,,,,,,
Bennit Bröger,Wolfsburg,de Bundesliga,FW,17.5,10,0.1,,,,,,,,,,
Jonathan Asp Jensen,Bayern Munich,de Bundesliga,FW,18.0,1,0.0,,,,,,,,,,
Joel Imasuen,Werder Bremen,de Bundesliga,FW,19.2,1,0.0,,,,,,,,,,
Simone Perilli,Hellas Verona,it Serie A,GK,29.0,90,1.0,,,,,,,,,,
Raffaele Di Gennaro,Inter,it Serie A,GK,30.2,23,0.3,,,,,,,,,,
Mile Svilar,Roma,it Serie A,GK,24.3,1350,15.0,,,,,,,,,690.3951297392186,Top Starter
Michele Di Gregorio,Monza,it Serie A,GK,26.4,2874,31.9,,,,,,,,,886.5722620540812,World Class
Nicola Leali,Genoa,it Serie A,GK,30.9,177,2.0,,,,,,,,,,
Elia Caprile,Empoli,it Serie A,GK,22.4,2070,23.0,,,,,,,,,607.3438859742882,Top Starter
Mike Maignan,Milan,it Serie A,GK,28.5,2610,29.0,,,,,,,,,533.9080106204714,Top Starter
Vanja Milinković-Savić,Torino,it Serie A,GK,26.9,3240,36.0,,,,,,,,,605.1672274396963,Top Starter
Yann Sommer,Inter,it Serie A,GK,35.0,3060,34.0,,,,,,,,,704.1639732667963,Top Starter
Pietro Terracciano,Fiorentina,it Serie A,GK,33.8,2970,33.0,,,,,,,,,677.2605536053023,Top Starter
Marco Carnesecchi,Atalanta,it Serie A,GK,23.5,2426,27.0,,,,,,,,,490.05269680269606,Top Starter
Federico Ravaglia,Bologna,it Serie A,GK,24.1,536,6.0,,,,,,,,,782.0694688828964,World Class
Marco Sportiello,Milan,it Serie A,GK,31.6,630,7.0,,,,,,,,,490.45212954352314,Top Starter
Ivan Provedel,Lazio,it Serie A,GK,29.8,2699,30.0,,,,,,,,,461.3706527536481,Top Starter
Carlo Pinsoglio,Juventus,it Serie A,GK,33.8,45,0.5,,,,,,,,,,
Etrit Berisha,Empoli,it Serie A,GK,34.8,1260,14.0,,,,,,,,,493.45480257316166,Top Starter
Wladimiro Falcone,Lecce,it Serie A,GK,28.7,3420,38.0,,,,,,,,,466.5211377142517,Top Starter
Christos Mandas,Lazio,it Serie A,GK,22.3,721,8.0,,,,,,,,,679.5473214778548,Top Starter
Josep Martínez,Genoa,it Serie A,GK,25.6,3240,36.0,,,,,,,,,476.7145945130992,Top Starter
Maduka Okoye,Udinese,it Serie A,GK,24.3,1890,21.0,,,,,,,,,430.70186141456225,Top Starter
Wojciech Szczęsny,Juventus,it Serie A,GK,33.7,3150,35.0,,,,,,,,,441.62720134370943,Top Starter
Lorenzo Montipò,Hellas Verona,it Serie A,GK,28.0,3330,37.0,,,,,,,,,449.06901798384894,Top Starter
Nicola Bagnolini,Bologna,it Serie A,GK,19.8,8,0.1,,,,,,,,,,
Emil Audero,Inter,it Serie A,GK,27.0,337,3.7,,,,,,,,,,
Vincenzo Fiorillo,Salernitana,it Serie A,GK,34.0,360,4.0,,,,,,,,,,
Łukasz Skorupski,Bologna,it Serie A,GK,32.7,2880,32.0,,,,,,,,,426.77486976178886,Top Starter
Juan Musso,Atalanta,it Serie A,GK,29.7,990,11.0,,,,,,,,,448.1610226629236,Top Starter
Pierluigi Gollini,Napoli,it Serie A,GK,28.8,630,7.0,,,,,,,,,484.4454106293618,Top Starter
Mattia Perin,Juventus,it Serie A,GK,31.1,225,2.5,,,,,,,,,,
Rui Patrício,Roma,it Serie A,GK,35.9,2070,23.0,,,,,,,,,406.04253907419525,Top Starter
Guillermo Ochoa,Salernitana,it Serie A,GK,38.5,1890,21.0,,,,,,,,,453.0844658099044,Top Starter
Alex Meret,Napoli,it Serie A,GK,26.8,2774,30.8,,,,,,,,,380.62110449060174,Solid Squad Player
Boris Radunović,Cagliari,it Serie A,GK,27.6,630,7.0,,,,,,,,,404.28584925964833,Top Starter
Francesco Rossi,Atalanta,it Serie A,GK,32.7,8,0.1,,,,,,,,,,
Andrea Consigli,Sassuolo,it Serie A,GK,36.9,3150,35.0,,,,,,,,,415.8067496212209,Top Starter
Stefano Turati,Frosinone,it Serie A,GK,22.3,2745,30.5,,,,,,,,,459.2517573491333,Top Starter
Simone Scuffet,Cagliari,it Serie A,GK,27.6,2789,31.0,,,,,,,,,414.2288085015397,Top Starter
Benoît Costil,Salernitana,it Serie A,GK,36.5,1170,13.0,,,,,,,,,398.309259061889,Solid Squad Player
Marco Silvestri,Udinese,it Serie A,GK,32.8,1530,17.0,,,,,,,,,368.2439188414423,Solid Squad Player
Antonio Mirante,Milan,it Serie A,GK,40.5,178,2.0,,,,,,,,,,
Alessandro Sorrentino,Monza,it Serie A,GK,21.7,546,6.1,,,,,,,,,387.10000710497576,Solid Squad Player
Nikita Contini,Napoli,it Serie A,GK,27.6,16,0.2,,,,,,,,,,
Simone Aresti,Cagliari,it Serie A,GK,37.8,8,0.1,,,,,,,,,,
Oliver Christensen,Fiorentina,it Serie A,GK,24.8,360,4.0,,,,,,,,,,
Michele Cerofolini,Frosinone,it Serie A,GK,25.0,675,7.5,,,,,,,,,370.9923200412761,Solid Squad Player
Alessio Cragno,Sassuolo,it Serie A,GK,29.5,270,3.0,,,,,,,,,,
Tommaso Martinelli,Fiorentina,it Serie A,GK,18.0,90,1.0,,,,,,,,,,
Daniele Sommariva,Genoa,it Serie A,GK,26.5,8,0.1,,,,,,,,,,
Samuele Perisan,Empoli,it Serie A,GK,26.4,90,1.0,,,,,,,,,,
Luca Gemello,Torino,it Serie A,GK,23.5,180,2.0,,,,,,,,,,
Lapo Nava,Milan,it Serie A,GK,19.9,2,0.0,,,,,,,,,,
Davide Biraschi,Genoa,it Serie A,DF,29.5,90,1.0,,,,,,,,,,
Alessandro Bastoni,Inter,it Serie A,DF,24.7,2283,25.4,,,,,635.9545134003745,Top Starter,616.2509793606882,Top Starter,,
Danilo,Juventus,it Serie A,DF,32.5,2451,27.2,,,,,713.8763100071109,Top Starter,653.5165775043565,Top Starter,,
Benjamin Pavard,Inter,it Serie A,DF,27.8,1689,18.8,,,,,676.6450644468551,Top Starter,637.0417132227686,Top Starter,,
Giovanni Di Lorenzo,Napoli,it Serie A,DF,30.4,3235,35.9,,,,,478.0579752931985,Top Starter,485.6657619302816,Top Starter,,
Riccardo Calafiori,Bologna,it Serie A,DF,21.6,2350,26.1,,,,,781.2987878664619,World Class,797.9918059948285,World Class,,
Theo Hernández,Milan,it Serie A,DF,26.2,2795,31.1,,,,,484.42798577135875,Top Starter,526.0912421359346,Top Starter,,
Francesco Acerbi,Inter,it Serie A,DF,35.9,2386,26.5,,,,,574.9610669921645,Top Starter,579.788706330987,Top Starter,,
Gleison Bremer,Juventus,it Serie A,DF,26.8,3234,35.9,,,,,690.8539854170682,Top Starter,698.7974559759037,Top Starter,,
Alessandro Buongiorno,Torino,it Serie A,DF,24.6,2530,28.1,,,,,806.7866725497944,World Class,773.9728039259504,World Class,,
Yann Aurel Bisseck,Inter,it Serie A,DF,23.1,911,10.1,,,,,470.80495740314115,Top Starter,533.9374085357674,Top Starter,,
Jhon Lucumí,Bologna,it Serie A,DF,25.5,2214,24.6,,,,,588.0982908525126,Top Starter,589.913388035094,Top Starter,,
Lucas Martínez Quarta,Fiorentina,it Serie A,DF,27.6,2299,25.5,,,,,758.5611586902776,World Class,771.2239413827024,World Class,,
Mathías Olivera,Napoli,it Serie A,DF,26.2,1572,17.5,,,,,717.4654871036986,Top Starter,798.7846546781324,World Class,,
Cristiano Biraghi,Fiorentina,it Serie A,DF,31.3,2358,26.2,,,,,444.92580175390134,Top Starter,426.373080102583,Top Starter,,
Lautaro Gianetti,Udinese,it Serie A,DF,30.1,630,7.0,,,,,602.5381598291102,Top Starter,542.6440443046777,Top Starter,,
Amir Rrahmani,Napoli,it Serie A,DF,29.9,2602,28.9,,,,,582.3460643814459,Top Starter,622.6998567437861,Top Starter,,
Mario Gila,Lazio,it Serie A,DF,23.3,1813,20.1,,,,,566.3961833693518,Top Starter,593.6088646972427,Top Starter,,
Johan Vásquez,Genoa,it Serie A,DF,25.2,2858,31.8,,,,,666.8528050344848,Top Starter,610.5034051108729,Top Starter,,
Alberto Dossena,Cagliari,it Serie A,DF,25.2,2979,33.1,,,,,749.7920363557371,Top Starter,759.5474308447173,World Class,,
Michael Kayode,Fiorentina,it Serie A,DF,19.5,2063,22.9,,,,,588.0531301445748,Top Starter,555.9903006293923,Top Starter,,
Alessandro Florenzi,Milan,it Serie A,DF,32.8,1746,19.4,,,,,517.569182062608,Top Starter,551.6328488047213,Top Starter,,
Stefan de Vrij,Inter,it Serie A,DF,31.9,1592,17.7,,,,,583.8330266035819,Top Starter,615.8933967999495,Top Starter,,
Fikayo Tomori,Milan,it Serie A,DF,26.0,2125,23.6,,,,,564.159799607531,Top Starter,548.9427100365995,Top Starter,,
Federico Gatti,Juventus,it Serie A,DF,25.5,2640,29.3,,,,,478.68590875735606,Top Starter,476.2680621527093,Top Starter,,
Alex Sandro,Juventus,it Serie A,DF,32.9,728,8.1,,,,,677.7624326448521,Top Starter,609.8243295041135,Top Starter,,
Giorgio Scalvini,Atalanta,it Serie A,DF,20.1,2553,28.4,,,,,729.0476082893651,Top Starter,816.5779484543169,World Class,,
Berat Djimsiti,Atalanta,it Serie A,DF,30.9,2831,31.5,,,,,673.7358433920557,Top Starter,725.695300997128,Top Starter,,
Jaka Bijol,Udinese,it Serie A,DF,24.9,2083,23.1,,,,,694.7280180464777,Top Starter,654.0745845827794,Top Starter,,
Nehuén Pérez,Udinese,it Serie A,DF,23.5,3239,36.0,,,,,721.4658150254724,Top Starter,650.6945407079355,Top Starter,,
Gianluca Mancini,Roma,it Serie A,DF,27.7,2872,31.9,,,,,506.55610949730834,Top Starter,470.2216032636896,Top Starter,,
Radu Drăgușin,Genoa,it Serie A,DF,21.9,1710,19.0,,,,,578.4741619482548,Top Starter,559.2538941455248,Top Starter,,
Andrea Carboni,Monza,it Serie A,DF,22.9,1490,16.6,,,,,625.5788220627325,Top Starter,539.9358826419996,Top Starter,,
Fabiano Parisi,Fiorentina,it Serie A,DF,23.1,1452,16.1,,,,,637.2692851910756,Top Starter,750.3620144208978,World Class,,
Giangiacomo Magnani,Hellas Verona,it Serie A,DF,28.2,2453,27.3,,,,,658.4162340312324,Top Starter,600.2464877105396,Top Starter,,
Patric,Lazio,it Serie A,DF,30.7,1610,17.9,,,,,349.975418589809,Solid Squad Player,335.8342434244648,Solid Squad Player,,
Alessio Romagnoli,Lazio,it Serie A,DF,29.0,2415,26.8,,,,,567.0918006923534,Top Starter,617.7671192377949,Top Starter,,
Carlos Augusto,Inter,it Serie A,DF,25.0,1709,19.0,,,,,603.7572668929618,Top Starter,680.5285373789836,Top Starter,,
Matteo Gabbia,Milan,it Serie A,DF,24.2,1279,14.2,,,,,653.3795077752368,Top Starter,638.9840491896642,Top Starter,,
Stefan Posch,Bologna,it Serie A,DF,26.6,2418,26.9,,,,,647.8451444566501,Top Starter,619.916787020279,Top Starter,,
Obite N'Dicka,Roma,it Serie A,DF,24.4,2170,24.1,,,,,497.91288079268907,Top Starter,517.1551101749383,Top Starter,,
Diego Llorente,Roma,it Serie A,DF,30.4,2173,24.1,,,,,537.7162853377378,Top Starter,530.228483674364,Top Starter,,
Jan-Carlo Simic,Milan,it Serie A,DF,18.7,143,1.6,,,,,,,,,,
Ricardo Rodríguez,Torino,it Serie A,DF,31.4,2783,30.9,,,,,494.97698095810654,Top Starter,474.75947058368104,Top Starter,,
Rick Karsdorp,Roma,it Serie A,DF,28.9,1214,13.5,,,,,540.9143779086662,Top Starter,431.84100125757095,Top Starter,,
Leo Skiri Østigård,Napoli,it Serie A,DF,24.1,1635,18.2,,,,,596.3170699350467,Top Starter,663.3988084547765,Top Starter,,
Alessandro Vogliacco,Genoa,it Serie A,DF,25.3,1180,13.1,,,,,690.7848327205351,Top Starter,643.7333913474082,Top Starter,,
Pablo Marí,Monza,it Serie A,DF,30.3,2620,29.1,,,,,610.4773137305139,Top Starter,497.99239682846564,Top Starter,,
Victor Bernth Kristiansen,Bologna,it Serie A,DF,21.0,2312,25.7,,,,,504.0178018731847,Top Starter,477.4726982413645,Top Starter,,
Sebastiano Luperto,Empoli,it Serie A,DF,27.3,3407,37.9,,,,,529.4398140669647,Top Starter,499.15260623154995,Top Starter,,
Perr Schuurs,Torino,it Serie A,DF,24.1,771,8.6,,,,,648.4274239310981,Top Starter,644.4227554576851,Top Starter,,
Marin Pongračić,Lecce,it Serie A,DF,26.3,3220,35.8,,,,,646.3417299865865,Top Starter,576.4934837073305,Top Starter,,
Nadir Zortea,Frosinone,it Serie A,DF,24.5,1403,15.6,,,,,462.734965906561,Top Starter,477.9949863766031,Top Starter,,
Valentin Gendrey,Lecce,it Serie A,DF,23.5,3050,33.9,,,,,573.5796204768941,Top Starter,513.6168123745342,Top Starter,,
Daniele Rugani,Juventus,it Serie A,DF,29.4,1194,13.3,,,,,445.4229404891629,Top Starter,433.4201739849194,Top Starter,,
Alessandro Dellavalle,Torino,it Serie A,DF,19.6,14,0.2,,,,,,,,,,
Armando Izzo,Monza,it Serie A,DF,31.8,1664,18.5,,,,,612.5636382312749,Top Starter,556.3402684939692,Top Starter,,
Mário Rui,Napoli,it Serie A,DF,32.6,1209,13.4,,,,,588.17858485825,Top Starter,559.7846434045052,Top Starter,,
Juan Jesus,Napoli,it Serie A,DF,32.6,2117,23.5,,,,,556.9878496005036,Top Starter,615.8579677391425,Top Starter,,
Sebastian Walukiewicz,Empoli,it Serie A,DF,23.7,2054,22.8,,,,,603.6243800446638,Top Starter,518.0907824478335,Top Starter,,
Davide Calabria,Milan,it Serie A,DF,27.1,2193,24.4,,,,,587.3422980247306,Top Starter,551.7116740374024,Top Starter,,
Emil Holm,Atalanta,it Serie A,DF,23.6,948,10.5,,,,,706.9903661131283,Top Starter,777.5245438364325,World Class,,
Simon Kjær,Milan,it Serie A,DF,34.8,1183,13.1,,,,,615.1983696446954,Top Starter,578.4713514003244,Top Starter,,
Matteo Ruggeri,Atalanta,it Serie A,DF,21.5,2473,27.5,,,,,467.60851523685545,Top Starter,613.9534562677684,Top Starter,,
Nikola Milenković,Fiorentina,it Serie A,DF,,2526,28.1,,,,,616.6901457586614,Top Starter,657.1504553135238,Top Starter,,
Juan David Cabal,Hellas Verona,it Serie A,DF,23.0,1516,16.8,,,,,797.5105460774006,World Class,770.3860187569298,World Class,,
Diego Coppola,Hellas Verona,it Serie A,DF,20.0,1642,18.2,,,,,726.2416138347021,Top Starter,719.5279760474774,Top Starter,,
Mattia Bani,Genoa,it Serie A,DF,30.1,2309,25.7,,,,,505.54121300376045,Top Starter,499.1591828864219,Top Starter,,
Simone Romagnoli,Frosinone,it Serie A,DF,33.9,2716,30.2,,,,,538.120045047777,Top Starter,600.764314749907,Top Starter,,
Ardian Ismajli,Empoli,it Serie A,DF,27.3,2056,22.8,,,,,578.6819591584728,Top Starter,519.5150642279599,Top Starter,,
Danilo D'Ambrosio,Monza,it Serie A,DF,35.3,1534,17.0,,,,,705.3489322904371,Top Starter,690.9262317476715,Top Starter,,
José Luis Palomino,Atalanta,it Serie A,DF,34.0,23,0.3,,,,,,,,,,
Adrien Tameze,Torino,it Serie A,DF,29.9,2154,23.9,,,,,574.0869419950059,Top Starter,657.7647198354582,Top Starter,,
Leonardo Spinazzola,Roma,it Serie A,DF,30.8,1312,14.6,,,,,358.768039662577,Solid Squad Player,415.0186387458763,Top Starter,,
Christian Kabasele,Udinese,it Serie A,DF,32.9,861,9.6,,,,,613.3188036963483,Top Starter,519.9613210330787,Top Starter,,
Mërgim Vojvoda,Torino,it Serie A,DF,28.9,1417,15.7,,,,,387.146110700647,Solid Squad Player,445.9339898672638,Top Starter,,
Lorenzo De Silvestri,Bologna,it Serie A,DF,35.6,694,7.7,,,,,538.247889307051,Top Starter,454.93465693483154,Top Starter,,
Thomas Kristensen,Udinese,it Serie A,DF,30.9,2097,23.3,,,,,648.5783667081242,Top Starter,576.1578142077994,Top Starter,,
Yerry Mina,Cagliari,it Serie A,DF,29.3,1264,14.0,,,,,621.8330649510493,Top Starter,585.9823662897413,Top Starter,,
Davide Faraoni,Fiorentina,it Serie A,DF,32.2,995,11.1,,,,,627.6853974164529,Top Starter,572.2192109801751,Top Starter,,
Sead Kolašinac,Atalanta,it Serie A,DF,30.5,2190,24.3,,,,,583.224050932287,Top Starter,609.6459743286762,Top Starter,,
Manuel Lazzari,Lazio,it Serie A,DF,30.1,1675,18.6,,,,,437.1188947265039,Top Starter,408.5744093075438,Top Starter,,
Luca Ranieri,Fiorentina,it Serie A,DF,24.7,2073,23.0,,,,,505.19615193123633,Top Starter,496.2400268301486,Top Starter,,
Antonino Gallo,Lecce,it Serie A,DF,24.0,2500,27.8,,,,,538.4585711576406,Top Starter,540.0173548935758,Top Starter,,
Matteo Darmian,Inter,it Serie A,DF,34.1,2413,26.8,,,,,428.88568065487186,Top Starter,396.5312676761291,Solid Squad Player,,
Federico Fazio,Salernitana,it Serie A,DF,36.8,1354,15.0,,,,,650.2340579808634,Top Starter,615.9105919664106,Top Starter,,
Sam Beukema,Bologna,it Serie A,DF,25.1,2549,28.3,,,,,447.1655483645876,Top Starter,503.17692963040395,Top Starter,,
Koni De Winter,Genoa,it Serie A,DF,21.6,2379,26.4,,,,,550.3050767436808,Top Starter,598.5304591556328,Top Starter,,
Tiago Djaló,Juventus,it Serie A,DF,23.7,16,0.2,,,,,,,,,,
Mattia De Sciglio,Juventus,it Serie A,DF,31.2,45,0.5,,,,,,,,,,
Axel Guessand,Udinese,it Serie A,DF,19.2,45,0.5,,,,,,,,,,
Kostas Manolas,Salernitana,it Serie A,DF,32.6,492,5.5,,,,,573.8665808061038,Top Starter,615.8613199339381,Top Starter,,
Caleb Okoli,Frosinone,it Serie A,DF,22.5,2915,32.4,,,,,633.2739801090161,Top Starter,629.9481083170562,Top Starter,,
Ilario Monterisi,Frosinone,it Serie A,DF,22.0,1467,16.3,,,,,556.4868632629962,Top Starter,612.1294121103573,Top Starter,,
Nicolò Casale,Lazio,it Serie A,DF,25.9,1557,17.3,,,,,436.731845332181,Top Starter,437.73601137030306,Top Starter,,
Malick Thiaw,Milan,it Serie A,DF,22.4,1620,18.0,,,,,562.965400479288,Top Starter,595.0473429719233,Top Starter,,
Matías Viña,Sassuolo,it Serie A,DF,26.1,1019,11.3,,,,,654.2390379896143,Top Starter,588.0118088105414,Top Starter,,
Giorgio Cittadini,Genoa,it Serie A,DF,21.7,129,1.4,,,,,,,,,,
Rasmus Kristensen,Roma,it Serie A,DF,26.5,1749,19.4,,,,,482.09461473082706,Top Starter,501.34041458438406,Top Starter,,
Charalampos Lykogiannis,Bologna,it Serie A,DF,30.2,918,10.2,,,,,391.92570860182417,Solid Squad Player,420.52023895663075,Top Starter,,
Natan,Napoli,it Serie A,DF,22.9,962,10.7,,,,,548.6398930642105,Top Starter,563.3729106799093,Top Starter,,
Adam Marušić,Lazio,it Serie A,DF,31.2,3107,34.5,,,,,477.13115652934533,Top Starter,462.42639504372437,Top Starter,,
Gian Marco Ferrari,Sassuolo,it Serie A,DF,31.6,2272,25.2,,,,,487.4039653802965,Top Starter,469.47878535979135,Top Starter,,
Zeki Çelik,Roma,it Serie A,DF,26.9,677,7.5,,,,,647.2772847419232,Top Starter,625.2648397457573,Top Starter,,
Hans Hateboer,Atalanta,it Serie A,DF,30.0,1124,12.5,,,,,347.5708667639914,Solid Squad Player,381.2502049025007,Solid Squad Player,,
Isak Hien,Atalanta,it Serie A,DF,25.0,1800,20.0,,,,,661.0164090095934,Top Starter,764.7335499440288,World Class,,
Giorgos Kyriakopoulos,Monza,it Serie A,DF,27.9,1725,19.2,,,,,383.9360925837349,Solid Squad Player,411.0365501429772,Top Starter,,
Luca Caldirola,Monza,it Serie A,DF,32.9,2139,23.8,,,,,506.59531776391975,Top Starter,423.5869564008173,Top Starter,,
Lorenzo Pirola,Salernitana,it Serie A,DF,21.9,1991,22.1,,,,,633.2253516148203,Top Starter,614.5883977626195,Top Starter,,
Martin Erlic,Sassuolo,it Serie A,DF,25.9,2624,29.2,,,,,573.5519317540546,Top Starter,515.3185421304053,Top Starter,,
Koffi Djidji,Torino,it Serie A,DF,31.1,760,8.4,,,,,554.7499158109213,Top Starter,493.37226872261124,Top Starter,,
Anthony Oyono,Frosinone,it Serie A,DF,22.7,1204,13.4,,,,,663.8740794683827,Top Starter,630.425412662532,Top Starter,,
Djed Spence,Genoa,it Serie A,DF,23.4,853,9.5,,,,,551.3246486402371,Top Starter,572.7466544158887,Top Starter,,
Filippo Terracciano,Milan,it Serie A,DF,20.9,1386,15.4,,,,,677.3451421177372,Top Starter,642.6622324507414,Top Starter,,
João Ferreira,Udinese,it Serie A,DF,,1835,20.4,,,,,773.0511424505346,World Class,649.1727545627281,Top Starter,,
Adam Masina,Torino,it Serie A,DF,30.0,1110,12.3,,,,,574.8948835170658,Top Starter,598.6783610641244,Top Starter,,
Pedro Pereira,Monza,it Serie A,DF,25.9,833,9.3,,,,,497.3984923255136,Top Starter,454.695093854073,Top Starter,,
Federico Baschirotto,Lecce,it Serie A,DF,27.3,3295,36.6,,,,,442.30548567626204,Top Starter,494.29630550527713,Top Starter,,
Tyronne Ebuehi,Empoli,it Serie A,DF,28.0,1096,12.2,,,,,405.04834659179426,Top Starter,462.02996114900805,Top Starter,,
Edoardo Goldaniga,Cagliari,it Serie A,DF,30.2,1013,11.3,,,,,557.1736865638601,Top Starter,488.73206402730267,Top Starter,,
Giovanni Bonfanti,Atalanta,it Serie A,DF,21.0,89,1.0,,,,,,,,,,
Chris Smalling,Roma,it Serie A,DF,34.1,389,4.3,,,,,,,,,,
Przemysław Szymiński,Frosinone,it Serie A,Def_MF,29.5,8,0.1,,,,,,,,,,
Pietro Comuzzo,Fiorentina,it Serie A,DF,18.9,46,0.5,,,,,,,,,,
Pol Lirola,Frosinone,it Serie A,DF,26.4,1554,17.3,,,,,544.5294421682016,Top Starter,532.8635743999914,Top Starter,,
Bartosz Bereszyński,Empoli,it Serie A,DF,31.5,1772,19.7,,,,,624.4894346358309,Top Starter,539.3041453725446,Top Starter,,
Gabriele Zappa,Cagliari,it Serie A,DF,24.0,2559,28.4,,,,,502.5773470230305,Top Starter,473.00333861152785,Top Starter,,
Jeremy Toljan,Sassuolo,it Serie A,DF,29.4,2085,23.2,,,,,341.13920914586555,Solid Squad Player,336.2753009343127,Solid Squad Player,,
Festy Ebosele,Udinese,it Serie A,DF,21.4,1705,18.9,,,,,511.6959386289884,Top Starter,496.0930853305723,Top Starter,,
Luca Pellegrini,Lazio,it Serie A,DF,24.8,787,8.7,,,,,699.2363514795466,Top Starter,686.3821374462964,Top Starter,,
Mateusz Wieteska,Cagliari,it Serie A,DF,26.9,979,10.9,,,,,647.8837617222349,Top Starter,614.0650184899617,Top Starter,,
Ahmed Touba,Lecce,it Serie A,DF,25.8,275,3.1,,,,,,,,,,
Dean Huijsen,Roma,it Serie A,DF,18.7,525,5.8,,,,,547.603134685553,Top Starter,539.9475233972571,Top Starter,,
Elseid Hysaj,Lazio,it Serie A,DF,29.9,1194,13.3,,,,,588.5217376734502,Top Starter,590.1589074557915,Top Starter,,
Riccardo Marchizza,Frosinone,it Serie A,DF,25.8,1149,12.8,,,,,338.398967671097,Solid Squad Player,305.79691406239243,Solid Squad Player,,
Mattia Viti,Sassuolo,it Serie A,DF,21.9,985,10.9,,,,,631.3569741741327,Top Starter,566.839908981208,Top Starter,,
Rafael Tolói,Atalanta,it Serie A,DF,33.2,979,10.9,,,,,565.7773051373983,Top Starter,618.4574982756184,Top Starter,,
Norbert Gyömbér,Salernitana,it Serie A,DF,31.5,1762,19.6,,,,,614.8091759018519,Top Starter,607.1699754408847,Top Starter,,
Bruno Amione,Hellas Verona,it Serie A,DF,22.0,586,6.5,,,,,609.2562164308736,Top Starter,753.6947920187346,World Class,,
Mitchel Bakker,Atalanta,it Serie A,DF,23.5,382,4.2,,,,,,,,,,
Saba Sazonov,Torino,it Serie A,DF,21.9,370,4.1,,,,,,,,,,
David Zima,Torino,it Serie A,DF,23.1,93,1.0,,,,,,,,,,
Brandon Soppy,Torino,it Serie A,DF,21.9,184,2.0,,,,,,,,,,
Josh Doig,Sassuolo,it Serie A,DF,21.6,2183,24.3,,,,,504.65774317486677,Top Starter,441.99932321414946,Top Starter,,
Matteo Lovato,Torino,it Serie A,DF,23.9,1500,16.7,,,,,679.5662371548862,Top Starter,608.7297713087835,Top Starter,,
Karlo Lulić,Frosinone,it Serie A,MF,27.6,18,0.2,,,,,,,,,,
Pantelis Hatzidiakos,Cagliari,it Serie A,DF,27.0,863,9.6,,,,,592.3052960095291,Top Starter,549.497099585298,Top Starter,,
Jérôme Boateng,Salernitana,it Serie A,DF,35.3,243,2.7,,,,,,,,,,
Adam Obert,Cagliari,it Serie A,DF,21.4,947,10.5,,,,,648.579711501752,Top Starter,617.8442378454259,Top Starter,,
Alan Matturro,Genoa,it Serie A,DF,19.2,123,1.4,,,,,,,,,,
Ruan,Sassuolo,it Serie A,DF,,1519,16.9,,,,,632.5453564466632,Top Starter,616.559224000247,Top Starter,,
Pierre Kalulu,Milan,it Serie A,DF,23.6,370,4.1,,,,,,,,,,
Flavius Daniliuc,Salernitana,it Serie A,DF,22.7,766,8.5,,,,,611.5468811954495,Top Starter,720.5035644225136,Top Starter,,
Álex Jiménez,Milan,it Serie A,DF,18.7,65,0.7,,,,,,,,,,
Rúben Vinagre,Hellas Verona,it Serie A,DF,24.7,277,3.1,,,,,,,,,,
Mattia Caldara,Milan,it Serie A,DF,29.7,32,0.4,,,,,,,,,,
Triantafyllos Pasaridīs,Salernitana,it Serie A,DF,27.5,458,5.1,,,,,537.4702856666984,Top Starter,446.7083750060411,Top Starter,,
Marash Kumbulla,Sassuolo,it Serie A,DF,23.9,366,4.1,,,,,,,,,,
Marco Pellegrino,Salernitana,it Serie A,DF,21.5,611,6.8,,,,,580.1849681472758,Top Starter,485.3857170128778,Top Starter,,
Kevin Bonifazi,Frosinone,it Serie A,DF,27.6,397,4.4,,,,,,,,,,
Lorenzo Venuti,Lecce,it Serie A,DF,28.7,378,4.2,,,,,,,,,,
Davide Bettella,Monza,it Serie A,DF,23.7,13,0.1,,,,,,,,,,
Dylan Bronn,Salernitana,it Serie A,DF,28.5,65,0.7,,,,,,,,,,
Giulio Donati,Monza,it Serie A,DF,33.9,53,0.6,,,,,,,,,,
Mateus Lusuardi,Frosinone,it Serie A,DF,20.0,220,2.4,,,,,,,,,,
Silvan Hefti,Genoa,it Serie A,DF,26.2,127,1.4,,,,,,,,,,
Kevin Miranda,Sassuolo,it Serie A,DF,20.8,12,0.1,,,,,,,,,,
Antonio Tikvić,Udinese,it Serie A,DF,19.7,1,0.0,,,,,,,,,,
Enzo Ebosse,Udinese,it Serie A,DF,24.8,7,0.1,,,,,,,,,,
Hakan Çalhanoğlu,Inter,it Serie A,MF,29.9,2576,28.6,,,702.9876659954818,Top Starter,,,723.7981150806488,Top Starter,,
Nicolas Haas,Empoli,it Serie A,MF,27.9,90,1.0,,,,,,,,,,
Federico Dimarco,Inter,it Serie A,DF,26.1,2105,23.4,,,,,441.64318188597787,Top Starter,461.68691100640393,Top Starter,,
Luis Alberto,Lazio,it Serie A,Off_MF,31.3,2328,25.9,577.03150998782,Top Starter,,,,,653.954954223501,Top Starter,,
Matteo Politano,Napoli,it Serie A,FW,30.4,2384,26.5,545.1428727951645,Top Starter,,,,,516.7219609684797,Top Starter,,
Adrien Rabiot,Juventus,it Serie A,MF,28.7,2651,29.5,,,605.4237697125569,Top Starter,,,693.3442616198693,Top Starter,,
Henrikh Mkhitaryan,Inter,it Serie A,MF,34.9,2803,31.1,,,696.3189768020806,Top Starter,,,650.9425947972877,Top Starter,,
Nicolás González,Fiorentina,it Serie A,FW,,1913,21.3,622.2727681851691,Top Starter,,,,,769.1308473341434,World Class,,
Giacomo Bonaventura,Fiorentina,it Serie A,Off_MF,34.4,2285,25.4,476.8165170947865,Top Starter,,,,,603.4682283941092,Top Starter,,
Teun Koopmeiners,Atalanta,it Serie A,Off_MF,25.8,2633,29.3,532.6270719138981,Top Starter,,,,,628.5742243251512,Top Starter,,
Lewis Ferguson,Bologna,it Serie A,MF,24.4,2718,30.2,,,536.0919794336478,Top Starter,,,598.1355813193815,Top Starter,,
Manuel Locatelli,Juventus,it Serie A,MF,26.0,3019,33.5,,,491.69590564619494,Top Starter,,,631.5025434418717,Top Starter,,
Arthur Melo,Fiorentina,it Serie A,MF,27.4,1993,22.1,,,619.2620904110865,Top Starter,,,706.4514348774611,Top Starter,,
Aleksei Miranchuk,Atalanta,it Serie A,Off_MF,28.2,1181,13.1,779.9365307190858,World Class,,,,,668.5803650311958,Top Starter,,
Leandro Paredes,Roma,it Serie A,MF,29.5,2644,29.4,,,549.0794737210342,Top Starter,,,690.6268686849139,Top Starter,,
Piotr Zieliński,Napoli,it Serie A,Off_MF,29.6,1938,21.5,377.2144756924379,Solid Squad Player,,,,,538.4172901817376,Top Starter,,
Bryan Cristante,Roma,it Serie A,MF,28.8,3292,36.6,,,505.4037836116059,Top Starter,,,690.9928938806491,Top Starter,,
Éderson,Atalanta,it Serie A,MF,,2873,31.9,,,498.3194900875687,Top Starter,,,739.0898345993182,Top Starter,,
Tijjani Reijnders,Milan,it Serie A,MF,25.4,2830,31.4,,,554.3949932316236,Top Starter,,,532.8875954287073,Top Starter,,
Felipe Anderson,Lazio,it Serie A,FW,30.7,2782,30.9,385.0210306778781,Solid Squad Player,,,,,670.2367881559725,Top Starter,,
Nicolò Barella,Inter,it Serie A,MF,26.9,2860,31.8,,,582.4547706776929,Top Starter,,,607.4416214523121,Top Starter,,
Yacine Adli,Milan,it Serie A,MF,23.4,1421,15.8,,,644.0079806550223,Top Starter,,,748.7955055893548,Top Starter,,
Riccardo Orsolini,Bologna,it Serie A,FW,26.9,1792,19.9,582.2796706822621,Top Starter,,,,,568.521989509056,Top Starter,,
Ondrej Duda,Hellas Verona,it Serie A,MF,29.1,2469,27.4,,,646.3807420744843,Top Starter,,,703.2181068227018,Top Starter,,
Ismaël Bennacer,Milan,it Serie A,MF,26.1,1151,12.8,,,675.8820330927812,Top Starter,,,759.4479970172317,World Class,,
Morten Frendrup,Genoa,it Serie A,MF,22.7,3146,35.0,,,520.9034745858279,Top Starter,,,747.8505563918967,Top Starter,,
Marten de Roon,Atalanta,it Serie A,MF,32.8,2599,28.9,,,532.3498017563122,Top Starter,,,780.2658593877876,World Class,,
Lazar Samardzic,Udinese,it Serie A,Off_MF,21.9,2380,26.4,422.25494406169247,Top Starter,,,,,590.9799977019586,Top Starter,,
Nikola Vlašić,Torino,it Serie A,Off_MF,26.2,2614,29.0,286.4926935280175,Solid Squad Player,,,,,597.6976418787269,Top Starter,,
Mario Pašalić,Atalanta,it Serie A,MF,28.9,2048,22.8,,,699.680508391634,Top Starter,,,603.2171321097305,Top Starter,,
Alexis Saelemaekers,Bologna,it Serie A,FW,24.5,1892,21.0,357.52176929427094,Solid Squad Player,,,,,721.6059617094378,Top Starter,,
Nicolò Fagioli,Juventus,it Serie A,MF,22.9,440,4.9,,,,,,,,,,
Ruben Loftus-Cheek,Milan,it Serie A,Off_MF,27.9,2081,23.1,328.24787868549816,Solid Squad Player,,,,,602.6339178573287,Top Starter,,
Daichi Kamada,Lazio,it Serie A,MF,27.4,1553,17.3,,,651.7267234641618,Top Starter,,,681.9892518575203,Top Starter,,
Raoul Bellanova,Torino,it Serie A,DF,23.6,3063,34.0,,,,,450.9262468320024,Top Starter,421.09457329830576,Top Starter,,
Nicolas Viola,Cagliari,it Serie A,Off_MF,34.2,1208,13.4,617.931647440403,Top Starter,,,,,596.5028491047015,Top Starter,,
Remo Freuler,Bologna,it Serie A,MF,31.7,2632,29.2,,,425.8818132581595,Top Starter,,,682.8907073704751,Top Starter,,
Matteo Pessina,Monza,it Serie A,MF,26.7,3228,35.9,,,397.56288592636605,Solid Squad Player,,,549.8807183864599,Top Starter,,
Federico Di Francesco,Lecce,it Serie A,FW,29.5,21,0.2,,,,,,,,,,
Chaka Traorè,Milan,it Serie A,FW,19.0,21,0.2,,,,,,,,,,
Weston McKennie,Juventus,it Serie A,Off_MF,25.3,2599,28.9,331.329854943716,Solid Squad Player,,,,,539.0646870267651,Top Starter,,
Luca Mazzitelli,Frosinone,it Serie A,MF,28.1,2222,24.7,,,421.89832207914026,Top Starter,,,713.4520599955815,Top Starter,,
Andre-Frank Zambo Anguissa,Napoli,it Serie A,MF,28.1,2792,31.0,,,546.0307732794461,Top Starter,,,732.976578565943,Top Starter,,
Grigoris Kastanos,Salernitana,it Serie A,Off_MF,25.9,1486,16.5,421.53181420724314,Top Starter,,,,,646.3833056652933,Top Starter,,
Ivan Ilić,Torino,it Serie A,MF,22.8,2107,23.4,,,646.5057828021363,Top Starter,,,545.5122584613265,Top Starter,,
Roberto Gagliardini,Monza,it Serie A,MF,29.7,2366,26.3,,,472.9534535919181,Top Starter,,,714.8759869836799,Top Starter,,
Alfred Duncan,Fiorentina,it Serie A,MF,30.8,1900,21.1,,,679.0805893442694,Top Starter,,,658.3165469442248,Top Starter,,
Stanislav Lobotka,Napoli,it Serie A,MF,29.1,3293,36.6,,,387.0861702677806,Solid Squad Player,,,641.5920473291949,Top Starter,,
Samuele Ricci,Torino,it Serie A,MF,22.4,2413,26.8,,,474.59866436341383,Top Starter,,,579.85296974433,Top Starter,,
Juan Cuadrado,Inter,it Serie A,DF,35.6,258,2.9,,,,,,,,,,
Filip Kostić,Juventus,it Serie A,DF,31.2,1831,20.3,,,,,453.0249982376949,Top Starter,443.73105327719475,Top Starter,,
Kristjan Asllani,Inter,it Serie A,MF,21.8,804,8.9,,,611.8871498697987,Top Starter,,,612.6347607301128,Top Starter,,
Andrea Cambiaso,Juventus,it Serie A,DF,23.9,2387,26.5,,,,,466.4572620709233,Top Starter,488.64017470528927,Top Starter,,
Milan Badelj,Genoa,it Serie A,MF,34.8,2555,28.4,,,443.6038395953197,Top Starter,,,664.741921994736,Top Starter,,
Răzvan Marin,Empoli,it Serie A,MF,27.6,1818,20.2,,,574.4454913154826,Top Starter,,,572.1471186489997,Top Starter,,
Denzel Dumfries,Inter,it Serie A,DF,27.7,1644,18.3,,,,,476.95730957523256,Top Starter,516.4341393030923,Top Starter,,
Sandi Lovrić,Udinese,it Serie A,Off_MF,25.8,1989,22.1,358.5994593435232,Solid Squad Player,,,,,557.0260343098984,Top Starter,,
Lameck Banda,Lecce,it Serie A,FW,22.9,1358,15.1,432.02590147132116,Top Starter,,,,,716.5400413269307,Top Starter,,
Diego Demme,Napoli,it Serie A,MF,32.1,73,0.8,,,,,,,,,,
Kristian Thorstvedt,Sassuolo,it Serie A,MF,24.8,2413,26.8,,,474.89018178987544,Top Starter,,,619.5851275147803,Top Starter,,
Alberto Grassi,Empoli,it Serie A,MF,28.8,1823,20.3,,,397.71659313698206,Solid Squad Player,,,715.4487915890301,Top Starter,,
Abdou Harroui,Frosinone,it Serie A,Off_MF,26.0,1025,11.4,475.80180925251705,Top Starter,,,,,680.3808284378396,Top Starter,,
Matías Vecino,Lazio,it Serie A,MF,32.4,1151,12.8,,,515.0504229022583,Top Starter,,,791.7560973981707,World Class,,
Mattéo Guendouzi,Lazio,it Serie A,MF,24.7,2371,26.3,,,474.8531501160601,Top Starter,,,521.9540377414771,Top Starter,,
Antonín Barák,Fiorentina,it Serie A,Off_MF,29.1,834,9.3,539.8461715454706,Top Starter,,,,,539.9282127545523,Top Starter,,
Nicolò Rovella,Lazio,it Serie A,MF,22.1,1333,14.8,,,486.7118293290233,Top Starter,,,791.021083611362,World Class,,
Toma Bašić,Salernitana,it Serie A,MF,27.1,1171,13.0,,,362.21677157879446,Solid Squad Player,,,530.0926186637706,Top Starter,,
Reinier,Frosinone,it Serie A,Off_MF,21.9,1090,12.1,369.6606297321179,Solid Squad Player,,,,,606.041191784933,Top Starter,,
Gianluca Gaetano,Cagliari,it Serie A,FW,23.7,922,10.2,473.2895116308363,Top Starter,,,,,583.6970046049051,Top Starter,,
Zanos Savva,Torino,it Serie A,DF,18.1,30,0.3,,,,,,,,,,
Rade Krunić,Milan,it Serie A,MF,30.2,694,7.7,,,370.1412663248172,Solid Squad Player,,,650.3525433630791,Top Starter,,
Giovanni Fabbian,Bologna,it Serie A,Off_MF,21.0,1068,11.9,522.3891348546767,Top Starter,,,,,472.82854070230826,Top Starter,,
Valentin Carboni,Monza,it Serie A,Off_MF,18.8,1186,13.2,473.562218602343,Top Starter,,,,,639.292071965805,Top Starter,,
Valentino Lazaro,Torino,it Serie A,DF,27.8,2012,22.4,,,,,348.83877248636236,Solid Squad Player,447.73057503784014,Top Starter,,
Elif Elmas,Napoli,it Serie A,FW,24.3,342,3.8,,,,,,,,,,
Roberto Pereyra,Udinese,it Serie A,FW,33.0,1862,20.7,294.52735930640404,Solid Squad Player,,,,,463.79203160172966,Top Starter,,
Martin Hongla,Hellas Verona,it Serie A,MF,25.8,1091,12.1,,,307.5670546071374,Solid Squad Player,,,588.8234307357334,Top Starter,,
Youssef Maleh,Empoli,it Serie A,MF,25.4,2610,29.0,,,450.5832805037862,Top Starter,,,675.412412560011,Top Starter,,
Ruslan Malinovskyi,Genoa,it Serie A,MF,30.7,1559,17.3,,,424.1076236368702,Top Starter,,,623.1126482618348,Top Starter,,
Angeliño,Roma,it Serie A,DF,27.0,1148,12.8,,,,,552.6202172464482,Top Starter,532.4165893810203,Top Starter,,
Walace,Udinese,it Serie A,Def_MF,28.7,3243,36.0,,,,,644.6648071971997,Top Starter,665.3429335708321,Top Starter,,
Patrick Dorgu,Lecce,it Serie A,DF,19.2,1573,17.5,,,,,597.8251154399493,Top Starter,640.1613601960089,Top Starter,,
Enzo Barrenechea,Frosinone,it Serie A,MF,22.6,2822,31.4,,,411.689312719497,Top Starter,,,753.3022096941265,World Class,,
Davide Zappacosta,Atalanta,it Serie A,DF,31.6,1880,20.9,,,,,395.9066176830396,Solid Squad Player,455.0738183967927,Top Starter,,
Paweł Dawidowicz,Hellas Verona,it Serie A,DF,28.6,2151,23.9,,,,,719.1724515976924,Top Starter,736.3369419797189,Top Starter,,
Jaime Báez,Frosinone,it Serie A,FW,28.7,502,5.6,273.51733676925323,Solid Squad Player,,,,,590.0796781459675,Top Starter,,
Suat Serdar,Hellas Verona,it Serie A,MF,26.7,1676,18.6,,,486.1488622123343,Top Starter,,,721.0937794212148,Top Starter,,
Samuele Birindelli,Monza,it Serie A,DF,24.5,2019,22.4,,,,,489.9277935683835,Top Starter,400.7972394131664,Top Starter,,
Michel Aebischer,Bologna,it Serie A,MF,27.0,2239,24.9,,,355.5544062366842,Solid Squad Player,,,553.6666436458835,Top Starter,,
Houssem Aouar,Roma,it Serie A,Off_MF,25.5,771,8.6,408.70404902295235,Top Starter,,,,,638.7784379749984,Top Starter,,
Carlos Alcaraz,Juventus,it Serie A,MF,21.1,383,4.3,,,,,,,,,,
Davide Frattesi,Inter,it Serie A,Off_MF,24.3,951,10.6,682.9949843259235,Top Starter,,,,,482.5018653678666,Top Starter,,
Daniel Boloca,Sassuolo,it Serie A,MF,25.0,2023,22.5,,,376.78464565327283,Solid Squad Player,,,686.3576821804718,Top Starter,,
Hassane Kamara,Udinese,it Serie A,DF,29.8,2261,25.1,,,,,584.884589687164,Top Starter,561.2466441368798,Top Starter,,
Giulio Maggiore,Salernitana,it Serie A,MF,25.8,1807,20.1,,,495.6947752270352,Top Starter,,,738.6323679437816,Top Starter,,
Matheus Henrique,Sassuolo,it Serie A,MF,26.0,2502,27.8,,,474.3199006466157,Top Starter,,,572.1269470007835,Top Starter,,
Maxime Lopez,Fiorentina,it Serie A,MF,26.1,949,10.5,,,421.87328267902734,Top Starter,,,606.048718741691,Top Starter,,
Gaetano Castrovilli,Fiorentina,it Serie A,FW,26.9,370,4.1,,,,,,,,,,
Dan Ndoye,Bologna,it Serie A,FW,23.2,1775,19.7,256.7921260627369,Solid Squad Player,,,,,646.8086015212563,Top Starter,,
Tommaso Augello,Cagliari,it Serie A,DF,29.3,2429,27.0,,,,,474.5711652795359,Top Starter,495.71568474085467,Top Starter,,
Edoardo Bove,Roma,it Serie A,MF,21.6,1785,19.8,,,460.42445067878134,Top Starter,,,715.3396597955862,Top Starter,,
Stefano Sensi,Inter,it Serie A,MF,28.4,43,0.5,,,,,,,,,,
Kacper Urbanski,Bologna,it Serie A,Off_MF,19.3,937,10.4,275.45316933825853,Solid Squad Player,,,,,604.8257500006715,Top Starter,,
Kevin Strootman,Genoa,it Serie A,MF,33.9,1209,13.4,,,611.5397922987156,Top Starter,,,614.2788829208334,Top Starter,,
Hans Nicolussi Caviglia,Juventus,it Serie A,MF,23.5,272,3.0,,,,,,,,,,
Nicola Zalewski,Roma,it Serie A,DF,21.9,966,10.7,,,,,619.2240502963263,Top Starter,574.8864378811513,Top Starter,,
Nahitan Nández,Cagliari,it Serie A,Off_MF,28.0,2356,26.2,285.2326759622956,Solid Squad Player,,,,,675.1998278871114,Top Starter,,
Karol Linetty,Torino,it Serie A,MF,28.9,1860,20.7,,,338.59521518323913,Solid Squad Player,,,571.0658417927411,Top Starter,,
Jens Odgaard,Bologna,it Serie A,FW,24.8,438,4.9,,,,,,,,,,
Danilo Cataldi,Lazio,it Serie A,MF,29.4,1373,15.3,,,373.14409773177186,Solid Squad Player,,,622.1609072226315,Top Starter,,
Ylber Ramadani,Lecce,it Serie A,MF,27.7,2976,33.1,,,348.93113753667524,Solid Squad Player,,,699.9112395171314,Top Starter,,
Josip Brekalo,Fiorentina,it Serie A,FW,25.5,654,7.3,191.75325581953243,Below Big-5 Level,,,,,430.7734818875139,Top Starter,,
Tommaso Pobega,Milan,it Serie A,Def_MF,24.5,317,3.5,,,,,,,,,,
Rolando Mandragora,Fiorentina,it Serie A,MF,26.5,1602,17.8,,,514.3070760715746,Top Starter,,,510.67036514372745,Top Starter,,
Michael Folorunsho,Hellas Verona,it Serie A,MF,25.9,2799,31.1,,,374.8155126944417,Solid Squad Player,,,630.8167940371047,Top Starter,,
Oussama El Azzouzi,Bologna,it Serie A,MF,22.6,567,6.3,,,624.685178107588,Top Starter,,,698.156067452639,Top Starter,,
Nedim Bajrami,Sassuolo,it Serie A,Off_MF,24.8,1312,14.6,364.34856709546983,Solid Squad Player,,,,,470.1702654953728,Top Starter,,
Emanuele Valeri,Frosinone,it Serie A,DF,25.1,1178,13.1,,,,,505.9368413528893,Top Starter,494.0927110748929,Top Starter,,
Joan Gonzàlez,Lecce,it Serie A,MF,21.9,1283,14.3,,,499.1251603474804,Top Starter,,,717.8615763270874,Top Starter,,
Nemanja Radonjić,Torino,it Serie A,Off_MF,27.9,383,4.3,,,,,,,,,,
Nikola Moro,Bologna,it Serie A,MF,25.8,846,9.4,,,452.1178171671029,Top Starter,,,633.4917474176457,Top Starter,,
Filippo Ranocchia,Empoli,it Serie A,MF,22.6,477,5.3,,,495.8078954789764,Top Starter,,,669.5101585574869,Top Starter,,
El Bilal Touré,Atalanta,it Serie A,FW,22.2,391,4.3,,,,,,,,,,
Francesco Gelli,Frosinone,it Serie A,MF,27.2,1577,17.5,,,518.5154698730173,Top Starter,,,585.6941717875346,Top Starter,,
Martín Payero,Udinese,it Serie A,MF,25.3,1806,20.1,,,494.8468029002227,Top Starter,,,682.2720808032234,Top Starter,,
Matteo Prati,Cagliari,it Serie A,MF,20.0,1972,21.9,,,358.8586547078175,Solid Squad Player,,,536.759690342983,Top Starter,,
Luca Lipani,Sassuolo,it Serie A,MF,18.6,393,4.4,,,,,,,,,,
Dodô,Fiorentina,it Serie A,DF,25.1,528,5.9,,,,,530.9588130545635,Top Starter,520.4811469334651,Top Starter,,
Paul Pogba,Juventus,it Serie A,MF,30.8,52,0.6,,,,,,,,,,
Darko Lazović,Hellas Verona,it Serie A,FW,33.3,1948,21.6,253.72218347194053,Solid Squad Player,,,,,359.67827367478026,Solid Squad Player,,
Fabio Miretti,Juventus,it Serie A,Off_MF,20.4,1132,12.6,306.4182254355012,Solid Squad Player,,,,,661.6088120534694,Top Starter,,
Junior Sambia,Salernitana,it Serie A,DF,27.3,1035,11.5,,,,,491.62673339185335,Top Starter,497.29102238187664,Top Starter,,
Berkan Kutlu,Genoa,it Serie A,Off_MF,25.9,192,2.1,,,,,,,,,,
Alessio Zerbin,Monza,it Serie A,DF,24.8,841,9.3,,,,,474.3562702395794,Top Starter,518.6649502942806,Top Starter,,
Simone Bastoni,Empoli,it Serie A,MF,27.2,754,8.4,,,515.0822602045224,Top Starter,,,683.6920924318098,Top Starter,,
Mohamed Kaba,Lecce,it Serie A,MF,22.2,1392,15.5,,,394.58744781316625,Solid Squad Player,,,685.401192534142,Top Starter,,
Tommaso Baldanzi,Roma,it Serie A,Off_MF,20.8,1271,14.1,311.55060222550225,Solid Squad Player,,,,,493.63792880811053,Top Starter,,
Jens Cajuste,Napoli,it Serie A,MF,24.4,1031,11.5,,,557.9126434512369,Top Starter,,,673.01419385087,Top Starter,,
Domagoj Bradarić,Salernitana,it Serie A,DF,24.1,2753,30.6,,,,,479.7922292208161,Top Starter,484.8820238478469,Top Starter,,
Yunus Musah,Milan,it Serie A,MF,21.1,1487,16.5,,,437.9131249271078,Top Starter,,,543.8929564420981,Top Starter,,
Arijon Ibrahimović,Frosinone,it Serie A,FW,18.1,511,5.7,375.1210016424662,Solid Squad Player,,,,,478.98869655956537,Top Starter,,
Hamza Rafia,Lecce,it Serie A,MF,24.8,1220,13.6,,,488.63967978489,Top Starter,,,783.8547844697006,World Class,,
Kingsley Ehizibue,Udinese,it Serie A,DF,28.6,969,10.8,,,,,613.7154352392062,Top Starter,569.943455252945,Top Starter,,
Hamed Junior Traorè,Napoli,it Serie A,Off_MF,23.9,383,4.3,,,,,,,,,,
Cristian Volpato,Sassuolo,it Serie A,Off_MF,20.1,639,7.1,401.1839654097391,Top Starter,,,,,826.0860452361128,World Class,,
Niccolò Pierozzi,Salernitana,it Serie A,DF,22.3,873,9.7,,,,,620.6453219069707,Top Starter,538.8523606495792,Top Starter,,
Timothy Weah,Juventus,it Serie A,DF,18.9,1271,14.1,,,,,471.03312008428446,Top Starter,473.56880411282714,Top Starter,,
Warren Bondo,Monza,it Serie A,MF,20.3,1471,16.3,,,343.627163359095,Solid Squad Player,,,500.1150530536378,Top Starter,,
Ibrahim Sulemana,Cagliari,it Serie A,MF,20.6,1342,14.9,,,303.89574304790625,Solid Squad Player,,,620.8253200977394,Top Starter,,
Tajon Buchanan,Inter,it Serie A,DF,24.9,161,1.8,,,,,,,,,,
Andrea Ferraris,Monza,it Serie A,Off_MF,20.9,9,0.1,,,,,,,,,,
Samu Castillejo,Sassuolo,it Serie A,FW,29.0,549,6.1,208.15645782142442,Solid Squad Player,,,,,762.1055785554988,World Class,,
Pepín,Monza,it Serie A,MF,27.4,232,2.6,,,,,,,,,,
Ebenezer Akinsanmiro,Inter,it Serie A,MF,19.1,14,0.2,,,,,,,,,,
Papu Gómez,Monza,it Serie A,Off_MF,35.9,39,0.4,,,,,,,,,,
Domingos Quina,Udinese,it Serie A,Def_MF,24.1,12,0.1,,,,,,,,,,
Morten Thorsby,Genoa,it Serie A,Off_MF,27.7,1148,12.8,298.6007526582651,Solid Squad Player,,,,,626.1072295916156,Top Starter,,
Uroš Račić,Sassuolo,it Serie A,MF,25.8,824,9.2,,,413.50608626970507,Top Starter,,,594.4307973057358,Top Starter,,
Liberato Cacace,Empoli,it Serie A,DF,23.3,1916,21.3,,,,,561.4283352760897,Top Starter,603.6703882484508,Top Starter,,
Samuele Vignato,Monza,it Serie A,Off_MF,19.9,339,3.8,,,,,,,,,,
Paulo Azzi,Cagliari,it Serie A,DF,29.5,942,10.5,,,,,632.2193575054634,Top Starter,649.6345693181759,Top Starter,,
Jesper Lindstrøm,Napoli,it Serie A,FW,23.8,436,4.8,,,,,,,,,,
Antoine Makoumbou,Cagliari,it Serie A,MF,25.5,2707,30.1,,,298.88449048970756,Solid Squad Player,,,506.33626328537497,Top Starter,,
Jakub Jankto,Cagliari,it Serie A,Off_MF,28.0,884,9.8,271.90162047068156,Solid Squad Player,,,,,399.07963240112605,Solid Squad Player,,
Gvidas Gineitis,Torino,it Serie A,MF,19.7,546,6.1,,,455.29468351770277,Top Starter,,,643.5419723467242,Top Starter,,
Marco Brescianini,Frosinone,it Serie A,MF,23.9,2336,26.0,,,409.5412233031658,Top Starter,,,453.692620743623,Top Starter,,
Jackson Tchatchoua,Hellas Verona,it Serie A,DF,22.3,1735,19.3,,,,,583.2104799043506,Top Starter,501.81362866349946,Top Starter,,
Stefano Sabelli,Genoa,it Serie A,DF,31.0,2448,27.2,,,,,469.0636929390491,Top Starter,464.8366434737342,Top Starter,,
Viktor Kovalenko,Empoli,it Serie A,MF,27.9,606,6.7,,,481.655426007241,Top Starter,,,438.6625888649848,Top Starter,,
Aarón Martín,Genoa,it Serie A,DF,26.7,1398,15.5,,,,,393.44945589447286,Solid Squad Player,381.92784686604807,Solid Squad Player,,
Davy Klaassen,Inter,it Serie A,MF,30.9,217,2.4,,,,,,,,,,
Alexis Blin,Lecce,it Serie A,MF,27.3,1647,18.3,,,383.36716000698385,Solid Squad Player,,,672.3992544983843,Top Starter,,
Giuseppe Pezzella,Empoli,it Serie A,DF,26.1,1099,12.2,,,,,536.1594693664312,Top Starter,522.7286440194824,Top Starter,,
Giuseppe Caso,Frosinone,it Serie A,FW,25.1,409,4.5,,,,,,,,,,
Emil Bohinen,Genoa,it Serie A,MF,24.8,601,6.7,,,423.2472329931504,Top Starter,,,823.4755227311173,World Class,,
Tommaso Corazza,Bologna,it Serie A,DF,19.5,211,2.3,,,,,,,,,,
Gaetano Oristanio,Cagliari,it Serie A,FW,21.3,1112,12.4,302.30019086270045,Solid Squad Player,,,,,733.4022506859294,Top Starter,,
Fabien Centonze,Hellas Verona,it Serie A,DF,28.0,674,7.5,,,,,627.9035002444992,Top Starter,531.6039851892467,Top Starter,,
Lorenzo Amatucci,Fiorentina,it Serie A,Off_MF,19.9,26,0.3,,,,,,,,,,
Lassana Coulibaly,Salernitana,it Serie A,MF,27.7,2092,23.2,,,385.0487318731085,Solid Squad Player,,,665.2646476798564,Top Starter,,
Pedro Obiang,Sassuolo,it Serie A,MF,31.8,453,5.0,,,380.16359735964863,Solid Squad Player,,,512.7115214550685,Top Starter,,
Agustín Martegani,Salernitana,it Serie A,MF,23.6,742,8.2,,,402.15324044432765,Top Starter,,,648.4630327101391,Top Starter,,
Medon Berisha,Lecce,it Serie A,FW,20.2,204,2.3,,,,,,,,,,
Ridgeciano Haps,Genoa,it Serie A,DF,30.6,770,8.6,,,,,466.78259539348176,Top Starter,421.85235040339205,Top Starter,,
Demba Seck,Frosinone,it Serie A,Off_MF,22.9,740,8.2,183.66407126487323,Below Big-5 Level,,,,,523.398656290525,Top Starter,,
Jordan Zemura,Udinese,it Serie A,DF,24.1,1053,11.7,,,,,602.4117053055428,Top Starter,499.5163653354181,Top Starter,,
Marcus Pedersen,Sassuolo,it Serie A,DF,,1620,18.0,,,,,509.29964493085055,Top Starter,423.555925346141,Top Starter,,
Oier Zarraga,Udinese,it Serie A,Def_MF,25.0,426,4.7,,,,,,,,,,
Emmanuel Gyasi,Empoli,it Serie A,DF,30.0,1892,21.0,,,,,354.57421955431255,Solid Squad Player,440.50132296190196,Top Starter,,
Alessandro Deiola,Cagliari,it Serie A,MF,28.4,1626,18.1,,,310.52063192536775,Solid Squad Player,,,599.1738065958112,Top Starter,,
Riccardo Pagano,Roma,it Serie A,MF,19.1,48,0.5,,,,,,,,,,
Leander Dendoncker,Napoli,it Serie A,Def_MF,28.7,33,0.4,,,,,,,,,,
Pablo Galdames Millán,Genoa,it Serie A,MF,27.0,24,0.3,,,,,,,,,,
Reda Belahyane,Hellas Verona,it Serie A,MF,19.6,90,1.0,,,,,,,,,,
Simone Verdi,Torino,it Serie A,Off_MF,31.5,10,0.1,,,,,,,,,,
Alessandro Zanoli,Salernitana,it Serie A,DF,23.2,987,11.0,,,,,401.07820758465584,Top Starter,350.16433849763274,Solid Squad Player,,
Jordi Mboula,Hellas Verona,it Serie A,FW,24.8,329,3.7,,,,,,,,,,
Davide Bartesaghi,Milan,it Serie A,DF,18.0,90,1.0,,,,,,,,,,
Daniel Bandeira,Hellas Verona,it Serie A,MF,23.7,448,5.0,,,374.6145130866003,Solid Squad Player,,,557.8016892225612,Top Starter,,
Gino Infantino,Fiorentina,it Serie A,MF,20.6,97,1.1,,,,,,,,,,
Filippo Missori,Sassuolo,it Serie A,DF,19.8,270,3.0,,,,,,,,,,
Luca Garritano,Frosinone,it Serie A,MF,29.9,489,5.4,,,333.57238238173,Solid Squad Player,,,607.7116424970359,Top Starter,,
Riccardo Saponara,Hellas Verona,it Serie A,FW,32.0,355,3.9,,,,,,,,,,
Iron Gomis,Salernitana,it Serie A,Off_MF,24.1,130,1.4,,,,,,,,,,
Jean-Daniel Akpa-Akpro,Monza,it Serie A,MF,31.2,720,8.0,,,279.90297279048684,Solid Squad Player,,,583.5895362816445,Top Starter,,
Renato Sanches,Roma,it Serie A,MF,26.4,148,1.6,,,,,,,,,,
Niccolò Pisilli,Roma,it Serie A,MF,19.3,9,0.1,,,,,,,,,,
Christos Papadopoulos,Genoa,it Serie A,MF,19.2,8,0.1,,,,,,,,,,
Charlys,Hellas Verona,it Serie A,MF,19.9,34,0.4,,,,,,,,,,
João Costa,Roma,it Serie A,Off_MF,,29,0.3,,,,,,,,,,
Liam Henderson,Empoli,it Serie A,MF,27.7,11,0.1,,,,,,,,,,
Mamadou Coulibaly,Salernitana,it Serie A,MF,,9,0.1,,,,,,,,,,
Luigi Canotto,Frosinone,it Serie A,FW,29.6,15,0.2,,,,,,,,,,
Nicolás Domínguez,Bologna,it Serie A,MF,25.5,101,1.1,,,,,,,,,,
Filip Jagiełło,Genoa,it Serie A,MF,26.4,32,0.4,,,,,,,,,,
Pasquale Mazzocchi,Napoli,it Serie A,DF,28.4,1710,19.0,,,,,464.30581579800713,Top Starter,498.5034263433181,Top Starter,,
Mateusz Łęgowski,Salernitana,it Serie A,MF,20.9,1149,12.8,,,280.7106137497954,Solid Squad Player,,,545.5551257526006,Top Starter,,
Michel Ndary Adopo,Atalanta,it Serie A,MF,23.5,128,1.4,,,,,,,,,,
Kevin Zeroli,Milan,it Serie A,Def_MF,19.0,25,0.3,,,,,,,,,,
Marco Mancosu,Cagliari,it Serie A,Off_MF,35.4,182,2.0,,,,,,,,,,
Mehdi Bourabia,Frosinone,it Serie A,MF,32.4,222,2.5,,,,,,,,,,
Simone Pafundi,Udinese,it Serie A,MF,17.8,12,0.1,,,,,,,,,,
Marley Aké,Udinese,it Serie A,FW,23.0,9,0.1,,,,,,,,,,
Emmanuel Ekong,Empoli,it Serie A,FW,21.5,11,0.1,,,,,,,,,,
Alessandro Di Pardo,Cagliari,it Serie A,DF,24.5,373,4.1,,,,,,,,,,
Joseph Nonge,Juventus,it Serie A,Off_MF,18.6,22,0.2,,,,,,,,,,
Leonardo Mendicino,Atalanta,it Serie A,MF,17.5,1,0.0,,,,,,,,,,
Lucien Agoume,Inter,it Serie A,MF,21.9,4,0.0,,,,,,,,,,
Justin Kumi,Sassuolo,it Serie A,MF,19.5,3,0.0,,,,,,,,,,
Lautaro Martínez,Inter,it Serie A,FW,26.4,2668,29.6,681.7311715983946,Top Starter,,,,,555.3835516572854,Top Starter,,
Khvicha Kvaratskhelia,Napoli,it Serie A,FW,22.9,2750,30.6,631.5255011815864,Top Starter,,,,,669.6733493080957,Top Starter,,
Domenico Berardi,Sassuolo,it Serie A,FW,29.4,1438,16.0,429.7170318874852,Top Starter,,,,,557.5237825287234,Top Starter,,
Paulo Dybala,Roma,it Serie A,FW,30.1,1977,22.0,594.4728466854035,Top Starter,,,,,564.9837233045744,Top Starter,,
Rafael Leão,Milan,it Serie A,FW,24.6,2523,28.0,699.9703131591847,Top Starter,,,,,578.7539553433664,Top Starter,,
Marcus Thuram,Inter,it Serie A,FW,26.4,2707,30.1,626.8059165345862,Top Starter,,,,,520.6113540137894,Top Starter,,
Charles De Ketelaere,Atalanta,it Serie A,FW,22.8,2046,22.7,692.1224828650192,Top Starter,,,,,721.2989592873483,Top Starter,,
Matìas Soulé,Frosinone,it Serie A,FW,20.7,3136,34.8,410.2533011944076,Top Starter,,,,,693.4317276228883,Top Starter,,
Ademola Lookman,Atalanta,it Serie A,FW,26.2,1899,21.1,820.7835655500712,World Class,,,,,641.6942283179079,Top Starter,,
Christian Pulisic,Milan,it Serie A,FW,25.3,2620,29.1,598.5828376789283,Top Starter,,,,,532.4772747228142,Top Starter,,
Victor Osimhen,Napoli,it Serie A,FW,25.0,1990,22.1,647.3441786123084,Top Starter,,,,,442.5959915177383,Top Starter,,
Albert Guðmundsson,Genoa,it Serie A,FW,26.5,3022,33.6,459.56731454179624,Top Starter,,,,,465.2276266627287,Top Starter,,
Gianluca Scamacca,Atalanta,it Serie A,FW,25.0,1464,16.3,793.9187654487454,World Class,,,,,513.7001789088147,Top Starter,,
Antonio Candreva,Salernitana,it Serie A,Off_MF,36.8,2757,30.6,422.275650109578,Top Starter,,,,,382.10838473557135,Solid Squad Player,,
Duván Zapata,Torino,it Serie A,FW,32.8,3005,33.4,497.9269274076933,Top Starter,,,,,658.1794263945335,Top Starter,,
Tijjani Noslin,Hellas Verona,it Serie A,FW,24.5,1346,15.0,504.67075766723445,Top Starter,,,,,662.3571754314991,Top Starter,,
Mattia Zaccagni,Lazio,it Serie A,FW,28.5,1971,21.9,406.2038915449544,Top Starter,,,,,680.3556670501677,Top Starter,,
Lorenzo Pellegrini,Roma,it Serie A,Off_MF,27.5,1866,20.7,490.75373252188433,Top Starter,,,,,633.1697805016371,Top Starter,,
Olivier Giroud,Milan,it Serie A,FW,37.3,2373,26.4,617.9086948089509,Top Starter,,,,,385.62170316153527,Solid Squad Player,,
Federico Chiesa,Juventus,it Serie A,FW,26.2,2207,24.5,524.520060526973,Top Starter,,,,,428.0337847915065,Top Starter,,
Joshua Zirkzee,Bologna,it Serie A,FW,22.6,2771,30.8,463.8832290707016,Top Starter,,,,,562.9104536231829,Top Starter,,
Andrea Colpani,Monza,it Serie A,Off_MF,24.6,2683,29.8,450.6438913028253,Top Starter,,,,,450.44251486172254,Top Starter,,
Dušan Vlahović,Juventus,it Serie A,FW,23.9,2318,25.8,649.2125010003192,Top Starter,,,,,436.0063386331394,Top Starter,,
Armand Lauriente,Sassuolo,it Serie A,FW,25.1,2926,32.5,338.8453902412108,Solid Squad Player,,,,,512.3533365569032,Top Starter,,
Romelu Lukaku,Roma,it Serie A,FW,30.6,2644,29.4,498.8559092810674,Top Starter,,,,,354.9492473677372,Solid Squad Player,,
Milan Đurić,Monza,it Serie A,FW,33.6,2471,27.5,353.9040648050744,Solid Squad Player,,,,,537.2538423049124,Top Starter,,
Alexis Sánchez,Inter,it Serie A,FW,35.0,780,8.7,561.3823086096484,Top Starter,,,,,610.0145898054624,Top Starter,,
Remi Oudin,Lecce,it Serie A,Off_MF,27.1,1826,20.3,407.72607986641856,Top Starter,,,,,512.4229963662383,Top Starter,,
Riccardo Sottil,Fiorentina,it Serie A,FW,24.6,1121,12.5,422.5244189367224,Top Starter,,,,,572.0057904869368,Top Starter,,
Nicolò Cambiaghi,Empoli,it Serie A,FW,23.0,2562,28.5,181.57559562451598,Below Big-5 Level,,,,,593.8225901722645,Top Starter,,
Leonardo Pavoletti,Cagliari,it Serie A,FW,35.1,626,7.0,597.454175083983,Top Starter,,,,,596.0802584491937,Top Starter,,
Jovane Cabral,Salernitana,it Serie A,Off_MF,25.5,685,7.6,319.2105003327423,Solid Squad Player,,,,,676.234928616797,Top Starter,,
Patrick Ciurria,Monza,it Serie A,DF,28.9,1602,17.8,,,,,441.62004924175756,Top Starter,431.98935528796414,Top Starter,,
Cyril Ngonge,Napoli,it Serie A,FW,23.6,1743,19.4,506.4783789048155,Top Starter,,,,,605.3758254170509,Top Starter,,
Giacomo Raspadori,Napoli,it Serie A,FW,23.9,1595,17.7,520.7809719975954,Top Starter,,,,,457.0297015009511,Top Starter,,
Gabriel Strefezza,Lecce,it Serie A,FW,26.7,1118,12.4,204.57858801742253,Solid Squad Player,,,,,640.2109854890059,Top Starter,,
Nikola Krstović,Lecce,it Serie A,FW,23.7,2396,26.6,396.12772640209056,Solid Squad Player,,,,,542.9061853532277,Top Starter,,
Andrea Belotti,Fiorentina,it Serie A,FW,30.0,1644,18.3,458.59632911281346,Top Starter,,,,,553.3514647117086,Top Starter,,
Andrea Pinamonti,Sassuolo,it Serie A,FW,24.6,3104,34.5,306.34126719360955,Solid Squad Player,,,,,443.72908298147456,Top Starter,,
Tomáš Suslov,Hellas Verona,it Serie A,Off_MF,21.6,2100,23.3,378.7126626710153,Solid Squad Player,,,,,613.9896650118742,Top Starter,,
Stephan El Shaarawy,Roma,it Serie A,FW,31.2,1750,19.4,331.21742159372934,Solid Squad Player,,,,,479.72083333504804,Top Starter,,
Junior Messias,Genoa,it Serie A,Off_MF,32.6,1070,11.9,272.6100664859277,Solid Squad Player,,,,,667.2757164156295,Top Starter,,
M'Baye Niang,Empoli,it Serie A,FW,29.0,706,7.8,398.2650369412131,Solid Squad Player,,,,,556.0712726812591,Top Starter,,
Dany Mota,Monza,it Serie A,FW,25.7,2063,22.9,351.1500508671404,Solid Squad Player,,,,,501.18858001467294,Top Starter,,
Luis Muriel,Atalanta,it Serie A,FW,32.7,400,4.4,,,,,,,,,,
Beto,Udinese,it Serie A,FW,,74,0.8,,,,,,,,,,
Florian Thauvin,Udinese,it Serie A,FW,30.9,1724,19.2,474.0385723069102,Top Starter,,,,,463.7251119597572,Top Starter,,
Mateo Retegui,Genoa,it Serie A,FW,24.7,2225,24.7,299.8664200076014,Solid Squad Player,,,,,466.2270138917987,Top Starter,,
Jonathan Ikone,Fiorentina,it Serie A,FW,25.7,1685,18.7,316.9011312259851,Solid Squad Player,,,,,466.40301792335583,Top Starter,,
Lucas Beltrán,Fiorentina,it Serie A,FW,22.8,1694,18.8,370.07987711487885,Solid Squad Player,,,,,534.0622956586537,Top Starter,,
Daniel Maldini,Monza,it Serie A,Off_MF,22.2,588,6.5,637.3689730312605,Top Starter,,,,,560.8269080037654,Top Starter,,
Kenan Yıldız,Juventus,it Serie A,FW,18.7,967,10.7,341.4560394033174,Solid Squad Player,,,,,628.0984412311424,Top Starter,,
Valentín Castellanos,Lazio,it Serie A,FW,,1682,18.7,433.0236685787271,Top Starter,,,,,645.4834754700834,Top Starter,,
Marko Arnautović,Inter,it Serie A,FW,34.7,779,8.7,817.9186354594702,World Class,,,,,382.2773757022849,Solid Squad Player,,
Zito Luvumbo,Cagliari,it Serie A,FW,21.8,1947,21.6,381.53240930671956,Solid Squad Player,,,,,473.1256410218805,Top Starter,,
Caleb Ekuban,Genoa,it Serie A,FW,29.8,1138,12.6,431.60071097251506,Top Starter,,,,,566.4640700542634,Top Starter,,
Andrea Petagna,Cagliari,it Serie A,FW,28.5,1014,11.3,251.56581384520422,Solid Squad Player,,,,,515.046493929457,Top Starter,,
Pontus Almqvist,Lecce,it Serie A,FW,24.5,2115,23.5,205.90027761575044,Solid Squad Player,,,,,549.4241833892411,Top Starter,,
Samuel Iling-Junior,Juventus,it Serie A,DF,20.2,813,9.0,,,,,594.4564065544895,Top Starter,608.2433878814246,Top Starter,,
Santiago Castro,Bologna,it Serie A,FW,19.3,238,2.6,,,,,,,,,,
Lorenzo Lucca,Udinese,it Serie A,FW,23.3,2609,29.0,373.35079525436385,Solid Squad Player,,,,,544.9172623202467,Top Starter,,
Christian Kouamé,Fiorentina,it Serie A,FW,26.1,1100,12.2,317.63372760689333,Solid Squad Player,,,,,806.0139656505189,World Class,,
Federico Bonazzoli,Hellas Verona,it Serie A,FW,26.6,1014,11.3,369.52327734131075,Solid Squad Player,,,,,411.1672375871142,Top Starter,,
Ciro Immobile,Lazio,it Serie A,FW,33.9,1661,18.5,330.9624784163798,Solid Squad Player,,,,,403.1093098525959,Top Starter,,
Szymon Żurkowski,Empoli,it Serie A,MF,26.3,871,9.7,,,304.0953773648396,Solid Squad Player,,,501.16954441812567,Top Starter,,
Antonio Sanabria,Torino,it Serie A,FW,27.8,2133,23.7,265.7746654016957,Solid Squad Player,,,,,545.5833140920068,Top Starter,,
Gianluca Lapadula,Cagliari,it Serie A,FW,33.9,1212,13.5,317.5006440099657,Solid Squad Player,,,,,369.9521709030372,Solid Squad Player,,
Walid Cheddira,Frosinone,it Serie A,FW,25.9,2142,23.8,343.66101739667465,Solid Squad Player,,,,,437.167904339452,Top Starter,,
Vitinha,Genoa,it Serie A,MF,,300,3.3,,,,,,,,,,
Jacopo Fazzini,Empoli,it Serie A,Off_MF,20.8,1242,13.8,332.7447958395134,Solid Squad Player,,,,,796.4776812347195,World Class,,
Loum Tchaouna,Salernitana,it Serie A,FW,20.3,2105,23.4,287.32994493968033,Solid Squad Player,,,,,469.53512857036964,Top Starter,,
Jesper Karlsson,Bologna,it Serie A,FW,25.4,345,3.8,,,,,,,,,,
Gustav Isaksen,Lazio,it Serie A,FW,22.7,1074,11.9,381.66379981317385,Solid Squad Player,,,,,499.61479240193705,Top Starter,,
Samuel Chukwueze,Milan,it Serie A,FW,24.6,1017,11.3,406.81909810574837,Top Starter,,,,,661.698693551045,Top Starter,,
Karol Świderski,Hellas Verona,it Serie A,FW,26.9,504,5.6,445.7588070037284,Top Starter,,,,,569.4096094166362,Top Starter,,
Luka Jović,Milan,it Serie A,FW,26.0,872,9.7,659.393634850515,Top Starter,,,,,420.5423790981491,Top Starter,,
Nicola Sansone,Lecce,it Serie A,FW,32.3,758,8.4,491.373018600004,Top Starter,,,,,615.9321808541077,Top Starter,,
Noah Okafor,Milan,it Serie A,FW,23.6,881,9.8,654.1048636983867,Top Starter,,,,,405.0004147565149,Top Starter,,
Eldor Shomurodov,Cagliari,it Serie A,FW,28.5,958,10.6,532.5621280299746,Top Starter,,,,,551.9966169223255,Top Starter,,
Tammy Abraham,Roma,it Serie A,FW,26.2,240,2.7,,,,,,,,,,
Sardar Azmoun,Roma,it Serie A,FW,29.0,595,6.6,570.8132309944153,Top Starter,,,,,559.1241607342226,Top Starter,,
Juan Cruz,Hellas Verona,it Serie A,FW,24.5,107,1.2,,,,,,,,,,
João Mário Lopes,Juventus,it Serie A,FW,29.8,925,10.3,613.9084892315908,Top Starter,,,,,567.3744594283813,Top Starter,,
M'Bala Nzola,Fiorentina,it Serie A,FW,27.4,1550,17.2,332.15101748271144,Solid Squad Player,,,,,569.2521532761507,Top Starter,,
Lorenzo Colombo,Monza,it Serie A,FW,21.8,1372,15.2,312.89477297652985,Solid Squad Player,,,,,458.5772318720793,Top Starter,,
Pedro,Lazio,it Serie A,FW,36.4,816,9.1,380.4513996548916,Solid Squad Player,,,,,692.5174522003117,Top Starter,,
Matteo Cancellieri,Empoli,it Serie A,FW,21.9,1784,19.8,369.02485371114847,Solid Squad Player,,,,,605.795410316806,Top Starter,,
Giovanni Simeone,Napoli,it Serie A,FW,28.5,845,9.4,283.6927963444543,Solid Squad Player,,,,,523.1527432066611,Top Starter,,
Francesco Caputo,Empoli,it Serie A,FW,36.4,1274,14.2,220.53705580545622,Solid Squad Player,,,,,266.2243715006518,Solid Squad Player,,
Keinan Davis,Udinese,it Serie A,FW,25.9,196,2.2,,,,,,,,,,
Gianluca Caprari,Monza,it Serie A,Off_MF,30.4,292,3.2,,,,,,,,,,
Simeon Nwankwo,Salernitana,it Serie A,FW,31.7,699,7.8,425.9677591876273,Top Starter,,,,,508.45418617000826,Top Starter,,
Brenner,Udinese,it Serie A,Off_MF,,192,2.1,,,,,,,,,,
Santiago Pierotti,Lecce,it Serie A,Off_MF,22.7,197,2.2,,,,,,,,,,
Mirko Marić,Monza,it Serie A,FW,28.6,284,3.2,,,,,,,,,,
Isaac Success,Udinese,it Serie A,FW,28.0,878,9.8,324.07450127791236,Solid Squad Player,,,,,583.0393178240811,Top Starter,,
Grégoire Defrel,Sassuolo,it Serie A,FW,32.5,759,8.4,294.4530613036928,Solid Squad Player,,,,,494.077108005131,Top Starter,,
Boulaye Dia,Salernitana,it Serie A,FW,27.1,1143,12.7,291.8775699911474,Solid Squad Player,,,,,395.54054832368354,Solid Squad Player,,
Alberto Cerri,Empoli,it Serie A,FW,27.7,553,6.1,231.01784334531493,Solid Squad Player,,,,,638.8634530882413,Top Starter,,
Roberto Piccoli,Lecce,it Serie A,FW,22.9,1406,15.6,366.8215478729724,Solid Squad Player,,,,,572.5891383619485,Top Starter,,
Emanuel Vignato,Salernitana,it Serie A,MF,23.4,320,3.6,,,,,,,,,,
David Okereke,Torino,it Serie A,FW,26.3,253,2.8,,,,,,,,,,
Kingstone Mutandwa,Cagliari,it Serie A,FW,21.0,52,0.6,,,,,,,,,,
Shon Weissman,Salernitana,it Serie A,FW,27.9,493,5.5,199.81062357788835,Below Big-5 Level,,,,,349.4495856764546,Solid Squad Player,,
Emil Ceide,Sassuolo,it Serie A,FW,22.3,181,2.0,,,,,,,,,,
Steven Shpendi,Empoli,it Serie A,FW,20.6,411,4.6,,,,,,,,,,
Trivante Stewart,Salernitana,it Serie A,FW,23.8,96,1.1,,,,,,,,,,
Thomas Henry,Hellas Verona,it Serie A,FW,29.3,355,3.9,,,,,,,,,,
Pietro Pellegri,Torino,it Serie A,FW,22.8,783,8.7,207.89869159467318,Solid Squad Player,,,,,507.2379805164424,Top Starter,,
Andres Sfait,Salernitana,it Serie A,DF,19.1,21,0.2,,,,,,,,,,
Stefan Mitrović,Hellas Verona,it Serie A,DF,,388,4.3,,,,,,,,,,
Elayis Tavsan,Hellas Verona,it Serie A,Off_MF,22.7,53,0.6,,,,,,,,,,
Marcin Listkowski,Lecce,it Serie A,FW,25.9,13,0.1,,,,,,,,,,
Ola Solbakken,Roma,it Serie A,FW,25.3,22,0.2,,,,,,,,,,
Giacomo Corona,Empoli,it Serie A,FW,19.9,9,0.1,,,,,,,,,,
Marvin Cuni,Frosinone,it Serie A,FW,22.5,579,6.4,237.38992875949978,Solid Squad Player,,,,,595.0522180945567,Top Starter,,
Farés Ghedjemis,Frosinone,it Serie A,FW,21.3,187,2.1,,,,,,,,,,
Samuele Mulattieri,Sassuolo,it Serie A,FW,23.2,492,5.5,230.34528342558275,Solid Squad Player,,,,,644.6077392706446,Top Starter,,
Sydney van Hooijdonk,Bologna,it Serie A,FW,23.9,228,2.5,,,,,,,,,,
Mattia Destro,Empoli,it Serie A,FW,32.8,362,4.0,,,,,,,,,,
Chukwubuikem Ikwuemesi,Salernitana,it Serie A,FW,22.4,1091,12.1,224.14239719144294,Solid Squad Player,,,,,435.712201153322,Top Starter,,
Erik Botheim,Salernitana,it Serie A,FW,24.0,322,3.6,,,,,,,,,,
Seydou Fini,Genoa,it Serie A,DF,17.6,41,0.5,,,,,,,,,,
Moise Kean,Juventus,it Serie A,FW,23.8,676,7.5,194.67633864399068,Below Big-5 Level,,,,,484.91570268536736,Top Starter,,
Kaio Jorge,Frosinone,it Serie A,FW,21.9,827,9.2,333.2055051772851,Solid Squad Player,,,,,441.04357566835336,Top Starter,,
Alphadjo Cissè,Hellas Verona,it Serie A,FW,17.2,11,0.1,,,,,,,,,,
Yayah Kallon,Hellas Verona,it Serie A,FW,22.5,15,0.2,,,,,,,,,,
Gerardo Fusco,Salernitana,it Serie A,FW,18.6,14,0.2,,,,,,,,,,
Vivaldo Semedo,Udinese,it Serie A,FW,18.9,11,0.1,,,,,,,,,,
Leonardo Cerri,Juventus,it Serie A,DF,20.8,11,0.1,,,,,,,,,,
Andrea Sodero,Empoli,it Serie A,Off_MF,19.4,9,0.1,,,,,,,,,,
Yann Karamoh,Torino,it Serie A,FW,25.5,163,1.8,,,,,,,,,,
David Akpan Ankeye,Genoa,it Serie A,FW,21.6,64,0.7,,,,,,,,,,
Giorgi Kvernadze,Frosinone,it Serie A,FW,20.9,59,0.7,,,,,,,,,,
Luka Romero,Milan,it Serie A,FW,19.1,86,1.0,,,,,,,,,,
Gennaro Borrelli,Frosinone,it Serie A,FW,23.8,23,0.3,,,,,,,,,,
Jeppe Corfitzen,Lecce,it Serie A,FW,19.0,8,0.1,,,,,,,,,,
George Pușcaș,Genoa,it Serie A,FW,27.7,218,2.4,,,,,,,,,,
Francesco Camarda,Milan,it Serie A,FW,15.8,26,0.3,,,,,,,,,,
Nikola Sekulov,Juventus,it Serie A,FW,21.9,10,0.1,,,,,,,,,,
Rareș-Cătălin Burnete,Lecce,it Serie A,FW,19.9,7,0.1,,,,,,,,,,
Massamba N'Diaye,Clermont Foot,fr Ligue 1,GK,22.2,360,4.0,,,,,,,,,,
Radosław Majecki,Monaco,fr Ligue 1,GK,24.1,1080,12.0,,,,,,,,,923.2257769483806,Exceptional
Rémy Descamps,Nantes,fr Ligue 1,GK,27.5,540,6.0,,,,,,,,,901.3853183346328,Exceptional
Dimitry Bertaud,Montpellier,fr Ligue 1,GK,25.6,360,4.0,,,,,,,,,,
Mory Diaw,Clermont Foot,fr Ligue 1,GK,30.5,2700,30.0,,,,,,,,,808.4598989354445,World Class
Gianluigi Donnarumma,Paris S-G,fr Ligue 1,GK,24.8,2170,24.1,,,,,,,,,904.9128929892837,Exceptional
Anthony Lopes,Lyon,fr Ligue 1,GK,33.3,2790,31.0,,,,,,,,,540.9299081117516,Top Starter
Brice Samba,Lens,fr Ligue 1,GK,29.7,2970,33.0,,,,,,,,,875.2230299030949,World Class
Yvon Mvogo,Lorient,fr Ligue 1,GK,29.6,3060,34.0,,,,,,,,,519.1810695160788,Top Starter
Alexandre Oukidja,Metz,fr Ligue 1,GK,35.5,2988,33.2,,,,,,,,,539.8713830401032,Top Starter
Benjamin Lecomte,Montpellier,fr Ligue 1,GK,32.7,2700,30.0,,,,,,,,,522.6818415065834,Top Starter
Marco Bizot,Brest,fr Ligue 1,GK,32.8,2878,32.0,,,,,,,,,649.7598706112244,Top Starter
Lucas Chevalier,Lille,fr Ligue 1,GK,22.2,2969,33.0,,,,,,,,,654.7974911868737,Top Starter
Arthur Desmas,Le Havre,fr Ligue 1,GK,29.7,2970,33.0,,,,,,,,,746.9101178714875,Top Starter
Arnau Tenas,Paris S-G,fr Ligue 1,GK,22.6,528,5.9,,,,,,,,,467.32694068378095,Top Starter
Alban Lafont,Nantes,fr Ligue 1,GK,24.9,2497,27.7,,,,,,,,,556.5516300274498,Top Starter
Marcin Bułka,Nice,fr Ligue 1,GK,24.2,3060,34.0,,,,,,,,,538.934567049302,Top Starter
Yehvann Diouf,Reims,fr Ligue 1,GK,24.1,3060,34.0,,,,,,,,,498.4466548401706,Top Starter
Steve Mandanda,Rennes,fr Ligue 1,GK,38.8,3060,34.0,,,,,,,,,505.5451460352013,Top Starter
Rubén Blanco,Marseille,fr Ligue 1,GK,28.4,121,1.3,,,,,,,,,,
Philipp Köhn,Monaco,fr Ligue 1,GK,25.7,1980,22.0,,,,,,,,,558.9068125772615,Top Starter
Grégoire Coudert,Brest,fr Ligue 1,GK,24.7,188,2.1,,,,,,,,,,
Pau López,Marseille,fr Ligue 1,GK,29.1,2939,32.7,,,,,,,,,453.05173349226425,Top Starter
Matz Sels,Strasbourg,fr Ligue 1,GK,31.8,1710,19.0,,,,,,,,,397.2420692386914,Solid Squad Player
Guillaume Restes,Toulouse,fr Ligue 1,GK,18.8,3060,34.0,,,,,,,,,414.35181665480917,Top Starter
Mathieu Gorgelin,Le Havre,fr Ligue 1,GK,33.4,90,1.0,,,,,,,,,,
Vito Mannone,Lille,fr Ligue 1,GK,35.8,101,1.1,,,,,,,,,,
Alaa Bellaarouch,Strasbourg,fr Ligue 1,GK,21.9,1350,15.0,,,,,,,,,478.635463558068,Top Starter
Keylor Navas,Paris S-G,fr Ligue 1,GK,37.0,360,4.0,,,,,,,,,,
Guillaume Dietsch,Metz,fr Ligue 1,GK,22.7,72,0.8,,,,,,,,,,
Denis Petrić,Nantes,fr Ligue 1,GK,35.6,23,0.3,,,,,,,,,,
Rémy Riou,Paris FC,fr Ligue 1,GK,36.4,270,3.0,,,,,,,,,,
Jean-Louis Leca,Lens,fr Ligue 1,GK,38.3,90,1.0,,,,,,,,,,
Jordan Amavi,Brest,fr Ligue 1,DF,29.8,91,1.0,,,,,,,,,,
Caio Henrique Oliveira Silva,Monaco,fr Ligue 1,DF,26.4,628,7.0,,,,,481.8384316886447,Top Starter,503.89804828036523,Top Starter,,
Achraf Hakimi,Paris S-G,fr Ligue 1,DF,25.2,1931,21.5,,,,,467.2290317993342,Top Starter,587.5593449063248,Top Starter,,
Wilfried Singo,Monaco,fr Ligue 1,DF,23.0,2187,24.3,,,,,795.843834136903,World Class,815.350729549654,World Class,,
Marquinhos,Paris S-G,fr Ligue 1,DF,29.6,1539,17.1,,,,,538.3850883979152,Top Starter,568.0245666378521,Top Starter,,
Kenny Lala,Brest,fr Ligue 1,DF,32.2,2970,33.0,,,,,622.7670912251443,Top Starter,593.0928193557368,Top Starter,,
Mohammed Salisu,Monaco,fr Ligue 1,DF,24.7,1035,11.5,,,,,763.9184639475096,World Class,867.8870554982249,World Class,,
Bafodé Diakité,Lille,fr Ligue 1,DF,23.0,1706,19.0,,,,,598.7542629389707,Top Starter,579.9722712441787,Top Starter,,
Tiago Santos,Lille,fr Ligue 1,DF,21.4,2369,26.3,,,,,598.7313774618874,Top Starter,622.9406683739388,Top Starter,,
Ismail Jakobs,Monaco,fr Ligue 1,DF,24.4,1476,16.4,,,,,711.5011549250828,Top Starter,789.5903330870703,World Class,,
Christopher Operi,Le Havre,fr Ligue 1,DF,26.7,2447,27.2,,,,,671.4165230143893,Top Starter,635.6142661943378,Top Starter,,
Danilo Pereira,Paris S-G,fr Ligue 1,DF,32.3,1999,22.2,,,,,578.2090621885333,Top Starter,612.9888822516924,Top Starter,,
Leonardo Balerdi,Marseille,fr Ligue 1,DF,24.9,2275,25.3,,,,,894.4116794280133,World Class,824.6489389102188,World Class,,
Emmanuel Agbadou,Reims,fr Ligue 1,DF,26.5,2597,28.9,,,,,794.526670860051,World Class,751.6824830323333,World Class,,
Joseph Okumu,Reims,fr Ligue 1,DF,26.6,1742,19.4,,,,,865.9200715104973,World Class,789.9719783993916,World Class,,
Dante,Nice,fr Ligue 1,DF,40.2,2844,31.6,,,,,631.4806213466994,Top Starter,691.9434421901948,Top Starter,,
Thilo Kehrer,Monaco,fr Ligue 1,DF,27.3,1324,14.7,,,,,744.9221525441664,Top Starter,650.5757588802456,Top Starter,,
Youcef Atal,Nice,fr Ligue 1,DF,27.6,362,4.0,,,,,,,,,,
Kevin Danso,Lens,fr Ligue 1,DF,25.3,2655,29.5,,,,,561.102115762771,Top Starter,592.2046105883492,Top Starter,,
Lucas Hernández,Paris S-G,fr Ligue 1,DF,27.9,1915,21.3,,,,,736.4444464309195,Top Starter,686.2219339811774,Top Starter,,
Brendan Chardonnet,Brest,fr Ligue 1,DF,29.0,2970,33.0,,,,,726.5763977009715,Top Starter,715.9247480827282,Top Starter,,
Samuel Gigot,Marseille,fr Ligue 1,DF,30.2,1729,19.2,,,,,692.8836899073955,Top Starter,654.6007547876427,Top Starter,,
Modibo Sagnan,Montpellier,fr Ligue 1,DF,24.7,1056,11.7,,,,,814.8476507739048,World Class,666.7567400100262,Top Starter,,
Arthur Theate,Rennes,fr Ligue 1,DF,23.6,2300,25.6,,,,,590.4633468007845,Top Starter,579.6823790966171,Top Starter,,
Vanderson,Monaco,fr Ligue 1,DF,,1648,18.3,,,,,771.4277623766403,World Class,746.3427532052564,Top Starter,,
Jean-Clair Todibo,Nice,fr Ligue 1,DF,24.0,2654,29.5,,,,,649.4979110576978,Top Starter,679.9477779524159,Top Starter,,
Lilian Brassier,Brest,fr Ligue 1,DF,24.2,2679,29.8,,,,,613.41871654976,Top Starter,612.0184242492373,Top Starter,,
Mateusz Wieteska,Clermont Foot,fr Ligue 1,DF,26.9,175,1.9,,,,,,,,,,
Renan Lodi,Marseille,fr Ligue 1,DF,25.7,1237,13.7,,,,,560.553984025097,Top Starter,552.0153353253418,Top Starter,,
Frederic Guilbert,Strasbourg,fr Ligue 1,DF,29.0,2493,27.7,,,,,783.9630760012625,World Class,657.7396155188021,Top Starter,,
Facundo Medina,Lens,fr Ligue 1,DF,24.6,2714,30.2,,,,,611.7986659101194,Top Starter,657.3481826437002,Top Starter,,
Nuno Mendes,Paris S-G,fr Ligue 1,DF,21.5,266,3.0,,,,,,,,,,
Yunis Abdelhamid,Reims,fr Ligue 1,DF,36.3,2782,30.9,,,,,668.8374465198117,Top Starter,660.7754465786048,Top Starter,,
Rasmus Nicolaisen,Toulouse,fr Ligue 1,DF,26.8,2927,32.5,,,,,692.6721330468813,Top Starter,707.5410870205269,Top Starter,,
Melvin Bard,Nice,fr Ligue 1,DF,23.2,2661,29.6,,,,,644.3666322133205,Top Starter,723.9453264032549,Top Starter,,
Bradley Locko,Brest,fr Ligue 1,DF,21.7,2960,32.9,,,,,730.0970032905013,Top Starter,749.4146541892201,Top Starter,,
Chancel Mbemba,Marseille,fr Ligue 1,DF,29.4,2209,24.5,,,,,517.3102356536228,Top Starter,491.23137898770995,Top Starter,,
Abdoul Koné,Reims,fr Ligue 1,DF,18.7,196,2.2,,,,,,,,,,
Arouna Sangante,Le Havre,fr Ligue 1,DF,21.7,2690,29.9,,,,,726.7452942672359,Top Starter,673.8711360666953,Top Starter,,
Jonathan Gradit,Lens,fr Ligue 1,DF,31.1,2119,23.5,,,,,636.7780292863907,Top Starter,662.632283791008,Top Starter,,
Maxime Estève,Montpellier,fr Ligue 1,DF,21.6,1069,11.9,,,,,640.4384393318901,Top Starter,534.8783851042414,Top Starter,,
Gabriel Suazo,Toulouse,fr Ligue 1,DF,26.4,2362,26.2,,,,,596.4834505969949,Top Starter,621.7070942278169,Top Starter,,
Lucas Perrin,Strasbourg,fr Ligue 1,DF,25.1,2722,30.2,,,,,605.8944132458113,Top Starter,552.6371836417446,Top Starter,,
Becir Omeragic,Montpellier,fr Ligue 1,DF,21.9,2312,25.7,,,,,572.1294096049268,Top Starter,516.9615968811652,Top Starter,,
Logan Costa,Toulouse,fr Ligue 1,DF,22.8,2648,29.4,,,,,578.0657405007274,Top Starter,603.1950817395585,Top Starter,,
Gautier Lloris,Le Havre,fr Ligue 1,DF,28.5,2779,30.9,,,,,614.488835609533,Top Starter,625.3804645589295,Top Starter,,
Warmed Omari,Rennes,fr Ligue 1,DF,23.7,2071,23.0,,,,,646.9104858792396,Top Starter,637.0144661178989,Top Starter,,
Quentin Merlin,Marseille,fr Ligue 1,DF,21.6,1991,22.1,,,,,600.7257156089496,Top Starter,569.685757162603,Top Starter,,
Michael Amir Murillo,Marseille,fr Ligue 1,DF,27.9,1008,11.2,,,,,611.20752631226,Top Starter,647.5874225081233,Top Starter,,
Souleymane Touré,Lorient,fr Ligue 1,DF,20.8,2052,22.8,,,,,607.8567575430302,Top Starter,566.6909526593996,Top Starter,,
Lorenz Assignon,Rennes,fr Ligue 1,DF,23.5,1012,11.2,,,,,544.7935636406426,Top Starter,688.0932900597398,Top Starter,,
Ismaily,Lille,fr Ligue 1,DF,34.0,2467,27.4,,,,,735.9401912829187,Top Starter,670.2417362319392,Top Starter,,
Nicolás Tagliafico,Lyon,fr Ligue 1,DF,31.3,2127,23.6,,,,,626.8222210035834,Top Starter,528.7449359816854,Top Starter,,
Nicolas Pallois,Nantes,fr Ligue 1,DF,36.3,1591,17.7,,,,,720.4328658389549,Top Starter,617.4661435403597,Top Starter,,
Alexsandro Ribeiro,Lille,fr Ligue 1,DF,24.4,2231,24.8,,,,,681.7569910712886,Top Starter,599.2986496628937,Top Starter,,
Marvin Senaya,Strasbourg,fr Ligue 1,DF,22.9,2148,23.9,,,,,812.4789749349818,World Class,688.0369308877712,Top Starter,,
Neto Borges,Clermont Foot,fr Ligue 1,DF,27.3,2519,28.0,,,,,650.0834317558687,Top Starter,678.5352798407159,Top Starter,,
Leny Yoro,Lille,fr Ligue 1,DF,18.1,2681,29.8,,,,,589.7445085187479,Top Starter,522.5425667980045,Top Starter,,
Clinton Mata,Lyon,fr Ligue 1,DF,31.1,2228,24.8,,,,,654.0725183242411,Top Starter,673.482601208062,Top Starter,,
Mikkel Desler,Toulouse,fr Ligue 1,DF,28.9,1549,17.2,,,,,530.5680763218585,Top Starter,569.4779514042592,Top Starter,,
Boubakar Kouyaté,Montpellier,fr Ligue 1,DF,,1929,21.4,,,,,795.173912543374,World Class,750.47186342021,World Class,,
Youssouf Ndayishimiye,Nice,fr Ligue 1,MF,25.2,1713,19.0,,,319.86839741847416,Solid Squad Player,,,646.4627721587123,Top Starter,,
Christopher Jullien,Montpellier,fr Ligue 1,DF,30.8,1227,13.6,,,,,612.2927997024533,Top Starter,588.3116004041906,Top Starter,,
Ainsley Maitland-Niles,Lyon,fr Ligue 1,DF,26.3,1450,16.1,,,,,589.6358773464533,Top Starter,649.1409632896205,Top Starter,,
Eray Cömert,Nantes,fr Ligue 1,DF,25.9,1998,22.2,,,,,667.9660497344693,Top Starter,526.2522618918933,Top Starter,,
Lucas Beraldo,Paris S-G,fr Ligue 1,DF,20.1,1011,11.2,,,,,701.5785539444557,Top Starter,665.5864090110166,Top Starter,,
Saidou Sow,Strasbourg,fr Ligue 1,DF,21.5,717,8.0,,,,,785.2105615854986,World Class,675.880043465971,Top Starter,,
Milan Škriniar,Paris S-G,fr Ligue 1,DF,28.9,1623,18.0,,,,,538.268184165472,Top Starter,576.4748819037626,Top Starter,,
Birger Meling,Rennes,fr Ligue 1,DF,29.0,16,0.2,,,,,,,,,,
Mahamadou Nagida,Rennes,fr Ligue 1,DF,18.5,104,1.2,,,,,,,,,,
Jake O'Brien,Lyon,fr Ligue 1,DF,22.6,2370,26.3,,,,,486.5015596354612,Top Starter,463.40890684470065,Top Starter,,
Deiver Machado,Lens,fr Ligue 1,DF,30.3,1126,12.5,,,,,559.7761637884339,Top Starter,544.7962072224947,Top Starter,,
Nordi Mukiele,Paris S-G,fr Ligue 1,DF,26.2,802,8.9,,,,,708.6028404634213,Top Starter,797.4885708577125,World Class,,
Etienne Youte Kinkoue,Le Havre,fr Ligue 1,DF,22.0,1943,21.6,,,,,595.1887633399892,Top Starter,474.55341114334254,Top Starter,,
Yoann Salmier,Le Havre,fr Ligue 1,DF,31.1,1575,17.5,,,,,544.7737358014289,Top Starter,555.3405459151306,Top Starter,,
Yoram Zague,Paris S-G,fr Ligue 1,DF,17.6,372,4.1,,,,,,,,,,
Vincent Le Goff,Lorient,fr Ligue 1,DF,34.2,544,6.0,,,,,328.13505989453694,Solid Squad Player,415.3491339822488,Top Starter,,
Moussa Diarra,Toulouse,fr Ligue 1,DF,23.1,1396,15.5,,,,,583.6182642204171,Top Starter,583.8455918018703,Top Starter,,
Christopher Wooh,Rennes,fr Ligue 1,DF,22.3,1388,15.4,,,,,580.4942725444745,Top Starter,595.8553301267901,Top Starter,,
Gerzino Nyamsi,Strasbourg,fr Ligue 1,DF,26.9,1093,12.1,,,,,602.4275333269867,Top Starter,573.6586023618922,Top Starter,,
Théo Sainte-Luce,Montpellier,fr Ligue 1,DF,25.2,345,3.8,,,,,,,,,,
Alidu Seidu,Rennes,fr Ligue 1,DF,23.6,1741,19.3,,,,,826.0002264213275,World Class,732.9332871740345,Top Starter,,
Darlin Yongwa,Lorient,fr Ligue 1,DF,23.3,1159,12.9,,,,,723.8962413614857,Top Starter,734.5330399079673,Top Starter,,
Adrien Truffert,Rennes,fr Ligue 1,DF,22.1,2145,23.8,,,,,502.9563029560452,Top Starter,529.8970563845414,Top Starter,,
Sinaly Diomande,Lyon,fr Ligue 1,DF,22.7,890,9.9,,,,,536.7430928961016,Top Starter,651.637185366057,Top Starter,,
Abakar Sylla,Strasbourg,fr Ligue 1,DF,21.0,1792,19.9,,,,,684.1162144994839,Top Starter,737.4462710702265,Top Starter,,
Abdukodir Khusanov,Lens,fr Ligue 1,DF,19.8,817,9.1,,,,,672.061590034076,Top Starter,556.1446536485523,Top Starter,,
Florent Ogier,Clermont Foot,fr Ligue 1,DF,34.8,941,10.5,,,,,577.1386358064,Top Starter,563.215389158599,Top Starter,,
Formose Mendy,Lorient,fr Ligue 1,DF,,1260,14.0,,,,,803.0545835756216,World Class,845.6791897958788,World Class,,
Issiaga Sylla,Montpellier,fr Ligue 1,DF,30.0,1457,16.2,,,,,615.2096556034381,Top Starter,605.3012797005429,Top Starter,,
Montassar Talbi,Lorient,fr Ligue 1,DF,25.6,2205,24.5,,,,,636.7579494348719,Top Starter,605.3311990185726,Top Starter,,
Silvan Hefti,Montpellier,fr Ligue 1,DF,26.2,712,7.9,,,,,625.0262389134622,Top Starter,587.8061996542503,Top Starter,,
Duje Ćaleta-Car,Lyon,fr Ligue 1,DF,27.3,1998,22.2,,,,,534.9880415660117,Top Starter,556.2493114900223,Top Starter,,
Jean-Charles Castelletto,Nantes,fr Ligue 1,DF,28.9,2466,27.4,,,,,592.6294194591353,Top Starter,578.0130921564565,Top Starter,,
Bamo Meïté,Marseille,fr Ligue 1,DF,22.1,798,8.9,,,,,759.3117657989825,World Class,729.1619731194008,Top Starter,,
Julien Le Cardinal,Brest,fr Ligue 1,DF,26.4,546,6.1,,,,,895.8167047756482,World Class,746.1949285954398,Top Starter,,
Valentin Rosier,Nice,fr Ligue 1,DF,27.4,59,0.7,,,,,,,,,,
Fali Candé,Metz,fr Ligue 1,DF,25.9,1852,20.6,,,,,639.5961532621573,Top Starter,556.4548511891529,Top Starter,,
Kassoum Ouattara,Monaco,fr Ligue 1,DF,19.2,646,7.2,,,,,818.5846380157737,World Class,792.281217473574,World Class,,
Jeanuël Belocian,Rennes,fr Ligue 1,DF,18.9,1455,16.2,,,,,587.8450343509697,Top Starter,501.70211224814597,Top Starter,,
Sadibou Sané,Metz,fr Ligue 1,DF,19.6,853,9.5,,,,,642.4209523978967,Top Starter,477.09879499101146,Top Starter,,
Sergio Akieme,Reims,fr Ligue 1,DF,26.0,818,9.1,,,,,506.45327103003837,Top Starter,440.96909110851675,Top Starter,,
Koffi Kouao,Metz,fr Ligue 1,DF,25.6,863,9.6,,,,,710.0816740316145,Top Starter,640.4147627736767,Top Starter,,
Henrique,Lyon,fr Ligue 1,DF,29.7,624,6.9,,,,,513.7923931188457,Top Starter,478.4998020309984,Top Starter,,
Christian Mawissa,Toulouse,fr Ligue 1,DF,18.7,1117,12.4,,,,,718.4232897968027,Top Starter,684.6508802513213,Top Starter,,
Guillermo Maripán,Monaco,fr Ligue 1,DF,29.7,1768,19.6,,,,,579.5706324694663,Top Starter,589.7459263855665,Top Starter,,
Maxime Busi,Reims,fr Ligue 1,FW,24.2,163,1.8,,,,,,,,,,
Falaye Sacko,Montpellier,fr Ligue 1,DF,28.7,1379,15.3,,,,,613.1577329594173,Top Starter,658.8571555013822,Top Starter,,
Jordan Lotomba,Nice,fr Ligue 1,DF,25.3,1816,20.2,,,,,572.5261182220694,Top Starter,523.4436480238008,Top Starter,,
Loïc Nego,Le Havre,fr Ligue 1,DF,33.0,1579,17.5,,,,,584.3431796956779,Top Starter,564.6209827999016,Top Starter,,
Josh Wilson-Esbrand,Reims,fr Ligue 1,DF,21.0,467,5.2,,,,,524.4892682708545,Top Starter,499.47218813858814,Top Starter,,
Guela Doué,Rennes,fr Ligue 1,DF,21.2,1242,13.8,,,,,706.4737196013165,Top Starter,644.3570868056746,Top Starter,,
Nathaniel Adjei,Lorient,fr Ligue 1,DF,21.4,1243,13.8,,,,,608.6264213761887,Top Starter,571.4635467428985,Top Starter,,
Nicolas Cozza,Nantes,fr Ligue 1,DF,25.0,896,10.0,,,,,744.1515242451356,Top Starter,542.116224274147,Top Starter,,
Enzo Tchato,Montpellier,fr Ligue 1,DF,,1123,12.5,,,,,551.4098095896157,Top Starter,481.07513835858174,Top Starter,,
Ulisses Garcia,Marseille,fr Ligue 1,DF,28.0,906,10.1,,,,,629.4376256473356,Top Starter,630.6181122964059,Top Starter,,
Dejan Lovren,Lyon,fr Ligue 1,DF,34.5,721,8.0,,,,,649.0246199246244,Top Starter,635.2499725191954,Top Starter,,
Cheick Konaté,Clermont Foot,fr Ligue 1,DF,19.7,1074,11.9,,,,,593.1236682924738,Top Starter,577.237537026271,Top Starter,,
Gabriel Gudmundsson,Lille,fr Ligue 1,DF,24.7,1281,14.2,,,,,529.7628759349343,Top Starter,520.1538913890998,Top Starter,,
Antoine Mendy,Nice,fr Ligue 1,DF,19.6,420,4.7,,,,,,,,,,
Andy Pelmard,Clermont Foot,fr Ligue 1,DF,23.8,2988,33.2,,,,,592.5273083175036,Top Starter,486.23153817671124,Top Starter,,
Sael Kumbedi,Lyon,fr Ligue 1,DF,18.8,931,10.3,,,,,666.4927196554603,Top Starter,680.019387154848,Top Starter,,
Marcus Coco,Nantes,fr Ligue 1,DF,27.5,1502,16.7,,,,,694.7874141732129,Top Starter,643.4095376388532,Top Starter,,
Ronaël Pierre-Gabriel,Nantes,fr Ligue 1,DF,25.6,603,6.7,,,,,663.1786493467449,Top Starter,567.1707224533625,Top Starter,,
Christophe Hérelle,Metz,fr Ligue 1,DF,31.4,1620,18.0,,,,,601.0941346175925,Top Starter,495.5675487292826,Top Starter,,
Oualid El Hajjam,Le Havre,fr Ligue 1,DF,32.9,416,4.6,,,,,,,,,,
Lucas Mincarelli,Montpellier,fr Ligue 1,DF,,992,11.0,,,,,586.5676110223653,Top Starter,558.2012154259376,Top Starter,,
Chrislain Matsima,Clermont Foot,fr Ligue 1,DF,21.6,1476,16.4,,,,,633.6703770635646,Top Starter,619.0759492270289,Top Starter,,
Maxime Colin,Metz,fr Ligue 1,DF,32.1,1836,20.4,,,,,588.4762173104273,Top Starter,533.1722414769812,Top Starter,,
Mamadou Sakho,Montpellier,fr Ligue 1,DF,33.9,13,0.1,,,,,,,,,,
Steven Baseya,Strasbourg,fr Ligue 1,DF,19.0,14,0.2,,,,,,,,,,
Thomas Foket,Reims,fr Ligue 1,DF,29.3,1843,20.5,,,,,511.86913381035583,Top Starter,552.6493279532002,Top Starter,,
Julien Laporte,Lorient,fr Ligue 1,DF,30.2,1816,20.2,,,,,522.6721175570281,Top Starter,473.4588289673798,Top Starter,,
Jérémy Jacquet,Clermont Foot,fr Ligue 1,DF,18.5,259,2.9,,,,,,,,,,
Maximiliano Caufriez,Clermont Foot,fr Ligue 1,DF,26.9,1665,18.5,,,,,654.0257480449603,Top Starter,523.0010912314714,Top Starter,,
Ismaël Traoré,Metz,fr Ligue 1,DF,37.4,2228,24.8,,,,,457.47860659712785,Top Starter,403.11450793787026,Top Starter,,
Gedeon Kalulu,Lorient,fr Ligue 1,DF,26.3,988,11.0,,,,,553.451658225638,Top Starter,538.4995109682277,Top Starter,,
Benjamin Mendy,Lorient,fr Ligue 1,DF,29.5,709,7.9,,,,,348.28955013823014,Solid Squad Player,421.3016028343353,Top Starter,,
Jean-Kevin Duverne,Nantes,fr Ligue 1,DF,26.5,1363,15.1,,,,,630.8344229229751,Top Starter,632.7564574099518,Top Starter,,
Ismaël Doukouré,Strasbourg,fr Ligue 1,MF,20.4,1659,18.4,,,277.36660681228165,Solid Squad Player,,,547.6403049020644,Top Starter,,
Massadio Haïdara,Lens,fr Ligue 1,DF,31.1,754,8.4,,,,,583.361740963439,Top Starter,530.9860822759321,Top Starter,,
Thibault De Smet,Reims,fr Ligue 1,DF,25.6,1834,20.4,,,,,637.2815891139596,Top Starter,568.7574015676008,Top Starter,,
Achraf Dari,Brest,fr Ligue 1,DF,24.7,127,1.4,,,,,,,,,,
Ibrahim Diakité,Reims,fr Ligue 1,DF,20.2,115,1.3,,,,,,,,,,
Yoël Armougom,Clermont Foot,fr Ligue 1,DF,25.6,239,2.7,,,,,,,,,,
Kévin Van Den Kerkhof,Metz,fr Ligue 1,FW,27.8,1924,21.4,201.62546850913483,Solid Squad Player,,,,,493.9593104153022,Top Starter,,
Kelvin Amian,Nantes,fr Ligue 1,DF,25.9,800,8.9,,,,,475.98577906681226,Top Starter,385.90044078917765,Solid Squad Player,,
Adryelson,Lyon,fr Ligue 1,DF,25.8,12,0.1,,,,,,,,,,
Jaouen Hadjam,Nantes,fr Ligue 1,DF,20.8,122,1.4,,,,,,,,,,
Enzo Mongo,Nantes,fr Ligue 1,DF,18.7,9,0.1,,,,,,,,,,
Nathan Zeze,Nantes,fr Ligue 1,DF,18.5,1022,11.4,,,,,511.74830072511133,Top Starter,437.7034799203121,Top Starter,,
Kévin Keben Biakolo,Toulouse,fr Ligue 1,DF,,524,5.8,,,,,469.5895863039568,Top Starter,514.1857001018429,Top Starter,,
Mamadou Sarr,Lyon,fr Ligue 1,DF,18.3,10,0.1,,,,,,,,,,
Aurélien Pelon,Lorient,fr Ligue 1,DF,19.7,90,1.0,,,,,,,,,,
Romain Perraud,Nice,fr Ligue 1,DF,26.3,376,4.2,,,,,,,,,,
Samuel Umtiti,Lille,fr Ligue 1,DF,30.1,198,2.2,,,,,,,,,,
Aboubacar Lô,Metz,fr Ligue 1,DF,24.0,202,2.2,,,,,,,,,,
Layvin Kurzawa,Paris S-G,fr Ligue 1,DF,31.3,8,0.1,,,,,,,,,,
Luck Zogbé,Brest,fr Ligue 1,DF,18.8,10,0.1,,,,,,,,,,
Ivan M'Bahia,Clermont Foot,fr Ligue 1,DF,18.7,13,0.1,,,,,,,,,,
Hugo Boutsingkham,Nantes,fr Ligue 1,Def_MF,20.9,10,0.1,,,,,,,,,,
Igor Carioca,Lorient,fr Ligue 1,DF,27.4,259,2.9,,,,,,,,,,
Loris Mouyokolo,Lorient,fr Ligue 1,DF,22.6,90,1.0,,,,,,,,,,
Gino Caoki,Lorient,fr Ligue 1,Def_MF,19.5,10,0.1,,,,,,,,,,
Bastien Meupiyou,Nantes,fr Ligue 1,DF,17.8,9,0.1,,,,,,,,,,
Jeremy Doku,Rennes,fr Ligue 1,FW,21.6,111,1.2,,,,,,,,,,
Aleksandr Golovin,Monaco,fr Ligue 1,Off_MF,27.6,2154,23.9,583.0994359828272,Top Starter,,,,,714.7316483329002,Top Starter,,
Jean-Ricner Bellegarde,Strasbourg,fr Ligue 1,Off_MF,25.5,269,3.0,,,,,,,,,,
Vitinha,Paris S-G,fr Ligue 1,MF,,2130,23.7,,,735.7141849212527,Top Starter,,,694.4520869949054,Top Starter,,
Téji Savanier,Montpellier,fr Ligue 1,MF,32.0,2773,30.8,,,786.9862254222177,World Class,,,725.531573070962,Top Starter,,
Romain Del Castillo,Brest,fr Ligue 1,FW,27.8,2515,27.9,533.7790008507864,Top Starter,,,,,786.8670786991819,World Class,,
Pierre Lees-Melou,Brest,fr Ligue 1,MF,30.6,2521,28.0,,,605.4289644813226,Top Starter,,,892.2023180166059,World Class,,
Teddy Teuma,Reims,fr Ligue 1,MF,30.3,2123,23.6,,,769.8266872701914,World Class,,,770.3564001291296,World Class,,
Benjamin Bourigeaud,Rennes,fr Ligue 1,Off_MF,30.0,2435,27.1,476.49520126344663,Top Starter,,,,,531.8000277135067,Top Starter,,
Angel Gomes,Lille,fr Ligue 1,MF,23.3,2578,28.6,,,697.7926495411208,Top Starter,,,497.2772649908946,Top Starter,,
Junya Ito,Reims,fr Ligue 1,FW,30.8,2722,30.2,469.81651421003636,Top Starter,,,,,546.5338472304954,Top Starter,,
Takumi Minamino,Monaco,fr Ligue 1,Off_MF,29.0,2125,23.6,577.3431422462459,Top Starter,,,,,582.2323101355464,Top Starter,,
Saïd Benrahma,Lyon,fr Ligue 1,FW,28.4,778,8.6,677.1584672626852,Top Starter,,,,,599.677659979847,Top Starter,,
Marco Asensio,Paris S-G,fr Ligue 1,Off_MF,27.9,1112,12.4,767.1665711518185,World Class,,,,,492.14279585754366,Top Starter,,
Imran Louza,Lorient,fr Ligue 1,MF,24.7,865,9.6,,,810.089890244523,World Class,,,673.5256045145691,Top Starter,,
Maxence Caqueret,Lyon,fr Ligue 1,MF,23.9,3024,33.6,,,743.0643493083035,Top Starter,,,810.6436553513072,World Class,,
Valentin Rongier,Marseille,fr Ligue 1,MF,29.1,853,9.5,,,524.9729187100838,Top Starter,,,787.3707525992246,World Class,,
Jonathan Clauss,Marseille,fr Ligue 1,DF,31.3,2070,23.0,,,,,583.3767247755018,Top Starter,624.0131912185717,Top Starter,,
Othmane Maamma,Montpellier,fr Ligue 1,FW,18.2,88,1.0,,,,,,,,,,
Muhammed Cham,Clermont Foot,fr Ligue 1,Off_MF,23.3,2561,28.5,394.1418732344272,Solid Squad Player,,,,,564.0847605959665,Top Starter,,
Youssouf Fofana,Monaco,fr Ligue 1,MF,25.0,2701,30.0,,,701.6391591739059,Top Starter,,,784.1312109909555,World Class,,
Maghnes Akliouche,Monaco,fr Ligue 1,Off_MF,21.8,1632,18.1,638.1366123051903,Top Starter,,,,,746.3721739270451,Top Starter,,
Corentin Tolisso,Lyon,fr Ligue 1,MF,29.4,1750,19.4,,,566.3164230064798,Top Starter,,,723.6248101121134,Top Starter,,
Lee Kang-in,Paris S-G,fr Ligue 1,FW,22.9,1470,16.3,425.53376702283236,Top Starter,,,,,633.5130182643802,Top Starter,,
Dilane Bakwa,Strasbourg,fr Ligue 1,FW,21.3,2187,24.3,437.73008507096125,Top Starter,,,,,697.1912125139964,Top Starter,,
Manuel Ugarte,Paris S-G,fr Ligue 1,MF,22.7,1934,21.5,,,553.4192548214593,Top Starter,,,903.2274763115859,Exceptional,,
Benjamin André,Lille,fr Ligue 1,MF,33.4,2573,28.6,,,510.7083366137741,Top Starter,,,942.3145365281107,Exceptional,,
David Costa,Lens,fr Ligue 1,Off_MF,,1509,16.8,436.79954059289327,Top Starter,,,,,556.7580087893854,Top Starter,,
Ruben Aguilar,Lens,fr Ligue 1,DF,30.7,1923,21.4,,,,,652.3343145975525,Top Starter,701.9909349587219,Top Starter,,
Rayan Cherki,Lyon,fr Ligue 1,Off_MF,20.4,1717,19.1,630.7811788170676,Top Starter,,,,,781.4690006105543,World Class,,
Denis Zakaria,Monaco,fr Ligue 1,MF,27.1,2141,23.8,,,426.5615748694437,Top Starter,,,691.7378908411789,Top Starter,,
Matthieu Udol,Metz,fr Ligue 1,DF,27.8,2700,30.0,,,,,655.1019183804082,Top Starter,570.0761462208308,Top Starter,,
Rémy Cabella,Lille,fr Ligue 1,FW,33.8,1492,16.6,444.9831595209667,Top Starter,,,,,821.4969352305634,World Class,,
Amine Harit,Marseille,fr Ligue 1,Off_MF,26.5,1838,20.4,426.2896775651751,Top Starter,,,,,742.7351817883584,Top Starter,,
Laurent Abergel,Lorient,fr Ligue 1,MF,30.9,2862,31.8,,,509.2445852612673,Top Starter,,,788.3793159417571,World Class,,
Nemanja Matić,Lyon,fr Ligue 1,MF,35.4,2286,25.4,,,462.8093991379858,Top Starter,,,779.209579421551,World Class,,
Mahdi Camara,Brest,fr Ligue 1,Off_MF,25.5,2038,22.6,414.81230349555835,Top Starter,,,,,658.8326148947635,Top Starter,,
Fabián Ruiz Peña,Paris S-G,fr Ligue 1,MF,27.7,1194,13.3,,,707.865143132032,Top Starter,,,737.4207515524868,Top Starter,,
Jordan Veretout,Marseille,fr Ligue 1,MF,30.8,2190,24.3,,,655.1622476839536,Top Starter,,,575.1777680466028,Top Starter,,
Niklas Schmidt,Toulouse,fr Ligue 1,MF,25.8,1293,14.4,,,649.7478163732407,Top Starter,,,669.9089351291356,Top Starter,,
Romain Faivre,Lorient,fr Ligue 1,Off_MF,25.5,1453,16.1,436.0059130810125,Top Starter,,,,,654.4746884791265,Top Starter,,
Andrey Santos,Strasbourg,fr Ligue 1,MF,19.7,830,9.2,,,504.969261006343,Top Starter,,,842.6856705590496,World Class,,
Emran Soglo,Marseille,fr Ligue 1,MF,18.5,111,1.2,,,,,,,,,,
Vincent Sierro,Toulouse,fr Ligue 1,MF,28.2,2264,25.2,,,550.1379639159857,Top Starter,,,685.2777472508717,Top Starter,,
Warren Zaïre-Emery,Paris S-G,fr Ligue 1,MF,17.8,1962,21.8,,,635.0327158625371,Top Starter,,,664.4578590289129,Top Starter,,
Enzo Le Fée,Rennes,fr Ligue 1,MF,23.9,1532,17.0,,,655.9232026824637,Top Starter,,,848.1411445629583,World Class,,
Azor Matusiwa,Rennes,fr Ligue 1,MF,25.7,2183,24.3,,,475.66362675326764,Top Starter,,,759.6766845337946,World Class,,
Khéphren Thuram,Nice,fr Ligue 1,MF,22.8,2114,23.5,,,545.5662196776938,Top Starter,,,652.9435523341621,Top Starter,,
Nabil Bentaleb,Lille,fr Ligue 1,MF,29.1,1987,22.1,,,481.66294312862897,Top Starter,,,762.2708445114104,World Class,,
Nampalys Mendy,Lens,fr Ligue 1,MF,31.5,1062,11.8,,,591.6704191710926,Top Starter,,,761.1400884864636,World Class,,
Nabil Alioui,Le Havre,fr Ligue 1,Off_MF,24.9,1024,11.4,534.3156059906394,Top Starter,,,,,438.7710765636826,Top Starter,,
Florent Mollet,Nantes,fr Ligue 1,Off_MF,32.1,2090,23.2,387.8710366472946,Solid Squad Player,,,,,549.2233459678944,Top Starter,,
Angelo Fulgini,Lens,fr Ligue 1,Off_MF,27.4,1394,15.5,474.99713831589924,Top Starter,,,,,785.096826290591,World Class,,
Joris Chotard,Montpellier,fr Ligue 1,Def_MF,22.3,2593,28.8,,,,,787.7065982710881,World Class,798.1249714847492,World Class,,
Lovro Majer,Rennes,fr Ligue 1,Off_MF,26.0,16,0.2,,,,,,,,,,
Sanjin Prcić,Strasbourg,fr Ligue 1,MF,30.1,96,1.1,,,,,,,,,,
Przemysław Frankowski,Lens,fr Ligue 1,DF,28.7,2194,24.4,,,,,581.3515526060975,Top Starter,547.9036062208689,Top Starter,,
Morgan Sanson,Nice,fr Ligue 1,Off_MF,29.4,1978,22.0,396.4820469171076,Solid Squad Player,,,,,659.3243736633465,Top Starter,,
Carlos Soler,Paris S-G,fr Ligue 1,MF,27.0,1102,12.2,,,633.5289982267283,Top Starter,,,509.3374161264023,Top Starter,,
Mohamed Camara,Monaco,fr Ligue 1,MF,,1053,11.7,,,611.4017808055996,Top Starter,,,837.9012445381842,World Class,,
Kamory Doumbia,Brest,fr Ligue 1,Off_MF,20.9,870,9.7,712.4352360981717,Top Starter,,,,,846.8981504385441,World Class,,
Habib Keita,Clermont Foot,fr Ligue 1,MF,21.9,1279,14.2,,,443.5143965265748,Top Starter,,,788.0178506266491,World Class,,
Pape Gueye,Marseille,fr Ligue 1,MF,24.9,778,8.6,,,513.5666012527435,Top Starter,,,891.7641487047692,World Class,,
Youssef Maziz,Metz,fr Ligue 1,FW,25.5,126,1.4,,,,,,,,,,
Pablo Rosario,Nice,fr Ligue 1,MF,27.0,2019,22.4,,,373.43859034240535,Solid Squad Player,,,608.5825764563265,Top Starter,,
Stijn Spierings,Toulouse,fr Ligue 1,MF,27.8,1638,18.2,,,520.2586393283252,Top Starter,,,833.609196557873,World Class,,
Baptiste Santamaria,Rennes,fr Ligue 1,MF,28.8,1937,21.5,,,453.597079460139,Top Starter,,,788.2286531861881,World Class,,
Geoffrey Kondogbia,Marseille,fr Ligue 1,MF,30.9,1457,16.2,,,484.72044788666994,Top Starter,,,846.8871462872497,World Class,,
Neil El Aynaoui,Lens,fr Ligue 1,MF,22.5,1579,17.5,,,528.0135377835273,Top Starter,,,735.0786737766354,Top Starter,,
Habib Diarra,Strasbourg,fr Ligue 1,MF,20.0,2311,25.7,,,399.72084613455615,Solid Squad Player,,,513.8947816226449,Top Starter,,
Douglas,Nantes,fr Ligue 1,MF,27.0,1780,19.8,,,455.75977492272904,Top Starter,,,759.7681913008474,World Class,,
Julien Ponceau,Lorient,fr Ligue 1,MF,23.1,2257,25.1,,,535.9666078872363,Top Starter,,,630.3784453102791,Top Starter,,
Johan Gastien,Clermont Foot,fr Ligue 1,MF,35.9,2273,25.3,,,446.3321321270878,Top Starter,,,695.6128101283755,Top Starter,,
Lamine Camara,Metz,fr Ligue 1,MF,20.0,2263,25.1,,,640.122783952918,Top Starter,,,725.5673079421463,Top Starter,,
Iliman Ndiaye,Marseille,fr Ligue 1,FW,23.8,1625,18.1,412.02221892785366,Top Starter,,,,,653.6983165261863,Top Starter,,
Paul Akouokou,Lyon,fr Ligue 1,MF,26.0,309,3.4,,,,,,,,,,
Daler Kuzyaev,Le Havre,fr Ligue 1,MF,31.0,2108,23.4,,,476.42238645714247,Top Starter,,,584.4070843841889,Top Starter,,
Abdoulaye Touré,Le Havre,fr Ligue 1,MF,29.8,2308,25.6,,,345.42639240426064,Solid Squad Player,,,718.7540812097952,Top Starter,,
Gelabert,Toulouse,fr Ligue 1,Off_MF,23.2,771,8.6,450.33585931223246,Top Starter,,,,,722.2362167176304,Top Starter,,
Marquinhos,Nantes,fr Ligue 1,DF,,161,1.8,,,,,,,,,,
Marshall Munetsi,Reims,fr Ligue 1,MF,27.5,2178,24.2,,,497.6617386730903,Top Starter,,,635.6985169911254,Top Starter,,
Hicham Boudaoui,Nice,fr Ligue 1,MF,24.3,1626,18.1,,,470.0087526320352,Top Starter,,,685.5460540377736,Top Starter,,
Hugo Magnetti,Brest,fr Ligue 1,MF,25.6,2354,26.2,,,420.96106170430016,Top Starter,,,607.2202281861927,Top Starter,,
Ibrahim Cissoko,Toulouse,fr Ligue 1,FW,20.8,253,2.8,,,,,,,,,,
Adam Ounas,Lille,fr Ligue 1,FW,27.1,424,4.7,,,,,,,,,,
Keito Nakamura,Reims,fr Ligue 1,FW,23.4,1390,15.4,379.49508010831687,Solid Squad Player,,,,,481.04940119698256,Top Starter,,
Badredine Bouanani,Lorient,fr Ligue 1,Off_MF,19.1,598,6.6,463.9486751844728,Top Starter,,,,,612.0996235596094,Top Starter,,
Pedro Chirivella,Nantes,fr Ligue 1,MF,26.6,2600,28.9,,,409.1490916033986,Top Starter,,,615.429302164055,Top Starter,,
Krépin Diatta,Monaco,fr Ligue 1,DF,24.8,1223,13.6,,,,,729.0158630920218,Top Starter,830.4262819172202,World Class,,
Cristian Cásseres Jr.,Toulouse,fr Ligue 1,MF,23.9,1957,21.7,,,554.5247972073981,Top Starter,,,796.9239108150446,World Class,,
Oscar Cortés,Lens,fr Ligue 1,FW,20.1,50,0.6,,,,,,,,,,
Senny Mayulu,Paris S-G,fr Ligue 1,FW,17.6,323,3.6,,,,,,,,,,
Rabby Nzingoula,Strasbourg,fr Ligue 1,MF,18.1,131,1.5,,,,,,,,,,
Ângelo,Strasbourg,fr Ligue 1,FW,,1102,12.2,328.60071849508176,Solid Squad Player,,,,,733.9574208980831,Top Starter,,
Junior Mwanga,Strasbourg,fr Ligue 1,MF,20.6,1461,16.2,,,451.47018111801503,Top Starter,,,684.6618428251355,Top Starter,,
Abdoul Kader Bamba,Nantes,fr Ligue 1,FW,29.7,608,6.8,527.9514677327771,Top Starter,,,,,830.7934977637314,World Class,,
Yusuf Yazıcı,Lille,fr Ligue 1,Off_MF,26.9,1330,14.8,531.7881259518653,Top Starter,,,,,465.8847613666815,Top Starter,,
Luis Henrique,Marseille,fr Ligue 1,FW,,798,8.9,244.12968153002967,Solid Squad Player,,,,,585.9094617330106,Top Starter,,
Oussama Targhalline,Le Havre,fr Ligue 1,MF,21.6,1032,11.5,,,384.4047845475786,Solid Squad Player,,,689.572279600316,Top Starter,,
Ludovic Blas,Rennes,fr Ligue 1,FW,26.0,1572,17.5,312.41075009251654,Solid Squad Player,,,,,594.498558298561,Top Starter,,
Adrien Thomasson,Lens,fr Ligue 1,Off_MF,30.1,1205,13.4,543.2672523761199,Top Starter,,,,,756.2086740325731,World Class,,
Emmanuel Sabbi,Le Havre,fr Ligue 1,FW,26.0,1593,17.7,265.2960502164411,Solid Squad Player,,,,,576.4748037723584,Top Starter,,
Azzedine Ounahi,Marseille,fr Ligue 1,MF,23.7,1219,13.5,,,531.7984983262395,Top Starter,,,648.7591270728667,Top Starter,,
Amir Richardson,Reims,fr Ligue 1,MF,21.9,1349,15.0,,,541.5463403435759,Top Starter,,,704.0827123425361,Top Starter,,
Jean Onana,Marseille,fr Ligue 1,MF,24.0,570,6.3,,,446.80203796466293,Top Starter,,,845.5910385818713,World Class,,
Ablie Jallow,Metz,fr Ligue 1,Off_MF,25.1,929,10.3,363.4572825925267,Solid Squad Player,,,,,515.9109990063063,Top Starter,,
Khalil Fayad,Montpellier,fr Ligue 1,FW,19.6,1028,11.4,304.87278065466876,Solid Squad Player,,,,,664.8338102473718,Top Starter,,
Andy Diouf,Lens,fr Ligue 1,Off_MF,20.6,1327,14.7,268.3394643697011,Solid Squad Player,,,,,754.4002502680869,World Class,,
Josué Casimir,Le Havre,fr Ligue 1,FW,22.3,2031,22.6,259.97953860812714,Solid Squad Player,,,,,582.7317704982291,Top Starter,,
Tanguy Coulibaly,Montpellier,fr Ligue 1,FW,22.9,621,6.9,356.1782074721708,Solid Squad Player,,,,,731.8933137256992,Top Starter,,
Maxime Gonalons,Clermont Foot,fr Ligue 1,MF,34.8,1315,14.6,,,400.92307272782114,Top Starter,,,796.0469442772866,World Class,,
Saïmon Bouabré,Monaco,fr Ligue 1,MF,17.6,45,0.5,,,,,,,,,,
Alois Confais,Le Havre,fr Ligue 1,MF,27.3,15,0.2,,,,,,,,,,
Denis Genreau,Toulouse,fr Ligue 1,MF,24.6,464,5.2,,,507.8835121724777,Top Starter,,,806.9309721808482,World Class,,
Carlos Baleba,Lille,fr Ligue 1,MF,20.0,62,0.7,,,,,,,,,,
Ibrahima Sissoko,Strasbourg,fr Ligue 1,MF,26.2,1648,18.3,,,485.7025047135941,Top Starter,,,735.228421938783,Top Starter,,
Soungoutou Magassa,Monaco,fr Ligue 1,DF,20.2,1358,15.1,,,,,800.8009874638306,World Class,797.4302090656348,World Class,,
Malick Fofana,Lyon,fr Ligue 1,FW,,549,6.1,501.94517508528634,Top Starter,,,,,417.9587609411514,Top Starter,,
Yassine Kechta,Le Havre,fr Ligue 1,MF,21.8,1865,20.7,,,503.0559529419735,Top Starter,,,665.3138244052077,Top Starter,,
Thomas Delaine,Strasbourg,fr Ligue 1,DF,31.8,2050,22.8,,,,,481.51145937604093,Top Starter,464.3625911184654,Top Starter,,
Jonas Martin,Brest,fr Ligue 1,MF,33.7,1198,13.3,,,565.1979472779332,Top Starter,,,886.7498093931715,World Class,,
Orel Mangala,Lyon,fr Ligue 1,MF,25.8,397,4.4,,,,,,,,,,
Tom Louchet,Nice,fr Ligue 1,MF,20.7,407,4.5,,,,,,,,,,
Bilal Nadir,Marseille,fr Ligue 1,MF,20.1,120,1.3,,,,,,,,,,
Ivan Cavaleiro,Lille,fr Ligue 1,FW,30.2,788,8.8,318.4838777443193,Solid Squad Player,,,,,547.3424620759571,Top Starter,,
Papa Amadou Diallo,Metz,fr Ligue 1,FW,19.5,889,9.9,376.3526357382209,Solid Squad Player,,,,,739.1969225074915,Top Starter,,
Yaya Kader Fofana,Reims,fr Ligue 1,Off_MF,19.6,28,0.3,,,,,,,,,,
Tiemoué Bakayoko,Lorient,fr Ligue 1,MF,29.4,1317,14.6,,,435.887279791858,Top Starter,,,783.3257105989975,World Class,,
Bilal Boutobba,Clermont Foot,fr Ligue 1,FW,25.3,964,10.7,303.6159325997912,Solid Squad Player,,,,,746.7839607574049,Top Starter,,
Warren Kamanzi,Toulouse,fr Ligue 1,DF,23.1,1190,13.2,,,,,594.1244243402447,Top Starter,556.6268799067182,Top Starter,,
Fares Chaïbi,Toulouse,fr Ligue 1,Off_MF,21.1,56,0.6,,,,,,,,,,
Théo Le Bris,Lorient,fr Ligue 1,DF,21.3,1521,16.9,,,,,517.064312372589,Top Starter,443.8261002630204,Top Starter,,
Moïse Sahi Dion,Strasbourg,fr Ligue 1,Off_MF,22.0,641,7.1,532.952963020138,Top Starter,,,,,389.2183495120011,Solid Squad Player,,
Yohann Magnin,Clermont Foot,fr Ligue 1,MF,26.5,1689,18.8,,,391.43293895175566,Solid Squad Player,,,707.8549717486717,Top Starter,,
Nolan Mbemba,Le Havre,fr Ligue 1,MF,28.9,49,0.5,,,,,,,,,,
Aron Dønnum,Toulouse,fr Ligue 1,FW,25.7,1616,18.0,188.06769429685446,Below Big-5 Level,,,,,543.5229963373313,Top Starter,,
Reda Khadra,Reims,fr Ligue 1,FW,22.5,1381,15.3,315.41127786656494,Solid Squad Player,,,,,472.5456159610447,Top Starter,,
Johann Lepenant,Lyon,fr Ligue 1,MF,21.2,251,2.8,,,,,,,,,,
Sofiane Diop,Nice,fr Ligue 1,FW,23.6,500,5.6,219.4302932663387,Solid Squad Player,,,,,564.1884512464359,Top Starter,,
Mamady Bangré,Toulouse,fr Ligue 1,FW,22.5,110,1.2,,,,,,,,,,
Fabian Rieder,Rennes,fr Ligue 1,MF,21.9,373,4.1,,,,,,,,,,
Hákon Arnar Haraldsson,Lille,fr Ligue 1,FW,20.7,1288,14.3,214.86470116105693,Solid Squad Player,,,,,492.5853860571942,Top Starter,,
Panos Katseris,Lorient,fr Ligue 1,DF,22.5,1048,11.6,,,,,590.8528252689051,Top Starter,610.4002575984756,Top Starter,,
Kévin N'Doram,Metz,fr Ligue 1,MF,27.9,1615,17.9,,,366.18016378811154,Solid Squad Player,,,528.8839785943354,Top Starter,,
Ayanda Sishuba,Lens,fr Ligue 1,Off_MF,18.9,76,0.8,,,,,,,,,,
Hianga'a M'Bock,Brest,fr Ligue 1,MF,24.0,21,0.2,,,,,,,,,,
Ignacio Miramon,Lille,fr Ligue 1,MF,20.6,41,0.5,,,,,,,,,,
Bonke Innocent,Lorient,fr Ligue 1,MF,27.9,219,2.4,,,,,,,,,,
Reda Belahyane,Nice,fr Ligue 1,MF,19.6,26,0.3,,,,,,,,,,
Danley Jean-Jacques,Metz,fr Ligue 1,MF,23.6,2697,30.0,,,269.3642277445868,Solid Squad Player,,,548.8197892764274,Top Starter,,
Jordan Ferri,Montpellier,fr Ligue 1,MF,31.8,2041,22.7,,,487.58952914521313,Top Starter,,,671.1308518425092,Top Starter,,
Arthur Atta,Metz,fr Ligue 1,MF,21.0,937,10.4,,,603.0659244413025,Top Starter,,,638.4328155719198,Top Starter,,
Sacha Delaye,Montpellier,fr Ligue 1,Off_MF,21.7,138,1.5,,,,,,,,,,
Jeffinho,Lyon,fr Ligue 1,FW,24.0,310,3.4,,,,,,,,,,
Eliot Matazo,Monaco,fr Ligue 1,MF,21.9,107,1.2,,,,,,,,,,
Adrien Lebeau,Brest,fr Ligue 1,Off_MF,,58,0.6,,,,,,,,,,
Bénie Traoré,Nantes,fr Ligue 1,FW,21.1,516,5.7,295.29742274685276,Solid Squad Player,,,,,582.7023286343592,Top Starter,,
Samuel Moutoussamy,Nantes,fr Ligue 1,MF,27.4,1132,12.6,,,421.0883867354811,Top Starter,,,686.9350550380085,Top Starter,,
Alan Virginius,Clermont Foot,fr Ligue 1,FW,21.0,1020,11.3,221.979349328991,Solid Squad Player,,,,,322.3267274357037,Solid Squad Player,,
Shavy Babicka,Toulouse,fr Ligue 1,FW,23.6,380,4.2,,,,,,,,,,
Valentin Atangana Edoa,Reims,fr Ligue 1,MF,18.4,568,6.3,,,346.2725472302016,Solid Squad Player,,,693.5573926898643,Top Starter,,
Mahamadou Diawara,Lyon,fr Ligue 1,MF,18.9,355,3.9,,,,,,,,,,
Amadou Koné,Reims,fr Ligue 1,MF,18.6,500,5.6,,,402.1462027245946,Top Starter,,,868.8530908030295,World Class,,
Mehdi Zeffane,Clermont Foot,fr Ligue 1,DF,31.6,1253,13.9,,,,,582.7325995614431,Top Starter,505.80943008300073,Top Starter,,
Moussa Sissoko,Nantes,fr Ligue 1,MF,34.4,1837,20.4,,,301.5232225815137,Solid Squad Player,,,509.5427326647174,Top Starter,,
Cher Ndour,Paris S-G,fr Ligue 1,MF,19.4,29,0.3,,,,,,,,,,
Benjamin Stambouli,Reims,fr Ligue 1,MF,33.4,298,3.3,,,,,,,,,,
Skelly Alvero,Lyon,fr Ligue 1,MF,21.7,426,4.7,,,,,,,,,,
Salis Abdul Samed,Lens,fr Ligue 1,MF,23.8,1541,17.1,,,315.809268684415,Solid Squad Player,,,526.7195700627445,Top Starter,,
Jérémie Bela,Clermont Foot,fr Ligue 1,Off_MF,30.7,201,2.2,,,,,,,,,,
Simon Ebonog,Le Havre,fr Ligue 1,MF,19.4,34,0.4,,,,,,,,,,
Mattéo Guendouzi,Marseille,fr Ligue 1,MF,24.7,26,0.3,,,,,,,,,,
Jhoanner Chávez,Lens,fr Ligue 1,DF,21.7,486,5.4,,,,,472.28263684782195,Top Starter,455.7562526234055,Top Starter,,
Jessy Deminguet,Strasbourg,fr Ligue 1,MF,26.0,720,8.0,,,333.85165906047433,Solid Squad Player,,,550.951261509579,Top Starter,,
Ethan Mbappé,Paris S-G,fr Ligue 1,Off_MF,17.0,46,0.5,,,,,,,,,,
Aïman Maurer,Clermont Foot,fr Ligue 1,Off_MF,19.3,60,0.7,,,,,,,,,,
Mohamed Bouchenna,Clermont Foot,fr Ligue 1,MF,17.5,27,0.3,,,,,,,,,,
Mohamed El Arouch,Lyon,fr Ligue 1,MF,19.7,9,0.1,,,,,,,,,,
Abdellah Baallal,Clermont Foot,fr Ligue 1,MF,19.1,11,0.1,,,,,,,,,,
Habib Maïga,Metz,fr Ligue 1,MF,28.0,166,1.8,,,,,,,,,,
Joseph Nduquidi,Metz,fr Ligue 1,MF,19.2,758,8.4,,,209.7383414445547,Solid Squad Player,,,465.1317490287402,Top Starter,,
Jean N'Guessan,Metz,fr Ligue 1,MF,20.7,117,1.3,,,,,,,,,,
Faitout Maouassa,Lens,fr Ligue 1,DF,25.5,82,0.9,,,,,,,,,,
Edan Diop,Monaco,fr Ligue 1,MF,19.3,164,1.8,,,,,,,,,,
Mamadou Coulibaly,Monaco,fr Ligue 1,MF,,121,1.3,,,,,,,,,,
Eduard Sobol,Strasbourg,fr Ligue 1,DF,28.7,31,0.3,,,,,,,,,,
Samuel Grandsir,Le Havre,fr Ligue 1,Off_MF,27.4,617,6.9,491.9344356458911,Top Starter,,,,,560.541879458232,Top Starter,,
Keyliane Abdallah,Marseille,fr Ligue 1,MF,17.7,10,0.1,,,,,,,,,,
Therence Koudou,Reims,fr Ligue 1,DF,19.0,312,3.5,,,,,,,,,,
Joel Mvuka,Lorient,fr Ligue 1,DF,21.1,196,2.2,,,,,,,,,,
Karamoko Dembélé,Brest,fr Ligue 1,Off_MF,20.9,16,0.2,,,,,,,,,,
Bassirou Ndiaye,Lorient,fr Ligue 1,FW,21.9,150,1.7,,,,,,,,,,
Léo Leroy,Montpellier,fr Ligue 1,Def_MF,23.9,507,5.6,,,,,784.002696473911,World Class,811.3610165441324,World Class,,
Malick Mbaye,Metz,fr Ligue 1,Off_MF,,155,1.7,,,,,,,,,,
Axel Camblan,Brest,fr Ligue 1,FW,20.3,98,1.1,,,,,,,,,,
Fabien Centonze,Nantes,fr Ligue 1,DF,28.0,92,1.0,,,,,,,,,,
Ayyoub Bouaddi,Lille,fr Ligue 1,MF,16.2,132,1.5,,,,,,,,,,
Stredair Appuah,Nantes,fr Ligue 1,FW,19.5,80,0.9,,,,,,,,,,
Ilhan Fakili,Clermont Foot,fr Ligue 1,Off_MF,17.9,99,1.1,,,,,,,,,,
Dembo Sylla,Lorient,fr Ligue 1,DF,21.1,45,0.5,,,,,,,,,,
Daouda Traoré,Nice,fr Ligue 1,Off_MF,17.4,15,0.2,,,,,,,,,,
Yanis Issoufou,Montpellier,fr Ligue 1,Off_MF,17.2,12,0.1,,,,,,,,,,
Diego Moreira,Lyon,fr Ligue 1,FW,19.4,271,3.0,,,,,,,,,,
Rassoul Ndiaye,Le Havre,fr Ligue 1,MF,22.1,542,6.0,,,411.8228609426666,Top Starter,,,760.9993145705374,World Class,,
Chaim El Djebali,Lyon,fr Ligue 1,Off_MF,19.9,11,0.1,,,,,,,,,,
Raimane Daou,Marseille,fr Ligue 1,DF,19.1,24,0.3,,,,,,,,,,
Antonin Cartillier,Brest,fr Ligue 1,DF,19.5,8,0.1,,,,,,,,,,
Djaoui Cissé,Rennes,fr Ligue 1,MF,19.9,3,0.0,,,,,,,,,,
Ichem Ferrah,Lille,fr Ligue 1,MF,18.3,2,0.0,,,,,,,,,,
Aaron Malouda,Lille,fr Ligue 1,MF,18.1,1,0.0,,,,,,,,,,
Lamine Diack,Nantes,fr Ligue 1,MF,23.1,1,0.0,,,,,,,,,,
Noam Mayoka-Tika,Marseille,fr Ligue 1,MF,20.2,1,0.0,,,,,,,,,,
Kylian Mbappé,Paris S-G,fr Ligue 1,FW,25.0,2158,24.0,856.1035963935072,World Class,,,,,468.8853099919851,Top Starter,,
Florian Sotoca,Lens,fr Ligue 1,Off_MF,33.2,2603,28.9,501.93246740937724,Top Starter,,,,,690.8386010501438,Top Starter,,
Ousmane Dembélé,Paris S-G,fr Ligue 1,Off_MF,26.6,1509,16.8,779.7542501092375,World Class,,,,,709.3881520749724,Top Starter,,
Alexandre Lacazette,Lyon,fr Ligue 1,FW,32.6,2303,25.6,607.7287574060099,Top Starter,,,,,430.20849286592835,Top Starter,,
Pierre-Emerick Aubameyang,Marseille,fr Ligue 1,FW,34.5,2628,29.2,670.815815164975,Top Starter,,,,,403.9626420710645,Top Starter,,
Edon Zhegrova,Lille,fr Ligue 1,FW,24.8,2296,25.5,539.0912760025175,Top Starter,,,,,667.3419824787903,Top Starter,,
Arnaud Nordin,Montpellier,fr Ligue 1,FW,25.5,1252,13.9,547.4994339122672,Top Starter,,,,,581.7046223689022,Top Starter,,
Georges Mikautadze,Metz,fr Ligue 1,FW,23.2,1753,19.5,625.9242926973375,Top Starter,,,,,515.2936431818711,Top Starter,,
Jonathan David,Lille,fr Ligue 1,FW,24.0,2637,29.3,678.5558792908475,Top Starter,,,,,445.88971392817007,Top Starter,,
Gonçalo Ramos,Paris S-G,fr Ligue 1,FW,22.5,1420,15.8,686.1560235234296,Top Starter,,,,,594.1585024305504,Top Starter,,
Wissam Ben Yedder,Monaco,fr Ligue 1,FW,33.4,2329,25.9,675.87991940046,Top Starter,,,,,406.1667990896744,Top Starter,,
Jeremie Boga,Nice,fr Ligue 1,FW,27.0,2008,22.3,516.9986008797475,Top Starter,,,,,490.66281499236027,Top Starter,,
Yann Gboho,Toulouse,fr Ligue 1,Off_MF,23.0,1199,13.3,463.47279788921026,Top Starter,,,,,612.4535589561823,Top Starter,,
Martin Terrier,Rennes,fr Ligue 1,FW,26.8,1542,17.1,550.9631236218199,Top Starter,,,,,585.3755945073945,Top Starter,,
Mohamed Bamba,Lorient,fr Ligue 1,FW,,1148,12.8,667.6364853941008,Top Starter,,,,,494.4687632105692,Top Starter,,
Désiré Doué,Rennes,fr Ligue 1,Off_MF,18.6,1632,18.1,551.672341915037,Top Starter,,,,,786.1583056842538,World Class,,
Thijs Dallinga,Toulouse,fr Ligue 1,FW,23.4,2516,28.0,527.9450838018515,Top Starter,,,,,556.5484443624223,Top Starter,,
Amine Gouiri,Rennes,fr Ligue 1,FW,23.9,2081,23.1,463.31811965500077,Top Starter,,,,,528.5426127422687,Top Starter,,
Mohamed Daramy,Reims,fr Ligue 1,FW,22.0,1656,18.4,426.2418163005347,Top Starter,,,,,556.3273346400374,Top Starter,,
Ismaila Sarr,Marseille,fr Ligue 1,FW,25.8,1448,16.1,409.24550990245353,Top Starter,,,,,611.2920938332322,Top Starter,,
Bradley Barcola,Paris S-G,fr Ligue 1,FW,21.3,1646,18.3,616.8222884434432,Top Starter,,,,,702.9573206344453,Top Starter,,
Mostafa Mohamed,Nantes,fr Ligue 1,FW,26.1,2016,22.4,365.71980439006154,Solid Squad Player,,,,,562.8298937102473,Top Starter,,
Vitinha,Marseille,fr Ligue 1,MF,,926,10.3,,,747.0438577751136,Top Starter,,,563.5306580711186,Top Starter,,
Arnaud Kalimuendo,Rennes,fr Ligue 1,FW,21.9,2160,24.0,411.4810854282602,Top Starter,,,,,351.37496033451055,Solid Squad Player,,
Moses Simon,Nantes,fr Ligue 1,FW,28.5,1793,19.9,398.4809180475741,Solid Squad Player,,,,,458.48024620943005,Top Starter,,
Martin Satriano,Brest,fr Ligue 1,FW,22.9,1879,20.9,419.89697080968534,Top Starter,,,,,626.162440338693,Top Starter,,
Ayman Kari,Lorient,fr Ligue 1,Off_MF,19.1,903,10.0,319.0735501855284,Solid Squad Player,,,,,647.1332647027459,Top Starter,,
Musa Al-Taamari,Montpellier,fr Ligue 1,FW,26.6,1941,21.6,371.7504814817565,Solid Squad Player,,,,,617.0780182641339,Top Starter,,
Terem Moffi,Nice,fr Ligue 1,FW,24.6,1968,21.9,491.34282683008774,Top Starter,,,,,335.5486781783628,Solid Squad Player,,
Steve Mounié,Brest,fr Ligue 1,FW,29.3,1770,19.7,484.60491708186225,Top Starter,,,,,621.1267218015423,Top Starter,,
Trévis Dago,Lille,fr Ligue 1,FW,18.9,27,0.3,,,,,,,,,,
Randal Kolo Muani,Paris S-G,fr Ligue 1,FW,25.1,1264,14.0,695.5516058276424,Top Starter,,,,,552.44235326492,Top Starter,,
Mohamed Ali Cho,Nice,fr Ligue 1,FW,20.0,863,9.6,338.17681837757175,Solid Squad Player,,,,,559.664263073584,Top Starter,,
Pablo Pagis,Lorient,fr Ligue 1,MF,21.0,166,1.8,,,,,,,,,,
Bamba Dieng,Lorient,fr Ligue 1,FW,23.8,543,6.0,763.841130273794,World Class,,,,,565.7634201519137,Top Starter,,
Matthis Abline,Nantes,fr Ligue 1,FW,20.8,1049,11.7,512.6631105249868,Top Starter,,,,,514.5152755565746,Top Starter,,
André Ayew,Le Havre,fr Ligue 1,FW,34.0,1109,12.3,439.6930528710349,Top Starter,,,,,643.4447028677316,Top Starter,,
Ernest Nuamah,Lyon,fr Ligue 1,FW,20.2,1849,20.5,391.61289982611385,Solid Squad Player,,,,,604.4998202069883,Top Starter,,
Wesley Saïd,Lens,fr Ligue 1,FW,28.7,1016,11.3,645.4648639336658,Top Starter,,,,,424.09403312310496,Top Starter,,
Siriné Doucouré,Lorient,fr Ligue 1,FW,21.7,421,4.7,,,,,,,,,,
Kévin Gameiro,Strasbourg,fr Ligue 1,FW,36.6,1353,15.0,321.6866065604713,Solid Squad Player,,,,,345.5003400662516,Solid Squad Player,,
Frank Magri,Toulouse,fr Ligue 1,FW,24.3,1457,16.2,382.80551818599866,Solid Squad Player,,,,,579.6526494605733,Top Starter,,
Jim Allevinah,Clermont Foot,fr Ligue 1,Off_MF,28.8,1870,20.8,259.02237496006387,Solid Squad Player,,,,,604.5200922191337,Top Starter,,
Mohamed Lamine Bayo,Le Havre,fr Ligue 1,FW,25.6,1406,15.6,342.69911271089205,Solid Squad Player,,,,,469.6686930921839,Top Starter,,
Morgan Guilavogui,Lens,fr Ligue 1,FW,25.8,554,6.2,513.8027469904127,Top Starter,,,,,789.4516064522691,World Class,,
Breel Embolo,Monaco,fr Ligue 1,FW,26.9,190,2.1,,,,,,,,,,
Gaëtan Laborde,Nice,fr Ligue 1,FW,29.7,1912,21.2,364.3844266734107,Solid Squad Player,,,,,483.74619132042045,Top Starter,,
Shamar Nicholson,Clermont Foot,fr Ligue 1,FW,26.8,1507,16.7,359.89426835389946,Solid Squad Player,,,,,472.0967134131509,Top Starter,,
Folarin Balogun,Monaco,fr Ligue 1,FW,22.5,1694,18.8,592.118445222983,Top Starter,,,,,423.5433876990593,Top Starter,,
Ignatius Ganago,Nantes,fr Ligue 1,FW,24.9,182,2.0,,,,,,,,,,
Mathias Pereira Lage,Brest,fr Ligue 1,FW,27.1,1221,13.6,397.82396482070294,Solid Squad Player,,,,,603.1852564702696,Top Starter,,
Eliesse Ben Seghir,Monaco,fr Ligue 1,Off_MF,18.9,430,4.8,,,,,,,,,,
Jérémy Sebas,Strasbourg,fr Ligue 1,FW,20.7,398,4.4,,,,,,,,,,
Naatan Skyttä,Toulouse,fr Ligue 1,Off_MF,21.7,114,1.3,,,,,,,,,,
Akor Adams,Montpellier,fr Ligue 1,FW,23.9,2264,25.2,450.1378970561477,Top Starter,,,,,425.74393731704464,Top Starter,,
Ibrahim Salah,Rennes,fr Ligue 1,FW,22.3,552,6.1,724.988089982615,Top Starter,,,,,777.398016539834,World Class,,
Adson,Nantes,fr Ligue 1,Off_MF,23.2,238,2.6,,,,,,,,,,
Eli Junior Kroupi,Lorient,fr Ligue 1,FW,17.5,1085,12.1,550.4006507257272,Top Starter,,,,,402.7582743785724,Top Starter,,
Mama Samba Baldé,Lyon,fr Ligue 1,FW,28.2,564,6.3,709.6980135994148,Top Starter,,,,,625.1928993596135,Top Starter,,
Evann Guessand,Nice,fr Ligue 1,FW,22.5,1562,17.4,368.57644259742705,Solid Squad Player,,,,,619.7351926459012,Top Starter,,
Alexis Claude-Maurice,Nice,fr Ligue 1,Off_MF,25.6,521,5.8,247.347803008356,Solid Squad Player,,,,,750.0072625530222,World Class,,
Elye Wahi,Lens,fr Ligue 1,FW,21.0,1715,19.1,588.4766379268285,Top Starter,,,,,342.20133331714646,Solid Squad Player,,
Oumar Diakité,Reims,fr Ligue 1,FW,20.0,1594,17.7,415.8358781331938,Top Starter,,,,,559.4388267962217,Top Starter,,
Faris Pemi Moumbagna,Marseille,fr Ligue 1,FW,23.5,545,6.1,564.5131659918784,Top Starter,,,,,403.95499284992246,Top Starter,,
Zakaria Aboukhlal,Toulouse,fr Ligue 1,Off_MF,23.9,757,8.4,284.3365348627813,Solid Squad Player,,,,,447.78449356663623,Top Starter,,
Didier Lamkel Zé,Metz,fr Ligue 1,FW,27.3,564,6.3,287.5350072758082,Solid Squad Player,,,,,592.4440329078088,Top Starter,,
Oscar Estupiñan,Metz,fr Ligue 1,FW,27.0,267,3.0,,,,,,,,,,
Wahbi Khazri,Montpellier,fr Ligue 1,FW,32.9,1138,12.6,224.61395944914875,Solid Squad Player,,,,,559.9502037620437,Top Starter,,
Kelvin Yeboah,Montpellier,fr Ligue 1,FW,23.7,283,3.1,,,,,,,,,,
Aliou Badara Baldé,Nice,fr Ligue 1,FW,21.1,86,1.0,,,,,,,,,,
Simon Elisor,Metz,fr Ligue 1,FW,24.4,766,8.5,242.96646505481192,Solid Squad Player,,,,,581.845951013154,Top Starter,,
Elba Rashani,Clermont Foot,fr Ligue 1,Off_MF,30.6,1175,13.1,265.4856167072334,Solid Squad Player,,,,,732.8089331033739,Top Starter,,
Ibou Sané,Metz,fr Ligue 1,Off_MF,18.8,141,1.6,,,,,,,,,,
Yanis Begraoui,Toulouse,fr Ligue 1,FW,22.5,297,3.3,,,,,,,,,,
Amin Sarr,Lyon,fr Ligue 1,FW,22.8,105,1.2,,,,,,,,,,
Hugo Ekitike,Paris S-G,fr Ligue 1,FW,21.5,9,0.1,,,,,,,,,,
Axel Gueguin,Montpellier,fr Ligue 1,DF,18.8,130,1.4,,,,,,,,,,
Jérémy Le Douaron,Brest,fr Ligue 1,FW,25.7,1630,18.1,333.3577172600257,Solid Squad Player,,,,,574.4359387208304,Top Starter,,
Cheikh Tidiane Sabaly,Metz,fr Ligue 1,FW,,1403,15.6,298.410395782089,Solid Squad Player,,,,,662.6195491207061,Top Starter,,
Lebo Mothiba,Strasbourg,fr Ligue 1,FW,27.9,610,6.8,528.7200954023867,Top Starter,,,,,510.36625734059004,Top Starter,,
Myron Boadu,Monaco,fr Ligue 1,FW,23.0,107,1.2,,,,,,,,,,
Emanuel Emegha,Strasbourg,fr Ligue 1,FW,20.9,2084,23.2,405.1861387531521,Top Starter,,,,,338.7220175780815,Solid Squad Player,,
Aboubacar Ali,Strasbourg,fr Ligue 1,Off_MF,17.7,142,1.6,,,,,,,,,,
Grejohn Kyei,Clermont Foot,fr Ligue 1,FW,28.4,1037,11.5,317.5957161810895,Solid Squad Player,,,,,491.1522879659969,Top Starter,,
Joel Asoro,Metz,fr Ligue 1,FW,24.7,860,9.6,258.1415007202851,Solid Squad Player,,,,,596.6892818055621,Top Starter,,
Tino Kadewere,Nantes,fr Ligue 1,FW,28.0,1087,12.1,234.86465852575063,Solid Squad Player,,,,,694.2239148759853,Top Starter,,
Issa Soumaré,Le Havre,fr Ligue 1,FW,23.2,236,2.6,,,,,,,,,,
Antoine Joujou,Le Havre,fr Ligue 1,FW,20.8,766,8.5,251.4807444445537,Solid Squad Player,,,,,757.0824482115319,World Class,,
Jean-Victor Makengo,Lorient,fr Ligue 1,MF,25.6,478,5.3,,,299.43351032894486,Solid Squad Player,,,609.625041290943,Top Starter,,
Joaquín Correa,Marseille,fr Ligue 1,FW,29.4,445,4.9,,,,,,,,,,
Tosin Aiyegun,Lorient,fr Ligue 1,Off_MF,25.5,907,10.1,222.74720587572767,Solid Squad Player,,,,,391.05504571659566,Solid Squad Player,,
Gift Orban,Lyon,fr Ligue 1,FW,21.5,481,5.3,216.13444855437146,Solid Squad Player,,,,,444.542306366938,Top Starter,,
Bertuğ Yıldırım,Rennes,fr Ligue 1,FW,21.5,469,5.2,272.9283465933262,Solid Squad Player,,,,,591.2851765829315,Top Starter,,
François Mughe,Marseille,fr Ligue 1,Off_MF,,176,2.0,,,,,,,,,,
Yann Karamoh,Montpellier,fr Ligue 1,FW,25.5,279,3.1,,,,,,,,,,
Benjamin Tetteh,Metz,fr Ligue 1,FW,26.5,293,3.3,,,,,,,,,,
Bilal Brahimi,Brest,fr Ligue 1,FW,23.8,280,3.1,,,,,,,,,,
Steve Ngoura,Le Havre,fr Ligue 1,FW,18.9,247,2.7,,,,,,,,,,
Mamadou Diakhon,Reims,fr Ligue 1,FW,18.3,212,2.4,,,,,,,,,,
Amine Salama,Reims,fr Ligue 1,FW,23.5,313,3.5,,,,,,,,,,
Elysée Logbo,Le Havre,fr Ligue 1,FW,,258,2.9,,,,,,,,,,
Komnen Andrić,Clermont Foot,fr Ligue 1,FW,28.5,164,1.8,,,,,,,,,,
Lucas Michal,Monaco,fr Ligue 1,FW,18.5,9,0.1,,,,,,,,,,
Patrick Ouotro,Strasbourg,fr Ligue 1,FW,18.3,17,0.2,,,,,,,,,,
Adel Mahamoud,Nantes,fr Ligue 1,FW,20.9,9,0.1,,,,,,,,,,
Adama Bojang,Reims,fr Ligue 1,FW,19.6,93,1.0,,,,,,,,,,
Adrian Grbić,Lorient,fr Ligue 1,FW,27.4,30,0.3,,,,,,,,,,
Ibrahima Koné,Lorient,fr Ligue 1,FW,24.5,31,0.3,,,,,,,,,,
Mathis Lambourde,Rennes,fr Ligue 1,FW,18.0,9,0.1,,,,,,,,,,
Andrej Ilic,Lille,fr Ligue 1,FW,23.7,21,0.2,,,,,,,,,,
Royce Openda,Lorient,fr Ligue 1,FW,21.7,15,0.2,,,,,,,,,,
Mohamed Bechikh,Strasbourg,fr Ligue 1,FW,18.5,19,0.2,,,,,,,,,,
Sofiane Sidi Ali,Marseille,fr Ligue 1,Off_MF,28.5,21,0.2,,,,,,,,,,
Tiago Fonseca Morais,Lille,fr Ligue 1,FW,20.3,43,0.5,,,,,,,,,,
Christ Letono,Reims,fr Ligue 1,FW,19.7,1,0.0,,,,,,,,,,
