Player,Squad,Comp,Pos,Age,Min,90s,OffScore_abs,OffBand,MidScore_abs,MidBand,DefScore_abs,DefBand,IntensityScore_abs,IntensityBand,GKScore_abs,GKBand
Emiliano Martínez,Chelsea,eng Premier League,GK,34.3,270,3.0,,,,,,,,,,
Gianluigi Donnarumma,Manchester City,eng Premier League,GK,27.8,360,4.0,,,,,,,,,,
Walter Benítez,Crystal Palace,eng Premier League,GK,33.9,90,1.0,,,,,,,,,,
Bart Verbruggen,Brighton,eng Premier League,GK,24.4,360,4.0,,,,,,,,,,
Konstantinos Tzolakis,Hull City,eng Premier League,GK,24.1,360,4.0,,,,,,,,,,
Lukáš Horníček,Newcastle Utd,eng Premier League,GK,24.5,360,4.0,,,,,,,,,,
David Raya,Arsenal,eng Premier League,GK,31.3,360,4.0,,,,,,,,,,
Zion Suzuki,Aston Villa,eng Premier League,GK,24.4,270,3.0,,,,,,,,,,
Alisson,Liverpool,eng Premier League,GK,34.2,360,4.0,,,,,,,,,,
Caoimhin Kelleher,Brentford,eng Premier League,GK,28.1,360,4.0,,,,,,,,,,
Jordan Pickford,Everton,eng Premier League,GK,32.8,360,4.0,,,,,,,,,,
Kjell Scherpen,Ipswich Town,eng Premier League,GK,26.9,360,4.0,,,,,,,,,,
James Trafford,Leeds United,eng Premier League,GK,24.2,360,4.0,,,,,,,,,,
Robin Roefs,Sunderland,eng Premier League,GK,24.0,360,4.0,,,,,,,,,,
Matz Sels,Nott'ham Forest,eng Premier League,GK,34.8,360,4.0,,,,,,,,,,
Dean Henderson,Crystal Palace,eng Premier League,GK,29.8,270,3.0,,,,,,,,,,
Senne Lammens,Manchester Utd,eng Premier League,GK,24.5,360,4.0,,,,,,,,,,
Antonín Kinský,Tottenham,eng Premier League,GK,23.8,360,4.0,,,,,,,,,,
Carl Rushworth,Coventry City,eng Premier League,GK,25.5,360,4.0,,,,,,,,,,
Đorđe Petrović,Bournemouth,eng Premier League,GK,,360,4.0,,,,,,,,,,
Bernd Leno,Fulham,eng Premier League,GK,34.8,360,4.0,,,,,,,,,,
Marco Bizot,Aston Villa,eng Premier League,GK,35.8,90,1.0,,,,,,,,,,
Robert Sánchez,Chelsea,eng Premier League,GK,29.1,90,1.0,,,,,,,,,,
Jérémy Jacquet,Liverpool,eng Premier League,DF,21.5,327,3.6,,,,,,,,,,
Lewis Dunk,Brighton,eng Premier League,DF,35.1,360,4.0,,,,,,,,,,
Marc Guéhi,Manchester City,eng Premier League,DF,26.5,360,4.0,,,,,,,,,,
Marcos Senesi,Tottenham,eng Premier League,DF,29.6,90,1.0,,,,,,,,,,
Jan Paul van Hecke,Tottenham,eng Premier League,DF,26.6,360,4.0,,,,,,,,,,
Luka Vušković,Brighton,eng Premier League,DF,19.9,348,3.9,,,,,,,,,,
James Tarkowski,Everton,eng Premier League,DF,34.1,360,4.0,,,,,,,,,,
Rúben Dias,Manchester City,eng Premier League,DF,29.6,360,4.0,,,,,,,,,,
Lewis Hall,Newcastle Utd,eng Premier League,DF,22.3,359,4.0,,,,,,,,,,
Joško Gvardiol,Manchester City,eng Premier League,DF,24.9,345,3.8,,,,,,,,,,
Matheus Nunes,Manchester City,eng Premier League,DF,28.3,123,1.4,,,,,,,,,,
Virgil van Dijk,Liverpool,eng Premier League,DF,35.5,360,4.0,,,,,,,,,,
Mats Wieffer,Brighton,eng Premier League,DF,27.1,158,1.8,,,,,,,,,,
Nobel Mendy,Hull City,eng Premier League,DF,22.3,253,2.8,,,,,,,,,,
Olivier Boscagli,Brighton,eng Premier League,DF,29.1,347,3.9,,,,,,,,,,
Ainsley Maitland-Niles,Everton,eng Premier League,DF,29.3,88,1.0,,,,,,,,,,
Nordi Mukiele,Sunderland,eng Premier League,DF,29.2,270,3.0,,,,,,,,,,
Neco Williams,Nott'ham Forest,eng Premier League,DF,25.7,360,4.0,,,,,,,,,,
Tyrone Mings,Aston Villa,eng Premier League,DF,33.8,171,1.9,,,,,,,,,,
Ben White,Arsenal,eng Premier League,DF,29.2,315,3.5,,,,,,,,,,
Ronald Araújo,Liverpool,eng Premier League,DF,27.8,195,2.2,,,,,,,,,,
Vitaliy Mykolenko,Everton,eng Premier League,DF,27.6,360,4.0,,,,,,,,,,
Gabriel Magalhães,Arsenal,eng Premier League,DF,,360,4.0,,,,,,,,,,
Jorge Cuenca,Fulham,eng Premier League,DF,27.1,90,1.0,,,,,,,,,,
Jannik Schuster,Brentford,eng Premier League,DF,20.6,163,1.8,,,,,,,,,,
John Egan,Hull City,eng Premier League,DF,34.2,360,4.0,,,,,,,,,,
Tarik Muharemovic,Leeds United,eng Premier League,DF,23.8,360,4.0,,,,,,,,,,
Jarrad Branthwaite,Everton,eng Premier League,DF,24.5,360,4.0,,,,,,,,,,
Micky van de Ven,Tottenham,eng Premier League,DF,25.7,270,3.0,,,,,,,,,,
Michael Kayode,Brentford,eng Premier League,DF,22.5,228,2.5,,,,,,,,,,
Ben Chilwell,Crystal Palace,eng Premier League,DF,30.0,29,0.3,,,,,,,,,,
Bobby Thomas,Coventry City,eng Premier League,DF,25.9,348,3.9,,,,,,,,,,
James Justin,Leeds United,eng Premier League,DF,28.9,360,4.0,,,,,,,,,,
Abdukodir Khusanov,Manchester City,eng Premier League,DF,22.8,269,3.0,,,,,,,,,,
Wesley Fofana,Chelsea,eng Premier League,DF,26.0,244,2.7,,,,,,,,,,
Maxim De Cuyper,Brighton,eng Premier League,DF,26.0,335,3.7,,,,,,,,,,
Riccardo Calafiori,Arsenal,eng Premier League,DF,24.6,328,3.6,,,,,,,,,,
Ryan Giles,Hull City,eng Premier League,DF,26.9,355,3.9,,,,,,,,,,
El Hadji Malick Diouf,Brentford,eng Premier League,DF,22.0,30,0.3,,,,,,,,,,
Kevin Danso,Sunderland,eng Premier League,DF,28.3,180,2.0,,,,,,,,,,
Gabriel Gudmundsson,Leeds United,eng Premier League,DF,27.7,162,1.8,,,,,,,,,,
Joachim Andersen,Fulham,eng Premier League,DF,30.6,180,2.0,,,,,,,,,,
Joe Rodon,Leeds United,eng Premier League,DF,29.2,124,1.4,,,,,,,,,,
Luke Shaw,Manchester Utd,eng Premier League,DF,31.5,252,2.8,,,,,,,,,,
Ezri Konsa,Arsenal,eng Premier League,DF,29.2,191,2.1,,,,,,,,,,
Semi Ajayi,Hull City,eng Premier League,DF,33.1,334,3.7,,,,,,,,,,
David Affengruber,Fulham,eng Premier League,DF,25.8,90,1.0,,,,,,,,,,
Pascal Struijk,Brighton,eng Premier League,DF,27.4,13,0.1,,,,,,,,,,
Reece James,Chelsea,eng Premier League,DF,,292,3.2,,,,,,,,,,
Myles Lewis-Skelly,Arsenal,eng Premier League,DF,20.3,273,3.0,,,,,,,,,,
Ousmane Diomande,Nott'ham Forest,eng Premier League,DF,23.1,91,1.0,,,,,,,,,,
Adrien Truffert,Bournemouth,eng Premier League,DF,25.1,360,4.0,,,,,,,,,,
António Silva,Bournemouth,eng Premier League,DF,23.2,360,4.0,,,,,,,,,,
Trai Hume,Sunderland,eng Premier League,DF,24.8,196,2.2,,,,,,,,,,
Jair Cunha,Nott'ham Forest,eng Premier League,DF,32.4,270,3.0,,,,,,,,,,
Matteo Ruggeri,Aston Villa,eng Premier League,DF,24.5,23,0.3,,,,,,,,,,
Ola Aina,Nott'ham Forest,eng Premier League,DF,30.2,309,3.4,,,,,,,,,,
Tosin Adarabioyo,Tottenham,eng Premier League,DF,29.3,8,0.1,,,,,,,,,,
Matt Targett,Hull City,eng Premier League,DF,31.3,12,0.1,,,,,,,,,,
Cristhian Mosquera,Arsenal,eng Premier League,DF,22.5,169,1.9,,,,,,,,,,
Aaron Wan-Bissaka,Aston Villa,eng Premier League,DF,29.1,111,1.2,,,,,,,,,,
James Hill,Bournemouth,eng Premier League,DF,25.0,360,4.0,,,,,,,,,,
Daniel Ballard,Sunderland,eng Premier League,DF,,360,4.0,,,,,,,,,,
Andrew Robertson,Tottenham,eng Premier League,DF,32.8,277,3.1,,,,,,,,,,
Jaka Bijol,Leeds United,eng Premier League,DF,27.9,164,1.8,,,,,,,,,,
Calvin Bassey,Fulham,eng Premier League,DF,27.0,360,4.0,,,,,,,,,,
Leif Davis,Ipswich Town,eng Premier League,DF,27.0,360,4.0,,,,,,,,,,
Murillo,Nott'ham Forest,eng Premier League,DF,24.5,358,4.0,,,,,,,,,,
Lisandro Martínez,Manchester Utd,eng Premier League,DF,29.0,270,3.0,,,,,,,,,,
Kristoffer Ajer,Brentford,eng Premier League,DF,28.7,360,4.0,,,,,,,,,,
Cody Drameh,Hull City,eng Premier League,DF,25.1,65,0.7,,,,,,,,,,
Nikola Milenković,Nott'ham Forest,eng Premier League,DF,,270,3.0,,,,,,,,,,
Harry Maguire,Manchester Utd,eng Premier League,DF,33.8,360,4.0,,,,,,,,,,
Maxence Lacroix,Chelsea,eng Premier League,DF,26.7,281,3.1,,,,,,,,,,
Jurriën Timber,Arsenal,eng Premier League,DF,25.5,45,0.5,,,,,,,,,,
Honest Ahanor,Crystal Palace,eng Premier League,DF,18.9,90,1.0,,,,,,,,,,
Jake O'Brien,Everton,eng Premier League,DF,25.6,15,0.2,,,,,,,,,,
Paddy McNair,Hull City,eng Premier League,DF,31.7,26,0.3,,,,,,,,,,
Piero Hincapié,Arsenal,eng Premier League,DF,25.0,32,0.4,,,,,,,,,,
Destiny Udogie,Tottenham,eng Premier League,DF,24.1,92,1.0,,,,,,,,,,
Pedro Porro,Tottenham,eng Premier League,DF,27.3,180,2.0,,,,,,,,,,
Costinha,Brighton,eng Premier League,DF,,61,0.7,,,,,,,,,,
Aurele Amenda,Coventry City,eng Premier League,DF,23.4,360,4.0,,,,,,,,,,
Reinildo Mandava,Sunderland,eng Premier League,DF,32.9,360,4.0,,,,,,,,,,
Lucas Herrington,Hull City,eng Premier League,DF,19.3,107,1.2,,,,,,,,,,
Nathan Collins,Brentford,eng Premier League,DF,25.7,197,2.2,,,,,,,,,,
Keane Lewis-Potter,Brentford,eng Premier League,DF,25.9,328,3.6,,,,,,,,,,
Issa Diop,Ipswich Town,eng Premier League,DF,30.0,360,4.0,,,,,,,,,,
Lewie Coyle,Hull City,eng Premier League,DF,31.2,261,2.9,,,,,,,,,,
Kostas Tsimikas,Liverpool,eng Premier League,DF,30.6,64,0.7,,,,,,,,,,
Ryan Sessegnon,Fulham,eng Premier League,DF,26.6,50,0.6,,,,,,,,,,
Nico Elvedi,Leeds United,eng Premier League,DF,30.3,236,2.6,,,,,,,,,,
Jorrel Hato,Chelsea,eng Premier League,DF,20.8,260,2.9,,,,,,,,,,
Timothy Castagne,Fulham,eng Premier League,DF,31.1,320,3.6,,,,,,,,,,
Matty Cash,Aston Villa,eng Premier League,DF,29.4,253,2.8,,,,,,,,,,
Jay DaSilva,Coventry City,eng Premier League,DF,28.7,355,3.9,,,,,,,,,,
Milos Kerkez,Liverpool,eng Premier League,DF,23.2,296,3.3,,,,,,,,,,
Nico O’Reilly,Manchester City,eng Premier League,DF,21.8,160,1.8,,,,,,,,,,
Victor Lindelöf,Aston Villa,eng Premier League,DF,32.5,360,4.0,,,,,,,,,,
Diogo Dalot,Manchester Utd,eng Premier League,DF,27.8,258,2.9,,,,,,,,,,
Chris Richards,Crystal Palace,eng Premier League,DF,26.8,360,4.0,,,,,,,,,,
Sven Botman,Newcastle Utd,eng Premier League,DF,27.0,360,4.0,,,,,,,,,,
Aaron Hickey,Brentford,eng Premier League,DF,24.6,132,1.5,,,,,,,,,,
Pep Chavarría,Chelsea,eng Premier League,DF,28.7,118,1.3,,,,,,,,,,
Thomas Meunier,Sunderland,eng Premier League,DF,35.3,320,3.6,,,,,,,,,,
Valentino Livramento,Newcastle Utd,eng Premier League,DF,24.1,33,0.4,,,,,,,,,,
Milan van Ewijk,Coventry City,eng Premier League,DF,26.3,360,4.0,,,,,,,,,,
Amar Dedić,Newcastle Utd,eng Premier League,DF,24.4,328,3.6,,,,,,,,,,
Axel Disasi,Crystal Palace,eng Premier League,DF,28.8,140,1.6,,,,,,,,,,
Luca Netz,Nott'ham Forest,eng Premier League,DF,23.6,26,0.3,,,,,,,,,,
Malo Gusto,Chelsea,eng Premier League,DF,23.6,274,3.0,,,,,,,,,,
Antonee Robinson,Fulham,eng Premier League,DF,29.4,341,3.8,,,,,,,,,,
Chadi Riad,Crystal Palace,eng Premier League,DF,23.5,72,0.8,,,,,,,,,,
Kenny Tete,Fulham,eng Premier League,DF,31.2,27,0.3,,,,,,,,,,
Jaydee Canvot,Crystal Palace,eng Premier League,DF,20.4,270,3.0,,,,,,,,,,
Malick Thiaw,Newcastle Utd,eng Premier League,DF,25.4,360,4.0,,,,,,,,,,
Joshua Acheampong,Chelsea,eng Premier League,DF,20.7,202,2.2,,,,,,,,,,
Levi Colwill,Chelsea,eng Premier League,DF,23.8,252,2.8,,,,,,,,,,
Jeremie Frimpong,Liverpool,eng Premier League,DF,26.1,179,2.0,,,,,,,,,,
Leny Yoro,Manchester Utd,eng Premier League,DF,21.1,29,0.3,,,,,,,,,,
Adam Smith,Bournemouth,eng Premier League,DF,35.7,360,4.0,,,,,,,,,,
Takehiro Tomiyasu,Crystal Palace,eng Premier League,DF,28.2,145,1.6,,,,,,,,,,
Melvin Bard,Leeds United,eng Premier League,DF,26.2,18,0.2,,,,,,,,,,
Noussair Mazraoui,Manchester Utd,eng Premier League,DF,29.1,98,1.1,,,,,,,,,,
Ethan Pinnock,Coventry City,eng Premier League,DF,33.6,192,2.1,,,,,,,,,,
Ayden Heaven,Manchester Utd,eng Premier League,DF,20.3,90,1.0,,,,,,,,,,
Dara O'Shea,Ipswich Town,eng Premier League,DF,27.8,360,4.0,,,,,,,,,,
Ferdi Kadioglu,Brighton,eng Premier League,DF,27.2,258,2.9,,,,,,,,,,
Ian Maatsen,Aston Villa,eng Premier League,DF,24.8,330,3.7,,,,,,,,,,
Jacob Greaves,Ipswich Town,eng Premier League,DF,26.3,358,4.0,,,,,,,,,,
Luke O'Nien,Sunderland,eng Premier League,DF,32.1,67,0.7,,,,,,,,,,
Omar Alderete,Sunderland,eng Premier League,DF,30.0,23,0.3,,,,,,,,,,
Pau Torres,Aston Villa,eng Premier League,DF,30.0,189,2.1,,,,,,,,,,
Darnell Furlong,Ipswich Town,eng Premier League,DF,31.2,17,0.2,,,,,,,,,,
Rico Lewis,Manchester City,eng Premier League,DF,22.1,57,0.6,,,,,,,,,,
Vitor Reis,Manchester City,eng Premier League,DF,21.0,1,0.0,,,,,,,,,,
Fabian Schär,Newcastle Utd,eng Premier League,DF,35.0,1,0.0,,,,,,,,,,
Kaden Braithwaite,Manchester City,eng Premier League,DF,18.9,1,0.0,,,,,,,,,,
Rico Henry,Brentford,eng Premier League,DF,29.5,2,0.0,,,,,,,,,,
Jack Hinshelwood,Brighton,eng Premier League,MF,21.7,64,0.7,,,,,,,,,,
Martin Ødegaard,Arsenal,eng Premier League,MF,28.0,309,3.4,,,,,,,,,,
Marcus Tavernier,Bournemouth,eng Premier League,MF,27.8,352,3.9,,,,,,,,,,
Morgan Rogers,Chelsea,eng Premier League,MF,24.4,349,3.9,,,,,,,,,,
Bruno Fernandes,Manchester Utd,eng Premier League,Off_MF,32.3,360,4.0,,,,,,,,,,
Bazoumana Touré,Newcastle Utd,eng Premier League,MF,20.8,34,0.4,,,,,,,,,,
Granit Xhaka,Sunderland,eng Premier League,MF,34.3,360,4.0,,,,,,,,,,
Georginio Rutter,Brighton,eng Premier League,MF,24.7,90,1.0,,,,,,,,,,
Kevin Schade,Brentford,eng Premier League,MF,25.1,358,4.0,,,,,,,,,,
Cole Palmer,Chelsea,eng Premier League,MF,24.7,353,3.9,,,,,,,,,,
Declan Rice,Arsenal,eng Premier League,MF,28.0,324,3.6,,,,,,,,,,
Elliot Anderson,Manchester City,eng Premier League,MF,24.2,325,3.6,,,,,,,,,,
Rayan Cherki,Manchester City,eng Premier League,MF,23.4,220,2.4,,,,,,,,,,
Vitaly Janelt,Brentford,eng Premier League,MF,28.6,360,4.0,,,,,,,,,,
Anan Khalaili,Crystal Palace,eng Premier League,MF,22.3,290,3.2,,,,,,,,,,
Kiernan Dewsbury-Hall,Everton,eng Premier League,MF,28.3,359,4.0,,,,,,,,,,
Kobbie Mainoo,Manchester Utd,eng Premier League,MF,21.7,277,3.1,,,,,,,,,,
Mathias Jensen,Brentford,eng Premier League,MF,31.0,67,0.7,,,,,,,,,,
Pascal Groß,Brighton,eng Premier League,MF,35.5,360,4.0,,,,,,,,,,
Mohamed Belloumi,Hull City,eng Premier League,MF,24.6,315,3.5,,,,,,,,,,
Malick Yalcouyé,Brighton,eng Premier League,MF,21.1,238,2.6,,,,,,,,,,
Dominik Szoboszlai,Liverpool,eng Premier League,MF,26.2,360,4.0,,,,,,,,,,
Alex Scott,Bournemouth,eng Premier League,MF,23.4,356,4.0,,,,,,,,,,
Cody Gakpo,Liverpool,eng Premier League,MF,27.7,281,3.1,,,,,,,,,,
Bruno Guimarães,Arsenal,eng Premier League,MF,29.1,64,0.7,,,,,,,,,,
Sávio,Tottenham,eng Premier League,MF,31.6,151,1.7,,,,,,,,,,
Timothy Weah,Crystal Palace,eng Premier League,MF,25.5,164,1.8,,,,,,,,,,
Mikkel Damsgaard,Brentford,eng Premier League,MF,26.5,199,2.2,,,,,,,,,,
Morgan Gibbs-White,Nott'ham Forest,eng Premier League,MF,26.9,360,4.0,,,,,,,,,,
Youri Tielemans,Manchester Utd,eng Premier League,MF,29.7,314,3.5,,,,,,,,,,
Daichi Kamada,Crystal Palace,eng Premier League,MF,30.4,353,3.9,,,,,,,,,,
James Mcatee,Nott'ham Forest,eng Premier League,MF,24.2,335,3.7,,,,,,,,,,
James Garner,Everton,eng Premier League,MF,25.8,240,2.7,,,,,,,,,,
Joshua King,Fulham,eng Premier League,MF,35.0,347,3.9,,,,,,,,,,
Liam Millar,Hull City,eng Premier League,MF,27.3,50,0.6,,,,,,,,,,
Tyrick Mitchell,Crystal Palace,eng Premier League,MF,27.3,331,3.7,,,,,,,,,,
Anton Stach,Leeds United,eng Premier League,MF,28.1,358,4.0,,,,,,,,,,
Sandro Tonali,Tottenham,eng Premier League,MF,26.7,345,3.8,,,,,,,,,,
Iliman Ndiaye,Manchester City,eng Premier League,MF,26.8,312,3.5,,,,,,,,,,
Alex Iwobi,Fulham,eng Premier League,FW,30.7,340,3.8,,,,,,,,,,
Ao Tanaka,Leeds United,eng Premier League,MF,28.3,190,2.1,,,,,,,,,,
Exequiel Palacios,Ipswich Town,eng Premier League,MF,28.2,196,2.2,,,,,,,,,,
Christos Tzolis,Arsenal,eng Premier League,MF,24.9,292,3.2,,,,,,,,,,
Xaver Schlager,Nott'ham Forest,eng Premier League,MF,29.3,286,3.2,,,,,,,,,,
Yasin Ayari,Brighton,eng Premier League,MF,23.2,244,2.7,,,,,,,,,,
Mamadou Sangare,Brentford,eng Premier League,MF,24.5,301,3.3,,,,,,,,,,
Regan Slater,Hull City,eng Premier League,MF,27.3,360,4.0,,,,,,,,,,
Jack Rudoni,Coventry City,eng Premier League,MF,,227,2.5,,,,,,,,,,
Enzo Fernández,Manchester City,eng Premier League,MF,26.0,183,2.0,,,,,,,,,,
Roméo Lavia,Chelsea,eng Premier League,MF,23.0,262,2.9,,,,,,,,,,
Hugo Larsson,Fulham,eng Premier League,MF,22.5,24,0.3,,,,,,,,,,
Ethan Ampadu,Leeds United,eng Premier League,MF,26.3,360,4.0,,,,,,,,,,
Jack Clarke,Ipswich Town,eng Premier League,MF,26.1,106,1.2,,,,,,,,,,
Julio Enciso,Ipswich Town,eng Premier League,MF,22.9,341,3.8,,,,,,,,,,
Adam Wharton,Crystal Palace,eng Premier League,MF,22.9,347,3.9,,,,,,,,,,
Pedro Neto,Chelsea,eng Premier League,MF,26.8,249,2.8,,,,,,,,,,
Abdul Fatawu Issahaku,Ipswich Town,eng Premier League,MF,22.8,290,3.2,,,,,,,,,,
Ben Gannon-Doak,Bournemouth,eng Premier League,MF,21.1,17,0.2,,,,,,,,,,
Alexis Mac Allister,Liverpool,eng Premier League,MF,28.0,218,2.4,,,,,,,,,,
Marcelino Núñez,Ipswich Town,eng Premier League,MF,26.8,142,1.6,,,,,,,,,,
Jayden Bogle,Leeds United,eng Premier League,MF,26.4,302,3.4,,,,,,,,,,
Diego Gómez,Brighton,eng Premier League,MF,,350,3.9,,,,,,,,,,
Daniel Muñoz,Nott'ham Forest,eng Premier League,MF,30.6,176,2.0,,,,,,,,,,
Ayyoub Bouaddi,Manchester City,eng Premier League,MF,19.2,22,0.2,,,,,,,,,,
Lucas Gourna-Douath,Hull City,eng Premier League,MF,23.4,127,1.4,,,,,,,,,,
Noah Sadiki,Sunderland,eng Premier League,MF,22.0,344,3.8,,,,,,,,,,
Oscar Bobb,Fulham,eng Premier League,MF,23.5,277,3.1,,,,,,,,,,
Conor Gallagher,Tottenham,eng Premier League,MF,26.9,128,1.4,,,,,,,,,,
Mohammed Kudus,Tottenham,eng Premier League,MF,26.4,78,0.9,,,,,,,,,,
Jack Grealish,Everton,eng Premier League,FW,31.3,57,0.6,,,,,,,,,,
Dan Ndoye,Nott'ham Forest,eng Premier League,MF,26.2,262,2.9,,,,,,,,,,
Jacob Ramsey,Newcastle Utd,eng Premier League,MF,25.6,69,0.8,,,,,,,,,,
Nilson Angulo,Sunderland,eng Premier League,MF,23.5,258,2.9,,,,,,,,,,
Hayden Hackney,Everton,eng Premier League,MF,,137,1.5,,,,,,,,,,
Hidemasa Morita,Hull City,eng Premier League,MF,31.6,45,0.5,,,,,,,,,,
Mateus Fernandes,Tottenham,eng Premier League,MF,22.5,211,2.3,,,,,,,,,,
Matt Grimes,Coventry City,eng Premier League,MF,31.5,354,3.9,,,,,,,,,,
Justin Kluivert,Bournemouth,eng Premier League,MF,27.7,298,3.3,,,,,,,,,,
Joe Willock,Newcastle Utd,eng Premier League,MF,27.4,200,2.2,,,,,,,,,,
Ryan Gravenberch,Liverpool,eng Premier League,MF,24.6,183,2.0,,,,,,,,,,
Boubacar Kamara,Aston Villa,eng Premier League,MF,27.1,360,4.0,,,,,,,,,,
Ross Barkley,Aston Villa,eng Premier League,MF,33.1,305,3.4,,,,,,,,,,
Shea Charles,Fulham,eng Premier League,MF,23.2,214,2.4,,,,,,,,,,
Andrey Santos,Manchester Utd,eng Premier League,MF,22.7,90,1.0,,,,,,,,,,
Merlin Röhl,Everton,eng Premier League,MF,24.5,251,2.8,,,,,,,,,,
Enzo Le Fée,Sunderland,eng Premier League,MF,26.9,349,3.9,,,,,,,,,,
Alysson,Aston Villa,eng Premier League,MF,,87,1.0,,,,,,,,,,
Habib Diarra,Sunderland,eng Premier League,MF,23.0,28,0.3,,,,,,,,,,
Daniel James,Leeds United,eng Premier League,FW,29.1,34,0.4,,,,,,,,,,
Mikel Merino,Arsenal,eng Premier League,MF,30.5,60,0.7,,,,,,,,,,
Dango Ouattara,Brentford,eng Premier League,MF,24.9,171,1.9,,,,,,,,,,
Harry Wilson,Leeds United,eng Premier League,FW,29.8,146,1.6,,,,,,,,,,
Mykhailo Mudryk,Tottenham,eng Premier League,MF,26.0,16,0.2,,,,,,,,,,
Lamare Bogarde,Aston Villa,eng Premier League,MF,23.0,16,0.2,,,,,,,,,,
Matt Crooks,Hull City,eng Premier League,Off_MF,32.9,159,1.8,,,,,,,,,,
Loum Tchaouna,Coventry City,eng Premier League,MF,23.3,168,1.9,,,,,,,,,,
Jaidon Anthony,Brentford,eng Premier League,MF,27.1,189,2.1,,,,,,,,,,
Ryan McAidoo,Manchester City,eng Premier League,MF,18.5,17,0.2,,,,,,,,,,
Ibrahim Sangaré,Nott'ham Forest,eng Premier League,MF,29.1,98,1.1,,,,,,,,,,
Brooke Norton-Cuffy,Hull City,eng Premier League,MF,23.0,34,0.4,,,,,,,,,,
Sander Berge,Fulham,eng Premier League,MF,28.9,275,3.1,,,,,,,,,,
Mateo Kovačić,Manchester City,eng Premier League,MF,32.7,42,0.5,,,,,,,,,,
Trey Nyoni,Liverpool,eng Premier League,MF,19.5,25,0.3,,,,,,,,,,
Abdoul Ouattara,Ipswich Town,eng Premier League,MF,21.2,47,0.5,,,,,,,,,,
Lewis Miley,Newcastle Utd,eng Premier League,MF,20.7,309,3.4,,,,,,,,,,
Rodrigo Bentancur,Tottenham,eng Premier League,MF,29.5,288,3.2,,,,,,,,,,
Martín Zubimendi,Arsenal,eng Premier League,MF,27.9,69,0.8,,,,,,,,,,
Tyler Adams,Bournemouth,eng Premier League,MF,27.9,194,2.2,,,,,,,,,,
Moisés Caicedo,Chelsea,eng Premier League,MF,25.2,14,0.2,,,,,,,,,,
Matt O'Riley,Brighton,eng Premier League,MF,26.1,13,0.1,,,,,,,,,,
Florentino Luís,Ipswich Town,eng Premier League,MF,27.4,13,0.1,,,,,,,,,,
Jens Hjertø-Dahl,Hull City,eng Premier League,MF,21.2,8,0.1,,,,,,,,,,
Sean Longstaff,Leeds United,eng Premier League,MF,29.2,10,0.1,,,,,,,,,,
Will Hughes,Crystal Palace,eng Premier League,MF,31.7,29,0.3,,,,,,,,,,
Tim Iroegbunam,Hull City,eng Premier League,MF,23.5,29,0.3,,,,,,,,,,
Valentín Barco,Chelsea,eng Premier League,MF,22.4,29,0.3,,,,,,,,,,
Tatsuhiro Sakamoto,Coventry City,eng Premier League,MF,30.2,31,0.3,,,,,,,,,,
Antoine Semenyo,Manchester City,eng Premier League,MF,27.0,360,4.0,,,,,,,,,,
Florian Wirtz,Liverpool,eng Premier League,MF,23.7,332,3.7,,,,,,,,,,
Lewis Cook,Bournemouth,eng Premier League,MF,29.9,166,1.8,,,,,,,,,,
Malick Fofana,Sunderland,eng Premier League,MF,,30,0.3,,,,,,,,,,
Aladji Bamba,Newcastle Utd,eng Premier League,MF,20.5,24,0.3,,,,,,,,,,
Sorba Thomas,Hull City,eng Premier League,MF,27.9,57,0.6,,,,,,,,,,
Ibrahim Osman,Brighton,eng Premier League,MF,22.1,40,0.4,,,,,,,,,,
Kasey McAteer,Ipswich Town,eng Premier League,MF,25.1,50,0.6,,,,,,,,,,
Eberechi Eze,Arsenal,eng Premier League,MF,28.5,68,0.8,,,,,,,,,,
Frank Onyeka,Coventry City,eng Premier League,MF,29.0,226,2.5,,,,,,,,,,
Harrison Armstrong,Everton,eng Premier League,MF,20.0,356,4.0,,,,,,,,,,
Saša Lukić,Ipswich Town,eng Premier League,MF,30.4,330,3.7,,,,,,,,,,
Sean Steur,Newcastle Utd,eng Premier League,MF,19.0,159,1.8,,,,,,,,,,
Chema,Brighton,eng Premier League,MF,21.7,25,0.3,,,,,,,,,,
Geovany Quenda,Chelsea,eng Premier League,MF,19.7,8,0.1,,,,,,,,,,
Johan Manzambi,Aston Villa,eng Premier League,MF,21.2,27,0.3,,,,,,,,,,
Shea Lacey,Manchester Utd,eng Premier League,MF,19.7,10,0.1,,,,,,,,,,
Jefferson Lerma,Crystal Palace,eng Premier League,MF,32.2,12,0.1,,,,,,,,,,
Sindre Walle Egeli,Ipswich Town,eng Premier League,MF,20.5,10,0.1,,,,,,,,,,
James Maddison,Tottenham,eng Premier League,Off_MF,30.1,35,0.4,,,,,,,,,,
Nicolás González,Newcastle Utd,eng Premier League,MF,,167,1.9,,,,,,,,,,
Ryan Christie,Bournemouth,eng Premier League,MF,31.9,33,0.4,,,,,,,,,,
Estêvão Willian,Chelsea,eng Premier League,MF,,32,0.4,,,,,,,,,,
Elliot Stroud,Hull City,eng Premier League,MF,24.5,253,2.8,,,,,,,,,,
Emile Smith Rowe,Fulham,eng Premier League,MF,26.4,38,0.4,,,,,,,,,,
Kevin,Fulham,eng Premier League,MF,24.0,47,0.5,,,,,,,,,,
Yehor Yarmoliuk,Brentford,eng Premier League,MF,,149,1.7,,,,,,,,,,
Gustavo Hamer,Coventry City,eng Premier League,MF,29.5,38,0.4,,,,,,,,,,
Victor Torp,Coventry City,eng Premier League,MF,27.4,60,0.7,,,,,,,,,,
Archie Gray,Tottenham,eng Premier League,MF,20.8,239,2.7,,,,,,,,,,
Chris Rigg,Sunderland,eng Premier League,MF,19.5,22,0.2,,,,,,,,,,
Lucas Bergvall,Tottenham,eng Premier League,MF,20.9,72,0.8,,,,,,,,,,
Dwight McNeil,Crystal Palace,eng Premier League,MF,27.1,85,0.9,,,,,,,,,,
David Brooks,Bournemouth,eng Premier League,MF,29.5,36,0.4,,,,,,,,,,
Caleb Yirenkyi,Coventry City,eng Premier League,MF,21.0,177,2.0,,,,,,,,,,
César Palacios,Fulham,eng Premier League,MF,22.1,210,2.3,,,,,,,,,,
Ephron Mason-Clark,Coventry City,eng Premier League,MF,,189,2.1,,,,,,,,,,
John McGinn,Aston Villa,eng Premier League,FW,32.2,352,3.9,,,,,,,,,,
George Hemmings,Aston Villa,eng Premier League,MF,19.7,281,3.1,,,,,,,,,,
Rayan,Bournemouth,eng Premier League,MF,20.4,350,3.9,,,,,,,,,,
Emi Buendía,Aston Villa,eng Premier League,FW,30.0,314,3.5,,,,,,,,,,
Chemsdine Talbi,Sunderland,eng Premier League,MF,21.6,31,0.3,,,,,,,,,,
Alex Tóth,Bournemouth,eng Premier League,MF,21.2,15,0.2,,,,,,,,,,
Óscar Mingueza,Crystal Palace,eng Premier League,MF,27.6,16,0.2,,,,,,,,,,
Zavier Gozo,Crystal Palace,eng Premier League,MF,19.8,34,0.4,,,,,,,,,,
Carlos Alcaraz,Everton,eng Premier League,MF,24.1,9,0.1,,,,,,,,,,
Patrick Dorgu,Manchester Utd,eng Premier League,MF,22.2,165,1.8,,,,,,,,,,
Jaden Philogene Bidace,Ipswich Town,eng Premier League,MF,24.9,28,0.3,,,,,,,,,,
Phil Foden,Manchester City,eng Premier League,MF,26.6,219,2.4,,,,,,,,,,
João Gomes,Aston Villa,eng Premier League,MF,,40,0.4,,,,,,,,,,
Darío Osorio,Crystal Palace,eng Premier League,MF,22.9,1,0.0,,,,,,,,,,
Callum Hudson-Odoi,Nott'ham Forest,eng Premier League,MF,26.1,1,0.0,,,,,,,,,,
Nicolás Domínguez,Nott'ham Forest,eng Premier League,MF,28.5,1,0.0,,,,,,,,,,
Erling Haaland,Manchester City,eng Premier League,FW,26.4,360,4.0,,,,,,,,,,
João Pedro,Chelsea,eng Premier League,FW,26.5,360,4.0,,,,,,,,,,
Bukayo Saka,Arsenal,eng Premier League,FW,25.3,337,3.7,,,,,,,,,,
Alexander Isak,Liverpool,eng Premier League,FW,27.3,334,3.7,,,,,,,,,,
Anthony Elanga,Newcastle Utd,eng Premier League,FW,24.7,235,2.6,,,,,,,,,,
Tyrique George,Everton,eng Premier League,FW,20.9,301,3.3,,,,,,,,,,
Emersonn,Ipswich Town,eng Premier League,FW,22.5,240,2.7,,,,,,,,,,
Dominic Calvert-Lewin,Leeds United,eng Premier League,FW,29.8,331,3.7,,,,,,,,,,
Noah Okafor,Leeds United,eng Premier League,FW,26.6,227,2.5,,,,,,,,,,
Víctor Muñoz,Liverpool,eng Premier League,FW,23.5,241,2.7,,,,,,,,,,
Jørgen Strand Larsen,Crystal Palace,eng Premier League,FW,26.9,219,2.4,,,,,,,,,,
Kai Havertz,Arsenal,eng Premier League,FW,27.6,348,3.9,,,,,,,,,,
Igor Jesus,Nott'ham Forest,eng Premier League,FW,46.9,225,2.5,,,,,,,,,,
Chuba Akpom,Ipswich Town,eng Premier League,FW,31.2,69,0.8,,,,,,,,,,
Harvey Barnes,Newcastle Utd,eng Premier League,FW,29.1,359,4.0,,,,,,,,,,
Nick Woltemade,Newcastle Utd,eng Premier League,FW,24.9,19,0.2,,,,,,,,,,
Noni Madueke,Arsenal,eng Premier League,FW,24.8,23,0.3,,,,,,,,,,
Charalampos Kostoulas,Brighton,eng Premier League,FW,19.6,280,3.1,,,,,,,,,,
Bryan Mbeumo,Manchester Utd,eng Premier League,FW,27.4,360,4.0,,,,,,,,,,
Yeremi Pino,Crystal Palace,eng Premier League,FW,24.2,229,2.5,,,,,,,,,,
Zian Flemming,Ipswich Town,eng Premier League,FW,28.4,51,0.6,,,,,,,,,,
Oliver McBurnie,Hull City,eng Premier League,FW,30.6,352,3.9,,,,,,,,,,
Marcus Rashford,Manchester Utd,eng Premier League,FW,29.2,278,3.1,,,,,,,,,,
Callum Wilson,Brentford,eng Premier League,FW,34.8,25,0.3,,,,,,,,,,
Omar Marmoush,Tottenham,eng Premier League,FW,27.9,251,2.8,,,,,,,,,,
Thierno Barry,Everton,eng Premier League,FW,24.2,329,3.7,,,,,,,,,,
Liam Delap,Nott'ham Forest,eng Premier League,FW,23.9,187,2.1,,,,,,,,,,
Eddie Nketiah,Crystal Palace,eng Premier League,FW,27.6,168,1.9,,,,,,,,,,
William Osula,Newcastle Utd,eng Premier League,FW,23.4,56,0.6,,,,,,,,,,
Nicolas Jackson,Aston Villa,eng Premier League,FW,25.5,201,2.2,,,,,,,,,,
Daniel Jebbison,Bournemouth,eng Premier League,FW,23.4,23,0.3,,,,,,,,,,
Ibrahim Mbaye,Aston Villa,eng Premier League,FW,18.9,27,0.3,,,,,,,,,,
Wilson Isidor,Sunderland,eng Premier League,FW,26.3,95,1.1,,,,,,,,,,
Evanilson,Bournemouth,eng Premier League,FW,27.2,335,3.7,,,,,,,,,,
Bradley Barcola,Liverpool,eng Premier League,FW,24.3,98,1.1,,,,,,,,,,
Mohamed Ali Cho,Hull City,eng Premier League,FW,23.0,51,0.6,,,,,,,,,,
Yoane Wissa,Newcastle Utd,eng Premier League,FW,30.3,351,3.9,,,,,,,,,,
Benjamin Šeško,Manchester Utd,eng Premier League,FW,23.6,76,0.8,,,,,,,,,,
Sidiki Cherif,Coventry City,eng Premier League,FW,20.0,30,0.3,,,,,,,,,,
Zadok Yohanna,Brighton,eng Premier League,FW,19.5,12,0.1,,,,,,,,,,
Beto,Everton,eng Premier League,FW,,31,0.3,,,,,,,,,,
Lewis Koumas,Liverpool,eng Premier League,FW,21.3,13,0.1,,,,,,,,,,
Lukas Nmecha,Leeds United,eng Premier League,FW,28.0,50,0.6,,,,,,,,,,
Ellis Simms,Coventry City,eng Premier League,FW,26.0,89,1.0,,,,,,,,,,
Chris Wood,Nott'ham Forest,eng Premier League,FW,35.1,45,0.5,,,,,,,,,,
Joshua Zirkzee,Manchester Utd,eng Premier League,FW,25.6,13,0.1,,,,,,,,,,
Danny Welbeck,Chelsea,eng Premier League,FW,36.1,20,0.2,,,,,,,,,,
Brenden Aaronson,Leeds United,eng Premier League,FW,26.2,173,1.9,,,,,,,,,,
Gonzalo García,Fulham,eng Premier League,FW,25.0,347,3.9,,,,,,,,,,
Jacob Murphy,Newcastle Utd,eng Premier League,FW,31.9,92,1.0,,,,,,,,,,
Brennan Johnson,Everton,eng Premier League,FW,25.6,183,2.0,,,,,,,,,,
Tammy Abraham,Aston Villa,eng Premier League,FW,29.2,73,0.8,,,,,,,,,,
Matheus Cunha,Manchester Utd,eng Premier League,FW,,320,3.6,,,,,,,,,,
Matias Fernandez-Pardo,Newcastle Utd,eng Premier League,FW,21.9,85,0.9,,,,,,,,,,
Brandon Thomas-Asante,Coventry City,eng Premier League,FW,28.0,138,1.5,,,,,,,,,,
Rio Ngumoha,Liverpool,eng Premier League,FW,18.3,100,1.1,,,,,,,,,,
Viktor Gyökeres,Arsenal,eng Premier League,FW,28.6,12,0.1,,,,,,,,,,
Robinio Vaz,Hull City,eng Premier League,FW,19.9,8,0.1,,,,,,,,,,
Álvaro Rodríguez,Bournemouth,eng Premier League,FW,22.5,10,0.1,,,,,,,,,,
Alejandro Garnacho,Aston Villa,eng Premier League,FW,22.5,36,0.4,,,,,,,,,,
Rodrigo Muniz,Fulham,eng Premier League,FW,25.7,33,0.4,,,,,,,,,,
Thiago,Brentford,eng Premier League,FW,25.5,353,3.9,,,,,,,,,,
Mathys Tel,Tottenham,eng Premier League,FW,21.7,259,2.9,,,,,,,,,,
Mikey Moore,Tottenham,eng Premier League,FW,19.4,90,1.0,,,,,,,,,,
Evann Guessand,Crystal Palace,eng Premier League,FW,25.5,54,0.6,,,,,,,,,,
Brian Brobbey,Sunderland,eng Premier League,FW,24.9,311,3.5,,,,,,,,,,
Taiwo Awoniyi,Coventry City,eng Premier League,FW,29.4,234,2.6,,,,,,,,,,
Dominic Solanke,Tottenham,eng Premier League,FW,29.3,112,1.2,,,,,,,,,,
Promise David,Brighton,eng Premier League,FW,25.5,23,0.3,,,,,,,,,,
Daizen Maeda,Ipswich Town,eng Premier League,FW,29.2,246,2.7,,,,,,,,,,
Richarlison,Tottenham,eng Premier League,FW,29.6,68,0.8,,,,,,,,,,
Jean-Philippe Mateta,Crystal Palace,eng Premier League,FW,29.5,63,0.7,,,,,,,,,,
Arnaud Kalimuendo,Nott'ham Forest,eng Premier League,FW,24.9,1,0.0,,,,,,,,,,
Romaine Mundle,Sunderland,eng Premier League,FW,23.7,1,0.0,,,,,,,,,,
Péter Gulácsi,Villarreal,es La Liga,GK,36.7,90,1.0,,,,,,,,,,
Unai Marrero,Real Sociedad,es La Liga,GK,25.2,90,1.0,,,,,,,,,,
Álvaro Valles,Betis,es La Liga,GK,29.4,450,5.0,,,,,,,,,972.4248708134263,Exceptional
Alfonso Herrero,Málaga,es La Liga,GK,32.7,450,5.0,,,,,,,,,883.9853598493788,World Class
Álex Remiro,Real Sociedad,es La Liga,GK,31.8,450,5.0,,,,,,,,,707.9279734826439,Top Starter
Unai Simón,Athletic Club,es La Liga,GK,29.6,450,5.0,,,,,,,,,940.9105292656401,Exceptional
Antonio Sivera,Alavés,es La Liga,GK,30.4,450,5.0,,,,,,,,,695.9075273150589,Top Starter
Mathew Ryan,Levante,es La Liga,GK,34.7,450,5.0,,,,,,,,,732.9095349135462,Top Starter
Marko Dmitrović,Espanyol,es La Liga,GK,34.9,450,5.0,,,,,,,,,961.2122243098788,Exceptional
David Soria,Getafe,es La Liga,GK,33.7,450,5.0,,,,,,,,,512.6821319530242,Top Starter
Joan García,Barcelona,es La Liga,GK,25.7,450,5.0,,,,,,,,,859.3522038240682,World Class
Leo Román,La Coruña,es La Liga,GK,26.5,450,5.0,,,,,,,,,690.8859848195927,Top Starter
Julen Agirrezabala,Real Racing Club,es La Liga,GK,26.0,450,5.0,,,,,,,,,629.1821860393179,Top Starter
Ionuț Radu,Celta Vigo,es La Liga,GK,29.6,540,6.0,,,,,,,,,720.3603859156141,Top Starter
Augusto Batalla,Rayo Vallecano,es La Liga,GK,30.7,150,1.7,,,,,,,,,,
Jan Oblak,Atlético Madrid,es La Liga,GK,34.0,450,5.0,,,,,,,,,438.91072505519566,Top Starter
Thibaut Courtois,Real Madrid,es La Liga,GK,34.6,450,5.0,,,,,,,,,464.7166450492344,Top Starter
Odysseas Vlachodimos,Sevilla,es La Liga,GK,32.7,450,5.0,,,,,,,,,411.47105464949203,Top Starter
Sergio Herrera,Osasuna,es La Liga,GK,33.7,450,5.0,,,,,,,,,296.80200216552674,Solid Squad Player
Emil Audero,Rayo Vallecano,es La Liga,GK,30.0,90,1.0,,,,,,,,,,
Dani Cárdenas,Rayo Vallecano,es La Liga,GK,29.8,210,2.3,,,,,,,,,,
Stole Dimitrievski,Valencia,es La Liga,GK,33.0,450,5.0,,,,,,,,,519.468285727679,Top Starter
Matías Dituro,Elche,es La Liga,GK,39.7,450,5.0,,,,,,,,,374.02747842047,Solid Squad Player
Luiz Júnior,Villarreal,es La Liga,GK,26.0,360,4.0,,,,,,,,,,
Marc Bartra,Betis,es La Liga,DF,36.0,321,3.6,,,,,,,,,,
Pau Cubarsí,Barcelona,es La Liga,DF,19.9,332,3.7,,,,,,,,,,
Natan,Betis,es La Liga,DF,25.9,360,4.0,,,,,,,,,,
Pau Navarro,Villarreal,es La Liga,DF,21.7,90,1.0,,,,,,,,,,
Antonio Rüdiger,Real Madrid,es La Liga,DF,33.8,180,2.0,,,,,,,,,,
Aitor Paredes,Athletic Club,es La Liga,DF,26.7,209,2.3,,,,,,,,,,
Dávid Hancko,Atlético Madrid,es La Liga,DF,29.1,450,5.0,,,,,639.6015092538806,Top Starter,552.8990019019666,Top Starter,,
Valentín Gómez,Betis,es La Liga,DF,23.5,90,1.0,,,,,,,,,,
Cristian Romero,Atlético Madrid,es La Liga,DF,28.7,121,1.3,,,,,,,,,,
Ángel Ortíz,Betis,es La Liga,DF,22.4,71,0.8,,,,,,,,,,
Dean Huijsen,Real Madrid,es La Liga,DF,21.7,360,4.0,,,,,,,,,,
Juan Foyth,Villarreal,es La Liga,DF,29.0,270,3.0,,,,,,,,,,
Gerard Martín,Barcelona,es La Liga,DF,24.8,315,3.5,,,,,,,,,,
Eric García,Barcelona,es La Liga,DF,26.0,289,3.2,,,,,,,,,,
Omar El Hilali,Espanyol,es La Liga,DF,23.3,435,4.8,,,,,,,,,,
Álvaro Carreras,Real Madrid,es La Liga,DF,23.8,210,2.3,,,,,,,,,,
Trent Alexander-Arnold,Real Madrid,es La Liga,DF,28.2,126,1.4,,,,,,,,,,
Adrián de la Fuente,Levante,es La Liga,DF,28.9,431,4.8,,,,,,,,,,
Carl Starfelt,Celta Vigo,es La Liga,DF,31.6,218,2.4,,,,,,,,,,
Xavi Espart,Barcelona,es La Liga,DF,19.6,440,4.9,,,,,,,,,,
Nahuel Tenaglia,Alavés,es La Liga,DF,30.9,405,4.5,,,,,,,,,,
Marc Pubill,Atlético Madrid,es La Liga,DF,23.5,336,3.7,,,,,,,,,,
Jonny Castro,Alavés,es La Liga,DF,32.8,420,4.7,,,,,,,,,,
Aïssa Mandi,Levante,es La Liga,DF,35.2,450,5.0,,,,,714.4943901767658,Top Starter,551.4739887933681,Top Starter,,
Diego Llorente,Betis,es La Liga,DF,33.4,129,1.4,,,,,,,,,,
Leandro Cabrera,Espanyol,es La Liga,DF,35.5,180,2.0,,,,,,,,,,
Youssef Enriquez,Alavés,es La Liga,DF,21.2,100,1.1,,,,,,,,,,
Andreas Christensen,Barcelona,es La Liga,DF,30.7,253,2.8,,,,,,,,,,
Pablo Ramón,Real Racing Club,es La Liga,DF,25.5,292,3.2,,,,,,,,,,
Renato Veiga,Villarreal,es La Liga,DF,23.4,450,5.0,,,,,555.7989517146476,Top Starter,488.34994744182154,Top Starter,,
Iglesias,Sevilla,es La Liga,DF,28.5,450,5.0,,,,,616.0713434590219,Top Starter,469.9704970505253,Top Starter,,
Junior Firpo,Betis,es La Liga,DF,30.4,59,0.7,,,,,,,,,,
Castrin,Sevilla,es La Liga,DF,23.6,300,3.3,,,,,,,,,,
Sebastián Cáceres,Celta Vigo,es La Liga,DF,27.4,90,1.0,,,,,,,,,,
Álvaro Núñez,Celta Vigo,es La Liga,DF,26.5,174,1.9,,,,,,,,,,
Marc Cucurella,Real Madrid,es La Liga,DF,28.4,250,2.8,,,,,,,,,,
Alexander Freeman,Villarreal,es La Liga,DF,27.6,134,1.5,,,,,,,,,,
Marcos Alonso,Celta Vigo,es La Liga,DF,36.0,411,4.6,,,,,,,,,,
Jeanuël Belocian,Real Racing Club,es La Liga,DF,21.9,125,1.4,,,,,,,,,,
Johan Mojica,Getafe,es La Liga,DF,34.4,360,4.0,,,,,,,,,,
Gabriel Suazo,Sevilla,es La Liga,DF,29.4,450,5.0,,,,,676.2083728470187,Top Starter,670.0601646043823,Top Starter,,
Quilindschy Hartman,Espanyol,es La Liga,DF,25.1,16,0.2,,,,,,,,,,
Johaneko Louisjean,Athletic Club,es La Liga,DF,22.5,123,1.4,,,,,,,,,,
Catena,Osasuna,es La Liga,DF,32.2,450,5.0,,,,,616.9272200628412,Top Starter,609.0955106864636,Top Starter,,
Roger Hinojo,Espanyol,es La Liga,DF,21.9,446,5.0,,,,,668.7772295531372,Top Starter,524.0793616378792,Top Starter,,
Aymeric Laporte,Athletic Club,es La Liga,DF,32.6,392,4.4,,,,,,,,,,
Marcos Llorente,Atlético Madrid,es La Liga,DF,31.9,285,3.2,,,,,,,,,,
Andrés García,Getafe,es La Liga,DF,23.9,313,3.5,,,,,,,,,,
Fran Garcia,Betis,es La Liga,DF,27.4,391,4.3,,,,,,,,,,
Mamadou Sarr,Real Sociedad,es La Liga,DF,21.3,148,1.6,,,,,,,,,,
Ibrahima Konaté,Real Madrid,es La Liga,DF,27.6,360,4.0,,,,,,,,,,
Manu Sánchez,Levante,es La Liga,DF,20.9,431,4.8,,,,,,,,,,
Yoel Lago,Celta Vigo,es La Liga,DF,22.8,495,5.5,,,,,533.3822772019453,Top Starter,479.1425724451894,Top Starter,,
José María Giménez,La Coruña,es La Liga,DF,31.9,191,2.1,,,,,,,,,,
Unai Núñez,Espanyol,es La Liga,DF,29.9,356,4.0,,,,,,,,,,
Jorge Salinas,Real Racing Club,es La Liga,DF,30.8,450,5.0,,,,,871.9214114661127,World Class,761.4598050517917,World Class,,
Héctor Fort,Real Sociedad,es La Liga,DF,20.4,9,0.1,,,,,,,,,,
Jules Koundé,Barcelona,es La Liga,DF,28.1,171,1.9,,,,,,,,,,
Kike Salas,Sevilla,es La Liga,DF,24.7,358,4.0,,,,,,,,,,
Carlos Romero,Villarreal,es La Liga,DF,25.2,360,4.0,,,,,,,,,,
Carlos Puga,Málaga,es La Liga,DF,,268,3.0,,,,,,,,,,
Nicolás Valentini,Alavés,es La Liga,DF,25.7,55,0.6,,,,,,,,,,
Adrià Altimira,La Coruña,es La Liga,DF,25.8,153,1.7,,,,,,,,,,
Jorge Herrando,Osasuna,es La Liga,DF,25.8,187,2.1,,,,,,,,,,
Bright Ede,La Coruña,es La Liga,DF,19.9,196,2.2,,,,,,,,,,
Yeray Álvarez,Athletic Club,es La Liga,DF,31.9,315,3.5,,,,,,,,,,
César Tárrega,Valencia,es La Liga,DF,24.8,330,3.7,,,,,,,,,,
Aihen Muñoz,Real Sociedad,es La Liga,DF,29.4,18,0.2,,,,,,,,,,
Juan Berrocal,Málaga,es La Liga,DF,27.9,8,0.1,,,,,,,,,,
Pedro Felipe,Real Racing Club,es La Liga,DF,22.6,17,0.2,,,,,,,,,,
Rockson Yeboah,Osasuna,es La Liga,DF,22.4,120,1.3,,,,,,,,,,
Vanja Drkušić,Espanyol,es La Liga,DF,27.2,115,1.3,,,,,,,,,,
Lucas Noubi,La Coruña,es La Liga,DF,22.0,450,5.0,,,,,726.3378695260224,Top Starter,534.1658287827067,Top Starter,,
Sergio Gómez,Real Sociedad,es La Liga,DF,26.3,522,5.8,,,,,621.5355740272836,Top Starter,587.5474380074883,Top Starter,,
Einar Galilea,Málaga,es La Liga,DF,31.6,379,4.2,,,,,,,,,,
Asier Osambela,Osasuna,es La Liga,DF,22.2,133,1.5,,,,,,,,,,
Enzo Boyomo,Osasuna,es La Liga,DF,25.2,111,1.2,,,,,,,,,,
Carmona,Sevilla,es La Liga,DF,24.9,41,0.5,,,,,,,,,,
Davinchi,Getafe,es La Liga,DF,19.2,53,0.6,,,,,,,,,,
Hugo Rincón,Athletic Club,es La Liga,DF,23.9,106,1.2,,,,,,,,,,
Jon Aramburu,Real Sociedad,es La Liga,DF,24.4,507,5.6,,,,,864.7570725197087,World Class,803.2660612752554,World Class,,
João Cancelo,Barcelona,es La Liga,DF,32.6,42,0.5,,,,,,,,,,
Javi Galán,Celta Vigo,es La Liga,DF,32.1,216,2.4,,,,,,,,,,
José Luis Gayà,Valencia,es La Liga,DF,31.6,188,2.1,,,,,,,,,,
Julio Díaz,Sevilla,es La Liga,DF,22.0,82,0.9,,,,,,,,,,
Víctor Chust,Elche,es La Liga,DF,26.8,450,5.0,,,,,557.4354914844297,Top Starter,578.3126195244816,Top Starter,,
Igor Zubeldia,Real Sociedad,es La Liga,DF,29.8,393,4.4,,,,,,,,,,
Nacho Pérez,Levante,es La Liga,DF,18.3,295,3.3,,,,,,,,,,
Diego Rico,Osasuna,es La Liga,DF,33.9,45,0.5,,,,,,,,,,
Jorge Domínguez,Atlético Madrid,es La Liga,DF,30.8,45,0.5,,,,,,,,,,
Jon Pacheco,Real Sociedad,es La Liga,DF,26.0,20,0.2,,,,,,,,,,
Justin De Haas,Valencia,es La Liga,DF,26.9,45,0.5,,,,,,,,,,
Xanet Olaiz,Alavés,es La Liga,DF,,10,0.1,,,,,,,,,,
Dani Martinez,Atlético Madrid,es La Liga,DF,22.7,90,1.0,,,,,,,,,,
Manu Hernando,Real Racing Club,es La Liga,DF,28.5,307,3.4,,,,,,,,,,
Logan Costa,Villarreal,es La Liga,DF,25.8,83,0.9,,,,,,,,,,
Rafa Garrido,Málaga,es La Liga,DF,,427,4.7,,,,,,,,,,
Santiago Mouriño,Villarreal,es La Liga,DF,24.9,316,3.5,,,,,,,,,,
Ville Koski,Alavés,es La Liga,DF,24.9,440,4.9,,,,,,,,,,
Djené,Getafe,es La Liga,DF,35.0,441,4.9,,,,,,,,,,
Zaid Romero,Getafe,es La Liga,DF,27.0,337,3.7,,,,,,,,,,
Clemens Riedel,Espanyol,es La Liga,DF,23.5,262,2.9,,,,,,,,,,
Jesus Vazquez,Valencia,es La Liga,DF,,339,3.8,,,,,,,,,,
José Salinas,Málaga,es La Liga,DF,26.3,225,2.5,,,,,,,,,,
Javi Rodríguez,Celta Vigo,es La Liga,DF,23.5,237,2.6,,,,,,,,,,
Héctor Bellerín,Betis,es La Liga,DF,31.8,379,4.2,,,,,,,,,,
Abel Bretones,Osasuna,es La Liga,DF,26.4,405,4.5,,,,,,,,,,
Ángel Recio,Málaga,es La Liga,DF,36.0,450,5.0,,,,,425.8776839633152,Top Starter,380.8326100632239,Solid Squad Player,,
Saba Sazonov,Getafe,es La Liga,DF,24.9,112,1.2,,,,,,,,,,
Iñigo Arguibide,Osasuna,es La Liga,DF,21.7,405,4.5,,,,,,,,,,
Roy Revivo,Elche,es La Liga,DF,23.6,99,1.1,,,,,,,,,,
Kiko Femenía,Getafe,es La Liga,DF,35.9,140,1.6,,,,,,,,,,
Jeremy Toljan,Levante,es La Liga,DF,32.4,174,1.9,,,,,,,,,,
Giacomo Quagliata,La Coruña,es La Liga,DF,26.9,450,5.0,,,,,446.76435215709495,Top Starter,434.51520354162227,Top Starter,,
Mujaid Sadick,Rayo Vallecano,es La Liga,DF,26.8,15,0.2,,,,,,,,,,
Marc Santos,Levante,es La Liga,DF,,26,0.3,,,,,,,,,,
Ximo Navarro,La Coruña,es La Liga,DF,36.9,443,4.9,,,,,,,,,,
Carlos Benavídez,Alavés,es La Liga,DF,,64,0.7,,,,,,,,,,
Jesús Areso,Athletic Club,es La Liga,DF,27.5,299,3.3,,,,,,,,,,
Arouna Sangante,Sevilla,es La Liga,DF,24.7,214,2.4,,,,,,,,,,
Miguel Loureiro,La Coruña,es La Liga,DF,30.1,109,1.2,,,,,,,,,,
Robin Le Normand,Atlético Madrid,es La Liga,DF,30.1,166,1.8,,,,,,,,,,
Pablo Maffeo,Valencia,es La Liga,DF,29.5,158,1.8,,,,,,,,,,
Facundo González,Real Racing Club,es La Liga,DF,,167,1.9,,,,,,,,,,
Mouctar Diakhaby,Valencia,es La Liga,DF,30.0,287,3.2,,,,,,,,,,
Andrei Ratiu,Rayo Vallecano,es La Liga,DF,28.5,360,4.0,,,,,,,,,,
Alvaro Mantilla,Real Racing Club,es La Liga,DF,,449,5.0,,,,,586.8572783583215,Top Starter,512.1142539024689,Top Starter,,
Jon Martin,Real Sociedad,es La Liga,DF,20.7,366,4.1,,,,,,,,,,
Ifeanyi Ndukwe,Levante,es La Liga,DF,18.8,19,0.2,,,,,,,,,,
Adama Boiro,Athletic Club,es La Liga,DF,24.5,20,0.2,,,,,,,,,,
David Affengruber,Elche,es La Liga,DF,25.8,270,3.0,,,,,,,,,,
Adrià Pedrosa,Rayo Vallecano,es La Liga,DF,28.6,218,2.4,,,,,,,,,,
Arnau Martinez,Valencia,es La Liga,DF,23.7,234,2.6,,,,,,,,,,
Jozhua Vertrouwd,Rayo Vallecano,es La Liga,DF,22.4,122,1.4,,,,,,,,,,
Iván Balliu,Rayo Vallecano,es La Liga,DF,35.0,204,2.3,,,,,,,,,,
Sebastián Boselli,Getafe,es La Liga,DF,23.1,106,1.2,,,,,,,,,,
Buba Sangaré,Elche,es La Liga,DF,19.4,435,4.8,,,,,,,,,,
Abdel Abqar,Getafe,es La Liga,DF,27.8,91,1.0,,,,,,,,,,
Pelayo Fernandez,Rayo Vallecano,es La Liga,DF,23.7,67,0.7,,,,,,,,,,
Iker Córdoba,Valencia,es La Liga,DF,21.1,94,1.0,,,,,,,,,,
Florian Lejeune,Rayo Vallecano,es La Liga,DF,35.6,450,5.0,,,,,744.2837712365339,Top Starter,739.1487044606891,Top Starter,,
Abdoulaye Faye,Celta Vigo,es La Liga,DF,,45,0.5,,,,,,,,,,
Rubén,Elche,es La Liga,DF,36.9,14,0.2,,,,,,,,,,
Pedro Bigas,Elche,es La Liga,DF,36.9,161,1.8,,,,,,,,,,
Luken Beitia,Real Sociedad,es La Liga,DF,22.5,180,2.0,,,,,,,,,,
Yuri Berchiche,Athletic Club,es La Liga,DF,36.9,281,3.1,,,,,,,,,,
Sergi Cardona,Villarreal,es La Liga,DF,27.5,90,1.0,,,,,,,,,,
Jean Ives Valou,Getafe,es La Liga,DF,21.0,17,0.2,,,,,,,,,,
Raphinha,Barcelona,es La Liga,MF,30.0,409,4.5,,,,,,,,,,
Lamine Yamal,Barcelona,es La Liga,MF,19.5,401,4.5,,,,,,,,,,
Jude Bellingham,Real Madrid,es La Liga,MF,23.5,425,4.7,,,,,,,,,,
Fermin López,Barcelona,es La Liga,MF,23.6,371,4.1,,,,,,,,,,
Arda Güler,Real Madrid,es La Liga,MF,21.8,231,2.6,,,,,,,,,,
Iñigo Vicente,Real Racing Club,es La Liga,FW,29.0,423,4.7,,,,,,,,,,
Marc Roca,Betis,es La Liga,MF,30.1,337,3.7,,,,,,,,,,
Pablo Barrios,Atlético Madrid,es La Liga,MF,23.5,294,3.3,,,,,,,,,,
Pedri,Barcelona,es La Liga,MF,24.1,355,3.9,,,,,,,,,,
Ángel Pérez,Alavés,es La Liga,MF,24.6,392,4.4,,,,,,,,,,
Oso,Sevilla,es La Liga,MF,23.5,156,1.7,,,,,,,,,,
Guido Rodríguez,Valencia,es La Liga,MF,32.7,178,2.0,,,,,,,,,,
Mikel Rodriguez,Alavés,es La Liga,MF,24.7,149,1.7,,,,,,,,,,
Rodri,Barcelona,es La Liga,Def_MF,30.5,205,2.3,,,,,,,,,,
Alex Baena,Atlético Madrid,es La Liga,MF,25.5,298,3.3,,,,,,,,,,
Thomas Lemar,Elche,es La Liga,MF,31.1,56,0.6,,,,,,,,,,
Dani Ceballos,Betis,es La Liga,MF,30.4,33,0.4,,,,,,,,,,
Roberto Navarro,Athletic Club,es La Liga,MF,24.7,242,2.7,,,,,,,,,,
Ramón Terrats,Getafe,es La Liga,MF,26.2,442,4.9,,,,,,,,,,
Federico Valverde,Real Madrid,es La Liga,MF,28.4,384,4.3,,,,,,,,,,
Antony,Betis,es La Liga,MF,,371,4.1,,,,,,,,,,
Sergio Martinez,Real Madrid,es La Liga,MF,,114,1.3,,,,,,,,,,
Gustavo Puerta,Real Racing Club,es La Liga,MF,23.4,268,3.0,,,,,,,,,,
Nico Williams,Athletic Club,es La Liga,MF,24.5,274,3.0,,,,,,,,,,
Pape Gueye,Villarreal,es La Liga,MF,27.9,386,4.3,,,,,,,,,,
Moi Gómez,Osasuna,es La Liga,MF,32.5,240,2.7,,,,,,,,,,
Edu Expósito,Espanyol,es La Liga,MF,30.4,423,4.7,,,,,,,,,,
Nathan-Dylan Saliba,Villarreal,es La Liga,MF,22.9,126,1.4,,,,,,,,,,
Lucien Agoume,Sevilla,es La Liga,MF,24.9,450,5.0,,,449.9704394657902,Top Starter,,,775.9546136796899,World Class,,
Koke,Atlético Madrid,es La Liga,MF,35.0,223,2.5,,,,,,,,,,
Luka Sučić,Real Sociedad,es La Liga,MF,24.3,464,5.2,,,415.99849924593207,Top Starter,,,457.7399524639587,Top Starter,,
Miguel Román,Celta Vigo,es La Liga,MF,24.0,495,5.5,,,590.2789158561772,Top Starter,,,528.928200733531,Top Starter,,
Sergio Carreira,Celta Vigo,es La Liga,MF,26.2,411,4.6,,,,,,,,,,
Olasagasti,Levante,es La Liga,MF,26.4,415,4.6,,,,,,,,,,
Lorenzo Amatucci,La Coruña,es La Liga,MF,22.9,450,5.0,,,461.05801662588186,Top Starter,,,699.9908300270914,Top Starter,,
Iván Martín,Real Racing Club,es La Liga,MF,27.9,315,3.5,,,,,,,,,,
Lee Kang-in,Atlético Madrid,es La Liga,MF,25.9,290,3.2,,,,,,,,,,
Álex Berenguer,Athletic Club,es La Liga,FW,31.5,252,2.8,,,,,,,,,,
Miguel Sierra,Sevilla,es La Liga,MF,,329,3.7,,,,,,,,,,
Marc Bernal,Barcelona,es La Liga,MF,19.6,259,2.9,,,,,,,,,,
Dani Olmo,Barcelona,es La Liga,Off_MF,28.7,155,1.7,,,,,,,,,,
Morten Hjulmand,Atlético Madrid,es La Liga,MF,27.5,336,3.7,,,,,,,,,,
Roger Brugué,Levante,es La Liga,MF,30.2,354,3.9,,,,,,,,,,
Carlos Dotor,Málaga,es La Liga,MF,25.8,316,3.5,,,,,,,,,,
Rodrigo Riquelme,Betis,es La Liga,MF,26.7,279,3.1,,,,,,,,,,
Josan,Elche,es La Liga,DF,37.1,21,0.2,,,,,,,,,,
Luismi,La Coruña,es La Liga,MF,25.6,313,3.5,,,,,,,,,,
Pablo Garcia,Real Racing Club,es La Liga,MF,25.0,205,2.3,,,,,,,,,,
Oihan Sancet,Athletic Club,es La Liga,MF,26.7,425,4.7,,,,,,,,,,
Gonzalo Villar,Elche,es La Liga,MF,28.8,423,4.7,,,,,,,,,,
Romain Del Castillo,Osasuna,es La Liga,FW,30.8,19,0.2,,,,,,,,,,
Marc Casado,La Coruña,es La Liga,MF,23.3,86,1.0,,,,,,,,,,
Hugo Burcio,Celta Vigo,es La Liga,MF,20.2,16,0.2,,,,,,,,,,
Abde Ezzalzouli,Betis,es La Liga,MF,,82,0.9,,,,,,,,,,
Beñat Turrientes,Real Sociedad,es La Liga,MF,24.9,258,2.9,,,,,,,,,,
Iker Muñoz,Osasuna,es La Liga,MF,,386,4.3,,,,,,,,,,
Aurélien Tchouaméni,Real Madrid,es La Liga,MF,26.9,21,0.2,,,,,,,,,,
Eduardo Camavinga,Real Madrid,es La Liga,MF,24.1,221,2.5,,,,,,,,,,
Mikel Jauregizar,Athletic Club,es La Liga,MF,23.1,150,1.7,,,,,,,,,,
Hugo González,Celta Vigo,es La Liga,MF,,190,2.1,,,,,,,,,,
Thiago Fernández,Levante,es La Liga,MF,22.7,227,2.5,,,,,,,,,,
Gabriel Moscardo,Espanyol,es La Liga,MF,21.3,128,1.4,,,,,,,,,,
Giuliano Simeone,Atlético Madrid,es La Liga,MF,24.0,362,4.0,,,,,,,,,,
Pablo Ibáñez,Alavés,es La Liga,MF,28.3,405,4.5,,,,,,,,,,
Unai López,Rayo Vallecano,es La Liga,MF,31.2,408,4.5,,,,,,,,,,
Alberto Moleiro,Villarreal,es La Liga,MF,23.3,240,2.7,,,,,,,,,,
Mario Soriano,La Coruña,es La Liga,MF,24.7,385,4.3,,,,,,,,,,
Denis Suárez,Alavés,es La Liga,MF,33.0,213,2.4,,,,,,,,,,
Nelson Deossa,Betis,es La Liga,MF,26.9,168,1.9,,,,,,,,,,
Iñigo Ruiz de Galarreta,Athletic Club,es La Liga,MF,33.4,204,2.3,,,,,,,,,,
Job Ochieng,Real Sociedad,es La Liga,MF,24.0,174,1.9,,,,,,,,,,
Andrés Martín,Real Racing Club,es La Liga,MF,27.5,239,2.7,,,,,,,,,,
Sergio Canales,Real Racing Club,es La Liga,FW,35.9,390,4.3,,,,,,,,,,
Carlos Soler,Real Sociedad,es La Liga,MF,30.0,380,4.2,,,,,,,,,,
Abde Ezzalzouli,Betis,es La Liga,MF,29.7,30,0.3,,,,,,,,,,
Diego Villares,La Coruña,es La Liga,MF,,58,0.6,,,,,,,,,,
Rubén García,Osasuna,es La Liga,FW,33.5,269,3.0,,,,,,,,,,
Raúl,Osasuna,es La Liga,MF,24.1,78,0.9,,,,,,,,,,
Dani Lorenzo,Málaga,es La Liga,MF,33.7,299,3.3,,,,,,,,,,
Álex Calatrava,Espanyol,es La Liga,MF,26.5,311,3.5,,,,,,,,,,
Ander Barrenetxea,Real Sociedad,es La Liga,MF,25.0,288,3.2,,,,,,,,,,
Pablo Fornals,Betis,es La Liga,MF,30.9,376,4.2,,,,,,,,,,
Yangel Herrera,Real Sociedad,es La Liga,MF,29.0,382,4.2,,,,,,,,,,
Marc Aguado,Elche,es La Liga,MF,26.9,199,2.2,,,,,,,,,,
Giorgi Kochorashvili,Sevilla,es La Liga,MF,27.5,108,1.2,,,,,,,,,,
Enzo Bardeli,Levante,es La Liga,MF,,308,3.4,,,,,,,,,,
Facundo Bernal,Betis,es La Liga,MF,23.4,300,3.3,,,,,,,,,,
Ramón Enríquez,Málaga,es La Liga,MF,,90,1.0,,,,,,,,,,
Youssouf Fofana,Sevilla,es La Liga,MF,28.0,107,1.2,,,,,,,,,,
Aliou Dieng,Valencia,es La Liga,MF,29.2,234,2.6,,,,,,,,,,
Williot Swedberg,Celta Vigo,es La Liga,MF,22.9,246,2.7,,,,,,,,,,
Antonio Blanco,Alavés,es La Liga,MF,26.4,426,4.7,,,,,,,,,,
Jon Moncayola,Osasuna,es La Liga,MF,28.6,405,4.5,,,,,,,,,,
Álex Grimaldo,Atlético Madrid,es La Liga,MF,31.3,360,4.0,,,,,,,,,,
Rafael Bauza,Espanyol,es La Liga,MF,21.9,62,0.7,,,,,,,,,,
Lucas Cepeda,Elche,es La Liga,MF,24.2,105,1.2,,,,,,,,,,
Pablo Martínez,Málaga,es La Liga,MF,,194,2.2,,,,,,,,,,
Gavi,Barcelona,es La Liga,MF,22.4,44,0.5,,,,,,,,,,
Félix Correia,Sevilla,es La Liga,MF,25.9,83,0.9,,,,,,,,,,
Jens Cajuste,Málaga,es La Liga,MF,27.4,9,0.1,,,,,,,,,,
Carlos Macià,Villarreal,es La Liga,MF,18.3,45,0.5,,,,,,,,,,
Manu Bueno,Sevilla,es La Liga,MF,22.4,27,0.3,,,,,,,,,,
David Larrubia,Málaga,es La Liga,MF,31.2,394,4.4,,,,,,,,,,
Aimar Oroz,Osasuna,es La Liga,MF,25.1,151,1.7,,,,,,,,,,
Abde Rebbach,Alavés,es La Liga,MF,,411,4.6,,,,,,,,,,
Javier Rueda Garcia,Celta Vigo,es La Liga,MF,,331,3.7,,,,,,,,,,
Ilaix Moriba,Celta Vigo,es La Liga,MF,24.0,402,4.5,,,,,,,,,,
Oriol Rey,Levante,es La Liga,MF,28.8,389,4.3,,,,,,,,,,
Lucas Torró,Osasuna,es La Liga,MF,32.5,118,1.3,,,,,,,,,,
Gnangoro Bouaré,Rayo Vallecano,es La Liga,MF,,157,1.7,,,,,,,,,,
Takefusa Kubo,Real Sociedad,es La Liga,MF,25.6,223,2.5,,,,,,,,,,
Gonçalo Guedes,Real Sociedad,es La Liga,FW,30.1,177,2.0,,,,,,,,,,
Izan Merino,Málaga,es La Liga,MF,,360,4.0,,,,,,,,,,
José Luis García Vayá,Valencia,es La Liga,MF,28.4,388,4.3,,,,,,,,,,
Pol Lozano,Espanyol,es La Liga,MF,27.2,33,0.4,,,,,,,,,,
Isaac Palazón Camacho,Rayo Vallecano,es La Liga,MF,32.0,81,0.9,,,,,,,,,,
Óscar Valentín,Rayo Vallecano,es La Liga,MF,32.4,283,3.1,,,,,,,,,,
Matteo Prati,Real Racing Club,es La Liga,MF,23.0,170,1.9,,,,,,,,,,
Johnny Cardoso,Atlético Madrid,es La Liga,MF,25.3,57,0.6,,,,,,,,,,
Javi Morcillo,Elche,es La Liga,MF,20.8,217,2.4,,,,,,,,,,
Pedro Díaz,Rayo Vallecano,es La Liga,MF,,202,2.2,,,,,,,,,,
Alex Marchal,Real Sociedad,es La Liga,MF,19.3,101,1.1,,,,,,,,,,
Javier Hernández,Espanyol,es La Liga,MF,20.1,397,4.4,,,,,,,,,,
Tajon Buchanan,Villarreal,es La Liga,MF,27.9,209,2.3,,,,,,,,,,
Filip Ugrinic,Valencia,es La Liga,MF,28.0,374,4.2,,,,,,,,,,
Bernardo Silva,Real Madrid,es La Liga,MF,32.4,274,3.0,,,,,,,,,,
Tyrhys Dolan,Espanyol,es La Liga,MF,25.0,410,4.6,,,,,,,,,,
Giovani Lo Celso,Betis,es La Liga,Off_MF,30.7,10,0.1,,,,,,,,,,
Rayane Belaid,Rayo Vallecano,es La Liga,MF,21.9,23,0.3,,,,,,,,,,
Isco,Betis,es La Liga,Off_MF,34.7,237,2.6,,,,,,,,,,
Rodrigo Mendoza,Atlético Madrid,es La Liga,MF,21.8,114,1.3,,,,,,,,,,
Orel Mangala,Getafe,es La Liga,MF,28.8,448,5.0,,,235.20277822759004,Solid Squad Player,,,403.3349411999871,Top Starter,,
Maguette Gueye,Real Racing Club,es La Liga,MF,,75,0.8,,,,,,,,,,
Hugo Sotelo,Levante,es La Liga,MF,23.0,99,1.1,,,,,,,,,,
Pathé Ciss,Rayo Vallecano,es La Liga,MF,32.8,450,5.0,,,232.75437143697258,Solid Squad Player,,,605.064504834288,Top Starter,,
Iker Luque,Real Racing Club,es La Liga,MF,21.6,16,0.2,,,,,,,,,,
Brahim Díaz,Real Madrid,es La Liga,MF,27.4,77,0.9,,,,,,,,,,
Urko González,Espanyol,es La Liga,MF,25.8,313,3.5,,,,,,,,,,
Juan Cruz,Málaga,es La Liga,MF,,196,2.2,,,,,,,,,,
Beñat Gerenabarrena,Athletic Club,es La Liga,MF,,373,4.1,,,,,,,,,,
Peque,Sevilla,es La Liga,MF,24.2,158,1.8,,,,,,,,,,
Carles Aleñá,Alavés,es La Liga,MF,29.0,105,1.2,,,,,,,,,,
Peio Canales,Athletic Club,es La Liga,MF,22.0,205,2.3,,,,,,,,,,
Harvey Elliott,Valencia,es La Liga,MF,23.7,64,0.7,,,,,,,,,,
Arsen Zakharyan,Real Sociedad,es La Liga,MF,23.6,19,0.2,,,,,,,,,,
Domingos André Ribeiro Almeida,Real Racing Club,es La Liga,MF,37.3,59,0.7,,,,,,,,,,
Daniel Requena,Levante,es La Liga,MF,,99,1.1,,,,,,,,,,
Pere Milla,Espanyol,es La Liga,FW,34.3,46,0.5,,,,,,,,,,
Javier Guerra,Valencia,es La Liga,MF,,385,4.3,,,,,,,,,,
Jon Gorrotxategi,Real Sociedad,es La Liga,MF,24.9,62,0.7,,,,,,,,,,
Mario Martín,Getafe,es La Liga,MF,22.8,246,2.7,,,,,,,,,,
Arnau Ortiz,Atlético Madrid,es La Liga,MF,25.2,127,1.4,,,,,,,,,,
Hugo Álvarez,Celta Vigo,es La Liga,MF,23.5,189,2.1,,,,,,,,,,
Joaquín Muñoz,Málaga,es La Liga,MF,27.8,293,3.3,,,,,,,,,,
Teun Gijselhart,La Coruña,es La Liga,MF,21.7,26,0.3,,,,,,,,,,
Kevin Sánchez,La Coruña,es La Liga,MF,24.0,12,0.1,,,,,,,,,,
David Mella,La Coruña,es La Liga,MF,31.2,47,0.5,,,,,,,,,,
Ruben Vargas,Sevilla,es La Liga,MF,28.4,20,0.2,,,,,,,,,,
Nemanja Gudelj,Getafe,es La Liga,DF,35.1,194,2.2,,,,,,,,,,
Federico Redondo,Elche,es La Liga,MF,24.0,231,2.6,,,,,,,,,,
Francho Serrano,Getafe,es La Liga,MF,,180,2.0,,,,,,,,,,
Iñaki Williams,Athletic Club,es La Liga,FW,32.5,330,3.7,,,,,,,,,,
Álvaro García,Rayo Vallecano,es La Liga,FW,34.2,359,4.0,,,,,,,,,,
Denzel Dumfries,Real Madrid,es La Liga,MF,30.7,324,3.6,,,,,,,,,,
Martim Neto,Elche,es La Liga,MF,24.0,100,1.1,,,,,,,,,,
Jonathan Dubasin,Osasuna,es La Liga,MF,40.8,173,1.9,,,,,,,,,,
Facundo Buonanotte,Elche,es La Liga,MF,22.0,219,2.4,,,,,,,,,,
Nico Guillén,Sevilla,es La Liga,MF,18.9,90,1.0,,,,,,,,,,
Aleix Febas,Celta Vigo,es La Liga,MF,30.9,167,1.9,,,,,,,,,,
Santi Comesaña,Villarreal,es La Liga,MF,30.2,320,3.6,,,,,,,,,,
Rafa Rodríguez,Málaga,es La Liga,MF,,85,0.9,,,,,,,,,,
Víctor García,Levante,es La Liga,MF,25.0,196,2.2,,,,,,,,,,
Jon Guridi,Sevilla,es La Liga,Off_MF,31.8,268,3.0,,,,,,,,,,
Germán Valera,Elche,es La Liga,MF,24.8,424,4.7,,,,,,,,,,
Carlos Álvarez,Levante,es La Liga,MF,23.4,45,0.5,,,,,,,,,,
Kareem Tunde,Levante,es La Liga,MF,21.4,14,0.2,,,,,,,,,,
Diego Díaz,Real Racing Club,es La Liga,MF,25.0,13,0.1,,,,,,,,,,
Miguel Rodríguez,Alavés,es La Liga,MF,,13,0.1,,,,,,,,,,
Carlos Martín,Atlético Madrid,es La Liga,MF,24.7,57,0.6,,,,,,,,,,
Giorgi Tsitaishvili,Rayo Vallecano,es La Liga,MF,26.1,106,1.2,,,,,,,,,,
Jofre,Espanyol,es La Liga,MF,25.5,24,0.3,,,,,,,,,,
Ryunosuke Sato,Valencia,es La Liga,MF,20.2,297,3.3,,,,,,,,,,
Luis Rioja,Valencia,es La Liga,MF,33.2,95,1.1,,,,,,,,,,
Alberto Risco,Getafe,es La Liga,MF,21.3,50,0.6,,,,,,,,,,
Ilias Akhomach,Villarreal,es La Liga,MF,22.7,57,0.6,,,,,,,,,,
Riki Rodríguez,La Coruña,es La Liga,MF,46.4,118,1.3,,,,,,,,,,
Isaac Palazón Camacho,Rayo Vallecano,es La Liga,MF,24.3,128,1.4,,,,,,,,,,
Andrés Antañón,Celta Vigo,es La Liga,MF,19.9,63,0.7,,,,,,,,,,
Ali Houary,Elche,es La Liga,MF,21.4,190,2.1,,,,,,,,,,
Aarón Martín,Real Racing Club,es La Liga,MF,29.7,1,0.0,,,,,,,,,,
Oscar Lopez,Getafe,es La Liga,MF,20.4,1,0.0,,,,,,,,,,
Ander Guevara,Alavés,es La Liga,MF,29.5,1,0.0,,,,,,,,,,
Kylian Mbappé,Real Madrid,es La Liga,FW,28.0,450,5.0,835.97947640576,World Class,,,,,452.02942156249776,Top Starter,,
Pierre-Emerick Aubameyang,La Coruña,es La Liga,FW,37.5,445,4.9,,,,,,,,,,
Jonathan David,Atlético Madrid,es La Liga,FW,27.0,30,0.3,,,,,,,,,,
Sergio Camello,Rayo Vallecano,es La Liga,FW,25.9,323,3.6,,,,,,,,,,
Adrian Niño,Málaga,es La Liga,FW,22.5,23,0.3,,,,,,,,,,
Lucas Boyé,Alavés,es La Liga,FW,30.8,319,3.5,,,,,,,,,,
Ante Budimir,Osasuna,es La Liga,FW,35.4,382,4.2,,,,,,,,,,
Mariano,Alavés,es La Liga,FW,33.4,235,2.6,,,,,,,,,,
Roberto Férnandez,Espanyol,es La Liga,FW,,433,4.8,,,,,,,,,,
Vinicius Júnior,Real Madrid,es La Liga,FW,26.5,443,4.9,,,,,,,,,,
Yassir Zabiri,Real Racing Club,es La Liga,FW,21.9,280,3.1,,,,,,,,,,
Nicolas Pépé,Villarreal,es La Liga,FW,31.6,412,4.6,,,,,,,,,,
Gerard Moreno,Villarreal,es La Liga,FW,34.7,273,3.0,,,,,,,,,,
Karim Adeyemi,Barcelona,es La Liga,FW,25.0,139,1.5,,,,,,,,,,
Anthony Gordon,Barcelona,es La Liga,FW,25.9,311,3.5,,,,,,,,,,
Fernando Niño,Elche,es La Liga,FW,,387,4.3,,,,,,,,,,
Umar Sadiq,Valencia,es La Liga,FW,29.9,158,1.8,,,,,,,,,,
Lucas Stassin,Sevilla,es La Liga,FW,22.1,119,1.3,,,,,,,,,,
Chidera Ejuke,Sevilla,es La Liga,FW,29.0,179,2.0,,,,,,,,,,
Carlos Espí,Real Madrid,es La Liga,FW,21.4,26,0.3,,,,,,,,,,
Karl Etta Eyong,Levante,es La Liga,FW,23.2,64,0.7,,,,,,,,,,
Bryan Zaragoza,Espanyol,es La Liga,FW,25.3,25,0.3,,,,,,,,,,
Kike Barja,Osasuna,es La Liga,FW,29.7,150,1.7,,,,,,,,,,
Zakaria Eddahchouri,La Coruña,es La Liga,FW,26.6,62,0.7,,,,,,,,,,
Iago Aspas,Celta Vigo,es La Liga,FW,39.4,225,2.5,,,,,,,,,,
Isaac Romero,Sevilla,es La Liga,FW,26.6,175,1.9,,,,,,,,,,
Arnaut Danjuma,Valencia,es La Liga,FW,29.9,348,3.9,,,,,,,,,,
Yan Diomandé,Real Madrid,es La Liga,FW,20.1,159,1.8,,,,,,,,,,
Ferran Jutglà,Celta Vigo,es La Liga,FW,27.9,331,3.7,,,,,,,,,,
Iván Romero,Levante,es La Liga,FW,25.7,316,3.5,,,,,,,,,,
Ademola Lookman,Atlético Madrid,es La Liga,Off_MF,29.2,369,4.1,,,,,,,,,,
Bil Nsongo,La Coruña,es La Liga,FW,,289,3.2,,,,,,,,,,
Orri Steinn Óskarsson,Real Sociedad,es La Liga,FW,22.3,283,3.1,,,,,,,,,,
Raúl,Osasuna,es La Liga,FW,,280,3.1,,,,,,,,,,
Ivan Azón,Getafe,es La Liga,FW,24.0,93,1.0,,,,,,,,,,
Haitam Abaida,Málaga,es La Liga,FW,,33,0.4,,,,,,,,,,
Ezequiel Ponce,Elche,es La Liga,FW,29.8,121,1.3,,,,,,,,,,
Gabriel Jesus,Barcelona,es La Liga,FW,29.7,9,0.1,,,,,,,,,,
Ayoze Pérez,Villarreal,es La Liga,FW,33.4,221,2.5,,,,,,,,,,
Marcos Fernández,Espanyol,es La Liga,FW,,126,1.4,,,,,,,,,,
Yeremay Hernández,La Coruña,es La Liga,FW,,89,1.0,,,,,,,,,,
Mikel Oyarzabal,Real Sociedad,es La Liga,FW,29.7,417,4.6,,,,,,,,,,
David Otorbi,Valencia,es La Liga,FW,19.2,205,2.3,,,,,,,,,,
Martin Satriano,Getafe,es La Liga,FW,25.9,410,4.6,,,,,,,,,,
Troy Parrott,Betis,es La Liga,FW,24.9,98,1.1,,,,,,,,,,
Enes Ünal,Getafe,es La Liga,FW,29.6,405,4.5,,,,,,,,,,
Hamza Abdelkarim,Barcelona,es La Liga,FW,19.0,9,0.1,,,,,,,,,,
Alvaro Padilla,Elche,es La Liga,FW,,9,0.1,,,,,,,,,,
Couhaib Driouech,Celta Vigo,es La Liga,FW,24.7,63,0.7,,,,,,,,,,
Dani Raba,Valencia,es La Liga,FW,31.2,8,0.1,,,,,,,,,,
Georges Mikautadze,Villarreal,es La Liga,FW,26.2,369,4.1,,,,,,,,,,
Jorge de Frutos,Rayo Vallecano,es La Liga,FW,29.9,302,3.4,,,,,,,,,,
Toni Martínez,Alavés,es La Liga,FW,29.5,257,2.9,,,,,,,,,,
Julián Álvarez,Atlético Madrid,es La Liga,FW,26.9,55,0.6,,,,,,,,,,
Tani Oluwaseyi,Villarreal,es La Liga,FW,26.6,64,0.7,,,,,,,,,,
Cucho,Betis,es La Liga,FW,27.7,336,3.7,,,,,,,,,,
Aitor Mañas,Alavés,es La Liga,FW,24.0,95,1.1,,,,,,,,,,
Alexandre Alemão,Rayo Vallecano,es La Liga,FW,,88,1.0,,,,,,,,,,
Asier Villalibre,Real Racing Club,es La Liga,FW,29.3,171,1.9,,,,,,,,,,
Tete Morente,Elche,es La Liga,MF,30.1,305,3.4,,,,,,,,,,
Alfon,Sevilla,es La Liga,FW,27.7,10,0.1,,,,,,,,,,
Julen Lobete,Málaga,es La Liga,FW,26.3,9,0.1,,,,,,,,,,
Eneko Jauregi,Málaga,es La Liga,FW,30.5,10,0.1,,,,,,,,,,
Paco Cortés,Levante,es La Liga,FW,19.4,72,0.8,,,,,,,,,,
Hugo Duro,Valencia,es La Liga,FW,27.1,127,1.4,,,,,,,,,,
Gorka Guruzeta,Athletic Club,es La Liga,FW,30.3,178,2.0,,,,,,,,,,
Randy Nteka,Rayo Vallecano,es La Liga,FW,29.1,153,1.7,,,,,,,,,,
Jonathan Asp Jensen,La Coruña,es La Liga,FW,21.0,133,1.5,,,,,,,,,,
Álvaro djaló,Athletic Club,es La Liga,FW,27.4,9,0.1,,,,,,,,,,
Yanis Musuayi,Levante,es La Liga,FW,,30,0.3,,,,,,,,,,
Borja Mayoral,Getafe,es La Liga,FW,29.7,10,0.1,,,,,,,,,,
Giorgi Guliashvili,Real Racing Club,es La Liga,FW,25.3,36,0.4,,,,,,,,,,
Juan Carlos Arana,Real Racing Club,es La Liga,FW,26.9,10,0.1,,,,,,,,,,
Petar Ratkov,Levante,es La Liga,FW,23.4,59,0.7,,,,,,,,,,
Chupete,Málaga,es La Liga,FW,,450,5.0,145.56894344787153,Below Big-5 Level,,,,,322.0674402985329,Solid Squad Player,,
Adama Traoré,La Coruña,es La Liga,FW,30.9,52,0.6,,,,,,,,,,
Robbie Ure,Sevilla,es La Liga,FW,22.8,306,3.4,,,,,,,,,,
Jones El-Abdellaoui,Celta Vigo,es La Liga,FW,21.0,152,1.7,,,,,,,,,,
Pablo Durán,Celta Vigo,es La Liga,FW,25.6,201,2.2,,,,,,,,,,
Umaru Konare Tounkara,Elche,es La Liga,FW,,21,0.2,,,,,,,,,,
Joselu Pérez,Getafe,es La Liga,FW,,13,0.1,,,,,,,,,,
Maroan Sannadi,Athletic Club,es La Liga,FW,25.9,41,0.5,,,,,,,,,,
Borja Iglesias,Celta Vigo,es La Liga,FW,34.0,21,0.2,,,,,,,,,,
Abiel Osorio,Elche,es La Liga,FW,24.6,56,0.6,,,,,,,,,,
Loris Karius,Schalke 04,de Bundesliga,GK,33.5,270,3.0,,,,,,,,,,
Finn Dahmen,Augsburg,de Bundesliga,GK,28.8,270,3.0,,,,,,,,,,
Nahuel Noll,Paderborn 07,de Bundesliga,GK,23.8,270,3.0,,,,,,,,,,
Fabian Bredlow,Stuttgart,de Bundesliga,GK,31.8,270,3.0,,,,,,,,,,
Oliver Baumann,Hoffenheim,de Bundesliga,GK,36.6,270,3.0,,,,,,,,,,
Maarten Vandevoordt,RB Leipzig,de Bundesliga,GK,24.8,270,3.0,,,,,,,,,,
Manuel Neuer,Bayern Munich,de Bundesliga,GK,40.8,180,2.0,,,,,,,,,,
Nicolas Kristof,SV 07 Elversberg,de Bundesliga,GK,,270,3.0,,,,,,,,,,
Noah Atubolu,Eint Frankfurt,de Bundesliga,GK,24.6,270,3.0,,,,,,,,,,
Frederik Rønnow,Union Berlin,de Bundesliga,GK,34.4,180,2.0,,,,,,,,,,
Alexander Schwolow,Mainz 05,de Bundesliga,GK,34.6,90,1.0,,,,,,,,,,
Karl Hein,Werder Bremen,de Bundesliga,GK,24.7,270,3.0,,,,,,,,,,
Moritz Nicolas,Gladbach,de Bundesliga,GK,29.2,270,3.0,,,,,,,,,,
Mio Backhaus,Freiburg,de Bundesliga,GK,22.7,270,3.0,,,,,,,,,,
Marvin Schwäbe,Köln,de Bundesliga,GK,31.7,270,3.0,,,,,,,,,,
Jonas Urbig,Bayern Munich,de Bundesliga,GK,23.4,90,1.0,,,,,,,,,,
Robin Zentner,Mainz 05,de Bundesliga,GK,32.2,180,2.0,,,,,,,,,,
Gregor Kobel,Dortmund,de Bundesliga,GK,29.1,270,3.0,,,,,,,,,,
Daniel Fernandes,Hamburger SV,de Bundesliga,GK,34.1,270,3.0,,,,,,,,,,
Mark Flekken,Leverkusen,de Bundesliga,GK,33.6,270,3.0,,,,,,,,,,
Matheo Raab,Union Berlin,de Bundesliga,GK,28.0,90,1.0,,,,,,,,,,
Maximilian Mittelstädt,Stuttgart,de Bundesliga,DF,29.8,258,2.9,,,,,,,,,,
Matthias Ginter,Freiburg,de Bundesliga,DF,33.0,270,3.0,,,,,,,,,,
Dayot Upamecano,Bayern Munich,de Bundesliga,DF,28.2,270,3.0,,,,,,,,,,
Nico Schlotterbeck,Dortmund,de Bundesliga,DF,27.1,77,0.9,,,,,,,,,,
Jonathan Tah,Bayern Munich,de Bundesliga,DF,30.9,102,1.1,,,,,,,,,,
Dominik Kohr,Mainz 05,de Bundesliga,DF,32.9,80,0.9,,,,,,,,,,
Philipp Lienhart,Freiburg,de Bundesliga,DF,30.5,249,2.8,,,,,,,,,,
Chrislain Matsima,Augsburg,de Bundesliga,DF,24.6,270,3.0,,,,,,,,,,
Willi Orban,RB Leipzig,de Bundesliga,DF,34.2,270,3.0,,,,,,,,,,
Jeremiaha Maluze,Eint Frankfurt,de Bundesliga,DF,,180,2.0,,,,,,,,,,
Josha Vagnoman,Stuttgart,de Bundesliga,DF,26.1,261,2.9,,,,,,,,,,
Nikola Katić,Schalke 04,de Bundesliga,DF,30.2,256,2.8,,,,,,,,,,
Ridle Baku,RB Leipzig,de Bundesliga,DF,28.7,179,2.0,,,,,,,,,,
Waldemar Anton,Dortmund,de Bundesliga,DF,30.5,270,3.0,,,,,,,,,,
Valentin Gendrey,Hoffenheim,de Bundesliga,DF,26.5,21,0.2,,,,,,,,,,
Castello Lukeba,RB Leipzig,de Bundesliga,DF,24.0,163,1.8,,,,,,,,,,
Miguel Gutiérrez,Leverkusen,de Bundesliga,DF,25.4,263,2.9,,,,,,,,,,
Alphonso Davies,Bayern Munich,de Bundesliga,DF,26.2,189,2.1,,,,,,,,,,
Jordy Makengo,Freiburg,de Bundesliga,DF,25.4,270,3.0,,,,,,,,,,
Facundo Medina,Leverkusen,de Bundesliga,DF,27.6,191,2.1,,,,,,,,,,
Fabio Gruber,Mainz 05,de Bundesliga,DF,24.3,270,3.0,,,,,,,,,,
Bernardo,Hoffenheim,de Bundesliga,DF,31.6,53,0.6,,,,,,,,,,
Hasan Kuruçay,Schalke 04,de Bundesliga,DF,29.3,226,2.5,,,,,,,,,,
Robin Koch,Eint Frankfurt,de Bundesliga,DF,30.5,270,3.0,,,,,,,,,,
Amos Pieper,Werder Bremen,de Bundesliga,DF,29.0,270,3.0,,,,,,,,,,
Tjark Lasse Scheller,Paderborn 07,de Bundesliga,DF,,270,3.0,,,,,,,,,,
Ozan Kabak,Hoffenheim,de Bundesliga,DF,26.8,259,2.9,,,,,,,,,,
Calvin Brackelmann,Augsburg,de Bundesliga,DF,,263,2.9,,,,,,,,,,
Timo Becker,Schalke 04,de Bundesliga,DF,29.8,270,3.0,,,,,,,,,,
Robin Gosens,Schalke 04,de Bundesliga,MF,32.5,173,1.9,,,,,,,,,,
Danny da Costa,Mainz 05,de Bundesliga,DF,33.5,127,1.4,,,,,,,,,,
David Raum,RB Leipzig,de Bundesliga,DF,28.7,270,3.0,,,,,,,,,,
Kim Min-jae,Bayern Munich,de Bundesliga,DF,,174,1.9,,,,,,,,,,
Maxime Estève,RB Leipzig,de Bundesliga,DF,24.6,107,1.2,,,,,,,,,,
Stefan Posch,Mainz 05,de Bundesliga,DF,29.6,178,2.0,,,,,,,,,,
Joane Gadou,Dortmund,de Bundesliga,DF,20.0,243,2.7,,,,,,,,,,
Noahkai Banks,Augsburg,de Bundesliga,DF,20.1,270,3.0,,,,,,,,,,
Philipp Treu,Freiburg,de Bundesliga,DF,26.1,193,2.1,,,,,,,,,,
Lukas Kübler,Freiburg,de Bundesliga,DF,34.3,93,1.0,,,,,,,,,,
Koki Machida,Hoffenheim,de Bundesliga,DF,29.4,21,0.2,,,,,,,,,,
Abdoul Coulibaly,Werder Bremen,de Bundesliga,DF,26.7,270,3.0,,,,,,,,,,
Rael Nakuzola,Mainz 05,de Bundesliga,DF,,18,0.2,,,,,,,,,,
Felix Keidel,SV 07 Elversberg,de Bundesliga,DF,25.0,253,2.8,,,,,,,,,,
Mats Rots,Hoffenheim,de Bundesliga,DF,20.8,168,1.9,,,,,,,,,,
Guela Doué,Leverkusen,de Bundesliga,DF,24.2,27,0.3,,,,,,,,,,
Luca Reggiani,Dortmund,de Bundesliga,DF,19.0,27,0.3,,,,,,,,,,
Julian Chabot,Stuttgart,de Bundesliga,DF,28.9,254,2.8,,,,,,,,,,
Benjamin Henrichs,RB Leipzig,de Bundesliga,DF,29.9,91,1.0,,,,,,,,,,
Kauã Prates,Dortmund,de Bundesliga,DF,18.4,11,0.1,,,,,,,,,,
Mattes Hansen,Paderborn 07,de Bundesliga,DF,,246,2.7,,,,,,,,,,
Maximilian Rohr,SV 07 Elversberg,de Bundesliga,DF,,262,2.9,,,,,,,,,,
Leopold Querfeld,Union Berlin,de Bundesliga,DF,23.0,180,2.0,,,,,,,,,,
Jonah Sticker,Paderborn 07,de Bundesliga,DF,,23,0.3,,,,,,,,,,
Ohis Felix Uduokhai,Union Berlin,de Bundesliga,DF,29.3,180,2.0,,,,,,,,,,
Loïc Bade,Leverkusen,de Bundesliga,DF,26.7,74,0.8,,,,,,,,,,
Jarell Quansah,Leverkusen,de Bundesliga,DF,23.9,188,2.1,,,,,,,,,,
Hannes Behrens,Augsburg,de Bundesliga,DF,21.9,270,3.0,,,,,,,,,,
Jano Ter-Horst,Paderborn 07,de Bundesliga,DF,,262,2.9,,,,,,,,,,
Ramy Bensebaini,Dortmund,de Bundesliga,DF,31.7,13,0.1,,,,,,,,,,
Nicholas Mickelson,SV 07 Elversberg,de Bundesliga,DF,27.4,15,0.2,,,,,,,,,,
Jeffrey Gouweleeuw,Augsburg,de Bundesliga,DF,35.5,11,0.1,,,,,,,,,,
Ramon Hendriks,Stuttgart,de Bundesliga,DF,25.5,183,2.0,,,,,,,,,,
Lilian Brassier,Eint Frankfurt,de Bundesliga,DF,27.2,180,2.0,,,,,,,,,,
Vladimír Coufal,Hoffenheim,de Bundesliga,DF,34.4,249,2.8,,,,,,,,,,
Edmond Tapsoba,Leverkusen,de Bundesliga,DF,27.9,270,3.0,,,,,,,,,,
Max Finkgräfe,RB Leipzig,de Bundesliga,DF,22.8,12,0.1,,,,,,,,,,
Sebastian Sebulonsen,Köln,de Bundesliga,DF,26.9,25,0.3,,,,,,,,,,
Filippo Mane,Dortmund,de Bundesliga,DF,21.8,48,0.5,,,,,,,,,,
Marco Friedl,Werder Bremen,de Bundesliga,DF,28.8,270,3.0,,,,,,,,,,
Finn Jeltsch,Stuttgart,de Bundesliga,DF,20.5,270,3.0,,,,,,,,,,
Maximilian Wöber,Schalke 04,de Bundesliga,DF,28.9,54,0.6,,,,,,,,,,
Robert Andrich,Leverkusen,de Bundesliga,MF,32.3,19,0.2,,,,,,,,,,
Berkay Yılmaz,Freiburg,de Bundesliga,DF,28.3,8,0.1,,,,,,,,,,
Josip Stanišić,Bayern Munich,de Bundesliga,DF,26.7,106,1.2,,,,,,,,,,
Lukas Finn Pinckert,SV 07 Elversberg,de Bundesliga,DF,,270,3.0,,,,,,,,,,
Tom Rothe,Union Berlin,de Bundesliga,DF,,270,3.0,,,,,,,,,,
Jahmai Simpson-Pusey,Köln,de Bundesliga,DF,21.2,270,3.0,,,,,,,,,,
Jan Gyamerah,SV 07 Elversberg,de Bundesliga,DF,31.5,253,2.8,,,,,,,,,,
Nathaniel Brown,Bayern Munich,de Bundesliga,DF,23.5,171,1.9,,,,,,,,,,
Luca Sirch,SV 07 Elversberg,de Bundesliga,DF,,23,0.3,,,,,,,,,,
Joe Scally,Gladbach,de Bundesliga,DF,24.0,181,2.0,,,,,,,,,,
Mertcan Ayhan,Schalke 04,de Bundesliga,DF,,33,0.4,,,,,,,,,,
Robin Hranáč,Hoffenheim,de Bundesliga,DF,26.9,48,0.5,,,,,,,,,,
Elias Baum,Eint Frankfurt,de Bundesliga,DF,21.2,246,2.7,,,,,,,,,,
Mick Schmetgens,Werder Bremen,de Bundesliga,DF,19.3,122,1.4,,,,,,,,,,
Kacper Potulski,Mainz 05,de Bundesliga,DF,19.2,190,2.1,,,,,,,,,,
Philipp Sander,Gladbach,de Bundesliga,DF,28.9,270,3.0,,,,,,,,,,
Keita Kosugi,Eint Frankfurt,de Bundesliga,DF,20.8,270,3.0,,,,,,,,,,
Young-woo Seol,Augsburg,de Bundesliga,DF,28.1,32,0.4,,,,,,,,,,
Albian Hajdari,Hoffenheim,de Bundesliga,DF,23.6,267,3.0,,,,,,,,,,
Max Rosenfelder,Freiburg,de Bundesliga,DF,,21,0.2,,,,,,,,,,
Florian Yves Le Joncour,SV 07 Elversberg,de Bundesliga,DF,31.9,8,0.1,,,,,,,,,,
Konrad Laimer,Bayern Munich,de Bundesliga,DF,29.6,180,2.0,,,,,,,,,,
Gideon Mensah,Köln,de Bundesliga,DF,28.5,270,3.0,,,,,,,,,,
Jan Leszczyński,Gladbach,de Bundesliga,DF,19.7,13,0.1,,,,,,,,,,
Otavio,Eint Frankfurt,de Bundesliga,DF,,10,0.1,,,,,,,,,,
Louis Lemke,Hamburger SV,de Bundesliga,DF,17.2,98,1.1,,,,,,,,,,
David Herold,Gladbach,de Bundesliga,DF,31.2,125,1.4,,,,,,,,,,
Lukas Ullrich,Gladbach,de Bundesliga,DF,22.8,145,1.6,,,,,,,,,,
Lasse Günther,SV 07 Elversberg,de Bundesliga,DF,23.8,255,2.8,,,,,,,,,,
Sebastiaan Bornauw,Hamburger SV,de Bundesliga,DF,27.8,180,2.0,,,,,,,,,,
Luka Lochoshvili,Köln,de Bundesliga,DF,28.6,270,3.0,,,,,,,,,,
Warmed Omari,Hamburger SV,de Bundesliga,DF,26.7,17,0.2,,,,,,,,,,
Leonidas Stergiou,Stuttgart,de Bundesliga,DF,24.8,16,0.2,,,,,,,,,,
Zakaria El Ouahdi,Hamburger SV,de Bundesliga,DF,25.0,179,2.0,,,,,,,,,,
David Møller Wolfe,Hamburger SV,de Bundesliga,DF,24.7,174,1.9,,,,,,,,,,
Daiki Hashioka,Gladbach,de Bundesliga,DF,27.6,76,0.8,,,,,,,,,,
Zeno Van Den Bosch,Union Berlin,de Bundesliga,DF,23.5,180,2.0,,,,,,,,,,
Jordan Torunarigha,Hamburger SV,de Bundesliga,DF,29.4,217,2.4,,,,,,,,,,
Kevin Diks,Gladbach,de Bundesliga,DF,30.2,270,3.0,,,,,,,,,,
Shafiq Nandja,Hamburger SV,de Bundesliga,DF,20.0,118,1.3,,,,,,,,,,
Ko Itakura,Gladbach,de Bundesliga,DF,29.9,270,3.0,,,,,,,,,,
Nicolás Capaldo,Hamburger SV,de Bundesliga,DF,28.3,270,3.0,,,,,,,,,,
Joël Schmied,Köln,de Bundesliga,DF,28.3,1,0.0,,,,,,,,,,
Anton Kade,Augsburg,de Bundesliga,MF,23.0,90,1.0,,,,,,,,,,
Rocco Reitz,RB Leipzig,de Bundesliga,MF,24.6,83,0.9,,,,,,,,,,
Brajan Gruda,RB Leipzig,de Bundesliga,MF,22.6,163,1.8,,,,,,,,,,
Joshua Kimmich,Bayern Munich,de Bundesliga,MF,31.9,205,2.3,,,,,,,,,,
Can Uzun,Eint Frankfurt,de Bundesliga,MF,21.1,235,2.6,,,,,,,,,,
Aleix García,Leverkusen,de Bundesliga,MF,29.5,270,3.0,,,,,,,,,,
Felix Nmecha,Dortmund,de Bundesliga,MF,26.2,144,1.6,,,,,,,,,,
Daniel Svensson,Dortmund,de Bundesliga,MF,24.9,270,3.0,,,,,,,,,,
Yuito Suzuki,Freiburg,de Bundesliga,MF,25.2,240,2.7,,,,,,,,,,
Fabian Rieder,Augsburg,de Bundesliga,MF,24.9,263,2.9,,,,,,,,,,
Aleksandar Pavlovic,Bayern Munich,de Bundesliga,MF,22.7,248,2.8,,,,,,,,,,
Hugo Bolin,Gladbach,de Bundesliga,MF,23.4,225,2.5,,,,,,,,,,
Lukas Petkov,SV 07 Elversberg,de Bundesliga,MF,26.2,263,2.9,,,,,,,,,,
Bilal El Khannouss,Stuttgart,de Bundesliga,MF,22.6,119,1.3,,,,,,,,,,
Maurice Krattenmacher,SV 07 Elversberg,de Bundesliga,MF,21.4,96,1.1,,,,,,,,,,
Maximilian Eggestein,Freiburg,de Bundesliga,MF,30.1,270,3.0,,,,,,,,,,
Yannik Engelhardt,Freiburg,de Bundesliga,MF,25.9,262,2.9,,,,,,,,,,
Michael Olise,Bayern Munich,de Bundesliga,MF,25.1,213,2.4,,,,,,,,,,
Linton Maina,Köln,de Bundesliga,MF,27.5,165,1.8,,,,,,,,,,
Laurin Curda,Paderborn 07,de Bundesliga,MF,,247,2.7,,,,,,,,,,
Andrija Maksimović,RB Leipzig,de Bundesliga,MF,19.6,13,0.1,,,,,,,,,,
Konstantinos Karetsas,Dortmund,de Bundesliga,MF,19.1,136,1.5,,,,,,,,,,
Marius Wolf,Augsburg,de Bundesliga,MF,31.6,238,2.6,,,,,,,,,,
Said El Mala,Köln,de Bundesliga,MF,20.4,81,0.9,,,,,,,,,,
Adil Aouchiche,Schalke 04,de Bundesliga,MF,24.5,259,2.9,,,,,,,,,,
Julian Ryerson,Dortmund,de Bundesliga,MF,29.1,241,2.7,,,,,,,,,,
Ezequiél Fernández,Leverkusen,de Bundesliga,MF,28.8,202,2.2,,,,,,,,,,
Albert Grønbaek,Hamburger SV,de Bundesliga,MF,25.6,270,3.0,,,,,,,,,,
Jan-Niklas Beste,Freiburg,de Bundesliga,MF,28.0,201,2.2,,,,,,,,,,
Mario Götze,Eint Frankfurt,de Bundesliga,Off_MF,34.6,100,1.1,,,,,,,,,,
Chris Führich,Stuttgart,de Bundesliga,MF,29.0,135,1.5,,,,,,,,,,
Ismael Saibari,Bayern Munich,de Bundesliga,MF,25.9,151,1.7,,,,,,,,,,
Ellyes Skhiri,Köln,de Bundesliga,MF,31.6,160,1.8,,,,,,,,,,
Jobe Bellingham,Dortmund,de Bundesliga,MF,21.3,270,3.0,,,,,,,,,,
Anthony Caci,Mainz 05,de Bundesliga,MF,29.5,216,2.4,,,,,,,,,,
Tim Skarke,Union Berlin,de Bundesliga,MF,30.3,70,0.8,,,,,,,,,,
Dariusz Stalmach,Werder Bremen,de Bundesliga,MF,,79,0.9,,,,,,,,,,
Franck Honorat,Gladbach,de Bundesliga,FW,30.4,162,1.8,,,,,,,,,,
Kaishu Sano,Mainz 05,de Bundesliga,MF,26.0,268,3.0,,,,,,,,,,
Silvan Widmer,Mainz 05,de Bundesliga,MF,33.8,17,0.2,,,,,,,,,,
Arthur,Werder Bremen,de Bundesliga,MF,,148,1.6,,,,,,,,,,
Satoshi Tanaka,Schalke 04,de Bundesliga,MF,24.4,180,2.0,,,,,,,,,,
Wouter Burger,Hoffenheim,de Bundesliga,MF,25.9,259,2.9,,,,,,,,,,
Vincenzo Grifo,Freiburg,de Bundesliga,FW,33.7,39,0.4,,,,,,,,,,
Phillipp Mwene,Mainz 05,de Bundesliga,MF,32.9,254,2.8,,,,,,,,,,
Leon Avdullahu,Hoffenheim,de Bundesliga,MF,22.9,270,3.0,,,,,,,,,,
Han-Noah Massengo,Augsburg,de Bundesliga,MF,25.5,265,2.9,,,,,,,,,,
Santiago Castañeda,Paderborn 07,de Bundesliga,MF,,270,3.0,,,,,,,,,,
Youri Regeer,Werder Bremen,de Bundesliga,MF,23.4,166,1.8,,,,,,,,,,
Luis Díaz,Bayern Munich,de Bundesliga,MF,,205,2.3,,,,,,,,,,
Łukasz Poręba,SV 07 Elversberg,de Bundesliga,MF,26.8,270,3.0,,,,,,,,,,
Raphael Obermair,Paderborn 07,de Bundesliga,MF,30.8,270,3.0,,,,,,,,,,
Yanik Spalt,Stuttgart,de Bundesliga,MF,19.3,56,0.6,,,,,,,,,,
Nadiem Amiri,Mainz 05,de Bundesliga,MF,30.2,265,2.9,,,,,,,,,,
Jan Thielmann,Köln,de Bundesliga,MF,24.6,135,1.5,,,,,,,,,,
Malik Tillman,Leverkusen,de Bundesliga,MF,24.6,147,1.6,,,,,,,,,,
Ludovit Reis,Werder Bremen,de Bundesliga,MF,26.6,245,2.7,,,,,,,,,,
Tom Bischof,Bayern Munich,de Bundesliga,MF,21.5,93,1.0,,,,,,,,,,
Noël Aséko,Eint Frankfurt,de Bundesliga,MF,21.1,59,0.7,,,,,,,,,,
Mitchell Weiser,Werder Bremen,de Bundesliga,MF,32.7,12,0.1,,,,,,,,,,
Christopher Trimmel,Union Berlin,de Bundesliga,MF,39.9,16,0.2,,,,,,,,,,
Vitalie Becker,Schalke 04,de Bundesliga,MF,,87,1.0,,,,,,,,,,
Ísak Jóhannesson,Köln,de Bundesliga,MF,23.8,205,2.3,,,,,,,,,,
Ezechiel Banzuzi,RB Leipzig,de Bundesliga,MF,21.9,263,2.9,,,,,,,,,,
Marcel Sabitzer,Dortmund,de Bundesliga,MF,32.8,70,0.8,,,,,,,,,,
Mert Kömür,Augsburg,de Bundesliga,MF,21.5,55,0.6,,,,,,,,,,
Ritsu Doan,Eint Frankfurt,de Bundesliga,FW,28.5,177,2.0,,,,,,,,,,
Fares Chaïbi,Eint Frankfurt,de Bundesliga,MF,24.1,111,1.2,,,,,,,,,,
Albert Sambi Lokonga,Hamburger SV,de Bundesliga,MF,27.2,168,1.9,,,,,,,,,,
Grischa Prömel,Stuttgart,de Bundesliga,MF,32.0,270,3.0,,,,,,,,,,
Patrick Wimmer,Hoffenheim,de Bundesliga,MF,25.6,179,2.0,,,,,,,,,,
Joey Veerman,Dortmund,de Bundesliga,MF,28.1,126,1.4,,,,,,,,,,
Giannis Konstantelias,Dortmund,de Bundesliga,MF,23.8,54,0.6,,,,,,,,,,
Nicolas Seiwald,RB Leipzig,de Bundesliga,MF,25.7,180,2.0,,,,,,,,,,
Neil El Aynaoui,RB Leipzig,de Bundesliga,MF,25.5,165,1.8,,,,,,,,,,
András Schäfer,Union Berlin,de Bundesliga,MF,27.7,117,1.3,,,,,,,,,,
Ethan Nwaneri,Dortmund,de Bundesliga,MF,19.8,123,1.4,,,,,,,,,,
Raphael Onyedika,Eint Frankfurt,de Bundesliga,MF,25.7,270,3.0,,,,,,,,,,
Assan Ouedraogo,RB Leipzig,de Bundesliga,MF,20.6,35,0.4,,,,,,,,,,
Derrick Köhn,Union Berlin,de Bundesliga,MF,27.9,8,0.1,,,,,,,,,,
Bambasé Conté,Hoffenheim,de Bundesliga,MF,23.5,162,1.8,,,,,,,,,,
Chuky san jose,Werder Bremen,de Bundesliga,MF,22.7,263,2.9,,,,,,,,,,
Lauren Ulrich,Paderborn 07,de Bundesliga,MF,21.9,226,2.5,,,,,,,,,,
Otto Ruoppi,Mainz 05,de Bundesliga,MF,,33,0.4,,,,,,,,,,
Bilal Nadir,Hamburger SV,de Bundesliga,MF,23.1,53,0.6,,,,,,,,,,
Paul Okon-Engstler,Köln,de Bundesliga,MF,21.9,111,1.2,,,,,,,,,,
Robin Fellhauer,Augsburg,de Bundesliga,MF,28.9,214,2.4,,,,,,,,,,
Josip Juranović,Union Berlin,de Bundesliga,DF,31.4,254,2.8,,,,,,,,,,
Francis Onyeka,SV 07 Elversberg,de Bundesliga,MF,19.7,151,1.7,,,,,,,,,,
Aljoscha Kemlein,Union Berlin,de Bundesliga,MF,22.4,183,2.0,,,,,,,,,,
Soufiane El-Faouzi,Schalke 04,de Bundesliga,MF,,270,3.0,,,,,,,,,,
Janik Haberer,Union Berlin,de Bundesliga,MF,32.8,61,0.7,,,,,,,,,,
Dejan Ljubicic,Schalke 04,de Bundesliga,MF,29.2,185,2.1,,,,,,,,,,
Junior Dina Ebimbe,Schalke 04,de Bundesliga,MF,26.4,162,1.8,,,,,,,,,,
Carney Chukwuemeka,Dortmund,de Bundesliga,MF,23.2,25,0.3,,,,,,,,,,
Tom Baack,Paderborn 07,de Bundesliga,MF,27.8,15,0.2,,,,,,,,,,
Amara Condé,SV 07 Elversberg,de Bundesliga,MF,30.0,25,0.3,,,,,,,,,,
Rani Khedira,Union Berlin,de Bundesliga,Def_MF,32.9,270,3.0,,,,,,,,,,
Moussa Diaby,Leverkusen,de Bundesliga,MF,27.5,113,1.3,,,,,,,,,,
Gabriel Vidovic,Paderborn 07,de Bundesliga,MF,23.1,247,2.7,,,,,,,,,,
Tom Krauß,Köln,de Bundesliga,MF,25.5,267,3.0,,,,,,,,,,
Cyriaque Irié,Freiburg,de Bundesliga,MF,21.5,53,0.6,,,,,,,,,,
Fabio Vieira,Hamburger SV,de Bundesliga,MF,,62,0.7,,,,,,,,,,
Lee Jae-sung,Mainz 05,de Bundesliga,Off_MF,34.4,201,2.2,,,,,,,,,,
Chema,Stuttgart,de Bundesliga,MF,21.7,8,0.1,,,,,,,,,,
Oscar Højlund,Eint Frankfurt,de Bundesliga,MF,22.0,11,0.1,,,,,,,,,,
Senne Lynen,Werder Bremen,de Bundesliga,Def_MF,27.9,45,0.5,,,,,,,,,,
Luca Vozar,Schalke 04,de Bundesliga,MF,,16,0.2,,,,,,,,,,
Janik Bachmann,Schalke 04,de Bundesliga,MF,30.7,10,0.1,,,,,,,,,,
Nathan De Cat,Hoffenheim,de Bundesliga,MF,18.5,30,0.3,,,,,,,,,,
Yannik Keitel,Augsburg,de Bundesliga,MF,26.9,22,0.2,,,,,,,,,,
Nicolai Remberg,Hamburger SV,de Bundesliga,MF,26.5,270,3.0,,,,,,,,,,
Patrice Čović,Werder Bremen,de Bundesliga,MF,19.5,9,0.1,,,,,,,,,,
Arthur Vermeeren,RB Leipzig,de Bundesliga,MF,21.9,14,0.2,,,,,,,,,,
Lennart Karl,Bayern Munich,de Bundesliga,MF,18.9,134,1.5,,,,,,,,,,
Jamie Leweling,Stuttgart,de Bundesliga,MF,25.8,57,0.6,,,,,,,,,,
Alessio Castro-Montes,Köln,de Bundesliga,MF,29.6,244,2.7,,,,,,,,,,
Martin Adeline,Hamburger SV,de Bundesliga,MF,23.1,112,1.2,,,,,,,,,,
Arijon Ibrahimović,Augsburg,de Bundesliga,MF,21.1,120,1.3,,,,,,,,,,
Angelo Stiller,Stuttgart,de Bundesliga,MF,25.7,212,2.4,,,,,,,,,,
Robert Skov,Union Berlin,de Bundesliga,MF,30.6,13,0.1,,,,,,,,,,
Love Arrhov,Eint Frankfurt,de Bundesliga,MF,18.6,11,0.1,,,,,,,,,,
Bakery Jatta,Hamburger SV,de Bundesliga,MF,28.6,83,0.9,,,,,,,,,,
Wael Mohya,Gladbach,de Bundesliga,MF,18.0,156,1.7,,,,,,,,,,
Mathieu Nguefack ,Gladbach,de Bundesliga,MF,,126,1.4,,,,,,,,,,
Lucas Vázquez,Leverkusen,de Bundesliga,DF,35.5,77,0.9,,,,,,,,,,
Kevin Stöger,Gladbach,de Bundesliga,Off_MF,33.3,147,1.6,,,,,,,,,,
Luka Duric,Paderborn 07,de Bundesliga,MF,23.5,13,0.1,,,,,,,,,,
Robin Hack,Gladbach,de Bundesliga,MF,28.3,152,1.7,,,,,,,,,,
Noah Darvich,SV 07 Elversberg,de Bundesliga,MF,20.3,104,1.2,,,,,,,,,,
Michel Aebischer,Union Berlin,de Bundesliga,MF,30.0,209,2.3,,,,,,,,,,
Timothy Chandler,Eint Frankfurt,de Bundesliga,MF,36.8,24,0.3,,,,,,,,,,
Ron Schallenberg,Schalke 04,de Bundesliga,MF,,62,0.7,,,,,,,,,,
Jamal Musiala,Bayern Munich,de Bundesliga,MF,23.8,58,0.6,,,,,,,,,,
Clemens Lippmann,Paderborn 07,de Bundesliga,MF,,24,0.3,,,,,,,,,,
Samuele Inacio,Dortmund,de Bundesliga,MF,18.7,3,0.0,,,,,,,,,,
Lennard Maloney,Mainz 05,de Bundesliga,MF,27.2,2,0.0,,,,,,,,,,
Niklas Mohr,Paderborn 07,de Bundesliga,MF,,1,0.0,,,,,,,,,,
Igor Matanovic,Freiburg,de Bundesliga,FW,23.8,241,2.7,,,,,,,,,,
Antonio Nusa,RB Leipzig,de Bundesliga,FW,21.7,252,2.8,,,,,,,,,,
Rômulo,RB Leipzig,de Bundesliga,FW,,16,0.2,,,,,,,,,,
Serhou Guirassy,Dortmund,de Bundesliga,FW,30.8,267,3.0,,,,,,,,,,
Phillip Tietz,Mainz 05,de Bundesliga,FW,29.5,270,3.0,,,,,,,,,,
Fábio Silva,Dortmund,de Bundesliga,FW,24.5,93,1.0,,,,,,,,,,
Michael Gregoritsch,Augsburg,de Bundesliga,FW,32.7,240,2.7,,,,,,,,,,
Sheraldo Becker,Mainz 05,de Bundesliga,FW,31.9,210,2.3,,,,,,,,,,
Marco Grüll,Werder Bremen,de Bundesliga,FW,28.5,265,2.9,,,,,,,,,,
Younes Ebnoutalib,Eint Frankfurt,de Bundesliga,FW,23.3,191,2.1,,,,,,,,,,
Thijs Dallinga,Köln,de Bundesliga,FW,26.4,89,1.0,,,,,,,,,,
Jonathan Burkardt,Eint Frankfurt,de Bundesliga,FW,26.5,230,2.6,,,,,,,,,,
Adam Hložek,Hoffenheim,de Bundesliga,FW,24.4,208,2.3,,,,,,,,,,
Ibrahim Maza,Leverkusen,de Bundesliga,FW,21.1,270,3.0,,,,,,,,,,
Alexis Claude-Maurice,Augsburg,de Bundesliga,Off_MF,28.6,61,0.7,,,,,,,,,,
David Mokwa,SV 07 Elversberg,de Bundesliga,FW,22.7,236,2.6,,,,,,,,,,
Christopher Nkunku,RB Leipzig,de Bundesliga,FW,29.1,165,1.8,,,,,,,,,,
Harry Kane,Bayern Munich,de Bundesliga,FW,33.4,219,2.4,,,,,,,,,,
Marius Bülter,Köln,de Bundesliga,FW,33.8,106,1.2,,,,,,,,,,
Nicolas-Gerrit Kühn,Gladbach,de Bundesliga,FW,27.0,21,0.2,,,,,,,,,,
Niclas Füllkrug,Werder Bremen,de Bundesliga,FW,33.9,216,2.4,,,,,,,,,,
Mikey Moore,Köln,de Bundesliga,FW,19.4,119,1.3,,,,,,,,,,
Jeong Woo-yeong,Union Berlin,de Bundesliga,FW,27.3,145,1.6,,,,,,,,,,
Tidiam Gomis,RB Leipzig,de Bundesliga,FW,20.4,165,1.8,,,,,,,,,,
Adam Daghim,Hoffenheim,de Bundesliga,FW,21.3,267,3.0,,,,,,,,,,
Maximilian Beier,Dortmund,de Bundesliga,FW,24.2,187,2.1,,,,,,,,,,
Fisnik Asllani,Hoffenheim,de Bundesliga,FW,24.4,8,0.1,,,,,,,,,,
Justin Njinmah,Werder Bremen,de Bundesliga,FW,26.1,61,0.7,,,,,,,,,,
Derry Scherhant,Freiburg,de Bundesliga,FW,24.1,231,2.6,,,,,,,,,,
Patrik Schick,Leverkusen,de Bundesliga,FW,30.9,184,2.0,,,,,,,,,,
Ermedin Demirović,Stuttgart,de Bundesliga,FW,28.8,112,1.2,,,,,,,,,,
Ransford Königsdörffer,Mainz 05,de Bundesliga,FW,25.3,89,1.0,,,,,,,,,,
Noel Futkeu,SV 07 Elversberg,de Bundesliga,FW,24.1,32,0.4,,,,,,,,,,
Christian Kofane,Leverkusen,de Bundesliga,FW,20.4,121,1.3,,,,,,,,,,
Rodrigo Ribeiro,Augsburg,de Bundesliga,FW,35.8,40,0.4,,,,,,,,,,
Cole Campbell,SV 07 Elversberg,de Bundesliga,FW,20.9,174,1.9,,,,,,,,,,
Livan Burcu,Union Berlin,de Bundesliga,FW,22.3,153,1.7,,,,,,,,,,
Jonas Hofmann,Leverkusen,de Bundesliga,Off_MF,34.5,25,0.3,,,,,,,,,,
Paul Erevbenagie,Werder Bremen,de Bundesliga,FW,,35,0.4,,,,,,,,,,
Emmanuel Latte Lath,Union Berlin,de Bundesliga,FW,28.0,200,2.2,,,,,,,,,,
Afonso Moreira,Leverkusen,de Bundesliga,FW,21.8,250,2.8,,,,,,,,,,
Hwang Hee-chan,Schalke 04,de Bundesliga,FW,30.9,10,0.1,,,,,,,,,,
Lucas Höler,Freiburg,de Bundesliga,FW,32.5,29,0.3,,,,,,,,,,
Tiago Tomás,Stuttgart,de Bundesliga,FW,24.5,62,0.7,,,,,,,,,,
Ayoube Amaimouni Echghouyab,Eint Frankfurt,de Bundesliga,FW,22.1,103,1.1,,,,,,,,,,
Ragnar Ache,Köln,de Bundesliga,FW,28.4,166,1.8,,,,,,,,,,
Junior Adamu,Schalke 04,de Bundesliga,FW,25.6,142,1.6,,,,,,,,,,
Rayan Philippe,Paderborn 07,de Bundesliga,FW,26.2,54,0.6,,,,,,,,,,
Steffen Tigges,Paderborn 07,de Bundesliga,FW,28.4,91,1.0,,,,,,,,,,
Isac Lidberg,Gladbach,de Bundesliga,FW,28.3,62,0.7,,,,,,,,,,
Eren Dinkçi,Werder Bremen,de Bundesliga,FW,25.1,159,1.8,,,,,,,,,,
Luca Schnellbacher,SV 07 Elversberg,de Bundesliga,FW,32.7,26,0.3,,,,,,,,,,
Keisuke Goto,Freiburg,de Bundesliga,FW,21.6,30,0.3,,,,,,,,,,
Patson Daka,Hamburger SV,de Bundesliga,FW,28.2,185,2.1,,,,,,,,,,
Stefano Marino,Paderborn 07,de Bundesliga,FW,,142,1.6,,,,,,,,,,
Conrad Harder,RB Leipzig,de Bundesliga,FW,21.7,14,0.2,,,,,,,,,,
Benedict Hollerbach,Mainz 05,de Bundesliga,FW,25.6,16,0.2,,,,,,,,,,
Leo Sauer,Stuttgart,de Bundesliga,FW,21.0,21,0.2,,,,,,,,,,
Shuto Machino,Gladbach,de Bundesliga,FW,27.3,45,0.5,,,,,,,,,,
Reigan Heskey,Köln,de Bundesliga,FW,19.0,15,0.2,,,,,,,,,,
Andrej Kramarić,Hoffenheim,de Bundesliga,Off_MF,35.5,34,0.4,,,,,,,,,,
Tim Lemperle,Hoffenheim,de Bundesliga,FW,24.9,166,1.8,,,,,,,,,,
Yussuf Poulsen,Hamburger SV,de Bundesliga,FW,32.5,53,0.6,,,,,,,,,,
Oliver Batista-Meier,Paderborn 07,de Bundesliga,FW,25.9,39,0.4,,,,,,,,,,
Marc Guiu,RB Leipzig,de Bundesliga,FW,21.0,15,0.2,,,,,,,,,,
Max Moerstedt,Hoffenheim,de Bundesliga,FW,21.0,49,0.5,,,,,,,,,,
Marin Ljubicic,Union Berlin,de Bundesliga,FW,,217,2.4,,,,,,,,,,
Kenan Karaman,Schalke 04,de Bundesliga,Off_MF,32.8,90,1.0,,,,,,,,,,
Martin Terrier,Leverkusen,de Bundesliga,FW,29.8,14,0.2,,,,,,,,,,
Cedric Itten,Werder Bremen,de Bundesliga,FW,30.0,54,0.6,,,,,,,,,,
Dženan Pejčinović,Stuttgart,de Bundesliga,FW,21.9,243,2.7,,,,,,,,,,
Edin Džeko,Schalke 04,de Bundesliga,FW,40.8,24,0.3,,,,,,,,,,
Salim Musah,Werder Bremen,de Bundesliga,FW,20.9,43,0.5,,,,,,,,,,
Terem Moffi,Hamburger SV,de Bundesliga,FW,27.6,132,1.5,,,,,,,,,,
Otto Stange,Hamburger SV,de Bundesliga,FW,19.9,61,0.7,,,,,,,,,,
Malik Pimpong,Eint Frankfurt,de Bundesliga,FW,19.0,27,0.3,,,,,,,,,,
Victor Boniface,Leverkusen,de Bundesliga,FW,26.0,12,0.1,,,,,,,,,,
Tim Kleindienst,Gladbach,de Bundesliga,FW,31.3,219,2.4,,,,,,,,,,
Moussa Sylla,Schalke 04,de Bundesliga,FW,27.1,180,2.0,,,,,,,,,,
Deniz Undav,Stuttgart,de Bundesliga,FW,30.5,169,1.9,,,,,,,,,,
Marvin Pieringer,Paderborn 07,de Bundesliga,FW,27.2,261,2.9,,,,,,,,,,
Samba Konaté,RB Leipzig,de Bundesliga,FW,17.8,13,0.1,,,,,,,,,,
Johan Bakayoko,RB Leipzig,de Bundesliga,FW,23.7,80,0.9,,,,,,,,,,
Imad Rondić,Köln,de Bundesliga,FW,27.9,1,0.0,,,,,,,,,,
Wladimiro Falcone,Lecce,it Serie A,GK,31.7,360,4.0,,,,,,,,,,
Maduka Okoye,Udinese,it Serie A,GK,27.3,360,4.0,,,,,,,,,,
Marco Carnesecchi,Atalanta,it Serie A,GK,26.5,360,4.0,,,,,,,,,,
Elia Caprile,Cagliari,it Serie A,GK,25.4,360,4.0,,,,,,,,,,
Christos Mandas,Lazio,it Serie A,GK,25.3,360,4.0,,,,,,,,,,
Edoardo Corvi,Parma,it Serie A,GK,25.8,360,4.0,,,,,,,,,,
Arijanet Murić,Sassuolo,it Serie A,GK,28.2,360,4.0,,,,,,,,,,
Filip Stanković,Venezia,it Serie A,GK,24.8,360,4.0,,,,,,,,,,
Mike Maignan,Milan,it Serie A,GK,31.5,360,4.0,,,,,,,,,,
Vanja Milinković-Savić,Napoli,it Serie A,GK,29.9,90,1.0,,,,,,,,,,
Alex Meret,Napoli,it Serie A,GK,29.8,270,3.0,,,,,,,,,,
Mile Svilar,Roma,it Serie A,GK,27.3,360,4.0,,,,,,,,,,
Guglielmo Vicario,Juventus,it Serie A,GK,30.2,359,4.0,,,,,,,,,,
Lucas Perri,Torino,it Serie A,GK,29.1,180,2.0,,,,,,,,,,
Robert Sánchez,Como,it Serie A,GK,29.1,90,1.0,,,,,,,,,,
Josep Martínez,Inter,it Serie A,GK,28.6,360,4.0,,,,,,,,,,
Jean Butez,Como,it Serie A,GK,31.6,270,3.0,,,,,,,,,,
Justin Bijlow,Genoa,it Serie A,GK,28.9,360,4.0,,,,,,,,,,
Lorenzo Palmisani,Frosinone,it Serie A,GK,22.6,360,4.0,,,,,,,,,,
Massimo Pessina,Bologna,it Serie A,GK,19.0,90,1.0,,,,,,,,,,
Mattia Perin,Juventus,it Serie A,GK,34.1,8,0.1,,,,,,,,,,
Diego Mascardi,Torino,it Serie A,GK,,180,2.0,,,,,,,,,,
Łukasz Skorupski,Bologna,it Serie A,GK,35.7,270,3.0,,,,,,,,,,
David De Gea,Fiorentina,it Serie A,GK,36.2,360,4.0,,,,,,,,,,
Demba Thiam,Monza,it Serie A,GK,28.8,270,3.0,,,,,,,,,,
Semuel Pizzignacco,Monza,it Serie A,GK,25.3,90,1.0,,,,,,,,,,
Mario Hermoso,Roma,it Serie A,DF,31.5,338,3.8,,,,,,,,,,
Kaiki,Como,it Serie A,DF,23.8,99,1.1,,,,,,,,,,
Federico Gatti,Juventus,it Serie A,DF,28.5,8,0.1,,,,,,,,,,
Carlos Augusto,Inter,it Serie A,DF,28.0,118,1.3,,,,,,,,,,
Daniele Ghilardi,Roma,it Serie A,DF,24.0,118,1.3,,,,,,,,,,
Emil Holm,Bologna,it Serie A,DF,26.6,273,3.0,,,,,,,,,,
Cas Odenthal,Sassuolo,it Serie A,DF,26.3,90,1.0,,,,,,,,,,
Jacobo Ramón,Como,it Serie A,DF,22.0,360,4.0,,,,,,,,,,
Amir Rrahmani,Napoli,it Serie A,DF,32.9,360,4.0,,,,,,,,,,
Trevoh Chalobah,Como,it Serie A,DF,27.5,270,3.0,,,,,,,,,,
Yann Aurel Bisseck,Inter,it Serie A,DF,26.1,189,2.1,,,,,,,,,,
Gianluca Mancini,Roma,it Serie A,DF,30.7,332,3.7,,,,,,,,,,
Mario Gila,Milan,it Serie A,DF,26.3,341,3.8,,,,,,,,,,
Leonardo Balerdi,Roma,it Serie A,DF,27.9,113,1.3,,,,,,,,,,
Raphael Kofler,Cagliari,it Serie A,DF,,68,0.8,,,,,,,,,,
Alessandro Bastoni,Inter,it Serie A,DF,27.7,329,3.7,,,,,,,,,,
Tiago Gabriel,Lecce,it Serie A,DF,22.0,241,2.7,,,,,,,,,,
Gleison Bremer,Juventus,it Serie A,DF,29.8,360,4.0,,,,,,,,,,
Danilho Doekhi,Lazio,it Serie A,DF,28.5,270,3.0,,,,,,,,,,
Matteo Palma,Udinese,it Serie A,DF,18.8,45,0.5,,,,,,,,,,
Bartol Franjić,Venezia,it Serie A,DF,27.0,134,1.5,,,,,,,,,,
Adam Obert,Cagliari,it Serie A,DF,24.4,357,4.0,,,,,,,,,,
Nahuel Molina,Roma,it Serie A,DF,28.7,156,1.7,,,,,,,,,,
Nuno Tavares,Lazio,it Serie A,DF,26.9,255,2.8,,,,,,,,,,
Juan Rodríguez,Cagliari,it Serie A,DF,,336,3.7,,,,,,,,,,
Leo Skiri Østigård,Genoa,it Serie A,DF,27.1,336,3.7,,,,,,,,,,
Eray Cömert,Torino,it Serie A,DF,28.9,247,2.7,,,,,,,,,,
Gabriele Bracaglia,Frosinone,it Serie A,DF,,330,3.7,,,,,,,,,,
Manuel Akanji,Inter,it Serie A,DF,31.5,323,3.6,,,,,,,,,,
Nathan Patterson,Torino,it Serie A,DF,25.2,34,0.4,,,,,,,,,,
Koni De Winter,Milan,it Serie A,DF,24.6,360,4.0,,,,,,,,,,
Mërgim Vojvoda,Udinese,it Serie A,DF,31.9,339,3.8,,,,,,,,,,
Strahinja Pavlović,Milan,it Serie A,DF,25.6,360,4.0,,,,,,,,,,
Ricardo Mangas,Monza,it Serie A,DF,28.8,315,3.5,,,,,,,,,,
Mariano Troilo,Parma,it Serie A,DF,23.5,355,3.9,,,,,,,,,,
Ilario Monterisi,Frosinone,it Serie A,DF,25.0,213,2.4,,,,,,,,,,
Pierre Kalulu,Juventus,it Serie A,DF,26.6,360,4.0,,,,,,,,,,
Giorgio Scalvini,Atalanta,it Serie A,DF,23.1,360,4.0,,,,,,,,,,
Josh Doig,Sassuolo,it Serie A,DF,24.6,321,3.6,,,,,,,,,,
Juan Miranda,Bologna,it Serie A,DF,27.0,225,2.5,,,,,,,,,,
Danilo Veiga,Lecce,it Serie A,DF,24.3,360,4.0,,,,,,,,,,
Fedde Leysen,Sassuolo,it Serie A,DF,23.5,286,3.2,,,,,,,,,,
Konstantinos Koulierakis,Roma,it Serie A,DF,23.1,22,0.2,,,,,,,,,,
Ivan Smolčić,Como,it Serie A,DF,26.4,33,0.4,,,,,,,,,,
Oumar Solet,Udinese,it Serie A,DF,26.9,218,2.4,,,,,,,,,,
Leonardo Spinazzola,Napoli,it Serie A,MF,33.8,304,3.4,,,,,,,,,,
Eivind Helland,Bologna,it Serie A,DF,21.7,180,2.0,,,,,,,,,,
Jhon Lucumí,Juventus,it Serie A,DF,28.5,210,2.3,,,,,,,,,,
Giorgio Cittadini,Frosinone,it Serie A,DF,24.7,230,2.6,,,,,,,,,,
Yvan Maye,Monza,it Serie A,DF,20.8,9,0.1,,,,,,,,,,
Pietro Comuzzo,Torino,it Serie A,DF,21.9,335,3.7,,,,,,,,,,
Obite N'Dicka,Roma,it Serie A,DF,27.4,157,1.7,,,,,,,,,,
Rafa Marín,Napoli,it Serie A,DF,24.6,351,3.9,,,,,,,,,,
Torbjørn Heggem,Bologna,it Serie A,DF,28.0,360,4.0,,,,,,,,,,
Marc-Oliver Kempf,Como,it Serie A,DF,31.9,115,1.3,,,,,,,,,,
Benjamin Pavard,Inter,it Serie A,DF,30.8,118,1.3,,,,,,,,,,
Armel Bella Kotchap,Venezia,it Serie A,DF,25.1,196,2.2,,,,,,,,,,
John Stones,Inter,it Serie A,DF,32.6,99,1.1,,,,,,,,,,
Gabriele Calvani,Frosinone,it Serie A,DF,,344,3.8,,,,,,,,,,
Odilon Kossounou,Atalanta,it Serie A,DF,26.0,360,4.0,,,,,,,,,,
Anthony Oyono,Frosinone,it Serie A,DF,25.7,293,3.3,,,,,,,,,,
Yukinari Sugawara,Cagliari,it Serie A,DF,26.5,22,0.2,,,,,,,,,,
Lautaro Valenti,Parma,it Serie A,DF,28.0,45,0.5,,,,,,,,,,
Wisdom Amey,Frosinone,it Serie A,DF,21.4,10,0.1,,,,,,,,,,
Filippo Delli Carri,Monza,it Serie A,DF,27.7,31,0.3,,,,,,,,,,
Niccolò Fortini,Torino,it Serie A,DF,20.9,222,2.5,,,,,,,,,,
Antonino Gallo,Lecce,it Serie A,DF,27.0,225,2.5,,,,,,,,,,
Saúl Coco,Torino,it Serie A,DF,27.9,310,3.4,,,,,,,,,,
Sead Kolašinac,Atalanta,it Serie A,DF,33.5,238,2.6,,,,,,,,,,
Jamil Siebert,Lecce,it Serie A,DF,24.8,294,3.3,,,,,,,,,,
João Mário,Fiorentina,it Serie A,DF,,182,2.0,,,,,,,,,,
Kialonda,Lecce,it Serie A,DF,29.3,246,2.7,,,,,,,,,,
Oliver Nielsen,Lazio,it Serie A,DF,23.6,360,4.0,,,,,,,,,,
Diogo Leite,Lazio,it Serie A,DF,27.9,11,0.1,,,,,,,,,,
Gabriele Zappa,Cagliari,it Serie A,DF,27.0,24,0.3,,,,,,,,,,
Aleksa Terzić,Frosinone,it Serie A,DF,27.4,30,0.3,,,,,,,,,,
James Abankwah,Udinese,it Serie A,DF,23.0,346,3.8,,,,,,,,,,
Giovanni Di Lorenzo,Napoli,it Serie A,DF,33.4,360,4.0,,,,,,,,,,
Mathías Olivera,Napoli,it Serie A,DF,29.2,73,0.8,,,,,,,,,,
Zé Pedro Figueiredo,Cagliari,it Serie A,DF,,314,3.5,,,,,,,,,,
Zeki Çelik,Juventus,it Serie A,DF,29.9,337,3.7,,,,,,,,,,
Jay Idzes,Sassuolo,it Serie A,DF,26.6,261,2.9,,,,,,,,,,
Juan Jesus,Venezia,it Serie A,DF,35.6,21,0.2,,,,,,,,,,
Adam Marušić,Lazio,it Serie A,DF,34.2,19,0.2,,,,,,,,,,
Manuel Lazzari,Lazio,it Serie A,DF,33.1,21,0.2,,,,,,,,,,
Corrie Ndaba,Lecce,it Serie A,DF,27.0,135,1.5,,,,,,,,,,
Diego Carlos,Parma,it Serie A,DF,33.8,135,1.5,,,,,,,,,,
Johan Vásquez,Genoa,it Serie A,DF,28.2,341,3.8,,,,,,,,,,
Álex Valle,Como,it Serie A,DF,22.7,270,3.0,,,,,,,,,,
Radu Drăgușin,Fiorentina,it Serie A,DF,24.9,360,4.0,,,,,,,,,,
Arthur Theate,Bologna,it Serie A,DF,26.6,180,2.0,,,,,,,,,,
Adam Bakoune,Monza,it Serie A,DF,,124,1.4,,,,,,,,,,
Simone Cinquegrano,Sassuolo,it Serie A,DF,22.5,360,4.0,,,,,,,,,,
Enrico Del Prato,Parma,it Serie A,DF,27.1,360,4.0,,,,,,,,,,
Filippo Terracciano,Milan,it Serie A,DF,23.9,8,0.1,,,,,,,,,,
Abdoulaye Niakhate Ndiaye,Parma,it Serie A,DF,24.7,90,1.0,,,,,,,,,,
Alfonso Pedraza,Lazio,it Serie A,DF,30.7,106,1.2,,,,,,,,,,
Viery,Fiorentina,it Serie A,DF,22.0,209,2.3,,,,,,,,,,
Ardian Ismajli,Torino,it Serie A,DF,30.3,163,1.8,,,,,,,,,,
Andrea Carboni,Monza,it Serie A,DF,25.9,351,3.9,,,,,,,,,,
Abdel Rahim,Bologna,it Serie A,DF,,135,1.5,,,,,,,,,,
Matias Moreno,Venezia,it Serie A,DF,23.3,84,0.9,,,,,,,,,,
Dominik Drobnic ,Parma,it Serie A,DF,19.7,90,1.0,,,,,,,,,,
Matteo Gabbia,Milan,it Serie A,DF,27.2,17,0.2,,,,,,,,,,
Victor Valdepeñas,Fiorentina,it Serie A,DF,20.2,190,2.1,,,,,,,,,,
Nadir Zortea,Bologna,it Serie A,DF,27.5,87,1.0,,,,,,,,,,
Enzo Ebosse,Udinese,it Serie A,DF,27.8,293,3.3,,,,,,,,,,
Nicolò Bertola,Udinese,it Serie A,DF,23.8,52,0.6,,,,,,,,,,
Sascha Britschgi,Parma,it Serie A,DF,20.3,241,2.7,,,,,,,,,,
Álex Jiménez,Fiorentina,it Serie A,DF,21.7,202,2.2,,,,,,,,,,
Thierry Correia,Venezia,it Serie A,DF,27.8,109,1.2,,,,,,,,,,
Lloyd Kelly,Juventus,it Serie A,DF,28.2,150,1.7,,,,,,,,,,
Lorenzo Lucchesi,Monza,it Serie A,DF,23.6,329,3.7,,,,,,,,,,
Ricardo Rodríguez,Torino,it Serie A,DF,34.4,17,0.2,,,,,,,,,,
Marin Pongračić,Fiorentina,it Serie A,DF,29.3,62,0.7,,,,,,,,,,
Alessandro Marcandalli,Genoa,it Serie A,DF,24.2,351,3.9,,,,,,,,,,
Eddy Kouadio,Monza,it Serie A,DF,20.7,351,3.9,,,,,,,,,,
Joël Schingtienne,Venezia,it Serie A,DF,24.4,360,4.0,,,,,,,,,,
Benoît Badiashile,Napoli,it Serie A,DF,25.8,10,0.1,,,,,,,,,,
Josip Šutalo,Lazio,it Serie A,DF,26.8,84,0.9,,,,,,,,,,
Duje Ćaleta-Car,Sassuolo,it Serie A,DF,30.3,9,0.1,,,,,,,,,,
Sebastian Otoa,Genoa,it Serie A,DF,22.6,24,0.3,,,,,,,,,,
Christian Kabasele,Udinese,it Serie A,DF,35.9,142,1.6,,,,,,,,,,
Luca Ranieri,Fiorentina,it Serie A,DF,27.7,179,2.0,,,,,,,,,,
Redouane Halhal,Venezia,it Serie A,DF,23.8,136,1.5,,,,,,,,,,
Tommaso Macchioni,Sassuolo,it Serie A,DF,20.7,74,0.8,,,,,,,,,,
Dodô,Fiorentina,it Serie A,DF,28.1,90,1.0,,,,,,,,,,
Hakan Çalhanoğlu,Inter,it Serie A,Def_MF,32.9,137,1.5,,,,,,,,,,
Diego Moreira,Milan,it Serie A,MF,22.4,106,1.2,,,,,,,,,,
Costantino Favasuli,Napoli,it Serie A,MF,22.7,45,0.5,,,,,,,,,,
Manuel Locatelli,Juventus,it Serie A,Def_MF,29.0,270,3.0,,,,,,,,,,
Davide Frattesi,Lazio,it Serie A,MF,27.3,296,3.3,,,,,,,,,,
Hassane Kamara,Udinese,it Serie A,MF,32.8,360,4.0,,,,,,,,,,
Wesley,Roma,it Serie A,MF,,240,2.7,,,,,,,,,,
Lassana Coulibaly,Lecce,it Serie A,MF,30.7,360,4.0,,,,,,,,,,
Lewis Ferguson,Bologna,it Serie A,MF,27.4,360,4.0,,,,,,,,,,
Stanislav Lobotka,Napoli,it Serie A,MF,32.1,349,3.9,,,,,,,,,,
Kevin De Bruyne,Napoli,it Serie A,Off_MF,35.5,173,1.9,,,,,,,,,,
Nicolás Paz,Como,it Serie A,MF,22.3,330,3.7,,,,,,,,,,
Nicolò Barella,Inter,it Serie A,MF,29.9,360,4.0,,,,,,,,,,
Piotr Zieliński,Inter,it Serie A,MF,32.6,262,2.9,,,,,,,,,,
Bryan Cristante,Roma,it Serie A,MF,31.8,334,3.7,,,,,,,,,,
Jurgen Ekkelenkamp,Udinese,it Serie A,MF,26.7,345,3.8,,,,,,,,,,
Martin Baturina,Como,it Serie A,MF,23.9,224,2.5,,,,,,,,,,
Niccolò Pisilli,Roma,it Serie A,MF,22.3,124,1.4,,,,,,,,,,
Andy Diouf,Inter,it Serie A,MF,23.6,255,2.8,,,,,,,,,,
Federico Dimarco,Inter,it Serie A,MF,29.1,262,2.9,,,,,,,,,,
Lucas Da Cunha,Como,it Serie A,MF,25.6,271,3.0,,,,,,,,,,
Petar Sucic,Inter,it Serie A,MF,23.2,146,1.6,,,,,,,,,,
Assane Diao,Como,it Serie A,MF,21.3,249,2.8,,,,,,,,,,
Giacomo Calò,Frosinone,it Serie A,MF,29.9,350,3.9,,,,,,,,,,
Darryl Bakola,Sassuolo,it Serie A,MF,19.1,215,2.4,,,,,,,,,,
Antoine Hainaut,Venezia,it Serie A,MF,24.9,355,3.9,,,,,,,,,,
Gianluca Busio,Venezia,it Serie A,MF,24.6,314,3.5,,,,,,,,,,
Patrizio Masini,Frosinone,it Serie A,MF,25.9,301,3.3,,,,,,,,,,
Jakub Piotrowski,Udinese,it Serie A,MF,29.2,146,1.6,,,,,,,,,,
Vasilije Adžić,Sassuolo,it Serie A,MF,20.6,203,2.3,,,,,,,,,,
Marcus Pedersen,Torino,it Serie A,MF,,70,0.8,,,,,,,,,,
Daniel Bragança,Torino,it Serie A,MF,27.6,65,0.7,,,,,,,,,,
Alessandro Romano,Cagliari,it Serie A,MF,20.5,360,4.0,,,,,,,,,,
Nemanja Matić,Sassuolo,it Serie A,MF,38.4,333,3.7,,,,,,,,,,
Nicola Zalewski,Atalanta,it Serie A,MF,24.9,119,1.3,,,,,,,,,,
Christian Ordoñez,Parma,it Serie A,MF,22.4,196,2.2,,,,,,,,,,
Nicolò Rovella,Lazio,it Serie A,MF,25.1,127,1.4,,,,,,,,,,
Nicolás González,Juventus,it Serie A,MF,,157,1.7,,,,,,,,,,
Ivan Ilić,Lecce,it Serie A,MF,25.8,150,1.7,,,,,,,,,,
Christ Inao Oulaï,Fiorentina,it Serie A,MF,20.7,123,1.4,,,,,,,,,,
Máximo Perrone,Como,it Serie A,MF,24.0,249,2.8,,,,,,,,,,
Ibrahim Sulemana,Sassuolo,it Serie A,MF,23.6,30,0.3,,,,,,,,,,
Davide Bartesaghi,Milan,it Serie A,MF,21.0,111,1.2,,,,,,,,,,
Manu Koné,Roma,it Serie A,MF,25.6,262,2.9,,,,,,,,,,
Emanuele Lulli,Roma,it Serie A,MF,19.4,322,3.6,,,,,,,,,,
Teun Koopmeiners,Juventus,it Serie A,Off_MF,28.8,117,1.3,,,,,,,,,,
Lazar Samardzic,Atalanta,it Serie A,MF,24.9,194,2.2,,,,,,,,,,
Matteo Politano,Napoli,it Serie A,FW,33.4,264,2.9,,,,,,,,,,
Rolando Mandragora,Torino,it Serie A,MF,29.5,208,2.3,,,,,,,,,,
Éderson,Atalanta,it Serie A,MF,,327,3.6,,,,,,,,,,
Luka Modrić,Milan,it Serie A,MF,41.3,235,2.6,,,,,,,,,,
Alessandro Deiola,Cagliari,it Serie A,MF,31.4,353,3.9,,,,,,,,,,
Luis Milla,Como,it Serie A,MF,32.2,200,2.2,,,,,,,,,,
Reda Belahyane,Lazio,it Serie A,MF,22.6,233,2.6,,,,,,,,,,
Douglas Luiz,Juventus,it Serie A,MF,28.6,335,3.7,,,,,,,,,,
Nicolò Fagioli,Fiorentina,it Serie A,MF,25.9,270,3.0,,,,,,,,,,
Gianluca Gaetano,Atalanta,it Serie A,MF,26.7,270,3.0,,,,,,,,,,
Sandi Lovrić,Udinese,it Serie A,MF,28.8,10,0.1,,,,,,,,,,
Franck Kessié,Atalanta,it Serie A,MF,30.0,97,1.1,,,,,,,,,,
Henrikh Mkhitaryan,Inter,it Serie A,MF,37.9,62,0.7,,,,,,,,,,
Harry Winks,Cagliari,it Serie A,MF,30.9,327,3.6,,,,,,,,,,
Kristian Thorstvedt,Sassuolo,it Serie A,MF,27.8,157,1.7,,,,,,,,,,
Curtis Jones,Inter,it Serie A,MF,25.9,98,1.1,,,,,,,,,,
Jesper Karlström,Udinese,it Serie A,Def_MF,31.5,360,4.0,,,,,,,,,,
Yan Couto,Como,it Serie A,MF,24.6,327,3.6,,,,,,,,,,
Emanuele Valeri,Parma,it Serie A,MF,28.1,360,4.0,,,,,,,,,,
Adrian Bernabe,Parma,it Serie A,MF,25.6,172,1.9,,,,,,,,,,
Rodrigo Mora,Roma,it Serie A,MF,19.7,171,1.9,,,,,,,,,,
Alessio Cacciamani,Torino,it Serie A,MF,19.5,272,3.0,,,,,,,,,,
Morten Frendrup,Genoa,it Serie A,MF,25.7,360,4.0,,,,,,,,,,
Kian Fitz-Jim,Torino,it Serie A,MF,23.5,329,3.7,,,,,,,,,,
Romano Floriani,Lazio,it Serie A,MF,23.9,325,3.6,,,,,,,,,,
Alexsandro Amorim,Genoa,it Serie A,MF,,113,1.3,,,,,,,,,,
Olaf Gorter,Lecce,it Serie A,MF,21.9,106,1.2,,,,,,,,,,
Alexis Saelemaekers,Milan,it Serie A,MF,27.5,116,1.3,,,,,,,,,,
Oussama El Azzouzi,Bologna,it Serie A,MF,25.6,79,0.9,,,,,,,,,,
Cesare Casadei,Torino,it Serie A,MF,24.0,70,0.8,,,,,,,,,,
Roberto Gagliardini,Cagliari,it Serie A,MF,32.7,16,0.2,,,,,,,,,,
Toma Bašić,Venezia,it Serie A,MF,30.1,150,1.7,,,,,,,,,,
Nikola Moro,Bologna,it Serie A,MF,28.8,79,0.9,,,,,,,,,,
Jesus Rodríguez,Como,it Serie A,MF,,106,1.2,,,,,,,,,,
Michael Folorunsho,Monza,it Serie A,MF,28.9,216,2.4,,,,,,,,,,
Kenneth Taylor,Lazio,it Serie A,MF,24.6,344,3.8,,,,,,,,,,
Raoul Bellanova,Atalanta,it Serie A,MF,26.6,192,2.1,,,,,,,,,,
Medon Berisha,Lecce,it Serie A,MF,23.2,8,0.1,,,,,,,,,,
Michel Ndary Adopo,Cagliari,it Serie A,MF,26.5,360,4.0,,,,,,,,,,
Yunus Musah,Milan,it Serie A,MF,24.1,315,3.5,,,,,,,,,,
Vincent Sierro,Parma,it Serie A,MF,31.2,109,1.2,,,,,,,,,,
Mandela Keita,Parma,it Serie A,MF,24.6,345,3.8,,,,,,,,,,
Luis Henrique,Inter,it Serie A,MF,,96,1.1,,,,,,,,,,
Pervis Estupiñán,Milan,it Serie A,DF,28.9,204,2.3,,,,,,,,,,
Adrien Rabiot,Milan,it Serie A,MF,31.7,216,2.4,,,,,,,,,,
Samuele Birindelli,Monza,it Serie A,MF,27.5,354,3.9,,,,,,,,,,
Kike Pérez,Venezia,it Serie A,MF,29.9,330,3.7,,,,,,,,,,
Djibril Sow,Genoa,it Serie A,MF,29.9,227,2.5,,,,,,,,,,
Neil El Aynaoui,Roma,it Serie A,MF,25.5,11,0.1,,,,,,,,,,
Fisayo Dele-Bashiru,Lazio,it Serie A,MF,25.9,54,0.6,,,,,,,,,,
Devyne Rensch,Roma,it Serie A,MF,24.0,8,0.1,,,,,,,,,,
Andrea Cambiaso,Juventus,it Serie A,MF,26.9,31,0.3,,,,,,,,,,
Ardon Jashari,Milan,it Serie A,MF,24.4,80,0.9,,,,,,,,,,
Luis Hasa,Frosinone,it Serie A,MF,23.0,42,0.5,,,,,,,,,,
Weston McKennie,Juventus,it Serie A,MF,28.3,90,1.0,,,,,,,,,,
Oumar Ngom,Lecce,it Serie A,MF,22.8,231,2.6,,,,,,,,,,
Mathis Mout,Monza,it Serie A,MF,,144,1.6,,,,,,,,,,
Ebenezer Akinsanmiro,Monza,it Serie A,MF,22.1,210,2.3,,,,,,,,,,
Tommaso Pobega,Bologna,it Serie A,MF,27.5,175,1.9,,,,,,,,,,
Ridgeciano Haps,Venezia,it Serie A,MF,33.6,257,2.9,,,,,,,,,,
Riccardo Orsolini,Bologna,it Serie A,FW,29.9,80,0.9,,,,,,,,,,
Rafael Obrador,Sassuolo,it Serie A,MF,,39,0.4,,,,,,,,,,
Emirhan İlkhan,Torino,it Serie A,MF,22.6,54,0.6,,,,,,,,,,
Billy Gilmour,Napoli,it Serie A,MF,25.6,101,1.1,,,,,,,,,,
Tommaso Baldanzi,Genoa,it Serie A,MF,23.8,255,2.8,,,,,,,,,,
Mikael Ellertsson,Genoa,it Serie A,MF,,350,3.9,,,,,,,,,,
Juan Arizala,Udinese,it Serie A,MF,21.2,10,0.1,,,,,,,,,,
Giuseppe Aurelio,Cagliari,it Serie A,MF,26.8,9,0.1,,,,,,,,,,
Andrea Ghion,Sassuolo,it Serie A,MF,26.9,10,0.1,,,,,,,,,,
Marten de Roon,Roma,it Serie A,MF,35.8,38,0.4,,,,,,,,,,
Mario Pašalić,Atalanta,it Serie A,MF,31.9,184,2.0,,,,,,,,,,
Maxence Caqueret,Como,it Serie A,MF,26.9,92,1.0,,,,,,,,,,
El Bilal Touré,Parma,it Serie A,MF,25.2,315,3.5,,,,,,,,,,
Aleksandar Stanković,Inter,it Serie A,MF,35.9,19,0.2,,,,,,,,,,
Davide Zappacosta,Atalanta,it Serie A,MF,34.6,197,2.2,,,,,,,,,,
Samuele Ricci,Como,it Serie A,MF,25.4,20,0.2,,,,,,,,,,
Riccardo Ciervo,Cagliari,it Serie A,MF,24.8,14,0.2,,,,,,,,,,
Lorenzo Bernasconi,Atalanta,it Serie A,MF,23.1,93,1.0,,,,,,,,,,
Joël Monteiro,Lecce,it Serie A,MF,27.4,140,1.6,,,,,,,,,,
Cher Ndour,Fiorentina,it Serie A,MF,22.4,308,3.4,,,,,,,,,,
Andre-Frank Zambo Anguissa,Napoli,it Serie A,MF,31.1,237,2.6,,,,,,,,,,
Alessio Zerbin,Frosinone,it Serie A,MF,27.8,84,0.9,,,,,,,,,,
Unai Gómez,Udinese,it Serie A,MF,23.6,177,2.0,,,,,,,,,,
Kingsley Ehizibue,Genoa,it Serie A,MF,31.6,84,0.9,,,,,,,,,,
Marco Brescianini,Fiorentina,it Serie A,MF,26.9,127,1.4,,,,,,,,,,
Youssef Maleh,Lecce,it Serie A,MF,28.4,183,2.0,,,,,,,,,,
Franz-Ethan Meichtry,Genoa,it Serie A,MF,21.5,47,0.5,,,,,,,,,,
Rafik Belghali,Torino,it Serie A,MF,24.6,79,0.9,,,,,,,,,,
Giorgi Chakvetadze,Udinese,it Serie A,MF,27.3,17,0.2,,,,,,,,,,
Florian Grillitsch,Frosinone,it Serie A,MF,31.4,8,0.1,,,,,,,,,,
Oier Zarraga,Udinese,it Serie A,MF,28.0,45,0.5,,,,,,,,,,
Arthur Atta,Fiorentina,it Serie A,MF,24.0,269,3.0,,,,,,,,,,
Jens Odgaard,Bologna,it Serie A,Off_MF,27.8,227,2.5,,,,,,,,,,
Ruben Loftus-Cheek,Milan,it Serie A,MF,30.9,189,2.1,,,,,,,,,,
Kerim Alajbegović,Juventus,it Serie A,MF,19.3,184,2.0,,,,,,,,,,
Nicolas Galazzi,Monza,it Serie A,MF,26.0,20,0.2,,,,,,,,,,
Brooke Norton-Cuffy,Genoa,it Serie A,MF,23.0,180,2.0,,,,,,,,,,
Omari Hutchinson,Milan,it Serie A,MF,23.2,13,0.1,,,,,,,,,,
Jacopo Fazzini,Cagliari,it Serie A,MF,23.8,241,2.7,,,,,,,,,,
Gvidas Gineitis,Torino,it Serie A,MF,22.7,272,3.0,,,,,,,,,,
Elif Elmas,Atalanta,it Serie A,MF,27.3,108,1.2,,,,,,,,,,
Romano Schmid,Frosinone,it Serie A,Off_MF,26.9,277,3.1,,,,,,,,,,
Pedro Gonçalves,Fiorentina,it Serie A,MF,28.5,21,0.2,,,,,,,,,,
Benjamin Cremaschi,Parma,it Serie A,MF,20.6,40,0.4,,,,,,,,,,
Scott McTominay,Napoli,it Serie A,MF,30.1,146,1.6,,,,,,,,,,
Samuel Mbangula,Bologna,it Serie A,MF,23.0,18,0.2,,,,,,,,,,
Matteo Cichella,Frosinone,it Serie A,MF,,100,1.1,,,,,,,,,,
Mohamed Kaba,Lecce,it Serie A,MF,25.2,10,0.1,,,,,,,,,,
Luca Lipani,Sassuolo,it Serie A,MF,21.6,116,1.3,,,,,,,,,,
Marco Libra,Bologna,it Serie A,MF,,77,0.9,,,,,,,,,,
Manga Foe Ondoa,Monza,it Serie A,MF,21.1,144,1.6,,,,,,,,,,
Lennon Miller,Udinese,it Serie A,MF,20.4,197,2.2,,,,,,,,,,
Richie Sagrado,Venezia,it Serie A,MF,22.9,152,1.7,,,,,,,,,,
Toni Fernández,Venezia,it Serie A,MF,18.5,55,0.6,,,,,,,,,,
Giovanni Fabbian,Parma,it Serie A,MF,24.0,55,0.6,,,,,,,,,,
Pape Matar Sarr,Juventus,it Serie A,MF,24.3,19,0.2,,,,,,,,,,
Matteo Dagasso,Venezia,it Serie A,MF,,20,0.2,,,,,,,,,,
Stefano Sabelli,Genoa,it Serie A,MF,34.0,45,0.5,,,,,,,,,,
Leonardo Colombo,Monza,it Serie A,MF,21.6,28,0.3,,,,,,,,,,
Mikel Amondarain,Bologna,it Serie A,MF,22.0,95,1.1,,,,,,,,,,
Benjamín Domínguez,Sassuolo,it Serie A,MF,20.6,66,0.7,,,,,,,,,,
Abdou-Salam Konate,Parma,it Serie A,MF,20.1,94,1.0,,,,,,,,,,
Nikola Vlašić,Torino,it Serie A,Off_MF,29.2,360,4.0,,,,,,,,,,
Simon Sohm,Venezia,it Serie A,MF,25.7,150,1.7,,,,,,,,,,
Þórir Jóhann Helgason,Venezia,it Serie A,MF,26.3,46,0.5,,,,,,,,,,
Rachid Kouda,Parma,it Serie A,MF,,15,0.2,,,,,,,,,,
Omri Gandelman,Lecce,it Serie A,MF,26.6,1,0.0,,,,,,,,,,
Paulo Dybala,Roma,it Serie A,Off_MF,33.1,317,3.5,,,,,,,,,,
Donyell Malen,Roma,it Serie A,FW,28.0,255,2.8,,,,,,,,,,
Sebastiano Esposito,Sassuolo,it Serie A,FW,24.5,70,0.8,,,,,,,,,,
Marcus Thuram,Inter,it Serie A,FW,29.4,140,1.6,,,,,,,,,,
Edon Zhegrova,Juventus,it Serie A,FW,27.8,59,0.7,,,,,,,,,,
Matìas Soulé,Roma,it Serie A,FW,23.7,189,2.1,,,,,,,,,,
Domenico Berardi,Sassuolo,it Serie A,FW,32.4,141,1.6,,,,,,,,,,
Samuel Chukwueze,Milan,it Serie A,FW,27.6,299,3.3,,,,,,,,,,
Cristian Volpato,Sassuolo,it Serie A,FW,23.1,186,2.1,,,,,,,,,,
Giorgi Kvernadze,Frosinone,it Serie A,FW,23.9,357,4.0,,,,,,,,,,
Exequiel Zeballos,Monza,it Serie A,FW,24.7,26,0.3,,,,,,,,,,
Nicolò Zaniolo,Udinese,it Serie A,FW,27.5,89,1.0,,,,,,,,,,
Mattia Zaccagni,Lazio,it Serie A,FW,31.5,359,4.0,,,,,,,,,,
Junior Messias,Genoa,it Serie A,FW,35.6,125,1.4,,,,,,,,,,
Antonio Raimondo,Frosinone,it Serie A,FW,22.8,329,3.7,,,,,,,,,,
Albert Guðmundsson,Lazio,it Serie A,FW,29.5,97,1.1,,,,,,,,,,
Franco Mastantuono,Fiorentina,it Serie A,FW,19.4,287,3.2,,,,,,,,,,
Giacomo Raspadori,Atalanta,it Serie A,FW,26.9,152,1.7,,,,,,,,,,
Christian Pulisic,Milan,it Serie A,FW,28.3,45,0.5,,,,,,,,,,
Kenan Yıldız,Juventus,it Serie A,FW,21.7,69,0.8,,,,,,,,,,
Francisco Conceição,Juventus,it Serie A,FW,24.0,293,3.3,,,,,,,,,,
Alieu Njie,Fiorentina,it Serie A,FW,21.6,179,2.0,,,,,,,,,,
Francesco Esposito,Inter,it Serie A,FW,,290,3.2,,,,,,,,,,
John Yeboah,Venezia,it Serie A,FW,26.5,295,3.3,,,,,,,,,,
Jay Robinson,Monza,it Serie A,FW,19.8,156,1.7,,,,,,,,,,
Armand Lauriente,Sassuolo,it Serie A,FW,28.1,360,4.0,,,,,,,,,,
Lautaro Martínez,Inter,it Serie A,FW,29.4,234,2.6,,,,,,,,,,
Che Adams,Torino,it Serie A,FW,30.5,193,2.1,,,,,,,,,,
Federico Bernardeschi,Bologna,it Serie A,FW,32.9,288,3.2,,,,,,,,,,
Mateo Pellegrino,Fiorentina,it Serie A,FW,25.2,286,3.2,,,,,,,,,,
Jonathan Rowe,Atalanta,it Serie A,FW,23.7,120,1.3,,,,,,,,,,
Simone Lontani,Parma,it Serie A,FW,,252,2.8,,,,,,,,,,
Gustavo Varela,Monza,it Serie A,FW,21.9,248,2.8,,,,,,,,,,
Daniel Maldini,Cagliari,it Serie A,FW,25.2,310,3.4,,,,,,,,,,
Alphadjo Cissè,Milan,it Serie A,FW,20.2,231,2.6,,,,,,,,,,
Matteo Cancellieri,Lazio,it Serie A,FW,24.9,203,2.3,,,,,,,,,,
Paco Esteban,Lecce,it Serie A,FW,51.5,16,0.2,,,,,,,,,,
Gianluca Scamacca,Atalanta,it Serie A,FW,28.0,241,2.7,,,,,,,,,,
Antonio Vergara,Napoli,it Serie A,FW,24.0,130,1.4,,,,,,,,,,
David Romero,Parma,it Serie A,FW,23.8,109,1.2,,,,,,,,,,
Milutin Osmajić,Genoa,it Serie A,FW,27.4,207,2.3,,,,,,,,,,
Jeremie Boga,Juventus,it Serie A,FW,30.0,104,1.2,,,,,,,,,,
Andrea Colpani,Monza,it Serie A,FW,27.6,254,2.8,,,,,,,,,,
Charles De Ketelaere,Atalanta,it Serie A,FW,25.8,265,2.9,,,,,,,,,,
Roberto Piccoli,Bologna,it Serie A,FW,25.9,268,3.0,,,,,,,,,,
Idrissa Guèye,Udinese,it Serie A,FW,,123,1.4,,,,,,,,,,
Noa Lang,Napoli,it Serie A,FW,27.5,125,1.4,,,,,,,,,,
Jonathan David,Juventus,it Serie A,FW,27.0,57,0.6,,,,,,,,,,
Kieron Bowie,Sassuolo,it Serie A,FW,24.3,269,3.0,,,,,,,,,,
Alisson Santos,Napoli,it Serie A,FW,24.3,180,2.0,,,,,,,,,,
Anastasios Douvikas,Como,it Serie A,FW,27.4,272,3.0,,,,,,,,,,
Ange-Yoan Bonny,Inter,it Serie A,FW,23.2,67,0.7,,,,,,,,,,
Keinan Davis,Udinese,it Serie A,FW,28.9,224,2.5,,,,,,,,,,
Daniel Bîrligea,Frosinone,it Serie A,FW,26.7,12,0.1,,,,,,,,,,
Dany Mota,Monza,it Serie A,FW,28.7,73,0.8,,,,,,,,,,
Farés Ghedjemis,Frosinone,it Serie A,FW,24.3,105,1.2,,,,,,,,,,
Tomáš Bobček,Frosinone,it Serie A,FW,25.3,19,0.2,,,,,,,,,,
Alessandro Sugamele,Cagliari,it Serie A,FW,,16,0.2,,,,,,,,,,
Akor Adams,Venezia,it Serie A,FW,26.9,340,3.8,,,,,,,,,,
Amar Fatah,Lecce,it Serie A,FW,22.9,79,0.9,,,,,,,,,,
Seydou Fini,Frosinone,it Serie A,FW,20.6,179,2.0,,,,,,,,,,
Omari Forson,Monza,it Serie A,FW,22.5,100,1.1,,,,,,,,,,
Artem Dovbyk,Bologna,it Serie A,FW,29.5,84,0.9,,,,,,,,,,
Patrick Cutrone,Monza,it Serie A,FW,29.0,136,1.5,,,,,,,,,,
Alieu Fadera,Cagliari,it Serie A,FW,25.2,90,1.0,,,,,,,,,,
Paul Mendy,Cagliari,it Serie A,FW,20.0,276,3.1,,,,,,,,,,
Gonçalo Ramos,Milan,it Serie A,FW,25.5,355,3.9,,,,,,,,,,
Tijjani Noslin,Lazio,it Serie A,FW,27.5,106,1.2,,,,,,,,,,
Boulaye Dia,Lazio,it Serie A,FW,30.1,159,1.8,,,,,,,,,,
Pontus Almqvist,Parma,it Serie A,FW,27.5,58,0.6,,,,,,,,,,
Moise Kean,Como,it Serie A,FW,26.8,115,1.3,,,,,,,,,,
Stephan El Shaarawy,Genoa,it Serie A,MF,34.2,30,0.3,,,,,,,,,,
Gennaro Borrelli,Cagliari,it Serie A,FW,26.8,36,0.4,,,,,,,,,,
Rasmus Højlund,Napoli,it Serie A,FW,23.9,305,3.4,,,,,,,,,,
Santiago Pierotti,Lecce,it Serie A,FW,25.7,288,3.2,,,,,,,,,,
Gustav Isaksen,Lazio,it Serie A,FW,25.7,157,1.7,,,,,,,,,,
Duván Zapata,Torino,it Serie A,FW,35.8,25,0.3,,,,,,,,,,
Kevin Carlos,Cagliari,it Serie A,FW,,44,0.5,,,,,,,,,,
Matija Frigan,Parma,it Serie A,FW,23.9,80,0.9,,,,,,,,,,
Mattia Felici,Cagliari,it Serie A,FW,25.7,37,0.4,,,,,,,,,,
Mattia Liberali,Como,it Serie A,FW,19.7,29,0.3,,,,,,,,,,
Vakoun Bayo,Udinese,it Serie A,FW,30.0,73,0.8,,,,,,,,,,
Lion Lauberbach,Venezia,it Serie A,FW,28.9,40,0.4,,,,,,,,,,
Nikola Krstović,Atalanta,it Serie A,FW,26.7,119,1.3,,,,,,,,,,
Justin Oboavwoduo,Juventus,it Serie A,FW,,8,0.1,,,,,,,,,,
Ousmane Diallo,Parma,it Serie A,FW,23.8,15,0.2,,,,,,,,,,
Sandro Kulenović,Torino,it Serie A,FW,27.1,26,0.3,,,,,,,,,,
Nesta Elphege,Parma,it Serie A,FW,26.0,86,1.0,,,,,,,,,,
Jay Enem,Bologna,it Serie A,FW,23.8,8,0.1,,,,,,,,,,
Vitinha,Genoa,it Serie A,FW,,218,2.4,,,,,,,,,,
Konan N'dri,Lecce,it Serie A,FW,26.2,188,2.1,,,,,,,,,,
Nicolò Cambiaghi,Bologna,it Serie A,FW,26.0,298,3.3,,,,,,,,,,
Albion Rrahmani,Venezia,it Serie A,FW,26.3,64,0.7,,,,,,,,,,
Lorenzo Lucca,Napoli,it Serie A,FW,26.3,55,0.6,,,,,,,,,,
Francesco Camarda,Milan,it Serie A,FW,18.8,10,0.1,,,,,,,,,,
Adam Zulevic,Genoa,it Serie A,FW,,9,0.1,,,,,,,,,,
Zakaria Aboukhlal,Torino,it Serie A,FW,26.9,26,0.3,,,,,,,,,,
David Neres,Napoli,it Serie A,FW,29.8,38,0.4,,,,,,,,,,
Nick Woltemade,Juventus,it Serie A,FW,24.9,44,0.5,,,,,,,,,,
Giovanni Simeone,Torino,it Serie A,FW,31.5,253,2.8,,,,,,,,,,
Lorenzo Colombo,Genoa,it Serie A,FW,24.8,300,3.3,,,,,,,,,,
Wilfried Gnonto,Fiorentina,it Serie A,FW,23.2,75,0.8,,,,,,,,,,
Andrea Pinamonti,Lazio,it Serie A,FW,27.6,95,1.1,,,,,,,,,,
Nikola Štulić,Lecce,it Serie A,FW,25.3,216,2.4,,,,,,,,,,
Santiago Castro,Roma,it Serie A,FW,22.3,105,1.2,,,,,,,,,,
Beto,Fiorentina,it Serie A,FW,,74,0.8,,,,,,,,,,
Kingstone Mutandwa,Cagliari,it Serie A,FW,24.0,9,0.1,,,,,,,,,,
Randal Kolo Muani,Juventus,it Serie A,FW,28.1,360,4.0,,,,,,,,,,
Willem Geubbels,Lecce,it Serie A,FW,25.4,128,1.4,,,,,,,,,,
Gabriel Kulla,Sassuolo,it Serie A,FW,,2,0.0,,,,,,,,,,
Anthony Lopes,Angers,fr Ligue 1,GK,36.3,360,4.0,,,,,,,,,,
Lukáš Hrádecký,Monaco,fr Ligue 1,GK,37.1,360,4.0,,,,,,,,,,
Berke Özer,Lille,fr Ligue 1,GK,26.6,360,4.0,,,,,,,,,,
Guillaume Restes,Toulouse,fr Ligue 1,GK,21.8,251,2.8,,,,,,,,,,
Dominik Greif,Lyon,fr Ligue 1,GK,29.7,270,3.0,,,,,,,,,,
Brice Samba,Rennes,fr Ligue 1,GK,32.7,270,3.0,,,,,,,,,,
Jeffrey De Lange,Marseille,fr Ligue 1,GK,28.8,360,4.0,,,,,,,,,,
Lionel Mpasi Nzau,Le Havre,fr Ligue 1,GK,32.4,269,3.0,,,,,,,,,,
Nicolas Kocik,Le Mans,fr Ligue 1,GK,28.4,171,1.9,,,,,,,,,,
Rémy Descamps,Lyon,fr Ligue 1,GK,30.5,90,1.0,,,,,,,,,,
Nicolas Lemaitre,Rennes,fr Ligue 1,GK,30.0,90,1.0,,,,,,,,,,
Gauthier Gallon,Le Havre,fr Ligue 1,GK,33.7,91,1.0,,,,,,,,,,
Filip Jørgensen,Strasbourg,fr Ligue 1,GK,24.7,360,4.0,,,,,,,,,,
Patrick Beach,Troyes,fr Ligue 1,GK,23.4,360,4.0,,,,,,,,,,
Egil Selvik,Brest,fr Ligue 1,GK,29.4,360,4.0,,,,,,,,,,
Yvon Mvogo,Lorient,fr Ligue 1,GK,32.6,360,4.0,,,,,,,,,,
Matvey Safonov,Paris S-G,fr Ligue 1,GK,27.8,360,4.0,,,,,,,,,,
Kevin Trapp,Paris FC,fr Ligue 1,GK,36.5,360,4.0,,,,,,,,,,
Robin Risser,Lens,fr Ligue 1,GK,22.1,360,4.0,,,,,,,,,,
Yehvann Diouf,Nice,fr Ligue 1,GK,27.1,360,4.0,,,,,,,,,,
Mamadou Diop,Auxerre,fr Ligue 1,GK,20.3,360,4.0,,,,,,,,,,
Ewan Hatfout,Le Mans,fr Ligue 1,GK,26.8,189,2.1,,,,,,,,,,
Mathys Niflore,Toulouse,fr Ligue 1,GK,19.8,109,1.2,,,,,,,,,,
Clinton Mata,Lyon,fr Ligue 1,DF,34.1,90,1.0,,,,,,,,,,
Eric Dier,Monaco,fr Ligue 1,DF,33.0,360,4.0,,,,,,,,,,
Zachary Athekame,Lyon,fr Ligue 1,DF,22.1,360,4.0,,,,,,,,,,
Lucas Calodat,Le Mans,fr Ligue 1,DF,24.9,245,2.7,,,,,,,,,,
Tiago Santos,Lille,fr Ligue 1,DF,24.4,360,4.0,,,,,,,,,,
Anthony Rouault,Rennes,fr Ligue 1,DF,25.6,180,2.0,,,,,,,,,,
Marquinhos,Paris S-G,fr Ligue 1,DF,32.6,360,4.0,,,,,,,,,,
Moustapha Mbow,Paris FC,fr Ligue 1,DF,26.8,91,1.0,,,,,,,,,,
Alexsandro Ribeiro,Lille,fr Ligue 1,DF,27.4,360,4.0,,,,,,,,,,
Nazinho,Monaco,fr Ligue 1,DF,23.5,350,3.9,,,,,,,,,,
Ahmed Touba,Le Havre,fr Ligue 1,DF,28.8,270,3.0,,,,,,,,,,
Nathaniel Adjei,Lorient,fr Ligue 1,DF,24.4,360,4.0,,,,,,,,,,
Otavio Ataide,Paris FC,fr Ligue 1,DF,,173,1.9,,,,,,,,,,
Ismaëlo Ganiou,Lens,fr Ligue 1,DF,21.8,259,2.9,,,,,,,,,,
Felix Bacher,Lyon,fr Ligue 1,DF,26.2,356,4.0,,,,,,,,,,
Niels Nkounkou,Nice,fr Ligue 1,DF,26.2,145,1.6,,,,,,,,,,
Nathan Ngoy,Lille,fr Ligue 1,DF,23.6,360,4.0,,,,,,,,,,
Montassar Talbi,Lorient,fr Ligue 1,DF,28.6,360,4.0,,,,,,,,,,
Moussa Niakhate,Lyon,fr Ligue 1,DF,30.8,270,3.0,,,,,,,,,,
Lucas Maronnier,Troyes,fr Ligue 1,DF,34.4,215,2.4,,,,,,,,,,
Alec Georgen,Lorient,fr Ligue 1,DF,28.3,18,0.2,,,,,,,,,,
CJ Egan-Riley,Marseille,fr Ligue 1,DF,,345,3.8,,,,,,,,,,
Nuno Mendes,Paris S-G,fr Ligue 1,DF,24.5,90,1.0,,,,,,,,,,
Vanderson,Monaco,fr Ligue 1,DF,,321,3.6,,,,,,,,,,
Abdelhamid Ait Boudlal,Rennes,fr Ligue 1,DF,20.7,180,2.0,,,,,,,,,,
Ayumu Seko,Le Havre,fr Ligue 1,DF,26.6,360,4.0,,,,,,,,,,
Diego Coppola,Paris FC,fr Ligue 1,DF,23.0,360,4.0,,,,,,,,,,
Rasmus Nicolaisen,Toulouse,fr Ligue 1,DF,29.8,270,3.0,,,,,,,,,,
Djibril Ouziad,Le Havre,fr Ligue 1,DF,,156,1.7,,,,,,,,,,
Bradley Locko,Brest,fr Ligue 1,DF,24.7,358,4.0,,,,,,,,,,
Ousmane Camara,Angers,fr Ligue 1,DF,28.0,360,4.0,,,,,,,,,,
Lucas Beraldo,Paris S-G,fr Ligue 1,DF,23.1,84,0.9,,,,,,,,,,
Raúl Torrente,Le Mans,fr Ligue 1,DF,25.3,74,0.8,,,,,,,,,,
Mohamed Abdelmoneim,Nice,fr Ligue 1,DF,27.9,251,2.8,,,,,,,,,,
Melvin Bard,Nice,fr Ligue 1,DF,26.2,172,1.9,,,,,,,,,,
Sadibou Sané,Monaco,fr Ligue 1,DF,22.6,360,4.0,,,,,,,,,,
Mark McKenzie,Toulouse,fr Ligue 1,DF,27.8,360,4.0,,,,,,,,,,
Adrien Monfray,Troyes,fr Ligue 1,DF,36.0,360,4.0,,,,,,,,,,
Souleymane Sagnan,Lens,fr Ligue 1,DF,21.7,248,2.8,,,,,,,,,,
Willian Pacho,Paris S-G,fr Ligue 1,DF,25.2,360,4.0,,,,,,,,,,
Carlens Arcus,Angers,fr Ligue 1,DF,30.5,258,2.9,,,,,,,,,,
Nayef Aguerd,Marseille,fr Ligue 1,DF,30.8,208,2.3,,,,,,,,,,
Charlie Cresswell,Rennes,fr Ligue 1,DF,24.4,360,4.0,,,,,,,,,,
Kenny Lala,Brest,fr Ligue 1,DF,35.2,292,3.2,,,,,,,,,,
Samir Chergui,Paris FC,fr Ligue 1,DF,27.9,270,3.0,,,,,,,,,,
Axel Tuanzebe,Auxerre,fr Ligue 1,DF,29.1,90,1.0,,,,,,,,,,
Youssouf Ndayishimiye,Nice,fr Ligue 1,DF,28.2,360,4.0,,,,,,,,,,
Emerson Palmieri,Marseille,fr Ligue 1,DF,32.4,359,4.0,,,,,,,,,,
Mahamadou Nagida,Rennes,fr Ligue 1,DF,21.5,202,2.2,,,,,,,,,,
Jeyland Mitchell,Strasbourg,fr Ligue 1,DF,22.3,270,3.0,,,,,,,,,,
Lilian Raolisoa,Angers,fr Ligue 1,DF,26.5,109,1.2,,,,,,,,,,
Ismaël Doukouré,Strasbourg,fr Ligue 1,DF,23.4,160,1.8,,,,,,,,,,
Bryan Reynolds,Rennes,fr Ligue 1,DF,25.5,24,0.3,,,,,,,,,,
Raphael Le Guen,Brest,fr Ligue 1,DF,20.3,360,4.0,,,,,,,,,,
Kyllian Antonio,Lens,fr Ligue 1,DF,19.0,180,2.0,,,,,,,,,,
Joseph Kalulu,Angers,fr Ligue 1,DF,,270,3.0,,,,,,,,,,
Hamari Traoré,Paris FC,fr Ligue 1,DF,34.9,192,2.1,,,,,,,,,,
Antoine Mendy,Nice,fr Ligue 1,DF,22.6,124,1.4,,,,,,,,,,
Elias Jelert,Le Havre,fr Ligue 1,DF,23.6,189,2.1,,,,,,,,,,
Niko Sigur,Toulouse,fr Ligue 1,DF,23.3,45,0.5,,,,,,,,,,
Ruben Kluivert,Lyon,fr Ligue 1,DF,25.6,9,0.1,,,,,,,,,,
Christian Mawissa,Monaco,fr Ligue 1,DF,21.7,9,0.1,,,,,,,,,,
Isaac Cossier,Lille,fr Ligue 1,DF,20.1,14,0.2,,,,,,,,,,
Ilane Touré,Monaco,fr Ligue 1,DF,,10,0.1,,,,,,,,,,
Marius Louer,Angers,fr Ligue 1,DF,19.8,14,0.2,,,,,,,,,,
Abner,Lyon,fr Ligue 1,DF,,190,2.1,,,,,,,,,,
Romain Perraud,Lille,fr Ligue 1,DF,29.3,301,3.3,,,,,,,,,,
Yvann Titi,Troyes,fr Ligue 1,DF,38.8,55,0.6,,,,,,,,,,
Gautier Lloris,Brest,fr Ligue 1,DF,31.5,263,2.9,,,,,,,,,,
Samuel Yohou,Le Mans,fr Ligue 1,DF,35.4,106,1.2,,,,,,,,,,
Karim Coulibaly,Strasbourg,fr Ligue 1,DF,,36,0.4,,,,,,,,,,
Jordan Lefort,Angers,fr Ligue 1,DF,33.5,360,4.0,,,,,,,,,,
Christ Makosso,Auxerre,fr Ligue 1,DF,22.6,215,2.4,,,,,,,,,,
Quentin Merlin,Rennes,fr Ligue 1,DF,24.6,158,1.8,,,,,,,,,,
Christ Tapé,Toulouse,fr Ligue 1,DF,,354,3.9,,,,,,,,,,
Vincent Sasso,Le Havre,fr Ligue 1,DF,35.9,98,1.1,,,,,,,,,,
Noah Donkor,Troyes,fr Ligue 1,DF,,84,0.9,,,,,,,,,,
Harold Voyer,Le Mans,fr Ligue 1,DF,,270,3.0,,,,,,,,,,
Jean-Clair Todibo,Lens,fr Ligue 1,DF,27.0,35,0.4,,,,,,,,,,
Timothee Pembele,Le Havre,fr Ligue 1,DF,24.3,208,2.3,,,,,,,,,,
Yasser Larouci,Le Mans,fr Ligue 1,DF,26.0,93,1.0,,,,,,,,,,
Elikya Legros,Auxerre,fr Ligue 1,DF,18.6,141,1.6,,,,,,,,,,
Nicolás Tagliafico,Lyon,fr Ligue 1,DF,34.3,80,0.9,,,,,,,,,,
Lucas Hernández,Paris S-G,fr Ligue 1,DF,30.9,116,1.3,,,,,,,,,,
Derek Cornelius,Marseille,fr Ligue 1,DF,29.1,34,0.4,,,,,,,,,,
Ismail Diallo,Toulouse,fr Ligue 1,DF,,150,1.7,,,,,,,,,,
Calvin Verdonk,Lille,fr Ligue 1,DF,29.7,69,0.8,,,,,,,,,,
Genesis Antwi,Strasbourg,fr Ligue 1,DF,19.6,349,3.9,,,,,,,,,,
Yanis Zouaoui,Le Havre,fr Ligue 1,DF,28.7,40,0.4,,,,,,,,,,
Ali Abdi,Nice,fr Ligue 1,DF,33.0,35,0.4,,,,,,,,,,
Mateo Del Blanco,Strasbourg,fr Ligue 1,DF,23.2,19,0.2,,,,,,,,,,
Lucas Digne,Paris S-G,fr Ligue 1,DF,33.5,18,0.2,,,,,,,,,,
Andrew Omobamidele,Strasbourg,fr Ligue 1,DF,24.5,180,2.0,,,,,,,,,,
Fredrik Oppegard,Auxerre,fr Ligue 1,DF,24.4,119,1.3,,,,,,,,,,
Seny Koumbassa,Toulouse,fr Ligue 1,DF,19.5,102,1.1,,,,,,,,,,
Noa Boissé,Le Mans,fr Ligue 1,DF,,315,3.5,,,,,,,,,,
Maik Nawrocki,Lens,fr Ligue 1,DF,25.9,152,1.7,,,,,,,,,,
Hamza Koutoune,Nice,fr Ligue 1,DF,20.3,17,0.2,,,,,,,,,,
Michel Diaz,Troyes,fr Ligue 1,DF,22.0,360,4.0,,,,,,,,,,
Lucas Høgsberg,Strasbourg,fr Ligue 1,DF,20.5,184,2.0,,,,,,,,,,
Sinaly Diomande,Auxerre,fr Ligue 1,DF,25.7,180,2.0,,,,,,,,,,
Clément Akpa,Auxerre,fr Ligue 1,DF,25.1,360,4.0,,,,,,,,,,
Lamine Sy,Auxerre,fr Ligue 1,DF,24.4,359,4.0,,,,,,,,,,
Achraf Hakimi,Paris S-G,fr Ligue 1,DF,28.2,309,3.4,,,,,,,,,,
Jacques Ekomie,Angers,fr Ligue 1,DF,23.4,90,1.0,,,,,,,,,,
Théo Eyoum,Le Mans,fr Ligue 1,DF,,180,2.0,,,,,,,,,,
Luck Zogbé,Brest,fr Ligue 1,DF,21.8,68,0.8,,,,,,,,,,
Jonathan Gradit,Lens,fr Ligue 1,DF,34.1,55,0.6,,,,,,,,,,
Guela Doué,Strasbourg,fr Ligue 1,DF,24.2,90,1.0,,,,,,,,,,
Thilo Kehrer,Monaco,fr Ligue 1,DF,30.3,1,0.0,,,,,,,,,,
Ulisses Garcia,Marseille,fr Ligue 1,DF,31.0,1,0.0,,,,,,,,,,
Justin Bourgault,Brest,fr Ligue 1,DF,21.3,2,0.0,,,,,,,,,,
Cristian Cásseres Jr.,Toulouse,fr Ligue 1,MF,26.9,360,4.0,,,,,,,,,,
Vitinha,Paris S-G,fr Ligue 1,MF,,339,3.8,,,,,,,,,,
Gessime Yassine,Strasbourg,fr Ligue 1,MF,21.1,347,3.9,,,,,,,,,,
Valentin Rongier,Rennes,fr Ligue 1,MF,32.1,344,3.8,,,,,,,,,,
Khalis Merah,Lyon,fr Ligue 1,MF,19.9,23,0.3,,,,,,,,,,
Branco van den Boomen,Angers,fr Ligue 1,MF,31.4,360,4.0,,,,,,,,,,
Pierre Lees-Melou,Paris FC,fr Ligue 1,MF,33.6,360,4.0,,,,,,,,,,
Lamine Camara,Monaco,fr Ligue 1,MF,23.0,360,4.0,,,,,,,,,,
Joris Chotard,Brest,fr Ligue 1,MF,25.3,348,3.9,,,,,,,,,,
Saud Abdulhamid,Lens,fr Ligue 1,MF,27.5,62,0.7,,,,,,,,,,
Vincent Marchetti,Paris FC,fr Ligue 1,MF,29.5,12,0.1,,,,,,,,,,
Jordan Teze,Monaco,fr Ligue 1,DF,27.3,38,0.4,,,,,,,,,,
Kamory Doumbia,Brest,fr Ligue 1,MF,23.9,317,3.5,,,,,,,,,,
Pierre Højbjerg,Marseille,fr Ligue 1,MF,31.4,360,4.0,,,,,,,,,,
Ethan Mbappé,Lille,fr Ligue 1,MF,20.0,208,2.3,,,,,,,,,,
Stanis Idumbo,Monaco,fr Ligue 1,MF,21.5,325,3.6,,,,,,,,,,
Malick Fofana,Lyon,fr Ligue 1,MF,,56,0.6,,,,,,,,,,
Maurits Kjaergaard,Lille,fr Ligue 1,MF,23.5,29,0.3,,,,,,,,,,
Arthur Avom,Lorient,fr Ligue 1,MF,22.0,224,2.5,,,,,,,,,,
Fabián Ruiz Peña,Paris S-G,fr Ligue 1,MF,30.7,229,2.5,,,,,,,,,,
Adrien Thomasson,Rennes,fr Ligue 1,MF,33.1,283,3.1,,,,,,,,,,
Antoine Mille,Troyes,fr Ligue 1,MF,,263,2.9,,,,,,,,,,
Nabil Bentaleb,Lille,fr Ligue 1,MF,32.1,341,3.8,,,,,,,,,,
Sebastian Nanasi,Strasbourg,fr Ligue 1,MF,24.6,313,3.5,,,,,,,,,,
Mohamed Ouédraogo,Lyon,fr Ligue 1,MF,24.0,90,1.0,,,,,,,,,,
Amir Richardson,Le Havre,fr Ligue 1,MF,24.9,360,4.0,,,,,,,,,,
Hákon Arnar Haraldsson,Lille,fr Ligue 1,MF,23.7,307,3.4,,,,,,,,,,
Ilan Kebbal,Paris FC,fr Ligue 1,MF,28.5,337,3.7,,,,,,,,,,
Panos Katseris,Lorient,fr Ligue 1,MF,25.5,160,1.8,,,,,,,,,,
Noah Cadiou,Lorient,fr Ligue 1,MF,28.2,354,3.9,,,,,,,,,,
Denis Zakaria,Monaco,fr Ligue 1,MF,30.1,360,4.0,,,,,,,,,,
Hugo Magnetti,Brest,fr Ligue 1,MF,28.6,180,2.0,,,,,,,,,,
Mahdi Camara,Rennes,fr Ligue 1,MF,28.5,210,2.3,,,,,,,,,,
Michal Skoras,Lens,fr Ligue 1,MF,26.9,252,2.8,,,,,,,,,,
Noah Mbamba,Lorient,fr Ligue 1,MF,22.0,145,1.6,,,,,,,,,,
Everton Pereira,Nice,fr Ligue 1,MF,,90,1.0,,,,,,,,,,
Geoffrey Kondogbia,Marseille,fr Ligue 1,MF,33.9,141,1.6,,,,,,,,,,
Dembo Sylla,Lorient,fr Ligue 1,MF,24.1,342,3.8,,,,,,,,,,
Simon Ebonog,Le Havre,fr Ligue 1,MF,22.4,344,3.8,,,,,,,,,,
Maxime Lopez,Paris FC,fr Ligue 1,MF,29.1,296,3.3,,,,,,,,,,
Jonathan Clauss,Nice,fr Ligue 1,MF,34.3,338,3.8,,,,,,,,,,
Kévin Danois,Auxerre,fr Ligue 1,MF,22.5,360,4.0,,,,,,,,,,
Rassoul Ndiaye,Le Havre,fr Ligue 1,MF,25.1,225,2.5,,,,,,,,,,
Sebastian Szymański,Rennes,fr Ligue 1,MF,27.6,227,2.5,,,,,,,,,,
Dario Essugo,Strasbourg,fr Ligue 1,MF,21.8,72,0.8,,,,,,,,,,
Kandet Diawara,Troyes,fr Ligue 1,MF,26.9,207,2.3,,,,,,,,,,
Mohamed Amine Sbai,Angers,fr Ligue 1,MF,26.2,342,3.8,,,,,,,,,,
Oso,Strasbourg,fr Ligue 1,MF,23.5,180,2.0,,,,,,,,,,
Xavier Mandza,Nice,fr Ligue 1,MF,34.5,358,4.0,,,,,,,,,,
João Neves,Paris S-G,fr Ligue 1,MF,22.3,240,2.7,,,,,,,,,,
Timothy Weah,Marseille,fr Ligue 1,MF,21.9,360,4.0,,,,,,,,,,
Niklas Schmidt,Toulouse,fr Ligue 1,MF,28.8,218,2.4,,,,,,,,,,
Gio Reyna,Strasbourg,fr Ligue 1,MF,24.1,241,2.7,,,,,,,,,,
Romain Del Castillo,Brest,fr Ligue 1,FW,30.8,138,1.5,,,,,,,,,,
Mamady Diambou,Brest,fr Ligue 1,MF,24.1,102,1.1,,,,,,,,,,
Benjamin André,Lille,fr Ligue 1,MF,36.4,160,1.8,,,,,,,,,,
Kaito Mizuta,Le Havre,fr Ligue 1,MF,26.7,152,1.7,,,,,,,,,,
Tyler Morton,Lyon,fr Ligue 1,MF,24.2,287,3.2,,,,,,,,,,
Lucas Buadés,Le Mans,fr Ligue 1,MF,29.0,180,2.0,,,,,,,,,,
Yassine Titraoui,Lens,fr Ligue 1,MF,23.4,240,2.7,,,,,,,,,,
Przemysław Frankowski,Rennes,fr Ligue 1,MF,31.7,336,3.7,,,,,,,,,,
Thomas Jørgensen,Toulouse,fr Ligue 1,MF,21.3,348,3.9,,,,,,,,,,
Aleksandr Golovin,Monaco,fr Ligue 1,Off_MF,30.6,348,3.9,,,,,,,,,,
Amine Harit,Marseille,fr Ligue 1,Off_MF,29.5,353,3.9,,,,,,,,,,
Ngal'Ayel Mukau,Lille,fr Ligue 1,MF,22.2,237,2.6,,,,,,,,,,
Dilane Bakwa,Lille,fr Ligue 1,MF,24.4,138,1.5,,,,,,,,,,
Noah Nartey,Lyon,fr Ligue 1,MF,21.2,106,1.2,,,,,,,,,,
Merwan Ifnaoui,Troyes,fr Ligue 1,MF,,236,2.6,,,,,,,,,,
Keyliane Abdallah,Marseille,fr Ligue 1,MF,20.7,102,1.1,,,,,,,,,,
Corentin Tolisso,Lyon,fr Ligue 1,MF,32.4,291,3.2,,,,,,,,,,
Rayan Mandengue,Auxerre,fr Ligue 1,MF,20.4,56,0.6,,,,,,,,,,
Ismail Bouneb,Le Havre,fr Ligue 1,MF,20.6,10,0.1,,,,,,,,,,
Daren Mosengo,Le Havre,fr Ligue 1,MF,20.4,11,0.1,,,,,,,,,,
Aboulaye Camara,Nice,fr Ligue 1,MF,,10,0.1,,,,,,,,,,
Tochukwu Nnadi,Marseille,fr Ligue 1,MF,23.5,43,0.5,,,,,,,,,,
Ludovic Blas,Rennes,fr Ligue 1,FW,29.0,189,2.1,,,,,,,,,,
Théo Le Bris,Lorient,fr Ligue 1,MF,24.3,200,2.2,,,,,,,,,,
Osame Sahraoui,Lille,fr Ligue 1,MF,25.6,72,0.8,,,,,,,,,,
Rudy Matondo,Paris FC,fr Ligue 1,MF,18.8,127,1.4,,,,,,,,,,
Rayan Bamba,Le Mans,fr Ligue 1,MF,22.6,270,3.0,,,,,,,,,,
Himad Abdelli,Marseille,fr Ligue 1,MF,27.1,295,3.3,,,,,,,,,,
Sofiane Diop,Nice,fr Ligue 1,MF,26.6,246,2.7,,,,,,,,,,
Matthieu Udol,Lens,fr Ligue 1,DF,30.8,294,3.3,,,,,,,,,,
Pape Diop,Strasbourg,fr Ligue 1,MF,40.8,291,3.2,,,,,,,,,,
Gabin Bernardeau,Lorient,fr Ligue 1,MF,20.9,268,3.0,,,,,,,,,,
Andrija Bulatović,Lens,fr Ligue 1,MF,20.0,149,1.7,,,,,,,,,,
Adama Camara,Paris FC,fr Ligue 1,MF,30.2,360,4.0,,,,,,,,,,
Arsène Kouassi,Lorient,fr Ligue 1,MF,23.0,360,4.0,,,,,,,,,,
Diogo Sousa,Strasbourg,fr Ligue 1,MF,39.6,294,3.3,,,,,,,,,,
Angel Gomes,Marseille,fr Ligue 1,MF,26.3,312,3.5,,,,,,,,,,
Josué Casimir,Auxerre,fr Ligue 1,MF,25.3,32,0.4,,,,,,,,,,
Tanner Tessmann,Lyon,fr Ligue 1,MF,25.3,27,0.3,,,,,,,,,,
Ruben Aguilar,Lens,fr Ligue 1,MF,33.7,188,2.1,,,,,,,,,,
Gauthier Hein,Nice,fr Ligue 1,MF,30.4,295,3.3,,,,,,,,,,
Mads Bidstrup,Lyon,fr Ligue 1,MF,25.8,305,3.4,,,,,,,,,,
Mathys De Carvalho,Lyon,fr Ligue 1,MF,21.7,69,0.8,,,,,,,,,,
Lasso Coulibaly,Auxerre,fr Ligue 1,MF,24.2,13,0.1,,,,,,,,,,
Mathis Lainé,Brest,fr Ligue 1,MF,19.8,21,0.2,,,,,,,,,,
Daouda Traoré,Le Mans,fr Ligue 1,MF,20.4,25,0.3,,,,,,,,,,
Warren Zaïre-Emery,Paris S-G,fr Ligue 1,MF,20.8,291,3.2,,,,,,,,,,
Maghnes Akliouche,Paris S-G,fr Ligue 1,MF,24.8,201,2.2,,,,,,,,,,
Romain Faivre,Auxerre,fr Ligue 1,MF,28.5,170,1.9,,,,,,,,,,
Bané Diatta,Angers,fr Ligue 1,MF,18.5,139,1.5,,,,,,,,,,
Hugo Picard,Troyes,fr Ligue 1,MF,23.6,293,3.3,,,,,,,,,,
Alexandre Lauray,Le Mans,fr Ligue 1,MF,29.8,268,3.0,,,,,,,,,,
Félix Correia,Lille,fr Ligue 1,MF,25.9,94,1.0,,,,,,,,,,
Yassin Belkhdim,Angers,fr Ligue 1,MF,24.9,355,3.9,,,,,,,,,,
Pedro Fernandez,Paris S-G,fr Ligue 1,MF,19.0,39,0.4,,,,,,,,,,
Lucas Bretelle,Le Mans,fr Ligue 1,MF,24.7,152,1.7,,,,,,,,,,
Alexis Vossah,Toulouse,fr Ligue 1,MF,18.8,142,1.6,,,,,,,,,,
Hicham Boudaoui,Nice,fr Ligue 1,MF,27.3,10,0.1,,,,,,,,,,
Pierre Ekwah Elimby,Auxerre,fr Ligue 1,MF,25.0,32,0.4,,,,,,,,,,
Alexandre Phliponeau,Troyes,fr Ligue 1,MF,26.9,22,0.2,,,,,,,,,,
Thorgan Hazard,Lens,fr Ligue 1,Off_MF,33.8,129,1.4,,,,,,,,,,
Igor Paixão,Marseille,fr Ligue 1,MF,26.5,250,2.8,,,,,,,,,,
Amadou Haidara,Lens,fr Ligue 1,MF,28.9,125,1.4,,,,,,,,,,
Arthur Piedfort,Auxerre,fr Ligue 1,MF,21.9,339,3.8,,,,,,,,,,
Anis Soubeir,Monaco,fr Ligue 1,MF,,81,0.9,,,,,,,,,,
Iron Gomis,Troyes,fr Ligue 1,MF,27.1,189,2.1,,,,,,,,,,
Eloge Zabi,Paris FC,fr Ligue 1,MF,20.3,40,0.4,,,,,,,,,,
Mamadou Coulibaly,Monaco,fr Ligue 1,MF,,211,2.3,,,,,,,,,,
Başar Önal,Lille,fr Ligue 1,MF,22.5,147,1.6,,,,,,,,,,
Sion Oppong,Toulouse,fr Ligue 1,MF,19.3,56,0.6,,,,,,,,,,
Mathys Detourbet,Monaco,fr Ligue 1,MF,,29,0.3,,,,,,,,,,
Lucas Tousart,Brest,fr Ligue 1,MF,29.7,130,1.4,,,,,,,,,,
Mouhamed Diop,Troyes,fr Ligue 1,MF,,345,3.8,,,,,,,,,,
Giovani Versini,Brest,fr Ligue 1,MF,22.8,81,0.9,,,,,,,,,,
Mezian Mesloub,Lens,fr Ligue 1,MF,17.1,54,0.6,,,,,,,,,,
Gaëtan Perrin,Lille,fr Ligue 1,FW,30.6,75,0.8,,,,,,,,,,
Fodé Doucouré,Le Havre,fr Ligue 1,MF,25.9,95,1.1,,,,,,,,,,
Keito Nakamura,Lyon,fr Ligue 1,MF,26.4,15,0.2,,,,,,,,,,
Mathis Saka,Toulouse,fr Ligue 1,MF,20.3,9,0.1,,,,,,,,,,
Nathan N'Goumou,Nice,fr Ligue 1,MF,26.8,147,1.6,,,,,,,,,,
Djibril Sidibé,Le Mans,fr Ligue 1,DF,34.4,45,0.5,,,,,,,,,,
Axel Camblan,Brest,fr Ligue 1,MF,23.3,19,0.2,,,,,,,,,,
Jean Vercruysse,Le Mans,fr Ligue 1,MF,,156,1.7,,,,,,,,,,
Rafik Messali,Toulouse,fr Ligue 1,MF,23.7,175,1.9,,,,,,,,,,
Djibril Coulibaly,Nice,fr Ligue 1,MF,18.1,360,4.0,,,,,,,,,,
Joseph Nonge,Brest,fr Ligue 1,MF,21.6,117,1.3,,,,,,,,,,
Axel Witsel,Nice,fr Ligue 1,DF,38.0,232,2.6,,,,,,,,,,
Aristide Zossou,Auxerre,fr Ligue 1,MF,21.5,119,1.3,,,,,,,,,,
Naouirou Ahamada,Auxerre,fr Ligue 1,MF,24.8,242,2.7,,,,,,,,,,
Louis Mouton,Angers,fr Ligue 1,MF,24.6,8,0.1,,,,,,,,,,
Milan Robin,Le Mans,fr Ligue 1,MF,,9,0.1,,,,,,,,,,
Pathé Mboup,Brest,fr Ligue 1,MF,23.2,319,3.5,,,,,,,,,,
Lamfia Dioubaté,Auxerre,fr Ligue 1,MF,19.5,34,0.4,,,,,,,,,,
Mickaël Cuisance,Lens,fr Ligue 1,MF,27.4,217,2.4,,,,,,,,,,
Timothy Weah,Marseille,fr Ligue 1,MF,25.5,45,0.5,,,,,,,,,,
Junior Mwanga,Le Havre,fr Ligue 1,MF,23.6,227,2.5,,,,,,,,,,
Senny Mayulu,Paris S-G,fr Ligue 1,MF,20.6,18,0.2,,,,,,,,,,
Anthony Bermont,Angers,fr Ligue 1,MF,21.9,170,1.9,,,,,,,,,,
Samir El Mourabet,Strasbourg,fr Ligue 1,MF,21.2,68,0.8,,,,,,,,,,
Florian Thauvin,Lens,fr Ligue 1,FW,33.9,360,4.0,,,,,,,,,,
Lassine Sinayoko,Paris FC,fr Ligue 1,FW,27.1,348,3.9,,,,,,,,,,
Paris Brunner,Monaco,fr Ligue 1,FW,20.9,301,3.3,,,,,,,,,,
Cameron Archer,Auxerre,fr Ligue 1,FW,25.1,164,1.8,,,,,,,,,,
Franjo Ivanović,Lens,fr Ligue 1,FW,23.3,180,2.0,,,,,,,,,,
Ernest Nuamah,Lyon,fr Ligue 1,FW,23.2,234,2.6,,,,,,,,,,
Ferrán Torres,Paris S-G,fr Ligue 1,FW,26.8,221,2.5,,,,,,,,,,
Amine Gouiri,Marseille,fr Ligue 1,FW,26.9,358,4.0,,,,,,,,,,
Jean-Victor Makengo,Lorient,fr Ligue 1,MF,28.6,343,3.8,,,,,,,,,,
Louis Mafouta,Le Mans,fr Ligue 1,FW,32.5,333,3.7,,,,,,,,,,
Esteban Lepaul,Rennes,fr Ligue 1,FW,26.7,347,3.9,,,,,,,,,,
Conrad Harder,Strasbourg,fr Ligue 1,FW,21.7,40,0.4,,,,,,,,,,
Ludovic Ajorque,Brest,fr Ligue 1,FW,32.8,360,4.0,,,,,,,,,,
Adil Bourabaa,Le Mans,fr Ligue 1,FW,,313,3.5,,,,,,,,,,
Enzo Koffi Vinette,Le Havre,fr Ligue 1,FW,20.8,102,1.1,,,,,,,,,,
Samuel Amo-Ameyaw,Strasbourg,fr Ligue 1,FW,20.5,118,1.3,,,,,,,,,,
Amine El Ouazzani,Angers,fr Ligue 1,FW,25.5,308,3.4,,,,,,,,,,
Ousmane Dembélé,Paris S-G,fr Ligue 1,FW,29.6,132,1.5,,,,,,,,,,
Jacobo Ortega,Strasbourg,fr Ligue 1,FW,,244,2.7,,,,,,,,,,
Désiré Doué,Paris S-G,fr Ligue 1,FW,21.6,222,2.5,,,,,,,,,,
Loïs Openda,Lyon,fr Ligue 1,FW,26.9,255,2.8,,,,,,,,,,
Danny Namaso,Auxerre,fr Ligue 1,FW,26.3,319,3.5,,,,,,,,,,
Harouna Djibrin,Angers,fr Ligue 1,FW,20.2,72,0.8,,,,,,,,,,
Elye Wahi,Nice,fr Ligue 1,FW,24.0,203,2.3,,,,,,,,,,
Rémy Labeau Lascary,Auxerre,fr Ligue 1,FW,23.8,198,2.2,,,,,,,,,,
Olivier Giroud,Lille,fr Ligue 1,FW,40.3,229,2.5,,,,,,,,,,
Mbwana Samatta,Le Havre,fr Ligue 1,FW,34.0,338,3.8,,,,,,,,,,
Ayase Ueda,Lille,fr Ligue 1,FW,28.3,104,1.2,,,,,,,,,,
Ibrahima Baldé,Lorient,fr Ligue 1,FW,27.8,92,1.0,,,,,,,,,,
Pablo Pagis,Paris FC,fr Ligue 1,FW,24.0,296,3.3,,,,,,,,,,
Antoine Rabillard,Le Mans,fr Ligue 1,FW,31.3,141,1.6,,,,,,,,,,
Abdallah Sima,Lens,fr Ligue 1,FW,25.5,326,3.6,,,,,,,,,,
Issa Soumaré,Rennes,fr Ligue 1,FW,26.2,215,2.4,,,,,,,,,,
Renaud Ripart,Troyes,fr Ligue 1,FW,33.8,252,2.8,,,,,,,,,,
Mika Biereth,Monaco,fr Ligue 1,FW,23.9,42,0.5,,,,,,,,,,
Musa Al-Taamari,Rennes,fr Ligue 1,FW,29.6,255,2.8,,,,,,,,,,
Pavel Šulc,Lyon,fr Ligue 1,FW,26.0,194,2.2,,,,,,,,,,
Jim Allevinah,Angers,fr Ligue 1,FW,31.8,295,3.3,,,,,,,,,,
Moses Simon,Paris FC,fr Ligue 1,FW,31.5,132,1.5,,,,,,,,,,
Dermane Karim,Troyes,fr Ligue 1,FW,23.0,186,2.1,,,,,,,,,,
Jérémy Le Douaron,Troyes,fr Ligue 1,FW,28.7,124,1.4,,,,,,,,,,
Yann Gboho,Toulouse,fr Ligue 1,FW,26.0,170,1.9,,,,,,,,,,
Mika Godts,Paris S-G,fr Ligue 1,FW,21.6,107,1.2,,,,,,,,,,
Mama Samba Baldé,Brest,fr Ligue 1,FW,31.2,109,1.2,,,,,,,,,,
Eliezer Mayenda,Rennes,fr Ligue 1,FW,21.7,38,0.4,,,,,,,,,,
Anis Ouzenadji,Troyes,fr Ligue 1,FW,,360,4.0,,,,,,,,,,
Safouane Benzahra,Monaco,fr Ligue 1,FW,,9,0.1,,,,,,,,,,
Erwan Colas,Le Mans,fr Ligue 1,FW,29.7,27,0.3,,,,,,,,,,
Isak Jansson,Nice,fr Ligue 1,FW,24.9,27,0.3,,,,,,,,,,
Kaïl Boudache,Lyon,fr Ligue 1,FW,20.5,177,2.0,,,,,,,,,,
Mohamed Amoura,Nice,fr Ligue 1,FW,26.6,111,1.2,,,,,,,,,,
Souleymane Faye,Lorient,fr Ligue 1,FW,23.9,38,0.4,,,,,,,,,,
Isak Jensen,Lorient,fr Ligue 1,FW,23.0,71,0.8,,,,,,,,,,
Habib Diallo,Le Mans,fr Ligue 1,FW,31.5,54,0.6,,,,,,,,,,
Julián Vignolo,Toulouse,fr Ligue 1,FW,20.1,171,1.9,,,,,,,,,,
Mamadou Koné,Lorient,fr Ligue 1,FW,21.6,224,2.5,,,,,,,,,,
Rayan Fofana,Le Havre,fr Ligue 1,FW,20.9,55,0.6,,,,,,,,,,
Khvicha Kvaratskhelia,Paris S-G,fr Ligue 1,FW,25.9,224,2.5,,,,,,,,,,
Luca Koleosho,Paris FC,fr Ligue 1,FW,22.3,201,2.2,,,,,,,,,,
Jacen Russell Rowe,Toulouse,fr Ligue 1,FW,24.3,252,2.8,,,,,,,,,,
Dame Gueye,Le Mans,fr Ligue 1,FW,,266,3.0,,,,,,,,,,
Casper Tengstedt,Toulouse,fr Ligue 1,FW,26.6,70,0.8,,,,,,,,,,
Julien Duranville,Lyon,fr Ligue 1,FW,20.7,63,0.7,,,,,,,,,,
Omar Sissoko,Paris FC,fr Ligue 1,FW,39.3,12,0.1,,,,,,,,,,
Florian Sotoca,Lens,fr Ligue 1,Off_MF,36.2,29,0.3,,,,,,,,,,
Matthis Abline,Monaco,fr Ligue 1,FW,23.8,94,1.0,,,,,,,,,,
Prosper Peter,Angers,fr Ligue 1,FW,19.4,89,1.0,,,,,,,,,,
Henrick Do Marcolino,Rennes,fr Ligue 1,FW,20.8,12,0.1,,,,,,,,,,
Djelan Morana,Nice,fr Ligue 1,FW,,8,0.1,,,,,,,,,,
Bilal Brahimi,Le Mans,fr Ligue 1,FW,26.8,38,0.4,,,,,,,,,,
Sekou Mara,Strasbourg,fr Ligue 1,FW,24.4,84,0.9,,,,,,,,,,
Fabio Baldé,Strasbourg,fr Ligue 1,FW,,19,0.2,,,,,,,,,,
Arnaud Nordin,Rennes,fr Ligue 1,FW,28.5,32,0.4,,,,,,,,,,
Mamadou Usman Simbakoli,Angers,fr Ligue 1,FW,25.1,49,0.5,,,,,,,,,,
Odsonne Édouard,Lens,fr Ligue 1,FW,29.0,84,0.9,,,,,,,,,,
Timothée Nkada,Troyes,fr Ligue 1,FW,27.5,35,0.4,,,,,,,,,,
Sota Nakamura,Le Havre,fr Ligue 1,FW,24.2,142,1.6,,,,,,,,,,
Noah Edjouma,Brest,fr Ligue 1,FW,21.2,23,0.3,,,,,,,,,,
Theo Bair,Auxerre,fr Ligue 1,FW,27.3,19,0.2,,,,,,,,,,
Josh Maja,Le Havre,fr Ligue 1,FW,28.0,187,2.1,,,,,,,,,,
Tosin Aiyegun,Lorient,fr Ligue 1,FW,28.5,44,0.5,,,,,,,,,,
Oumar Konate,Monaco,fr Ligue 1,FW,22.7,9,0.1,,,,,,,,,,
William Harhouz,Le Mans,fr Ligue 1,FW,,18,0.2,,,,,,,,,,
Boulaye Dia,Rennes,fr Ligue 1,FW,30.1,13,0.1,,,,,,,,,,
Faris Pemi Moumbagna,Marseille,fr Ligue 1,FW,26.5,14,0.2,,,,,,,,,,
Neal Maupay,Marseille,fr Ligue 1,FW,30.4,30,0.3,,,,,,,,,,
Djylian N'Guessan,Brest,fr Ligue 1,FW,18.3,12,0.1,,,,,,,,,,
Yacouba Kone,Troyes,fr Ligue 1,FW,,36,0.4,,,,,,,,,,
Ilyas Azizi,Toulouse,fr Ligue 1,FW,18.7,176,2.0,,,,,,,,,,
Santiago Hidalgo,Toulouse,fr Ligue 1,FW,21.9,185,2.1,,,,,,,,,,
Tadjidine Mmadi,Marseille,fr Ligue 1,FW,19.8,20,0.2,,,,,,,,,,
Mohamed Ali Cho,Nice,fr Ligue 1,FW,23.0,30,0.3,,,,,,,,,,
Zoumana Diallo,Nice,fr Ligue 1,FW,21.9,60,0.7,,,,,,,,,,
Rémi Himbert,Lyon,fr Ligue 1,FW,18.8,63,0.7,,,,,,,,,,
Jonathan Ikone,Paris FC,fr Ligue 1,FW,28.7,3,0.0,,,,,,,,,,
Hakim Dongopandji,Le Havre,fr Ligue 1,FW,,1,0.0,,,,,,,,,,
Ronald Koeman Jr,SC Telstar,nl Eredivisie,GK,31.6,540,6.0,,,,,,,,,863.4570626453403,World Class
Kilian Nikièma,ADO Den Haag,nl Eredivisie,GK,,540,6.0,,,,,,,,,604.5955633793955,Top Starter
Marc-André Ter Stegen,AFC Ajax,nl Eredivisie,GK,34.7,450,5.0,,,,,,,,,648.1450149424825,Top Starter
Etienne Vaessen,FC Groningen,nl Eredivisie,GK,31.4,540,6.0,,,,,,,,,548.647913034381,Top Starter
Karst de Leeuw,Willem II Tilburg,nl Eredivisie,GK,22.7,180,2.0,,,,,,,,,,
Mattijs Branderhorst,Fortuna Sittard,nl Eredivisie,GK,33.0,540,6.0,,,,,,,,,833.2094580626815,World Class
Bernt Klaverboer,SC Heerenveen,nl Eredivisie,GK,21.3,540,6.0,,,,,,,,,445.24566412176193,Top Starter
Jasper Schendelaar,PEC Zwolle,nl Eredivisie,GK,26.3,540,6.0,,,,,,,,,510.86950089828315,Top Starter
Lars Unnerstall,FC Twente,nl Eredivisie,GK,36.5,450,5.0,,,,,,,,,552.1758168905046,Top Starter
Jari De Busser,AZ Alkmaar,nl Eredivisie,GK,27.2,540,6.0,,,,,,,,,352.1012572810371,Solid Squad Player
Stijn van Gassel,Excelsior,nl Eredivisie,GK,30.2,540,6.0,,,,,,,,,394.052030865442,Solid Squad Player
Matěj Kovář,PSV Eindhoven,nl Eredivisie,GK,26.6,540,6.0,,,,,,,,,525.3999763200612,Top Starter
Thijs Jansen,SC Cambuur,nl Eredivisie,GK,25.1,540,6.0,,,,,,,,,437.38712020424526,Top Starter
Thomas Didillon,Willem II Tilburg,nl Eredivisie,GK,31.1,68,0.8,,,,,,,,,,
Tjark Ernst,Feyenoord,nl Eredivisie,GK,23.8,540,6.0,,,,,,,,,381.018313704889,Solid Squad Player
Joël Drommel,FC Twente,nl Eredivisie,GK,30.1,90,1.0,,,,,,,,,,
Wouter Van der Steen,Willem II Tilburg,nl Eredivisie,GK,36.6,22,0.2,,,,,,,,,,
Nikolas Polster,NEC Nijmegen,nl Eredivisie,GK,24.5,135,1.5,,,,,,,,,,
Filip Bednarek,Sparta Rotterdam,nl Eredivisie,GK,34.3,360,4.0,,,,,,,,,,
Maxime Delanghe,Willem II Tilburg,nl Eredivisie,GK,25.6,180,2.0,,,,,,,,,,
Gonzalo Crettaz,NEC Nijmegen,nl Eredivisie,GK,26.8,405,4.5,,,,,,,,,,
Michael Brouwer,Sparta Rotterdam,nl Eredivisie,GK,33.9,270,3.0,,,,,,,,,,
Kjetil Haug,Go Ahead Eagles,nl Eredivisie,GK,28.6,540,6.0,,,,,,,,,339.3473873457401,Solid Squad Player
Vasilis Barkas,FC Utrecht,nl Eredivisie,GK,32.6,450,5.0,,,,,,,,,463.76268571113724,Top Starter
Dies Janse,AFC Ajax,nl Eredivisie,DF,21.0,90,1.0,,,,,,,,,,
Sergiño Dest,PSV Eindhoven,nl Eredivisie,DF,26.2,449,5.0,,,,,410.22127666437785,Top Starter,529.0775632786983,Top Starter,,
Bart van Rooij,FC Twente,nl Eredivisie,DF,25.6,514,5.7,,,,,617.2514537047047,Top Starter,447.2362282343108,Top Starter,,
Lutsharel Geertruida,PSV Eindhoven,nl Eredivisie,DF,26.5,172,1.9,,,,,,,,,,
Mauro Júnior,PSV Eindhoven,nl Eredivisie,DF,27.7,508,5.6,,,,,520.5648306361235,Top Starter,635.2825456059013,Top Starter,,
Mateo Chávez,AZ Alkmaar,nl Eredivisie,DF,22.6,471,5.2,,,,,542.9470263662005,Top Starter,521.4555270707444,Top Starter,,
Aaron Bouwman,AFC Ajax,nl Eredivisie,DF,19.3,354,3.9,,,,,,,,,,
Thilo Kehrer,AFC Ajax,nl Eredivisie,DF,30.3,104,1.2,,,,,,,,,,
Lucas Oliveira Rosa,AFC Ajax,nl Eredivisie,DF,26.7,180,2.0,,,,,,,,,,
Marvin Young,Sparta Rotterdam,nl Eredivisie,DF,21.2,529,5.9,,,,,629.3930882797282,Top Starter,512.8429638388226,Top Starter,,
Abdelnour Soualhia,SC Telstar,nl Eredivisie,DF,,540,6.0,,,,,646.5815975227885,Top Starter,660.5745596544865,Top Starter,,
Perr Schuurs,NEC Nijmegen,nl Eredivisie,DF,27.1,65,0.7,,,,,,,,,,
Lewis Schouten,AZ Alkmaar,nl Eredivisie,DF,22.9,540,6.0,,,,,539.1027465628767,Top Starter,542.423804061491,Top Starter,,
Billy van Duijl,SC Cambuur,nl Eredivisie,DF,21.2,270,3.0,,,,,,,,,,
Gabriel Brás,NEC Nijmegen,nl Eredivisie,DF,22.8,105,1.2,,,,,,,,,,
Max Bruns,FC Twente,nl Eredivisie,DF,24.2,368,4.1,,,,,,,,,,
Youri Baas,AFC Ajax,nl Eredivisie,DF,23.8,384,4.3,,,,,,,,,,
Wouter Goes,AZ Alkmaar,nl Eredivisie,DF,22.6,540,6.0,,,,,689.6130232200394,Top Starter,568.9449540907805,Top Starter,,
Maas Willemsen,SC Heerenveen,nl Eredivisie,DF,23.7,540,6.0,,,,,421.5542464458957,Top Starter,405.3872585609525,Top Starter,,
Rick Meissen,Excelsior,nl Eredivisie,DF,24.9,540,6.0,,,,,626.8816604330727,Top Starter,533.3156002629919,Top Starter,,
Ruud Nijstad,FC Twente,nl Eredivisie,DF,19.0,450,5.0,,,,,365.4302124415328,Solid Squad Player,374.3949029382158,Solid Squad Player,,
Casper Widell,Excelsior,nl Eredivisie,DF,23.7,465,5.2,,,,,612.0510805756414,Top Starter,689.3586009681045,Top Starter,,
Oliver Braude,SC Heerenveen,nl Eredivisie,DF,22.9,422,4.7,,,,,,,,,,
Philippe Sandler,NEC Nijmegen,nl Eredivisie,DF,29.9,129,1.4,,,,,,,,,,
Marvin Peersman,SC Telstar,nl Eredivisie,DF,35.9,527,5.9,,,,,644.5293735297988,Top Starter,642.5081858055438,Top Starter,,
Mika Mármol,Feyenoord,nl Eredivisie,DF,25.5,540,6.0,,,,,546.5852738155902,Top Starter,563.8864435568457,Top Starter,,
Armando Obispo,PSV Eindhoven,nl Eredivisie,DF,27.8,527,5.9,,,,,534.5647355775546,Top Starter,479.32500397854335,Top Starter,,
Jan Plug,Excelsior,nl Eredivisie,DF,21.7,540,6.0,,,,,611.8116207493765,Top Starter,578.1983258211185,Top Starter,,
Simon Janssen,Excelsior,nl Eredivisie,DF,26.3,401,4.5,,,,,,,,,,
Tsuyoshi Watanabe,Feyenoord,nl Eredivisie,DF,29.9,401,4.5,,,,,,,,,,
Mats Egbring,SC Heerenveen,nl Eredivisie,DF,20.3,68,0.8,,,,,,,,,,
Jakov Medić,FC Utrecht,nl Eredivisie,DF,28.3,30,0.3,,,,,,,,,,
Sam Kersten,SC Heerenveen,nl Eredivisie,DF,28.9,496,5.5,,,,,636.4393841592043,Top Starter,483.1815824000528,Top Starter,,
Gerald Alders,SC Telstar,nl Eredivisie,DF,21.7,377,4.2,,,,,,,,,,
Robin Pröpper,FC Twente,nl Eredivisie,DF,33.3,467,5.2,,,,,517.0973666270038,Top Starter,615.4298029642308,Top Starter,,
Ryan Flamingo,PSV Eindhoven,nl Eredivisie,DF,24.0,377,4.2,,,,,,,,,,
Matisse Didden,FC Utrecht,nl Eredivisie,DF,25.2,315,3.5,,,,,,,,,,
Bas Kuipers,Sparta Rotterdam,nl Eredivisie,DF,32.4,540,6.0,,,,,428.8293315210223,Top Starter,340.77456066808,Solid Squad Player,,
Ismaël Baouf,SC Cambuur,nl Eredivisie,DF,,492,5.5,,,,,619.0369648429511,Top Starter,600.8494472665528,Top Starter,,
Givairo Read,Feyenoord,nl Eredivisie,DF,20.6,481,5.3,,,,,558.0982839454899,Top Starter,498.99687462551736,Top Starter,,
Hristiyan Petrov,SC Heerenveen,nl Eredivisie,DF,24.5,94,1.0,,,,,,,,,,
Giovanni van Zwam,Go Ahead Eagles,nl Eredivisie,DF,23.0,130,1.4,,,,,,,,,,
Aske Adelgaard,FC Twente,nl Eredivisie,DF,23.1,325,3.6,,,,,,,,,,
Lushendry Edward Martes,Sparta Rotterdam,nl Eredivisie,DF,18.7,540,6.0,,,,,711.2108055555785,Top Starter,654.4962749311679,Top Starter,,
Jerry St. Juste,Feyenoord,nl Eredivisie,DF,30.2,439,4.9,,,,,,,,,,
Julius Dirksen,Go Ahead Eagles,nl Eredivisie,DF,23.9,409,4.5,,,,,,,,,,
Jofre Torrents,AFC Ajax,nl Eredivisie,DF,19.9,8,0.1,,,,,,,,,,
Rion Ichihara,AZ Alkmaar,nl Eredivisie,DF,21.5,10,0.1,,,,,,,,,,
Tijme Wessels,Feyenoord,nl Eredivisie,DF,,18,0.2,,,,,,,,,,
Darling Bladi,SC Heerenveen,nl Eredivisie,DF,22.6,13,0.1,,,,,,,,,,
Lasse Wilhelm,ADO Den Haag,nl Eredivisie,DF,23.8,20,0.2,,,,,,,,,,
Deveron Fonville,NEC Nijmegen,nl Eredivisie,DF,23.6,210,2.3,,,,,,,,,,
Jordan Lotomba,Feyenoord,nl Eredivisie,DF,28.3,34,0.4,,,,,,,,,,
Yarek Gasiorowski,PSV Eindhoven,nl Eredivisie,DF,22.0,20,0.2,,,,,,,,,,
Maxim Dekker,Willem II Tilburg,nl Eredivisie,DF,22.7,134,1.5,,,,,,,,,,
Prince Aning,SC Telstar,nl Eredivisie,DF,,102,1.1,,,,,,,,,,
Caio Henrique Oliveira Silva,AFC Ajax,nl Eredivisie,DF,29.4,442,4.9,,,,,,,,,,
Hidde ter Avest,Willem II Tilburg,nl Eredivisie,DF,29.6,291,3.2,,,,,,,,,,
Syb Van Ottele,Fortuna Sittard,nl Eredivisie,DF,24.9,273,3.0,,,,,,,,,,
Nikolai Soyset Hopland,SC Heerenveen,nl Eredivisie,DF,22.4,13,0.1,,,,,,,,,,
Kevin van Burgsteden,Fortuna Sittard,nl Eredivisie,DF,24.0,8,0.1,,,,,,,,,,
Rodrigo Guth,Fortuna Sittard,nl Eredivisie,DF,26.1,276,3.1,,,,,,,,,,
Anton Gaaei,AFC Ajax,nl Eredivisie,DF,24.1,270,3.0,,,,,,,,,,
Simon Graves,PEC Zwolle,nl Eredivisie,DF,27.6,540,6.0,,,,,576.4366379343119,Top Starter,593.1575002697248,Top Starter,,
Eric da Silva Moreira,Excelsior,nl Eredivisie,DF,20.7,237,2.6,,,,,,,,,,
Jan Bürger,PEC Zwolle,nl Eredivisie,DF,19.8,11,0.1,,,,,,,,,,
Vasilios Zagaritis,SC Heerenveen,nl Eredivisie,DF,25.7,540,6.0,,,,,367.69860622489347,Solid Squad Player,371.4459241557889,Solid Squad Player,,
Nick Verschuren,Sparta Rotterdam,nl Eredivisie,DF,22.0,365,4.1,,,,,,,,,,
Seiya Maikuma,AZ Alkmaar,nl Eredivisie,DF,29.2,53,0.6,,,,,,,,,,
Dean James,Go Ahead Eagles,nl Eredivisie,DF,26.7,490,5.4,,,,,365.7297713982589,Solid Squad Player,338.1654156661872,Solid Squad Player,,
Kasey Bos,Excelsior,nl Eredivisie,DF,22.7,123,1.4,,,,,,,,,,
Pascal Mulder,ADO Den Haag,nl Eredivisie,DF,,523,5.8,,,,,734.3590827666177,Top Starter,682.89421273263,Top Starter,,
Niklas Vesterlund,FC Utrecht,nl Eredivisie,DF,27.6,406,4.5,,,,,,,,,,
Bruno Martins Indi,Sparta Rotterdam,nl Eredivisie,DF,34.9,410,4.6,,,,,,,,,,
Tobias Storm,NEC Nijmegen,nl Eredivisie,DF,22.5,450,5.0,,,,,675.5619932440396,Top Starter,674.5437272237732,Top Starter,,
Mats Deijl,Feyenoord,nl Eredivisie,DF,29.5,25,0.3,,,,,,,,,,
Guilherme Peixoto,FC Twente,nl Eredivisie,DF,20.6,29,0.3,,,,,,,,,,
Brayann Pereira,NEC Nijmegen,nl Eredivisie,DF,23.6,190,2.1,,,,,,,,,,
Mees De Wit,AZ Alkmaar,nl Eredivisie,DF,28.7,72,0.8,,,,,,,,,,
Marco Rente,FC Groningen,nl Eredivisie,DF,29.8,58,0.6,,,,,,,,,,
Gabi Caschili,SC Telstar,nl Eredivisie,DF,23.5,93,1.0,,,,,,,,,,
Mats Lemmens,Willem II Tilburg,nl Eredivisie,DF,24.8,126,1.4,,,,,,,,,,
Sem Valk,SC Telstar,nl Eredivisie,DF,24.9,360,4.0,,,,,,,,,,
Jamal Amofa,SC Cambuur,nl Eredivisie,DF,28.1,443,4.9,,,,,,,,,,
Elvis Van der Laan,FC Groningen,nl Eredivisie,DF,18.8,172,1.9,,,,,,,,,,
Nathan Tjoe-A-On,Willem II Tilburg,nl Eredivisie,DF,25.0,424,4.7,,,,,,,,,,
Amine Et-Taibi,Willem II Tilburg,nl Eredivisie,DF,23.9,31,0.3,,,,,,,,,,
Nikolas Brandis,FC Groningen,nl Eredivisie,DF,,48,0.5,,,,,,,,,,
Matteo Waem,ADO Den Haag,nl Eredivisie,DF,,259,2.9,,,,,,,,,,
Alessandro Ciranni,Willem II Tilburg,nl Eredivisie,DF,30.5,188,2.1,,,,,,,,,,
Nick Viergever,PEC Zwolle,nl Eredivisie,DF,37.4,540,6.0,,,,,346.22707682367695,Solid Squad Player,251.2799956625299,Solid Squad Player,,
Ivo Pinto,Fortuna Sittard,nl Eredivisie,DF,37.0,495,5.5,,,,,500.34039438501486,Top Starter,395.5644041722639,Solid Squad Player,,
Ar'Jany Martha,SC Telstar,nl Eredivisie,DF,23.3,8,0.1,,,,,,,,,,
Ferdinand Pohl,FC Utrecht,nl Eredivisie,DF,19.9,124,1.4,,,,,,,,,,
Nikolas Panagiotou,FC Utrecht,nl Eredivisie,DF,26.6,180,2.0,,,,,,,,,,
Giuliano Cairo,Excelsior,nl Eredivisie,DF,36.6,20,0.2,,,,,,,,,,
Teo Quintero,Sparta Rotterdam,nl Eredivisie,DF,27.8,51,0.6,,,,,,,,,,
Siebe Wylin,Fortuna Sittard,nl Eredivisie,DF,23.6,210,2.3,,,,,,,,,,
Thijmen Blokzijl,FC Groningen,nl Eredivisie,DF,21.8,540,6.0,,,,,447.30201863874953,Top Starter,434.4069424262886,Top Starter,,
Arthur Zagre,FC Utrecht,nl Eredivisie,DF,25.2,494,5.5,,,,,510.3993979744767,Top Starter,504.8920459371385,Top Starter,,
Othniël Raterink,ADO Den Haag,nl Eredivisie,DF,20.7,382,4.2,,,,,,,,,,
Milan Hokke,ADO Den Haag,nl Eredivisie,DF,,524,5.8,,,,,663.9435668198681,Top Starter,579.9528645440439,Top Starter,,
Nick de Groot,Fortuna Sittard,nl Eredivisie,DF,,146,1.6,,,,,,,,,,
Joris Kramer,Go Ahead Eagles,nl Eredivisie,DF,30.4,540,6.0,,,,,497.8912911283668,Top Starter,575.2525774721568,Top Starter,,
Javi López,Feyenoord,nl Eredivisie,DF,,103,1.1,,,,,,,,,,
Márk Csinger,FC Groningen,nl Eredivisie,DF,,353,3.9,,,,,,,,,,
Morgan Costarelli,SC Cambuur,nl Eredivisie,DF,21.7,341,3.8,,,,,,,,,,
Finn Stam,Willem II Tilburg,nl Eredivisie,DF,23.7,450,5.0,,,,,595.2601134068693,Top Starter,500.5324024614191,Top Starter,,
Alfons Sampsted,Go Ahead Eagles,nl Eredivisie,DF,28.7,479,5.3,,,,,554.309364998604,Top Starter,511.73299438127356,Top Starter,,
Sekou Sylla,ADO Den Haag,nl Eredivisie,DF,28.0,387,4.3,,,,,,,,,,
Jorn Berkhout,SC Cambuur,nl Eredivisie,DF,24.8,77,0.9,,,,,,,,,,
Olivier Aertssen,PEC Zwolle,nl Eredivisie,DF,22.4,529,5.9,,,,,664.955462144474,Top Starter,514.5799083808682,Top Starter,,
Osman Turay,Excelsior,nl Eredivisie,DF,,54,0.6,,,,,,,,,,
Elijah Dijkstra,AZ Alkmaar,nl Eredivisie,DF,20.4,501,5.6,,,,,457.88623320930526,Top Starter,539.1792240429046,Top Starter,,
Siebe Horemans,FC Utrecht,nl Eredivisie,DF,28.6,478,5.3,,,,,728.4392586754916,Top Starter,611.5282108136269,Top Starter,,
Ryan van de Pavert,SC Cambuur,nl Eredivisie,DF,20.9,45,0.5,,,,,,,,,,
Kiliann Sildillia,PSV Eindhoven,nl Eredivisie,DF,24.6,11,0.1,,,,,,,,,,
Jonas Jensen-Abbew,ADO Den Haag,nl Eredivisie,DF,24.7,135,1.5,,,,,,,,,,
Illaijh de Ruijter,ADO Den Haag,nl Eredivisie,DF,28.9,198,2.2,,,,,,,,,,
Damian van der Haar,PEC Zwolle,nl Eredivisie,DF,23.0,309,3.4,,,,,,,,,,
Almugera Kabar,NEC Nijmegen,nl Eredivisie,DF,20.6,222,2.5,,,,,,,,,,
Guus Offerhaus,FC Utrecht,nl Eredivisie,DF,26.0,274,3.0,,,,,,,,,,
Justin Hoogma,Willem II Tilburg,nl Eredivisie,DF,28.6,225,2.5,,,,,,,,,,
Bram Nuytinck,NEC Nijmegen,nl Eredivisie,DF,36.7,206,2.3,,,,,,,,,,
Per van Loon,Willem II Tilburg,nl Eredivisie,DF,22.0,256,2.8,,,,,,,,,,
Jasper Dahlhaus,Fortuna Sittard,nl Eredivisie,DF,25.1,439,4.9,,,,,,,,,,
Tyrique Mercera,FC Groningen,nl Eredivisie,DF,23.0,19,0.2,,,,,,,,,,
Sherel Constancio Floranus,PEC Zwolle,nl Eredivisie,DF,28.4,222,2.5,,,,,,,,,,
Mike Eerdhuijzen,FC Utrecht,nl Eredivisie,DF,26.5,135,1.5,,,,,,,,,,
Justin Hubner,Fortuna Sittard,nl Eredivisie,DF,23.3,540,6.0,,,,,420.6353741004689,Top Starter,320.335679411058,Solid Squad Player,,
Nolan Martens,Excelsior,nl Eredivisie,DF,22.5,120,1.3,,,,,,,,,,
Wouter Prins,FC Groningen,nl Eredivisie,DF,22.9,483,5.4,,,,,389.5758470353077,Solid Squad Player,395.6507495422885,Solid Squad Player,,
Neville Nwankwo,FC Utrecht,nl Eredivisie,DF,24.2,172,1.9,,,,,,,,,,
Lucas Jetten,SC Cambuur,nl Eredivisie,DF,19.6,325,3.6,,,,,,,,,,
Tijs Velthuis,PEC Zwolle,nl Eredivisie,DF,25.0,79,0.9,,,,,,,,,,
Rik Mulders,SC Cambuur,nl Eredivisie,DF,,73,0.8,,,,,,,,,,
Eus Waayers,Go Ahead Eagles,nl Eredivisie,DF,20.7,31,0.3,,,,,,,,,,
Krzysztof Kurowski,FC Twente,nl Eredivisie,DF,20.3,13,0.1,,,,,,,,,,
Per Kloosterboer,FC Utrecht,nl Eredivisie,DF,21.8,53,0.6,,,,,,,,,,
Noah Naujoks,Excelsior,nl Eredivisie,MF,24.7,90,1.0,,,,,,,,,,
Ro-Zangelo Daal,AZ Alkmaar,nl Eredivisie,MF,22.9,511,5.7,,,604.8860069130677,Top Starter,,,385.41613956786364,Solid Squad Player,,
Anis Hadj Moussa,Feyenoord,nl Eredivisie,MF,24.9,436,4.8,,,,,,,,,,
Joey Veerman,PSV Eindhoven,nl Eredivisie,MF,28.1,90,1.0,,,,,,,,,,
Gjivai Zechiël,Feyenoord,nl Eredivisie,MF,22.6,530,5.9,,,776.4136255313028,World Class,,,488.29235451987887,Top Starter,,
Irakli Yegoian,Excelsior,nl Eredivisie,MF,22.8,525,5.8,,,810.5197793586182,World Class,,,713.302536786853,Top Starter,,
Peer Koopmeiners,AZ Alkmaar,nl Eredivisie,MF,26.7,535,5.9,,,691.0703440007318,Top Starter,,,674.7171450109762,Top Starter,,
Luciano Valente,Feyenoord,nl Eredivisie,MF,23.2,511,5.7,,,729.7039592138451,Top Starter,,,478.1342668308653,Top Starter,,
Daouda Weidmann,FC Twente,nl Eredivisie,MF,23.7,381,4.2,,,,,,,,,,
Søren Tengstedt,Go Ahead Eagles,nl Eredivisie,MF,26.5,508,5.6,,,561.3446749324579,Top Starter,,,535.4483760526703,Top Starter,,
Darko Nejašmić,NEC Nijmegen,nl Eredivisie,MF,27.9,290,3.2,,,,,,,,,,
Ivan Perišić,PSV Eindhoven,nl Eredivisie,FW,37.9,396,4.4,,,,,,,,,,
David van der Werff,FC Groningen,nl Eredivisie,MF,22.3,483,5.4,,,716.6837317095238,Top Starter,,,433.3143566550438,Top Starter,,
Juho Kilo,ADO Den Haag,nl Eredivisie,MF,,540,6.0,,,586.2377376401065,Top Starter,,,643.2802152447423,Top Starter,,
Sami Ouaissa,NEC Nijmegen,nl Eredivisie,MF,22.2,79,0.9,,,,,,,,,,
Mohamed Ihattaren,Fortuna Sittard,nl Eredivisie,MF,24.9,404,4.5,,,,,,,,,,
Sven Mijnans,PSV Eindhoven,nl Eredivisie,MF,26.8,209,2.3,,,,,,,,,,
Mathis Suray,Go Ahead Eagles,nl Eredivisie,MF,25.4,522,5.8,,,720.7613240898495,Top Starter,,,481.38703708137035,Top Starter,,
Ilyes Hamache,SC Cambuur,nl Eredivisie,MF,,405,4.5,,,,,,,,,,
Jacob Trenskow,SC Heerenveen,nl Eredivisie,MF,26.1,525,5.8,,,649.8788451684297,Top Starter,,,392.5838829539674,Solid Squad Player,,
Melle Meulensteen,Go Ahead Eagles,nl Eredivisie,MF,27.5,421,4.7,,,,,,,,,,
Rafik El Arguioui,SC Cambuur,nl Eredivisie,MF,21.4,540,6.0,,,560.2208854340204,Top Starter,,,458.8470626302344,Top Starter,,
Ramiz Zerrouki,FC Twente,nl Eredivisie,MF,28.6,527,5.9,,,678.0478501484931,Top Starter,,,731.9259555702404,Top Starter,,
Cedric Hatenboer,Sparta Rotterdam,nl Eredivisie,MF,21.8,169,1.9,,,,,,,,,,
Kodai Sano,PSV Eindhoven,nl Eredivisie,MF,23.3,387,4.3,,,,,,,,,,
Edouard Michut,Fortuna Sittard,nl Eredivisie,MF,23.8,430,4.8,,,,,,,,,,
Tika de Jonge,FC Groningen,nl Eredivisie,MF,23.8,532,5.9,,,572.0963324979953,Top Starter,,,606.7320360625049,Top Starter,,
Younes Taha,FC Twente,nl Eredivisie,MF,24.1,353,3.9,,,,,,,,,,
Noah Fernandez,PSV Eindhoven,nl Eredivisie,MF,19.0,281,3.1,,,,,,,,,,
Mathias Kjølø,FC Twente,nl Eredivisie,MF,25.5,22,0.2,,,,,,,,,,
Ringo Meerveld,SC Heerenveen,nl Eredivisie,MF,24.0,457,5.1,,,555.7909401846235,Top Starter,,,448.1491734520798,Top Starter,,
Abdellah Ouazane,AFC Ajax,nl Eredivisie,MF,18.0,235,2.6,,,,,,,,,,
Dave Kwakman,AZ Alkmaar,nl Eredivisie,MF,22.4,466,5.2,,,557.8077878352594,Top Starter,,,541.3735005974447,Top Starter,,
Marcus Linday,SC Heerenveen,nl Eredivisie,MF,23.6,270,3.0,,,,,,,,,,
Daan Rots,FC Twente,nl Eredivisie,MF,25.4,292,3.2,,,,,,,,,,
Mitchell van Bergen,Sparta Rotterdam,nl Eredivisie,FW,27.3,319,3.5,,,,,,,,,,
Ryan Thomas,PEC Zwolle,nl Eredivisie,MF,32.0,433,4.8,,,,,,,,,,
Charles Vanhoutte,Feyenoord,nl Eredivisie,MF,28.3,402,4.5,,,,,,,,,,
Tygo Land,FC Groningen,nl Eredivisie,MF,21.0,501,5.6,,,538.789277402066,Top Starter,,,368.49247885134247,Solid Squad Player,,
Paul Wanner,PSV Eindhoven,nl Eredivisie,MF,21.0,322,3.6,,,,,,,,,,
Guus Til,PSV Eindhoven,nl Eredivisie,MF,29.0,488,5.4,,,482.20736983447557,Top Starter,,,349.9642980774046,Solid Squad Player,,
Calvin Stengs,AZ Alkmaar,nl Eredivisie,MF,28.0,237,2.6,,,,,,,,,,
Sondre Ørjasæter,FC Twente,nl Eredivisie,MF,23.1,420,4.7,,,,,,,,,,
Ayoni Santos,PSV Eindhoven,nl Eredivisie,MF,21.5,258,2.9,,,,,,,,,,
Oscar Gloukh,AFC Ajax,nl Eredivisie,MF,22.8,269,3.0,,,,,,,,,,
Kees Smit,AZ Alkmaar,nl Eredivisie,MF,20.9,298,3.3,,,,,,,,,,
Dani de Wit,FC Utrecht,nl Eredivisie,MF,28.9,505,5.6,,,385.40310005781447,Solid Squad Player,,,455.0174930312207,Top Starter,,
Ayoub Oufkir,AZ Alkmaar,nl Eredivisie,MF,21.0,56,0.6,,,,,,,,,,
Dylan Mbayo,PEC Zwolle,nl Eredivisie,MF,25.2,474,5.3,,,676.6630149298235,Top Starter,,,520.7305071607143,Top Starter,,
Nolhan Courtens,SC Heerenveen,nl Eredivisie,MF,20.0,282,3.1,,,,,,,,,,
Levi Smans,SC Heerenveen,nl Eredivisie,MF,23.8,122,1.4,,,,,,,,,,
Oussama Targhalline,Feyenoord,nl Eredivisie,MF,24.6,277,3.1,,,,,,,,,,
Calvin Twigt,Willem II Tilburg,nl Eredivisie,MF,23.9,290,3.2,,,,,,,,,,
Nils Rossen,SC Telstar,nl Eredivisie,MF,22.4,490,5.4,,,273.5027102046442,Solid Squad Player,,,444.33093633479393,Top Starter,,
Isaac Babadi,Sparta Rotterdam,nl Eredivisie,MF,21.7,49,0.5,,,,,,,,,,
Gyan de Regt,Excelsior,nl Eredivisie,MF,23.4,85,0.9,,,,,,,,,,
Nicky Souren,SC Cambuur,nl Eredivisie,MF,27.0,540,6.0,,,515.97160380124,Top Starter,,,433.6284771437539,Top Starter,,
Emre Mor,NEC Nijmegen,nl Eredivisie,FW,29.4,73,0.8,,,,,,,,,,
Filip Thorvaldsen,FC Twente,nl Eredivisie,MF,20.7,119,1.3,,,,,,,,,,
Gonçalo Borges,Feyenoord,nl Eredivisie,MF,25.8,26,0.3,,,,,,,,,,
Sofyan Amrabat,AFC Ajax,nl Eredivisie,MF,30.4,126,1.4,,,,,,,,,,
Davy Klaassen,AFC Ajax,nl Eredivisie,MF,33.9,314,3.5,,,,,,,,,,
Jordy Clasie,AZ Alkmaar,nl Eredivisie,MF,35.5,175,1.9,,,,,,,,,,
Julian Baas,Sparta Rotterdam,nl Eredivisie,MF,24.7,402,4.5,,,,,,,,,,
Joel Ideho,Sparta Rotterdam,nl Eredivisie,MF,23.5,42,0.5,,,,,,,,,,
Tyrone Owusu,SC Telstar,nl Eredivisie,MF,27.8,485,5.4,,,311.8687434176734,Solid Squad Player,,,594.7433390278679,Top Starter,,
Jens Toornstra,Sparta Rotterdam,nl Eredivisie,MF,37.7,232,2.6,,,,,,,,,,
Willum Thor Willumsson,NEC Nijmegen,nl Eredivisie,MF,28.2,139,1.5,,,,,,,,,,
Evert Linthorst,Go Ahead Eagles,nl Eredivisie,MF,26.8,507,5.6,,,515.7392448224507,Top Starter,,,497.7491722678826,Top Starter,,
Adam Tahaui,NEC Nijmegen,nl Eredivisie,MF,,314,3.5,,,,,,,,,,
Shiloh 't Zand,Fortuna Sittard,nl Eredivisie,MF,23.6,344,3.8,,,,,,,,,,
Luca Oyen,SC Heerenveen,nl Eredivisie,MF,23.8,163,1.8,,,,,,,,,,
Viktor Tsyhankov,AFC Ajax,nl Eredivisie,FW,29.1,51,0.6,,,,,,,,,,
Filip Kostić,PSV Eindhoven,nl Eredivisie,MF,34.2,32,0.4,,,,,,,,,,
Marius Broholm,FC Utrecht,nl Eredivisie,MF,22.0,57,0.6,,,,,,,,,,
Daniel van Vianen,Excelsior,nl Eredivisie,MF,,254,2.8,,,,,,,,,,
Youri Regeer,AFC Ajax,nl Eredivisie,MF,23.4,151,1.7,,,,,,,,,,
Lennard Hartjes,Excelsior,nl Eredivisie,MF,23.7,519,5.8,,,291.82452091776236,Solid Squad Player,,,464.51038009517674,Top Starter,,
Jorthy Mokio,AFC Ajax,nl Eredivisie,MF,18.8,267,3.0,,,,,,,,,,
Yoann Cathline,FC Utrecht,nl Eredivisie,MF,24.4,354,3.9,,,,,,,,,,
Amir Bouhamdi,PSV Eindhoven,nl Eredivisie,MF,,166,1.8,,,,,,,,,,
Valentin Sulzbacher,Excelsior,nl Eredivisie,MF,21.8,39,0.4,,,,,,,,,,
Ayodele Thomas,NEC Nijmegen,nl Eredivisie,MF,19.4,108,1.2,,,,,,,,,,
Ilano Silva Timas,Excelsior,nl Eredivisie,MF,24.3,184,2.0,,,,,,,,,,
Ibrahim Cissoko,PEC Zwolle,nl Eredivisie,MF,23.8,247,2.7,,,,,,,,,,
Kevin Paredes,FC Utrecht,nl Eredivisie,MF,23.7,75,0.8,,,,,,,,,,
Uriel van Aalst,Willem II Tilburg,nl Eredivisie,MF,20.4,450,5.0,,,459.3570872351754,Top Starter,,,347.2666659260277,Solid Squad Player,,
Gaoussou Diarra,Feyenoord,nl Eredivisie,MF,24.1,306,3.4,,,,,,,,,,
Thijs Kraaijeveld,Feyenoord,nl Eredivisie,MF,19.7,128,1.4,,,,,,,,,,
Fabian Kvam,SC Cambuur,nl Eredivisie,MF,,227,2.5,,,,,,,,,,
Elias Sørensen,PEC Zwolle,nl Eredivisie,MF,27.3,261,2.9,,,,,,,,,,
Davy van den Berg,FC Utrecht,nl Eredivisie,MF,26.9,387,4.3,,,,,,,,,,
Tobias Sommer,PEC Zwolle,nl Eredivisie,MF,25.1,529,5.9,,,458.0728581222877,Top Starter,,,531.9847250704229,Top Starter,,
Dirk Wanner Proper,SC Heerenveen,nl Eredivisie,MF,24.9,410,4.6,,,,,,,,,,
Zidane Iqbal,FC Utrecht,nl Eredivisie,MF,23.7,57,0.6,,,,,,,,,,
Kristian Hlynsson,FC Twente,nl Eredivisie,MF,22.9,34,0.4,,,,,,,,,,
Marko Farji,SC Heerenveen,nl Eredivisie,MF,22.8,8,0.1,,,,,,,,,,
Thomas Van den Belt,FC Twente,nl Eredivisie,MF,25.5,161,1.8,,,,,,,,,,
Sem Steijn,Feyenoord,nl Eredivisie,MF,25.1,89,1.0,,,,,,,,,,
Pelle Clement,FC Groningen,nl Eredivisie,MF,30.6,488,5.4,,,422.62944268450104,Top Starter,,,368.6427183679134,Solid Squad Player,,
Robin van Cruijsen,Sparta Rotterdam,nl Eredivisie,MF,20.9,178,2.0,,,,,,,,,,
Jamiro Monteiro,NEC Nijmegen,nl Eredivisie,MF,33.1,321,3.6,,,,,,,,,,
Travis Hernes,FC Groningen,nl Eredivisie,MF,21.2,40,0.4,,,,,,,,,,
Jaden Slory,Willem II Tilburg,nl Eredivisie,MF,21.6,439,4.9,,,,,,,,,,
Devid Bouah,SC Cambuur,nl Eredivisie,MF,25.4,190,2.1,,,,,,,,,,
Shunsuke Mito,Sparta Rotterdam,nl Eredivisie,MF,24.3,423,4.7,,,,,,,,,,
Yassin Oukili,Fortuna Sittard,nl Eredivisie,MF,26.0,230,2.6,,,,,,,,,,
Jorg Schreuders,FC Groningen,nl Eredivisie,MF,22.3,495,5.5,,,545.403935898341,Top Starter,,,676.5228204342023,Top Starter,,
Maxence Rivera,SC Heerenveen,nl Eredivisie,MF,24.6,312,3.5,,,,,,,,,,
Alassane Pléa,PSV Eindhoven,nl Eredivisie,FW,33.8,22,0.2,,,,,,,,,,
Valdemar Byskov,AZ Alkmaar,nl Eredivisie,MF,21.9,52,0.6,,,,,,,,,,
Isak Hansen-Aarøen,NEC Nijmegen,nl Eredivisie,MF,22.4,153,1.7,,,,,,,,,,
Noach Shenkman,SC Telstar,nl Eredivisie,MF,,96,1.1,,,,,,,,,,
Luuk Brouwers,SC Heerenveen,nl Eredivisie,MF,28.7,31,0.3,,,,,,,,,,
Emirhan Demircan,SC Telstar,nl Eredivisie,MF,21.9,81,0.9,,,,,,,,,,
Jordy Bawuah,FC Twente,nl Eredivisie,MF,20.1,14,0.2,,,,,,,,,,
Mylian Jimenez,ADO Den Haag,nl Eredivisie,MF,24.0,154,1.7,,,,,,,,,,
Thijs Oosting,PEC Zwolle,nl Eredivisie,MF,26.7,373,4.1,,,,,,,,,,
Ágúst Orri Thorsteinsson,Excelsior,nl Eredivisie,MF,,284,3.2,,,,,,,,,,
Jeff Hardeveld,SC Telstar,nl Eredivisie,MF,31.8,449,5.0,,,219.6221376576753,Solid Squad Player,,,260.4455761290527,Solid Squad Player,,
Jan Žambůrek,ADO Den Haag,nl Eredivisie,MF,25.9,128,1.4,,,,,,,,,,
Moussa Gbemou,Fortuna Sittard,nl Eredivisie,MF,19.3,21,0.2,,,,,,,,,,
Gabriel Reiziger,PEC Zwolle,nl Eredivisie,MF,21.2,93,1.0,,,,,,,,,,
Kasper Boogaard,Willem II Tilburg,nl Eredivisie,MF,20.9,348,3.9,,,,,,,,,,
Ángel Alarcón,FC Utrecht,nl Eredivisie,MF,22.6,449,5.0,,,423.57711726125035,Top Starter,,,382.73994685274283,Solid Squad Player,,
Finn de Bruin,ADO Den Haag,nl Eredivisie,MF,28.9,176,2.0,,,,,,,,,,
Jalen Hawkins,ADO Den Haag,nl Eredivisie,MF,,210,2.3,,,,,,,,,,
Matěj Šín,ADO Den Haag,nl Eredivisie,MF,22.6,45,0.5,,,,,,,,,,
Fabiano Rust,SC Telstar,nl Eredivisie,MF,,25,0.3,,,,,,,,,,
Yaqub Finey,Excelsior,nl Eredivisie,MF,,10,0.1,,,,,,,,,,
Rojendro Oudsten,SC Telstar,nl Eredivisie,MF,19.1,76,0.8,,,,,,,,,,
Odysseus Velanas,PEC Zwolle,nl Eredivisie,MF,28.6,124,1.4,,,,,,,,,,
Joris van Overeem,FC Utrecht,nl Eredivisie,MF,32.6,99,1.1,,,,,,,,,,
Eser Gürbüz,Willem II Tilburg,nl Eredivisie,MF,19.8,252,2.8,,,,,,,,,,
Dennis Geiger,NEC Nijmegen,nl Eredivisie,Def_MF,28.6,139,1.5,,,,,,,,,,
Alvin Nordin,FC Groningen,nl Eredivisie,MF,,8,0.1,,,,,,,,,,
Harrie Kuster,SC Telstar,nl Eredivisie,MF,21.3,55,0.6,,,,,,,,,,
Yassir Rahmouni,Go Ahead Eagles,nl Eredivisie,MF,20.6,105,1.2,,,,,,,,,,
Alwande Roaldsoy,Sparta Rotterdam,nl Eredivisie,MF,22.6,63,0.7,,,,,,,,,,
Daryl van Mieghem,ADO Den Haag,nl Eredivisie,FW,37.1,345,3.8,,,,,,,,,,
Ethan Apkakou,SC Cambuur,nl Eredivisie,MF,,70,0.8,,,,,,,,,,
Hessel de Wit,AZ Alkmaar,nl Eredivisie,MF,28.9,18,0.2,,,,,,,,,,
Isaiah Ahmed,SC Telstar,nl Eredivisie,MF,21.0,29,0.3,,,,,,,,,,
Dennis Man,PSV Eindhoven,nl Eredivisie,FW,28.4,53,0.6,,,,,,,,,,
Nick Fichtinger,PEC Zwolle,nl Eredivisie,MF,22.7,57,0.6,,,,,,,,,,
Wessel van der Goot,SC Cambuur,nl Eredivisie,MF,,17,0.2,,,,,,,,,,
Tobias van den Elshout,Feyenoord,nl Eredivisie,MF,19.9,10,0.1,,,,,,,,,,
Ganni Buyukhan,Fortuna Sittard,nl Eredivisie,MF,17.2,8,0.1,,,,,,,,,,
Philip Brittijn,Fortuna Sittard,nl Eredivisie,MF,22.7,529,5.9,,,201.67706964149716,Solid Squad Player,,,346.8424881741295,Solid Squad Player,,
Jason Ceka,SC Cambuur,nl Eredivisie,MF,,22,0.2,,,,,,,,,,
Divano Fernandez Iglesias,Willem II Tilburg,nl Eredivisie,MF,,1,0.0,,,,,,,,,,
Julian van Esdonk,Willem II Tilburg,nl Eredivisie,MF,,1,0.0,,,,,,,,,,
Milan Zonneveld,Sparta Rotterdam,nl Eredivisie,FW,23.2,322,3.6,,,,,,,,,,
Jerayno Schaken,Feyenoord,nl Eredivisie,FW,17.5,31,0.3,,,,,,,,,,
Thom van Bergen,FC Groningen,nl Eredivisie,FW,23.0,540,6.0,725.0605511629019,Top Starter,,,,,657.1828449706087,Top Starter,,
Tjaronn Chery,NEC Nijmegen,nl Eredivisie,Off_MF,38.6,424,4.7,,,,,,,,,,
Steven Berghuis,AFC Ajax,nl Eredivisie,FW,35.0,349,3.9,,,,,,,,,,
Ruben van Bommel,PSV Eindhoven,nl Eredivisie,FW,22.4,374,4.2,,,,,,,,,,
Esmir Bajraktarević,PSV Eindhoven,nl Eredivisie,FW,21.8,112,1.2,,,,,,,,,,
Artem Stepanov,FC Utrecht,nl Eredivisie,FW,19.4,405,4.5,,,,,,,,,,
Brynjólfur Darri Willumsson,FC Groningen,nl Eredivisie,FW,26.4,430,4.8,,,,,,,,,,
Jizz Hornkamp,AZ Alkmaar,nl Eredivisie,FW,28.8,57,0.6,,,,,,,,,,
Adrian Blake,FC Utrecht,nl Eredivisie,FW,21.5,209,2.3,,,,,,,,,,
Devin Haen,Willem II Tilburg,nl Eredivisie,FW,,450,5.0,560.2823671405686,Top Starter,,,,,379.99286263355026,Solid Squad Player,,
Mika Godts,AFC Ajax,nl Eredivisie,FW,21.6,29,0.3,,,,,,,,,,
Lequincio Zeefuik,Fortuna Sittard,nl Eredivisie,FW,22.1,465,5.2,578.4969750108303,Top Starter,,,,,531.5045663484901,Top Starter,,
Nicolas Binder,SC Cambuur,nl Eredivisie,FW,,226,2.5,,,,,,,,,,
Victor Edvardsen,Go Ahead Eagles,nl Eredivisie,FW,31.0,495,5.5,746.1467634751987,Top Starter,,,,,398.7760344981956,Solid Squad Player,,
Patrick Brouwer,SC Telstar,nl Eredivisie,FW,25.8,540,6.0,336.55545379952156,Solid Squad Player,,,,,266.04043771560083,Solid Squad Player,,
Tonny Vilhena,Willem II Tilburg,nl Eredivisie,MF,32.0,115,1.3,,,,,,,,,,
Tolu Arokodare,AFC Ajax,nl Eredivisie,FW,26.1,250,2.8,,,,,,,,,,
David Garden,Excelsior,nl Eredivisie,FW,31.2,428,4.8,,,,,,,,,,
Aymen Sliti,Excelsior,nl Eredivisie,FW,20.8,296,3.3,,,,,,,,,,
Julian Brandt,AFC Ajax,nl Eredivisie,Off_MF,30.7,284,3.2,,,,,,,,,,
Iwan Henstra,SC Cambuur,nl Eredivisie,FW,,353,3.9,,,,,,,,,,
Ayase Ueda,Feyenoord,nl Eredivisie,FW,28.3,308,3.4,,,,,,,,,,
Marko Pjaca,FC Twente,nl Eredivisie,FW,31.7,340,3.8,,,,,,,,,,
Thomas Verheydt,Willem II Tilburg,nl Eredivisie,FW,34.9,53,0.6,,,,,,,,,,
Jivayno Zinhagel,Feyenoord,nl Eredivisie,FW,17.7,44,0.5,,,,,,,,,,
Mathieu Maertens,SC Cambuur,nl Eredivisie,Off_MF,31.8,86,1.0,,,,,,,,,,
Nacho Ferri,Feyenoord,nl Eredivisie,FW,22.2,175,1.9,,,,,,,,,,
Clement Bischoff,NEC Nijmegen,nl Eredivisie,FW,21.0,393,4.4,,,,,,,,,,
Nigel Thomas,ADO Den Haag,nl Eredivisie,FW,25.9,231,2.6,,,,,,,,,,
Anthony Descotte,Fortuna Sittard,nl Eredivisie,FW,23.4,273,3.0,,,,,,,,,,
Evan Rottier,ADO Den Haag,nl Eredivisie,FW,24.9,445,4.9,,,,,,,,,,
Wout Weghorst,FC Twente,nl Eredivisie,FW,34.4,518,5.8,525.5405282372354,Top Starter,,,,,492.86681970667775,Top Starter,,
Stefán Ingi Sigurðarson,Go Ahead Eagles,nl Eredivisie,FW,25.9,306,3.4,,,,,,,,,,
Weslley Patati,AZ Alkmaar,nl Eredivisie,FW,23.3,303,3.4,,,,,,,,,,
Yannick Eduardo,ADO Den Haag,nl Eredivisie,FW,20.9,414,4.6,,,,,,,,,,
Nils Eggens,FC Groningen,nl Eredivisie,FW,21.7,31,0.3,,,,,,,,,,
Kaj Sierhuis,NEC Nijmegen,nl Eredivisie,FW,28.7,231,2.6,,,,,,,,,,
Mexx Meerdink,AZ Alkmaar,nl Eredivisie,FW,23.4,491,5.5,584.9749361771181,Top Starter,,,,,473.76547857320645,Top Starter,,
Noé Lebreton,NEC Nijmegen,nl Eredivisie,FW,22.7,386,4.3,,,,,,,,,,
Kevin Kers,NEC Nijmegen,nl Eredivisie,FW,21.0,44,0.5,,,,,,,,,,
Roberts Uldriķis,SC Heerenveen,nl Eredivisie,FW,28.7,51,0.6,,,,,,,,,,
Alireza Jahanbakhsh,Excelsior,nl Eredivisie,FW,33.4,66,0.7,,,,,,,,,,
Casper Terho,Sparta Rotterdam,nl Eredivisie,FW,23.5,313,3.5,,,,,,,,,,
Dylan Vente,SC Heerenveen,nl Eredivisie,FW,27.6,518,5.8,335.8947262228132,Solid Squad Player,,,,,387.41792015592824,Solid Squad Player,,
Shaqueel van Persie,Feyenoord,nl Eredivisie,FW,20.1,107,1.2,,,,,,,,,,
Erik Flataker,Go Ahead Eagles,nl Eredivisie,FW,22.0,224,2.5,,,,,,,,,,
Thibo Baeten,Go Ahead Eagles,nl Eredivisie,FW,24.6,97,1.1,,,,,,,,,,
Dušan Tadić,NEC Nijmegen,nl Eredivisie,Off_MF,38.1,440,4.9,,,,,,,,,,
Luka Reischl,ADO Den Haag,nl Eredivisie,FW,,57,0.6,,,,,,,,,,
Richonell Margaret,Go Ahead Eagles,nl Eredivisie,FW,26.3,54,0.6,,,,,,,,,,
Skye Vink,SC Cambuur,nl Eredivisie,FW,,227,2.5,,,,,,,,,,
Oskar Siira Sivertsen,Go Ahead Eagles,nl Eredivisie,FW,22.9,66,0.7,,,,,,,,,,
Ryan Metu,FC Groningen,nl Eredivisie,FW,18.3,9,0.1,,,,,,,,,,
Koen Kostons,PEC Zwolle,nl Eredivisie,FW,27.3,517,5.7,313.9497469446883,Solid Squad Player,,,,,498.9827736533851,Top Starter,,
Jesse Bal,ADO Den Haag,nl Eredivisie,FW,20.3,207,2.3,,,,,,,,,,
Lanroy Machine,SC Heerenveen,nl Eredivisie,FW,21.2,86,1.0,,,,,,,,,,
Nesto Groen,Excelsior,nl Eredivisie,FW,22.4,104,1.2,,,,,,,,,,
Soufiane Hetli,SC Telstar,nl Eredivisie,FW,25.6,153,1.7,,,,,,,,,,
Sam Lammers,FC Twente,nl Eredivisie,FW,29.7,21,0.2,,,,,,,,,,
Jacob Ondrejka,FC Groningen,nl Eredivisie,FW,24.3,108,1.2,,,,,,,,,,
Bryan Linssen,NEC Nijmegen,nl Eredivisie,FW,36.2,294,3.3,,,,,,,,,,
Ricardo Pepi,PSV Eindhoven,nl Eredivisie,FW,24.0,425,4.7,,,,,,,,,,
Rui Mendes,SC Telstar,nl Eredivisie,FW,27.1,394,4.4,,,,,,,,,,
Kasper Dolberg,AFC Ajax,nl Eredivisie,FW,29.2,177,2.0,,,,,,,,,,
Marcos Leonardo,AFC Ajax,nl Eredivisie,FW,23.7,101,1.1,,,,,,,,,,
Chidozie Obi-Martin,Willem II Tilburg,nl Eredivisie,FW,19.1,8,0.1,,,,,,,,,,
Donát Bárány,ADO Den Haag,nl Eredivisie,FW,,23,0.3,,,,,,,,,,
Andrej Kostić,Sparta Rotterdam,nl Eredivisie,FW,20.0,17,0.2,,,,,,,,,,
Oskar Zawada,FC Groningen,nl Eredivisie,FW,30.9,68,0.8,,,,,,,,,,
Jelani Seedorf,SC Telstar,nl Eredivisie,FW,22.1,299,3.3,,,,,,,,,,
Lucas Vennegoor of Hesselink,FC Twente,nl Eredivisie,FW,20.8,38,0.4,,,,,,,,,,
Sydney van Hooijdonk,PEC Zwolle,nl Eredivisie,FW,26.9,60,0.7,,,,,,,,,,
Sem van Duijn,FC Utrecht,nl Eredivisie,FW,22.8,67,0.7,,,,,,,,,,
Bendegúz Kovács,AZ Alkmaar,nl Eredivisie,FW,19.8,8,0.1,,,,,,,,,,
Emmanuel Owen,FC Utrecht,nl Eredivisie,FW,19.6,10,0.1,,,,,,,,,,
David Min,FC Utrecht,nl Eredivisie,FW,27.5,79,0.9,,,,,,,,,,
Mario Dominguez,Excelsior,nl Eredivisie,FW,22.9,30,0.3,,,,,,,,,,
Oliver Valaker Edvardsen,AFC Ajax,nl Eredivisie,FW,27.8,83,0.9,,,,,,,,,,
Fofin Turay,SC Telstar,nl Eredivisie,FW,22.6,25,0.3,,,,,,,,,,
Sami Bouhoudane,SC Cambuur,nl Eredivisie,FW,38.0,309,3.4,,,,,,,,,,
Troy Parrott,AZ Alkmaar,nl Eredivisie,FW,24.9,33,0.4,,,,,,,,,,
Ole Romeny,Fortuna Sittard,nl Eredivisie,FW,26.5,256,2.8,,,,,,,,,,
Wiebe Kooistra,SC Cambuur,nl Eredivisie,FW,,147,1.6,,,,,,,,,,
Nökkvi Þórisson,SC Telstar,nl Eredivisie,FW,27.4,361,4.0,,,,,,,,,,
Ismael Mouhoul,Willem II Tilburg,nl Eredivisie,FW,,1,0.0,,,,,,,,,,
Ignacio de Arruabarrena,FC Arouca,pt Primeira Liga,GK,30.0,540,6.0,,,,,,,,,906.3624396540854,Exceptional
Ewerton,Académico Viseu FC,pt Primeira Liga,GK,,540,6.0,,,,,,,,,847.9498102907501,World Class
Diogo Costa,FC Porto,pt Primeira Liga,GK,39.6,540,6.0,,,,,,,,,661.7025080468037,Top Starter
Joel Robles,Estoril Praia,pt Primeira Liga,GK,36.5,540,6.0,,,,,,,,,705.7296845597052,Top Starter
Lucas França,Santa Clara,pt Primeira Liga,GK,31.0,540,6.0,,,,,,,,,405.8836919029979,Top Starter
Ennio Van Der Gouw,Rio Ave,pt Primeira Liga,GK,26.9,540,6.0,,,,,,,,,531.3804665637244,Top Starter
Samuel Soares,Benfica,pt Primeira Liga,GK,24.5,540,6.0,,,,,,,,,346.552238313573,Solid Squad Player
Renato Marin,CD Nacional,pt Primeira Liga,GK,20.5,540,6.0,,,,,,,,,546.0933571266671,Top Starter
Lucão,Gil Vicente,pt Primeira Liga,GK,,450,5.0,,,,,,,,,425.268747379196,Top Starter
Rui Silva,Sporting CP,pt Primeira Liga,GK,32.9,540,6.0,,,,,,,,,357.41035881211445,Solid Squad Player
Oliwier Zych,Vitória SC,pt Primeira Liga,GK,22.5,540,6.0,,,,,,,,,379.96148180770496,Solid Squad Player
Léo Linck,CF Estrela Amadora,pt Primeira Liga,GK,25.8,540,6.0,,,,,,,,,401.1245657708054,Top Starter
Lazar Carević,Famalicão,pt Primeira Liga,GK,27.8,540,6.0,,,,,,,,,386.15537970202314,Solid Squad Player
Alfonso Pastor,CS Marítimo,pt Primeira Liga,GK,26.2,540,6.0,,,,,,,,,418.9656100379856,Top Starter
Matheus Mendes,FC Alverca,pt Primeira Liga,GK,27.8,540,6.0,,,,,,,,,462.2438470363424,Top Starter
Ivan Mandić,Casa Pia,pt Primeira Liga,GK,23.8,151,1.7,,,,,,,,,,
André Gomes,Casa Pia,pt Primeira Liga,GK,37.3,389,4.3,,,,,,,,,,
Bernardo Fontes,Sporting Braga,pt Primeira Liga,GK,,450,5.0,,,,,,,,,355.6818572395234,Solid Squad Player
André Ferreira,Moreirense,pt Primeira Liga,GK,30.6,540,6.0,,,,,,,,,435.25088991492566,Top Starter
Clément Lenglet,Benfica,pt Primeira Liga,DF,31.5,540,6.0,,,,,521.7342245007093,Top Starter,582.0377266202611,Top Starter,,
Jakub Kiwior,FC Porto,pt Primeira Liga,DF,26.9,540,6.0,,,,,568.8070821131831,Top Starter,583.0593451123173,Top Starter,,
Zeno Debast,Sporting CP,pt Primeira Liga,DF,23.2,345,3.8,,,,,,,,,,
Jan Bednarek,FC Porto,pt Primeira Liga,DF,30.7,493,5.5,,,,,588.6374803328365,Top Starter,609.4788963121434,Top Starter,,
Victor Rofino,Famalicão,pt Primeira Liga,DF,24.4,90,1.0,,,,,,,,,,
Boris Popović,FC Arouca,pt Primeira Liga,DF,26.8,90,1.0,,,,,,,,,,
José Fontán,FC Arouca,pt Primeira Liga,DF,26.9,540,6.0,,,,,549.3366443510021,Top Starter,475.7445519391212,Top Starter,,
Tomás Araújo,Benfica,pt Primeira Liga,DF,24.6,509,5.7,,,,,512.3419782504046,Top Starter,516.0629770449686,Top Starter,,
Diogo Spencer,FC Alverca,pt Primeira Liga,DF,22.7,159,1.8,,,,,,,,,,
Zaidu Sanusi,FC Porto,pt Primeira Liga,DF,29.6,288,3.2,,,,,,,,,,
Rúben Pereira,Académico Viseu FC,pt Primeira Liga,DF,36.9,118,1.3,,,,,,,,,,
Léo Santos,CD Nacional,pt Primeira Liga,DF,28.1,405,4.5,,,,,,,,,,
Nehuén Pérez,FC Porto,pt Primeira Liga,DF,26.5,147,1.6,,,,,,,,,,
Marvin Elimbi Gilbert,Gil Vicente,pt Primeira Liga,DF,23.9,448,5.0,,,,,561.9631489417403,Top Starter,474.7858508013385,Top Starter,,
Eduardo Quaresma,Sporting CP,pt Primeira Liga,DF,24.8,195,2.2,,,,,,,,,,
Finn van Breemen,Famalicão,pt Primeira Liga,DF,23.8,540,6.0,,,,,516.6212115625707,Top Starter,453.76630888898455,Top Starter,,
Ibrahima Ba,Sporting CP,pt Primeira Liga,DF,21.6,90,1.0,,,,,,,,,,
Javi Sánchez,FC Arouca,pt Primeira Liga,DF,29.8,433,4.8,,,,,,,,,,
Vítor Carvalho,Sporting Braga,pt Primeira Liga,DF,29.6,392,4.4,,,,,,,,,,
Alexander Bah,Benfica,pt Primeira Liga,DF,29.1,279,3.1,,,,,,,,,,
Pedro Pacheco,Santa Clara,pt Primeira Liga,DF,,540,6.0,,,,,629.2264491495953,Top Starter,466.81041981121007,Top Starter,,
Gonçalo Inácio,Sporting CP,pt Primeira Liga,DF,25.4,450,5.0,,,,,467.5906513286079,Top Starter,470.4842876244173,Top Starter,,
Anthony Correia,Académico Viseu FC,pt Primeira Liga,DF,27.3,540,6.0,,,,,317.2960330631915,Solid Squad Player,268.80247264581175,Solid Squad Player,,
Jakub Brabec,Rio Ave,pt Primeira Liga,DF,34.4,97,1.1,,,,,,,,,,
Pedro Barcelos,Académico Viseu FC,pt Primeira Liga,DF,,152,1.7,,,,,,,,,,
Gustaf Lagerbielke,Sporting Braga,pt Primeira Liga,DF,26.7,441,4.9,,,,,,,,,,
Adrian Leon Barišić,Sporting Braga,pt Primeira Liga,DF,25.5,58,0.6,,,,,,,,,,
Jonathan Buatu,Gil Vicente,pt Primeira Liga,DF,33.3,450,5.0,,,,,532.189187347792,Top Starter,480.5863329204609,Top Starter,,
Francisco Reis Ferreira,Estoril Praia,pt Primeira Liga,DF,29.8,513,5.7,,,,,792.2873854886444,World Class,638.4372879945629,Top Starter,,
Romain Correia,CS Marítimo,pt Primeira Liga,DF,27.3,540,6.0,,,,,580.2151954066604,Top Starter,413.12286427302706,Top Starter,,
Diogo Calila,Santa Clara,pt Primeira Liga,DF,28.2,355,3.9,,,,,,,,,,
Franck Ahmed Sidibé,Vitória SC,pt Primeira Liga,DF,24.9,155,1.7,,,,,,,,,,
Ze Vitor,CD Nacional,pt Primeira Liga,DF,,540,6.0,,,,,632.6954196759216,Top Starter,650.6932715197207,Top Starter,,
Tony Strata,Vitória SC,pt Primeira Liga,DF,22.3,426,4.7,,,,,,,,,,
Weverson,Gil Vicente,pt Primeira Liga,DF,26.5,223,2.5,,,,,,,,,,
Rodrigo Dias,Sporting CP,pt Primeira Liga,DF,21.5,90,1.0,,,,,,,,,,
Miguel,Académico Viseu FC,pt Primeira Liga,DF,25.0,16,0.2,,,,,,,,,,
Henrique Silva,Santa Clara,pt Primeira Liga,DF,,19,0.2,,,,,,,,,,
Nelson Abbey,Rio Ave,pt Primeira Liga,DF,23.3,258,2.9,,,,,,,,,,
Nikolaos Michelis,Académico Viseu FC,pt Primeira Liga,DF,25.8,399,4.4,,,,,,,,,,
Tiago Esgaio,FC Arouca,pt Primeira Liga,DF,31.4,538,6.0,,,,,508.59374076453383,Top Starter,477.10240555093674,Top Starter,,
Alberto costa,FC Porto,pt Primeira Liga,DF,23.3,361,4.0,,,,,,,,,,
Rodrigo Pinheiro,Famalicão,pt Primeira Liga,DF,24.3,540,6.0,,,,,697.1358991878753,Top Starter,564.4945491335218,Top Starter,,
Ricard Sánchez,Estoril Praia,pt Primeira Liga,DF,26.9,438,4.9,,,,,,,,,,
Ismael Sierra Arnal,Estoril Praia,pt Primeira Liga,DF,23.8,540,6.0,,,,,660.3889841219024,Top Starter,616.0070709426197,Top Starter,,
Leny Meyer,Famalicão,pt Primeira Liga,DF,,74,0.8,,,,,,,,,,
Adrian Bajrami,Sporting Braga,pt Primeira Liga,DF,24.7,150,1.7,,,,,,,,,,
Maximiliano Araújo,Sporting CP,pt Primeira Liga,DF,,438,4.9,,,,,,,,,,
Samuel Dahl,Benfica,pt Primeira Liga,DF,23.8,528,5.9,,,,,481.5155124875358,Top Starter,550.8768248619716,Top Starter,,
Amar Dedić,Benfica,pt Primeira Liga,DF,24.4,8,0.1,,,,,,,,,,
Alessandro Circati,Benfica,pt Primeira Liga,DF,23.2,28,0.3,,,,,,,,,,
José Silva,Gil Vicente,pt Primeira Liga,DF,44.0,61,0.7,,,,,,,,,,
Stelios Andreou,Estoril Praia,pt Primeira Liga,DF,24.4,72,0.8,,,,,,,,,,
João Mendes,Vitória SC,pt Primeira Liga,DF,,540,6.0,,,,,427.5267580370872,Top Starter,443.0010683347874,Top Starter,,
Wesley Gasolina,CD Nacional,pt Primeira Liga,DF,26.8,478,5.3,,,,,526.7414291605518,Top Starter,420.4374146716396,Top Starter,,
Barcia,Sporting Braga,pt Primeira Liga,DF,26.0,225,2.5,,,,,,,,,,
David Sousa,Casa Pia,pt Primeira Liga,DF,25.5,540,6.0,,,,,839.2737536274655,World Class,748.0807225469271,Top Starter,,
Luan Patrick,CF Estrela Amadora,pt Primeira Liga,DF,24.9,540,6.0,,,,,551.686329971414,Top Starter,461.5140326541251,Top Starter,,
Ricardo Esgaio,Gil Vicente,pt Primeira Liga,MF,33.6,423,4.7,,,,,,,,,,
Léo Realpe,Famalicão,pt Primeira Liga,DF,25.8,441,4.9,,,,,,,,,,
Martim Fernandes,FC Porto,pt Primeira Liga,DF,21.0,182,2.0,,,,,,,,,,
Pedro Rosas,Casa Pia,pt Primeira Liga,DF,26.1,320,3.6,,,,,,,,,,
Guilherme Romão,Santa Clara,pt Primeira Liga,DF,29.2,540,6.0,,,,,506.15002077579356,Top Starter,371.64676303731676,Solid Squad Player,,
Dinis Pinto,Moreirense,pt Primeira Liga,DF,26.4,380,4.2,,,,,,,,,,
Fernando Medrano,Estoril Praia,pt Primeira Liga,DF,26.8,406,4.5,,,,,,,,,,
Óscar Rivas,Vitória SC,pt Primeira Liga,DF,26.8,379,4.2,,,,,,,,,,
Iván Fresneda,Sporting CP,pt Primeira Liga,DF,22.3,385,4.3,,,,,,,,,,
Francisco Petrasso,Rio Ave,pt Primeira Liga,DF,24.9,526,5.8,,,,,421.1080167218224,Top Starter,280.9994889653446,Solid Squad Player,,
Souffian El Karouani,Benfica,pt Primeira Liga,DF,26.2,12,0.1,,,,,,,,,,
Mario Climent,FC Arouca,pt Primeira Liga,DF,,10,0.1,,,,,,,,,,
Gábor Szalai,CS Marítimo,pt Primeira Liga,DF,26.6,10,0.1,,,,,,,,,,
Orest Lebedenko,FC Arouca,pt Primeira Liga,DF,28.3,466,5.2,,,,,619.5850462277799,Top Starter,488.33382214029723,Top Starter,,
Thiago Balieiro,Vitória SC,pt Primeira Liga,DF,23.9,540,6.0,,,,,659.297377364981,Top Starter,617.1772024595797,Top Starter,,
Roko Jurišić,Estoril Praia,pt Primeira Liga,DF,25.3,90,1.0,,,,,,,,,,
Pedro Carvalho,Estoril Praia,pt Primeira Liga,DF,23.9,102,1.1,,,,,,,,,,
Steven Baseya,FC Alverca,pt Primeira Liga,DF,22.0,450,5.0,,,,,602.4611834341545,Top Starter,576.0914571105709,Top Starter,,
Emanuel Fernandes,Santa Clara,pt Primeira Liga,DF,40.9,450,5.0,,,,,335.7173409609775,Solid Squad Player,316.5098660451218,Solid Squad Player,,
Francisco Moura,FC Porto,pt Primeira Liga,DF,27.4,154,1.7,,,,,,,,,,
Jefferson Encada,CF Estrela Amadora,pt Primeira Liga,DF,28.7,107,1.2,,,,,,,,,,
Domingos Jose Gabriel Bandeira,Casa Pia,pt Primeira Liga,DF,25.9,185,2.1,,,,,,,,,,
Robinho,Académico Viseu FC,pt Primeira Liga,DF,,516,5.7,,,,,617.6088547770914,Top Starter,586.9077080969286,Top Starter,,
Gilberto Batista,Moreirense,pt Primeira Liga,DF,23.0,540,6.0,,,,,636.4826525521279,Top Starter,512.5297646307537,Top Starter,,
David Moreira,Gil Vicente,pt Primeira Liga,DF,22.7,193,2.1,,,,,,,,,,
Jordan Arnolin,Estoril Praia,pt Primeira Liga,DF,,72,0.8,,,,,,,,,,
Diogo Travassos,Sporting Braga,pt Primeira Liga,DF,22.8,205,2.3,,,,,,,,,,
Antef Tsoungui,Estoril Praia,pt Primeira Liga,DF,24.0,383,4.3,,,,,,,,,,
Bright Arrey-Mbi,Sporting Braga,pt Primeira Liga,DF,23.8,87,1.0,,,,,,,,,,
Francisco Gonçalves,CD Nacional,pt Primeira Liga,DF,,180,2.0,,,,,,,,,,
Georgios Vagiannidis,Sporting CP,pt Primeira Liga,DF,25.3,173,1.9,,,,,,,,,,
Gu Costa,Académico Viseu FC,pt Primeira Liga,DF,21.3,264,2.9,,,,,,,,,,
João Goulart,Casa Pia,pt Primeira Liga,DF,26.9,370,4.1,,,,,,,,,,
Daniel Banjaqui,Benfica,pt Primeira Liga,DF,18.8,171,1.9,,,,,,,,,,
Pedro Bondo,Famalicão,pt Primeira Liga,DF,22.1,462,5.1,,,,,620.141965827401,Top Starter,503.946511975574,Top Starter,,
Sidney Lima,Santa Clara,pt Primeira Liga,DF,30.0,90,1.0,,,,,,,,,,
Kevyn Monteiro,Moreirense,pt Primeira Liga,DF,21.3,118,1.3,,,,,,,,,,
Max Scholze,CF Estrela Amadora,pt Primeira Liga,DF,21.7,432,4.8,,,,,,,,,,
Rafael Fernandes,CS Marítimo,pt Primeira Liga,DF,24.5,537,6.0,,,,,512.9822674089311,Top Starter,498.9695536463776,Top Starter,,
Rafa Soares,CF Estrela Amadora,pt Primeira Liga,DF,31.6,539,6.0,,,,,431.5530087193547,Top Starter,336.1426186006681,Solid Squad Player,,
Williams Kokolo,CD Nacional,pt Primeira Liga,DF,,292,3.2,,,,,,,,,,
Julien Lomboto,Rio Ave,pt Primeira Liga,DF,24.6,14,0.2,,,,,,,,,,
Toni Tamarit,FC Alverca,pt Primeira Liga,DF,,90,1.0,,,,,,,,,,
Bastien Meupiyou,FC Alverca,pt Primeira Liga,DF,20.8,173,1.9,,,,,,,,,,
Stefan Lekovic,CF Estrela Amadora,pt Primeira Liga,DF,23.0,450,5.0,,,,,588.6398184984471,Top Starter,516.1090388564943,Top Starter,,
Paulo Henrique,CS Marítimo,pt Primeira Liga,DF,30.2,540,6.0,,,,,481.1374565345248,Top Starter,454.6577344507597,Top Starter,,
Kiko,Moreirense,pt Primeira Liga,DF,,527,5.9,,,,,702.3224749595619,Top Starter,511.8145617317023,Top Starter,,
Leandro Santos,Moreirense,pt Primeira Liga,DF,21.3,213,2.4,,,,,,,,,,
Yaya Bojang,FC Alverca,pt Primeira Liga,DF,22.3,510,5.7,,,,,410.67097880416594,Top Starter,347.1492628583513,Solid Squad Player,,
Maracás,Moreirense,pt Primeira Liga,DF,32.7,430,4.8,,,,,,,,,,
Gonçalo Costa,Estoril Praia,pt Primeira Liga,DF,26.9,15,0.2,,,,,,,,,,
Gustavo Mancha,Rio Ave,pt Primeira Liga,DF,22.4,369,4.1,,,,,,,,,,
Miguel Maga,Vitória SC,pt Primeira Liga,DF,,114,1.3,,,,,,,,,,
Sergi Gómez,FC Alverca,pt Primeira Liga,DF,34.8,188,2.1,,,,,,,,,,
Igor Julião,CS Marítimo,pt Primeira Liga,DF,32.4,528,5.9,,,,,573.3262675325884,Top Starter,497.2233040925895,Top Starter,,
André Geraldes,Casa Pia,pt Primeira Liga,DF,35.7,540,6.0,,,,,451.696941762607,Top Starter,418.85664943723,Top Starter,,
Antonio Espigares,Gil Vicente,pt Primeira Liga,DF,22.3,9,0.1,,,,,,,,,,
João Tomé,Rio Ave,pt Primeira Liga,DF,23.9,81,0.9,,,,,,,,,,
Igor Milioransa,Académico Viseu FC,pt Primeira Liga,DF,46.9,135,1.5,,,,,,,,,,
Samuel Amissah,Estoril Praia,pt Primeira Liga,DF,,25,0.3,,,,,,,,,,
Tiago Parente,Estoril Praia,pt Primeira Liga,DF,20.8,21,0.2,,,,,,,,,,
Bernardo Schappo,CF Estrela Amadora,pt Primeira Liga,DF,27.8,91,1.0,,,,,,,,,,
Toni Borevković,Vitória SC,pt Primeira Liga,DF,29.5,13,0.1,,,,,,,,,,
Pedro Amaral,Rio Ave,pt Primeira Liga,DF,29.4,113,1.3,,,,,,,,,,
Simon Garcia,Rio Ave,pt Primeira Liga,DF,22.0,90,1.0,,,,,,,,,,
Diogo Monteiro,FC Arouca,pt Primeira Liga,DF,21.9,20,0.2,,,,,,,,,,
Lucas Mincarelli,CF Estrela Amadora,pt Primeira Liga,DF,,1,0.0,,,,,,,,,,
Caike,Rio Ave,pt Primeira Liga,DF,,4,0.0,,,,,,,,,,
Gianluca Prestianni,Benfica,pt Primeira Liga,MF,20.9,498,5.5,,,865.0694251093828,World Class,,,661.1777138723158,Top Starter,,
Sergi Altimira,Sporting CP,pt Primeira Liga,MF,25.4,537,6.0,,,499.3233910248932,Top Starter,,,897.0279582372574,World Class,,
Abraham Marcus,CF Estrela Amadora,pt Primeira Liga,MF,27.0,533,5.9,,,707.9870947762558,Top Starter,,,557.8501930124954,Top Starter,,
Gabriel Veiga,FC Porto,pt Primeira Liga,MF,24.6,455,5.1,,,785.1349622094189,World Class,,,600.8361116774267,Top Starter,,
Andreas Schjelderup,Benfica,pt Primeira Liga,MF,22.6,274,3.0,,,,,,,,,,
Demir Ege Tıknaz,Sporting Braga,pt Primeira Liga,MF,22.4,384,4.3,,,,,,,,,,
João Palhinha,Benfica,pt Primeira Liga,MF,31.5,263,2.9,,,,,,,,,,
Fredrik Aursnes,Benfica,pt Primeira Liga,MF,31.1,56,0.6,,,,,,,,,,
Diogo Prioste,Gil Vicente,pt Primeira Liga,MF,22.8,210,2.3,,,,,,,,,,
Silvi Clúa,Casa Pia,pt Primeira Liga,MF,21.9,384,4.3,,,,,,,,,,
Martín Tejón,CS Marítimo,pt Primeira Liga,MF,22.7,510,5.7,,,636.1483084123282,Top Starter,,,608.3183912794804,Top Starter,,
José Tavares,Santa Clara,pt Primeira Liga,MF,,466,5.2,,,581.7936411250876,Top Starter,,,563.107967675254,Top Starter,,
João Moutinho,Sporting Braga,pt Primeira Liga,MF,40.3,361,4.0,,,,,,,,,,
Lucas Soares,Santa Clara,pt Primeira Liga,MF,28.7,191,2.1,,,,,,,,,,
Marcos Peña,Famalicão,pt Primeira Liga,MF,21.9,240,2.7,,,,,,,,,,
João Guilherme,Académico Viseu FC,pt Primeira Liga,MF,40.7,524,5.8,,,381.9439878182556,Solid Squad Player,,,570.5514112217982,Top Starter,,
Daniel Júnior,CD Nacional,pt Primeira Liga,MF,,375,4.2,,,,,,,,,,
Enzo Barrenechea,Benfica,pt Primeira Liga,MF,25.6,254,2.8,,,,,,,,,,
Leandro Barreiro Martins,Benfica,pt Primeira Liga,MF,27.0,470,5.2,,,576.5760030668447,Top Starter,,,439.63560154227434,Top Starter,,
Alan,Vitória SC,pt Primeira Liga,MF,,30,0.3,,,,,,,,,,
Claudio Echeverri,Benfica,pt Primeira Liga,MF,21.0,18,0.2,,,,,,,,,,
Facundo Cáseres,Gil Vicente,pt Primeira Liga,MF,25.6,184,2.0,,,,,,,,,,
Taichi Fukui,FC Arouca,pt Primeira Liga,MF,22.5,529,5.9,,,408.69298580451346,Top Starter,,,693.5073068783564,Top Starter,,
Tom Van De Looi,Famalicão,pt Primeira Liga,MF,27.5,270,3.0,,,,,,,,,,
Min-kyu Song,CD Nacional,pt Primeira Liga,MF,27.3,45,0.5,,,,,,,,,,
João Veloso,Moreirense,pt Primeira Liga,MF,21.5,225,2.5,,,,,,,,,,
Eddy Doué,CF Estrela Amadora,pt Primeira Liga,MF,21.1,512,5.7,,,628.0248143463035,Top Starter,,,726.736368518303,Top Starter,,
Issa Doumbia,Sporting CP,pt Primeira Liga,MF,23.2,492,5.5,,,609.1212841971355,Top Starter,,,625.8007481517978,Top Starter,,
Bénito,CF Estrela Amadora,pt Primeira Liga,MF,28.3,132,1.5,,,,,,,,,,
Sorriso,Famalicão,pt Primeira Liga,MF,25.9,495,5.5,,,514.9357745887653,Top Starter,,,648.2351162683351,Top Starter,,
Pedro Ferreira,Santa Clara,pt Primeira Liga,MF,,540,6.0,,,368.67423801130076,Solid Squad Player,,,654.5820765974513,Top Starter,,
Geny Catamo,Sporting CP,pt Primeira Liga,MF,25.9,419,4.7,,,,,,,,,,
Liziero,CD Nacional,pt Primeira Liga,MF,28.9,338,3.8,,,,,,,,,,
Rafa Silva,Benfica,pt Primeira Liga,Off_MF,33.6,418,4.6,,,,,,,,,,
Jean-Baptiste Gorby,Sporting Braga,pt Primeira Liga,MF,24.4,116,1.3,,,,,,,,,,
JP,Casa Pia,pt Primeira Liga,MF,21.7,61,0.7,,,,,,,,,,
Chiheb Labidi,CD Nacional,pt Primeira Liga,MF,25.6,64,0.7,,,,,,,,,,
Tiago Ribeiro,Santa Clara,pt Primeira Liga,MF,24.8,252,2.8,,,,,,,,,,
Espen Van Ee,FC Arouca,pt Primeira Liga,MF,23.5,414,4.6,,,,,,,,,,
Pablo Rosario,FC Porto,pt Primeira Liga,MF,30.0,482,5.4,,,522.948627772532,Top Starter,,,460.18990675620466,Top Starter,,
Jordan Holsgrove,Estoril Praia,pt Primeira Liga,MF,27.3,207,2.3,,,,,,,,,,
Georgiy Sudakov,Benfica,pt Primeira Liga,MF,24.3,293,3.3,,,,,,,,,,
Miguel Baeza,CD Nacional,pt Primeira Liga,MF,26.8,454,5.0,,,293.28916843023865,Solid Squad Player,,,353.3025870232439,Solid Squad Player,,
Diego Rodrigues,Sporting Braga,pt Primeira Liga,MF,21.6,77,0.9,,,,,,,,,,
Manu Silva,Benfica,pt Primeira Liga,MF,25.6,31,0.3,,,,,,,,,,
Samu,Vitória SC,pt Primeira Liga,Off_MF,30.7,529,5.9,351.9834369072611,Solid Squad Player,,,,,571.4716698511625,Top Starter,,
Naïs Djouahra,FC Arouca,pt Primeira Liga,MF,27.1,515,5.7,,,620.7504564022761,Top Starter,,,543.0087551503723,Top Starter,,
Israel Ayuma,CS Marítimo,pt Primeira Liga,MF,21.4,90,1.0,,,,,,,,,,
Lohann Doucet,Vitória SC,pt Primeira Liga,MF,24.3,331,3.7,,,,,,,,,,
Gonçalo Nogueira,Vitória SC,pt Primeira Liga,MF,23.0,343,3.8,,,,,,,,,,
Alejandro Mestanza,Académico Viseu FC,pt Primeira Liga,MF,22.1,251,2.8,,,,,,,,,,
Gil Martins,Gil Vicente,pt Primeira Liga,MF,20.6,358,4.0,,,,,,,,,,
Raphael Guzzo,CS Marítimo,pt Primeira Liga,MF,32.0,498,5.5,,,534.1956234127091,Top Starter,,,529.9053803513305,Top Starter,,
Zé Carlos,Gil Vicente,pt Primeira Liga,MF,,221,2.5,,,,,,,,,,
Zakaria Kassary,FC Alverca,pt Primeira Liga,MF,20.9,50,0.6,,,,,,,,,,
Beni Mukendi,Vitória SC,pt Primeira Liga,MF,24.6,341,3.8,,,,,,,,,,
Francisco Chissumba,FC Alverca,pt Primeira Liga,MF,21.6,276,3.1,,,,,,,,,,
Joelson Fernandes,Gil Vicente,pt Primeira Liga,MF,23.8,285,3.2,,,,,,,,,,
Isaac James,FC Alverca,pt Primeira Liga,MF,22.3,514,5.7,,,567.179804432472,Top Starter,,,470.01885743430364,Top Starter,,
Pablo Gozalbez,FC Arouca,pt Primeira Liga,MF,25.7,243,2.7,,,,,,,,,,
Santiago Serra,CF Estrela Amadora,pt Primeira Liga,MF,,212,2.4,,,,,,,,,,
Vladan Danilović,CS Marítimo,pt Primeira Liga,MF,27.4,467,5.2,,,237.9647173673655,Solid Squad Player,,,504.406421923975,Top Starter,,
Richard Ríos,Benfica,pt Primeira Liga,MF,26.6,37,0.4,,,,,,,,,,
Tomás Tavares,CS Marítimo,pt Primeira Liga,MF,25.8,21,0.2,,,,,,,,,,
Markus Jensen,CD Nacional,pt Primeira Liga,MF,21.5,369,4.1,,,,,,,,,,
Miguel Patricio,Rio Ave,pt Primeira Liga,MF,,77,0.9,,,,,,,,,,
Rayan Lucas,FC Alverca,pt Primeira Liga,MF,22.0,241,2.7,,,,,,,,,,
Gabriel Martínez,Sporting Braga,pt Primeira Liga,MF,24.4,196,2.2,,,,,,,,,,
Simo Bouzaidi,CS Marítimo,pt Primeira Liga,MF,,221,2.5,,,,,,,,,,
Telmo Arcanjo,Vitória SC,pt Primeira Liga,MF,25.5,46,0.5,,,,,,,,,,
Tamás Nikitscher,Rio Ave,pt Primeira Liga,MF,27.2,452,5.0,,,331.91848069619954,Solid Squad Player,,,705.9238649167097,Top Starter,,
Santiago García,Gil Vicente,pt Primeira Liga,MF,25.3,214,2.4,,,,,,,,,,
Paulo Moreira,Famalicão,pt Primeira Liga,MF,26.9,225,2.5,,,,,,,,,,
Pedro Santos,FC Arouca,pt Primeira Liga,MF,,127,1.4,,,,,,,,,,
Tidjany Touré,Gil Vicente,pt Primeira Liga,MF,24.5,55,0.6,,,,,,,,,,
Daniel Borges,Santa Clara,pt Primeira Liga,MF,33.8,286,3.2,,,,,,,,,,
Luis Guilherme,Sporting CP,pt Primeira Liga,MF,20.9,170,1.9,,,,,,,,,,
Mateja Stjepanović,Moreirense,pt Primeira Liga,MF,22.9,249,2.8,,,,,,,,,,
Manuel Mendonça,Moreirense,pt Primeira Liga,MF,21.8,315,3.5,,,,,,,,,,
João Vasconcelos,Santa Clara,pt Primeira Liga,MF,21.8,14,0.2,,,,,,,,,,
Hiago Santos,Santa Clara,pt Primeira Liga,MF,,9,0.1,,,,,,,,,,
Milan Robin,Estoril Praia,pt Primeira Liga,MF,,90,1.0,,,,,,,,,,
Tomás Domingos,Académico Viseu FC,pt Primeira Liga,MF,27.7,24,0.3,,,,,,,,,,
Joan Jordán,CF Estrela Amadora,pt Primeira Liga,MF,32.5,66,0.7,,,,,,,,,,
Andreas Lausen,Gil Vicente,pt Primeira Liga,MF,,273,3.0,,,,,,,,,,
Kevin Prieto,Casa Pia,pt Primeira Liga,MF,23.5,189,2.1,,,,,,,,,,
Deivison Souza Brito,CD Nacional,pt Primeira Liga,MF,,79,0.9,,,,,,,,,,
Óscar Aranda,Famalicão,pt Primeira Liga,MF,24.7,120,1.3,,,,,,,,,,
Hwang In-beom,FC Porto,pt Primeira Liga,MF,30.3,164,1.8,,,,,,,,,,
Victor Gomez,Sporting Braga,pt Primeira Liga,MF,26.8,405,4.5,,,,,,,,,,
Luís Silva,Académico Viseu FC,pt Primeira Liga,MF,34.3,249,2.8,,,,,,,,,,
Mario Dorgeles,Sporting Braga,pt Primeira Liga,MF,22.4,254,2.8,,,,,,,,,,
Soufiane Messeguem,Académico Viseu FC,pt Primeira Liga,MF,,529,5.9,,,436.784820848704,Top Starter,,,386.4756741537521,Solid Squad Player,,
Cihan Kahraman,Académico Viseu FC,pt Primeira Liga,MF,,422,4.7,,,,,,,,,,
Stavros Gavriel,CD Nacional,pt Primeira Liga,MF,24.9,227,2.5,,,,,,,,,,
Kiko Bondoso,Moreirense,pt Primeira Liga,MF,31.1,158,1.8,,,,,,,,,,
Miguel Nogueira,Vitória SC,pt Primeira Liga,MF,21.8,264,2.9,,,,,,,,,,
Matija Mitrović,Vitória SC,pt Primeira Liga,MF,22.1,30,0.3,,,,,,,,,,
Filipe Soares,CD Nacional,pt Primeira Liga,MF,27.6,249,2.8,,,,,,,,,,
Jesse Derry,Sporting CP,pt Primeira Liga,MF,19.5,27,0.3,,,,,,,,,,
Welinton Torrao,Santa Clara,pt Primeira Liga,MF,27.5,98,1.1,,,,,,,,,,
Nile John,Moreirense,pt Primeira Liga,MF,23.8,432,4.8,,,,,,,,,,
Alfonso Trezza,FC Arouca,pt Primeira Liga,MF,27.5,470,5.2,,,429.596763957153,Top Starter,,,253.59834463941172,Solid Squad Player,,
Mathias De Amorim,Famalicão,pt Primeira Liga,MF,22.1,527,5.9,,,528.820313688197,Top Starter,,,603.6120262977807,Top Starter,,
Vasco Moreira,FC Alverca,pt Primeira Liga,MF,25.7,56,0.6,,,,,,,,,,
Diogo Nascimento,Rio Ave,pt Primeira Liga,MF,24.2,256,2.8,,,,,,,,,,
Tamás Szűcs,Famalicão,pt Primeira Liga,MF,,123,1.4,,,,,,,,,,
Nils Mortimer,Académico Viseu FC,pt Primeira Liga,MF,25.6,70,0.8,,,,,,,,,,
Marco Essimi,FC Alverca,pt Primeira Liga,MF,,64,0.7,,,,,,,,,,
Guilherme Liberato,Moreirense,pt Primeira Liga,MF,25.5,300,3.3,,,,,,,,,,
Diogo Bezerra,Rio Ave,pt Primeira Liga,MF,24.5,464,5.2,,,552.6130784616081,Top Starter,,,360.758286563641,Solid Squad Player,,
Rodrigo Mora,FC Porto,pt Primeira Liga,MF,19.7,15,0.2,,,,,,,,,,
Ryan Guilherme,Rio Ave,pt Primeira Liga,MF,24.1,26,0.3,,,,,,,,,,
Mateus Jose Iseppe,CD Nacional,pt Primeira Liga,MF,20.7,10,0.1,,,,,,,,,,
Fernando Nava,CD Nacional,pt Primeira Liga,MF,22.6,12,0.1,,,,,,,,,,
Frederico Silva,Santa Clara,pt Primeira Liga,MF,,10,0.1,,,,,,,,,,
Seko Fofana,FC Porto,pt Primeira Liga,MF,31.7,19,0.2,,,,,,,,,,
Robinho,CF Estrela Amadora,pt Primeira Liga,MF,,213,2.4,,,,,,,,,,
Murilo,Gil Vicente,pt Primeira Liga,FW,32.2,236,2.6,,,,,,,,,,
Chipyoka Songa,Moreirense,pt Primeira Liga,MF,,9,0.1,,,,,,,,,,
Rodrigo Andrade,CS Marítimo,pt Primeira Liga,MF,25.1,493,5.5,,,334.31383853290333,Solid Squad Player,,,594.3805895261555,Top Starter,,
Davy Gui,FC Alverca,pt Primeira Liga,MF,20.5,340,3.8,,,,,,,,,,
Alan Varela,FC Porto,pt Primeira Liga,MF,25.5,86,1.0,,,,,,,,,,
Mateo Flores,FC Arouca,pt Primeira Liga,MF,22.7,176,2.0,,,,,,,,,,
Jandro Orellana,Estoril Praia,pt Primeira Liga,MF,26.4,22,0.2,,,,,,,,,,
Rochinha,Casa Pia,pt Primeira Liga,FW,31.7,289,3.2,,,,,,,,,,
Cristian Ferreira,Académico Viseu FC,pt Primeira Liga,MF,27.3,32,0.4,,,,,,,,,,
Nilton Varela,CS Marítimo,pt Primeira Liga,MF,25.6,22,0.2,,,,,,,,,,
Victor Froholdt,FC Porto,pt Primeira Liga,MF,20.8,449,5.0,,,368.1604523067207,Solid Squad Player,,,431.3137618588585,Top Starter,,
Tomás Marqués,Sporting Braga,pt Primeira Liga,MF,,73,0.8,,,,,,,,,,
Lovro Zvonarek,CF Estrela Amadora,pt Primeira Liga,MF,21.7,539,6.0,,,281.0326816047533,Solid Squad Player,,,334.1311565726536,Solid Squad Player,,
Daniel De la Cruz,CD Nacional,pt Primeira Liga,MF,,71,0.8,,,,,,,,,,
Dodi Lukebakio,Benfica,pt Primeira Liga,FW,29.3,78,0.9,,,,,,,,,,
Victor Andersson,Vitória SC,pt Primeira Liga,MF,,13,0.1,,,,,,,,,,
Antoine Wenck,Rio Ave,pt Primeira Liga,MF,,16,0.2,,,,,,,,,,
Maxime Dominguez,CS Marítimo,pt Primeira Liga,MF,30.9,55,0.6,,,,,,,,,,
Silas Andersen,Sporting CP,pt Primeira Liga,MF,22.6,72,0.8,,,,,,,,,,
Matheus Dias,CD Nacional,pt Primeira Liga,MF,24.6,470,5.2,,,197.04764292889405,Below Big-5 Level,,,477.83743161826237,Top Starter,,
Nabil Touaizi,FC Alverca,pt Primeira Liga,MF,25.9,291,3.2,,,,,,,,,,
Andreas Ndoj,Rio Ave,pt Primeira Liga,MF,,342,3.8,,,,,,,,,,
Nail Omerović,Estoril Praia,pt Primeira Liga,MF,24.2,77,0.9,,,,,,,,,,
Gil Bastião Dias,Famalicão,pt Primeira Liga,FW,30.3,303,3.4,,,,,,,,,,
Matchoi Djaló,CD Nacional,pt Primeira Liga,MF,23.7,122,1.4,,,,,,,,,,
Sebastián Pérez,Casa Pia,pt Primeira Liga,MF,33.8,226,2.5,,,,,,,,,,
Pedro Santos,Famalicão,pt Primeira Liga,MF,,198,2.2,,,,,,,,,,
Malik Sellouki,Rio Ave,pt Primeira Liga,MF,26.8,91,1.0,,,,,,,,,,
Ian Luccas,FC Alverca,pt Primeira Liga,MF,23.9,456,5.1,,,274.0471486409018,Solid Squad Player,,,449.1458416450603,Top Starter,,
Mathis Jangeal,Famalicão,pt Primeira Liga,MF,18.5,17,0.2,,,,,,,,,,
Joel Silva,CD Nacional,pt Primeira Liga,MF,22.9,69,0.8,,,,,,,,,,
Bryan Limbombe,CS Marítimo,pt Primeira Liga,MF,25.6,188,2.1,,,,,,,,,,
Hyun-ju Lee,FC Arouca,pt Primeira Liga,MF,23.9,204,2.3,,,,,,,,,,
Gabi Pereira,Casa Pia,pt Primeira Liga,MF,43.5,157,1.7,,,,,,,,,,
Marios Vrousai,Rio Ave,pt Primeira Liga,MF,28.5,189,2.1,,,,,,,,,,
Vitinho,Santa Clara,pt Primeira Liga,MF,23.4,27,0.3,,,,,,,,,,
Santi Verdi,Vitória SC,pt Primeira Liga,MF,,14,0.2,,,,,,,,,,
Martin Fernández,Gil Vicente,pt Primeira Liga,MF,,64,0.7,,,,,,,,,,
Álvaro Zamora,Académico Viseu FC,pt Primeira Liga,MF,24.8,229,2.5,,,,,,,,,,
Alisson Souza de Jesus,CF Estrela Amadora,pt Primeira Liga,MF,,14,0.2,,,,,,,,,,
Mohamed Salah El Boukammiri,Casa Pia,pt Primeira Liga,MF,,107,1.2,,,,,,,,,,
Gabriel Rukavina,FC Arouca,pt Primeira Liga,MF,23.0,22,0.2,,,,,,,,,,
Abdu Dafe,Casa Pia,pt Primeira Liga,MF,,58,0.6,,,,,,,,,,
Sebastian Clemmensen,Rio Ave,pt Primeira Liga,MF,23.3,99,1.1,,,,,,,,,,
Kevin Höög Jansson,CF Estrela Amadora,pt Primeira Liga,MF,26.3,20,0.2,,,,,,,,,,
Georgios Liavas,Rio Ave,pt Primeira Liga,MF,25.9,443,4.9,,,,,,,,,,
André Ceitil,Académico Viseu FC,pt Primeira Liga,MF,31.8,137,1.5,,,,,,,,,,
Rodrigo Alonso,Moreirense,pt Primeira Liga,MF,35.8,298,3.3,,,,,,,,,,
Agustín Moreira,Gil Vicente,pt Primeira Liga,MF,25.6,67,0.7,,,,,,,,,,
Lawrence Ofori,Casa Pia,pt Primeira Liga,MF,28.5,540,6.0,,,402.3265005786641,Top Starter,,,442.0824925146633,Top Starter,,
Gonçalo Moreira,Benfica,pt Primeira Liga,MF,21.0,10,0.1,,,,,,,,,,
Emerson Pedro Vanga,CF Estrela Amadora,pt Primeira Liga,MF,,58,0.6,,,,,,,,,,
Jakub Kamiński,Benfica,pt Primeira Liga,MF,24.6,73,0.8,,,,,,,,,,
Abdu Conté,Casa Pia,pt Primeira Liga,MF,28.8,233,2.6,,,,,,,,,,
Tiago Brito,Estoril Praia,pt Primeira Liga,MF,22.7,108,1.2,,,,,,,,,,
André Vidigal,FC Alverca,pt Primeira Liga,MF,28.4,153,1.7,,,,,,,,,,
Denis Huseinbasic,Sporting Braga,pt Primeira Liga,MF,25.5,33,0.4,,,,,,,,,,
Xeka,Estoril Praia,pt Primeira Liga,MF,32.1,160,1.8,,,,,,,,,,
Yellu Santiago,CS Marítimo,pt Primeira Liga,MF,22.6,1,0.0,,,,,,,,,,
Stephen Eustaquio,FC Porto,pt Primeira Liga,MF,30.0,1,0.0,,,,,,,,,,
Pedro Lima,Sporting CP,pt Primeira Liga,MF,,2,0.0,,,,,,,,,,
Vangelis Pavlidis,Benfica,pt Primeira Liga,FW,28.1,467,5.2,864.5249876964699,World Class,,,,,633.9163707612425,Top Starter,,
William Gomes,FC Porto,pt Primeira Liga,FW,20.8,397,4.4,,,,,,,,,,
Ianis Stoica,CF Estrela Amadora,pt Primeira Liga,FW,24.1,414,4.6,,,,,,,,,,
Luis Javier Suárez,Sporting CP,pt Primeira Liga,FW,20.7,371,4.1,,,,,,,,,,
Flávio Gonçalves,Sporting CP,pt Primeira Liga,FW,19.6,414,4.6,,,,,,,,,,
Brenner,Santa Clara,pt Primeira Liga,FW,,194,2.2,,,,,,,,,,
Leandro Antonetti,CF Estrela Amadora,pt Primeira Liga,FW,24.0,533,5.9,630.0591025066317,Top Starter,,,,,494.22943582311217,Top Starter,,
Jalen Blesa,Rio Ave,pt Primeira Liga,FW,25.9,528,5.9,299.730680187579,Solid Squad Player,,,,,547.9333928401741,Top Starter,,
Vinícius Lopes,Santa Clara,pt Primeira Liga,FW,27.7,437,4.9,,,,,,,,,,
Chiquinho,FC Alverca,pt Primeira Liga,FW,,319,3.5,,,,,,,,,,
Figueiredo,FC Alverca,pt Primeira Liga,FW,,485,5.4,258.92774146445134,Solid Squad Player,,,,,599.4705402075639,Top Starter,,
Santiago Giménez,FC Porto,pt Primeira Liga,FW,25.7,43,0.5,,,,,,,,,,
João Rêgo,Casa Pia,pt Primeira Liga,FW,21.5,256,2.8,,,,,,,,,,
Borja Sainz,FC Porto,pt Primeira Liga,FW,25.9,143,1.6,,,,,,,,,,
Yanis Begraoui,Estoril Praia,pt Primeira Liga,FW,25.5,540,6.0,357.63340001815646,Solid Squad Player,,,,,291.0054712427754,Solid Squad Player,,
Lorougnon Gohi,Académico Viseu FC,pt Primeira Liga,FW,,257,2.9,,,,,,,,,,
Gonçalo Paciência,Santa Clara,pt Primeira Liga,FW,32.4,447,5.0,688.3991337916724,Top Starter,,,,,409.2361676679697,Top Starter,,
Dawda Camara,FC Alverca,pt Primeira Liga,FW,24.2,109,1.2,,,,,,,,,,
Leonardo Vonić,Moreirense,pt Primeira Liga,FW,,61,0.7,,,,,,,,,,
Jonas Wind,Sporting Braga,pt Primeira Liga,FW,27.9,23,0.3,,,,,,,,,,
Rodrigo Zalazar,Sporting CP,pt Primeira Liga,FW,27.4,442,4.9,,,,,,,,,,
Jovan Milošević,Sporting Braga,pt Primeira Liga,FW,21.4,128,1.4,,,,,,,,,,
Gustavo Silva,Vitória SC,pt Primeira Liga,FW,,514,5.7,502.0008363277287,Top Starter,,,,,745.5210077428541,Top Starter,,
Pablo Messias Cardozo,CD Nacional,pt Primeira Liga,FW,,477,5.3,272.3019982235725,Solid Squad Player,,,,,363.9271722154015,Solid Squad Player,,
Gabriel Silva,Sporting Braga,pt Primeira Liga,FW,,263,2.9,,,,,,,,,,
Barbero,FC Arouca,pt Primeira Liga,FW,28.4,421,4.7,,,,,,,,,,
Pepê,FC Porto,pt Primeira Liga,FW,,509,5.7,344.7115813902951,Solid Squad Player,,,,,449.2164813202477,Top Starter,,
João Carvalho,Estoril Praia,pt Primeira Liga,Off_MF,29.8,540,6.0,293.4476000294837,Solid Squad Player,,,,,512.3937399447759,Top Starter,,
Fotis Ioannidis,Sporting CP,pt Primeira Liga,FW,27.0,210,2.3,,,,,,,,,,
Adrián Butzke,CS Marítimo,pt Primeira Liga,FW,27.8,496,5.5,207.8728521080137,Solid Squad Player,,,,,569.9071303616251,Top Starter,,
Pau Victor,Sporting Braga,pt Primeira Liga,FW,25.1,354,3.9,,,,,,,,,,
Mohamed Bouldini,Académico Viseu FC,pt Primeira Liga,FW,31.1,27,0.3,,,,,,,,,,
Tamblé Monteiro,Rio Ave,pt Primeira Liga,FW,26.1,401,4.5,,,,,,,,,,
André Lacximicant,Estoril Praia,pt Primeira Liga,FW,25.6,382,4.2,,,,,,,,,,
Fran Navarro,Sporting Braga,pt Primeira Liga,FW,28.9,208,2.3,,,,,,,,,,
Tiago Andrade,Moreirense,pt Primeira Liga,FW,21.2,164,1.8,,,,,,,,,,
Oumar Camara,Vitória SC,pt Primeira Liga,FW,,268,3.0,,,,,,,,,,
Rafik Guitane,Estoril Praia,pt Primeira Liga,FW,27.6,248,2.8,,,,,,,,,,
Nestory Irankunda,Sporting CP,pt Primeira Liga,FW,20.9,69,0.8,,,,,,,,,,
Luis Fernando,Santa Clara,pt Primeira Liga,FW,,103,1.1,,,,,,,,,,
Leo Jacó,Santa Clara,pt Primeira Liga,FW,21.7,11,0.1,,,,,,,,,,
Georgios Koutsias,Famalicão,pt Primeira Liga,FW,22.9,475,5.3,357.10032333586895,Solid Squad Player,,,,,290.145843331727,Solid Squad Player,,
Alioune Ndoye,Vitória SC,pt Primeira Liga,FW,25.2,416,4.6,,,,,,,,,,
Peixinho,Estoril Praia,pt Primeira Liga,FW,22.6,103,1.1,,,,,,,,,,
André Clóvis,Académico Viseu FC,pt Primeira Liga,FW,29.1,457,5.1,363.3736954240369,Solid Squad Player,,,,,242.88130625557818,Solid Squad Player,,
Roland Galčík,Rio Ave,pt Primeira Liga,FW,,239,2.7,,,,,,,,,,
Maurice Boakye,CS Marítimo,pt Primeira Liga,FW,,92,1.0,,,,,,,,,,
Arnel Jakupović,Vitória SC,pt Primeira Liga,FW,28.6,104,1.2,,,,,,,,,,
Ricardo Horta,Sporting Braga,pt Primeira Liga,Off_MF,32.3,89,1.0,,,,,,,,,,
Jáder Durán,Benfica,pt Primeira Liga,FW,23.1,90,1.0,,,,,,,,,,
Fabrício Garcia,Estoril Praia,pt Primeira Liga,FW,25.7,175,1.9,,,,,,,,,,
Héctor Hernández,Gil Vicente,pt Primeira Liga,FW,31.3,322,3.6,,,,,,,,,,
Patricio Salas,Famalicão,pt Primeira Liga,FW,22.9,8,0.1,,,,,,,,,,
Benjamin Pauwels,Casa Pia,pt Primeira Liga,FW,22.2,137,1.5,,,,,,,,,,
Cédric Nuozzi,FC Alverca,pt Primeira Liga,FW,20.9,24,0.3,,,,,,,,,,
André Silva,FC Porto,pt Primeira Liga,FW,31.2,401,4.5,,,,,,,,,,
Samy Jr Merheg,FC Alverca,pt Primeira Liga,FW,20.1,94,1.0,,,,,,,,,,
Dylan Nandín,FC Arouca,pt Primeira Liga,FW,24.8,119,1.3,,,,,,,,,,
Mons Bassouamina,CS Marítimo,pt Primeira Liga,FW,,9,0.1,,,,,,,,,,
Umar Abubakar,Famalicão,pt Primeira Liga,FW,20.9,76,0.8,,,,,,,,,,
Cassiano,Casa Pia,pt Primeira Liga,FW,37.5,75,0.8,,,,,,,,,,
Michael Dacosta Gonzalez,Moreirense,pt Primeira Liga,FW,21.8,8,0.1,,,,,,,,,,
Vivaldo Semedo,FC Alverca,pt Primeira Liga,FW,21.9,344,3.8,,,,,,,,,,
Allen Obando,CD Nacional,pt Primeira Liga,FW,20.6,80,0.9,,,,,,,,,,
Yan Maranhão,Moreirense,pt Primeira Liga,FW,24.3,60,0.7,,,,,,,,,,
Deniz Gül,FC Porto,pt Primeira Liga,FW,22.5,92,1.0,,,,,,,,,,
Alassana Jatta,Casa Pia,pt Primeira Liga,FW,28.0,247,2.7,,,,,,,,,,
Sorriso,Santa Clara,pt Primeira Liga,FW,25.9,295,3.3,,,,,,,,,,
Romeo Beney,Famalicão,pt Primeira Liga,FW,21.9,201,2.2,,,,,,,,,,
Brian Mansilla,FC Arouca,pt Primeira Liga,FW,,74,0.8,,,,,,,,,,
Patrick Ouotro,Vitória SC,pt Primeira Liga,FW,21.3,32,0.4,,,,,,,,,,
Samuel Bamba,CS Marítimo,pt Primeira Liga,FW,22.9,127,1.4,,,,,,,,,,
Dario Špikić,Rio Ave,pt Primeira Liga,FW,27.8,175,1.9,,,,,,,,,,
Henrique Araújo,Casa Pia,pt Primeira Liga,FW,,346,3.8,,,,,,,,,,
René Mitongo,CF Estrela Amadora,pt Primeira Liga,FW,19.0,8,0.1,,,,,,,,,,
Samuel da Silva Alves,Rio Ave,pt Primeira Liga,FW,43.1,10,0.1,,,,,,,,,,
Oluwakorede Osundina,Casa Pia,pt Primeira Liga,FW,,97,1.1,,,,,,,,,,
Rafael Nel,Sporting CP,pt Primeira Liga,FW,21.7,15,0.2,,,,,,,,,,
Evans Fabrice Maurin,Casa Pia,pt Primeira Liga,FW,25.8,22,0.2,,,,,,,,,,
Claudio Mendes,Casa Pia,pt Primeira Liga,FW,,21,0.2,,,,,,,,,,
Rildo,Santa Clara,pt Primeira Liga,FW,26.9,11,0.1,,,,,,,,,,
Rudi Almeida,Famalicão,pt Primeira Liga,FW,21.8,9,0.1,,,,,,,,,,
Landerson,Moreirense,pt Primeira Liga,FW,20.1,378,4.2,,,,,,,,,,
Mohamed Sanoussi Kaba,Gil Vicente,pt Primeira Liga,FW,25.2,105,1.2,,,,,,,,,,
Sydney van Hooijdonk,CF Estrela Amadora,pt Primeira Liga,FW,26.9,10,0.1,,,,,,,,,,
Carlos Eduardo,Gil Vicente,pt Primeira Liga,FW,,106,1.2,,,,,,,,,,
Dominik Steczyk,Académico Viseu FC,pt Primeira Liga,FW,,62,0.7,,,,,,,,,,
Matheus França,FC Alverca,pt Primeira Liga,FW,22.8,25,0.3,,,,,,,,,,
Afonso Duarte,Santa Clara,pt Primeira Liga,FW,,27,0.3,,,,,,,,,,
Alexandre Parsemain,Moreirense,pt Primeira Liga,FW,23.6,434,4.8,,,,,,,,,,
Fally Mayulu,FC Arouca,pt Primeira Liga,FW,24.5,9,0.1,,,,,,,,,,
Afonso Vieira,Moreirense,pt Primeira Liga,FW,35.1,104,1.2,,,,,,,,,,
Aymen Zouin,Casa Pia,pt Primeira Liga,FW,,2,0.0,,,,,,,,,,
Sam Johnstone,Celtic,sco Premiership,GK,33.8,90,1.0,,,,,,,,,,
Scott Bain,Falkirk FC,sco Premiership,GK,35.1,450,5.0,,,,,,,,,795.8328804310196,World Class
Alex Paulsen,Motherwell,sco Premiership,GK,24.5,450,5.0,,,,,,,,,836.7023037744344,World Class
Jacob Chapman,St. Mirren,sco Premiership,GK,,540,6.0,,,,,,,,,621.0732611554225,Top Starter
Marius Müller,Aberdeen,sco Premiership,GK,33.5,450,5.0,,,,,,,,,822.4266227427908,World Class
Ivor Pandur,Rangers,sco Premiership,GK,26.8,540,6.0,,,,,,,,,480.24228158155813,Top Starter
Max Stryjek,Kilmarnock,sco Premiership,GK,30.5,450,5.0,,,,,,,,,650.3184296105796,Top Starter
Viljami Sinisalo,Celtic,sco Premiership,GK,25.2,450,5.0,,,,,,,,,818.3840029599612,World Class
Toby Steward,St. Johnstone,sco Premiership,GK,,540,6.0,,,,,,,,,506.0206010607472,Top Starter
Raphael Sallinger,Hibernian,sco Premiership,GK,31.1,450,5.0,,,,,,,,,479.1770921174733,Top Starter
Owen Goodman,Dundee FC,sco Premiership,GK,23.1,540,6.0,,,,,,,,,823.7261591371678,World Class
Jack James Walton,Dundee United,sco Premiership,GK,28.7,540,6.0,,,,,,,,,447.17437855705634,Top Starter
Beau Reus,Heart of Midlothian,sco Premiership,GK,25.2,450,5.0,,,,,,,,,314.02520960793055,Solid Squad Player
Kieran Tierney,Celtic,sco Premiership,DF,29.6,251,2.8,,,,,,,,,,
Liam Scales,Celtic,sco Premiership,DF,28.4,357,4.0,,,,,,,,,,
Emmanuel Fernandez,Rangers,sco Premiership,DF,25.1,539,6.0,,,,,667.3003492189919,Top Starter,630.3296831089284,Top Starter,,
Cameron Carter-Vickers,Celtic,sco Premiership,DF,29.0,450,5.0,,,,,656.282100528086,Top Starter,658.4348831584228,Top Starter,,
Martin Moormann,Motherwell,sco Premiership,DF,25.7,425,4.7,,,,,,,,,,
Jason Kerr,Hibernian,sco Premiership,DF,29.9,450,5.0,,,,,629.3408086964818,Top Starter,603.954689353222,Top Starter,,
Oisin McEntee,Heart of Midlothian,sco Premiership,DF,26.0,405,4.5,,,,,,,,,,
Henry Fieldson,St. Mirren,sco Premiership,DF,,450,5.0,,,,,724.7790319600945,Top Starter,603.1760853922202,Top Starter,,
Marcus Fraser,St. Mirren,sco Premiership,DF,32.5,141,1.6,,,,,,,,,,
Johnny Koutroumbis,Motherwell,sco Premiership,DF,28.8,26,0.3,,,,,,,,,,
Owen Bevan,Dundee FC,sco Premiership,DF,23.2,540,6.0,,,,,644.8265167921618,Top Starter,603.6163190290107,Top Starter,,
Michael Forbes,Dundee United,sco Premiership,DF,22.7,540,6.0,,,,,661.2582864514766,Top Starter,594.8679964765663,Top Starter,,
Auston Trusty,Celtic,sco Premiership,DF,28.4,470,5.2,,,,,426.51813108468815,Top Starter,534.6284537108778,Top Starter,,
Ryan Astley,Dundee FC,sco Premiership,DF,25.2,540,6.0,,,,,634.0304951634773,Top Starter,572.8650257622264,Top Starter,,
Dujon Sterling,Rangers,sco Premiership,DF,27.2,360,4.0,,,,,,,,,,
Jamie Knight-Lebel,Motherwell,sco Premiership,DF,22.0,249,2.8,,,,,,,,,,
Jake Girdwood-Reich,Motherwell,sco Premiership,DF,22.6,226,2.5,,,,,,,,,,
Cheick Diabate,St. Johnstone,sco Premiership,DF,38.7,540,6.0,,,,,474.24278435239296,Top Starter,499.31651033427676,Top Starter,,
Dane Murray,Celtic,sco Premiership,DF,23.5,100,1.1,,,,,,,,,,
Stephen O'Donnell,Motherwell,sco Premiership,DF,34.6,67,0.7,,,,,,,,,,
Nesta Guinness-Walker,Aberdeen,sco Premiership,DF,,427,4.7,,,,,,,,,,
James Penrice,Rangers,sco Premiership,DF,28.0,342,3.8,,,,,,,,,,
Daniel Happe,Aberdeen,sco Premiership,DF,,360,4.0,,,,,,,,,,
Alexander Gogić,St. Mirren,sco Premiership,DF,27.6,540,6.0,,,,,584.1396566087519,Top Starter,494.5508281546871,Top Starter,,
Alistair Johnston,Celtic,sco Premiership,DF,28.2,135,1.5,,,,,,,,,,
Olwethu Makhanya,Rangers,sco Premiership,DF,22.7,450,5.0,,,,,558.4579305149986,Top Starter,579.6725142663237,Top Starter,,
Emmanuel Longelo,Motherwell,sco Premiership,DF,26.0,411,4.6,,,,,,,,,,
Cathal McCarthy,Kilmarnock,sco Premiership,DF,,270,3.0,,,,,,,,,,
Imari Samuels,Dundee FC,sco Premiership,DF,23.9,87,1.0,,,,,,,,,,
Calvin Ramsay,St. Mirren,sco Premiership,DF,23.4,303,3.4,,,,,,,,,,
Enes Alić,St. Johnstone,sco Premiership,DF,27.3,360,4.0,,,,,,,,,,
Jordi Altena,Heart of Midlothian,sco Premiership,DF,23.1,403,4.5,,,,,,,,,,
Jamie McCart,Heart of Midlothian,sco Premiership,DF,29.5,282,3.1,,,,,,,,,,
Bert Esselink,Dundee United,sco Premiership,DF,27.4,512,5.7,,,,,588.1286613938862,Top Starter,570.3969764405251,Top Starter,,
Colby Donovan,Celtic,sco Premiership,DF,20.3,413,4.6,,,,,,,,,,
Tuur Rommens,Rangers,sco Premiership,DF,23.8,180,2.0,,,,,,,,,,
Louis Jackson,St. Mirren,sco Premiership,DF,21.3,90,1.0,,,,,,,,,,
Christian Borchgrevink,Heart of Midlothian,sco Premiership,DF,27.6,137,1.5,,,,,,,,,,
Harry Milne,Heart of Midlothian,sco Premiership,DF,30.2,143,1.6,,,,,,,,,,
Liam Henderson,Falkirk FC,sco Premiership,DF,,417,4.6,,,,,,,,,,
Lewis Mayo,Aberdeen,sco Premiership,DF,26.8,424,4.7,,,,,,,,,,
Ben Godfrey,Rangers,sco Premiership,DF,29.0,75,0.8,,,,,,,,,,
Drey Wright,Dundee FC,sco Premiership,DF,32.7,457,5.1,,,,,621.4776175270803,Top Starter,617.5928059503068,Top Starter,,
Danny Finlayson,St. Johnstone,sco Premiership,DF,25.9,90,1.0,,,,,,,,,,
Jack Baird,St. Johnstone,sco Premiership,DF,30.9,12,0.1,,,,,,,,,,
George Stanger,Kilmarnock,sco Premiership,DF,26.4,432,4.8,,,,,,,,,,
Lewis Neilson,Falkirk FC,sco Premiership,DF,23.6,360,4.0,,,,,,,,,,
Joshua Rawlins,Dundee United,sco Premiership,DF,22.7,450,5.0,,,,,519.005383344406,Top Starter,388.6270862855416,Solid Squad Player,,
Zach Mitchell,St. Johnstone,sco Premiership,DF,22.0,450,5.0,,,,,509.1791638580338,Top Starter,491.04997793453464,Top Starter,,
Iurie Iovu,Dundee United,sco Premiership,DF,24.5,28,0.3,,,,,,,,,,
Warren O'Hora,Hibernian,sco Premiership,DF,27.7,180,2.0,,,,,,,,,,
Jack Milne,Aberdeen,sco Premiership,DF,23.9,34,0.4,,,,,,,,,,
Ewan Wilson,Motherwell,sco Premiership,DF,22.1,22,0.2,,,,,,,,,,
Idris Odutayo,Dundee FC,sco Premiership,DF,,450,5.0,,,,,515.140678284802,Top Starter,508.90695647981653,Top Starter,,
Stuart Findlay,Heart of Midlothian,sco Premiership,DF,31.3,360,4.0,,,,,,,,,,
Grant Hanley,Hibernian,sco Premiership,DF,35.1,241,2.7,,,,,,,,,,
Jordan Obita,Hibernian,sco Premiership,DF,33.1,299,3.3,,,,,,,,,,
Matty Foulds,St. Johnstone,sco Premiership,DF,28.9,180,2.0,,,,,,,,,,
Tom Sparrow,Motherwell,sco Premiership,DF,24.1,357,4.0,,,,,,,,,,
Mats Knoester,Aberdeen,sco Premiership,DF,28.1,135,1.5,,,,,,,,,,
Deniss Melniks,Falkirk FC,sco Premiership,DF,24.3,147,1.6,,,,,,,,,,
Dario Naamo,Dundee United,sco Premiership,DF,21.6,11,0.1,,,,,,,,,,
Johnly Yfeko,Kilmarnock,sco Premiership,DF,23.5,135,1.5,,,,,,,,,,
Leon McCann,Falkirk FC,sco Premiership,DF,26.8,350,3.9,,,,,,,,,,
Gavin Molloy,Aberdeen,sco Premiership,DF,25.2,114,1.3,,,,,,,,,,
Michael Schjønning-Larsen,Kilmarnock,sco Premiership,DF,25.9,434,4.8,,,,,,,,,,
Scott Tanser,Falkirk FC,sco Premiership,MF,32.2,100,1.1,,,,,,,,,,
Kosta Nedeljković,Rangers,sco Premiership,DF,21.0,77,0.9,,,,,,,,,,
Kevin Ciubotaru,Dundee United,sco Premiership,DF,22.9,116,1.3,,,,,,,,,,
Jamie Brandon,Kilmarnock,sco Premiership,DF,28.9,316,3.5,,,,,,,,,,
Liam Smith,St. Johnstone,sco Premiership,DF,30.7,353,3.9,,,,,,,,,,
Joe Wright,Dundee FC,sco Premiership,DF,31.8,25,0.3,,,,,,,,,,
Robbie Deas,Kilmarnock,sco Premiership,DF,26.8,18,0.2,,,,,,,,,,
Jack Iredale,Hibernian,sco Premiership,DF,30.7,33,0.4,,,,,,,,,,
Ethan Brown,Kilmarnock,sco Premiership,DF,21.6,90,1.0,,,,,,,,,,
Jonathan Meier,Kilmarnock,sco Premiership,DF,27.1,45,0.5,,,,,,,,,,
Marcello De Barros,St. Mirren,sco Premiership,DF,28.9,1,0.0,,,,,,,,,,
Tom Renaud,Heart of Midlothian,sco Premiership,MF,41.4,64,0.7,,,,,,,,,,
Killian Phillips,St. Mirren,sco Premiership,MF,24.8,180,2.0,,,,,,,,,,
Badredine Bouanani,Rangers,sco Premiership,MF,22.1,60,0.7,,,,,,,,,,
Josh McPake,Heart of Midlothian,sco Premiership,MF,25.3,343,3.8,,,,,,,,,,
Kanayochukwu Megwa,Hibernian,sco Premiership,MF,,105,1.2,,,,,,,,,,
Yang Hyun-Jun,Celtic,sco Premiership,MF,24.6,377,4.2,,,,,,,,,,
Dylan Levitt,Motherwell,sco Premiership,MF,26.1,48,0.5,,,,,,,,,,
William Ferry,Dundee United,sco Premiership,MF,,424,4.7,,,,,,,,,,
Mika Baur,Celtic,sco Premiership,MF,22.5,280,3.1,,,,,,,,,,
Fraser Taylor,St. Mirren,sco Premiership,MF,23.9,255,2.8,,,,,,,,,,
Haissem Hassan,Celtic,sco Premiership,MF,24.9,284,3.2,,,,,,,,,,
Arne Engels,Celtic,sco Premiership,MF,23.3,180,2.0,,,,,,,,,,
Joseph Hodge,Motherwell,sco Premiership,MF,24.3,251,2.8,,,,,,,,,,
Thelo Aasgaard,Rangers,sco Premiership,MF,24.7,112,1.2,,,,,,,,,,
Samuel Ramos,St. Mirren,sco Premiership,MF,,251,2.8,,,,,,,,,,
Blair Spittal,Heart of Midlothian,sco Premiership,MF,31.0,274,3.0,,,,,,,,,,
Djeidi Gassama,Rangers,sco Premiership,MF,23.3,395,4.4,,,,,,,,,,
Jardell Kanga,Motherwell,sco Premiership,MF,21.1,167,1.9,,,,,,,,,,
Luke McCowan,Celtic,sco Premiership,MF,29.1,39,0.4,,,,,,,,,,
Callum Wright,Hibernian,sco Premiership,MF,,188,2.1,,,,,,,,,,
Adam Mayor,Hibernian,sco Premiership,MF,,284,3.2,,,,,,,,,,
Taylor Steven,St. Johnstone,sco Premiership,MF,22.3,221,2.5,,,,,,,,,,
Bradley Lyons,Aberdeen,sco Premiership,MF,,90,1.0,,,,,,,,,,
Vicko Ševelj,Dundee United,sco Premiership,MF,26.3,240,2.7,,,,,,,,,,
Dylan Tait,Dundee United,sco Premiership,MF,25.1,430,4.8,,,,,,,,,,
Dan Neil,Rangers,sco Premiership,MF,25.1,309,3.4,,,,,,,,,,
Jesse Randall,Dundee United,sco Premiership,MF,24.4,351,3.9,,,,,,,,,,
Ryan Finnigan,Dundee FC,sco Premiership,MF,23.3,471,5.2,,,385.38340844741134,Solid Squad Player,,,689.4124777141352,Top Starter,,
Joel Cotterill,St. Johnstone,sco Premiership,MF,22.2,120,1.3,,,,,,,,,,
Alex Oxlade-Chamberlain,Celtic,sco Premiership,MF,33.4,141,1.6,,,,,,,,,,
Alex Lowry,Motherwell,sco Premiership,MF,23.5,291,3.2,,,,,,,,,,
Paul Nsio,St. Mirren,sco Premiership,MF,20.8,450,5.0,,,433.54523149412694,Top Starter,,,755.4391165691,World Class,,
Callum McGregor,Celtic,sco Premiership,MF,33.5,450,5.0,,,369.5052419404012,Solid Squad Player,,,598.7949025261651,Top Starter,,
Laurent Mendy,Heart of Midlothian,sco Premiership,MF,28.0,312,3.5,,,,,,,,,,
Greg Kiltie,Kilmarnock,sco Premiership,FW,30.0,439,4.9,,,,,,,,,,
Ryan Carr,St. Mirren,sco Premiership,MF,23.5,519,5.8,,,377.512051238535,Solid Squad Player,,,714.0735965697548,Top Starter,,
Craig Sibbald,Falkirk FC,sco Premiership,MF,31.6,135,1.5,,,,,,,,,,
Brad Spencer,Falkirk FC,sco Premiership,MF,30.6,258,2.9,,,,,,,,,,
Jack McMillan,Falkirk FC,sco Premiership,DF,29.0,71,0.8,,,,,,,,,,
Jason Holt,St. Johnstone,sco Premiership,MF,33.9,470,5.2,,,372.91517172226514,Solid Squad Player,,,515.0581164597171,Top Starter,,
Ibrahim Said,Motherwell,sco Premiership,MF,24.5,298,3.3,,,,,,,,,,
Brad Halliday,Dundee FC,sco Premiership,MF,31.5,93,1.0,,,,,,,,,,
Stuart Armstrong,Aberdeen,sco Premiership,MF,34.8,332,3.7,,,,,,,,,,
Roland Idowu,St. Mirren,sco Premiership,MF,24.9,26,0.3,,,,,,,,,,
Findlay Marshall,Aberdeen,sco Premiership,MF,20.7,54,0.6,,,,,,,,,,
Owen Eames,Falkirk FC,sco Premiership,MF,,77,0.9,,,,,,,,,,
Cole Burke,Kilmarnock,sco Premiership,MF,18.4,27,0.3,,,,,,,,,,
Panutche Camará,Dundee United,sco Premiership,MF,29.8,357,4.0,,,,,,,,,,
Tom Lowery,Kilmarnock,sco Premiership,MF,29.0,438,4.9,,,,,,,,,,
Finley Barbrook,Falkirk FC,sco Premiership,MF,,360,4.0,,,,,,,,,,
Connor Ronan,Aberdeen,sco Premiership,MF,28.8,193,2.1,,,,,,,,,,
Ryan Strain,Falkirk FC,sco Premiership,MF,29.7,450,5.0,,,650.8497132272064,Top Starter,,,781.4525766148505,World Class,,
Liam Donnelly,St. Mirren,sco Premiership,MF,30.8,53,0.6,,,,,,,,,,
James Forrest,Celtic,sco Premiership,FW,35.5,106,1.2,,,,,,,,,,
Lukas Fadinger,Motherwell,sco Premiership,MF,26.3,419,4.7,,,,,,,,,,
Tomas Magnusson,Heart of Midlothian,sco Premiership,MF,24.4,235,2.6,,,,,,,,,,
Kai Fotheringham,St. Johnstone,sco Premiership,MF,23.7,140,1.6,,,,,,,,,,
Findlay Curtis,Rangers,sco Premiership,MF,20.6,373,4.1,,,,,,,,,,
Ethan Hamilton,Dundee FC,sco Premiership,MF,28.2,540,6.0,,,283.9506264705232,Solid Squad Player,,,629.709391409193,Top Starter,,
Mehdi Merghem,Dundee United,sco Premiership,MF,29.5,217,2.4,,,,,,,,,,
Luke Thomas,St. Mirren,sco Premiership,FW,27.9,132,1.5,,,,,,,,,,
Calvin Miller,Heart of Midlothian,sco Premiership,FW,29.0,337,3.7,,,,,,,,,,
Cameron Devlin,Rangers,sco Premiership,MF,,334,3.7,,,,,,,,,,
Nicolas Raskin,Rangers,sco Premiership,MF,25.9,325,3.6,,,,,,,,,,
Ross McCrorie,Rangers,sco Premiership,MF,28.8,69,0.8,,,,,,,,,,
Josh Mulligan,Hibernian,sco Premiership,MF,24.1,435,4.8,,,,,,,,,,
Oscar Priestman,Motherwell,sco Premiership,MF,23.8,172,1.9,,,,,,,,,,
Finlay Robertson,Dundee FC,sco Premiership,MF,24.1,230,2.6,,,,,,,,,,
Aremu Afeez,Aberdeen,sco Premiership,MF,27.2,343,3.8,,,,,,,,,,
Dylan Williams,Motherwell,sco Premiership,MF,23.3,126,1.4,,,,,,,,,,
Nicky Cadden,Hibernian,sco Premiership,MF,30.3,15,0.2,,,,,,,,,,
Olly Whyte,Motherwell,sco Premiership,MF,20.1,8,0.1,,,,,,,,,,
Mikey Booth,Motherwell,sco Premiership,MF,20.0,45,0.5,,,,,,,,,,
Jamie McGrath,Hibernian,sco Premiership,Off_MF,30.3,303,3.4,,,,,,,,,,
Zidane Iqbal,Dundee United,sco Premiership,MF,23.7,33,0.4,,,,,,,,,,
Rudi Allan Molotnikov,Hibernian,sco Premiership,MF,20.6,30,0.3,,,,,,,,,,
Charlie Reilly,Dundee FC,sco Premiership,MF,25.1,256,2.8,,,,,,,,,,
Alan Forrest,Dundee FC,sco Premiership,MF,30.3,261,2.9,,,,,,,,,,
Jacob Devaney,Hibernian,sco Premiership,MF,19.6,187,2.1,,,,,,,,,,
Jayden Richardson,St. Mirren,sco Premiership,MF,26.3,253,2.8,,,,,,,,,,
Mohammed Diomande,Rangers,sco Premiership,MF,25.2,135,1.5,,,,,,,,,,
Tony Yogane,Aberdeen,sco Premiership,MF,21.3,208,2.3,,,,,,,,,,
Declan John,St. Mirren,sco Premiership,MF,31.5,449,5.0,,,363.1522983477971,Solid Squad Player,,,411.03207349967084,Top Starter,,
Macaulay Tait,St. Johnstone,sco Premiership,MF,21.3,66,0.7,,,,,,,,,,
Aaron Tshibola,Kilmarnock,sco Premiership,MF,32.0,276,3.1,,,,,,,,,,
Jamie Gullan,St. Johnstone,sco Premiership,MF,27.5,355,3.9,,,,,,,,,,
Ben Krauhaus,Falkirk FC,sco Premiership,MF,,322,3.6,,,,,,,,,,
Oliver Jensen,Celtic,sco Premiership,MF,24.8,111,1.2,,,,,,,,,,
Finn Yeats,Falkirk FC,sco Premiership,MF,22.7,135,1.5,,,,,,,,,,
Lyall Cameron,Dundee United,sco Premiership,MF,24.2,69,0.8,,,,,,,,,,
Mark O'Hara,Kilmarnock,sco Premiership,MF,31.1,179,2.0,,,,,,,,,,
Erik Ring,Kilmarnock,sco Premiership,MF,,277,3.1,,,,,,,,,,
Jack Moorhouse,Dundee FC,sco Premiership,MF,21.1,45,0.5,,,,,,,,,,
Azeem Abdulai,Hibernian,sco Premiership,MF,,17,0.2,,,,,,,,,,
Abdoulaye Yoro,Dundee United,sco Premiership,MF,20.1,172,1.9,,,,,,,,,,
Sam Stanton,St. Johnstone,sco Premiership,MF,32.7,442,4.9,,,,,,,,,,
Matty Todd,St. Johnstone,sco Premiership,MF,,198,2.2,,,,,,,,,,
Tochi Chukwuani,Rangers,sco Premiership,MF,23.8,43,0.5,,,,,,,,,,
Rory McKenzie,Kilmarnock,sco Premiership,Off_MF,33.2,52,0.6,,,,,,,,,,
Nicky Cleșcenco,Kilmarnock,sco Premiership,MF,25.4,104,1.2,,,,,,,,,,
Felix Passlack,Hibernian,sco Premiership,DF,28.6,374,4.2,,,,,,,,,,
Josh Campbell,St. Johnstone,sco Premiership,MF,26.7,131,1.5,,,,,,,,,,
Joe Newell,Hibernian,sco Premiership,MF,33.8,9,0.1,,,,,,,,,,
Roshaun Mathurin,Kilmarnock,sco Premiership,MF,22.9,31,0.3,,,,,,,,,,
Connor McLeod,Falkirk FC,sco Premiership,MF,,21,0.2,,,,,,,,,,
Reece McAlear,St. Johnstone,sco Premiership,MF,24.9,519,5.8,,,281.6337409317376,Solid Squad Player,,,534.2002191248347,Top Starter,,
Žan Bešir,Dundee FC,sco Premiership,MF,,39,0.4,,,,,,,,,,
Logan Chalmers,St. Johnstone,sco Premiership,MF,26.8,58,0.6,,,,,,,,,,
Miguel Changa Chaiwa,Hibernian,sco Premiership,MF,22.6,307,3.4,,,,,,,,,,
Calvin Fodrey,Falkirk FC,sco Premiership,MF,,136,1.5,,,,,,,,,,
Aodhan Doherty,Falkirk FC,sco Premiership,MF,,188,2.1,,,,,,,,,,
Bailey Rice,Kilmarnock,sco Premiership,MF,20.2,85,0.9,,,,,,,,,,
Joe Gardner,Falkirk FC,sco Premiership,MF,21.6,84,0.9,,,,,,,,,,
Paul McGovern,Falkirk FC,sco Premiership,MF,,33,0.4,,,,,,,,,,
Chris Cadden,Aberdeen,sco Premiership,MF,30.3,433,4.8,,,,,,,,,,
Louis  Lloyd,St. Johnstone,sco Premiership,MF,,32,0.4,,,,,,,,,,
Emmanuel Agyei,Dundee United,sco Premiership,MF,22.2,239,2.7,,,,,,,,,,
Alexander Briedl,Aberdeen,sco Premiership,MF,24.7,126,1.4,,,,,,,,,,
Vanja Dragojević,Rangers,sco Premiership,MF,21.0,45,0.5,,,,,,,,,,
Benjamin Nygren,Celtic,sco Premiership,FW,25.5,423,4.7,,,,,,,,,,
Camilo Durán,Celtic,sco Premiership,FW,27.9,387,4.3,,,,,,,,,,
Kasper Høgh,Celtic,sco Premiership,FW,26.1,258,2.9,,,,,,,,,,
Martin Boyle,Hibernian,sco Premiership,FW,33.7,269,3.0,,,,,,,,,,
Ryan Don Naderi,Rangers,sco Premiership,FW,,281,3.1,,,,,,,,,,
Josh Fowler,St. Johnstone,sco Premiership,FW,,389,4.3,,,,,,,,,,
Sabah Kerjota,Heart of Midlothian,sco Premiership,FW,25.4,288,3.2,,,,,,,,,,
Regan Charles-Cook,Motherwell,sco Premiership,FW,29.8,210,2.3,,,,,,,,,,
Bojan Miovski,Rangers,sco Premiership,FW,27.5,22,0.2,,,,,,,,,,
Lawrence Shankland,Rangers,sco Premiership,FW,31.4,363,4.0,,,,,,,,,,
James Wilson,Heart of Midlothian,sco Premiership,FW,,205,2.3,,,,,,,,,,
Daisuke Yokota,Rangers,sco Premiership,FW,26.5,116,1.3,,,,,,,,,,
Kevin Nisbet,Aberdeen,sco Premiership,FW,29.8,360,4.0,,,,,,,,,,
Owen Elding,Hibernian,sco Premiership,FW,20.8,91,1.0,,,,,,,,,,
Jake Young,St. Mirren,sco Premiership,FW,25.4,124,1.4,,,,,,,,,,
Ethan Ross,Falkirk FC,sco Premiership,FW,25.4,315,3.5,,,,,,,,,,
Kim Minsu,Rangers,sco Premiership,FW,21.0,252,2.8,,,,,,,,,,
Youssef Chermiti,Rangers,sco Premiership,FW,22.6,81,0.9,,,,,,,,,,
Sebastian Palmer-Houlden,Motherwell,sco Premiership,FW,,118,1.3,,,,,,,,,,
Chris Mochrie,St. Mirren,sco Premiership,FW,23.7,405,4.5,,,,,,,,,,
Jerome Williams,Heart of Midlothian,sco Premiership,FW,31.8,42,0.5,,,,,,,,,,
Joe Bevan,Dundee FC,sco Premiership,FW,22.5,402,4.5,,,,,,,,,,
Cláudio Braga,Heart of Midlothian,sco Premiership,FW,27.2,432,4.8,,,,,,,,,,
Sebastian Tounekti,Celtic,sco Premiership,FW,24.5,154,1.7,,,,,,,,,,
Tyreece John-Jules,Kilmarnock,sco Premiership,FW,25.9,241,2.7,,,,,,,,,,
Danny Schmidt,St. Johnstone,sco Premiership,FW,43.4,34,0.4,,,,,,,,,,
Jacob Murrell,Falkirk FC,sco Premiership,FW,22.8,165,1.8,,,,,,,,,,
Shumaira Mheuka,Celtic,sco Premiership,FW,19.2,38,0.4,,,,,,,,,,
Ross Maclver,Falkirk FC,sco Premiership,FW,,112,1.2,,,,,,,,,,
Ismeal Kabia,St. Mirren,sco Premiership,FW,21.1,316,3.5,,,,,,,,,,
Daniel Bennie,Dundee United,sco Premiership,FW,,318,3.5,,,,,,,,,,
Ruari Paton,St. Johnstone,sco Premiership,FW,26.4,325,3.6,,,,,,,,,,
Severin Sabri Guendouz,Heart of Midlothian,sco Premiership,FW,,17,0.2,,,,,,,,,,
Andrew Fasanya,Aberdeen,sco Premiership,FW,25.5,8,0.1,,,,,,,,,,
Lewis Smith,Aberdeen,sco Premiership,FW,26.8,196,2.2,,,,,,,,,,
Nikolas Agrafiotis,St. Mirren,sco Premiership,FW,26.7,267,3.0,,,,,,,,,,
Joe Westley,Dundee FC,sco Premiership,FW,22.2,450,5.0,407.5028472443522,Top Starter,,,,,348.9700467070716,Solid Squad Player,,
Kevin Kelsy,Rangers,sco Premiership,FW,22.4,80,0.9,,,,,,,,,,
Callum Osmand,Celtic,sco Premiership,FW,21.1,28,0.3,,,,,,,,,,
Simon Murray,Dundee FC,sco Premiership,FW,34.8,125,1.4,,,,,,,,,,
Tawanda Maswanhise,Motherwell,sco Premiership,FW,24.1,345,3.8,,,,,,,,,,
Willy Vogt,Motherwell,sco Premiership,FW,,164,1.8,,,,,,,,,,
Mitchy Ntelo,Aberdeen,sco Premiership,FW,25.7,153,1.7,,,,,,,,,,
Rogers Mato,Heart of Midlothian,sco Premiership,FW,23.2,17,0.2,,,,,,,,,,
Ieuan Owen,Kilmarnock,sco Premiership,FW,,12,0.1,,,,,,,,,,
Ashley Hay,Dundee FC,sco Premiership,FW,23.5,55,0.6,,,,,,,,,,
Ayoub Mouloua,Aberdeen,sco Premiership,FW,24.3,167,1.9,,,,,,,,,,
Idjessi Metsoko,Dundee United,sco Premiership,FW,24.8,103,1.1,,,,,,,,,,
Lachlan Rose,Dundee United,sco Premiership,FW,27.6,244,2.7,,,,,,,,,,
Neil Farrugia,Dundee United,sco Premiership,FW,27.6,118,1.3,,,,,,,,,,
Bradley Fink,Dundee FC,sco Premiership,FW,23.7,175,1.9,,,,,,,,,,
Eseosa Sule,St. Mirren,sco Premiership,FW,20.8,207,2.3,,,,,,,,,,
Djenairo Daniels,Kilmarnock,sco Premiership,FW,25.0,152,1.7,,,,,,,,,,
Nathan Lowe,Hibernian,sco Premiership,FW,,345,3.8,,,,,,,,,,
Joe Hugill,Kilmarnock,sco Premiership,FW,23.2,450,5.0,204.66727952077892,Solid Squad Player,,,,,195.7439740586925,Below Big-5 Level,,
Thibault Klidje,Hibernian,sco Premiership,FW,25.5,110,1.2,,,,,,,,,,
Eythor Bjørgolfsson,Motherwell,sco Premiership,FW,26.4,59,0.7,,,,,,,,,,
Amadou Ba-Sy,Heart of Midlothian,sco Premiership,FW,25.6,124,1.4,,,,,,,,,,
Zachary Sapsford,Dundee United,sco Premiership,FW,24.4,352,3.9,,,,,,,,,,
Pierre Landry Kaboré,Heart of Midlothian,sco Premiership,FW,25.5,89,1.0,,,,,,,,,,
Ante Šuto,Hibernian,sco Premiership,FW,26.5,148,1.6,,,,,,,,,,
Bobby Wales,Dundee FC,sco Premiership,FW,21.5,169,1.9,,,,,,,,,,
Ben Parkinson,Falkirk FC,sco Premiership,FW,21.8,185,2.1,,,,,,,,,,
Toyosi Olusanya,Aberdeen,sco Premiership,FW,29.2,357,4.0,,,,,,,,,,
Ethan Laidlaw,Falkirk FC,sco Premiership,FW,22.0,79,0.9,,,,,,,,,,
Lukas Watkowiak,FC St. Gallen 1879,ch Super League,GK,30.8,90,1.0,,,,,,,,,,
Leon Schaffran,FC Vaduz,ch Super League,GK,28.4,532,5.9,,,,,,,,,532.5134210010767,Top Starter
Karlo Letica,FC Luzern,ch Super League,GK,29.9,450,5.0,,,,,,,,,505.18417848250624,Top Starter
David von Ballmoos,FC Lugano,ch Super League,GK,32.0,585,6.5,,,,,,,,,754.5843857895816,World Class
Marvin Hübel,Grasshopper Club Zürich,ch Super League,GK,,270,3.0,,,,,,,,,,
Simon Simoni,FC Luzern,ch Super League,GK,22.5,270,3.0,,,,,,,,,,
Anthony Racioppi,FC Sion,ch Super League,GK,28.0,630,7.0,,,,,,,,,461.77673744875165,Top Starter
Silas Huber,FC Zürich,ch Super League,GK,21.5,360,4.0,,,,,,,,,,
Joel Mall,BSC Young Boys,ch Super League,GK,35.7,90,1.0,,,,,,,,,,
Heinz Lindner,FC Zürich,ch Super League,GK,36.5,360,4.0,,,,,,,,,,
Niklas Steffen,FC Thun,ch Super League,GK,25.9,630,7.0,,,,,,,,,516.926378397478,Top Starter
Lawrence Ati Zigi,FC St. Gallen 1879,ch Super League,GK,30.1,540,6.0,,,,,,,,,447.1265454238013,Top Starter
Edvinas Gertmonas,Servette FC,ch Super League,GK,30.6,450,5.0,,,,,,,,,466.80520670755766,Top Starter
Melvin Mastil,FC Lausanne-Sport,ch Super League,GK,,720,8.0,,,,,,,,,551.3093289195706,Top Starter
Léo Besson,Servette FC,ch Super League,GK,24.2,180,2.0,,,,,,,,,,
Mirko Salvi,Basel,ch Super League,GK,32.9,585,6.5,,,,,,,,,380.0955670529182,Solid Squad Player
Marvin Keller,BSC Young Boys,ch Super League,GK,24.5,630,7.0,,,,,,,,,467.91445456818013,Top Starter
Benjamin Büchel,FC Vaduz,ch Super League,GK,37.5,180,2.0,,,,,,,,,,
Felix Gebhardt,FC Lugano,ch Super League,GK,25.0,45,0.5,,,,,,,,,,
Jonas Omlin,Basel,ch Super League,GK,33.0,135,1.5,,,,,,,,,,
Justin Hammel,Grasshopper Club Zürich,ch Super League,GK,26.1,360,4.0,,,,,,,,,,
Yannick Bettkober,Grasshopper Club Zürich,ch Super League,DF,21.8,270,3.0,,,,,,,,,,
Lars Lukas Mai,FC Lugano,ch Super League,DF,26.8,505,5.6,,,,,721.1724853609971,Top Starter,662.6505940129623,Top Starter,,
Hannes Delcroix,FC Lugano,ch Super League,DF,27.8,359,4.0,,,,,,,,,,
Coleen Louis,Basel,ch Super League,DF,,68,0.8,,,,,,,,,,
Cedric Zesiger,BSC Young Boys,ch Super League,DF,28.5,256,2.8,,,,,,,,,,
Ezgjan Alioski,FC Lugano,ch Super League,DF,34.9,201,2.2,,,,,,,,,,
Lewin Blum,BSC Young Boys,ch Super League,DF,25.4,529,5.9,,,,,523.197586713333,Top Starter,462.63911567614207,Top Starter,,
Lindrit Kamberi,FC Zürich,ch Super League,DF,27.2,720,8.0,,,,,774.141730349615,World Class,720.0876465454226,Top Starter,,
Akpe Victory,Basel,ch Super League,DF,,720,8.0,,,,,636.7806165999151,Top Starter,648.1850936252645,Top Starter,,
Steve Rouiller,Servette FC,ch Super League,DF,36.5,630,7.0,,,,,694.1414524960588,Top Starter,627.5297971121608,Top Starter,,
Antonios Papadopoulos,FC Lugano,ch Super League,DF,27.3,630,7.0,,,,,651.362912586,Top Starter,639.3728463904793,Top Starter,,
Marco Burch,Servette FC,ch Super League,DF,26.2,630,7.0,,,,,713.6843116245424,Top Starter,623.3056187540137,Top Starter,,
Kevin Mouanga,FC Lausanne-Sport,ch Super League,DF,26.4,270,3.0,,,,,,,,,,
Andrejs Cigaņiks,FC Luzern,ch Super League,DF,29.7,570,6.3,,,,,655.0543353884609,Top Starter,561.8949536279619,Top Starter,,
Jan Kronig,FC Sion,ch Super League,DF,26.5,630,7.0,,,,,594.1945883065913,Top Starter,582.2496153083358,Top Starter,,
Noé Sow,FC Sion,ch Super League,DF,28.0,630,7.0,,,,,763.5394027295501,World Class,669.2579397339853,Top Starter,,
Niklas Lang,FC Vaduz,ch Super League,DF,,116,1.3,,,,,,,,,,
Keigo Tsunemoto,Basel,ch Super League,DF,28.2,720,8.0,,,,,704.9319712559159,Top Starter,599.5723345288618,Top Starter,,
Damian Kelvin,FC Lugano,ch Super League,DF,24.5,112,1.2,,,,,,,,,,
Alexander Hack,FC Zürich,ch Super League,DF,33.3,311,3.5,,,,,,,,,,
Fabio Fehr,FC Thun,ch Super League,DF,27.0,346,3.8,,,,,,,,,,
Abdou Karim Sow,FC Lausanne-Sport,ch Super League,DF,23.6,720,8.0,,,,,551.2962113227236,Top Starter,547.0383217363044,Top Starter,,
Quentin Maceiras,Servette FC,ch Super League,DF,,418,4.6,,,,,,,,,,
Brandon Soppy,FC Lausanne-Sport,ch Super League,DF,24.9,598,6.6,,,,,703.2784342209254,Top Starter,561.1489620395356,Top Starter,,
Nicolas Bürgy,FC Thun,ch Super League,DF,31.4,450,5.0,,,,,558.8536436349552,Top Starter,446.21447576328904,Top Starter,,
Bung Meng Freimann,FC Luzern,ch Super League,DF,21.1,450,5.0,,,,,710.7497585709277,Top Starter,617.4453661114347,Top Starter,,
Denis Simani,FC Vaduz,ch Super League,DF,35.2,613,6.8,,,,,834.6546025932711,World Class,722.1867704791965,Top Starter,,
Sandro Lauper,BSC Young Boys,ch Super League,DF,30.2,497,5.5,,,,,591.7510423019062,Top Starter,483.0772120892756,Top Starter,,
Bradley Mazikou,Servette FC,ch Super League,DF,30.6,523,5.8,,,,,693.1864584554417,Top Starter,586.3968182904428,Top Starter,,
Joel Bichsel,FC Lugano,ch Super League,DF,24.8,225,2.5,,,,,,,,,,
Bujar Pllana,Grasshopper Club Zürich,ch Super League,DF,25.2,353,3.9,,,,,,,,,,
Flavius Daniliuc,Basel,ch Super League,DF,25.7,720,8.0,,,,,506.7986997467618,Top Starter,497.7434572685484,Top Starter,,
Becir Omeragic,Basel,ch Super League,DF,24.9,457,5.1,,,,,542.1947835845265,Top Starter,529.9618843635999,Top Starter,,
Mattia Zanotti,FC Lugano,ch Super League,DF,24.0,298,3.3,,,,,,,,,,
Liridon Berisha,FC Vaduz,ch Super League,DF,,720,8.0,,,,,727.2864855089013,Top Starter,715.0185301569824,Top Starter,,
Rúben Dantas,FC Luzern,ch Super League,DF,,457,5.1,,,,,578.5743406648273,Top Starter,476.32875418528835,Top Starter,,
Dircssi Ngonzo,FC Lausanne-Sport,ch Super League,DF,21.4,110,1.2,,,,,,,,,,
Dominik Schwizer,FC Vaduz,ch Super League,DF,,371,4.1,,,,,,,,,,
Saidy Janko,BSC Young Boys,ch Super League,DF,31.2,10,0.1,,,,,,,,,,
Hamza Abdallah,FC Lausanne-Sport,ch Super League,DF,23.6,13,0.1,,,,,,,,,,
Pius Dorn,FC Luzern,ch Super League,DF,30.3,450,5.0,,,,,670.2241178262243,Top Starter,565.4590035246091,Top Starter,,
Colin Noah Kleine-Bekel,FC St. Gallen 1879,ch Super League,DF,23.9,303,3.4,,,,,,,,,,
Sekou Kone,FC Lausanne-Sport,ch Super League,DF,20.9,482,5.4,,,,,600.9486205462381,Top Starter,592.8118859064275,Top Starter,,
Jan Bamert,FC Thun,ch Super League,DF,28.8,630,7.0,,,,,620.8405863235325,Top Starter,547.5888930059143,Top Starter,,
Chima Okoroji,FC St. Gallen 1879,ch Super League,DF,29.7,630,7.0,,,,,560.6675353537885,Top Starter,574.9342327866264,Top Starter,,
Nicolas Cozza,FC Lausanne-Sport,ch Super League,DF,28.0,170,1.9,,,,,,,,,,
Jozo Stanić,FC St. Gallen 1879,ch Super League,DF,27.7,552,6.1,,,,,691.9490901596951,Top Starter,667.4771350373326,Top Starter,,
Nico Rissi,Grasshopper Club Zürich,ch Super League,DF,22.9,614,6.8,,,,,662.2645752436254,Top Starter,623.0560373839697,Top Starter,,
Bekhruz Karimov,FC Lugano,ch Super League,DF,,262,2.9,,,,,,,,,,
Loris Benito,BSC Young Boys,ch Super League,DF,35.0,489,5.4,,,,,615.4236224760256,Top Starter,574.6990486085796,Top Starter,,
Marquinhos Cipriano,FC Sion,ch Super League,DF,27.9,450,5.0,,,,,579.2526674199777,Top Starter,527.0622428156246,Top Starter,,
Isaac Schmidt,BSC Young Boys,ch Super League,DF,27.1,261,2.9,,,,,,,,,,
Morgan Poaty,FC Lausanne-Sport,ch Super League,DF,29.5,714,7.9,,,,,610.1815284257723,Top Starter,525.1635671566711,Top Starter,,
Clément Michelin,Basel,ch Super League,DF,29.6,29,0.3,,,,,,,,,,
Martim Marques,FC Lugano,ch Super League,DF,22.9,10,0.1,,,,,,,,,,
Kevin Rüegg,Basel,ch Super League,DF,28.4,61,0.7,,,,,,,,,,
Tyler Fredricson,FC Lausanne-Sport,ch Super League,DF,21.9,99,1.1,,,,,,,,,,
Nicolas Vouilloz,Basel,ch Super League,DF,25.6,181,2.0,,,,,,,,,,
Lilian Njoh,Servette FC,ch Super League,DF,25.1,364,4.0,,,,,,,,,,
Bung Hua Freimann,FC Luzern,ch Super League,DF,,533,5.9,,,,,686.8457733767713,Top Starter,574.8593907014277,Top Starter,,
Lucien Dähler,FC Thun,ch Super League,DF,25.8,379,4.2,,,,,,,,,,
Abdoulaye Diaby,Grasshopper Club Zürich,ch Super League,DF,26.5,167,1.9,,,,,,,,,,
Stefan Bukinac,BSC Young Boys,ch Super League,DF,21.5,451,5.0,,,,,380.9297286791749,Solid Squad Player,290.74166951556674,Solid Squad Player,,
Gregory Wüthrich,BSC Young Boys,ch Super League,DF,32.1,253,2.8,,,,,,,,,,
Selmin Hodza,FC Zürich,ch Super League,DF,23.6,435,4.8,,,,,,,,,,
Numa Lavanchy,FC Sion,ch Super League,DF,33.4,630,7.0,,,,,506.8427231386921,Top Starter,472.3969328478411,Top Starter,,
Nicolas Hasler,FC Vaduz,ch Super League,DF,35.7,663,7.4,,,,,676.4637717273413,Top Starter,543.6621604147417,Top Starter,,
Moritz Jenz,BSC Young Boys,ch Super League,DF,27.7,9,0.1,,,,,,,,,,
Loris Giandomenico,Grasshopper Club Zürich,ch Super League,DF,21.3,11,0.1,,,,,,,,,,
Olivier Mambwa,FC Thun,ch Super League,DF,18.1,80,0.9,,,,,,,,,,
Nias Hefti,FC Sion,ch Super League,DF,27.3,180,2.0,,,,,,,,,,
Tom Strannegård,FC Thun,ch Super League,DF,24.7,252,2.8,,,,,,,,,,
Houboulang Mendes,Servette FC,ch Super League,DF,28.7,226,2.5,,,,,,,,,,
Jaouen Hadjam,BSC Young Boys,ch Super League,DF,23.8,189,2.1,,,,,,,,,,
Theo Bergvall,FC Lausanne-Sport,ch Super League,DF,22.3,298,3.3,,,,,,,,,,
Louis Passavant ,FC Thun,ch Super League,DF,,11,0.1,,,,,,,,,,
Chris Kablan,FC Zürich,ch Super League,DF,32.1,44,0.5,,,,,,,,,,
Loïc Lüthi,FC Luzern,ch Super League,DF,23.3,188,2.1,,,,,,,,,,
Michael Heule,FC Thun,ch Super League,DF,25.7,89,1.0,,,,,,,,,,
Mischa Beeli,FC Vaduz,ch Super League,DF,,77,0.9,,,,,,,,,,
Malik Sawadogo,FC Vaduz,ch Super League,DF,23.5,350,3.9,,,,,,,,,,
Neil Volken,FC Zürich,ch Super League,DF,19.7,332,3.7,,,,,,,,,,
Livano Comenencia,FC Zürich,ch Super League,DF,22.9,346,3.8,,,,,,,,,,
Moussa Cissé,Basel,ch Super League,DF,,354,3.9,,,,,,,,,,
Joel Ruiz,FC St. Gallen 1879,ch Super League,DF,20.2,302,3.4,,,,,,,,,,
Luka Mikulic,Grasshopper Club Zürich,ch Super League,DF,21.7,367,4.1,,,,,,,,,,
Dorian Paloschi,Grasshopper Club Zürich,ch Super League,DF,21.1,103,1.1,,,,,,,,,,
Tom Gaal,FC St. Gallen 1879,ch Super League,DF,25.8,90,1.0,,,,,,,,,,
Jesper Lofgren,FC Luzern,ch Super League,DF,29.7,19,0.2,,,,,,,,,,
Ilan Sauter,FC Zürich,ch Super League,DF,25.9,284,3.2,,,,,,,,,,
Ashvin Balaruban,FC Thun,ch Super League,DF,25.4,105,1.2,,,,,,,,,,
Allan Arigoni,Grasshopper Club Zürich,ch Super League,DF,28.2,12,0.1,,,,,,,,,,
Stefan Knežević,FC Luzern,ch Super League,DF,30.2,275,3.1,,,,,,,,,,
Marco Bürki,FC Thun,ch Super League,DF,33.5,207,2.3,,,,,,,,,,
Sebastian Walker,FC Zürich,ch Super League,DF,21.3,365,4.1,,,,,,,,,,
Etienne Youte Kinkoue,FC Lausanne-Sport,ch Super League,DF,25.0,83,0.9,,,,,,,,,,
Carbone,FC Lugano,ch Super League,DF,21.9,2,0.0,,,,,,,,,,
Alvyn Sanches,BSC Young Boys,ch Super League,MF,23.9,683,7.6,,,816.6991763632913,World Class,,,614.1646370010833,Top Starter,,
Lutfi Dalipi,FC Vaduz,ch Super League,MF,20.6,714,7.9,,,756.1264288235067,World Class,,,532.089610110649,Top Starter,,
Beckham Castro,FC Lugano,ch Super League,MF,23.3,17,0.2,,,,,,,,,,
Donat Rrudhani,FC Sion,ch Super League,MF,27.7,426,4.7,,,,,,,,,,
Beyatt Lekoueiry,FC Lausanne-Sport,ch Super League,MF,21.7,171,1.9,,,,,,,,,,
Anto Grgić,FC Lugano,ch Super League,MF,30.1,576,6.4,,,714.9937034557387,Top Starter,,,541.107054180945,Top Starter,,
Ali Kabacalman,FC Sion,ch Super League,MF,31.3,548,6.1,,,437.92563009355325,Top Starter,,,495.6605447146595,Top Starter,,
Lukas Görtler,FC St. Gallen 1879,ch Super League,MF,32.5,502,5.6,,,719.4023873782072,Top Starter,,,583.9139852948455,Top Starter,,
Timothé Cognat,Servette FC,ch Super League,MF,28.9,494,5.5,,,752.8195621729698,World Class,,,643.9019366886448,Top Starter,,
Uran Bislimi,FC Lugano,ch Super League,MF,27.3,564,6.3,,,590.9338376426122,Top Starter,,,612.5730000226279,Top Starter,,
Ylyas Chouaref,FC Sion,ch Super League,MF,,269,3.0,,,,,,,,,,
Asane Sow,Basel,ch Super League,MF,,570,6.3,,,642.7889222022427,Top Starter,,,502.41266895922695,Top Starter,,
Yanis Cimignani,FC Lugano,ch Super League,MF,24.9,541,6.0,,,553.7524155637127,Top Starter,,,521.0914073243478,Top Starter,,
Baltazar,FC Sion,ch Super League,MF,26.7,630,7.0,,,640.8146646973993,Top Starter,,,543.4087821022832,Top Starter,,
Xherdan Shaqiri,Basel,ch Super League,Off_MF,35.2,447,5.0,683.7360098438296,Top Starter,,,,,486.84860827114073,Top Starter,,
Pedro Naressi,Servette FC,ch Super League,MF,,589,6.5,,,398.90977302300837,Solid Squad Player,,,785.6559214363389,World Class,,
Lukas Daschner,FC St. Gallen 1879,ch Super League,MF,28.3,572,6.4,,,700.4320386219628,Top Starter,,,609.4650820154428,Top Starter,,
Samuel Krasniqi,Grasshopper Club Zürich,ch Super League,MF,22.0,630,7.0,,,708.178748212996,Top Starter,,,478.24807842448143,Top Starter,,
Miguel Reichmuth,FC Zürich,ch Super League,MF,23.2,473,5.3,,,728.1225127316261,Top Starter,,,591.8114117108759,Top Starter,,
Joël Monteiro,BSC Young Boys,ch Super League,MF,27.4,383,4.3,,,,,,,,,,
Manex Gibelalde Mújika,Grasshopper Club Zürich,ch Super League,MF,,330,3.7,,,,,,,,,,
Kastriot Imeri,BSC Young Boys,ch Super League,MF,26.5,192,2.1,,,,,,,,,,
Christian Fassnacht,BSC Young Boys,ch Super League,FW,33.1,390,4.3,,,,,,,,,,
Nassim Zoukit,FC Thun,ch Super League,MF,,332,3.7,,,,,,,,,,
Dereck Moncada,FC Lugano,ch Super League,MF,19.1,382,4.2,,,,,,,,,,
Kazeem Olaigbe,Basel,ch Super League,MF,24.0,504,5.6,,,665.8341413123551,Top Starter,,,353.57110729413665,Solid Squad Player,,
Julian Stark,FC Vaduz,ch Super League,MF,,632,7.0,,,515.0206558634244,Top Starter,,,619.6081558587019,Top Starter,,
Jamie Roche,FC Lausanne-Sport,ch Super League,MF,25.7,341,3.8,,,,,,,,,,
Juan Cabrera,FC Vaduz,ch Super League,MF,23.8,620,6.9,,,528.9069959614807,Top Starter,,,468.3040857070614,Top Starter,,
Matteo Di Giusto,FC Luzern,ch Super League,MF,26.4,696,7.7,,,629.4170674140589,Top Starter,,,417.27525379907456,Top Starter,,
Armin Gigovic,BSC Young Boys,ch Super League,MF,24.7,611,6.8,,,467.4177647368402,Top Starter,,,536.3760705644465,Top Starter,,
Florent Mollet,FC Lausanne-Sport,ch Super League,Off_MF,35.1,509,5.7,454.26580066513264,Top Starter,,,,,379.04228159510535,Solid Squad Player,,
Bledian Krasniqi,FC Zürich,ch Super League,MF,25.5,600,6.7,,,583.9832056140577,Top Starter,,,514.1016185200559,Top Starter,,
Tim Meyer,Grasshopper Club Zürich,ch Super League,MF,22.5,285,3.2,,,,,,,,,,
Miroslav Stevanović,Servette FC,ch Super League,FW,36.4,619,6.9,359.07053318964347,Solid Squad Player,,,,,520.8789152937755,Top Starter,,
Simone Stroscio,Grasshopper Club Zürich,ch Super League,MF,23.4,630,7.0,,,539.4420685673449,Top Starter,,,679.3210809643604,Top Starter,,
Théo Berdayes,FC Sion,ch Super League,MF,24.6,295,3.3,,,,,,,,,,
Daniel Dos Santos,FC Lugano,ch Super League,MF,24.0,427,4.7,,,,,,,,,,
Edimilson Fernandes,BSC Young Boys,ch Super League,MF,30.7,541,6.0,,,398.92001883702136,Solid Squad Player,,,370.08251542534725,Solid Squad Player,,
Luca Mack,FC Vaduz,ch Super League,MF,26.6,666,7.4,,,458.071280631347,Top Starter,,,689.8225340234229,Top Starter,,
Leonardo Bertone,FC Luzern,ch Super League,MF,32.8,720,8.0,,,277.55263745528197,Solid Squad Player,,,425.1034352238224,Top Starter,,
Amir Abrashi,Grasshopper Club Zürich,ch Super League,MF,36.8,477,5.3,,,614.9961856717358,Top Starter,,,558.9560099526043,Top Starter,,
Philip Otele,Basel,ch Super League,MF,27.7,299,3.3,,,,,,,,,,
Mihailo Stevanović,FC St. Gallen 1879,ch Super League,MF,25.0,472,5.2,,,356.40167208253996,Solid Squad Player,,,584.3884602260053,Top Starter,,
Dominik Pech,BSC Young Boys,ch Super League,MF,20.3,289,3.2,,,,,,,,,,
Aurelio Oehlers,FC Luzern,ch Super League,MF,22.9,81,0.9,,,,,,,,,,
Valon Berisha,FC Zürich,ch Super League,MF,33.9,254,2.8,,,,,,,,,,
Levin Winkler,FC Luzern,ch Super League,MF,23.4,21,0.2,,,,,,,,,,
Josias Lukembila,FC Sion,ch Super League,MF,27.3,221,2.5,,,,,,,,,,
Ahmed Kendouci,FC Lugano,ch Super League,MF,27.5,235,2.6,,,,,,,,,,
Alan Virginius,BSC Young Boys,ch Super League,MF,24.0,197,2.2,,,,,,,,,,
Corsin Konietzke,FC St. Gallen 1879,ch Super League,MF,20.5,32,0.4,,,,,,,,,,
Papa Souleymane N'Diaye,FC Lausanne-Sport,ch Super League,MF,21.2,83,0.9,,,,,,,,,,
Lucas Silva,FC Luzern,ch Super League,MF,34.4,293,3.3,,,,,,,,,,
Mattias Käit,FC Thun,ch Super League,MF,28.5,84,0.9,,,,,,,,,,
Metinho,Basel,ch Super League,MF,23.7,568,6.3,,,402.19987184395217,Top Starter,,,478.87003289229483,Top Starter,,
David Douline,Servette FC,ch Super League,MF,33.6,249,2.8,,,,,,,,,,
Mio Zimmermann,FC Luzern,ch Super League,MF,19.4,407,4.5,,,,,,,,,,
Justin Roth,FC Thun,ch Super League,MF,26.2,443,4.9,,,,,,,,,,
Doron Lichtenstein,FC Zürich,ch Super League,MF,,241,2.7,,,,,,,,,,
Liam Scott Chipperfield,FC Sion,ch Super League,MF,22.9,103,1.1,,,,,,,,,,
Olivier Custodio,FC Lausanne-Sport,ch Super League,MF,31.9,559,6.2,,,290.44425748487583,Solid Squad Player,,,446.2267035294418,Top Starter,,
Hugo Vandermersch,FC St. Gallen 1879,ch Super League,MF,27.7,423,4.7,,,,,,,,,,
Betim Fazliji,FC St. Gallen 1879,ch Super League,MF,27.7,45,0.5,,,,,,,,,,
Denis Sahin,Grasshopper Club Zürich,ch Super League,MF,18.5,63,0.7,,,,,,,,,,
Leon Frokaj,FC St. Gallen 1879,ch Super League,MF,,449,5.0,,,466.812986885944,Top Starter,,,524.8007033788251,Top Starter,,
Mats Hammerich,FC Vaduz,ch Super League,MF,,72,0.8,,,,,,,,,,
Fabio Saiz,FC Thun,ch Super League,MF,,506,5.6,,,515.4872296456805,Top Starter,,,582.0794186263284,Top Starter,,
Leandro Schödler,FC Zürich,ch Super League,MF,20.6,658,7.3,,,385.251839142923,Solid Squad Player,,,589.163310758998,Top Starter,,
Ludwig Thorell,Basel,ch Super League,MF,21.8,352,3.9,,,,,,,,,,
Nicky Beloko,FC Lausanne-Sport,ch Super League,MF,26.9,30,0.3,,,,,,,,,,
Jarell Njike Simo,Servette FC,ch Super League,MF,23.0,11,0.1,,,,,,,,,,
Fodé Sylla,FC Sion,ch Super League,MF,20.7,296,3.3,,,,,,,,,,
Nils Reichmuth,FC Thun,ch Super League,MF,24.9,434,4.8,,,,,,,,,,
Carlo Boukhalfa,FC St. Gallen 1879,ch Super League,MF,27.7,185,2.1,,,,,,,,,,
Mattia Walker,FC Vaduz,ch Super League,MF,,77,0.9,,,,,,,,,,
Jonas Harder,Basel,ch Super League,MF,21.3,135,1.5,,,,,,,,,,
Koba Koindredi,FC Lausanne-Sport,ch Super League,MF,25.2,87,1.0,,,,,,,,,,
Kenzo Goudmijn,Grasshopper Club Zürich,ch Super League,MF,25.0,36,0.4,,,,,,,,,,
Mischa Eberhard,FC Vaduz,ch Super League,MF,,61,0.7,,,,,,,,,,
Mohamed Bangoura,FC Zürich,ch Super League,MF,20.9,103,1.1,,,,,,,,,,
Léo Leroy,Basel,ch Super League,MF,26.9,156,1.7,,,,,,,,,,
Behar Neziri,FC St. Gallen 1879,ch Super League,MF,24.0,43,0.5,,,,,,,,,,
Aaron Malouda,Basel,ch Super League,MF,21.1,72,0.8,,,,,,,,,,
Benjamin Kololli,FC Sion,ch Super League,FW,34.6,23,0.3,,,,,,,,,,
Christian Witzig,FC St. Gallen 1879,ch Super League,MF,26.0,490,5.4,,,413.0945586084178,Top Starter,,,388.07661383725656,Solid Squad Player,,
Kevin Spadanuda,FC Zürich,ch Super League,MF,30.0,422,4.7,,,,,,,,,,
Valmir Matoshi,FC Thun,ch Super League,MF,23.5,74,0.8,,,,,,,,,,
Giotto Morandi,Grasshopper Club Zürich,ch Super League,MF,27.8,70,0.8,,,,,,,,,,
Dorian Derbaci,FC Thun,ch Super League,MF,,254,2.8,,,,,,,,,,
Thomas Lopes,Servette FC,ch Super League,MF,19.9,21,0.2,,,,,,,,,,
Edin Etoski,BSC Young Boys,ch Super League,MF,19.8,59,0.7,,,,,,,,,,
Hassane Imourane,Grasshopper Club Zürich,ch Super League,MF,23.7,222,2.5,,,,,,,,,,
Nevio Di Giusto,FC Zürich,ch Super League,MF,21.8,94,1.0,,,,,,,,,,
Samuel Marques,Grasshopper Club Zürich,ch Super League,MF,21.9,78,0.9,,,,,,,,,,
Tyron Owusu,FC Luzern,ch Super League,MF,23.6,456,5.1,,,362.621474773754,Solid Squad Player,,,405.36735381459874,Top Starter,,
Lamine Fomba,Servette FC,ch Super League,MF,28.9,1,0.0,,,,,,,,,,
Gjan Ajdin,FC Lugano,ch Super League,MF,20.0,1,0.0,,,,,,,,,,
Noe Tschanz,BSC Young Boys,ch Super League,MF,,2,0.0,,,,,,,,,,
Samuel Essende,BSC Young Boys,ch Super League,FW,28.9,700,7.8,823.6593673963123,World Class,,,,,547.355794282812,Top Starter,,
Winsley Boteli Mokango,FC Sion,ch Super League,FW,20.5,436,4.8,,,,,,,,,,
Enoch Owusu,FC St. Gallen 1879,ch Super League,FW,22.0,212,2.4,,,,,,,,,,
Aliou Badara Baldé,FC St. Gallen 1879,ch Super League,FW,24.1,526,5.8,619.4786208906147,Top Starter,,,,,539.3799968980231,Top Starter,,
Umeh Emmanuel,FC Zürich,ch Super League,FW,22.3,652,7.2,647.232985525462,Top Starter,,,,,458.3517685998674,Top Starter,,
Furkan Dursun,FC Thun,ch Super League,FW,21.8,222,2.5,,,,,,,,,,
Kevin Behrens,FC Lugano,ch Super League,FW,35.9,135,1.5,,,,,,,,,,
Renato Steffen,FC Lugano,ch Super League,FW,35.2,419,4.7,,,,,,,,,,
Levy Nene,FC Lausanne-Sport,ch Super League,FW,20.8,165,1.8,,,,,,,,,,
Lars Villiger,FC Luzern,ch Super League,FW,23.7,118,1.3,,,,,,,,,,
Mathis Lambourde,Servette FC,ch Super League,FW,21.0,320,3.6,,,,,,,,,,
Brighton Labeau,FC Thun,ch Super League,FW,31.0,423,4.7,,,,,,,,,,
Andrin Hunziker,FC St. Gallen 1879,ch Super League,FW,23.9,166,1.8,,,,,,,,,,
Bahereba Guirassy,BSC Young Boys,ch Super League,FW,,36,0.4,,,,,,,,,,
Nathan Butler-Oyedeji,FC Lausanne-Sport,ch Super League,FW,24.0,371,4.1,,,,,,,,,,
Enzo Molebe,FC Lausanne-Sport,ch Super League,FW,19.3,269,3.0,,,,,,,,,,
Nevio Scherrer,FC St. Gallen 1879,ch Super League,FW,18.7,157,1.7,,,,,,,,,,
Mamadou Kaly Sene,BSC Young Boys,ch Super League,FW,,173,1.9,,,,,,,,,,
Miloš Cocić,FC Vaduz,ch Super League,FW,,431,4.8,,,,,,,,,,
Óscar Clemente,Grasshopper Club Zürich,ch Super League,FW,27.8,400,4.4,,,,,,,,,,
Franck Surdez,FC Sion,ch Super League,FW,24.7,263,2.9,,,,,,,,,,
Young-Jun Lee,Grasshopper Club Zürich,ch Super League,FW,23.6,154,1.7,,,,,,,,,,
Albian Ajeti,FC Lugano,ch Super League,FW,29.8,108,1.2,,,,,,,,,,
Tiemoko Ouattara,Servette FC,ch Super League,FW,21.6,297,3.3,,,,,,,,,,
Nico Maier,FC Thun,ch Super League,FW,26.5,303,3.4,,,,,,,,,,
Daniel Mikołajewski,FC Luzern,ch Super League,FW,20.9,422,4.7,,,,,,,,,,
Sandro Wyss,FC Luzern,ch Super League,FW,18.7,64,0.7,,,,,,,,,,
Elias Pihlström,FC Lugano,ch Super League,FW,20.3,326,3.6,,,,,,,,,,
Žan Celar,Basel,ch Super League,FW,27.8,695,7.7,389.62133446382194,Solid Squad Player,,,,,310.00627142995944,Solid Squad Player,,
Layton Stewart,FC Thun,ch Super League,FW,24.3,244,2.7,,,,,,,,,,
David Datro Fofana,Servette FC,ch Super League,FW,24.0,130,1.4,,,,,,,,,,
Ibrahim Bah Mendes,FC Lausanne-Sport,ch Super League,FW,21.1,193,2.1,,,,,,,,,,
Riccardo Braschi,FC Thun,ch Super League,FW,20.4,18,0.2,,,,,,,,,,
Dejan Sorgić,FC Vaduz,ch Super League,FW,37.3,118,1.3,,,,,,,,,,
Marcel Monsberger,FC Vaduz,ch Super League,FW,34.2,659,7.3,487.9359051456882,Top Starter,,,,,395.5360036677256,Solid Squad Player,,
Kingstone Mutandwa,Servette FC,ch Super League,FW,24.0,199,2.2,,,,,,,,,,
Seydou Traore,FC Lausanne-Sport,ch Super League,FW,22.1,152,1.7,,,,,,,,,,
Marc Gutbub,FC Thun,ch Super League,FW,23.9,162,1.8,,,,,,,,,,
Ilija Despotovic,FC Lausanne-Sport,ch Super League,FW,,27,0.3,,,,,,,,,,
Jesper Karlsson,Servette FC,ch Super League,FW,28.4,15,0.2,,,,,,,,,,
Nikolas Muci,Grasshopper Club Zürich,ch Super League,FW,23.9,410,4.6,,,,,,,,,,
Diego Besio,FC St. Gallen 1879,ch Super League,FW,20.5,149,1.7,,,,,,,,,,
Philippe Keny,FC Zürich,ch Super League,FW,27.6,624,6.9,310.6696672023665,Solid Squad Player,,,,,464.4604113617817,Top Starter,,
Juan Perea,FC Zürich,ch Super League,FW,26.9,69,0.8,,,,,,,,,,
Giacomo Koloto,Basel,ch Super League,FW,18.9,38,0.4,,,,,,,,,,
Alieu Conateh,Grasshopper Club Zürich,ch Super League,FW,,53,0.6,,,,,,,,,,
Samuele Bengondo,Grasshopper Club Zürich,ch Super League,FW,21.0,322,3.6,,,,,,,,,,
Tristan Nunez,Servette FC,ch Super League,FW,17.6,24,0.3,,,,,,,,,,
Daniel Kasper,FC Vaduz,ch Super League,FW,,84,0.9,,,,,,,,,,
Florian Ayé,Servette FC,ch Super League,FW,29.9,230,2.6,,,,,,,,,,
Din Ramic,FC Zürich,ch Super League,FW,18.0,55,0.6,,,,,,,,,,
Noah Christoffersson,FC Thun,ch Super League,FW,27.6,55,0.6,,,,,,,,,,
Alban Ajdini,FC Lausanne-Sport,ch Super League,FW,27.5,45,0.5,,,,,,,,,,
Nando Toggenburger,FC Luzern,ch Super League,FW,,123,1.4,,,,,,,,,,
Samuel Mráz,Servette FC,ch Super League,FW,29.6,315,3.5,,,,,,,,,,
Julian Von Moos,Servette FC,ch Super League,FW,25.8,8,0.1,,,,,,,,,,
Benoit Sida,Servette FC,ch Super League,FW,,28,0.3,,,,,,,,,,
Rilind Nivokazi,FC Sion,ch Super League,FW,26.9,225,2.5,,,,,,,,,,
Dejan Đokić,FC Vaduz,ch Super League,FW,26.3,185,2.1,,,,,,,,,,
Omar Janneh,FC Lausanne-Sport,ch Super League,FW,20.4,666,7.4,315.6937547473477,Solid Squad Player,,,,,374.8021484494022,Solid Squad Player,,
Damienus Reverson,FC Zürich,ch Super League,FW,23.2,153,1.7,,,,,,,,,,
Sascha Meyer,FC Luzern,ch Super League,FW,20.7,198,2.2,,,,,,,,,,
Luke Plange,Grasshopper Club Zürich,ch Super League,FW,24.2,230,2.6,,,,,,,,,,
Faveurdi Bongeli,FC Luzern,ch Super League,FW,,132,1.5,,,,,,,,,,
Konrad De La Fuente,FC Lausanne-Sport,ch Super League,FW,25.5,31,0.3,,,,,,,,,,
Simon Lengen,FC Thun,ch Super League,FW,,136,1.5,,,,,,,,,,
Oscar Kabwit,FC Luzern,ch Super League,FW,21.7,409,4.5,,,,,,,,,,
Predrag Rajković,Al-Ittihad,sa Pro League,GK,31.2,540,6.0,,,,,,,,,868.3055573778782,World Class
Abdulrahman Al Sanbi,Al-Ahli,sa Pro League,GK,25.9,90,1.0,,,,,,,,,,
Marcin Bułka,Neom SC,sa Pro League,GK,27.2,630,7.0,,,,,,,,,793.912759117691,World Class
Nikola Vasilj,Diriyah,sa Pro League,GK,31.1,630,7.0,,,,,,,,,886.7933896488893,World Class
Mory Diaw,Al-Shabab,sa Pro League,GK,33.5,360,4.0,,,,,,,,,,
Orlando Mosquera,Al-Fayha,sa Pro League,GK,32.0,630,7.0,,,,,,,,,654.5980181768779,Top Starter
Mailson,Al-Taawoun,sa Pro League,GK,30.4,630,7.0,,,,,,,,,741.4857077409089,Top Starter
Yassine Bounou,Al-Hilal,sa Pro League,GK,35.7,540,6.0,,,,,,,,,735.1005314989789,Top Starter
Ibrahim Zaied,Al-Hazem,sa Pro League,GK,36.9,630,7.0,,,,,,,,,847.4966529374328,World Class
Fernando Pacheco,Al Faisaly,sa Pro League,GK,34.6,630,7.0,,,,,,,,,456.2647436527912,Top Starter
Mohammed Al-Owais,Al-Hilal,sa Pro League,GK,35.2,90,1.0,,,,,,,,,,
Koen Casteels,Al-Qadsiah,sa Pro League,GK,34.5,450,5.0,,,,,,,,,773.6581944625759,World Class
Edouard Mendy,Al-Ahli,sa Pro League,GK,34.8,540,6.0,,,,,,,,,481.42304698204435,Top Starter
Turki Ba Al-Jawsh,Al-Ettifaq,sa Pro League,GK,23.1,630,7.0,,,,,,,,,400.6902185596741,Top Starter
Adrian Šemper,Al-Fateh,sa Pro League,GK,29.0,360,4.0,,,,,,,,,,
Anthony Moris,Al-Khaleej,sa Pro League,GK,36.7,630,7.0,,,,,,,,,390.55551560269095,Solid Squad Player
Mohammed Al-Absi,Al-Ittihad,sa Pro League,GK,24.3,90,1.0,,,,,,,,,,
Milan Borjan,Al-Riyadh,sa Pro League,GK,39.2,630,7.0,,,,,,,,,498.304547224699,Top Starter
Waled Al Enazi,Al-Fateh,sa Pro League,GK,30.5,270,3.0,,,,,,,,,,
Donovan Léon,Abha,sa Pro League,GK,34.2,630,7.0,,,,,,,,,370.9688123227819,Solid Squad Player
Hamed Al-Shanqity,Al-Kholood,sa Pro League,GK,21.7,630,7.0,,,,,,,,,383.1376614240753,Solid Squad Player
Ahmed Al-Kassar,Al-Qadsiah,sa Pro League,GK,35.7,180,2.0,,,,,,,,,,
Mohammed Al-Mahasneh,Al-Shabab,sa Pro League,GK,29.7,270,3.0,,,,,,,,,,
Nawaf Al-Aqidi,Al-Nassr,sa Pro League,GK,26.6,180,2.0,,,,,,,,,,
Abdulrahman Al-Otaibi,Al-Nassr,sa Pro League,GK,18.9,74,0.8,,,,,,,,,,
Bento,Al-Nassr,sa Pro League,GK,27.6,372,4.1,,,,,,,,,,
Edgaras Utkus,Al-Kholood,sa Pro League,DF,26.5,630,7.0,,,,,641.9299067225338,Top Starter,526.0087643459323,Top Starter,,
Abdulelah Al-Amri,Al-Nassr,sa Pro League,DF,30.0,430,4.8,,,,,,,,,,
Marwane Saadane,Al-Fateh,sa Pro League,DF,35.0,404,4.5,,,,,,,,,,
Malang Sarr,Neom SC,sa Pro League,DF,27.9,630,7.0,,,,,645.6503725667574,Top Starter,565.3872855930028,Top Starter,,
Andrei Girotto,Al Faisaly,sa Pro League,DF,34.9,630,7.0,,,,,841.3102374346595,World Class,668.9088104396551,Top Starter,,
Stephane Keller,Al-Ittihad,sa Pro League,DF,25.4,225,2.5,,,,,,,,,,
Nathan Zeze,Neom SC,sa Pro League,DF,21.5,630,7.0,,,,,464.99740599918465,Top Starter,364.75963092037824,Solid Squad Player,,
Boubakar Kouyaté,Al-Khaleej,sa Pro League,DF,,362,4.0,,,,,,,,,,
Theo Hernández,Al-Hilal,sa Pro League,DF,29.2,135,1.5,,,,,,,,,,
Abdulaziz Al Suwailem,Al-Fateh,sa Pro League,DF,20.7,269,3.0,,,,,,,,,,
Sultan Tanker,Al-Hazem,sa Pro League,DF,,458,5.1,,,,,512.2701165080003,Top Starter,399.4964533124369,Solid Squad Player,,
Mohammed Al-Dosari,Abha,sa Pro League,DF,,270,3.0,,,,,,,,,,
Iñigo Martínez,Al-Nassr,sa Pro League,DF,35.6,450,5.0,,,,,446.044319413281,Top Starter,431.42860482256896,Top Starter,,
Moteb Al-Harbi,Al-Hilal,sa Pro League,DF,26.9,447,5.0,,,,,637.2920273313853,Top Starter,569.8814843903511,Top Starter,,
Saad Yaslam Balobaid,Al-Ahli,sa Pro League,DF,26.9,258,2.9,,,,,,,,,,
Ali Lajami,Al-Hilal,sa Pro League,DF,30.7,289,3.2,,,,,,,,,,
Chancel Mbemba,Diriyah,sa Pro League,DF,32.4,617,6.9,,,,,542.4046075184632,Top Starter,432.96963612520244,Top Starter,,
Hassan Kadesh,Al-Ittihad,sa Pro League,DF,34.3,522,5.8,,,,,498.7218498119756,Top Starter,380.65765391641634,Solid Squad Player,,
Mohammed Alburayk,Neom SC,sa Pro League,DF,34.3,276,3.1,,,,,,,,,,
Nacho,Al-Qadsiah,sa Pro League,DF,37.0,630,7.0,,,,,578.6099391413237,Top Starter,493.5190671272672,Top Starter,,
Mohamed Simakan,Al-Nassr,sa Pro League,DF,26.7,405,4.5,,,,,,,,,,
Hussain Qasim,Al-Riyadh,sa Pro League,DF,29.3,21,0.2,,,,,,,,,,
Muteb Al-Mufarrij,Al-Taawoun,sa Pro League,DF,30.4,540,6.0,,,,,545.7999194655517,Top Starter,487.28733077210654,Top Starter,,
Rayan Hamed,Al-Ahli,sa Pro League,DF,24.7,405,4.5,,,,,,,,,,
Mohammed Al-Khabrani,Al-Khaleej,sa Pro League,DF,33.2,601,6.7,,,,,403.7970879251655,Top Starter,333.1046155493627,Solid Squad Player,,
Roger Ibanez,Al-Ahli,sa Pro League,DF,28.1,630,7.0,,,,,632.5085475852054,Top Starter,671.9578606940967,Top Starter,,
Ahmed Al-Nakhli,Al-Hazem,sa Pro League,DF,24.8,207,2.3,,,,,,,,,,
Danilo Pereira,Al-Ittihad,sa Pro League,DF,35.3,508,5.6,,,,,515.8652539272449,Top Starter,439.0694190532942,Top Starter,,
Omar Colley,Al-Fayha,sa Pro League,DF,34.2,180,2.0,,,,,,,,,,
Mamadou Barry,Al-Shabab,sa Pro League,DF,21.8,624,6.9,,,,,639.0588305838282,Top Starter,581.4288482774647,Top Starter,,
Nader Al Sharari,Al-Nassr,sa Pro League,DF,30.7,16,0.2,,,,,,,,,,
Jehad Thakri,Al-Qadsiah,sa Pro League,DF,25.4,460,5.1,,,,,709.0389463604416,Top Starter,580.6060154871103,Top Starter,,
Nawaf Boushal,Al-Nassr,sa Pro League,DF,27.3,630,7.0,,,,,670.6428689878397,Top Starter,649.2572822932085,Top Starter,,
Abdullah Al Bishi,Al-Ettifaq,sa Pro League,DF,20.0,18,0.2,,,,,,,,,,
Mohammed Mahzari,Al-Hilal,sa Pro League,DF,24.6,588,6.5,,,,,473.52135944927625,Top Starter,527.1675141443683,Top Starter,,
Abdulaziz Al-Faraj,Diriyah,sa Pro League,DF,,571,6.3,,,,,452.3584028341701,Top Starter,532.3930768118179,Top Starter,,
Berat Djimsiti,Diriyah,sa Pro League,DF,33.9,450,5.0,,,,,487.42737309851793,Top Starter,388.93067502654134,Solid Squad Player,,
Saeed Baattia,Al-Ahli,sa Pro League,DF,26.3,331,3.7,,,,,,,,,,
Abdullah Al-Hafith,Al-Khaleej,sa Pro League,DF,34.0,63,0.7,,,,,,,,,,
Mansour Camara,Al-Kholood,sa Pro League,DF,19.4,629,7.0,,,,,545.6105562839987,Top Starter,388.40033298040123,Solid Squad Player,,
Faris Abdi,Al-Ittihad,sa Pro League,DF,27.6,585,6.5,,,,,642.224271133164,Top Starter,587.3749995361289,Top Starter,,
Jan-Carlo Simic,Al-Ittihad,sa Pro League,DF,21.7,252,2.8,,,,,,,,,,
Jack Hendry,Al-Ettifaq,sa Pro League,DF,31.7,596,6.6,,,,,397.36198612909993,Solid Squad Player,399.3633220912055,Solid Squad Player,,
Islam Ahmed Hawsawi,Neom SC,sa Pro League,DF,25.0,419,4.7,,,,,,,,,,
Kalidou Koulibaly,Al-Hilal,sa Pro League,DF,35.5,593,6.6,,,,,565.1659863060926,Top Starter,525.7237662778775,Top Starter,,
Ramzi Sawlan,Al-Kholood,sa Pro League,DF,,584,6.5,,,,,651.5483061435338,Top Starter,488.6621839326716,Top Starter,,
Yaseen Barnawi,Al Faisaly,sa Pro League,DF,33.3,302,3.4,,,,,,,,,,
Salem Alnajdi,Al-Nassr,sa Pro League,DF,23.9,415,4.6,,,,,,,,,,
Abdurahman Al-Dakheel,Al-Hazem,sa Pro League,DF,30.6,540,6.0,,,,,628.2833565187884,Top Starter,482.53756779555954,Top Starter,,
Abdulmalik Al Oyayari,Neom SC,sa Pro League,DF,23.1,477,5.3,,,,,596.787331194206,Top Starter,456.4156041020214,Top Starter,,
Tin Jedvaj,Al-Shabab,sa Pro League,DF,31.1,630,7.0,,,,,452.5981494669717,Top Starter,335.64588335757855,Solid Squad Player,,
Saad Al Mutairy,Al-Hilal,sa Pro League,DF,20.1,10,0.1,,,,,,,,,,
Fawaz Al-Sagour,Al-Khaleej,sa Pro League,DF,30.7,16,0.2,,,,,,,,,,
Mohammed Al-Sarnoukh,Al-Hilal,sa Pro League,DF,19.6,20,0.2,,,,,,,,,,
Abdulrahman Al Obaid,Al-Kholood,sa Pro League,DF,33.7,26,0.3,,,,,,,,,,
Osama Al-Boardi,Al-Riyadh,sa Pro League,DF,,10,0.1,,,,,,,,,,
Mohamed Hameran,Diriyah,sa Pro League,DF,,259,2.9,,,,,,,,,,
Majed Mohammed,Al-Nassr,sa Pro League,DF,,13,0.1,,,,,,,,,,
Khaled Al Shamrani,Abha,sa Pro League,DF,,183,2.0,,,,,,,,,,
Saad Al-Nasser,Al-Nassr,sa Pro League,DF,26.0,194,2.2,,,,,,,,,,
Zineddine Belaid,Al-Taawoun,sa Pro League,DF,27.8,540,6.0,,,,,546.3882492552649,Top Starter,469.19311853444054,Top Starter,,
Qasim Lajami,Diriyah,sa Pro League,DF,30.7,256,2.8,,,,,,,,,,
Gastón Álvarez,Al-Qadsiah,sa Pro League,DF,26.8,630,7.0,,,,,540.2922671103555,Top Starter,581.4427352333233,Top Starter,,
Mohammed Jahfali,Al Faisaly,sa Pro League,DF,36.2,170,1.9,,,,,,,,,,
Madallah Al-Olayan,Al-Ettifaq,sa Pro League,DF,32.4,362,4.0,,,,,,,,,,
Abdulbaset Hindi,Abha,sa Pro League,DF,29.9,382,4.2,,,,,,,,,,
Mokher Al-Rashidi,Al-Fayha,sa Pro League,DF,,551,6.1,,,,,422.9029436888559,Top Starter,324.2772406967632,Solid Squad Player,,
Abdullah Khateeb,Al-Ettifaq,sa Pro League,DF,31.8,626,7.0,,,,,476.802636239155,Top Starter,451.25131117232644,Top Starter,,
Bassam Al-Hurayji,Al-Taawoun,sa Pro League,DF,26.8,454,5.0,,,,,710.7629811848913,Top Starter,606.1126148903031,Top Starter,,
Hassan Tambakti,Al-Hilal,sa Pro League,DF,27.9,251,2.8,,,,,,,,,,
Abdou Diallo,Abha,sa Pro League,DF,30.7,360,4.0,,,,,,,,,,
Ahmed Al-Julaydan,Al-Ittihad,sa Pro League,DF,22.8,233,2.6,,,,,,,,,,
Meshal Al Dawood,Al-Hilal,sa Pro League,DF,,22,0.2,,,,,,,,,,
Hussain Al Zarie,Al Faisaly,sa Pro League,DF,22.1,59,0.7,,,,,,,,,,
Taher Wadi,Diriyah,sa Pro League,DF,,59,0.7,,,,,,,,,,
Mohammed Al-Khaibari,Al-Riyadh,sa Pro League,DF,24.7,630,7.0,,,,,467.4819964336943,Top Starter,359.50230469197965,Solid Squad Player,,
Abdoulaye Seck,Al Faisaly,sa Pro League,DF,34.6,630,7.0,,,,,471.2526715995021,Top Starter,419.58869116637334,Top Starter,,
Muath Faqeehi,Al-Ittihad,sa Pro League,DF,,60,0.7,,,,,,,,,,
Ahmed Bamasud,Al-Fayha,sa Pro League,DF,,443,4.9,,,,,,,,,,
Mohammed Abdulrahman,Al-Ahli,sa Pro League,DF,24.0,150,1.7,,,,,,,,,,
Yusuf Akçiçek,Al-Hilal,sa Pro League,DF,20.9,53,0.6,,,,,,,,,,
Khalifah Al-Dawsari,Neom SC,sa Pro League,DF,28.0,164,1.8,,,,,,,,,,
Saeed Al Hamsal,Al-Khaleej,sa Pro League,DF,30.7,413,4.6,,,,,,,,,,
Kennedy Boateng,Al-Fateh,sa Pro League,DF,30.1,446,5.0,,,,,511.9740295425691,Top Starter,422.7613588941677,Top Starter,,
Ziyad Aljari,Al-Fateh,sa Pro League,DF,25.1,148,1.6,,,,,,,,,,
Zakaria Hawsawi,Al-Ahli,sa Pro League,DF,26.0,347,3.9,,,,,,,,,,
Amine Ben Hmida,Al-Hazem,sa Pro League,DF,,486,5.4,,,,,656.7407889565661,Top Starter,524.0087513238651,Top Starter,,
Awn Al-Saluli,Al-Taawoun,sa Pro League,DF,28.3,317,3.5,,,,,,,,,,
Mory Konate,Al-Hazem,sa Pro League,DF,33.1,288,3.2,,,,,,,,,,
Abdullah Al-Fahad,Abha,sa Pro League,DF,32.5,348,3.9,,,,,,,,,,
Abdulrahman Hendi,Al-Taawoun,sa Pro League,DF,,73,0.8,,,,,,,,,,
Hussain Al-Sebyani,Diriyah,sa Pro League,DF,25.5,319,3.5,,,,,,,,,,
Shaquille Riley Pinas,Al-Kholood,sa Pro League,DF,28.8,626,7.0,,,,,453.85213628282634,Top Starter,432.57824876022596,Top Starter,,
Lazar Stojanović,Al-Shabab,sa Pro League,DF,,9,0.1,,,,,,,,,,
Ali Makki,Al-Shabab,sa Pro League,DF,27.7,13,0.1,,,,,,,,,,
Nawaf Al Ghulaimish,Abha,sa Pro League,DF,,35,0.4,,,,,,,,,,
Sultan Al Shehri,Al-Kholood,sa Pro League,DF,31.5,15,0.2,,,,,,,,,,
Dhari Al-Enezi,Al-Shabab,sa Pro League,DF,,430,4.8,,,,,,,,,,
Muhannad Shanqeeti,Al-Ittihad,sa Pro League,DF,27.8,183,2.0,,,,,,,,,,
Mohammed Al Baqawi,Al-Fayha,sa Pro League,DF,31.5,617,6.9,,,,,454.425650621909,Top Starter,363.79733669125926,Solid Squad Player,,
Saud Haddad,Al Faisaly,sa Pro League,DF,,62,0.7,,,,,,,,,,
Khalid Al-Asiri,Diriyah,sa Pro League,DF,,68,0.8,,,,,,,,,,
Hamad Al-Jayzani,Al-Khaleej,sa Pro League,DF,33.8,58,0.6,,,,,,,,,,
Mohammed Al Dowaish,Al-Fayha,sa Pro League,DF,22.6,27,0.3,,,,,,,,,,
Radhi Al-Oteibi,Al-Ettifaq,sa Pro League,DF,26.6,541,6.0,,,,,389.1388261543191,Solid Squad Player,375.5275632343899,Solid Squad Player,,
Sattam Al Tumbukti,Al-Fateh,sa Pro League,DF,25.3,130,1.4,,,,,,,,,,
Abdul Rahman Al Khaibari,Al-Fateh,sa Pro League,DF,,338,3.8,,,,,,,,,,
Pedro Rebocho,Al-Khaleej,sa Pro League,DF,31.9,610,6.8,,,,,343.8994439818376,Solid Squad Player,336.498896393487,Solid Squad Player,,
Yasser Al-Shahrani,Al-Qadsiah,sa Pro League,DF,34.6,116,1.3,,,,,,,,,,
Paulo Oliveira,Al-Fayha,sa Pro League,DF,35.0,525,5.8,,,,,372.00783278039296,Solid Squad Player,260.3697837755731,Solid Squad Player,,
Mohammed Al-Thani,Al-Shabab,sa Pro League,DF,29.9,599,6.7,,,,,494.2487034680145,Top Starter,449.8965017231558,Top Starter,,
Abdulelah Al Khaibari,Al-Fateh,sa Pro League,DF,,480,5.3,,,,,573.0493020241415,Top Starter,428.98286676851427,Top Starter,,
Ali Al Shaafi,Al-Khaleej,sa Pro League,DF,25.0,20,0.2,,,,,,,,,,
Ahmad Al Mhemaid,Al Faisaly,sa Pro League,DF,,41,0.5,,,,,,,,,,
Merih Demiral,Al-Ahli,sa Pro League,DF,28.8,502,5.6,,,,,617.3916123457785,Top Starter,545.7988319782936,Top Starter,,
Jurien Gaari,Abha,sa Pro League,DF,33.0,630,7.0,,,,,403.6463520471948,Top Starter,396.6349014034237,Solid Squad Player,,
Meshal Alaeli,Al-Ettifaq,sa Pro League,DF,,246,2.7,,,,,,,,,,
Abdullah Madu,Al-Ettifaq,sa Pro League,DF,33.5,104,1.2,,,,,,,,,,
Saud Al Rashed,Al-Hazem,sa Pro League,DF,,554,6.2,,,,,321.23545132048525,Solid Squad Player,318.3741942866495,Solid Squad Player,,
Safwan Aljohani,Abha,sa Pro League,DF,,425,4.7,,,,,,,,,,
Mohammed Sulaiman Bakor,Al-Ahli,sa Pro League,DF,22.7,162,1.8,,,,,,,,,,
Rodrigo Abascal,Al-Riyadh,sa Pro League,DF,33.0,456,5.1,,,,,425.41123233225255,Top Starter,331.181114689017,Solid Squad Player,,
Mohammed Al Shwirekh,Al-Shabab,sa Pro League,DF,28.1,13,0.1,,,,,,,,,,
Yazan Madani,Al-Kholood,sa Pro League,DF,21.9,11,0.1,,,,,,,,,,
Marzouq Tambakti,Al-Ettifaq,sa Pro League,DF,23.9,29,0.3,,,,,,,,,,
Hussam Majrashi,Al-Riyadh,sa Pro League,DF,,95,1.1,,,,,,,,,,
Ziyad Al-Sahafi,Al-Fayha,sa Pro League,DF,32.2,101,1.1,,,,,,,,,,
Sulaiman Hahya Hazazi,Al-Riyadh,sa Pro League,DF,23.9,581,6.5,,,,,497.6445495468631,Top Starter,384.04559346989686,Solid Squad Player,,
Raed Al Shanqiti,Al-Khaleej,sa Pro League,DF,20.8,149,1.7,,,,,,,,,,
Abdullah Bin Subayt,Al Faisaly,sa Pro League,DF,,69,0.8,,,,,,,,,,
Mohammed Al-Shanqiti,Al Faisaly,sa Pro League,DF,27.6,555,6.2,,,,,579.2170793519982,Top Starter,457.27563167612226,Top Starter,,
Ali Al-Bulaihi,Al-Shabab,sa Pro League,DF,,12,0.1,,,,,,,,,,
Mohammed Al Dossari,Neom SC,sa Pro League,DF,,90,1.0,,,,,,,,,,
Farhan Al-Azmi,Al-Hazem,sa Pro League,DF,,13,0.1,,,,,,,,,,
Abdullah Al-Shanqiti,Al-Hazem,sa Pro League,DF,28.0,54,0.6,,,,,,,,,,
Essam Bahri,Al-Riyadh,sa Pro League,DF,21.7,259,2.9,,,,,,,,,,
Khalid Al-Harbi,Al Faisaly,sa Pro League,DF,,279,3.1,,,,,,,,,,
Ahmad Asiri,Al-Khaleej,sa Pro League,DF,35.1,241,2.7,,,,,,,,,,
Yazeed Al-Dosari,Al-Shabab,sa Pro League,DF,,13,0.1,,,,,,,,,,
Sultan Alessa,Al-Riyadh,sa Pro League,DF,21.5,540,6.0,,,,,570.5007007623143,Top Starter,513.6256781346632,Top Starter,,
Nasser Al Haleel,Al-Taawoun,sa Pro League,DF,26.9,31,0.3,,,,,,,,,,
Meshal Ali Khayrallah,Al-Ettifaq,sa Pro League,DF,,64,0.7,,,,,,,,,,
Mohammed Barnawi,Al-Ittihad,sa Pro League,DF,21.4,1,0.0,,,,,,,,,,
Turki Al-Jaadi,Al-Fayha,sa Pro League,DF,,1,0.0,,,,,,,,,,
Adeeb Al Hassan,Al-Taawoun,sa Pro League,DF,37.9,1,0.0,,,,,,,,,,
Jaser Ateeq,Al-Hazem,sa Pro League,DF,,1,0.0,,,,,,,,,,
Rúben Neves,Al-Hilal,sa Pro League,MF,29.8,587,6.5,,,792.1655341908485,World Class,,,716.5569672244222,Top Starter,,
Saïd Benrahma,Neom SC,sa Pro League,FW,31.4,66,0.7,,,,,,,,,,
Yacine Adli,Al-Shabab,sa Pro League,MF,26.4,624,6.9,,,740.6303349890527,Top Starter,,,713.7945080497519,Top Starter,,
Álvaro Medrán,Al-Ettifaq,sa Pro League,MF,32.8,584,6.5,,,793.015536653029,World Class,,,505.3150420721894,Top Starter,,
Crysencio Summerville,Al-Hilal,sa Pro League,MF,25.2,616,6.8,,,792.3819851652586,World Class,,,522.0340259957433,Top Starter,,
Mohammed Abu Al-Shamat,Al-Qadsiah,sa Pro League,MF,24.4,529,5.9,,,759.636358019457,World Class,,,682.3380336842487,Top Starter,,
Moussa Diaby,Al-Ittihad,sa Pro League,MF,27.5,62,0.7,,,,,,,,,,
Ashraf El Mahdioui,Al-Taawoun,sa Pro League,MF,30.6,630,7.0,,,490.99140033124564,Top Starter,,,675.2930355152349,Top Starter,,
Tijjani Reijnders,Al-Qadsiah,sa Pro League,MF,28.4,393,4.4,,,,,,,,,,
Amadou Koné,Neom SC,sa Pro League,MF,21.6,627,7.0,,,609.372931575382,Top Starter,,,572.0718793421079,Top Starter,,
Sergej Milinković-Savić,Al-Hilal,sa Pro League,MF,31.8,618,6.9,,,789.2793754044402,World Class,,,738.7398002145763,Top Starter,,
Francisco Trincão,Al-Ahli,sa Pro League,MF,27.0,563,6.3,,,715.3922829339476,Top Starter,,,416.0651377440151,Top Starter,,
Zaydou Youssouf,Al-Fateh,sa Pro League,MF,27.5,630,7.0,,,537.4309413631762,Top Starter,,,664.7881295859232,Top Starter,,
Eduard Spertsyan,Al-Ahli,sa Pro League,MF,26.6,589,6.5,,,731.8470728138457,Top Starter,,,455.7629961182211,Top Starter,,
Hugo Moura,Al-Fayha,sa Pro League,MF,29.0,627,7.0,,,414.45744883028937,Top Starter,,,408.66203028559744,Top Starter,,
Aboubacar Bah,Al-Hazem,sa Pro League,MF,21.3,616,6.8,,,550.496730982088,Top Starter,,,760.5624173704261,World Class,,
Malcom,Al-Hilal,sa Pro League,FW,29.8,90,1.0,,,,,,,,,,
Idrissa Gana Gueye,Diriyah,sa Pro League,MF,37.3,608,6.8,,,433.5655624882685,Top Starter,,,704.1075571555591,Top Starter,,
Musab Al Juwayr,Al-Qadsiah,sa Pro League,MF,23.5,551,6.1,,,725.8687325885959,Top Starter,,,553.7746543450025,Top Starter,,
Ângelo,Al-Nassr,sa Pro League,MF,,528,5.9,,,770.1554293657248,World Class,,,482.25210437200246,Top Starter,,
Samu Costa,Al-Nassr,sa Pro League,MF,26.1,437,4.9,,,,,,,,,,
Yannick Carrasco,Al-Shabab,sa Pro League,FW,33.3,630,7.0,463.8092489410767,Top Starter,,,,,517.0246902808833,Top Starter,,
Adil Boulbina,Diriyah,sa Pro League,MF,23.7,319,3.5,,,,,,,,,,
Bernard Mensah,Al-Riyadh,sa Pro League,Off_MF,32.2,360,4.0,,,,,,,,,,
Seydouba Cissé,Al-Kholood,sa Pro League,MF,25.9,630,7.0,,,507.02415545047273,Top Starter,,,697.4712157213864,Top Starter,,
Sadio Mané,Al-Nassr,sa Pro League,FW,34.7,601,6.7,547.6557600903799,Top Starter,,,,,570.8855052524643,Top Starter,,
Josh Brownhill,Al-Shabab,sa Pro League,MF,31.0,630,7.0,,,775.6918756509318,World Class,,,651.6790468110917,Top Starter,,
Ondrej Duda,Al-Ettifaq,sa Pro League,MF,32.1,571,6.3,,,461.3619557778563,Top Starter,,,529.3561777450384,Top Starter,,
Omar Mascarell,Al-Khaleej,sa Pro League,MF,33.9,630,7.0,,,252.27852943217954,Solid Squad Player,,,387.58434217152075,Solid Squad Player,,
Richard Ríos,Al-Ittihad,sa Pro League,MF,26.6,198,2.2,,,,,,,,,,
Valentín Vada,Neom SC,sa Pro League,MF,30.8,25,0.3,,,,,,,,,,
Georges-Kévin N'Koudou,Abha,sa Pro League,FW,31.9,220,2.4,,,,,,,,,,
Abdullah Al Ghamdi,Al-Ettifaq,sa Pro League,MF,20.4,45,0.5,,,,,,,,,,
Julian Weigl,Al-Qadsiah,sa Pro League,Def_MF,31.3,540,6.0,,,,,381.6710052821467,Solid Squad Player,477.25246156660796,Top Starter,,
Mukhtar Ali,Al-Ittihad,sa Pro League,MF,29.2,262,2.9,,,,,,,,,,
Christian Bassogog,Al Faisaly,sa Pro League,FW,31.2,567,6.3,344.6148130710049,Solid Squad Player,,,,,480.9798521544199,Top Starter,,
Nawaf Al-Harthi,Al-Fayha,sa Pro League,MF,28.2,312,3.5,,,,,,,,,,
Óscar Rodríguez Arnaiz,Diriyah,sa Pro League,MF,28.5,351,3.9,,,,,,,,,,
Dion Lopy,Al-Ittihad,sa Pro League,MF,24.9,497,5.5,,,480.76587025060036,Top Starter,,,722.257670831847,Top Starter,,
Steven Bergwijn,Al-Ittihad,sa Pro League,FW,29.2,528,5.9,460.82044483966547,Top Starter,,,,,489.76959364585775,Top Starter,,
Teddy Okou,Al-Riyadh,sa Pro League,MF,28.6,572,6.4,,,326.81498073657923,Solid Squad Player,,,385.1619875727389,Solid Squad Player,,
Coba da Costa,Al-Kholood,sa Pro League,MF,24.4,606,6.7,,,694.2250397661692,Top Starter,,,559.9867010690789,Top Starter,,
Abdulelah Al-Malki,Diriyah,sa Pro League,MF,32.2,309,3.4,,,,,,,,,,
Parfait Guiagon,Al-Taawoun,sa Pro League,MF,25.9,314,3.5,,,,,,,,,,
Nabil Fekir,Abha,sa Pro League,Off_MF,33.5,403,4.5,,,,,,,,,,
Husain Al-Qahtani,Diriyah,sa Pro League,MF,32.0,92,1.0,,,,,,,,,,
Theo Bongonda,Al Faisaly,sa Pro League,FW,31.1,350,3.9,,,,,,,,,,
Houssem Aouar,Al-Ittihad,sa Pro League,MF,28.5,524,5.8,,,694.9132420687357,Top Starter,,,450.5675796261809,Top Starter,,
John Buckley,Al-Kholood,sa Pro League,MF,27.2,520,5.8,,,690.646371529335,Top Starter,,,641.0588271274754,Top Starter,,
Christopher Baah,Al-Qadsiah,sa Pro League,MF,,606,6.7,,,726.4190472784879,Top Starter,,,542.9053893875965,Top Starter,,
Marin Petkov,Al-Taawoun,sa Pro League,MF,23.2,625,6.9,,,707.3508467969152,Top Starter,,,709.5366972528857,Top Starter,,
Jaime Seoane,Al Faisaly,sa Pro League,MF,29.9,597,6.6,,,538.7207234454913,Top Starter,,,398.1101299523655,Solid Squad Player,,
Trézéguet,Al-Riyadh,sa Pro League,FW,32.3,352,3.9,,,,,,,,,,
Iker Kortajarena,Al-Kholood,sa Pro League,MF,26.5,516,5.7,,,435.6501172806503,Top Starter,,,408.3767619582063,Top Starter,,
Naif Masoud,Al-Ahli,sa Pro League,MF,25.8,62,0.7,,,,,,,,,,
Enzo Millot,Diriyah,sa Pro League,MF,24.5,443,4.9,,,,,,,,,,
Thomas Partey,Al-Shabab,sa Pro League,MF,33.6,77,0.9,,,,,,,,,,
Hossam Essadak,Al-Fateh,sa Pro League,MF,21.4,9,0.1,,,,,,,,,,
Nasser Al-Dawsari,Al-Hilal,sa Pro League,MF,28.0,228,2.5,,,,,,,,,,
Jordan Larsson,Al-Ettifaq,sa Pro League,FW,29.5,270,3.0,,,,,,,,,,
Bonheur Mugisha,Al-Hazem,sa Pro League,MF,,630,7.0,,,251.26021086316183,Solid Squad Player,,,544.1181852151188,Top Starter,,
Abdulaziz Al-Dwehe,Al-Hazem,sa Pro League,MF,26.7,415,4.6,,,,,,,,,,
Fashion Sakala,Al-Fayha,sa Pro League,MF,29.8,630,7.0,,,451.9794847850574,Top Starter,,,338.71252141563616,Solid Squad Player,,
Clayton Diandy,Diriyah,sa Pro League,MF,20.4,503,5.6,,,550.2387358135845,Top Starter,,,553.40174058902,Top Starter,,
Alfa Semedo,Al-Fayha,sa Pro League,MF,29.3,556,6.2,,,469.92575977356836,Top Starter,,,661.6179506454351,Top Starter,,
Abdullah Al-Qahtani,Al-Fayha,sa Pro League,MF,27.9,112,1.2,,,,,,,,,,
Flávio,Al Faisaly,sa Pro League,MF,30.9,225,2.5,,,,,,,,,,
Elton Acolatse,Al-Hazem,sa Pro League,FW,31.4,293,3.3,,,,,,,,,,
Angelo Fulgini,Al-Khaleej,sa Pro League,Off_MF,30.4,241,2.7,,,,,,,,,,
Ala'a Al-Hejji,Neom SC,sa Pro League,MF,31.1,429,4.8,,,,,,,,,,
Ahmed Al-Shamrani,Al-Hazem,sa Pro League,MF,24.8,262,2.9,,,,,,,,,,
Mohannad Abu Taha,Neom SC,sa Pro League,MF,23.9,247,2.7,,,,,,,,,,
Abdullah Al-Khaibari,Al-Nassr,sa Pro League,MF,30.4,367,4.1,,,,,,,,,,
Kader Keïta,Al-Riyadh,sa Pro League,MF,26.2,331,3.7,,,,,,,,,,
Nahitan Nández,Al-Qadsiah,sa Pro League,MF,31.0,89,1.0,,,,,,,,,,
Yago Souza,Al-Fayha,sa Pro League,MF,,27,0.3,,,,,,,,,,
Ali Al Asmari,Al-Shabab,sa Pro League,MF,30.0,182,2.0,,,,,,,,,,
Mohamed Kanno,Al-Hilal,sa Pro League,MF,32.3,505,5.6,,,557.80104894653,Top Starter,,,521.6637178971614,Top Starter,,
Valentin Atangana Edoa,Al-Ahli,sa Pro League,MF,21.4,608,6.8,,,332.89335376174176,Solid Squad Player,,,678.5125336484614,Top Starter,,
Muhammad Sawan,Al-Kholood,sa Pro League,MF,,152,1.7,,,,,,,,,,
Mohammed Al Aqal,Al-Taawoun,sa Pro League,MF,26.9,208,2.3,,,,,,,,,,
Loreintz Rosier,Abha,sa Pro League,MF,28.4,205,2.3,,,,,,,,,,
Ayman Yahya,Al-Nassr,sa Pro League,MF,25.6,92,1.0,,,,,,,,,,
Sami Al Naji,Al-Nassr,sa Pro League,MF,,62,0.7,,,,,,,,,,
Ziyad Aljohani,Al-Ahli,sa Pro League,MF,25.1,245,2.7,,,,,,,,,,
Abdulrahman Al-Dosari,Al-Kholood,sa Pro League,MF,29.3,279,3.1,,,,,,,,,,
Abdoulaye Kanté,Al-Ettifaq,sa Pro League,MF,21.6,270,3.0,,,,,,,,,,
Meshal Al Mutairi,Al-Ahli,sa Pro League,MF,,53,0.6,,,,,,,,,,
Mohammed Al-Zaid,Abha,sa Pro League,MF,23.0,401,4.5,,,,,,,,,,
Turki Alammar,Al-Qadsiah,sa Pro League,MF,27.3,88,1.0,,,,,,,,,,
Abdulrahman Al-Shereaf,Al Faisaly,sa Pro League,MF,,499,5.5,,,400.38348998267776,Top Starter,,,563.0930160356336,Top Starter,,
Sultan Farhan,Diriyah,sa Pro League,MF,30.3,65,0.7,,,,,,,,,,
Otávio,Al-Qadsiah,sa Pro League,Off_MF,31.9,130,1.4,,,,,,,,,,
Faris Al Ghamdi,Al-Taawoun,sa Pro League,MF,23.5,18,0.2,,,,,,,,,,
Saleh Al-Amri,Al-Khaleej,sa Pro League,FW,33.2,327,3.6,,,,,,,,,,
Majed Omar Kanabah,Al-Khaleej,sa Pro League,MF,33.8,401,4.5,,,,,,,,,,
Mohammed Al Hamdani,Al-Hazem,sa Pro League,MF,,169,1.9,,,,,,,,,,
Rayan Enad,Al-Fayha,sa Pro League,MF,26.0,314,3.5,,,,,,,,,,
Amir Saâyoud,Al-Hazem,sa Pro League,FW,36.3,97,1.1,,,,,,,,,,
Sabri Abdu Dahal,Al-Hilal,sa Pro League,MF,18.8,30,0.3,,,,,,,,,,
Wenderson Galeno,Al-Ahli,sa Pro League,MF,,409,4.5,,,,,,,,,,
Abdulaziz Al Fawaz,Al-Fateh,sa Pro League,MF,18.8,69,0.8,,,,,,,,,,
Nawaf Al-Habashi,Al-Hilal,sa Pro League,MF,28.5,23,0.3,,,,,,,,,,
Oscar Dorley,Al-Taawoun,sa Pro League,MF,,421,4.7,,,,,,,,,,
Crespo,Al-Khaleej,sa Pro League,MF,30.3,598,6.6,,,280.7223540465627,Solid Squad Player,,,458.4991028180882,Top Starter,,
Abdulaziz Al-Aliwa,Al-Qadsiah,sa Pro League,MF,22.9,443,4.9,,,,,,,,,,
Mansour Hamzi,Al-Khaleej,sa Pro League,MF,33.6,48,0.5,,,,,,,,,,
Ali Al-Hassan,Al-Fateh,sa Pro League,MF,29.8,128,1.4,,,,,,,,,,
Victor Lekhal,Al-Riyadh,sa Pro League,MF,32.8,519,5.8,,,285.1297580006296,Solid Squad Player,,,522.7003975337631,Top Starter,,
Bersant Celina,Al-Ettifaq,sa Pro League,MF,30.3,358,4.0,,,,,,,,,,
Firas Al-Ghamdi,Abha,sa Pro League,MF,,463,5.1,,,314.6371010720904,Solid Squad Player,,,534.1760290525947,Top Starter,,
Rakan Kaabi,Al-Ittihad,sa Pro League,MF,24.1,123,1.4,,,,,,,,,,
Abduleallah Hawsawi,Al-Ettifaq,sa Pro League,MF,,8,0.1,,,,,,,,,,
Matheus Gonçalves,Al-Ahli,sa Pro League,MF,21.4,33,0.4,,,,,,,,,,
Fahad Al Jayzani,Al-Riyadh,sa Pro League,MF,,370,4.1,,,,,,,,,,
Faisal Al-Ghamdi,Neom SC,sa Pro League,MF,25.4,60,0.7,,,,,,,,,,
Hussain Al-Shurafa,Al-Riyadh,sa Pro League,MF,,217,2.4,,,,,,,,,,
Abdulilah Al Tale,Al-Riyadh,sa Pro League,MF,,30,0.3,,,,,,,,,,
Mihai Lixandru,Al-Fateh,sa Pro League,MF,25.6,601,6.7,,,289.1797678342335,Solid Squad Player,,,456.3582834008006,Top Starter,,
Sofiane Bendebka,Al-Hazem,sa Pro League,MF,34.4,509,5.7,,,432.22666955038346,Top Starter,,,388.9570840236925,Solid Squad Player,,
Yasir Shammari,Al-Ettifaq,sa Pro League,MF,22.5,363,4.0,,,,,,,,,,
Eid Al Muwallad,Al Faisaly,sa Pro League,MF,25.0,319,3.5,,,,,,,,,,
Basil Yousef Al-Sayyali,Abha,sa Pro League,MF,25.5,93,1.0,,,,,,,,,,
Mohammed Al-Yami,Al-Hazem,sa Pro League,MF,,56,0.6,,,,,,,,,,
Nasser Al-Daajani,Abha,sa Pro League,MF,,261,2.9,,,,,,,,,,
Ayman Fallatah,Al Faisaly,sa Pro League,MF,23.2,87,1.0,,,,,,,,,,
Sorriso,Al-Fateh,sa Pro League,MF,25.9,49,0.5,,,,,,,,,,
André Jordy Ella,Al Faisaly,sa Pro League,MF,37.3,27,0.3,,,,,,,,,,
Cameron Puertas,Al-Qadsiah,sa Pro League,MF,28.4,47,0.5,,,,,,,,,,
Awad Al-Nashri,Al-Shabab,sa Pro League,MF,24.8,60,0.7,,,,,,,,,,
Ayman Al-Hujaili,Al-Hazem,sa Pro League,MF,,8,0.1,,,,,,,,,,
Bader Munshi,Al-Khaleej,sa Pro League,MF,27.5,16,0.2,,,,,,,,,,
Abdulaziz Al Bishi,Al Faisaly,sa Pro League,FW,32.8,36,0.4,,,,,,,,,,
Farhah Ali Alshamrani,Al-Ittihad,sa Pro League,MF,,46,0.5,,,,,,,,,,
Mohammed Al-Rashidi,Al-Kholood,sa Pro League,MF,24.7,9,0.1,,,,,,,,,,
Rakan Al-Tulayhi,Al-Taawoun,sa Pro League,MF,24.1,160,1.8,,,,,,,,,,
Fahad Majed Alhubayshi,Al-Fayha,sa Pro League,MF,,127,1.4,,,,,,,,,,
Nedim Bajrami,Al-Taawoun,sa Pro League,Off_MF,27.8,264,2.9,,,,,,,,,,
Mansor Al-Beshe,Al-Fayha,sa Pro League,MF,26.7,116,1.3,,,,,,,,,,
Murad Al Hawsawi,Al-Hilal,sa Pro League,MF,25.6,41,0.5,,,,,,,,,,
Yaseen Al-Zubaidi,Al-Kholood,sa Pro League,MF,23.7,28,0.3,,,,,,,,,,
Ali Al Hussain,Al-Fayha,sa Pro League,MF,21.6,317,3.5,,,,,,,,,,
Kingsley Coman,Al-Nassr,sa Pro League,FW,30.6,371,4.1,,,,,,,,,,
Nawaf Al Sadi,Al-Khaleej,sa Pro League,MF,26.2,435,4.8,,,,,,,,,,
Giorgos Masouras,Neom SC,sa Pro League,FW,33.0,356,4.0,,,,,,,,,,
Ahmed Al-Anzi,Neom SC,sa Pro League,MF,22.9,26,0.3,,,,,,,,,,
Artem Bondarenko,Al-Ahli,sa Pro League,MF,26.4,149,1.7,,,,,,,,,,
Daniel Podence,Al-Shabab,sa Pro League,FW,31.2,152,1.7,,,,,,,,,,
Abdullah Zaid,Diriyah,sa Pro League,MF,23.0,13,0.1,,,,,,,,,,
Adi,Al-Kholood,sa Pro League,MF,,8,0.1,,,,,,,,,,
Faisal Al-Sobhi,Al-Riyadh,sa Pro League,MF,27.6,88,1.0,,,,,,,,,,
Eyad Houssa,Al-Qadsiah,sa Pro League,MF,20.1,24,0.3,,,,,,,,,,
Matija Glušćević,Al-Ettifaq,sa Pro League,MF,22.6,135,1.5,,,,,,,,,,
Majed Dawran,Abha,sa Pro League,MF,23.4,35,0.4,,,,,,,,,,
Hussain Al-Raqwani,Al-Riyadh,sa Pro League,MF,,54,0.6,,,,,,,,,,
Abdullah Almogren,Al Faisaly,sa Pro League,MF,30.1,92,1.0,,,,,,,,,,
Georginio Wijnaldum,Al-Ittihad,sa Pro League,MF,36.1,27,0.3,,,,,,,,,,
Faisal Al-Sibyani,Abha,sa Pro League,MF,,71,0.8,,,,,,,,,,
Ibrahim Mahnashi,Al-Taawoun,sa Pro League,MF,27.1,186,2.1,,,,,,,,,,
Bader Al Mutairi,Abha,sa Pro League,MF,23.0,27,0.3,,,,,,,,,,
Cheikh Fall,Al-Riyadh,sa Pro League,MF,22.9,28,0.3,,,,,,,,,,
Abdulmalik Al-Jaber,Al-Qadsiah,sa Pro League,MF,23.0,1,0.0,,,,,,,,,,
Abbas Sadiq Alhassan,Neom SC,sa Pro League,MF,,1,0.0,,,,,,,,,,
Ivan Toney,Al-Ahli,sa Pro League,FW,30.8,606,6.7,683.7795940091645,Top Starter,,,,,371.0640918658384,Solid Squad Player,,
João Félix,Al-Nassr,sa Pro League,FW,27.1,511,5.7,694.5293186622613,Top Starter,,,,,505.6589216636738,Top Starter,,
Ollie Watkins,Al-Hilal,sa Pro League,FW,31.0,313,3.5,,,,,,,,,,
Gabriel Martinelli,Al-Hilal,sa Pro League,FW,25.5,160,1.8,,,,,,,,,,
Alexandre Lacazette,Neom SC,sa Pro League,FW,35.6,543,6.0,631.8832413062054,Top Starter,,,,,555.0011877660631,Top Starter,,
Sultan Mandash,Al-Hilal,sa Pro League,FW,32.2,425,4.7,,,,,,,,,,
Saleh Abu Al-Shamat,Al-Ahli,sa Pro League,FW,24.4,186,2.1,,,,,,,,,,
Mourad Batna,Al-Fateh,sa Pro League,FW,36.5,540,6.0,426.58445233579005,Top Starter,,,,,564.7115297445114,Top Starter,,
George Ilenikhena,Al-Ittihad,sa Pro League,FW,20.4,325,3.6,,,,,,,,,,
Darwin Núñez,Diriyah,sa Pro League,FW,27.5,440,4.9,,,,,,,,,,
Mohammed Hamad Al-Qahtani,Al-Qadsiah,sa Pro League,FW,24.4,173,1.9,,,,,,,,,,
Karim Benzema,Al-Hilal,sa Pro League,FW,39.0,160,1.8,,,,,,,,,,
Lukáš Haraslín,Al-Fateh,sa Pro League,FW,30.6,590,6.6,250.40829216573388,Solid Squad Player,,,,,542.5682614858886,Top Starter,,
Mateo Retegui,Al-Qadsiah,sa Pro League,FW,27.7,554,6.2,312.29548588756455,Solid Squad Player,,,,,301.61984556789156,Solid Squad Player,,
Youssef En-Nesyri,Al-Ittihad,sa Pro League,FW,29.6,442,4.9,,,,,,,,,,
Cristiano Ronaldo,Al-Nassr,sa Pro League,FW,41.9,423,4.7,,,,,,,,,,
Julián Quiñones,Al-Qadsiah,sa Pro League,FW,,630,7.0,651.5120641744508,Top Starter,,,,,403.77617646860165,Top Starter,,
Joshua King,Al-Khaleej,sa Pro League,FW,35.0,253,2.8,,,,,,,,,,
Abderazak Hamdallah,Al-Taawoun,sa Pro League,FW,36.0,432,4.8,,,,,,,,,,
Leandro Antunes,Al-Riyadh,sa Pro League,FW,29.4,332,3.7,,,,,,,,,,
Julien Domingues,Al-Kholood,sa Pro League,FW,,561,6.2,611.6951935259053,Top Starter,,,,,294.8251514131112,Solid Squad Player,,
Lázaro,Al-Fayha,sa Pro League,FW,24.8,477,5.3,484.00533310786585,Top Starter,,,,,447.41496092239674,Top Starter,,
Roger Martínez,Al-Shabab,sa Pro League,FW,32.5,492,5.5,349.10747310528757,Solid Squad Player,,,,,321.20179325218004,Solid Squad Player,,
Faisal Al Abdulwahed,Al-Fateh,sa Pro League,FW,22.0,400,4.4,,,,,,,,,,
Alexandre Mendy,Al Faisaly,sa Pro League,FW,32.8,630,7.0,326.5545278136753,Solid Squad Player,,,,,302.319701019107,Solid Squad Player,,
Jason,Al-Fayha,sa Pro League,FW,32.5,217,2.4,,,,,,,,,,
Khalid Al-Ghannam,Al-Ettifaq,sa Pro League,FW,26.1,294,3.3,,,,,,,,,,
Ahmed Al-Ghamdi,Al-Ittihad,sa Pro League,FW,25.3,378,4.2,,,,,,,,,,
Firas Al-Buraikan,Al-Ahli,sa Pro League,FW,26.6,238,2.6,,,,,,,,,,
Kader Meïté,Al-Hilal,sa Pro League,FW,19.2,152,1.7,,,,,,,,,,
Wilfried Kanga,Al-Fateh,sa Pro League,FW,28.9,578,6.4,259.27096427081295,Solid Squad Player,,,,,313.21745224136987,Solid Squad Player,,
Mohammed Al-Kuwaykibi,Al-Taawoun,sa Pro League,FW,32.1,381,4.2,,,,,,,,,,
Rayane Messi,Al-Ettifaq,sa Pro League,FW,19.6,301,3.3,,,,,,,,,,
Alimami Gory,Abha,sa Pro League,FW,30.3,416,4.6,,,,,,,,,,
Moussa Dembélé,Al-Ettifaq,sa Pro League,FW,30.5,565,6.3,252.82956200381932,Solid Squad Player,,,,,344.64657138803466,Solid Squad Player,,
Muhannad Al Saad,Neom SC,sa Pro League,FW,23.5,358,4.0,,,,,,,,,,
Meshari Fahad Al-Nemer,Diriyah,sa Pro League,FW,23.4,78,0.9,,,,,,,,,,
Mohammed Marran,Al-Nassr,sa Pro League,FW,25.9,13,0.1,,,,,,,,,,
Antoin Loic Essomba,Al-Kholood,sa Pro League,FW,,64,0.7,,,,,,,,,,
Abdulrahman Alobud,Al-Shabab,sa Pro League,FW,31.6,134,1.5,,,,,,,,,,
Fahad Zubaidi,Al-Fateh,sa Pro League,FW,25.0,177,2.0,,,,,,,,,,
Hammam Al-Hammami,Al-Shabab,sa Pro League,FW,22.9,527,5.9,229.70225199380525,Solid Squad Player,,,,,611.1288321948181,Top Starter,,
Saif Rashad Mohamed,Al-Taawoun,sa Pro League,FW,,231,2.6,,,,,,,,,,
Abdullah Al-Hamdan,Al-Nassr,sa Pro League,FW,27.3,279,3.1,,,,,,,,,,
Keshim Al-Qahtani,Abha,sa Pro League,FW,26.7,407,4.5,,,,,,,,,,
Khalil Al-Absi,Neom SC,sa Pro League,FW,25.6,438,4.9,,,,,,,,,,
Younes El Bahraoui,Al-Taawoun,sa Pro League,FW,,324,3.6,,,,,,,,,,
Kamil Boumedmed,Abha,sa Pro League,FW,,58,0.6,,,,,,,,,,
Haroune Camara,Neom SC,sa Pro League,FW,29.0,444,4.9,,,,,,,,,,
Afimico Pululu,Al-Hazem,sa Pro League,FW,27.8,533,5.9,216.67724063316152,Solid Squad Player,,,,,349.9509404231964,Solid Squad Player,,
Walead Alshangeati,Al-Hazem,sa Pro League,FW,,34,0.4,,,,,,,,,,
Jefferson Ramos,Al-Fateh,sa Pro League,FW,21.6,45,0.5,,,,,,,,,,
Abdullah Matuq,Al-Shabab,sa Pro League,FW,23.8,152,1.7,,,,,,,,,,
Saleh Al-Shehri,Al-Ittihad,sa Pro League,FW,33.2,35,0.4,,,,,,,,,,
Hisham Al-Dubais,Al-Shabab,sa Pro League,FW,25.3,38,0.4,,,,,,,,,,
Malek Al Abdulmonam,Al-Fayha,sa Pro League,FW,,20,0.2,,,,,,,,,,
Hattan Bahebri,Diriyah,sa Pro League,FW,34.5,196,2.2,,,,,,,,,,
Thamer Al Khaibri,Al-Khaleej,sa Pro League,FW,21.1,225,2.5,,,,,,,,,,
Marwan Al-Sahafi,Al-Ittihad,sa Pro League,FW,22.9,232,2.6,,,,,,,,,,
Silvère Ganvoula M'Boussy,Al-Fayha,sa Pro League,FW,30.5,122,1.4,,,,,,,,,,
Ricardo Mathias,Al-Shabab,sa Pro League,FW,20.4,90,1.0,,,,,,,,,,
Fahad Al-Rashidi,Al-Khaleej,sa Pro League,FW,,153,1.7,,,,,,,,,,
Saad Al-Shurafa,Al-Fateh,sa Pro League,FW,,73,0.8,,,,,,,,,,
Hamad Al-Khorayef,Al-Shabab,sa Pro League,FW,21.1,9,0.1,,,,,,,,,,
Hussain Ahmed Al Issa,Al-Khaleej,sa Pro League,FW,,141,1.6,,,,,,,,,,
Yousef Al-Shammari,Al Faisaly,sa Pro League,FW,29.1,58,0.6,,,,,,,,,,
Michy Batshuayi,Abha,sa Pro League,FW,33.2,540,6.0,122.943423842841,Below Big-5 Level,,,,,296.54687330863777,Solid Squad Player,,
Aboubacar Diakite,Al-Hazem,sa Pro League,FW,,122,1.4,,,,,,,,,,
Abdulkarim Darisi,Abha,sa Pro League,FW,23.7,243,2.7,,,,,,,,,,
Mourad Khodari,Al-Shabab,sa Pro League,FW,,12,0.1,,,,,,,,,,
Battal Al Harthi,Al-Riyadh,sa Pro League,FW,,10,0.1,,,,,,,,,,
Wael Kadan,Al Faisaly,sa Pro League,FW,,8,0.1,,,,,,,,,,
Ali Al Masoud,Al-Fateh,sa Pro League,FW,23.0,11,0.1,,,,,,,,,,
Bassem Al-Arini,Al-Taawoun,sa Pro League,FW,23.0,135,1.5,,,,,,,,,,
Abdullah Radif,Al-Ahli,sa Pro League,FW,23.9,11,0.1,,,,,,,,,,
Musa Barrow,Al-Khaleej,sa Pro League,FW,28.1,443,4.9,,,,,,,,,,
Abdullah Al-Salem,Al-Qadsiah,sa Pro League,FW,34.0,40,0.4,,,,,,,,,,
Hassan Hashim Al-Ali,Al-Riyadh,sa Pro League,FW,,322,3.6,,,,,,,,,,
Gaëtan Laborde,Diriyah,sa Pro League,FW,32.7,179,2.0,,,,,,,,,,
Carlos Junior,Al-Shabab,sa Pro League,FW,31.4,90,1.0,,,,,,,,,,
Witcha,Al-Khaleej,sa Pro League,FW,,1,0.0,,,,,,,,,,
Salman Matar,Al-Riyadh,sa Pro League,FW,,1,0.0,,,,,,,,,,
Gavin Bazunu,Bolton Wanderers,eng Championship,GK,24.9,180,2.0,,,,,,,,,,
Max O'Leary,West Brom,eng Championship,GK,30.2,630,7.0,,,,,,,,,796.5964942701295,World Class
Michael Cooper,Sheffield Utd,eng Championship,GK,,630,7.0,,,,,,,,,530.9251089489276,Top Starter
Daniel Bielica,Portsmouth,eng Championship,GK,27.7,270,3.0,,,,,,,,,,
Arthur Okonkwo,Charlton Athletic,eng Championship,GK,25.3,540,6.0,,,,,,,,,723.2530179447584,Top Starter
George Wickens,Lincoln City,eng Championship,GK,25.1,540,6.0,,,,,,,,,520.3547257140431,Top Starter
Pierce Charles,Queens Park Rangers,eng Championship,GK,21.4,630,7.0,,,,,,,,,741.6093359430765,Top Starter
Jacob Widell Zetterström,Derby County,eng Championship,GK,28.5,630,7.0,,,,,,,,,827.1572354348274,World Class
Federico Ravaglia,Watford,eng Championship,GK,27.1,630,7.0,,,,,,,,,735.6791645411066,Top Starter
James Beadle,Birmingham City,eng Championship,GK,22.5,630,7.0,,,,,,,,,635.7301919242351,Top Starter
Jack Bonham,Bolton Wanderers,eng Championship,GK,33.3,450,5.0,,,,,,,,,799.200622329005,World Class
Viktor Johansson,Stoke City,eng Championship,GK,28.3,630,7.0,,,,,,,,,495.4939475950567,Top Starter
Lukas Jensen,Millwall,eng Championship,GK,27.8,180,2.0,,,,,,,,,,
Nathan Trott,Cardiff City,eng Championship,GK,28.1,630,7.0,,,,,,,,,497.069758928346,Top Starter
José Sá,Wolves,eng Championship,GK,34.0,450,5.0,,,,,,,,,401.32172413054303,Top Starter
Lawrence Vigouroux,Swansea City,eng Championship,GK,33.1,630,7.0,,,,,,,,,416.42263542913366,Top Starter
Radek Vitek,Middlesbrough,eng Championship,GK,23.2,540,6.0,,,,,,,,,401.5190315340864,Top Starter
Balázs Tóth,Blackburn Rovers,eng Championship,GK,29.3,360,4.0,,,,,,,,,,
Daniel Peretz,Southampton,eng Championship,GK,26.5,630,7.0,,,,,,,,,574.1832276198985,Top Starter
William Mannion,Charlton Athletic,eng Championship,GK,,90,1.0,,,,,,,,,,
Anthony Patterson,Wrexham,eng Championship,GK,26.6,630,7.0,,,,,,,,,396.5184869134042,Solid Squad Player
Nicolas Schmid,Portsmouth,eng Championship,GK,29.9,270,3.0,,,,,,,,,,
Mads Hermansen,West Ham,eng Championship,GK,26.5,630,7.0,,,,,,,,,417.4543608376816,Top Starter
Aynsley Pears,Blackburn Rovers,eng Championship,GK,,270,3.0,,,,,,,,,,
Daniel Iversen,Preston North End,eng Championship,GK,29.5,630,7.0,,,,,,,,,478.3048755055655,Top Starter
Max Crocombe,Millwall,eng Championship,GK,33.4,360,4.0,,,,,,,,,,
Max Weiss,Burnley,eng Championship,GK,22.5,630,7.0,,,,,,,,,392.8565676268635,Solid Squad Player
Vladan Kovačević,Norwich City,eng Championship,GK,28.7,630,7.0,,,,,,,,,398.47239530651734,Solid Squad Player
Sam Tickle,Bristol City,eng Championship,GK,,540,6.0,,,,,,,,,294.6703618122972,Solid Squad Player
Daniel Bentley,Wolves,eng Championship,GK,33.5,90,1.0,,,,,,,,,,
Ladislav Krejčí,Wolves,eng Championship,DF,,180,2.0,,,,,,,,,,
Airidas Golambeckis,West Ham,eng Championship,DF,19.2,90,1.0,,,,,,,,,,
Ryan Leonard,Millwall,eng Championship,DF,34.6,90,1.0,,,,,,,,,,
Konstantinos Mavropanos,West Ham,eng Championship,DF,29.1,520,5.8,,,,,702.791276801258,Top Starter,657.8759467494425,Top Starter,,
Dael Fry,Birmingham City,eng Championship,DF,29.3,11,0.1,,,,,,,,,,
Eiran Cashin,Derby County,eng Championship,DF,25.1,169,1.9,,,,,,,,,,
Welington,Southampton,eng Championship,DF,25.9,86,1.0,,,,,,,,,,
Joel Bagan,Cardiff City,eng Championship,DF,,629,7.0,,,,,548.9977466154056,Top Starter,532.9278382758027,Top Starter,,
Stephen Welsh,Swansea City,eng Championship,DF,27.0,626,7.0,,,,,568.8506820172125,Top Starter,584.437239504708,Top Starter,,
Luke Ayling,Middlesbrough,eng Championship,DF,35.4,379,4.2,,,,,,,,,,
Max Cleworth,Wrexham,eng Championship,DF,25.6,211,2.3,,,,,,,,,,
Keven Schlotterbeck,Southampton,eng Championship,DF,29.7,447,5.0,,,,,656.5812419126953,Top Starter,626.3846947974168,Top Starter,,
Sam McCallum,Sheffield Utd,eng Championship,DF,26.3,550,6.1,,,,,729.72560035522,Top Starter,714.1675641710854,Top Starter,,
Jacques Ekomie,Wrexham,eng Championship,DF,23.4,350,3.9,,,,,,,,,,
Conor Townsend,West Brom,eng Championship,DF,33.8,128,1.4,,,,,,,,,,
Chris Mepham,West Brom,eng Championship,DF,29.2,173,1.9,,,,,,,,,,
Morato,West Ham,eng Championship,DF,25.5,79,0.9,,,,,,,,,,
Femi Seriki,Sheffield Utd,eng Championship,DF,24.7,180,2.0,,,,,,,,,,
Lloyd Jones,Charlton Athletic,eng Championship,DF,31.2,630,7.0,,,,,517.4358016506304,Top Starter,487.45590059354157,Top Starter,,
Japhet Tanganga,Sheffield Utd,eng Championship,DF,27.8,630,7.0,,,,,581.2679066103755,Top Starter,591.7955320385494,Top Starter,,
Taylor Harwood-Bellis,Southampton,eng Championship,DF,24.9,90,1.0,,,,,,,,,,
Chris Forino,Bolton Wanderers,eng Championship,DF,48.4,540,6.0,,,,,876.996364882163,World Class,744.2915937062679,Top Starter,,
Perry Ng,Cardiff City,eng Championship,DF,30.7,630,7.0,,,,,594.1636958730126,Top Starter,506.5246546918212,Top Starter,,
Sean McLoughlin,Blackburn Rovers,eng Championship,DF,30.1,630,7.0,,,,,581.7607482603447,Top Starter,549.2324589134447,Top Starter,,
Gabriel Osho,Cardiff City,eng Championship,DF,28.4,540,6.0,,,,,608.1719839026338,Top Starter,537.8898274435849,Top Starter,,
Max Kilman,West Ham,eng Championship,DF,25.6,630,7.0,,,,,502.1029468822444,Top Starter,570.9890187695227,Top Starter,,
Nathaniel Phillips,West Brom,eng Championship,DF,29.8,548,6.1,,,,,640.6079197128079,Top Starter,526.7621810369197,Top Starter,,
Jimmy Dunne,Queens Park Rangers,eng Championship,DF,29.2,498,5.5,,,,,595.8708894522595,Top Starter,647.5484690425934,Top Starter,,
Conor Shaughnessy,Portsmouth,eng Championship,DF,30.5,450,5.0,,,,,506.12033217846886,Top Starter,504.6205629015097,Top Starter,,
Adam Reach,Lincoln City,eng Championship,DF,33.9,537,6.0,,,,,636.1117930202909,Top Starter,550.6155096899142,Top Starter,,
Callum Styles,West Brom,eng Championship,DF,26.8,630,7.0,,,,,535.2010222417363,Top Starter,505.57998899856904,Top Starter,,
Ronnie Edwards,Queens Park Rangers,eng Championship,DF,23.8,630,7.0,,,,,553.2755821872228,Top Starter,493.3225169676843,Top Starter,,
Caleb Wiley,Preston North End,eng Championship,DF,22.0,133,1.5,,,,,,,,,,
Josh Key,Swansea City,eng Championship,DF,,373,4.1,,,,,,,,,,
Adilson Malanda,Middlesbrough,eng Championship,DF,25.2,540,6.0,,,,,617.0415412305096,Top Starter,651.8720811443053,Top Starter,,
Ryley Towler,Lincoln City,eng Championship,DF,,362,4.0,,,,,,,,,,
Ashley Phillips,Middlesbrough,eng Championship,DF,21.5,133,1.5,,,,,,,,,,
Phil Neumann,Birmingham City,eng Championship,DF,29.5,630,7.0,,,,,708.153430727215,Top Starter,692.0259104211958,Top Starter,,
Callum Doyle,Wrexham,eng Championship,DF,,630,7.0,,,,,690.5356638126718,Top Starter,736.3742867467812,Top Starter,,
Rob Dickie,Bristol City,eng Championship,DF,30.8,540,6.0,,,,,562.5445780829782,Top Starter,590.5050799063434,Top Starter,,
Tariq Lamptey,Queens Park Rangers,eng Championship,DF,26.3,204,2.3,,,,,,,,,,
Yerson Mosquera,Wolves,eng Championship,DF,25.7,90,1.0,,,,,,,,,,
George Campbell,West Brom,eng Championship,DF,25.5,541,6.0,,,,,472.70560064277475,Top Starter,407.0213042634561,Top Starter,,
Josh Tymon,Swansea City,eng Championship,DF,27.6,630,7.0,,,,,397.7142219446447,Solid Squad Player,448.90939363022494,Top Starter,,
Hayden Carter,Blackburn Rovers,eng Championship,DF,,126,1.4,,,,,,,,,,
Terry Devlin,Portsmouth,eng Championship,DF,23.2,535,5.9,,,,,702.4459957876451,Top Starter,624.5547735019703,Top Starter,,
Kieran Trippier,Wolves,eng Championship,DF,36.3,88,1.0,,,,,,,,,,
Craig Forsyth,Derby County,eng Championship,DF,37.9,163,1.8,,,,,,,,,,
Billy Koumetio,Charlton Athletic,eng Championship,DF,24.1,180,2.0,,,,,,,,,,
Nasser Djiga,Wolves,eng Championship,DF,24.1,430,4.8,,,,,,,,,,
Andrei Coubiș,Lincoln City,eng Championship,DF,23.3,226,2.5,,,,,,,,,,
Alex Cochrane,Birmingham City,eng Championship,DF,26.7,568,6.3,,,,,579.0828390302398,Top Starter,465.4670825392798,Top Starter,,
Sonny Bradley,Lincoln City,eng Championship,DF,35.3,154,1.7,,,,,,,,,,
Krystian Bielik,Cardiff City,eng Championship,Def_MF,29.0,404,4.5,,,,,,,,,,
Amadou Mbengue,Queens Park Rangers,eng Championship,DF,25.0,479,5.3,,,,,599.4849585650362,Top Starter,687.9847763163538,Top Starter,,
Caleb Taylor,Millwall,eng Championship,DF,24.0,540,6.0,,,,,583.8224701119738,Top Starter,627.0664715170158,Top Starter,,
Soumaïla Coulibaly,Watford,eng Championship,DF,23.2,211,2.3,,,,,,,,,,
Benjamin Arthur,Portsmouth,eng Championship,DF,21.2,447,5.0,,,,,543.7809964632033,Top Starter,536.1543670918846,Top Starter,,
Ivan Mesík,Charlton Athletic,eng Championship,DF,25.6,404,4.5,,,,,,,,,,
Neto Borges,Middlesbrough,eng Championship,DF,30.3,436,4.8,,,,,,,,,,
Joël Veltman,West Ham,eng Championship,DF,35.0,305,3.4,,,,,,,,,,
Max Conway,Bolton Wanderers,eng Championship,DF,25.6,466,5.2,,,,,799.7347041269138,World Class,841.7766851573739,World Class,,
Jordi Osei-Tutu,Millwall,eng Championship,DF,28.2,150,1.7,,,,,,,,,,
Filip Lissah,Swansea City,eng Championship,DF,22.1,513,5.7,,,,,738.9647722221704,Top Starter,729.2696252692605,Top Starter,,
Ben Cabango,Swansea City,eng Championship,DF,26.6,374,4.2,,,,,,,,,,
George Tanner,Bristol City,eng Championship,DF,,360,4.0,,,,,,,,,,
Nolan Galves,West Brom,eng Championship,DF,,464,5.2,,,,,612.535148595784,Top Starter,549.6839714336649,Top Starter,,
Dennis Cirkin,Queens Park Rangers,eng Championship,DF,24.7,283,3.1,,,,,,,,,,
Matthew Pollock,Watford,eng Championship,DF,,630,7.0,,,,,640.7478963832195,Top Starter,528.39779771008,Top Starter,,
Akin Famewo,Bolton Wanderers,eng Championship,DF,28.1,352,3.9,,,,,,,,,,
Eric Bocat,Stoke City,eng Championship,DF,,552,6.1,,,,,613.2265874028324,Top Starter,514.857199172398,Top Starter,,
Alfie Jones,Middlesbrough,eng Championship,DF,29.2,160,1.8,,,,,,,,,,
Jake Cooper,Millwall,eng Championship,DF,31.9,532,5.9,,,,,553.2257631771398,Top Starter,588.9442736871415,Top Starter,,
Adama Boiro,West Ham,eng Championship,DF,24.5,13,0.1,,,,,,,,,,
Hjalmar Ekdal,Burnley,eng Championship,DF,28.2,157,1.7,,,,,,,,,,
Luke Graham,Stoke City,eng Championship,DF,22.9,450,5.0,,,,,725.3511871163155,Top Starter,642.5292187860884,Top Starter,,
Luca Bombino,Stoke City,eng Championship,DF,20.5,114,1.3,,,,,,,,,,
Christoph Klarer,Birmingham City,eng Championship,DF,26.5,630,7.0,,,,,572.6867809911795,Top Starter,633.0809757377455,Top Starter,,
Ben Johnson,Stoke City,eng Championship,DF,26.9,540,6.0,,,,,621.0625247334685,Top Starter,528.0866344109457,Top Starter,,
Dion Sanderson,Derby County,eng Championship,DF,27.0,495,5.5,,,,,567.1666101320237,Top Starter,601.744982027104,Top Starter,,
Deji Elerewe,Lincoln City,eng Championship,DF,,540,6.0,,,,,566.0612149334664,Top Starter,541.0755314911436,Top Starter,,
Kealey Adamson,Queens Park Rangers,eng Championship,DF,23.9,258,2.9,,,,,,,,,,
Mark McGuinness,Sheffield Utd,eng Championship,DF,,450,5.0,,,,,469.8254897512981,Top Starter,420.97654901353343,Top Starter,,
Lewis Brunt,Bolton Wanderers,eng Championship,DF,26.2,316,3.5,,,,,,,,,,
Amari'i Bell,Charlton Athletic,eng Championship,DF,32.7,540,6.0,,,,,565.5173842792639,Top Starter,456.0828719677504,Top Starter,,
Madiodio Dia,Portsmouth,eng Championship,DF,23.0,111,1.2,,,,,,,,,,
Nathan Wood-Gordon,Southampton,eng Championship,DF,24.6,460,5.1,,,,,598.618786368098,Top Starter,583.3375497666988,Top Starter,,
Odeluga Offiah,Preston North End,eng Championship,DF,24.2,297,3.3,,,,,,,,,,
Ethan Laird,Birmingham City,eng Championship,DF,25.4,108,1.2,,,,,,,,,,
Maksym Talovierov,Stoke City,eng Championship,DF,26.5,266,3.0,,,,,,,,,,
Lisav Naif Eissat,Bristol City,eng Championship,DF,22.0,506,5.6,,,,,575.9310981574536,Top Starter,608.2589073410509,Top Starter,,
Kyle Walker-Peters,West Ham,eng Championship,DF,29.7,439,4.9,,,,,,,,,,
Ben Chrisene,Norwich City,eng Championship,DF,23.0,573,6.4,,,,,662.7495546000073,Top Starter,591.125509030468,Top Starter,,
Bosun Lawal,Stoke City,eng Championship,DF,23.6,283,3.1,,,,,,,,,,
Max Alleyne,Burnley,eng Championship,DF,21.4,573,6.4,,,,,510.2207996782082,Top Starter,465.54554241758046,Top Starter,,
Callum Brittain,Middlesbrough,eng Championship,DF,28.8,540,6.0,,,,,591.1953429836618,Top Starter,605.6381914601874,Top Starter,,
Branimir Mlačić,Watford,eng Championship,DF,19.8,59,0.7,,,,,,,,,,
Josh Knight,Portsmouth,eng Championship,DF,29.3,10,0.1,,,,,,,,,,
Jayden Meghoma,Portsmouth,eng Championship,DF,20.5,139,1.5,,,,,,,,,,
Ben Davies,Bolton Wanderers,eng Championship,DF,31.4,315,3.5,,,,,,,,,,
Dominic Hyam,Wrexham,eng Championship,DF,31.0,563,6.3,,,,,516.3652735446901,Top Starter,486.4158555385002,Top Starter,,
Jenson Seelt,Swansea City,eng Championship,DF,23.6,8,0.1,,,,,,,,,,
Marc Bola,Watford,eng Championship,DF,29.1,24,0.3,,,,,,,,,,
James Bree,Southampton,eng Championship,DF,29.1,630,7.0,,,,,469.4804230149701,Top Starter,358.7111108864055,Solid Squad Player,,
Ben Wilmot,Stoke City,eng Championship,DF,27.2,585,6.5,,,,,667.8413942978077,Top Starter,520.1896296966025,Top Starter,,
Charlie Taylor,Derby County,eng Championship,DF,33.3,629,7.0,,,,,537.2472928595732,Top Starter,491.8879067039759,Top Starter,,
Andrija Vukčević,Preston North End,eng Championship,DF,30.2,292,3.2,,,,,,,,,,
Kyle Walker,Burnley,eng Championship,DF,36.6,540,6.0,,,,,453.93969343266457,Top Starter,417.664155235963,Top Starter,,
Calum Scanlon,Cardiff City,eng Championship,DF,21.9,227,2.5,,,,,,,,,,
Oliver Scarles,West Ham,eng Championship,DF,21.1,439,4.9,,,,,,,,,,
Daniel Imray,Wrexham,eng Championship,DF,,376,4.2,,,,,,,,,,
Toti Gomes,Wolves,eng Championship,DF,28.0,380,4.2,,,,,,,,,,
Igor,Burnley,eng Championship,DF,28.9,158,1.8,,,,,,,,,,
Tom Atcheson,Blackburn Rovers,eng Championship,DF,41.4,519,5.8,,,,,491.60770609003293,Top Starter,512.742090636294,Top Starter,,
Ruairi McConville,Norwich City,eng Championship,DF,21.7,470,5.2,,,,,552.900935212636,Top Starter,501.58428259119427,Top Starter,,
Harry Darling,Norwich City,eng Championship,DF,,191,2.1,,,,,,,,,,
Sondre Langås,Derby County,eng Championship,DF,25.9,630,7.0,,,,,524.509704256157,Top Starter,500.0361804321057,Top Starter,,
José Córdoba,Norwich City,eng Championship,DF,25.6,604,6.7,,,,,447.6794882991176,Top Starter,460.7714625736627,Top Starter,,
Collins Sichenje,Charlton Athletic,eng Championship,DF,23.3,27,0.3,,,,,,,,,,
Kristoffer Lund,Birmingham City,eng Championship,DF,24.6,72,0.8,,,,,,,,,,
Jamal Baptiste,Sheffield Utd,eng Championship,DF,23.1,69,0.8,,,,,,,,,,
Harrison Burrows,Sheffield Utd,eng Championship,DF,,102,1.1,,,,,,,,,,
Jake Clarke-Salter,Queens Park Rangers,eng Championship,DF,29.3,487,5.4,,,,,368.58807767591446,Solid Squad Player,376.77771420269937,Solid Squad Player,,
Bright Osayi-Samuel,Birmingham City,eng Championship,DF,29.0,556,6.2,,,,,605.5625977396608,Top Starter,683.3529123317762,Top Starter,,
Zak Sturge,Millwall,eng Championship,DF,22.5,513,5.7,,,,,540.5748021058258,Top Starter,510.5438649600387,Top Starter,,
Harry Pickering,Blackburn Rovers,eng Championship,DF,,254,2.8,,,,,,,,,,
Jamie Shackleton,Sheffield Utd,eng Championship,DF,27.2,69,0.8,,,,,,,,,,
Jack Stephens,Southampton,eng Championship,DF,32.9,273,3.0,,,,,,,,,,
Eoin Toal,Bolton Wanderers,eng Championship,DF,27.9,188,2.1,,,,,,,,,,
Jack Stacey,Norwich City,eng Championship,DF,30.7,328,3.6,,,,,,,,,,
Lewis Gibson,Preston North End,eng Championship,DF,26.5,385,4.3,,,,,,,,,,
Liam Lindsay,Preston North End,eng Championship,DF,31.2,335,3.7,,,,,,,,,,
Jordan Storey,Preston North End,eng Championship,DF,,450,5.0,,,,,661.0057169917525,Top Starter,629.8099908965405,Top Starter,,
Lucas,Burnley,eng Championship,DF,25.8,83,0.9,,,,,,,,,,
Danny McNamara,Charlton Athletic,eng Championship,DF,43.4,469,5.2,,,,,498.1633531517038,Top Starter,477.14382883271145,Top Starter,,
Pedro Lima,Wolves,eng Championship,DF,,11,0.1,,,,,,,,,,
David Møller Wolfe,Wolves,eng Championship,DF,24.7,91,1.0,,,,,,,,,,
Matt Doherty,Sheffield Utd,eng Championship,DF,35.0,42,0.5,,,,,,,,,,
Noah Eile,Bristol City,eng Championship,DF,24.5,71,0.8,,,,,,,,,,
Tyler Bindon,Charlton Athletic,eng Championship,DF,21.9,360,4.0,,,,,,,,,,
Liam Kitching,Sheffield Utd,eng Championship,DF,,270,3.0,,,,,,,,,,
Zak Swanson,Portsmouth,eng Championship,DF,26.3,378,4.2,,,,,,,,,,
Ronan Kpakio,Cardiff City,eng Championship,DF,19.6,101,1.1,,,,,,,,,,
Tom Hamer,Lincoln City,eng Championship,DF,41.4,180,2.0,,,,,,,,,,
Zak Vyner,Wrexham,eng Championship,DF,29.6,420,4.7,,,,,,,,,,
Kévin Keben Biakolo,Watford,eng Championship,DF,,630,7.0,,,,,478.5799254271192,Top Starter,420.4025229763582,Top Starter,,
Cameron Pring,Bristol City,eng Championship,DF,,131,1.5,,,,,,,,,,
Kellen Fisher,Norwich City,eng Championship,DF,,302,3.4,,,,,,,,,,
Elkan Baggott,Millwall,eng Championship,DF,,100,1.1,,,,,,,,,,
Max Johnston,Derby County,eng Championship,DF,23.0,178,2.0,,,,,,,,,,
Yuri Ribeiro,Blackburn Rovers,eng Championship,DF,29.9,378,4.2,,,,,,,,,,
Harvey Pates,Blackburn Rovers,eng Championship,DF,,9,0.1,,,,,,,,,,
Anel Ahmedhodžić,Burnley,eng Championship,DF,27.8,225,2.5,,,,,,,,,,
Ben Gibson,Stoke City,eng Championship,DF,34.0,90,1.0,,,,,,,,,,
Andrew Hughes,Preston North End,eng Championship,DF,34.6,181,2.0,,,,,,,,,,
Darlin Yongwa,Norwich City,eng Championship,DF,26.3,56,0.6,,,,,,,,,,
Rhys Norrington-Davies,Sheffield Utd,eng Championship,DF,27.7,158,1.8,,,,,,,,,,
Omar Traoré,Watford,eng Championship,DF,28.9,364,4.0,,,,,,,,,,
Regan Poole,Portsmouth,eng Championship,DF,28.5,81,0.9,,,,,,,,,,
Albert Eames,Watford,eng Championship,DF,,105,1.2,,,,,,,,,,
Gady Beyuku,Blackburn Rovers,eng Championship,DF,,53,0.6,,,,,,,,,,
Ryan Nyambe,Derby County,eng Championship,DF,29.1,89,1.0,,,,,,,,,,
Oliver Sonne,Burnley,eng Championship,DF,26.1,487,5.4,,,,,420.9490822592374,Top Starter,370.13262344793037,Solid Squad Player,,
Robert Atkinson,Bristol City,eng Championship,DF,,91,1.0,,,,,,,,,,
Tendayi Darikwa,Lincoln City,eng Championship,DF,35.1,144,1.6,,,,,,,,,,
El Hadji Malick Diouf,West Ham,eng Championship,DF,22.0,10,0.1,,,,,,,,,,
Boy Kemper,Queens Park Rangers,eng Championship,DF,27.5,20,0.2,,,,,,,,,,
Bashir Humphreys,Burnley,eng Championship,DF,23.8,154,1.7,,,,,,,,,,
Connor Roberts,Burnley,eng Championship,DF,31.3,405,4.5,,,,,,,,,,
Brayann Pereira,West Brom,eng Championship,DF,23.6,34,0.4,,,,,,,,,,
Joe Worrall,Wrexham,eng Championship,DF,30.0,67,0.7,,,,,,,,,,
Pol Valentín,Preston North End,eng Championship,DF,,64,0.7,,,,,,,,,,
Lucas Houghton,Blackburn Rovers,eng Championship,DF,34.4,1,0.0,,,,,,,,,,
Amario Cozier-Duberry,Middlesbrough,eng Championship,MF,21.6,73,0.8,,,,,,,,,,
Fer López,Wolves,eng Championship,MF,22.6,520,5.8,,,784.186042971992,World Class,,,577.9162844856264,Top Starter,,
Jarrod Bowen,West Ham,eng Championship,FW,30.0,620,6.9,791.0868164913364,World Class,,,,,621.2375986846286,Top Starter,,
Callum Elder,Lincoln City,eng Championship,DF,31.9,180,2.0,,,,,,,,,,
Sebastian Berhalter,Middlesbrough,eng Championship,MF,25.6,476,5.3,,,736.8191893163374,Top Starter,,,419.24293193083207,Top Starter,,
Abdoulaye Kanté,Middlesbrough,eng Championship,MF,21.6,63,0.7,,,,,,,,,,
Léo Scienza,Southampton,eng Championship,MF,28.3,537,6.0,,,730.8250910017576,Top Starter,,,380.1987795433998,Solid Squad Player,,
Finn Azaz,Southampton,eng Championship,MF,26.3,558,6.2,,,723.7136393133101,Top Starter,,,394.6506924413366,Solid Squad Player,,
Arne Engels,West Ham,eng Championship,MF,23.3,531,5.9,,,718.3919868120861,Top Starter,,,535.5811059733546,Top Starter,,
Ethan Erhahon,Bolton Wanderers,eng Championship,MF,25.6,428,4.8,,,,,,,,,,
Hamza Choudhury,Sheffield Utd,eng Championship,MF,29.3,318,3.5,,,,,,,,,,
Harry Whitwell,West Brom,eng Championship,MF,,346,3.8,,,,,,,,,,
Aidan Morris,Middlesbrough,eng Championship,MF,25.1,450,5.0,,,524.2324971657998,Top Starter,,,815.1577232425019,World Class,,
Liam Millar,Birmingham City,eng Championship,MF,27.3,232,2.6,,,,,,,,,,
Justin Devenny,Stoke City,eng Championship,MF,23.2,217,2.4,,,,,,,,,,
Conor Coventry,Charlton Athletic,eng Championship,MF,26.8,584,6.5,,,298.37271618551375,Solid Squad Player,,,512.2491478166451,Top Starter,,
Ethan Galbraith,Stoke City,eng Championship,DF,25.6,630,7.0,,,,,431.5417889222468,Top Starter,487.21193878208874,Top Starter,,
Isaac Price,West Brom,eng Championship,MF,23.3,630,7.0,,,617.0922465652066,Top Starter,,,419.8532805255372,Top Starter,,
Marshall Munetsi,Wolves,eng Championship,MF,30.5,430,4.8,,,,,,,,,,
Ilias Chair,Queens Park Rangers,eng Championship,FW,29.2,293,3.3,,,,,,,,,,
Ji-sung Eom,Swansea City,eng Championship,MF,24.6,294,3.3,,,,,,,,,,
Rodrigo Gomes,Wolves,eng Championship,MF,35.8,402,4.5,,,,,,,,,,
Adrian Segečić,Portsmouth,eng Championship,MF,22.6,540,6.0,,,659.4733058884203,Top Starter,,,388.0418255982607,Solid Squad Player,,
Ebou Adams,Portsmouth,eng Championship,MF,31.0,278,3.1,,,,,,,,,,
Paul Smyth,Queens Park Rangers,eng Championship,MF,29.3,314,3.5,,,,,,,,,,
Glen Kamara,Queens Park Rangers,eng Championship,MF,31.2,307,3.4,,,,,,,,,,
Thierry Gale,Bolton Wanderers,eng Championship,MF,24.7,454,5.0,,,634.4209590717684,Top Starter,,,343.52576809741146,Solid Squad Player,,
Josh Sheehan,Bolton Wanderers,eng Championship,Def_MF,31.8,626,7.0,,,,,544.5451554270913,Top Starter,512.2805873589241,Top Starter,,
Ronald,Swansea City,eng Championship,MF,,81,0.9,,,,,,,,,,
Koki Saito,Queens Park Rangers,eng Championship,MF,25.4,309,3.4,,,,,,,,,,
Edmond-Paris Maghoma,Norwich City,eng Championship,MF,25.7,88,1.0,,,,,,,,,,
Alex Robertson,Cardiff City,eng Championship,MF,23.7,618,6.9,,,621.7224007562767,Top Starter,,,656.5298325357795,Top Starter,,
Divine Mukasa,West Ham,eng Championship,MF,19.4,399,4.4,,,,,,,,,,
Chris Willock,Cardiff City,eng Championship,FW,28.9,377,4.2,,,,,,,,,,
Kenny McLean,Norwich City,eng Championship,MF,35.0,620,6.9,,,483.4139978125392,Top Starter,,,678.6054398972484,Top Starter,,
Camiel Neghli,Millwall,eng Championship,MF,25.2,497,5.5,,,700.0279068735757,Top Starter,,,526.0300013190035,Top Starter,,
Jeremy Sarmiento,Middlesbrough,eng Championship,MF,24.5,119,1.3,,,,,,,,,,
Jack McGlynn,Stoke City,eng Championship,MF,23.5,142,1.6,,,,,,,,,,
Xavier Simons,Bolton Wanderers,eng Championship,MF,23.9,165,1.8,,,,,,,,,,
Sydie Peck,Sheffield Utd,eng Championship,MF,22.3,602,6.7,,,699.7780886589395,Top Starter,,,513.9242623911921,Top Starter,,
James Ward-Prowse,Southampton,eng Championship,MF,32.2,388,4.3,,,,,,,,,,
Marlon Pack,Portsmouth,eng Championship,MF,35.8,411,4.6,,,,,,,,,,
Dom Jefferies,Lincoln City,eng Championship,MF,,324,3.6,,,,,,,,,,
Jimmy Morgan,West Brom,eng Championship,MF,,518,5.8,,,581.4122513477296,Top Starter,,,403.2468833578939,Top Starter,,
Edvin Austbø,West Ham,eng Championship,MF,21.7,82,0.9,,,,,,,,,,
Jordan Thompson,Preston North End,eng Championship,MF,30.0,513,5.7,,,602.790995187156,Top Starter,,,426.69565850279884,Top Starter,,
Ugo Raghouber,Burnley,eng Championship,MF,23.5,433,4.8,,,,,,,,,,
Ryan Manning,Southampton,eng Championship,DF,30.6,550,6.1,,,,,369.46768348633515,Solid Squad Player,311.9328541863586,Solid Squad Player,,
Matty James,Wrexham,eng Championship,Def_MF,35.4,380,4.2,,,,,,,,,,
Jacob Wright,Norwich City,eng Championship,MF,21.3,124,1.4,,,,,,,,,,
Papa Amadou Diallo,Norwich City,eng Championship,MF,22.5,160,1.8,,,,,,,,,,
Morgan Whittaker,Middlesbrough,eng Championship,MF,,248,2.8,,,,,,,,,,
Oliver Skipp,Charlton Athletic,eng Championship,MF,26.3,265,2.9,,,,,,,,,,
Anthony Musaba,Norwich City,eng Championship,MF,26.1,328,3.6,,,,,,,,,,
Rúben Rodrigues,Bolton Wanderers,eng Championship,MF,30.4,214,2.4,,,,,,,,,,
Callum O'Hare,Wrexham,eng Championship,MF,,483,5.4,,,457.3008321149473,Top Starter,,,636.1122475507228,Top Starter,,
Jason Knight,Bristol City,eng Championship,MF,25.9,540,6.0,,,403.3613912913311,Top Starter,,,505.3918172394744,Top Starter,,
Cameron Bragg,Southampton,eng Championship,MF,,268,3.0,,,,,,,,,,
Ben Pearson,Stoke City,eng Championship,MF,32.0,20,0.2,,,,,,,,,,
George Thomason,Wrexham,eng Championship,MF,,179,2.0,,,,,,,,,,
Alex Mowatt,Derby County,eng Championship,MF,31.9,470,5.2,,,601.055259283985,Top Starter,,,831.3085486374829,World Class,,
Flynn Downes,Southampton,eng Championship,MF,27.9,540,6.0,,,543.7278785926565,Top Starter,,,673.871832641573,Top Starter,,
Ousmane Diakité,West Brom,eng Championship,MF,,554,6.2,,,349.89904117330354,Solid Squad Player,,,647.1878839763957,Top Starter,,
Maximilian Arfsten,Middlesbrough,eng Championship,MF,,242,2.7,,,,,,,,,,
Conor McGrandles,Lincoln City,eng Championship,MF,31.3,526,5.8,,,389.130242599959,Solid Squad Player,,,675.0658039114586,Top Starter,,
Bobby Clark,Derby County,eng Championship,MF,21.9,559,6.2,,,661.9654860474426,Top Starter,,,434.2767670712859,Top Starter,,
Moussa Kounfolo Yeo,Swansea City,eng Championship,MF,22.6,457,5.1,,,669.5164377149206,Top Starter,,,783.5844532346575,World Class,,
Jayson Molumby,West Brom,eng Championship,MF,27.4,475,5.3,,,447.7199472023246,Top Starter,,,548.3207817276744,Top Starter,,
Sam Morsy,Blackburn Rovers,eng Championship,MF,35.3,473,5.3,,,483.0079877121414,Top Starter,,,527.0794593447655,Top Starter,,
Melker Widell,Swansea City,eng Championship,MF,24.7,338,3.8,,,,,,,,,,
Toby Collyer,West Brom,eng Championship,MF,23.0,68,0.8,,,,,,,,,,
Casper De Norre,Millwall,eng Championship,MF,29.9,309,3.4,,,,,,,,,,
Ben House,Lincoln City,eng Championship,MF,,397,4.4,,,,,,,,,,
Andre Brooks,Norwich City,eng Championship,MF,23.4,518,5.8,,,593.1613715548922,Top Starter,,,511.5997753448687,Top Starter,,
Pelle Mattsson,Norwich City,eng Championship,MF,25.4,561,6.2,,,648.9198542649004,Top Starter,,,740.1927288458421,Top Starter,,
André,Wolves,eng Championship,MF,,499,5.5,,,610.0373097177988,Top Starter,,,644.2817021544045,Top Starter,,
Abu Kamara,Portsmouth,eng Championship,MF,23.4,511,5.7,,,631.7383626186864,Top Starter,,,490.0072375602739,Top Starter,,
Harry Clarke,Preston North End,eng Championship,MF,25.8,540,6.0,,,382.13870418761815,Solid Squad Player,,,615.8216090733088,Top Starter,,
Nicolas Madsen,Queens Park Rangers,eng Championship,MF,26.8,302,3.4,,,,,,,,,,
Reeco Hackett-Fairchild,Lincoln City,eng Championship,MF,,370,4.1,,,,,,,,,,
Carlos Vicente,Birmingham City,eng Championship,MF,27.7,512,5.7,,,435.1846570112598,Top Starter,,,435.05804522745905,Top Starter,,
Marko Stamenić,Swansea City,eng Championship,MF,24.9,533,5.9,,,330.35191254885325,Solid Squad Player,,,568.2535811789834,Top Starter,,
Jordan Zemura,Watford,eng Championship,MF,27.1,452,5.0,,,532.2337929333434,Top Starter,,,640.7614097637045,Top Starter,,
Ivan Varfolomeev,Lincoln City,eng Championship,MF,22.8,365,4.1,,,,,,,,,,
Nathaniel Chalobah,Charlton Athletic,eng Championship,MF,32.1,225,2.5,,,,,,,,,,
Lewis Travis,Derby County,eng Championship,MF,,260,2.9,,,,,,,,,,
Cian Ashford,Cardiff City,eng Championship,MF,,311,3.5,,,,,,,,,,
Sonny Carey,Charlton Athletic,eng Championship,MF,,236,2.6,,,,,,,,,,
Issa Kaboré,Wrexham,eng Championship,MF,25.6,227,2.5,,,,,,,,,,
Harvey Vale,Queens Park Rangers,eng Championship,MF,23.3,540,6.0,,,683.8554490504858,Top Starter,,,537.7536357844754,Top Starter,,
Mohamadou Kanté,West Ham,eng Championship,MF,21.3,338,3.8,,,,,,,,,,
Kuryu Matsuki,Southampton,eng Championship,MF,23.7,476,5.3,,,549.4316152341154,Top Starter,,,541.0076345902877,Top Starter,,
Lewis O'Brien,Wrexham,eng Championship,MF,28.2,507,5.6,,,618.5248331788082,Top Starter,,,589.3042546684732,Top Starter,,
Jay Fulton,Swansea City,eng Championship,MF,32.7,400,4.4,,,,,,,,,,
Hector Kyprianou,Watford,eng Championship,MF,25.6,630,7.0,,,272.36561810916186,Solid Squad Player,,,588.4489902009151,Top Starter,,
Sammie Szmodics,Derby County,eng Championship,Off_MF,31.3,455,5.1,403.79565939220686,Top Starter,,,,,332.4901747360646,Solid Squad Player,,
Rubin Colwill,Cardiff City,eng Championship,MF,24.7,293,3.3,,,,,,,,,,
Demarai Gray,Birmingham City,eng Championship,FW,30.5,129,1.4,,,,,,,,,,
Luke Cundle,Millwall,eng Championship,MF,24.7,67,0.7,,,,,,,,,,
Stephen Eustaquio,Swansea City,eng Championship,MF,30.0,317,3.5,,,,,,,,,,
Yunus Emre Konak,Lincoln City,eng Championship,MF,21.0,26,0.3,,,,,,,,,,
Myles Peart-Harris,Middlesbrough,eng Championship,MF,24.3,194,2.2,,,,,,,,,,
Daniel Oyegoke,Lincoln City,eng Championship,MF,24.0,68,0.8,,,,,,,,,,
Tom Bayliss,Lincoln City,eng Championship,MF,41.4,170,1.9,,,,,,,,,,
Alfie Devine,Preston North End,eng Championship,MF,22.4,598,6.6,,,569.669882392307,Top Starter,,,510.98225832894866,Top Starter,,
Jenson Metcalfe,Millwall,eng Championship,MF,22.3,462,5.1,,,682.9585194320604,Top Starter,,,644.071067439768,Top Starter,,
Joe Williams,Bristol City,eng Championship,MF,30.1,397,4.4,,,,,,,,,,
Kareem Tunde,West Brom,eng Championship,MF,21.4,80,0.9,,,,,,,,,,
David Turnbull,Cardiff City,eng Championship,MF,27.5,125,1.4,,,,,,,,,,
Derek Mazou-Sacko,Millwall,eng Championship,MF,22.2,157,1.7,,,,,,,,,,
Mark Sykes,Millwall,eng Championship,MF,29.4,341,3.8,,,,,,,,,,
Kalvin Phillips,Sheffield Utd,eng Championship,Def_MF,31.1,215,2.4,,,,,,,,,,
Tommy Doyle,Wolves,eng Championship,MF,25.2,118,1.3,,,,,,,,,,
George Dobson,Wrexham,eng Championship,MF,29.1,82,0.9,,,,,,,,,,
Edo Kayembe,Watford,eng Championship,MF,28.6,376,4.2,,,,,,,,,,
Kristi Montgomery,Blackburn Rovers,eng Championship,MF,,598,6.6,,,377.48223542489035,Solid Squad Player,,,647.834037714432,Top Starter,,
Ben Whiteman,Wrexham,eng Championship,Def_MF,30.5,563,6.3,,,,,404.1036745597235,Top Starter,570.4311910766025,Top Starter,,
Rabby Nzingoula,West Brom,eng Championship,MF,21.1,289,3.2,,,,,,,,,,
Djibril Soumaré,Stoke City,eng Championship,MF,24.0,532,5.9,,,265.5235296658541,Solid Squad Player,,,533.6681370268028,Top Starter,,
Tom Fellows,Southampton,eng Championship,MF,41.4,266,3.0,,,,,,,,,,
Paik Seung-ho,Birmingham City,eng Championship,MF,29.8,371,4.1,,,,,,,,,,
David Ozoh,Derby County,eng Championship,MF,21.7,216,2.4,,,,,,,,,,
Karlan Grant,Charlton Athletic,eng Championship,FW,29.3,558,6.2,339.25916772024016,Solid Squad Player,,,,,442.9679220740707,Top Starter,,
Tomoki Iwata,Birmingham City,eng Championship,MF,29.7,622,6.9,,,302.1405600454023,Solid Squad Player,,,525.5757043893325,Top Starter,,
Patrick Roberts,Birmingham City,eng Championship,FW,29.9,224,2.5,,,,,,,,,,
Jhon Solis,Birmingham City,eng Championship,MF,24.3,420,4.7,,,,,,,,,,
Jed Wallace,Bristol City,eng Championship,FW,32.8,282,3.1,,,,,,,,,,
Oliver Arblaster,Sheffield Utd,eng Championship,MF,23.0,257,2.9,,,,,,,,,,
Ryan Alebiosu,Blackburn Rovers,eng Championship,MF,25.0,584,6.5,,,328.88005952068505,Solid Squad Player,,,412.3081776199308,Top Starter,,
Léo Leroy,Preston North End,eng Championship,MF,26.9,475,5.3,,,447.97098553463604,Top Starter,,,529.5883956210769,Top Starter,,
Keiber Lamadrid,West Ham,eng Championship,MF,23.1,21,0.2,,,,,,,,,,
Leo Walta,Swansea City,eng Championship,MF,23.5,11,0.1,,,,,,,,,,
Gonçalo Franco,Swansea City,eng Championship,MF,26.1,13,0.1,,,,,,,,,,
John Swift,Portsmouth,eng Championship,Off_MF,31.5,16,0.2,,,,,,,,,,
Max Bird,Birmingham City,eng Championship,MF,25.6,10,0.1,,,,,,,,,,
Joshua Honohan,Lincoln City,eng Championship,MF,19.6,11,0.1,,,,,,,,,,
Alfie Massey,Millwall,eng Championship,MF,,16,0.2,,,,,,,,,,
Ryan Hedges,Derby County,eng Championship,FW,31.5,293,3.3,,,,,,,,,,
Yanis Issoufou,Millwall,eng Championship,MF,20.2,70,0.8,,,,,,,,,,
Lewis Orford,West Ham,eng Championship,MF,20.9,219,2.4,,,,,,,,,,
Felix Horn Myhre,West Brom,eng Championship,MF,27.8,415,4.6,,,,,,,,,,
Jordan James,Wolves,eng Championship,MF,22.5,98,1.1,,,,,,,,,,
Edoardo Bove,Watford,eng Championship,MF,24.6,353,3.9,,,,,,,,,,
Aaron Ramsey,Burnley,eng Championship,MF,,457,5.1,,,333.90853850976464,Solid Squad Player,,,497.9068931493711,Top Starter,,
Joel Colwill,Cardiff City,eng Championship,MF,22.2,241,2.7,,,,,,,,,,
Othmane Maamma,Watford,eng Championship,MF,21.2,443,4.9,,,,,,,,,,
Liam Gibbs,Preston North End,eng Championship,MF,24.0,95,1.1,,,,,,,,,,
Kyrell Lisbie,Millwall,eng Championship,MF,,200,2.2,,,,,,,,,,
Gibson Yah,Bristol City,eng Championship,MF,23.3,111,1.2,,,,,,,,,,
Stephy Mavididi,Watford,eng Championship,FW,28.6,126,1.4,,,,,,,,,,
Jonathan Varane,Queens Park Rangers,eng Championship,MF,25.3,125,1.4,,,,,,,,,,
Oscar Schwartau,Norwich City,eng Championship,MF,20.6,307,3.4,,,,,,,,,,
Joe Rothwell,Sheffield Utd,eng Championship,MF,32.0,264,2.9,,,,,,,,,,
Joe Ward,Derby County,eng Championship,MF,30.2,273,3.0,,,,,,,,,,
Adam Forshaw,Blackburn Rovers,eng Championship,Def_MF,35.2,220,2.4,,,,,,,,,,
Josh Murphy,Portsmouth,eng Championship,FW,31.9,44,0.5,,,,,,,,,,
Ollie Tanner,Cardiff City,eng Championship,MF,,557,6.2,,,647.9863706363191,Top Starter,,,469.625871042285,Top Starter,,
Oscar Fraulo,Derby County,eng Championship,MF,23.1,336,3.7,,,,,,,,,,
Kwame Poku,Queens Park Rangers,eng Championship,MF,27.7,294,3.3,,,,,,,,,,
Stanley Mills,Preston North End,eng Championship,MF,23.2,280,3.1,,,,,,,,,,
Josh Laurent,Burnley,eng Championship,MF,31.7,437,4.9,,,,,,,,,,
Reo Hatate,Burnley,eng Championship,MF,29.1,83,0.9,,,,,,,,,,
Jaïro Riedewald,Sheffield Utd,eng Championship,MF,30.3,156,1.7,,,,,,,,,,
Jack Moylan,Cardiff City,eng Championship,MF,,596,6.6,,,431.5478376839211,Top Starter,,,336.6089677004643,Solid Squad Player,,
Atsuki Ito,Bolton Wanderers,eng Championship,MF,28.4,26,0.3,,,,,,,,,,
Michael Adu-Poku,Watford,eng Championship,MF,,29,0.3,,,,,,,,,,
Iyad Mohamed,Portsmouth,eng Championship,MF,25.8,19,0.2,,,,,,,,,,
Sam Field,Norwich City,eng Championship,MF,28.7,71,0.8,,,,,,,,,,
Odin Bailey,Portsmouth,eng Championship,MF,27.1,26,0.3,,,,,,,,,,
Corey Blackett-Taylor,Derby County,eng Championship,FW,29.3,169,1.9,,,,,,,,,,
Boubacar Traoré,Wolves,eng Championship,MF,25.4,34,0.4,,,,,,,,,,
Ryan Longman,Wrexham,eng Championship,MF,26.2,132,1.5,,,,,,,,,,
Elijah Just,Swansea City,eng Championship,MF,26.7,369,4.1,,,,,,,,,,
Martín Payero,Watford,eng Championship,MF,28.3,203,2.3,,,,,,,,,,
Jun-Ho Bae,Stoke City,eng Championship,MF,23.4,293,3.3,,,,,,,,,,
Alan Mwamba,Charlton Athletic,eng Championship,MF,,120,1.3,,,,,,,,,,
Todd Cantwell,Blackburn Rovers,eng Championship,MF,28.8,557,6.2,,,441.84267890812475,Top Starter,,,538.9687231860497,Top Starter,,
Daniel Kelly,Millwall,eng Championship,MF,21.2,163,1.8,,,,,,,,,,
Jake Garrett,Blackburn Rovers,eng Championship,MF,,31,0.3,,,,,,,,,,
Tawanda Chirewa,Wolves,eng Championship,MF,23.2,33,0.4,,,,,,,,,,
Hugo Bueno,Wolves,eng Championship,MF,24.3,445,4.9,,,,,,,,,,
Ryoya Morishita,Blackburn Rovers,eng Championship,MF,29.7,590,6.6,,,420.91686599670265,Top Starter,,,371.0913865340405,Solid Squad Player,,
John McAtee,Bolton Wanderers,eng Championship,MF,27.4,337,3.7,,,,,,,,,,
Mike Trésor,Burnley,eng Championship,FW,27.6,17,0.2,,,,,,,,,,
Rocco Robert Shein,Portsmouth,eng Championship,MF,23.5,345,3.8,,,,,,,,,,
Millenic Alli,Charlton Athletic,eng Championship,MF,,232,2.6,,,,,,,,,,
Riley McGree,Middlesbrough,eng Championship,MF,28.2,305,3.4,,,,,,,,,,
Million Manhoef,Stoke City,eng Championship,MF,25.0,163,1.8,,,,,,,,,,
Ben Brereton,Sheffield Utd,eng Championship,MF,27.7,315,3.5,,,,,,,,,,
Rokas Pukštas,Middlesbrough,eng Championship,MF,22.4,13,0.1,,,,,,,,,,
Femi Azeez,Millwall,eng Championship,MF,42.0,29,0.3,,,,,,,,,,
Robert Apter,Charlton Athletic,eng Championship,MF,,11,0.1,,,,,,,,,,
Owen Eames,Derby County,eng Championship,MF,,12,0.1,,,,,,,,,,
Samuel Edozie,Southampton,eng Championship,MF,23.9,58,0.6,,,,,,,,,,
Sorba Thomas,Stoke City,eng Championship,MF,27.9,270,3.0,,,,,,,,,,
Chiedozie Ogbene,Lincoln City,eng Championship,MF,29.7,36,0.4,,,,,,,,,,
Luca Stephenson,Bolton Wanderers,eng Championship,MF,23.3,85,0.9,,,,,,,,,,
Romain Esse,Millwall,eng Championship,MF,21.6,110,1.2,,,,,,,,,,
Tomi Horvat,Bristol City,eng Championship,MF,27.8,60,0.7,,,,,,,,,,
Jackson Tchatchoua,Wolves,eng Championship,MF,25.3,452,5.0,,,263.2173939424302,Solid Squad Player,,,463.7059108996537,Top Starter,,
Joe Rankin-Costello,Charlton Athletic,eng Championship,MF,,178,2.0,,,,,,,,,,
Jay Stansfield,Birmingham City,eng Championship,MF,24.1,579,6.4,,,366.47015339918187,Solid Squad Player,,,484.5482755652013,Top Starter,,
Thierry Small,Preston North End,eng Championship,MF,22.4,75,0.8,,,,,,,,,,
Ali McCann,Preston North End,eng Championship,MF,27.1,180,2.0,,,,,,,,,,
Anis Ben Slimane,Norwich City,eng Championship,MF,25.8,311,3.5,,,,,,,,,,
Tomáš Rigo,Stoke City,eng Championship,MF,24.5,88,1.0,,,,,,,,,,
Hannibal Mejbri,Burnley,eng Championship,MF,23.9,251,2.8,,,,,,,,,,
Samuel Iling-Junior,Bolton Wanderers,eng Championship,MF,23.2,369,4.1,,,,,,,,,,
Tahith Chong,Sheffield Utd,eng Championship,Off_MF,27.1,30,0.3,,,,,,,,,,
Andrew Moran,Preston North End,eng Championship,MF,23.2,8,0.1,,,,,,,,,,
David Watson,Bolton Wanderers,eng Championship,MF,21.9,10,0.1,,,,,,,,,,
Sam Greenwood,Bristol City,eng Championship,MF,24.9,223,2.5,,,,,,,,,,
Leo Castledine,Middlesbrough,eng Championship,MF,21.4,105,1.2,,,,,,,,,,
Kyliane Dong,Bolton Wanderers,eng Championship,MF,22.3,240,2.7,,,,,,,,,,
Larra,Bolton Wanderers,eng Championship,MF,29.0,396,4.4,,,,,,,,,,
Timothy Ouma,Charlton Athletic,eng Championship,MF,22.6,75,0.8,,,,,,,,,,
Adam Randell,Bristol City,eng Championship,MF,,95,1.1,,,,,,,,,,
Svante Ingelsson,Stoke City,eng Championship,MF,28.6,93,1.0,,,,,,,,,,
Romeo Akachukwu,Southampton,eng Championship,MF,20.4,1,0.0,,,,,,,,,,
Nathan Asiimwe,Charlton Athletic,eng Championship,MF,,1,0.0,,,,,,,,,,
Frank Vare,Blackburn Rovers,eng Championship,MF,,2,0.0,,,,,,,,,,
Cyle Larin,Southampton,eng Championship,FW,31.7,512,5.7,611.1915867567765,Top Starter,,,,,395.21387804431004,Solid Squad Player,,
Manor Solomon,West Ham,eng Championship,FW,27.4,547,6.1,589.2226749420884,Top Starter,,,,,586.5152718389018,Top Starter,,
Josh Coburn,Millwall,eng Championship,FW,,304,3.4,,,,,,,,,,
Zian Flemming,Burnley,eng Championship,FW,28.4,168,1.9,,,,,,,,,,
Mikkel Ladefoged,Lincoln City,eng Championship,FW,23.6,39,0.4,,,,,,,,,,
Tyreece Campbell,Charlton Athletic,eng Championship,FW,23.3,563,6.3,427.04165489373844,Top Starter,,,,,412.5959270568787,Top Starter,,
Mohamed Touré,Norwich City,eng Championship,FW,,441,4.9,,,,,,,,,,
Andri Guðjohnsen,Blackburn Rovers,eng Championship,FW,24.9,438,4.9,,,,,,,,,,
Lyndon Dykes,Millwall,eng Championship,FW,31.2,305,3.4,,,,,,,,,,
Jovon Makama,Norwich City,eng Championship,FW,,47,0.5,,,,,,,,,,
Iker Bravo,Watford,eng Championship,FW,22.0,523,5.8,378.4060340941271,Solid Squad Player,,,,,622.2649121690507,Top Starter,,
Raúl Jiménez,Wolves,eng Championship,FW,35.7,350,3.9,,,,,,,,,,
Taïryk Arconte,Millwall,eng Championship,FW,23.1,361,4.0,,,,,,,,,,
Will Lankshear,Middlesbrough,eng Championship,FW,21.7,497,5.5,602.8579045800863,Top Starter,,,,,347.87912966774775,Solid Squad Player,,
Valentín Castellanos,West Ham,eng Championship,FW,,458,5.1,508.25355935202805,Top Starter,,,,,432.0876083811075,Top Starter,,
Rio Cardines,Bristol City,eng Championship,FW,20.5,472,5.2,349.6824038332998,Solid Squad Player,,,,,534.1024918998446,Top Starter,,
Robert Street,Lincoln City,eng Championship,FW,25.3,280,3.1,,,,,,,,,,
Adam Idah,Swansea City,eng Championship,FW,25.9,365,4.1,,,,,,,,,,
Joël Piroe,West Ham,eng Championship,FW,27.4,353,3.9,,,,,,,,,,
Jayden Fevrier,Blackburn Rovers,eng Championship,FW,,219,2.4,,,,,,,,,,
Nathan Broadhead,Wrexham,eng Championship,FW,28.7,220,2.4,,,,,,,,,,
Miles Leaburn,Charlton Athletic,eng Championship,FW,,476,5.3,89.00948448957467,Below Big-5 Level,,,,,647.4833199918788,Top Starter,,
Thomas Cannon,Sheffield Utd,eng Championship,FW,33.9,321,3.6,,,,,,,,,,
Ryan Kavuma-McQueen,Portsmouth,eng Championship,FW,18.0,268,3.0,,,,,,,,,,
Sam Dalby,Bolton Wanderers,eng Championship,FW,27.1,549,6.1,382.67411505600273,Solid Squad Player,,,,,514.9222430311943,Top Starter,,
Joseph Opoku,Swansea City,eng Championship,FW,,343,3.8,,,,,,,,,,
Scott Twine,Bristol City,eng Championship,FW,27.5,391,4.3,,,,,,,,,,
Žan Vipotnik,Swansea City,eng Championship,FW,24.8,265,2.9,,,,,,,,,,
Tommy Conway,Middlesbrough,eng Championship,FW,24.4,136,1.5,,,,,,,,,,
Largie Ramazani,Burnley,eng Championship,FW,25.8,287,3.2,,,,,,,,,,
Rumarn Burrell,Queens Park Rangers,eng Championship,FW,26.0,513,5.7,546.36795101831,Top Starter,,,,,412.73804888672305,Top Starter,,
Kieffer Moore,Wrexham,eng Championship,FW,34.4,398,4.4,,,,,,,,,,
Davis Keillor-Dunn,Wrexham,eng Championship,FW,29.2,18,0.2,,,,,,,,,,
Oliver Rathbone,Wrexham,eng Championship,FW,,337,3.7,,,,,,,,,,
Amin Nabizada,Watford,eng Championship,FW,,333,3.7,,,,,,,,,,
Dominic Ballard,Bristol City,eng Championship,FW,,214,2.4,,,,,,,,,,
Yu Hirakawa,Bristol City,eng Championship,FW,26.0,355,3.9,,,,,,,,,,
Mathias Kvistgaarden,Norwich City,eng Championship,FW,24.7,149,1.7,,,,,,,,,,
Tyrese Shade,Portsmouth,eng Championship,FW,,143,1.6,,,,,,,,,,
Oladapo Afolayan,Blackburn Rovers,eng Championship,FW,29.3,501,5.6,441.0811168832714,Top Starter,,,,,501.9086662258162,Top Starter,,
Luca Kjerrumgaard,Watford,eng Championship,FW,23.9,243,2.7,,,,,,,,,,
Romelle Donovan,Sheffield Utd,eng Championship,FW,20.1,339,3.8,,,,,,,,,,
Armando Broja,Burnley,eng Championship,FW,25.3,137,1.5,,,,,,,,,,
Sam Gallagher,Stoke City,eng Championship,FW,31.3,304,3.4,,,,,,,,,,
Zeki Amdouni,Burnley,eng Championship,FW,26.1,362,4.0,,,,,,,,,,
Lamine Cissé,Stoke City,eng Championship,FW,,119,1.3,,,,,,,,,,
Dastan Satpaev,Burnley,eng Championship,FW,18.4,204,2.3,,,,,,,,,,
Aune Selland Heggebø,West Brom,eng Championship,FW,25.4,308,3.4,,,,,,,,,,
Marcus Edwards,Burnley,eng Championship,Off_MF,28.1,207,2.3,,,,,,,,,,
Callum Robinson,Cardiff City,eng Championship,FW,31.9,35,0.4,,,,,,,,,,
Colby Bishop,Portsmouth,eng Championship,FW,30.2,378,4.2,,,,,,,,,,
Divin Mubama,Southampton,eng Championship,FW,22.2,123,1.4,,,,,,,,,,
Callum Lang,Preston North End,eng Championship,FW,28.3,431,4.8,,,,,,,,,,
Jacob Bruun Larsen,Burnley,eng Championship,FW,28.3,332,3.7,,,,,,,,,,
Carlton Morris,Derby County,eng Championship,FW,31.0,268,3.0,,,,,,,,,,
Josh Windass,Wrexham,eng Championship,Off_MF,33.0,159,1.8,,,,,,,,,,
Harvey Blair,Portsmouth,eng Championship,FW,23.3,27,0.3,,,,,,,,,,
Mateus Mane,Wolves,eng Championship,FW,19.3,425,4.7,,,,,,,,,,
Ante Crnac,Norwich City,eng Championship,FW,23.0,54,0.6,,,,,,,,,,
August Priske,Birmingham City,eng Championship,FW,22.8,569,6.3,311.39106101578295,Solid Squad Player,,,,,471.5018251467145,Top Starter,,
Lorent Tolaj,Bristol City,eng Championship,FW,,450,5.0,536.5726266485344,Top Starter,,,,,407.6218390226086,Top Starter,,
Rocco Vata,Watford,eng Championship,FW,21.7,155,1.7,,,,,,,,,,
Marko Milovanović,Portsmouth,eng Championship,FW,23.4,193,2.1,,,,,,,,,,
Pablo,West Ham,eng Championship,FW,21.5,180,2.0,,,,,,,,,,
Marvin Ducksch,Birmingham City,eng Championship,FW,32.8,29,0.3,,,,,,,,,,
Zak Lovelace,Millwall,eng Championship,FW,20.9,90,1.0,,,,,,,,,,
Mamadou Doumbia,Watford,eng Championship,FW,22.6,419,4.7,,,,,,,,,,
Mohammed Fuseini,Derby County,eng Championship,FW,,199,2.2,,,,,,,,,,
Luke Brooke-Smith,Portsmouth,eng Championship,FW,18.6,80,0.9,,,,,,,,,,
Tanto Olaofe,Lincoln City,eng Championship,FW,,86,1.0,,,,,,,,,,
Tyrese Campbell,Sheffield Utd,eng Championship,FW,27.0,206,2.3,,,,,,,,,,
Jusef Erabi,Preston North End,eng Championship,FW,23.6,251,2.8,,,,,,,,,,
Mathias Jørgensen,Blackburn Rovers,eng Championship,FW,26.3,29,0.3,,,,,,,,,,
Joshua Ajala,West Ham,eng Championship,FW,20.1,9,0.1,,,,,,,,,,
Ryan One,Sheffield Utd,eng Championship,FW,20.5,13,0.1,,,,,,,,,,
Justin Obikwu,Queens Park Rangers,eng Championship,FW,,11,0.1,,,,,,,,,,
Tyler Martin,Stoke City,eng Championship,FW,,9,0.1,,,,,,,,,,
George Gryba,Preston North End,eng Championship,FW,,14,0.2,,,,,,,,,,
Elijah Adebayo,Bristol City,eng Championship,FW,29.0,23,0.3,,,,,,,,,,
Barney Stewart,West Brom,eng Championship,FW,22.7,47,0.5,,,,,,,,,,
Sam Smith,Wrexham,eng Championship,FW,,241,2.7,,,,,,,,,,
Kyle Joseph,Middlesbrough,eng Championship,FW,,300,3.3,,,,,,,,,,
Mason Melia,Lincoln City,eng Championship,FW,,25,0.3,,,,,,,,,,
Lars-Jørgen Salvesen,Derby County,eng Championship,FW,30.8,207,2.3,,,,,,,,,,
Lewis Dobbin,Southampton,eng Championship,FW,24.0,107,1.2,,,,,,,,,,
Micah Mbick,Charlton Athletic,eng Championship,FW,,81,0.9,,,,,,,,,,
Adam Armstrong,Wolves,eng Championship,FW,29.9,337,3.7,,,,,,,,,,
Yuki Ohashi,Blackburn Rovers,eng Championship,FW,30.4,43,0.5,,,,,,,,,,
Filip Bilbija,Derby County,eng Championship,FW,,32,0.4,,,,,,,,,,
Leon Scarlett,Queens Park Rangers,eng Championship,FW,,58,0.6,,,,,,,,,,
Patrick Bamford,Sheffield Utd,eng Championship,FW,33.3,470,5.2,525.9355426768564,Top Starter,,,,,479.54596796273535,Top Starter,,
Richard Kone,Queens Park Rangers,eng Championship,FW,,158,1.8,,,,,,,,,,
Isaak Davies,Cardiff City,eng Championship,FW,25.3,39,0.4,,,,,,,,,,
Rhian Brewster,Derby County,eng Championship,FW,26.8,167,1.9,,,,,,,,,,
George Hirst,Stoke City,eng Championship,FW,27.9,336,3.7,,,,,,,,,,
Freddie Draper,Lincoln City,eng Championship,FW,,380,4.2,,,,,,,,,,
Delano Burgzorg,Preston North End,eng Championship,FW,28.2,458,5.1,248.3468948838978,Solid Squad Player,,,,,239.08215775377323,Solid Squad Player,,
Róbert Boženík,Stoke City,eng Championship,FW,27.1,220,2.4,,,,,,,,,,
Jamie Vardy,Burnley,eng Championship,FW,40.0,25,0.3,,,,,,,,,,
Sean Neave,Wolves,eng Championship,FW,19.6,8,0.1,,,,,,,,,,
Ross Stewart,Swansea City,eng Championship,FW,,9,0.1,,,,,,,,,,
Charlie Kelman,Charlton Athletic,eng Championship,FW,,14,0.2,,,,,,,,,,
Bailey Cadamarteri,Wrexham,eng Championship,FW,21.6,32,0.4,,,,,,,,,,
Milutin Osmajić,Preston North End,eng Championship,FW,27.4,90,1.0,,,,,,,,,,
Luis Vázquez,Birmingham City,eng Championship,FW,25.7,70,0.8,,,,,,,,,,
Alfie Lloyd,Queens Park Rangers,eng Championship,FW,,217,2.4,,,,,,,,,,
Jayden Nelson,Bolton Wanderers,eng Championship,FW,24.3,60,0.7,,,,,,,,,,
Johnny Kenny,Preston North End,eng Championship,FW,23.6,161,1.8,,,,,,,,,,
Ryan Hardie,Bolton Wanderers,eng Championship,FW,29.8,101,1.1,,,,,,,,,,
Theo Bair,Bolton Wanderers,eng Championship,FW,27.3,75,0.8,,,,,,,,,,
Yousef Salech,Cardiff City,eng Championship,FW,25.0,610,6.8,332.97659811718444,Solid Squad Player,,,,,376.1870538050618,Solid Squad Player,,
Emil Riis Jacobsen,Bristol City,eng Championship,FW,28.5,26,0.3,,,,,,,,,,
Sam Bell,Bristol City,eng Championship,FW,,26,0.3,,,,,,,,,,
Andreas Hountondji,Burnley,eng Championship,FW,24.5,110,1.2,,,,,,,,,,
Jordan Ayew,Sheffield Utd,eng Championship,FW,35.3,26,0.3,,,,,,,,,,
Harvey Higgins,Blackburn Rovers,eng Championship,FW,,24,0.3,,,,,,,,,,
Matt Godden,Charlton Athletic,eng Championship,FW,35.4,59,0.7,,,,,,,,,,
Henrik Meister,Derby County,eng Championship,FW,23.1,143,1.6,,,,,,,,,,
Dávid Strelec,Middlesbrough,eng Championship,FW,25.7,3,0.0,,,,,,,,,,
Dominik Reimann,1. FC Magdeburg,de 2. Bundesliga,GK,29.5,450,5.0,,,,,,,,,593.6867198983607,Top Starter
Marcel Lotka,Energie Cottbus,de 2. Bundesliga,GK,25.6,450,5.0,,,,,,,,,859.539044221758,World Class
Leo Weinkauf,Hannover 96,de 2. Bundesliga,GK,30.5,360,4.0,,,,,,,,,,
Marcel Schuhen,Darmstadt 98,de 2. Bundesliga,GK,34.0,450,5.0,,,,,,,,,857.4802795091874,World Class
Julian Krahl,1. FC Kaiserslautern,de 2. Bundesliga,GK,26.9,450,5.0,,,,,,,,,625.0668283872709,Top Starter
Jonas Krumrey,VfL Osnabrück,de 2. Bundesliga,GK,23.1,450,5.0,,,,,,,,,501.72217715992673,Top Starter
Marius Gersbeck,Hertha BSC,de 2. Bundesliga,GK,31.5,450,5.0,,,,,,,,,742.6696630817319,Top Starter
Timo Horn,Bochum,de 2. Bundesliga,GK,33.6,450,5.0,,,,,,,,,558.363544220377,Top Starter
Jan Reichert,Nürnberg,de 2. Bundesliga,GK,,450,5.0,,,,,,,,,723.6569085614364,Top Starter
Florian Hellstern,Greuther Fürth,de 2. Bundesliga,GK,19.2,450,5.0,,,,,,,,,559.2784387699662,Top Starter
Thomas Dähne,Heidenheim,de 2. Bundesliga,GK,33.0,270,3.0,,,,,,,,,,
Ben Voll,St. Pauli,de 2. Bundesliga,GK,26.1,450,5.0,,,,,,,,,388.0036918562478,Solid Squad Player
Jakub Zieliński,Wolfsburg,de 2. Bundesliga,GK,18.9,450,5.0,,,,,,,,,498.240457703795,Top Starter
Hans Christian Bernat,Karlsruher SC,de 2. Bundesliga,GK,26.1,450,5.0,,,,,,,,,508.63450531877174,Top Starter
Ron Thorben Hoffmann,Eintracht Braunschweig,de 2. Bundesliga,GK,27.7,450,5.0,,,,,,,,,463.12984512000696,Top Starter
Timon Weiner,Holstein Kiel,de 2. Bundesliga,GK,28.0,450,5.0,,,,,,,,,434.74021291499565,Top Starter
Tim Schreiber,SG Dynamo Dresden,de 2. Bundesliga,GK,24.7,450,5.0,,,,,,,,,487.682211164541,Top Starter
Jonas Thomas Kersken,Arminia,de 2. Bundesliga,GK,,450,5.0,,,,,,,,,479.34629001721,Top Starter
Frank Feller,Heidenheim,de 2. Bundesliga,GK,23.0,180,2.0,,,,,,,,,,
Pascal Loretz,Hannover 96,de 2. Bundesliga,GK,23.6,90,1.0,,,,,,,,,,
Marcus Mathisen,St. Pauli,de 2. Bundesliga,DF,30.8,325,3.6,,,,,,,,,,
Jonathan Gómez,VfL Osnabrück,de 2. Bundesliga,DF,23.3,175,1.9,,,,,,,,,,
Daniel Heber,1. FC Magdeburg,de 2. Bundesliga,DF,32.5,73,0.8,,,,,,,,,,
Michael Heule,Heidenheim,de 2. Bundesliga,DF,25.7,270,3.0,,,,,,,,,,
Kristian Mandic,Nürnberg,de 2. Bundesliga,DF,,90,1.0,,,,,,,,,,
Niklas Kolbe,Hertha BSC,de 2. Bundesliga,DF,30.0,450,5.0,,,,,707.0844489456081,Top Starter,726.1154565398431,Top Starter,,
Jacob Rasmussen,1. FC Kaiserslautern,de 2. Bundesliga,DF,29.6,450,5.0,,,,,614.3136628881919,Top Starter,655.5516656196237,Top Starter,,
King Manu,Energie Cottbus,de 2. Bundesliga,DF,,360,4.0,,,,,,,,,,
Fynn Otto,Nürnberg,de 2. Bundesliga,DF,24.8,360,4.0,,,,,,,,,,
Maximilian Wittek,Bochum,de 2. Bundesliga,DF,31.4,438,4.9,,,,,,,,,,
Julian Eitschberger,Hertha BSC,de 2. Bundesliga,DF,22.8,439,4.9,,,,,,,,,,
Linus Gechter,Hertha BSC,de 2. Bundesliga,DF,22.8,450,5.0,,,,,743.0295785576468,Top Starter,607.2951809602381,Top Starter,,
Leon Parduzi,Holstein Kiel,de 2. Bundesliga,DF,,273,3.0,,,,,,,,,,
Jan Elvedi,1. FC Kaiserslautern,de 2. Bundesliga,DF,30.3,450,5.0,,,,,743.4778090284475,Top Starter,616.710967402009,Top Starter,,
Hauke Wahl,Wolfsburg,de 2. Bundesliga,DF,32.7,450,5.0,,,,,720.3924500678417,Top Starter,542.6545090942324,Top Starter,,
Sean Klaiber,Bochum,de 2. Bundesliga,DF,32.4,108,1.2,,,,,,,,,,
Jonas Föhrenbach,Heidenheim,de 2. Bundesliga,DF,30.9,450,5.0,,,,,374.65599296977075,Solid Squad Player,317.70176440473415,Solid Squad Player,,
Maxwell Gyamfi,1. FC Kaiserslautern,de 2. Bundesliga,DF,45.3,444,4.9,,,,,,,,,,
Michael Steinwender,Bochum,de 2. Bundesliga,DF,26.7,450,5.0,,,,,513.8581963125342,Top Starter,493.8283854556751,Top Starter,,
Hendry Blank,Greuther Fürth,de 2. Bundesliga,DF,22.4,46,0.5,,,,,,,,,,
David Nemeth,St. Pauli,de 2. Bundesliga,DF,25.8,450,5.0,,,,,671.1379829982926,Top Starter,619.2346330709994,Top Starter,,
Rafael Pinto Pedrosa,Karlsruher SC,de 2. Bundesliga,DF,,345,3.8,,,,,,,,,,
Tim Janisch,Nürnberg,de 2. Bundesliga,DF,21.9,359,4.0,,,,,,,,,,
Karol Mets,Bochum,de 2. Bundesliga,DF,33.6,405,4.5,,,,,,,,,,
Deyovaisio Zeefuik,Hertha BSC,de 2. Bundesliga,DF,28.8,191,2.1,,,,,,,,,,
Arne Sicker,Arminia,de 2. Bundesliga,DF,29.7,288,3.2,,,,,,,,,,
Alexios Kalogeropoulos,Nürnberg,de 2. Bundesliga,DF,22.4,450,5.0,,,,,536.381525608672,Top Starter,429.08545650956404,Top Starter,,
Niklas Wiemann,VfL Osnabrück,de 2. Bundesliga,DF,27.9,450,5.0,,,,,742.7332254177602,Top Starter,740.1670916911704,Top Starter,,
Marcel Franke,Karlsruher SC,de 2. Bundesliga,DF,33.7,405,4.5,,,,,,,,,,
Adam Dźwigała,St. Pauli,de 2. Bundesliga,DF,31.3,23,0.3,,,,,,,,,,
Sandro Trémoulet,Karlsruher SC,de 2. Bundesliga,DF,27.1,9,0.1,,,,,,,,,,
Robin Fabinski,VfL Osnabrück,de 2. Bundesliga,DF,,450,5.0,,,,,789.5096886852367,World Class,670.8663596575959,Top Starter,,
Brooklyn Kevin Ezeh,SG Dynamo Dresden,de 2. Bundesliga,DF,,17,0.2,,,,,,,,,,
Marnon Busch,Heidenheim,de 2. Bundesliga,DF,32.1,336,3.7,,,,,,,,,,
Tobias Müller,1. FC Magdeburg,de 2. Bundesliga,DF,32.5,277,3.1,,,,,,,,,,
Sael Kumbedi,Wolfsburg,de 2. Bundesliga,DF,21.8,180,2.0,,,,,,,,,,
Bastian Allgeier,Hannover 96,de 2. Bundesliga,DF,,449,5.0,,,,,536.5304832748245,Top Starter,555.1097643603019,Top Starter,,
Maximilian Bauer,Arminia,de 2. Bundesliga,DF,26.9,450,5.0,,,,,725.6309444226642,Top Starter,604.1383004617522,Top Starter,,
Patrick Mainka,Heidenheim,de 2. Bundesliga,DF,32.2,405,4.5,,,,,,,,,,
Joakim Mæhle,Wolfsburg,de 2. Bundesliga,DF,29.6,359,4.0,,,,,,,,,,
Henri Koudossou,Arminia,de 2. Bundesliga,DF,27.3,441,4.9,,,,,,,,,,
Rony Jansson,St. Pauli,de 2. Bundesliga,DF,23.0,11,0.1,,,,,,,,,,
Joel Abu Hanna,VfL Osnabrück,de 2. Bundesliga,DF,29.0,25,0.3,,,,,,,,,,
Kelven Frees ,1. FC Kaiserslautern,de 2. Bundesliga,DF,21.9,10,0.1,,,,,,,,,,
Jannis Zaydan,Energie Cottbus,de 2. Bundesliga,DF,,45,0.5,,,,,,,,,,
Benedikt Gimber,Heidenheim,de 2. Bundesliga,DF,29.9,45,0.5,,,,,,,,,,
Viktor Bergh,Karlsruher SC,de 2. Bundesliga,DF,27.4,144,1.6,,,,,,,,,,
Cleiton,Wolfsburg,de 2. Bundesliga,DF,43.8,65,0.7,,,,,,,,,,
Nicolai Rapp,SG Dynamo Dresden,de 2. Bundesliga,MF,30.1,299,3.3,,,,,,,,,,
Virgil Ghiță,Hannover 96,de 2. Bundesliga,DF,28.6,222,2.5,,,,,,,,,,
Tim Siersleben,Heidenheim,de 2. Bundesliga,DF,26.8,190,2.1,,,,,,,,,,
Luca Erlein,Energie Cottbus,de 2. Bundesliga,DF,19.5,405,4.5,,,,,,,,,,
Patric Pfeiffer,Darmstadt 98,de 2. Bundesliga,DF,27.4,450,5.0,,,,,626.3838784416904,Top Starter,542.9233178481239,Top Starter,,
Eric Smith,St. Pauli,de 2. Bundesliga,DF,30.0,310,3.4,,,,,,,,,,
Lukas Reich,Greuther Fürth,de 2. Bundesliga,DF,,134,1.5,,,,,,,,,,
Alex Murphy,1. FC Kaiserslautern,de 2. Bundesliga,DF,22.5,77,0.9,,,,,,,,,,
Boris Tomiak,Hannover 96,de 2. Bundesliga,DF,,396,4.4,,,,,,,,,,
Jannis Heuer,Greuther Fürth,de 2. Bundesliga,DF,,450,5.0,,,,,669.8206414871404,Top Starter,495.8638109414945,Top Starter,,
Kevin Ehlers,Eintracht Braunschweig,de 2. Bundesliga,DF,24.0,450,5.0,,,,,532.5028588683018,Top Starter,521.9021399655383,Top Starter,,
Anselmo Garcia McNulty,1. FC Magdeburg,de 2. Bundesliga,DF,,450,5.0,,,,,573.8648344522511,Top Starter,483.6972403184349,Top Starter,,
Noah Madsen,Holstein Kiel,de 2. Bundesliga,DF,,33,0.4,,,,,,,,,,
Lukas Boeder,SG Dynamo Dresden,de 2. Bundesliga,DF,29.7,80,0.9,,,,,,,,,,
Márton Dárdai,Hertha BSC,de 2. Bundesliga,DF,24.9,39,0.4,,,,,,,,,,
Hiroki Sekine,Holstein Kiel,de 2. Bundesliga,DF,24.4,450,5.0,,,,,652.8649792923296,Top Starter,601.154645608696,Top Starter,,
Lars Ritzka,St. Pauli,de 2. Bundesliga,DF,28.7,67,0.7,,,,,,,,,,
Giannis Masouras,Nürnberg,de 2. Bundesliga,DF,30.4,91,1.0,,,,,,,,,,
Ime Okon,Hannover 96,de 2. Bundesliga,DF,22.9,102,1.1,,,,,,,,,,
Eldin Džogović,1. FC Magdeburg,de 2. Bundesliga,DF,23.6,20,0.2,,,,,,,,,,
Tomoya Ando,St. Pauli,de 2. Bundesliga,DF,28.0,360,4.0,,,,,,,,,,
Joel Felix,Arminia,de 2. Bundesliga,DF,29.0,19,0.2,,,,,,,,,,
Thomas Keller,SG Dynamo Dresden,de 2. Bundesliga,DF,27.4,339,3.8,,,,,,,,,,
Jannik Müller,VfL Osnabrück,de 2. Bundesliga,DF,33.0,449,5.0,,,,,693.3502970674725,Top Starter,578.2506538774437,Top Starter,,
Jonas Sterner,SG Dynamo Dresden,de 2. Bundesliga,DF,42.8,360,4.0,,,,,,,,,,
Ahmet Muhamedbegović,SG Dynamo Dresden,de 2. Bundesliga,DF,,199,2.2,,,,,,,,,,
Florian Kleinhansl,Darmstadt 98,de 2. Bundesliga,DF,,183,2.0,,,,,,,,,,
Jean-Manuel Mbom,Bochum,de 2. Bundesliga,DF,26.9,78,0.9,,,,,,,,,,
Krisztián Keresztes,Greuther Fürth,de 2. Bundesliga,DF,27.0,411,4.6,,,,,,,,,,
Mads Pedersen,Hertha BSC,de 2. Bundesliga,DF,30.3,249,2.8,,,,,,,,,,
Mathys Angely,Wolfsburg,de 2. Bundesliga,DF,19.7,268,3.0,,,,,,,,,,
Andi Hoti,Eintracht Braunschweig,de 2. Bundesliga,DF,23.8,259,2.9,,,,,,,,,,
Konrad Faber,VfL Osnabrück,de 2. Bundesliga,DF,29.2,161,1.8,,,,,,,,,,
Eric Porstner,Nürnberg,de 2. Bundesliga,DF,26.4,426,4.7,,,,,,,,,,
Fabio Di Michele Sanchez,Eintracht Braunschweig,de 2. Bundesliga,DF,,319,3.5,,,,,,,,,,
Kilian Fischer,Wolfsburg,de 2. Bundesliga,DF,26.2,361,4.0,,,,,,,,,,
Oualid Mhamdi,Heidenheim,de 2. Bundesliga,DF,,256,2.8,,,,,,,,,,
Jannik Dehm,Greuther Fürth,de 2. Bundesliga,MF,30.7,325,3.6,,,,,,,,,,
Maximilian Großer,Arminia,de 2. Bundesliga,DF,,450,5.0,,,,,491.4279293493392,Top Starter,492.4451795091835,Top Starter,,
Sebastian Jung,Karlsruher SC,de 2. Bundesliga,DF,36.5,262,2.9,,,,,,,,,,
Lukas Frenkert,Eintracht Braunschweig,de 2. Bundesliga,DF,,192,2.1,,,,,,,,,,
Oliver Olsen,Bochum,de 2. Bundesliga,DF,26.4,285,3.2,,,,,,,,,,
Ivan Nekić,Holstein Kiel,de 2. Bundesliga,DF,26.0,450,5.0,,,,,600.7288239108245,Top Starter,559.6144163738259,Top Starter,,
Christoph Kobald,Karlsruher SC,de 2. Bundesliga,DF,,441,4.9,,,,,,,,,,
Gian-Luca Itter,Greuther Fürth,de 2. Bundesliga,DF,28.0,450,5.0,,,,,572.3779826385663,Top Starter,496.5886337609264,Top Starter,,
Raoul Petretta,Darmstadt 98,de 2. Bundesliga,DF,29.8,256,2.8,,,,,,,,,,
Alexander Rossipal,SG Dynamo Dresden,de 2. Bundesliga,DF,30.6,433,4.8,,,,,,,,,,
Simon Straudi,SG Dynamo Dresden,de 2. Bundesliga,DF,27.9,90,1.0,,,,,,,,,,
Yannik Lührs,Darmstadt 98,de 2. Bundesliga,DF,23.3,248,2.8,,,,,,,,,,
Henry Rorig,Energie Cottbus,de 2. Bundesliga,DF,,390,4.3,,,,,,,,,,
Christopher Lannert,Darmstadt 98,de 2. Bundesliga,DF,31.9,440,4.9,,,,,,,,,,
Deniz Ofli,Karlsruher SC,de 2. Bundesliga,DF,19.8,405,4.5,,,,,,,,,,
Jean Hugonet,Hannover 96,de 2. Bundesliga,DF,,180,2.0,,,,,,,,,,
Paul Jaeckel,1. FC Magdeburg,de 2. Bundesliga,DF,28.4,75,0.8,,,,,,,,,,
Jonas Adjei Adjetey,Wolfsburg,de 2. Bundesliga,DF,,49,0.5,,,,,,,,,,
Yiğit Karademir,Bochum,de 2. Bundesliga,DF,,83,0.9,,,,,,,,,,
David Zec,Holstein Kiel,de 2. Bundesliga,DF,27.0,450,5.0,,,,,468.85048388154877,Top Starter,548.692413755284,Top Starter,,
Niko Takahashi,Holstein Kiel,de 2. Bundesliga,DF,21.4,11,0.1,,,,,,,,,,
Marko Ivezić,Holstein Kiel,de 2. Bundesliga,DF,25.1,12,0.1,,,,,,,,,,
Tobias Hess,Nürnberg,de 2. Bundesliga,DF,,25,0.3,,,,,,,,,,
Ryan Malone,Energie Cottbus,de 2. Bundesliga,DF,34.4,15,0.2,,,,,,,,,,
Friedrich Müller,SG Dynamo Dresden,de 2. Bundesliga,DF,,369,4.1,,,,,,,,,,
Paul Scholl,Karlsruher SC,de 2. Bundesliga,DF,,61,0.7,,,,,,,,,,
Tim Campulka,Energie Cottbus,de 2. Bundesliga,DF,21.9,50,0.6,,,,,,,,,,
Tim Handwerker,Arminia,de 2. Bundesliga,DF,28.6,162,1.8,,,,,,,,,,
Herbert Bockhorn,1. FC Magdeburg,de 2. Bundesliga,DF,31.9,187,2.1,,,,,,,,,,
Aleksandar Vukotić,Darmstadt 98,de 2. Bundesliga,DF,31.4,200,2.2,,,,,,,,,,
Fousseny Doumbia,Energie Cottbus,de 2. Bundesliga,DF,21.9,205,2.3,,,,,,,,,,
Erik Wekesser,1. FC Kaiserslautern,de 2. Bundesliga,DF,29.5,1,0.0,,,,,,,,,,
Theo Janotta,VfL Osnabrück,de 2. Bundesliga,DF,,1,0.0,,,,,,,,,,
Adam Markhiev,Nürnberg,de 2. Bundesliga,MF,24.8,450,5.0,,,785.7505454229655,World Class,,,811.6286870573036,World Class,,
Marten Winkler,Hertha BSC,de 2. Bundesliga,MF,24.2,167,1.9,,,,,,,,,,
Josip Brekalo,Hertha BSC,de 2. Bundesliga,FW,28.5,446,5.0,752.1087273124978,World Class,,,,,578.901646998605,Top Starter,,
Fabian Reese,Wolfsburg,de 2. Bundesliga,FW,29.1,438,4.9,,,,,,,,,,
Tolcay Ciğerci,Energie Cottbus,de 2. Bundesliga,MF,31.9,393,4.4,,,,,,,,,,
Jan Schöppner,Heidenheim,de 2. Bundesliga,MF,27.6,450,5.0,,,402.4591613693395,Top Starter,,,763.2532599740246,World Class,,
Alexander Nollenberger,1. FC Magdeburg,de 2. Bundesliga,MF,27.6,439,4.9,,,,,,,,,,
Marcel Costly,Heidenheim,de 2. Bundesliga,DF,31.1,441,4.9,,,,,,,,,,
Marvin Wanitzek,Karlsruher SC,de 2. Bundesliga,MF,33.4,450,5.0,,,795.9488010122745,World Class,,,567.5400998824592,Top Starter,,
Semih Şahin,1. FC Kaiserslautern,de 2. Bundesliga,MF,,444,4.9,,,,,,,,,,
Julian Niehues,Heidenheim,de 2. Bundesliga,MF,25.7,103,1.1,,,,,,,,,,
Julian Justvan,Nürnberg,de 2. Bundesliga,MF,28.8,358,4.0,,,,,,,,,,
Vinicius Souza,Wolfsburg,de 2. Bundesliga,MF,,429,4.8,,,,,,,,,,
Emmanuel Iyoha,1. FC Magdeburg,de 2. Bundesliga,DF,29.2,425,4.7,,,,,,,,,,
Shinta Appelkamp,Greuther Fürth,de 2. Bundesliga,MF,26.2,260,2.9,,,,,,,,,,
Yann Sturm,Eintracht Braunschweig,de 2. Bundesliga,MF,21.8,389,4.3,,,,,,,,,,
Arkadiusz Pyrka,St. Pauli,de 2. Bundesliga,MF,24.3,439,4.9,,,,,,,,,,
Felix Klaus,Greuther Fürth,de 2. Bundesliga,FW,34.3,436,4.8,,,,,,,,,,
Florian Flick,Eintracht Braunschweig,de 2. Bundesliga,MF,26.7,447,5.0,,,364.7425850787035,Solid Squad Player,,,590.6053446139333,Top Starter,,
Mattias Svanberg,Wolfsburg,de 2. Bundesliga,MF,28.0,177,2.0,,,,,,,,,,
Lars Timo Gindorf,Hannover 96,de 2. Bundesliga,MF,,375,4.2,,,,,,,,,,
Farid Alfa-Ruprecht,Hertha BSC,de 2. Bundesliga,MF,20.8,21,0.2,,,,,,,,,,
David Kopacz,VfL Osnabrück,de 2. Bundesliga,MF,27.6,125,1.4,,,,,,,,,,
Leonardo Bittencourt,Energie Cottbus,de 2. Bundesliga,MF,33.0,370,4.1,,,,,,,,,,
Alexander Bernhardsson,Wolfsburg,de 2. Bundesliga,MF,28.3,417,4.6,,,,,,,,,,
Bjarke Jacobsen,VfL Osnabrück,de 2. Bundesliga,MF,33.4,438,4.9,,,,,,,,,,
Falko Michel,1. FC Magdeburg,de 2. Bundesliga,MF,26.0,426,4.7,,,,,,,,,,
Connor Metcalfe,St. Pauli,de 2. Bundesliga,MF,27.2,169,1.9,,,,,,,,,,
Mehmet Aydin,Eintracht Braunschweig,de 2. Bundesliga,MF,24.9,450,5.0,,,537.1265559024797,Top Starter,,,731.2016594447973,Top Starter,,
Luka Hyryläinen,1. FC Magdeburg,de 2. Bundesliga,MF,,429,4.8,,,,,,,,,,
Maurice Neubauer,Hannover 96,de 2. Bundesliga,DF,30.7,439,4.9,,,,,,,,,,
Guillermo Balzi,Holstein Kiel,de 2. Bundesliga,MF,25.4,401,4.5,,,,,,,,,,
Mathias Rasmussen,St. Pauli,de 2. Bundesliga,MF,29.1,444,4.9,,,,,,,,,,
Kolja Oudenne,Hannover 96,de 2. Bundesliga,MF,,433,4.8,,,,,,,,,,
Ben Bobzien,SG Dynamo Dresden,de 2. Bundesliga,MF,23.7,431,4.8,,,,,,,,,,
Javier Fernandez,Nürnberg,de 2. Bundesliga,MF,20.1,437,4.9,,,,,,,,,,
Paul Will,Greuther Fürth,de 2. Bundesliga,MF,27.8,450,5.0,,,383.3230397477865,Solid Squad Player,,,577.1868354014397,Top Starter,,
Carlo Sickinger,Darmstadt 98,de 2. Bundesliga,MF,,166,1.8,,,,,,,,,,
Mika Haas,1. FC Kaiserslautern,de 2. Bundesliga,MF,,373,4.1,,,,,,,,,,
Lukas Michelbrink,Energie Cottbus,de 2. Bundesliga,MF,,427,4.7,,,,,,,,,,
Joel Fujita,St. Pauli,de 2. Bundesliga,MF,24.9,244,2.7,,,,,,,,,,
Louis Oppie,St. Pauli,de 2. Bundesliga,MF,24.6,445,4.9,,,,,,,,,,
Nicolas Verkooijen,Darmstadt 98,de 2. Bundesliga,MF,20.1,140,1.6,,,,,,,,,,
Adrian Beck,VfL Osnabrück,de 2. Bundesliga,MF,29.6,402,4.5,,,,,,,,,,
Jonas Meffert,Holstein Kiel,de 2. Bundesliga,MF,32.3,445,4.9,,,,,,,,,,
Noah Weißhaupt,Darmstadt 98,de 2. Bundesliga,MF,25.3,364,4.0,,,,,,,,,,
Stefano Russo,Arminia,de 2. Bundesliga,MF,26.5,435,4.8,,,,,,,,,,
Kai Klefisch,Darmstadt 98,de 2. Bundesliga,MF,,341,3.8,,,,,,,,,,
Stefán Teitur Þórðarson,Hannover 96,de 2. Bundesliga,MF,28.2,312,3.5,,,,,,,,,,
Pascal Klemens,Hertha BSC,de 2. Bundesliga,MF,21.9,138,1.5,,,,,,,,,,
Elvis Rexhbeçaj,Wolfsburg,de 2. Bundesliga,MF,29.2,329,3.7,,,,,,,,,,
Koji Miyoshi,Bochum,de 2. Bundesliga,FW,29.8,425,4.7,,,,,,,,,,
Fridolin Wagner,VfL Osnabrück,de 2. Bundesliga,MF,29.3,382,4.2,,,,,,,,,,
Samuele Di Benedetto,Eintracht Braunschweig,de 2. Bundesliga,MF,21.5,298,3.3,,,,,,,,,,
Kevin Sessa,Hertha BSC,de 2. Bundesliga,MF,26.5,443,4.9,,,,,,,,,,
Marvin Mehlem,Arminia,de 2. Bundesliga,MF,29.3,299,3.3,,,,,,,,,,
Moritz-Broni Kwarteng,1. FC Magdeburg,de 2. Bundesliga,MF,28.7,282,3.1,,,,,,,,,,
Scott Banks,St. Pauli,de 2. Bundesliga,MF,25.3,10,0.1,,,,,,,,,,
Leon Opitz,VfL Osnabrück,de 2. Bundesliga,MF,21.7,10,0.1,,,,,,,,,,
Waniss Taibi,Hannover 96,de 2. Bundesliga,MF,24.8,436,4.8,,,,,,,,,,
Jannis Boziaris,Energie Cottbus,de 2. Bundesliga,MF,,193,2.1,,,,,,,,,,
Torben Müsel,1. FC Magdeburg,de 2. Bundesliga,MF,27.4,77,0.9,,,,,,,,,,
Noel Eichinger,Karlsruher SC,de 2. Bundesliga,MF,,320,3.6,,,,,,,,,,
Berkan Taz,Bochum,de 2. Bundesliga,MF,,206,2.3,,,,,,,,,,
Faton Ademi,Greuther Fürth,de 2. Bundesliga,MF,,146,1.6,,,,,,,,,,
Kasper Davidsen,Holstein Kiel,de 2. Bundesliga,MF,21.9,322,3.6,,,,,,,,,,
Hayate Matsuda,Hannover 96,de 2. Bundesliga,MF,,28,0.3,,,,,,,,,,
Lilian Egloff,Karlsruher SC,de 2. Bundesliga,MF,24.4,193,2.1,,,,,,,,,,
Kevin Wiethaup,Karlsruher SC,de 2. Bundesliga,MF,24.0,224,2.5,,,,,,,,,,
Marius Wörl,Arminia,de 2. Bundesliga,MF,,334,3.7,,,,,,,,,,
Max Marie,Eintracht Braunschweig,de 2. Bundesliga,MF,25.6,420,4.7,,,,,,,,,,
Jakob Lemmer,SG Dynamo Dresden,de 2. Bundesliga,MF,,160,1.8,,,,,,,,,,
Jannik Rochelt,Arminia,de 2. Bundesliga,MF,,399,4.4,,,,,,,,,,
Tom Meyer,Bochum,de 2. Bundesliga,MF,41.4,226,2.5,,,,,,,,,,
Bence Dárdai,Wolfsburg,de 2. Bundesliga,MF,20.9,25,0.3,,,,,,,,,,
Tony Reitz,1. FC Magdeburg,de 2. Bundesliga,MF,46.0,12,0.1,,,,,,,,,,
Marc Kornwachs Barjuan,Nürnberg,de 2. Bundesliga,MF,,10,0.1,,,,,,,,,,
Tristan Wagner,Eintracht Braunschweig,de 2. Bundesliga,MF,39.7,9,0.1,,,,,,,,,,
Moritz Hannemann,Energie Cottbus,de 2. Bundesliga,MF,,209,2.3,,,,,,,,,,
Mats Pannewig,Bochum,de 2. Bundesliga,MF,22.2,364,4.0,,,,,,,,,,
Franz Roggow,Hannover 96,de 2. Bundesliga,MF,,85,0.9,,,,,,,,,,
Mika Wallentowitz,Greuther Fürth,de 2. Bundesliga,MF,,25,0.3,,,,,,,,,,
Ikem Ugoh,Holstein Kiel,de 2. Bundesliga,MF,,84,0.9,,,,,,,,,,
Rafael Lubach,Nürnberg,de 2. Bundesliga,MF,,103,1.1,,,,,,,,,,
Patrice Čović,SG Dynamo Dresden,de 2. Bundesliga,MF,19.5,21,0.2,,,,,,,,,,
Marko Zrilic,Heidenheim,de 2. Bundesliga,MF,,57,0.6,,,,,,,,,,
Jonas Therkelsen,Holstein Kiel,de 2. Bundesliga,MF,42.8,233,2.6,,,,,,,,,,
Monju Momuluh,Arminia,de 2. Bundesliga,MF,,362,4.0,,,,,,,,,,
Christian Kinsombi,Energie Cottbus,de 2. Bundesliga,MF,,174,1.9,,,,,,,,,,
Yosuke Furukawa,Darmstadt 98,de 2. Bundesliga,MF,23.5,143,1.6,,,,,,,,,,
Maximilian Arnold,Wolfsburg,de 2. Bundesliga,MF,32.6,94,1.0,,,,,,,,,,
Fabian Kunze,1. FC Kaiserslautern,de 2. Bundesliga,MF,28.6,419,4.7,,,,,,,,,,
Lars Kehl,Darmstadt 98,de 2. Bundesliga,MF,,118,1.3,,,,,,,,,,
Leon Jensen,Arminia,de 2. Bundesliga,MF,,39,0.4,,,,,,,,,,
Luca Herrmann,SG Dynamo Dresden,de 2. Bundesliga,MF,,23,0.3,,,,,,,,,,
Ole Pohlmann,Greuther Fürth,de 2. Bundesliga,MF,25.7,417,4.6,,,,,,,,,,
Gerrit Holtmann,Bochum,de 2. Bundesliga,FW,31.8,259,2.9,,,,,,,,,,
Sam Schreck,Arminia,de 2. Bundesliga,MF,27.9,134,1.5,,,,,,,,,,
Finn Ole Becker,Nürnberg,de 2. Bundesliga,MF,26.6,374,4.2,,,,,,,,,,
Niklas Hauptmann,SG Dynamo Dresden,de 2. Bundesliga,Off_MF,30.5,398,4.4,,,,,,,,,,
Patrick Kammerbauer,VfL Osnabrück,de 2. Bundesliga,DF,29.9,409,4.5,,,,,,,,,,
Dominik Pelivan,Energie Cottbus,de 2. Bundesliga,MF,30.6,170,1.9,,,,,,,,,,
Lance Duijvestijn,Darmstadt 98,de 2. Bundesliga,MF,28.0,390,4.3,,,,,,,,,,
Tayar Tasdelen,Holstein Kiel,de 2. Bundesliga,MF,,11,0.1,,,,,,,,,,
Muhammed Damar,Wolfsburg,de 2. Bundesliga,MF,22.7,331,3.7,,,,,,,,,,
Benjamin Boakye,Arminia,de 2. Bundesliga,MF,21.8,118,1.3,,,,,,,,,,
Fraser Hornby,Wolfsburg,de 2. Bundesliga,MF,27.3,113,1.3,,,,,,,,,,
Danyal Zor,Karlsruher SC,de 2. Bundesliga,MF,,358,4.0,,,,,,,,,,
Paul Joly,1. FC Kaiserslautern,de 2. Bundesliga,MF,26.6,205,2.3,,,,,,,,,,
Felipe Chávez,1. FC Magdeburg,de 2. Bundesliga,MF,19.7,29,0.3,,,,,,,,,,
Till Wegener,Arminia,de 2. Bundesliga,MF,,28,0.3,,,,,,,,,,
Marco Richter,Darmstadt 98,de 2. Bundesliga,FW,29.1,57,0.6,,,,,,,,,,
Gyan de Regt,Holstein Kiel,de 2. Bundesliga,MF,23.4,67,0.7,,,,,,,,,,
Emir Sahiti,Hannover 96,de 2. Bundesliga,MF,28.1,19,0.2,,,,,,,,,,
Robert Wagner,SG Dynamo Dresden,de 2. Bundesliga,MF,23.5,405,4.5,,,,,,,,,,
Leonhard Münst,VfL Osnabrück,de 2. Bundesliga,MF,,206,2.3,,,,,,,,,,
Junior Zé,Eintracht Braunschweig,de 2. Bundesliga,MF,20.8,140,1.6,,,,,,,,,,
Ismail Badjie,VfL Osnabrück,de 2. Bundesliga,MF,,263,2.9,,,,,,,,,,
Paul Seguin,Hertha BSC,de 2. Bundesliga,MF,31.8,320,3.6,,,,,,,,,,
Paul Hennrich,Heidenheim,de 2. Bundesliga,MF,21.8,52,0.6,,,,,,,,,,
Enis Çokaj,Bochum,de 2. Bundesliga,MF,27.9,197,2.2,,,,,,,,,,
Ibrahim El Kadiri,Darmstadt 98,de 2. Bundesliga,MF,24.9,32,0.4,,,,,,,,,,
Santeri Väänänen,Karlsruher SC,de 2. Bundesliga,MF,25.0,92,1.0,,,,,,,,,,
Lasse Isbruch,Bochum,de 2. Bundesliga,MF,,42,0.5,,,,,,,,,,
Daniel Kyereh,VfL Osnabrück,de 2. Bundesliga,Off_MF,30.8,91,1.0,,,,,,,,,,
Doni Arifi,Greuther Fürth,de 2. Bundesliga,MF,,37,0.4,,,,,,,,,,
Leon Robinson,1. FC Kaiserslautern,de 2. Bundesliga,MF,,46,0.5,,,,,,,,,,
Aaron Keller,Greuther Fürth,de 2. Bundesliga,MF,,68,0.8,,,,,,,,,,
Mathias Honsak,Heidenheim,de 2. Bundesliga,FW,30.0,278,3.1,,,,,,,,,,
Yannick Gerhardt,Wolfsburg,de 2. Bundesliga,MF,32.8,126,1.4,,,,,,,,,,
Mario Sauer,1. FC Kaiserslautern,de 2. Bundesliga,MF,22.6,130,1.4,,,,,,,,,,
Soufian Gouram,Hertha BSC,de 2. Bundesliga,MF,,248,2.8,,,,,,,,,,
Selim Telib,Hertha BSC,de 2. Bundesliga,MF,,10,0.1,,,,,,,,,,
Marko Soldic,Nürnberg,de 2. Bundesliga,MF,,10,0.1,,,,,,,,,,
Erik Ahlstrand,St. Pauli,de 2. Bundesliga,MF,25.2,14,0.2,,,,,,,,,,
David Schramm,1. FC Kaiserslautern,de 2. Bundesliga,MF,31.2,11,0.1,,,,,,,,,,
Nils Fröling,SG Dynamo Dresden,de 2. Bundesliga,MF,,28,0.3,,,,,,,,,,
Jarne Steuckers,Bochum,de 2. Bundesliga,MF,24.9,88,1.0,,,,,,,,,,
Till Wiese,Holstein Kiel,de 2. Bundesliga,MF,,11,0.1,,,,,,,,,,
Pierre Nadjombe,1. FC Magdeburg,de 2. Bundesliga,MF,24.8,191,2.1,,,,,,,,,,
Tony Lesueur,VfL Osnabrück,de 2. Bundesliga,MF,46.0,66,0.7,,,,,,,,,,
Sacha Banse,Greuther Fürth,de 2. Bundesliga,MF,25.8,373,4.1,,,,,,,,,,
Hiroki Akiyama,Darmstadt 98,de 2. Bundesliga,MF,26.1,270,3.0,,,,,,,,,,
Noah Katterbach,Eintracht Braunschweig,de 2. Bundesliga,MF,25.7,131,1.5,,,,,,,,,,
Simon Asta,1. FC Kaiserslautern,de 2. Bundesliga,MF,25.9,244,2.7,,,,,,,,,,
Ibrahim Kanate,1. FC Kaiserslautern,de 2. Bundesliga,MF,20.2,174,1.9,,,,,,,,,,
Bryan Henning,VfL Osnabrück,de 2. Bundesliga,MF,31.8,22,0.2,,,,,,,,,,
William Mikelbrencis,Darmstadt 98,de 2. Bundesliga,MF,22.9,21,0.2,,,,,,,,,,
Axel Borgmann,Energie Cottbus,de 2. Bundesliga,MF,32.5,317,3.5,,,,,,,,,,
John Tolkin,Holstein Kiel,de 2. Bundesliga,MF,24.4,156,1.7,,,,,,,,,,
Luca Raimund,VfL Osnabrück,de 2. Bundesliga,MF,21.7,11,0.1,,,,,,,,,,
Samuel Klein,St. Pauli,de 2. Bundesliga,MF,,11,0.1,,,,,,,,,,
Tim Civeja,Karlsruher SC,de 2. Bundesliga,MF,25.0,89,1.0,,,,,,,,,,
Luca Kerber,Heidenheim,de 2. Bundesliga,MF,24.8,80,0.9,,,,,,,,,,
Tobias Raschl,SG Dynamo Dresden,de 2. Bundesliga,MF,26.9,87,1.0,,,,,,,,,,
Leon Mergner,1. FC Magdeburg,de 2. Bundesliga,MF,,107,1.2,,,,,,,,,,
Lino Tempelmann,Eintracht Braunschweig,de 2. Bundesliga,MF,27.9,86,1.0,,,,,,,,,,
Julian Guttau,Energie Cottbus,de 2. Bundesliga,MF,,45,0.5,,,,,,,,,,
Jonas Oehmichen,SG Dynamo Dresden,de 2. Bundesliga,MF,42.8,22,0.2,,,,,,,,,,
Moritz Broschinski,Karlsruher SC,de 2. Bundesliga,FW,26.3,134,1.5,,,,,,,,,,
Mohamed Ali Zoma,Nürnberg,de 2. Bundesliga,FW,,432,4.8,,,,,,,,,,
Shiō Fukuda,Karlsruher SC,de 2. Bundesliga,FW,22.7,225,2.5,,,,,,,,,,
Oluwaseun Adewumi,Hertha BSC,de 2. Bundesliga,FW,21.9,176,2.0,,,,,,,,,,
Thierry Fidjeu-Tazemeta,1. FC Kaiserslautern,de 2. Bundesliga,FW,,224,2.5,,,,,,,,,,
Joel Grodowski,Arminia,de 2. Bundesliga,FW,,417,4.6,,,,,,,,,,
Taichi Hara,St. Pauli,de 2. Bundesliga,FW,27.7,297,3.3,,,,,,,,,,
Jón Dagur Þórsteinsson,Hertha BSC,de 2. Bundesliga,FW,28.1,284,3.2,,,,,,,,,,
Phil Harres,Holstein Kiel,de 2. Bundesliga,FW,24.8,450,5.0,744.0341494783536,Top Starter,,,,,504.6466532385392,Top Starter,,
Gustaf Nilsson,Hertha BSC,de 2. Bundesliga,FW,29.6,22,0.2,,,,,,,,,,
Robert Glatzel,Wolfsburg,de 2. Bundesliga,FW,33.0,189,2.1,,,,,,,,,,
Christian Conteh,Heidenheim,de 2. Bundesliga,FW,27.3,69,0.8,,,,,,,,,,
Lee Ho-jae,Darmstadt 98,de 2. Bundesliga,FW,26.2,163,1.8,,,,,,,,,,
Barış Atik,1. FC Magdeburg,de 2. Bundesliga,FW,32.0,448,5.0,409.6836625431341,Top Starter,,,,,443.74039580127004,Top Starter,,
Aaron Opoku,Eintracht Braunschweig,de 2. Bundesliga,FW,27.8,381,4.2,,,,,,,,,,
Maximilian Breunig,Heidenheim,de 2. Bundesliga,FW,26.4,44,0.5,,,,,,,,,,
Branimir Hrgota,St. Pauli,de 2. Bundesliga,Off_MF,34.0,305,3.4,,,,,,,,,,
Mustapha Bundu,Hannover 96,de 2. Bundesliga,FW,29.8,200,2.2,,,,,,,,,,
Jan Urbich,Eintracht Braunschweig,de 2. Bundesliga,FW,22.5,272,3.0,,,,,,,,,,
Naatan Skyttä,1. FC Kaiserslautern,de 2. Bundesliga,FW,24.7,133,1.5,,,,,,,,,,
Dmytro Bogdanov,Energie Cottbus,de 2. Bundesliga,FW,19.8,73,0.8,,,,,,,,,,
Budu Zivzivadze,Heidenheim,de 2. Bundesliga,FW,32.8,331,3.7,,,,,,,,,,
Piet Scobel,Nürnberg,de 2. Bundesliga,FW,,400,4.4,,,,,,,,,,
Philipp Hofmann,Bochum,de 2. Bundesliga,FW,33.8,450,5.0,380.9821793403887,Solid Squad Player,,,,,495.330501960057,Top Starter,,
Jan Luca Schuler,Hertha BSC,de 2. Bundesliga,FW,27.8,93,1.0,,,,,,,,,,
Isaiah Young,Arminia,de 2. Bundesliga,FW,24.8,42,0.5,,,,,,,,,,
Christian Rasmussen,Bochum,de 2. Bundesliga,FW,24.0,223,2.5,,,,,,,,,,
Maximilian Entrup,Eintracht Braunschweig,de 2. Bundesliga,FW,29.4,208,2.3,,,,,,,,,,
Omar Sillah,Greuther Fürth,de 2. Bundesliga,FW,,102,1.1,,,,,,,,,,
Marvin Pieringer,Heidenheim,de 2. Bundesliga,FW,27.2,180,2.0,,,,,,,,,,
Marcel Hartel,Hannover 96,de 2. Bundesliga,MF,31.0,331,3.7,,,,,,,,,,
Erencan Yardimci,1. FC Kaiserslautern,de 2. Bundesliga,FW,24.9,117,1.3,,,,,,,,,,
Mikkel Kaufmann,Heidenheim,de 2. Bundesliga,FW,26.0,161,1.8,,,,,,,,,,
Justin Butler,Energie Cottbus,de 2. Bundesliga,FW,,231,2.6,,,,,,,,,,
Marlon Ritter,1. FC Kaiserslautern,de 2. Bundesliga,Off_MF,32.2,337,3.7,,,,,,,,,,
Sebastian Grønning,Hertha BSC,de 2. Bundesliga,FW,29.9,325,3.6,,,,,,,,,,
Adrián Kaprálik,Holstein Kiel,de 2. Bundesliga,FW,,422,4.7,,,,,,,,,,
Louey Ben Farhat,Karlsruher SC,de 2. Bundesliga,FW,,210,2.3,,,,,,,,,,
Vincent Vermeij,SG Dynamo Dresden,de 2. Bundesliga,FW,32.4,398,4.4,,,,,,,,,,
Mateusz Żukowski,1. FC Magdeburg,de 2. Bundesliga,FW,25.1,440,4.9,,,,,,,,,,
Mergim Berisha,1. FC Kaiserslautern,de 2. Bundesliga,FW,28.6,239,2.7,,,,,,,,,,
Alessio Besio,Wolfsburg,de 2. Bundesliga,FW,,53,0.6,,,,,,,,,,
Johan Gomez,Eintracht Braunschweig,de 2. Bundesliga,FW,21.7,25,0.3,,,,,,,,,,
Husseyn Chakroun,Hannover 96,de 2. Bundesliga,FW,22.1,128,1.4,,,,,,,,,,
Abdoulie Ceesay,St. Pauli,de 2. Bundesliga,FW,23.0,169,1.9,,,,,,,,,,
Milan Smit,Darmstadt 98,de 2. Bundesliga,FW,23.9,349,3.9,,,,,,,,,,
Yannik Wagner,Heidenheim,de 2. Bundesliga,FW,19.6,24,0.3,,,,,,,,,,
Kaan İnanoğlu,SG Dynamo Dresden,de 2. Bundesliga,FW,,193,2.1,,,,,,,,,,
Alessandro Crimaldi,Bochum,de 2. Bundesliga,FW,,99,1.1,,,,,,,,,,
Fynn Lakenmacher,Darmstadt 98,de 2. Bundesliga,FW,,60,0.7,,,,,,,,,,
William Bøving,Nürnberg,de 2. Bundesliga,FW,23.8,54,0.6,,,,,,,,,,
Magnus Baars,1. FC Magdeburg,de 2. Bundesliga,FW,,35,0.4,,,,,,,,,,
Robin Meißner,VfL Osnabrück,de 2. Bundesliga,FW,,435,4.8,,,,,,,,,,
Lucas Copado,Energie Cottbus,de 2. Bundesliga,FW,23.0,343,3.8,,,,,,,,,,
Martijn Kaars,St. Pauli,de 2. Bundesliga,FW,27.8,295,3.3,,,,,,,,,,
Dennis Srbeny,Greuther Fürth,de 2. Bundesliga,FW,32.7,319,3.5,,,,,,,,,,
Kennedy Okpala,SG Dynamo Dresden,de 2. Bundesliga,FW,,114,1.3,,,,,,,,,,
Sigurd Haugen,Nürnberg,de 2. Bundesliga,FW,29.5,47,0.5,,,,,,,,,,
Mansour Ouro-Tagba,Bochum,de 2. Bundesliga,FW,,8,0.1,,,,,,,,,,
Roberts Uldriķis,Arminia,de 2. Bundesliga,FW,28.7,34,0.4,,,,,,,,,,
Adriano Grimaldi,Nürnberg,de 2. Bundesliga,FW,35.7,21,0.2,,,,,,,,,,
Faride Alidou,Holstein Kiel,de 2. Bundesliga,FW,25.5,31,0.3,,,,,,,,,,
Kento Shiogai,Wolfsburg,de 2. Bundesliga,FW,21.8,216,2.4,,,,,,,,,,
Benedikt Pichler,Hannover 96,de 2. Bundesliga,FW,29.5,184,2.0,,,,,,,,,,
Sidi Sané,Eintracht Braunschweig,de 2. Bundesliga,FW,23.7,12,0.1,,,,,,,,,,
Manolo Merx,Darmstadt 98,de 2. Bundesliga,FW,,38,0.4,,,,,,,,,,
Jovan Mijatović,Eintracht Braunschweig,de 2. Bundesliga,FW,21.5,18,0.2,,,,,,,,,,
Youssoupha Niang,St. Pauli,de 2. Bundesliga,FW,20.8,95,1.1,,,,,,,,,,
Daniel Hanslik,Bochum,de 2. Bundesliga,FW,,58,0.6,,,,,,,,,,
Benjamin Källman,Hannover 96,de 2. Bundesliga,FW,28.5,169,1.9,,,,,,,,,,
Erik Engelhardt,Energie Cottbus,de 2. Bundesliga,FW,,90,1.0,,,,,,,,,,
Jordan Pefok,Greuther Fürth,de 2. Bundesliga,FW,30.7,90,1.0,,,,,,,,,,
Jason Ponente,Karlsruher SC,de 2. Bundesliga,FW,,42,0.5,,,,,,,,,,
Taycan Etcibasi,Hannover 96,de 2. Bundesliga,FW,,12,0.1,,,,,,,,,,
Bernd Riesselmann,VfL Osnabrück,de 2. Bundesliga,FW,,79,0.9,,,,,,,,,,
Richmond Tachie,1. FC Magdeburg,de 2. Bundesliga,FW,,29,0.3,,,,,,,,,,
Rayan Ghrieb,Nürnberg,de 2. Bundesliga,FW,20.4,45,0.5,,,,,,,,,,
David Min,Arminia,de 2. Bundesliga,FW,27.5,57,0.6,,,,,,,,,,
John Davis Meyer,Karlsruher SC,de 2. Bundesliga,FW,24.4,114,1.3,,,,,,,,,,
Ricky Jade-Jones,St. Pauli,de 2. Bundesliga,FW,24.1,43,0.5,,,,,,,,,,
Alessandro Vogt,Heidenheim,de 2. Bundesliga,FW,21.9,166,1.8,,,,,,,,,,
Christoph Daferner,SG Dynamo Dresden,de 2. Bundesliga,FW,29.0,29,0.3,,,,,,,,,,
Roko Šimić,1. FC Magdeburg,de 2. Bundesliga,FW,23.3,2,0.0,,,,,,,,,,
İrfan Can Eğribayat,Gençlerbirliği,tr Süper Lig,GK,28.8,450,5.0,,,,,,,,,943.2181726160417,Exceptional
Paulo Victor,Alanyaspor,tr Süper Lig,GK,40.0,450,5.0,,,,,,,,,832.204972631229,World Class
André Onana,Trabzonspor,tr Süper Lig,GK,30.7,450,5.0,,,,,,,,,894.9624548648263,World Class
Muhammed Şengezer,Başakşehir FK,tr Süper Lig,GK,30.0,270,3.0,,,,,,,,,,
Bahadır Han Güngördü,Konyaspor,tr Süper Lig,GK,31.0,248,2.8,,,,,,,,,,
Serhat Öztaşdelen,Kocaelispor,tr Süper Lig,GK,22.1,450,5.0,,,,,,,,,772.2314044761047,World Class
Uğurcan Çakır,Galatasaray,tr Süper Lig,GK,30.7,360,4.0,,,,,,,,,,
Kacper Tobiasz,Gaziantep FK,tr Süper Lig,GK,24.2,450,5.0,,,,,,,,,744.5998482207842,Top Starter
Yahia Fofana,Çaykur Rizespor,tr Süper Lig,GK,26.4,450,5.0,,,,,,,,,488.32789743087085,Top Starter
Ertuğrul Taşkıran,Erzurumspor FK,tr Süper Lig,GK,37.2,270,3.0,,,,,,,,,,
Ederson,Fenerbahçe,tr Süper Lig,GK,33.4,360,4.0,,,,,,,,,,
Deniz Dilmen,Başakşehir FK,tr Süper Lig,GK,21.6,180,2.0,,,,,,,,,,
Okan Kocuk,Samsunspor,tr Süper Lig,GK,31.4,450,5.0,,,,,,,,,523.5570895241757,Top Starter
Andreas Gianniotis,Kasımpaşa,tr Süper Lig,GK,34.0,450,5.0,,,,,,,,,493.14482371580357,Top Starter
Alban Lafont,Amed Sportif Faaliyetler,tr Süper Lig,GK,27.9,450,5.0,,,,,,,,,414.53407952212666,Top Starter
Marcos Felipe,Çorum FK,tr Süper Lig,GK,30.7,450,5.0,,,,,,,,,513.6956391818314,Top Starter
Horațiu Moldovan,Eyüpspor,tr Süper Lig,GK,28.9,450,5.0,,,,,,,,,445.96989854589293,Top Starter
Arda Özçimen,Göztepe,tr Süper Lig,GK,25.0,135,1.5,,,,,,,,,,
Deniz Ertaş,Konyaspor,tr Süper Lig,GK,21.8,202,2.2,,,,,,,,,,
Tarık Çetin,Fenerbahçe,tr Süper Lig,GK,30.0,90,1.0,,,,,,,,,,
Alexander Nübel,Beşiktaş JK,tr Süper Lig,GK,30.3,450,5.0,,,,,,,,,326.9317808856906,Solid Squad Player
Jankat Yılmaz,Galatasaray,tr Süper Lig,GK,22.4,90,1.0,,,,,,,,,,
Luka Gugeshashvili,Göztepe,tr Süper Lig,GK,27.7,315,3.5,,,,,,,,,,
Matija Orbanić,Erzurumspor FK,tr Süper Lig,GK,,180,2.0,,,,,,,,,,
Emirhan Topçu,Beşiktaş JK,tr Süper Lig,DF,26.2,257,2.9,,,,,,,,,,
Emir Ortakaya,Kocaelispor,tr Süper Lig,DF,22.5,105,1.2,,,,,,,,,,
Milan Škriniar,Fenerbahçe,tr Süper Lig,DF,31.9,450,5.0,,,,,703.5881823871947,Top Starter,589.6274178587997,Top Starter,,
Massadio Haïdara,Kocaelispor,tr Süper Lig,DF,34.1,450,5.0,,,,,646.9247863451885,Top Starter,511.77318993257654,Top Starter,,
Taha Şahin,Çaykur Rizespor,tr Süper Lig,DF,26.2,90,1.0,,,,,,,,,,
Tiago Djaló,Beşiktaş JK,tr Süper Lig,DF,26.7,193,2.1,,,,,,,,,,
Davinson Sánchez,Galatasaray,tr Süper Lig,DF,30.6,431,4.8,,,,,,,,,,
Emmanuel Agbadou,Beşiktaş JK,tr Süper Lig,DF,29.5,450,5.0,,,,,580.5264224038558,Top Starter,663.3598576387385,Top Starter,,
Nuno Lima,Alanyaspor,tr Süper Lig,DF,25.8,449,5.0,,,,,706.7151881625541,Top Starter,586.2038465446154,Top Starter,,
Lumbardh Dellova,Amed Sportif Faaliyetler,tr Süper Lig,DF,28.0,450,5.0,,,,,580.0639725549491,Top Starter,527.4189117968882,Top Starter,,
Calegari,Eyüpspor,tr Süper Lig,DF,24.8,89,1.0,,,,,,,,,,
Attila Mocsi,Çaykur Rizespor,tr Süper Lig,DF,26.6,443,4.9,,,,,,,,,,
Zak Jules,Eyüpspor,tr Süper Lig,DF,29.5,450,5.0,,,,,434.09349177414356,Top Starter,457.83039136682413,Top Starter,,
David Robert Bates,Amed Sportif Faaliyetler,tr Süper Lig,DF,,421,4.7,,,,,,,,,,
Michael Amir Murillo,Beşiktaş JK,tr Süper Lig,DF,30.9,271,3.0,,,,,,,,,,
Mehmet Yeşil,Amed Sportif Faaliyetler,tr Süper Lig,DF,28.6,174,1.9,,,,,,,,,,
Stefan Savić,Trabzonspor,tr Süper Lig,DF,36.0,450,5.0,,,,,541.4466615967037,Top Starter,533.8572636463118,Top Starter,,
Archie Brown,Fenerbahçe,tr Süper Lig,DF,24.6,333,3.7,,,,,,,,,,
Roland Sallai,Galatasaray,tr Süper Lig,DF,29.6,426,4.7,,,,,,,,,,
Anfernee Jamal Dijksteel,Kocaelispor,tr Süper Lig,DF,30.2,450,5.0,,,,,512.26755813069,Top Starter,423.30356279023346,Top Starter,,
Modibo Sagnan,Çaykur Rizespor,tr Süper Lig,DF,27.7,448,5.0,,,,,614.498052741487,Top Starter,507.59832965390075,Top Starter,,
Matej Maglica,Kocaelispor,tr Süper Lig,DF,28.3,290,3.2,,,,,,,,,,
Žan Žužek,Gençlerbirliği,tr Süper Lig,DF,29.9,270,3.0,,,,,,,,,,
Chibuike Nwaiwu,Trabzonspor,tr Süper Lig,DF,23.4,443,4.9,,,,,,,,,,
Myenty Abena,Gaziantep FK,tr Süper Lig,DF,32.1,450,5.0,,,,,516.9500342152702,Top Starter,539.6262520702152,Top Starter,,
Orhan Ovacıklı,Erzurumspor FK,tr Süper Lig,DF,38.1,400,4.4,,,,,,,,,,
Abdülkerim Bardakcı,Galatasaray,tr Süper Lig,DF,32.3,354,3.9,,,,,,,,,,
Hrvoje Smolčić,Çorum FK,tr Süper Lig,DF,26.4,428,4.8,,,,,,,,,,
Kevin Mouanga,Kasımpaşa,tr Süper Lig,DF,26.4,90,1.0,,,,,,,,,,
Luis Pérez,Gaziantep FK,tr Süper Lig,DF,27.5,450,5.0,,,,,549.4227280753494,Top Starter,356.99831667919807,Solid Squad Player,,
Rıdvan Yılmaz,Beşiktaş JK,tr Süper Lig,DF,25.6,280,3.1,,,,,,,,,,
Ismail Jakobs,Galatasaray,tr Süper Lig,DF,27.4,318,3.5,,,,,,,,,,
Adem Arous,Kasımpaşa,tr Süper Lig,DF,22.5,361,4.0,,,,,,,,,,
Igor Drapiński,Samsunspor,tr Süper Lig,DF,22.6,13,0.1,,,,,,,,,,
Arda Kızıldağ,Gaziantep FK,tr Süper Lig,DF,28.2,192,2.1,,,,,,,,,,
Ayberk Karapo,Kasımpaşa,tr Süper Lig,DF,22.4,261,2.9,,,,,,,,,,
Arthur Masuaku,Konyaspor,tr Süper Lig,DF,33.1,200,2.2,,,,,,,,,,
Kassoum Ouattara,Beşiktaş JK,tr Süper Lig,DF,22.2,170,1.9,,,,,,,,,,
Matei Ilie,Kasımpaşa,tr Süper Lig,DF,24.1,449,5.0,,,,,607.1492023118255,Top Starter,462.1631612158419,Top Starter,,
Siaka Bakayoko,Çaykur Rizespor,tr Süper Lig,DF,,22,0.2,,,,,,,,,,
Josafat Mendes,Samsunspor,tr Süper Lig,DF,,449,5.0,,,,,530.1300284129059,Top Starter,481.6837343400078,Top Starter,,
Mustafa Eskihellaç,Trabzonspor,tr Süper Lig,DF,29.7,450,5.0,,,,,487.81055898018684,Top Starter,598.3054516859672,Top Starter,,
Ümit Akdag,Beşiktaş JK,tr Süper Lig,DF,23.2,270,3.0,,,,,,,,,,
Richard Akonnor,Göztepe,tr Süper Lig,DF,22.9,249,2.8,,,,,,,,,,
Cláudio Winck,Kasımpaşa,tr Süper Lig,DF,32.7,445,4.9,,,,,,,,,,
Dimitris Goutas,Gençlerbirliği,tr Süper Lig,DF,32.7,450,5.0,,,,,515.9314793346226,Top Starter,419.094912990115,Top Starter,,
Levent Mercan,Fenerbahçe,tr Süper Lig,DF,26.1,125,1.4,,,,,,,,,,
Ali Turap Bülbül,Amed Sportif Faaliyetler,tr Süper Lig,DF,21.9,10,0.1,,,,,,,,,,
Arif Boşluk,Konyaspor,tr Süper Lig,DF,23.6,90,1.0,,,,,,,,,,
Serdar Saatçı,Çorum FK,tr Süper Lig,DF,23.9,180,2.0,,,,,,,,,,
Adil Demirbağ,Konyaspor,tr Süper Lig,DF,29.1,450,5.0,,,,,464.15309541605524,Top Starter,323.42765187692595,Solid Squad Player,,
Chidozie Awaziem,Konyaspor,tr Süper Lig,DF,30.0,270,3.0,,,,,,,,,,
Yunus Emre Çift,Samsunspor,tr Süper Lig,DF,23.3,145,1.6,,,,,,,,,,
Christopher Operi,Başakşehir FK,tr Süper Lig,DF,29.7,423,4.7,,,,,,,,,,
Mithat Pala,Çaykur Rizespor,tr Süper Lig,DF,26.4,450,5.0,,,,,509.521238503497,Top Starter,523.1191837016339,Top Starter,,
Simone Giordano,Eyüpspor,tr Süper Lig,DF,,272,3.0,,,,,,,,,,
Abdurrahim Dursun,Gençlerbirliği,tr Süper Lig,DF,28.1,382,4.2,,,,,,,,,,
Fidan Aliti,Alanyaspor,tr Süper Lig,DF,33.2,450,5.0,,,,,587.7198610935128,Top Starter,492.1172369302749,Top Starter,,
Sidny Lopes Cabral,Trabzonspor,tr Süper Lig,DF,24.3,225,2.5,,,,,,,,,,
Fatih Aksoy,Alanyaspor,tr Süper Lig,DF,29.2,171,1.9,,,,,,,,,,
Ali Diabaté,Samsunspor,tr Süper Lig,DF,20.1,180,2.0,,,,,,,,,,
Andrei Borza,Çorum FK,tr Süper Lig,DF,21.1,450,5.0,,,,,572.2614815065093,Top Starter,442.0945106328709,Top Starter,,
Amar Gerxhaliu,Erzurumspor FK,tr Süper Lig,DF,24.7,450,5.0,,,,,530.4082079182461,Top Starter,395.90433620401524,Solid Squad Player,,
Guram Giorbelidze,Erzurumspor FK,tr Süper Lig,DF,30.9,269,3.0,,,,,,,,,,
Kaan Ayhan,Galatasaray,tr Süper Lig,DF,32.1,9,0.1,,,,,,,,,,
Cenk Özkacar,Trabzonspor,tr Süper Lig,DF,26.2,20,0.2,,,,,,,,,,
Sabahattin Destici,Gaziantep FK,tr Süper Lig,DF,,8,0.1,,,,,,,,,,
Wilfried Singo,Galatasaray,tr Süper Lig,DF,26.0,41,0.5,,,,,,,,,,
Arda Şengül,Çorum FK,tr Süper Lig,DF,,22,0.2,,,,,,,,,,
Bedirhan Özyurt,Alanyaspor,tr Süper Lig,DF,23.8,10,0.1,,,,,,,,,,
Tayyip Talha Sanuç,Çaykur Rizespor,tr Süper Lig,DF,27.0,21,0.2,,,,,,,,,,
Uğur Kaan Yıldız,Kocaelispor,tr Süper Lig,DF,24.4,218,2.4,,,,,,,,,,
Nélson Semedo,Fenerbahçe,tr Süper Lig,DF,33.1,293,3.3,,,,,,,,,,
Toni Borevković,Samsunspor,tr Süper Lig,DF,29.5,225,2.5,,,,,,,,,,
Eren Elmalı,Galatasaray,tr Süper Lig,DF,26.5,153,1.7,,,,,,,,,,
Ahmet Taha Dağbaşı,Kasımpaşa,tr Süper Lig,DF,21.8,55,0.6,,,,,,,,,,
Gökhan Sazdağı,Çorum FK,tr Süper Lig,DF,32.3,440,4.9,,,,,,,,,,
Tanguy Zoukrou,Kocaelispor,tr Süper Lig,DF,23.7,416,4.6,,,,,,,,,,
Umut Meraş,Amed Sportif Faaliyetler,tr Süper Lig,DF,31.0,328,3.6,,,,,,,,,,
Samet Akaydın,Trabzonspor,tr Süper Lig,DF,32.8,9,0.1,,,,,,,,,,
Abakar Sylla,Gaziantep FK,tr Süper Lig,DF,24.0,29,0.3,,,,,,,,,,
Jawad El Yamiq,Eyüpspor,tr Süper Lig,DF,34.8,405,4.5,,,,,,,,,,
Kazımcan Karataş,Galatasaray,tr Süper Lig,DF,24.0,22,0.2,,,,,,,,,,
Mert Müldür,Fenerbahçe,tr Süper Lig,DF,27.7,157,1.7,,,,,,,,,,
Thalisson,Gençlerbirliği,tr Süper Lig,DF,,175,1.9,,,,,,,,,,
Taylan Bulut,Beşiktaş JK,tr Süper Lig,DF,21.0,183,2.0,,,,,,,,,,
Amadou Cissé,Amed Sportif Faaliyetler,tr Süper Lig,DF,20.8,115,1.3,,,,,,,,,,
Pedro Pereira,Gençlerbirliği,tr Süper Lig,DF,28.9,450,5.0,,,,,674.628867070663,Top Starter,598.0594614603622,Top Starter,,
Alexandre Penetra,Çorum FK,tr Süper Lig,DF,25.3,280,3.1,,,,,,,,,,
Logi Tomasson,Samsunspor,tr Süper Lig,DF,26.3,450,5.0,,,,,528.2762306837369,Top Starter,504.06474362774964,Top Starter,,
Nathan Aké,Fenerbahçe,tr Süper Lig,DF,31.9,450,5.0,,,,,355.2935757253912,Solid Squad Player,333.701576518212,Solid Squad Player,,
Wagner Pina,Trabzonspor,tr Süper Lig,DF,24.2,289,3.2,,,,,,,,,,
Allan,Göztepe,tr Süper Lig,DF,,134,1.5,,,,,,,,,,
Jakob Jessen,Kasımpaşa,tr Süper Lig,DF,22.8,225,2.5,,,,,,,,,,
Yhoan Andzouana,Konyaspor,tr Süper Lig,DF,30.1,373,4.1,,,,,,,,,,
Hamza Güreler,Başakşehir FK,tr Süper Lig,DF,20.7,17,0.2,,,,,,,,,,
Metehan Baltacı,Gençlerbirliği,tr Süper Lig,DF,24.2,21,0.2,,,,,,,,,,
Enes Albak,Samsunspor,tr Süper Lig,DF,21.6,21,0.2,,,,,,,,,,
Jerome Opoku,Başakşehir FK,tr Süper Lig,DF,28.2,450,5.0,,,,,412.1009326809188,Top Starter,321.05685558159155,Solid Squad Player,,
Festy Ebosele,Erzurumspor FK,tr Süper Lig,DF,24.4,76,0.8,,,,,,,,,,
Kerim Calhanoglu,Gaziantep FK,tr Süper Lig,DF,24.4,176,2.0,,,,,,,,,,
Talha Ülvan,Eyüpspor,tr Süper Lig,DF,25.7,437,4.9,,,,,,,,,,
Seyfettin Anıl Yaşar,Eyüpspor,tr Süper Lig,DF,24.5,119,1.3,,,,,,,,,,
Rayyan Baniya,Konyaspor,tr Süper Lig,DF,27.9,189,2.1,,,,,,,,,,
Uğurcan Yazğılı,Konyaspor,tr Süper Lig,DF,27.7,288,3.2,,,,,,,,,,
Gabriele Guarino,Samsunspor,tr Süper Lig,DF,22.7,270,3.0,,,,,,,,,,
Mustafa Yumlu,Erzurumspor FK,tr Süper Lig,DF,39.3,270,3.0,,,,,,,,,,
Nihad Mujakić,Erzurumspor FK,tr Süper Lig,DF,28.7,427,4.7,,,,,,,,,,
Taha Altıkardeş,Göztepe,tr Süper Lig,DF,23.4,450,5.0,,,,,505.2905195974794,Top Starter,447.58935608463673,Top Starter,,
Fıratcan Üzüm,Gençlerbirliği,tr Süper Lig,DF,27.6,86,1.0,,,,,,,,,,
Emin Bayram,Başakşehir FK,tr Süper Lig,DF,23.8,450,5.0,,,,,474.57478496517086,Top Starter,403.61177268494873,Top Starter,,
Ömer Ali Şahiner,Başakşehir FK,tr Süper Lig,DF,35.0,378,4.2,,,,,,,,,,
Michał Karbownik,Başakşehir FK,tr Süper Lig,DF,25.8,80,0.9,,,,,,,,,,
Ege Yildirim,Göztepe,tr Süper Lig,DF,,361,4.0,,,,,,,,,,
Arda Yavuz,Eyüpspor,tr Süper Lig,DF,20.6,15,0.2,,,,,,,,,,
Strahinja Eraković,Samsunspor,tr Süper Lig,DF,25.9,92,1.0,,,,,,,,,,
Yakup Kırtay,Erzurumspor FK,tr Süper Lig,DF,,215,2.4,,,,,,,,,,
Ousseynou Ba,Başakşehir FK,tr Süper Lig,DF,31.1,15,0.2,,,,,,,,,,
Zakaria Ariss,Çaykur Rizespor,tr Süper Lig,DF,,344,3.8,,,,,,,,,,
Malcom Bokele,Göztepe,tr Süper Lig,DF,26.9,360,4.0,,,,,,,,,,
Saba Kharebashvili,Başakşehir FK,tr Süper Lig,DF,18.3,27,0.3,,,,,,,,,,
Haluk Mustafa Tan,Samsunspor,tr Süper Lig,DF,21.7,1,0.0,,,,,,,,,,
Muharrem Cinan,Kocaelispor,tr Süper Lig,DF,28.6,1,0.0,,,,,,,,,,
Miraç Acer,Amed Sportif Faaliyetler,tr Süper Lig,DF,,2,0.0,,,,,,,,,,
Onur Öztonga,Kocaelispor,tr Süper Lig,DF,27.0,1,0.0,,,,,,,,,,
Alexandros Kyziridis,Çorum FK,tr Süper Lig,MF,26.3,250,2.8,,,,,,,,,,
Mohamed Salah,Trabzonspor,tr Süper Lig,FW,34.5,392,4.4,,,,,,,,,,
Haris Hajradinović,Kasımpaşa,tr Süper Lig,Off_MF,32.9,45,0.5,,,,,,,,,,
Cengiz Ünder,Çorum FK,tr Süper Lig,FW,29.5,185,2.1,,,,,,,,,,
Yunus Akgün,Galatasaray,tr Süper Lig,MF,26.5,404,4.5,,,,,,,,,,
Dia Saba,Amed Sportif Faaliyetler,tr Süper Lig,Off_MF,34.1,428,4.8,,,,,,,,,,
Junior Olaitan,Beşiktaş JK,tr Süper Lig,MF,24.6,377,4.2,,,,,,,,,,
Kacper Kozłowski,Gaziantep FK,tr Süper Lig,MF,23.2,420,4.7,,,,,,,,,,
Alexandru Maxim,Gaziantep FK,tr Süper Lig,MF,36.5,393,4.4,,,,,,,,,,
Lucas Torreira,Galatasaray,tr Süper Lig,MF,30.9,434,4.8,,,,,,,,,,
Talisca,Fenerbahçe,tr Süper Lig,Off_MF,32.9,90,1.0,,,,,,,,,,
Qazim Laçi,Çaykur Rizespor,tr Süper Lig,MF,31.0,417,4.6,,,,,,,,,,
Deian Sorescu,Gaziantep FK,tr Süper Lig,MF,29.3,404,4.5,,,,,,,,,,
Marco Asensio,Fenerbahçe,tr Süper Lig,Off_MF,30.9,128,1.4,,,,,,,,,,
Celil Yüksel,Samsunspor,tr Süper Lig,MF,29.0,446,5.0,,,570.3939657248625,Top Starter,,,622.1616529325204,Top Starter,,
Gabriel Sara,Galatasaray,tr Süper Lig,MF,27.5,402,4.5,,,,,,,,,,
Mason Greenwood,Fenerbahçe,tr Süper Lig,MF,25.3,360,4.0,,,,,,,,,,
Aral Şimşir,Trabzonspor,tr Süper Lig,MF,24.5,325,3.6,,,,,,,,,,
Ermin Mahmić,Çorum FK,tr Süper Lig,MF,21.8,92,1.0,,,,,,,,,,
Florent Hadergjonaj,Alanyaspor,tr Süper Lig,DF,32.4,450,5.0,,,,,354.89600548050703,Solid Squad Player,342.99426828953125,Solid Squad Player,,
Orkun Kökçü,Beşiktaş JK,tr Süper Lig,MF,26.0,411,4.6,,,,,,,,,,
Ermal Krasniqi,Amed Sportif Faaliyetler,tr Süper Lig,MF,28.3,440,4.9,,,,,,,,,,
Kartal Kayra Yılmaz,Beşiktaş JK,tr Süper Lig,MF,26.2,20,0.2,,,,,,,,,,
Fabinho,Trabzonspor,tr Süper Lig,MF,33.2,238,2.6,,,,,,,,,,
Salih Özcan,Beşiktaş JK,tr Süper Lig,MF,29.0,386,4.3,,,,,,,,,,
Arda Kurtulan,Göztepe,tr Süper Lig,MF,24.1,449,5.0,,,444.09462595786016,Top Starter,,,707.5173642756752,Top Starter,,
Amine Cherni,Göztepe,tr Süper Lig,MF,25.5,90,1.0,,,,,,,,,,
Franco Tongya,Gençlerbirliği,tr Süper Lig,MF,24.8,428,4.8,,,,,,,,,,
Gaius Makouta,Alanyaspor,tr Süper Lig,MF,29.4,438,4.9,,,,,,,,,,
Marko Jevtović,Konyaspor,tr Süper Lig,Def_MF,33.4,309,3.4,,,,,,,,,,
N'Golo Kanté,Fenerbahçe,tr Süper Lig,MF,35.8,364,4.0,,,,,,,,,,
Paolo Fernandes,Alanyaspor,tr Süper Lig,MF,28.4,135,1.5,,,,,,,,,,
Abdelhamid Sabiri,Eyüpspor,tr Süper Lig,Off_MF,30.1,109,1.2,,,,,,,,,,
Oğuz Aydın,Fenerbahçe,tr Süper Lig,MF,26.2,267,3.0,,,,,,,,,,
Deniz Türüç,Konyaspor,tr Süper Lig,FW,33.9,353,3.9,,,,,,,,,,
Adama Malouda Traoré,Gençlerbirliği,tr Süper Lig,MF,,438,4.9,,,,,,,,,,
Moussa Kyabou,Gençlerbirliği,tr Süper Lig,MF,28.7,24,0.3,,,,,,,,,,
Kerem Demirbay,Kasımpaşa,tr Süper Lig,MF,33.5,339,3.8,,,,,,,,,,
Ulrich Meleke,Gaziantep FK,tr Süper Lig,MF,,438,4.9,,,,,,,,,,
Chandrel Massanga,Eyüpspor,tr Süper Lig,MF,27.4,450,5.0,,,319.93389883278786,Solid Squad Player,,,548.9344187222116,Top Starter,,
Jakub Kałuziński,Başakşehir FK,tr Süper Lig,MF,24.2,266,3.0,,,,,,,,,,
Gökhan Gül,Amed Sportif Faaliyetler,tr Süper Lig,Def_MF,28.5,154,1.7,,,,,,,,,,
Rayan Raveloson,Amed Sportif Faaliyetler,tr Süper Lig,MF,30.0,440,4.9,,,,,,,,,,
Taylan Antalyalı,Çaykur Rizespor,tr Süper Lig,MF,32.0,409,4.5,,,,,,,,,,
Ahmed Ildız,Çorum FK,tr Süper Lig,MF,30.1,36,0.4,,,,,,,,,,
Ousmane Diabate,Gençlerbirliği,tr Süper Lig,MF,19.3,420,4.7,,,,,,,,,,
Mohammed Diomande,Çorum FK,tr Süper Lig,MF,25.2,329,3.7,,,,,,,,,,
Andreas Skov Olsen,Başakşehir FK,tr Süper Lig,MF,27.0,370,4.1,,,,,,,,,,
Show,Kocaelispor,tr Süper Lig,MF,27.8,450,5.0,,,486.09610769207745,Top Starter,,,623.9043117638953,Top Starter,,
Melih İbrahimoğlu,Konyaspor,tr Süper Lig,MF,26.5,439,4.9,,,,,,,,,,
Metehan Mimaroğlu,Trabzonspor,tr Süper Lig,MF,32.5,104,1.2,,,,,,,,,,
Berkan Kutlu,Kocaelispor,tr Süper Lig,MF,28.9,387,4.3,,,,,,,,,,
Berat Özdemir,Çorum FK,tr Süper Lig,MF,28.6,222,2.5,,,,,,,,,,
Václav Černý,Beşiktaş JK,tr Süper Lig,FW,29.2,384,4.3,,,,,,,,,,
Rhaldney,Göztepe,tr Süper Lig,MF,28.1,343,3.8,,,,,,,,,,
Charles-Andre Raux Yao,Eyüpspor,tr Süper Lig,MF,25.1,377,4.2,,,,,,,,,,
Mario Lemina,Galatasaray,tr Süper Lig,MF,33.3,220,2.4,,,,,,,,,,
Umut Güneş,Başakşehir FK,tr Süper Lig,MF,26.8,270,3.0,,,,,,,,,,
Benjamin Bouchouari,Trabzonspor,tr Süper Lig,MF,25.1,99,1.1,,,,,,,,,,
Andri Fannar Baldursson,Kasımpaşa,tr Süper Lig,MF,25.0,319,3.5,,,,,,,,,,
Emre Kılınç,Samsunspor,tr Süper Lig,FW,32.4,450,5.0,423.781355813346,Top Starter,,,,,468.0037839529006,Top Starter,,
Ilhan Fakili,Beşiktaş JK,tr Süper Lig,MF,20.9,116,1.3,,,,,,,,,,
Samed Onur,Samsunspor,tr Süper Lig,MF,24.5,181,2.0,,,,,,,,,,
Mattéo Guendouzi,Fenerbahçe,tr Süper Lig,MF,27.7,414,4.6,,,,,,,,,,
Noah Saviolo,Trabzonspor,tr Süper Lig,MF,22.8,142,1.6,,,,,,,,,,
İlkay Gündoğan,Galatasaray,tr Süper Lig,MF,36.2,14,0.2,,,,,,,,,,
Elliot Watt,Samsunspor,tr Süper Lig,MF,26.8,180,2.0,,,,,,,,,,
Cem Üstündag,Amed Sportif Faaliyetler,tr Süper Lig,MF,25.9,137,1.5,,,,,,,,,,
Drissa Camara,Gaziantep FK,tr Süper Lig,MF,24.9,215,2.4,,,,,,,,,,
Ylber Ramadani,Çorum FK,tr Süper Lig,MF,30.7,303,3.4,,,,,,,,,,
İsmail Yüksek,Fenerbahçe,tr Süper Lig,MF,27.9,212,2.4,,,,,,,,,,
Ibrahim Olawoyin,Çaykur Rizespor,tr Süper Lig,MF,29.1,308,3.4,,,,,,,,,,
Juninho Bacuna,Gaziantep FK,tr Süper Lig,MF,29.4,134,1.5,,,,,,,,,,
Göktan Gürpüz,Çorum FK,tr Süper Lig,MF,23.9,28,0.3,,,,,,,,,,
Moussa Diakité,Çaykur Rizespor,tr Süper Lig,MF,23.2,29,0.3,,,,,,,,,,
Ruslan Malinovskyi,Trabzonspor,tr Süper Lig,Off_MF,33.7,165,1.8,,,,,,,,,,
Lesley Ugochukwu,Galatasaray,tr Süper Lig,MF,22.8,38,0.4,,,,,,,,,,
Aleksey Batrakov,Galatasaray,tr Süper Lig,MF,21.6,144,1.6,,,,,,,,,,
Baran Ali Gezek,Alanyaspor,tr Süper Lig,MF,21.3,329,3.7,,,,,,,,,,
Oğulcan Ülgün,Gençlerbirliği,tr Süper Lig,MF,28.6,383,4.3,,,,,,,,,,
Fredy,Çorum FK,tr Süper Lig,MF,36.8,302,3.4,,,,,,,,,,
Elson Mendes,Kasımpaşa,tr Süper Lig,MF,21.3,297,3.3,,,,,,,,,,
Ernest Muçi,Trabzonspor,tr Süper Lig,MF,25.8,273,3.0,,,,,,,,,,
Novatus Miroshi,Göztepe,tr Süper Lig,MF,24.3,334,3.7,,,,,,,,,,
Furkan Soyalp,Amed Sportif Faaliyetler,tr Süper Lig,MF,31.6,167,1.9,,,,,,,,,,
İzzet Çelik,Alanyaspor,tr Süper Lig,MF,22.5,12,0.1,,,,,,,,,,
Onur Ergün,Başakşehir FK,tr Süper Lig,MF,34.1,72,0.8,,,,,,,,,,
Leroy Sané,Galatasaray,tr Süper Lig,FW,31.0,226,2.5,,,,,,,,,,
Makana Baku,Kocaelispor,tr Süper Lig,MF,28.7,317,3.5,,,,,,,,,,
Enver Kulašin,Gaziantep FK,tr Süper Lig,MF,23.3,25,0.3,,,,,,,,,,
Faustino Anjorin,Göztepe,tr Süper Lig,MF,25.1,37,0.4,,,,,,,,,,
Ahmed Kutucu,Çaykur Rizespor,tr Süper Lig,MF,26.8,398,4.4,,,,,,,,,,
Lenny Pintor,Eyüpspor,tr Süper Lig,MF,26.4,191,2.1,,,,,,,,,,
Alex Matos,Göztepe,tr Süper Lig,MF,22.2,192,2.1,,,,,,,,,,
Melih Kabasakal,Trabzonspor,tr Süper Lig,Def_MF,30.9,230,2.6,,,,,,,,,,
Hamza Akman,Eyüpspor,tr Süper Lig,MF,22.3,80,0.9,,,,,,,,,,
Yira Collins Sor,Amed Sportif Faaliyetler,tr Süper Lig,MF,26.4,217,2.4,,,,,,,,,,
Rayan Lutin,Amed Sportif Faaliyetler,tr Süper Lig,MF,24.0,52,0.6,,,,,,,,,,
Metehan Altunbaş,Kocaelispor,tr Süper Lig,MF,24.0,75,0.8,,,,,,,,,,
Barış Alper Yılmaz,Galatasaray,tr Süper Lig,MF,26.6,400,4.4,,,,,,,,,,
Olivier Kemen,Başakşehir FK,tr Süper Lig,MF,30.5,424,4.7,,,,,,,,,,
Rajmund Tóth,Konyaspor,tr Süper Lig,MF,,221,2.5,,,,,,,,,,
Karamba Gassama,Gaziantep FK,tr Süper Lig,MF,22.0,42,0.5,,,,,,,,,,
Wilfred Ndidi,Beşiktaş JK,tr Süper Lig,MF,30.0,143,1.6,,,,,,,,,,
Sefa Akgün,Erzurumspor FK,tr Süper Lig,MF,26.5,110,1.2,,,,,,,,,,
Mahamadou Susoho,Kocaelispor,tr Süper Lig,MF,21.9,236,2.6,,,,,,,,,,
Miguel Cardoso,Erzurumspor FK,tr Süper Lig,FW,32.5,116,1.3,,,,,,,,,,
Abbosbek Fayzullaev,Başakşehir FK,tr Süper Lig,MF,23.2,304,3.4,,,,,,,,,,
Fousseni Diabaté,Kasımpaşa,tr Süper Lig,FW,31.2,180,2.0,,,,,,,,,,
Fabio Miretti,Beşiktaş JK,tr Süper Lig,MF,23.4,13,0.1,,,,,,,,,,
Mortadha Ben Ouanes,Kasımpaşa,tr Süper Lig,MF,32.5,78,0.9,,,,,,,,,,
Cheikh Niasse,Gençlerbirliği,tr Süper Lig,MF,27.0,29,0.3,,,,,,,,,,
Ogün Özçiçek,Gaziantep FK,tr Süper Lig,MF,27.9,8,0.1,,,,,,,,,,
Murat Cem Akpinar,Erzurumspor FK,tr Süper Lig,MF,27.9,15,0.2,,,,,,,,,,
Atakan Mujde,Kasımpaşa,tr Süper Lig,MF,23.2,8,0.1,,,,,,,,,,
Emirhan Boz,Kasımpaşa,tr Süper Lig,MF,,76,0.8,,,,,,,,,,
Yusuf Sarı,Başakşehir FK,tr Süper Lig,MF,28.1,117,1.3,,,,,,,,,,
Serdar Gürler,Çorum FK,tr Süper Lig,FW,35.3,172,1.9,,,,,,,,,,
Yusuf Özdemir,Alanyaspor,tr Süper Lig,MF,26.0,97,1.1,,,,,,,,,,
Ensar Kemaloğlu,Gençlerbirliği,tr Süper Lig,MF,28.2,76,0.8,,,,,,,,,,
Ruan Pereira Duarte,Alanyaspor,tr Süper Lig,MF,39.3,402,4.5,,,,,,,,,,
İrfan Can Kahveci,Fenerbahçe,tr Süper Lig,FW,31.5,208,2.3,,,,,,,,,,
Dal Varešanović,Çaykur Rizespor,tr Süper Lig,MF,25.6,115,1.3,,,,,,,,,,
Ozan Tufan,Trabzonspor,tr Süper Lig,Off_MF,31.8,195,2.2,,,,,,,,,,
Salih Uçan,Gençlerbirliği,tr Süper Lig,MF,33.0,63,0.7,,,,,,,,,,
Emir Bars,Konyaspor,tr Süper Lig,MF,,38,0.4,,,,,,,,,,
Ege Bilim,Kocaelispor,tr Süper Lig,MF,20.7,16,0.2,,,,,,,,,,
Tayfur Bingöl,Kocaelispor,tr Süper Lig,Off_MF,34.0,89,1.0,,,,,,,,,,
Mete Demir,Eyüpspor,tr Süper Lig,MF,28.6,35,0.4,,,,,,,,,,
Marcus Rafferty,Kasımpaşa,tr Süper Lig,MF,22.3,188,2.1,,,,,,,,,,
Gidado Victor Ntino-Emo,Gaziantep FK,tr Süper Lig,MF,22.5,304,3.4,,,,,,,,,,
Brandon Baiye,Erzurumspor FK,tr Süper Lig,MF,26.0,450,5.0,,,253.7182476719005,Solid Squad Player,,,426.1487658079317,Top Starter,,
Diogo Gonçalves,Konyaspor,tr Süper Lig,FW,29.9,363,4.0,,,,,,,,,,
Renato Nhaga,Galatasaray,tr Süper Lig,MF,19.8,9,0.1,,,,,,,,,,
Afonso Sousa,Samsunspor,tr Süper Lig,MF,35.1,24,0.3,,,,,,,,,,
Oghenekaro Etebo,Gençlerbirliği,tr Süper Lig,MF,31.1,15,0.2,,,,,,,,,,
Thiemoko Diarra,Kasımpaşa,tr Süper Lig,MF,,13,0.1,,,,,,,,,,
Kenan Fakili,Çorum FK,tr Süper Lig,MF,,12,0.1,,,,,,,,,,
Rafael Luis,Gençlerbirliği,tr Süper Lig,MF,21.9,47,0.5,,,,,,,,,,
Valentin Mihaila,Çaykur Rizespor,tr Süper Lig,MF,26.9,95,1.1,,,,,,,,,,
Bilal Boutobba,Eyüpspor,tr Süper Lig,FW,28.3,273,3.0,,,,,,,,,,
Markus Karlsbakk,Çorum FK,tr Süper Lig,MF,26.7,132,1.5,,,,,,,,,,
Martín Rodríguez,Erzurumspor FK,tr Süper Lig,FW,32.4,390,4.3,,,,,,,,,,
Bartuğ Elmaz,Fenerbahçe,tr Süper Lig,MF,23.9,21,0.2,,,,,,,,,,
Tobias Fjeld Gulliksen,Kocaelispor,tr Süper Lig,MF,23.5,22,0.2,,,,,,,,,,
Rigoberto Rivas,Kocaelispor,tr Süper Lig,MF,28.4,90,1.0,,,,,,,,,,
Konrad Michalak,Eyüpspor,tr Süper Lig,MF,29.3,381,4.2,,,,,,,,,,
Elisha Owusu,Erzurumspor FK,tr Süper Lig,MF,29.1,328,3.6,,,,,,,,,,
Mustafa Fettahoglu,Erzurumspor FK,tr Süper Lig,MF,,304,3.4,,,,,,,,,,
Antoine Sekongo,Samsunspor,tr Süper Lig,MF,,198,2.2,,,,,,,,,,
Yalçın Kayan,Samsunspor,tr Süper Lig,MF,27.9,366,4.1,,,,,,,,,,
Florin Ştefan,Gaziantep FK,tr Süper Lig,MF,30.6,245,2.7,,,,,,,,,,
David Costa,Eyüpspor,tr Süper Lig,MF,23.0,282,3.1,,,,,,,,,,
Berkay Özcan,Başakşehir FK,tr Süper Lig,MF,28.9,9,0.1,,,,,,,,,,
Jesurun Rak Sakyi,Kasımpaşa,tr Süper Lig,MF,24.2,69,0.8,,,,,,,,,,
Ogün Bayrak,Göztepe,tr Süper Lig,MF,28.2,118,1.3,,,,,,,,,,
Fernando Andrade,Erzurumspor FK,tr Süper Lig,FW,34.0,84,0.9,,,,,,,,,,
Maestro,Alanyaspor,tr Süper Lig,MF,23.4,88,1.0,,,,,,,,,,
Enes Keskin,Alanyaspor,tr Süper Lig,MF,25.6,46,0.5,,,,,,,,,,
Mame Mor Faye,Çaykur Rizespor,tr Süper Lig,MF,21.5,19,0.2,,,,,,,,,,
Emircan Gürlük,Çorum FK,tr Süper Lig,MF,23.2,91,1.0,,,,,,,,,,
Antoine Makoumbou,Samsunspor,tr Süper Lig,MF,28.5,70,0.8,,,,,,,,,,
Enis Bardhi,Konyaspor,tr Süper Lig,Off_MF,31.5,51,0.6,,,,,,,,,,
Milot Rashica,Beşiktaş JK,tr Süper Lig,FW,30.5,2,0.0,,,,,,,,,,
Victor Osimhen,Galatasaray,tr Süper Lig,FW,28.0,303,3.4,,,,,,,,,,
Dušan Vlahović,Beşiktaş JK,tr Süper Lig,FW,26.9,189,2.1,,,,,,,,,,
Gift Orban,Amed Sportif Faaliyetler,tr Süper Lig,FW,24.5,343,3.8,,,,,,,,,,
Leandro Trossard,Beşiktaş JK,tr Süper Lig,FW,32.1,385,4.3,,,,,,,,,,
Emrecan Bulut,Çaykur Rizespor,tr Süper Lig,FW,24.1,201,2.2,,,,,,,,,,
Adrian Benedyczak,Kasımpaşa,tr Süper Lig,FW,26.1,436,4.8,,,,,,,,,,
Juan Santos da Silva,Göztepe,tr Süper Lig,FW,24.8,269,3.0,,,,,,,,,,
Jesús Ramírez,Çorum FK,tr Süper Lig,FW,28.7,412,4.6,,,,,,,,,,
Vedat Muriqi,Fenerbahçe,tr Süper Lig,FW,32.7,256,2.8,,,,,,,,,,
Florian Ayé,Kocaelispor,tr Süper Lig,FW,29.9,190,2.1,,,,,,,,,,
Tiago Gouveia,Gençlerbirliği,tr Süper Lig,FW,25.5,322,3.6,,,,,,,,,,
Rafael Leão,Galatasaray,tr Süper Lig,FW,27.6,108,1.2,,,,,,,,,,
Fatih Kaya,Samsunspor,tr Süper Lig,FW,27.1,125,1.4,,,,,,,,,,
Güven Yalçın,Kasımpaşa,tr Süper Lig,FW,28.0,305,3.4,,,,,,,,,,
Eldor Shomurodov,Başakşehir FK,tr Süper Lig,FW,31.5,428,4.8,,,,,,,,,,
Franculino Djú,Trabzonspor,tr Süper Lig,FW,22.5,67,0.7,,,,,,,,,,
Alexis Antunes,Göztepe,tr Süper Lig,FW,26.4,165,1.8,,,,,,,,,,
Iustin Doicaru,Çaykur Rizespor,tr Süper Lig,FW,19.9,73,0.8,,,,,,,,,,
Eren Tozlu,Erzurumspor FK,tr Süper Lig,FW,36.0,369,4.1,,,,,,,,,,
Mohamed Lamine Bayo,Samsunspor,tr Süper Lig,FW,28.6,22,0.2,,,,,,,,,,
Ali Yavuz Kol,Kasımpaşa,tr Süper Lig,FW,25.9,270,3.0,,,,,,,,,,
Ibrahim Kaya,Alanyaspor,tr Süper Lig,FW,25.8,235,2.6,,,,,,,,,,
Efkan Bekiroğlu,Göztepe,tr Süper Lig,Off_MF,31.3,169,1.9,,,,,,,,,,
Halil Dervişoğlu,Gaziantep FK,tr Süper Lig,FW,27.1,142,1.6,,,,,,,,,,
Ahmed Abdullahi,Eyüpspor,tr Süper Lig,FW,22.5,384,4.3,,,,,,,,,,
Jean-Luc Dompé,Konyaspor,tr Süper Lig,FW,31.4,41,0.5,,,,,,,,,,
Ali Sowe,Çaykur Rizespor,tr Süper Lig,FW,32.6,438,4.9,,,,,,,,,,
Samuel Ballet,Amed Sportif Faaliyetler,tr Süper Lig,FW,25.8,335,3.7,,,,,,,,,,
Marius Mouandilmadji,Samsunspor,tr Süper Lig,FW,28.9,180,2.0,,,,,,,,,,
Arda Usluoğlu,Alanyaspor,tr Süper Lig,FW,20.2,267,3.0,,,,,,,,,,
Ebrima Colley,Konyaspor,tr Süper Lig,FW,26.9,210,2.3,,,,,,,,,,
Paul Onuachu,Trabzonspor,tr Süper Lig,FW,32.6,401,4.5,,,,,,,,,,
Iván Cédric,Alanyaspor,tr Süper Lig,FW,25.0,32,0.4,,,,,,,,,,
Trivante Stewart,Gaziantep FK,tr Süper Lig,FW,26.8,174,1.9,,,,,,,,,,
Adedire Mebude,Çaykur Rizespor,tr Süper Lig,FW,22.6,151,1.7,,,,,,,,,,
Gonçalo Sousa,Kocaelispor,tr Süper Lig,FW,20.5,338,3.8,,,,,,,,,,
Sinclair Armstrong,Göztepe,tr Süper Lig,FW,23.5,164,1.8,,,,,,,,,,
Janderson,Göztepe,tr Süper Lig,FW,26.4,259,2.9,,,,,,,,,,
Youssoufa Moukoko,Çorum FK,tr Süper Lig,FW,22.1,31,0.3,,,,,,,,,,
Kerem Aktürkoğlu,Fenerbahçe,tr Süper Lig,FW,28.2,188,2.1,,,,,,,,,,
Meschak Elia,Alanyaspor,tr Süper Lig,FW,29.4,169,1.9,,,,,,,,,,
Sekou Koita,Gençlerbirliği,tr Süper Lig,FW,27.1,307,3.4,,,,,,,,,,
Mohamed Khalil,Amed Sportif Faaliyetler,tr Süper Lig,FW,,76,0.8,,,,,,,,,,
André Henrique,Göztepe,tr Süper Lig,FW,25.0,334,3.7,,,,,,,,,,
Ianis Hagi,Alanyaspor,tr Süper Lig,Off_MF,28.2,88,1.0,,,,,,,,,,
Prince Martor,Gençlerbirliği,tr Süper Lig,FW,19.5,11,0.1,,,,,,,,,,
Davie Selke,Başakşehir FK,tr Süper Lig,FW,31.9,64,0.7,,,,,,,,,,
Jackson Muleka,Konyaspor,tr Süper Lig,FW,27.2,426,4.7,,,,,,,,,,
Enis Destan,Konyaspor,tr Süper Lig,FW,24.5,75,0.8,,,,,,,,,,
Nariman Akhundzade,Erzurumspor FK,tr Süper Lig,FW,22.7,63,0.7,,,,,,,,,,
Tahsin Bülbül ,Samsunspor,tr Süper Lig,FW,20.6,16,0.2,,,,,,,,,,
Blaž Kramer,Konyaspor,tr Süper Lig,FW,30.6,39,0.4,,,,,,,,,,
Hwang Ui-jo,Alanyaspor,tr Süper Lig,FW,34.3,218,2.4,,,,,,,,,,
Saikuba Jarju,Samsunspor,tr Süper Lig,FW,19.1,407,4.5,,,,,,,,,,
Hyeon-gyu Oh,Beşiktaş JK,tr Süper Lig,FW,25.7,205,2.3,,,,,,,,,,
Dorgeles Nene,Fenerbahçe,tr Süper Lig,FW,24.0,70,0.8,,,,,,,,,,
Serdar Dursun,Gaziantep FK,tr Süper Lig,FW,35.2,100,1.1,,,,,,,,,,
Ivan Brnić,Başakşehir FK,tr Süper Lig,FW,25.4,74,0.8,,,,,,,,,,
Omar Ben Ali,Alanyaspor,tr Süper Lig,FW,,151,1.7,,,,,,,,,,
İlkan Sever,Erzurumspor FK,tr Süper Lig,FW,,8,0.1,,,,,,,,,,
Mustafa Coskun Tosun,Çaykur Rizespor,tr Süper Lig,FW,30.0,10,0.1,,,,,,,,,,
Fuat Bavuk,Gaziantep FK,tr Süper Lig,FW,,54,0.6,,,,,,,,,,
Bekir Turaç Böke,Göztepe,tr Süper Lig,FW,27.5,12,0.1,,,,,,,,,,
Yusuf Barası,Eyüpspor,tr Süper Lig,FW,23.8,134,1.5,,,,,,,,,,
Dan Agyei,Kocaelispor,tr Süper Lig,FW,29.6,363,4.0,,,,,,,,,,
Ernest Poku,Beşiktaş JK,tr Süper Lig,FW,22.9,20,0.2,,,,,,,,,,
Deniz Gül,Galatasaray,tr Süper Lig,FW,22.5,92,1.0,,,,,,,,,,
Sontje Hansen,Gaziantep FK,tr Süper Lig,FW,24.6,75,0.8,,,,,,,,,,
Gyrano Kerk,Erzurumspor FK,tr Süper Lig,FW,31.1,97,1.1,,,,,,,,,,
Umut Bozok,Başakşehir FK,tr Süper Lig,FW,30.3,104,1.2,,,,,,,,,,
Arda Ozyar,Kocaelispor,tr Süper Lig,FW,19.7,16,0.2,,,,,,,,,,
Mbaye Diagne,Amed Sportif Faaliyetler,tr Süper Lig,FW,35.2,220,2.4,,,,,,,,,,
Youssef Lekhedim,Erzurumspor FK,tr Süper Lig,FW,,83,0.9,,,,,,,,,,
Victor Orakpo,Gençlerbirliği,tr Süper Lig,FW,21.0,8,0.1,,,,,,,,,,
Romelu Lukaku,Fenerbahçe,tr Süper Lig,FW,33.6,134,1.5,,,,,,,,,,
Mostafa Mohamed,Konyaspor,tr Süper Lig,FW,29.1,56,0.6,,,,,,,,,,
Bertuğ Yıldırım,Başakşehir FK,tr Süper Lig,FW,24.5,165,1.8,,,,,,,,,,
Mame Thiam,Çorum FK,tr Süper Lig,FW,34.2,83,0.9,,,,,,,,,,
Pedro Mendes,Gençlerbirliği,tr Süper Lig,FW,,123,1.4,,,,,,,,,,
Semih Kılıçsoy,Beşiktaş JK,tr Süper Lig,FW,21.4,63,0.7,,,,,,,,,,
Sinan Alkas,Kasımpaşa,tr Süper Lig,FW,20.2,1,0.0,,,,,,,,,,
Johannes Schenk,SK Beveren,be Pro League,GK,24.0,540,6.0,,,,,,,,,849.6354118609224,World Class
Hervé Koffi,Royale Union Saint-Gilloise,be Pro League,GK,30.2,450,5.0,,,,,,,,,781.6659955739296,World Class
Louis Bostyn,SV Zulte Waregem,be Pro League,GK,33.2,540,6.0,,,,,,,,,770.6619508901906,World Class
Mohamed Koné,RC Sporting Charleroi,be Pro League,GK,,450,5.0,,,,,,,,,693.6540958748292,Top Starter
Yann Sommer,Club Brugge KV,be Pro League,GK,38.0,540,6.0,,,,,,,,,797.3873085718113,World Class
Dani van den Heuvel,Oud-Heverlee Leuven,be Pro League,GK,23.6,540,6.0,,,,,,,,,697.7470796909439,Top Starter
Léo Kokubo,Sint-Truidense VV,be Pro League,GK,25.9,540,6.0,,,,,,,,,694.6562919834558,Top Starter
Taishi Brandon Nozawa,Royal Antwerp FC,be Pro League,GK,24.0,540,6.0,,,,,,,,,522.4970292163979,Top Starter
Vic Chambaere,Royale Union Saint-Gilloise,be Pro League,GK,24.0,90,1.0,,,,,,,,,,
Davy Roef,KAA Gent,be Pro League,GK,32.9,540,6.0,,,,,,,,,635.9317752083964,Top Starter
Colin Coosemans,RSC Anderlecht,be Pro League,GK,34.4,540,6.0,,,,,,,,,499.17822611307594,Top Starter
Matthias Pieklak,Lommel SK,be Pro League,GK,20.3,540,6.0,,,,,,,,,625.8261650931863,Top Starter
Nacho Miras,KV Mechelen,be Pro League,GK,29.5,540,6.0,,,,,,,,,430.4565890496894,Top Starter
Lucca Brughmans,KRC Genk,be Pro League,GK,18.5,540,6.0,,,,,,,,,405.8296999234016,Top Starter
Marko Ilić,KV Kortrijk,be Pro League,GK,28.9,450,5.0,,,,,,,,,468.584682707193,Top Starter
Matthieu Epolo,Standard Liège,be Pro League,GK,22.0,540,6.0,,,,,,,,,440.905545502449,Top Starter
Marcos Hernán Peano,RAAL La Louvière,be Pro League,GK,28.2,540,6.0,,,,,,,,,476.8316938790129,Top Starter
Andreas Jungdal,KVC Westerlo,be Pro League,GK,24.9,540,6.0,,,,,,,,,434.0356035086994,Top Starter
Patrik Sigurdur Gunnarsson,KV Kortrijk,be Pro League,GK,26.1,90,1.0,,,,,,,,,,
Gaëtan Coucke,Cercle Brugge,be Pro League,GK,28.2,540,6.0,,,,,,,,,326.5689251203351,Solid Squad Player
Martin Delavallée,RC Sporting Charleroi,be Pro League,GK,22.8,90,1.0,,,,,,,,,,
Kévin Van Den Kerkhof,RC Sporting Charleroi,be Pro League,DF,30.8,536,6.0,,,,,702.23994033213,Top Starter,656.9128792478135,Top Starter,,
Brandon Mechele,Club Brugge KV,be Pro League,DF,33.9,540,6.0,,,,,742.0904830825388,Top Starter,715.9516749047647,Top Starter,,
Álvaro Cortés,Royal Antwerp FC,be Pro League,DF,21.8,180,2.0,,,,,,,,,,
Check Keita,RC Sporting Charleroi,be Pro League,DF,30.7,450,5.0,,,,,670.6037770209861,Top Starter,540.194922586459,Top Starter,,
Massire Sylla,Royale Union Saint-Gilloise,be Pro League,DF,22.0,450,5.0,,,,,922.8921042914658,Exceptional,824.8040211793162,World Class,,
Kevin Mac Allister,Royale Union Saint-Gilloise,be Pro League,DF,29.1,518,5.8,,,,,834.3234934810648,World Class,775.5189855299196,World Class,,
Aiham Ousou,RC Sporting Charleroi,be Pro League,DF,27.0,450,5.0,,,,,785.7712787779474,World Class,722.903169463454,Top Starter,,
Giulian Biancone,RSC Anderlecht,be Pro League,DF,26.8,487,5.4,,,,,733.6321392613931,Top Starter,778.2055084951705,World Class,,
Tiago Araújo,KAA Gent,be Pro League,DF,25.8,539,6.0,,,,,479.0093138289906,Top Starter,455.95551540178747,Top Starter,,
Josue Ndenge Kongolo,KRC Genk,be Pro League,DF,20.7,540,6.0,,,,,679.0530966207858,Top Starter,593.266889856084,Top Starter,,
Jakob Kiilerich,SV Zulte Waregem,be Pro League,DF,26.6,540,6.0,,,,,491.90154250932744,Top Starter,431.38698791028,Top Starter,,
Han-Beom Lee,Club Brugge KV,be Pro League,DF,24.5,540,6.0,,,,,552.2336908336632,Top Starter,661.4017750414401,Top Starter,,
Mardochee Nzita,RC Sporting Charleroi,be Pro League,DF,26.9,534,5.9,,,,,646.9405903034925,Top Starter,570.1302910598912,Top Starter,,
Kyriani Sabbe,Club Brugge KV,be Pro League,DF,21.9,440,4.9,,,,,,,,,,
Matte Smets,KRC Genk,be Pro League,DF,23.0,450,5.0,,,,,597.0287748250422,Top Starter,539.021427994192,Top Starter,,
Joris Kayembe,KRC Genk,be Pro League,DF,32.4,500,5.6,,,,,718.0288661073213,Top Starter,736.5156241792004,Top Starter,,
Mike Eerdhuijzen,KV Mechelen,be Pro League,DF,26.5,260,2.9,,,,,,,,,,
Yoni Gomis,SK Beveren,be Pro League,DF,21.3,529,5.9,,,,,728.6816603056683,Top Starter,567.3123352092231,Top Starter,,
Timothy Eyoma,Lommel SK,be Pro League,DF,26.9,514,5.7,,,,,587.7899148351265,Top Starter,525.0579202711125,Top Starter,,
Christian Burgess,KAA Gent,be Pro League,DF,35.2,495,5.5,,,,,585.0964663066771,Top Starter,520.9788602053845,Top Starter,,
Visar Musliu,Sint-Truidense VV,be Pro League,DF,32.1,540,6.0,,,,,840.4021017949736,World Class,802.6075728654328,World Class,,
Wilguens Paugain,SV Zulte Waregem,be Pro League,DF,25.4,160,1.8,,,,,,,,,,
Laurent Lemoine,SV Zulte Waregem,be Pro League,DF,28.7,540,6.0,,,,,501.5568353858844,Top Starter,466.4094612211559,Top Starter,,
Léo Pétrot,RSC Anderlecht,be Pro League,DF,29.7,540,6.0,,,,,564.1548994080672,Top Starter,586.100556616821,Top Starter,,
Gora Diouf,KV Mechelen,be Pro League,DF,23.3,28,0.3,,,,,,,,,,
Dries Wouters,Lommel SK,be Pro League,DF,29.9,476,5.3,,,,,479.8684786584759,Top Starter,367.9777208288751,Solid Squad Player,,
Yannick Cappelle,SV Zulte Waregem,be Pro League,DF,23.5,523,5.8,,,,,675.0217685267835,Top Starter,520.5773223516543,Top Starter,,
Gary Magnee,Cercle Brugge,be Pro League,DF,27.2,514,5.7,,,,,532.595606687821,Top Starter,505.4505501803961,Top Starter,,
Joaquin Seys,Club Brugge KV,be Pro League,DF,21.8,530,5.9,,,,,537.8220893056406,Top Starter,503.7025788047185,Top Starter,,
Siebe Van Der Heyden,KAA Gent,be Pro League,DF,28.6,540,6.0,,,,,469.1767881076716,Top Starter,414.54086362067153,Top Starter,,
Zakaria El Ouahdi,KRC Genk,be Pro League,DF,25.0,337,3.7,,,,,,,,,,
Christiaan Ravych,KRC Genk,be Pro League,DF,24.4,270,3.0,,,,,,,,,,
Mouhamed El Ngom,KAA Gent,be Pro League,DF,26.6,540,6.0,,,,,733.9450883757903,Top Starter,626.3584982809232,Top Starter,,
Patrick Nkoa,RAAL La Louvière,be Pro League,DF,,450,5.0,,,,,746.9035586115477,Top Starter,580.4082170000645,Top Starter,,
Ali Maamar,RSC Anderlecht,be Pro League,DF,21.8,540,6.0,,,,,537.0319354466576,Top Starter,549.2068469109047,Top Starter,,
Fedde Leysen,Royale Union Saint-Gilloise,be Pro League,DF,23.5,180,2.0,,,,,,,,,,
Amando Lapage,KVC Westerlo,be Pro League,DF,22.1,440,4.9,,,,,,,,,,
Rein Van Helden,Royal Antwerp FC,be Pro League,DF,24.4,360,4.0,,,,,,,,,,
Marco Kana,RSC Anderlecht,be Pro League,DF,24.4,437,4.9,,,,,,,,,,
Robert-Jan Vanwesemael,Sint-Truidense VV,be Pro League,DF,24.8,506,5.6,,,,,452.9448406168823,Top Starter,444.64984252720507,Top Starter,,
Dominic Thompson,SK Beveren,be Pro League,DF,26.4,47,0.5,,,,,,,,,,
Jorne Spileers,Club Brugge KV,be Pro League,DF,21.9,52,0.6,,,,,,,,,,
Maksim Paskotsi,KAA Gent,be Pro League,DF,24.0,46,0.5,,,,,,,,,,
Massamba Sow,RC Sporting Charleroi,be Pro League,DF,22.6,172,1.9,,,,,,,,,,
Eran Tuypens,Royal Antwerp FC,be Pro League,DF,21.1,307,3.4,,,,,,,,,,
Moussa Ndiaye,RSC Anderlecht,be Pro League,DF,24.5,71,0.8,,,,,,,,,,
Marlon Fossey,Standard Liège,be Pro League,DF,28.3,431,4.8,,,,,,,,,,
Valy Konaté,Cercle Brugge,be Pro League,DF,20.1,503,5.6,,,,,632.0084569988526,Top Starter,746.8925442129917,Top Starter,,
Geoffrey Kondo,Cercle Brugge,be Pro League,DF,24.7,540,6.0,,,,,519.8292783219656,Top Starter,568.4859448453103,Top Starter,,
Matties Volckaert,KAA Gent,be Pro League,DF,24.2,340,3.8,,,,,,,,,,
Wolke Janssens,Sint-Truidense VV,be Pro League,DF,32.0,213,2.4,,,,,,,,,,
Shaquil Delos,RAAL La Louvière,be Pro League,DF,27.5,524,5.8,,,,,463.1915565816722,Top Starter,396.6926363332635,Solid Squad Player,,
Noë Dussenne,Oud-Heverlee Leuven,be Pro League,DF,34.7,512,5.7,,,,,790.729447985926,World Class,765.026431061702,World Class,,
Salim Diakité,SV Zulte Waregem,be Pro League,DF,,24,0.3,,,,,,,,,,
Henry Oware,Lommel SK,be Pro League,DF,,118,1.3,,,,,,,,,,
Bruno Godeau,SK Beveren,be Pro League,DF,34.6,490,5.4,,,,,528.1626938851836,Top Starter,394.4408015524729,Solid Squad Player,,
Jamie Lawrence,Oud-Heverlee Leuven,be Pro League,DF,24.1,270,3.0,,,,,,,,,,
Taiga Hata,Sint-Truidense VV,be Pro League,DF,24.9,468,5.2,,,,,527.1788063450531,Top Starter,403.7530478879264,Top Starter,,
Shawn Adewoye,Lommel SK,be Pro League,DF,26.5,383,4.3,,,,,,,,,,
Ludwig Augustinsson,RSC Anderlecht,be Pro League,DF,32.7,469,5.2,,,,,377.5153223166805,Solid Squad Player,377.8831171537585,Solid Squad Player,,
Yuto Tsunashima,Royal Antwerp FC,be Pro League,DF,26.4,540,6.0,,,,,679.6822994489037,Top Starter,676.1893854446504,Top Starter,,
Franz Tangala,SV Zulte Waregem,be Pro League,DF,21.7,316,3.5,,,,,,,,,,
Harrison Murray-Campbell,KV Kortrijk,be Pro League,DF,20.4,290,3.2,,,,,,,,,,
Davis Opoku,Oud-Heverlee Leuven,be Pro League,DF,19.2,296,3.3,,,,,,,,,,
Youssoupha Mbodji,SV Zulte Waregem,be Pro League,DF,23.0,22,0.2,,,,,,,,,,
Ian Struyf,KV Mechelen,be Pro League,DF,19.4,29,0.3,,,,,,,,,,
Noah Solheid,RC Sporting Charleroi,be Pro League,DF,23.5,28,0.3,,,,,,,,,,
Luca Schelfhout,Royal Antwerp FC,be Pro League,DF,19.3,175,1.9,,,,,,,,,,
Yllan Okou,RAAL La Louvière,be Pro League,DF,24.0,432,4.8,,,,,,,,,,
Ibrahim Diakité,Cercle Brugge,be Pro League,DF,23.2,389,4.3,,,,,,,,,,
Lasse Flø,KVC Westerlo,be Pro League,DF,21.2,347,3.9,,,,,,,,,,
Viktor Boone,SK Beveren,be Pro League,DF,28.9,11,0.1,,,,,,,,,,
Benoit De Jaegere,SV Zulte Waregem,be Pro League,DF,22.7,24,0.3,,,,,,,,,,
Siad Gourville,RAAL La Louvière,be Pro League,DF,,33,0.4,,,,,,,,,,
Christophe Janssens,SK Beveren,be Pro League,DF,28.8,503,5.6,,,,,567.0669942846737,Top Starter,521.2137515034688,Top Starter,,
Jannik Thomas Robatsch,SK Beveren,be Pro League,DF,,40,0.4,,,,,,,,,,
Gustav Mortensen,Standard Liège,be Pro League,DF,22.8,423,4.7,,,,,,,,,,
Nikki Havenaar,Royale Union Saint-Gilloise,be Pro League,DF,31.9,125,1.4,,,,,,,,,,
Henry Lawrence,Standard Liège,be Pro League,DF,25.3,109,1.2,,,,,,,,,,
Ibe Hautekiet,Standard Liège,be Pro League,DF,24.7,540,6.0,,,,,705.4697282900396,Top Starter,602.4046820747451,Top Starter,,
Luc Marijnissen,KV Mechelen,be Pro League,DF,24.0,435,4.8,,,,,,,,,,
Dylan Ourega,KVC Westerlo,be Pro League,DF,22.2,505,5.6,,,,,476.8834514349962,Top Starter,497.45017582736335,Top Starter,,
Denzel De Roeve,Royale Union Saint-Gilloise,be Pro League,DF,22.4,89,1.0,,,,,,,,,,
Maxime Busi,Royal Antwerp FC,be Pro League,DF,27.2,216,2.4,,,,,,,,,,
Roggerio Nyakossi,Oud-Heverlee Leuven,be Pro League,DF,23.0,352,3.9,,,,,,,,,,
Loïc Mbe Soh,Sint-Truidense VV,be Pro League,DF,25.6,180,2.0,,,,,,,,,,
Joedrick Pupe,Sint-Truidense VV,be Pro League,DF,29.6,306,3.4,,,,,,,,,,
Seiji Kimura,KVC Westerlo,be Pro League,DF,25.4,540,6.0,,,,,532.2033462265084,Top Starter,477.01126861960586,Top Starter,,
Andrew Omobamidele,RSC Anderlecht,be Pro League,DF,24.5,53,0.6,,,,,,,,,,
Bjorn Meijer,Club Brugge KV,be Pro League,DF,23.8,13,0.1,,,,,,,,,,
Isaiah Dada-Mascoll,Lommel SK,be Pro League,DF,,53,0.6,,,,,,,,,,
Yaimar Medina,KRC Genk,be Pro League,DF,22.2,40,0.4,,,,,,,,,,
Shogo Taniguchi,Sint-Truidense VV,be Pro League,DF,35.5,144,1.6,,,,,,,,,,
Djibril Lamego,RAAL La Louvière,be Pro League,DF,23.8,210,2.3,,,,,,,,,,
Hugo Siquet,Club Brugge KV,be Pro League,DF,24.5,54,0.6,,,,,,,,,,
José Marsà,KV Mechelen,be Pro League,DF,24.8,514,5.7,,,,,618.170137697158,Top Starter,509.60931416758126,Top Starter,,
Semm Renders,Royal Antwerp FC,be Pro League,DF,19.0,190,2.1,,,,,,,,,,
Marius Courcoul,RAAL La Louvière,be Pro League,DF,20.0,256,2.8,,,,,,,,,,
Wagane Faye,RAAL La Louvière,be Pro League,DF,33.1,409,4.5,,,,,,,,,,
Laurent Jans,SK Beveren,be Pro League,DF,34.4,540,6.0,,,,,352.9601344531866,Solid Squad Player,363.3090241477025,Solid Squad Player,,
Emmanuel Kakou,Cercle Brugge,be Pro League,DF,21.5,392,4.4,,,,,,,,,,
James Ndjeungoue,KV Kortrijk,be Pro League,DF,23.7,348,3.9,,,,,,,,,,
Massimo Decoene,KV Mechelen,be Pro League,DF,22.9,271,3.0,,,,,,,,,,
Mehdi Boukamir,RAAL La Louvière,be Pro League,DF,22.9,90,1.0,,,,,,,,,,
Gilles Ruyssen,KV Kortrijk,be Pro League,DF,32.5,540,6.0,,,,,686.6057776465003,Top Starter,563.203107575724,Top Starter,,
Ewoud Pletinckx,Oud-Heverlee Leuven,be Pro League,DF,26.2,450,5.0,,,,,674.5878051693858,Top Starter,624.1294159875075,Top Starter,,
Takuya Ogiwara,Oud-Heverlee Leuven,be Pro League,DF,27.1,111,1.2,,,,,,,,,,
Daan Dierckx,Standard Liège,be Pro League,DF,23.9,37,0.4,,,,,,,,,,
Reno Münz,KVC Westerlo,be Pro League,DF,21.2,85,0.9,,,,,,,,,,
Rudy Kohon,KV Kortrijk,be Pro League,DF,22.6,450,5.0,,,,,723.2820989828667,Top Starter,672.5227464239326,Top Starter,,
Royer Caicedo,Cercle Brugge,be Pro League,DF,20.7,99,1.1,,,,,,,,,,
Sam De Grand,Lommel SK,be Pro League,DF,28.9,116,1.3,,,,,,,,,,
Tristan Gooijer,Lommel SK,be Pro League,DF,22.3,21,0.2,,,,,,,,,,
Lucas Mbamba,KVC Westerlo,be Pro League,DF,20.4,237,2.6,,,,,,,,,,
Basile Vroninks,KV Kortrijk,be Pro League,DF,20.1,59,0.7,,,,,,,,,,
Leo Fuhr Hjelde,KV Mechelen,be Pro League,DF,23.4,38,0.4,,,,,,,,,,
Axel Drouhin,KV Kortrijk,be Pro League,DF,,163,1.8,,,,,,,,,,
Kobe Corbanie,KV Mechelen,be Pro League,DF,21.6,62,0.7,,,,,,,,,,
Christian Akpan,KRC Genk,be Pro League,DF,21.9,18,0.2,,,,,,,,,,
Michée Ndembi,KVC Westerlo,be Pro League,DF,19.5,90,1.0,,,,,,,,,,
Abdul Ayinde,KAA Gent,be Pro League,DF,21.5,1,0.0,,,,,,,,,,
Parfait Guiagon,RC Sporting Charleroi,be Pro League,MF,25.9,74,0.8,,,,,,,,,,
Adnane Abid,Standard Liège,be Pro League,MF,23.4,540,6.0,,,829.6775216761688,World Class,,,662.2004717978137,Top Starter,,
Ryan Merlen,Sint-Truidense VV,be Pro League,MF,24.6,457,5.1,,,753.2006826995628,World Class,,,558.3146256365334,Top Starter,,
Carlos Forbs,Club Brugge KV,be Pro League,MF,22.8,430,4.8,,,,,,,,,,
Bryan Heynen,KRC Genk,be Pro League,MF,29.9,533,5.9,,,523.4156938977775,Top Starter,,,753.9772266126504,World Class,,
Adem Zorgane,Royale Union Saint-Gilloise,be Pro League,MF,27.0,363,4.0,,,,,,,,,,
Casper Nielsen,Standard Liège,be Pro League,MF,32.7,540,6.0,,,745.260393560727,Top Starter,,,601.800629360132,Top Starter,,
Hans Vanaken,Club Brugge KV,be Pro League,Off_MF,34.4,443,4.9,,,,,,,,,,
Kamiel Van de Perre,Royale Union Saint-Gilloise,be Pro League,MF,22.9,516,5.7,,,589.0503547009527,Top Starter,,,843.6661703408078,World Class,,
Jearl Margaritha,SK Beveren,be Pro League,MF,26.7,274,3.0,,,,,,,,,,
Marley Aké,SV Zulte Waregem,be Pro League,MF,26.0,516,5.7,,,560.7661310787728,Top Starter,,,423.5658478725887,Top Starter,,
Jules Ahoka,Royal Antwerp FC,be Pro League,MF,20.7,180,2.0,,,,,,,,,,
Yassine Khalifi,RC Sporting Charleroi,be Pro League,MF,21.4,517,5.7,,,438.26889251312343,Top Starter,,,661.7468741467378,Top Starter,,
Shunsuke Saito,KVC Westerlo,be Pro League,MF,21.7,447,5.0,,,525.9259923430825,Top Starter,,,433.39112108166574,Top Starter,,
Besfort Zeneli,Royale Union Saint-Gilloise,be Pro League,MF,24.1,453,5.0,,,750.5537522125305,World Class,,,490.1021674175545,Top Starter,,
Jakob Napoleon Romsaas,RC Sporting Charleroi,be Pro League,MF,22.6,466,5.2,,,820.4954548033174,World Class,,,669.5547645234961,Top Starter,,
Óscar Gil,Oud-Heverlee Leuven,be Pro League,MF,39.6,496,5.5,,,629.2426651700006,Top Starter,,,761.493451966012,World Class,,
Ilias Koutsoupias,RSC Anderlecht,be Pro League,MF,,126,1.4,,,,,,,,,,
Tibe De Vlieger,KAA Gent,be Pro League,MF,21.2,308,3.4,,,,,,,,,,
Guilherme Smith,Royale Union Saint-Gilloise,be Pro League,MF,23.6,421,4.7,,,,,,,,,,
Marco Ilaimaharitra,Standard Liège,be Pro League,MF,31.4,89,1.0,,,,,,,,,,
Mathias Delorge,KAA Gent,be Pro League,MF,22.4,336,3.7,,,,,,,,,,
Alexis Trouillet,Standard Liège,be Pro League,MF,26.0,474,5.3,,,361.9209284023614,Solid Squad Player,,,717.7703099539647,Top Starter,,
Ondrej Kricfalusi,Royale Union Saint-Gilloise,be Pro League,MF,22.8,369,4.1,,,,,,,,,,
Chris Lokesa,SK Beveren,be Pro League,MF,22.1,495,5.5,,,470.63691228480434,Top Starter,,,601.0388514961003,Top Starter,,
Pape Daouda Diongue,KVC Westerlo,be Pro League,MF,20.5,27,0.3,,,,,,,,,,
Thomas Van den Keybus,KVC Westerlo,be Pro League,MF,25.7,19,0.2,,,,,,,,,,
Kevin Amaro,KRC Genk,be Pro League,MF,22.8,188,2.1,,,,,,,,,,
Ismaila Coulibaly,RAAL La Louvière,be Pro League,MF,26.0,539,6.0,,,412.19773313434564,Top Starter,,,707.9927961971046,Top Starter,,
Relebohile Mofokeng,Royale Union Saint-Gilloise,be Pro League,MF,22.2,195,2.2,,,,,,,,,,
Tom Reyners,Lommel SK,be Pro League,MF,26.7,527,5.9,,,511.3831056603858,Top Starter,,,476.250258802511,Top Starter,,
Mauricio Benitez,Royal Antwerp FC,be Pro League,MF,22.9,42,0.5,,,,,,,,,,
Brecht Dejaegere,KV Kortrijk,be Pro League,MF,35.6,461,5.1,,,613.0530717012582,Top Starter,,,632.4089173264009,Top Starter,,
Cedric Jan Van Meirvenne,KV Mechelen,be Pro League,MF,,264,2.9,,,,,,,,,,
Enrique Lofolomo,SV Zulte Waregem,be Pro League,MF,26.7,540,6.0,,,270.2403393586471,Solid Squad Player,,,619.24105482719,Top Starter,,
Louis Patris,Royale Union Saint-Gilloise,be Pro League,MF,25.6,483,5.4,,,546.8219412726131,Top Starter,,,628.6593585593961,Top Starter,,
Freddie Potts,Club Brugge KV,be Pro League,MF,23.3,528,5.9,,,359.65295156371747,Solid Squad Player,,,522.8110693869089,Top Starter,,
Lukáš Ambros,RSC Anderlecht,be Pro League,MF,22.6,343,3.8,,,,,,,,,,
Thomas Claes,SV Zulte Waregem,be Pro League,MF,22.8,528,5.9,,,526.4413195373636,Top Starter,,,584.5461831054276,Top Starter,,
Abdoulaye Sissako,Sint-Truidense VV,be Pro League,MF,28.6,540,6.0,,,614.723941597687,Top Starter,,,798.3100448198624,World Class,,
Junya Ito,KRC Genk,be Pro League,FW,33.8,522,5.8,467.43266249115,Top Starter,,,,,476.53924955139917,Top Starter,,
Ibrahim Fofana,KVC Westerlo,be Pro League,MF,24.4,473,5.3,,,659.6177091399643,Top Starter,,,771.5579590586202,World Class,,
Salieu Drammeh,Standard Liège,be Pro League,MF,23.8,163,1.8,,,,,,,,,,
Wouter George,Oud-Heverlee Leuven,be Pro League,MF,24.8,503,5.6,,,735.4685291755222,Top Starter,,,626.6452760784091,Top Starter,,
Darius Olaru,Royale Union Saint-Gilloise,be Pro League,Off_MF,28.8,65,0.7,,,,,,,,,,
Ryotaro Araki,Sint-Truidense VV,be Pro League,MF,24.9,271,3.0,,,,,,,,,,
Arno Verschueren,SK Beveren,be Pro League,Off_MF,29.4,37,0.4,,,,,,,,,,
Romeo Amane,RSC Anderlecht,be Pro League,MF,23.9,18,0.2,,,,,,,,,,
Nathanael Mbuku,Sint-Truidense VV,be Pro League,MF,24.8,43,0.5,,,,,,,,,,
Nelson Ishiwatari,Sint-Truidense VV,be Pro League,MF,21.6,265,2.9,,,,,,,,,,
Birger Verstraete,Oud-Heverlee Leuven,be Pro League,MF,32.7,356,4.0,,,,,,,,,,
István Átrok,SV Zulte Waregem,be Pro League,MF,,315,3.5,,,,,,,,,,
Ilias Sebaoui,Sint-Truidense VV,be Pro League,MF,25.2,529,5.9,,,699.227364697469,Top Starter,,,546.5284392835503,Top Starter,,
Modibo Fofana,Royal Antwerp FC,be Pro League,MF,19.2,337,3.7,,,,,,,,,,
Nathan-Dylan Saliba,RSC Anderlecht,be Pro League,MF,22.9,145,1.6,,,,,,,,,,
Lucas Schoofs,Lommel SK,be Pro League,MF,30.0,540,6.0,,,390.33257263646357,Solid Squad Player,,,632.3188453683337,Top Starter,,
Stredair Appuah,Lommel SK,be Pro League,MF,22.5,409,4.5,,,,,,,,,,
El Hadji Seck,KAA Gent,be Pro League,MF,20.0,73,0.8,,,,,,,,,,
Patrick Pflücke,RC Sporting Charleroi,be Pro League,FW,30.1,407,4.5,,,,,,,,,,
Dennis Praet,KV Mechelen,be Pro League,Def_MF,32.6,489,5.4,,,,,681.4375842144116,Top Starter,577.0087699517595,Top Starter,,
Hugo Vetlesen,Club Brugge KV,be Pro League,MF,26.8,472,5.2,,,602.9827561802841,Top Starter,,,427.97904084695296,Top Starter,,
Lukas Mondele,Cercle Brugge,be Pro League,MF,22.8,493,5.5,,,362.3025158637529,Solid Squad Player,,,337.11882137918207,Solid Squad Player,,
Tayo Adaramola,Cercle Brugge,be Pro League,MF,23.1,26,0.3,,,,,,,,,,
Arbnor Muja,Sint-Truidense VV,be Pro League,MF,28.1,147,1.6,,,,,,,,,,
Triston Rowe,RC Sporting Charleroi,be Pro League,MF,20.2,45,0.5,,,,,,,,,,
Cheick Oumar Conde,SK Beveren,be Pro League,MF,26.4,311,3.5,,,,,,,,,,
Jan Virgili,Club Brugge KV,be Pro League,MF,20.4,173,1.9,,,,,,,,,,
Therence Koudou,KV Mechelen,be Pro League,MF,22.1,440,4.9,,,,,,,,,,
Isaac Ismaël Cissé,RC Sporting Charleroi,be Pro League,MF,32.9,126,1.4,,,,,,,,,,
Ousseynou Niang,SV Zulte Waregem,be Pro League,MF,25.2,177,2.0,,,,,,,,,,
Cameron Congreve,KVC Westerlo,be Pro League,MF,22.9,413,4.6,,,,,,,,,,
Joshua Nga Kana,RSC Anderlecht,be Pro League,MF,17.6,205,2.3,,,,,,,,,,
Nikola Storm,KVC Westerlo,be Pro League,FW,32.3,35,0.4,,,,,,,,,,
Rob Schoofs,Royale Union Saint-Gilloise,be Pro League,MF,32.8,213,2.4,,,,,,,,,,
Lawrence Agyekum,Cercle Brugge,be Pro League,MF,23.1,39,0.4,,,,,,,,,,
William Balikwisha,Oud-Heverlee Leuven,be Pro League,MF,27.6,380,4.2,,,,,,,,,,
Oliver Antman,RSC Anderlecht,be Pro League,MF,25.4,312,3.5,,,,,,,,,,
Nikolas Sattlberger,KRC Genk,be Pro League,MF,23.0,105,1.2,,,,,,,,,,
Siebe Schrijvers,Oud-Heverlee Leuven,be Pro League,MF,30.5,430,4.8,,,,,,,,,,
Amine Boukamir,RC Sporting Charleroi,be Pro League,MF,20.2,407,4.5,,,,,,,,,,
Jeppe Erenbjerg,KRC Genk,be Pro League,MF,26.7,451,5.0,,,649.7182281207502,Top Starter,,,367.5867824821083,Solid Squad Player,,
Noah Adedeji-Sternberg,KRC Genk,be Pro League,MF,21.5,109,1.2,,,,,,,,,,
Abdelkahar Kadri,KAA Gent,be Pro League,MF,26.5,158,1.8,,,,,,,,,,
Snayder Porozo,Royal Antwerp FC,be Pro League,MF,,159,1.8,,,,,,,,,,
Carlos Mejia,Royal Antwerp FC,be Pro League,MF,,132,1.5,,,,,,,,,,
Félix Lemaréchal,Club Brugge KV,be Pro League,MF,23.4,145,1.6,,,,,,,,,,
Ibrahim Karamoko,Standard Liège,be Pro League,MF,25.4,540,6.0,,,358.9339541247558,Solid Squad Player,,,545.4290683127539,Top Starter,,
Malick Mbaye,SV Zulte Waregem,be Pro League,MF,,97,1.1,,,,,,,,,,
Łukasz Łakomy,Oud-Heverlee Leuven,be Pro League,MF,26.0,111,1.2,,,,,,,,,,
Sieben Dewaele,SK Beveren,be Pro League,MF,27.9,540,6.0,,,296.2745305669329,Solid Squad Player,,,659.5740758624229,Top Starter,,
Serxho Ujka,SV Zulte Waregem,be Pro League,MF,28.3,187,2.1,,,,,,,,,,
Leonardo Lopes,KAA Gent,be Pro League,MF,28.1,392,4.4,,,,,,,,,,
Tristan Degreef,RSC Anderlecht,be Pro League,MF,21.9,192,2.1,,,,,,,,,,
Enric Llansana,RSC Anderlecht,be Pro League,MF,25.7,286,3.2,,,,,,,,,,
Joey Pelupessy,Lommel SK,be Pro League,MF,33.6,540,6.0,,,216.6654867143611,Solid Squad Player,,,393.27688240237296,Solid Squad Player,,
Mame Wade,RAAL La Louvière,be Pro League,MF,,256,2.8,,,,,,,,,,
Anas Tajaouart,RAAL La Louvière,be Pro League,MF,21.3,261,2.9,,,,,,,,,,
Isa Sakamoto,KVC Westerlo,be Pro League,MF,23.4,433,4.8,,,,,,,,,,
Bryang Kayo,Oud-Heverlee Leuven,be Pro League,MF,24.4,21,0.2,,,,,,,,,,
Antoine Bernier,RC Sporting Charleroi,be Pro League,MF,29.3,314,3.5,,,,,,,,,,
Gaku Nawata,RC Sporting Charleroi,be Pro League,MF,20.4,35,0.4,,,,,,,,,,
Zalán Vancsa,Lommel SK,be Pro League,MF,22.2,129,1.4,,,,,,,,,,
Makaya Ibrahima Diaby,Cercle Brugge,be Pro League,MF,19.8,349,3.9,,,,,,,,,,
Lazare Amani,Cercle Brugge,be Pro League,MF,28.8,116,1.3,,,,,,,,,,
Ken Masui,KV Kortrijk,be Pro League,MF,,311,3.5,,,,,,,,,,
Ayumu Yokoyama,KRC Genk,be Pro League,MF,23.8,338,3.8,,,,,,,,,,
Viggo Martens,Cercle Brugge,be Pro League,MF,,426,4.7,,,,,,,,,,
Ibrahima Sory Bangoura,KRC Genk,be Pro League,MF,23.0,469,5.2,,,416.34638999495104,Top Starter,,,589.9796098233894,Top Starter,,
Louie Van Gelder,Royal Antwerp FC,be Pro League,MF,17.9,12,0.1,,,,,,,,,,
Tristan Panduro,SV Zulte Waregem,be Pro League,MF,19.0,13,0.1,,,,,,,,,,
Ryan Fosso,Standard Liège,be Pro League,MF,24.5,78,0.9,,,,,,,,,,
Farouck Adekami,Royal Antwerp FC,be Pro League,MF,20.4,12,0.1,,,,,,,,,,
Suf Podgoreanu,KV Kortrijk,be Pro League,MF,24.9,174,1.9,,,,,,,,,,
Henok Teklab,Oud-Heverlee Leuven,be Pro League,MF,28.1,81,0.9,,,,,,,,,,
Cheveyo Tsawa,Club Brugge KV,be Pro League,MF,20.1,36,0.4,,,,,,,,,,
Benjamin Tahirovic,KRC Genk,be Pro League,MF,23.8,56,0.6,,,,,,,,,,
Joel Ndala,Cercle Brugge,be Pro League,MF,,24,0.3,,,,,,,,,,
Erick Nunes,Cercle Brugge,be Pro League,MF,22.8,141,1.6,,,,,,,,,,
Thibo Somers,Royal Antwerp FC,be Pro League,MF,27.8,525,5.8,,,433.00847262530044,Top Starter,,,353.3687416006377,Solid Squad Player,,
Fredrik Hammar,KV Mechelen,be Pro League,MF,25.8,495,5.5,,,392.09522599779984,Solid Squad Player,,,798.4417033293395,World Class,,
Christopher Scott,Royal Antwerp FC,be Pro League,MF,24.6,266,3.0,,,,,,,,,,
Aimé Omgba,KAA Gent,be Pro League,MF,24.2,69,0.8,,,,,,,,,,
László Bénes,KAA Gent,be Pro League,MF,29.3,182,2.0,,,,,,,,,,
Mátyás Kovács,RAAL La Louvière,be Pro League,MF,,148,1.6,,,,,,,,,,
Simion Michez,KV Mechelen,be Pro League,MF,24.9,91,1.0,,,,,,,,,,
Nikola Mituljikić,SV Zulte Waregem,be Pro League,MF,23.9,69,0.8,,,,,,,,,,
Reda Laalaoui,KVC Westerlo,be Pro League,MF,21.6,198,2.2,,,,,,,,,,
Juho Talvitie,Lommel SK,be Pro League,MF,21.8,357,4.0,,,,,,,,,,
Nayel Mehssatou,KV Kortrijk,be Pro League,MF,24.7,256,2.8,,,,,,,,,,
Kenan Haroun,KRC Genk,be Pro League,MF,20.5,15,0.2,,,,,,,,,,
Dante Rigo,SK Beveren,be Pro League,MF,28.1,9,0.1,,,,,,,,,,
Tian Nai Koren,Club Brugge KV,be Pro League,MF,17.4,16,0.2,,,,,,,,,,
Noa Cobiella,RSC Anderlecht,be Pro League,MF,,108,1.2,,,,,,,,,,
Thelo Aasgaard,RSC Anderlecht,be Pro League,MF,24.7,18,0.2,,,,,,,,,,
Babatunde Akinsola,Cercle Brugge,be Pro League,MF,23.8,63,0.7,,,,,,,,,,
Karol Borys,KVC Westerlo,be Pro League,MF,20.3,10,0.1,,,,,,,,,,
Rayan Touzghar,Standard Liège,be Pro League,MF,20.4,381,4.2,,,,,,,,,,
Mohamed Salah El Boukammiri,Lommel SK,be Pro League,MF,,32,0.4,,,,,,,,,,
Arthur Vermeeren,Royal Antwerp FC,be Pro League,MF,21.9,180,2.0,,,,,,,,,,
Shandre Campbell,KV Kortrijk,be Pro League,MF,21.5,345,3.8,,,,,,,,,,
Lenn De Smet,KV Kortrijk,be Pro League,MF,28.9,13,0.1,,,,,,,,,,
Bahmed Deuff,Royal Antwerp FC,be Pro League,MF,20.8,60,0.7,,,,,,,,,,
Thierry Lutonda,RAAL La Louvière,be Pro League,MF,26.2,410,4.6,,,,,,,,,,
Kurt Abrahams,SK Beveren,be Pro League,MF,30.0,217,2.4,,,,,,,,,,
Jamie Roche,KV Kortrijk,be Pro League,MF,25.7,193,2.1,,,,,,,,,,
Guillaume De Schryver,SK Beveren,be Pro League,MF,28.9,44,0.5,,,,,,,,,,
Marten Winkler,RSC Anderlecht,be Pro League,MF,24.2,135,1.5,,,,,,,,,,
Kyrell Wilson,KAA Gent,be Pro League,MF,22.1,174,1.9,,,,,,,,,,
Marco Decherf,KV Mechelen,be Pro League,MF,,87,1.0,,,,,,,,,,
Tobias Mohr,Standard Liège,be Pro League,FW,31.4,138,1.5,,,,,,,,,,
Cisse Sandra,KVC Westerlo,be Pro League,MF,23.0,540,6.0,,,267.99790106359205,Solid Squad Player,,,493.8971767343158,Top Starter,,
Matthew Anderson,KV Kortrijk,be Pro League,MF,,180,2.0,,,,,,,,,,
Sylvester Jasper,Standard Liège,be Pro League,MF,25.3,30,0.3,,,,,,,,,,
Daan Heymans,KRC Genk,be Pro League,MF,27.5,158,1.8,,,,,,,,,,
Sverre Nypan,Lommel SK,be Pro League,MF,20.0,85,0.9,,,,,,,,,,
Dikeni Salifou,KV Mechelen,be Pro League,MF,23.6,135,1.5,,,,,,,,,,
Xander Dierckx,Royal Antwerp FC,be Pro League,MF,17.8,426,4.7,,,,,,,,,,
Yang Min-hyeok,KVC Westerlo,be Pro League,MF,20.7,57,0.6,,,,,,,,,,
Joël Ito,RAAL La Louvière,be Pro League,MF,28.8,107,1.2,,,,,,,,,,
Boris Lambert,KV Kortrijk,be Pro League,MF,26.7,231,2.6,,,,,,,,,,
Nolan Gillot,RAAL La Louvière,be Pro League,MF,24.2,68,0.8,,,,,,,,,,
Rok Štorman,KV Kortrijk,be Pro League,MF,22.3,141,1.6,,,,,,,,,,
Moncef Zekri,KV Mechelen,be Pro League,MF,18.3,90,1.0,,,,,,,,,,
Noah Kalonji,RSC Anderlecht,be Pro League,MF,,1,0.0,,,,,,,,,,
Samuel Gueulette,RAAL La Louvière,be Pro League,MF,26.6,1,0.0,,,,,,,,,,
Anthony Valencia,Royal Antwerp FC,be Pro League,FW,23.4,139,1.5,,,,,,,,,,
Mustapha Isah,RAAL La Louvière,be Pro League,FW,22.4,471,5.2,621.0922965786986,Top Starter,,,,,495.52538900742513,Top Starter,,
Mamadou Diakhon,Club Brugge KV,be Pro League,FW,21.3,354,3.9,,,,,,,,,,
Promise David,Royale Union Saint-Gilloise,be Pro League,FW,25.5,60,0.7,,,,,,,,,,
Jason van Duiven,Lommel SK,be Pro League,FW,21.9,540,6.0,307.9829821966209,Solid Squad Player,,,,,745.2414647448682,Top Starter,,
Rafiu Durosinmi,KRC Genk,be Pro League,FW,24.0,428,4.8,,,,,,,,,,
Raul Florucz,Royale Union Saint-Gilloise,be Pro League,FW,25.6,239,2.7,,,,,,,,,,
Samed Baždar,Sint-Truidense VV,be Pro League,FW,22.9,236,2.6,,,,,,,,,,
Momodou Sonko,KAA Gent,be Pro League,FW,21.9,465,5.2,400.82716861629683,Top Starter,,,,,485.4611762664075,Top Starter,,
Kaito Matsuzawa,Sint-Truidense VV,be Pro League,FW,25.9,221,2.5,,,,,,,,,,
Elias Filet,RAAL La Louvière,be Pro League,FW,24.8,380,4.2,,,,,,,,,,
Ilan Hurtevent,Royale Union Saint-Gilloise,be Pro League,FW,46.3,36,0.4,,,,,,,,,,
Tobias Hedl,SV Zulte Waregem,be Pro League,FW,24.0,368,4.1,,,,,,,,,,
Dennis Eckert,Standard Liège,be Pro League,FW,30.0,395,4.4,,,,,,,,,,
Michael Frey,Royal Antwerp FC,be Pro League,FW,32.5,468,5.2,588.1619899945299,Top Starter,,,,,567.327052471591,Top Starter,,
Mateo Biondic,Royale Union Saint-Gilloise,be Pro League,FW,23.4,342,3.8,,,,,,,,,,
Myron Van Brederode,KV Mechelen,be Pro League,FW,23.5,540,6.0,333.52215892839934,Solid Squad Player,,,,,491.9185913990838,Top Starter,,
Anosike Ementa,SV Zulte Waregem,be Pro League,FW,24.7,526,5.8,479.6814884336266,Top Starter,,,,,636.7714587726462,Top Starter,,
Aaron Bibout,KRC Genk,be Pro League,FW,22.3,119,1.3,,,,,,,,,,
Don-Angelo Konadu,Lommel SK,be Pro League,FW,20.7,297,3.3,,,,,,,,,,
Freddy Mbemba,RC Sporting Charleroi,be Pro League,FW,24.0,228,2.5,,,,,,,,,,
Adriano Bertaccini,RSC Anderlecht,be Pro League,FW,26.4,20,0.2,,,,,,,,,,
Christian Brüls,SK Beveren,be Pro League,FW,38.3,491,5.5,358.9338342884939,Solid Squad Player,,,,,729.2225558220989,Top Starter,,
Mohammed Fuseini,Royale Union Saint-Gilloise,be Pro League,FW,,120,1.3,,,,,,,,,,
Gerard Vandeplas,Royal Antwerp FC,be Pro League,FW,20.8,24,0.3,,,,,,,,,,
Nicolò Tresoldi,Club Brugge KV,be Pro League,FW,22.4,451,5.0,460.91886948710527,Top Starter,,,,,485.53648210413644,Top Starter,,
Josué Vergara,KAA Gent,be Pro League,FW,,442,4.9,,,,,,,,,,
Bruny Nsimba,Standard Liège,be Pro League,FW,26.7,67,0.7,,,,,,,,,,
Zsombor Gruber,RAAL La Louvière,be Pro League,FW,22.3,288,3.2,,,,,,,,,,
Akpa Chukwu Hemsley,SV Zulte Waregem,be Pro League,FW,,35,0.4,,,,,,,,,,
Moise Kaboré,SK Beveren,be Pro League,FW,,176,2.0,,,,,,,,,,
Ralf Seuntjens,Lommel SK,be Pro League,FW,37.7,190,2.1,,,,,,,,,,
Norman Bassette,KVC Westerlo,be Pro League,FW,22.1,417,4.6,,,,,,,,,,
Antoine Colassin,RC Sporting Charleroi,be Pro League,FW,25.8,111,1.2,,,,,,,,,,
Ibrahima Cisse,KAA Gent,be Pro League,FW,,107,1.2,,,,,,,,,,
Tawfik Bentayeb,RSC Anderlecht,be Pro League,FW,,182,2.0,,,,,,,,,,
Dante Vanzeir,Cercle Brugge,be Pro League,FW,28.7,339,3.8,,,,,,,,,,
Anthony Philips,KV Kortrijk,be Pro League,FW,21.5,54,0.6,,,,,,,,,,
Bill Antonio,KV Mechelen,be Pro League,FW,24.3,61,0.7,,,,,,,,,,
Danylo Sikan,RSC Anderlecht,be Pro League,FW,25.7,428,4.8,,,,,,,,,,
Ferre Slegers,SK Beveren,be Pro League,FW,22.1,274,3.0,,,,,,,,,,
Jerry Afriyie,KRC Genk,be Pro League,FW,20.1,38,0.4,,,,,,,,,,
Michel Ange Balikwisha,KAA Gent,be Pro League,FW,25.6,181,2.0,,,,,,,,,,
Romeo Vermant,Club Brugge KV,be Pro League,FW,22.9,195,2.2,,,,,,,,,,
Hyllarion Goore,KAA Gent,be Pro League,FW,21.4,29,0.3,,,,,,,,,,
Geoffry Hairemans,Royal Antwerp FC,be Pro League,FW,35.2,26,0.3,,,,,,,,,,
Aurélien Scheidler,RC Sporting Charleroi,be Pro League,FW,28.6,387,4.3,,,,,,,,,,
Niek Corthouts,Lommel SK,be Pro League,FW,,43,0.5,,,,,,,,,,
Jellert Van Landschoot,KV Kortrijk,be Pro League,MF,29.3,170,1.9,,,,,,,,,,
Thierry Ambrose,KV Kortrijk,be Pro League,FW,29.8,495,5.5,245.79376527136776,Solid Squad Player,,,,,647.2022707726775,Top Starter,,
Sekou Keita,Royale Union Saint-Gilloise,be Pro League,FW,20.7,19,0.2,,,,,,,,,,
Abdoul Kader Ouattara,Cercle Brugge,be Pro League,FW,21.6,20,0.2,,,,,,,,,,
Frederic Soelle Soelle,Sint-Truidense VV,be Pro League,FW,21.0,163,1.8,,,,,,,,,,
Robin Mirisola,Oud-Heverlee Leuven,be Pro League,FW,20.1,116,1.3,,,,,,,,,,
Kevin Rodriguez,Royale Union Saint-Gilloise,be Pro League,FW,26.8,70,0.8,,,,,,,,,,
David Amegnaglo,KVC Westerlo,be Pro League,FW,31.2,70,0.8,,,,,,,,,,
Krys Kouassi,Cercle Brugge,be Pro League,FW,19.8,92,1.0,,,,,,,,,,
Benito Raman,KV Mechelen,be Pro League,FW,32.2,182,2.0,,,,,,,,,,
Steve Ngoura,Cercle Brugge,be Pro League,FW,21.9,452,5.0,384.7874106691685,Solid Squad Player,,,,,482.9179601656461,Top Starter,,
Keano Vanrafelghem,KV Mechelen,be Pro League,FW,23.4,184,2.0,,,,,,,,,,
Bouke Boersma,KV Mechelen,be Pro League,FW,21.5,153,1.7,,,,,,,,,,
Bryan Adinany,KV Kortrijk,be Pro League,FW,,41,0.5,,,,,,,,,,
Ibrahim Salah,Royal Antwerp FC,be Pro League,FW,25.3,298,3.3,,,,,,,,,,
Kyan Vaesen,Oud-Heverlee Leuven,be Pro League,FW,25.7,132,1.5,,,,,,,,,,
Malcolm Lohunanu-Mbasi,KV Mechelen,be Pro League,FW,,253,2.8,,,,,,,,,,
Sixtus Ogbuehi,KV Kortrijk,be Pro League,FW,23.8,22,0.2,,,,,,,,,,
Shion Shinkawa,Sint-Truidense VV,be Pro League,FW,19.4,30,0.3,,,,,,,,,,
Bilal Bafdili,KV Mechelen,be Pro League,FW,22.4,168,1.9,,,,,,,,,,
Léandro Rousseau,RAAL La Louvière,be Pro League,FW,,47,0.5,,,,,,,,,,
Chukwubuikem Ikwuemesi,Oud-Heverlee Leuven,be Pro League,FW,25.4,336,3.7,,,,,,,,,,
Adama Bojang,RC Sporting Charleroi,be Pro League,FW,22.6,136,1.5,,,,,,,,,,
Luis Narh,Royal Antwerp FC,be Pro League,FW,,140,1.6,,,,,,,,,,
Adeshina Ayodele,KV Mechelen,be Pro League,FW,,109,1.2,,,,,,,,,,
Shin Yamada,Oud-Heverlee Leuven,be Pro League,FW,26.6,197,2.2,,,,,,,,,,
Bernard Nguene,Standard Liège,be Pro League,FW,20.4,418,4.6,,,,,,,,,,
Goduine Koyalipou,KV Kortrijk,be Pro League,FW,26.9,441,4.9,,,,,,,,,,
Andrej Vasovic,Club Brugge KV,be Pro League,FW,19.2,9,0.1,,,,,,,,,,
Timothée Nkada,Standard Liège,be Pro League,FW,27.5,20,0.2,,,,,,,,,,
Jeff Godelaine,Royal Antwerp FC,be Pro League,FW,19.7,10,0.1,,,,,,,,,,
Alexander Reumers,Lommel SK,be Pro League,FW,27.6,22,0.2,,,,,,,,,,
Lennart Mertens,SK Beveren,be Pro League,FW,,390,4.3,,,,,,,,,,
Lucas Michal,Cercle Brugge,be Pro League,FW,21.5,133,1.5,,,,,,,,,,
Oumar Diouf,Sint-Truidense VV,be Pro League,FW,23.6,171,1.9,,,,,,,,,,
Maxim Kireev,KV Mechelen,be Pro League,FW,,27,0.3,,,,,,,,,,
Mihajlo Cvetković,RSC Anderlecht,be Pro League,FW,20.0,299,3.3,,,,,,,,,,
Abdoul Karim Traoré,Oud-Heverlee Leuven,be Pro League,FW,20.0,225,2.5,,,,,,,,,,
Lars Beirinckx,Lommel SK,be Pro League,FW,,18,0.2,,,,,,,,,,
Felix Tsimba,KVC Westerlo,be Pro League,FW,25.0,45,0.5,,,,,,,,,,
Naoufal Bohamdi-Kamoni,KVC Westerlo,be Pro League,FW,19.4,1,0.0,,,,,,,,,,
Kewan Vemba,SV Zulte Waregem,be Pro League,FW,21.4,1,0.0,,,,,,,,,,
Nikolas Polster,Wolfsberger AC,at Bundesliga,GK,24.5,180,2.0,,,,,,,,,,
Niklas Hedl,SK Rapid Wien,at Bundesliga,GK,25.8,540,6.0,,,,,,,,,751.7740678292008,World Class
Salko Hamzić,WSG Tirol,at Bundesliga,GK,20.3,540,6.0,,,,,,,,,847.2551602252274,World Class
Samuel Sahin-Radlinger,FK Austria Wien,at Bundesliga,GK,34.1,540,6.0,,,,,,,,,545.2469048447438,Top Starter
Daniil Khudyakov,SK Sturm Graz,at Bundesliga,GK,23.0,360,4.0,,,,,,,,,,
Domenik Schierl,SC Austria Lustenau,at Bundesliga,GK,32.5,450,5.0,,,,,,,,,766.2786998787698,World Class
Ármin Pécsi,TSV Hartberg,at Bundesliga,GK,21.9,540,6.0,,,,,,,,,817.6946481445082,World Class
Lukas Jungwirth,LASK,at Bundesliga,GK,22.7,540,6.0,,,,,,,,,689.0515332527584,Top Starter
Dejan Stojanović,SCR Altach,at Bundesliga,GK,33.5,540,6.0,,,,,,,,,457.1266306538411,Top Starter
Andreas Leitner,SV Ried,at Bundesliga,GK,32.8,540,6.0,,,,,,,,,398.69279756585405,Solid Squad Player
Christian Zawieschitzky,Red Bull Salzburg,at Bundesliga,GK,19.7,540,6.0,,,,,,,,,710.2955713318336,Top Starter
Cican Stanković,Grazer AK 1902,at Bundesliga,GK,34.2,540,6.0,,,,,,,,,514.8841803210362,Top Starter
Lukas Gütlbauer,Wolfsberger AC,at Bundesliga,GK,26.1,360,4.0,,,,,,,,,,
Ammar Helac,SK Sturm Graz,at Bundesliga,GK,28.6,180,2.0,,,,,,,,,,
Phillip Bohm,SC Austria Lustenau,at Bundesliga,GK,,90,1.0,,,,,,,,,,
Jeyland Mitchell,SK Sturm Graz,at Bundesliga,DF,22.3,91,1.0,,,,,,,,,,
Andrés Andrade Cedeño,LASK,at Bundesliga,DF,,539,6.0,,,,,740.2795411570316,Top Starter,690.9978712733936,Top Starter,,
Frans Krätzig,Red Bull Salzburg,at Bundesliga,DF,24.0,168,1.9,,,,,,,,,,
Nenad Cvetković,SK Rapid Wien,at Bundesliga,DF,31.0,440,4.9,,,,,,,,,,
Kévin Boma,Red Bull Salzburg,at Bundesliga,DF,24.1,440,4.9,,,,,,,,,,
Arjan Malić,SK Sturm Graz,at Bundesliga,DF,21.3,92,1.0,,,,,,,,,,
Tim Drexler,Red Bull Salzburg,at Bundesliga,DF,21.8,237,2.6,,,,,,,,,,
Valentin Zabransky,Red Bull Salzburg,at Bundesliga,DF,19.9,393,4.4,,,,,,,,,,
Xavier Mbuyamba,LASK,at Bundesliga,DF,25.0,540,6.0,,,,,691.590605347572,Top Starter,668.9058424988041,Top Starter,,
Nikolas Veratschnig,Red Bull Salzburg,at Bundesliga,DF,23.9,493,5.5,,,,,558.0411031033645,Top Starter,576.35396407732,Top Starter,,
Marco Boras,WSG Tirol,at Bundesliga,DF,25.3,535,5.9,,,,,754.6337742595542,World Class,708.1805916419106,Top Starter,,
Albert Vallci,SK Sturm Graz,at Bundesliga,DF,31.5,540,6.0,,,,,661.5775052968181,Top Starter,626.4602380137413,Top Starter,,
Dominik Schmid,Red Bull Salzburg,at Bundesliga,DF,28.8,382,4.2,,,,,,,,,,
Alemão,LASK,at Bundesliga,DF,,513,5.7,,,,,724.6860626168819,Top Starter,806.0746460824183,World Class,,
Fabian Wohlmuth,Wolfsberger AC,at Bundesliga,DF,24.5,540,6.0,,,,,537.3349323277548,Top Starter,549.386071476432,Top Starter,,
Yannick Oberleitner,Grazer AK 1902,at Bundesliga,DF,24.6,357,4.0,,,,,,,,,,
Petar Petrović,SK Sturm Graz,at Bundesliga,DF,,169,1.9,,,,,,,,,,
Johannes Handl,FK Austria Wien,at Bundesliga,DF,28.7,414,4.6,,,,,,,,,,
Jakob Schöller,SK Rapid Wien,at Bundesliga,DF,21.1,161,1.8,,,,,,,,,,
Jannes Horn,SK Rapid Wien,at Bundesliga,DF,29.9,378,4.2,,,,,,,,,,
Konstantin Schopp,TSV Hartberg,at Bundesliga,DF,21.0,420,4.7,,,,,,,,,,
Serge-Philippe Raux-Yao,SK Rapid Wien,at Bundesliga,DF,27.6,479,5.3,,,,,420.2193800990174,Top Starter,345.4124675357917,Solid Squad Player,,
Drew Murray,WSG Tirol,at Bundesliga,DF,,537,6.0,,,,,518.5667993775112,Top Starter,542.1239086042559,Top Starter,,
Bendegúz Bolla,SK Rapid Wien,at Bundesliga,DF,27.1,540,6.0,,,,,283.8763387162745,Solid Squad Player,309.7058780677737,Solid Squad Player,,
Fabian Wilfinger,TSV Hartberg,at Bundesliga,DF,23.3,533,5.9,,,,,573.2118688805493,Top Starter,441.5274380765071,Top Starter,,
John Mellberg,Red Bull Salzburg,at Bundesliga,DF,20.4,10,0.1,,,,,,,,,,
Miguel Freckleton,LASK,at Bundesliga,DF,23.4,27,0.3,,,,,,,,,,
Aleksandar Dragović,FK Austria Wien,at Bundesliga,DF,35.8,329,3.7,,,,,,,,,,
Beres Owusu,Grazer AK 1902,at Bundesliga,DF,23.3,540,6.0,,,,,687.7546931019648,Top Starter,556.3950397510289,Top Starter,,
Chukwu Emmanuel,SC Austria Lustenau,at Bundesliga,DF,20.2,366,4.1,,,,,,,,,,
Benedikt Zech,SCR Altach,at Bundesliga,DF,36.2,360,4.0,,,,,,,,,,
Daniel Nnodim,FK Austria Wien,at Bundesliga,DF,19.1,220,2.4,,,,,,,,,,
David Gugganig,WSG Tirol,at Bundesliga,DF,29.9,298,3.3,,,,,,,,,,
Matteo Kitz,Wolfsberger AC,at Bundesliga,DF,19.9,295,3.3,,,,,,,,,,
Samuel Johansen Chukwudi,SV Ried,at Bundesliga,DF,23.5,540,6.0,,,,,521.6352439825394,Top Starter,520.0365407721166,Top Starter,,
Robin Voisine,SC Austria Lustenau,at Bundesliga,DF,24.7,9,0.1,,,,,,,,,,
Jakob Brandtner,SCR Altach,at Bundesliga,DF,,9,0.1,,,,,,,,,,
Magnus Dalpiaz,TSV Hartberg,at Bundesliga,DF,,147,1.6,,,,,,,,,,
Leandro Morgalla,Red Bull Salzburg,at Bundesliga,DF,22.3,62,0.7,,,,,,,,,,
Buhari Ibrahim,FK Austria Wien,at Bundesliga,DF,25.2,270,3.0,,,,,,,,,,
Matteo Schablas,FK Austria Wien,at Bundesliga,DF,21.8,98,1.1,,,,,,,,,,
Niklas Pertlwieser,SC Austria Lustenau,at Bundesliga,DF,,536,6.0,,,,,634.6573431134914,Top Starter,528.173621913821,Top Starter,,
Eaden Roka,SK Rapid Wien,at Bundesliga,DF,19.3,153,1.7,,,,,,,,,,
Donovan Pines,Grazer AK 1902,at Bundesliga,DF,28.8,450,5.0,,,,,625.3587226771923,Top Starter,590.1468141196965,Top Starter,,
Oliver Sorg,SV Ried,at Bundesliga,DF,,365,4.1,,,,,,,,,,
Anilson,SC Austria Lustenau,at Bundesliga,DF,,106,1.2,,,,,,,,,,
Lukas Ibertsberger,SC Austria Lustenau,at Bundesliga,DF,23.4,27,0.3,,,,,,,,,,
David Jaunegg,WSG Tirol,at Bundesliga,DF,23.8,22,0.2,,,,,,,,,,
Lukas Spendlhofer,TSV Hartberg,at Bundesliga,DF,33.6,192,2.1,,,,,,,,,,
Luís Balbo,SK Sturm Graz,at Bundesliga,DF,20.8,154,1.7,,,,,,,,,,
Cheick Mamadou Diabate,Wolfsberger AC,at Bundesliga,DF,23.0,225,2.5,,,,,,,,,,
Jonas Auer,SK Rapid Wien,at Bundesliga,DF,26.4,9,0.1,,,,,,,,,,
Paul Komposch,TSV Hartberg,at Bundesliga,DF,25.6,534,5.9,,,,,407.20338414239427,Top Starter,362.66330613814745,Solid Squad Player,,
Nemanja Čelić,WSG Tirol,at Bundesliga,DF,,234,2.6,,,,,,,,,,
Paul Koller,SK Sturm Graz,at Bundesliga,DF,24.9,191,2.1,,,,,,,,,,
Yvan Dibango,LASK,at Bundesliga,DF,24.8,71,0.8,,,,,,,,,,
Rassa Rahmani,SCR Altach,at Bundesliga,DF,27.0,170,1.9,,,,,,,,,,
Jonas Feddersen,FK Austria Wien,at Bundesliga,DF,42.8,145,1.6,,,,,,,,,,
Raphael Gschösser,WSG Tirol,at Bundesliga,DF,20.7,274,3.0,,,,,,,,,,
Oliver Steurer,SV Ried,at Bundesliga,DF,32.0,540,6.0,,,,,632.1729646279715,Top Starter,526.6482443434727,Top Starter,,
Dejan Radonjic,SV Ried,at Bundesliga,DF,,183,2.0,,,,,,,,,,
Joshua Quarshie,SK Sturm Graz,at Bundesliga,DF,22.4,99,1.1,,,,,,,,,,
Filip Milojevic,SCR Altach,at Bundesliga,DF,21.9,540,6.0,,,,,553.8197495890038,Top Starter,514.0854656149271,Top Starter,,
Matthias Maak,SC Austria Lustenau,at Bundesliga,DF,34.6,185,2.1,,,,,,,,,,
Michael Sollbauer,Grazer AK 1902,at Bundesliga,DF,36.6,90,1.0,,,,,,,,,,
Petar Markovic,Grazer AK 1902,at Bundesliga,DF,20.9,41,0.5,,,,,,,,,,
Habib Anas Coulibaly,TSV Hartberg,at Bundesliga,DF,23.1,351,3.9,,,,,,,,,,
Lukas Jäger,SCR Altach,at Bundesliga,MF,32.9,540,6.0,,,223.7278460132975,Solid Squad Player,,,463.24619647844395,Top Starter,,
Fabian Gmeiner,SC Austria Lustenau,at Bundesliga,DF,29.9,434,4.8,,,,,,,,,,
David Kubatta,WSG Tirol,at Bundesliga,DF,23.2,265,2.9,,,,,,,,,,
Raffael Behounek,Wolfsberger AC,at Bundesliga,DF,29.7,362,4.0,,,,,,,,,,
Nicolas Wimmer,Wolfsberger AC,at Bundesliga,DF,31.8,285,3.2,,,,,,,,,,
Ludwig Vraa-Jensen,Grazer AK 1902,at Bundesliga,DF,21.5,180,2.0,,,,,,,,,,
Manoël Verhaeghe,LASK,at Bundesliga,DF,,1,0.0,,,,,,,,,,
Filip Rózga,SK Sturm Graz,at Bundesliga,MF,20.4,29,0.3,,,,,,,,,,
Soumaïla Diabaté,Red Bull Salzburg,at Bundesliga,MF,22.1,90,1.0,,,,,,,,,,
Matthias Seidl,SK Rapid Wien,at Bundesliga,MF,25.9,467,5.2,,,731.3895523546038,Top Starter,,,711.499600943445,Top Starter,,
Bartosz Mazurek,Red Bull Salzburg,at Bundesliga,MF,20.0,393,4.4,,,,,,,,,,
Melayro Bogarde,LASK,at Bundesliga,MF,24.6,306,3.4,,,,,,,,,,
Jonas Karner,TSV Hartberg,at Bundesliga,MF,22.3,88,1.0,,,,,,,,,,
Niklas Niehoff,SCR Altach,at Bundesliga,MF,,518,5.8,,,674.6485639584884,Top Starter,,,522.9566704183021,Top Starter,,
Tobias Kainz,TSV Hartberg,at Bundesliga,MF,34.2,515,5.7,,,645.020232701534,Top Starter,,,385.82096037863937,Solid Squad Player,,
Moritz Oswald,WSG Tirol,at Bundesliga,MF,25.0,270,3.0,,,,,,,,,,
Jussef Nasrawe,SV Ried,at Bundesliga,MF,19.8,349,3.9,,,,,,,,,,
Krystof Daněk,LASK,at Bundesliga,MF,24.0,376,4.2,,,,,,,,,,
Danilo Soares,SC Austria Lustenau,at Bundesliga,DF,35.2,513,5.7,,,,,788.2263122202313,World Class,638.676921419627,Top Starter,,
Sascha Horvath,LASK,at Bundesliga,MF,30.4,467,5.2,,,609.193589651598,Top Starter,,,499.43231022533627,Top Starter,,
Benjamin Böckle,SCR Altach,at Bundesliga,MF,24.5,532,5.9,,,521.3621521170309,Top Starter,,,587.4824753442672,Top Starter,,
Nicolas Bajlicz,SK Rapid Wien,at Bundesliga,MF,22.5,429,4.8,,,,,,,,,,
Emran Soglo,SK Sturm Graz,at Bundesliga,MF,21.5,296,3.3,,,,,,,,,,
Dion Kacuri,SC Austria Lustenau,at Bundesliga,MF,22.9,530,5.9,,,460.067336405281,Top Starter,,,554.3021594870468,Top Starter,,
Benjamin Markuš,TSV Hartberg,at Bundesliga,MF,25.9,540,6.0,,,363.51299052096317,Solid Squad Player,,,649.4544353657669,Top Starter,,
Abubakr Barry,Red Bull Salzburg,at Bundesliga,MF,26.5,474,5.3,,,510.3603095938577,Top Starter,,,546.0385595826626,Top Starter,,
Yusuf Maart,SV Ried,at Bundesliga,MF,31.5,535,5.9,,,490.130282720857,Top Starter,,,535.8294942549677,Top Starter,,
Reinhold Ranftl,FK Austria Wien,at Bundesliga,MF,34.9,540,6.0,,,409.8431731867487,Top Starter,,,610.0753175307523,Top Starter,,
Aaron Sky Schwarz,Wolfsberger AC,at Bundesliga,MF,22.8,331,3.7,,,,,,,,,,
Yann Massombo,SCR Altach,at Bundesliga,MF,26.9,304,3.4,,,,,,,,,,
Gizo Mamageishvili,SK Sturm Graz,at Bundesliga,MF,24.0,209,2.3,,,,,,,,,,
Matthäus Taferner,WSG Tirol,at Bundesliga,MF,25.9,121,1.3,,,,,,,,,,
Jaedin Rhodes,SV Ried,at Bundesliga,MF,,190,2.1,,,,,,,,,,
Luca Weinhandl,SK Sturm Graz,at Bundesliga,MF,18.0,373,4.1,,,,,,,,,,
George Bello,LASK,at Bundesliga,MF,24.9,474,5.3,,,543.354255871649,Top Starter,,,559.2938554717522,Top Starter,,
Romeo Amane,SK Rapid Wien,at Bundesliga,MF,23.9,160,1.8,,,,,,,,,,
Jon Gorenc Stanković,SK Sturm Graz,at Bundesliga,MF,31.0,527,5.9,,,372.1019037379037,Solid Squad Player,,,623.3439149578791,Top Starter,,
Marco Sulzner,Wolfsberger AC,at Bundesliga,MF,23.5,532,5.9,,,271.0553236679959,Solid Squad Player,,,567.2084685788038,Top Starter,,
Florian Flecker,LASK,at Bundesliga,MF,31.2,80,0.9,,,,,,,,,,
Marc Striednig,WSG Tirol,at Bundesliga,MF,,369,4.1,,,,,,,,,,
Philipp Pomer,SV Ried,at Bundesliga,MF,29.4,135,1.5,,,,,,,,,,
Jacob Italiano,Grazer AK 1902,at Bundesliga,MF,25.4,14,0.2,,,,,,,,,,
Valentino Müller,FK Austria Wien,at Bundesliga,MF,28.0,78,0.9,,,,,,,,,,
Christopher Cvetko,Grazer AK 1902,at Bundesliga,MF,29.7,79,0.9,,,,,,,,,,
Manuel Pfeifer,TSV Hartberg,at Bundesliga,MF,27.3,88,1.0,,,,,,,,,,
Stefan Schwab,SV Ried,at Bundesliga,MF,36.3,496,5.5,,,614.1387233872772,Top Starter,,,563.2616707636246,Top Starter,,
Alessandro Schöpf,LASK,at Bundesliga,MF,32.9,219,2.4,,,,,,,,,,
Murat Satin,WSG Tirol,at Bundesliga,MF,30.3,394,4.4,,,,,,,,,,
Louis Schaub,SK Rapid Wien,at Bundesliga,Off_MF,32.0,29,0.3,,,,,,,,,,
Jurgen Heil,SK Sturm Graz,at Bundesliga,DF,29.7,534,5.9,,,,,620.7924268435963,Top Starter,511.37876289466715,Top Starter,,
Mike-Steven Bähre,SCR Altach,at Bundesliga,MF,31.4,540,6.0,,,336.8317267566451,Solid Squad Player,,,728.7628715960795,Top Starter,,
Simon Piesinger,Wolfsberger AC,at Bundesliga,Def_MF,34.6,270,3.0,,,,,,,,,,
Lee Tae-seok,FK Austria Wien,at Bundesliga,MF,24.4,446,5.0,,,475.24522997411844,Top Starter,,,520.2175036010918,Top Starter,,
Simon Seidl,SK Sturm Graz,at Bundesliga,MF,24.3,410,4.6,,,,,,,,,,
Kasper Jørgensen,LASK,at Bundesliga,MF,27.2,480,5.3,,,656.2794906706031,Top Starter,,,475.74281781122073,Top Starter,,
Vesel Demaku,SCR Altach,at Bundesliga,MF,26.9,508,5.6,,,376.45065484115014,Solid Squad Player,,,591.8610545625362,Top Starter,,
Sacha Delaye,SC Austria Lustenau,at Bundesliga,MF,24.7,274,3.0,,,,,,,,,,
Christian Lichtenberger,Grazer AK 1902,at Bundesliga,MF,31.1,308,3.4,,,,,,,,,,
Luca Pazourek,TSV Hartberg,at Bundesliga,MF,21.9,45,0.5,,,,,,,,,,
Fabian Rossdorfer,SV Ried,at Bundesliga,MF,21.1,36,0.4,,,,,,,,,,
Martin Rasner,SV Ried,at Bundesliga,MF,31.6,152,1.7,,,,,,,,,,
Oliver Lukić,TSV Hartberg,at Bundesliga,MF,20.3,316,3.5,,,,,,,,,,
Florian Wustinger,FK Austria Wien,at Bundesliga,MF,23.4,308,3.4,,,,,,,,,,
Vasilije Markovic,FK Austria Wien,at Bundesliga,MF,18.6,298,3.3,,,,,,,,,,
Manfred Fischer,FK Austria Wien,at Bundesliga,Def_MF,31.4,360,4.0,,,,,,,,,,
Maurits Kjaergaard,Red Bull Salzburg,at Bundesliga,MF,23.5,135,1.5,,,,,,,,,,
Otar Mamageishvili,Wolfsberger AC,at Bundesliga,MF,24.0,365,4.1,,,,,,,,,,
Damir Redzic,Red Bull Salzburg,at Bundesliga,MF,23.8,266,3.0,,,,,,,,,,
Pius Grabher,SC Austria Lustenau,at Bundesliga,MF,33.4,41,0.5,,,,,,,,,,
Florian Gerstl,TSV Hartberg,at Bundesliga,MF,,71,0.8,,,,,,,,,,
Valmir Matoshi,SK Sturm Graz,at Bundesliga,MF,23.5,105,1.2,,,,,,,,,,
Umut Tohumcu,Red Bull Salzburg,at Bundesliga,MF,22.4,38,0.4,,,,,,,,,,
René Renner,Wolfsberger AC,at Bundesliga,DF,33.1,268,3.0,,,,,,,,,,
Nikolaus Feldhofer,TSV Hartberg,at Bundesliga,MF,,49,0.5,,,,,,,,,,
Lord Afrifa,SC Austria Lustenau,at Bundesliga,MF,,470,5.2,,,407.39874891272626,Top Starter,,,589.3531741424167,Top Starter,,
Philipp Maybach,FK Austria Wien,at Bundesliga,MF,19.0,150,1.7,,,,,,,,,,
Anderson,Grazer AK 1902,at Bundesliga,MF,,312,3.5,,,,,,,,,,
Hasan Deshishku,FK Austria Wien,at Bundesliga,MF,,26,0.3,,,,,,,,,,
Jonas Mayer,SV Ried,at Bundesliga,MF,22.5,36,0.4,,,,,,,,,,
Enrique Aguilar,Red Bull Salzburg,at Bundesliga,MF,19.9,81,0.9,,,,,,,,,,
Emmanuel Agyemang,Wolfsberger AC,at Bundesliga,MF,23.0,238,2.6,,,,,,,,,,
Youba Diarra,TSV Hartberg,at Bundesliga,MF,28.8,372,4.1,,,,,,,,,,
David Falkner,WSG Tirol,at Bundesliga,MF,19.6,8,0.1,,,,,,,,,,
Giorgi Bedianashvili,WSG Tirol,at Bundesliga,MF,,12,0.1,,,,,,,,,,
Nemanja Krstovic,SCR Altach,at Bundesliga,MF,32.4,10,0.1,,,,,,,,,,
Simon Wieser,WSG Tirol,at Bundesliga,MF,,8,0.1,,,,,,,,,,
Mazou Bambara,WSG Tirol,at Bundesliga,MF,21.4,20,0.2,,,,,,,,,,
Haris Ismailcebioglu,SC Austria Lustenau,at Bundesliga,MF,,13,0.1,,,,,,,,,,
Sota Kitano,Red Bull Salzburg,at Bundesliga,MF,22.4,344,3.8,,,,,,,,,,
Donis Avdijaj,Wolfsberger AC,at Bundesliga,FW,30.4,312,3.5,,,,,,,,,,
Tobias Koch,Grazer AK 1902,at Bundesliga,MF,25.7,268,3.0,,,,,,,,,,
Souleyman Mandey,Grazer AK 1902,at Bundesliga,MF,,27,0.3,,,,,,,,,,
Peter Michorl,Grazer AK 1902,at Bundesliga,MF,31.6,533,5.9,,,555.1051884027057,Top Starter,,,372.1748218881256,Solid Squad Player,,
Seydou Diarra,SC Austria Lustenau,at Bundesliga,MF,,529,5.9,,,386.63419456333014,Solid Squad Player,,,577.0025135584913,Top Starter,,
Ismaël Guerti,Grazer AK 1902,at Bundesliga,MF,22.4,211,2.3,,,,,,,,,,
Thorsten Schriebl,Wolfsberger AC,at Bundesliga,MF,28.1,93,1.0,,,,,,,,,,
Matthias Gragger,Grazer AK 1902,at Bundesliga,MF,,265,2.9,,,,,,,,,,
Ante Bajić,SV Ried,at Bundesliga,MF,31.4,537,6.0,,,551.9644020852971,Top Starter,,,517.4360734242539,Top Starter,,
Jacob Hödl,SK Sturm Graz,at Bundesliga,MF,19.9,476,5.3,,,311.32809328494153,Solid Squad Player,,,550.4658723495684,Top Starter,,
Robert Ljubičić,LASK,at Bundesliga,MF,27.5,234,2.6,,,,,,,,,,
Leon Klassen,Grazer AK 1902,at Bundesliga,MF,26.6,450,5.0,,,407.1861564972983,Top Starter,,,521.5955058461802,Top Starter,,
Denizcan Cosgun,SCR Altach,at Bundesliga,MF,,18,0.2,,,,,,,,,,
Tobias Lund Jensen,SV Ried,at Bundesliga,MF,,75,0.8,,,,,,,,,,
Husein Balić,WSG Tirol,at Bundesliga,FW,30.9,463,5.1,240.20389156434243,Solid Squad Player,,,,,368.4655454163246,Solid Squad Player,,
Yanis Eisschill,SCR Altach,at Bundesliga,MF,,32,0.4,,,,,,,,,,
Luca Hassler,Wolfsberger AC,at Bundesliga,MF,,21,0.2,,,,,,,,,,
Liam Hermesh,Grazer AK 1902,at Bundesliga,MF,,304,3.4,,,,,,,,,,
Rodney Elongo-Yombo,SCR Altach,at Bundesliga,MF,25.4,35,0.4,,,,,,,,,,
Lee Kang-hee,FK Austria Wien,at Bundesliga,MF,25.4,440,4.9,,,,,,,,,,
Lukas Malicsek,SV Ried,at Bundesliga,DF,27.6,452,5.0,,,,,422.6189332234419,Top Starter,380.45330460979295,Solid Squad Player,,
Otar Kiteishvili,SK Sturm Graz,at Bundesliga,Off_MF,30.8,29,0.3,,,,,,,,,,
Jesper Lindstrøm,Red Bull Salzburg,at Bundesliga,MF,26.8,32,0.4,,,,,,,,,,
Ryan Fosso,SK Sturm Graz,at Bundesliga,MF,24.5,90,1.0,,,,,,,,,,
Jonas Ilk,LASK,at Bundesliga,MF,42.8,2,0.0,,,,,,,,,,
Oumar Diakité,SK Sturm Graz,at Bundesliga,FW,23.0,40,0.4,,,,,,,,,,
Samuel Adeniran,LASK,at Bundesliga,FW,28.3,213,2.4,,,,,,,,,,
Yusuf Demir,SK Rapid Wien,at Bundesliga,FW,23.6,502,5.6,525.7178811446117,Top Starter,,,,,652.7119143211701,Top Starter,,
Gaoussou Diakite,Red Bull Salzburg,at Bundesliga,FW,21.3,80,0.9,,,,,,,,,,
Christoph Lang,LASK,at Bundesliga,FW,25.0,418,4.6,,,,,,,,,,
Karim Konaté,Red Bull Salzburg,at Bundesliga,FW,22.8,242,2.7,,,,,,,,,,
Tonni Adamsen,SK Rapid Wien,at Bundesliga,FW,32.1,445,4.9,,,,,,,,,,
Patrick Greil,SCR Altach,at Bundesliga,FW,30.3,460,5.1,555.4790705460082,Top Starter,,,,,555.8162018093758,Top Starter,,
Haris Tabakovic,Red Bull Salzburg,at Bundesliga,FW,32.5,313,3.5,,,,,,,,,,
Dominik Weixelbraun,SC Austria Lustenau,at Bundesliga,FW,23.0,477,5.3,538.696586538139,Top Starter,,,,,307.02935617788563,Solid Squad Player,,
Alexander Hofleitner,Grazer AK 1902,at Bundesliga,FW,26.7,467,5.2,437.3425873573582,Top Starter,,,,,484.36697515404,Top Starter,,
Edmund Baidoo,Red Bull Salzburg,at Bundesliga,FW,20.9,242,2.7,,,,,,,,,,
Petter Nosakhare Dahl,SK Rapid Wien,at Bundesliga,FW,,363,4.0,,,,,,,,,,
Moses Usor,LASK,at Bundesliga,FW,24.9,372,4.1,,,,,,,,,,
Thomas Sabitzer,WSG Tirol,at Bundesliga,FW,26.2,8,0.1,,,,,,,,,,
Aboubacar Camara,Red Bull Salzburg,at Bundesliga,FW,26.0,161,1.8,,,,,,,,,,
Ousmane Diawara,SCR Altach,at Bundesliga,FW,27.2,467,5.2,323.3659302951925,Solid Squad Player,,,,,600.096026382279,Top Starter,,
Giacomo Vrioni,Wolfsberger AC,at Bundesliga,FW,28.2,403,4.5,,,,,,,,,,
Nikolai Frederiksen,WSG Tirol,at Bundesliga,FW,26.6,377,4.2,,,,,,,,,,
Sasa Kalajdzic,LASK,at Bundesliga,FW,29.5,30,0.3,,,,,,,,,,
Angelo Gattermayer,TSV Hartberg,at Bundesliga,FW,24.6,447,5.0,283.22124899737656,Solid Squad Player,,,,,502.3614794830141,Top Starter,,
Michael Olakigbe,WSG Tirol,at Bundesliga,FW,22.7,500,5.6,516.818317597511,Top Starter,,,,,362.2463804954601,Solid Squad Player,,
Marco Hoffmann,TSV Hartberg,at Bundesliga,FW,23.1,470,5.2,458.7448422570748,Top Starter,,,,,364.5718640152365,Solid Squad Player,,
Marco Tilio,SK Rapid Wien,at Bundesliga,FW,25.4,175,1.9,,,,,,,,,,
Nelson Weiper,SK Sturm Graz,at Bundesliga,FW,21.8,161,1.8,,,,,,,,,,
Thomas Goiginger,WSG Tirol,at Bundesliga,FW,33.8,353,3.9,,,,,,,,,,
Albin Gashi,SC Austria Lustenau,at Bundesliga,FW,29.9,271,3.0,,,,,,,,,,
Niama Sissoko,SV Ried,at Bundesliga,FW,21.0,307,3.4,,,,,,,,,,
Moulaye Haïdara,SK Rapid Wien,at Bundesliga,FW,20.4,257,2.9,,,,,,,,,,
Yorbe Vertessen,Red Bull Salzburg,at Bundesliga,FW,26.0,336,3.7,,,,,,,,,,
Lenn Jastremski,SC Austria Lustenau,at Bundesliga,FW,,97,1.1,,,,,,,,,,
Axel Kayombo,SK Sturm Graz,at Bundesliga,FW,20.8,87,1.0,,,,,,,,,,
Julian Hettwer,FK Austria Wien,at Bundesliga,FW,,284,3.2,,,,,,,,,,
Nikolaus Wurmbrand,SK Rapid Wien,at Bundesliga,FW,21.0,91,1.0,,,,,,,,,,
Antonio Verinac,SC Austria Lustenau,at Bundesliga,FW,22.0,387,4.3,,,,,,,,,,
Seedy Jatta,SK Sturm Graz,at Bundesliga,FW,23.8,355,3.9,,,,,,,,,,
Nael Kane,LASK,at Bundesliga,FW,,32,0.4,,,,,,,,,,
Kelvin Boateng,FK Austria Wien,at Bundesliga,FW,26.8,236,2.6,,,,,,,,,,
Mark Große,Grazer AK 1902,at Bundesliga,FW,27.9,143,1.6,,,,,,,,,,
Lukas Hinterseer,WSG Tirol,at Bundesliga,FW,35.8,319,3.5,,,,,,,,,,
Sanel Saljic,FK Austria Wien,at Bundesliga,FW,21.1,302,3.4,,,,,,,,,,
Dominik Fitz,Wolfsberger AC,at Bundesliga,FW,27.5,107,1.2,,,,,,,,,,
Sankara Karamoko,Wolfsberger AC,at Bundesliga,FW,23.1,69,0.8,,,,,,,,,,
Marko Raguž,SCR Altach,at Bundesliga,FW,28.6,143,1.6,,,,,,,,,,
Ademola Ola-Adebomi,WSG Tirol,at Bundesliga,FW,23.3,26,0.3,,,,,,,,,,
Moritz Wels,WSG Tirol,at Bundesliga,FW,22.3,85,0.9,,,,,,,,,,
Chilohem Onuoha,TSV Hartberg,at Bundesliga,FW,21.7,34,0.4,,,,,,,,,,
Ercan Kara,SK Rapid Wien,at Bundesliga,FW,31.0,340,3.8,,,,,,,,,,
Srđan Hrstić,SCR Altach,at Bundesliga,FW,23.5,164,1.8,,,,,,,,,,
Anthony Smits,Grazer AK 1902,at Bundesliga,FW,21.5,113,1.3,,,,,,,,,,
Matthias Postl,TSV Hartberg,at Bundesliga,FW,,72,0.8,,,,,,,,,,
Joris Boguo,SV Ried,at Bundesliga,FW,19.2,105,1.2,,,,,,,,,,
Markus Pink,Wolfsberger AC,at Bundesliga,FW,35.9,61,0.7,,,,,,,,,,
Marco Schabauer,Wolfsberger AC,at Bundesliga,FW,,265,2.9,,,,,,,,,,
Belmin Beganović,SK Sturm Graz,at Bundesliga,FW,22.3,135,1.5,,,,,,,,,,
Tino Kusanović,SV Ried,at Bundesliga,FW,,55,0.6,,,,,,,,,,
Szymon Włodarczyk,SK Sturm Graz,at Bundesliga,FW,24.0,212,2.4,,,,,,,,,,
Jed Drew,TSV Hartberg,at Bundesliga,FW,23.3,61,0.7,,,,,,,,,,
Phillip Verhounig,Wolfsberger AC,at Bundesliga,FW,,203,2.3,,,,,,,,,,
Johannes Eggestein,FK Austria Wien,at Bundesliga,FW,28.7,398,4.4,,,,,,,,,,
Erkin Yalcin,SCR Altach,at Bundesliga,FW,22.5,50,0.6,,,,,,,,,,
Agustín Urrutia,TSV Hartberg,at Bundesliga,FW,,53,0.6,,,,,,,,,,
Evan Eghosa,SV Ried,at Bundesliga,FW,21.4,349,3.9,,,,,,,,,,
Daniel Maderner,Grazer AK 1902,at Bundesliga,FW,31.2,278,3.1,,,,,,,,,,
Precious Benjamin,SC Austria Lustenau,at Bundesliga,FW,20.3,174,1.9,,,,,,,,,,
Damian Las,Austin FC,us MLS,GK,24.7,90,1.0,,,,,,,,,,
Cabral Carter,Los Angeles FC,us MLS,GK,22.5,150,1.7,,,,,,,,,,
Earl Edwards Jr,San Jose Earthquakes,us MLS,GK,34.9,24,0.3,,,,,,,,,,
Matt Turner,New England Revolution,us MLS,GK,32.5,2250,25.0,,,,,,,,,857.4086344978917,World Class
JT Marcinkowski,LA Galaxy,us MLS,GK,29.6,1778,19.8,,,,,,,,,879.3797098698012,World Class
Daniel,FC Dallas,us MLS,GK,,1525,16.9,,,,,,,,,798.5654431776301,World Class
Jonathan Sirois,FC Dallas,us MLS,GK,25.5,881,9.8,,,,,,,,,524.4079249163248,Top Starter
Brian Schwake,Nashville SC,us MLS,GK,25.4,2250,25.0,,,,,,,,,789.9988603415592,World Class
Rocco Ríos Novo,Inter Miami CF,us MLS,GK,24.6,450,5.0,,,,,,,,,508.2873717287915,Top Starter
Kristijan Kahlina,Charlotte FC,us MLS,GK,34.4,2250,25.0,,,,,,,,,520.1197448503136,Top Starter
Brad Stuver,Austin FC,us MLS,GK,35.7,2160,24.0,,,,,,,,,788.1320910963133,World Class
Andrew Thomas,Seattle Sounders FC,us MLS,GK,28.3,2070,23.0,,,,,,,,,869.6436346041496,World Class
Angus Gunn,San Jose Earthquakes,us MLS,GK,30.9,900,10.0,,,,,,,,,471.6650846387318,Top Starter
Nicholas Defreitas-Hansen,Colorado Rapids,us MLS,GK,,1260,14.0,,,,,,,,,497.4652154016015,Top Starter
Matthew Freese,New York City FC,us MLS,GK,,2250,25.0,,,,,,,,,699.3202104535488,Top Starter
Hugo Lloris,Los Angeles FC,us MLS,GK,40.0,1980,22.0,,,,,,,,,770.6957530674678,World Class
Sebastian Breza,CF Montréal,us MLS,GK,28.8,540,6.0,,,,,,,,,664.2360599042349,Top Starter
James Pantemis,Portland Timbers,us MLS,GK,29.9,2250,25.0,,,,,,,,,754.0945146916571,World Class
Jonathan Bond,Houston Dynamo,us MLS,GK,33.6,2205,24.5,,,,,,,,,429.15395848860913,Top Starter
Duran Ferree,San Diego FC,us MLS,GK,20.3,1186,13.2,,,,,,,,,546.8873771589433,Top Starter
Maxime Crépeau,Orlando City SC,us MLS,GK,32.2,2086,23.2,,,,,,,,,579.6623282229291,Top Starter
Rafael Cabral,Real Salt Lake,us MLS,GK,36.6,2070,23.0,,,,,,,,,401.10951814542324,Top Starter
Roman Celentano,FC Cincinnati,us MLS,GK,26.3,1980,22.0,,,,,,,,,457.0899141317091,Top Starter
Chris Brady,Chicago Fire,us MLS,GK,22.8,2160,24.0,,,,,,,,,444.2999515772023,Top Starter
Yohei Takaoka,Vancouver Whitecaps,us MLS,GK,30.8,2044,22.7,,,,,,,,,467.8919238306266,Top Starter
Luka Gavran,Toronto FC,us MLS,GK,26.6,2250,25.0,,,,,,,,,482.96000064870475,Top Starter
Roman Bürki,St.Louis City,us MLS,GK,36.1,2070,23.0,,,,,,,,,392.34234825383766,Solid Squad Player
Jimmy Maurer,Houston Dynamo,us MLS,GK,38.2,45,0.5,,,,,,,,,,
Drake Callender,Minnesota United,us MLS,GK,29.2,2205,24.5,,,,,,,,,569.9884048823053,Top Starter
Lucas Hoyos,Atlanta United,us MLS,GK,37.7,2250,25.0,,,,,,,,,416.6917449723143,Top Starter
Ethan Horvath,New York Red Bulls,us MLS,GK,31.6,2250,25.0,,,,,,,,,518.2284210092716,Top Starter
CJ Dos Santos,San Diego FC,us MLS,GK,26.4,979,10.9,,,,,,,,,599.214819709557,Top Starter
Andre Blake,Philadelphia Union,us MLS,GK,36.1,2160,24.0,,,,,,,,,364.50506888543566,Solid Squad Player
Michael Collodi,FC Dallas,us MLS,GK,25.6,1170,13.0,,,,,,,,,420.499954382258,Top Starter
Stefan Cleveland,Sporting Kansas City,us MLS,GK,32.6,1350,15.0,,,,,,,,,422.6854662105844,Top Starter
Sean Johnson,DC United,us MLS,GK,37.6,2160,24.0,,,,,,,,,501.9850201573852,Top Starter
Zack Steffen,Colorado Rapids,us MLS,GK,31.8,810,9.0,,,,,,,,,464.3655969418531,Top Starter
Patrick Schulte,Columbus Crew,us MLS,GK,25.8,2250,25.0,,,,,,,,,458.5652799228364,Top Starter
Pablo Sisniega,San Diego FC,us MLS,GK,31.5,90,1.0,,,,,,,,,,
Mason Stajduhar,Real Salt Lake,us MLS,GK,29.1,90,1.0,,,,,,,,,,
Isaac Boehmer,Vancouver Whitecaps,us MLS,GK,25.1,113,1.3,,,,,,,,,,
Dayne St. Clair,Inter Miami CF,us MLS,GK,29.6,1800,20.0,,,,,,,,,451.19574154025497,Top Starter
Thomas Gillier,CF Montréal,us MLS,GK,22.6,1710,19.0,,,,,,,,,428.76985089844277,Top Starter
Alec Smir,Minnesota United,us MLS,GK,27.7,45,0.5,,,,,,,,,,
Thomas Hasal,Los Angeles FC,us MLS,GK,27.5,210,2.3,,,,,,,,,,
Evan Louro,FC Cincinnati,us MLS,GK,31.0,180,2.0,,,,,,,,,,
Novak Mićović,LA Galaxy,us MLS,GK,25.2,558,6.2,,,,,,,,,298.2628537629408,Solid Squad Player
John Pulskamp,Sporting Kansas City,us MLS,GK,25.7,810,9.0,,,,,,,,,420.96317385368354,Top Starter
Benjamin Lundt,St.Louis City,us MLS,GK,,180,2.0,,,,,,,,,,
Javier Otero,Orlando City SC,us MLS,GK,24.1,161,1.8,,,,,,,,,,
Adam Beaudry,Colorado Rapids,us MLS,GK,20.7,180,2.0,,,,,,,,,,
Andrew Rick,Philadelphia Union,us MLS,GK,20.9,90,1.0,,,,,,,,,,
Jeisson Palacios,Nashville SC,us MLS,DF,32.8,1608,17.9,,,,,656.9407954846566,Top Starter,587.8760394429958,Top Starter,,
Neil Pierre,Philadelphia Union,us MLS,DF,19.2,840,9.3,,,,,758.6321727220626,World Class,661.1432918244916,Top Starter,,
Henry Kessler,Charlotte FC,us MLS,DF,28.5,810,9.0,,,,,443.8389782086581,Top Starter,401.92738442083566,Top Starter,,
Ralph Priso,Vancouver Whitecaps,us MLS,DF,24.4,602,6.7,,,,,415.09420461812397,Top Starter,423.47323128150816,Top Starter,,
Giovanny Sequera,Philadelphia Union,us MLS,DF,29.3,82,0.9,,,,,,,,,,
Calegari,LA Galaxy,us MLS,DF,24.8,90,1.0,,,,,,,,,,
Juan Mosquera,Portland Timbers,us MLS,DF,,74,0.8,,,,,,,,,,
Kimito Nono,DC United,us MLS,DF,24.8,493,5.5,,,,,521.5279445066969,Top Starter,527.3853964540341,Top Starter,,
Kai Wagner,Philadelphia Union,us MLS,DF,29.9,900,10.0,,,,,592.7949048962289,Top Starter,524.3550529274212,Top Starter,,
Maxwell Woledzi,Nashville SC,us MLS,DF,25.5,2171,24.1,,,,,593.684977831628,Top Starter,509.74644134149224,Top Starter,,
Aaron Long,Los Angeles FC,us MLS,DF,34.2,938,10.4,,,,,470.5311847751018,Top Starter,397.4803973578973,Solid Squad Player,,
Loïc Williams,Colorado Rapids,us MLS,DF,,900,10.0,,,,,529.3656350062022,Top Starter,512.2104660776088,Top Starter,,
Fallou Fall,St.Louis City,us MLS,DF,,331,3.7,,,,,,,,,,
Ryan Porteous,Los Angeles FC,us MLS,DF,27.8,1784,19.8,,,,,658.9762878643935,Top Starter,542.7023895144401,Top Starter,,
Mamadou Fofana,New England Revolution,us MLS,DF,28.9,2160,24.0,,,,,621.1743413587302,Top Starter,491.6534806305481,Top Starter,,
Lucas Herrington,Colorado Rapids,us MLS,DF,19.3,1531,17.0,,,,,552.9486781097257,Top Starter,541.9541542357306,Top Starter,,
Justin Che,New York Red Bulls,us MLS,DF,23.1,1361,15.1,,,,,687.1264320464412,Top Starter,603.3497697288086,Top Starter,,
Luca Bombino,San Diego FC,us MLS,DF,20.5,1172,13.0,,,,,642.7218543645598,Top Starter,652.430102525671,Top Starter,,
Lucas Halter,Houston Dynamo,us MLS,DF,26.7,1116,12.4,,,,,578.3058923050044,Top Starter,421.609277456582,Top Starter,,
Andy Najar,Nashville SC,us MLS,DF,33.8,1462,16.2,,,,,569.8077031547472,Top Starter,571.5462827665642,Top Starter,,
Mbekezeli Mbokazi,Chicago Fire,us MLS,DF,21.3,1050,11.7,,,,,630.3051916308573,Top Starter,486.80802683970995,Top Starter,,
Édier Ocampo,Vancouver Whitecaps,us MLS,DF,23.2,1767,19.6,,,,,604.8682136089095,Top Starter,584.1997910401059,Top Starter,,
Julián Bazán,New York Red Bulls,us MLS,DF,21.1,836,9.3,,,,,822.8151742535066,World Class,764.9255145831759,World Class,,
Manu Duah,San Diego FC,us MLS,DF,21.6,2101,23.3,,,,,607.4110414928105,Top Starter,536.1430123927712,Top Starter,,
Tristan Blackmon,Vancouver Whitecaps,us MLS,DF,30.4,2004,22.3,,,,,505.2916472557752,Top Starter,470.11257444377935,Top Starter,,
Mathías Laborda,Vancouver Whitecaps,us MLS,DF,27.3,1956,21.7,,,,,613.8223707222355,Top Starter,622.5974423617542,Top Starter,,
Finn Surman,Portland Timbers,us MLS,DF,23.3,2205,24.5,,,,,617.104978497509,Top Starter,524.8691430694437,Top Starter,,
Frankie Westfield,Philadelphia Union,us MLS,DF,21.1,1793,19.9,,,,,724.2507165705276,Top Starter,722.7614921919248,Top Starter,,
Tate Johnson,Vancouver Whitecaps,us MLS,DF,21.5,1842,20.5,,,,,522.6056948573745,Top Starter,473.11767417022696,Top Starter,,
Jackson Ragen,Seattle Sounders FC,us MLS,DF,28.3,1397,15.5,,,,,548.382476137233,Top Starter,518.7155721273422,Top Starter,,
Lukas Engel,Real Salt Lake,us MLS,DF,28.0,1141,12.7,,,,,527.9921652728141,Top Starter,469.29934217000016,Top Starter,,
Tim Ream,Charlotte FC,us MLS,DF,39.2,1575,17.5,,,,,418.31812877185666,Top Starter,305.9714223806514,Solid Squad Player,,
Alex Roldán,Seattle Sounders FC,us MLS,DF,30.4,1199,13.3,,,,,686.5212112631086,Top Starter,616.2227457419082,Top Starter,,
Jakob Glesnes,LA Galaxy,us MLS,DF,32.8,1665,18.5,,,,,528.5886640356761,Top Starter,420.73434964867863,Top Starter,,
Agustin Resch,Houston Dynamo,us MLS,DF,24.8,1674,18.6,,,,,668.4383322911602,Top Starter,530.7134645368617,Top Starter,,
Joshua Wynder,New England Revolution,us MLS,DF,21.7,21,0.2,,,,,,,,,,
Gallatin Sandnes,Seattle Sounders FC,us MLS,DF,,31,0.3,,,,,,,,,,
Jack Maher,Nashville SC,us MLS,DF,27.2,730,8.1,,,,,478.62237721816894,Top Starter,375.2577749649805,Solid Squad Player,,
Anthony Markanich,Minnesota United,us MLS,DF,,2053,22.8,,,,,613.3045428540573,Top Starter,685.9461620775899,Top Starter,,
Paulo Díaz,Atlanta United,us MLS,DF,32.4,342,3.8,,,,,,,,,,
Morrison Agyemang,Charlotte FC,us MLS,DF,22.0,1590,17.7,,,,,622.7561151934525,Top Starter,536.588015134425,Top Starter,,
Kye Rowles,DC United,us MLS,DF,28.5,1610,17.9,,,,,641.9289713529155,Top Starter,538.1446010221023,Top Starter,,
Brayan Ceballos,CF Montréal,us MLS,DF,25.6,921,10.2,,,,,630.8079512236424,Top Starter,590.5688675727102,Top Starter,,
Franco Negri,Houston Dynamo,us MLS,DF,31.9,631,7.0,,,,,506.3365077468334,Top Starter,406.1316189242294,Top Starter,,
Ethan Kohler,New England Revolution,us MLS,DF,21.6,1798,20.0,,,,,478.43881328032984,Top Starter,418.35332649280707,Top Starter,,
Maya Yoshida,LA Galaxy,us MLS,DF,38.4,1036,11.5,,,,,537.6818582154102,Top Starter,482.74610316831945,Top Starter,,
Brendan Hines-Ike,Austin FC,us MLS,DF,32.1,1394,15.5,,,,,423.6223718707849,Top Starter,342.1655619511987,Solid Squad Player,,
Miguel Navarro,Colorado Rapids,us MLS,DF,27.8,1375,15.3,,,,,563.5546474287239,Top Starter,507.57062213721656,Top Starter,,
Timo Baumgartl,St.Louis City,us MLS,DF,30.8,2250,25.0,,,,,538.1068544030012,Top Starter,466.13579506434195,Top Starter,,
Nkosi Tafari,Los Angeles FC,us MLS,DF,29.8,1722,19.1,,,,,461.25854564493335,Top Starter,402.09340926317196,Top Starter,,
Thiago Martins,New York City FC,us MLS,DF,31.8,1852,20.6,,,,,462.2219514745824,Top Starter,442.0268084889598,Top Starter,,
Mitja Ilenič,New York City FC,us MLS,DF,22.0,241,2.7,,,,,,,,,,
Micael,Inter Miami CF,us MLS,DF,,1530,17.0,,,,,622.8181396963789,Top Starter,539.4051603667933,Top Starter,,
Daniel Munie,San Jose Earthquakes,us MLS,DF,26.9,2070,23.0,,,,,437.48475917257457,Top Starter,427.49053060186213,Top Starter,,
Peyton Miller,New England Revolution,us MLS,DF,19.1,1612,17.9,,,,,385.2233025498701,Solid Squad Player,422.37135708265333,Top Starter,,
Nouhou Tolo,Seattle Sounders FC,us MLS,DF,29.5,1980,22.0,,,,,615.0079780077378,Top Starter,559.4594235730282,Top Starter,,
Richie Laryea,Toronto FC,us MLS,DF,32.0,1800,20.0,,,,,491.439680554868,Top Starter,424.04018292719377,Top Starter,,
Ilay Feingold,New England Revolution,us MLS,DF,22.4,714,7.9,,,,,564.7413893722494,Top Starter,449.3605537679369,Top Starter,,
Justen Glad,Real Salt Lake,us MLS,DF,29.8,1051,11.7,,,,,489.19468189665423,Top Starter,452.474646942063,Top Starter,,
Richard Chukwu,Toronto FC,us MLS,DF,,71,0.8,,,,,,,,,,
Yeimar Gómez,Seattle Sounders FC,us MLS,DF,34.5,171,1.9,,,,,,,,,,
Raul Gustavo,New York City FC,us MLS,DF,27.7,1282,14.2,,,,,659.971698120401,Top Starter,532.7456147408923,Top Starter,,
Antônio Carlos,Houston Dynamo,us MLS,DF,33.8,1217,13.5,,,,,586.8679157700304,Top Starter,449.47092070237005,Top Starter,,
Will Cleary,Charlotte FC,us MLS,DF,23.9,669,7.4,,,,,309.7060736679636,Solid Squad Player,313.04271642464533,Solid Squad Player,,
Nicolás Romero,Minnesota United,us MLS,DF,23.1,719,8.0,,,,,550.8778383521964,Top Starter,487.7875099477872,Top Starter,,
Osaze Urhoghide,FC Dallas,us MLS,DF,26.5,1799,20.0,,,,,759.2139384461711,World Class,702.6150273627289,Top Starter,,
Christopher McVey,San Diego FC,us MLS,DF,29.7,1479,16.4,,,,,536.7535072538823,Top Starter,526.4791951892039,Top Starter,,
Ryan Hollingshead,Los Angeles FC,us MLS,DF,35.7,1503,16.7,,,,,597.6559320685727,Top Starter,576.7683036999011,Top Starter,,
Tayvon Gray,New York City FC,us MLS,DF,24.4,1887,21.0,,,,,645.4293474613079,Top Starter,551.8912996113596,Top Starter,,
Jalen Neal,CF Montréal,us MLS,DF,23.4,1035,11.5,,,,,551.978314642399,Top Starter,443.6385329493429,Top Starter,,
Walker Zimmerman,Toronto FC,us MLS,DF,33.6,1691,18.8,,,,,738.7941687374641,Top Starter,626.7663221990985,Top Starter,,
Jack Elliott,Chicago Fire,us MLS,DF,31.4,1840,20.4,,,,,480.7285290989346,Top Starter,461.13250540413264,Top Starter,,
Reid Roberts,San Jose Earthquakes,us MLS,DF,23.1,1935,21.5,,,,,590.7202799437101,Top Starter,537.4678394760062,Top Starter,,
Teenage Hadebe,FC Cincinnati,us MLS,DF,31.3,356,4.0,,,,,,,,,,
Nathan Harriel,Philadelphia Union,us MLS,DF,25.7,2231,24.8,,,,,740.7536572635589,Top Starter,753.5132589264067,World Class,,
Devin Padelford,New York Red Bulls,us MLS,DF,24.0,703,7.8,,,,,591.1586361811231,Top Starter,703.2256563874148,Top Starter,,
Sam Adekugbe,Vancouver Whitecaps,us MLS,DF,32.0,43,0.5,,,,,,,,,,
Júnior Alonso,Atlanta United,us MLS,DF,33.9,866,9.6,,,,,561.4286441112654,Top Starter,478.727935488417,Top Starter,,
Reggie Cannon,Colorado Rapids,us MLS,DF,28.6,992,11.0,,,,,494.71371569206775,Top Starter,400.5516111621233,Top Starter,,
Mikkel Desler,Austin FC,us MLS,DF,31.9,908,10.1,,,,,614.8209568292618,Top Starter,567.9389872166662,Top Starter,,
Eddie Segura,Los Angeles FC,us MLS,DF,29.9,1870,20.8,,,,,510.31062265624377,Top Starter,499.82222237528276,Top Starter,,
Harry Toffolo,Charlotte FC,us MLS,DF,31.4,1019,11.3,,,,,580.6539546876402,Top Starter,521.5099809768392,Top Starter,,
Kalani Kossa-Rienzi,Seattle Sounders FC,us MLS,DF,24.5,1485,16.5,,,,,587.5978555046172,Top Starter,550.7679933689705,Top Starter,,
Jefferson Díaz,Minnesota United,us MLS,DF,26.1,1822,20.2,,,,,597.4418410367218,Top Starter,617.7508357741592,Top Starter,,
Ryan Sailor,Seattle Sounders FC,us MLS,DF,28.1,90,1.0,,,,,,,,,,
Owen Presthus,Columbus Crew,us MLS,DF,20.9,60,0.7,,,,,,,,,,
Willy Kumado,San Diego FC,us MLS,DF,24.2,22,0.2,,,,,,,,,,
Henry Wingo,Toronto FC,us MLS,DF,31.2,12,0.1,,,,,,,,,,
Kamal Miller,Portland Timbers,us MLS,DF,29.6,1469,16.3,,,,,572.9060973095732,Top Starter,484.15835609097746,Top Starter,,
Stuart Hawkins,Seattle Sounders FC,us MLS,DF,20.3,657,7.3,,,,,611.2470312959979,Top Starter,519.7125336545274,Top Starter,,
Joel Waterman,Portland Timbers,us MLS,DF,30.9,1192,13.2,,,,,523.2180100728878,Top Starter,505.04649563654965,Top Starter,,
Sean Zawadzki,Columbus Crew,us MLS,DF,26.7,2250,25.0,,,,,623.922220940165,Top Starter,558.4227251923284,Top Starter,,
Keegan Rosenberry,Colorado Rapids,us MLS,DF,33.1,536,6.0,,,,,614.2025756870944,Top Starter,601.6957555779895,Top Starter,,
Yevhen Cheberko,Los Angeles FC,us MLS,DF,28.9,1035,11.5,,,,,717.0631740108898,Top Starter,635.4573581606143,Top Starter,,
Reed Baker-Whiting,Nashville SC,us MLS,DF,21.8,974,10.8,,,,,509.67983677644935,Top Starter,461.3717882662439,Top Starter,,
Josh Bauer,Nashville SC,us MLS,DF,28.4,549,6.1,,,,,595.9061159168102,Top Starter,513.6670075543095,Top Starter,,
Lukas MacNaughton,St.Louis City,us MLS,DF,31.8,1095,12.2,,,,,697.7580208382324,Top Starter,727.9364072265876,Top Starter,,
Jamar Ricketts,San Jose Earthquakes,us MLS,DF,25.2,1507,16.7,,,,,591.673907869809,Top Starter,566.9271671755515,Top Starter,,
Dave Romney,San Jose Earthquakes,us MLS,DF,33.6,781,8.7,,,,,472.3916029808277,Top Starter,410.0474952815917,Top Starter,,
Kieran Sargeant,San Diego FC,us MLS,DF,23.6,1049,11.7,,,,,482.7336270079455,Top Starter,452.93890923612815,Top Starter,,
Daniel Lovitz,Nashville SC,us MLS,DF,35.3,1619,18.0,,,,,523.0597734511822,Top Starter,430.4088758693056,Top Starter,,
Lucas Bartlett,DC United,us MLS,DF,29.4,2067,23.0,,,,,557.3422769704376,Top Starter,566.7628745774443,Top Starter,,
Dylan Nealis,New York Red Bulls,us MLS,DF,28.4,1786,19.8,,,,,586.5814148481971,Top Starter,625.9136870668721,Top Starter,,
Justin Haak,LA Galaxy,us MLS,DF,25.3,2079,23.1,,,,,571.9947128902585,Top Starter,492.6117745423945,Top Starter,,
Stian Rode Gregersen,Atlanta United,us MLS,DF,31.6,952,10.6,,,,,657.3785002339035,Top Starter,553.4079652721372,Top Starter,,
Efraín Morales,CF Montréal,us MLS,DF,22.8,1177,13.1,,,,,694.9856976890131,Top Starter,606.2734094528098,Top Starter,,
Kobi Henry,Real Salt Lake,us MLS,DF,22.7,303,3.4,,,,,,,,,,
Marcelo Saracchi,Houston Dynamo,us MLS,DF,28.7,60,0.7,,,,,,,,,,
Max Floriani,San Jose Earthquakes,us MLS,DF,23.9,408,4.5,,,,,,,,,,
Jaziel Orozco,St.Louis City,us MLS,DF,22.6,1166,13.0,,,,,678.8472182632579,Top Starter,575.4985072833182,Top Starter,,
Shaq Moore,FC Dallas,us MLS,DF,30.2,2106,23.4,,,,,547.1520542298551,Top Starter,470.08331457312136,Top Starter,,
Rudy Camacho,Columbus Crew,us MLS,DF,35.8,1551,17.2,,,,,513.1079350580113,Top Starter,495.4274572197512,Top Starter,,
Miles Robinson,FC Cincinnati,us MLS,DF,29.8,1390,15.4,,,,,541.3786799866093,Top Starter,522.6852368051998,Top Starter,,
Guilherme Biro,Austin FC,us MLS,DF,26.7,1691,18.8,,,,,634.3542402405234,Top Starter,578.2816411253943,Top Starter,,
Ezequiel Abadia-Reda,Inter Miami CF,us MLS,DF,20.9,48,0.5,,,,,,,,,,
Pedro Amador,Atlanta United,us MLS,DF,28.0,246,2.7,,,,,,,,,,
Kim Kee-hee,Seattle Sounders FC,us MLS,DF,37.5,345,3.8,,,,,,,,,,
Philip Quinton,Real Salt Lake,us MLS,DF,27.1,1425,15.8,,,,,498.8230699612722,Top Starter,471.7918827078675,Top Starter,,
Nolan Norris,FC Dallas,us MLS,DF,21.9,1497,16.6,,,,,732.1590922477828,Top Starter,601.6827109819875,Top Starter,,
Morris Duggan,Minnesota United,us MLS,DF,26.2,2160,24.0,,,,,628.02545219169,Top Starter,576.35796725314,Top Starter,,
Sam Junqua,Real Salt Lake,us MLS,DF,30.1,958,10.6,,,,,508.08544080148096,Top Starter,413.7047781211146,Top Starter,,
Ian Smith,Portland Timbers,us MLS,DF,,488,5.4,,,,,833.360634774849,World Class,786.65889734777,World Class,,
Silvan Hefti,DC United,us MLS,DF,29.2,1905,21.2,,,,,631.8349655071443,Top Starter,534.3862813865167,Top Starter,,
Julián Aude,LA Galaxy,us MLS,DF,23.8,1000,11.1,,,,,615.0638118912516,Top Starter,540.6389088834608,Top Starter,,
Noah Allen,Chicago Fire,us MLS,DF,22.7,1278,14.2,,,,,546.8633424432646,Top Starter,429.7773372571321,Top Starter,,
Japhet Sery Larsen,Philadelphia Union,us MLS,DF,26.7,798,8.9,,,,,658.7654253086314,Top Starter,521.7855941495785,Top Starter,,
Nick Hagglund,FC Cincinnati,us MLS,DF,34.3,978,10.9,,,,,459.50377050344514,Top Starter,477.573523371376,Top Starter,,
Enea Mihaj,Atlanta United,us MLS,DF,28.5,1398,15.5,,,,,590.6173850398569,Top Starter,516.5277584897922,Top Starter,,
Tomás Jacob,Atlanta United,us MLS,DF,22.7,1907,21.2,,,,,632.1954688329519,Top Starter,542.1410890917527,Top Starter,,
Robin Jansson,Orlando City SC,us MLS,DF,35.1,1563,17.4,,,,,344.6816239950691,Solid Squad Player,243.98306270833473,Solid Squad Player,,
Sebastien Ibeagha,FC Dallas,us MLS,DF,34.9,1592,17.7,,,,,590.3942662574099,Top Starter,440.8643174115202,Top Starter,,
Kenny Nielsen,Los Angeles FC,us MLS,DF,24.9,255,2.8,,,,,,,,,,
Tanner Beason,New England Revolution,us MLS,DF,29.8,68,0.8,,,,,,,,,,
Sean Nealis,DC United,us MLS,DF,30.0,310,3.4,,,,,,,,,,
Nico Cavallo,New York City FC,us MLS,DF,25.0,1056,11.7,,,,,659.8533008965182,Top Starter,511.78938590797304,Top Starter,,
Rob Holding,Colorado Rapids,us MLS,DF,31.3,1710,19.0,,,,,650.1829663016738,Top Starter,554.4460731405919,Top Starter,,
David Schnegg,Charlotte FC,us MLS,DF,28.3,1075,11.9,,,,,532.6890879498742,Top Starter,481.0255497372931,Top Starter,,
David Brekalo,Orlando City SC,us MLS,DF,28.1,1675,18.6,,,,,452.72362793162466,Top Starter,383.05538337864914,Solid Squad Player,,
Juan Berrocal,Atlanta United,us MLS,DF,27.9,731,8.1,,,,,654.5133204426039,Top Starter,596.128770546468,Top Starter,,
Bernardo Rhein,Orlando City SC,us MLS,DF,,314,3.5,,,,,,,,,,
Antino Lopez,Seattle Sounders FC,us MLS,DF,24.6,737,8.2,,,,,436.8894631097444,Top Starter,360.7539894372391,Solid Squad Player,,
Adrián Marín,Orlando City SC,us MLS,DF,30.0,1171,13.0,,,,,537.3425488080834,Top Starter,428.22856034326423,Top Starter,,
Maximiliano Falcón,Inter Miami CF,us MLS,DF,29.7,1362,15.1,,,,,527.8915657092273,Top Starter,452.06356960579313,Top Starter,,
Keisuke Kurokawa,DC United,us MLS,DF,29.7,2148,23.9,,,,,513.2890768169941,Top Starter,418.83688356889263,Top Starter,,
Andrew Gutman,Chicago Fire,us MLS,DF,30.2,1451,16.1,,,,,531.9574015371396,Top Starter,474.78326459213235,Top Starter,,
Oleksandr Svatok,Austin FC,us MLS,DF,32.3,1687,18.7,,,,,512.4978572719052,Top Starter,364.6889541184944,Solid Squad Player,,
Sergi Palencia,Los Angeles FC,us MLS,DF,30.8,693,7.7,,,,,443.9101305323173,Top Starter,405.21249582159027,Top Starter,,
Benjamin Kikanović,San Jose Earthquakes,us MLS,DF,20.6,1610,17.9,,,,,558.1247522876151,Top Starter,573.9276388329033,Top Starter,,
Cody Baker,New England Revolution,us MLS,DF,23.0,205,2.3,,,,,,,,,,
Emir Karic,Sporting Kansas City,us MLS,DF,29.6,810,9.0,,,,,577.587877850428,Top Starter,426.7258558969133,Top Starter,,
Nickseon Gomis,Toronto FC,us MLS,DF,,145,1.6,,,,,,,,,,
Andrei Chirila,FC Cincinnati,us MLS,DF,18.4,673,7.5,,,,,503.10201994950074,Top Starter,419.28773022447484,Top Starter,,
Felipe Andrade,Houston Dynamo,us MLS,DF,24.6,1633,18.1,,,,,525.0634726695264,Top Starter,472.6155847276562,Top Starter,,
Gonzalo Luján,Inter Miami CF,us MLS,DF,25.7,1061,11.8,,,,,580.7657380087203,Top Starter,532.6915105731248,Top Starter,,
Žan Kolmanič,Austin FC,us MLS,DF,26.8,506,5.6,,,,,362.40066562913273,Solid Squad Player,345.68168554282295,Solid Squad Player,,
Ranko Veselinović,Vancouver Whitecaps,us MLS,DF,27.8,54,0.6,,,,,,,,,,
Dylan Borso,Chicago Fire,us MLS,DF,20.6,105,1.2,,,,,,,,,,
Jonathan Bell,Austin FC,us MLS,DF,40.8,1075,11.9,,,,,577.8825336940718,Top Starter,395.9026510274312,Solid Squad Player,,
Zakaria Taifi,Orlando City SC,us MLS,DF,21.3,705,7.8,,,,,607.2017709513597,Top Starter,429.4595399409235,Top Starter,,
Olwethu Makhanya,Philadelphia Union,us MLS,DF,22.7,1170,13.0,,,,,682.1826936361587,Top Starter,721.266976704512,Top Starter,,
Jackson Gilman,Toronto FC,us MLS,DF,22.7,823,9.1,,,,,480.8780079642077,Top Starter,478.8780241764205,Top Starter,,
Jímer Fory,Portland Timbers,us MLS,DF,24.6,1921,21.3,,,,,670.2035411063634,Top Starter,696.9436351746531,Top Starter,,
Benjamin Kuscevic,Toronto FC,us MLS,DF,30.7,1052,11.7,,,,,529.0833678709981,Top Starter,428.8663976301617,Top Starter,,
Brayan Vera,CF Montréal,us MLS,DF,28.0,1859,20.7,,,,,595.9126075687406,Top Starter,462.5585986439838,Top Starter,,
Brandan Craig,CF Montréal,us MLS,DF,22.7,524,5.8,,,,,527.7106339389392,Top Starter,428.6284031497999,Top Starter,,
DeAndre Yedlin,Real Salt Lake,us MLS,MF,33.5,1246,13.8,,,359.21759565151723,Solid Squad Player,,,501.1718373855594,Top Starter,,
Harbor Miller,LA Galaxy,us MLS,DF,19.5,1392,15.5,,,,,620.8872027393347,Top Starter,550.7229307893285,Top Starter,,
Leonardo Barroso,Chicago Fire,us MLS,DF,21.6,867,9.6,,,,,514.730156503883,Top Starter,416.98884447080724,Top Starter,,
Cesar Ruvalcaba,Columbus Crew,us MLS,DF,25.5,343,3.8,,,,,,,,,,
Malte Amundsen,Columbus Crew,us MLS,DF,28.9,1630,18.1,,,,,600.9418202127821,Top Starter,536.6635719336875,Top Starter,,
Nikola Markovic,DC United,us MLS,DF,22.4,377,4.2,,,,,,,,,,
Samuel Rogers,Chicago Fire,us MLS,DF,,450,5.0,,,,,446.3669572818273,Top Starter,415.2743262869411,Top Starter,,
Griffin Dorsey,Orlando City SC,us MLS,DF,27.8,1692,18.8,,,,,543.9714534916131,Top Starter,468.32903095288833,Top Starter,,
Juan Mina,New York Red Bulls,us MLS,DF,22.4,183,2.0,,,,,,,,,,
Ian Murphy,San Diego FC,us MLS,DF,27.0,513,5.7,,,,,385.2401971711291,Solid Squad Player,297.1779623046448,Solid Squad Player,,
William Sands,New England Revolution,us MLS,DF,,2168,24.1,,,,,559.7795244199745,Top Starter,483.33155139243,Top Starter,,
Brandon Bye,Portland Timbers,us MLS,DF,31.1,1698,18.9,,,,,526.5368570456285,Top Starter,603.6600931145394,Top Starter,,
Justin Reynolds,Sporting Kansas City,us MLS,DF,22.4,602,6.7,,,,,716.3692916609755,Top Starter,653.6712145994861,Top Starter,,
Raheem Edwards,Toronto FC,us MLS,DF,,756,8.4,,,,,758.7030442554976,World Class,708.465176433002,Top Starter,,
Jahkeele Marshall-Rutty,New York Red Bulls,us MLS,DF,22.5,1409,15.7,,,,,552.9583739504902,Top Starter,548.8414046779235,Top Starter,,
Alex Bonetig,Portland Timbers,us MLS,DF,24.4,650,7.2,,,,,460.6569280551079,Top Starter,339.52776304639633,Solid Squad Player,,
Finn Sundstrom,Philadelphia Union,us MLS,DF,20.1,61,0.7,,,,,,,,,,
Conner Antley,DC United,us MLS,DF,31.8,35,0.4,,,,,,,,,,
Aaron Herrera,DC United,us MLS,DF,29.6,385,4.3,,,,,,,,,,
Alexandros Katranis,Real Salt Lake,us MLS,DF,28.7,717,8.0,,,,,409.429837320224,Top Starter,328.06261802884177,Solid Squad Player,,
Artem Smoliakov,Los Angeles FC,us MLS,DF,23.6,175,1.9,,,,,,,,,,
Mauricio Cuevas,LA Galaxy,us MLS,DF,23.9,721,8.0,,,,,416.5537035650507,Top Starter,383.6255437197143,Solid Squad Player,,
Nikola Djordjevic,Vancouver Whitecaps,us MLS,DF,24.1,112,1.2,,,,,,,,,,
Sebastian Schonlau,Vancouver Whitecaps,us MLS,DF,32.4,25,0.3,,,,,,,,,,
Tim Parker,New York Red Bulls,us MLS,DF,33.9,532,5.9,,,,,484.05528896432327,Top Starter,420.70566631732,Top Starter,,
Nathan Byrne,Charlotte FC,us MLS,DF,34.6,1699,18.9,,,,,373.83815243564163,Solid Squad Player,307.7470158728158,Solid Squad Player,,
Steven Moreira,Columbus Crew,us MLS,DF,32.4,1877,20.9,,,,,379.350222851828,Solid Squad Player,371.0160470155417,Solid Squad Player,,
Zane Monlouis,Toronto FC,us MLS,DF,23.2,1062,11.8,,,,,468.0239215966241,Top Starter,376.90674911611865,Solid Squad Player,,
Iago Silva,Orlando City SC,us MLS,DF,29.8,1128,12.5,,,,,491.37816863640376,Top Starter,471.68578543432704,Top Starter,,
Ian Fray,Inter Miami CF,us MLS,DF,24.3,1427,15.9,,,,,551.1509632651413,Top Starter,474.1450598239638,Top Starter,,
Ethan Bartlow,Sporting Kansas City,us MLS,DF,26.9,788,8.8,,,,,413.4123301554696,Top Starter,378.29377918645594,Solid Squad Player,,
Viktor Radojević,CF Montréal,us MLS,DF,22.5,388,4.3,,,,,,,,,,
Julian Gressel,Minnesota United,us MLS,MF,33.0,60,0.7,,,,,,,,,,
Wyatt Meyer,Sporting Kansas City,us MLS,DF,26.0,1380,15.3,,,,,603.2268846586693,Top Starter,524.5394660283757,Top Starter,,
Kobe Franklin,Toronto FC,us MLS,DF,23.6,1156,12.8,,,,,587.7429386860883,Top Starter,484.9000714583615,Top Starter,,
Kosi Thompson,Colorado Rapids,us MLS,DF,23.9,976,10.8,,,,,449.3348665307582,Top Starter,408.4404305978268,Top Starter,,
Luca Petrasso,CF Montréal,us MLS,DF,26.5,1995,22.2,,,,,405.7247159132157,Top Starter,424.5963714104749,Top Starter,,
Ayoub Lajhar,FC Cincinnati,us MLS,DF,22.5,47,0.5,,,,,,,,,,
Miki Yamane,LA Galaxy,us MLS,DF,33.0,972,10.8,,,,,681.3233017736534,Top Starter,583.6637074748201,Top Starter,,
Moises Mosquera,Sporting Kansas City,us MLS,DF,25.6,536,6.0,,,,,714.5173686600585,Top Starter,651.3491508181182,Top Starter,,
Noah Cobb,Colorado Rapids,us MLS,DF,21.5,441,4.9,,,,,,,,,,
Jordan Knight,Nashville SC,us MLS,DF,24.6,44,0.5,,,,,,,,,,
Mihail Gherasimencov,Vancouver Whitecaps,us MLS,DF,21.8,355,3.9,,,,,,,,,,
Carlos Garcés,LA Galaxy,us MLS,DF,25.2,822,9.1,,,,,763.3100077051502,World Class,645.8177839246009,Top Starter,,
Matthew Edwards,Atlanta United,us MLS,DF,23.9,691,7.7,,,,,592.8424051443868,Top Starter,491.0280771526994,Top Starter,,
Ronald Hernández,Portland Timbers,us MLS,DF,29.3,362,4.0,,,,,,,,,,
Gilberto Flores,FC Cincinnati,us MLS,DF,23.8,303,3.4,,,,,,,,,,
Mateja Đorđević,Austin FC,us MLS,DF,24.0,279,3.1,,,,,,,,,,
Facundo Mura,Inter Miami CF,us MLS,DF,27.8,1144,12.7,,,,,389.4071765612375,Solid Squad Player,335.33158543827943,Solid Squad Player,,
Kyle Smith,FC Cincinnati,us MLS,DF,35.0,1021,11.3,,,,,543.8509645115585,Top Starter,418.99893524802326,Top Starter,,
Matt Miazga,FC Cincinnati,us MLS,DF,31.5,972,10.8,,,,,442.3032155484823,Top Starter,333.66422715024765,Solid Squad Player,,
Jon Gallagher,Austin FC,us MLS,DF,30.9,1854,20.6,,,,,361.41469201595027,Solid Squad Player,271.32283472318295,Solid Squad Player,,
Olivier Mbaizo,Philadelphia Union,us MLS,DF,29.4,59,0.7,,,,,,,,,,
Chris Rindov,LA Galaxy,us MLS,DF,25.2,9,0.1,,,,,,,,,,
Christopher Cupps,Chicago Fire,us MLS,DF,18.6,42,0.5,,,,,,,,,,
Jansen Miller,Sporting Kansas City,us MLS,DF,24.9,620,6.9,,,,,503.94534372541284,Top Starter,451.07627833533957,Top Starter,,
Andrew Privett,Charlotte FC,us MLS,DF,26.4,569,6.3,,,,,356.0509262512763,Solid Squad Player,345.620886660236,Solid Squad Player,,
Tomás Avilés,CF Montréal,us MLS,DF,22.9,221,2.5,,,,,,,,,,
Jonathan Dean,Chicago Fire,us MLS,DF,29.6,1321,14.7,,,,,587.8746549076074,Top Starter,484.2636092551096,Top Starter,,
Matthew Dos Santos,New York Red Bulls,us MLS,DF,18.6,1569,17.4,,,,,550.2214609021327,Top Starter,499.550993166727,Top Starter,,
Lazar Stefanovic,Toronto FC,us MLS,DF,20.4,193,2.1,,,,,,,,,,
Strahinja Tanasijević,New York City FC,us MLS,DF,29.6,93,1.0,,,,,,,,,,
Andrew Baiera,New York City FC,us MLS,DF,25.5,40,0.4,,,,,,,,,,
Dawid Bugaj,CF Montréal,us MLS,DF,22.5,1438,16.0,,,,,611.2085194426949,Top Starter,494.3258489058921,Top Starter,,
Jack Jasinski,San Jose Earthquakes,us MLS,DF,23.1,702,7.8,,,,,500.2471045083323,Top Starter,416.85967569809196,Top Starter,,
Sergio Reguilón,Inter Miami CF,us MLS,DF,30.0,713,7.9,,,,,429.3009554075546,Top Starter,417.9966433984244,Top Starter,,
Elías Báez,Atlanta United,us MLS,DF,22.2,1934,21.5,,,,,539.2301088317274,Top Starter,539.8135504843864,Top Starter,,
Jackson Travis,Colorado Rapids,us MLS,DF,22.9,813,9.0,,,,,591.0930855626566,Top Starter,529.1181586853539,Top Starter,,
Micah Chisholm,Toronto FC,us MLS,DF,,65,0.7,,,,,,,,,,
Jayden Reid,Sporting Kansas City,us MLS,DF,,1052,11.7,,,,,607.137820199547,Top Starter,576.9545890626247,Top Starter,,
Ian Pilcher,San Diego FC,us MLS,DF,23.8,180,2.0,,,,,,,,,,
Michael Boxall,Minnesota United,us MLS,DF,38.4,1297,14.4,,,,,452.63541703578045,Top Starter,392.81043172800355,Solid Squad Player,,
Erik Sviatchenko,Houston Dynamo,us MLS,DF,35.2,634,7.0,,,,,527.4655412334566,Top Starter,499.1511331419617,Top Starter,,
Geiner Martínez,Philadelphia Union,us MLS,DF,24.0,465,5.2,,,,,700.2596668592391,Top Starter,553.9012620458091,Top Starter,,
Alvas Powell,FC Cincinnati,us MLS,DF,32.5,247,2.7,,,,,,,,,,
John Nelson,LA Galaxy,us MLS,DF,28.5,1334,14.8,,,,,439.8521103837699,Top Starter,386.11368903340326,Solid Squad Player,,
Juan Jose Arias,Real Salt Lake,us MLS,DF,23.0,545,6.1,,,,,480.53113580989856,Top Starter,506.7092394678599,Top Starter,,
Wilson Eisner,San Diego FC,us MLS,DF,24.7,125,1.4,,,,,,,,,,
Sam Vines,San Diego FC,us MLS,DF,27.6,83,0.9,,,,,,,,,,
Diego Borges,Sporting Kansas City,us MLS,DF,22.0,205,2.3,,,,,,,,,,
Omar Valencia,New York Red Bulls,us MLS,DF,22.6,370,4.1,,,,,,,,,,
Brooks Lennon,Columbus Crew,us MLS,DF,29.3,399,4.4,,,,,,,,,,
Kevin O'Toole,New York City FC,us MLS,DF,28.0,1245,13.8,,,,,442.1335726915437,Top Starter,426.8742916431466,Top Starter,,
Eric Miller,Portland Timbers,us MLS,DF,34.0,347,3.9,,,,,,,,,,
Robert Voloder,New York Red Bulls,us MLS,DF,25.6,710,7.9,,,,,675.2360553931494,Top Starter,573.3284140745835,Top Starter,,
Ian James,Sporting Kansas City,us MLS,DF,18.6,877,9.7,,,,,504.54199841045926,Top Starter,398.24850558335567,Solid Squad Player,,
Oscar Verhoeven,San Diego FC,us MLS,DF,20.6,1619,18.0,,,,,346.37712593289365,Solid Squad Player,363.0209062316421,Solid Squad Player,,
Or Blorian,Sporting Kansas City,us MLS,DF,26.8,566,6.3,,,,,463.68978582715954,Top Starter,327.0618760442609,Solid Squad Player,,
Mamadou Mbacke,St.Louis City,us MLS,DF,24.1,43,0.5,,,,,,,,,,
D.J. Taylor,Minnesota United,us MLS,DF,29.3,132,1.5,,,,,,,,,,
Max Murray,New York City FC,us MLS,DF,24.7,168,1.9,,,,,,,,,,
Osvald Soe,San Diego FC,us MLS,DF,21.2,419,4.7,,,,,,,,,,
Philippe Ndinga,Philadelphia Union,us MLS,DF,21.6,238,2.6,,,,,,,,,,
Bode Hidalgo,CF Montréal,us MLS,DF,24.9,254,2.8,,,,,,,,,,
Fricio Caicedo,Inter Miami CF,us MLS,DF,,348,3.9,,,,,,,,,,
Tahir Reid-Brown,St.Louis City,us MLS,DF,20.5,237,2.6,,,,,,,,,,
Lalas Abubakar,FC Dallas,us MLS,DF,32.0,247,2.7,,,,,,,,,,
Eric Bailly,Columbus Crew,us MLS,DF,32.7,88,1.0,,,,,,,,,,
Yuri Aleksandr Guboglo,CF Montréal,us MLS,DF,19.8,63,0.7,,,,,,,,,,
Andrew Farrell,New England Revolution,us MLS,DF,34.7,90,1.0,,,,,,,,,,
Nolan Miller,Orlando City SC,us MLS,DF,22.4,329,3.7,,,,,,,,,,
Joyeux Masanka Bungi,New York Red Bulls,us MLS,DF,19.9,90,1.0,,,,,,,,,,
Keegan Hughes,New England Revolution,us MLS,DF,26.4,82,0.9,,,,,,,,,,
Joshua Torquato,FC Dallas,us MLS,DF,19.4,90,1.0,,,,,,,,,,
Nicolás Ezequiel Fernández,New York City FC,us MLS,MF,27.0,2134,23.7,,,753.0408412967547,World Class,,,578.4592074691773,Top Starter,,
Sebastian Berhalter,Vancouver Whitecaps,us MLS,MF,25.6,1124,12.5,,,863.5157162151008,World Class,,,776.341627028005,World Class,,
Guilherme,Houston Dynamo,us MLS,MF,,2035,22.6,,,811.2657311762151,World Class,,,633.5611800325678,Top Starter,,
Ignacio Gómez,Orlando City SC,us MLS,MF,30.1,13,0.1,,,,,,,,,,
Carles Gil,New England Revolution,us MLS,Off_MF,34.1,2239,24.9,509.6902508124642,Top Starter,,,,,558.52835861816,Top Starter,,
Joaquín Pereyra,Minnesota United,us MLS,MF,45.4,2177,24.2,,,804.6474863031666,World Class,,,624.109668654882,Top Starter,,
Santiago Rodríguez,Columbus Crew,us MLS,MF,,231,2.6,,,,,,,,,,
Rodrigo De Paul,Inter Miami CF,us MLS,MF,32.6,1800,20.0,,,790.6339357590786,World Class,,,579.794563783814,Top Starter,,
Ashley Westwood,Charlotte FC,us MLS,MF,36.8,1867,20.7,,,615.132227208561,Top Starter,,,384.4226136372242,Solid Squad Player,,
Casemiro,Inter Miami CF,us MLS,MF,34.9,793,8.8,,,381.64865113301994,Solid Squad Player,,,599.4476834388895,Top Starter,,
Thomas Müller,Vancouver Whitecaps,us MLS,Off_MF,37.3,1463,16.3,612.3551663580471,Top Starter,,,,,519.061784431212,Top Starter,,
Miguel Almirón,Atlanta United,us MLS,FW,32.9,1601,17.8,566.7794519182946,Top Starter,,,,,497.97173242433934,Top Starter,,
Jack McGlynn,Houston Dynamo,us MLS,MF,23.5,1373,15.3,,,722.3841278063433,Top Starter,,,445.7311833392299,Top Starter,,
Ryan Gauld,Vancouver Whitecaps,us MLS,Off_MF,31.0,654,7.3,664.293938414536,Top Starter,,,,,745.4040465265595,Top Starter,,
Jeppe Tverskov,San Diego FC,us MLS,MF,33.8,1543,17.1,,,590.5385367482677,Top Starter,,,788.363343882819,World Class,,
Diego Luna,Real Salt Lake,us MLS,MF,,1230,13.7,,,767.8663564710713,World Class,,,494.4047694803967,Top Starter,,
Zavier Gozo,Real Salt Lake,us MLS,MF,19.8,1417,15.7,,,758.0325838288941,World Class,,,603.3126128480482,Top Starter,,
Timo Werner,San Jose Earthquakes,us MLS,FW,30.8,901,10.0,611.5961077609728,Top Starter,,,,,450.4478362884078,Top Starter,,
Beau Leroux,San Jose Earthquakes,us MLS,MF,23.3,1858,20.6,,,756.1981263199469,World Class,,,735.4391068761715,Top Starter,,
Santiago Morales,Inter Miami CF,us MLS,MF,,73,0.8,,,,,,,,,,
Pep Biel,Charlotte FC,us MLS,MF,30.3,2194,24.4,,,693.5409099887415,Top Starter,,,329.79056158499975,Solid Squad Player,,
Cristian Roldán,Seattle Sounders FC,us MLS,MF,31.6,1143,12.7,,,534.9806183907089,Top Starter,,,698.1028931243869,Top Starter,,
Kristoffer Velde,Portland Timbers,us MLS,MF,27.3,2035,22.6,,,794.6036435709118,World Class,,,599.7912374369891,Top Starter,,
Quinn Sullivan,Philadelphia Union,us MLS,MF,22.8,284,3.2,,,,,,,,,,
James Rodríguez,Minnesota United,us MLS,Off_MF,35.5,194,2.2,,,,,,,,,,
Gabriel Pec,LA Galaxy,us MLS,MF,25.9,1214,13.5,,,729.5522464199274,Top Starter,,,469.46075777470895,Top Starter,,
Wilfried Zaha,Charlotte FC,us MLS,FW,34.1,1162,12.9,442.3744949646967,Top Starter,,,,,629.8327313114685,Top Starter,,
DeJuan Jones,San Jose Earthquakes,us MLS,MF,29.5,362,4.0,,,,,,,,,,
Eduard Löwen,San Jose Earthquakes,us MLS,MF,29.9,957,10.6,,,647.6524375412836,Top Starter,,,450.24070093605536,Top Starter,,
Niko Tsakiris,San Jose Earthquakes,us MLS,MF,21.5,1393,15.5,,,702.5360295691364,Top Starter,,,415.5252979939888,Top Starter,,
Andrés Cubas,Vancouver Whitecaps,us MLS,MF,30.6,1711,19.0,,,564.0169502203235,Top Starter,,,808.990241176564,World Class,,
Facundo Torres,Austin FC,us MLS,MF,26.7,1992,22.1,,,684.3430905374601,Top Starter,,,456.2011073554416,Top Starter,,
Noel Caliskan,Real Salt Lake,us MLS,MF,26.3,2019,22.4,,,516.2960218030561,Top Starter,,,604.9361488797235,Top Starter,,
Bruno Quiñonez,Vancouver Whitecaps,us MLS,MF,,624,6.9,,,703.5676572917575,Top Starter,,,529.7213473245015,Top Starter,,
Paxten Aaronson,Colorado Rapids,us MLS,MF,23.4,2056,22.8,,,726.4073302830664,Top Starter,,,459.66719387088625,Top Starter,,
Sekou Kone,New York Red Bulls,us MLS,MF,20.9,57,0.6,,,,,,,,,,
Morgan Whittaker,Colorado Rapids,us MLS,MF,,36,0.4,,,,,,,,,,
Alonso Coello,Toronto FC,us MLS,MF,27.2,1756,19.5,,,688.5895372428837,Top Starter,,,721.174207388915,Top Starter,,
Mark Delgado,Los Angeles FC,us MLS,MF,31.6,1688,18.8,,,618.1996669063545,Top Starter,,,680.5201846870755,Top Starter,,
Artur,Houston Dynamo,us MLS,MF,,1354,15.0,,,415.9365928084814,Top Starter,,,593.729246401702,Top Starter,,
Iván Angulo,Orlando City SC,us MLS,MF,27.8,2178,24.2,,,645.8103256713806,Top Starter,,,596.5234518539015,Top Starter,,
Matti Peltola,DC United,us MLS,MF,24.5,1848,20.5,,,421.45623855610256,Top Starter,,,643.8895690816111,Top Starter,,
Edwin Cerrillo,LA Galaxy,us MLS,MF,26.2,1275,14.2,,,369.3041409646448,Solid Squad Player,,,544.5684542957347,Top Starter,,
Cavan Sullivan,Philadelphia Union,us MLS,MF,17.3,1390,15.4,,,801.0498725988928,World Class,,,615.2662486056854,Top Starter,,
Alexandru Mățan,St.Louis City,us MLS,MF,27.3,406,4.5,,,,,,,,,,
Yannick Bright,Inter Miami CF,us MLS,MF,25.3,1756,19.5,,,522.9366522055986,Top Starter,,,774.4419546633919,World Class,,
Bryan Acosta,Nashville SC,us MLS,MF,33.1,635,7.1,,,512.3068058917565,Top Starter,,,510.093542798819,Top Starter,,
Alhassan Yusuf,New England Revolution,us MLS,MF,26.5,1845,20.5,,,547.0155521068955,Top Starter,,,621.7764156717367,Top Starter,,
Maren Haile-Selassie,Chicago Fire,us MLS,MF,27.8,1667,18.5,,,711.7993179878988,Top Starter,,,420.10167777334533,Top Starter,,
Stijn Spierings,Real Salt Lake,us MLS,MF,30.8,1113,12.4,,,592.3058353018375,Top Starter,,,746.3154532473475,Top Starter,,
David Costa,Portland Timbers,us MLS,MF,,1695,18.8,,,715.6293281866118,Top Starter,,,409.93934495332695,Top Starter,,
Tristan Muyumba,Atlanta United,us MLS,MF,29.8,1853,20.6,,,488.5644726860969,Top Starter,,,622.5456592039293,Top Starter,,
Daniel Edelman,St.Louis City,us MLS,MF,23.7,2029,22.5,,,587.6279540663015,Top Starter,,,596.5776316844763,Top Starter,,
Agustin Ojeda,New York City FC,us MLS,MF,22.5,2039,22.7,,,633.9850523906393,Top Starter,,,433.03040937309834,Top Starter,,
Dylan Chambost,Columbus Crew,us MLS,MF,29.4,1207,13.4,,,669.6955301278514,Top Starter,,,589.5365882497055,Top Starter,,
Maximilian Arfsten,Columbus Crew,us MLS,MF,,1467,16.3,,,751.1798738014253,World Class,,,555.1919842885101,Top Starter,,
Niklas Dorsch,Toronto FC,us MLS,MF,29.0,410,4.6,,,,,,,,,,
Ronald Donkor,New York Red Bulls,us MLS,MF,22.1,1993,22.1,,,680.6245526331602,Top Starter,,,603.2769542853863,Top Starter,,
Kerwin Vargas,Charlotte FC,us MLS,MF,25.0,998,11.1,,,592.1595552984259,Top Starter,,,508.14675662789875,Top Starter,,
Mathieu Choinière,Los Angeles FC,us MLS,MF,27.9,1646,18.3,,,595.4929807812085,Top Starter,,,586.6840477750834,Top Starter,,
Carlo Holse,St.Louis City,us MLS,MF,27.6,238,2.6,,,,,,,,,,
Adri Mehmeti,New York Red Bulls,us MLS,MF,17.7,1962,21.8,,,627.2083347346048,Top Starter,,,787.5188009607949,World Class,,
Christopher Durkin,St.Louis City,us MLS,MF,31.9,1843,20.5,,,409.82532542863856,Top Starter,,,702.0633241025405,Top Starter,,
José Caicedo,Portland Timbers,us MLS,MF,,922,10.2,,,460.8581291506594,Top Starter,,,831.1647943760048,World Class,,
Manu García,Sporting Kansas City,us MLS,Off_MF,29.0,1250,13.9,552.0562175858015,Top Starter,,,,,585.9027928525893,Top Starter,,
Onni Valakari,San Diego FC,us MLS,MF,27.4,1958,21.8,,,592.4903412623918,Top Starter,,,571.7500406691844,Top Starter,,
Timmy Tillman,Los Angeles FC,us MLS,MF,28.0,1190,13.2,,,703.517656263527,Top Starter,,,689.1893025482384,Top Starter,,
André Gomes,Columbus Crew,us MLS,MF,33.4,1310,14.6,,,432.0845332143769,Top Starter,,,662.4608434305334,Top Starter,,
Cristian Espinoza,Nashville SC,us MLS,FW,31.7,1516,16.8,511.97198614142997,Top Starter,,,,,422.58558442600975,Top Starter,,
Héctor Herrera,Houston Dynamo,us MLS,MF,36.7,1382,15.4,,,504.8789712976997,Top Starter,,,533.0971546900403,Top Starter,,
José Cifuentes,Toronto FC,us MLS,MF,27.8,796,8.8,,,613.1680412173548,Top Starter,,,624.130103774579,Top Starter,,
Joran Gerbet,Orlando City SC,us MLS,MF,25.5,334,3.7,,,,,,,,,,
Kai Trewin,New York City FC,us MLS,MF,25.6,1268,14.1,,,340.9765184345486,Solid Squad Player,,,507.02466449080873,Top Starter,,
Matthew Longstaff,CF Montréal,us MLS,MF,,1925,21.4,,,496.31138377254416,Top Starter,,,463.5064358249869,Top Starter,,
Diego Chará,Portland Timbers,us MLS,MF,40.7,1112,12.4,,,401.59868756409253,Top Starter,,,636.2373477344822,Top Starter,,
Maxi Moralez,New York City FC,us MLS,Off_MF,39.8,1130,12.6,533.9713501791466,Top Starter,,,,,578.1881687656044,Top Starter,,
Taha Habroune,Columbus Crew,us MLS,MF,20.9,1617,18.0,,,735.2184152636671,Top Starter,,,668.3478966266465,Top Starter,,
Stephen Eustaquio,Los Angeles FC,us MLS,MF,30.0,602,6.7,,,514.4392952658035,Top Starter,,,677.6497143470166,Top Starter,,
Edvard Tagseth,Nashville SC,us MLS,MF,25.9,1405,15.6,,,429.0746820780175,Top Starter,,,567.2840887915121,Top Starter,,
Cole Bassett,Portland Timbers,us MLS,MF,25.4,1697,18.9,,,616.5314722604455,Top Starter,,,509.3090296468843,Top Starter,,
Marco Reus,LA Galaxy,us MLS,Off_MF,37.6,1734,19.3,597.7191791963041,Top Starter,,,,,380.44826317105884,Solid Squad Player,,
Patrick Yazbek,Nashville SC,us MLS,MF,24.7,955,10.6,,,527.9251674231635,Top Starter,,,411.34542883620037,Top Starter,,
Anton Salétros,Chicago Fire,us MLS,MF,30.7,1775,19.7,,,446.67705854377795,Top Starter,,,439.9712306018766,Top Starter,,
Jesús Ferreira,Seattle Sounders FC,us MLS,MF,26.0,1175,13.1,,,784.6660202799296,World Class,,,540.3851492157596,Top Starter,,
Matthew Corcoran,Nashville SC,us MLS,MF,20.9,1547,17.2,,,341.31867744689123,Solid Squad Player,,,563.6531371019166,Top Starter,,
Đorđe Mihailović,Toronto FC,us MLS,MF,28.1,857,9.5,,,696.464521779101,Top Starter,,,345.7963184187784,Solid Squad Player,,
Mauricio Amaro,Atlanta United,us MLS,MF,,181,2.0,,,,,,,,,,
Wikelman Carmona,CF Montréal,us MLS,MF,23.9,955,10.6,,,738.6221595531705,Top Starter,,,550.9322453422942,Top Starter,,
Aiden O'Neill,New York City FC,us MLS,MF,28.5,1002,11.1,,,422.67344746462066,Top Starter,,,661.3097370965082,Top Starter,,
Brooklyn Raines,New England Revolution,us MLS,MF,21.8,2036,22.6,,,333.5218176704884,Solid Squad Player,,,521.8145014571087,Top Starter,,
Ivan Jaime Pajuelo,CF Montréal,us MLS,MF,26.3,830,9.2,,,559.6681396028425,Top Starter,,,508.27166389410553,Top Starter,,
Pavel Bucha,FC Cincinnati,us MLS,MF,28.8,1950,21.7,,,604.4064130944539,Top Starter,,,609.1274015233835,Top Starter,,
Juan Sanabria,Real Salt Lake,us MLS,MF,,1656,18.4,,,714.2165517078666,Top Starter,,,526.2248582450331,Top Starter,,
Albert Rusnák,Seattle Sounders FC,us MLS,Off_MF,32.5,1658,18.4,533.0706413072745,Top Starter,,,,,323.6610657979795,Solid Squad Player,,
Danley Jean-Jacques,Philadelphia Union,us MLS,MF,26.6,2035,22.6,,,461.5859386329537,Top Starter,,,622.403867250681,Top Starter,,
Brais Méndez,Columbus Crew,us MLS,MF,30.0,562,6.2,,,611.3514847464216,Top Starter,,,496.2104756396318,Top Starter,,
Aníbal Godoy,San Diego FC,us MLS,MF,36.9,1334,14.8,,,445.48733580638515,Top Starter,,,673.7352693276105,Top Starter,,
Enzo Dovlo,Atlanta United,us MLS,MF,,20,0.2,,,,,,,,,,
James Sands,New York City FC,us MLS,MF,26.5,880,9.8,,,259.73239952694877,Solid Squad Player,,,547.8434747536455,Top Starter,,
Pedro Soma,San Diego FC,us MLS,MF,20.5,400,4.4,,,,,,,,,,
Dante Polvara,St.Louis City,us MLS,MF,26.5,2151,23.9,,,340.1950224990973,Solid Squad Player,,,635.5638389762138,Top Starter,,
Ervin Torres,Austin FC,us MLS,MF,19.1,658,7.3,,,579.7672949878404,Top Starter,,,554.3498720515746,Top Starter,,
Kaick,FC Dallas,us MLS,MF,21.1,1827,20.3,,,457.1926338885978,Top Starter,,,571.0043107690442,Top Starter,,
Dániel Sallói,Toronto FC,us MLS,FW,30.5,2100,23.3,436.59938705967915,Top Starter,,,,,353.5331953185582,Solid Squad Player,,
Bryan Ramirez,FC Cincinnati,us MLS,MF,26.4,1527,17.0,,,688.3070532314442,Top Starter,,,746.667141572033,Top Starter,,
Braian Ojeda,Orlando City SC,us MLS,MF,26.5,1607,17.9,,,464.8962089154003,Top Starter,,,600.3500741713133,Top Starter,,
Emmanuel Sabbi,Vancouver Whitecaps,us MLS,MF,29.0,1033,11.5,,,675.8438469669073,Top Starter,,,425.384158609861,Top Starter,,
Lasse Berg Johnsen,Sporting Kansas City,us MLS,MF,27.4,1674,18.6,,,473.2345608535399,Top Starter,,,611.6650319428275,Top Starter,,
Alejandro Alvarado Jr,San Diego FC,us MLS,MF,23.4,536,6.0,,,614.064786535521,Top Starter,,,827.6901157059317,World Class,,
Shakur Mohammed,Nashville SC,us MLS,MF,,524,5.8,,,476.1536292696514,Top Starter,,,467.4915117802234,Top Starter,,
Jeevan Badwal,Vancouver Whitecaps,us MLS,MF,20.8,1252,13.9,,,639.6170863338467,Top Starter,,,614.2741726631048,Top Starter,,
Nectarios Triantis,Minnesota United,us MLS,MF,23.6,1304,14.5,,,467.55921951404173,Top Starter,,,647.3696647710256,Top Starter,,
Gerardo Valenzuela,FC Cincinnati,us MLS,MF,22.3,1371,15.2,,,608.7443045771793,Top Starter,,,480.365012374265,Top Starter,,
Mohamed Farsi,Columbus Crew,us MLS,MF,27.0,855,9.5,,,646.1502357494821,Top Starter,,,460.1050264067719,Top Starter,,
Tomas Totland,St.Louis City,us MLS,MF,27.3,1449,16.1,,,603.9574946943565,Top Starter,,,504.80826264109845,Top Starter,,
Jackson Hopkins,DC United,us MLS,MF,22.5,1610,17.9,,,494.59013234915057,Top Starter,,,578.3195198734301,Top Starter,,
Jonathan Osorio,Toronto FC,us MLS,MF,34.6,1530,17.0,,,525.7013654394451,Top Starter,,,635.3311113627641,Top Starter,,
Jorge Ruvalcaba,New York Red Bulls,us MLS,MF,25.4,1681,18.7,,,399.1908583224529,Solid Squad Player,,,284.72062946150845,Solid Squad Player,,
Bernard Kamungo,FC Dallas,us MLS,MF,25.0,1230,13.7,,,522.1377235839367,Top Starter,,,658.7704669524189,Top Starter,,
Ender Echenique,FC Cincinnati,us MLS,MF,22.7,1461,16.2,,,689.3050908195527,Top Starter,,,476.24566234848146,Top Starter,,
Oliver Larraz,Vancouver Whitecaps,us MLS,MF,25.3,970,10.8,,,754.7521930169728,World Class,,,707.7823972875315,Top Starter,,
Adrian Gill,Atlanta United,us MLS,MF,21.0,340,3.8,,,,,,,,,,
Ousseni Bouda,San Jose Earthquakes,us MLS,MF,26.7,1920,21.3,,,575.0098825297538,Top Starter,,,568.1386958795847,Top Starter,,
Jesus Bueno,Philadelphia Union,us MLS,MF,27.7,762,8.5,,,452.209885079669,Top Starter,,,722.5228700267775,Top Starter,,
Paul Rothrock,Seattle Sounders FC,us MLS,MF,28.0,1761,19.6,,,515.7252744354646,Top Starter,,,535.7025805094611,Top Starter,,
Telasco Segovia,Inter Miami CF,us MLS,MF,23.8,1833,20.4,,,645.5305269538738,Top Starter,,,539.6599011055982,Top Starter,,
Dje Tah D'Avilla,Chicago Fire,us MLS,MF,,1663,18.5,,,362.53912991164776,Solid Squad Player,,,619.0843035711193,Top Starter,,
Luis Otávio,Orlando City SC,us MLS,MF,19.7,906,10.1,,,404.7176135132541,Top Starter,,,678.8461096515485,Top Starter,,
Joaquín Valiente,FC Dallas,us MLS,MF,25.7,1557,17.3,,,718.7701499748737,Top Starter,,,451.6636242770076,Top Starter,,
Hannes Wolf,New York City FC,us MLS,MF,27.7,1210,13.4,,,540.0861944551064,Top Starter,,,522.7197383472495,Top Starter,,
Patrickson Delgado,FC Dallas,us MLS,MF,23.2,691,7.7,,,483.5943740178519,Top Starter,,,558.6820774556732,Top Starter,,
Elias Achouri,San Diego FC,us MLS,MF,27.9,456,5.1,,,465.15255739370406,Top Starter,,,392.4455271954206,Solid Squad Player,,
Matt Polster,New England Revolution,us MLS,MF,33.4,1388,15.4,,,385.23283874993604,Solid Squad Player,,,444.42471910280125,Top Starter,,
Erik Thommy,LA Galaxy,us MLS,MF,32.4,667,7.4,,,526.1787235113304,Top Starter,,,580.9541972933346,Top Starter,,
Troy Elgersma,LA Galaxy,us MLS,MF,22.6,69,0.8,,,,,,,,,,
David Poreba,Chicago Fire,us MLS,MF,24.1,61,0.7,,,,,,,,,,
Connor Ronan,Colorado Rapids,us MLS,MF,28.8,198,2.2,,,,,,,,,,
Lucas Sanabria,LA Galaxy,us MLS,MF,23.0,1440,16.0,,,523.9754752319024,Top Starter,,,620.8763167767495,Top Starter,,
Saba Lobzhanidze,Real Salt Lake,us MLS,FW,32.0,996,11.1,554.8081643180265,Top Starter,,,,,305.7024693621813,Solid Squad Player,,
Hamzat Ojediran,Colorado Rapids,us MLS,MF,23.1,1561,17.3,,,330.4619333128573,Solid Squad Player,,,655.6760159014334,Top Starter,,
Eduard Atuesta,Orlando City SC,us MLS,MF,29.5,1162,12.9,,,581.044571277378,Top Starter,,,648.7631742744346,Top Starter,,
Ajani Fortune,Atlanta United,us MLS,MF,24.0,564,6.3,,,483.30182009930434,Top Starter,,,456.7901049934385,Top Starter,,
Samuel Gidi,FC Cincinnati,us MLS,MF,22.7,1656,18.4,,,418.3836570485734,Top Starter,,,663.1149988722188,Top Starter,,
Daniel Pereira,CF Montréal,us MLS,MF,26.5,786,8.7,,,514.716830044573,Top Starter,,,598.9579732638603,Top Starter,,
Georgi Minoungou,Colorado Rapids,us MLS,MF,24.4,1421,15.8,,,510.6044588946189,Top Starter,,,497.4321687880199,Top Starter,,
João Peglow,DC United,us MLS,MF,25.0,1780,19.8,,,696.9156233980261,Top Starter,,,646.9888620594081,Top Starter,,
Fabian Herbers,CF Montréal,us MLS,MF,33.4,548,6.1,,,563.6923522366621,Top Starter,,,594.5715536616208,Top Starter,,
Sergio Oregel,Chicago Fire,us MLS,MF,21.6,176,2.0,,,,,,,,,,
Keaton Parks,New York City FC,us MLS,MF,29.4,1088,12.1,,,411.90454811507004,Top Starter,,,656.18786533795,Top Starter,,
Joseph Rosales,Austin FC,us MLS,MF,26.2,1894,21.0,,,561.743747809807,Top Starter,,,639.7585809603352,Top Starter,,
Youssef Maziz,Colorado Rapids,us MLS,MF,28.5,291,3.2,,,,,,,,,,
Lawrence Ennali,Houston Dynamo,us MLS,MF,24.8,2049,22.8,,,441.258707295146,Top Starter,,,337.70646830056063,Solid Squad Player,,
Charles-Emile Brunet,Nashville SC,us MLS,MF,23.1,62,0.7,,,,,,,,,,
Calvin Harris,Sporting Kansas City,us MLS,MF,26.8,1804,20.0,,,455.52050132302367,Top Starter,,,442.3970714176389,Top Starter,,
Owen Gene,Minnesota United,us MLS,MF,23.8,1511,16.8,,,472.3725187956802,Top Starter,,,619.3854043988039,Top Starter,,
Ilie Sánchez,Austin FC,us MLS,MF,36.1,1121,12.5,,,230.76106777632853,Solid Squad Player,,,421.45794957084297,Top Starter,,
Samuel Piette,CF Montréal,us MLS,MF,32.1,831,9.2,,,426.79334255992484,Top Starter,,,727.7632277079521,Top Starter,,
Andrés Perea,New York City FC,us MLS,MF,26.1,1078,12.0,,,416.56248719741836,Top Starter,,,556.7781121640647,Top Starter,,
Griffin Dillon,Real Salt Lake,us MLS,MF,23.7,388,4.3,,,,,,,,,,
Kyle Duncan,Minnesota United,us MLS,DF,29.4,1539,17.1,,,,,572.0318398503359,Top Starter,562.5164506029939,Top Starter,,
Puso Dithejane,Chicago Fire,us MLS,MF,22.4,556,6.2,,,648.8931934492853,Top Starter,,,578.3488163039226,Top Starter,,
Tomáš Ostrák,St.Louis City,us MLS,MF,26.9,97,1.1,,,,,,,,,,
Kevin Pierre,New York City FC,us MLS,MF,,24,0.3,,,,,,,,,,
Clay Holstad,FC Dallas,us MLS,MF,,27,0.3,,,,,,,,,,
Nikola Petković,Seattle Sounders FC,us MLS,MF,20.4,151,1.7,,,,,,,,,,
Sergi Roberto,LA Galaxy,us MLS,MF,34.9,215,2.4,,,,,,,,,,
Luca Moisa,Real Salt Lake,us MLS,MF,18.7,370,4.1,,,,,,,,,,
Kenji Cabrera,Vancouver Whitecaps,us MLS,MF,23.9,308,3.4,,,,,,,,,,
Andre Dozzell,DC United,us MLS,MF,27.7,799,8.9,,,278.2066259167078,Solid Squad Player,,,391.3318052145149,Solid Squad Player,,
Peter Kingston,Seattle Sounders FC,us MLS,MF,25.5,784,8.7,,,433.78443877011114,Top Starter,,,536.2828584303506,Top Starter,,
Shapi Suleymanov,Sporting Kansas City,us MLS,FW,27.0,1052,11.7,221.5951886756194,Solid Squad Player,,,,,466.95898336176924,Top Starter,,
Miguel Perez,St.Louis City,us MLS,MF,21.7,296,3.3,,,,,,,,,,
Duane Holmes,Houston Dynamo,us MLS,Off_MF,32.2,599,6.7,167.9614209006133,Below Big-5 Level,,,,,708.7371471643679,Top Starter,,
Wilder Cartagena,Orlando City SC,us MLS,MF,32.3,232,2.6,,,,,,,,,,
Joao Ortíz,Portland Timbers,us MLS,MF,30.7,750,8.3,,,400.25383769980533,Top Starter,,,550.6128652235842,Top Starter,,
Emil Forsberg,New York Red Bulls,us MLS,Off_MF,35.2,1680,18.7,466.0231752276853,Top Starter,,,,,390.111463579916,Solid Squad Player,,
Harvey Sarajian,Orlando City SC,us MLS,MF,21.9,87,1.0,,,,,,,,,,
Jean-Claude Ngando,Vancouver Whitecaps,us MLS,MF,23.0,112,1.2,,,,,,,,,,
Christian Cappis,FC Dallas,us MLS,MF,27.4,1471,16.3,,,468.2342516861071,Top Starter,,,536.3486131843795,Top Starter,,
Hassani Dotson,Seattle Sounders FC,us MLS,MF,29.4,876,9.7,,,424.7377037285342,Top Starter,,,637.6878878922188,Top Starter,,
Cameron Harper,New York Red Bulls,us MLS,MF,25.1,180,2.0,,,,,,,,,,
Matías Galarza,Inter Miami CF,us MLS,MF,,690,7.7,,,480.6419619969146,Top Starter,,,775.159354658982,World Class,,
Jude Terry,Los Angeles FC,us MLS,MF,18.2,363,4.0,,,,,,,,,,
Matheus Pereira,Toronto FC,us MLS,MF,,361,4.0,,,,,,,,,,
Indiana Vassilev,Philadelphia Union,us MLS,MF,25.9,1574,17.5,,,573.855492132141,Top Starter,,,483.1864184989492,Top Starter,,
Dominik Marczuk,Real Salt Lake,us MLS,MF,23.2,333,3.7,,,,,,,,,,
Alexander Shaw,Inter Miami CF,us MLS,MF,18.7,77,0.9,,,,,,,,,,
Diadie Samassékou,Houston Dynamo,us MLS,MF,31.0,907,10.1,,,318.98953095221094,Solid Squad Player,,,534.1944885661064,Top Starter,,
Aziel Jackson,Minnesota United,us MLS,MF,,565,6.3,,,495.0601907716169,Top Starter,,,559.057519582266,Top Starter,,
Ronaldo Vieira,San Jose Earthquakes,us MLS,MF,28.5,1573,17.5,,,324.8180088494058,Solid Squad Player,,,522.6168427594235,Top Starter,,
Ben Bender,Philadelphia Union,us MLS,MF,25.8,433,4.8,,,,,,,,,,
Jonathan Shore,New York City FC,us MLS,MF,19.7,593,6.6,,,337.1758444843739,Solid Squad Player,,,636.6262336345995,Top Starter,,
Jonathan Gonzalez,San Jose Earthquakes,us MLS,MF,27.7,263,2.9,,,,,,,,,,
Wil Trapp,Minnesota United,us MLS,MF,34.0,1599,17.8,,,341.10936092928597,Solid Squad Player,,,521.297509387212,Top Starter,,
Ian Harkes,San Jose Earthquakes,us MLS,MF,31.8,919,10.2,,,436.12388723477164,Top Starter,,,638.2247774486716,Top Starter,,
Alexis Manyoma,Colorado Rapids,us MLS,MF,23.9,249,2.8,,,,,,,,,,
Kieran Chandler,Minnesota United,us MLS,MF,21.6,8,0.1,,,,,,,,,,
Judah Siqueira,New England Revolution,us MLS,MF,,27,0.3,,,,,,,,,,
Caleb Swann,FC Dallas,us MLS,MF,19.9,13,0.1,,,,,,,,,,
Celio Pompeu,St.Louis City,us MLS,MF,27.1,113,1.3,,,,,,,,,,
Jeremy Rafanello,Philadelphia Union,us MLS,MF,26.7,203,2.3,,,,,,,,,,
Sam Williams,Chicago Fire,us MLS,MF,21.8,65,0.7,,,,,,,,,,
Victor Loturi,CF Montréal,us MLS,MF,25.6,1881,20.9,,,356.2247351007061,Solid Squad Player,,,533.3801836538715,Top Starter,,
Conrad Wallem,St.Louis City,us MLS,MF,26.6,1812,20.1,,,552.6256365679354,Top Starter,,,548.2802260069449,Top Starter,,
Nick Fernandez,San Jose Earthquakes,us MLS,MF,25.0,630,7.0,,,651.4991384483947,Top Starter,,,598.4702606197276,Top Starter,,
Hennadii Synchuk,CF Montréal,us MLS,MF,,1020,11.3,,,541.9954319237081,Top Starter,,,572.5582384950284,Top Starter,,
Capita,Sporting Kansas City,us MLS,MF,25.0,1145,12.7,,,458.8898749696825,Top Starter,,,580.5322194875544,Top Starter,,
Ryan Raposo,Los Angeles FC,us MLS,MF,27.8,393,4.4,,,,,,,,,,
Ramiro,FC Dallas,us MLS,MF,33.6,1541,17.1,,,449.72964082871323,Top Starter,,,561.0861573994691,Top Starter,,
Bénie Traoré,New York City FC,us MLS,MF,24.1,594,6.6,,,401.0276240466506,Top Starter,,,436.48726353852857,Top Starter,,
Markus Cimermancic,Toronto FC,us MLS,MF,22.3,661,7.3,,,333.6873206072912,Solid Squad Player,,,493.1816586609364,Top Starter,,
Tarun Karumanchi,Columbus Crew,us MLS,MF,,554,6.2,,,374.2803864842921,Solid Squad Player,,,602.0892271071044,Top Starter,,
Jorge Alastuey,Austin FC,us MLS,MF,30.8,493,5.5,,,303.46027808424776,Solid Squad Player,,,422.19489736406,Top Starter,,
Brandt Bronico,Charlotte FC,us MLS,MF,31.5,802,8.9,,,380.5670500737,Solid Squad Player,,,502.8723853731165,Top Starter,,
Hugo Picard,Columbus Crew,us MLS,MF,23.6,868,9.6,,,658.2315906102734,Top Starter,,,605.3438245232339,Top Starter,,
Preston Plambeck,Inter Miami CF,us MLS,MF,21.0,88,1.0,,,,,,,,,,
Herman Johansson,FC Dallas,us MLS,MF,29.2,1481,16.5,,,421.7303848981028,Top Starter,,,389.85877215407294,Solid Squad Player,,
Robin Lod,Chicago Fire,us MLS,MF,33.7,1439,16.0,,,545.3602836156737,Top Starter,,,483.8430345807614,Top Starter,,
Wayne Frederick,Colorado Rapids,us MLS,MF,22.6,1458,16.2,,,440.9978288585651,Top Starter,,,520.0441847197916,Top Starter,,
Antony Alves,Portland Timbers,us MLS,MF,,1452,16.1,,,593.634585592845,Top Starter,,,555.4147464024708,Top Starter,,
Jared Stroud,DC United,us MLS,MF,30.5,492,5.5,,,466.9341876069128,Top Starter,,,605.751537435695,Top Starter,,
Nehuen Benedetti,New York Red Bulls,us MLS,MF,21.9,100,1.1,,,,,,,,,,
Steven Alzate,Atlanta United,us MLS,MF,28.3,506,5.6,,,436.9792224232857,Top Starter,,,577.1188252732944,Top Starter,,
David Ruíz,New York Red Bulls,us MLS,MF,22.9,288,3.2,,,,,,,,,,
Sekou Tidiany Bangoura,Columbus Crew,us MLS,MF,24.7,648,7.2,,,389.8706991985551,Solid Squad Player,,,741.9461354372165,Top Starter,,
Hosei Kijima,DC United,us MLS,MF,24.5,152,1.7,,,,,,,,,,
Jovan Lukić,Philadelphia Union,us MLS,MF,24.9,1686,18.7,,,440.63552974335494,Top Starter,,,606.3723592091775,Top Starter,,
Brandon Servania,DC United,us MLS,MF,27.8,1769,19.7,,,322.4036435948737,Solid Squad Player,,,547.0807506938625,Top Starter,,
Tah Anunga,FC Cincinnati,us MLS,MF,30.4,586,6.5,,,334.8757961005505,Solid Squad Player,,,718.1418602369785,Top Starter,,
Jacob Bartlett,Sporting Kansas City,us MLS,MF,21.2,1030,11.4,,,290.0143024864269,Solid Squad Player,,,446.0768844408514,Top Starter,,
Paul Arriola,Seattle Sounders FC,us MLS,FW,31.9,373,4.1,,,,,,,,,,
Dante Sealy,CF Montréal,us MLS,MF,23.7,1279,14.2,,,533.4571048333083,Top Starter,,,417.7572475268727,Top Starter,,
Dagur Dan Þórhallsson,San Diego FC,us MLS,MF,26.7,857,9.5,,,425.33210448653415,Top Starter,,,558.558964572401,Top Starter,,
Djibril Diani,Charlotte FC,us MLS,MF,28.9,1165,12.9,,,382.9083963675645,Solid Squad Player,,,570.4069508102529,Top Starter,,
Diego Fagúndez,New England Revolution,us MLS,FW,31.9,247,2.7,,,,,,,,,,
Mauricio González,Minnesota United,us MLS,MF,22.3,190,2.1,,,,,,,,,,
Amar Sejdic,Columbus Crew,us MLS,MF,30.1,191,2.1,,,,,,,,,,
Zorhan Bassong,Sporting Kansas City,us MLS,MF,27.7,779,8.7,,,411.5367878914915,Top Starter,,,681.0727124892874,Top Starter,,
Ran Binyamin,FC Dallas,us MLS,MF,22.9,846,9.4,,,592.2834800077558,Top Starter,,,614.6353644772912,Top Starter,,
Rafael Santos,St.Louis City,us MLS,MF,,1100,12.2,,,468.77592550361953,Top Starter,,,423.8396291290614,Top Starter,,
Besard Sabović,Austin FC,us MLS,MF,29.0,1079,12.0,,,389.87914744638624,Solid Squad Player,,,418.79671198873945,Top Starter,,
Snyder Brunell,Seattle Sounders FC,us MLS,MF,19.8,1460,16.2,,,407.8854090228532,Top Starter,,,498.3670329358411,Top Starter,,
Gavin Turner,DC United,us MLS,MF,20.0,43,0.5,,,,,,,,,,
Jackson Yueill,New England Revolution,us MLS,MF,29.8,402,4.5,,,,,,,,,,
Josh Atencio,Colorado Rapids,us MLS,MF,24.9,1317,14.6,,,332.9669693387449,Solid Squad Player,,,544.1169950697127,Top Starter,,
Mauricio Pineda,Chicago Fire,us MLS,MF,29.2,626,7.0,,,320.431196108556,Solid Squad Player,,,632.5821270854304,Top Starter,,
Agustín Bouzat,Houston Dynamo,us MLS,MF,32.8,1136,12.6,,,356.24325382518805,Solid Squad Player,,,467.90791725643584,Top Starter,,
David Ayala,Inter Miami CF,us MLS,MF,31.2,313,3.5,,,,,,,,,,
Noah Streit,CF Montréal,us MLS,MF,21.2,1044,11.6,,,490.75459552042963,Top Starter,,,511.68763369576885,Top Starter,,
Zach Booth,Real Salt Lake,us MLS,MF,22.9,433,4.8,,,,,,,,,,
Ahmed Qasem,Nashville SC,us MLS,MF,23.5,1006,11.2,,,394.2251558385005,Solid Squad Player,,,413.9903717950217,Top Starter,,
Marco Pašalić,Orlando City SC,us MLS,MF,26.3,901,10.0,,,411.3250030987897,Top Starter,,,386.0297332091598,Solid Squad Player,,
Luca de la Torre,Charlotte FC,us MLS,MF,28.6,914,10.2,,,436.4493452605479,Top Starter,,,447.1770966039571,Top Starter,,
Sebastian Gomez,Seattle Sounders FC,us MLS,MF,,426,4.7,,,,,,,,,,
Pablo Ruíz,LA Galaxy,us MLS,MF,28.0,402,4.5,,,,,,,,,,
Agustin Anello,Philadelphia Union,us MLS,MF,24.7,415,4.6,,,,,,,,,,
Frankie Amaya,CF Montréal,us MLS,MF,26.3,10,0.1,,,,,,,,,,
Ignacio Suarez-Couri,Atlanta United,us MLS,MF,30.1,12,0.1,,,,,,,,,,
Peter Stroud,Minnesota United,us MLS,MF,24.7,22,0.2,,,,,,,,,,
Rafael Jauregui,Seattle Sounders FC,us MLS,MF,,8,0.1,,,,,,,,,,
Charlie Gaffney,Seattle Sounders FC,us MLS,MF,,10,0.1,,,,,,,,,,
Matthew Arana,Houston Dynamo,us MLS,MF,16.3,43,0.5,,,,,,,,,,
Eric Klein,New England Revolution,us MLS,MF,20.1,24,0.3,,,,,,,,,,
Amin Boudri,Los Angeles FC,us MLS,MF,22.3,74,0.8,,,,,,,,,,
Theodore Ku-DiPietro,Colorado Rapids,us MLS,MF,24.9,91,1.0,,,,,,,,,,
William Reilly,Atlanta United,us MLS,MF,,715,7.9,,,235.6190770724007,Solid Squad Player,,,449.1414737078572,Top Starter,,
Gabriel Pirani,San Diego FC,us MLS,MF,24.7,941,10.5,,,406.25008973457045,Top Starter,,,524.5317577186318,Top Starter,,
Caden Clark,Seattle Sounders FC,us MLS,MF,23.6,87,1.0,,,,,,,,,,
Owen Wolff,Austin FC,us MLS,MF,22.0,377,4.2,,,,,,,,,,
Alex Muyl,Nashville SC,us MLS,MF,31.3,826,9.2,,,417.9934352864497,Top Starter,,,493.90895682767007,Top Starter,,
Kwaku Agyabeng,Sporting Kansas City,us MLS,MF,20.5,637,7.1,,,415.59596285637974,Top Starter,,,699.5679509221166,Top Starter,,
Gustav Berggren,New York Red Bulls,us MLS,MF,29.3,419,4.7,,,,,,,,,,
Nicolas Dubersarsky,Austin FC,us MLS,MF,22.0,660,7.3,,,288.6717958660767,Solid Squad Player,,,576.5582192780928,Top Starter,,
David Vazquez,San Diego FC,us MLS,MF,31.2,860,9.6,,,449.8733186429891,Top Starter,,,581.1790853699263,Top Starter,,
Elijah Wynder,LA Galaxy,us MLS,MF,23.8,1057,11.7,,,329.2488072290954,Solid Squad Player,,,509.714297857615,Top Starter,,
Arnau  Farnos,New York City FC,us MLS,MF,24.0,173,1.9,,,,,,,,,,
Jack Skahan,San Jose Earthquakes,us MLS,MF,28.9,677,7.5,,,585.7733509372883,Top Starter,,,389.37825885048045,Solid Squad Player,,
Igor Jesus,Los Angeles FC,us MLS,MF,46.9,74,0.8,,,,,,,,,,
Antone Bossenberry,Toronto FC,us MLS,MF,,33,0.4,,,,,,,,,,
Alejandro Bedoya,Philadelphia Union,us MLS,MF,39.7,241,2.7,,,,,,,,,,
Máximo Carrizo,New York City FC,us MLS,MF,18.8,97,1.1,,,,,,,,,,
Isaiah Parente,LA Galaxy,us MLS,MF,26.8,293,3.3,,,,,,,,,,
Przemysław Płacheta,Austin FC,us MLS,MF,28.8,305,3.4,,,,,,,,,,
Colin Guske,Real Salt Lake,us MLS,MF,19.9,444,4.9,,,,,,,,,,
Griffin Yow,New England Revolution,us MLS,MF,24.3,838,9.3,,,419.43871137342734,Top Starter,,,570.3927815262417,Top Starter,,
Andres Herrera,Columbus Crew,us MLS,MF,28.2,928,10.3,,,500.2711138561411,Top Starter,,,549.8833585776086,Top Starter,,
Stiven Jimenez,FC Cincinnati,us MLS,MF,19.5,15,0.2,,,,,,,,,,
Aleksa Cvetković,Vancouver Whitecaps,us MLS,MF,21.6,18,0.2,,,,,,,,,,
Kimani Stewart-Baynes,Colorado Rapids,us MLS,MF,22.0,9,0.1,,,,,,,,,,
Yutaro Tsukada,Orlando City SC,us MLS,MF,25.4,27,0.3,,,,,,,,,,
Olger Escobar,CF Montréal,us MLS,MF,20.3,404,4.5,,,,,,,,,,
Luke Brennan,Atlanta United,us MLS,MF,21.9,407,4.5,,,,,,,,,,
Cooper Sanchez,Atlanta United,us MLS,MF,18.8,1655,18.4,,,376.6736818009032,Solid Squad Player,,,439.2921627477487,Top Starter,,
Jacob Davis,Sporting Kansas City,us MLS,MF,24.4,1548,17.2,,,494.1316618970893,Top Starter,,,597.8679200414088,Top Starter,,
Tanner Rosborough,New York Red Bulls,us MLS,MF,18.8,68,0.8,,,,,,,,,,
Lautaro Giaccone,Columbus Crew,us MLS,MF,25.9,160,1.8,,,,,,,,,,
Carlos Harvey,Minnesota United,us MLS,MF,26.9,287,3.2,,,,,,,,,,
Malik Henry,Toronto FC,us MLS,MF,24.4,592,6.6,,,302.89815437972214,Solid Squad Player,,,369.57267944128307,Solid Squad Player,,
Vitor Costa,San Jose Earthquakes,us MLS,MF,32.5,350,3.9,,,,,,,,,,
Obinna Nwobodo,FC Cincinnati,us MLS,MF,30.1,821,9.1,,,458.7677062130532,Top Starter,,,754.6215228891099,World Class,,
Malcolm Fry,New England Revolution,us MLS,MF,21.6,53,0.6,,,,,,,,,,
Calvin Fodrey,Austin FC,us MLS,MF,,304,3.4,,,,,,,,,,
Eric Izoita,Portland Timbers,us MLS,MF,26.4,90,1.0,,,,,,,,,,
Noel Buck,San Jose Earthquakes,us MLS,MF,21.7,64,0.7,,,,,,,,,,
Cristiano Oliveira,New England Revolution,us MLS,MF,18.8,9,0.1,,,,,,,,,,
Tadeo Allende,Inter Miami CF,us MLS,MF,27.9,432,4.8,,,,,,,,,,
Mykhi Joyner,St.Louis City,us MLS,MF,20.3,100,1.1,,,,,,,,,,
Matthew Evans,Los Angeles FC,us MLS,MF,,56,0.6,,,,,,,,,,
Troy  Putt,Minnesota United,us MLS,MF,,8,0.1,,,,,,,,,,
Edson Carli,Seattle Sounders FC,us MLS,MF,,61,0.7,,,,,,,,,,
Taylor Booth,Real Salt Lake,us MLS,MF,25.6,14,0.2,,,,,,,,,,
Rui Modesto,Vancouver Whitecaps,us MLS,MF,27.2,45,0.5,,,,,,,,,,
Bryce Duke,San Diego FC,us MLS,MF,25.8,84,0.9,,,,,,,,,,
Macielo Tschantret,Sporting Kansas City,us MLS,MF,20.9,51,0.6,,,,,,,,,,
Aron John,Charlotte FC,us MLS,MF,20.7,1,0.0,,,,,,,,,,
Owen Anderson,Real Salt Lake,us MLS,MF,19.6,1,0.0,,,,,,,,,,
Shane Donovan,Sporting Kansas City,us MLS,MF,,1,0.0,,,,,,,,,,
Lionel Messi,Inter Miami CF,us MLS,FW,39.5,1910,21.2,899.2700596163411,World Class,,,,,492.9679066702636,Top Starter,,
Antoine Griezmann,Orlando City SC,us MLS,FW,35.8,880,9.8,831.183898407877,World Class,,,,,595.5859611169169,Top Starter,,
Evander,FC Cincinnati,us MLS,Off_MF,28.6,1783,19.8,813.8461693474186,World Class,,,,,532.0447648018993,Top Starter,,
Hugo Cuypers,Chicago Fire,us MLS,FW,29.9,989,11.0,576.7250188466624,Top Starter,,,,,590.0052796532727,Top Starter,,
Anders Dreyer,San Diego FC,us MLS,FW,28.7,2094,23.3,575.2901374158889,Top Starter,,,,,360.41628134968084,Solid Squad Player,,
Marcel Hartel,St.Louis City,us MLS,MF,31.0,1371,15.2,,,755.7048974492776,World Class,,,505.0064383467998,Top Starter,,
Petar Musa,FC Dallas,us MLS,FW,28.8,1620,18.0,743.7848921203246,Top Starter,,,,,531.478349279842,Top Starter,,
Martín Ojeda,Orlando City SC,us MLS,FW,28.1,1502,16.7,558.3088250136982,Top Starter,,,,,360.5099019799212,Solid Squad Player,,
Denis Bouanga,Los Angeles FC,us MLS,FW,32.1,2114,23.5,718.4567305455319,Top Starter,,,,,498.6449201302027,Top Starter,,
Allan Saint-Maximin,Charlotte FC,us MLS,FW,29.8,489,5.4,429.60583055936144,Top Starter,,,,,440.0842165691341,Top Starter,,
Robert Lewandowski,Chicago Fire,us MLS,FW,38.4,725,8.1,647.3828199843408,Top Starter,,,,,434.17141357619994,Top Starter,,
Luis Suárez,Inter Miami CF,us MLS,FW,39.9,1491,16.6,720.7370904958483,Top Starter,,,,,399.82107575570876,Solid Squad Player,,
Philip Zinckernagel,Chicago Fire,us MLS,FW,32.0,1867,20.7,576.7238114894564,Top Starter,,,,,634.854415932704,Top Starter,,
Son Heung-min,Los Angeles FC,us MLS,FW,34.5,1935,21.5,576.8066797196617,Top Starter,,,,,379.72391124964787,Solid Squad Player,,
Josh Sargent,Toronto FC,us MLS,FW,26.9,1364,15.2,552.3309790317495,Top Starter,,,,,536.3308459459348,Top Starter,,
Rafael Navarro,St.Louis City,us MLS,FW,26.7,2181,24.2,543.7015421125237,Top Starter,,,,,533.0357813559632,Top Starter,,
Hany Mukhtar,Nashville SC,us MLS,Off_MF,31.8,2063,22.9,594.6491997972543,Top Starter,,,,,409.95041730437686,Top Starter,,
Jack Harrison,New England Revolution,us MLS,FW,30.1,550,6.1,426.0890354714585,Top Starter,,,,,552.4237708670612,Top Starter,,
Kévin Denkey,FC Cincinnati,us MLS,FW,26.1,1836,20.4,585.1391526060281,Top Starter,,,,,450.46490926590116,Top Starter,,
Sam Surridge,Nashville SC,us MLS,FW,28.4,1449,16.1,550.241110816937,Top Starter,,,,,366.68687845348734,Solid Squad Player,,
Hirving Lozano,LA Galaxy,us MLS,FW,31.4,474,5.3,343.9501925869113,Solid Squad Player,,,,,603.570117031072,Top Starter,,
Morgan Guilavogui,Real Salt Lake,us MLS,FW,28.8,1213,13.5,505.7713607520445,Top Starter,,,,,678.4293175502949,Top Starter,,
Vincent Janssen,Portland Timbers,us MLS,FW,32.6,208,2.3,,,,,,,,,,
Joseph Paintsil,LA Galaxy,us MLS,FW,28.9,1529,17.0,482.9173841072896,Top Starter,,,,,450.23797780468794,Top Starter,,
Prince Owusu,CF Montréal,us MLS,FW,30.0,1858,20.6,596.8320843549393,Top Starter,,,,,462.4077367275216,Top Starter,,
Leonardo Campana,New England Revolution,us MLS,FW,26.4,109,1.2,,,,,,,,,,
David Martínez Morales,Los Angeles FC,us MLS,FW,31.2,960,10.7,557.623905285744,Top Starter,,,,,615.688318809257,Top Starter,,
Breel Embolo,Atlanta United,us MLS,FW,29.9,258,2.9,,,,,,,,,,
Aleksei Miranchuk,Atlanta United,us MLS,Off_MF,31.2,1965,21.8,532.2910471182287,Top Starter,,,,,475.4124202335335,Top Starter,,
Justin Ellis,Orlando City SC,us MLS,FW,19.6,1223,13.6,498.1926800258725,Top Starter,,,,,486.19118798114465,Top Starter,,
Tyrese Spicer,Orlando City SC,us MLS,FW,26.1,822,9.1,669.2672954534753,Top Starter,,,,,487.60166236891394,Top Starter,,
Preston Judd,San Jose Earthquakes,us MLS,FW,27.6,1647,18.3,619.4032014868066,Top Starter,,,,,286.05252349385063,Solid Squad Player,,
Milan Iloski,Philadelphia Union,us MLS,FW,27.4,2024,22.5,542.2258425800843,Top Starter,,,,,347.5309004224597,Solid Squad Player,,
Cédric Bakambu,San Diego FC,us MLS,FW,35.7,52,0.6,,,,,,,,,,
Armindo Sieb,Los Angeles FC,us MLS,FW,23.9,104,1.2,,,,,,,,,,
Marcus Ingvartsen,San Diego FC,us MLS,FW,31.0,1538,17.1,619.2600167970212,Top Starter,,,,,436.76462225274634,Top Starter,,
Klauss,LA Galaxy,us MLS,FW,29.8,573,6.4,599.5803661130357,Top Starter,,,,,501.86322380385155,Top Starter,,
Tai Baribo,DC United,us MLS,FW,29.0,1548,17.2,563.4420436682896,Top Starter,,,,,460.88470035731353,Top Starter,,
Theo Corbeanu,Toronto FC,us MLS,FW,24.6,695,7.7,461.5465169130508,Top Starter,,,,,462.9059287066575,Top Starter,,
Jonathan Bamba,Chicago Fire,us MLS,FW,30.8,1143,12.7,431.682588537382,Top Starter,,,,,660.6559141530261,Top Starter,,
Kevin Kelsy,Portland Timbers,us MLS,FW,22.4,1257,14.0,682.5164187492591,Top Starter,,,,,540.3604742203942,Top Starter,,
Santiago Moreno,FC Dallas,us MLS,FW,26.7,939,10.4,493.86672056899783,Top Starter,,,,,601.285893678682,Top Starter,,
Diego Rossi,Columbus Crew,us MLS,FW,,1262,14.0,433.13967142674204,Top Starter,,,,,478.6849501989229,Top Starter,,
Warren Madrigal,Nashville SC,us MLS,FW,22.4,836,9.3,599.0466398436828,Top Starter,,,,,512.4747796120303,Top Starter,,
Brian White,Vancouver Whitecaps,us MLS,FW,30.9,1823,20.3,623.9431078887095,Top Starter,,,,,307.5537778014235,Solid Squad Player,,
Donavan Phillip,Colorado Rapids,us MLS,FW,22.0,193,2.1,,,,,,,,,,
Luca Langoni,New England Revolution,us MLS,FW,24.9,910,10.1,511.90610766397714,Top Starter,,,,,324.9157184561153,Solid Squad Player,,
Logan Farrington,FC Dallas,us MLS,FW,25.0,1290,14.3,642.2031094051106,Top Starter,,,,,507.96555447746834,Top Starter,,
Wessam Abou Ali,Columbus Crew,us MLS,FW,28.0,567,6.3,574.908429237667,Top Starter,,,,,360.99213973531766,Solid Squad Player,,
Anisse Saidi,San Diego FC,us MLS,FW,18.5,27,0.3,,,,,,,,,,
Kenji Mboma Dem,FC Cincinnati,us MLS,FW,24.9,1166,13.0,434.40228329523416,Top Starter,,,,,515.4569739481665,Top Starter,,
Mateo Silvetti,Inter Miami CF,us MLS,FW,21.0,881,9.8,521.6963525598796,Top Starter,,,,,440.023071788524,Top Starter,,
Robert Taylor,LA Galaxy,us MLS,FW,32.2,649,7.2,379.7901327530301,Solid Squad Player,,,,,514.1798383398005,Top Starter,,
Ariel Lassiter,Portland Timbers,us MLS,FW,32.3,867,9.6,615.0002468116596,Top Starter,,,,,455.2739550474177,Top Starter,,
Myrto Uzuni,Austin FC,us MLS,FW,31.6,1582,17.6,332.3291725008502,Solid Squad Player,,,,,368.3708639556985,Solid Squad Player,,
Germán Berterame,Inter Miami CF,us MLS,FW,28.1,1754,19.5,563.3330561870827,Top Starter,,,,,374.9187839949161,Solid Squad Player,,
Mateusz Bogusz,Houston Dynamo,us MLS,FW,25.4,2074,23.0,352.4228168901298,Solid Squad Player,,,,,418.005770290581,Top Starter,,
Taylor Calheira,Sporting Kansas City,us MLS,FW,24.7,705,7.8,565.7710050681075,Top Starter,,,,,471.75526778368084,Top Starter,,
Dejan Joveljić,Seattle Sounders FC,us MLS,FW,27.4,2016,22.4,453.8603483033061,Top Starter,,,,,299.2430603391628,Solid Squad Player,,
Sergi Solans,Real Salt Lake,us MLS,FW,23.8,1529,17.0,649.7029905742296,Top Starter,,,,,421.5657296112463,Top Starter,,
Idan Toklomati,Charlotte FC,us MLS,FW,22.4,1864,20.7,468.5119656735946,Top Starter,,,,,427.2802909423113,Top Starter,,
Ariath Piol,Real Salt Lake,us MLS,FW,22.2,166,1.8,,,,,,,,,,
Paul Marie,San Jose Earthquakes,us MLS,FW,31.8,447,5.0,406.2191798962772,Top Starter,,,,,579.705258105895,Top Starter,,
Christian Ramirez,Austin FC,us MLS,FW,36.7,973,10.8,545.3083838485919,Top Starter,,,,,284.5686631439449,Solid Squad Player,,
Elias Saad,Nashville SC,us MLS,FW,27.0,468,5.2,405.67076038581934,Top Starter,,,,,674.0486019095453,Top Starter,,
André Luiz,Sporting Kansas City,us MLS,FW,37.3,167,1.9,,,,,,,,,,
Alexis Sánchez,CF Montréal,us MLS,FW,38.0,270,3.0,,,,,,,,,,
Bryan Zamblé,San Diego FC,us MLS,FW,18.9,158,1.8,,,,,,,,,,
Bruno Damiani,Philadelphia Union,us MLS,FW,24.7,1907,21.2,479.77553235876735,Top Starter,,,,,668.9294433476598,Top Starter,,
Cade Cowell,New York Red Bulls,us MLS,FW,23.2,1516,16.8,449.8278878511635,Top Starter,,,,,435.37819779700806,Top Starter,,
Sam Sarver,FC Dallas,us MLS,FW,23.8,349,3.9,,,,,,,,,,
Gonzalo Tapia,Columbus Crew,us MLS,FW,24.9,144,1.6,,,,,,,,,,
Tomás Chancalay,Minnesota United,us MLS,FW,28.0,1611,17.9,410.3633899475327,Top Starter,,,,,556.0846545733909,Top Starter,,
Liel Abada,Charlotte FC,us MLS,FW,25.2,1008,11.2,578.150118525393,Top Starter,,,,,447.3719055706945,Top Starter,,
Louicius Don Deedson,FC Dallas,us MLS,FW,25.9,260,2.9,,,,,,,,,,
Tommy Mihalic,Los Angeles FC,us MLS,FW,,8,0.1,,,,,,,,,,
Julian Hall,New York Red Bulls,us MLS,FW,18.8,2114,23.5,524.9709010700336,Top Starter,,,,,396.0055944230828,Solid Squad Player,,
Jeong Sang-bin,St.Louis City,us MLS,FW,24.8,921,10.2,352.5963517610266,Solid Squad Player,,,,,469.50565403592054,Top Starter,,
Dor Turgeman,New England Revolution,us MLS,FW,23.2,2031,22.6,461.6860410090427,Top Starter,,,,,368.5946827410421,Solid Squad Player,,
Felipe Mora,Portland Timbers,us MLS,FW,33.4,467,5.2,474.43411156884474,Top Starter,,,,,430.05847446087523,Top Starter,,
Kelvin Yeboah,Minnesota United,us MLS,FW,26.7,1779,19.8,610.4591387142368,Top Starter,,,,,475.3075569016459,Top Starter,,
Marcus Caldeira,Minnesota United,us MLS,FW,22.2,376,4.2,,,,,,,,,,
Luighi Hanri,New York City FC,us MLS,FW,20.7,441,4.9,,,,,,,,,,
Sergio Córdova,St.Louis City,us MLS,FW,29.4,493,5.5,184.60759974708895,Below Big-5 Level,,,,,534.990876818244,Top Starter,,
Jayden Nelson,Austin FC,us MLS,FW,24.3,550,6.1,364.5158549500666,Solid Squad Player,,,,,513.606130407894,Top Starter,,
Cedric Teuchert,St.Louis City,us MLS,FW,30.0,304,3.4,,,,,,,,,,
Jesus Barea,Real Salt Lake,us MLS,FW,24.7,23,0.3,,,,,,,,,,
Louis Munteanu,DC United,us MLS,FW,24.5,1377,15.3,419.39355579088857,Top Starter,,,,,373.36678644527717,Solid Squad Player,,
Malik Jakupovic,Philadelphia Union,us MLS,FW,17.5,94,1.0,,,,,,,,,,
Jacob Shaffelburg,Los Angeles FC,us MLS,FW,27.1,771,8.6,362.8701327078745,Solid Squad Player,,,,,401.67740897415695,Top Starter,,
Simon Becher,St.Louis City,us MLS,FW,27.5,1932,21.5,493.3023734831873,Top Starter,,,,,493.66814219271794,Top Starter,,
Ayoub Jabbari,FC Cincinnati,us MLS,FW,26.9,585,6.5,528.5859398533294,Top Starter,,,,,674.4522483901353,Top Starter,,
Jordan Morris,Seattle Sounders FC,us MLS,FW,32.2,742,8.2,523.3368946311176,Top Starter,,,,,494.8878092427469,Top Starter,,
Chase Adams,Columbus Crew,us MLS,FW,18.7,188,2.1,,,,,,,,,,
Cheikh Tidiane Sabaly,Vancouver Whitecaps,us MLS,FW,,886,9.8,384.57861544854705,Solid Squad Player,,,,,607.8621949607277,Top Starter,,
Tom Barlow,FC Cincinnati,us MLS,FW,31.5,935,10.4,628.0071701167222,Top Starter,,,,,490.99524402280593,Top Starter,,
Talles Magno,New York City FC,us MLS,FW,24.5,461,5.1,642.6448992478441,Top Starter,,,,,602.931384012642,Top Starter,,
Derrick Etienne,Toronto FC,us MLS,FW,30.1,1108,12.3,372.67740826436835,Solid Squad Player,,,,,404.31789560828605,Top Starter,,
Emmanuel Latte Lath,Atlanta United,us MLS,FW,28.0,919,10.2,309.0355367734893,Solid Squad Player,,,,,384.1110347507806,Solid Squad Player,,
Mamadou  Dieng,Minnesota United,us MLS,FW,22.9,522,5.8,223.62302947478636,Solid Squad Player,,,,,603.9298441970449,Top Starter,,
Andy Rojas,New York Red Bulls,us MLS,FW,21.1,67,0.7,,,,,,,,,,
Yadaly Diaby,Vancouver Whitecaps,us MLS,FW,26.4,29,0.3,,,,,,,,,,
Rodolfo Aloko,Charlotte FC,us MLS,FW,20.0,551,6.1,440.58505678915617,Top Starter,,,,,624.0585156177684,Top Starter,,
Stephen Afrifa,Sporting Kansas City,us MLS,FW,25.9,562,6.2,494.2412737996089,Top Starter,,,,,554.1613944453095,Top Starter,,
Jules-Anthony Vilsaint,Toronto FC,us MLS,FW,24.0,121,1.3,,,,,,,,,,
Dániel Gazdag,New England Revolution,us MLS,Off_MF,30.8,924,10.3,288.9811343168997,Solid Squad Player,,,,,496.19418847818525,Top Starter,,
Daniel Pinter,Inter Miami CF,us MLS,FW,19.6,393,4.4,,,,,,,,,,
Matheus Nascimento,LA Galaxy,us MLS,FW,22.8,155,1.7,,,,,,,,,,
Darren Yapi,Colorado Rapids,us MLS,FW,22.1,1257,14.0,384.8770033148055,Solid Squad Player,,,,,485.9327533833376,Top Starter,,
Kwadwo Opoku,CF Montréal,us MLS,FW,,103,1.1,,,,,,,,,,
Fafà Picault,Atlanta United,us MLS,FW,35.9,763,8.5,426.22983014910113,Top Starter,,,,,556.9623206007998,Top Starter,,
Alexander Aravena,Portland Timbers,us MLS,FW,24.3,478,5.3,370.04139372431433,Solid Squad Player,,,,,463.5783770884855,Top Starter,,
Aiden  Hezarkhani,Real Salt Lake,us MLS,FW,19.5,845,9.4,266.8217796613032,Solid Squad Player,,,,,516.8951189928654,Top Starter,,
Ondrej Lingr,Houston Dynamo,us MLS,Off_MF,28.2,460,5.1,258.5459148572878,Solid Squad Player,,,,,476.995574611779,Top Starter,,
Eric Maxim Choupo-Moting,New York Red Bulls,us MLS,FW,37.8,377,4.2,,,,,,,,,,
Alex Harris,Colorado Rapids,us MLS,FW,,184,2.0,,,,,,,,,,
Emilio Aristizábal,Toronto FC,us MLS,FW,21.4,610,6.8,552.5380233551185,Top Starter,,,,,518.8395710084533,Top Starter,,
Daniel Rios,CF Montréal,us MLS,FW,31.9,765,8.5,405.9866885983559,Top Starter,,,,,487.55635112851627,Top Starter,,
Daryl Dike,Orlando City SC,us MLS,FW,,229,2.5,,,,,,,,,,
Tiago Souza,Orlando City SC,us MLS,FW,,832,9.2,244.17639831591666,Solid Squad Player,,,,,574.5073852752084,Top Starter,,
Amahl Pellegrino,San Diego FC,us MLS,FW,36.5,893,9.9,455.6323421511446,Top Starter,,,,,351.74040254142835,Solid Squad Player,,
Mijahir Jimenez,New York Red Bulls,us MLS,FW,,269,3.0,,,,,,,,,,
Pedro Leão,Orlando City SC,us MLS,FW,,12,0.1,,,,,,,,,,
Dennis Nelich,New York Red Bulls,us MLS,FW,,91,1.0,,,,,,,,,,
Archie Goodwin,Charlotte FC,us MLS,FW,22.1,394,4.4,,,,,,,,,,
Brandon Vázquez,Austin FC,us MLS,FW,28.2,722,8.0,242.98838670590845,Solid Squad Player,,,,,430.99253467247553,Top Starter,,
Mohammed Sofo,New York Red Bulls,us MLS,FW,22.1,664,7.4,300.76898617870927,Solid Squad Player,,,,,683.2303915962609,Top Starter,,
Tyler Boyd,Los Angeles FC,us MLS,FW,32.0,749,8.3,370.4329428987531,Solid Squad Player,,,,,540.056474518108,Top Starter,,
Rafael Mosquera,New York Red Bulls,us MLS,FW,21.6,316,3.5,,,,,,,,,,
Kyogo Furuhashi,LA Galaxy,us MLS,FW,31.9,552,6.1,121.07244195766977,Below Big-5 Level,,,,,225.68919920466925,Solid Squad Player,,
Darius Johnson,San Jose Earthquakes,us MLS,FW,26.8,93,1.0,,,,,,,,,,
Ruben Ramos,Sporting Kansas City,us MLS,FW,19.9,181,2.0,,,,,,,,,,
Roald Mitchell,New York Red Bulls,us MLS,FW,24.0,44,0.5,,,,,,,,,,
Osaze De Rosario,Seattle Sounders FC,us MLS,FW,25.5,677,7.5,314.22194342823764,Solid Squad Player,,,,,581.4488804462334,Top Starter,,
Jamal Thiaré,Columbus Crew,us MLS,FW,33.8,404,4.5,,,,,,,,,,
Tyger Smalls,Charlotte FC,us MLS,FW,24.3,166,1.8,,,,,,,,,,
Johan Gomez,Chicago Fire,us MLS,FW,21.7,65,0.7,,,,,,,,,,
Deandre Kerr,Toronto FC,us MLS,FW,24.1,449,5.0,120.33809592835128,Below Big-5 Level,,,,,525.9317414395125,Top Starter,,
Palmer Ault,St.Louis City,us MLS,FW,,57,0.6,,,,,,,,,,
Ezekiel Alladoh,Philadelphia Union,us MLS,FW,21.3,746,8.3,291.17369976149934,Solid Squad Player,,,,,642.3187561355271,Top Starter,,
Lineker Rodrigues,Real Salt Lake,us MLS,FW,24.8,279,3.1,,,,,,,,,,
Victor Olatunji,Real Salt Lake,us MLS,FW,27.3,396,4.4,,,,,,,,,,
Nathan Ordaz,DC United,us MLS,FW,23.0,809,9.0,350.54524889420344,Solid Squad Player,,,,,272.8449488692161,Solid Squad Player,,
Alex Mighten,San Diego FC,us MLS,FW,24.7,628,7.0,260.8354905134375,Solid Squad Player,,,,,380.65400658953115,Solid Squad Player,,
Jacob Murrell,DC United,us MLS,FW,22.8,98,1.1,,,,,,,,,,
Lewis Morgan,Toronto FC,us MLS,FW,30.3,610,6.8,358.1844787213599,Solid Squad Player,,,,,339.79499462639797,Solid Squad Player,,
Rayan Elloumi,Vancouver Whitecaps,us MLS,FW,19.3,400,4.4,,,,,,,,,,
Damion Downs,St.Louis City,us MLS,FW,22.5,16,0.2,,,,,,,,,,
Maurice Malone,Minnesota United,us MLS,FW,26.4,43,0.5,,,,,,,,,,
Omir Fernandez,Portland Timbers,us MLS,FW,27.9,111,1.2,,,,,,,,,,
Ibrahim Aliyu,Houston Dynamo,us MLS,FW,25.0,544,6.0,340.99889295933707,Solid Squad Player,,,,,425.8657952839819,Top Starter,,
Malachi Jones,New York City FC,us MLS,FW,23.3,462,5.1,321.42936925235153,Solid Squad Player,,,,,656.8891395506213,Top Starter,,
Wilson Harris,New England Revolution,us MLS,FW,,145,1.6,,,,,,,,,,
Seymour Garfield-Reid,Sporting Kansas City,us MLS,FW,18.8,165,1.8,,,,,,,,,,
Brendan McSorley,St.Louis City,us MLS,FW,24.9,185,2.1,,,,,,,,,,
Duncan McGuire,Houston Dynamo,us MLS,FW,25.9,902,10.0,269.90245718322495,Solid Squad Player,,,,,316.0940222396554,Solid Squad Player,,
Stas Kornzeniowski,Philadelphia Union,us MLS,FW,23.9,145,1.6,,,,,,,,,,
Sergio Santos,Atlanta United,us MLS,FW,32.3,97,1.1,,,,,,,,,,
Chris Mueller,Chicago Fire,us MLS,FW,30.3,93,1.0,,,,,,,,,,
Marcos Zambrano,New England Revolution,us MLS,FW,21.9,250,2.8,,,,,,,,,,
Gage Guerra,Portland Timbers,us MLS,FW,24.0,375,4.2,,,,,,,,,,
Owen Graham-Roache,CF Montréal,us MLS,FW,18.9,22,0.2,,,,,,,,,,
Ezequiel Ponce,Houston Dynamo,us MLS,FW,29.8,1121,12.5,184.337586735338,Below Big-5 Level,,,,,349.70840523567244,Solid Squad Player,,
Bongokuhle Hlongwane,Minnesota United,us MLS,FW,26.5,578,6.4,84.16568190421944,Below Big-5 Level,,,,,446.28004173071486,Top Starter,,
Jeremy Ebobisse,Los Angeles FC,us MLS,FW,29.9,399,4.4,,,,,,,,,,
Josef Martínez,Columbus Crew,us MLS,FW,33.6,300,3.3,,,,,,,,,,
Cayman Togashi,Atlanta United,us MLS,FW,33.4,100,1.1,,,,,,,,,,
Saied Abu Farchi,Colorado Rapids,us MLS,FW,,36,0.4,,,,,,,,,,
Arif Kovac,Atlanta United,us MLS,FW,,16,0.2,,,,,,,,,,
Ricky Louis,FC Dallas,us MLS,FW,22.2,17,0.2,,,,,,,,,,
Fletcher Bank,Toronto FC,us MLS,FW,,12,0.1,,,,,,,,,,
Nicholas Simmonds,FC Dallas,us MLS,FW,20.0,119,1.3,,,,,,,,,,
Kristian Fletcher,FC Cincinnati,us MLS,FW,21.4,16,0.2,,,,,,,,,,
Mamadou Billo Diop,Colorado Rapids,us MLS,FW,20.3,17,0.2,,,,,,,,,,
Daniel Musovski,Seattle Sounders FC,us MLS,FW,,883,9.8,287.10902519698226,Solid Squad Player,,,,,376.0106214879981,Solid Squad Player,,
Luka Jovanovic,San Jose Earthquakes,us MLS,FW,21.6,159,1.8,,,,,,,,,,
Nariman Akhundzade,Columbus Crew,us MLS,FW,22.7,156,1.7,,,,,,,,,,
Lovens Delinois,Inter Miami CF,us MLS,FW,,31,0.3,,,,,,,,,,
Micah Burton,Austin FC,us MLS,FW,20.8,33,0.4,,,,,,,,,,
Anderson Julio,FC Dallas,us MLS,FW,30.6,80,0.9,,,,,,,,,,
Woobens Pacius,Nashville SC,us MLS,FW,25.6,266,3.0,,,,,,,,,,
Jason Shokalook,Real Salt Lake,us MLS,FW,24.3,128,1.4,,,,,,,,,,
Nonso Adimabua,San Jose Earthquakes,us MLS,FW,26.3,46,0.5,,,,,,,,,,
Dominik Fitz,Minnesota United,us MLS,FW,27.5,15,0.2,,,,,,,,,,
Sal Olivas,Philadelphia Union,us MLS,FW,20.5,19,0.2,,,,,,,,,,
Zach Zengue,St.Louis City,us MLS,FW,22.9,18,0.2,,,,,,,,,,
Nick Markanich,Houston Dynamo,us MLS,FW,27.0,120,1.3,,,,,,,,,,
Alonso Martínez,New York City FC,us MLS,FW,28.2,12,0.1,,,,,,,,,,
Jayden Da,New England Revolution,us MLS,FW,,8,0.1,,,,,,,,,,
Filip Manojlović,IK Start,no Eliteserien,GK,30.7,360,4.0,,,,,,,,,,
Elias Hadaya,Sandefjord Fotball,no Eliteserien,GK,28.3,1800,20.0,,,,,,,,,717.4724630095686,Top Starter
Leander Øy,Sarpsborg 08,no Eliteserien,GK,23.2,900,10.0,,,,,,,,,622.9985348384846,Top Starter
Simen Vidtun Nilsen,SK Brann,no Eliteserien,GK,26.8,630,7.0,,,,,,,,,568.3407696485003,Top Starter
Arild Østbø,Viking FK,no Eliteserien,GK,35.7,810,9.0,,,,,,,,,489.5485573789964,Top Starter
Nikita Haikin,Bodø/Glimt,no Eliteserien,GK,31.5,1710,19.0,,,,,,,,,667.9150948037642,Top Starter
Martin Borsheim,Fredrikstad FK,no Eliteserien,GK,21.9,1800,20.0,,,,,,,,,398.7586675445213,Solid Squad Player
Pontus Dahlberg,Lillestrøm SK,no Eliteserien,GK,27.9,1800,20.0,,,,,,,,,670.2728680188751,Top Starter
Jakob Haugaard,Tromsø IL,no Eliteserien,GK,34.7,1741,19.3,,,,,,,,,387.5790025613512,Solid Squad Player
Mamour Ndiaye,Sarpsborg 08,no Eliteserien,GK,21.2,900,10.0,,,,,,,,,527.3800390566673,Top Starter
Luca Podlech,Aalesunds FK,no Eliteserien,GK,,630,7.0,,,,,,,,,520.9473129484195,Top Starter
Adrian Sæther,Kristiansund BK,no Eliteserien,GK,25.6,1080,12.0,,,,,,,,,750.3952208566664,World Class
Mathias Dyngeland,SK Brann,no Eliteserien,GK,31.2,1170,13.0,,,,,,,,,470.90473980509546,Top Starter
Emil Odegaard,KFUM Oslo,no Eliteserien,GK,27.7,900,10.0,,,,,,,,,557.7922081748486,Top Starter
Leopold Wahlstedt,Rosenborg BK,no Eliteserien,GK,27.5,1800,20.0,,,,,,,,,402.0175986394432,Top Starter
Oscar Hedvall,Vålerenga IF,no Eliteserien,GK,28.4,1800,20.0,,,,,,,,,402.65662695220306,Top Starter
Kristoffer Klaesson,Aalesunds FK,no Eliteserien,GK,26.1,990,11.0,,,,,,,,,437.76895858121674,Top Starter
Albert Posiadała,Molde FK,no Eliteserien,GK,23.8,1367,15.2,,,,,,,,,394.90969940852705,Solid Squad Player
Mads Juhl Kikkenborg,Molde FK,no Eliteserien,GK,27.2,343,3.8,,,,,,,,,,
Michael Lansing,Kristiansund BK,no Eliteserien,GK,32.6,720,8.0,,,,,,,,,445.82826245477617,Top Starter
Marcus Sandberg,HamKam,no Eliteserien,GK,36.2,1800,20.0,,,,,,,,,436.07316809980244,Top Starter
Julian Lund,Bodø/Glimt,no Eliteserien,GK,27.6,90,1.0,,,,,,,,,,
Krzysztof Bąkowski,KFUM Oslo,no Eliteserien,GK,24.0,180,2.0,,,,,,,,,,
Ľubomír Belko,Viking FK,no Eliteserien,GK,24.9,990,11.0,,,,,,,,,376.3358128888413,Solid Squad Player
Jacob Pryts,Sarpsborg 08,no Eliteserien,GK,28.5,1440,16.0,,,,,,,,,325.9965266174461,Solid Squad Player
Tor Erik Larsen,Aalesunds FK,no Eliteserien,GK,28.3,180,2.0,,,,,,,,,,
Havar Jensen,KFUM Oslo,no Eliteserien,GK,30.7,720,8.0,,,,,,,,,401.0520045625466,Top Starter
Peder Hoel Lervik,Molde FK,no Eliteserien,GK,21.7,90,1.0,,,,,,,,,,
Ole Lauvli,Tromsø IL,no Eliteserien,GK,32.6,59,0.7,,,,,,,,,,
Sander Aske Granheim,IK Start,no Eliteserien,DF,,90,1.0,,,,,,,,,,
Fredrik Sjøvold,Bodø/Glimt,no Eliteserien,DF,23.4,1710,19.0,,,,,533.1058225844004,Top Starter,471.26087068974823,Top Starter,,
Haitam Aleesami,Bodø/Glimt,no Eliteserien,DF,35.4,1064,11.8,,,,,556.6117015603277,Top Starter,614.3064897502958,Top Starter,,
Zinedin Smajlović,Sandefjord Fotball,no Eliteserien,DF,23.0,897,10.0,,,,,675.629508352471,Top Starter,746.2797129182983,Top Starter,,
Abubacarr Kinteh,Tromsø IL,no Eliteserien,DF,20.1,595,6.6,,,,,863.188808528012,World Class,784.8,World Class,,
Odin Luras Bjørtuft,Bodø/Glimt,no Eliteserien,DF,28.0,1768,19.6,,,,,466.6375376736057,Top Starter,504.1857097427245,Top Starter,,
Birk Risa,Molde FK,no Eliteserien,DF,28.9,1455,16.2,,,,,469.7127751075878,Top Starter,479.2232093934207,Top Starter,,
Henrik Sælebakke Falchener,Viking FK,no Eliteserien,DF,23.7,1052,11.7,,,,,581.624441806441,Top Starter,612.8688798069767,Top Starter,,
Gianni Stensness,Viking FK,no Eliteserien,DF,27.9,1575,17.5,,,,,509.12244068083714,Top Starter,550.9741362029403,Top Starter,,
Sivert Sira Hansen,Molde FK,no Eliteserien,DF,24.6,1556,17.3,,,,,673.2736672969876,Top Starter,607.421009799005,Top Starter,,
Vetle Skjaervik,Tromsø IL,no Eliteserien,DF,26.3,1207,13.4,,,,,513.9139697551245,Top Starter,445.09919805036577,Top Starter,,
Rasmus Holten,Sandefjord Fotball,no Eliteserien,DF,21.9,763,8.5,,,,,632.7562812867059,Top Starter,626.2420062327711,Top Starter,,
Fredrik Holmé,Fredrikstad FK,no Eliteserien,DF,25.4,1526,17.0,,,,,552.2954193386092,Top Starter,512.1128508533523,Top Starter,,
Villads Nielsen,Bodø/Glimt,no Eliteserien,DF,21.9,280,3.1,,,,,,,,,,
Tobias Kvalvagnes Guddal,Tromsø IL,no Eliteserien,DF,24.4,1350,15.0,,,,,587.6753700179391,Top Starter,616.0643551092965,Top Starter,,
Fredrik André Bjørkan,Bodø/Glimt,no Eliteserien,DF,28.4,1031,11.5,,,,,438.39978411016756,Top Starter,431.62196153366364,Top Starter,,
Henrik Heggheim,Viking FK,no Eliteserien,DF,25.7,1416,15.7,,,,,725.8657991126186,Top Starter,680.8111413909538,Top Starter,,
Lars Ranger,Lillestrøm SK,no Eliteserien,DF,27.8,1551,17.2,,,,,633.9796975035624,Top Starter,599.2897333142629,Top Starter,,
Ulrik Jenssen,Lillestrøm SK,no Eliteserien,DF,30.5,635,7.1,,,,,489.8242888358113,Top Starter,475.4315805030651,Top Starter,,
Jostein Gundersen,Bodø/Glimt,no Eliteserien,DF,30.7,498,5.5,,,,,461.28373931214156,Top Starter,501.390924253912,Top Starter,,
Viljar Vevatne,Viking FK,no Eliteserien,DF,32.1,126,1.4,,,,,,,,,,
Ruben Gabrielsen,Lillestrøm SK,no Eliteserien,DF,34.8,1440,16.0,,,,,508.6105078599538,Top Starter,512.2092033335657,Top Starter,,
Daniel Eid,Fredrikstad FK,no Eliteserien,DF,28.2,1686,18.7,,,,,497.3032399639428,Top Starter,468.35482598690004,Top Starter,,
Denzel De Roeve,SK Brann,no Eliteserien,DF,22.4,946,10.5,,,,,635.802864635091,Top Starter,570.8565107856317,Top Starter,,
Bjorn Utvik,Sarpsborg 08,no Eliteserien,DF,30.8,1710,19.0,,,,,578.093935245483,Top Starter,504.968347284617,Top Starter,,
Jonas Svensson,Rosenborg BK,no Eliteserien,DF,33.8,647,7.2,,,,,676.3483544501993,Top Starter,665.2929340004209,Top Starter,,
Vetle Auklend,Viking FK,no Eliteserien,DF,21.8,633,7.0,,,,,656.0697456870347,Top Starter,575.8612048610624,Top Starter,,
Martin Linnes,Molde FK,no Eliteserien,MF,35.3,763,8.5,,,651.1941674510916,Top Starter,,,681.7727522038072,Top Starter,,
Fredrik Pallesen Knudsen,SK Brann,no Eliteserien,DF,30.3,1521,16.9,,,,,606.963193471282,Top Starter,590.2260374299852,Top Starter,,
Ulrik Fredriksen,Fredrikstad FK,no Eliteserien,DF,27.5,1510,16.8,,,,,583.9273131701699,Top Starter,547.0933471136519,Top Starter,,
Isak Vadebu,Tromsø IL,no Eliteserien,DF,23.4,1400,15.6,,,,,598.7539031674187,Top Starter,507.88134483803293,Top Starter,,
Alexander Munksgaard,Kristiansund BK,no Eliteserien,DF,29.1,1317,14.6,,,,,521.9413144274623,Top Starter,462.60682252023344,Top Starter,,
Kristoffer Tønnessen,IK Start,no Eliteserien,DF,29.3,444,4.9,,,,,,,,,,
Sander Moen Foss,Lillestrøm SK,no Eliteserien,DF,28.0,779,8.7,,,,,413.96615167993576,Top Starter,391.6931518594542,Solid Squad Player,,
Tomáš Nemčík,Rosenborg BK,no Eliteserien,DF,25.7,1512,16.8,,,,,533.9821681943679,Top Starter,433.3736864471893,Top Starter,,
Joachim Soltvedt,SK Brann,no Eliteserien,DF,31.3,1544,17.2,,,,,488.9666509581415,Top Starter,525.6181174047887,Top Starter,,
Sigurd Rosted,Sarpsborg 08,no Eliteserien,DF,32.4,523,5.8,,,,,563.3382970845931,Top Starter,464.23196731321184,Top Starter,,
Eirik Franke Saunes,KFUM Oslo,no Eliteserien,DF,28.3,1451,16.1,,,,,718.8090384159526,Top Starter,658.1304535537597,Top Starter,,
Sondre Flem Bjørshol,Viking FK,no Eliteserien,DF,32.7,413,4.6,,,,,,,,,,
Fredrik Kristensen Dahl,Molde FK,no Eliteserien,DF,27.9,92,1.0,,,,,,,,,,
Claus Niyukuri,Sarpsborg 08,no Eliteserien,DF,26.9,1295,14.4,,,,,581.5500111365396,Top Starter,463.9066519278905,Top Starter,,
Anders Baertelsen,Viking FK,no Eliteserien,DF,26.6,513,5.7,,,,,605.9201553939012,Top Starter,666.3071214938141,Top Starter,,
Simen Rafn,Fredrikstad FK,no Eliteserien,DF,34.9,915,10.2,,,,,417.0411260767274,Top Starter,347.6370051818887,Solid Squad Player,,
Dan Peter Ulvestad,Kristiansund BK,no Eliteserien,DF,37.7,1563,17.4,,,,,504.2582046410818,Top Starter,439.0991009621382,Top Starter,,
Kristoffer Haugen,Viking FK,no Eliteserien,DF,32.9,1180,13.1,,,,,468.02240312159813,Top Starter,515.7958108438365,Top Starter,,
Johan Meyer,IK Start,no Eliteserien,DF,23.0,24,0.3,,,,,,,,,,
Anders Hiim,Sarpsborg 08,no Eliteserien,DF,24.3,1793,19.9,,,,,556.3709842179172,Top Starter,533.404674972688,Top Starter,,
Håkon Volden,Rosenborg BK,no Eliteserien,DF,19.6,337,3.7,,,,,,,,,,
Vetle Dragsnes,SK Brann,no Eliteserien,DF,32.9,1145,12.7,,,,,451.75535596305366,Top Starter,453.72616054143964,Top Starter,,
Solomon Owusu,Fredrikstad FK,no Eliteserien,DF,31.2,492,5.5,,,,,619.9722615698032,Top Starter,574.8873575240995,Top Starter,,
Halldor Stenevik,Molde FK,no Eliteserien,DF,26.9,1079,12.0,,,,,591.2074802427029,Top Starter,503.93147927702705,Top Starter,,
Martin Gjone,HamKam,no Eliteserien,DF,21.6,1436,16.0,,,,,517.4285520392876,Top Starter,482.5926263438408,Top Starter,,
John Olav Norheim,IK Start,no Eliteserien,DF,31.7,1135,12.6,,,,,596.5689595070068,Top Starter,578.0830587301585,Top Starter,,
Erlend Dahl Reitan,IK Start,no Eliteserien,DF,29.3,1635,18.2,,,,,474.31719134725233,Top Starter,382.73234372954823,Solid Squad Player,,
Tobias Solheim Dahl,Rosenborg BK,no Eliteserien,DF,22.0,821,9.1,,,,,532.0848324112386,Top Starter,429.95951814175316,Top Starter,,
Magnar Odegaard,Sarpsborg 08,no Eliteserien,DF,33.6,347,3.9,,,,,,,,,,
Aaron Kiil Olsen,Vålerenga IF,no Eliteserien,DF,25.6,1688,18.8,,,,,532.620050960786,Top Starter,439.28762571036407,Top Starter,,
Mikkel Konradsen Ceide,Rosenborg BK,no Eliteserien,DF,25.3,1067,11.9,,,,,462.90879185560254,Top Starter,388.8019184409897,Solid Squad Player,,
Xander Lambrix,Sandefjord Fotball,no Eliteserien,DF,26.8,1709,19.0,,,,,479.2892968173516,Top Starter,489.51301289352637,Top Starter,,
Samukelo Kabini,Molde FK,no Eliteserien,DF,22.8,1290,14.3,,,,,611.401117366754,Top Starter,589.6412549441587,Top Starter,,
Mathias Tonnessen,Tromsø IL,no Eliteserien,DF,23.1,282,3.1,,,,,,,,,,
Ilir Kukleci,HamKam,no Eliteserien,DF,28.2,135,1.5,,,,,,,,,,
Isak Dybvik Määttä,Bodø/Glimt,no Eliteserien,DF,25.3,962,10.7,,,,,383.06166619564704,Solid Squad Player,452.6871773393469,Top Starter,,
Frederik Elkær,Lillestrøm SK,no Eliteserien,DF,25.1,815,9.1,,,,,461.4390860687242,Top Starter,447.35113133881805,Top Starter,,
Tom Strannegård,IK Start,no Eliteserien,DF,24.7,1509,16.8,,,,,459.2711479574879,Top Starter,423.021689728255,Top Starter,,
Fillip Voster Botnen,Viking FK,no Eliteserien,DF,20.6,8,0.1,,,,,,,,,,
Sigurd Kvile,Fredrikstad FK,no Eliteserien,DF,26.8,37,0.4,,,,,,,,,,
Isak Helstad Amundsen,Fredrikstad FK,no Eliteserien,DF,27.2,642,7.1,,,,,603.9448614277816,Top Starter,533.559454718538,Top Starter,,
Jens Berland Husebø,IK Start,no Eliteserien,DF,27.8,652,7.2,,,,,658.9507762523056,Top Starter,595.7883373494947,Top Starter,,
Marius Lode,Sarpsborg 08,no Eliteserien,DF,33.8,563,6.3,,,,,468.5381191766775,Top Starter,354.6491448840411,Solid Squad Player,,
Alexander Warneryd,Tromsø IL,no Eliteserien,DF,21.4,1401,15.6,,,,,407.8259446886096,Top Starter,399.1957688996907,Solid Squad Player,,
Stian Kristiansen,Lillestrøm SK,no Eliteserien,DF,28.0,740,8.2,,,,,599.926317343225,Top Starter,516.3952554026312,Top Starter,,
Leo Cornic,SK Brann,no Eliteserien,DF,26.0,1453,16.1,,,,,440.88095021956036,Top Starter,398.6075288419967,Solid Squad Player,,
Altin Ujkani,IK Start,no Eliteserien,DF,26.9,542,6.0,,,,,474.45669519505856,Top Starter,499.3347385510219,Top Starter,,
Vince Osuji,Tromsø IL,no Eliteserien,DF,20.7,145,1.6,,,,,,,,,,
Thore Pedersen,SK Brann,no Eliteserien,DF,30.4,1269,14.1,,,,,479.5955247664651,Top Starter,462.17795020773775,Top Starter,,
Hakon Krogelien,Sandefjord Fotball,no Eliteserien,DF,22.7,283,3.1,,,,,,,,,,
Julius Mar Juliusson,Kristiansund BK,no Eliteserien,DF,22.6,1648,18.3,,,,,652.9776334010087,Top Starter,529.9713801340718,Top Starter,,
Eirik Haugan,Molde FK,no Eliteserien,DF,29.3,322,3.6,,,,,,,,,,
Fredrik Sjolstad,HamKam,no Eliteserien,DF,32.8,1335,14.8,,,,,465.7828544961855,Top Starter,437.6957162723785,Top Starter,,
Daniel Schneider,KFUM Oslo,no Eliteserien,DF,24.8,1616,18.0,,,,,600.4053852550841,Top Starter,544.4738925769217,Top Starter,,
Uba Charles,Aalesunds FK,no Eliteserien,DF,24.2,1462,16.2,,,,,611.8190590433102,Top Starter,645.6197567743292,Top Starter,,
Jakob Nyland Örsahl,Aalesunds FK,no Eliteserien,DF,25.5,538,6.0,,,,,479.43620926308427,Top Starter,510.51064562672286,Top Starter,,
Jonas Mortensen,Rosenborg BK,no Eliteserien,DF,26.0,606,6.7,,,,,721.1600178751561,Top Starter,673.6709047693777,Top Starter,,
Filip Loftesnes Bjune,Sandefjord Fotball,no Eliteserien,DF,21.7,41,0.5,,,,,,,,,,
Fredrik Tobias Berglie,KFUM Oslo,no Eliteserien,DF,30.0,1054,11.7,,,,,528.6272852966025,Top Starter,526.5944326731418,Top Starter,,
Gustav Højbjerg,Sandefjord Fotball,no Eliteserien,DF,23.1,96,1.1,,,,,,,,,,
Sebastian Jarl,Vålerenga IF,no Eliteserien,DF,27.0,660,7.3,,,,,589.7436763225026,Top Starter,473.7346176084405,Top Starter,,
Marius Andresen,Aalesunds FK,no Eliteserien,DF,27.0,733,8.1,,,,,678.9868621305443,Top Starter,636.2933284780187,Top Starter,,
Ivan Näsberg,Vålerenga IF,no Eliteserien,DF,30.7,1299,14.4,,,,,531.4403509512615,Top Starter,457.2579390652236,Top Starter,,
Halvor Rodolen Opsahl,HamKam,no Eliteserien,DF,24.2,331,3.7,,,,,,,,,,
Nikolai Skuseth,Sarpsborg 08,no Eliteserien,DF,22.6,45,0.5,,,,,,,,,,
Aleksander Kjelsen,Aalesunds FK,no Eliteserien,DF,21.0,1097,12.2,,,,,489.27362309769114,Top Starter,429.4214089936551,Top Starter,,
Cheick Mbacke Diop,Aalesunds FK,no Eliteserien,DF,21.0,404,4.5,,,,,,,,,,
Kevin Tshiembe,Vålerenga IF,no Eliteserien,DF,29.8,338,3.8,,,,,,,,,,
Jonathan Norbye,Fredrikstad FK,no Eliteserien,DF,19.8,489,5.4,,,,,518.2509301221012,Top Starter,431.06801128289356,Top Starter,,
Sturla Ottesen,Lillestrøm SK,no Eliteserien,DF,25.6,881,9.8,,,,,560.914940584498,Top Starter,556.6225298233438,Top Starter,,
Ousmane Diallo Toure,IK Start,no Eliteserien,DF,,1163,12.9,,,,,531.3694173135837,Top Starter,501.78107732622317,Top Starter,,
Peter Reinhardsen,Sarpsborg 08,no Eliteserien,DF,27.7,78,0.9,,,,,,,,,,
Adrian Nilsen Pereira,Rosenborg BK,no Eliteserien,DF,27.3,831,9.2,,,,,552.031508899824,Top Starter,531.0176852552881,Top Starter,,
Ethan Amundsen-Day,HamKam,no Eliteserien,DF,21.6,1698,18.9,,,,,530.6111991877077,Top Starter,470.27202579065556,Top Starter,,
Eirik Wichne,Sarpsborg 08,no Eliteserien,DF,29.6,518,5.8,,,,,496.7412549996634,Top Starter,525.2499083298337,Top Starter,,
Aleksander Andresen,HamKam,no Eliteserien,DF,21.7,132,1.5,,,,,,,,,,
Herman Johan Haugen,Viking FK,no Eliteserien,DF,26.7,503,5.6,,,,,446.44449778025876,Top Starter,515.3008075960454,Top Starter,,
Sebastian Griesbeck,IK Start,no Eliteserien,DF,36.2,305,3.4,,,,,,,,,,
Simen Haram,Aalesunds FK,no Eliteserien,DF,21.9,974,10.8,,,,,621.883945419327,Top Starter,520.3254706246051,Top Starter,,
Vetle Walle Egeli,Sandefjord Fotball,no Eliteserien,DF,22.5,1723,19.1,,,,,463.61885726480836,Top Starter,417.7242605587086,Top Starter,,
Håkon Røsten,KFUM Oslo,no Eliteserien,DF,21.9,1002,11.1,,,,,498.16792290110453,Top Starter,458.86878643850815,Top Starter,,
Yaw Paintsil,Lillestrøm SK,no Eliteserien,DF,27.4,773,8.6,,,,,521.8454742325135,Top Starter,498.9214309780888,Top Starter,,
Menno Koch,Sarpsborg 08,no Eliteserien,DF,32.5,490,5.4,,,,,584.2739869625117,Top Starter,540.873016572055,Top Starter,,
Aslak Witry,Rosenborg BK,no Eliteserien,DF,30.8,953,10.6,,,,,531.6557573007295,Top Starter,467.8811915989843,Top Starter,,
Frederik Flex,Kristiansund BK,no Eliteserien,DF,22.8,1082,12.0,,,,,576.6661100802422,Top Starter,459.57630960437876,Top Starter,,
Hakon Sjatil,Vålerenga IF,no Eliteserien,DF,24.0,1193,13.3,,,,,496.6249992678361,Top Starter,411.6767683371288,Top Starter,,
Fredrik Carson Pedersen,Sandefjord Fotball,no Eliteserien,DF,24.2,1779,19.8,,,,,463.69367556221454,Top Starter,398.04042470243337,Solid Squad Player,,
Anton Ekeroth,HamKam,no Eliteserien,DF,25.3,1013,11.3,,,,,366.4017893187997,Solid Squad Player,386.7160382972544,Solid Squad Player,,
Noah Ljøen Bye,Molde FK,no Eliteserien,DF,,8,0.1,,,,,,,,,,
Musa Jatta,Tromsø IL,no Eliteserien,DF,,135,1.5,,,,,,,,,,
Leon Hien,Tromsø IL,no Eliteserien,DF,25.4,353,3.9,,,,,,,,,,
Fanuel Ghebreyohannes Yrga-Alem,Fredrikstad FK,no Eliteserien,DF,20.1,730,8.1,,,,,525.7405461210876,Top Starter,510.01205319539906,Top Starter,,
Kolbeinn Finnsson,Vålerenga IF,no Eliteserien,DF,27.4,1710,19.0,,,,,586.8313387936688,Top Starter,537.2120025927658,Top Starter,,
Sander Hansen Sjøkvist,KFUM Oslo,no Eliteserien,DF,27.8,875,9.7,,,,,465.34940740853494,Top Starter,418.51977150637947,Top Starter,,
Ian Hoffmann,HamKam,no Eliteserien,DF,25.3,604,6.7,,,,,420.2821792486667,Top Starter,443.36042156531977,Top Starter,,
Philip Sandvik Aukland,Aalesunds FK,no Eliteserien,DF,28.0,385,4.3,,,,,,,,,,
Joachim Nysveen,Fredrikstad FK,no Eliteserien,DF,20.7,43,0.5,,,,,,,,,,
Fredrik Palerud,IK Start,no Eliteserien,DF,32.9,179,2.0,,,,,,,,,,
Ólafur Guðmundsson,Aalesunds FK,no Eliteserien,DF,24.8,1380,15.3,,,,,608.9690920304688,Top Starter,562.1414716800335,Top Starter,,
Omar Jebali,IK Start,no Eliteserien,DF,26.9,820,9.1,,,,,546.6695372450217,Top Starter,475.67971341386385,Top Starter,,
Nana Kwame Boakye,SK Brann,no Eliteserien,DF,21.1,134,1.5,,,,,,,,,,
Momodou Lion Njie,KFUM Oslo,no Eliteserien,DF,25.1,190,2.1,,,,,,,,,,
Vegar Eggen Hedenstad,Vålerenga IF,no Eliteserien,DF,35.5,185,2.1,,,,,,,,,,
Jonas Torsvik,SK Brann,no Eliteserien,DF,21.6,53,0.6,,,,,,,,,,
Amin Nouri,KFUM Oslo,no Eliteserien,DF,37.0,95,1.1,,,,,,,,,,
Snorre Strand Nilsen,HamKam,no Eliteserien,DF,30.0,539,6.0,,,,,561.9519292307507,Top Starter,576.4736487569392,Top Starter,,
Casper Öyvann,Tromsø IL,no Eliteserien,DF,27.1,16,0.2,,,,,,,,,,
Anders Børset,Kristiansund BK,no Eliteserien,DF,20.9,47,0.5,,,,,,,,,,
Neraysho Kasanwirjo,SK Brann,no Eliteserien,DF,24.9,94,1.0,,,,,,,,,,
Emil Engqvist,Aalesunds FK,no Eliteserien,DF,27.6,648,7.2,,,,,646.4233056601197,Top Starter,633.5183981249759,Top Starter,,
Kristoffer Nessø,Aalesunds FK,no Eliteserien,DF,33.5,1059,11.8,,,,,389.38314585361934,Solid Squad Player,358.73039906872424,Solid Squad Player,,
Brage Skaret,KFUM Oslo,no Eliteserien,DF,24.7,957,10.6,,,,,475.3746211898795,Top Starter,404.4752745148111,Top Starter,,
Martin Hellan,Sandefjord Fotball,no Eliteserien,DF,23.4,154,1.7,,,,,,,,,,
Mark Mampasi,Rosenborg BK,no Eliteserien,DF,23.8,34,0.4,,,,,,,,,,
Viðar Ari Jónsson,HamKam,no Eliteserien,DF,32.8,1066,11.8,,,,,521.2684409022471,Top Starter,522.2007029750639,Top Starter,,
Espen Bjørnsen Garnås,Lillestrøm SK,no Eliteserien,DF,32.0,291,3.2,,,,,,,,,,
Max Normann Williamsen,Kristiansund BK,no Eliteserien,DF,,322,3.6,,,,,,,,,,
Jacob Blixt Flaten,KFUM Oslo,no Eliteserien,DF,,195,2.2,,,,,,,,,,
Mathias Løvik,Molde FK,no Eliteserien,DF,23.1,316,3.5,,,,,,,,,,
Ulrik Syversen,Aalesunds FK,no Eliteserien,DF,23.7,465,5.2,,,,,537.1308435940703,Top Starter,546.3083981668175,Top Starter,,
Jesper Daland,Viking FK,no Eliteserien,DF,27.0,138,1.5,,,,,,,,,,
John Kitolano,Kristiansund BK,no Eliteserien,DF,27.2,176,2.0,,,,,,,,,,
Lucas Svenningsen,Lillestrøm SK,no Eliteserien,DF,20.0,1,0.0,,,,,,,,,,
Kennedy Ikechukwu Okpaleke,Fredrikstad FK,no Eliteserien,DF,18.1,2,0.0,,,,,,,,,,
Mads Mikkelsen,Tromsø IL,no Eliteserien,DF,,5,0.1,,,,,,,,,,
Zlatko Tripić,Viking FK,no Eliteserien,FW,34.1,1579,17.5,479.46357644732905,Top Starter,,,,,550.9783490833904,Top Starter,,
Tobias Borkeeiet,Sandefjord Fotball,no Eliteserien,MF,27.7,270,3.0,,,,,,,,,,
Ole Selnæs,Rosenborg BK,no Eliteserien,MF,32.5,1258,14.0,,,778.8390597044456,World Class,,,778.2463306112897,World Class,,
Patrick Berg,Bodø/Glimt,no Eliteserien,MF,29.1,1528,17.0,,,648.9181078758638,Top Starter,,,638.6274686515447,Top Starter,,
Jakob Sørensen,SK Brann,no Eliteserien,MF,28.8,1323,14.7,,,485.913361116212,Top Starter,,,781.3880279966315,World Class,,
Eirik Hestad,Molde FK,no Eliteserien,FW,31.6,1161,12.9,586.7238213087401,Top Starter,,,,,544.4324076077802,Top Starter,,
Aimar Sher,Sarpsborg 08,no Eliteserien,MF,24.0,1466,16.3,,,427.35498202791797,Top Starter,,,616.4221033733597,Top Starter,,
Håkon Evjen,Bodø/Glimt,no Eliteserien,MF,26.9,753,8.4,,,757.5458809970921,World Class,,,602.2031513133527,Top Starter,,
Filip Thorvaldsen,Vålerenga IF,no Eliteserien,MF,20.7,876,9.7,,,544.8645904951298,Top Starter,,,429.66984996443557,Top Starter,,
Endre Hjertager Osenbroch,Aalesunds FK,no Eliteserien,MF,22.6,1131,12.6,,,694.0445201565598,Top Starter,,,436.24757968036425,Top Starter,,
Kristoffer Askildsen,Viking FK,no Eliteserien,MF,26.0,1577,17.5,,,541.0056660907629,Top Starter,,,592.5216774740535,Top Starter,,
Felix Vá,Lillestrøm SK,no Eliteserien,MF,28.4,1630,18.1,,,703.0014229090939,Top Starter,,,586.4739919051201,Top Starter,,
Mathias Christensen,Aalesunds FK,no Eliteserien,MF,25.1,1552,17.2,,,605.9649911484202,Top Starter,,,584.7246366784519,Top Starter,,
David Edvardsson,Tromsø IL,no Eliteserien,MF,24.8,1709,19.0,,,601.5610168573427,Top Starter,,,585.301958296613,Top Starter,,
Sondre Fet,Bodø/Glimt,no Eliteserien,MF,30.0,1241,13.8,,,662.7258055329347,Top Starter,,,453.4151345174044,Top Starter,,
Ruben Jenssen,Tromsø IL,no Eliteserien,Def_MF,38.7,1640,18.2,,,,,286.9573228485061,Solid Squad Player,386.76018492775245,Solid Squad Player,,
Emil Breivik,Molde FK,no Eliteserien,MF,26.6,1794,19.9,,,707.6551971926021,Top Starter,,,487.7127708606824,Top Starter,,
Samuel Leach Holm,Fredrikstad FK,no Eliteserien,MF,29.2,998,11.1,,,575.8314695988414,Top Starter,,,562.2637083540068,Top Starter,,
Robin Rasch,KFUM Oslo,no Eliteserien,MF,33.0,949,10.5,,,597.7376194608069,Top Starter,,,552.5888931675894,Top Starter,,
Mats Møller Dæhli,Molde FK,no Eliteserien,Def_MF,31.8,715,7.9,,,,,641.1822509808953,Top Starter,607.6241602807954,Top Starter,,
Rocco Robert Shein,Fredrikstad FK,no Eliteserien,MF,23.5,966,10.7,,,529.1962245464103,Top Starter,,,636.4407748327559,Top Starter,,
Carl Lange,Vålerenga IF,no Eliteserien,MF,28.2,1681,18.7,,,511.2558703708185,Top Starter,,,623.0263854483223,Top Starter,,
Oskar Spiten-Nysæter,Molde FK,no Eliteserien,MF,19.3,684,7.6,,,695.5334213202179,Top Starter,,,687.3271591580814,Top Starter,,
Iver Fossum,Rosenborg BK,no Eliteserien,MF,30.5,832,9.2,,,612.8033802054434,Top Starter,,,585.8469690584791,Top Starter,,
Max Nilsson,Fredrikstad FK,no Eliteserien,MF,21.8,875,9.7,,,559.6474093442301,Top Starter,,,688.3759575465275,Top Starter,,
Jens Hjertø-Dahl,Tromsø IL,no Eliteserien,MF,21.2,1202,13.4,,,456.80217366966826,Top Starter,,,516.3152343777253,Top Starter,,
Heine Gikling Bruseth,Kristiansund BK,no Eliteserien,MF,22.7,1302,14.5,,,560.2926198477248,Top Starter,,,543.7922361926152,Top Starter,,
Daniel Daga,Molde FK,no Eliteserien,MF,20.0,622,6.9,,,416.0309397396115,Top Starter,,,826.2016600011697,World Class,,
Aksel Baran Potur,HamKam,no Eliteserien,MF,24.1,1418,15.8,,,520.7605628713121,Top Starter,,,504.4127300414004,Top Starter,,
Sondre Auklend,Bodø/Glimt,no Eliteserien,MF,23.6,1349,15.0,,,709.2083438849129,Top Starter,,,641.9799348095219,Top Starter,,
Simen Kvia-Egeskog,Viking FK,no Eliteserien,MF,23.6,1435,15.9,,,464.26726731032056,Top Starter,,,402.528205927813,Top Starter,,
Sander Risan Mörk,Sandefjord Fotball,no Eliteserien,MF,26.1,1765,19.6,,,287.693658165887,Solid Squad Player,,,435.92051861356197,Top Starter,,
Kristall Máni Ingason,SK Brann,no Eliteserien,MF,25.0,1053,11.7,,,618.1245840270664,Top Starter,,,603.9344435487728,Top Starter,,
Sondre Milian Granaas,Molde FK,no Eliteserien,MF,20.3,1149,12.8,,,788.5681623345012,World Class,,,632.5526215557815,Top Starter,,
Patrick Metcalfe,HamKam,no Eliteserien,MF,28.1,1303,14.5,,,605.4018536534512,Top Starter,,,436.06915833143074,Top Starter,,
Henrik Bjørdal,Viking FK,no Eliteserien,MF,29.9,1437,16.0,,,746.0237946553616,Top Starter,,,614.8354781071495,Top Starter,,
Zymer Bytyqi,Kristiansund BK,no Eliteserien,FW,30.3,227,2.5,,,,,,,,,,
Lucas Haren,Vålerenga IF,no Eliteserien,MF,29.2,1231,13.7,,,533.3308679810582,Top Starter,,,448.66296419529385,Top Starter,,
Olaus Skarsem,Sarpsborg 08,no Eliteserien,MF,,477,5.3,,,497.5166391423696,Top Starter,,,561.9783350545475,Top Starter,,
Troy Nyhammer,Tromsø IL,no Eliteserien,MF,20.4,733,8.1,,,661.5968204128001,Top Starter,,,399.56398251742445,Solid Squad Player,,
Erlend Segberg,IK Start,no Eliteserien,MF,29.7,1637,18.2,,,500.48379233332844,Top Starter,,,530.1523844446358,Top Starter,,
Sander Christiansen,Sarpsborg 08,no Eliteserien,MF,25.7,1413,15.7,,,412.33928599247395,Top Starter,,,585.8801077957883,Top Starter,,
Vebjørn Hoff,Molde FK,no Eliteserien,MF,30.9,911,10.1,,,411.19900898200706,Top Starter,,,553.1343237655465,Top Starter,,
Mads Bomholt,Rosenborg BK,no Eliteserien,MF,21.0,1688,18.8,,,639.0266482948522,Top Starter,,,534.4220046132871,Top Starter,,
Salieu Drammeh,Lillestrøm SK,no Eliteserien,MF,23.8,983,10.9,,,549.2972047036558,Top Starter,,,467.99845176629424,Top Starter,,
Felix Horn Myhre,SK Brann,no Eliteserien,MF,27.8,1350,15.0,,,498.25354284067197,Top Starter,,,442.430590543448,Top Starter,,
Oskar Øhlenschlaeger,Fredrikstad FK,no Eliteserien,MF,22.7,1297,14.4,,,515.3347717383593,Top Starter,,,626.5067047136673,Top Starter,,
Evangelos Patoulidis,Sandefjord Fotball,no Eliteserien,MF,25.3,1311,14.6,,,570.8321593567337,Top Starter,,,486.54083341585056,Top Starter,,
Tore Andre Soras,KFUM Oslo,no Eliteserien,MF,28.5,664,7.4,,,417.0950292378426,Top Starter,,,655.6563927467249,Top Starter,,
Ambina Fidèle Brice,Vålerenga IF,no Eliteserien,MF,25.1,600,6.7,,,694.2822893656481,Top Starter,,,779.3235787280145,World Class,,
Sondre Sörli,Sarpsborg 08,no Eliteserien,FW,31.2,1679,18.7,392.0616533357225,Solid Squad Player,,,,,340.58175040790167,Solid Squad Player,,
Andreas Hansen,Sarpsborg 08,no Eliteserien,MF,31.4,1430,15.9,,,431.33061843031953,Top Starter,,,360.2018930574143,Solid Squad Player,,
Ervin Gigović,Sandefjord Fotball,no Eliteserien,MF,,90,1.0,,,,,,,,,,
Jonas Lange Hjorth,KFUM Oslo,no Eliteserien,MF,25.9,1125,12.5,,,477.3047682887398,Top Starter,,,432.2418223890729,Top Starter,,
Joshua Kitolano,Bodø/Glimt,no Eliteserien,MF,25.4,195,2.2,,,,,,,,,,
Steve Mvoué,IK Start,no Eliteserien,MF,24.9,827,9.2,,,451.0629420891347,Top Starter,,,671.9723374954448,Top Starter,,
Elias Kristoffersen Hagen,Aalesunds FK,no Eliteserien,MF,26.9,1581,17.6,,,349.5369025260676,Solid Squad Player,,,459.97266834429286,Top Starter,,
Wilfred George Igor,Kristiansund BK,no Eliteserien,MF,21.9,1553,17.3,,,367.5021516004133,Solid Squad Player,,,676.2467965054481,Top Starter,,
Simen Nordli,Rosenborg BK,no Eliteserien,MF,27.0,701,7.8,,,474.9379362351101,Top Starter,,,409.5351010231803,Top Starter,,
Gustav Kjolstad Nyheim,Lillestrøm SK,no Eliteserien,MF,20.9,1202,13.4,,,533.4844604246601,Top Starter,,,603.71746328166,Top Starter,,
Victor Emanuel Halvorsen,Sarpsborg 08,no Eliteserien,MF,22.5,1207,13.4,,,584.7082903943727,Top Starter,,,471.78128872376317,Top Starter,,
Loris Mettler,HamKam,no Eliteserien,MF,28.0,479,5.3,,,605.83018954537,Top Starter,,,409.0138054886337,Top Starter,,
Markus Karlsbakk,Lillestrøm SK,no Eliteserien,MF,26.7,1177,13.1,,,462.076502201035,Top Starter,,,487.09001706583933,Top Starter,,
Mikael Ugland,IK Start,no Eliteserien,MF,26.9,1289,14.3,,,508.8632703734346,Top Starter,,,686.6005447606706,Top Starter,,
Ylldren Ibrahimaj,Lillestrøm SK,no Eliteserien,MF,31.0,1629,18.1,,,476.52990406223296,Top Starter,,,466.7894174344186,Top Starter,,
Edvin Austbø,Viking FK,no Eliteserien,MF,21.7,666,7.4,,,566.9855656163093,Top Starter,,,453.6439290873632,Top Starter,,
Joel Mvuka,Bodø/Glimt,no Eliteserien,MF,24.1,49,0.5,,,,,,,,,,
Joe Bell,Viking FK,no Eliteserien,Def_MF,27.7,957,10.6,,,,,488.0294970258017,Top Starter,533.0953058978736,Top Starter,,
Ruben Alte,Viking FK,no Eliteserien,MF,26.8,827,9.2,,,544.0624438237293,Top Starter,,,399.37460362499627,Solid Squad Player,,
Jesper Nerhus Eikrem,SK Brann,no Eliteserien,MF,19.5,12,0.1,,,,,,,,,,
Gustav Christensen,Kristiansund BK,no Eliteserien,MF,22.3,154,1.7,,,,,,,,,,
Amin Cosic,Viking FK,no Eliteserien,MF,,97,1.1,,,,,,,,,,
Marcus Melchior,Sandefjord Fotball,no Eliteserien,MF,25.9,722,8.0,,,368.17086664603266,Solid Squad Player,,,662.1102955547666,Top Starter,,
Hakon Butli Hammer,Aalesunds FK,no Eliteserien,MF,26.8,730,8.1,,,568.285953951331,Top Starter,,,532.5086252642938,Top Starter,,
Eirik Schulze,IK Start,no Eliteserien,MF,34.0,938,10.4,,,650.7204624533044,Top Starter,,,550.8857294274967,Top Starter,,
Sander Svendsen,Kristiansund BK,no Eliteserien,FW,29.4,459,5.1,367.06696961303254,Solid Squad Player,,,,,316.2848041194982,Solid Squad Player,,
Mathias Sauer,Sandefjord Fotball,no Eliteserien,MF,22.7,46,0.5,,,,,,,,,,
Bendik Berntsen,Sandefjord Fotball,no Eliteserien,MF,19.7,693,7.7,,,517.9756458129449,Top Starter,,,512.5494184823825,Top Starter,,
Petter Strand,Vålerenga IF,no Eliteserien,MF,32.4,711,7.9,,,714.8691124776637,Top Starter,,,697.9911102413147,Top Starter,,
Simen Hestnes,KFUM Oslo,no Eliteserien,MF,30.9,925,10.3,,,523.0133945964133,Top Starter,,,531.389421482684,Top Starter,,
Anders Trondsen,HamKam,no Eliteserien,MF,31.8,689,7.7,,,328.14083972876136,Solid Squad Player,,,506.2086160574735,Top Starter,,
Mads Enggård,Molde FK,no Eliteserien,MF,22.9,37,0.4,,,,,,,,,,
Jakob Maslo Dunsby,Sandefjord Fotball,no Eliteserien,MF,26.8,922,10.2,,,476.8215361561934,Top Starter,,,491.88721072035736,Top Starter,,
Sander Innvær,Tromsø IL,no Eliteserien,MF,22.2,622,6.9,,,464.22274569089126,Top Starter,,,459.2249848114124,Top Starter,,
Deni Dashaev,IK Start,no Eliteserien,MF,22.2,303,3.4,,,,,,,,,,
Kevin Martin Krygard,Lillestrøm SK,no Eliteserien,MF,,347,3.9,,,,,,,,,,
Seydina Mohamed Diop,Molde FK,no Eliteserien,MF,,70,0.8,,,,,,,,,,
Ulrik Saltnes,Bodø/Glimt,no Eliteserien,MF,34.1,196,2.2,,,,,,,,,,
Benjamin Faraas,Fredrikstad FK,no Eliteserien,MF,21.3,690,7.7,,,334.2796682832164,Solid Squad Player,,,395.83201832521485,Solid Squad Player,,
Caleb Zady Sery,Molde FK,no Eliteserien,MF,27.0,593,6.6,,,589.9276403629674,Top Starter,,,668.949577947442,Top Starter,,
Niklas Kemp Fuglestad,Viking FK,no Eliteserien,MF,20.6,713,7.9,,,640.2566699524159,Top Starter,,,426.08556372768476,Top Starter,,
Karl Linus Alperud,Lillestrøm SK,no Eliteserien,MF,,324,3.6,,,,,,,,,,
Blerton Isufi,HamKam,no Eliteserien,MF,20.9,420,4.7,,,,,,,,,,
Leonard Owusu,Fredrikstad FK,no Eliteserien,MF,29.6,831,9.2,,,319.87860375447025,Solid Squad Player,,,424.2811446685469,Top Starter,,
Niklas Jensen Wassberg,SK Brann,no Eliteserien,MF,22.6,767,8.5,,,484.5870186965198,Top Starter,,,725.5140819168082,Top Starter,,
Hakon Helland Hoseth,KFUM Oslo,no Eliteserien,MF,27.8,1270,14.1,,,427.1517762373689,Top Starter,,,485.32013550172707,Top Starter,,
Sander Hestetun Kilen,Molde FK,no Eliteserien,MF,21.6,1352,15.0,,,511.89491270764734,Top Starter,,,468.05895897624225,Top Starter,,
Ferslev Anders Klynge,Bodø/Glimt,no Eliteserien,MF,26.2,159,1.8,,,,,,,,,,
Isak Dahlqvist,Tromsø IL,no Eliteserien,MF,25.3,221,2.5,,,,,,,,,,
Jacob Hanstad,Sandefjord Fotball,no Eliteserien,MF,24.2,46,0.5,,,,,,,,,,
Henrik Melland,Lillestrøm SK,no Eliteserien,MF,21.8,900,10.0,,,496.96064656208085,Top Starter,,,381.23423213913014,Solid Squad Player,,
Santeri Väänänen,Rosenborg BK,no Eliteserien,MF,25.0,446,5.0,,,262.1279248515378,Solid Squad Player,,,512.7506858894216,Top Starter,,
Syver Skundberg Skeide,Kristiansund BK,no Eliteserien,MF,22.3,591,6.6,,,410.5397133168303,Top Starter,,,575.4206829322252,Top Starter,,
Robin Dzabic,Sandefjord Fotball,no Eliteserien,MF,25.7,80,0.9,,,,,,,,,,
Edvard Pettersen,Sandefjord Fotball,no Eliteserien,MF,20.5,1306,14.5,,,342.2870405266671,Solid Squad Player,,,420.1150616157067,Top Starter,,
Odin Thiago Holm,Vålerenga IF,no Eliteserien,MF,24.0,258,2.9,,,,,,,,,,
Niklas Odegard,Molde FK,no Eliteserien,MF,22.8,658,7.3,,,528.5074239663777,Top Starter,,,597.5743375260245,Top Starter,,
Jacob Christensen,Molde FK,no Eliteserien,MF,25.5,483,5.4,,,274.1510974467766,Solid Squad Player,,,496.35737232671926,Top Starter,,
Eric Kitolano,Lillestrøm SK,no Eliteserien,MF,29.3,663,7.4,,,374.9651081338083,Solid Squad Player,,,408.22751675698953,Top Starter,,
Sigurd Prestmo,Tromsø IL,no Eliteserien,MF,,40,0.4,,,,,,,,,,
Tobias Moi,Viking FK,no Eliteserien,MF,20.8,843,9.4,,,319.1456719758444,Solid Squad Player,,,477.92798451286575,Top Starter,,
Markus Haaland,SK Brann,no Eliteserien,MF,21.8,262,2.9,,,,,,,,,,
Jesper Isaksen,Kristiansund BK,no Eliteserien,MF,27.2,851,9.5,,,320.9263272933344,Solid Squad Player,,,531.1742731339425,Top Starter,,
Mathias Kjølø,Rosenborg BK,no Eliteserien,MF,25.5,49,0.5,,,,,,,,,,
Magnus Westergaard,Vålerenga IF,no Eliteserien,MF,28.6,1277,14.2,,,434.25761832507686,Top Starter,,,620.2152030514657,Top Starter,,
David Tufekcic,Kristiansund BK,no Eliteserien,MF,22.9,87,1.0,,,,,,,,,,
Magnus Riisnæs,Bodø/Glimt,no Eliteserien,MF,22.2,34,0.4,,,,,,,,,,
Eggert Aron Guðmundsson,SK Brann,no Eliteserien,MF,22.9,228,2.5,,,,,,,,,,
Luc Mares,HamKam,no Eliteserien,DF,30.2,957,10.6,,,,,433.6426681569524,Top Starter,386.35855254985984,Solid Squad Player,,
Markus Soomets,IK Start,no Eliteserien,MF,26.8,479,5.3,,,294.5887967558059,Solid Squad Player,,,499.028797848491,Top Starter,,
Tobias Hammer Svendsen,Kristiansund BK,no Eliteserien,MF,27.3,399,4.4,,,,,,,,,,
Michael Opoku,Sarpsborg 08,no Eliteserien,MF,21.5,306,3.4,,,,,,,,,,
Nikola Jojić,IK Start,no Eliteserien,MF,23.3,12,0.1,,,,,,,,,,
Jakob Swift,Sandefjord Fotball,no Eliteserien,MF,,9,0.1,,,,,,,,,,
Filip Ottosson,Lillestrøm SK,no Eliteserien,MF,30.3,26,0.3,,,,,,,,,,
Gustav Nordh,Lillestrøm SK,no Eliteserien,MF,26.6,58,0.6,,,,,,,,,,
William Osnes-Ringen,HamKam,no Eliteserien,MF,20.1,454,5.0,,,371.164634983357,Solid Squad Player,,,573.2655412929302,Top Starter,,
Viktor Bender,Molde FK,no Eliteserien,MF,19.5,158,1.8,,,,,,,,,,
Gard Simenstad,HamKam,no Eliteserien,MF,27.7,146,1.6,,,,,,,,,,
Jakub Jezierski,Fredrikstad FK,no Eliteserien,MF,22.5,111,1.2,,,,,,,,,,
Noa Williams,Sarpsborg 08,no Eliteserien,MF,25.1,738,8.2,,,442.988151323956,Top Starter,,,468.19335633135705,Top Starter,,
Jakob Segadal Hansen,Viking FK,no Eliteserien,MF,21.5,190,2.1,,,,,,,,,,
Sander Erik Kartum,Aalesunds FK,no Eliteserien,MF,31.2,122,1.4,,,,,,,,,,
Ghayas Zahid,Vålerenga IF,no Eliteserien,MF,32.1,147,1.6,,,,,,,,,,
Elias Sørensen,Vålerenga IF,no Eliteserien,MF,27.3,535,5.9,,,391.4445496993409,Solid Squad Player,,,453.75574550879816,Top Starter,,
Bop Guèye,Sarpsborg 08,no Eliteserien,MF,19.8,143,1.6,,,,,,,,,,
Kristian Eriksen,SK Brann,no Eliteserien,MF,31.5,1214,13.5,,,506.7493148558299,Top Starter,,,431.4465822692342,Top Starter,,
Salim Laghzaoui,Fredrikstad FK,no Eliteserien,MF,21.1,896,10.0,,,390.5434599080549,Solid Squad Player,,,391.7897439565193,Solid Squad Player,,
Adrian Kurd Rønning,Kristiansund BK,no Eliteserien,MF,20.8,973,10.8,,,350.4053389412787,Solid Squad Player,,,465.53516994299235,Top Starter,,
Eirik Granaas,Fredrikstad FK,no Eliteserien,MF,16.8,104,1.2,,,,,,,,,,
Davíð Snær Jóhannsson,Aalesunds FK,no Eliteserien,MF,,515,5.7,,,430.8781797449093,Top Starter,,,399.2009411264143,Solid Squad Player,,
Oscar Skari Hansen,Fredrikstad FK,no Eliteserien,MF,,32,0.4,,,,,,,,,,
Mathias Svenningsen-Grønn,Sarpsborg 08,no Eliteserien,MF,18.3,20,0.2,,,,,,,,,,
Ola Visted,KFUM Oslo,no Eliteserien,MF,21.8,294,3.3,,,,,,,,,,
Jesper Andreas Grundt,Tromsø IL,no Eliteserien,MF,24.2,86,1.0,,,,,,,,,,
Johan Johanessen Bakke,Rosenborg BK,no Eliteserien,MF,22.8,276,3.1,,,,,,,,,,
Hrannar Snær Magnússon,Kristiansund BK,no Eliteserien,MF,25.0,162,1.8,,,,,,,,,,
Markus Johnsgard,HamKam,no Eliteserien,MF,28.2,799,8.9,,,352.9308171936979,Solid Squad Player,,,374.40888150644275,Solid Squad Player,,
Sondre Sørløkk,Fredrikstad FK,no Eliteserien,MF,29.7,1080,12.0,,,352.9328375299949,Solid Squad Player,,,472.69134811161746,Top Starter,,
Filip Strømland Lien,IK Start,no Eliteserien,MF,17.5,17,0.2,,,,,,,,,,
Isak Gabriel Skotheim,Aalesunds FK,no Eliteserien,MF,,144,1.6,,,,,,,,,,
Harald Woxen,Lillestrøm SK,no Eliteserien,MF,18.9,254,2.8,,,,,,,,,,
Jakob Vester,Sandefjord Fotball,no Eliteserien,MF,22.1,763,8.5,,,323.46173270500145,Solid Squad Player,,,382.9026309962083,Solid Squad Player,,
Kjartan Mar Kjartansson,SK Brann,no Eliteserien,MF,20.5,25,0.3,,,,,,,,,,
Brage Tobiassen,KFUM Oslo,no Eliteserien,MF,,28,0.3,,,,,,,,,,
Dávid Ďuriš,Rosenborg BK,no Eliteserien,MF,27.8,763,8.5,,,234.42803503998184,Solid Squad Player,,,318.7927929958372,Solid Squad Player,,
Lukas Hjelleset Gausdal,IK Start,no Eliteserien,MF,19.7,252,2.8,,,,,,,,,,
Marius Elvius,Kristiansund BK,no Eliteserien,MF,24.6,180,2.0,,,,,,,,,,
Eron Gojani,HamKam,no Eliteserien,MF,20.1,15,0.2,,,,,,,,,,
Mathias Kristensen,Aalesunds FK,no Eliteserien,MF,29.8,13,0.1,,,,,,,,,,
Dennis Gjengaar,Vålerenga IF,no Eliteserien,MF,22.9,128,1.4,,,,,,,,,,
Morten Bjørlo,Tromsø IL,no Eliteserien,MF,31.2,126,1.4,,,,,,,,,,
Aleksander Lilletun Elvebu,Tromsø IL,no Eliteserien,MF,,1,0.0,,,,,,,,,,
Johan Solstad-Nøis,Tromsø IL,no Eliteserien,MF,18.9,4,0.0,,,,,,,,,,
Jens Petter Hauge,Bodø/Glimt,no Eliteserien,FW,27.2,1078,12.0,603.8460064641426,Top Starter,,,,,669.262094505815,Top Starter,,
Niklas Castro,SK Brann,no Eliteserien,FW,31.0,587,6.5,426.09859228374916,Top Starter,,,,,572.8949884875286,Top Starter,,
Emil Ceide,Rosenborg BK,no Eliteserien,FW,25.3,1640,18.2,473.21293575251616,Top Starter,,,,,492.36929584113034,Top Starter,,
Ole Didrik Blomberg,Bodø/Glimt,no Eliteserien,FW,26.6,1547,17.2,502.55053511568684,Top Starter,,,,,499.01192745702747,Top Starter,,
Erik Botheim,Viking FK,no Eliteserien,FW,27.0,79,0.9,,,,,,,,,,
Jón Dagur Þórsteinsson,SK Brann,no Eliteserien,FW,28.1,833,9.3,403.00964659393566,Top Starter,,,,,467.5254454677789,Top Starter,,
Peter Christiansen,Viking FK,no Eliteserien,FW,27.1,1636,18.2,677.30866726913,Top Starter,,,,,312.76958758127444,Solid Squad Player,,
Mame Alassane Niang,HamKam,no Eliteserien,FW,20.9,900,10.0,483.2628818107073,Top Starter,,,,,479.2226319380906,Top Starter,,
Marcus Haagensen Reed,Aalesunds FK,no Eliteserien,FW,18.9,719,8.0,573.4709625291171,Top Starter,,,,,527.8172418986902,Top Starter,,
Kasper Høgh,Bodø/Glimt,no Eliteserien,FW,26.1,939,10.4,747.9171511110455,Top Starter,,,,,310.1070247904441,Solid Squad Player,,
Amin Chiakha,Rosenborg BK,no Eliteserien,FW,20.8,1679,18.7,555.7024806129212,Top Starter,,,,,504.6045260399541,Top Starter,,
Ieltsin Camões,Tromsø IL,no Eliteserien,FW,27.7,85,0.9,,,,,,,,,,
Trent Kone Doherty,Molde FK,no Eliteserien,FW,20.5,547,6.1,672.2523950277083,Top Starter,,,,,408.07434021564063,Top Starter,,
Bryan Fiabema,Fredrikstad FK,no Eliteserien,FW,23.9,130,1.4,,,,,,,,,,
Noah Holm,SK Brann,no Eliteserien,FW,25.6,1450,16.1,451.9351813997591,Top Starter,,,,,511.4261912339698,Top Starter,,
Oscar Kapskarmo,Sandefjord Fotball,no Eliteserien,FW,27.0,306,3.4,,,,,,,,,,
Mohamed Ofkir,HamKam,no Eliteserien,FW,30.4,429,4.8,,,,,,,,,,
Leander Alvheim,Kristiansund BK,no Eliteserien,FW,22.3,1472,16.4,501.24689461426846,Top Starter,,,,,486.4830253733856,Top Starter,,
Andreas Helmersen,Bodø/Glimt,no Eliteserien,FW,28.8,780,8.7,637.9155833772619,Top Starter,,,,,515.2938449536775,Top Starter,,
Promise Meliga,Vålerenga IF,no Eliteserien,FW,19.4,239,2.7,,,,,,,,,,
Bilal Njie,KFUM Oslo,no Eliteserien,FW,28.6,951,10.6,397.0416546499866,Solid Squad Player,,,,,474.9295024712889,Top Starter,,
Mathias Grundetjern,Vålerenga IF,no Eliteserien,FW,26.4,1413,15.7,494.8109520325773,Top Starter,,,,,490.20809376929776,Top Starter,,
Kristian Lonebu,Molde FK,no Eliteserien,FW,20.9,1299,14.4,400.2164969696255,Top Starter,,,,,293.4688397427574,Solid Squad Player,,
Bård Finne,SK Brann,no Eliteserien,FW,31.9,627,7.0,613.9227366946205,Top Starter,,,,,406.3492217322515,Top Starter,,
Stefano Vecchia,Aalesunds FK,no Eliteserien,FW,31.9,27,0.3,,,,,,,,,,
Gabriel Wesseh,Fredrikstad FK,no Eliteserien,FW,18.7,271,3.0,,,,,,,,,,
Noah Sahsah,Rosenborg BK,no Eliteserien,FW,21.5,569,6.3,477.2452756382417,Top Starter,,,,,467.3253261605709,Top Starter,,
Magnus Wolff Eikrem,KFUM Oslo,no Eliteserien,FW,36.4,514,5.7,460.23040766458354,Top Starter,,,,,278.16934177248675,Solid Squad Player,,
Nikolaj Möller,Sandefjord Fotball,no Eliteserien,FW,24.5,1056,11.7,269.5030457050473,Solid Squad Player,,,,,388.49088398819833,Solid Squad Player,,
Thomas Lehne Olsen,Lillestrøm SK,no Eliteserien,FW,35.5,920,10.2,456.8059982727621,Top Starter,,,,,310.7384326133405,Solid Squad Player,,
Jesper Cornelius,IK Start,no Eliteserien,FW,25.5,1558,17.3,413.41753351522595,Top Starter,,,,,558.8009255482668,Top Starter,,
Teodor Haltvik,KFUM Oslo,no Eliteserien,FW,26.7,549,6.1,534.6373100070289,Top Starter,,,,,317.2845833995858,Solid Squad Player,,
Nikolas Koutsakos,IK Start,no Eliteserien,FW,23.1,186,2.1,,,,,,,,,,
Heine Asen Larsen,Tromsø IL,no Eliteserien,FW,24.5,1485,16.5,568.2187318667765,Top Starter,,,,,488.343781185327,Top Starter,,
Isaiah Zion Kabi Skovsgaard,KFUM Oslo,no Eliteserien,FW,,31,0.3,,,,,,,,,,
Daniel Braut,Tromsø IL,no Eliteserien,FW,21.7,530,5.9,523.4725489099759,Top Starter,,,,,551.5201752810623,Top Starter,,
Ulrik Mathisen,SK Brann,no Eliteserien,FW,28.0,943,10.5,372.5891561263762,Solid Squad Player,,,,,517.8756676789297,Top Starter,,
Magnus Grødem,KFUM Oslo,no Eliteserien,FW,28.4,599,6.7,342.10442522967423,Solid Squad Player,,,,,412.345412521041,Top Starter,,
Johannes Núñez,Fredrikstad FK,no Eliteserien,FW,30.0,348,3.9,,,,,,,,,,
Mikkel Bro Hansen,Bodø/Glimt,no Eliteserien,FW,17.9,60,0.7,,,,,,,,,,
Mostafa Najafzadeh,KFUM Oslo,no Eliteserien,FW,18.9,8,0.1,,,,,,,,,,
Daniel Skaarud,Sandefjord Fotball,no Eliteserien,FW,,21,0.2,,,,,,,,,,
Santino Samuyiwa,IK Start,no Eliteserien,FW,,70,0.8,,,,,,,,,,
Lars Olden Larsen,Tromsø IL,no Eliteserien,FW,28.3,1211,13.5,208.78209634833806,Solid Squad Player,,,,,443.57131508027044,Top Starter,,
Camil Jebara,Lillestrøm SK,no Eliteserien,FW,24.0,328,3.6,,,,,,,,,,
Rasmus Eggen Vinge,KFUM Oslo,no Eliteserien,FW,25.9,951,10.6,323.96914322274256,Solid Squad Player,,,,,427.7791171853532,Top Starter,,
Jo Inge Berget,Sarpsborg 08,no Eliteserien,FW,36.3,172,1.9,,,,,,,,,,
Fredrik Gulbrandsen,Lillestrøm SK,no Eliteserien,FW,34.3,944,10.5,471.5113464398556,Top Starter,,,,,326.51042036096396,Solid Squad Player,,
Hakon Lorentzen,IK Start,no Eliteserien,FW,29.4,1322,14.7,308.8466910550987,Solid Squad Player,,,,,474.45556315901536,Top Starter,,
Kparobo Arierhi,Lillestrøm SK,no Eliteserien,FW,20.0,256,2.8,,,,,,,,,,
Henrik Udahl,HamKam,no Eliteserien,FW,30.0,1283,14.3,298.8059952117305,Solid Squad Player,,,,,396.6418451773516,Solid Squad Player,,
Gabriel Rajkovic,Vålerenga IF,no Eliteserien,FW,15.9,306,3.4,,,,,,,,,,
Jalal Abdullai,Molde FK,no Eliteserien,FW,22.0,899,10.0,543.2968198604002,Top Starter,,,,,371.5748401922835,Solid Squad Player,,
Danilo Al-Saed,HamKam,no Eliteserien,FW,27.9,90,1.0,,,,,,,,,,
Ivan Djantou,Aalesunds FK,no Eliteserien,FW,24.8,242,2.7,,,,,,,,,,
David Hickson Gyedu,KFUM Oslo,no Eliteserien,FW,,427,4.7,,,,,,,,,,
Marius Nordal,IK Start,no Eliteserien,FW,20.0,10,0.1,,,,,,,,,,
Haakon Haugen,Kristiansund BK,no Eliteserien,FW,20.0,590,6.6,64.57301868804886,Below Big-5 Level,,,,,471.7646043371129,Top Starter,,
Daniel Karlsbakk,Sarpsborg 08,no Eliteserien,FW,23.7,1762,19.6,296.45378752813673,Solid Squad Player,,,,,348.86597471800036,Solid Squad Player,,
Ola Brynhildsen,Bodø/Glimt,no Eliteserien,FW,27.7,663,7.4,416.3860830868307,Top Starter,,,,,349.75410750848613,Solid Squad Player,,
Daniel Bassi,Lillestrøm SK,no Eliteserien,FW,22.2,392,4.4,,,,,,,,,,
Sebastian Holm Mathisen,Sandefjord Fotball,no Eliteserien,FW,21.6,430,4.8,,,,,,,,,,
Dino Islamović,Rosenborg BK,no Eliteserien,FW,33.0,529,5.9,389.7741088812452,Solid Squad Player,,,,,427.5564411789192,Top Starter,,
Sævar Atli Magnússon,SK Brann,no Eliteserien,FW,26.5,51,0.6,,,,,,,,,,
David Benjamin,HamKam,no Eliteserien,FW,18.8,328,3.6,,,,,,,,,,
Julian Lægreid,SK Brann,no Eliteserien,FW,,29,0.3,,,,,,,,,,
Maciej Soboczynski,Rosenborg BK,no Eliteserien,FW,,49,0.5,,,,,,,,,,
Bjorn Martin Kristensen,KFUM Oslo,no Eliteserien,FW,24.7,746,8.3,270.0474611098598,Solid Squad Player,,,,,493.65326822243384,Top Starter,,
Jesper Reitan-Sunde,Rosenborg BK,no Eliteserien,FW,20.9,107,1.2,,,,,,,,,,
Ole Christian Saeter,Vålerenga IF,no Eliteserien,FW,30.8,191,2.1,,,,,,,,,,
Martin Tangen Vinjor,KFUM Oslo,no Eliteserien,FW,27.3,1187,13.2,168.82758974019166,Below Big-5 Level,,,,,538.4430267996546,Top Starter,,
Elias Heggland Myrlid,Aalesunds FK,no Eliteserien,FW,24.4,228,2.5,,,,,,,,,,
Foster Apetorgbor,Sandefjord Fotball,no Eliteserien,FW,18.8,240,2.7,,,,,,,,,,
Håvard Nielsen,Vålerenga IF,no Eliteserien,FW,33.5,13,0.1,,,,,,,,,,
Viktor Ekblom,Tromsø IL,no Eliteserien,FW,28.5,20,0.2,,,,,,,,,,
Hilmir Mikaelsson,Viking FK,no Eliteserien,FW,22.9,87,1.0,,,,,,,,,,
Henrik Langaas Skogvold,Fredrikstad FK,no Eliteserien,FW,22.5,1497,16.6,169.37366420772125,Below Big-5 Level,,,,,394.3062042614183,Solid Squad Player,,
Romano Postema,Viking FK,no Eliteserien,FW,24.9,88,1.0,,,,,,,,,,
Vegard Erlien,Tromsø IL,no Eliteserien,FW,,94,1.0,,,,,,,,,,
Igor Fabian Gosik,Molde FK,no Eliteserien,FW,,65,0.7,,,,,,,,,,
Rabbi Matondo,SK Brann,no Eliteserien,FW,26.3,30,0.3,,,,,,,,,,
Alexander Gurendal,IK Start,no Eliteserien,FW,21.8,76,0.8,,,,,,,,,,
Mustapha Isah,Kristiansund BK,no Eliteserien,FW,22.4,925,10.3,150.39373684302114,Below Big-5 Level,,,,,234.4870165473655,Solid Squad Player,,
August Mikkelsen,Bodø/Glimt,no Eliteserien,FW,26.2,10,0.1,,,,,,,,,,
Markus Wähler,Lillestrøm SK,no Eliteserien,FW,19.3,11,0.1,,,,,,,,,,
James Ampofo,IK Start,no Eliteserien,FW,23.2,613,6.8,200.5038992265782,Solid Squad Player,,,,,399.4336976033217,Solid Squad Player,,
Camil Mmaee,Sarpsborg 08,no Eliteserien,FW,22.9,40,0.4,,,,,,,,,,
Julian Bakkeli Gonstad,KFUM Oslo,no Eliteserien,FW,20.5,411,4.6,,,,,,,,,,
Veton Berisha,Viking FK,no Eliteserien,FW,32.7,8,0.1,,,,,,,,,,
Liam West,Fredrikstad FK,no Eliteserien,FW,19.0,41,0.5,,,,,,,,,,
Duarte Moreira,HamKam,no Eliteserien,FW,25.3,154,1.7,,,,,,,,,,
Nikolay Jakobsen Hristov,Tromsø IL,no Eliteserien,FW,,12,0.1,,,,,,,,,,
Léo Linck,Botafogo,br Série A,GK,25.8,90,1.0,,,,,,,,,,
Warleson,Botafogo,br Série A,GK,30.3,360,4.0,,,,,,,,,,
Tiago Volpi,Red Bull Bragantino,br Série A,GK,36.0,1710,19.0,,,,,,,,,599.1812888744844,Top Starter
Gabriel Batista,Botafogo,br Série A,GK,28.6,360,4.0,,,,,,,,,,
Weverton,Grêmio,br Série A,GK,39.1,2160,24.0,,,,,,,,,804.179034561268,World Class
Ivan,Remo,br Série A,GK,29.9,90,1.0,,,,,,,,,,
Ronaldo,Bahia,br Série A,GK,,1574,17.5,,,,,,,,,850.1531948071672,World Class
Pedro Morisco,Coritiba,br Série A,GK,23.0,956,10.6,,,,,,,,,885.537412892933,World Class
Lucas Arcanjo,Vitória,br Série A,GK,28.4,2070,23.0,,,,,,,,,658.0120393196441,Top Starter
Everson,Atlético Mineiro,br Série A,GK,36.4,2070,23.0,,,,,,,,,477.6495228364269,Top Starter
Léo Vieira,Bahia,br Série A,GK,36.3,1394,15.5,,,,,,,,,889.8394362627137,World Class
Diogenes,Santos,br Série A,GK,26.0,180,2.0,,,,,,,,,,
Otávio Costa,Cruzeiro,br Série A,GK,21.0,1260,14.0,,,,,,,,,806.2116728514862,World Class
Alex Muralha,Mirassol,br Série A,GK,37.1,225,2.5,,,,,,,,,,
Carlos Miguel,Palmeiras,br Série A,GK,28.2,2340,26.0,,,,,,,,,668.0342872668238,Top Starter
Marcelo Rangel,Remo,br Série A,GK,38.6,2340,26.0,,,,,,,,,506.28141548014105,Top Starter
Cleiton,Red Bull Bragantino,br Série A,GK,43.8,630,7.0,,,,,,,,,454.265922191833,Top Starter
Marcelo Lomba,Palmeiras,br Série A,GK,40.0,90,1.0,,,,,,,,,,
Santos,Athletico,br Série A,GK,36.8,2160,24.0,,,,,,,,,425.4197296730654,Top Starter
Agustín Rossi,Flamengo,br Série A,GK,31.4,2430,27.0,,,,,,,,,533.2465290635394,Top Starter
Pedro Rangel,Coritiba,br Série A,GK,,1474,16.4,,,,,,,,,536.5243332470367,Top Starter
Fábio,Fluminense,br Série A,GK,46.3,2430,27.0,,,,,,,,,588.2642749727936,Top Starter
Anthoni,Internacional,br Série A,GK,24.9,823,9.1,,,,,,,,,444.074642330727,Top Starter
Carlos Coronel,São Paulo,br Série A,GK,30.0,90,1.0,,,,,,,,,,
Kauê,Corinthians,br Série A,GK,,360,4.0,,,,,,,,,,
Cássio,Cruzeiro,br Série A,GK,39.6,422,4.7,,,,,,,,,,
Sergio Rochet,Internacional,br Série A,GK,33.8,990,11.0,,,,,,,,,369.26827377858723,Solid Squad Player
Hugo Souza,Corinthians,br Série A,GK,27.9,2070,23.0,,,,,,,,,412.61140546074165,Top Starter
Anderson,Chapecoense,br Série A,GK,,1080,12.0,,,,,,,,,509.42576006364766,Top Starter
Gabriel Grando,Grêmio,br Série A,GK,26.8,90,1.0,,,,,,,,,,
Gabriel Delfim,Atlético Mineiro,br Série A,GK,24.5,270,3.0,,,,,,,,,,
Walter,Mirassol,br Série A,GK,39.1,2025,22.5,,,,,,,,,602.8597429592021,Top Starter
Rafael,São Paulo,br Série A,GK,37.5,2250,25.0,,,,,,,,,448.8390420677758,Top Starter
Raul,Botafogo,br Série A,GK,29.4,676,7.5,,,,,,,,,524.4010401616229,Top Starter
Gabriel Brazão,Santos,br Série A,GK,26.2,2160,24.0,,,,,,,,,425.7743155515408,Top Starter
Léo Jardim,Vasco da Gama,br Série A,GK,31.8,2340,26.0,,,,,,,,,449.54649445011734,Top Starter
Gabriel Menegon,Grêmio,br Série A,GK,18.2,11,0.1,,,,,,,,,,
Neto,Botafogo,br Série A,GK,37.5,857,9.5,,,,,,,,,492.3875466656287,Top Starter
Matheus Cunha,Internacional,br Série A,GK,,1365,15.2,,,,,,,,,325.66785470573853,Solid Squad Player
João Paulo,Santos,br Série A,GK,31.5,92,1.0,,,,,,,,,,
Matheus,Chapecoense,br Série A,GK,,270,3.0,,,,,,,,,,
Mycael,Athletico,br Série A,GK,22.8,270,3.0,,,,,,,,,,
Rafael Santos,Chapecoense,br Série A,GK,37.8,360,4.0,,,,,,,,,,
Thiago Beltrame,Grêmio,br Série A,GK,23.5,75,0.8,,,,,,,,,,
Thomazella,Mirassol,br Série A,GK,36.4,180,2.0,,,,,,,,,,
Gabriel,Vitória,br Série A,GK,34.3,360,4.0,,,,,,,,,,
Wallace,Grêmio,br Série A,DF,,540,6.0,,,,,665.024312988678,Top Starter,527.7299938518656,Top Starter,,
João Pedro Tchoca,Corinthians,br Série A,DF,23.0,396,4.4,,,,,,,,,,
Léo Pereira,Flamengo,br Série A,DF,30.9,1896,21.1,,,,,559.82465871144,Top Starter,518.7022627423249,Top Starter,,
David Duarte,Bahia,br Série A,DF,31.9,1797,20.0,,,,,587.5727907576486,Top Starter,561.2410140692748,Top Starter,,
Léo Ortiz,Flamengo,br Série A,DF,31.0,1902,21.1,,,,,519.1850971292577,Top Starter,443.6003003139399,Top Starter,,
Aurélio Buta,São Paulo,br Série A,DF,29.9,71,0.8,,,,,,,,,,
Iago Machado,Corinthians,br Série A,DF,,90,1.0,,,,,,,,,,
Domingos Duarte,São Paulo,br Série A,DF,31.8,360,4.0,,,,,,,,,,
Rodrigo Moledo,Coritiba,br Série A,DF,39.2,330,3.7,,,,,,,,,,
Marcos Victor,Bahia,br Série A,DF,25.0,231,2.6,,,,,,,,,,
Lucas Esquivel,Athletico,br Série A,DF,25.2,1435,15.9,,,,,637.5224118593256,Top Starter,553.1526260435421,Top Starter,,
Pedro Henrique,Red Bull Bragantino,br Série A,DF,31.2,1246,13.8,,,,,594.5253466958906,Top Starter,561.1706193120859,Top Starter,,
Bruno Fuchs,Palmeiras,br Série A,DF,27.8,595,6.6,,,,,667.157211199758,Top Starter,472.74648656539324,Top Starter,,
Rafael Tolói,São Paulo,br Série A,DF,36.2,563,6.3,,,,,810.4294086494735,World Class,682.6399783044254,Top Starter,,
Nahuel Ferraresi,Botafogo,br Série A,DF,28.1,1667,18.5,,,,,758.4914048264219,World Class,682.047864321179,Top Starter,,
Luciano Juba,Bahia,br Série A,DF,27.3,1878,20.9,,,,,530.432633025986,Top Starter,467.9349244741576,Top Starter,,
Ignácio,Fluminense,br Série A,DF,30.1,1048,11.6,,,,,670.8136972616535,Top Starter,623.455398372756,Top Starter,,
Agustin Sant Anna,Red Bull Bragantino,br Série A,DF,,790,8.8,,,,,645.4797021738095,Top Starter,648.3561420618535,Top Starter,,
Gastón Benavídez,Athletico,br Série A,DF,31.2,1854,20.6,,,,,446.1310168330236,Top Starter,382.0440993986093,Solid Squad Player,,
Willian Machado,Mirassol,br Série A,DF,30.1,1914,21.3,,,,,657.6012075268426,Top Starter,576.6401197891798,Top Starter,,
Gustavo Gómez,Palmeiras,br Série A,DF,33.7,2105,23.4,,,,,521.3128074590064,Top Starter,510.13735909893137,Top Starter,,
Jonathan Jesus,Cruzeiro,br Série A,DF,22.6,1349,15.0,,,,,711.6610864895262,Top Starter,606.1650883635192,Top Starter,,
Sabino,São Paulo,br Série A,DF,30.2,1537,17.1,,,,,694.6317749804596,Top Starter,654.1318104708438,Top Starter,,
Thiago Silva,Fluminense,br Série A,DF,42.3,200,2.2,,,,,,,,,,
Ryan Augusto,Red Bull Bragantino,br Série A,DF,19.3,249,2.8,,,,,,,,,,
João Marcelo,Cruzeiro,br Série A,DF,,864,9.6,,,,,598.9022325690343,Top Starter,536.9431494000322,Top Starter,,
Juninho Capixaba,Red Bull Bragantino,br Série A,DF,29.5,2059,22.9,,,,,677.5316417733032,Top Starter,688.080260285692,Top Starter,,
Fabrizio Angileri,Corinthians,br Série A,DF,32.8,572,6.4,,,,,656.0198997584325,Top Starter,528.4951236779085,Top Starter,,
Mateusinho,Vitória,br Série A,DF,28.9,382,4.2,,,,,,,,,,
André Ramalho,Corinthians,br Série A,DF,34.9,555,6.2,,,,,632.0488976177753,Top Starter,612.9237913401919,Top Starter,,
Gustavo Marques,Red Bull Bragantino,br Série A,DF,25.2,1928,21.4,,,,,643.1166480906912,Top Starter,578.3984632479672,Top Starter,,
Murilo,Palmeiras,br Série A,DF,,1982,22.0,,,,,530.3871014362556,Top Starter,516.0031271266633,Top Starter,,
Cuiabano,Vasco da Gama,br Série A,DF,23.9,1157,12.9,,,,,862.8114408430857,World Class,790.5982140957923,World Class,,
Rodinei,Santos,br Série A,DF,34.9,90,1.0,,,,,,,,,,
João Victor,Flamengo,br Série A,DF,,71,0.8,,,,,,,,,,
Gabriel Paulista,Corinthians,br Série A,DF,36.1,1764,19.6,,,,,544.8678269853818,Top Starter,460.34166049416217,Top Starter,,
Gustavo Martins,Grêmio,br Série A,DF,24.4,1388,15.4,,,,,668.7312359432569,Top Starter,601.003164047953,Top Starter,,
Robert Arboleda,São Paulo,br Série A,DF,35.2,909,10.1,,,,,749.5601259565168,Top Starter,666.1338187982831,Top Starter,,
Igor Formiga,Mirassol,br Série A,DF,28.0,1908,21.2,,,,,836.2204353349027,World Class,769.8660534677794,World Class,,
Vitão,Atlético Mineiro,br Série A,DF,,360,4.0,,,,,,,,,,
Marlon,Grêmio,br Série A,DF,,831,9.2,,,,,685.9834461337895,Top Starter,597.1204801074283,Top Starter,,
Ayrton Lucas,Flamengo,br Série A,DF,29.5,1084,12.0,,,,,497.1044519810483,Top Starter,455.78897026261393,Top Starter,,
Juan Pablo Freytes,Fluminense,br Série A,DF,27.0,1629,18.1,,,,,527.1307755769262,Top Starter,456.8589197422955,Top Starter,,
Braian Aguirre,Internacional,br Série A,DF,26.4,775,8.6,,,,,580.3760533470132,Top Starter,540.2208254526358,Top Starter,,
Viery,Grêmio,br Série A,DF,22.0,1169,13.0,,,,,643.7472181839589,Top Starter,596.0665153748342,Top Starter,,
Renê,Fluminense,br Série A,DF,34.3,1545,17.2,,,,,747.9640682303381,Top Starter,671.396566006343,Top Starter,,
Vitão,Flamengo,br Série A,DF,,573,6.4,,,,,368.7194237447436,Solid Squad Player,369.02563328801136,Solid Squad Player,,
Paulinho,Botafogo,br Série A,DF,,43,0.5,,,,,,,,,,
Jacy Maranhão,Coritiba,br Série A,DF,,1804,20.0,,,,,715.0517233878055,Top Starter,598.7278361688803,Top Starter,,
Lyanco,Atlético Mineiro,br Série A,DF,29.9,641,7.1,,,,,583.7581612061505,Top Starter,516.5133786568591,Top Starter,,
Bruno Gomes,Internacional,br Série A,DF,,2150,23.9,,,,,683.107841885403,Top Starter,633.8210031389697,Top Starter,,
Igor Rabello,Fluminense,br Série A,DF,31.7,172,1.9,,,,,,,,,,
Gustavo Henrique,Corinthians,br Série A,DF,33.8,1980,22.0,,,,,514.4427603934015,Top Starter,480.4443634476166,Top Starter,,
Alexandro Bernabei,Internacional,br Série A,DF,26.3,1976,22.0,,,,,520.0333050787528,Top Starter,562.1113513862203,Top Starter,,
Reinaldo,Mirassol,br Série A,DF,37.3,2050,22.8,,,,,379.0053265534672,Solid Squad Player,353.346763847344,Solid Squad Player,,
Matheus Bidu,Corinthians,br Série A,DF,27.7,1756,19.5,,,,,667.0392516571715,Top Starter,643.8874833115516,Top Starter,,
Danilo,Flamengo,br Série A,DF,35.5,529,5.9,,,,,434.09641807724717,Top Starter,404.7283527637702,Top Starter,,
Arthur Dias,Athletico,br Série A,DF,19.7,2124,23.6,,,,,590.4267375736284,Top Starter,454.3209363836965,Top Starter,,
Lucas Freitas,Vasco da Gama,br Série A,DF,25.9,105,1.2,,,,,,,,,,
Lucas Oliveira,Mirassol,br Série A,DF,30.9,562,6.2,,,,,590.9077686435007,Top Starter,354.65796421316134,Solid Squad Player,,
Claudinho,Athletico,br Série A,DF,,422,4.7,,,,,,,,,,
Edu,Vitória,br Série A,DF,,71,0.8,,,,,,,,,,
Guillermo Maripán,Internacional,br Série A,DF,32.7,698,7.8,,,,,613.7307872978247,Top Starter,500.40422157817045,Top Starter,,
João Victor,Mirassol,br Série A,DF,,2340,26.0,,,,,534.5251710260651,Top Starter,513.0729923946068,Top Starter,,
João Paulo Ananias,Santos,br Série A,DF,19.9,335,3.7,,,,,,,,,,
Matheuzinho,Corinthians,br Série A,DF,,1815,20.2,,,,,608.1833640355244,Top Starter,495.00421819126336,Top Starter,,
Ruan,Atlético Mineiro,br Série A,DF,,1756,19.5,,,,,581.625283194443,Top Starter,499.40223443459774,Top Starter,,
Vitinho,Botafogo,br Série A,DF,23.4,1911,21.2,,,,,576.7407751408692,Top Starter,504.18577671526907,Top Starter,,
Fabrício Bruno,Cruzeiro,br Série A,DF,30.9,2033,22.6,,,,,516.4814286175216,Top Starter,487.95507961524953,Top Starter,,
Agustín Giay,Palmeiras,br Série A,DF,23.0,1475,16.4,,,,,595.1383446930862,Top Starter,466.63105183543877,Top Starter,,
João Paulo,Chapecoense,br Série A,DF,,506,5.6,,,,,566.2136429022721,Top Starter,586.3197230949947,Top Starter,,
Caio Roque,Botafogo,br Série A,DF,25.0,113,1.3,,,,,,,,,,
Fernando Marçal,Botafogo,br Série A,DF,37.9,424,4.7,,,,,,,,,,
Joaquín Piquerez,Palmeiras,br Série A,DF,28.4,990,11.0,,,,,477.5072995733352,Top Starter,412.4496184515179,Top Starter,,
Kauã Moraes,Cruzeiro,br Série A,DF,20.3,473,5.3,,,,,591.541542706252,Top Starter,530.5622705615,Top Starter,,
Alexander Barboza,Palmeiras,br Série A,DF,31.8,1424,15.8,,,,,741.4875063536448,Top Starter,700.6883548387193,Top Starter,,
Duplexe Tchamba,Remo,br Série A,DF,28.5,1661,18.5,,,,,715.1502888888783,Top Starter,556.8634258472716,Top Starter,,
Renan Lodi,Atlético Mineiro,br Série A,DF,28.7,1940,21.6,,,,,527.9215910052174,Top Starter,474.17302513384817,Top Starter,,
Vitor Hugo,Atlético Mineiro,br Série A,DF,35.6,822,9.1,,,,,573.0597636728214,Top Starter,533.2916949628286,Top Starter,,
Robert Renan,Vasco da Gama,br Série A,DF,23.2,2250,25.0,,,,,672.2649900943463,Top Starter,595.7517427200054,Top Starter,,
Alix Vinicius,Red Bull Bragantino,br Série A,DF,27.2,1516,16.8,,,,,691.2318221321651,Top Starter,613.2392642525199,Top Starter,,
Puma Rodríguez,Vasco da Gama,br Série A,DF,,1135,12.6,,,,,563.9381444405652,Top Starter,613.6153252363329,Top Starter,,
Gabriel Xavier,Bahia,br Série A,DF,25.7,429,4.8,,,,,,,,,,
Camutanga,Vitória,br Série A,DF,33.3,600,6.7,,,,,660.007118291915,Top Starter,508.2471194868293,Top Starter,,
Guillermo Varela,Flamengo,br Série A,DF,33.8,1609,17.9,,,,,480.2071676272525,Top Starter,414.54012553897775,Top Starter,,
Luiz Otávio,Mirassol,br Série A,DF,38.3,11,0.1,,,,,,,,,,
Marquinhos,Botafogo,br Série A,DF,,8,0.1,,,,,,,,,,
Kauan,Chapecoense,br Série A,DF,,540,6.0,,,,,521.9295961064138,Top Starter,495.78671121470705,Top Starter,,
Santiago Ramos Mingo,Bahia,br Série A,DF,25.1,2115,23.5,,,,,490.0753882735812,Top Starter,392.84931324183583,Solid Squad Player,,
Lucas Ramon,São Paulo,br Série A,DF,32.8,1503,16.7,,,,,641.653945578737,Top Starter,514.4452206462565,Top Starter,,
Gilberto,Athletico,br Série A,DF,33.8,1028,11.4,,,,,542.0056789415636,Top Starter,559.3062742485545,Top Starter,,
Jamerson,Vitória,br Série A,DF,28.3,955,10.6,,,,,772.0144040903523,World Class,701.9005958981508,Top Starter,,
Román Gómez,Bahia,br Série A,DF,22.5,1060,11.8,,,,,765.4195098173254,World Class,680.3920979622276,Top Starter,,
Iván Román,Atlético Mineiro,br Série A,DF,20.5,442,4.9,,,,,,,,,,
Gabriel Justino,Botafogo,br Série A,DF,,855,9.5,,,,,600.6588488125822,Top Starter,503.4129749499015,Top Starter,,
Iago,São Paulo,br Série A,DF,29.8,384,4.3,,,,,,,,,,
Emerson,Flamengo,br Série A,DF,28.0,880,9.8,,,,,679.7339073319237,Top Starter,611.2485950339701,Top Starter,,
Luan Peres Petroni,Santos,br Série A,DF,32.5,1682,18.7,,,,,611.5194776757685,Top Starter,508.6602741588959,Top Starter,,
Juan Felipe Aguirre,Athletico,br Série A,DF,30.3,1875,20.8,,,,,560.0333857388922,Top Starter,514.3187466827792,Top Starter,,
Alan Javier Franco,São Paulo,br Série A,DF,,1075,11.9,,,,,455.3140829143387,Top Starter,485.4858184241952,Top Starter,,
Carlos Terán,Athletico,br Série A,DF,26.3,1033,11.5,,,,,549.5253584843456,Top Starter,441.06522600086276,Top Starter,,
Kanu,Bahia,br Série A,DF,,328,3.6,,,,,,,,,,
Leonardo Derik,Athletico,br Série A,DF,,550,6.1,,,,,611.8492449569859,Top Starter,590.7768980210749,Top Starter,,
Gabriel Mercado,Internacional,br Série A,DF,39.8,1476,16.4,,,,,617.8288233471593,Top Starter,485.5839984669703,Top Starter,,
Samuel Xavier,Fluminense,br Série A,DF,36.6,1192,13.2,,,,,547.7424303615009,Top Starter,461.15560686609325,Top Starter,,
Fagner,Cruzeiro,br Série A,DF,37.6,1311,14.6,,,,,535.1324254107377,Top Starter,446.3853266157859,Top Starter,,
Fabián Balbuena,Grêmio,br Série A,DF,35.4,585,6.5,,,,,630.1285522221916,Top Starter,480.43904412018605,Top Starter,,
Jemmes,Fluminense,br Série A,DF,26.7,1361,15.1,,,,,612.099478476717,Top Starter,596.5159634094238,Top Starter,,
Gilberto Junior,Athletico,br Série A,DF,21.8,278,3.1,,,,,,,,,,
Bruno Melo,Coritiba,br Série A,DF,34.2,1951,21.7,,,,,483.4593047734496,Top Starter,419.5078165185869,Top Starter,,
Guga,Fluminense,br Série A,DF,33.4,1128,12.5,,,,,489.099944931889,Top Starter,460.09509311651004,Top Starter,,
Walter Kannemann,Grêmio,br Série A,DF,35.8,312,3.5,,,,,,,,,,
Eduardo Santos,Red Bull Bragantino,br Série A,DF,,140,1.6,,,,,,,,,,
Arthur Gabriel,Palmeiras,br Série A,DF,21.3,1092,12.1,,,,,654.7669058855022,Top Starter,523.5328372281617,Top Starter,,
Adonis Frías,Santos,br Série A,DF,28.8,765,8.5,,,,,655.2217143097283,Top Starter,535.0765411443867,Top Starter,,
Gonzalo Escobar,Santos,br Série A,DF,29.8,1678,18.6,,,,,718.7073335563708,Top Starter,664.9851529336503,Top Starter,,
Nathan Mendes,Vitória,br Série A,DF,24.4,1063,11.8,,,,,655.9037319718893,Top Starter,514.8687114559806,Top Starter,,
Lucas Piton,Vasco da Gama,br Série A,DF,26.2,1096,12.2,,,,,534.9731522400976,Top Starter,456.3256749933974,Top Starter,,
Cacá,Vitória,br Série A,DF,27.7,1703,18.9,,,,,418.29491053293515,Top Starter,322.51821265102495,Solid Squad Player,,
Vanderlan,Red Bull Bragantino,br Série A,DF,24.3,14,0.2,,,,,,,,,,
Braian Cufré,Remo,br Série A,DF,30.0,31,0.3,,,,,,,,,,
Rodrigo Gelado,Coritiba,br Série A,DF,35.8,16,0.2,,,,,,,,,,
Luis Benedetti,Palmeiras,br Série A,DF,20.6,30,0.3,,,,,,,,,,
Júnior Alonso,Atlético Mineiro,br Série A,DF,33.9,900,10.0,,,,,566.182140157274,Top Starter,518.09870052765,Top Starter,,
José Guilherme,Bahia,br Série A,DF,,372,4.1,,,,,,,,,,
Alex Sandro,Flamengo,br Série A,DF,35.9,1260,14.0,,,,,515.8361869777912,Top Starter,479.19506530957847,Top Starter,,
William,Cruzeiro,br Série A,DF,31.7,742,8.2,,,,,700.9666834234633,Top Starter,678.6558171802644,Top Starter,,
Diego Caito,Grêmio,br Série A,DF,,471,5.2,,,,,578.2344152041404,Top Starter,400.9978268704015,Top Starter,,
Kaiki,Cruzeiro,br Série A,DF,23.8,1418,15.8,,,,,647.1067997035636,Top Starter,583.7905535918807,Top Starter,,
Maicon,Coritiba,br Série A,DF,38.3,1067,11.9,,,,,463.05337478439486,Top Starter,329.2038651711351,Solid Squad Player,,
Alex Telles,Botafogo,br Série A,DF,34.0,1763,19.6,,,,,477.90626420905136,Top Starter,420.61937643847926,Top Starter,,
Bruno Pacheco,Chapecoense,br Série A,DF,35.1,1189,13.2,,,,,690.083446514504,Top Starter,567.4228509298244,Top Starter,,
Guilherme Arana,Fluminense,br Série A,DF,29.7,940,10.4,,,,,471.3243994225885,Top Starter,433.47356031121774,Top Starter,,
Lucas Monzón,Botafogo,br Série A,DF,25.3,339,3.8,,,,,,,,,,
Victor Caetano,Chapecoense,br Série A,DF,29.2,649,7.2,,,,,640.9865954340535,Top Starter,452.12588069309743,Top Starter,,
Gabriel Knesowitsch,Mirassol,br Série A,DF,,536,6.0,,,,,710.2015425452327,Top Starter,719.7730782898207,Top Starter,,
Tiago Cóser,Coritiba,br Série A,DF,23.0,1635,18.2,,,,,466.0529617436735,Top Starter,416.2015301142388,Top Starter,,
José Andrés Hurtado,Red Bull Bragantino,br Série A,DF,25.0,1245,13.8,,,,,538.1865427304599,Top Starter,530.1559664137947,Top Starter,,
Dantas,Athletico,br Série A,DF,22.4,344,3.8,,,,,,,,,,
Daniel Borges,Mirassol,br Série A,DF,33.8,366,4.1,,,,,,,,,,
Eduardo Doma,Chapecoense,br Série A,DF,28.3,2093,23.3,,,,,530.8000399679413,Top Starter,459.4073105672623,Top Starter,,
Luan Cândido,Vitória,br Série A,DF,25.9,1535,17.1,,,,,529.2089100870046,Top Starter,433.7194749256728,Top Starter,,
Paulo Henrique,Vasco da Gama,br Série A,DF,,1267,14.1,,,,,698.2951854498381,Top Starter,629.5692781035223,Top Starter,,
Carlos Cuesta,Vasco da Gama,br Série A,DF,27.8,1372,15.2,,,,,497.9880785918508,Top Starter,469.0656114175516,Top Starter,,
Jefté,Palmeiras,br Série A,DF,23.0,252,2.8,,,,,,,,,,
Marcelinho,Remo,br Série A,DF,22.4,1735,19.3,,,,,478.12504617628605,Top Starter,472.2335516510136,Top Starter,,
Marlon Lopes,Remo,br Série A,DF,,443,4.9,,,,,,,,,,
Tinga,Coritiba,br Série A,DF,33.3,1230,13.7,,,,,638.9182387051277,Top Starter,618.0962772715956,Top Starter,,
Davizinho,Santos,br Série A,DF,,41,0.5,,,,,,,,,,
Júlio Fidelis,Fluminense,br Série A,DF,20.2,146,1.6,,,,,,,,,,
Lucas Veríssimo,Santos,br Série A,DF,31.5,1260,14.0,,,,,561.5578983401599,Top Starter,499.99778940636645,Top Starter,,
Félix Torres,Internacional,br Série A,DF,30.0,1395,15.5,,,,,696.2544448077736,Top Starter,682.8938941693159,Top Starter,,
Wendell,São Paulo,br Série A,DF,33.5,1247,13.9,,,,,526.4070316767501,Top Starter,523.117168064342,Top Starter,,
Khellven,Palmeiras,br Série A,DF,25.8,906,10.1,,,,,609.9753278829917,Top Starter,493.98493815996983,Top Starter,,
Igor Vinícius,Santos,br Série A,DF,29.8,1745,19.4,,,,,636.0376499047428,Top Starter,564.6787227355676,Top Starter,,
Marllon,Remo,br Série A,DF,34.7,2159,24.0,,,,,507.6935324196147,Top Starter,370.74787248991083,Solid Squad Player,,
Mateo Ponte,Botafogo,br Série A,DF,23.6,633,7.0,,,,,573.7147740086483,Top Starter,504.25671403516554,Top Starter,,
Kauã Prates,Cruzeiro,br Série A,DF,18.4,15,0.2,,,,,,,,,,
Luis Guedes,Grêmio,br Série A,DF,,180,2.0,,,,,,,,,,
Breno,Red Bull Bragantino,br Série A,DF,,20,0.2,,,,,,,,,,
Julián Millán,Fluminense,br Série A,DF,28.8,519,5.8,,,,,460.9323959186289,Top Starter,435.77044771290724,Top Starter,,
Zé Ivaldo,Remo,br Série A,DF,29.9,808,9.0,,,,,622.2841785367458,Top Starter,484.49917593844714,Top Starter,,
Caio Paulista,Grêmio,br Série A,DF,28.6,508,5.6,,,,,783.2180190672353,World Class,637.6615339303686,Top Starter,,
Pedro Gabriel,Grêmio,br Série A,DF,19.6,1018,11.3,,,,,486.13004853613415,Top Starter,462.2082260938814,Top Starter,,
Pedro Milans,Corinthians,br Série A,DF,24.8,454,5.0,,,,,663.2440643603238,Top Starter,557.8799826765152,Top Starter,,
João Lucas,Remo,br Série A,DF,,483,5.4,,,,,742.5122931956956,Top Starter,602.7896513570427,Top Starter,,
Fernando,Chapecoense,br Série A,DF,,357,4.0,,,,,,,,,,
Lucas Villalba,Cruzeiro,br Série A,DF,32.4,985,10.9,,,,,500.74976473290417,Top Starter,423.81525594200133,Top Starter,,
Matheus Bahia,Internacional,br Série A,DF,27.4,1151,12.8,,,,,624.8143135672773,Top Starter,506.6002282162855,Top Starter,,
João Pedro Chermont,Coritiba,br Série A,DF,,1043,11.6,,,,,443.5619309573808,Top Starter,367.83332414931937,Solid Squad Player,,
Wagner Leonardo,Grêmio,br Série A,DF,27.4,780,8.7,,,,,563.3869077189099,Top Starter,398.4563299232331,Solid Squad Player,,
Maik,São Paulo,br Série A,DF,22.0,369,4.1,,,,,,,,,,
Ramon,Vitória,br Série A,DF,,1707,19.0,,,,,532.7919617454811,Top Starter,514.7650781575724,Top Starter,,
Vinícius Eduardo de Almeida,Chapecoense,br Série A,DF,,61,0.7,,,,,,,,,,
Kauã Pascini,Atlético Mineiro,br Série A,DF,18.8,485,5.4,,,,,621.8418011478627,Top Starter,613.2180917027412,Top Starter,,
Rafael Thyere,Chapecoense,br Série A,DF,33.6,286,3.2,,,,,,,,,,
Riquelme Avellar,Vasco da Gama,br Série A,DF,20.8,47,0.5,,,,,,,,,,
Bruno Leonardo,Chapecoense,br Série A,DF,30.6,1311,14.6,,,,,604.6836986967365,Top Starter,494.9136686245073,Top Starter,,
Victor Gabriel,Internacional,br Série A,DF,22.7,1189,13.2,,,,,646.2182578652281,Top Starter,612.3685277751432,Top Starter,,
Emanuel Brítez,Vitória,br Série A,DF,34.8,584,6.5,,,,,588.1646505234783,Top Starter,440.79456977796593,Top Starter,,
Alan Saldivia,Vasco da Gama,br Série A,DF,24.7,945,10.5,,,,,716.8458544706466,Top Starter,616.4647966446454,Top Starter,,
Kayky Almeida,Remo,br Série A,DF,21.7,486,5.4,,,,,743.8485370327313,Top Starter,555.6492123325202,Top Starter,,
Léo,Remo,br Série A,DF,,294,3.3,,,,,,,,,,
Marcos Rocha,Grêmio,br Série A,DF,38.1,161,1.8,,,,,,,,,,
Mayk,Remo,br Série A,DF,27.3,1246,13.8,,,,,493.2238385594565,Top Starter,461.6666878669368,Top Starter,,
Edenilson,Vitória,br Série A,DF,,402,4.5,,,,,,,,,,
João Pedro,Grêmio,br Série A,DF,30.1,296,3.3,,,,,,,,,,
Felipe Jonatan,Coritiba,br Série A,DF,28.9,705,7.8,,,,,521.6062036419457,Top Starter,438.85177156481586,Top Starter,,
Jose Juninho,Internacional,br Série A,DF,31.9,333,3.7,,,,,,,,,,
Enzo Díaz,São Paulo,br Série A,DF,31.1,928,10.3,,,,,615.1361487993605,Top Starter,640.4650036915862,Top Starter,,
Johnny Goes,Flamengo,br Série A,DF,19.8,21,0.2,,,,,,,,,,
Guzmán Rodríguez,Red Bull Bragantino,br Série A,DF,26.9,90,1.0,,,,,,,,,,
Rafael Gonzaga,Santos,br Série A,DF,,45,0.5,,,,,,,,,,
Vitor Ramon,Grêmio,br Série A,DF,,31,0.3,,,,,,,,,,
Rodrigues,Mirassol,br Série A,DF,29.2,56,0.6,,,,,,,,,,
Luiz Felipe,Internacional,br Série A,DF,24.8,54,0.6,,,,,,,,,,
João Basso,Santos,br Série A,DF,30.0,53,0.6,,,,,,,,,,
Matheus Alexandre,Remo,br Série A,DF,27.7,268,3.0,,,,,,,,,,
Natanael,Atlético Mineiro,br Série A,DF,25.0,1414,15.7,,,,,555.4611206138859,Top Starter,464.33973827460034,Top Starter,,
Gabriel Rojas,Cruzeiro,br Série A,DF,29.5,479,5.3,,,,,574.0193835256379,Top Starter,470.7948027571813,Top Starter,,
Cauê Nascimento,Red Bull Bragantino,br Série A,DF,20.1,273,3.0,,,,,,,,,,
Dória,São Paulo,br Série A,DF,32.1,234,2.6,,,,,,,,,,
Ythallo,Botafogo,br Série A,DF,22.4,45,0.5,,,,,,,,,,
Riccieli,Vitória,br Série A,DF,28.3,90,1.0,,,,,,,,,,
Sávio,Remo,br Série A,DF,31.6,201,2.2,,,,,,,,,,
Luis Osorio,São Paulo,br Série A,DF,20.3,422,4.7,,,,,,,,,,
Marcos Vinícius,Chapecoense,br Série A,DF,47.3,578,6.4,,,,,429.4706516577316,Top Starter,404.4633228215717,Top Starter,,
Bastos,Botafogo,br Série A,DF,35.8,521,5.8,,,,,528.545291404477,Top Starter,450.392108554994,Top Starter,,
Lucas Taverna,Coritiba,br Série A,DF,34.4,131,1.5,,,,,,,,,,
Victor Luis,Mirassol,br Série A,DF,33.5,332,3.7,,,,,,,,,,
Matheus Felipe,Remo,br Série A,DF,,270,3.0,,,,,,,,,,
Jhoan Hernandez,Botafogo,br Série A,DF,20.9,49,0.5,,,,,,,,,,
Elias,Mirassol,br Série A,DF,,104,1.2,,,,,,,,,,
Vinicius Rodrigues Lira,Santos,br Série A,DF,,353,3.9,,,,,,,,,,
Fabiano Souza,Vitória,br Série A,DF,,186,2.1,,,,,,,,,,
Léo,Athletico,br Série A,DF,30.8,100,1.1,,,,,,,,,,
Zé Marcos,Vitória,br Série A,DF,28.9,159,1.8,,,,,,,,,,
Heitor,Chapecoense,br Série A,DF,26.2,274,3.0,,,,,,,,,,
Neris,Vitória,br Série A,DF,34.5,187,2.1,,,,,,,,,,
Bruno Tubarão,Chapecoense,br Série A,DF,31.8,90,1.0,,,,,,,,,,
Mayke,Santos,br Série A,DF,34.1,220,2.4,,,,,,,,,,
Claudinho,Vitória,br Série A,DF,,116,1.3,,,,,,,,,,
Igor Cariús,Mirassol,br Série A,DF,33.7,35,0.4,,,,,,,,,,
Alexis Duarte,Santos,br Série A,DF,26.8,90,1.0,,,,,,,,,,
Nicolas Bosshardt,São Paulo,br Série A,DF,,1,0.0,,,,,,,,,,
João Almeida,Coritiba,br Série A,DF,21.0,3,0.0,,,,,,,,,,
Samuel Lino,Flamengo,br Série A,MF,27.0,1792,19.9,,,839.977377559954,World Class,,,587.3441274033598,Top Starter,,
Danilo,Botafogo,br Série A,MF,,1584,17.6,,,615.2579260105852,Top Starter,,,574.3154718368139,Top Starter,,
Davi Gomes,Red Bull Bragantino,br Série A,MF,21.6,23,0.3,,,,,,,,,,
Matheus Pereira,Cruzeiro,br Série A,Off_MF,30.7,1982,22.0,648.0633832325187,Top Starter,,,,,595.1419854535445,Top Starter,,
Andreas Pereira,Palmeiras,br Série A,MF,31.0,2122,23.6,,,691.1776781533604,Top Starter,,,442.68148962709074,Top Starter,,
Dudu,Vitória,br Série A,MF,,169,1.9,,,,,,,,,,
Thiago Mendes,Vasco da Gama,br Série A,MF,34.8,1930,21.4,,,650.8682535387982,Top Starter,,,665.9263676034461,Top Starter,,
Lucas Paquetá,Flamengo,br Série A,MF,29.3,1283,14.3,,,626.3288241698756,Top Starter,,,796.8990193467572,World Class,,
Gabriel Pec,Cruzeiro,br Série A,MF,25.9,62,0.7,,,,,,,,,,
Marlon Freitas,Palmeiras,br Série A,MF,31.8,2143,23.8,,,468.45965594402867,Top Starter,,,463.03798365252646,Top Starter,,
Cristian Pavón,Grêmio,br Série A,FW,30.9,1739,19.3,341.1705739421389,Solid Squad Player,,,,,697.5907670819017,Top Starter,,
Jorginho,Flamengo,br Série A,MF,35.0,1550,17.2,,,552.5631343680213,Top Starter,,,608.5282960451538,Top Starter,,
Kerwin Vargas,Athletico,br Série A,MF,25.0,148,1.6,,,,,,,,,,
Gerson,Cruzeiro,br Série A,MF,29.6,1720,19.1,,,595.8703981478632,Top Starter,,,622.5745596999744,Top Starter,,
Erick,Vitória,br Série A,MF,,1756,19.5,,,654.398873440693,Top Starter,,,446.874437519069,Top Starter,,
Lucas Romero,Cruzeiro,br Série A,MF,32.7,1398,15.5,,,580.7007075564479,Top Starter,,,669.6064288317468,Top Starter,,
Rodrigo Garro,Corinthians,br Série A,MF,29.0,1703,18.9,,,776.4050320192785,World Class,,,478.5228663256628,Top Starter,,
Josué,Coritiba,br Série A,Off_MF,36.3,1763,19.6,550.7121222327157,Top Starter,,,,,519.3741721764309,Top Starter,,
Erick Noriega,Grêmio,br Série A,MF,25.2,1445,16.1,,,420.2749981677511,Top Starter,,,651.7978112629991,Top Starter,,
Tomás Cuello,Atlético Mineiro,br Série A,MF,26.8,1575,17.5,,,716.7060310236241,Top Starter,,,614.064925246237,Top Starter,,
Luciano Acosta,Fluminense,br Série A,Off_MF,32.6,1293,14.4,741.3172269678822,Top Starter,,,,,592.2803539070744,Top Starter,,
Henry Mosquera,Red Bull Bragantino,br Série A,MF,25.1,1234,13.7,,,765.2460716455753,World Class,,,608.6441981758433,Top Starter,,
Nicolás Acevedo,Bahia,br Série A,MF,27.7,2179,24.2,,,470.17006430582217,Top Starter,,,790.0719856909943,World Class,,
Jhon Arias,Palmeiras,br Série A,MF,29.3,1537,17.1,,,658.5178016475882,Top Starter,,,683.4075492349389,Top Starter,,
Martinelli,Fluminense,br Série A,MF,25.2,1550,17.2,,,471.9324563223283,Top Starter,,,563.7110842083964,Top Starter,,
Breno Lopes,Coritiba,br Série A,MF,30.9,1665,18.5,,,499.8754243435123,Top Starter,,,357.2373973209677,Solid Squad Player,,
Alan Patrick,Internacional,br Série A,Off_MF,35.6,1538,17.1,463.33443845551534,Top Starter,,,,,472.9338690618862,Top Starter,,
Erick Pulgar,Flamengo,br Série A,MF,33.0,1318,14.6,,,418.1672600120907,Top Starter,,,660.4205186297972,Top Starter,,
Willian Arão,Santos,br Série A,MF,34.8,1317,14.6,,,343.8222634789618,Solid Squad Player,,,636.2447758473013,Top Starter,,
Arthur Melo,Santos,br Série A,MF,30.4,859,9.5,,,421.1502196387427,Top Starter,,,626.3900849908558,Top Starter,,
Marcos Antônio,São Paulo,br Série A,MF,,1473,16.4,,,632.4032564213488,Top Starter,,,567.7677709428443,Top Starter,,
Agustín Canobbio,Fluminense,br Série A,MF,28.3,1472,16.4,,,699.2041098816932,Top Starter,,,583.0276146865787,Top Starter,,
Lucas Barbosa,Red Bull Bragantino,br Série A,MF,25.9,2075,23.1,,,612.9418812240907,Top Starter,,,582.2275877268254,Top Starter,,
Artur,São Paulo,br Série A,MF,,1536,17.1,,,626.0268278690776,Top Starter,,,545.4833210322556,Top Starter,,
Wesley,Cruzeiro,br Série A,MF,,169,1.9,,,,,,,,,,
Jair,Vasco da Gama,br Série A,MF,32.4,137,1.5,,,,,,,,,,
Alan Lescano,Vasco da Gama,br Série A,MF,25.1,17,0.2,,,,,,,,,,
Luiz Araújo,Flamengo,br Série A,MF,30.6,513,5.7,,,840.3531623004088,World Class,,,676.5479814949108,Top Starter,,
Ferreirinha,São Paulo,br Série A,MF,29.0,824,9.2,,,657.754453019877,Top Starter,,,561.753877051983,Top Starter,,
Fred,Atlético Mineiro,br Série A,MF,33.8,180,2.0,,,,,,,,,,
Luiz Gustavo,Athletico,br Série A,MF,39.4,1645,18.3,,,351.5790940813088,Solid Squad Player,,,527.9682748772599,Top Starter,,
Danielzinho,São Paulo,br Série A,MF,32.2,1652,18.4,,,449.68791540597135,Top Starter,,,615.2426166320591,Top Starter,,
Giorgian de Arrascaeta,Flamengo,br Série A,Off_MF,32.6,1309,14.5,632.1847251714742,Top Starter,,,,,582.1295252315324,Top Starter,,
Nonato,Fluminense,br Série A,MF,28.8,892,9.9,,,570.9014756986949,Top Starter,,,627.4312026219035,Top Starter,,
Zé Vitor,Vitória,br Série A,MF,,1274,14.2,,,420.07459658689254,Top Starter,,,770.713709733233,World Class,,
Everton Ribeiro,Bahia,br Série A,MF,37.7,1045,11.6,,,771.4836711170768,World Class,,,694.4244064612163,Top Starter,,
Jorge Carrascal,Flamengo,br Série A,FW,28.6,1113,12.4,754.0673074163185,World Class,,,,,662.4290655991526,Top Starter,,
Reinier,Atlético Mineiro,br Série A,MF,25.0,918,10.2,,,619.2509482727642,Top Starter,,,396.9413908203797,Solid Squad Player,,
Santiago Sosa,Vasco da Gama,br Série A,MF,,425,4.7,,,,,,,,,,
Ênio,Chapecoense,br Série A,MF,25.8,782,8.7,,,606.6920633097155,Top Starter,,,484.95801956341927,Top Starter,,
Gabriel Menino,Santos,br Série A,MF,26.3,559,6.2,,,547.8342261985744,Top Starter,,,689.3039857843135,Top Starter,,
Benjamín Rollheiser,Santos,br Série A,MF,26.8,863,9.6,,,807.2735227291779,World Class,,,634.4016066414274,Top Starter,,
André Carrillo,Corinthians,br Série A,MF,35.6,1074,11.9,,,422.4387940939919,Top Starter,,,560.0621552965812,Top Starter,,
Cauan Barros,Vasco da Gama,br Série A,MF,22.7,1312,14.6,,,468.00539586443534,Top Starter,,,749.0906195350589,Top Starter,,
Allan,Palmeiras,br Série A,MF,,1553,17.3,,,579.9623115683191,Top Starter,,,541.2305477462064,Top Starter,,
Robert Santos,Chapecoense,br Série A,MF,23.5,15,0.2,,,,,,,,,,
João Victor Alves de Morais Francisco,Internacional,br Série A,MF,,25,0.3,,,,,,,,,,
Kevin Castaño,Atlético Mineiro,br Série A,MF,26.3,184,2.0,,,,,,,,,,
Victor Hugo,Atlético Mineiro,br Série A,MF,,1546,17.2,,,488.9199681193586,Top Starter,,,429.01563333695196,Top Starter,,
Stiven Mendoza,Athletico,br Série A,FW,34.5,2225,24.7,249.9643553668336,Solid Squad Player,,,,,443.0009317460581,Top Starter,,
Hércules,Fluminense,br Série A,MF,26.2,1312,14.6,,,433.00679995422234,Top Starter,,,541.1456620900186,Top Starter,,
Álvaro Montoro,Botafogo,br Série A,MF,19.7,1564,17.4,,,618.9460132192997,Top Starter,,,574.7095566639355,Top Starter,,
Gabriel Baralhas,Vitória,br Série A,MF,28.2,1536,17.1,,,562.7591594643509,Top Starter,,,516.6459804238574,Top Starter,,
Lucas Ronier,Coritiba,br Série A,MF,22.1,1411,15.7,,,546.0147418613846,Top Starter,,,617.6990808763658,Top Starter,,
Jefferson Savarino,Fluminense,br Série A,MF,30.1,1205,13.4,,,677.1074913093042,Top Starter,,,436.16207602484207,Top Starter,,
Alexsander,Atlético Mineiro,br Série A,MF,23.2,254,2.8,,,,,,,,,,
Patrick,Remo,br Série A,MF,34.4,1432,15.9,,,438.1027274993077,Top Starter,,,703.038912662757,Top Starter,,
Mauricio,Palmeiras,br Série A,MF,,1460,16.2,,,408.450574779252,Top Starter,,,437.3094868436737,Top Starter,,
Christian,Cruzeiro,br Série A,MF,,1257,14.0,,,592.8282484594524,Top Starter,,,483.0645923060006,Top Starter,,
Camilo,Chapecoense,br Série A,MF,27.9,1863,20.7,,,387.63760808043736,Solid Squad Player,,,650.3749327425799,Top Starter,,
Breno Bidon,Corinthians,br Série A,MF,21.9,1627,18.1,,,478.8747583551666,Top Starter,,,495.3618283414294,Top Starter,,
Philippe Coutinho,Vasco da Gama,br Série A,Off_MF,34.6,259,2.9,,,,,,,,,,
Rodrigo Nestor,Bahia,br Série A,MF,26.4,1224,13.6,,,722.6968969012255,Top Starter,,,542.0583055588289,Top Starter,,
Rodrigo Villagra,Internacional,br Série A,MF,25.9,1592,17.7,,,317.9600983537041,Solid Squad Player,,,524.9755806323741,Top Starter,,
Denilson,Mirassol,br Série A,MF,,1124,12.5,,,538.5734332478394,Top Starter,,,675.0070622593768,Top Starter,,
Erick,Bahia,br Série A,MF,,1240,13.8,,,408.5396985519891,Top Starter,,,628.5567630749382,Top Starter,,
Keny Arroyo,Cruzeiro,br Série A,MF,20.9,1306,14.5,,,625.0768415171392,Top Starter,,,502.1327437242254,Top Starter,,
Matheuzinho,Vitória,br Série A,Off_MF,29.2,1478,16.4,281.77831257719276,Solid Squad Player,,,,,498.3998459140288,Top Starter,,
José Aldo,Mirassol,br Série A,MF,28.4,1208,13.4,,,559.0747682504411,Top Starter,,,692.0088533144099,Top Starter,,
Raniele,Corinthians,br Série A,MF,30.0,1726,19.2,,,357.13858502894726,Solid Squad Player,,,646.1998067470716,Top Starter,,
Gonzalo Plata,Flamengo,br Série A,MF,26.2,786,8.7,,,891.6272298676007,World Class,,,718.8092917153261,Top Starter,,
Emiliano Martínez,Palmeiras,br Série A,MF,23.9,479,5.3,,,472.8167902255076,Top Starter,,,846.1950513029311,World Class,,
Huguinho,Botafogo,br Série A,MF,19.6,840,9.3,,,370.29583260547827,Solid Squad Player,,,669.5666317950843,Top Starter,,
Santiago Rodríguez,Botafogo,br Série A,MF,,574,6.4,,,600.5840695114191,Top Starter,,,692.7411117313458,Top Starter,,
João Vitor Silva,Vasco da Gama,br Série A,MF,43.0,117,1.3,,,,,,,,,,
Caique Gonçalves,Vitória,br Série A,MF,31.2,1696,18.8,,,268.72480145421605,Solid Squad Player,,,575.2720329461995,Top Starter,,
João Schmidt,Santos,br Série A,MF,33.6,965,10.7,,,420.01910217477626,Top Starter,,,760.182394858699,World Class,,
Neto Moura,Mirassol,br Série A,MF,30.4,919,10.2,,,367.57807340043644,Solid Squad Player,,,535.0412605003744,Top Starter,,
Edenilson,Botafogo,br Série A,Off_MF,37.0,891,9.9,511.49402576038034,Top Starter,,,,,468.44303186488963,Top Starter,,
Christian Oliva,Santos,br Série A,MF,30.6,1162,12.9,,,475.5901059039968,Top Starter,,,574.9864668362006,Top Starter,,
Felipe Anderson,Palmeiras,br Série A,FW,33.7,637,7.1,403.0840952629363,Top Starter,,,,,789.9210929593501,World Class,,
Allan,Corinthians,br Série A,MF,29.8,1137,12.6,,,430.98033312240136,Top Starter,,,554.1372791286069,Top Starter,,
Ángelo Preciado,Atlético Mineiro,br Série A,MF,28.9,736,8.2,,,440.58605587903514,Top Starter,,,681.5100508479825,Top Starter,,
Mathias Villasanti,Grêmio,br Série A,MF,29.9,563,6.3,,,357.8441996095792,Solid Squad Player,,,602.3138072899569,Top Starter,,
Zé Welison,Remo,br Série A,MF,31.8,1426,15.8,,,380.26070537038294,Solid Squad Player,,,700.2877389084358,Top Starter,,
Leonel Picco,Remo,br Série A,MF,28.2,1184,13.2,,,431.0248397400188,Top Starter,,,660.2610571110811,Top Starter,,
Maycon,Atlético Mineiro,br Série A,MF,29.5,1089,12.1,,,367.11416149457443,Solid Squad Player,,,395.38250780075475,Solid Squad Player,,
Gabriel Girotto,Red Bull Bragantino,br Série A,MF,34.5,1284,14.3,,,341.1235552845929,Solid Squad Player,,,473.96624534662817,Top Starter,,
Gustavo Neves,Red Bull Bragantino,br Série A,MF,22.7,707,7.9,,,815.0332766570564,World Class,,,646.6285930605864,Top Starter,,
Japa,Mirassol,br Série A,MF,23.0,394,4.4,,,,,,,,,,
Murilo Rhikman,Cruzeiro,br Série A,MF,20.8,10,0.1,,,,,,,,,,
Domingos Andrade,Botafogo,br Série A,MF,23.7,18,0.2,,,,,,,,,,
Jefinho,Grêmio,br Série A,MF,20.4,12,0.1,,,,,,,,,,
Alex Santana,Corinthians,br Série A,MF,31.6,9,0.1,,,,,,,,,,
Nadson,Santos,br Série A,MF,42.2,26,0.3,,,,,,,,,,
Lukas Zuccarello,Vasco da Gama,br Série A,MF,20.1,10,0.1,,,,,,,,,,
Tomás Pérez,Atlético Mineiro,br Série A,MF,,932,10.4,,,246.64388002442433,Solid Squad Player,,,502.58505785217096,Top Starter,,
Jean Carlos,Chapecoense,br Série A,MF,34.9,662,7.4,,,732.3319525726648,Top Starter,,,553.7703257045733,Top Starter,,
Caio Alexandre,Bahia,br Série A,MF,27.9,609,6.8,,,480.99316226402703,Top Starter,,,634.5598485720699,Top Starter,,
Jean Lucas,Bahia,br Série A,MF,28.5,1612,17.9,,,587.9190377200028,Top Starter,,,521.0913430527746,Top Starter,,
Cristian Medina,Botafogo,br Série A,MF,24.6,1390,15.4,,,386.7779742728205,Solid Squad Player,,,587.0352461801207,Top Starter,,
Andrés Gómez,Vasco da Gama,br Série A,MF,24.3,1870,20.8,,,644.0597850014873,Top Starter,,,630.0584608964818,Top Starter,,
Gabriel Bontempo,Santos,br Série A,MF,22.0,1544,17.2,,,612.5660692781165,Top Starter,,,604.9704737128609,Top Starter,,
Vitor Bueno,Remo,br Série A,Off_MF,32.3,1020,11.3,572.987580216331,Top Starter,,,,,510.59652632656883,Top Starter,,
Johan Rojas,Vasco da Gama,br Série A,MF,24.3,863,9.6,,,599.648265053916,Top Starter,,,480.70883260734644,Top Starter,,
Álvaro Barreal,Santos,br Série A,MF,26.4,1411,15.7,,,608.4777752304061,Top Starter,,,624.942814685539,Top Starter,,
Lucas Evangelista,Palmeiras,br Série A,MF,31.7,594,6.6,,,605.6916693666943,Top Starter,,,689.1848829642188,Top Starter,,
Zé Rafael,Santos,br Série A,MF,33.5,174,1.9,,,,,,,,,,
Rodriguinho,Red Bull Bragantino,br Série A,MF,,838,9.3,,,475.33005003398176,Top Starter,,,438.1924110745223,Top Starter,,
Emmanuel Martínez,Vitória,br Série A,MF,32.6,1546,17.2,,,347.6886806068865,Solid Squad Player,,,607.3634034796977,Top Starter,,
Bernard,Atlético Mineiro,br Série A,Off_MF,34.3,1179,13.1,486.56761445920466,Top Starter,,,,,464.10296344581093,Top Starter,,
Matheus Henrique,Cruzeiro,br Série A,MF,29.0,1300,14.4,,,382.50002780040614,Solid Squad Player,,,573.6416214696102,Top Starter,,
Zé Lucas,Cruzeiro,br Série A,MF,18.8,223,2.5,,,,,,,,,,
Francis Amuzu,Grêmio,br Série A,MF,27.4,1444,16.0,,,519.1613545223604,Top Starter,,,339.891084216052,Solid Squad Player,,
Patrick de Paula,Remo,br Série A,MF,27.3,472,5.2,,,609.5407835024472,Top Starter,,,559.7951015959422,Top Starter,,
Danilo Barbosa,Grêmio,br Série A,MF,30.8,87,1.0,,,,,,,,,,
Lucca,São Paulo,br Série A,MF,,112,1.2,,,,,,,,,,
Kevin Serna,Fluminense,br Série A,MF,29.0,1340,14.9,,,604.9619551504816,Top Starter,,,579.9013256582863,Top Starter,,
Gustavo Scarpa,Atlético Mineiro,br Série A,MF,33.0,377,4.2,,,,,,,,,,
Yeferson Soteldo,Fluminense,br Série A,FW,29.5,1008,11.2,319.87305178755213,Solid Squad Player,,,,,483.7685324295056,Top Starter,,
Hugo Moura,Vasco da Gama,br Série A,MF,29.0,581,6.5,,,302.516905618655,Solid Squad Player,,,513.5074967336034,Top Starter,,
Ronaldo,Internacional,br Série A,MF,30.2,520,5.8,,,410.8318697799493,Top Starter,,,687.3880995070568,Top Starter,,
Matheus Pereira da Silva,Corinthians,br Série A,MF,28.8,716,8.0,,,368.00040720649474,Solid Squad Player,,,555.6687586603016,Top Starter,,
Damián Bobadilla,São Paulo,br Série A,MF,25.5,1169,13.0,,,542.6635324150742,Top Starter,,,532.5266538314609,Top Starter,,
Mateo Sanabria,Bahia,br Série A,MF,22.8,353,3.9,,,,,,,,,,
Jajá,Remo,br Série A,MF,,1376,15.3,,,410.998208232495,Top Starter,,,503.7685543702242,Top Starter,,
João Vitor,Chapecoense,br Série A,MF,,605,6.7,,,418.21442376607473,Top Starter,,,465.95322862091825,Top Starter,,
Evertton Araujo,Flamengo,br Série A,MF,23.8,1006,11.2,,,445.8610567643938,Top Starter,,,600.0444687865122,Top Starter,,
Jádson,Athletico,br Série A,MF,33.3,1446,16.1,,,376.63814565112483,Solid Squad Player,,,590.9068573905379,Top Starter,,
Miguelito,Santos,br Série A,MF,,497,5.5,,,851.0425842563728,World Class,,,717.1484315988375,Top Starter,,
Higor Meritão,Chapecoense,br Série A,MF,32.5,617,6.9,,,411.51003587538804,Top Starter,,,634.3747728351304,Top Starter,,
Eduardo,Mirassol,br Série A,Off_MF,37.2,1060,11.8,291.5485584945291,Solid Squad Player,,,,,367.9428442392079,Solid Squad Player,,
Alan Franco,Atlético Mineiro,br Série A,MF,28.4,1619,18.0,,,295.7074629971418,Solid Squad Player,,,391.3681829725152,Solid Squad Player,,
Gustavinho,Santos,br Série A,MF,21.7,930,10.3,,,437.2291902649235,Top Starter,,,678.5324023205651,Top Starter,,
Chico,Mirassol,br Série A,MF,,184,2.0,,,,,,,,,,
Joaquín Lavega,Coritiba,br Série A,MF,21.9,1372,15.2,,,441.3450534409808,Top Starter,,,370.276194818872,Solid Squad Player,,
Willian,Grêmio,br Série A,FW,38.4,373,4.1,,,,,,,,,,
Walter Clar,Chapecoense,br Série A,MF,32.3,765,8.5,,,405.0346216800958,Top Starter,,,424.0648671521637,Top Starter,,
Leonel Pérez,Grêmio,br Série A,MF,22.4,716,8.0,,,284.22026884635204,Solid Squad Player,,,615.5739407649855,Top Starter,,
Allan,Botafogo,br Série A,MF,36.0,526,5.8,,,311.97347148738237,Solid Squad Player,,,598.9450621681299,Top Starter,,
Cauly Oliveira Souza,São Paulo,br Série A,Off_MF,31.3,705,7.8,257.3837066520968,Solid Squad Player,,,,,637.9781448527737,Top Starter,,
Bruno Henrique,Internacional,br Série A,MF,37.2,1423,15.8,,,393.4136333054474,Solid Squad Player,,,424.3378216646408,Top Starter,,
Igor Gomes,Atlético Mineiro,br Série A,MF,27.8,325,3.6,,,,,,,,,,
Thiago Maia,Internacional,br Série A,MF,29.8,281,3.1,,,,,,,,,,
Riquelme Felipe,Fluminense,br Série A,MF,,78,0.9,,,,,,,,,,
Tiaguinho,Grêmio,br Série A,MF,18.9,25,0.3,,,,,,,,,,
Paulinho Paula,Internacional,br Série A,MF,30.0,983,10.9,,,385.9007924382126,Solid Squad Player,,,717.8231868100372,Top Starter,,
Giovanni Pavani,Remo,br Série A,MF,30.1,46,0.5,,,,,,,,,,
Pedro Ferreira,São Paulo,br Série A,MF,,71,0.8,,,,,,,,,,
Roger,Grêmio,br Série A,MF,,31,0.3,,,,,,,,,,
Diogo Riquelme,Athletico,br Série A,MF,39.6,89,1.0,,,,,,,,,,
João Cruz,Athletico,br Série A,MF,20.6,898,10.0,,,746.3402474395133,Top Starter,,,525.9442231241616,Top Starter,,
Nuno Moreira,Vasco da Gama,br Série A,MF,27.5,939,10.4,,,628.6199987202451,Top Starter,,,470.8959503052834,Top Starter,,
Thiago Santos,Coritiba,br Série A,DF,37.3,1024,11.4,,,,,646.0918951343934,Top Starter,591.506497521227,Top Starter,,
Everton Cebolinha,Santos,br Série A,FW,30.8,465,5.2,526.1804328351842,Top Starter,,,,,637.597470964063,Top Starter,,
Tchê Tchê,Vasco da Gama,br Série A,MF,34.3,1348,15.0,,,344.7581050733157,Solid Squad Player,,,398.135807024669,Solid Squad Player,,
Facundo Bernal,Fluminense,br Série A,MF,23.4,559,6.2,,,267.28369981020893,Solid Squad Player,,,618.2682168451538,Top Starter,,
Pablo Maia,São Paulo,br Série A,MF,25.0,1056,11.7,,,332.7549618973523,Solid Squad Player,,,576.8311998349515,Top Starter,,
Ignacio Sosa,Red Bull Bragantino,br Série A,MF,23.3,445,4.9,,,,,,,,,,
Gustavo Cazonatti,Mirassol,br Série A,MF,,325,3.6,,,,,,,,,,
Eric Ramires,Red Bull Bragantino,br Série A,MF,26.4,794,8.8,,,303.451602920052,Solid Squad Player,,,498.42186903025384,Top Starter,,
Zakaria Labyad,Corinthians,br Série A,MF,33.8,236,2.6,,,,,,,,,,
Victor Sá,São Paulo,br Série A,FW,32.8,200,2.2,,,,,,,,,,
Ganso,Fluminense,br Série A,Off_MF,37.2,718,8.0,284.32897637352556,Solid Squad Player,,,,,554.1231527263808,Top Starter,,
Mamady Cissé,Atlético Mineiro,br Série A,MF,19.5,586,6.5,,,374.7929321298947,Solid Squad Player,,,633.1789509614981,Top Starter,,
Vini Paulista,Coritiba,br Série A,MF,25.8,914,10.2,,,370.43908247826846,Solid Squad Player,,,634.4971626858079,Top Starter,,
Tomás Pochettino,Vitória,br Série A,Off_MF,30.9,346,3.8,,,,,,,,,,
Sebastián Gómez,Coritiba,br Série A,MF,,1847,20.5,,,334.0727485725812,Solid Squad Player,,,511.1680090848766,Top Starter,,
David Martins,Bahia,br Série A,MF,,33,0.4,,,,,,,,,,
Walace,Vitória,br Série A,Def_MF,31.7,182,2.0,,,,,,,,,,
Riquelme Fillipi,Palmeiras,br Série A,MF,20.3,70,0.8,,,,,,,,,,
Marino Hinestroza,Vasco da Gama,br Série A,MF,24.5,350,3.9,,,,,,,,,,
Zé Ricardo,Remo,br Série A,MF,,1583,17.6,,,545.3761749527574,Top Starter,,,594.1170129786871,Top Starter,,
Diego Tarzia,Vitória,br Série A,MF,23.7,901,10.0,,,619.9165793650577,Top Starter,,,552.3243924457214,Top Starter,,
Gabriel Mec,Grêmio,br Série A,MF,18.7,726,8.1,,,426.3161941906279,Top Starter,,,610.3646626650446,Top Starter,,
Wanderson,Cruzeiro,br Série A,FW,32.2,467,5.2,377.5027717138692,Solid Squad Player,,,,,443.56205533126916,Top Starter,,
Rafael Carvalheira,Chapecoense,br Série A,MF,27.6,895,9.9,,,284.27417656466275,Solid Squad Player,,,320.70273507258054,Solid Squad Player,,
Dudu,Athletico,br Série A,MF,,727,8.1,,,516.1820153043549,Top Starter,,,339.6923141574567,Solid Squad Player,,
Nicolás de la Cruz,Flamengo,br Série A,MF,29.6,257,2.9,,,,,,,,,,
André Luiz,Corinthians,br Série A,MF,37.3,1008,11.2,,,483.560784090074,Top Starter,,,585.6450958179145,Top Starter,,
Dylan Borrero,Chapecoense,br Série A,MF,25.0,69,0.8,,,,,,,,,,
Kauê Furquim,Bahia,br Série A,MF,17.8,182,2.0,,,,,,,,,,
Thaciano,Santos,br Série A,MF,31.6,693,7.7,,,376.83539636790704,Solid Squad Player,,,524.5434959059405,Top Starter,,
Cédric Soares,São Paulo,br Série A,DF,35.3,271,3.0,,,,,,,,,,
Yago Pikachu,Remo,br Série A,FW,34.6,1634,18.2,232.13098841688335,Solid Squad Player,,,,,380.0747831006513,Solid Squad Player,,
Vitinho,Internacional,br Série A,MF,23.4,2003,22.3,,,538.9678211978428,Top Starter,,,584.2940847358282,Top Starter,,
Saúl Ñíguez,Flamengo,br Série A,MF,32.1,151,1.7,,,,,,,,,,
Miguel Carvalho,Chapecoense,br Série A,MF,,123,1.4,,,,,,,,,,
Dieguinho,Corinthians,br Série A,MF,,380,4.2,,,,,,,,,,
Fernandinho,Mirassol,br Série A,MF,,348,3.9,,,,,,,,,,
Kevin Ramírez,Chapecoense,br Série A,FW,32.8,200,2.2,,,,,,,,,,
Matheus Fernandes,Red Bull Bragantino,br Série A,MF,28.5,791,8.8,,,437.70417926857783,Top Starter,,,554.8748300184648,Top Starter,,
David Braga,Remo,br Série A,MF,25.1,336,3.7,,,,,,,,,,
Gustavo Silva,Mirassol,br Série A,MF,,320,3.6,,,,,,,,,,
Ramon Rique,Vasco da Gama,br Série A,MF,,159,1.8,,,,,,,,,,
Chiqueti,Athletico,br Série A,MF,21.3,215,2.4,,,,,,,,,,
Willian Oliveira,Coritiba,br Série A,MF,33.6,473,5.3,,,291.9212457224888,Solid Squad Player,,,511.09533147001355,Top Starter,,
Newton,São Paulo,br Série A,MF,26.8,593,6.6,,,265.41020659155106,Solid Squad Player,,,485.92424308872216,Top Starter,,
José Herrera,Red Bull Bragantino,br Série A,MF,23.7,1144,12.7,,,508.1153373183402,Top Starter,,,479.45997381903044,Top Starter,,
Shaylon,Mirassol,br Série A,MF,29.7,1002,11.1,,,537.6882371169988,Top Starter,,,417.7822528528433,Top Starter,,
Rubens Tadeu,Chapecoense,br Série A,MF,,270,3.0,,,,,,,,,,
Max,Chapecoense,br Série A,MF,25.6,128,1.4,,,,,,,,,,
Charles,Corinthians,br Série A,MF,,261,2.9,,,,,,,,,,
Juan Portilla,Athletico,br Série A,MF,28.3,995,11.1,,,275.60373470230167,Solid Squad Player,,,518.2581994540534,Top Starter,,
Anderson Pato,Vitória,br Série A,MF,24.3,78,0.9,,,,,,,,,,
Otávio,Fluminense,br Série A,MF,32.7,328,3.6,,,,,,,,,,
Brian Ocampo,Coritiba,br Série A,MF,27.5,35,0.4,,,,,,,,,,
Michel Araújo,Bahia,br Série A,MF,30.3,352,3.9,,,,,,,,,,
Bruno Braga Ramos,Athletico,br Série A,MF,,317,3.5,,,,,,,,,,
Vitor Gonçalves Tissi,Coritiba,br Série A,MF,34.8,207,2.3,,,,,,,,,,
Jordan Barrera,Botafogo,br Série A,MF,20.7,395,4.4,,,,,,,,,,
Filip Krovinović,Grêmio,br Série A,MF,31.3,403,4.5,,,,,,,,,,
Lucas Silva,Cruzeiro,br Série A,MF,33.9,642,7.1,,,339.00058974096055,Solid Squad Player,,,513.0726250407785,Top Starter,,
Felipinho,Athletico,br Série A,MF,,450,5.0,,,246.2599339886196,Solid Squad Player,,,488.94361953384634,Top Starter,,
Yuri Alves de Aquino,Red Bull Bragantino,br Série A,MF,28.9,39,0.4,,,,,,,,,,
Riquelme Freitas,Grêmio,br Série A,MF,23.8,60,0.7,,,,,,,,,,
Calebe,Internacional,br Série A,MF,26.7,61,0.7,,,,,,,,,,
Luis Pacheco,Palmeiras,br Série A,MF,18.9,89,1.0,,,,,,,,,,
Juan Nardoni,Grêmio,br Série A,MF,24.5,1055,11.7,,,383.91264112631063,Solid Squad Player,,,530.4947342213212,Top Starter,,
Bruno Zapelli,Athletico,br Série A,MF,24.6,733,8.1,,,586.0838779922063,Top Starter,,,480.512533912107,Top Starter,,
Jáderson,Remo,br Série A,MF,26.4,252,2.8,,,,,,,,,,
Lucas Villalba,Botafogo,br Série A,MF,34.4,698,7.8,,,587.7120121579944,Top Starter,,,533.6856463571798,Top Starter,,
José Breno,Vitória,br Série A,MF,,27,0.3,,,,,,,,,,
Edson Fernando,Remo,br Série A,MF,28.7,22,0.2,,,,,,,,,,
Larson,Palmeiras,br Série A,MF,21.5,75,0.8,,,,,,,,,,
Ronald,Vitória,br Série A,MF,,151,1.7,,,,,,,,,,
Allex,Internacional,br Série A,MF,20.7,340,3.8,,,,,,,,,,
Luan Santos,São Paulo,br Série A,MF,,99,1.1,,,,,,,,,,
Antonio Galeano,Remo,br Série A,MF,26.8,610,6.8,,,282.6639603740068,Solid Squad Player,,,457.41707848565784,Top Starter,,
Gabriel,Mirassol,br Série A,MF,33.3,252,2.8,,,,,,,,,,
Felipe Morais,Cruzeiro,br Série A,MF,,129,1.4,,,,,,,,,,
Ruan Pablo,Bahia,br Série A,MF,18.4,37,0.4,,,,,,,,,,
Yuri,Mirassol,br Série A,MF,32.7,330,3.7,,,,,,,,,,
Miguel Monsalve,Grêmio,br Série A,MF,22.8,322,3.6,,,,,,,,,,
Bruno Matias,Chapecoense,br Série A,MF,27.9,363,4.0,,,,,,,,,,
Yago Felipe,Chapecoense,br Série A,MF,31.9,392,4.4,,,,,,,,,,
Everton,Chapecoense,br Série A,MF,,1327,14.7,,,352.08248642990503,Solid Squad Player,,,488.719348907254,Top Starter,,
Aitor Cantalapiedra,Vitória,br Série A,FW,30.9,337,3.7,,,,,,,,,,
Lorran,Flamengo,br Série A,MF,20.5,125,1.4,,,,,,,,,,
Caio Joshua,Flamengo,br Série A,MF,,9,0.1,,,,,,,,,,
Mateus Xavier,Santos,br Série A,MF,19.5,13,0.1,,,,,,,,,,
Wesley Natã,Fluminense,br Série A,MF,18.7,14,0.2,,,,,,,,,,
Dodô,Remo,br Série A,Off_MF,32.3,23,0.3,,,,,,,,,,
Marquinhos,Cruzeiro,br Série A,MF,,80,0.9,,,,,,,,,,
Lima,Santos,br Série A,MF,30.6,39,0.4,,,,,,,,,,
Gustavo,Coritiba,br Série A,MF,,58,0.6,,,,,,,,,,
Nicolás Ferreira,Remo,br Série A,MF,24.9,20,0.2,,,,,,,,,,
Wallisson Luiz,Mirassol,br Série A,MF,29.3,719,8.0,,,327.01060469570655,Solid Squad Player,,,688.0066840732572,Top Starter,,
Kauan Toledo,Botafogo,br Série A,MF,20.7,403,4.5,,,,,,,,,,
Fernando Sobral,Coritiba,br Série A,MF,32.0,191,2.1,,,,,,,,,,
Fabinho,Red Bull Bragantino,br Série A,MF,,487,5.4,,,408.42487557366627,Top Starter,,,644.163301459017,Top Starter,,
Marcelinho Braz,Red Bull Bragantino,br Série A,MF,22.4,215,2.4,,,,,,,,,,
Vinicius Balieiro,Chapecoense,br Série A,MF,27.6,247,2.7,,,,,,,,,,
Zortéa,Grêmio,br Série A,MF,,92,1.0,,,,,,,,,,
Niclas Eliasson,Internacional,br Série A,FW,31.1,48,0.5,,,,,,,,,,
Diego Hernández,Remo,br Série A,MF,,164,1.8,,,,,,,,,,
David Antunes,Chapecoense,br Série A,MF,21.4,204,2.3,,,,,,,,,,
Tomás Rincón,Santos,br Série A,MF,39.0,18,0.2,,,,,,,,,,
JP,Vasco da Gama,br Série A,MF,21.7,45,0.5,,,,,,,,,,
Samuel Mendes,Santos,br Série A,MF,,53,0.6,,,,,,,,,,
Djhordney Ferreira,São Paulo,br Série A,MF,19.5,147,1.6,,,,,,,,,,
Isaac,Athletico,br Série A,MF,,40,0.4,,,,,,,,,,
Gustavo Caballero,Santos,br Série A,MF,25.3,243,2.7,,,,,,,,,,
Dodi,Grêmio,br Série A,MF,30.7,281,3.1,,,,,,,,,,
Alisson,Fluminense,br Série A,MF,33.5,266,3.0,,,,,,,,,,
Hugo Leonardo,São Paulo,br Série A,MF,23.0,18,0.2,,,,,,,,,,
Lucas Silva,Vitória,br Série A,MF,34.4,25,0.3,,,,,,,,,,
Richard,Coritiba,br Série A,MF,,45,0.5,,,,,,,,,,
João Costa,Cruzeiro,br Série A,MF,,241,2.7,,,,,,,,,,
Alan Rodríguez,Internacional,br Série A,MF,26.9,233,2.6,,,,,,,,,,
Tetê,São Paulo,br Série A,MF,,98,1.1,,,,,,,,,,
Felipe Negrucci,São Paulo,br Série A,MF,22.6,10,0.1,,,,,,,,,,
Franco Catarozzi,Remo,br Série A,MF,26.7,22,0.2,,,,,,,,,,
Benjamin Arhin,Internacional,br Série A,MF,20.6,1,0.0,,,,,,,,,,
David Alves França,Coritiba,br Série A,MF,,1,0.0,,,,,,,,,,
Neymar,Santos,br Série A,Off_MF,34.9,1046,11.6,652.9047752516911,Top Starter,,,,,667.6753493702944,Top Starter,,
Kevin Viveros,Athletico,br Série A,FW,26.7,2285,25.4,612.2190335756799,Top Starter,,,,,362.52617691368704,Solid Squad Player,,
Gabriel Barbosa,Santos,br Série A,FW,30.3,1289,14.3,610.0109952451978,Top Starter,,,,,291.8695994268729,Solid Squad Player,,
Leozinho,Athletico,br Série A,FW,,607,6.7,674.4330505069825,Top Starter,,,,,557.6916287720652,Top Starter,,
Giovanni Augusto,Chapecoense,br Série A,Off_MF,37.3,1004,11.2,594.8239049356474,Top Starter,,,,,572.9858373461764,Top Starter,,
Fernando,Red Bull Bragantino,br Série A,FW,,583,6.5,650.9037163981395,Top Starter,,,,,693.087902915664,Top Starter,,
José Manuel López,Palmeiras,br Série A,FW,,1826,20.3,506.2373206074623,Top Starter,,,,,639.7911849627922,Top Starter,,
Negueba,Mirassol,br Série A,FW,27.1,782,8.7,358.1060755326756,Solid Squad Player,,,,,609.0482193413918,Top Starter,,
Caio Suassuna,Bahia,br Série A,FW,26.0,14,0.2,,,,,,,,,,
Pedro,Flamengo,br Série A,FW,,2172,24.1,745.1907205682613,Top Starter,,,,,357.7344932580897,Solid Squad Player,,
Kaio César,Corinthians,br Série A,FW,22.9,934,10.4,437.41674553893944,Top Starter,,,,,684.2949732442632,Top Starter,,
Luciano,São Paulo,br Série A,Off_MF,33.6,1575,17.5,455.08640338732084,Top Starter,,,,,456.03001167379364,Top Starter,,
Erick Pulga,Bahia,br Série A,FW,26.2,1906,21.2,246.39571397150513,Solid Squad Player,,,,,497.7691558028159,Top Starter,,
Arthur Cabral,Botafogo,br Série A,FW,28.7,1710,19.0,418.1767169032878,Top Starter,,,,,494.78500896550173,Top Starter,,
Paulinho,Palmeiras,br Série A,FW,,144,1.6,,,,,,,,,,
Renê Sousa,Vitória,br Série A,FW,,1352,15.0,544.2161255999976,Top Starter,,,,,393.72524907169105,Solid Squad Player,,
Carlos Vinícius,Grêmio,br Série A,FW,31.8,1952,21.7,392.16404779306964,Solid Squad Player,,,,,256.4512063856324,Solid Squad Player,,
Facundo Colidio,Vasco da Gama,br Série A,FW,27.0,349,3.9,,,,,,,,,,
Johan Carbonero,Internacional,br Série A,FW,27.5,1830,20.3,526.4653022097554,Top Starter,,,,,535.9558424271017,Top Starter,,
Everaldo,Bahia,br Série A,FW,35.5,643,7.1,498.0429208947203,Top Starter,,,,,530.274141429988,Top Starter,,
Hulk,Fluminense,br Série A,FW,40.4,1485,16.5,491.51237275768744,Top Starter,,,,,486.28425185834755,Top Starter,,
Cristian Olivera,Bahia,br Série A,FW,24.7,1287,14.3,362.6741535990799,Solid Squad Player,,,,,565.7745072303936,Top Starter,,
John Kennedy,Fluminense,br Série A,FW,24.6,1132,12.6,670.4644231893982,Top Starter,,,,,408.61056511690333,Top Starter,,
Matheus Martins,Botafogo,br Série A,FW,23.5,1132,12.6,362.2625426949294,Solid Squad Player,,,,,604.743970109146,Top Starter,,
Tulio Eduardo,Chapecoense,br Série A,FW,,412,4.6,,,,,,,,,,
Kaio Jorge,Cruzeiro,br Série A,FW,24.9,1513,16.8,291.5116375853678,Solid Squad Player,,,,,331.8616086950382,Solid Squad Player,,
Ademir,Bahia,br Série A,FW,31.9,954,10.6,304.49633803255915,Solid Squad Player,,,,,588.9764793758824,Top Starter,,
Alan Minda,Atlético Mineiro,br Série A,FW,23.6,631,7.0,607.8303215887729,Top Starter,,,,,555.8701608685435,Top Starter,,
Vitor Roque,Palmeiras,br Série A,FW,21.8,665,7.4,428.325444689572,Top Starter,,,,,490.7673105228997,Top Starter,,
Thiago Borbas,Atlético Mineiro,br Série A,FW,24.7,162,1.8,,,,,,,,,,
Paulo Roberto,Coritiba,br Série A,FW,21.1,180,2.0,,,,,,,,,,
Vinicinho,Red Bull Bragantino,br Série A,FW,22.9,597,6.6,183.80223166028304,Below Big-5 Level,,,,,601.2326526424227,Top Starter,,
Alef Manga,Remo,br Série A,FW,32.1,1746,19.4,388.64037719342656,Solid Squad Player,,,,,441.098028171122,Top Starter,,
Alejo Véliz,Bahia,br Série A,FW,23.3,687,7.6,432.6531413591163,Top Starter,,,,,472.8754524673473,Top Starter,,
Moisés,Santos,br Série A,FW,,381,4.2,,,,,,,,,,
Maurício Garcez,Chapecoense,br Série A,FW,29.8,706,7.8,334.4255031988925,Solid Squad Player,,,,,575.1734129369069,Top Starter,,
Jovane Cabral,Grêmio,br Série A,FW,28.6,144,1.6,,,,,,,,,,
Dudu,Atlético Mineiro,br Série A,FW,35.0,377,4.2,,,,,,,,,,
Gabriel Taliari,Remo,br Série A,FW,29.7,1032,11.5,346.03164534903766,Solid Squad Player,,,,,504.68370918176146,Top Starter,,
Edson Carioca,Mirassol,br Série A,FW,29.6,794,8.8,433.84153279175234,Top Starter,,,,,591.9109722332104,Top Starter,,
Neto Pessoa,Chapecoense,br Série A,FW,32.6,288,3.2,,,,,,,,,,
Gustavo Santana,São Paulo,br Série A,FW,18.8,185,2.1,,,,,,,,,,
Joaquín Freitas,Flamengo,br Série A,FW,20.1,27,0.3,,,,,,,,,,
David,Vasco da Gama,br Série A,FW,31.2,981,10.9,381.06870692177506,Solid Squad Player,,,,,457.3067561250885,Top Starter,,
Lucas Moura,São Paulo,br Série A,FW,34.4,322,3.6,,,,,,,,,,
Bruno Henrique,Flamengo,br Série A,FW,36.0,626,7.0,617.1697978926392,Top Starter,,,,,605.6049373488687,Top Starter,,
Marcinho,Chapecoense,br Série A,FW,,1492,16.6,408.4975990680578,Top Starter,,,,,532.986378568774,Top Starter,,
Jonathan Calleri,São Paulo,br Série A,FW,33.3,1730,19.2,420.20590197372945,Top Starter,,,,,522.3974175091723,Top Starter,,
Isidro Pitta,Red Bull Bragantino,br Série A,FW,27.4,1577,17.5,380.3577094804997,Solid Squad Player,,,,,318.57662795332067,Solid Squad Player,,
Ramón Sosa,Palmeiras,br Série A,FW,27.3,958,10.6,467.36750597419035,Top Starter,,,,,604.9148800945635,Top Starter,,
Pedro Rocha,Coritiba,br Série A,FW,32.3,2018,22.4,402.34970625415866,Top Starter,,,,,361.20733674311606,Solid Squad Player,,
Joaquín Correa,Botafogo,br Série A,FW,32.4,178,2.0,,,,,,,,,,
Nathan Fernandes,Botafogo,br Série A,FW,21.9,78,0.9,,,,,,,,,,
Rhuan Gabriel,Cruzeiro,br Série A,FW,20.9,12,0.1,,,,,,,,,,
Kayke Ferrari,Corinthians,br Série A,FW,22.7,239,2.7,,,,,,,,,,
Alesson,Mirassol,br Série A,FW,27.9,1604,17.8,288.30511271817556,Solid Squad Player,,,,,679.6212182374851,Top Starter,,
Tetê,Grêmio,br Série A,FW,,1072,11.9,298.7197719799851,Solid Squad Player,,,,,679.3145830956887,Top Starter,,
Vitinho,Corinthians,br Série A,FW,33.2,357,4.0,,,,,,,,,,
Bruno Rodrigues,Cruzeiro,br Série A,FW,29.8,519,5.8,430.5055066812547,Top Starter,,,,,660.9309676462451,Top Starter,,
Willian José,Bahia,br Série A,FW,35.1,1147,12.7,351.2220438167643,Solid Squad Player,,,,,346.3642391186353,Solid Squad Player,,
Osvaldo,Vitória,br Série A,FW,39.7,20,0.2,,,,,,,,,,
Kaique Kenji,Cruzeiro,br Série A,FW,20.9,373,4.1,,,,,,,,,,
Julimar,Athletico,br Série A,FW,25.9,727,8.1,351.85282577088736,Solid Squad Player,,,,,426.8730772942166,Top Starter,,
Luis Sinisterra,Cruzeiro,br Série A,FW,27.5,362,4.0,,,,,,,,,,
Marinho,Vitória,br Série A,FW,36.6,376,4.2,,,,,,,,,,
Luciano Rodríguez,Cruzeiro,br Série A,FW,23.5,94,1.0,,,,,,,,,,
Bruno Santos,Mirassol,br Série A,FW,33.9,762,8.5,401.9510041943853,Top Starter,,,,,379.09086815491844,Solid Squad Player,,
Rafael Borré,Internacional,br Série A,FW,31.3,1058,11.8,408.2499036099184,Top Starter,,,,,533.3085069107011,Top Starter,,
Adson,Vasco da Gama,br Série A,FW,26.2,817,9.1,213.97042876321268,Solid Squad Player,,,,,729.6120768127192,Top Starter,,
Cauã Campos Soares,Atlético Mineiro,br Série A,FW,18.5,52,0.6,,,,,,,,,,
Yuri Alberto,Corinthians,br Série A,FW,25.8,1423,15.8,356.37888547250014,Solid Squad Player,,,,,353.37245366535404,Solid Squad Player,,
Rodrigo Castillo,Fluminense,br Série A,FW,27.8,678,7.5,569.1127765317954,Top Starter,,,,,670.1893696537513,Top Starter,,
Mateo Cassierra,Atlético Mineiro,br Série A,FW,29.7,1043,11.6,405.5316810691465,Top Starter,,,,,349.761356431086,Solid Squad Player,,
Carlos Eduardo,Mirassol,br Série A,FW,30.2,653,7.3,193.0394585651017,Below Big-5 Level,,,,,553.7749769944246,Top Starter,,
José Enamorado,Grêmio,br Série A,FW,28.0,957,10.6,243.8368773527825,Solid Squad Player,,,,,669.2553108062767,Top Starter,,
Raykkonen Pereira Soares,Internacional,br Série A,FW,18.5,8,0.1,,,,,,,,,,
Kassio,Chapecoense,br Série A,FW,,21,0.2,,,,,,,,,,
Perotti,Chapecoense,br Série A,FW,29.1,25,0.3,,,,,,,,,,
Jhuan Nunes Coelho,Red Bull Bragantino,br Série A,FW,,21,0.2,,,,,,,,,,
Bruno Lopes,Vasco da Gama,br Série A,FW,,21,0.2,,,,,,,,,,
Matheus Nascimento,Grêmio,br Série A,FW,22.8,9,0.1,,,,,,,,,,
Kadir Barría,Botafogo,br Série A,FW,19.5,374,4.2,,,,,,,,,,
Fabinho,Coritiba,br Série A,FW,,223,2.5,,,,,,,,,,
Keno,Coritiba,br Série A,FW,37.3,131,1.5,,,,,,,,,,
Néiser Villarreal,Cruzeiro,br Série A,FW,21.7,662,7.4,545.2930169300761,Top Starter,,,,,318.771296473929,Solid Squad Player,,
Memphis,Corinthians,br Série A,FW,32.9,666,7.4,312.33761047903465,Solid Squad Player,,,,,395.40868714533144,Solid Squad Player,,
Bruno Tabata,Internacional,br Série A,FW,29.8,182,2.0,,,,,,,,,,
Italo,Chapecoense,br Série A,FW,,716,8.0,149.03824435190685,Below Big-5 Level,,,,,452.42790009960675,Top Starter,,
Fabrício Santos,Vitória,br Série A,FW,,247,2.7,,,,,,,,,,
Gui Negão,Corinthians,br Série A,FW,19.9,284,3.2,,,,,,,,,,
Luighi Hanri,Palmeiras,br Série A,FW,20.7,167,1.9,,,,,,,,,,
Pedro Raul,Corinthians,br Série A,FW,30.2,431,4.8,,,,,,,,,,
Nathan Fogaça,Mirassol,br Série A,FW,27.6,349,3.9,,,,,,,,,,
Franco Rossi,Chapecoense,br Série A,FW,24.5,118,1.3,,,,,,,,,,
Antonio Sanabria,Internacional,br Série A,FW,30.8,72,0.8,,,,,,,,,,
Brenner,Vasco da Gama,br Série A,FW,,629,7.0,388.6366135520224,Solid Squad Player,,,,,493.5117314258631,Top Starter,,
Kayky Chagas,Internacional,br Série A,FW,23.6,79,0.9,,,,,,,,,,
Lautaro Díaz,Santos,br Série A,FW,28.6,262,2.9,,,,,,,,,,
Germán Cano,Fluminense,br Série A,FW,39.0,146,1.6,,,,,,,,,,
Lucas Emanuel,Botafogo,br Série A,FW,34.4,116,1.3,,,,,,,,,,
Danilo Pereira,Botafogo,br Série A,FW,35.3,350,3.9,,,,,,,,,,
André Luis,Mirassol,br Série A,FW,32.8,594,6.6,209.31308536788725,Solid Squad Player,,,,,408.0170363174343,Top Starter,,
Jesse Lingard,Corinthians,br Série A,Off_MF,34.0,702,7.8,203.15751764172964,Solid Squad Player,,,,,311.919825273609,Solid Squad Player,,
Rony,Santos,br Série A,FW,31.6,1121,12.5,153.1516041734824,Below Big-5 Level,,,,,556.1074068520203,Top Starter,,
Renato Kayzer,Vitória,br Série A,FW,30.9,807,9.0,389.00150165610273,Solid Squad Player,,,,,361.3886517262799,Solid Squad Player,,
Gabriel Poveda,Remo,br Série A,FW,28.5,194,2.2,,,,,,,,,,
Anthony Valencia,Flamengo,br Série A,FW,23.4,11,0.1,,,,,,,,,,
Eduardo Melo,Remo,br Série A,FW,25.6,34,0.4,,,,,,,,,,
Santiago Moreno,Fluminense,br Série A,FW,26.7,34,0.4,,,,,,,,,,
Jorge Rivaldo,Athletico,br Série A,FW,23.3,25,0.3,,,,,,,,,,
Rodrigo Rodrigues,Coritiba,br Série A,FW,,70,0.8,,,,,,,,,,
João Pedro Bezerra de Oliveira Lo,Internacional,br Série A,FW,,23,0.3,,,,,,,,,,
Andrey Fernandes,Vasco da Gama,br Série A,FW,18.9,22,0.2,,,,,,,,,,
Heittor,Palmeiras,br Série A,FW,19.3,39,0.4,,,,,,,,,,
Júnior Santos,Botafogo,br Série A,FW,32.2,624,6.9,267.8841354530867,Solid Squad Player,,,,,475.0471073414638,Top Starter,,
Yannick Bolasie,Chapecoense,br Série A,FW,37.6,1242,13.8,246.87903862152513,Solid Squad Player,,,,,405.92488933306237,Top Starter,,
Gonzalo Tapia,São Paulo,br Série A,FW,24.9,288,3.2,,,,,,,,,,
Alerrandro,Internacional,br Série A,FW,27.0,977,10.9,516.0795223967316,Top Starter,,,,,433.4607535035185,Top Starter,,
Everton Galdino,Mirassol,br Série A,FW,29.8,234,2.6,,,,,,,,,,
Robinho Júnior,Santos,br Série A,FW,19.0,46,0.5,,,,,,,,,,
Martin Braithwaite,Grêmio,br Série A,FW,35.6,572,6.4,62.02106457581407,Below Big-5 Level,,,,,433.72792625858347,Top Starter,,
Chico da Costa,Cruzeiro,br Série A,FW,31.7,193,2.1,,,,,,,,,,
Eduardo Sasha,Red Bull Bragantino,br Série A,FW,34.9,1004,11.2,239.69855224635182,Solid Squad Player,,,,,372.99596095232107,Solid Squad Player,,
Chris Ramos,Botafogo,br Série A,FW,30.0,25,0.3,,,,,,,,,,
Renzo López,Vitória,br Série A,FW,32.7,140,1.6,,,,,,,,,,
Renan Peixoto Nepomuceno,Athletico,br Série A,FW,26.9,163,1.8,,,,,,,,,,
Wallace Yan,Red Bull Bragantino,br Série A,FW,21.9,216,2.4,,,,,,,,,,
André Silva,São Paulo,br Série A,FW,37.3,481,5.3,70.77086555523958,Below Big-5 Level,,,,,474.90837336896135,Top Starter,,
Luiz Fernando,Athletico,br Série A,FW,,9,0.1,,,,,,,,,,
Lawan,Vitória,br Série A,FW,21.6,12,0.1,,,,,,,,,,
Fernando Pradella,Santos,br Série A,FW,,13,0.1,,,,,,,,,,
Gabriel Souza,Vasco da Gama,br Série A,FW,,23,0.3,,,,,,,,,,
Rafael Monti,Remo,br Série A,FW,27.1,20,0.2,,,,,,,,,,
Matheus França,Vasco da Gama,br Série A,FW,22.8,62,0.7,,,,,,,,,,
Claudio Spinelli,Vasco da Gama,br Série A,FW,29.9,743,8.3,299.73802257714914,Solid Squad Player,,,,,498.470851182258,Top Starter,,
Renato Marques,Coritiba,br Série A,FW,23.1,194,2.2,,,,,,,,,,
João Pedro Silva,Remo,br Série A,FW,30.1,301,3.3,,,,,,,,,,
Tiquinho Soares,Botafogo,br Série A,FW,36.0,388,4.3,,,,,,,,,,
Alex Bruno,Vitória,br Série A,FW,,69,0.8,,,,,,,,,,
Ryan Francisco,São Paulo,br Série A,FW,20.1,12,0.1,,,,,,,,,,
André Henrique,Grêmio,br Série A,FW,25.0,111,1.2,,,,,,,,,,
Bruno Duarte,Vasco da Gama,br Série A,FW,39.3,95,1.1,,,,,,,,,,
Dell,Bahia,br Série A,FW,18.6,78,0.9,,,,,,,,,,
Enzo,Coritiba,br Série A,FW,,17,0.2,,,,,,,,,,
Tico,Remo,br Série A,FW,20.3,1,0.0,,,,,,,,,,
