PlayerId,X,Y,GMY,GMZ,Result,xGOT,Minute,Share
580226,11.2,56.3,52.1,1.9,goal,0.734,87,0.88
580226,9.6,51.4,47.1,6.3,save,0.235,87,0.88
580226,12.0,40.8,52.3,3.8,save,0.529,74,0.88
580226,7.5,48.7,53.9,13.3,goal,0.922,57,0.88
580226,21.6,51.7,53.2,16.5,save,0.189,45,0.88
580226,12.3,59.3,50.9,5.7,save,0.049,43,0.88
580226,8.3,58.3,52.3,6.3,goal,0.75,37,0.88
580226,18.8,41.9,46.2,26.6,goal,0.479,16,0.88
580226,14.4,64.1,50.0,3.8,save,0.021,84,0.88
580226,11.1,56.0,45.8,3.2,goal,0.423,53,0.88
580226,2.7,51.5,46.2,2.5,goal,0.995,90,0.88
580226,3.3,51.2,49.7,3.2,goal,0.924,63,0.88
580226,8.6,63.0,48.3,3.8,save,0.074,63,0.88
580226,4.6,56.9,51.9,5.7,goal,0.876,54,0.88
580226,13.9,62.8,46.4,10.1,save,0.167,43,0.88
580226,11.5,50.0,54.0,15.2,goal,0.992,42,0.88
580226,25.0,49.7,53.9,0.6,goal,0.361,38,0.88
580226,15.3,28.9,46.3,2.5,save,0.487,36,0.88
580226,12.7,65.1,45.8,14.6,save,0.201,7,0.88
580226,20.3,54.2,47.5,27.8,save,0.188,2,0.88
580226,4.2,47.2,54.2,8.9,goal,0.986,56,0.88
580226,10.1,51.4,50.1,14.6,save,0.018,44,0.88
580226,20.6,49.0,53.7,23.4,save,0.387,43,0.88
580226,18.9,43.8,51.7,25.9,save,0.104,32,0.88
580226,12.7,29.3,47.7,12.7,save,0.107,25,0.88
580226,9.1,46.7,50.4,31.0,save,0.084,12,0.88
580226,10.5,57.3,47.6,2.5,save,0.657,65,0.88
580226,22.4,68.4,49.2,18.4,save,0.028,52,0.88
580226,15.2,51.7,49.6,8.2,save,0.1,46,0.88
580226,11.5,50.0,46.8,1.9,goal,0.99,3,0.88
580226,27.2,35.3,53.5,35.4,save,0.451,86,0.88
580226,7.8,60.8,47.1,22.2,save,0.729,40,0.88
580226,9.2,41.8,54.2,12.7,goal,0.739,33,0.88
580226,7.6,43.7,51.0,7.6,save,0.478,72,0.88
580226,7.1,52.2,51.4,12.0,save,0.1,57,0.88
580226,8.1,36.0,46.4,3.2,goal,0.524,45,0.88
580226,11.2,35.4,48.7,3.2,save,0.076,43,0.88
580226,6.0,74.4,50.1,14.6,save,0.018,38,0.88
580226,11.1,70.6,49.1,3.8,save,0.046,90,0.88
580226,16.3,42.1,46.1,10.1,goal,0.349,79,0.88
580226,12.6,51.9,53.7,5.1,goal,0.84,73,0.88
580226,11.5,50.0,47.4,5.1,goal,0.979,8,0.88
580226,8.8,45.9,53.6,30.4,save,0.429,1,0.88
580226,9.0,55.7,52.1,0.6,goal,0.794,85,0.88
580226,7.2,45.7,49.0,29.1,save,0.11,80,0.88
580226,5.4,50.9,52.3,24.1,save,0.423,71,0.88
580226,25.3,31.5,53.5,3.2,save,0.182,70,0.88
580226,6.6,67.6,46.8,7.0,save,0.113,62,0.88
580226,7.9,45.7,51.7,21.5,save,0.171,54,0.88
580226,6.0,71.4,46.4,3.2,save,0.143,21,0.88
580226,22.5,66.5,53.0,20.9,save,0.244,84,0.88
580226,26.5,59.5,48.5,22.2,save,0.128,63,0.88
580226,2.1,57.6,46.9,19.0,save,0.581,53,0.88
580226,20.9,53.3,49.5,12.0,save,0.016,40,0.88
580226,24.8,57.2,47.1,3.8,goal,0.15,90,0.88
580226,11.8,42.2,49.0,2.5,goal,0.458,80,0.88
580226,11.3,67.7,48.5,30.4,goal,0.108,67,0.88
580226,1.5,42.0,50.6,7.0,goal,0.48,59,0.88
580226,7.4,44.8,53.6,8.9,save,0.607,59,0.88
580226,9.7,49.6,48.2,13.9,save,0.345,50,0.88
580226,8.3,49.4,50.0,31.6,save,0.064,45,0.88
580226,26.9,58.3,48.1,24.1,save,0.093,37,0.88
580226,8.3,51.2,52.4,3.8,goal,0.802,23,0.88
580226,4.9,55.5,48.2,5.1,save,0.132,23,0.88
580226,18.7,54.2,53.4,4.4,save,0.306,11,0.88
580226,9.7,45.7,49.7,32.9,save,0.091,45,0.88
580226,11.5,50.0,51.5,8.2,goal,0.94,33,0.88
580226,16.8,47.2,51.9,12.7,save,0.057,70,0.88
580226,2.9,52.9,50.3,2.5,goal,0.722,34,0.88
580226,24.7,58.6,50.6,21.5,save,0.032,90,0.88
580226,10.8,49.5,45.9,10.1,save,0.314,60,0.88
580226,21.9,48.8,46.1,6.3,save,0.294,60,0.88
580226,7.0,45.4,53.3,12.7,save,0.498,54,0.88
580226,17.6,46.2,46.1,20.3,save,0.373,51,0.88
580226,22.2,61.2,49.4,32.9,save,0.064,47,0.88
580226,12.5,50.7,49.0,2.5,save,0.064,45,0.88
580226,26.3,46.6,54.2,20.3,goal,0.364,40,0.88
580226,23.5,59.6,51.6,1.9,goal,0.271,38,0.88
580226,2.1,60.0,49.4,33.5,save,0.094,37,0.88
580226,5.0,52.3,51.0,8.9,goal,0.132,24,0.88
580226,12.0,56.2,47.3,16.5,goal,0.736,10,0.88
580226,21.7,28.9,53.1,7.0,save,0.109,8,0.88
580226,8.7,37.4,52.1,17.7,save,0.424,90,0.88
580226,5.8,34.2,51.2,30.4,save,0.093,90,0.88
580226,8.3,65.4,48.6,3.8,save,0.056,90,0.88
580226,18.4,60.7,49.7,17.7,save,0.02,65,0.88
580226,24.7,66.0,47.7,17.7,save,0.092,65,0.88
580226,23.2,33.0,46.8,32.3,goal,0.464,50,0.88
580226,10.8,71.4,47.3,4.4,save,0.096,28,0.88
580226,23.1,56.1,48.1,7.6,save,0.064,27,0.88
580226,24.0,55.0,52.2,24.7,save,0.162,25,0.88
580226,7.1,56.4,51.3,17.1,save,0.111,80,0.88
580226,20.3,60.2,54.1,5.1,save,0.532,79,0.88
580226,7.0,46.4,48.7,6.3,goal,0.679,64,0.88
580226,5.0,42.3,53.4,8.9,goal,0.814,58,0.88
580226,9.0,33.8,52.8,7.6,save,0.116,58,0.88
580226,10.0,73.1,51.3,4.4,save,0.075,39,0.88
580226,11.5,50.0,47.3,10.8,save,0.973,39,0.88
580226,4.0,56.8,51.6,15.2,goal,0.305,31,0.88
580226,13.5,36.3,50.3,32.3,save,0.069,81,0.88
580226,14.4,49.0,51.7,1.3,save,0.423,45,0.88
580226,4.7,40.6,52.4,17.7,goal,0.624,42,0.88
580226,15.9,50.9,53.6,7.0,save,0.283,42,0.88
580226,5.5,61.0,53.3,15.8,goal,0.882,26,0.88
580226,11.9,57.1,47.4,0.6,save,0.187,25,0.88
580226,11.5,50.0,48.7,31.0,goal,0.975,90,0.88
580226,3.1,70.9,45.8,13.9,goal,0.108,88,0.88
580226,24.9,58.1,45.8,9.5,save,0.257,81,0.88
580226,14.4,48.9,50.1,27.8,save,0.036,64,0.88
580226,21.6,72.6,51.1,10.1,save,0.033,62,0.88
580226,8.7,47.6,46.0,5.1,goal,0.928,52,0.88
580226,8.3,37.9,50.6,19.0,save,0.03,52,0.88
580226,14.8,48.9,47.6,30.4,save,0.265,45,0.88
580226,11.0,34.7,51.1,4.4,save,0.043,30,0.88
580226,29.8,49.3,51.1,13.9,save,0.028,19,0.88
580226,16.9,40.2,50.0,22.2,save,0.024,15,0.88
580226,18.8,35.8,48.0,7.0,save,0.095,84,0.88
580226,20.2,45.4,53.5,2.5,save,0.296,66,0.88
580226,18.8,49.9,46.8,9.5,save,0.164,61,0.88
580226,16.7,47.2,54.0,2.5,save,0.401,57,0.88
580226,4.7,56.7,46.5,2.5,goal,0.841,47,0.88
580226,9.8,52.6,50.1,24.1,save,0.033,34,0.88
580226,21.7,34.7,50.6,0.6,save,0.034,33,0.88
580226,3.4,63.3,52.5,4.4,save,0.246,32,0.88
580226,11.2,50.2,46.3,4.4,save,0.363,23,0.88
580226,12.8,39.7,49.5,1.9,save,0.044,20,0.88
580226,4.2,61.1,52.3,15.2,goal,0.898,82,0.88
580226,25.4,42.6,51.2,30.4,save,0.086,69,0.88
580226,9.5,59.1,50.0,24.1,save,0.028,62,0.88
580226,26.8,54.6,48.3,5.1,goal,0.13,50,0.88
580226,23.4,40.4,50.0,26.6,save,0.029,46,0.88
580226,4.4,45.1,51.8,22.2,save,0.712,36,0.88
580226,7.7,54.1,48.5,31.0,goal,0.148,11,0.88
580226,4.3,39.4,50.0,10.1,save,0.386,11,0.88
580226,11.9,32.2,52.0,26.6,save,0.146,5,0.88
580226,10.0,68.0,51.0,2.5,save,0.08,3,0.88
580226,11.5,50.0,53.9,4.4,goal,0.994,87,0.88
580226,22.7,63.4,49.5,4.4,save,0.025,59,0.88
580226,15.8,34.2,53.2,8.9,save,0.116,57,0.88
580226,9.3,62.9,48.1,5.1,save,0.079,45,0.88
580226,20.1,68.8,53.7,27.8,save,0.603,39,0.88
580226,27.9,49.4,51.0,15.2,save,0.029,31,0.88
580226,26.8,36.2,50.2,3.8,save,0.02,12,0.88
580226,6.2,22.8,54.0,6.3,save,0.13,12,0.88
580226,20.7,54.1,54.3,22.8,save,0.529,90,0.88
580226,20.8,53.6,50.2,25.3,save,0.032,70,0.88
580226,16.6,42.7,52.3,1.9,save,0.121,63,0.88
580226,22.2,56.1,46.6,3.8,goal,0.22,51,0.88
580226,9.6,34.7,46.7,19.0,goal,0.388,34,0.88
580226,11.5,50.0,46.1,19.0,goal,0.993,20,0.88
580226,21.6,71.1,52.5,12.7,save,0.106,16,0.88
580226,15.2,34.4,51.4,2.5,save,0.057,69,0.88
580226,22.1,66.6,50.9,22.8,save,0.048,57,0.88
580226,16.1,49.5,52.9,2.5,save,0.207,19,0.88
580226,7.9,45.3,53.2,7.0,save,0.181,90,0.88
580226,22.1,46.1,50.4,3.2,save,0.027,67,0.88
580226,25.3,67.2,53.4,22.8,save,0.333,66,0.88
580226,8.3,51.1,45.8,7.6,goal,,52,0.88
580226,19.4,56.8,52.0,32.9,save,0.335,52,0.88
580226,1.5,41.3,53.9,15.8,save,0.168,45,0.88
580226,8.5,31.2,52.3,25.3,save,0.11,45,0.88
580226,7.1,69.6,47.2,18.4,save,0.09,81,0.88
580226,17.6,32.3,48.5,4.4,save,0.073,81,0.88
580226,6.5,52.7,48.4,2.5,goal,0.826,74,0.88
580226,11.5,66.5,49.0,22.8,save,0.058,8,0.88
580226,8.7,53.2,49.5,6.3,save,0.263,90,0.88
580226,25.8,34.5,50.8,9.5,save,0.022,73,0.88
580226,7.5,46.5,50.9,9.5,save,0.036,64,0.88
580226,11.3,50.9,49.6,15.2,save,0.022,20,0.88
580226,20.7,76.3,47.1,25.9,save,0.161,15,0.88
580226,12.2,68.0,46.3,1.9,save,0.226,90,0.88
580226,7.9,53.1,46.1,29.7,save,0.686,90,0.88
580226,18.9,50.4,50.5,25.9,save,0.049,18,0.88
580226,14.4,57.5,47.2,2.5,save,0.208,68,0.88
580226,8.0,59.1,52.9,24.1,goal,0.754,7,0.88
580226,7.9,39.5,52.6,3.8,goal,0.399,4,0.88
580226,4.7,66.4,48.5,9.5,save,0.038,90,0.88
580226,8.8,49.0,51.2,13.3,save,0.056,90,0.88
580226,9.7,46.8,51.3,12.0,save,0.467,81,0.88
580226,26.1,34.7,52.5,17.1,save,0.081,49,0.88
580226,28.5,43.9,51.0,8.9,save,0.026,41,0.88
580226,7.7,64.8,47.9,12.7,save,0.243,40,0.88
580226,15.4,48.3,48.4,6.3,save,0.07,33,0.88
580226,9.7,64.5,48.4,5.7,save,0.06,32,0.88
580226,24.1,38.9,50.0,34.2,save,0.047,25,0.88
580226,16.3,44.6,46.4,3.2,save,0.451,19,0.88
580226,14.3,55.8,48.8,3.8,goal,0.376,69,0.88
580226,13.4,34.8,48.3,8.2,save,0.093,55,0.88
580226,14.5,31.3,47.2,3.8,save,0.242,48,0.88
580226,26.0,39.9,52.7,14.6,save,0.089,45,0.88
580226,10.3,65.9,50.5,1.3,save,0.043,39,0.88
580226,15.2,59.3,48.1,4.4,save,0.078,79,0.88
580226,44.9,35.9,50.1,29.7,save,0.036,50,0.88
580226,11.7,32.8,46.3,29.7,goal,0.74,14,0.88
580226,4.2,31.6,53.6,3.8,goal,0.158,8,0.88
580226,18.9,31.6,46.5,21.5,save,0.409,6,0.88
580226,22.2,29.4,47.8,28.5,save,0.204,90,0.88
580226,26.1,19.2,51.5,17.1,goal,0.037,48,0.88
580226,9.7,53.6,49.3,15.8,save,0.102,32,0.88
580226,12.6,34.8,49.9,11.4,save,0.052,10,0.88
580226,17.7,29.3,51.3,32.9,save,0.101,5,0.88
580226,13.9,64.7,48.6,11.4,save,0.033,90,0.88
580226,4.1,53.4,47.1,9.5,goal,0.91,90,0.88
580226,0.9,56.3,46.4,17.7,goal,0.73,70,0.88
580226,5.0,64.6,47.7,5.7,save,0.089,60,0.88
580226,2.7,59.3,48.1,18.4,goal,0.586,43,0.88
580226,8.6,72.4,46.9,5.1,save,0.105,33,0.88
580226,4.3,54.0,49.4,8.9,goal,0.613,26,0.88
580226,19.1,51.3,46.1,6.3,save,0.304,11,0.88
580226,4.7,47.0,51.8,0.6,goal,0.942,84,0.88
580226,4.3,47.2,50.2,13.3,save,0.841,77,0.88
580226,9.3,50.1,53.0,1.9,save,0.94,77,0.88
580226,2.7,50.3,52.3,7.6,goal,0.888,17,0.88
824509,5.2,52.2,53.0,15.2,goal,0.699,90,0.71
824509,16.4,35.0,47.5,22.2,goal,0.198,68,0.71
824509,16.6,50.7,48.6,5.1,save,0.067,17,0.71
824509,9.1,42.7,51.8,5.1,goal,0.521,13,0.71
824509,19.3,53.9,50.0,31.0,save,0.047,1,0.71
824509,17.5,41.0,47.4,12.0,save,0.107,86,0.71
824509,13.6,60.6,49.7,0.6,save,0.138,72,0.71
824509,3.1,43.3,53.8,0.6,save,0.892,36,0.71
824509,16.2,54.6,46.3,28.5,goal,0.466,32,0.71
824509,8.2,39.5,52.6,2.5,save,0.626,61,0.71
824509,10.3,32.9,52.3,15.8,save,0.071,10,0.71
824509,9.0,67.0,46.6,16.5,save,0.13,83,0.71
824509,8.9,59.4,50.2,19.0,save,0.043,63,0.71
824509,10.7,40.2,52.9,22.8,save,0.206,55,0.71
824509,20.3,54.2,46.8,2.5,goal,0.215,37,0.71
824509,15.0,41.4,52.3,33.5,save,0.258,25,0.71
824509,21.2,64.1,52.2,25.3,save,0.185,23,0.71
824509,24.1,69.6,49.4,25.9,save,0.04,80,0.71
824509,8.8,66.7,46.1,3.8,save,0.444,80,0.71
824509,9.8,62.3,46.8,31.6,goal,0.273,73,0.71
824509,5.2,64.9,47.7,8.2,save,0.208,70,0.71
824509,4.8,47.7,52.3,19.6,save,0.355,31,0.71
824509,15.5,51.2,51.9,15.2,save,0.067,19,0.71
824509,11.5,50.0,52.9,12.0,goal,0.974,61,0.71
824509,15.8,61.0,46.0,7.6,goal,0.255,38,0.71
824509,24.7,50.5,50.9,13.9,save,0.028,26,0.71
824509,14.6,33.6,45.9,3.8,goal,0.8,19,0.71
824509,11.5,50.0,54.3,32.9,goal,0.998,45,0.71
824509,14.0,43.7,51.4,9.5,save,0.332,44,0.71
824509,3.5,54.1,46.4,9.5,goal,0.942,30,0.71
824509,5.7,69.3,47.9,15.8,save,0.052,26,0.71
824509,24.9,42.8,54.2,2.5,save,0.363,9,0.71
824509,24.5,59.0,51.0,10.8,save,0.028,90,0.71
824509,3.4,36.5,52.9,18.4,save,0.11,89,0.71
824509,11.1,56.2,49.3,1.9,save,0.052,87,0.71
824509,4.3,55.7,47.4,20.9,save,0.178,84,0.71
824509,19.3,54.0,48.1,7.0,save,0.068,79,0.71
824509,10.8,36.5,49.1,15.2,save,0.039,77,0.71
824509,18.8,47.6,48.3,3.2,save,0.085,73,0.71
824509,9.8,33.1,50.5,15.8,save,0.022,58,0.71
824509,20.7,71.3,49.6,5.7,save,0.021,52,0.71
824509,18.9,36.6,49.9,14.6,save,0.018,14,0.71
824509,7.7,47.1,48.1,10.1,save,0.105,65,0.71
824509,14.9,66.9,47.4,27.8,save,0.16,37,0.71
824509,11.8,51.3,46.6,10.1,goal,0.257,32,0.71
824509,14.5,44.4,45.8,24.1,goal,0.607,33,0.71
824509,10.7,53.4,46.6,12.7,save,0.185,90,0.71
824509,12.9,49.9,51.2,12.0,save,0.253,45,0.71
824509,5.5,68.3,49.6,1.9,save,0.032,43,0.71
824509,5.2,38.7,49.2,23.4,save,0.464,29,0.71
824509,20.1,46.3,47.1,32.3,save,0.336,16,0.71
824509,9.4,66.5,47.5,15.2,save,0.344,5,0.71
824509,19.2,24.6,54.0,6.3,save,0.183,62,0.71
824509,14.4,41.8,46.6,2.5,goal,0.884,45,0.71
824509,7.1,42.7,49.4,13.3,goal,0.234,7,0.71
824509,3.9,41.7,53.9,5.7,goal,0.757,80,0.71
824509,17.3,75.7,45.9,2.5,save,0.248,74,0.71
824509,9.2,55.2,47.5,2.5,goal,0.195,55,0.71
824509,12.5,70.5,52.3,0.6,save,0.213,53,0.71
824509,24.0,64.4,48.1,15.2,save,0.053,51,0.71
824509,14.0,82.1,47.3,6.3,save,0.091,28,0.71
824509,8.0,53.9,50.1,15.2,save,0.03,90,0.71
824509,5.9,46.5,52.0,17.7,save,0.239,88,0.71
824509,9.5,66.1,47.9,15.2,save,0.204,69,0.71
824509,22.4,51.8,47.1,8.9,save,0.147,69,0.71
824509,3.3,44.0,52.9,15.2,goal,0.748,68,0.71
824509,17.7,47.3,52.8,3.2,save,0.174,42,0.71
824509,7.3,44.8,50.6,11.4,save,0.027,2,0.71
824509,5.2,50.9,49.0,12.7,save,0.847,1,0.71
824509,20.9,74.7,49.2,11.4,save,0.018,87,0.71
824509,8.1,46.5,50.3,31.6,save,0.074,45,0.71
824509,5.2,58.1,49.0,19.6,goal,0.541,6,0.71
824509,14.6,27.7,53.2,12.7,save,0.1,89,0.71
824509,7.7,59.4,49.6,2.5,save,0.297,80,0.71
824509,7.0,30.9,54.2,8.2,save,0.167,70,0.71
824509,31.1,56.9,50.3,30.4,save,0.042,54,0.71
824509,11.2,69.6,52.9,1.9,save,0.768,45,0.71
824509,8.4,50.8,50.5,0.6,save,0.63,45,0.71
824509,5.0,41.9,51.8,7.6,goal,0.361,90,0.71
824509,16.6,44.2,51.4,8.2,save,0.051,90,0.71
824509,9.2,58.9,48.6,17.7,save,0.341,90,0.71
824509,4.3,42.5,45.7,15.2,goal,0.704,72,0.71
824509,13.9,29.9,53.9,15.2,save,0.179,88,0.71
824509,22.3,43.6,54.2,2.5,save,0.403,55,0.71
824509,20.8,32.0,52.9,24.7,save,0.194,22,0.71
824509,8.0,30.7,51.9,6.3,save,0.191,8,0.71
824509,11.5,50.0,50.4,1.3,save,0.912,7,0.71
824509,5.0,46.0,53.4,32.9,save,0.624,85,0.71
824509,5.2,36.0,53.3,5.7,save,0.141,78,0.71
824509,8.5,38.0,49.2,2.5,save,0.062,78,0.71
824509,13.4,33.3,48.9,7.6,save,0.149,58,0.71
824509,20.8,56.6,48.6,34.8,save,0.139,51,0.71
824509,17.5,66.0,51.9,29.7,save,0.196,48,0.71
824509,9.5,57.4,47.4,15.8,save,0.1,90,0.71
824509,18.8,58.9,49.9,3.2,save,0.022,57,0.71
824509,4.4,40.5,51.6,24.1,goal,0.091,55,0.71
824509,19.5,25.0,51.2,32.9,save,0.088,15,0.71
824509,12.5,53.5,51.8,13.9,save,0.076,90,0.71
824509,8.7,40.9,46.1,3.2,save,0.561,70,0.71
824509,9.4,69.9,51.9,27.8,save,0.211,70,0.71
824509,5.9,58.8,54.0,7.0,goal,0.563,52,0.71
824509,6.3,51.0,52.0,23.4,goal,0.588,43,0.71
824509,29.6,52.2,47.8,13.3,save,0.062,52,0.71
824509,10.3,24.1,50.1,8.2,save,0.015,34,0.71
824509,12.2,27.0,51.8,17.1,save,0.047,72,0.71
824509,10.4,44.2,53.1,25.3,save,0.311,71,0.71
824509,10.9,45.5,47.3,12.7,save,0.127,56,0.71
824509,7.9,56.4,48.4,15.2,save,0.088,40,0.71
824509,18.3,47.3,52.8,4.4,save,0.16,30,0.71
824509,17.4,20.6,53.7,3.8,save,0.195,22,0.71
824509,12.5,31.5,54.1,4.4,save,0.238,89,0.71
824509,14.1,66.4,46.9,1.3,goal,0.682,75,0.71
824509,12.2,38.3,50.5,25.3,save,0.048,47,0.71
824509,11.8,44.5,46.1,3.2,save,0.903,45,0.71
824509,19.5,47.1,52.9,5.1,save,0.167,27,0.71
824509,13.5,60.7,51.6,12.7,goal,0.06,22,0.71
824509,7.9,47.4,52.3,28.5,save,0.254,11,0.71
824509,7.9,71.3,45.9,13.9,save,0.154,53,0.71
824509,2.9,42.9,53.4,4.4,save,0.91,46,0.71
824509,9.5,35.7,53.9,3.8,save,0.604,46,0.71
824509,6.3,47.0,51.9,2.5,goal,0.578,56,0.71
824509,10.8,68.4,51.0,8.2,save,0.064,51,0.71
824509,18.1,50.0,46.8,1.3,save,0.271,41,0.71
824509,14.8,69.4,53.6,13.3,save,0.338,6,0.71
824509,10.0,54.2,50.3,19.0,save,0.026,75,0.71
824509,5.7,31.2,53.3,5.7,goal,0.117,90,0.71
824509,12.3,36.1,48.3,26.6,save,0.157,90,0.71
824509,10.2,73.5,54.3,3.8,save,0.661,66,0.71
824509,14.6,23.0,54.3,10.1,save,0.155,50,0.71
824509,7.2,37.5,51.9,1.3,save,0.443,88,0.71
824509,11.5,50.0,46.8,11.4,goal,0.982,74,0.71
824509,5.7,46.0,51.8,7.6,save,0.125,70,0.71
824509,8.2,63.5,47.1,13.3,save,0.092,57,0.71
824509,8.8,58.0,48.1,8.2,save,0.08,46,0.71
824509,18.9,46.4,52.3,7.0,save,0.107,45,0.71
824509,10.6,46.4,52.9,8.9,save,0.156,34,0.71
824509,25.7,57.9,48.9,29.1,save,0.074,31,0.71
824509,9.2,35.4,51.1,9.5,save,0.119,90,0.71
824509,17.7,60.1,53.9,0.6,goal,0.48,68,0.71
824509,12.7,39.4,53.4,0.6,save,0.594,55,0.71
824509,5.2,60.0,51.0,1.9,goal,0.69,53,0.71
824509,22.0,46.5,46.9,21.5,save,0.229,26,0.71
824509,12.4,57.5,47.1,1.9,goal,0.205,21,0.71
824509,12.9,34.0,53.2,8.2,save,0.15,11,0.71
824509,15.2,75.0,47.3,4.4,save,0.094,5,0.71
824509,11.5,50.0,51.9,2.5,goal,0.969,87,0.71
824509,9.0,72.6,48.9,15.8,save,0.037,56,0.71
48535,6.4,51.6,48.0,15.8,goal,0.149,85,0.91
48535,20.0,58.0,47.2,1.9,goal,0.163,37,0.91
48535,12.5,72.6,53.6,4.4,save,0.443,27,0.91
48535,8.5,46.0,48.1,25.9,goal,0.222,21,0.91
48535,7.6,43.5,52.0,0.6,save,0.199,5,0.91
48535,24.5,50.7,53.9,18.4,save,0.292,70,0.91
48535,21.6,37.3,48.7,25.3,save,0.084,45,0.91
48535,16.0,47.4,49.4,3.8,save,0.043,14,0.91
48535,11.6,69.3,51.6,15.8,save,0.087,14,0.91
48535,11.5,42.8,48.9,17.1,save,0.045,2,0.91
48535,19.1,57.1,53.8,2.5,save,0.386,74,0.91
48535,6.7,68.5,45.7,0.6,goal,0.314,63,0.91
48535,18.5,37.5,47.7,3.2,save,0.168,32,0.91
48535,15.4,76.1,51.3,2.5,save,0.074,22,0.91
48535,26.6,76.3,47.6,3.8,save,0.086,84,0.91
48535,14.8,56.7,50.0,13.9,goal,0.17,67,0.91
48535,20.6,50.3,47.1,27.8,goal,0.376,64,0.91
48535,7.1,45.2,47.8,10.8,goal,0.178,60,0.91
48535,27.8,47.2,48.5,7.6,save,0.047,56,0.91
48535,20.6,37.9,48.1,28.5,save,0.158,41,0.91
48535,13.2,57.2,47.4,27.8,save,0.232,23,0.91
48535,14.3,28.2,48.8,10.8,save,0.039,62,0.91
48535,22.6,48.4,50.3,16.5,save,0.018,53,0.91
48535,8.1,50.2,45.8,4.4,goal,0.926,42,0.91
48535,10.0,48.6,52.9,15.2,goal,0.39,33,0.91
48535,7.0,32.9,49.4,2.5,save,0.059,14,0.91
48535,2.5,46.5,51.8,31.6,goal,0.931,6,0.91
48535,2.0,36.9,45.7,6.3,goal,,3,0.91
48535,5.5,63.9,51.3,8.2,save,0.12,76,0.91
48535,9.6,49.8,47.1,13.3,goal,0.411,60,0.91
48535,10.9,68.7,47.4,12.0,save,0.059,56,0.91
48535,29.1,33.3,47.5,15.8,save,0.111,19,0.91
48535,3.4,56.7,49.4,8.2,goal,0.816,1,0.91
48535,3.7,60.4,46.9,11.4,save,0.091,90,0.91
48535,24.9,67.6,53.2,27.8,save,0.367,90,0.91
48535,5.5,52.2,48.4,2.5,goal,0.409,55,0.91
48535,12.0,68.5,45.5,5.1,save,0.274,53,0.91
48535,8.8,56.7,49.0,7.0,save,0.142,15,0.91
48535,9.9,65.7,48.7,7.6,save,0.043,79,0.91
48535,22.4,42.4,50.3,5.7,save,0.028,73,0.91
48535,10.5,71.0,49.7,17.7,save,0.021,58,0.91
48535,8.0,40.5,52.5,6.3,save,0.732,21,0.91
48535,13.8,57.5,45.8,10.1,goal,0.231,16,0.91
48535,14.4,48.8,51.4,5.7,save,0.253,14,0.91
48535,23.5,48.5,50.8,12.7,save,0.021,90,0.91
48535,9.0,39.8,50.1,7.0,save,0.194,68,0.91
48535,22.8,60.8,46.2,17.1,save,0.213,14,0.91
48535,13.1,56.9,47.8,22.8,goal,0.638,13,0.91
48535,24.0,27.4,50.0,28.5,save,0.031,90,0.91
48535,6.7,49.7,54.1,17.1,goal,0.51,87,0.91
48535,11.7,62.1,48.5,19.0,save,0.446,66,0.91
48535,11.5,50.0,54.1,3.2,goal,0.995,53,0.91
48535,2.4,50.2,48.4,20.9,goal,0.912,43,0.91
48535,13.1,72.1,50.0,1.9,save,0.024,41,0.91
48535,5.4,54.0,47.0,3.2,save,0.886,37,0.91
48535,7.7,55.1,45.9,1.3,save,0.388,7,0.91
48535,15.1,16.5,52.5,27.2,save,0.138,65,0.91
48535,11.5,50.0,54.2,3.8,goal,0.995,59,0.91
48535,5.3,50.4,51.2,5.1,goal,0.778,53,0.91
48535,13.1,39.4,50.8,26.6,save,0.059,46,0.91
48535,25.1,65.8,48.0,7.6,save,0.059,10,0.91
48535,8.8,66.1,48.1,8.2,save,0.059,81,0.91
48535,14.2,37.4,51.6,4.4,save,0.075,65,0.91
48535,16.0,67.1,52.3,1.3,save,0.19,61,0.91
48535,2.3,47.7,52.6,14.6,save,0.976,54,0.91
48535,21.2,62.6,48.9,24.1,save,0.054,42,0.91
48535,9.9,50.1,51.0,19.0,save,0.058,40,0.91
48535,28.0,65.8,52.6,6.3,save,0.141,32,0.91
48535,11.0,46.7,46.7,7.0,goal,0.249,23,0.91
48535,16.6,28.6,48.5,1.9,save,0.096,86,0.91
48535,16.2,27.5,48.7,6.3,save,0.054,84,0.91
48535,24.8,46.6,53.7,8.2,save,0.217,72,0.91
48535,26.2,49.5,46.4,4.4,save,0.253,43,0.91
48535,24.9,41.1,53.6,1.3,save,0.258,20,0.91
48535,7.1,70.0,47.7,3.8,save,0.075,5,0.91
48535,15.1,45.1,52.5,1.3,save,0.245,77,0.91
48535,18.5,30.6,47.8,27.8,goal,0.209,62,0.91
48535,8.9,53.0,47.1,15.2,save,0.151,61,0.91
48535,7.4,39.7,52.1,1.3,goal,0.558,50,0.91
48535,20.9,69.4,52.1,24.7,save,0.158,33,0.91
48535,5.0,49.3,45.9,18.4,goal,0.74,18,0.91
48535,26.2,37.0,53.9,22.2,save,0.305,17,0.91
48535,19.4,64.8,46.8,12.0,save,0.104,90,0.91
48535,15.9,33.3,46.4,3.8,save,0.386,83,0.91
48535,2.6,57.3,48.4,2.5,goal,0.264,41,0.91
48535,20.4,40.7,54.0,12.7,goal,0.201,36,0.91
48535,14.6,33.6,54.3,19.0,goal,0.269,22,0.91
48535,7.9,30.8,49.7,4.4,save,0.029,82,0.91
48535,16.9,31.2,49.0,19.6,save,0.05,75,0.91
48535,9.3,27.7,53.0,3.2,save,0.116,50,0.91
48535,14.3,39.0,52.9,24.7,save,0.216,48,0.91
48535,18.9,67.6,46.0,24.7,goal,0.306,32,0.91
48535,19.0,46.0,52.6,10.8,save,0.095,30,0.91
48535,11.5,40.1,46.3,1.9,goal,0.894,27,0.91
48535,19.9,27.3,52.7,7.0,save,0.087,19,0.91
48535,7.1,35.3,52.6,2.5,goal,0.103,74,0.91
48535,9.6,46.1,50.3,23.4,save,0.069,65,0.91
48535,11.5,50.0,49.5,14.6,goal,0.863,52,0.91
48535,24.0,40.7,49.4,10.1,save,0.02,46,0.91
48535,18.1,50.1,50.8,30.4,save,0.084,39,0.91
48535,10.1,61.3,53.7,10.1,goal,0.892,26,0.91
48535,14.7,61.2,50.9,14.6,save,0.033,26,0.91
48535,27.8,45.7,51.6,1.3,save,0.089,77,0.91
48535,10.2,54.5,47.7,17.7,goal,0.166,55,0.91
48535,13.6,58.9,45.8,2.5,save,0.373,35,0.91
48535,0.8,56.2,47.4,17.7,goal,0.359,25,0.91
48535,8.9,47.0,51.6,1.9,goal,0.533,21,0.91
48535,11.7,30.0,52.6,0.6,save,0.116,90,0.91
48535,10.6,48.5,50.6,16.5,save,0.035,76,0.91
48535,12.1,49.9,50.0,3.2,save,0.37,72,0.91
48535,16.1,32.1,54.0,1.3,save,0.271,60,0.91
48535,17.9,26.7,49.4,5.1,save,0.034,47,0.91
48535,11.5,50.0,46.4,6.3,save,0.991,45,0.91
48535,7.9,58.4,46.3,15.2,save,0.314,67,0.91
48535,17.5,53.9,52.3,5.1,save,0.128,41,0.91
48535,13.3,34.4,52.1,26.6,save,0.139,37,0.91
48535,8.8,30.3,48.1,20.3,save,0.173,12,0.91
48535,13.8,37.7,47.5,17.7,save,0.203,40,0.91
48535,25.7,53.4,47.1,28.5,goal,0.248,35,0.91
48535,22.7,54.0,54.0,13.9,save,0.279,35,0.91
48535,14.6,39.4,50.3,1.3,save,0.121,26,0.91
48535,6.0,58.5,46.8,15.8,goal,0.428,10,0.91
48535,16.9,40.2,52.8,20.3,goal,0.145,77,0.91
48535,30.6,48.7,47.8,13.9,save,0.075,68,0.91
48535,18.2,56.8,52.3,10.8,save,0.104,42,0.91
48535,20.8,57.0,50.3,30.4,save,0.053,40,0.91
48535,18.1,34.0,49.2,7.6,save,0.044,25,0.91
48535,9.7,61.8,46.1,3.2,save,0.273,90,0.91
48535,14.6,68.7,45.8,3.2,save,0.274,60,0.91
48535,4.9,51.8,50.9,13.3,goal,0.618,71,0.91
48535,4.0,61.0,50.7,24.7,save,0.061,71,0.91
48535,5.0,52.0,47.1,32.9,goal,0.917,45,0.91
48535,19.4,32.2,46.0,20.9,goal,0.478,79,0.91
48535,5.6,54.6,51.3,16.5,save,0.793,73,0.91
48535,2.4,56.7,49.9,32.3,save,0.114,57,0.91
48535,7.1,45.3,49.0,21.5,goal,0.442,54,0.91
48535,19.7,43.9,46.9,33.5,goal,0.429,16,0.91
48535,6.5,75.6,49.3,0.6,save,0.036,64,0.91
48535,26.5,33.4,50.6,29.1,save,0.048,30,0.91
48535,8.6,43.4,53.2,20.9,save,0.36,19,0.91
48535,10.6,62.3,45.8,17.1,save,0.245,5,0.91
48535,9.3,68.3,47.7,1.9,save,0.096,78,0.91
48535,8.8,41.9,48.9,30.4,save,0.117,63,0.91
48535,23.6,32.0,48.4,12.7,save,0.043,53,0.91
48535,14.4,58.3,54.3,0.6,goal,0.966,45,0.91
48535,15.6,39.2,52.4,18.4,goal,0.569,38,0.91
48535,1.9,45.9,53.8,1.9,goal,0.992,20,0.91
48535,10.6,30.1,50.7,27.2,save,0.054,16,0.91
48535,11.5,50.0,51.3,22.8,goal,0.954,4,0.91
48535,10.0,51.5,52.3,8.2,save,0.115,90,0.91
48535,26.9,63.9,54.0,12.0,save,0.278,90,0.91
48535,8.6,46.3,53.9,21.5,goal,0.693,87,0.91
48535,15.9,67.9,48.3,1.9,save,0.069,57,0.91
48535,14.0,48.3,50.0,10.8,save,0.015,55,0.91
48535,7.4,50.0,49.7,22.2,save,0.049,35,0.91
48535,18.1,75.0,53.8,14.6,save,0.354,30,0.91
48535,11.8,27.5,52.3,29.1,save,0.154,24,0.91
48535,6.3,52.8,49.7,17.1,save,0.094,21,0.91
48535,7.0,56.6,48.5,19.6,save,0.075,18,0.91
48535,15.7,36.4,53.2,3.2,save,0.173,5,0.91
48535,5.5,49.5,50.6,7.6,goal,0.62,75,0.91
48535,12.4,17.2,47.4,18.4,goal,0.241,63,0.91
48535,4.2,34.4,51.6,0.6,goal,0.638,89,0.91
48535,25.6,25.9,51.7,10.8,save,0.035,77,0.91
48535,11.7,64.1,52.4,2.5,goal,0.727,66,0.91
48535,15.0,42.1,51.5,2.5,save,0.34,56,0.91
48535,16.0,52.2,53.2,8.2,goal,0.527,39,0.91
48535,10.6,46.5,52.7,24.1,goal,0.735,20,0.91
48535,23.8,63.1,48.8,14.6,save,0.03,16,0.91
48535,27.3,37.5,51.6,26.6,save,0.088,4,0.91
164055,22.8,52.6,49.9,13.9,save,0.015,90,0.97
164055,16.9,43.1,50.9,0.6,save,0.055,77,0.97
164055,12.2,69.6,47.6,9.5,save,0.063,74,0.97
164055,11.8,74.7,46.4,5.7,save,0.132,63,0.97
164055,6.1,31.4,54.2,20.9,save,0.199,18,0.97
164055,7.0,54.5,46.4,25.3,goal,0.504,82,0.97
164055,6.6,51.7,47.9,8.9,save,0.45,82,0.97
164055,12.2,57.7,49.8,2.5,save,0.134,76,0.97
164055,10.7,41.9,50.4,20.9,save,0.411,63,0.97
164055,3.7,30.8,51.7,19.6,save,0.062,45,0.97
164055,16.2,50.5,53.0,5.1,save,0.203,32,0.97
164055,14.9,42.6,52.5,3.2,goal,0.403,74,0.97
164055,7.9,48.6,49.4,30.4,goal,0.57,58,0.97
164055,1.6,38.9,53.4,3.2,save,0.168,81,0.97
164055,11.7,43.7,46.0,1.3,goal,0.864,85,0.97
164055,15.7,39.3,49.0,4.4,save,0.063,82,0.97
164055,15.8,68.5,47.8,5.1,save,0.074,77,0.97
164055,16.0,58.1,49.6,19.6,save,0.029,69,0.97
164055,12.7,43.7,49.7,10.8,save,0.122,12,0.97
164055,9.0,50.3,54.0,5.7,goal,0.843,1,0.97
164055,11.5,50.0,47.0,1.9,goal,0.988,67,0.97
164055,14.2,55.0,47.5,3.2,goal,0.568,53,0.97
164055,7.7,44.1,51.3,3.2,goal,0.439,11,0.97
164055,8.3,29.3,53.2,16.5,save,0.098,80,0.97
164055,20.1,57.5,52.6,4.4,save,0.19,66,0.97
164055,8.3,50.4,49.7,2.5,goal,0.434,60,0.97
164055,11.8,31.2,50.0,1.3,save,0.083,60,0.97
164055,23.1,51.2,51.2,7.0,save,0.04,22,0.97
164055,12.4,63.7,48.7,1.9,goal,0.06,9,0.97
164055,11.5,50.0,54.2,1.9,goal,0.996,78,0.97
164055,16.2,42.5,50.0,3.2,save,0.023,19,0.97
164055,13.6,59.2,48.4,5.1,save,0.501,13,0.97
164055,25.3,73.7,48.3,27.2,save,0.087,48,0.97
164055,11.7,64.4,49.1,8.2,goal,0.16,45,0.97
164055,15.3,48.3,53.8,29.1,goal,0.536,34,0.97
164055,8.7,50.7,47.4,15.2,save,0.148,27,0.97
164055,4.2,70.1,47.4,4.4,save,0.08,2,0.97
164055,25.6,56.1,48.9,8.2,save,0.032,70,0.97
164055,3.8,53.8,46.0,3.2,goal,0.961,41,0.97
164055,14.9,60.6,53.8,19.6,goal,0.416,90,0.97
164055,8.8,48.9,50.6,1.3,save,0.111,82,0.97
164055,11.5,50.0,51.4,3.8,save,0.952,82,0.97
164055,0.4,54.8,46.7,5.7,goal,,30,0.97
164055,7.4,69.1,45.7,9.5,save,0.163,30,0.97
164055,4.2,38.7,54.0,12.7,goal,0.832,19,0.97
164055,9.8,26.4,53.2,3.2,save,0.123,10,0.97
164055,12.8,51.7,52.4,7.0,save,0.748,6,0.97
164055,11.5,72.0,45.7,22.8,save,0.277,1,0.97
164055,3.7,50.5,50.3,15.8,save,0.554,79,0.97
164055,2.0,49.7,49.4,10.8,save,0.917,79,0.97
164055,7.7,39.7,49.6,5.1,save,0.654,79,0.97
164055,11.7,63.7,50.7,27.8,save,0.094,24,0.97
164055,6.3,39.4,52.6,1.9,save,0.12,84,0.97
164055,15.3,55.9,52.9,15.2,save,0.179,63,0.97
164055,16.7,33.3,52.9,8.2,save,0.103,26,0.97
164055,4.4,56.2,47.9,11.4,save,0.782,90,0.97
164055,7.6,47.0,49.8,14.6,save,0.026,85,0.97
164055,15.8,72.3,48.4,3.2,save,0.056,59,0.97
164055,25.9,24.1,49.0,22.2,save,0.048,7,0.97
164055,9.4,61.0,50.3,12.0,save,0.154,39,0.97
164055,15.7,31.3,47.1,25.3,save,0.361,34,0.97
164055,26.7,54.6,46.3,6.3,save,0.232,63,0.97
164055,10.0,58.3,53.0,12.0,save,0.174,60,0.97
164055,8.2,34.3,54.5,20.3,save,0.294,48,0.97
164055,5.0,43.4,45.8,5.1,goal,0.985,43,0.97
164055,26.4,54.0,54.2,7.0,save,0.354,34,0.97
164055,13.9,72.0,48.1,9.5,save,0.045,58,0.97
164055,18.3,46.9,47.6,24.1,save,0.205,50,0.97
164055,19.1,53.7,47.3,8.9,save,0.113,15,0.97
164055,2.8,44.7,51.3,20.9,goal,0.644,78,0.97
164055,11.5,50.0,48.7,4.4,goal,0.944,76,0.97
164055,19.4,35.1,53.5,24.1,save,0.238,51,0.97
164055,11.4,66.6,49.2,3.2,save,0.039,31,0.97
164055,7.4,44.0,49.7,5.7,save,0.032,10,0.97
164055,4.8,64.4,54.2,1.3,goal,0.955,89,0.97
164055,16.1,51.8,51.9,7.0,save,0.138,84,0.97
164055,17.7,34.0,49.0,23.4,save,0.091,45,0.97
164055,17.7,20.7,49.1,10.8,save,0.03,42,0.97
164055,2.6,63.9,46.2,13.3,save,0.12,40,0.97
164055,5.6,33.6,49.3,5.1,goal,0.568,30,0.97
164055,14.1,29.7,53.1,12.0,save,0.095,5,0.97
164055,13.4,53.6,47.7,10.1,save,0.069,87,0.97
164055,11.4,45.6,49.7,13.3,save,0.019,70,0.97
164055,21.5,41.1,48.6,10.8,save,0.04,39,0.97
164055,8.0,54.2,51.3,20.3,save,0.438,26,0.97
164055,10.2,52.7,46.6,10.8,save,0.795,81,0.97
164055,1.4,49.5,52.6,4.4,goal,0.993,72,0.97
164055,5.2,62.4,50.0,4.4,save,0.032,71,0.97
164055,7.2,40.7,53.3,8.2,save,0.565,59,0.97
164055,8.2,57.8,49.2,4.4,save,0.354,41,0.97
164055,10.0,49.6,48.0,33.5,save,0.245,32,0.97
164055,5.3,51.5,50.3,9.5,goal,0.17,15,0.97
164055,13.6,40.0,51.6,3.2,save,0.432,87,0.97
164055,21.9,48.7,48.7,13.3,save,0.036,83,0.97
164055,22.7,57.6,50.8,12.0,save,0.022,69,0.97
164055,16.4,63.0,48.5,5.1,save,0.064,62,0.97
164055,22.8,27.0,48.2,7.6,save,0.073,11,0.97
164055,26.7,35.0,45.8,23.4,save,0.515,83,0.97
164055,12.4,37.0,49.0,1.3,save,0.245,81,0.97
164055,9.4,42.0,47.0,27.8,save,0.438,90,0.97
164055,3.8,61.4,47.3,27.2,save,0.163,54,0.97
164055,17.1,16.7,48.4,17.1,save,0.08,90,0.97
164055,8.4,39.2,46.0,5.7,goal,0.869,33,0.97
164055,11.2,59.9,50.9,17.7,save,0.039,90,0.97
164055,24.4,49.7,46.3,1.3,save,0.327,9,0.97
164055,13.2,46.2,48.3,25.3,save,0.447,78,0.97
164055,4.6,54.0,49.6,29.1,goal,0.163,45,0.97
164055,17.5,34.7,52.0,10.1,save,0.052,45,0.97
164055,12.3,71.0,53.2,3.2,save,0.369,71,0.97
164055,7.2,48.7,51.6,7.0,save,0.335,60,0.97
164055,4.4,51.4,49.7,31.6,save,0.85,38,0.97
164055,12.2,70.3,48.5,1.3,save,0.263,25,0.97
164055,14.5,52.9,54.0,5.1,goal,0.47,90,0.97
164055,41.7,32.5,50.2,26.6,save,0.029,89,0.97
164055,15.0,44.3,52.7,12.0,save,0.114,65,0.97
164055,17.4,46.0,52.1,20.3,goal,0.113,52,0.97
164055,18.4,47.7,54.2,4.4,goal,0.37,45,0.97
164055,8.7,65.9,49.6,5.1,save,0.189,30,0.97
164055,9.9,44.3,46.1,8.9,goal,0.369,59,0.97
164055,10.8,62.9,46.1,20.3,goal,0.871,36,0.97
164055,9.1,53.7,53.4,5.7,goal,0.317,24,0.97
164055,21.1,54.4,51.9,32.3,save,0.193,24,0.97
164055,22.6,47.6,49.2,10.8,save,0.023,9,0.97
164055,22.3,43.0,50.6,3.8,save,0.031,8,0.97
164055,20.9,73.0,50.2,25.9,save,0.032,65,0.97
164055,5.1,52.4,48.4,18.4,goal,0.889,37,0.97
164055,11.5,50.0,54.1,1.9,goal,0.995,87,0.97
164055,14.5,33.0,46.5,5.1,save,0.363,81,0.97
164055,5.3,41.8,53.5,5.1,save,0.678,69,0.97
164055,14.1,73.2,46.1,2.5,goal,0.201,56,0.97
164055,7.2,41.2,53.1,31.6,save,0.308,54,0.97
164055,28.6,59.5,46.2,3.2,save,0.263,53,0.97
164055,11.5,50.0,47.7,2.5,goal,0.979,45,0.97
164055,20.6,50.2,50.5,24.7,save,0.047,44,0.97
164055,8.0,61.4,48.1,7.6,save,0.068,90,0.97
164055,18.1,52.5,47.6,11.4,save,0.096,90,0.97
164055,13.8,69.8,46.5,10.1,save,0.123,75,0.97
164055,10.4,61.4,47.4,3.2,save,0.693,74,0.97
164055,11.5,50.0,46.3,1.3,goal,0.994,53,0.97
149656,22.0,29.2,49.1,1.9,save,0.046,86,1.0
149656,4.8,45.3,46.1,2.5,goal,0.99,81,1.0
149656,11.2,38.4,54.2,19.0,goal,0.691,57,1.0
149656,6.6,51.5,49.4,19.0,save,0.064,56,1.0
149656,6.5,24.1,54.2,17.7,save,0.149,50,1.0
149656,15.8,70.3,50.0,18.4,save,0.017,2,1.0
149656,18.7,56.2,50.1,3.2,save,0.023,90,1.0
149656,11.5,50.0,53.8,5.1,goal,0.992,54,1.0
149656,1.5,54.4,46.7,7.0,goal,0.93,41,1.0
149656,4.4,47.5,52.3,13.3,goal,0.699,36,1.0
149656,7.4,58.2,47.1,23.4,save,0.217,51,1.0
149656,19.9,59.0,50.3,5.1,save,0.023,36,1.0
149656,22.0,61.3,48.8,1.9,save,0.05,27,1.0
149656,10.3,53.5,49.1,1.3,save,0.61,19,1.0
149656,9.4,59.8,47.6,11.4,save,0.311,90,1.0
149656,8.8,48.8,53.4,4.4,goal,0.823,89,1.0
149656,20.6,48.5,50.8,29.7,save,0.082,88,1.0
149656,8.7,64.4,49.0,2.5,save,0.05,83,1.0
149656,13.1,68.1,48.0,1.3,save,0.086,60,1.0
149656,13.8,42.3,49.4,8.9,goal,0.029,53,1.0
149656,7.1,65.3,49.4,4.4,save,0.184,35,1.0
149656,11.9,68.1,46.6,34.2,goal,0.335,22,1.0
149656,9.4,43.1,46.4,1.3,save,0.773,18,1.0
149656,22.0,62.9,49.7,1.9,save,0.026,16,1.0
149656,11.3,31.5,46.9,10.1,goal,0.244,90,1.0
149656,8.9,35.8,49.9,3.2,save,0.028,84,1.0
149656,7.7,31.9,50.7,32.3,save,0.074,72,1.0
149656,4.5,54.7,47.9,17.7,goal,0.788,60,1.0
149656,7.0,45.4,45.7,4.4,goal,0.973,22,1.0
149656,16.3,55.8,54.3,1.3,goal,0.541,19,1.0
149656,22.5,53.0,45.9,5.1,save,0.326,17,1.0
149656,11.9,40.5,46.8,20.9,goal,0.772,83,1.0
149656,23.2,75.3,50.4,30.4,save,0.051,67,1.0
149656,17.5,62.8,50.6,7.6,save,0.051,63,1.0
149656,1.8,48.1,50.8,15.2,goal,0.908,59,1.0
149656,21.6,34.0,46.8,14.6,save,0.209,15,1.0
149656,8.7,54.3,47.1,5.7,save,0.208,73,1.0
149656,9.1,52.7,51.0,15.2,save,0.392,65,1.0
149656,4.1,48.2,52.1,13.3,goal,0.365,60,1.0
149656,7.0,62.4,48.7,2.5,save,0.245,48,1.0
149656,2.4,36.6,53.9,8.9,save,0.139,47,1.0
149656,0.9,49.1,46.1,13.3,goal,,27,1.0
149656,12.2,49.7,50.3,5.1,save,0.031,21,1.0
149656,15.7,50.6,49.8,12.0,save,0.015,10,1.0
149656,10.3,36.7,50.0,2.5,save,0.102,8,1.0
149656,8.7,65.2,54.2,2.5,goal,0.671,86,1.0
149656,9.5,55.9,46.4,22.2,goal,0.938,90,1.0
149656,5.9,31.3,53.4,13.9,save,0.094,89,1.0
149656,9.4,66.5,48.7,1.9,save,0.055,80,1.0
149656,4.9,39.5,52.3,2.5,save,0.155,60,1.0
149656,11.5,50.0,54.2,13.9,goal,0.993,55,1.0
149656,21.5,43.0,53.8,21.5,save,0.29,90,1.0
149656,8.3,61.7,53.7,18.4,goal,0.472,49,1.0
149656,8.8,48.5,52.7,25.3,save,0.259,30,1.0
149656,12.0,32.7,52.8,17.1,save,0.288,15,1.0
149656,21.7,54.3,54.3,5.7,save,0.411,13,1.0
149656,17.8,58.2,52.1,13.3,save,0.078,10,1.0
149656,14.5,60.7,53.9,4.4,goal,0.476,90,1.0
149656,9.7,66.6,50.6,5.1,save,0.036,71,1.0
149656,14.4,18.8,52.5,0.6,save,0.093,55,1.0
149656,16.3,40.2,50.7,25.9,save,0.051,40,1.0
149656,22.8,45.9,46.2,8.9,save,0.257,38,1.0
149656,6.3,64.3,48.5,12.0,save,0.034,20,1.0
149656,16.0,60.0,53.6,8.2,save,0.334,79,1.0
149656,7.4,52.6,52.2,2.5,goal,0.983,64,1.0
149656,7.5,49.2,50.3,32.3,goal,0.283,52,1.0
149656,23.5,49.8,53.6,18.4,save,0.253,13,1.0
149656,4.6,37.0,52.5,7.6,save,0.39,11,1.0
149656,25.0,25.0,53.3,7.0,save,0.126,11,1.0
149656,12.6,55.8,53.8,15.8,goal,0.4,90,1.0
149656,10.5,46.5,47.1,7.6,goal,0.217,85,1.0
149656,23.2,72.9,51.9,27.2,save,0.186,54,1.0
149656,11.5,50.0,45.9,7.0,goal,0.993,15,1.0
149656,7.4,57.5,47.3,6.3,save,0.119,90,1.0
149656,9.3,47.6,47.4,5.1,save,0.251,62,1.0
149656,11.0,40.7,48.7,0.6,goal,0.465,22,1.0
149656,12.9,28.6,47.8,30.4,save,0.27,90,1.0
149656,24.4,64.4,51.9,7.6,save,0.072,83,1.0
149656,19.9,53.2,49.5,15.2,save,0.021,76,1.0
149656,14.5,42.3,54.0,3.8,save,0.321,68,1.0
149656,13.8,34.4,52.4,1.3,save,0.116,24,1.0
149656,14.4,67.2,48.1,20.9,save,0.081,69,1.0
149656,5.5,53.9,47.4,31.6,goal,0.434,51,1.0
149656,11.6,57.9,51.2,25.9,save,0.662,42,1.0
149656,3.8,46.4,50.5,28.5,save,0.264,40,1.0
149656,16.8,29.4,47.6,26.6,save,0.261,90,1.0
149656,5.1,62.0,50.1,18.4,save,0.206,90,1.0
149656,15.1,29.0,47.4,1.3,goal,0.259,49,1.0
149656,19.4,66.8,53.9,14.6,save,0.336,47,1.0
149656,24.3,42.3,49.1,17.1,save,0.031,45,1.0
149656,8.3,63.4,53.0,3.8,save,0.809,41,1.0
149656,17.3,43.5,49.5,2.5,goal,0.038,14,1.0
149656,3.4,44.5,49.9,12.7,save,0.264,13,1.0
149656,15.6,41.4,53.8,7.6,save,0.228,6,1.0
149656,6.9,59.7,47.7,3.2,save,0.142,81,1.0
149656,24.1,57.3,51.0,6.3,save,0.04,62,1.0
149656,22.6,65.7,51.6,14.6,save,0.055,51,1.0
149656,13.1,51.1,52.9,2.5,goal,0.302,45,1.0
149656,9.0,54.6,53.2,14.6,goal,0.694,29,1.0
149656,10.2,51.7,52.6,5.1,goal,0.768,25,1.0
149656,18.0,42.3,46.8,27.8,goal,0.391,22,1.0
149656,20.6,69.4,54.2,15.2,goal,0.415,90,1.0
149656,3.2,49.0,53.6,1.9,goal,0.994,90,1.0
149656,5.9,47.3,52.7,1.3,save,0.886,90,1.0
149656,19.8,31.0,47.1,8.9,save,0.172,69,1.0
149656,18.2,30.3,49.0,5.1,save,0.042,52,1.0
149656,6.6,41.6,46.3,21.5,goal,0.606,37,1.0
149656,23.1,49.8,52.8,29.7,save,0.27,26,1.0
149656,22.6,72.2,49.4,14.6,save,0.018,21,1.0
149656,14.5,59.9,54.0,1.3,save,0.544,18,1.0
149656,26.9,57.5,53.9,17.1,save,0.358,4,1.0
149656,11.5,50.0,46.1,25.9,goal,0.996,83,1.0
149656,2.1,45.7,52.6,19.0,goal,0.654,65,1.0
149656,9.4,50.3,49.0,31.6,save,0.113,25,1.0
149656,11.5,45.9,52.2,20.9,save,0.131,24,1.0
149656,5.8,56.1,48.7,8.9,goal,0.347,1,1.0
149656,4.8,52.5,53.9,19.0,goal,0.938,72,1.0
149656,21.4,52.7,50.3,4.4,save,0.023,54,1.0
149656,21.1,45.7,50.8,8.9,save,0.026,47,1.0
149656,23.5,62.0,52.9,4.4,save,0.192,15,1.0
149656,15.5,66.4,51.9,3.8,save,0.118,14,1.0
149656,17.5,58.3,48.1,2.5,save,0.086,10,1.0
149656,12.1,43.5,48.8,3.2,goal,0.487,42,1.0
149656,5.7,43.6,53.6,8.9,goal,0.239,33,1.0
149656,8.7,58.6,46.8,5.7,save,0.206,33,1.0
149656,14.2,46.3,50.8,30.4,save,0.09,27,1.0
149656,11.6,73.2,49.2,32.9,save,0.072,24,1.0
149656,12.4,55.8,46.2,1.9,save,0.359,17,1.0
149656,11.1,46.1,46.4,7.0,goal,0.295,9,1.0
149656,5.6,50.8,52.3,1.3,goal,0.622,3,1.0
149656,14.2,23.8,45.5,14.6,goal,0.564,84,1.0
149656,16.9,53.8,47.2,6.3,save,0.17,70,1.0
149656,13.8,41.0,47.7,3.8,save,0.191,29,1.0
149656,24.0,41.1,47.9,15.2,save,0.088,19,1.0
149656,7.0,37.2,54.3,15.2,save,0.182,13,1.0
149656,28.6,26.0,53.2,12.7,save,0.091,80,1.0
149656,11.2,29.7,51.0,10.1,save,0.025,74,1.0
149656,23.0,30.3,47.1,29.1,save,0.352,72,1.0
149656,12.0,34.9,49.1,7.6,save,0.039,47,1.0
149656,14.2,37.7,51.6,3.8,save,0.066,29,1.0
149656,18.1,40.6,53.5,6.3,save,0.192,26,1.0
149656,6.3,33.0,52.0,1.3,save,0.084,7,1.0
149656,16.7,28.7,47.5,17.7,save,0.159,82,1.0
149656,11.5,50.0,46.2,18.4,goal,0.992,69,1.0
149656,15.6,36.0,52.9,3.8,save,0.148,64,1.0
149656,13.7,31.1,53.1,4.4,save,0.145,62,1.0
149656,18.1,64.0,53.3,28.5,save,0.441,37,1.0
149656,10.7,40.1,51.3,21.5,save,0.063,24,1.0
149656,29.0,31.6,52.8,7.6,save,0.096,90,1.0
149656,19.3,65.2,49.3,1.9,save,0.036,90,1.0
149656,8.0,54.2,49.3,3.2,goal,0.841,89,1.0
149656,11.5,50.0,54.2,7.0,goal,0.994,73,1.0
149656,8.0,46.4,49.8,1.9,save,0.088,70,1.0
149656,7.9,44.7,47.8,2.5,goal,0.895,30,1.0
149656,20.9,52.0,47.2,14.6,save,0.132,21,1.0
149656,10.7,47.7,49.7,18.4,save,0.029,10,1.0
149656,24.0,51.7,46.1,1.9,save,0.35,90,1.0
149656,7.8,57.1,51.0,14.6,save,0.143,90,1.0
149656,13.3,67.5,53.2,5.1,save,0.325,77,1.0
149656,11.5,50.0,46.9,5.1,goal,0.987,41,1.0
149656,5.5,34.7,51.5,3.2,goal,0.396,22,1.0
149656,8.3,34.6,53.5,3.8,goal,0.177,21,1.0
149656,8.9,17.5,45.9,31.0,save,0.768,69,1.0
149656,20.1,48.5,46.1,6.3,save,0.317,27,1.0
149656,24.5,49.0,45.9,9.5,save,0.268,26,1.0
149656,21.3,55.4,50.0,20.9,save,0.021,23,1.0
149656,12.1,62.0,54.0,3.2,goal,0.553,21,1.0
149656,10.4,72.7,48.9,12.7,save,0.025,5,1.0
149656,25.6,62.0,45.7,14.6,save,0.243,90,1.0
149656,11.6,35.5,54.2,19.6,save,0.294,90,1.0
149656,15.5,28.3,47.7,20.9,save,0.172,69,1.0
149656,9.3,50.6,45.9,14.6,save,0.342,65,1.0
149656,10.9,45.3,48.0,1.9,goal,0.699,55,1.0
149656,23.7,38.7,48.8,1.3,save,0.06,39,1.0
149656,28.3,59.3,52.8,15.2,save,0.128,37,1.0
149656,21.1,61.4,47.0,2.5,goal,0.169,90,1.0
149656,17.8,48.2,54.0,1.9,goal,0.415,70,1.0
149656,10.6,47.5,53.1,1.3,goal,0.787,53,1.0
149656,19.8,72.8,49.8,24.1,save,0.027,51,1.0
149656,4.7,42.5,49.4,29.7,save,0.106,21,1.0
149656,28.0,45.8,49.6,7.6,save,0.019,3,1.0
149656,7.0,36.4,54.0,17.1,goal,0.203,69,1.0
149656,14.0,54.4,48.7,19.6,save,0.061,58,1.0
149656,20.0,46.3,48.5,17.7,save,0.057,51,1.0
149656,14.8,40.1,46.5,15.2,save,0.3,48,1.0
149656,22.4,69.3,49.8,17.7,save,0.017,33,1.0
149656,11.9,50.7,53.9,29.7,goal,0.939,17,1.0
149656,11.5,50.0,52.3,15.2,goal,0.968,90,1.0
149656,12.5,57.1,48.8,22.2,save,0.058,90,1.0
149656,6.9,51.5,49.4,15.2,goal,0.398,83,1.0
149656,28.3,48.7,53.4,29.1,goal,0.395,55,1.0
149656,15.6,58.2,46.2,3.2,save,0.305,49,1.0
149656,4.6,44.3,45.9,12.0,goal,0.634,46,1.0
149656,9.0,41.9,47.0,7.6,goal,0.295,42,1.0
149656,15.5,51.0,51.6,12.0,save,0.051,39,1.0
149656,7.6,58.0,46.9,15.8,save,0.14,26,1.0
149656,22.5,33.7,51.9,5.7,save,0.06,90,1.0
149656,10.4,43.0,50.9,12.7,save,0.195,76,1.0
149656,15.8,66.6,48.2,4.4,save,0.069,35,1.0
149656,13.7,65.1,52.9,14.6,save,0.216,8,1.0
149656,15.4,46.2,50.0,2.5,save,0.027,90,1.0
149656,12.5,38.3,48.6,3.8,save,0.083,79,1.0
149656,8.1,48.7,49.4,4.4,goal,0.087,64,1.0
149656,12.0,59.6,49.1,4.4,save,0.525,54,1.0
149656,8.1,52.4,51.3,18.4,save,0.075,50,1.0
149656,10.4,28.9,54.0,3.2,save,0.205,49,1.0
149656,25.9,58.5,49.3,1.9,save,0.035,9,1.0
149656,17.2,25.0,46.4,15.2,save,0.319,5,1.0
32668,11.5,63.8,51.9,22.2,goal,0.596,90,0.92
32668,16.7,26.8,53.4,25.3,save,0.2,80,0.92
32668,11.5,50.0,46.5,1.3,goal,0.992,73,0.92
32668,13.6,51.7,50.9,10.8,save,0.038,62,0.92
32668,7.1,31.6,47.8,1.9,save,0.275,30,0.92
32668,24.5,40.7,46.8,13.9,save,0.176,29,0.92
32668,14.1,48.5,46.1,3.8,goal,0.403,23,0.92
32668,9.7,66.6,51.9,17.7,save,0.121,22,0.92
32668,18.1,70.5,52.3,14.6,save,0.112,10,0.92
32668,3.9,47.2,51.8,27.2,goal,0.934,90,0.92
32668,6.5,58.3,47.1,32.9,goal,0.376,89,0.92
32668,4.8,52.6,49.1,2.5,save,0.695,77,0.92
32668,15.7,64.4,45.7,1.9,save,0.333,45,0.92
32668,21.0,70.9,54.1,13.3,save,0.37,43,0.92
32668,13.5,55.8,46.6,3.8,save,0.298,38,0.92
32668,9.2,61.7,52.2,19.0,save,,35,0.92
32668,6.2,67.8,49.0,3.8,save,0.04,32,0.92
32668,6.5,50.6,48.1,1.3,goal,0.81,12,0.92
32668,22.9,22.3,45.7,28.5,goal,0.674,7,0.92
32668,9.9,49.1,50.0,6.3,goal,,80,0.92
32668,13.3,61.8,49.8,0.6,save,,67,0.92
32668,11.6,51.8,46.4,5.7,save,,25,0.92
32668,7.3,42.3,50.6,16.5,goal,,19,0.92
32668,14.0,71.0,46.6,19.0,save,,8,0.92
32668,9.2,37.2,52.3,1.3,save,,120,0.92
32668,8.3,53.0,51.4,1.9,goal,,117,0.92
32668,3.6,44.8,52.2,5.7,save,,106,0.92
32668,18.2,62.1,49.4,3.8,save,,105,0.92
32668,18.7,68.5,54.2,3.8,save,,100,0.92
32668,29.8,40.7,49.0,11.4,save,,94,0.92
32668,14.9,48.8,53.6,0.6,save,,81,0.92
32668,7.7,44.9,51.7,16.5,save,,64,0.92
32668,24.1,59.1,46.0,5.7,save,,51,0.92
32668,7.2,41.9,53.2,12.7,save,,47,0.92
32668,23.2,29.3,52.3,1.3,save,,42,0.92
32668,3.0,43.9,52.6,27.8,goal,,35,0.92
32668,8.5,54.5,46.3,1.9,save,0.319,90,0.92
32668,16.0,43.1,53.2,3.8,save,0.207,82,0.92
32668,3.0,68.8,45.8,23.4,save,0.151,77,0.92
32668,11.7,30.1,48.5,30.4,save,0.16,2,0.92
32668,17.9,56.0,54.0,5.1,save,0.578,78,0.92
32668,17.8,45.0,49.2,12.7,save,0.03,46,0.92
32668,14.8,45.6,46.3,12.0,goal,0.269,44,0.92
32668,9.9,55.8,52.5,4.4,goal,0.634,31,0.92
32668,12.3,27.2,47.7,1.9,save,0.213,90,0.92
32668,13.5,58.3,49.4,15.8,save,0.033,81,0.92
32668,14.5,50.7,53.5,30.4,goal,0.815,79,0.92
32668,15.5,56.0,46.4,10.1,save,0.18,71,0.92
32668,21.6,23.8,46.4,17.1,save,0.323,31,0.92
32668,9.5,68.8,48.5,1.9,save,0.07,28,0.92
32668,9.5,58.6,52.2,0.6,goal,0.832,3,0.92
32668,4.0,46.7,46.4,20.9,goal,0.936,87,0.92
32668,8.3,53.8,48.3,17.1,goal,0.606,76,0.92
32668,25.7,58.3,49.4,12.0,save,0.019,50,0.92
32668,4.6,61.7,53.0,8.2,goal,0.723,16,0.92
32668,13.3,47.1,48.1,5.1,goal,0.616,10,0.92
32668,8.2,47.2,53.6,10.8,goal,0.259,4,0.92
32668,9.1,61.7,50.8,17.7,save,0.048,3,0.92
32668,10.1,29.3,49.8,2.5,save,0.084,82,0.92
32668,5.7,51.7,51.9,15.2,goal,0.196,60,0.92
32668,7.7,50.9,48.1,12.0,save,0.119,52,0.92
32668,20.8,67.6,46.3,27.2,save,0.326,45,0.92
32668,10.1,55.7,49.4,21.5,save,0.039,45,0.92
32668,6.5,50.8,45.7,9.5,goal,0.928,38,0.92
32668,5.5,51.1,52.2,32.9,goal,0.969,31,0.92
32668,5.4,46.8,48.7,15.2,save,0.607,30,0.92
32668,28.5,59.0,45.9,27.2,save,0.456,29,0.92
32668,12.0,70.5,52.0,10.8,save,0.098,27,0.92
32668,4.8,48.7,48.2,27.8,goal,0.738,12,0.92
32668,23.2,55.8,45.8,30.4,save,0.508,19,0.92
32668,11.5,50.0,46.7,7.0,goal,0.987,13,0.92
32668,12.6,46.5,52.8,7.0,goal,0.109,60,0.92
32668,7.5,66.5,48.4,19.0,save,0.054,60,0.92
32668,12.0,56.1,46.0,5.7,goal,0.749,45,0.92
32668,15.6,51.3,49.3,12.7,save,0.024,25,0.92
32668,21.4,56.9,52.5,4.4,save,0.157,24,0.92
32668,11.1,45.4,50.6,13.9,save,0.022,79,0.92
32668,22.0,37.3,50.3,22.2,save,0.027,78,0.92
32668,7.3,49.8,50.7,24.1,save,0.081,90,0.92
32668,4.1,71.7,48.2,24.1,save,0.067,58,0.92
32668,9.7,67.8,48.2,17.1,save,0.054,52,0.92
32668,10.1,52.3,48.8,22.2,save,0.078,35,0.92
32668,23.6,67.9,52.6,13.9,save,0.122,25,0.92
32668,15.3,60.0,46.9,1.9,save,0.198,22,0.92
32668,3.9,63.8,47.0,6.3,goal,0.44,58,0.92
32668,16.1,34.5,47.4,11.4,save,0.142,58,0.92
32668,21.4,52.2,49.8,7.0,save,0.018,40,0.92
32668,4.8,65.2,47.6,13.3,goal,0.29,19,0.92
32668,5.1,44.9,48.6,1.9,goal,0.242,56,0.92
32668,18.9,26.0,53.3,8.9,save,0.109,56,0.92
32668,26.3,52.1,50.2,8.9,save,0.015,51,0.92
32668,9.3,52.9,48.8,2.5,save,0.21,42,0.92
32668,16.2,33.3,52.0,3.8,save,0.076,22,0.92
32668,17.3,37.4,48.9,3.2,save,0.078,9,0.92
32668,11.5,50.0,53.9,18.4,goal,0.992,86,0.92
32668,2.4,45.6,51.6,19.0,goal,0.435,50,0.92
32668,16.3,38.9,47.5,3.2,save,0.195,42,0.92
32668,7.6,29.6,51.9,17.7,save,0.053,37,0.92
32668,7.3,50.0,51.1,11.4,save,0.053,27,0.92
32668,10.6,68.1,49.7,4.4,save,0.09,16,0.92
32668,11.9,35.8,53.6,17.7,goal,0.734,3,0.92
32668,18.9,57.8,51.8,19.6,save,0.373,33,0.92
32668,21.8,14.6,53.3,29.7,save,0.24,31,0.92
32668,4.4,57.5,50.7,30.4,goal,0.142,9,0.92
32668,3.0,45.3,51.6,1.3,goal,0.94,83,0.92
32668,18.4,28.1,47.5,27.2,goal,0.258,60,0.92
32668,17.6,62.7,53.6,0.6,save,0.407,51,0.92
32668,8.0,49.4,46.6,1.9,goal,0.851,49,0.92
32668,10.6,53.8,49.2,11.4,save,0.034,9,0.92
32668,7.7,66.4,51.0,16.5,save,0.046,83,0.92
32668,11.5,50.0,53.2,12.0,goal,0.981,12,0.92
32668,9.9,64.6,48.8,13.9,save,0.119,84,0.92
32668,15.5,50.3,50.0,11.4,save,0.017,81,0.92
32668,11.5,50.0,47.5,4.4,goal,0.979,77,0.92
32668,4.6,40.0,52.3,17.1,save,0.112,42,0.92
32668,14.7,46.6,50.3,19.6,save,0.026,40,0.92
32668,9.7,48.7,52.9,15.2,save,0.161,40,0.92
32668,26.8,40.8,51.1,7.0,save,0.033,35,0.92
32668,26.6,52.2,47.2,17.1,save,0.154,22,0.92
32668,5.2,70.1,50.3,10.1,save,0.02,6,0.92
32668,15.0,45.3,50.9,1.9,save,0.063,64,0.92
32668,8.5,51.1,46.1,8.9,save,0.403,32,0.92
32668,11.7,47.9,53.6,1.3,goal,0.386,22,0.92
32668,11.4,35.1,50.9,29.7,save,0.088,21,0.92
32668,6.3,60.4,53.2,5.7,goal,0.892,7,0.92
32668,9.2,31.5,51.9,12.0,save,0.045,81,0.92
32668,11.5,50.0,45.8,24.7,goal,0.996,45,0.92
32668,4.6,45.6,50.3,12.0,goal,0.126,45,0.92
32668,22.3,30.1,53.3,20.3,save,0.155,45,0.92
32668,10.2,62.9,52.5,1.9,save,0.646,45,0.92
32668,21.1,77.5,47.6,25.3,save,0.112,24,0.92
32668,17.5,50.1,47.1,12.7,goal,0.128,75,0.92
32668,9.1,46.7,48.5,13.3,save,0.054,32,0.92
32668,15.0,52.2,53.0,13.9,save,0.166,31,0.92
32668,11.9,56.5,46.4,27.2,save,0.438,84,0.92
32668,14.6,67.0,50.9,19.6,save,0.044,69,0.92
32668,6.5,46.3,51.6,15.8,save,0.13,67,0.92
32668,22.3,64.4,48.5,11.4,save,0.032,63,0.92
32668,10.7,42.6,48.7,1.3,save,0.363,63,0.92
32668,12.3,52.3,47.1,19.6,save,0.173,62,0.92
32668,3.2,62.2,49.6,17.1,save,0.049,48,0.92
32668,9.1,59.2,49.3,1.9,save,0.508,25,0.92
32668,21.4,50.2,52.2,1.3,save,0.125,21,0.92
32668,22.2,58.9,49.3,16.5,save,0.025,16,0.92
32668,32.3,43.8,48.7,3.8,save,0.052,7,0.92
32668,25.0,28.3,53.9,3.8,save,0.218,82,0.92
32668,8.2,55.9,53.2,34.8,save,0.579,15,0.92
32668,23.4,58.9,46.6,7.0,goal,0.174,84,0.92
32668,3.5,43.7,53.2,21.5,save,0.588,51,0.92
32668,28.4,47.8,46.9,7.6,save,0.158,50,0.92
32668,13.4,57.1,46.1,4.4,save,0.788,1,0.92
32668,7.5,40.4,51.6,21.5,save,0.234,62,0.92
32668,23.9,53.5,50.0,13.3,save,0.012,32,0.92
32668,4.8,42.5,50.6,5.7,goal,0.144,12,0.92
32668,11.4,59.4,48.8,28.5,goal,0.099,82,0.92
32668,3.6,55.0,47.7,12.7,goal,0.864,43,0.92
32668,20.9,49.7,49.5,5.7,save,0.026,42,0.92
32668,12.4,60.8,48.7,12.7,save,0.033,41,0.92
32668,14.2,68.8,47.3,24.7,save,0.155,41,0.92
32668,12.0,44.5,51.2,29.1,save,0.088,36,0.92
32668,24.5,62.5,49.8,24.1,save,0.027,35,0.92
32668,15.5,50.3,49.7,14.6,save,0.019,34,0.92
32668,6.5,52.6,48.0,27.8,goal,0.837,31,0.92
32668,8.2,47.3,51.7,13.9,save,0.063,26,0.92
32668,18.6,67.3,54.5,1.3,save,0.664,82,0.92
32668,4.7,52.8,50.3,7.6,save,0.762,58,0.92
32668,22.6,39.2,51.0,11.4,save,0.024,30,0.92
32668,3.9,52.8,51.8,11.4,goal,0.856,14,0.92
32668,12.1,53.4,46.6,7.6,save,0.196,90,0.92
32668,6.8,24.7,51.0,33.5,save,0.075,88,0.92
32668,16.2,70.4,50.1,18.4,save,0.019,44,0.92
32668,18.2,66.2,49.4,21.5,save,0.033,37,0.92
32668,15.3,46.5,48.7,4.4,goal,0.065,52,0.92
32668,20.3,57.6,46.8,29.1,goal,0.311,17,0.92
32668,10.4,58.2,48.2,2.5,save,0.102,90,0.92
32668,12.6,48.4,50.0,25.9,save,0.032,90,0.92
32668,22.5,63.4,48.8,18.4,save,0.038,84,0.92
32668,16.1,22.5,53.5,13.3,save,0.096,79,0.92
32668,10.4,48.7,50.4,14.6,save,0.022,58,0.92
32668,10.2,62.8,48.2,12.7,save,0.048,44,0.92
32668,14.6,64.7,46.8,22.8,save,0.209,17,0.92
32668,22.7,35.0,51.0,5.1,save,0.035,15,0.92
32668,20.8,59.7,49.7,11.4,save,0.014,7,0.92
32668,25.3,30.4,48.0,19.6,save,0.103,3,0.92
32668,10.2,67.8,51.0,1.9,goal,0.07,83,0.92
32668,3.9,54.3,47.3,5.7,goal,0.947,90,0.92
32668,10.5,38.2,47.6,13.9,save,0.15,90,0.92
32668,24.0,56.1,47.1,1.9,save,0.18,90,0.92
32668,12.5,56.7,48.4,3.2,goal,0.08,87,0.92
32668,11.2,68.1,53.0,5.1,save,0.31,79,0.92
32668,9.4,57.8,50.1,2.5,goal,0.208,67,0.92
32668,13.3,35.7,47.4,6.3,save,0.205,67,0.92
32668,7.9,70.8,51.6,8.9,save,0.083,61,0.92
32668,5.4,52.8,52.4,5.1,goal,0.456,51,0.92
32668,8.8,49.1,51.5,9.5,save,0.414,38,0.92
32668,9.1,37.9,52.8,12.7,save,0.092,25,0.92
32668,1.7,52.4,47.2,4.4,goal,0.991,20,0.92
32668,9.9,47.8,47.3,7.6,save,0.725,20,0.92
32668,8.8,56.4,52.2,5.7,save,0.182,6,0.92
32668,7.7,68.9,47.4,3.8,goal,0.099,82,0.92
32668,7.7,46.6,51.3,20.9,save,0.193,80,0.92
32668,21.0,60.8,52.6,7.6,save,0.139,19,0.92
32668,7.1,31.8,53.9,5.7,goal,0.171,14,0.92
32668,13.7,67.6,53.7,12.7,save,0.327,7,0.92
123207,10.5,45.2,51.7,5.7,save,0.443,90,0.88
123207,16.9,38.6,49.0,22.8,save,0.073,82,0.88
123207,14.4,48.8,52.1,3.8,goal,0.595,65,0.88
123207,4.3,46.8,46.9,24.7,goal,0.989,52,0.88
123207,19.4,58.5,50.1,7.0,save,0.02,36,0.88
123207,4.1,38.8,51.4,2.5,save,0.455,32,0.88
123207,19.9,70.9,50.7,6.3,save,0.031,7,0.88
123207,14.8,36.1,47.7,2.5,save,0.29,4,0.88
123207,3.2,55.9,49.7,19.0,save,,90,0.88
123207,8.8,66.6,51.5,17.1,save,0.099,85,0.88
123207,5.3,66.7,48.2,3.8,save,0.064,76,0.88
123207,5.5,57.0,47.5,10.1,save,0.692,72,0.88
123207,17.0,34.0,48.8,26.6,save,0.087,66,0.88
123207,15.4,31.3,48.2,9.5,save,0.073,65,0.88
123207,14.4,59.4,49.7,3.8,save,0.031,47,0.88
123207,7.7,52.2,53.2,3.2,goal,0.924,45,0.88
123207,11.1,46.4,51.3,20.3,save,0.064,33,0.88
123207,10.5,48.5,50.6,2.5,save,0.566,26,0.88
123207,2.8,45.5,53.6,19.6,goal,0.923,4,0.88
123207,17.4,36.2,53.8,7.6,save,0.189,4,0.88
123207,7.4,65.7,52.6,13.9,save,0.188,4,0.88
123207,16.2,56.0,48.7,8.2,save,0.048,90,0.88
123207,11.5,50.0,48.2,1.9,goal,0.969,45,0.88
123207,7.7,51.0,45.5,16.5,goal,0.496,66,0.88
123207,11.6,43.6,47.1,19.0,save,0.222,61,0.88
123207,20.7,62.6,48.2,0.6,save,0.082,48,0.88
123207,6.8,54.3,52.1,19.6,save,0.51,40,0.88
123207,15.6,57.5,47.1,1.3,save,0.204,45,0.88
123207,11.3,25.7,51.9,1.3,save,0.071,45,0.88
123207,19.8,38.3,51.0,15.8,save,0.029,45,0.88
123207,12.4,58.1,46.1,11.4,save,0.174,41,0.88
123207,9.6,35.3,46.5,1.3,goal,0.874,7,0.88
123207,23.7,53.5,50.1,27.8,save,0.032,45,0.88
123207,8.2,51.9,51.8,30.4,save,0.281,45,0.88
123207,22.3,55.9,46.3,14.6,save,0.197,39,0.88
123207,8.3,49.4,48.7,19.6,goal,0.339,34,0.88
123207,5.1,47.0,52.9,24.1,save,0.462,20,0.88
123207,7.1,34.4,53.1,24.1,goal,0.561,89,0.88
123207,19.9,45.4,51.7,23.4,save,0.089,68,0.88
123207,12.7,40.5,54.1,19.0,goal,0.324,63,0.88
123207,20.1,57.5,53.9,22.8,goal,0.448,53,0.88
123207,20.3,31.0,47.2,24.7,goal,0.268,50,0.88
123207,11.3,42.1,51.2,3.2,save,0.071,45,0.88
123207,14.4,32.5,49.5,20.3,save,0.035,25,0.88
123207,3.2,36.7,46.2,3.8,goal,0.72,22,0.88
123207,19.1,42.3,46.4,2.5,goal,0.345,14,0.88
123207,22.5,34.8,53.0,1.3,save,0.191,68,0.88
123207,27.4,27.4,54.3,1.9,save,0.306,28,0.88
123207,20.5,35.6,49.8,2.5,save,0.024,21,0.88
123207,27.2,64.8,47.5,8.9,save,0.075,90,0.88
123207,19.9,34.2,53.7,3.8,save,0.217,85,0.88
123207,10.5,53.8,48.0,2.5,save,0.574,34,0.88
123207,7.1,56.4,51.1,15.2,save,0.185,23,0.88
123207,9.5,30.7,53.5,12.7,save,0.199,90,0.88
123207,2.4,47.7,52.3,5.7,goal,,82,0.88
123207,11.5,50.0,47.4,3.2,goal,0.982,63,0.88
123207,9.5,38.9,52.5,1.9,save,0.168,56,0.88
123207,4.0,47.4,52.2,23.4,goal,0.94,43,0.88
123207,10.1,41.5,52.9,23.4,goal,0.67,31,0.88
123207,20.2,37.8,51.6,23.4,save,0.072,20,0.88
123207,8.5,38.9,47.4,7.0,goal,0.827,83,0.88
123207,11.5,50.0,51.6,2.5,goal,0.963,47,0.88
123207,8.7,32.9,52.9,12.0,save,0.062,26,0.88
123207,18.2,54.6,50.7,33.5,save,0.098,25,0.88
123207,4.5,64.3,47.7,10.1,save,0.071,90,0.88
123207,25.8,43.0,50.6,21.5,save,0.032,79,0.88
123207,11.4,33.8,52.6,13.3,save,0.069,48,0.88
123207,5.6,41.7,47.4,13.9,goal,0.487,12,0.88
123207,19.2,35.1,50.1,5.1,save,0.019,5,0.88
123207,11.5,50.0,47.9,5.7,goal,0.969,48,0.88
123207,11.9,63.0,51.4,3.8,save,0.108,45,0.88
123207,2.8,57.3,48.7,6.3,goal,0.731,3,0.88
123207,18.2,55.2,46.4,19.0,goal,0.242,82,0.88
123207,8.8,52.1,50.4,19.6,save,0.06,82,0.88
123207,3.2,31.7,50.9,4.4,goal,0.032,74,0.88
123207,21.7,21.5,46.1,29.1,save,0.619,33,0.88
123207,13.1,53.5,49.8,27.8,save,0.046,32,0.88
123207,20.1,53.6,49.9,17.7,save,0.018,82,0.88
123207,14.5,63.2,46.4,1.3,save,0.295,71,0.88
123207,25.7,46.4,52.6,3.2,save,0.14,58,0.88
123207,12.7,54.8,46.8,29.7,save,0.307,69,0.88
123207,8.3,89.5,48.1,30.4,save,0.089,63,0.88
123207,18.9,54.5,48.8,12.0,save,0.035,61,0.88
123207,18.5,64.9,49.3,7.6,save,0.025,90,0.88
123207,26.1,41.7,54.2,0.6,save,0.372,66,0.88
123207,8.1,47.5,51.3,2.5,goal,0.074,52,0.88
123207,14.7,53.0,47.7,6.3,save,0.116,49,0.88
123207,13.0,54.7,53.7,7.6,goal,0.664,90,0.88
123207,19.8,72.5,49.0,24.7,save,0.048,85,0.88
123207,18.1,60.9,45.9,3.8,save,0.299,80,0.88
123207,14.2,67.4,51.3,1.9,save,0.102,75,0.88
123207,11.2,66.9,50.1,1.9,save,0.346,68,0.88
123207,7.4,50.1,51.3,20.9,save,0.093,65,0.88
123207,5.1,56.2,48.8,8.2,goal,0.883,48,0.88
123207,15.1,51.9,51.0,7.0,save,0.037,34,0.88
123207,6.4,37.6,52.5,25.3,save,0.123,20,0.88
123207,9.6,54.3,47.7,1.9,goal,0.583,90,0.88
123207,2.0,42.1,52.5,15.8,save,0.245,72,0.88
123207,10.8,58.2,53.6,5.1,goal,0.458,64,0.88
123207,10.3,70.8,52.2,16.5,save,0.135,23,0.88
123207,4.1,54.5,52.2,15.8,goal,0.062,20,0.88
123207,20.4,34.3,48.3,5.1,save,0.093,4,0.88
123207,32.2,31.4,53.7,22.2,goal,0.238,7,0.88
123207,25.6,43.2,52.3,0.6,save,0.119,90,0.88
123207,5.5,34.9,53.3,22.2,goal,0.732,90,0.88
123207,11.1,49.0,49.2,25.9,save,0.06,85,0.88
123207,6.7,33.7,52.8,13.9,save,0.076,50,0.88
123207,11.1,48.1,47.9,28.5,save,0.19,25,0.88
123207,16.2,50.0,48.1,34.2,save,0.244,24,0.88
123207,4.7,47.8,50.3,9.5,goal,0.838,9,0.88
123207,15.4,50.9,50.6,9.5,save,0.026,9,0.88
123207,12.3,70.9,50.2,7.0,save,0.022,6,0.88
123207,4.7,42.3,52.6,25.3,save,0.655,74,0.88
123207,10.2,66.1,49.2,3.8,save,0.126,60,0.88
123207,19.7,50.6,51.0,22.2,save,0.052,38,0.88
123207,10.7,67.7,46.9,16.5,save,0.109,37,0.88
123207,21.3,52.3,47.7,9.5,save,0.077,26,0.88
123207,20.4,28.2,50.4,9.5,save,0.016,90,0.88
123207,7.1,36.5,53.4,2.5,save,0.208,80,0.88
123207,8.8,65.8,47.4,1.9,save,0.394,79,0.88
123207,14.9,67.6,52.2,1.3,save,0.17,30,0.88
123207,9.7,65.7,50.9,24.1,save,0.056,17,0.88
123207,23.8,59.2,54.2,2.5,save,0.45,81,0.88
123207,15.0,54.2,53.4,2.5,goal,0.386,66,0.88
123207,11.1,64.1,46.8,28.5,goal,0.266,58,0.88
123207,12.5,75.2,51.0,3.8,save,0.05,50,0.88
123207,12.5,45.3,50.4,3.8,save,0.037,49,0.88
123207,18.5,20.6,51.1,21.5,save,0.047,31,0.88
123207,5.5,69.7,46.6,13.3,save,0.107,26,0.88
123207,15.5,57.3,46.1,4.4,save,0.319,15,0.88
123207,14.9,48.3,53.9,32.3,goal,0.575,10,0.88
123207,8.5,70.6,46.6,20.3,save,0.145,90,0.88
123207,11.1,52.2,52.2,10.1,save,0.087,79,0.88
123207,21.6,70.3,47.1,6.3,save,0.109,54,0.88
123207,11.4,64.1,49.1,20.3,save,0.144,68,0.88
123207,10.9,59.7,46.5,20.3,save,0.242,66,0.88
123207,49.6,46.5,49.3,30.4,save,0.056,60,0.88
123207,26.3,33.0,50.5,1.3,save,0.03,41,0.88
123207,8.9,33.4,51.5,3.8,save,0.054,18,0.88
123207,12.8,31.1,53.3,5.1,save,0.153,8,0.88
123207,5.6,32.5,52.9,12.0,save,0.066,52,0.88
123207,9.2,48.5,51.7,17.7,save,0.082,39,0.88
123207,9.0,53.3,53.5,14.6,save,0.278,14,0.88
123207,9.2,56.8,46.2,2.5,goal,0.934,74,0.88
123207,4.5,65.8,49.7,1.9,save,0.034,63,0.88
123207,12.8,68.1,52.2,0.6,goal,0.443,44,0.88
123207,29.6,37.3,48.1,15.8,save,0.065,36,0.88
123207,19.2,36.5,45.5,3.2,save,0.583,1,0.88
123207,11.9,65.4,50.7,4.4,save,0.257,87,0.88
123207,11.5,50.0,47.1,4.4,save,0.984,64,0.88
123207,23.6,37.7,52.9,29.1,goal,0.229,56,0.88
123207,19.8,68.0,45.8,24.7,goal,0.411,41,0.88
123207,23.9,51.0,52.5,15.2,save,0.096,27,0.88
123207,6.8,48.9,47.9,15.8,goal,0.159,8,0.88
123207,24.7,53.1,49.2,29.1,save,0.062,59,0.88
123207,11.0,42.0,54.2,23.4,save,0.485,55,0.88
123207,13.2,59.6,52.5,5.7,save,0.48,45,0.88
123207,8.6,53.6,49.4,30.4,save,0.111,7,0.88
123207,10.7,34.5,47.4,11.4,save,0.156,3,0.88
123207,13.3,80.6,54.5,14.6,goal,0.668,2,0.88
123207,1.1,54.1,48.7,25.9,goal,0.965,69,0.88
123207,5.3,56.6,50.5,11.4,save,0.192,69,0.88
123207,18.3,72.7,48.0,19.6,save,0.066,67,0.88
123207,32.7,44.2,51.7,4.4,save,0.062,67,0.88
123207,1.3,47.4,51.4,10.8,goal,,63,0.88
123207,31.9,62.7,53.6,10.1,save,0.22,59,0.88
123207,9.4,39.6,52.5,13.9,save,0.1,51,0.88
123207,22.5,56.4,46.9,14.6,save,0.127,45,0.88
123207,25.2,38.6,48.8,31.6,save,0.103,90,0.88
123207,3.8,33.7,53.9,10.8,goal,0.106,90,0.88
123207,12.6,59.6,52.1,27.2,save,0.215,90,0.88
123207,1.9,57.0,46.0,3.2,goal,0.777,5,0.88
123207,9.6,30.2,51.3,6.3,save,0.191,79,0.88
123207,10.2,60.0,52.9,6.3,goal,0.266,69,0.88
123207,20.4,63.3,46.3,12.0,save,0.203,66,0.88
100390,13.9,64.9,52.4,19.6,save,0.156,64,0.94
100390,24.0,62.1,47.9,27.2,save,0.161,59,0.94
100390,11.9,52.1,48.4,11.4,goal,0.23,25,0.94
100390,6.8,34.2,52.0,14.6,save,0.174,89,0.94
100390,7.3,53.2,48.1,34.8,save,0.282,86,0.94
100390,11.5,50.0,51.7,11.4,goal,0.938,90,0.94
100390,19.6,69.8,52.3,7.0,save,0.117,85,0.94
100390,21.2,22.9,51.1,31.0,save,0.073,83,0.94
100390,14.1,30.5,46.6,2.5,goal,0.417,79,0.94
100390,5.2,39.1,51.8,30.4,goal,0.191,70,0.94
100390,21.3,37.7,52.0,31.6,save,0.159,47,0.94
100390,17.0,33.3,45.8,24.1,save,0.585,38,0.94
100390,10.0,37.6,53.4,29.1,goal,0.349,18,0.94
100390,12.9,36.0,50.3,11.4,save,0.094,75,0.94
100390,3.9,43.0,48.1,3.8,goal,0.779,48,0.94
100390,15.8,33.2,45.7,20.3,goal,0.571,40,0.94
100390,7.0,53.9,51.1,3.2,goal,0.239,79,0.94
100390,26.5,36.8,45.9,4.4,goal,0.408,68,0.94
100390,24.9,37.6,53.8,5.1,save,0.228,62,0.94
100390,7.9,29.7,52.9,15.8,save,0.086,51,0.94
100390,8.3,43.8,49.2,16.5,save,0.051,41,0.94
100390,1.1,49.8,50.2,12.7,goal,0.949,9,0.94
100390,12.1,66.2,54.4,3.2,goal,0.658,4,0.94
100390,27.8,59.7,50.2,30.4,save,0.041,86,0.94
100390,8.9,65.7,47.3,20.3,save,0.119,71,0.94
100390,14.5,46.3,53.1,3.8,goal,0.231,67,0.94
100390,3.8,34.1,52.7,9.5,save,0.065,62,0.94
100390,24.8,63.8,51.4,17.7,save,0.06,55,0.94
100390,14.4,53.0,46.4,18.4,save,0.644,31,0.94
100390,21.6,57.3,46.5,7.6,save,0.184,28,0.94
100390,17.8,28.6,45.8,11.4,save,0.422,18,0.94
100390,3.0,42.8,51.9,22.8,save,0.388,90,0.94
100390,13.3,30.1,50.6,24.7,save,0.042,81,0.94
100390,26.1,67.8,50.6,10.1,save,0.021,49,0.94
100390,9.8,43.2,53.6,23.4,save,0.286,28,0.94
100390,13.0,52.3,52.3,14.6,save,0.122,20,0.94
100390,7.9,48.2,49.8,4.4,goal,0.404,80,0.94
100390,13.5,50.9,52.5,11.4,save,0.604,80,0.94
100390,8.2,68.3,49.7,0.6,goal,0.467,74,0.94
100390,8.9,51.4,50.1,3.8,save,0.372,73,0.94
100390,9.1,48.2,50.8,2.5,goal,0.083,6,0.94
100390,12.3,52.6,49.7,30.4,save,0.054,90,0.94
100390,16.2,38.2,52.1,27.2,save,0.163,87,0.94
100390,28.0,78.2,50.3,13.9,save,0.014,66,0.94
100390,16.8,65.2,50.4,3.8,save,0.029,45,0.94
100390,13.6,59.1,48.9,5.7,save,0.048,53,0.94
100390,28.5,42.7,46.8,19.0,save,0.205,18,0.94
100390,5.4,52.8,50.7,12.7,goal,0.492,32,0.94
100390,6.8,27.5,54.0,15.2,save,0.125,29,0.94
100390,2.8,51.1,49.6,1.9,goal,0.951,45,0.94
100390,10.0,35.5,48.4,1.9,save,0.344,45,0.94
100390,9.1,40.7,45.8,10.1,goal,0.952,38,0.94
100390,6.1,34.6,51.9,1.3,save,0.084,9,0.94
100390,7.5,50.7,48.7,11.4,save,0.059,55,0.94
100390,5.5,47.0,53.3,25.3,goal,0.843,69,0.94
100390,10.0,53.0,48.4,3.8,save,0.675,32,0.94
100390,24.8,56.3,50.0,0.6,save,0.027,85,0.94
100390,8.2,34.4,48.5,2.5,save,0.321,64,0.94
100390,8.5,50.7,51.0,3.8,save,0.226,62,0.94
100390,16.3,50.1,47.5,29.1,save,0.244,32,0.94
100390,10.1,51.7,49.2,8.2,save,0.109,90,0.94
100390,30.3,57.7,54.2,3.8,save,0.411,85,0.94
100390,22.5,49.9,48.4,15.2,save,0.048,31,0.94
100390,7.6,56.7,51.4,3.2,save,0.098,90,0.94
100390,17.0,81.8,53.7,8.2,save,0.379,82,0.94
100390,19.8,22.8,49.9,25.9,save,0.029,55,0.94
100390,17.9,32.9,45.8,4.4,save,0.521,27,0.94
100390,43.1,6.9,49.5,12.0,save,0.015,69,0.94
100390,8.6,69.2,49.7,5.1,save,0.187,56,0.94
100390,11.5,50.0,53.0,25.3,goal,0.991,51,0.94
100390,9.4,51.5,51.0,5.1,save,0.079,13,0.94
100390,9.1,44.7,49.7,14.6,save,0.026,4,0.94
100390,13.2,56.0,50.8,3.2,save,0.054,48,0.94
100390,15.9,47.6,50.6,25.3,save,0.049,85,0.94
100390,4.9,47.4,52.5,22.2,goal,0.914,80,0.94
100390,6.7,61.4,48.9,18.4,save,0.305,29,0.94
100390,14.5,38.7,50.6,3.2,save,0.042,20,0.94
100390,12.5,52.9,49.5,18.4,save,0.04,2,0.94
100390,6.5,60.0,49.5,8.9,save,0.241,67,0.94
100390,9.6,21.5,52.3,15.2,save,0.049,56,0.94
100390,18.1,36.0,52.6,34.2,save,0.247,18,0.94
100390,8.4,47.1,48.6,6.3,goal,0.171,89,0.94
100390,11.5,50.0,52.7,3.8,save,0.983,89,0.94
100390,17.1,31.0,53.3,4.4,save,0.154,75,0.94
100390,18.4,50.6,47.5,3.2,save,0.159,41,0.94
100390,13.0,36.3,52.6,1.9,goal,0.203,28,0.94
100390,12.9,58.0,48.8,29.7,save,0.345,21,0.94
100390,20.6,63.0,54.0,27.2,goal,0.588,16,0.94
100390,18.4,41.4,48.1,20.3,save,0.124,5,0.94
100390,11.2,37.9,49.0,3.2,save,0.058,3,0.94
100390,12.6,64.1,51.7,5.7,save,0.101,3,0.94
100390,14.5,64.0,50.6,9.5,save,0.03,90,0.94
100390,23.1,32.6,52.5,10.1,save,0.067,90,0.94
100390,26.8,50.3,47.7,24.1,save,0.14,85,0.94
100390,15.0,48.0,46.3,21.5,goal,0.395,69,0.94
100390,4.7,49.4,49.0,13.3,goal,0.149,16,0.94
100390,14.9,37.4,51.5,15.8,save,0.042,2,0.94
100390,12.4,52.9,49.0,20.3,save,0.058,19,0.94
100390,9.1,39.5,49.2,7.0,save,0.291,73,0.94
100390,9.3,51.6,48.4,22.8,save,0.158,72,0.94
100390,7.0,47.6,49.2,1.3,goal,0.56,27,0.94
100390,20.8,50.4,46.5,11.4,save,0.191,58,0.94
100390,15.3,59.9,52.0,3.2,save,0.374,53,0.94
100390,5.6,33.9,53.2,5.7,save,0.117,26,0.94
100390,5.0,47.8,52.3,11.4,goal,0.909,6,0.94
100390,13.6,57.0,47.1,3.8,save,0.276,90,0.94
100390,11.4,43.6,48.4,1.3,save,0.677,90,0.94
100390,12.2,52.8,51.8,3.8,save,0.545,90,0.94
100390,12.5,58.0,49.7,19.6,save,0.161,71,0.94
100390,2.5,43.5,53.0,6.3,goal,0.921,65,0.94
100390,5.2,40.0,46.7,17.7,goal,0.485,4,0.94
100390,5.0,66.2,49.2,3.2,save,0.057,65,0.94
100390,12.3,75.7,53.3,5.1,save,0.363,29,0.94
100390,20.8,68.0,48.2,25.9,save,0.101,14,0.94
100390,3.8,50.1,49.7,19.6,save,0.827,63,0.94
100390,19.9,42.4,54.5,3.2,save,0.413,61,0.94
100390,8.6,34.2,50.0,2.5,save,0.026,44,0.94
100390,17.4,38.8,47.4,17.7,save,0.184,42,0.94
100390,18.6,39.5,49.1,3.8,save,0.043,37,0.94
100390,4.6,54.8,50.6,5.1,goal,0.349,19,0.94
100390,18.5,50.2,50.6,19.6,save,0.039,9,0.94
100390,8.4,45.2,53.1,2.5,save,0.29,90,0.94
100390,18.5,50.1,52.6,1.3,save,0.172,74,0.94
100390,25.5,55.7,47.1,0.6,save,0.183,53,0.94
100390,7.7,35.2,53.9,24.7,goal,0.687,22,0.94
100390,3.8,43.1,52.2,14.6,goal,0.118,11,0.94
100390,9.9,56.8,53.2,36.1,save,0.554,82,0.94
100390,25.0,54.1,49.7,32.9,save,0.062,73,0.94
100390,14.9,39.1,53.6,17.7,save,0.236,66,0.94
100390,23.3,47.2,50.8,1.9,save,0.04,58,0.94
100390,16.1,41.9,46.5,25.3,goal,0.475,52,0.94
100390,26.4,34.4,48.7,11.4,save,0.033,36,0.94
100390,4.2,46.0,50.1,25.9,save,0.135,15,0.94
996953,6.6,54.2,46.4,25.9,goal,0.396,90,0.97
996953,5.6,49.9,52.9,31.6,goal,0.954,88,0.97
996953,7.0,32.3,50.3,12.0,save,0.018,84,0.97
996953,2.6,46.5,52.0,11.4,goal,0.92,82,0.97
996953,13.9,49.9,47.3,20.9,save,0.171,78,0.97
996953,8.0,34.2,46.7,32.3,goal,0.869,65,0.97
996953,23.8,60.3,54.0,15.8,save,0.332,63,0.97
996953,12.4,40.0,50.5,30.4,save,0.068,90,0.97
996953,5.6,60.9,47.7,2.5,save,0.363,85,0.97
996953,13.1,36.3,52.4,27.2,save,0.16,63,0.97
996953,12.5,61.7,51.8,17.7,goal,0.099,54,0.97
996953,20.4,31.2,47.3,15.8,save,0.156,50,0.97
996953,3.8,43.0,52.9,1.9,goal,0.562,90,0.97
996953,8.0,69.2,45.5,19.0,save,0.229,52,0.97
996953,11.0,30.0,51.4,6.3,save,0.041,44,0.97
996953,3.8,56.6,46.1,14.6,goal,0.837,10,0.97
996953,23.8,33.6,54.2,2.5,save,0.309,39,0.97
996953,13.9,41.8,51.2,6.3,save,0.045,39,0.97
996953,28.6,71.6,49.7,23.4,save,0.026,87,0.97
996953,4.6,71.6,45.9,7.6,save,0.158,74,0.97
996953,8.3,60.2,46.1,3.8,save,0.951,69,0.97
996953,20.3,56.4,45.8,3.8,goal,0.342,61,0.97
996953,10.6,59.8,49.0,15.8,save,0.037,55,0.97
996953,14.3,46.6,50.3,12.0,save,0.018,23,0.97
996953,28.6,34.9,52.0,8.2,save,0.056,22,0.97
996953,18.3,71.6,52.7,3.8,save,0.239,26,0.97
996953,11.5,50.0,53.7,3.8,goal,0.992,23,0.97
996953,11.9,50.6,53.9,24.7,goal,0.879,79,0.97
996953,17.0,45.4,53.3,6.3,save,0.206,65,0.97
996953,27.8,58.6,50.2,5.1,save,0.019,57,0.97
996953,25.0,40.7,47.4,1.3,save,0.202,26,0.97
996953,10.8,41.0,50.3,25.9,save,0.038,85,0.97
996953,7.0,35.0,50.4,1.3,goal,0.131,78,0.97
996953,5.1,39.9,47.6,20.3,save,0.246,76,0.97
996953,9.2,44.6,51.1,1.3,goal,0.085,81,0.97
996953,12.5,41.5,50.6,8.9,save,0.336,74,0.97
996953,16.5,57.7,47.5,7.0,save,0.113,50,0.97
996953,14.0,63.0,47.9,4.4,save,0.091,42,0.97
996953,18.2,26.2,50.3,7.0,save,0.018,2,0.97
996953,9.0,63.8,53.2,4.4,goal,0.896,66,0.97
996953,11.5,50.0,53.7,3.2,goal,0.993,60,0.97
996953,6.0,45.9,53.1,21.5,save,0.322,58,0.97
996953,6.8,45.3,54.1,22.2,goal,0.611,49,0.97
996953,11.4,28.9,52.2,6.3,save,0.072,90,0.97
996953,9.4,47.7,48.3,18.4,save,0.083,33,0.97
996953,13.4,46.1,50.0,13.3,save,0.016,4,0.97
996953,15.6,67.1,53.6,4.4,goal,0.38,20,0.97
996953,23.4,46.9,51.0,0.6,save,0.048,12,0.97
996953,3.7,43.6,50.2,13.3,goal,0.256,1,0.97
996953,27.0,65.3,48.7,13.9,save,0.031,45,0.97
996953,1.0,45.1,51.9,8.9,save,0.945,16,0.97
996953,5.0,43.5,52.9,22.2,save,0.564,16,0.97
996953,13.7,34.2,54.2,19.0,save,0.306,85,0.97
996953,2.7,49.4,49.5,15.2,goal,0.908,80,0.97
996953,9.2,56.5,47.4,16.5,save,0.425,73,0.97
996953,7.6,65.9,47.6,6.3,save,0.082,55,0.97
996953,19.4,57.4,49.4,6.3,save,0.027,51,0.97
996953,13.3,40.8,52.7,9.5,save,0.111,45,0.97
996953,9.7,54.6,53.1,7.6,goal,,17,0.97
996953,26.6,63.4,51.6,19.6,save,0.071,16,0.97
996953,11.1,46.4,52.8,13.3,goal,0.487,10,0.97
996953,17.9,44.8,52.2,7.6,save,0.082,81,0.97
996953,14.4,62.4,51.8,1.9,save,0.458,3,0.97
996953,11.5,50.0,54.0,19.0,goal,0.994,66,0.97
996953,10.8,70.8,47.1,28.5,save,0.188,36,0.97
996953,8.1,69.4,47.4,32.9,goal,0.23,76,0.97
996953,7.4,49.4,49.7,15.8,goal,,41,0.97
996953,17.4,57.4,48.9,1.3,save,0.055,36,0.97
996953,13.8,64.9,47.9,27.2,save,0.138,79,0.97
996953,25.8,48.7,53.9,31.6,save,0.492,72,0.97
996953,22.3,42.0,50.0,19.0,save,0.018,60,0.97
996953,21.7,37.0,46.5,24.1,save,0.368,39,0.97
996953,7.1,48.9,50.7,33.5,save,0.775,32,0.97
996953,18.2,48.3,52.4,5.1,save,0.121,27,0.97
996953,14.1,64.9,48.7,1.9,save,0.058,10,0.97
996953,15.8,52.6,48.4,0.6,save,0.299,60,0.97
996953,12.9,66.3,48.7,1.9,save,0.327,58,0.97
996953,9.1,68.0,47.0,12.7,save,0.069,47,0.97
996953,15.8,30.5,49.7,12.7,save,0.016,39,0.97
996953,22.3,64.6,46.5,5.1,save,0.201,25,0.97
996953,35.1,41.7,45.5,10.8,save,0.337,80,0.97
996953,7.3,43.1,53.2,10.8,save,0.53,69,0.97
996953,11.5,50.0,47.1,10.1,save,0.979,55,0.97
996953,11.5,50.0,46.8,12.7,save,0.982,29,0.97
996953,25.3,52.5,48.0,11.4,save,0.054,55,0.97
996953,6.3,49.4,51.8,15.8,save,0.409,51,0.97
996953,6.9,33.4,52.2,30.4,save,0.151,36,0.97
996953,17.9,40.0,51.4,8.9,save,0.04,29,0.97
996953,23.8,34.9,50.4,11.4,save,0.016,8,0.97
996953,15.9,85.8,47.1,30.4,save,0.192,83,0.97
996953,12.0,70.6,46.4,29.1,save,0.309,74,0.97
996953,14.5,47.6,52.3,1.3,save,0.463,64,0.97
996953,27.0,54.2,45.6,30.4,save,0.558,48,0.97
996953,24.7,53.3,50.0,31.6,save,0.04,41,0.97
996953,9.5,39.6,50.0,21.5,save,0.026,16,0.97
996953,8.7,40.6,48.1,7.6,save,0.095,88,0.97
996953,23.1,60.6,52.8,3.8,save,0.186,46,0.97
996953,17.6,50.3,49.8,8.9,save,0.021,9,0.97
996953,9.2,52.6,54.3,25.9,goal,0.679,65,0.97
996953,19.9,44.8,51.2,7.0,save,0.04,90,0.97
996953,15.8,51.5,49.6,15.8,save,0.028,70,0.97
996953,8.2,43.8,49.0,22.8,goal,0.418,16,0.97
996953,4.4,53.1,51.0,13.9,goal,0.368,12,0.97
996953,7.2,41.4,53.1,6.3,goal,0.365,70,0.97
996953,13.8,52.0,49.7,13.3,save,0.028,67,0.97
996953,16.1,48.7,46.6,3.8,save,0.283,23,0.97
996953,2.3,40.3,52.3,22.8,save,0.117,23,0.97
996953,6.8,56.4,49.4,15.8,save,0.115,15,0.97
996953,30.2,60.8,46.5,9.5,save,0.169,45,0.97
996953,6.4,28.3,46.4,4.4,goal,0.491,67,0.97
996953,11.1,33.8,48.6,3.2,save,0.39,67,0.97
996953,17.6,61.7,50.6,4.4,goal,0.178,62,0.97
996953,10.7,65.5,50.0,1.3,save,0.205,30,0.97
996953,13.4,45.3,53.3,24.1,goal,0.339,10,0.97
996953,11.6,44.8,51.7,3.8,goal,0.615,9,0.97
996953,12.6,69.4,46.1,1.9,save,0.237,84,0.97
996953,29.3,60.6,45.7,1.3,save,0.367,74,0.97
996953,30.5,68.2,53.6,4.4,save,0.323,47,0.97
996953,29.0,60.0,50.5,27.8,save,0.044,10,0.97
996953,10.8,32.4,49.2,14.6,goal,0.032,89,0.97
996953,23.4,62.1,50.5,12.7,save,0.017,78,0.97
996953,5.5,68.0,49.0,14.6,goal,0.033,74,0.97
996953,21.5,36.6,48.1,3.8,save,0.096,48,0.97
996953,24.5,30.6,46.1,29.1,save,0.554,85,0.97
996953,10.8,59.9,54.3,9.5,goal,0.924,18,0.97
996953,1.6,71.0,47.0,13.3,save,0.056,10,0.97
996953,12.0,40.4,49.7,4.4,save,0.243,90,0.97
996953,19.4,42.4,46.4,6.3,save,0.408,81,0.97
996953,10.4,28.6,50.8,23.4,save,0.04,58,0.97
996953,30.3,37.3,46.1,3.8,save,0.382,19,0.97
798306,4.1,57.5,51.9,27.2,goal,0.314,86,0.97
798306,7.3,50.4,50.1,24.7,save,0.264,58,0.97
798306,16.6,40.2,52.6,5.1,save,0.167,67,0.97
798306,2.6,42.5,52.2,19.0,save,0.28,52,0.97
798306,10.3,30.7,49.6,2.5,save,0.035,45,0.97
798306,7.1,44.0,50.5,13.9,save,0.126,41,0.97
798306,19.1,36.5,48.0,5.7,save,0.145,30,0.97
798306,6.9,40.1,53.0,24.1,goal,0.382,12,0.97
798306,22.0,68.6,54.2,13.3,goal,0.371,77,0.97
798306,8.6,52.4,51.9,0.6,goal,0.793,64,0.97
798306,2.9,41.8,53.1,2.5,save,0.847,56,0.97
798306,14.4,54.3,51.9,5.7,save,0.111,56,0.97
798306,4.2,58.5,48.2,12.0,save,0.338,44,0.97
798306,24.2,51.4,48.4,2.5,save,0.069,41,0.97
798306,26.2,54.4,51.8,29.7,save,0.14,16,0.97
798306,3.9,37.1,53.2,31.0,goal,0.72,46,0.97
798306,13.5,30.2,50.3,8.9,save,0.088,46,0.97
798306,9.1,57.0,53.6,15.2,goal,0.328,90,0.97
798306,8.0,47.5,51.1,15.2,save,0.722,84,0.97
798306,13.8,53.6,51.2,1.9,goal,0.558,78,0.97
798306,1.7,45.8,51.2,3.2,goal,0.931,29,0.97
798306,11.5,50.0,53.8,1.9,goal,0.994,45,0.97
798306,8.3,49.8,47.1,22.8,save,0.283,24,0.97
798306,18.5,31.3,48.1,4.4,save,0.135,21,0.97
798306,14.3,32.1,46.0,11.4,goal,0.39,12,0.97
798306,15.8,38.6,50.0,0.6,save,0.026,90,0.97
798306,4.2,46.4,51.7,32.9,goal,0.737,80,0.97
798306,18.8,63.6,47.7,1.9,save,0.122,74,0.97
798306,12.8,50.6,47.5,4.4,goal,0.711,72,0.97
798306,28.7,45.4,51.9,28.5,save,0.124,48,0.97
798306,12.3,60.9,47.2,28.5,save,0.204,90,0.97
798306,7.9,59.6,48.7,9.5,save,0.051,86,0.97
798306,27.9,55.4,45.7,3.2,save,0.374,66,0.97
798306,22.8,15.6,50.1,27.8,goal,0.03,58,0.97
798306,3.7,31.2,52.6,11.4,save,0.053,16,0.97
798306,8.6,35.4,52.6,3.8,save,0.117,11,0.97
798306,13.7,49.5,50.9,0.6,save,0.438,8,0.97
798306,5.3,70.4,45.8,9.5,save,0.13,7,0.97
798306,21.0,42.4,53.5,2.5,goal,0.241,90,0.97
798306,15.9,48.8,51.9,4.4,save,0.096,90,0.97
798306,24.5,41.5,47.1,10.8,save,0.133,35,0.97
798306,22.5,29.8,53.9,5.1,save,0.214,20,0.97
798306,11.5,50.0,47.6,1.9,goal,0.981,90,0.97
798306,10.9,46.5,53.1,2.5,goal,0.866,64,0.97
798306,9.2,50.6,51.0,32.9,save,0.71,56,0.97
798306,11.3,49.0,53.6,10.1,save,0.304,40,0.97
798306,9.9,80.7,49.6,28.5,save,0.055,3,0.97
798306,17.6,31.0,48.4,8.9,save,0.063,89,0.97
798306,12.0,50.3,51.8,7.0,save,0.481,51,0.97
798306,6.2,57.1,50.2,24.1,goal,0.463,34,0.97
798306,7.3,17.3,50.0,24.1,save,0.033,20,0.97
798306,3.6,50.7,50.9,17.1,goal,0.621,90,0.97
798306,11.7,62.0,52.6,1.9,goal,0.244,51,0.97
798306,13.4,61.0,46.9,20.9,save,0.192,41,0.97
798306,13.3,70.4,49.4,11.4,save,0.018,40,0.97
798306,18.0,64.6,54.2,12.7,goal,0.374,33,0.97
798306,8.2,27.8,50.8,11.4,save,0.019,20,0.97
798306,9.5,48.0,53.9,23.4,save,0.415,90,0.97
798306,11.0,48.9,46.6,13.3,save,0.192,82,0.97
798306,10.6,56.1,53.8,1.9,goal,0.855,63,0.97
798306,7.5,57.2,50.2,6.3,save,0.042,51,0.97
798306,9.6,40.4,52.3,8.2,save,0.41,18,0.97
798306,24.4,28.2,50.6,24.1,save,0.036,70,0.97
798306,7.2,65.0,54.2,13.9,goal,0.843,60,0.97
798306,6.7,45.2,52.2,15.8,save,0.6,60,0.97
798306,6.4,44.8,52.0,12.7,goal,0.23,49,0.97
798306,11.5,50.0,53.4,5.1,save,0.99,49,0.97
798306,7.4,42.4,51.0,27.2,save,0.106,45,0.97
798306,11.7,53.5,52.1,3.8,goal,0.659,44,0.97
798306,19.2,68.3,45.5,1.9,save,0.346,15,0.97
798306,3.2,43.1,53.5,32.3,goal,0.84,14,0.97
798306,4.2,59.8,50.6,17.7,save,0.059,14,0.97
798306,1.3,49.7,48.8,8.9,goal,0.98,90,0.97
798306,4.8,46.6,50.5,6.3,save,0.607,90,0.97
798306,1.1,40.7,52.8,10.8,save,0.093,30,0.97
798306,1.8,36.4,54.2,26.6,save,0.196,19,0.97
798306,11.3,49.0,50.5,4.4,save,0.202,14,0.97
798306,25.2,45.4,53.9,5.7,save,0.277,76,0.97
798306,16.6,57.7,47.3,20.3,save,0.14,74,0.97
798306,10.4,66.0,47.3,20.3,save,0.155,32,0.97
798306,10.6,52.7,46.1,1.9,goal,0.422,25,0.97
798306,23.3,60.6,47.8,31.0,save,0.171,16,0.97
798306,13.8,41.6,49.6,1.3,save,0.042,14,0.97
798306,8.0,28.3,48.4,3.2,save,0.117,11,0.97
798306,23.0,46.2,47.9,1.9,save,0.158,79,0.97
798306,7.5,52.3,47.1,12.0,goal,0.719,54,0.97
798306,29.9,56.0,48.1,31.6,save,0.155,89,0.97
798306,24.3,54.9,46.7,6.3,save,0.184,78,0.97
798306,8.1,60.0,48.8,30.4,save,0.091,7,0.97
798306,18.1,59.6,47.1,22.8,goal,0.183,89,0.97
798306,7.8,31.8,48.9,8.2,save,0.301,88,0.97
798306,6.9,49.9,49.2,3.2,save,0.854,70,0.97
798306,17.8,48.3,47.9,6.3,goal,0.105,23,0.97
798306,11.7,34.9,50.3,5.1,save,0.24,20,0.97
798306,7.6,48.6,53.2,20.3,goal,0.318,90,0.97
798306,3.3,56.1,50.1,11.4,goal,0.606,21,0.97
798306,29.7,62.6,46.1,2.5,save,0.283,17,0.97
798306,28.1,38.8,53.6,29.1,save,0.376,44,0.97
798306,5.5,59.1,51.9,26.6,save,0.569,27,0.97
798306,21.0,73.5,53.8,19.6,save,0.444,27,0.97
798306,16.4,40.4,48.4,3.8,save,0.082,82,0.97
798306,62.0,38.6,49.0,17.7,save,0.031,76,0.97
798306,12.2,41.9,50.1,22.8,save,0.025,71,0.97
798306,5.0,49.9,52.1,9.5,goal,0.868,49,0.97
798306,19.8,59.0,53.7,3.8,save,0.355,17,0.97
798306,15.0,68.5,52.2,4.4,save,0.141,90,0.97
798306,4.4,55.0,48.3,24.7,save,0.81,30,0.97
798306,18.6,30.9,47.3,3.2,save,0.276,30,0.97
798306,10.6,31.2,53.2,20.9,save,0.156,28,0.97
798306,24.4,49.9,47.1,20.3,save,0.178,47,0.97
798306,8.7,67.4,54.3,24.7,goal,0.739,45,0.97
798306,13.6,42.7,51.6,3.8,save,0.072,37,0.97
798306,18.5,31.2,51.3,20.9,save,0.066,31,0.97
798306,2.8,41.1,50.5,23.4,goal,,52,0.97
798306,5.5,30.5,51.3,11.4,save,0.026,45,0.97
798306,10.8,38.2,51.3,3.8,save,0.24,45,0.97
798306,14.8,67.5,53.8,26.6,goal,0.603,40,0.97
798306,7.1,54.7,50.6,19.0,save,0.049,30,0.97
798306,23.8,70.2,47.4,13.3,save,0.069,29,0.97
798306,8.5,47.4,50.0,13.9,save,0.025,2,0.97
798306,3.7,47.0,53.8,3.2,goal,0.983,84,0.97
798306,9.0,52.3,50.0,2.5,save,0.04,80,0.97
798306,15.2,38.2,50.9,22.2,save,0.083,53,0.97
798306,9.4,63.5,47.7,10.1,save,0.357,49,0.97
798306,19.6,28.1,50.2,5.1,save,0.019,32,0.97
798306,9.4,40.9,51.1,13.9,goal,0.66,21,0.97
798306,7.6,57.8,51.9,20.9,goal,,18,0.97
798306,19.1,77.9,53.8,16.5,save,0.385,90,0.97
798306,5.4,44.7,49.7,12.7,save,0.055,86,0.97
798306,3.4,38.3,51.1,22.8,save,0.052,73,0.97
798306,15.9,39.0,53.4,4.4,save,0.214,31,0.97
798306,9.0,59.8,51.7,4.4,save,0.117,24,0.97
798306,17.1,42.1,51.5,6.3,save,0.058,7,0.97
798306,6.4,48.7,51.8,5.7,save,0.151,4,0.97
798306,15.8,47.2,52.3,11.4,save,0.081,90,0.97
798306,17.4,21.9,54.5,1.9,save,0.27,90,0.97
798306,12.1,57.1,48.0,10.1,save,0.068,90,0.97
798306,1.8,49.6,52.1,17.7,goal,0.988,24,0.97
798306,2.6,43.9,51.9,13.9,save,0.531,24,0.97
798306,7.5,52.4,49.8,3.2,save,0.85,18,0.97
798306,15.7,45.0,47.4,0.6,goal,0.22,10,0.97
798306,14.9,45.0,51.6,2.5,save,0.43,90,0.97
798306,18.1,43.4,47.4,2.5,save,0.206,39,0.97
798306,6.3,72.7,46.4,0.6,save,0.159,88,0.97
798306,4.2,59.0,49.7,1.9,save,0.376,82,0.97
798306,21.4,29.2,54.2,0.6,save,0.334,73,0.97
798306,15.1,47.7,52.6,1.3,save,0.821,54,0.97
798306,17.0,55.9,54.6,19.0,save,0.563,48,0.97
798306,32.2,47.2,53.1,7.0,save,0.143,36,0.97
798306,8.8,73.2,45.7,1.9,save,0.228,25,0.97
798306,15.2,38.4,45.8,4.4,goal,0.654,60,0.97
798306,3.4,49.6,51.8,14.6,goal,0.6,58,0.97
798306,11.5,62.5,47.4,6.3,save,0.115,54,0.97
798306,6.9,66.1,47.7,13.9,save,0.047,42,0.97
798306,8.2,62.8,49.5,15.8,save,0.021,3,0.97
798306,9.8,59.1,49.2,0.6,save,0.432,90,0.97
798306,6.6,53.0,49.8,21.5,goal,0.05,56,0.97
798306,7.3,60.4,48.2,1.3,save,0.552,36,0.97
798306,13.3,59.4,52.9,19.0,goal,0.533,28,0.97
798306,10.9,59.5,48.2,3.2,save,0.09,19,0.97
826201,14.7,49.6,49.7,18.4,save,0.023,36,0.82
826201,27.2,45.7,45.8,9.5,save,0.314,9,0.82
826201,25.9,47.1,46.3,3.8,save,0.298,52,0.82
826201,9.8,47.4,54.2,13.3,goal,0.848,11,0.82
826201,3.8,52.8,46.5,17.7,goal,0.667,8,0.82
826201,15.7,40.5,45.8,3.8,goal,0.514,61,0.82
826201,10.4,55.9,45.9,20.3,save,0.32,60,0.82
826201,53.5,17.3,53.7,18.4,save,0.181,52,0.82
826201,11.5,50.0,46.0,1.9,goal,0.995,24,0.82
826201,9.0,59.0,53.4,10.8,goal,0.302,10,0.82
826201,5.2,56.3,47.2,29.7,goal,0.816,6,0.82
826201,7.5,47.2,52.5,2.5,goal,0.761,90,0.82
826201,0.9,33.8,51.9,4.4,save,0.217,82,0.82
826201,11.5,50.0,47.3,17.7,goal,0.98,76,0.82
826201,11.5,51.2,48.8,19.0,goal,0.402,67,0.82
826201,15.7,30.5,47.8,32.9,save,0.287,27,0.82
826201,10.2,61.3,50.4,3.8,goal,0.422,2,0.82
826201,22.1,50.0,47.4,5.7,save,0.145,90,0.82
826201,10.4,41.9,53.5,1.9,goal,0.932,78,0.82
826201,10.7,66.4,46.9,2.5,goal,0.406,62,0.82
826201,22.3,43.2,46.1,3.8,save,0.375,12,0.82
826201,16.1,24.8,53.9,0.6,save,0.221,5,0.82
826201,2.6,54.9,47.7,5.7,goal,0.857,3,0.82
826201,27.3,49.5,47.1,15.8,save,0.131,90,0.82
826201,27.2,62.8,54.4,5.1,save,0.46,87,0.82
826201,11.5,50.0,50.0,19.0,goal,0.853,72,0.82
826201,9.4,43.6,46.9,2.5,goal,0.902,90,0.82
826201,12.7,67.2,52.7,3.2,save,0.248,85,0.82
826201,8.5,41.3,50.5,5.7,save,0.264,83,0.82
826201,15.4,63.3,46.8,3.2,goal,0.188,77,0.82
826201,2.7,54.7,47.4,3.2,goal,0.965,75,0.82
826201,6.8,59.8,48.5,3.8,save,0.427,75,0.82
826201,19.9,37.3,47.4,7.0,save,0.166,75,0.82
826201,38.3,32.0,50.5,22.2,save,0.032,68,0.82
826201,10.2,49.8,47.4,18.4,save,0.407,67,0.82
826201,22.0,27.6,49.0,19.0,save,0.043,40,0.82
826201,13.9,48.6,50.1,11.4,save,0.016,77,0.82
826201,7.4,43.0,47.5,17.1,save,0.192,28,0.82
826201,15.5,59.5,50.1,15.8,save,0.215,86,0.82
826201,14.1,41.7,53.5,2.5,goal,0.259,60,0.82
826201,11.5,50.0,45.9,1.9,goal,0.995,58,0.82
826201,7.0,53.2,50.3,22.2,save,0.051,55,0.82
826201,3.3,34.5,54.4,6.3,goal,0.738,79,0.82
826201,9.3,35.4,51.3,22.2,save,0.442,79,0.82
826201,21.1,48.0,46.4,2.5,save,0.328,54,0.82
826201,3.5,56.0,47.5,2.5,goal,0.923,17,0.82
826201,11.1,57.4,51.3,2.5,save,0.094,20,0.82
826201,14.6,66.5,48.9,24.1,save,0.054,63,0.82
826201,10.8,37.2,49.2,15.2,goal,0.138,48,0.82
826201,23.6,29.0,50.3,18.4,save,0.023,14,0.82
826201,15.2,22.1,50.6,16.5,save,0.021,8,0.82
826201,6.8,46.6,53.0,10.8,goal,0.158,90,0.82
826201,11.5,45.5,50.7,18.4,save,0.042,76,0.82
826201,18.8,64.4,50.0,6.3,save,0.016,39,0.82
826201,11.5,50.0,46.4,10.8,goal,0.986,78,0.82
826201,23.5,23.0,46.8,20.9,goal,0.291,60,0.82
826201,4.6,68.8,48.7,1.9,save,0.05,90,0.82
826201,19.2,72.9,45.8,25.3,save,0.319,82,0.82
826201,14.2,63.8,49.4,14.6,save,0.022,78,0.82
826201,3.6,50.9,47.7,14.6,goal,0.855,57,0.82
826201,18.1,49.2,53.2,3.2,goal,0.263,49,0.82
826201,3.7,69.2,51.9,3.8,save,0.184,39,0.82
826201,5.2,67.5,51.9,3.2,save,0.172,14,0.82
826201,9.2,66.3,46.0,13.9,save,0.201,76,0.82
826201,4.1,67.7,46.2,4.4,save,0.152,75,0.82
826201,7.0,46.4,51.6,2.5,goal,0.82,49,0.82
826201,6.3,43.9,51.0,13.3,save,0.182,35,0.82
826201,16.3,55.8,52.2,2.5,save,0.135,34,0.82
826201,3.9,54.3,50.0,16.5,save,0.077,34,0.82
826201,6.1,42.5,46.7,7.0,save,0.396,33,0.82
826201,29.2,22.4,48.4,32.9,save,0.166,90,0.82
826201,16.3,57.9,53.2,10.1,goal,0.321,89,0.82
826201,8.8,50.9,51.1,20.3,save,0.364,80,0.82
826201,22.0,43.6,47.0,20.3,save,0.212,61,0.82
826201,7.4,56.6,49.9,5.1,goal,0.326,29,0.82
826201,14.1,71.3,53.0,21.5,save,0.332,29,0.82
826201,7.5,46.8,46.2,6.3,save,0.78,63,0.82
826201,11.1,54.3,46.6,13.9,save,0.196,63,0.82
826201,2.8,54.1,53.6,33.5,save,0.958,44,0.82
826201,10.4,65.1,51.2,1.9,save,0.512,43,0.82
826201,15.9,54.0,48.0,9.5,save,0.068,10,0.82
826201,6.3,42.6,54.5,12.7,save,0.285,9,0.82
826201,22.6,42.3,53.2,2.5,save,0.198,89,0.82
826201,19.9,63.4,54.2,13.3,save,0.363,89,0.82
826201,3.6,48.7,53.0,17.7,goal,0.957,83,0.82
826201,4.2,41.5,49.4,13.9,save,0.062,83,0.82
826201,6.1,32.1,45.9,12.0,goal,0.524,41,0.82
826201,16.0,47.7,50.0,3.8,save,0.023,1,0.82
826201,3.0,48.6,52.3,1.9,goal,0.987,89,0.82
826201,11.5,50.0,47.1,3.8,goal,0.986,72,0.82
826201,5.7,46.2,49.0,2.5,save,0.681,61,0.82
826201,18.4,58.5,45.9,7.6,goal,0.301,58,0.82
826201,11.5,50.0,48.2,4.4,goal,0.963,27,0.82
826201,10.5,64.3,48.5,17.7,save,0.282,24,0.82
826201,9.6,53.1,49.8,13.9,save,0.018,16,0.82
826201,5.5,45.9,49.2,19.0,goal,0.779,75,0.82
826201,11.0,66.0,49.5,1.3,save,0.151,8,0.82
826201,6.6,68.3,47.3,6.3,save,0.45,1,0.82
826201,13.8,38.9,46.1,19.0,goal,0.481,85,0.82
826201,23.0,79.1,50.9,22.8,save,0.053,74,0.82
826201,16.2,51.5,46.2,6.3,goal,0.814,28,0.82
826201,5.6,62.5,47.3,4.4,goal,0.287,3,0.82
826201,11.5,50.0,53.7,1.3,goal,0.994,90,0.82
826201,9.3,33.0,50.4,1.3,goal,0.035,73,0.82
826201,21.8,56.4,53.5,3.8,save,0.287,32,0.82
826201,6.9,30.8,47.5,22.2,save,0.269,13,0.82
826201,11.5,50.0,47.4,5.1,goal,0.98,6,0.82
826201,3.6,55.3,47.5,5.7,goal,0.79,90,0.82
826201,25.8,76.1,48.5,27.2,save,0.074,61,0.82
826201,11.6,46.7,50.4,11.4,save,0.02,38,0.82
826201,12.6,47.8,50.7,5.7,save,0.031,90,0.82
826201,12.3,72.2,49.7,6.3,save,0.019,67,0.82
826201,21.5,15.0,54.3,24.7,save,0.298,65,0.82
826201,11.6,25.1,52.1,1.9,save,0.071,56,0.82
826201,7.5,49.0,50.0,8.9,save,0.021,54,0.82
826201,16.0,60.0,53.4,1.3,save,0.367,16,0.82
826201,22.9,43.0,52.3,19.0,save,0.098,86,0.82
826201,15.5,36.6,49.7,7.6,save,0.022,84,0.82
826201,22.0,72.7,52.0,5.1,save,0.105,79,0.82
826201,22.3,49.0,48.1,24.1,save,0.127,63,0.82
826201,23.5,47.2,52.4,3.8,save,0.118,17,0.82
826201,7.4,63.4,48.1,10.1,save,0.448,16,0.82
826201,9.5,63.3,46.9,25.3,goal,0.209,4,0.82
826201,15.7,40.7,47.2,14.6,save,0.159,4,0.82
826201,10.6,43.3,48.9,10.1,save,0.221,3,0.82
826201,6.9,43.6,54.5,22.8,save,0.454,89,0.82
826201,24.7,82.2,51.8,31.0,save,0.192,76,0.82
826201,7.7,59.2,49.9,22.8,save,0.043,74,0.82
826201,6.5,46.7,54.2,1.9,save,0.814,90,0.82
826201,7.1,48.6,51.1,22.2,goal,0.722,85,0.82
826201,14.5,48.4,47.3,18.4,goal,0.174,75,0.82
826201,9.3,30.4,47.8,1.3,save,0.2,17,0.82
826201,5.3,48.7,52.7,15.8,goal,0.734,6,0.82
826201,23.7,30.3,50.2,5.1,save,0.019,4,0.82
826201,19.5,32.8,46.0,1.3,save,0.506,2,0.82
826201,4.2,55.9,52.4,12.7,goal,0.277,90,0.82
826201,2.4,56.8,46.2,13.3,goal,0.663,62,0.82
826201,12.2,48.4,51.8,3.8,save,0.394,62,0.82
826201,4.8,62.0,47.2,20.3,save,0.417,52,0.82
826201,15.2,34.2,53.9,5.1,save,0.225,28,0.82
826201,4.1,49.1,50.3,15.2,save,0.711,90,0.82
826201,18.8,44.5,54.3,19.6,goal,0.417,90,0.82
826201,10.3,64.5,52.9,12.7,save,0.244,69,0.82
826201,2.9,49.3,49.0,18.4,goal,0.963,66,0.82
826201,5.1,53.0,51.3,22.8,save,0.606,66,0.82
826201,24.1,47.1,50.1,1.9,save,0.023,63,0.82
826201,5.1,44.2,48.7,26.6,save,0.195,15,0.82
826201,31.8,46.0,51.9,20.3,save,0.074,90,0.82
826201,4.4,54.8,47.8,26.6,goal,0.935,85,0.82
826201,1.4,46.9,52.6,1.3,save,0.978,73,0.82
826201,2.2,47.3,52.1,7.0,save,0.935,73,0.82
826201,16.6,45.6,51.4,15.2,save,0.05,71,0.82
826201,9.3,55.0,48.9,5.7,goal,0.37,58,0.82
826201,8.3,52.4,48.0,8.2,save,0.129,31,0.82
826201,5.0,43.7,48.4,25.3,goal,0.539,27,0.82
826201,8.5,47.7,50.5,8.2,save,0.26,13,0.82
889590,12.6,68.7,50.0,11.4,save,0.012,90,1.0
889590,24.7,27.7,52.9,24.1,save,0.157,72,1.0
889590,33.4,34.2,50.0,22.2,save,0.02,49,1.0
889590,26.8,58.3,51.9,7.0,save,0.07,90,1.0
889590,5.7,58.3,50.2,17.1,goal,0.209,23,1.0
889590,10.5,37.2,47.9,18.4,goal,0.422,18,1.0
889590,22.8,31.8,49.8,13.3,save,0.014,2,1.0
889590,26.2,57.1,48.9,15.2,save,0.03,90,1.0
889590,6.6,53.5,53.1,18.4,goal,0.368,73,1.0
889590,7.3,41.1,50.2,15.2,goal,0.215,55,1.0
889590,7.8,60.6,46.2,8.2,save,0.159,87,1.0
889590,28.7,47.6,46.1,5.1,save,0.311,43,1.0
889590,19.8,52.4,50.2,16.5,save,0.018,19,1.0
889590,13.3,25.9,49.4,3.8,save,0.042,9,1.0
889590,15.6,56.7,50.3,21.5,save,0.033,90,1.0
889590,12.9,64.1,48.3,1.3,save,0.347,81,1.0
889590,11.5,50.0,52.6,32.3,goal,0.992,56,1.0
889590,19.9,60.4,46.2,22.8,goal,0.29,31,1.0
889590,6.8,38.5,51.1,20.9,save,0.044,87,1.0
889590,16.3,63.9,49.0,3.8,save,0.039,25,1.0
889590,8.7,57.2,48.1,20.3,goal,0.742,18,1.0
889590,13.8,28.8,50.0,5.1,save,0.028,18,1.0
889590,9.8,73.6,52.9,3.2,save,0.304,15,1.0
889590,10.3,35.1,54.1,24.1,goal,0.316,76,1.0
889590,6.5,42.7,52.0,19.6,save,0.294,74,1.0
889590,28.4,28.3,48.1,14.6,save,0.068,58,1.0
889590,16.8,71.3,49.3,19.0,save,0.028,41,1.0
889590,11.5,50.0,53.7,3.2,goal,0.993,77,1.0
889590,13.9,29.4,50.0,3.8,save,0.313,65,1.0
889590,7.7,42.5,45.8,21.5,goal,0.842,19,1.0
889590,18.9,32.8,54.4,3.2,save,0.31,18,1.0
889590,12.2,70.0,50.3,3.8,save,0.038,90,1.0
889590,3.0,69.0,45.8,1.9,save,0.2,73,1.0
889590,20.0,50.5,51.5,10.1,save,0.043,12,1.0
889590,13.3,41.8,51.0,7.6,save,0.524,65,1.0
889590,18.4,39.0,52.1,18.4,save,0.087,48,1.0
889590,10.2,60.0,49.7,20.3,save,0.026,46,1.0
889590,11.5,50.0,46.9,10.8,save,0.98,45,1.0
889590,4.2,48.4,50.9,0.6,save,0.928,44,1.0
889590,10.8,58.4,46.6,25.3,goal,0.317,69,1.0
889590,5.4,51.5,53.3,12.0,goal,0.928,65,1.0
889590,4.9,59.2,48.4,27.2,save,0.118,59,1.0
889590,16.6,60.3,46.1,22.8,save,0.34,50,1.0
889590,11.0,69.9,50.3,18.4,save,0.026,42,1.0
889590,12.5,45.7,49.9,8.2,save,0.021,36,1.0
889590,11.5,50.0,46.2,14.6,goal,0.99,42,1.0
889590,14.1,38.5,52.1,1.3,save,0.102,35,1.0
889590,4.6,56.8,53.9,2.5,goal,,10,1.0
889590,17.6,48.8,49.7,19.0,save,0.024,73,1.0
889590,23.2,58.8,52.9,8.2,save,0.166,37,1.0
889590,7.3,44.1,49.3,28.5,goal,0.63,77,1.0
889590,9.9,32.7,47.7,7.0,save,0.199,77,1.0
889590,10.3,57.9,53.3,12.7,goal,0.466,50,1.0
889590,9.1,48.1,53.9,4.4,save,0.462,24,1.0
889590,26.4,37.6,46.5,21.5,goal,0.31,16,1.0
889590,12.2,50.2,52.2,25.9,goal,0.243,22,1.0
889590,15.3,47.9,50.1,9.5,save,0.045,67,1.0
889590,11.5,50.0,48.4,8.9,goal,0.941,51,1.0
889590,9.0,30.1,46.1,23.4,goal,0.605,35,1.0
889590,5.9,51.1,46.6,24.1,goal,0.972,5,1.0
889590,17.0,38.3,49.2,12.0,save,0.024,5,1.0
889590,16.6,40.1,48.5,20.9,save,0.08,90,1.0
889590,6.1,58.0,46.7,3.8,save,0.324,47,1.0
889590,17.9,41.3,50.6,31.0,save,0.062,13,1.0
889590,10.7,59.9,46.4,1.9,goal,0.285,54,1.0
889590,11.5,50.0,53.5,0.6,goal,0.993,31,1.0
889590,3.9,63.9,46.7,1.3,save,0.189,24,1.0
889590,15.0,38.1,53.4,1.3,save,0.246,22,1.0
889590,14.7,54.5,50.6,32.9,save,0.084,16,1.0
889590,14.8,36.4,50.0,12.7,save,0.013,63,1.0
889590,18.2,39.0,46.6,9.5,save,0.236,90,1.0
889590,16.6,22.7,46.4,7.6,save,0.364,90,1.0
889590,17.6,28.2,48.6,30.4,save,0.127,69,1.0
889590,21.1,41.6,50.1,5.7,save,0.018,45,1.0
889590,5.8,57.0,48.1,29.1,goal,0.808,25,1.0
889590,13.7,51.7,48.7,5.1,save,0.068,25,1.0
889590,11.1,45.4,52.6,20.9,goal,0.137,78,1.0
889590,8.6,50.7,48.1,18.4,save,0.225,32,1.0
889590,13.3,59.4,49.4,1.9,save,0.048,72,1.0
889590,17.9,72.3,49.1,7.6,save,0.026,56,1.0
889590,19.3,58.9,50.0,1.3,save,0.024,53,1.0
889590,24.9,64.9,52.4,5.7,save,0.126,66,1.0
889590,17.9,54.8,51.0,5.1,save,0.05,32,1.0
889590,14.6,24.9,47.0,22.8,save,0.332,24,1.0
889590,15.6,53.6,52.8,3.8,save,0.204,5,1.0
889590,24.9,38.8,48.4,31.6,save,0.148,60,1.0
889590,13.3,73.2,51.9,9.5,save,0.09,81,1.0
889590,12.0,11.3,53.8,18.4,save,0.136,66,1.0
889590,32.1,40.3,47.4,12.7,save,0.094,90,1.0
889590,27.2,67.1,50.6,1.9,save,0.04,62,1.0
889590,24.2,53.6,47.4,7.6,save,0.108,28,1.0
889590,10.8,41.8,46.0,6.3,save,0.422,62,1.0
889590,7.8,69.7,49.4,1.3,save,0.04,31,1.0
889590,10.0,35.7,46.0,16.5,goal,0.516,87,1.0
889590,28.0,40.9,51.9,5.7,save,0.075,61,1.0
889590,16.0,54.8,46.5,19.0,goal,0.258,29,1.0
889590,11.7,64.2,46.7,18.4,save,0.168,82,1.0
889590,11.5,50.0,51.0,4.4,save,0.932,55,1.0
889590,11.5,50.0,51.6,4.4,save,0.958,12,1.0
889590,5.4,48.0,46.5,6.3,goal,0.709,90,1.0
889590,4.9,34.0,54.1,16.5,save,0.166,69,1.0
889590,10.8,41.9,52.0,20.9,save,0.554,41,1.0
889590,16.0,28.5,46.1,12.7,save,0.396,22,1.0
889590,24.5,66.3,53.5,8.2,save,0.25,3,1.0
889590,7.2,34.8,47.7,6.3,save,0.182,80,1.0
889590,13.7,57.1,53.5,1.3,goal,0.908,77,1.0
845183,11.0,41.5,53.0,12.0,save,0.274,90,1.0
845183,9.4,45.8,52.2,14.6,save,0.08,90,1.0
845183,7.3,57.3,54.0,18.4,goal,0.6,45,1.0
845183,8.4,51.7,48.7,14.6,save,0.09,15,1.0
845183,14.9,61.7,52.7,2.5,save,0.232,1,1.0
845183,10.5,33.0,50.1,3.2,save,0.104,70,1.0
845183,24.1,39.5,51.0,25.3,save,0.052,46,1.0
845183,8.7,62.9,49.1,20.3,save,0.384,25,1.0
845183,27.8,47.0,53.3,31.0,goal,0.408,90,1.0
845183,15.9,38.6,50.0,1.3,save,0.114,86,1.0
845183,12.5,34.2,53.9,15.2,save,0.212,40,1.0
845183,15.7,33.5,53.2,16.5,save,0.124,40,1.0
845183,16.1,38.3,48.9,25.3,save,0.101,20,1.0
845183,5.6,35.6,53.4,1.9,goal,0.78,86,1.0
845183,20.6,45.5,46.0,1.3,save,0.429,75,1.0
845183,13.8,33.7,46.6,18.4,save,0.342,71,1.0
845183,7.9,52.8,52.9,3.2,goal,0.304,26,1.0
845183,11.1,47.0,45.7,7.6,goal,0.503,90,1.0
845183,7.6,42.5,54.1,8.2,goal,0.835,79,1.0
845183,11.5,50.0,46.7,20.9,goal,0.99,56,1.0
845183,15.9,58.7,49.8,17.7,save,0.025,53,1.0
845183,11.5,50.0,47.1,11.4,goal,0.975,31,1.0
845183,11.2,34.3,50.5,31.6,save,0.222,13,1.0
845183,5.0,59.5,49.3,12.0,save,0.025,86,1.0
845183,4.6,41.1,52.9,17.7,save,0.505,65,1.0
845183,14.5,36.8,48.7,21.5,save,0.064,48,1.0
845183,8.8,46.0,52.2,1.3,goal,0.726,14,1.0
845183,21.4,71.4,53.5,15.2,save,0.27,79,1.0
845183,5.1,51.9,49.6,11.4,goal,0.273,65,1.0
845183,16.4,49.7,48.1,1.9,save,0.331,58,1.0
845183,7.9,42.3,50.2,19.0,save,0.024,87,1.0
845183,30.4,54.6,49.7,9.5,save,0.015,26,1.0
845183,15.3,19.3,53.9,8.2,save,0.157,24,1.0
845183,11.2,74.3,47.1,1.3,goal,0.127,90,1.0
845183,10.5,43.4,53.6,5.1,save,0.286,82,1.0
845183,4.6,50.6,51.2,8.2,goal,0.376,50,1.0
845183,11.5,50.0,53.3,5.1,goal,0.989,44,1.0
845183,27.9,52.1,47.8,29.7,save,0.189,21,1.0
845183,3.1,60.0,47.5,1.9,save,0.279,16,1.0
845183,8.9,42.7,46.7,22.2,goal,0.673,45,1.0
845183,25.6,52.2,50.6,19.0,save,0.027,80,1.0
845183,11.5,50.0,51.4,19.0,goal,0.948,74,1.0
845183,8.3,69.2,50.3,28.5,save,0.047,37,1.0
845183,8.3,53.1,48.1,13.9,save,0.078,10,1.0
845183,25.1,49.2,46.2,1.9,goal,0.67,56,1.0
845183,6.6,50.6,49.7,7.0,save,0.541,20,1.0
845183,13.5,29.4,52.2,6.3,save,0.07,20,1.0
845183,18.5,47.2,50.9,4.4,save,0.049,90,1.0
845183,26.2,29.1,53.9,4.4,save,0.214,77,1.0
845183,15.7,73.2,46.0,5.1,save,0.211,65,1.0
845183,11.1,69.3,49.9,25.3,save,0.031,63,1.0
845183,8.9,51.4,54.1,12.7,goal,0.44,19,1.0
845183,3.7,53.4,49.2,3.2,goal,,17,1.0
845183,5.7,41.5,51.7,21.5,save,0.096,12,1.0
845183,11.5,50.0,53.6,20.3,save,0.992,73,1.0
845183,22.3,69.8,50.3,1.9,save,0.026,60,1.0
845183,16.5,16.1,51.0,5.1,save,0.034,58,1.0
845183,12.8,36.5,50.1,0.6,save,0.031,49,1.0
845183,12.0,54.7,50.1,2.5,save,0.317,27,1.0
845183,11.5,50.0,53.9,1.9,goal,0.995,45,1.0
845183,18.0,66.8,54.2,20.9,goal,0.566,31,1.0
845183,6.6,63.8,50.0,15.2,save,0.018,28,1.0
845183,2.8,50.7,50.1,31.0,goal,0.741,11,1.0
845183,6.1,46.6,49.7,7.6,goal,0.63,87,1.0
845183,22.1,69.8,49.9,15.2,save,0.013,78,1.0
845183,10.4,47.4,47.5,8.9,goal,0.292,70,1.0
845183,2.4,37.5,50.6,2.5,save,0.047,69,1.0
845183,6.1,35.2,50.5,13.9,save,0.2,19,1.0
845183,6.7,46.3,51.5,20.9,goal,0.609,75,1.0
845183,7.9,36.5,50.0,22.2,goal,0.155,43,1.0
845183,9.2,26.8,52.0,18.4,save,0.056,12,1.0
845183,11.7,37.8,50.7,1.9,save,0.045,90,1.0
845183,12.0,47.4,48.8,34.8,save,0.135,69,1.0
845183,7.9,44.4,46.9,19.6,goal,0.642,49,1.0
845183,8.1,50.0,50.1,19.0,save,0.219,22,1.0
845183,13.7,37.4,51.9,8.9,save,0.164,17,1.0
845183,8.1,49.4,46.4,19.6,goal,0.47,66,1.0
845183,10.3,59.3,52.6,1.9,goal,0.64,46,1.0
845183,17.5,57.2,48.6,7.0,save,0.391,10,1.0
845183,3.7,55.0,47.0,13.9,goal,0.574,4,1.0
845183,3.2,33.6,49.4,32.3,save,0.079,4,1.0
845183,11.5,50.0,47.2,19.0,goal,0.983,88,1.0
845183,12.4,68.9,46.4,27.2,save,0.304,70,1.0
845183,13.8,54.9,53.3,3.8,save,0.352,34,1.0
845183,17.5,66.6,52.3,0.6,goal,0.167,82,1.0
845183,6.9,67.1,49.4,7.0,save,0.026,81,1.0
845183,5.0,59.5,51.5,21.5,save,0.199,81,1.0
845183,22.1,50.9,47.1,3.2,save,0.186,65,1.0
845183,16.3,46.2,52.4,29.1,goal,0.262,55,1.0
845183,23.5,27.7,48.1,1.9,save,0.109,55,1.0
845183,8.8,46.1,46.6,19.6,save,0.335,90,1.0
845183,22.8,48.8,52.5,26.6,save,0.186,81,1.0
845183,21.0,63.4,50.1,0.6,save,0.025,72,1.0
845183,24.2,55.8,50.3,1.3,save,0.033,18,1.0
845183,11.8,64.1,50.6,7.6,save,0.186,84,1.0
845183,7.8,55.5,51.7,19.6,goal,0.859,82,1.0
845183,12.6,62.6,48.3,14.6,save,0.052,67,1.0
845183,3.9,46.7,51.3,3.8,goal,0.846,59,1.0
845183,25.0,27.2,49.7,6.3,save,0.02,14,1.0
845183,12.2,31.0,46.1,2.5,goal,0.521,3,1.0
845183,5.6,54.0,51.9,28.5,goal,0.713,79,1.0
845183,8.5,51.6,47.9,34.2,save,0.289,57,1.0
845183,19.6,72.6,50.3,7.6,save,0.018,51,1.0
845183,18.7,29.5,50.3,22.2,save,0.027,88,1.0
845183,8.4,70.5,47.1,7.0,save,0.094,62,1.0
845183,8.9,51.0,49.5,20.9,save,0.041,56,1.0
845183,15.8,43.9,52.3,17.7,save,0.111,54,1.0
845183,23.9,43.9,51.4,9.5,save,0.037,16,1.0
845183,29.4,43.7,53.6,1.9,save,0.268,9,1.0
845183,18.7,59.1,49.8,3.2,save,0.024,90,1.0
845183,13.2,56.0,47.1,15.2,save,0.14,90,1.0
845183,26.1,49.7,46.4,5.1,save,0.256,88,1.0
845183,8.4,67.4,52.3,5.7,save,0.666,86,1.0
845183,20.9,25.9,47.8,24.1,save,0.166,56,1.0
845183,9.7,50.3,47.7,14.6,goal,0.416,51,1.0
845183,5.5,27.8,52.2,1.3,save,0.091,90,1.0
845183,9.7,9.7,47.0,29.1,save,0.518,62,1.0
845183,16.0,66.7,45.8,31.0,goal,0.47,45,1.0
845183,7.6,51.5,49.0,27.2,save,0.146,81,1.0
845183,19.9,51.0,53.2,34.2,goal,0.428,63,1.0
845183,9.1,55.3,46.2,5.7,save,0.25,45,1.0
845183,17.1,35.3,46.7,28.5,goal,0.5,7,1.0
845183,9.7,69.1,45.4,29.7,save,0.453,79,1.0
845183,19.0,57.6,53.1,1.9,goal,0.305,56,1.0
845183,7.7,39.2,53.1,14.6,goal,0.518,50,1.0
845183,12.3,46.6,53.7,18.4,save,0.308,50,1.0
845183,19.7,66.1,50.6,3.8,save,0.034,45,1.0
845183,4.6,59.5,47.4,3.8,goal,0.859,73,1.0
845183,9.2,54.9,49.1,10.8,save,0.057,47,1.0
845183,9.2,81.3,48.3,15.2,save,0.046,45,1.0
845183,23.5,43.5,46.1,15.2,goal,0.278,23,1.0
845183,1.4,65.6,54.1,1.9,save,0.758,88,1.0
845183,23.6,53.1,46.2,26.6,save,0.386,88,1.0
845183,8.0,44.1,52.8,10.8,save,0.113,45,1.0
845183,25.6,34.5,48.4,29.7,save,0.135,14,1.0
27029,27.0,29.5,46.3,10.1,save,0.268,49,1.0
27029,9.5,56.2,46.6,14.6,goal,0.546,45,1.0
27029,15.6,80.7,51.9,15.2,goal,0.088,17,1.0
27029,9.3,58.8,48.0,31.6,goal,0.212,48,1.0
27029,17.8,69.5,49.4,25.3,save,0.041,44,1.0
27029,18.9,27.1,53.6,13.9,save,0.113,29,1.0
27029,7.5,28.6,48.7,8.9,save,0.059,18,1.0
27029,21.1,49.0,53.7,12.7,goal,0.191,80,1.0
27029,18.2,74.3,47.1,7.0,save,0.091,76,1.0
27029,11.5,50.0,53.2,24.1,goal,0.992,48,1.0
27029,8.2,47.6,52.4,10.8,save,0.71,45,1.0
27029,12.6,55.4,54.2,20.9,save,0.477,79,1.0
27029,9.8,53.4,50.0,29.1,save,0.045,78,1.0
27029,22.5,65.6,50.0,23.4,save,0.023,31,1.0
27029,18.3,31.3,52.9,5.7,save,0.111,11,1.0
27029,5.7,54.4,53.8,11.4,goal,0.618,90,1.0
27029,16.6,59.2,48.4,3.2,goal,0.08,66,1.0
27029,10.7,52.4,51.6,24.7,goal,0.304,54,1.0
27029,6.8,53.9,47.4,14.6,goal,,48,1.0
27029,3.3,50.4,48.2,19.0,goal,0.974,11,1.0
27029,4.6,49.0,46.5,14.6,save,0.882,11,1.0
27029,9.3,35.2,53.6,13.3,save,0.135,25,1.0
27029,19.8,36.9,45.8,5.7,save,0.448,81,1.0
27029,3.4,34.2,52.5,3.2,goal,0.887,73,1.0
27029,5.6,52.8,52.3,2.5,goal,0.946,71,1.0
27029,15.6,54.8,52.1,5.1,save,0.125,54,1.0
27029,15.2,35.1,46.4,10.8,save,0.327,54,1.0
27029,16.1,53.9,48.1,7.6,save,0.078,25,1.0
27029,15.9,38.4,47.6,7.0,save,0.177,8,1.0
27029,19.9,33.4,47.1,26.6,save,0.322,61,1.0
27029,23.3,65.8,47.1,28.5,save,0.257,48,1.0
27029,14.5,49.6,46.1,2.5,goal,0.41,25,1.0
27029,8.5,51.8,51.1,12.0,save,0.041,12,1.0
27029,23.7,43.7,51.3,15.8,save,0.036,11,1.0
27029,8.2,35.6,47.3,2.5,goal,0.307,32,1.0
27029,22.0,42.3,54.1,17.7,goal,0.281,22,1.0
27029,5.4,64.4,53.1,4.4,save,0.728,7,1.0
27029,11.5,50.0,53.7,29.1,goal,0.996,90,1.0
27029,10.9,72.6,51.6,27.2,save,0.143,59,1.0
27029,15.8,61.9,53.2,5.1,save,0.293,20,1.0
27029,6.3,52.7,48.0,18.4,goal,0.741,90,1.0
27029,6.4,68.4,47.0,10.1,save,0.079,71,1.0
27029,21.0,72.5,48.9,29.7,save,0.07,66,1.0
27029,2.6,52.1,48.4,12.7,goal,0.957,59,1.0
27029,15.5,31.3,47.5,9.5,save,0.132,58,1.0
27029,18.7,61.0,49.6,20.3,save,0.036,58,1.0
27029,3.3,51.5,48.1,12.7,goal,0.958,90,1.0
27029,5.3,44.2,49.6,14.6,save,0.158,90,1.0
27029,7.9,38.2,51.3,10.1,goal,0.193,84,1.0
27029,9.4,57.0,46.3,24.7,save,0.357,61,1.0
27029,6.5,30.1,49.6,0.6,save,0.217,59,1.0
27029,10.8,58.5,49.0,1.3,save,0.062,45,1.0
27029,11.0,57.0,49.0,2.5,save,0.058,42,1.0
27029,17.5,64.6,47.1,3.8,save,0.161,36,1.0
27029,16.0,39.4,50.6,14.6,save,0.024,77,1.0
27029,19.1,56.2,45.9,5.7,goal,0.304,73,1.0
27029,25.8,31.4,50.5,3.8,save,0.025,70,1.0
27029,13.4,76.9,52.7,1.9,save,0.327,63,1.0
27029,7.4,40.7,53.6,5.7,save,0.196,56,1.0
27029,22.8,35.9,51.1,31.0,save,0.079,51,1.0
27029,13.7,42.3,50.4,5.1,save,0.032,45,1.0
27029,8.3,36.3,50.9,13.9,save,0.022,42,1.0
27029,11.8,51.6,50.1,23.4,save,0.029,90,1.0
27029,8.1,53.1,48.1,23.4,save,0.396,90,1.0
27029,9.7,58.8,49.8,28.5,save,0.04,83,1.0
27029,28.2,34.6,45.9,9.5,save,0.33,46,1.0
27029,5.7,67.4,49.3,15.2,save,0.13,17,1.0
27029,21.6,52.7,50.6,14.6,save,0.024,67,1.0
27029,15.0,77.0,46.8,3.8,save,0.132,64,1.0
27029,8.1,50.3,52.6,13.3,goal,0.143,62,1.0
27029,17.5,45.6,51.6,4.4,save,0.072,60,1.0
27029,16.4,44.4,46.5,1.9,save,0.439,10,1.0
27029,11.5,14.1,47.4,28.5,save,0.404,77,1.0
27029,15.1,71.7,52.3,9.5,save,0.12,72,1.0
27029,14.8,46.4,53.0,20.9,save,0.618,23,1.0
27029,21.4,46.4,46.5,20.9,save,0.275,15,1.0
27029,9.5,32.9,51.4,34.8,save,0.13,70,1.0
27029,22.0,23.4,48.1,14.6,save,0.076,39,1.0
27029,31.1,35.4,46.1,3.8,save,0.373,34,1.0
27029,25.6,43.0,51.5,2.5,save,0.061,20,1.0
27029,10.9,48.1,49.0,19.0,save,0.056,17,1.0
27029,10.0,55.0,53.9,7.0,goal,0.427,4,1.0
27029,13.7,64.7,47.7,20.9,save,0.124,62,1.0
27029,11.0,38.9,53.7,12.7,save,0.139,33,1.0
27029,2.7,37.8,50.5,1.3,goal,0.046,78,1.0
27029,12.0,37.9,53.4,1.9,goal,0.223,57,1.0
27029,10.8,56.0,50.1,25.3,save,0.032,54,1.0
27029,15.8,35.1,48.5,7.0,save,0.064,51,1.0
27029,17.0,54.4,50.4,3.2,save,0.035,18,1.0
27029,26.4,62.0,52.9,20.9,save,0.192,8,1.0
27029,8.4,27.4,52.3,4.4,save,0.07,90,1.0
27029,13.0,54.1,46.1,22.8,save,0.325,61,1.0
27029,6.6,54.2,50.1,9.5,save,0.055,50,1.0
27029,4.6,49.5,54.1,19.0,goal,0.778,45,1.0
27029,12.6,68.4,46.1,26.6,goal,0.299,65,1.0
27029,11.5,50.0,53.6,3.8,goal,0.992,8,1.0
27029,14.6,60.1,47.8,0.6,goal,0.129,85,1.0
27029,10.0,60.8,52.3,3.2,goal,0.606,51,1.0
27029,12.3,37.2,50.3,5.7,save,0.03,41,1.0
27029,7.5,47.6,52.3,22.8,save,0.202,9,1.0
27029,29.0,63.1,47.4,15.8,save,0.085,5,1.0
27029,7.7,56.0,53.0,8.2,goal,0.928,81,1.0
27029,24.8,50.8,48.3,24.7,save,0.095,81,1.0
27029,13.4,49.5,50.1,22.8,save,0.071,7,1.0
27029,1.0,49.6,51.6,15.2,goal,,87,1.0
27029,7.0,49.1,50.4,10.1,save,0.346,46,1.0
27029,4.6,40.9,53.9,13.9,goal,0.809,45,1.0
27029,4.2,59.4,49.7,6.3,save,0.03,26,1.0
27029,3.2,48.2,53.8,6.3,goal,0.881,67,1.0
27029,15.9,56.7,50.0,27.2,save,0.036,55,1.0
27029,11.6,45.9,50.3,20.9,save,0.026,50,1.0
27029,25.7,27.3,54.1,3.8,save,0.244,8,1.0
27029,5.3,33.5,50.0,1.3,save,0.04,1,1.0
27029,13.0,57.7,50.2,15.2,save,0.017,72,1.0
27029,8.3,68.2,47.0,3.8,save,0.126,35,1.0
27029,9.1,34.8,52.6,2.5,save,0.136,33,1.0
27029,51.7,89.2,48.0,1.9,save,0.073,13,1.0
27029,16.7,47.6,50.1,9.5,goal,0.116,45,1.0
27029,9.1,36.6,52.5,2.5,save,0.525,42,1.0
27029,26.8,53.4,50.6,1.3,save,0.034,28,1.0
27029,2.2,29.2,54.0,12.7,save,0.089,90,1.0
27029,5.8,30.5,53.9,19.0,save,0.169,83,1.0
27029,14.6,56.8,49.7,3.2,save,0.296,81,1.0
27029,6.9,52.6,47.6,20.9,goal,0.786,58,1.0
27029,14.0,64.1,47.7,5.7,save,0.12,45,1.0
27029,6.6,56.7,46.9,14.6,goal,0.641,36,1.0
27029,17.3,30.8,47.4,30.4,goal,0.336,32,1.0
27029,26.0,37.8,51.0,8.9,save,0.026,90,1.0
27029,8.6,49.0,51.2,25.9,save,0.129,60,1.0
27029,9.0,48.7,52.9,10.1,save,0.24,55,1.0
27029,10.9,42.7,49.4,5.1,goal,0.226,45,1.0
27029,1.0,43.6,52.6,1.9,goal,,4,1.0
27029,18.2,40.5,46.0,8.2,goal,0.363,70,1.0
27029,9.4,47.0,45.9,10.8,goal,0.354,40,1.0
27029,6.1,51.9,49.9,15.2,save,0.039,27,1.0
27029,11.8,17.9,49.1,14.6,save,0.04,75,1.0
27029,13.0,25.2,53.6,5.1,save,0.146,11,1.0
27029,0.5,60.3,47.0,5.7,goal,0.202,62,1.0
27029,7.2,51.2,49.0,5.1,save,0.198,62,1.0
27029,17.5,55.9,53.5,31.0,save,0.512,60,1.0
27029,2.4,36.6,51.0,19.0,save,0.042,50,1.0
27029,9.8,50.7,54.4,17.7,goal,0.633,33,1.0
27029,13.8,38.0,53.7,20.3,save,0.253,10,1.0
27029,7.0,77.6,47.4,2.5,save,0.083,57,1.0
27029,2.6,34.5,53.3,1.9,save,0.483,26,1.0
27029,7.2,41.8,54.0,22.8,goal,0.307,21,1.0
27029,24.8,50.3,49.9,10.1,save,0.013,72,1.0
27029,14.3,28.0,49.9,29.7,save,0.04,65,1.0
27029,20.4,27.2,46.3,7.0,save,0.354,47,1.0
27029,19.2,41.4,46.7,3.2,goal,0.281,3,1.0
868964,5.2,52.2,47.9,32.3,goal,0.936,34,0.65
868964,28.9,58.7,51.5,3.2,save,0.064,89,0.65
868964,13.0,52.8,46.3,1.3,save,0.432,64,0.65
868964,18.7,30.9,48.4,5.1,save,0.085,25,0.65
868964,20.7,58.5,48.9,22.8,save,0.049,59,0.65
868964,11.4,51.7,50.3,5.6,save,,26,0.65
868964,11.1,20.2,49.2,29.1,save,0.102,15,0.65
868964,4.3,40.4,47.9,17.7,save,0.242,87,0.65
868964,27.8,50.0,49.4,10.1,save,0.018,27,0.65
868964,12.0,50.6,50.4,31.0,save,0.066,65,0.65
868964,14.7,27.6,47.3,22.8,save,0.254,48,0.65
868964,6.9,45.6,50.6,20.3,save,0.076,26,0.65
868964,11.4,56.6,49.4,6.3,save,0.048,3,0.65
868964,12.1,35.0,53.0,15.2,save,0.114,87,0.65
868964,19.8,40.0,53.2,1.9,goal,0.741,84,0.65
868964,12.0,47.1,49.7,0.6,goal,0.044,26,0.65
868964,6.8,53.4,49.6,1.3,goal,0.374,22,0.65
868964,11.4,56.3,46.6,27.8,goal,0.318,90,0.65
868964,7.9,48.7,50.3,25.3,save,0.057,84,0.65
868964,12.0,62.5,49.8,8.9,save,0.018,74,0.65
868964,23.3,39.3,53.6,4.4,save,0.223,45,0.65
868964,6.7,35.3,50.2,13.9,save,0.068,45,0.65
868964,15.2,56.3,50.1,21.5,save,0.027,25,0.65
868964,4.6,50.1,53.5,12.0,goal,,1,0.65
868964,6.2,48.2,51.9,8.2,goal,0.73,84,0.65
868964,4.9,52.5,47.4,1.3,goal,0.964,78,0.65
868964,6.6,47.3,47.5,27.8,save,0.586,60,0.65
868964,21.5,50.6,46.1,8.9,save,0.251,47,0.65
868964,30.2,50.9,49.7,9.5,save,0.016,31,0.65
868964,17.2,67.5,53.1,10.1,save,0.201,13,0.65
868964,12.2,61.4,51.3,1.9,save,0.522,13,0.65
868964,23.2,66.0,46.0,2.5,save,0.276,75,0.65
868964,23.2,41.4,51.5,1.9,save,0.064,31,0.65
868964,5.6,55.1,47.4,1.3,save,0.894,21,0.65
868964,25.3,30.8,47.7,3.8,save,0.137,21,0.65
868964,12.1,42.9,48.7,28.5,save,0.126,18,0.65
868964,8.8,45.2,51.0,0.6,save,0.725,15,0.65
868964,20.3,48.0,49.3,0.6,save,0.049,5,0.65
868964,21.7,54.5,51.3,7.6,save,0.375,87,0.65
868964,3.7,45.9,50.1,31.6,goal,0.898,77,0.65
868964,6.7,47.9,51.0,1.3,save,0.695,77,0.65
868964,13.1,65.4,51.0,19.0,save,0.052,55,0.65
868964,19.7,52.9,54.0,6.3,save,0.342,51,0.65
868964,15.3,50.1,51.3,4.4,save,0.063,45,0.65
868964,11.8,40.5,46.9,14.6,save,0.296,37,0.65
868964,12.2,50.4,46.4,4.4,goal,0.769,31,0.65
868964,23.4,43.3,50.1,31.6,save,0.043,8,0.65
868964,5.5,67.9,46.3,3.8,save,0.196,7,0.65
868964,6.0,32.5,46.6,14.6,save,0.68,75,0.65
868964,7.1,35.0,52.7,21.5,save,0.125,67,0.65
868964,13.7,47.1,51.1,5.1,save,0.071,65,0.65
868964,17.0,49.5,50.0,3.8,save,0.022,62,0.65
868964,4.8,48.5,51.6,3.2,save,0.563,62,0.65
868964,20.3,54.7,52.6,16.5,save,0.137,21,0.65
868964,5.7,66.9,46.4,30.4,save,0.231,8,0.65
868964,8.6,30.5,52.4,3.2,save,0.092,81,0.65
868964,7.9,48.4,47.0,12.7,goal,,65,0.65
868964,5.7,43.0,46.5,17.7,goal,0.471,74,0.65
868964,6.9,39.0,49.3,14.6,save,0.266,45,0.65
868964,11.5,50.0,53.9,3.2,goal,0.994,37,0.65
868964,18.8,39.8,46.8,1.9,save,0.289,32,0.65
868964,11.6,64.1,51.9,0.6,save,0.19,22,0.65
868964,10.0,49.0,45.8,15.8,goal,0.482,70,0.65
868964,12.3,52.7,48.6,1.3,save,0.35,65,0.65
868964,19.0,51.3,47.1,7.0,save,0.148,57,0.65
868964,31.1,76.6,45.8,8.9,goal,0.202,41,0.65
868964,15.3,64.2,49.7,10.8,save,0.152,36,0.65
868964,6.0,48.1,48.7,28.5,save,0.418,20,0.65
868964,10.9,28.4,46.2,2.5,save,0.643,10,0.65
868964,12.2,51.8,50.4,17.1,save,0.024,73,0.65
868964,18.0,46.1,48.4,5.1,save,0.074,55,0.65
868964,8.3,46.2,48.0,8.9,save,0.109,50,0.65
868964,10.2,46.8,51.0,17.1,save,0.262,38,0.65
868964,9.9,48.4,54.2,29.1,goal,0.916,5,0.65
868964,13.2,49.4,53.9,30.4,goal,0.554,90,0.65
868964,26.6,52.7,51.6,4.4,save,0.496,89,0.65
868964,11.7,37.5,50.7,3.2,save,0.294,66,0.65
868964,4.8,55.8,51.1,1.3,goal,0.838,55,0.65
868964,20.4,48.0,52.8,29.1,goal,0.287,35,0.65
868964,3.4,40.7,48.9,17.1,save,0.304,90,0.65
868964,28.6,42.7,45.7,17.1,save,0.38,83,0.65
868964,18.7,70.9,45.8,2.5,save,0.263,79,0.65
868964,9.9,70.6,54.0,3.2,save,0.593,68,0.65
868964,24.8,52.8,54.5,5.1,goal,0.43,50,0.65
868964,10.3,63.1,45.5,6.3,save,0.293,45,0.65
868964,13.2,28.3,54.2,22.8,save,0.256,43,0.65
868964,2.6,52.3,49.8,5.1,goal,0.924,38,0.65
868964,20.0,43.2,54.3,7.0,save,0.306,32,0.65
868964,32.9,30.1,51.8,16.5,save,0.048,34,0.65
868964,10.7,40.7,50.4,7.0,save,0.152,15,0.65
868964,2.1,65.6,45.8,1.3,save,0.26,11,0.65
868964,13.7,25.0,46.9,24.7,save,0.387,90,0.65
868964,9.5,47.3,52.1,23.4,save,0.379,90,0.65
868964,11.5,50.0,53.7,1.9,goal,0.994,90,0.65
868964,8.3,48.3,50.9,22.8,save,0.067,79,0.65
868964,29.5,29.3,53.7,11.4,save,0.135,58,0.65
868964,10.2,54.7,51.9,12.0,goal,0.509,85,0.65
868964,22.0,34.5,52.9,10.8,save,0.091,56,0.65
868964,15.0,59.8,49.7,3.8,save,0.026,90,0.65
868964,15.1,53.8,49.2,19.6,save,0.298,49,0.65
868964,16.7,71.7,54.4,9.5,save,0.503,46,0.65
868964,12.6,64.3,54.2,3.8,goal,0.599,42,0.65
868964,10.4,73.9,50.0,31.0,save,0.044,34,0.65
868964,4.9,41.6,48.5,17.7,goal,0.447,32,0.65
868964,26.9,48.7,48.4,28.5,save,0.112,23,0.65
868964,26.0,57.3,47.8,15.2,save,0.084,8,0.65
868964,16.8,44.0,51.3,24.7,save,0.076,77,0.65
868964,11.5,50.0,52.3,7.0,save,0.972,90,0.65
868964,27.4,49.7,46.3,7.0,save,0.241,62,0.65
868964,12.0,61.2,52.2,20.3,save,0.41,52,0.65
868964,24.9,29.6,50.3,20.9,save,0.022,50,0.65
868964,12.7,69.7,53.4,6.3,save,0.367,6,0.65
868964,9.9,43.1,46.1,3.2,goal,0.561,90,0.65
868964,3.7,37.6,51.9,4.4,save,0.093,90,0.65
868964,18.7,33.6,45.8,24.1,goal,0.586,72,0.65
868964,4.2,69.2,46.2,20.9,goal,0.146,70,0.65
868964,11.5,50.0,51.9,30.4,goal,0.984,39,0.65
868964,15.1,47.4,52.5,3.2,save,0.449,33,0.65
868964,4.4,52.7,48.8,7.0,goal,0.427,18,0.65
868964,14.3,74.6,48.8,10.8,save,0.023,18,0.65
868964,7.7,68.6,48.4,3.2,save,0.057,17,0.65
868964,11.5,39.1,49.1,13.9,save,0.047,8,0.65
868964,16.7,25.0,48.7,27.8,save,0.108,6,0.65
868964,7.6,48.2,48.5,14.6,save,0.077,56,0.65
868964,9.0,50.2,47.8,3.8,goal,0.564,18,0.65
868964,19.4,61.6,47.9,3.8,save,0.086,6,0.65
868964,9.9,54.2,53.2,5.7,goal,0.709,1,0.65
868964,13.5,24.5,48.9,2.5,save,0.07,90,0.65
868964,14.2,43.0,49.6,14.6,save,0.094,67,0.65
868964,6.0,44.5,49.0,8.9,save,0.473,11,0.65
868964,17.9,33.1,47.2,31.0,save,0.483,35,0.65
868964,11.8,48.4,46.6,13.9,goal,0.281,90,0.65
868964,15.6,74.4,48.4,31.6,save,0.108,36,0.65
868964,14.7,43.9,46.2,10.1,goal,0.829,2,0.65
868964,13.1,40.9,47.7,5.1,goal,0.15,90,0.65
868964,24.0,73.5,53.7,10.8,save,0.28,88,0.65
868964,14.3,66.1,52.6,1.3,save,0.313,38,0.65
868964,23.6,37.9,46.1,13.3,save,0.289,36,0.65
868964,6.8,44.1,49.6,3.2,save,0.164,30,0.65
868964,11.3,38.7,51.1,19.0,save,0.039,22,0.65
868964,13.9,36.3,50.8,5.1,save,0.039,3,0.65
868964,33.2,66.6,47.2,27.2,save,0.186,90,0.65
868964,26.7,35.6,52.9,8.9,save,0.104,84,0.65
868964,6.7,45.0,50.6,26.6,goal,0.718,53,0.65
868964,32.1,64.0,49.9,20.9,save,0.021,49,0.65
868964,17.7,50.7,49.5,1.3,save,0.041,34,0.65
868964,4.0,34.9,52.9,16.5,save,0.26,18,0.65
868964,11.2,51.3,50.6,29.7,goal,0.068,7,0.65
868964,31.6,38.5,50.0,25.3,save,0.028,45,0.65
868964,9.1,58.1,46.1,13.9,goal,0.286,48,0.65
868964,9.8,47.6,46.1,9.5,goal,0.319,15,0.65
868964,11.5,50.0,54.1,3.2,goal,0.995,5,0.65
548848,26.6,39.9,52.3,26.6,save,0.145,59,0.96
548848,10.0,33.8,53.3,1.9,goal,0.187,43,0.96
548848,11.9,30.8,51.3,18.4,save,0.056,23,0.96
548848,15.1,62.7,51.0,0.6,save,0.067,48,0.96
548848,7.9,50.4,46.2,1.9,goal,,33,0.96
548848,8.2,64.3,50.7,15.8,save,0.048,16,0.96
548848,11.5,50.0,45.8,3.2,goal,0.995,90,0.96
548848,5.2,58.9,48.1,13.9,save,0.534,90,0.96
548848,6.6,67.9,47.1,15.8,save,0.294,74,0.96
548848,11.0,49.1,46.5,12.7,save,0.738,69,0.96
548848,12.8,48.3,51.8,7.0,save,0.122,23,0.96
548848,8.9,65.6,49.5,19.0,save,0.03,7,0.96
548848,7.5,34.5,53.8,19.6,goal,0.194,82,0.96
548848,5.7,58.3,51.3,6.3,goal,0.088,45,0.96
548848,20.4,28.9,47.3,17.7,save,0.177,16,0.96
548848,21.6,39.3,46.6,4.4,goal,0.282,72,0.96
548848,9.0,48.4,48.6,1.9,save,0.126,45,0.96
548848,27.6,63.4,51.1,25.3,save,0.064,42,0.96
548848,12.3,48.3,52.5,3.2,goal,0.583,13,0.96
548848,10.0,47.5,46.3,17.7,goal,0.645,77,0.96
548848,12.2,43.7,50.7,10.1,save,0.024,64,0.96
548848,7.4,46.8,50.5,31.6,save,0.172,38,0.96
548848,14.7,51.6,52.3,3.8,save,0.146,32,0.96
548848,20.7,30.9,51.5,34.2,save,0.116,31,0.96
548848,11.5,50.0,45.7,1.3,goal,0.996,78,0.96
548848,13.2,54.7,51.9,1.9,goal,0.441,21,0.96
548848,28.8,51.5,47.6,5.7,save,0.102,20,0.96
548848,24.7,66.5,47.7,6.3,save,0.078,9,0.96
548848,8.7,50.4,52.0,3.8,goal,0.89,85,0.96
548848,13.9,51.9,53.2,3.8,goal,0.297,53,0.96
548848,7.6,65.4,48.0,3.2,save,0.385,29,0.96
548848,10.5,46.0,52.3,3.8,goal,0.518,84,0.96
548848,13.8,41.9,46.5,22.2,goal,0.392,71,0.96
548848,11.5,50.0,52.5,2.5,goal,0.981,54,0.96
548848,29.1,56.6,46.3,1.3,save,0.28,28,0.96
548848,10.7,48.0,49.4,32.3,save,0.092,25,0.96
548848,11.6,65.0,52.9,8.2,save,0.284,10,0.96
548848,5.3,67.2,48.0,1.9,goal,0.296,88,0.96
548848,22.3,44.6,52.6,3.8,save,0.135,67,0.96
548848,10.5,62.0,49.7,2.5,save,0.191,42,0.96
548848,10.3,54.7,51.4,24.7,save,0.094,5,0.96
548848,12.6,29.2,51.7,5.1,save,0.057,4,0.96
548848,13.2,45.9,49.9,12.7,save,0.014,52,0.96
548848,19.4,66.6,50.6,10.1,save,0.025,48,0.96
548848,21.2,66.4,49.9,7.0,save,0.016,38,0.96
548848,8.8,47.4,52.5,12.7,goal,0.435,5,0.96
548848,4.3,48.1,51.4,5.7,goal,0.57,53,0.96
548848,15.5,45.3,45.9,19.0,save,0.419,39,0.96
548848,21.7,56.0,51.8,3.8,save,0.083,66,0.96
548848,8.3,48.0,48.7,22.2,save,0.092,60,0.96
548848,20.0,40.8,49.1,33.5,save,0.115,45,0.96
548848,22.5,78.5,51.6,24.7,save,0.116,72,0.96
548848,13.8,61.7,50.6,2.5,save,0.155,54,0.96
548848,4.5,64.0,47.0,12.0,save,0.087,51,0.96
548848,6.9,46.3,50.8,5.1,save,0.08,43,0.96
548848,3.5,47.6,51.0,3.8,goal,0.93,37,0.96
548848,23.3,34.8,51.4,5.7,save,0.044,4,0.96
548848,5.5,53.4,52.2,12.0,goal,0.196,61,0.96
548848,16.0,40.6,50.8,1.9,save,0.043,55,0.96
548848,8.5,58.2,49.7,5.1,save,0.515,51,0.96
548848,8.6,58.1,53.9,19.0,goal,0.481,58,0.96
548848,26.0,51.5,49.0,27.8,save,0.067,57,0.96
548848,10.6,40.4,48.7,5.7,save,0.082,83,0.96
548848,6.4,84.7,47.9,35.4,save,0.17,64,0.96
548848,6.6,69.8,47.4,10.8,save,0.371,31,0.96
548848,3.5,45.3,53.4,24.1,goal,0.59,14,0.96
548848,9.9,29.4,50.7,2.5,save,0.042,9,0.96
548848,1.7,44.6,53.2,4.4,save,0.625,4,0.96
548848,7.5,67.1,52.9,1.9,save,0.419,90,0.96
548848,14.1,55.1,45.5,4.4,goal,0.449,90,0.96
548848,14.5,47.1,52.9,3.8,save,0.19,33,0.96
548848,7.9,67.0,47.6,3.8,save,0.103,15,0.96
548848,22.7,45.9,48.4,5.7,save,0.06,74,0.96
548848,12.5,60.3,53.9,5.1,goal,0.566,45,0.96
548848,22.2,72.5,47.4,5.1,save,0.094,8,0.96
548848,15.7,62.8,48.0,14.6,save,0.058,8,0.96
548848,14.7,39.7,47.6,7.6,goal,0.165,7,0.96
548848,15.7,55.1,48.2,13.9,save,0.059,90,0.96
548848,22.5,40.0,49.1,17.1,save,0.032,80,0.96
548848,8.9,53.8,50.8,5.1,save,0.047,58,0.96
548848,9.2,71.5,46.0,24.1,save,0.233,58,0.96
548848,14.0,60.6,49.4,22.2,save,0.04,53,0.96
548848,4.6,55.7,46.8,14.6,goal,0.341,6,0.96
548848,11.7,69.5,47.1,19.0,save,0.112,6,0.96
548848,9.3,36.7,51.0,13.3,save,0.023,78,0.96
548848,31.2,50.2,49.5,13.9,save,0.017,89,0.96
548848,24.0,32.5,52.1,2.5,save,0.084,65,0.96
548848,6.6,46.2,50.7,19.6,save,0.06,57,0.96
548848,5.1,51.5,49.9,17.7,save,0.14,56,0.96
548848,3.1,38.3,53.6,9.5,goal,0.134,52,0.96
548848,13.5,55.1,52.3,11.4,save,0.104,52,0.96
548848,8.9,51.9,46.6,6.3,goal,0.336,41,0.96
548848,8.5,47.9,51.4,5.7,save,0.612,26,0.96
548848,25.9,31.1,54.2,16.5,save,0.223,80,0.96
548848,4.5,56.7,47.4,20.3,goal,0.201,90,0.96
548848,20.7,36.6,47.4,7.0,save,0.14,78,0.96
548848,11.0,42.1,46.1,2.5,goal,0.951,89,0.96
548848,9.9,53.6,46.1,12.0,goal,0.213,47,0.96
548848,12.9,72.5,50.0,10.8,save,0.015,45,0.96
548848,2.9,51.9,50.3,3.8,goal,0.935,37,0.96
548848,20.0,76.1,46.2,29.1,goal,0.343,8,0.96
548848,9.7,67.3,51.6,2.5,save,0.484,63,0.96
548848,14.4,36.3,53.1,1.3,goal,0.184,52,0.96
548848,15.0,65.0,47.7,3.8,save,0.104,34,0.96
548848,6.3,45.0,49.8,5.1,save,0.476,24,0.96
548848,9.0,40.9,52.6,3.2,save,0.456,24,0.96
548848,15.3,62.0,48.0,12.0,goal,0.05,23,0.96
548848,10.1,40.3,53.5,1.9,goal,0.347,8,0.96
548848,16.8,21.4,54.1,3.2,save,0.206,90,0.96
548848,4.6,44.9,52.8,23.4,goal,0.486,79,0.96
548848,10.1,66.5,47.5,4.4,save,0.084,55,0.96
548848,4.5,63.4,50.7,3.8,save,0.309,78,0.96
548848,11.9,48.1,53.6,2.5,save,0.286,57,0.96
548848,9.4,41.7,54.2,27.2,save,0.396,52,0.96
548848,8.3,31.5,46.8,5.1,save,0.433,30,0.96
548848,5.7,68.5,47.2,17.7,save,0.137,28,0.96
548848,8.4,52.9,50.5,17.1,save,0.162,15,0.96
548848,9.3,42.1,46.6,15.2,goal,0.48,39,0.96
548848,10.9,53.2,47.3,15.8,save,0.165,20,0.96
548848,8.0,41.9,50.5,12.7,save,0.019,41,0.96
548848,29.5,44.0,52.4,5.7,save,0.096,37,0.96
548848,9.4,42.4,52.6,0.6,save,0.591,20,0.96
548848,8.4,52.3,49.9,19.0,save,0.028,79,0.96
548848,6.2,57.9,50.1,17.7,save,0.037,65,0.96
548848,26.7,46.6,53.5,1.9,save,0.285,12,0.96
548848,12.3,55.2,46.4,4.4,goal,0.326,10,0.96
548848,9.2,32.0,52.6,7.0,save,0.134,81,0.96
548848,10.5,38.9,52.0,3.2,goal,0.098,71,0.96
548848,18.9,31.3,46.6,30.4,goal,0.501,65,0.96
548848,11.4,45.7,51.0,19.0,save,0.056,48,0.96
548848,28.2,58.6,54.0,30.4,save,0.536,39,0.96
78152,10.1,35.1,48.6,1.9,goal,0.342,90,0.56
78152,7.7,44.0,51.8,28.5,save,0.152,90,0.56
78152,27.1,65.8,51.6,2.5,save,0.093,76,0.56
78152,12.1,50.7,50.3,7.0,save,0.135,71,0.56
78152,4.0,45.4,53.6,21.5,goal,0.849,65,0.56
78152,9.1,54.1,45.7,24.1,goal,0.77,24,0.56
78152,9.7,71.3,47.2,14.6,save,0.087,78,0.56
78152,17.6,61.1,52.8,2.5,goal,0.255,54,0.56
78152,11.5,50.0,47.7,19.0,goal,0.974,90,0.56
78152,10.6,60.1,47.1,18.4,save,0.808,53,0.56
78152,9.9,53.0,46.1,12.7,goal,0.732,39,0.56
78152,9.3,47.1,48.4,8.2,save,0.069,36,0.56
78152,13.5,35.4,50.8,5.1,save,0.032,26,0.56
78152,21.6,49.3,52.5,1.3,save,0.153,26,0.56
78152,13.5,61.3,46.8,5.1,save,0.176,36,0.56
78152,10.5,55.7,46.1,17.7,goal,0.725,12,0.56
78152,13.1,46.4,54.1,1.9,goal,0.44,84,0.56
78152,9.1,51.0,48.6,7.6,goal,0.061,52,0.56
78152,19.3,70.3,49.1,7.6,save,0.026,45,0.56
78152,11.5,50.0,53.1,25.9,goal,0.992,44,0.56
78152,10.0,70.1,52.0,3.2,save,0.16,44,0.56
78152,4.9,46.2,46.1,3.8,goal,0.933,35,0.56
78152,13.3,36.3,52.9,19.0,save,0.124,85,0.56
78152,18.7,56.6,50.6,12.0,save,0.019,14,0.56
78152,18.8,49.7,48.0,2.5,save,0.109,34,0.56
78152,8.0,47.6,52.7,29.1,goal,0.672,7,0.56
78152,2.6,65.4,46.8,3.8,save,0.124,71,0.56
78152,11.5,50.0,45.9,6.3,goal,0.994,60,0.56
78152,16.2,59.1,48.2,13.9,save,0.088,44,0.56
78152,10.9,47.8,52.9,17.1,goal,0.711,40,0.56
78152,19.4,43.8,48.1,13.9,goal,0.068,33,0.56
78152,25.6,45.3,47.2,21.5,save,0.18,12,0.56
78152,8.8,54.2,46.3,19.6,save,0.301,7,0.56
78152,9.1,65.7,49.0,15.8,save,0.029,5,0.56
78152,8.0,25.8,53.0,3.2,save,0.123,90,0.56
78152,17.9,53.4,46.7,2.5,goal,0.249,87,0.56
78152,9.4,68.8,47.9,20.9,save,0.08,79,0.56
78152,4.9,60.3,53.8,22.2,goal,,71,0.56
78152,8.1,57.9,49.0,3.2,save,0.043,64,0.56
78152,26.3,52.5,49.8,3.8,save,0.021,31,0.56
78152,19.3,65.6,51.2,7.0,save,0.045,23,0.56
78152,12.1,43.8,50.5,27.2,save,0.045,86,0.56
78152,24.8,70.0,46.6,22.2,save,0.222,77,0.56
78152,12.9,58.8,52.7,27.8,goal,0.349,72,0.56
78152,9.3,40.4,49.8,27.8,save,0.042,55,0.56
78152,12.6,39.9,48.6,32.9,save,0.145,54,0.56
78152,13.4,54.8,51.4,17.7,save,0.068,43,0.56
78152,8.6,54.1,49.0,3.8,save,0.508,78,0.56
78152,7.9,73.1,51.5,1.3,save,0.123,57,0.56
78152,8.0,47.4,46.4,25.3,goal,0.979,52,0.56
78152,18.3,68.8,53.8,18.4,save,0.395,50,0.56
78152,16.8,67.6,46.9,10.1,save,0.098,18,0.56
78152,23.9,49.4,50.9,1.9,save,0.042,69,0.56
78152,10.1,54.2,51.9,9.5,goal,0.64,49,0.56
78152,18.4,46.6,50.0,10.8,goal,0.044,31,0.56
78152,23.6,70.9,52.3,15.2,save,0.1,21,0.56
78152,11.5,50.0,47.9,19.6,save,0.971,6,0.56
78152,12.7,43.8,51.0,1.9,save,0.059,83,0.56
78152,23.1,57.3,53.4,27.8,save,0.386,66,0.56
78152,11.4,52.6,52.7,4.4,goal,0.683,58,0.56
78152,13.2,57.4,53.6,3.2,goal,0.768,30,0.56
78152,4.7,53.0,48.4,7.0,goal,0.801,16,0.56
78152,10.6,51.5,49.3,24.1,save,0.06,8,0.56
78152,15.9,32.1,50.7,19.0,save,0.032,59,0.56
78152,11.8,53.1,50.1,8.2,save,0.021,54,0.56
78152,10.7,42.5,50.3,24.1,goal,0.243,49,0.56
78152,4.6,53.9,49.8,15.8,goal,0.478,45,0.56
78152,24.2,39.1,54.2,14.6,save,0.233,35,0.56
78152,10.6,44.5,51.3,22.2,goal,0.402,2,0.56
78152,8.8,57.5,52.1,7.0,goal,0.805,53,0.56
78152,7.1,61.8,52.6,23.4,goal,,20,0.56
78152,13.7,35.6,50.0,23.4,save,0.027,20,0.56
78152,13.0,65.0,50.6,3.2,save,0.131,3,0.56
78152,10.3,40.4,48.4,9.7,save,,61,0.56
78152,4.4,53.8,53.6,11.4,goal,0.613,3,0.56
78152,18.8,48.2,46.1,9.5,goal,0.28,27,0.56
78152,8.3,47.6,47.6,24.1,save,0.722,19,0.56
78152,20.5,57.6,46.2,19.6,save,0.263,2,0.56
78152,19.6,49.4,47.8,16.5,save,0.106,74,0.56
78152,11.5,70.0,50.7,5.1,save,0.044,45,0.56
78152,10.7,54.8,46.6,2.5,goal,,42,0.56
78152,8.6,42.5,51.0,32.9,goal,0.496,10,0.56
78152,3.9,67.2,49.7,1.3,goal,0.033,44,0.56
78152,8.2,52.8,47.9,13.3,save,0.114,34,0.56
78152,10.1,57.5,50.0,23.4,save,0.027,16,0.56
78152,9.4,47.2,50.5,7.0,save,0.28,71,0.56
78152,2.7,30.3,52.9,19.0,save,0.082,59,0.56
78152,4.9,43.8,47.6,14.6,goal,0.568,49,0.56
78152,17.2,33.5,51.4,5.7,save,0.045,89,0.56
78152,19.4,28.8,45.9,10.8,save,0.458,63,0.56
78152,18.8,31.9,45.9,5.7,goal,0.459,23,0.56
78152,7.4,40.2,53.2,19.0,save,0.159,45,0.56
78152,8.5,35.3,49.1,19.0,save,0.182,21,0.56
78152,9.8,54.1,53.6,1.9,save,0.86,80,0.56
78152,17.9,52.0,53.3,8.9,goal,0.2,16,0.56
78152,30.9,68.9,50.1,13.9,save,0.014,84,0.56
78152,14.4,46.4,47.0,18.4,goal,0.219,58,0.56
78152,12.2,59.8,48.7,18.4,save,0.052,58,0.56
78152,5.2,58.0,51.9,11.4,goal,0.728,50,0.56
78152,11.4,32.7,50.6,17.1,save,0.025,15,0.56
78152,24.9,38.6,52.6,5.1,save,0.106,10,0.56
78152,10.4,59.8,52.5,3.2,save,0.594,8,0.56
78152,8.6,53.0,52.6,12.7,goal,0.917,77,0.56
78152,10.3,39.4,50.6,17.1,save,0.13,53,0.56
78152,4.2,54.5,49.2,31.6,goal,0.827,31,0.56
78152,11.5,50.0,54.2,12.7,goal,0.992,10,0.56
78152,7.7,52.4,46.7,6.3,save,0.414,49,0.56
78152,12.6,59.3,49.2,19.0,save,0.169,90,0.56
78152,12.9,64.4,53.9,9.5,goal,0.864,75,0.56
78152,14.2,72.5,53.6,15.8,goal,0.365,45,0.56
78152,11.5,57.2,50.3,12.0,save,0.109,36,0.56
78152,12.0,54.4,50.6,17.7,save,0.209,34,0.56
78152,7.4,30.0,53.7,17.7,save,0.137,12,0.56
78152,6.5,43.7,52.6,19.0,save,0.152,82,0.56
78152,15.4,56.2,46.7,1.9,goal,0.589,40,0.56
78152,15.9,49.7,52.3,3.2,goal,0.152,35,0.56
78152,10.0,46.6,50.3,24.7,save,0.038,15,0.56
78152,13.0,49.4,51.6,6.3,save,0.078,70,0.56
78152,3.7,68.2,47.0,0.6,save,0.127,90,0.56
78152,5.3,43.9,53.5,14.6,goal,0.398,88,0.56
78152,25.3,27.9,52.3,7.6,save,0.064,86,0.56
78152,6.9,35.8,53.1,13.9,save,0.1,86,0.56
78152,12.1,52.3,53.7,1.9,save,0.513,41,0.56
78152,14.6,69.2,47.1,26.6,save,0.174,31,0.56
78152,18.2,57.0,54.0,5.1,save,0.399,26,0.56
78152,19.6,57.7,53.7,3.2,save,0.404,73,0.56
78152,13.3,38.2,53.6,8.9,goal,0.224,58,0.56
78152,10.7,47.9,48.5,7.0,goal,0.185,36,0.56
78152,24.1,65.5,54.3,5.1,goal,0.472,20,0.56
1154630,1.3,54.5,45.8,10.1,save,0.782,76,1.0
1154630,7.1,27.4,50.8,2.5,save,0.034,66,1.0
1154630,3.3,40.9,54.2,12.7,goal,0.719,8,1.0
1154630,15.1,53.0,46.0,3.2,goal,0.397,90,1.0
1154630,23.4,51.9,45.9,10.1,goal,0.331,54,1.0
1154630,23.0,48.4,45.8,29.1,goal,0.538,48,1.0
1154630,16.4,44.4,53.9,19.6,save,0.293,38,1.0
1154630,19.3,43.7,52.9,2.5,save,0.172,25,1.0
1154630,12.6,54.0,52.2,13.9,save,0.104,4,1.0
1154630,11.5,54.0,53.6,8.2,goal,0.325,90,1.0
1154630,9.4,49.3,46.1,29.7,goal,0.577,38,1.0
1154630,26.7,57.4,53.1,8.2,save,0.166,38,1.0
1154630,17.5,40.6,49.7,13.3,save,0.019,73,1.0
1154630,25.7,68.5,46.6,28.5,save,0.263,70,1.0
1154630,20.2,33.2,52.6,18.4,save,0.095,64,1.0
1154630,1.3,48.6,52.2,0.6,goal,0.992,19,1.0
1154630,13.2,59.4,48.1,1.9,save,0.1,19,1.0
1154630,11.0,51.6,51.3,8.2,goal,0.361,81,1.0
1154630,7.0,41.6,53.6,10.1,save,0.173,47,1.0
1154630,14.7,67.0,53.9,26.6,goal,0.636,27,1.0
1154630,7.7,53.4,50.2,11.4,save,0.29,90,1.0
1154630,25.9,59.2,50.3,3.8,save,0.024,90,1.0
1154630,23.7,25.7,51.9,24.7,save,0.082,89,1.0
1154630,17.3,28.7,54.0,12.7,save,0.146,72,1.0
1154630,24.9,53.2,54.1,20.9,save,0.386,45,1.0
1154630,30.1,46.6,52.9,9.5,save,0.11,68,1.0
1154630,23.2,70.1,50.1,29.1,save,0.036,78,1.0
1154630,28.1,29.7,46.0,13.3,save,0.314,49,1.0
1154630,5.6,30.4,45.8,1.9,goal,0.726,20,1.0
1154630,9.0,67.3,45.7,20.9,save,0.266,3,1.0
1154630,11.0,70.7,45.6,12.0,save,0.165,90,1.0
1154630,10.8,32.6,46.3,11.4,goal,0.373,45,1.0
1154630,23.4,49.7,53.9,29.7,save,0.471,90,1.0
1154630,4.5,44.4,53.1,13.3,save,0.866,81,1.0
1154630,18.3,57.2,52.6,2.5,save,0.189,63,1.0
1154630,27.4,53.0,46.1,5.1,save,0.334,40,1.0
1154630,8.5,39.6,50.1,3.2,save,0.195,37,1.0
1154630,5.6,52.6,48.1,10.1,goal,0.852,8,1.0
1154630,14.0,41.2,51.7,1.9,goal,0.086,60,1.0
1154630,21.2,28.6,48.6,32.3,save,0.14,25,1.0
1154630,20.9,67.3,47.7,5.1,save,0.084,8,1.0
1154630,13.1,33.2,47.4,2.5,save,0.69,1,1.0
1154630,4.3,43.7,47.4,22.8,goal,0.444,81,1.0
1154630,14.3,63.1,49.8,6.3,save,0.02,80,1.0
1154630,8.4,65.4,47.8,3.8,goal,0.087,77,1.0
1154630,26.0,41.4,52.4,13.9,save,0.089,44,1.0
1154630,13.4,78.1,51.7,3.8,save,0.11,37,1.0
1154630,12.8,50.6,53.9,11.4,goal,0.291,33,1.0
1154630,7.8,42.1,51.3,13.9,save,0.206,86,1.0
1154630,20.6,51.3,53.7,24.7,goal,0.365,55,1.0
1154630,4.0,62.8,47.2,2.5,goal,0.536,42,1.0
1154630,24.2,44.4,50.1,2.5,save,0.022,13,1.0
1154630,4.5,66.4,45.7,14.6,save,0.162,3,1.0
1154630,12.8,47.2,53.9,31.0,save,0.476,90,1.0
1154630,4.0,49.2,50.9,7.6,goal,0.839,90,1.0
1154630,21.0,62.9,52.8,16.5,save,0.219,58,1.0
1154630,21.6,63.4,53.8,5.1,goal,0.359,49,1.0
1154630,12.4,48.0,53.9,2.5,goal,0.827,51,1.0
1154630,24.6,33.6,52.5,3.8,goal,0.123,2,1.0
1154630,14.2,31.3,47.7,24.7,save,0.22,72,1.0
1154630,19.0,60.7,49.0,19.0,save,0.036,49,1.0
1154630,9.1,56.3,47.7,5.7,goal,0.6,48,1.0
1154630,24.4,31.1,52.7,8.9,save,0.083,16,1.0
1154630,7.9,63.8,52.7,5.1,save,0.748,2,1.0
1154630,4.9,49.7,50.4,8.2,save,0.101,90,1.0
1154630,12.6,30.0,51.9,13.3,save,0.052,61,1.0
1154630,8.1,46.5,52.7,35.4,save,0.401,50,1.0
1154630,25.4,71.8,53.2,1.3,save,0.314,45,1.0
1154630,11.5,50.0,46.1,9.5,goal,0.991,44,1.0
1154630,4.3,58.7,53.5,20.9,goal,0.984,26,1.0
1154630,9.8,56.8,51.1,3.8,save,0.54,24,1.0
1154630,29.6,42.1,50.3,25.9,save,0.03,9,1.0
1154630,5.3,40.6,51.9,17.7,save,0.169,77,1.0
1154630,28.1,53.6,54.1,0.6,save,0.443,44,1.0
1154630,14.0,66.7,49.2,1.9,save,0.042,60,1.0
1154630,8.2,49.7,48.4,4.4,goal,0.587,54,1.0
1154630,11.5,53.3,52.0,1.9,goal,0.165,90,1.0
1154630,14.7,66.4,47.4,3.2,save,0.156,50,1.0
1154630,14.1,47.6,48.5,3.2,save,0.09,43,1.0
1154630,12.9,77.7,51.9,17.7,save,0.102,17,1.0
1154630,8.8,41.5,54.2,17.1,save,0.389,2,1.0
1154630,6.3,53.0,46.4,6.3,goal,0.688,80,1.0
1154630,3.5,61.4,47.4,2.5,save,0.12,65,1.0
1154630,13.5,48.8,50.4,31.6,save,0.062,64,1.0
1154630,5.0,58.5,46.5,31.0,goal,0.637,29,1.0
1154630,2.6,50.2,51.5,12.0,goal,0.915,25,1.0
1154630,7.5,48.3,51.2,3.2,save,0.085,18,1.0
1154630,8.0,31.5,54.1,1.9,save,0.346,18,1.0
1154630,7.9,64.2,47.7,4.4,save,0.276,82,1.0
1154630,14.0,55.5,50.7,3.2,goal,0.59,72,1.0
1154630,3.5,47.4,51.2,3.2,goal,0.708,63,1.0
1154630,14.7,63.8,52.1,18.4,save,0.503,53,1.0
1154630,12.6,63.9,53.9,3.2,goal,0.767,13,1.0
1154630,24.1,34.3,52.3,8.2,save,0.066,3,1.0
1154630,7.4,42.7,52.9,24.1,goal,0.815,90,1.0
1154630,27.2,31.2,53.5,28.5,save,0.274,87,1.0
1154630,7.6,48.0,49.7,29.7,save,0.111,86,1.0
1154630,8.4,53.6,45.9,6.3,goal,0.445,83,1.0
1154630,13.6,71.5,45.9,22.2,save,0.304,36,1.0
1154630,8.4,73.8,46.2,4.4,save,0.156,33,1.0
1154630,25.1,29.6,49.7,34.2,save,0.06,11,1.0
1154630,22.6,59.5,46.8,27.8,save,0.28,90,1.0
1154630,4.0,48.2,49.7,10.8,save,0.377,75,1.0
1154630,8.8,55.8,50.8,4.4,save,0.416,60,1.0
1154630,16.4,37.3,48.5,27.2,save,0.143,45,1.0
1154630,8.6,57.0,54.5,17.1,goal,0.57,30,1.0
1154630,7.4,34.2,51.9,1.9,goal,0.106,84,1.0
1154630,14.4,59.5,46.7,15.2,save,0.139,83,1.0
1154630,8.5,32.9,51.6,25.3,save,0.087,59,1.0
1154630,5.5,41.7,50.7,1.9,save,0.092,53,1.0
1154630,15.7,58.2,50.0,31.0,save,0.047,52,1.0
1154630,10.3,58.5,51.1,3.8,save,0.4,50,1.0
1154630,7.6,57.9,51.5,3.2,goal,0.493,45,1.0
1154630,11.1,57.0,47.4,22.2,save,0.143,87,1.0
1154630,15.5,64.2,48.7,24.7,save,0.064,80,1.0
1154630,10.9,75.0,46.4,3.2,save,0.155,12,1.0
1154630,10.5,53.8,52.4,0.6,goal,0.848,90,1.0
1154630,23.9,41.7,52.0,5.1,save,0.077,90,1.0
1154630,29.5,60.0,51.1,0.6,save,0.055,86,1.0
1154630,7.5,42.9,54.5,12.0,save,0.263,85,1.0
1154630,16.9,48.2,51.2,19.6,goal,0.052,48,1.0
1154630,11.9,41.3,52.3,20.9,goal,0.792,89,1.0
1154630,3.5,52.7,47.8,22.8,goal,0.877,52,1.0
1154630,9.2,53.1,50.3,8.2,save,0.022,16,1.0
1154630,5.3,49.9,53.0,11.4,goal,0.774,90,1.0
1154630,11.5,50.0,51.9,23.4,goal,0.975,34,1.0
1154630,12.1,35.4,47.2,1.9,save,0.296,50,1.0
1154630,11.5,95.4,49.7,31.0,save,0.044,45,1.0
1154630,11.2,79.9,50.2,30.4,save,0.044,45,1.0
1154630,23.0,51.5,52.6,6.3,save,0.128,28,1.0
1154630,8.1,45.6,51.9,19.0,save,0.163,17,1.0
1154630,4.3,69.9,50.4,27.8,save,0.056,11,1.0
1154630,12.1,55.1,48.3,24.7,save,0.116,90,1.0
1154630,9.0,70.3,51.1,2.5,save,0.072,90,1.0
1154630,13.4,68.9,47.8,9.5,save,0.055,18,1.0
1154630,11.5,50.0,47.8,29.7,goal,0.986,13,1.0
1154630,11.5,50.0,52.9,14.6,goal,0.98,62,1.0
1154630,7.9,41.7,52.3,20.3,save,0.126,45,1.0
1154630,5.2,70.7,48.7,3.2,save,0.043,20,1.0
13906,11.5,50.0,45.8,5.7,goal,,100,3.0
13906,11.5,50.0,46.0,25.9,goal,,98,3.0
13906,11.5,50.0,54.4,8.2,goal,,96,3.0
13906,11.5,50.0,54.0,3.8,save,,92,3.0
13906,11.5,50.0,50.9,3.2,save,,91,3.0
13906,19.3,52.2,47.7,13.3,save,,83,3.0
13906,19.6,65.9,50.0,9.5,save,,76,3.0
13906,13.8,57.9,49.2,10.8,save,,59,3.0
13906,14.7,30.5,48.3,6.3,save,,58,3.0
13906,4.9,28.1,54.2,7.0,save,,50,3.0
13906,25.0,57.9,50.6,23.4,save,,45,3.0
13906,9.7,50.8,48.1,13.9,save,,38,3.0
13906,12.2,65.8,54.2,14.6,goal,,33,3.0
13906,8.5,61.7,49.1,4.4,save,,23,3.0
13906,11.5,50.0,45.7,1.3,goal,,9,3.0
13906,9.2,49.0,45.6,7.0,save,,6,3.0
844609,21.2,57.7,53.9,5.1,goal,0.36,78,0.84
844609,4.2,44.6,52.3,28.5,save,0.244,75,0.84
844609,4.4,50.7,50.5,15.8,save,0.57,69,0.84
844609,5.2,34.0,51.1,18.4,save,0.104,62,0.84
844609,21.5,63.2,52.1,3.2,save,0.117,52,0.84
844609,7.1,69.3,47.7,5.7,save,0.081,36,0.84
844609,3.9,44.8,47.2,5.1,goal,0.832,32,0.84
844609,29.7,36.7,50.2,10.8,save,0.012,25,0.84
844609,20.0,50.3,53.9,6.3,save,0.303,5,0.84
844609,24.4,55.8,48.9,2.5,save,0.046,69,0.84
844609,15.3,58.5,50.8,15.2,save,0.036,63,0.84
844609,27.1,44.5,49.7,30.4,save,0.048,43,0.84
844609,8.7,47.2,48.1,1.3,save,0.755,26,0.84
844609,2.4,54.0,47.1,8.2,goal,0.915,9,0.84
844609,12.1,28.7,52.1,15.8,save,0.052,71,0.84
844609,8.1,46.9,50.0,10.1,save,0.45,61,0.84
844609,3.2,55.2,47.7,17.7,goal,0.522,28,0.84
844609,6.4,33.0,50.6,16.5,goal,0.024,26,0.84
844609,20.8,42.1,49.1,18.4,save,0.035,74,0.84
844609,10.0,44.3,48.1,24.7,goal,0.776,72,0.84
844609,8.1,28.9,52.9,17.1,save,0.082,51,0.84
844609,4.4,49.8,52.3,29.1,goal,0.633,44,0.84
844609,6.6,29.5,48.7,7.6,save,0.064,41,0.84
844609,4.8,35.4,51.3,7.0,save,0.195,8,0.84
844609,18.8,46.0,46.4,24.7,goal,0.382,90,0.84
844609,4.2,39.7,52.9,18.4,save,0.625,88,0.84
844609,14.2,56.4,52.6,19.6,save,0.172,52,0.84
844609,22.8,27.4,51.3,22.8,save,0.051,21,0.84
844609,19.1,43.6,52.9,1.9,save,0.174,90,0.84
844609,15.0,41.7,47.1,2.5,goal,0.706,83,0.84
844609,3.2,58.7,48.1,1.9,save,0.596,28,0.84
844609,4.8,42.5,53.8,1.9,goal,0.89,11,0.84
844609,22.2,50.1,51.9,13.3,save,0.056,11,0.84
844609,16.7,46.4,49.1,5.1,save,0.044,90,0.84
844609,25.3,44.1,46.5,21.5,save,0.285,85,0.84
844609,21.7,33.9,45.5,12.0,save,0.405,75,0.84
844609,11.5,50.0,51.3,22.2,goal,0.952,69,0.84
844609,16.7,29.6,47.1,2.5,save,0.256,53,0.84
844609,9.9,60.6,48.4,30.4,save,0.122,52,0.84
844609,9.9,31.8,53.9,26.6,save,0.324,74,0.84
844609,3.1,45.5,53.0,5.7,goal,0.96,69,0.84
844609,11.9,60.1,51.0,10.1,save,0.039,68,0.84
844609,6.1,53.2,48.4,7.6,save,0.869,63,0.84
844609,20.2,44.3,53.2,35.4,goal,0.4,61,0.84
844609,21.3,46.8,45.6,32.3,goal,0.648,57,0.84
844609,6.4,47.4,53.3,13.9,goal,0.638,55,0.84
844609,14.7,35.6,50.3,7.6,save,0.058,40,0.84
844609,25.2,44.6,52.0,15.2,save,0.069,85,0.84
844609,6.9,65.6,46.3,1.9,save,0.445,69,0.84
844609,3.4,55.1,49.2,25.3,save,0.714,63,0.84
844609,14.5,83.0,51.7,25.9,save,0.172,56,0.84
844609,4.4,57.5,49.4,1.3,save,0.586,54,0.84
844609,12.5,67.5,53.2,8.9,save,0.256,25,0.84
844609,13.4,86.9,48.1,33.5,save,0.144,20,0.84
844609,11.5,50.0,46.2,29.1,goal,0.996,82,0.84
844609,26.3,61.1,46.1,13.3,goal,0.228,63,0.84
844609,8.5,57.9,48.1,3.2,save,0.098,45,0.84
844609,9.2,46.2,49.0,5.7,goal,0.34,42,0.84
844609,13.9,38.5,45.8,1.9,goal,0.618,38,0.84
844609,22.6,48.5,47.3,12.7,save,0.098,9,0.84
844609,10.5,61.2,47.4,20.3,save,0.125,77,0.84
844609,7.1,59.3,48.5,19.0,save,,70,0.84
844609,32.4,50.1,46.7,9.5,save,0.152,70,0.84
844609,16.4,62.1,53.8,12.7,goal,0.291,68,0.84
844609,3.9,50.1,51.8,8.2,goal,0.874,52,0.84
844609,11.5,50.0,48.3,11.4,save,0.938,52,0.84
844609,17.2,52.5,46.5,3.8,save,0.282,6,0.84
844609,12.7,72.1,53.6,22.2,goal,0.477,88,0.84
844609,8.3,45.8,51.5,13.3,save,0.044,79,0.84
844609,6.3,48.1,53.3,4.4,goal,0.902,64,0.84
844609,26.8,28.6,52.1,1.9,save,0.097,45,0.84
844609,21.8,69.3,50.1,20.9,save,0.021,21,0.84
844609,12.0,50.3,50.2,7.0,save,0.022,2,0.84
844609,10.3,42.1,52.2,22.8,save,0.14,77,0.84
844609,5.8,33.8,52.3,13.9,save,0.07,77,0.84
844609,11.0,31.2,52.9,19.6,save,0.131,77,0.84
844609,7.3,43.9,53.6,19.0,goal,0.845,73,0.84
844609,9.2,51.4,50.4,31.6,goal,0.282,38,0.84
844609,4.8,46.4,50.8,1.9,save,0.749,38,0.84
844609,17.9,34.8,54.4,7.0,goal,0.263,13,0.84
844609,13.4,40.6,48.7,2.5,save,0.462,11,0.84
844609,32.0,27.3,53.2,1.3,save,0.193,43,0.84
844609,15.1,33.9,48.2,5.7,save,0.107,26,0.84
844609,8.8,48.6,50.3,20.9,save,0.054,16,0.84
844609,23.7,59.6,47.4,8.9,save,0.09,61,0.84
844609,28.0,50.3,46.4,4.4,save,0.243,44,0.84
844609,32.1,56.3,54.2,7.0,save,0.331,35,0.84
844609,31.2,47.6,52.9,4.4,save,0.147,23,0.84
844609,3.9,69.6,47.6,2.5,save,0.078,9,0.84
844609,9.0,76.9,53.1,5.7,save,0.33,6,0.84
844609,9.5,34.6,49.4,15.2,save,0.167,90,0.84
844609,24.0,39.1,50.1,8.2,save,0.014,89,0.84
844609,14.3,31.0,48.8,24.1,save,0.084,85,0.84
844609,23.5,56.0,53.2,3.2,save,0.27,77,0.84
844609,12.9,49.7,52.6,16.5,save,0.112,72,0.84
844609,14.9,72.8,46.2,2.5,save,0.193,68,0.84
844609,8.6,34.7,53.0,5.1,save,0.502,55,0.84
844609,8.9,55.1,49.4,12.7,save,0.132,40,0.84
844609,27.7,51.1,53.2,1.9,save,0.222,4,0.84
844609,11.5,50.0,52.3,1.3,goal,0.981,76,0.84
844609,4.2,67.6,46.5,15.8,goal,0.1,57,0.84
844609,15.0,45.6,50.9,26.6,save,0.071,53,0.84
844609,22.4,46.7,52.8,10.8,save,0.1,47,0.84
844609,28.4,32.7,54.1,1.9,save,0.288,32,0.84
844609,10.3,60.3,46.5,1.3,goal,0.815,88,0.84
844609,11.5,50.0,49.3,14.6,goal,0.884,84,0.84
844609,10.3,47.6,53.4,29.1,save,0.376,66,0.84
844609,14.3,48.0,51.8,18.4,goal,0.565,60,0.84
844609,26.3,57.7,52.6,8.2,save,0.116,58,0.84
844609,1.8,47.8,51.9,22.8,goal,0.983,14,0.84
844609,11.5,50.0,46.4,1.9,goal,0.993,12,0.84
844609,9.3,58.1,49.0,31.6,save,0.092,90,0.84
844609,11.7,48.6,46.4,8.9,goal,0.763,76,0.84
844609,12.6,31.7,48.4,17.1,save,0.09,73,0.84
844609,17.0,52.8,50.1,18.4,save,0.024,49,0.84
844609,3.9,47.9,52.0,31.6,goal,0.868,41,0.84
844609,10.5,70.1,53.5,8.2,save,0.373,40,0.84
844609,24.7,71.7,53.7,22.8,save,0.413,28,0.84
844609,11.4,45.2,50.6,19.0,save,0.03,20,0.84
844609,8.0,41.2,50.3,1.9,save,0.049,8,0.84
844609,12.5,54.2,49.7,8.2,goal,0.028,3,0.84
844609,23.2,59.5,46.7,3.2,save,0.199,36,0.84
844609,21.0,49.1,48.8,24.7,save,0.075,28,0.84
844609,10.2,52.4,53.1,3.2,goal,0.788,7,0.84
844609,26.3,60.8,53.4,17.1,save,0.246,6,0.84
844609,18.2,49.1,47.7,3.8,save,0.142,80,0.84
844609,10.2,43.1,48.6,3.8,goal,0.098,55,0.84
844609,25.8,30.5,48.3,13.3,save,0.052,40,0.84
844609,18.4,50.7,49.6,12.0,save,0.016,15,0.84
844609,30.9,35.8,48.1,12.7,save,0.055,7,0.84
844609,3.1,55.9,47.8,1.9,save,0.489,24,0.84
844609,4.1,50.1,51.7,6.3,goal,0.709,10,0.84
844609,6.1,51.5,49.2,19.6,save,0.083,10,0.84
844609,22.0,41.2,54.3,5.7,save,0.314,9,0.84
844609,14.5,47.0,49.2,18.4,save,0.038,5,0.84
844609,6.3,52.6,50.0,26.6,goal,0.644,90,0.84
844609,10.1,49.7,45.6,14.6,save,0.386,84,0.84
844609,10.4,50.6,51.4,7.0,save,0.058,63,0.84
844609,18.4,47.4,51.0,4.4,save,0.042,35,0.84
844609,7.6,46.8,50.8,32.3,goal,0.116,12,0.84
844609,8.4,51.3,49.7,19.0,save,0.081,11,0.84
844609,11.5,50.0,53.8,4.4,save,0.993,11,0.84
844609,7.1,52.5,49.1,12.7,save,0.04,80,0.84
844609,5.0,55.2,49.3,3.2,save,0.278,45,0.84
844609,5.7,45.0,51.5,24.1,save,0.411,37,0.84
844609,14.4,28.5,50.1,13.3,save,0.012,72,0.84
844609,3.1,44.1,53.6,2.5,goal,0.894,66,0.84
844609,6.7,45.6,53.0,2.5,save,0.88,51,0.84
844609,10.8,54.0,48.4,17.1,goal,0.431,86,0.84
844609,17.4,61.4,51.1,3.2,save,0.054,78,0.84
844609,27.5,40.7,53.1,3.2,save,0.171,63,0.84
844609,28.3,62.9,46.1,1.9,save,0.274,12,0.84
844609,28.6,57.9,45.8,3.2,save,0.342,1,0.84
844609,21.1,33.4,49.1,5.1,save,0.037,68,0.84
844609,5.0,51.9,48.9,11.4,save,0.252,62,0.84
844609,12.5,31.5,52.9,1.3,save,0.141,51,0.84
844609,6.3,33.1,53.9,16.5,save,0.128,41,0.84
844609,13.5,54.6,47.1,19.6,save,0.175,34,0.84
844609,27.4,44.0,48.5,19.0,save,0.056,90,0.84
844609,7.0,57.5,46.4,7.0,save,0.795,88,0.84
844609,18.2,53.3,46.5,8.9,save,0.211,81,0.84
844609,21.9,60.6,49.0,0.6,save,0.046,36,0.84
844609,5.5,65.5,50.2,29.7,save,0.054,36,0.84
844609,17.1,50.1,51.1,22.8,save,0.059,28,0.84
844609,3.1,36.3,52.9,2.5,save,0.82,6,0.84
844609,20.9,25.9,52.0,22.8,save,0.075,74,0.84
844609,4.6,45.5,52.5,2.5,save,0.923,74,0.84
844609,8.7,36.4,52.1,1.3,save,0.1,73,0.84
844609,8.6,72.5,50.5,22.2,save,0.04,21,0.84
844609,11.2,31.2,52.3,10.1,save,0.065,5,0.84
844609,8.4,52.4,50.3,29.1,save,0.061,90,0.84
844609,20.9,57.1,51.9,1.9,save,0.107,90,0.84
844609,13.1,62.7,51.7,14.6,save,0.078,87,0.84
844609,20.1,45.8,46.2,7.0,goal,0.289,62,0.84
844609,21.9,38.6,49.7,18.4,save,0.025,48,0.84
844609,7.4,47.2,51.0,31.0,goal,0.39,42,0.84
844609,8.8,45.0,48.2,6.3,goal,0.143,35,0.84
844609,8.3,49.7,46.4,0.6,save,0.762,23,0.84
844609,16.9,34.9,45.4,6.3,save,0.614,43,0.84
844609,23.9,27.0,49.7,28.5,save,0.041,33,0.84
844609,11.5,50.0,47.3,29.1,goal,0.991,3,0.84
844609,11.5,50.0,52.6,1.9,goal,0.984,12,0.84
844609,2.7,54.6,50.1,5.1,goal,0.847,76,0.84
844609,18.7,32.0,49.0,19.6,save,0.049,43,0.84
844609,9.0,53.2,51.6,1.9,goal,0.456,8,0.84
844609,8.3,36.5,50.2,1.3,save,0.044,90,0.84
844609,20.2,55.3,53.6,0.6,save,0.345,78,0.84
844609,12.8,61.8,50.8,1.9,save,0.051,77,0.84
844609,28.2,34.0,49.4,2.5,save,0.031,66,0.84
844609,29.9,36.9,54.1,34.8,save,0.518,49,0.84
844609,15.2,62.3,48.2,21.5,save,0.084,48,0.84
947954,13.3,53.4,52.6,8.9,goal,0.458,89,0.61
947954,20.3,40.7,50.6,28.5,save,0.059,71,0.61
947954,23.1,62.0,52.2,10.1,save,0.078,47,0.61
947954,1.9,48.4,51.9,10.1,goal,0.959,45,0.61
947954,4.2,67.7,46.1,13.3,save,0.114,38,0.61
947954,11.5,50.0,46.5,25.3,goal,0.994,90,0.61
947954,24.1,62.0,50.0,35.4,save,0.05,25,0.61
947954,11.4,43.4,51.0,3.8,save,0.06,90,0.61
947954,25.1,46.4,47.7,2.5,save,0.135,68,0.61
947954,6.3,50.8,52.1,5.7,goal,0.644,45,0.61
947954,13.5,50.5,50.6,16.5,save,0.031,31,0.61
947954,6.3,56.9,49.5,21.5,save,0.149,63,0.61
947954,2.0,61.2,49.1,17.7,save,0.049,60,0.61
947954,19.0,31.8,53.3,3.8,goal,0.161,51,0.61
947954,12.9,54.5,53.0,5.7,save,0.272,45,0.61
947954,11.5,50.0,53.7,12.7,goal,0.988,42,0.61
947954,28.2,62.4,48.1,7.0,save,0.059,87,0.61
947954,13.2,45.0,48.2,5.1,save,0.106,54,0.61
947954,15.6,33.8,48.4,24.7,save,0.124,43,0.61
947954,14.4,28.4,49.9,12.7,save,0.013,40,0.61
947954,17.8,64.2,50.0,29.7,save,0.042,5,0.61
947954,6.4,47.0,48.7,17.7,goal,0.526,81,0.61
947954,25.1,38.9,50.0,13.3,save,0.013,79,0.61
947954,14.5,40.1,49.7,7.0,save,0.023,71,0.61
947954,14.5,44.1,51.0,17.1,save,0.06,23,0.61
947954,12.3,30.3,54.1,25.9,save,0.292,19,0.61
947954,15.2,54.9,53.3,8.2,goal,0.252,5,0.61
947954,6.7,53.2,50.3,17.7,save,0.216,4,0.61
947954,7.0,52.8,51.6,4.4,goal,0.405,90,0.61
947954,8.7,43.0,49.1,24.7,save,0.081,89,0.61
947954,4.8,46.6,53.8,13.3,goal,0.421,60,0.61
947954,2.7,51.3,50.3,26.6,save,0.686,52,0.61
947954,9.0,46.1,50.6,7.0,save,0.028,50,0.61
947954,3.5,47.7,51.3,1.9,goal,0.936,89,0.61
947954,9.1,49.0,49.2,13.9,save,0.032,58,0.61
947954,16.0,51.3,48.9,8.9,save,0.033,56,0.61
947954,28.2,54.8,51.6,33.5,save,0.143,32,0.61
947954,4.6,43.0,50.8,8.9,save,0.044,20,0.61
947954,7.1,59.1,46.3,14.6,save,0.307,20,0.61
947954,18.3,27.2,53.5,0.6,save,0.192,10,0.61
947954,14.2,45.8,46.1,0.6,goal,0.446,69,0.61
947954,10.0,59.7,50.2,8.9,save,0.15,69,0.61
947954,7.9,40.7,53.2,5.7,save,0.144,44,0.61
947954,25.9,51.3,49.1,27.8,save,0.067,16,0.61
947954,20.0,46.1,53.0,3.8,save,0.179,90,0.61
947954,19.7,39.7,48.1,7.0,save,0.078,74,0.61
947954,16.9,52.3,46.3,2.5,goal,0.344,40,0.61
947954,20.7,29.3,54.0,2.5,save,0.245,32,0.61
947954,9.8,65.7,47.0,20.3,save,0.143,5,0.61
947954,13.7,53.6,46.8,5.1,goal,0.205,90,0.61
947954,25.8,31.1,51.6,31.0,save,0.108,90,0.61
947954,7.1,49.1,48.8,14.6,save,0.087,84,0.61
947954,3.2,36.2,47.0,2.5,save,0.462,83,0.61
947954,12.7,41.1,48.0,1.3,save,0.454,81,0.61
947954,12.6,68.9,52.2,6.3,save,0.131,39,0.61
947954,7.4,56.5,52.2,3.8,save,0.228,19,0.61
947954,7.0,56.7,48.4,2.5,save,0.142,18,0.61
947954,7.4,53.6,49.3,8.2,save,0.039,18,0.61
947954,9.1,27.0,45.8,1.9,save,0.704,60,0.61
947954,10.4,66.9,53.7,1.3,goal,0.543,30,0.61
947954,15.1,71.1,53.5,6.3,save,0.366,26,0.61
947954,7.8,58.7,46.2,13.9,save,0.242,90,0.61
947954,8.6,52.6,52.5,5.1,goal,0.233,77,0.61
947954,11.5,50.0,52.1,1.3,goal,0.977,54,0.61
947954,18.6,32.5,50.2,36.1,save,0.06,51,0.61
947954,6.7,54.3,48.5,2.5,save,0.087,45,0.61
947954,12.2,58.1,50.0,36.7,save,0.058,83,0.61
947954,52.4,65.1,54.7,18.4,save,0.46,65,0.61
947954,7.7,46.8,48.1,8.2,save,0.16,55,0.61
947954,3.1,53.9,51.0,22.8,save,0.634,51,0.61
947954,26.0,26.2,52.7,8.9,save,0.09,17,0.61
947954,4.2,47.8,50.0,1.9,goal,0.352,50,0.61
947954,15.7,71.8,47.9,19.0,save,0.065,12,0.61
947954,29.4,66.9,45.6,9.5,save,0.268,6,0.61
947954,13.8,50.1,45.5,17.7,save,0.378,78,0.61
947954,7.0,50.6,52.9,9.5,goal,0.529,69,0.61
947954,10.0,43.7,48.5,22.8,save,0.093,65,0.61
947954,25.6,35.2,53.2,9.5,save,0.114,52,0.61
947954,18.4,56.2,47.7,31.0,save,0.195,45,0.61
947954,3.3,39.5,51.1,11.4,save,0.037,90,0.61
947954,11.5,50.0,53.9,1.9,save,0.995,82,0.61
947954,5.5,47.3,49.0,19.0,save,0.204,56,0.61
947954,15.2,38.7,46.1,4.4,goal,0.518,88,0.61
947954,6.3,53.8,50.8,34.2,save,0.582,62,0.61
947954,7.0,51.9,48.8,25.9,save,0.122,57,0.61
947954,11.5,50.0,53.4,33.5,goal,0.996,31,0.61
947954,22.3,46.6,50.1,3.2,save,0.021,22,0.61
947954,13.8,43.7,46.4,0.6,goal,0.434,11,0.61
947954,22.5,65.4,45.8,13.3,goal,0.194,56,0.61
947954,8.3,44.8,51.6,18.4,save,0.065,53,0.61
947954,10.2,46.1,49.4,10.8,save,0.098,51,0.61
947954,6.4,36.0,52.8,3.8,save,0.122,49,0.61
947954,11.0,46.6,53.9,15.2,save,0.296,38,0.61
947954,53.6,66.4,52.6,19.0,save,0.142,9,0.61
947954,5.1,52.6,47.4,21.5,goal,0.351,3,0.61
947954,22.5,33.1,53.6,8.2,save,0.15,67,0.61
947954,29.6,30.6,49.6,12.0,goal,0.014,64,0.61
947954,12.2,25.0,51.0,20.3,save,0.034,43,0.61
947954,28.5,40.5,51.9,19.6,save,0.068,13,0.61
947954,11.4,48.2,46.1,5.7,save,0.376,7,0.61
947954,2.6,44.6,53.0,24.7,save,0.968,28,0.61
947954,4.4,46.8,52.9,17.1,goal,0.782,25,0.61
947954,3.5,39.7,52.3,9.5,save,0.471,7,0.61
947954,9.9,54.8,49.6,5.7,save,0.362,83,0.61
947954,6.8,48.4,46.1,10.1,goal,0.975,67,0.61
947954,9.3,43.3,51.5,7.0,save,0.091,67,0.61
947954,12.3,35.2,49.4,1.9,save,0.054,66,0.61
947954,9.5,62.2,51.9,22.2,save,0.158,20,0.61
947954,12.1,38.5,48.0,3.8,save,0.163,13,0.61
947954,13.0,48.9,51.5,10.1,goal,0.051,9,0.61
947954,7.5,34.6,49.4,5.1,save,0.051,89,0.61
947954,9.5,28.7,54.1,26.6,save,0.271,79,0.61
947954,18.9,47.0,53.4,19.6,save,0.254,75,0.61
947954,19.9,28.9,49.0,13.9,save,0.029,50,0.61
947954,15.7,36.0,52.9,5.1,save,0.143,32,0.61
947954,8.7,50.3,49.0,22.8,save,0.067,13,0.61
947954,24.2,69.9,53.0,1.9,save,0.257,12,0.61
947954,22.7,29.9,48.5,20.9,save,0.071,90,0.61
947954,10.3,64.6,48.6,13.9,goal,0.042,90,0.61
947954,10.3,61.2,46.5,3.2,save,0.274,84,0.61
947954,11.5,50.0,47.1,3.2,goal,0.987,66,0.61
947954,24.1,44.3,46.1,18.4,save,0.327,45,0.61
947954,5.7,50.2,49.3,1.3,goal,0.424,22,0.61
947954,5.0,34.4,50.0,4.4,save,0.202,22,0.61
947954,4.7,40.1,51.9,1.9,save,0.213,20,0.61
947954,5.1,49.4,46.0,6.3,goal,0.682,12,0.61
947954,24.1,59.0,54.0,13.3,goal,0.283,37,0.61
947954,11.0,46.5,49.0,18.4,save,0.042,90,0.61
947954,26.5,58.8,51.1,5.1,save,0.041,70,0.61
947954,14.7,31.8,49.0,19.6,save,0.049,58,0.61
947954,7.6,40.4,46.8,25.9,save,0.43,57,0.61
947954,7.7,56.5,47.4,8.9,save,0.102,39,0.61
947954,29.5,33.8,47.0,3.8,save,0.211,16,0.61
947954,4.8,58.3,49.8,17.7,save,0.024,12,0.61
947954,12.7,69.6,47.3,5.7,save,0.092,87,0.61
947954,12.5,25.9,49.0,1.9,save,0.055,24,0.61
947954,9.9,52.5,49.3,12.7,save,0.082,23,0.61
947954,14.9,29.6,51.0,5.1,save,0.032,89,0.61
947954,14.1,44.9,52.6,28.5,goal,0.258,74,0.61
947954,20.4,40.0,52.3,3.2,save,0.117,71,0.61
947954,7.4,45.2,53.9,4.4,goal,0.48,58,0.61
947954,14.0,58.8,50.3,2.5,save,0.036,53,0.61
947954,20.2,26.0,52.3,5.7,save,0.071,90,0.61
947954,18.8,20.2,52.6,5.7,save,0.078,87,0.61
947954,11.5,57.3,54.2,17.7,goal,0.89,90,0.61
947954,15.0,61.2,53.2,11.4,save,0.206,87,0.61
947954,6.4,36.5,52.9,14.6,save,0.111,70,0.61
947954,7.9,64.6,50.5,1.9,goal,0.045,66,0.61
947954,3.3,39.8,52.9,27.2,save,0.425,55,0.61
947954,28.1,42.2,50.3,8.9,save,0.015,45,0.61
947954,15.5,47.0,48.0,5.1,save,0.529,45,0.61
947954,10.6,60.2,48.5,6.3,goal,0.394,21,0.61
947954,13.2,37.9,52.8,5.7,save,0.346,20,0.61
947954,19.1,37.7,46.4,3.8,save,0.367,65,0.61
947954,6.0,29.9,53.4,1.3,goal,0.619,82,0.61
947954,11.5,50.0,51.4,1.3,save,0.959,39,0.61
947954,13.8,29.1,51.0,2.5,save,0.038,35,0.61
947954,8.7,49.3,49.2,7.0,goal,0.067,24,0.61
947954,12.1,65.3,47.3,1.3,save,0.157,7,0.61
947954,3.8,50.1,47.9,17.1,goal,0.556,86,0.61
947954,10.0,61.1,51.0,1.3,goal,0.447,82,0.61
947954,25.7,48.8,54.0,25.3,goal,0.446,80,0.61
947954,22.5,43.9,48.1,25.3,save,0.126,71,0.61
947954,19.9,68.0,47.4,32.9,save,0.3,59,0.61
947954,9.2,55.9,52.9,3.8,goal,0.75,55,0.61
947954,13.5,48.0,45.5,8.2,goal,,35,0.61
947954,23.6,49.7,51.1,1.3,save,0.052,14,0.61
947954,12.4,49.8,52.9,19.0,goal,0.38,8,0.61
947954,11.5,50.0,53.4,23.4,goal,0.992,2,0.61
947954,21.8,33.4,46.5,26.6,goal,0.411,51,0.61
947954,11.7,28.3,53.6,10.8,save,0.102,50,0.61
947954,5.8,65.5,52.9,1.3,save,0.43,40,0.61
947954,7.8,59.9,48.8,13.3,save,0.038,38,0.61
947954,26.9,46.4,46.8,19.6,save,0.213,12,0.61
947954,15.2,42.9,50.8,8.9,save,0.031,90,0.61
947954,7.5,56.7,46.8,17.7,goal,0.268,75,0.61
947954,8.8,59.0,48.8,4.4,save,0.078,41,0.61
947954,22.7,25.3,51.6,3.2,save,0.054,17,0.61
947954,12.3,43.7,53.0,12.7,save,0.126,90,0.61
947954,9.7,49.1,48.2,8.9,goal,0.225,53,0.61
947954,19.9,68.4,46.8,31.0,goal,0.276,45,0.61
947954,19.7,33.6,51.0,18.4,save,0.031,29,0.61
947954,18.1,42.8,50.4,6.3,save,0.023,7,0.61
191210,11.8,59.7,51.7,7.6,save,0.084,89,0.76
191210,7.5,52.4,52.4,2.5,goal,0.677,63,0.76
191210,11.6,59.9,47.1,19.0,save,0.18,62,0.76
191210,19.5,38.9,46.7,19.6,save,0.402,62,0.76
191210,24.7,62.8,53.9,1.9,save,0.401,57,0.76
191210,10.5,37.5,52.6,0.6,save,0.222,45,0.76
191210,26.9,59.3,51.3,15.8,save,0.043,24,0.76
191210,8.9,57.9,53.9,28.5,save,0.625,59,0.76
191210,24.1,36.2,51.9,25.9,goal,0.102,46,0.76
191210,20.5,71.7,50.1,0.6,save,0.024,44,0.76
191210,8.5,46.0,53.2,14.6,goal,0.452,40,0.76
191210,9.1,47.9,46.2,6.3,goal,0.687,26,0.76
191210,6.9,47.8,53.5,8.2,goal,0.894,89,0.76
191210,12.7,63.9,51.6,1.9,save,0.11,89,0.76
191210,19.1,43.3,45.8,3.2,goal,0.457,87,0.76
191210,4.3,58.1,46.0,31.0,save,0.866,66,0.76
191210,2.9,47.2,50.4,29.7,goal,0.53,64,0.76
191210,24.3,60.2,52.3,3.2,save,0.123,59,0.76
191210,17.6,32.4,53.0,2.5,goal,0.145,49,0.76
191210,12.3,39.3,51.2,18.4,save,0.057,40,0.76
191210,4.2,52.2,48.5,6.3,goal,0.264,18,0.76
191210,5.2,61.5,51.2,22.8,save,0.078,86,0.76
191210,11.7,51.7,47.7,5.7,save,0.102,73,0.76
191210,2.9,39.7,54.1,12.7,save,0.65,50,0.76
191210,12.8,22.3,54.2,16.5,save,0.16,50,0.76
191210,22.1,32.9,46.0,12.0,save,0.384,45,0.76
191210,12.2,64.0,49.7,20.9,save,0.032,8,0.76
191210,2.4,50.8,52.2,1.9,goal,,87,0.76
191210,8.9,51.7,48.0,13.9,goal,0.073,48,0.76
191210,11.5,50.0,53.9,20.9,goal,0.994,5,0.76
191210,7.6,53.8,47.8,20.9,save,0.197,90,0.76
191210,10.4,67.1,46.3,23.4,save,0.27,72,0.76
191210,7.4,45.4,52.6,15.8,save,0.181,66,0.76
191210,18.2,55.6,47.1,22.8,save,0.206,64,0.76
191210,21.0,64.4,49.0,19.6,save,0.035,58,0.76
191210,21.5,62.0,54.1,7.6,goal,0.372,50,0.76
191210,11.1,65.4,48.4,5.1,save,0.288,27,0.76
191210,10.9,54.5,51.9,11.4,save,0.188,90,0.76
191210,29.5,59.0,48.7,13.3,save,0.028,88,0.76
191210,8.6,64.6,50.7,13.3,save,0.039,76,0.76
191210,3.9,65.4,48.1,19.0,save,0.048,60,0.76
191210,19.8,49.0,46.7,3.8,save,0.241,42,0.76
191210,10.2,47.1,50.3,13.3,save,0.023,25,0.76
191210,24.0,68.5,51.1,3.2,save,0.05,12,0.76
191210,14.4,47.2,46.6,16.5,goal,0.269,53,0.76
191210,25.0,49.5,47.2,10.1,save,0.122,24,0.76
191210,3.0,44.5,48.5,20.3,goal,0.921,10,0.76
191210,10.2,34.6,50.5,5.7,save,0.098,10,0.76
191210,13.2,46.8,52.7,13.9,goal,0.143,4,0.76
191210,8.8,43.0,54.0,13.3,save,0.205,62,0.76
191210,26.0,41.1,47.6,2.5,save,0.139,39,0.76
191210,26.6,33.8,48.9,7.6,save,0.036,11,0.76
191210,10.4,57.9,49.5,5.1,save,0.026,87,0.76
191210,8.6,53.8,49.0,16.5,save,0.039,15,0.76
191210,9.4,34.8,51.1,3.8,save,0.067,90,0.76
191210,19.0,50.0,53.7,17.7,goal,0.299,65,0.76
191210,17.2,44.4,49.7,12.0,save,0.017,62,0.76
191210,18.1,33.1,46.0,2.5,save,0.52,17,0.76
191210,14.7,56.1,49.4,26.6,save,0.065,89,0.76
191210,24.1,37.8,48.6,10.1,save,0.04,68,0.76
191210,11.5,63.6,47.1,1.9,goal,0.193,90,0.76
191210,18.2,44.4,46.1,26.6,goal,0.494,90,0.76
191210,8.2,70.6,47.7,28.5,save,0.128,75,0.76
191210,13.3,41.3,46.1,15.8,goal,0.435,45,0.76
191210,11.5,50.0,48.4,0.6,goal,0.968,45,0.76
191210,21.8,70.7,48.7,15.8,save,0.033,25,0.76
191210,11.5,50.0,50.2,16.5,goal,0.847,42,0.76
191210,6.6,60.7,53.1,5.7,save,0.319,16,0.76
191210,12.8,68.3,53.4,8.9,save,0.301,13,0.76
191210,17.4,60.1,48.8,3.2,save,0.058,74,0.76
191210,8.6,56.9,53.9,20.9,save,0.479,68,0.76
191210,7.4,66.0,47.7,24.1,goal,0.359,62,0.76
191210,4.2,63.6,51.9,3.2,save,0.167,62,0.76
191210,23.3,31.8,47.4,24.7,save,0.223,45,0.76
191210,18.5,47.5,53.8,7.6,goal,0.28,42,0.76
191210,11.5,50.0,52.9,1.9,goal,0.988,90,0.76
191210,13.3,66.6,46.6,25.3,save,0.24,53,0.76
191210,3.3,66.9,49.3,0.6,goal,0.04,29,0.76
191210,21.1,65.7,50.1,4.4,save,0.022,10,0.76
191210,5.4,68.6,49.5,3.8,goal,0.034,65,0.76
191210,11.5,50.0,53.6,21.5,goal,0.992,24,0.76
191210,25.8,35.9,49.9,27.8,save,0.032,20,0.76
191210,11.3,30.3,50.5,2.5,save,0.029,19,0.76
191210,16.9,47.2,48.1,1.3,save,0.11,73,0.76
191210,20.3,20.3,49.0,24.7,save,0.056,57,0.76
191210,16.4,55.8,52.9,20.3,save,0.22,51,0.76
191210,23.5,74.0,48.7,10.8,save,0.025,41,0.76
191210,26.5,49.1,50.1,6.3,save,0.016,40,0.76
191210,24.3,54.2,51.8,32.9,save,0.168,33,0.76
191210,9.2,30.7,52.3,5.7,save,0.071,71,0.76
191210,13.5,33.6,52.5,5.7,save,0.102,51,0.76
191210,20.1,48.5,53.8,14.6,save,0.227,86,0.76
191210,19.8,51.1,51.9,3.2,save,0.107,76,0.76
191210,11.5,50.0,50.7,20.9,goal,0.921,69,0.76
191210,24.5,32.7,53.3,2.5,save,0.18,40,0.76
191210,9.7,64.2,52.2,1.9,save,0.199,30,0.76
191210,5.0,58.7,53.9,1.3,goal,0.94,90,0.76
191210,8.2,41.3,51.7,1.9,save,0.664,76,0.76
191210,13.2,67.2,50.7,14.6,save,0.033,76,0.76
191210,6.7,45.4,48.9,23.4,goal,0.514,55,0.76
191210,22.0,40.7,49.7,33.5,save,0.055,51,0.76
191210,14.5,41.1,48.7,8.9,goal,0.06,38,0.76
191210,8.1,41.6,51.0,3.2,save,0.069,2,0.76
191210,5.5,42.3,47.2,12.7,save,0.232,75,0.76
191210,27.1,56.5,51.6,4.4,save,0.062,69,0.76
191210,10.1,52.1,53.6,9.5,save,0.797,61,0.76
191210,10.2,54.0,48.4,19.6,save,0.071,31,0.76
191210,20.2,34.3,52.3,4.4,save,0.095,90,0.76
191210,22.9,67.1,52.2,31.0,save,0.223,67,0.76
191210,22.1,75.5,46.1,7.6,goal,0.166,63,0.76
191210,21.6,72.7,48.3,3.8,save,0.055,54,0.76
191210,7.4,53.2,53.3,14.6,goal,0.298,42,0.76
191210,10.1,57.3,46.8,17.1,save,0.185,41,0.76
191210,9.9,58.3,46.4,6.3,save,0.651,6,0.76
191210,11.9,59.3,53.2,9.5,goal,0.29,70,0.76
191210,2.3,46.2,52.5,30.4,goal,0.943,66,0.76
191210,8.0,42.8,52.3,5.1,save,0.508,39,0.76
191210,24.2,47.2,50.6,2.5,save,0.031,23,0.76
191210,27.7,39.8,52.4,12.7,save,0.064,23,0.76
191210,2.6,52.7,48.6,19.6,save,0.86,90,0.76
191210,9.2,53.7,53.0,3.2,save,0.338,86,0.76
191210,14.5,40.8,53.1,8.9,save,0.145,62,0.76
191210,22.5,31.0,52.3,20.3,save,0.087,32,0.76
191210,23.5,95.3,52.3,18.4,goal,0.14,82,0.76
191210,12.7,38.0,51.9,21.5,save,0.426,42,0.76
191210,7.0,31.9,50.4,27.2,save,0.036,14,0.76
191210,3.3,44.5,52.7,1.3,save,0.937,90,0.76
191210,20.1,62.7,52.6,1.9,save,0.217,90,0.76
191210,19.5,28.9,48.4,29.7,save,0.138,86,0.76
191210,10.0,34.7,50.6,3.2,save,0.035,90,0.76
191210,23.8,48.9,45.7,15.8,goal,0.429,63,0.76
191210,3.0,67.0,48.0,1.3,save,0.071,58,0.76
191210,9.8,64.8,49.1,27.8,goal,0.067,50,0.76
191210,8.6,40.6,53.3,14.6,save,0.127,70,0.76
191210,11.5,50.0,46.6,2.5,goal,0.991,62,0.76
191210,30.1,49.7,50.9,32.9,save,0.079,90,0.76
191210,11.1,41.9,51.0,15.2,save,0.04,88,0.76
191210,21.4,50.3,49.4,2.5,save,0.032,70,0.76
191210,14.4,55.1,45.8,23.4,save,0.404,61,0.76
191210,28.3,54.0,49.3,3.8,save,0.031,40,0.76
191210,6.1,67.0,47.5,28.5,goal,0.148,29,0.76
191210,19.2,73.4,51.0,8.2,save,0.036,76,0.76
191210,19.0,57.1,50.7,1.9,save,0.046,45,0.76
191210,21.2,40.4,49.9,9.5,save,0.014,35,0.76
191210,16.2,18.4,49.8,10.8,save,0.013,16,0.76
191210,23.3,67.2,54.3,7.0,save,0.448,76,0.76
191210,20.1,31.3,51.7,17.7,goal,0.055,90,0.76
191210,13.8,36.3,49.1,15.2,save,0.033,69,0.76
191210,9.1,49.3,52.6,5.7,goal,0.911,90,0.76
191210,11.5,50.0,50.7,14.6,goal,0.884,79,0.76
191210,13.1,59.9,46.6,5.1,goal,0.227,69,0.76
191210,23.1,40.2,52.6,13.3,save,0.076,66,0.76
191210,13.0,49.7,49.6,3.8,save,0.034,51,0.76
191210,12.8,28.5,45.6,31.0,goal,0.783,38,0.76
191210,7.1,53.0,53.6,13.9,goal,0.908,5,0.76
191210,13.4,50.6,47.9,2.5,save,0.142,56,0.76
191210,8.8,52.0,51.5,24.1,save,0.397,20,0.76
191210,23.1,72.3,50.7,1.9,save,0.039,90,0.76
191210,4.9,67.3,49.4,1.3,save,0.037,90,0.76
191210,9.0,52.4,49.1,2.5,save,0.082,61,0.76
191210,7.9,68.5,48.1,22.8,save,0.091,61,0.76
191210,12.0,32.0,50.6,15.8,save,0.023,34,0.76
191210,11.1,45.8,53.9,14.6,goal,0.282,36,0.76
356160,10.8,25.8,49.5,22.8,save,0.036,88,0.95
356160,21.8,52.3,48.0,10.8,save,0.058,75,0.95
356160,3.5,44.2,51.7,13.3,goal,0.745,67,0.95
356160,19.5,45.2,46.1,7.0,save,0.324,46,0.95
356160,9.9,55.0,49.7,32.9,save,0.182,24,0.95
356160,26.8,48.9,51.3,2.5,save,0.052,90,0.95
356160,12.9,53.0,48.3,10.8,save,0.075,87,0.95
356160,11.5,50.0,46.1,1.9,goal,0.995,55,0.95
356160,3.3,63.0,48.2,1.9,save,0.098,50,0.95
356160,9.5,57.5,53.6,12.0,save,0.277,90,0.95
356160,11.5,50.0,46.1,3.2,goal,0.994,71,0.95
356160,12.6,59.9,47.4,4.4,save,0.122,60,0.95
356160,4.9,48.7,53.6,3.8,goal,0.978,43,0.95
356160,12.2,52.3,50.3,3.2,save,0.232,43,0.95
356160,18.5,44.6,45.7,20.3,goal,0.466,26,0.95
356160,23.1,62.7,53.9,3.2,save,0.405,16,0.95
356160,22.3,55.2,48.7,2.5,save,0.064,58,0.95
356160,4.2,58.8,46.8,2.5,save,0.269,40,0.95
356160,19.0,40.4,51.0,0.6,save,0.05,38,0.95
356160,14.3,46.5,49.6,10.1,save,0.021,83,0.95
356160,22.3,47.6,46.9,10.8,save,0.138,69,0.95
356160,11.5,50.0,54.3,27.2,goal,0.997,60,0.95
356160,10.8,34.6,48.1,5.7,goal,0.127,56,0.95
356160,26.5,30.3,47.9,6.3,save,0.094,43,0.95
356160,29.0,37.4,49.3,24.7,save,0.043,60,0.95
356160,14.4,45.5,52.9,24.7,save,0.199,50,0.95
356160,18.3,63.4,45.7,3.2,save,0.319,3,0.95
356160,8.5,40.5,48.2,3.8,goal,0.59,90,0.95
356160,13.9,31.4,46.2,16.5,goal,0.481,74,0.95
356160,21.4,31.8,45.8,24.1,goal,0.567,6,0.95
356160,15.1,28.2,46.4,4.4,save,0.428,75,0.95
356160,23.1,57.7,52.3,12.7,save,0.074,62,0.95
356160,2.7,44.7,51.2,2.5,save,0.782,31,0.95
356160,21.8,62.7,53.6,25.9,save,0.412,90,0.95
356160,27.2,53.8,50.1,19.0,save,0.018,76,0.95
356160,9.1,46.2,53.1,24.1,save,0.254,63,0.95
356160,27.4,46.6,52.9,18.4,save,0.145,86,0.95
356160,26.9,25.0,51.0,5.1,save,0.031,82,0.95
356160,9.5,44.8,47.7,20.9,save,0.168,77,0.95
356160,2.9,65.1,45.8,17.7,save,0.172,77,0.95
356160,5.2,42.9,53.1,3.2,goal,0.685,61,0.95
356160,23.1,59.3,48.5,3.8,save,0.055,51,0.95
356160,11.0,48.5,46.8,15.2,save,0.202,43,0.95
356160,9.3,61.5,48.5,14.6,save,0.181,14,0.95
356160,19.8,52.8,48.7,3.2,save,0.057,54,0.95
356160,23.4,50.9,54.1,24.7,save,0.47,85,0.95
356160,29.4,58.7,51.2,16.5,save,0.036,58,0.95
356160,18.8,24.2,52.0,23.4,save,0.079,51,0.95
356160,18.9,50.2,50.4,16.5,save,0.021,60,0.95
356160,20.6,55.2,45.5,3.8,goal,0.433,56,0.95
356160,11.9,60.5,51.6,2.5,goal,0.116,51,0.95
356160,21.2,41.9,53.5,4.4,save,0.211,20,0.95
356160,4.6,33.8,47.5,11.4,goal,0.42,69,0.95
356160,27.8,59.1,54.1,3.8,goal,0.389,57,0.95
356160,11.5,50.0,46.6,9.5,goal,0.986,42,0.95
356160,25.4,46.3,53.6,24.1,save,0.378,85,0.95
356160,16.0,68.6,54.2,22.8,goal,0.593,77,0.95
356160,9.4,53.9,53.8,29.7,save,0.671,69,0.95
356160,9.0,54.6,50.8,32.3,save,0.104,68,0.95
356160,24.9,53.7,50.1,13.3,save,0.012,66,0.95
356160,9.0,63.4,51.3,5.7,save,0.244,63,0.95
356160,11.1,54.2,53.1,15.2,save,0.187,58,0.95
356160,14.3,63.6,47.7,16.5,save,0.138,43,0.95
356160,9.2,36.4,51.0,1.9,save,0.055,36,0.95
356160,12.5,35.2,54.4,0.6,save,0.34,81,0.95
356160,9.0,27.6,53.9,24.1,save,0.205,81,0.95
356160,6.1,30.7,53.7,17.1,save,0.126,70,0.95
356160,27.7,30.9,45.9,16.5,save,0.415,45,0.95
356160,10.8,38.9,54.3,19.6,goal,0.5,5,0.95
356160,7.3,47.2,54.3,14.6,goal,0.391,83,0.95
356160,31.4,40.1,51.1,27.8,save,0.064,71,0.95
356160,6.9,32.5,52.2,5.1,save,0.234,43,0.95
356160,7.3,47.1,51.3,5.1,save,0.14,80,0.95
356160,7.6,57.7,49.9,8.9,save,0.216,25,0.95
356160,8.3,58.9,52.3,13.3,save,0.111,11,0.95
356160,27.6,49.3,46.2,3.8,save,0.348,86,0.95
356160,18.5,40.1,49.6,10.1,save,0.018,75,0.95
356160,8.8,55.4,51.0,18.4,save,0.052,65,0.95
356160,6.2,54.6,54.2,32.3,save,0.809,63,0.95
356160,27.4,54.0,51.4,27.8,save,0.09,22,0.95
356160,7.4,33.8,52.1,5.7,save,0.07,5,0.95
356160,7.1,74.8,48.5,2.5,save,0.05,76,0.95
356160,24.4,48.7,48.2,1.9,save,0.086,55,0.95
356160,14.6,52.9,52.0,4.4,save,0.367,51,0.95
356160,22.9,59.1,49.7,33.5,save,0.057,43,0.95
356160,8.2,48.7,49.7,11.4,save,0.118,23,0.95
356160,23.5,64.2,48.2,9.5,save,0.044,35,0.95
356160,3.5,42.7,51.6,19.6,save,0.068,9,0.95
356160,18.4,26.0,51.8,20.9,save,0.066,90,0.95
356160,7.6,56.2,46.5,7.0,goal,0.654,81,0.95
356160,9.9,71.8,46.3,7.6,save,0.128,45,0.95
356160,18.8,70.7,49.9,29.1,save,0.035,13,0.95
356160,10.7,63.3,49.6,5.7,save,0.026,90,0.95
356160,17.6,53.8,47.1,5.1,goal,0.553,65,0.95
356160,12.2,66.3,52.6,5.1,save,0.211,56,0.95
356160,7.1,54.0,50.2,22.8,save,0.168,43,0.95
356160,28.1,64.9,50.0,25.9,save,0.026,41,0.95
356160,12.0,39.4,52.2,6.3,goal,0.107,90,0.95
356160,13.7,27.0,52.6,3.8,goal,0.21,56,0.95
356160,6.7,33.8,52.6,1.3,save,0.138,90,0.95
356160,17.8,52.1,52.8,13.9,save,0.139,80,0.95
356160,15.3,33.9,49.6,12.0,save,0.019,29,0.95
356160,24.3,61.1,51.8,0.6,save,0.101,24,0.95
356160,11.5,50.0,54.2,2.5,goal,0.995,90,0.95
356160,2.2,51.6,47.6,19.6,goal,0.927,67,0.95
356160,13.6,54.0,54.1,5.7,goal,0.451,59,0.95
356160,22.4,33.9,47.0,3.8,save,0.255,18,0.95
356160,27.5,39.5,51.0,10.1,save,0.025,72,0.95
356160,3.3,33.2,47.7,29.1,save,0.4,48,0.95
356160,13.7,69.6,52.3,15.2,save,0.126,40,0.95
356160,9.0,64.4,47.2,15.8,save,0.095,32,0.95
356160,12.0,35.6,49.2,3.8,save,0.045,30,0.95
356160,18.7,53.4,52.6,23.4,save,0.201,11,0.95
356160,14.2,42.6,51.0,4.4,save,0.054,66,0.95
356160,15.2,41.7,53.8,29.1,goal,0.432,18,0.95
356160,7.0,37.0,46.6,0.6,goal,0.887,75,0.95
356160,8.0,53.6,51.8,8.2,goal,0.112,56,0.95
356160,22.3,31.5,50.6,13.9,save,0.018,42,0.95
356160,29.1,57.3,50.0,20.3,save,0.018,88,0.95
356160,9.0,51.8,50.9,20.9,save,0.067,76,0.95
356160,13.0,38.2,50.1,7.0,save,0.024,87,0.95
356160,9.0,50.7,50.3,25.9,save,0.162,61,0.95
356160,19.4,41.4,50.4,21.5,save,0.028,40,0.95
356160,18.2,65.1,50.0,6.3,save,0.016,90,0.95
356160,14.7,83.3,45.9,8.2,save,0.134,40,0.95
356160,8.5,52.4,51.3,19.6,save,0.1,83,0.95
356160,14.6,71.3,52.6,1.9,save,0.221,50,0.95
356160,15.6,27.8,46.2,16.5,save,0.391,10,0.95
356160,18.7,71.7,50.1,24.1,save,0.026,1,0.95
356160,4.6,43.0,52.1,17.1,save,0.084,88,0.95
356160,10.8,55.3,49.6,1.3,goal,0.043,68,0.95
356160,19.4,27.0,49.8,2.5,save,0.023,64,0.95
356160,11.5,57.8,47.1,10.8,save,0.128,65,0.95
356160,9.1,26.6,47.5,29.7,save,0.348,15,0.95
356160,17.8,34.5,50.6,25.9,save,0.041,90,0.95
356160,11.5,50.0,54.2,18.4,goal,0.995,65,0.95
356160,13.6,68.2,51.0,2.5,save,0.063,56,0.95
356160,4.4,33.8,51.8,10.1,goal,0.197,45,0.95
356160,11.5,50.0,45.7,19.6,goal,0.995,43,0.95
356160,4.4,46.4,52.6,1.9,goal,0.96,33,0.95
356160,20.4,18.0,51.4,9.5,save,0.028,5,0.95
16206,20.7,51.7,53.1,1.3,goal,0.237,32,0.89
16206,20.7,27.6,49.1,0.6,save,0.056,14,0.89
16206,11.7,63.0,49.9,2.5,save,0.166,14,0.89
16206,5.2,60.3,47.6,30.4,save,0.184,87,0.89
16206,10.9,28.9,50.5,1.9,save,0.036,79,0.89
16206,26.2,61.7,46.3,3.2,save,0.24,77,0.89
16206,3.0,39.7,49.2,15.2,save,0.072,73,0.89
16206,18.8,34.6,53.6,0.6,save,0.232,40,0.89
16206,15.4,43.4,45.8,1.9,goal,0.549,37,0.89
16206,9.5,44.0,46.1,0.6,goal,0.988,16,0.89
16206,6.0,43.4,53.6,14.6,save,0.458,13,0.89
16206,4.1,53.6,49.6,2.5,save,0.827,83,0.89
16206,2.6,52.2,46.9,8.2,goal,0.859,80,0.89
16206,5.2,49.3,49.8,18.4,save,0.076,80,0.89
16206,14.5,26.7,51.6,2.5,save,0.056,51,0.89
16206,8.9,60.9,46.2,15.8,save,0.192,40,0.89
16206,11.0,37.6,51.3,1.9,save,0.388,29,0.89
16206,18.7,34.2,50.6,9.5,save,0.02,73,0.89
16206,14.9,39.2,51.3,17.1,save,0.048,15,0.89
16206,25.0,43.3,51.9,6.3,save,0.069,6,0.89
16206,10.5,37.8,52.3,24.1,goal,0.159,20,0.89
16206,18.7,64.4,45.8,3.2,save,0.3,16,0.89
16206,18.5,46.4,53.8,8.9,save,0.228,86,0.89
16206,5.7,45.4,49.4,20.9,save,0.28,76,0.89
16206,11.1,56.7,47.4,4.4,save,0.161,51,0.89
16206,24.4,41.3,47.2,13.3,save,0.132,49,0.89
16206,22.8,72.0,54.1,23.4,save,0.527,25,0.89
16206,29.7,66.7,48.7,17.7,save,0.036,8,0.89
16206,19.7,65.6,50.6,18.4,save,0.028,40,0.89
16206,27.2,59.9,49.8,31.6,save,0.043,27,0.89
16206,13.9,72.6,46.4,24.1,save,0.203,22,0.89
16206,15.6,72.9,54.2,1.9,goal,0.602,40,0.89
16206,10.6,49.3,50.0,20.3,save,0.144,90,0.89
16206,11.1,43.4,47.3,6.3,goal,0.613,83,0.89
16206,15.8,46.4,51.9,3.2,goal,0.096,64,0.89
16206,21.8,38.6,45.6,2.5,save,0.52,56,0.89
16206,14.8,50.6,48.2,3.8,save,0.318,26,0.89
16206,14.8,64.9,48.7,18.4,save,0.052,17,0.89
16206,17.9,36.6,45.6,3.8,goal,0.541,54,0.89
16206,4.6,44.0,49.0,13.3,save,0.244,25,0.89
16206,13.6,43.8,51.7,2.5,save,0.086,78,0.89
16206,26.6,28.6,48.1,21.5,save,0.106,34,0.89
16206,17.8,56.3,47.8,1.3,save,0.116,19,0.89
16206,3.2,46.4,52.8,8.9,goal,0.503,81,0.89
16206,10.7,54.6,45.6,19.0,save,0.374,81,0.89
16206,21.3,23.4,48.6,31.6,save,0.134,56,0.89
16206,12.3,55.8,51.3,17.7,save,0.052,86,0.89
16206,10.1,58.7,48.1,15.2,save,0.07,71,0.89
16206,12.2,71.5,48.0,16.5,save,0.052,10,0.89
16206,11.5,50.0,52.3,1.3,save,0.979,77,0.89
16206,13.6,50.1,50.4,0.6,save,0.042,69,0.89
16206,9.7,51.1,48.2,31.0,save,0.727,34,0.89
16206,28.4,54.8,54.3,8.2,save,0.339,29,0.89
16206,18.2,39.9,50.7,3.8,save,0.047,72,0.89
16206,11.7,32.8,46.7,9.5,goal,0.36,44,0.89
16206,9.6,45.6,46.5,3.2,goal,0.415,28,0.89
16206,10.1,26.8,47.4,29.7,save,0.378,1,0.89
16206,10.1,48.5,47.3,10.1,save,0.132,69,0.89
16206,2.4,65.6,46.3,0.6,save,0.225,54,0.89
16206,9.1,45.0,53.8,5.7,goal,0.266,45,0.89
16206,8.2,46.3,51.1,17.1,save,0.046,45,0.89
16206,4.9,57.9,48.6,0.6,goal,0.141,74,0.89
16206,6.8,47.3,50.6,3.2,save,0.05,26,0.89
16206,3.9,64.2,48.1,1.9,save,0.19,3,0.89
16206,26.3,27.0,53.8,9.5,save,0.147,75,0.89
16206,11.5,50.0,52.9,1.9,goal,0.987,69,0.89
16206,23.2,51.3,50.4,19.0,save,0.027,68,0.89
16206,12.9,39.8,54.2,17.1,save,0.3,90,0.89
16206,8.7,56.7,46.6,5.7,save,0.862,48,0.89
16206,4.2,54.8,49.0,18.4,save,0.562,23,0.89
16206,16.9,64.2,52.7,20.3,save,0.198,17,0.89
16206,27.2,38.3,54.5,12.7,save,0.245,72,0.89
16206,10.0,46.1,51.4,7.6,save,0.05,70,0.89
16206,28.4,43.9,54.0,0.6,save,0.349,58,0.89
16206,21.6,27.0,50.1,14.6,save,0.012,10,0.89
16206,14.8,75.6,45.9,10.1,save,0.139,9,0.89
16206,11.4,28.4,52.4,17.1,save,0.073,73,0.89
16206,28.5,30.2,48.0,22.2,save,0.114,64,0.89
16206,19.9,35.8,49.5,15.8,save,0.022,17,0.89
16206,13.8,46.8,45.9,3.2,goal,0.805,27,0.89
16206,24.4,44.7,51.1,3.8,save,0.042,89,0.89
16206,6.7,33.0,48.4,5.7,save,0.524,58,0.89
16206,5.0,32.2,47.9,5.1,save,0.171,19,0.89
16206,27.5,45.0,46.1,27.2,save,0.455,3,0.89
16206,7.5,47.5,52.9,18.4,save,0.2,43,0.89
16206,11.4,70.2,53.5,22.8,save,0.459,35,0.89
16206,25.6,65.1,50.9,13.9,save,0.025,33,0.89
16206,9.5,52.8,53.1,12.7,save,0.4,66,0.89
16206,18.2,50.1,49.1,1.3,save,0.048,81,0.89
16206,24.9,62.5,52.6,2.5,save,0.174,74,0.89
16206,7.4,51.8,49.4,4.4,goal,0.404,61,0.89
16206,12.1,55.9,50.5,13.9,save,0.023,45,0.89
16206,14.8,41.5,48.0,27.2,save,0.213,89,0.89
16206,21.4,70.9,53.7,13.3,goal,0.282,63,0.89
16206,10.0,69.0,46.5,7.6,goal,0.132,54,0.89
16206,28.1,58.8,53.1,8.2,save,0.163,45,0.89
16206,14.0,70.7,50.4,30.4,save,0.062,39,0.89
16206,9.8,61.4,50.2,24.1,save,0.03,9,0.89
16206,24.5,55.0,50.0,5.7,save,0.016,82,0.89
16206,32.0,54.2,47.1,3.8,save,0.149,47,0.89
16206,13.8,43.1,50.6,3.2,save,0.041,29,0.89
16206,17.9,43.3,52.6,1.3,goal,0.156,52,0.89
16206,9.8,42.8,54.3,10.8,save,0.368,22,0.89
16206,11.5,50.0,46.1,3.2,goal,0.994,19,0.89
16206,3.7,44.7,49.5,13.9,save,0.038,64,0.89
16206,13.2,32.5,51.9,8.2,save,0.061,63,0.89
16206,9.4,40.6,49.0,5.7,goal,0.377,57,0.89
16206,12.4,61.2,50.3,13.3,save,0.016,13,0.89
16206,27.3,49.9,46.3,23.4,save,0.384,66,0.89
16206,12.4,47.6,48.6,24.1,save,0.082,81,0.89
16206,21.4,31.0,53.2,3.8,save,0.141,22,0.89
16206,6.3,58.5,47.3,2.5,save,0.712,90,0.89
16206,23.5,35.9,47.4,24.7,save,0.196,45,0.89
136856,11.9,45.4,51.4,12.0,save,0.364,36,0.87
136856,4.6,44.8,53.7,13.3,goal,0.67,9,0.87
136856,10.5,70.3,46.5,9.5,save,0.107,75,0.87
136856,24.3,38.3,53.9,26.6,goal,0.433,57,0.87
136856,8.3,50.8,53.6,10.1,goal,0.287,8,0.87
136856,20.1,22.7,45.9,12.0,goal,0.372,85,0.87
136856,8.2,48.7,46.7,9.5,goal,0.66,64,0.87
136856,12.8,60.9,48.4,8.2,save,0.053,60,0.87
136856,17.5,37.2,51.8,3.8,save,0.3,33,0.87
136856,7.9,52.8,52.3,22.8,save,0.217,29,0.87
136856,13.2,44.5,53.1,30.4,save,0.363,28,0.87
136856,7.3,47.4,53.4,31.0,save,0.818,90,0.87
136856,21.4,34.6,54.1,1.3,goal,0.301,32,0.87
136856,12.2,54.0,50.3,10.8,goal,0.233,12,0.87
136856,13.0,57.5,49.5,2.5,save,0.036,38,0.87
136856,8.8,33.3,50.4,22.8,goal,0.035,57,0.87
136856,22.7,55.7,52.0,1.9,save,0.11,33,0.87
136856,13.0,46.8,49.8,31.0,goal,0.075,59,0.87
136856,12.0,55.2,47.4,19.6,save,0.168,37,0.87
136856,19.5,64.1,48.4,5.1,save,0.063,27,0.87
136856,11.5,50.0,52.9,22.8,goal,0.988,13,0.87
136856,11.6,27.8,52.2,13.9,save,0.047,90,0.87
136856,18.5,32.9,47.2,18.4,save,0.192,61,0.87
136856,8.4,54.7,50.4,1.3,goal,0.759,53,0.87
136856,3.5,48.1,48.8,5.1,goal,0.915,47,0.87
136856,8.6,65.4,47.7,4.4,save,0.083,43,0.87
136856,14.5,32.9,54.1,6.3,save,0.212,33,0.87
136856,3.0,35.4,51.3,3.2,save,0.046,32,0.87
136856,9.4,56.2,52.9,13.9,save,0.183,17,0.87
136856,4.8,56.9,48.8,32.3,save,0.425,16,0.87
136856,9.5,54.2,48.1,13.9,save,0.368,8,0.87
136856,14.4,31.7,51.6,1.9,save,0.075,49,0.87
136856,1.6,47.8,52.9,6.3,goal,0.982,21,0.87
136856,11.5,50.0,53.9,1.3,goal,0.994,42,0.87
136856,17.8,46.4,50.9,1.9,save,0.224,40,0.87
136856,11.4,55.8,50.3,31.0,save,0.052,22,0.87
136856,12.8,73.0,46.2,2.5,save,0.238,52,0.87
136856,15.3,44.5,45.8,3.8,save,0.492,18,0.87
136856,8.2,59.7,52.6,28.5,goal,0.404,90,0.87
136856,25.6,57.9,49.6,7.0,save,0.02,90,0.87
136856,8.5,49.3,54.0,22.8,goal,0.85,58,0.87
136856,14.3,48.4,53.0,5.7,save,0.238,50,0.87
136856,13.4,67.5,47.4,3.8,save,0.1,4,0.87
136856,7.9,48.3,49.8,3.2,save,0.142,71,0.87
136856,19.5,33.0,49.4,26.6,goal,0.077,66,0.87
136856,6.9,65.6,47.7,3.8,save,0.304,56,0.87
136856,7.4,53.0,52.3,7.6,goal,0.567,90,0.87
136856,8.0,68.7,47.4,18.4,save,0.111,65,0.87
136856,3.3,41.2,52.9,13.9,save,0.218,56,0.87
136856,8.7,67.7,47.5,9.5,save,0.274,51,0.87
136856,16.6,76.7,48.0,3.2,save,0.065,47,0.87
136856,21.2,46.1,51.4,20.3,save,0.056,25,0.87
136856,9.5,61.7,54.0,3.2,goal,0.575,12,0.87
136856,7.3,28.8,51.2,1.3,save,0.049,78,0.87
136856,28.6,55.0,51.9,25.9,save,0.114,64,0.87
136856,11.5,50.0,52.9,25.9,goal,0.99,56,0.87
136856,13.3,62.2,50.2,8.9,save,0.026,48,0.87
136856,12.0,54.5,45.6,8.2,goal,0.756,45,0.87
136856,12.5,64.6,50.7,2.5,save,0.06,54,0.87
136856,15.6,48.8,47.9,1.9,save,0.153,33,0.87
136856,3.2,37.6,51.7,31.0,goal,0.11,14,0.87
136856,12.1,68.4,47.5,31.0,save,0.176,9,0.87
136856,9.4,36.7,46.0,25.9,goal,0.713,90,0.87
136856,13.0,46.6,53.0,3.2,save,0.273,90,0.87
136856,7.3,54.5,53.9,13.9,goal,0.528,90,0.87
136856,11.4,40.6,51.1,18.4,save,0.042,72,0.87
136856,11.5,41.5,47.8,12.7,save,0.37,63,0.87
136856,11.5,55.8,54.5,15.8,save,0.459,45,0.87
136856,19.4,33.6,52.1,14.6,goal,0.083,17,0.87
136856,7.5,50.0,52.0,19.0,save,0.536,11,0.87
136856,13.1,49.6,53.0,10.1,save,0.162,37,0.87
136856,11.0,50.5,47.1,27.2,save,0.314,25,0.87
136856,8.5,47.8,50.2,18.4,save,0.026,1,0.87
136856,10.3,45.7,48.5,8.2,goal,0.456,9,0.87
136856,12.8,45.2,46.4,3.2,goal,0.697,73,0.87
136856,25.6,60.5,46.3,19.0,save,0.274,64,0.87
136856,27.9,60.5,45.8,14.6,save,0.272,37,0.87
136856,4.2,33.8,52.5,8.2,save,0.08,29,0.87
136856,19.3,45.5,47.7,16.5,save,0.097,23,0.87
136856,13.0,37.0,46.7,5.7,goal,0.37,10,0.87
136856,7.0,50.8,51.0,12.7,goal,0.199,5,0.87
136856,3.9,64.1,50.2,32.9,save,0.077,69,0.87
136856,22.9,42.1,48.1,4.4,save,0.084,52,0.87
136856,4.6,43.6,50.6,20.9,save,0.065,49,0.87
136856,9.4,51.5,51.3,10.8,save,0.432,31,0.87
136856,8.3,49.1,53.9,14.6,save,0.886,8,0.87
136856,5.1,59.7,48.1,3.8,save,0.185,3,0.87
136856,11.5,50.0,47.3,5.7,save,0.981,3,0.87
136856,22.7,44.8,46.9,33.5,save,0.51,45,0.87
136856,10.7,60.9,47.1,3.2,save,0.156,31,0.87
136856,14.3,37.1,53.7,5.7,save,0.208,89,0.87
136856,3.5,33.4,53.7,1.9,save,0.153,75,0.87
136856,10.1,55.3,51.4,5.7,save,0.404,41,0.87
136856,11.5,50.0,49.0,2.5,goal,0.94,33,0.87
136856,10.5,47.8,48.0,2.5,save,0.812,75,0.87
136856,10.5,45.5,50.0,7.0,save,0.057,49,0.87
136856,11.5,50.0,52.3,10.1,goal,0.963,45,0.87
136856,8.8,55.7,46.3,19.6,save,0.264,44,0.87
136856,6.9,69.1,48.4,2.5,save,0.057,30,0.87
136856,19.2,52.1,49.9,27.2,save,0.034,23,0.87
136856,10.9,28.5,53.6,27.2,save,0.234,80,0.87
136856,6.9,50.2,52.1,3.8,goal,0.704,81,0.87
136856,8.4,33.2,48.8,29.7,save,0.35,30,0.87
136856,6.2,51.0,48.9,7.6,goal,0.598,21,0.87
136856,7.4,57.3,47.8,1.9,save,0.153,65,0.87
136856,7.0,46.6,50.9,22.2,save,0.618,58,0.87
136856,27.2,32.0,49.9,1.9,save,0.022,47,0.87
136856,9.7,46.2,54.2,17.1,save,0.585,90,0.87
136856,12.0,41.2,52.3,2.5,save,0.391,51,0.87
136856,8.2,44.1,53.4,4.4,goal,0.26,10,0.87
136856,21.7,67.6,52.0,25.3,save,0.148,68,0.87
136856,9.0,52.8,49.4,32.3,save,0.084,33,0.87
136856,13.4,67.7,51.6,13.3,save,0.062,55,0.87
136856,8.8,59.8,50.5,17.7,save,0.028,27,0.87
136856,8.1,26.6,48.8,3.2,save,0.069,23,0.87
136856,12.5,47.1,49.5,32.9,save,0.072,85,0.87
136856,11.5,32.8,46.8,1.3,save,0.815,59,0.87
136856,14.7,52.4,48.4,20.3,save,0.079,28,0.87
136856,20.8,56.9,48.6,6.3,save,0.046,83,0.87
136856,7.1,60.6,51.9,27.8,goal,0.239,73,0.87
136856,11.5,50.0,47.3,9.5,goal,0.975,58,0.87
136856,8.6,35.9,51.6,10.8,save,0.049,56,0.87
136856,14.4,54.6,48.3,10.1,goal,0.108,53,0.87
136856,3.7,54.3,47.4,11.4,save,0.661,53,0.87
136856,24.0,36.8,49.3,21.5,save,0.05,41,0.87
136856,20.5,24.1,49.2,11.4,save,0.023,34,0.87
136856,6.0,52.6,49.0,20.3,goal,0.353,24,0.87
136856,11.9,47.4,49.6,14.6,save,0.021,11,0.87
136856,24.0,59.2,51.5,13.9,save,0.042,3,0.87
136856,7.3,51.5,47.3,25.9,save,0.311,90,0.87
136856,11.7,37.9,53.7,11.4,goal,0.162,53,0.87
136856,18.1,52.2,46.8,6.3,goal,0.214,20,0.87
136856,10.6,66.3,48.4,25.9,save,0.085,11,0.87
136856,8.7,45.0,46.8,8.2,save,0.244,78,0.87
136856,5.7,65.1,49.0,12.0,save,0.024,76,0.87
136856,12.8,64.9,47.9,15.8,save,0.061,71,0.87
136856,14.4,35.7,51.6,2.5,save,0.078,45,0.87
136856,8.4,51.5,51.3,1.3,save,0.686,21,0.87
136856,8.0,38.9,51.3,10.8,save,0.029,9,0.87
136856,22.4,68.0,52.9,28.5,save,0.335,3,0.87
136856,8.0,35.1,53.0,3.2,save,0.437,1,0.87
136856,9.8,50.2,47.1,13.9,save,0.151,84,0.87
136856,8.4,48.8,48.7,7.0,goal,0.109,58,0.87
136856,7.4,50.3,50.7,19.0,goal,0.215,76,0.87
136856,17.5,33.2,46.1,24.7,goal,0.512,49,0.87
865646,12.9,34.1,51.6,0.6,save,0.096,83,0.71
865646,11.4,38.1,49.4,25.3,save,0.054,82,0.71
865646,18.9,53.3,53.5,20.3,save,0.31,77,0.71
865646,14.2,57.8,50.5,30.4,save,0.084,74,0.71
865646,11.5,50.0,54.0,3.2,goal,0.994,66,0.71
865646,26.8,30.9,50.4,10.1,save,0.015,55,0.71
865646,22.8,60.0,54.3,3.2,save,0.575,86,0.71
865646,9.8,34.6,51.7,7.0,save,0.277,9,0.71
865646,10.1,60.5,49.6,24.7,save,0.043,9,0.71
865646,4.4,47.6,51.5,19.0,save,0.751,90,0.71
865646,21.9,50.1,51.0,31.0,save,0.084,72,0.71
865646,3.9,48.6,52.7,2.5,goal,0.873,45,0.71
865646,13.9,56.1,46.5,17.1,goal,0.204,19,0.71
865646,10.1,42.1,48.4,1.3,goal,0.249,6,0.71
865646,25.4,41.9,46.3,7.6,goal,0.263,89,0.71
865646,26.2,51.7,46.3,5.1,save,0.256,36,0.71
865646,26.5,64.4,50.6,5.1,save,0.032,80,0.71
865646,13.9,29.2,49.7,2.5,save,0.028,69,0.71
865646,25.2,64.4,53.9,17.1,save,0.342,47,0.71
865646,10.9,62.9,53.5,5.1,goal,0.389,18,0.71
865646,8.3,54.0,53.6,10.8,goal,0.279,88,0.71
865646,18.7,77.1,51.6,19.0,save,0.073,85,0.71
865646,10.3,39.9,51.6,23.4,goal,0.389,42,0.71
865646,20.7,31.5,52.4,5.7,save,0.081,90,0.71
865646,3.3,49.8,47.4,12.7,goal,0.96,60,0.71
865646,18.5,49.3,53.9,3.2,goal,0.351,56,0.71
865646,17.9,29.3,52.4,15.2,save,0.064,50,0.71
865646,7.1,48.8,46.5,25.9,save,0.516,40,0.71
865646,11.3,71.3,52.9,3.8,save,0.315,86,0.71
865646,20.8,60.1,51.9,4.4,goal,0.089,61,0.71
865646,11.5,50.0,47.1,3.8,goal,0.986,57,0.71
865646,5.6,49.9,50.4,12.0,save,0.05,54,0.71
865646,28.0,67.5,53.8,14.6,save,0.276,32,0.71
865646,26.6,66.0,48.3,8.9,save,0.043,20,0.71
865646,13.9,51.4,51.6,3.2,goal,0.108,70,0.71
865646,9.3,42.5,51.3,1.3,goal,0.498,66,0.71
865646,8.5,54.6,51.6,27.2,save,0.155,53,0.71
865646,14.9,26.5,52.0,3.2,save,0.067,23,0.71
865646,4.7,41.5,50.3,17.7,save,0.092,13,0.71
865646,13.8,43.8,53.3,19.6,save,0.264,81,0.71
865646,15.0,56.1,50.0,2.5,save,0.033,79,0.71
865646,11.0,53.0,52.7,8.2,save,0.18,55,0.71
865646,8.3,66.8,51.0,4.4,save,0.388,29,0.71
865646,8.7,53.3,46.4,17.1,save,0.261,17,0.71
865646,5.3,54.8,49.7,7.6,save,0.553,88,0.71
865646,18.4,37.3,53.6,24.1,goal,0.291,51,0.71
865646,12.2,32.7,53.7,26.6,save,0.287,49,0.71
865646,22.6,65.0,46.8,3.8,save,0.166,41,0.71
865646,23.5,48.1,50.3,15.8,save,0.017,32,0.71
865646,7.9,40.7,53.9,14.6,save,0.176,31,0.71
865646,8.8,49.1,51.5,15.8,save,0.06,80,0.71
865646,11.5,50.0,52.9,17.7,save,0.982,45,0.71
865646,8.0,49.8,50.6,24.1,save,0.103,31,0.71
865646,24.4,24.8,52.9,9.5,save,0.083,30,0.71
865646,4.7,32.0,47.4,1.9,save,0.289,80,0.71
865646,23.2,37.0,50.5,28.5,save,0.044,77,0.71
865646,19.0,63.8,52.9,32.3,save,0.403,75,0.71
865646,12.7,61.2,47.8,6.3,save,0.089,61,0.71
865646,14.7,35.6,50.1,3.2,save,0.022,58,0.71
865646,7.7,26.0,46.1,25.3,goal,0.698,3,0.71
865646,4.5,55.8,46.4,15.8,goal,0.455,71,0.71
865646,7.7,39.1,50.9,3.2,goal,0.071,54,0.71
865646,11.5,50.0,53.5,13.3,save,0.986,54,0.71
865646,9.7,27.0,54.0,0.6,save,0.22,48,0.71
865646,18.2,47.4,54.0,17.7,goal,0.305,45,0.71
865646,10.4,56.4,50.7,2.5,save,0.251,29,0.71
865646,17.9,54.5,48.8,0.6,goal,0.171,26,0.71
865646,27.1,42.1,49.4,10.8,save,0.024,78,0.71
865646,26.1,41.2,48.8,27.8,save,0.078,74,0.71
865646,28.2,53.0,51.6,34.2,save,0.166,47,0.71
865646,11.0,28.4,52.3,29.1,save,0.128,43,0.71
865646,11.1,65.4,51.9,3.8,save,0.51,35,0.71
865646,11.5,50.0,46.9,1.9,goal,0.989,84,0.71
865646,13.9,53.1,49.4,27.2,save,0.056,89,0.71
865646,19.4,76.8,50.6,13.9,save,0.022,21,0.71
865646,5.5,32.7,53.6,6.3,save,0.133,62,0.71
865646,11.5,50.0,47.4,15.2,goal,0.973,39,0.71
865646,20.1,15.6,49.3,27.8,save,0.057,35,0.71
865646,3.9,57.5,47.4,13.3,save,0.359,34,0.71
865646,13.0,60.9,48.8,4.4,save,0.052,21,0.71
865646,8.5,58.9,48.6,1.9,save,0.395,6,0.71
865646,18.1,44.4,48.0,5.7,save,0.094,81,0.71
865646,13.1,60.6,47.7,15.2,save,0.068,75,0.71
865646,25.9,50.9,47.5,5.7,save,0.12,58,0.71
865646,9.1,62.4,45.8,30.4,save,0.452,46,0.71
865646,11.5,65.8,51.6,20.3,save,0.119,40,0.71
865646,7.9,53.0,49.6,1.3,goal,0.292,80,0.71
865646,24.6,55.1,47.5,5.7,save,0.104,79,0.71
865646,10.2,53.2,51.2,25.9,goal,0.086,45,0.71
865646,9.1,44.8,51.0,5.7,save,0.405,73,0.71
865646,24.5,41.9,46.8,5.7,save,0.209,50,0.71
865646,9.7,46.5,46.1,11.4,goal,0.353,10,0.71
865646,5.6,48.0,54.1,20.3,goal,0.589,86,0.71
865646,20.7,57.9,54.2,19.6,save,0.423,61,0.71
865646,8.8,31.4,51.6,12.0,save,0.031,48,0.71
865646,28.3,42.7,45.8,10.8,goal,0.302,44,0.71
865646,23.5,68.8,52.3,7.0,save,0.109,39,0.71
865646,11.0,60.8,46.2,3.2,goal,0.681,79,0.71
865646,8.7,56.1,51.0,7.0,save,0.442,45,0.71
865646,3.9,53.1,48.3,30.4,goal,0.838,44,0.71
865646,14.1,54.2,53.5,10.8,goal,0.25,90,0.71
865646,22.3,27.2,51.7,15.8,save,0.053,76,0.71
865646,11.5,50.0,54.0,1.9,goal,0.995,56,0.71
865646,6.7,48.3,51.4,0.6,goal,0.618,22,0.71
865646,24.1,38.5,51.4,31.6,save,0.104,18,0.71
865646,9.0,47.6,50.2,5.1,save,0.368,90,0.71
865646,4.6,54.9,48.3,27.2,save,0.238,66,0.71
865646,3.7,66.0,47.2,3.2,save,0.093,61,0.71
865646,25.9,58.1,51.4,1.9,save,0.085,5,0.71
865646,9.2,69.3,48.4,18.4,save,0.256,59,0.71
865646,10.1,27.7,54.1,2.5,save,0.202,34,0.71
865646,14.1,45.6,47.7,2.5,save,0.659,83,0.71
865646,14.0,34.4,46.1,12.0,goal,0.358,57,0.71
865646,25.8,70.3,52.4,15.8,save,0.11,42,0.71
865646,11.5,50.0,53.5,1.9,goal,0.992,40,0.71
865646,29.9,56.6,46.5,8.2,save,0.17,84,0.71
865646,17.4,34.2,49.7,17.1,save,0.02,18,0.71
865646,18.5,36.8,51.1,22.2,save,0.047,51,0.71
865646,27.4,54.5,52.2,11.4,save,0.063,35,0.71
865646,16.2,38.2,47.1,15.2,save,0.178,31,0.71
865646,15.5,48.7,50.6,5.7,save,0.028,74,0.71
865646,7.6,46.7,49.3,15.8,save,0.118,14,0.71
865646,16.7,69.1,53.3,1.9,save,0.357,38,0.71
865646,15.0,59.0,48.1,3.2,save,0.124,33,0.71
865646,30.3,37.3,53.0,22.8,save,0.173,90,0.71
865646,11.5,28.8,52.1,1.9,save,0.078,90,0.71
865646,7.6,50.6,50.3,1.3,goal,0.498,76,0.71
865646,13.5,33.1,47.8,15.2,save,0.12,73,0.71
865646,10.1,48.8,53.8,19.0,goal,0.319,45,0.71
865646,24.2,53.4,46.2,5.1,save,0.264,39,0.71
865646,11.4,34.3,51.3,20.9,save,0.056,39,0.71
865646,10.4,49.4,53.9,15.8,goal,0.446,35,0.71
865646,11.7,40.1,54.1,14.6,save,0.231,70,0.71
865646,26.8,47.5,54.2,18.4,save,0.334,45,0.71
865646,10.1,16.4,54.4,16.5,save,0.139,3,0.71
865646,3.7,73.2,51.3,5.7,save,0.068,90,0.71
865646,14.3,48.7,49.4,7.0,save,0.027,45,0.71
865646,24.8,31.6,54.2,5.7,save,0.242,45,0.71
865646,7.3,47.2,47.7,5.7,goal,0.306,24,0.71
865646,14.1,44.7,46.7,5.1,goal,0.284,5,0.71
308182,26.2,64.6,46.8,31.6,save,0.359,90,0.79
308182,9.5,60.9,46.2,3.2,save,0.217,87,0.79
308182,8.2,50.1,54.1,10.1,save,0.874,35,0.79
308182,5.7,45.8,53.6,13.3,goal,0.409,87,0.79
308182,12.3,51.6,53.3,13.3,save,0.184,85,0.79
308182,8.9,47.9,53.6,15.8,save,0.654,58,0.79
308182,28.9,48.5,47.5,17.7,save,0.102,28,0.79
308182,14.2,36.1,46.7,15.2,save,0.285,27,0.79
308182,13.8,37.3,49.9,25.9,save,0.034,8,0.79
308182,11.1,38.2,50.4,8.2,save,0.158,3,0.79
308182,2.5,45.7,52.8,15.2,goal,0.906,66,0.79
308182,20.7,61.1,50.3,3.8,save,0.029,44,0.79
308182,24.2,64.0,45.9,2.5,save,0.294,17,0.79
308182,12.1,33.4,49.6,5.1,save,0.04,59,0.79
308182,10.4,54.6,53.6,20.3,goal,0.351,90,0.79
308182,30.2,51.2,48.4,34.8,save,0.146,89,0.79
308182,1.8,55.6,46.6,5.1,goal,0.958,73,0.79
308182,8.3,47.9,48.4,8.2,save,0.267,73,0.79
308182,21.5,28.2,51.6,5.7,save,0.045,37,0.79
308182,28.3,56.3,53.7,16.5,save,0.247,35,0.79
308182,26.2,69.3,48.8,1.3,save,0.047,9,0.79
308182,2.6,61.5,47.6,17.1,save,0.067,52,0.79
308182,18.9,27.2,49.7,17.7,save,0.021,43,0.79
308182,14.0,37.6,48.1,1.3,save,0.142,41,0.79
308182,8.9,53.0,52.0,12.7,goal,0.084,42,0.79
308182,18.9,46.2,53.2,5.7,save,0.213,23,0.79
308182,25.1,53.8,47.8,19.6,save,0.092,23,0.79
308182,19.5,29.5,51.3,13.3,save,0.026,46,0.79
308182,29.3,23.0,53.2,5.1,save,0.133,29,0.79
308182,27.2,50.9,50.1,2.5,save,0.021,27,0.79
308182,21.9,32.0,48.7,5.7,save,0.05,24,0.79
308182,6.7,54.0,52.2,19.0,goal,0.595,16,0.79
308182,26.2,60.3,48.0,7.6,save,0.061,75,0.79
308182,13.6,54.0,48.7,17.1,save,0.052,34,0.79
308182,14.1,46.8,51.4,4.4,goal,0.237,88,0.79
308182,13.7,43.2,53.5,3.2,save,0.304,88,0.79
308182,13.3,48.9,50.3,29.7,save,0.059,74,0.79
308182,14.7,49.8,50.4,5.1,save,0.032,65,0.79
308182,17.3,71.4,49.9,31.0,save,0.045,45,0.79
308182,17.8,54.8,47.4,1.3,goal,0.172,51,0.79
308182,5.2,50.7,46.7,3.8,goal,0.974,47,0.79
308182,10.3,51.5,49.2,31.6,save,0.087,37,0.79
308182,6.4,40.1,52.7,8.9,save,0.422,36,0.79
308182,15.8,48.9,50.3,11.4,save,0.019,33,0.79
308182,13.8,35.6,46.6,19.6,save,0.373,89,0.79
308182,3.9,48.8,52.6,19.6,goal,0.851,70,0.79
308182,8.5,69.8,47.5,28.5,save,0.163,46,0.79
308182,8.9,60.3,53.9,6.3,goal,0.445,13,0.79
308182,23.7,32.0,46.1,14.6,save,0.325,6,0.79
308182,12.0,51.7,53.8,12.7,goal,0.627,78,0.79
308182,24.6,34.8,47.2,13.3,save,0.142,54,0.79
308182,7.7,50.0,51.5,29.7,goal,0.809,39,0.79
308182,13.3,67.0,47.2,5.7,save,0.114,84,0.79
308182,9.0,60.5,47.2,22.8,save,0.209,37,0.79
308182,6.0,42.3,51.5,19.0,save,0.065,21,0.79
308182,24.3,64.8,46.3,1.3,save,0.251,18,0.79
308182,7.0,48.6,52.1,25.3,goal,0.852,69,0.79
308182,22.9,45.9,50.3,14.6,save,0.015,69,0.79
308182,5.2,54.2,46.6,30.4,goal,0.988,61,0.79
308182,6.7,40.3,49.2,10.8,save,0.03,60,0.79
308182,12.6,29.5,50.2,5.7,save,0.019,24,0.79
308182,13.2,63.9,53.2,2.5,save,0.661,18,0.79
308182,11.7,59.9,45.6,1.3,goal,0.395,76,0.79
308182,11.2,49.6,48.3,9.5,save,0.268,61,0.79
308182,11.5,50.0,46.1,2.5,goal,0.994,43,0.79
308182,7.5,51.2,53.3,2.5,goal,0.893,16,0.79
308182,4.5,41.7,51.9,3.2,save,0.151,15,0.79
308182,26.4,30.0,53.1,15.2,save,0.104,73,0.79
308182,25.7,47.4,54.4,3.2,save,0.393,61,0.79
308182,13.4,66.6,46.0,20.3,save,0.234,60,0.79
308182,23.1,38.5,45.7,27.2,goal,0.592,51,0.79
308182,8.3,47.2,52.0,3.2,save,0.168,45,0.79
308182,22.8,49.1,52.5,2.5,save,0.136,19,0.79
308182,11.5,50.0,46.4,4.4,goal,0.992,58,0.79
308182,8.6,53.0,49.6,19.0,save,0.033,38,0.79
308182,22.1,48.4,51.5,3.2,save,0.071,88,0.79
308182,3.8,55.0,53.4,5.7,goal,0.935,59,0.79
308182,9.2,63.1,47.9,4.4,save,0.084,33,0.79
308182,15.3,71.4,48.1,3.8,save,0.083,12,0.79
308182,7.6,37.0,54.5,19.0,save,0.278,7,0.79
308182,3.9,48.3,49.9,13.9,goal,0.798,70,0.79
308182,6.8,43.9,50.1,28.5,save,0.382,90,0.79
308182,9.8,32.5,49.9,13.9,save,0.106,71,0.79
308182,9.5,37.0,49.0,1.9,goal,0.235,66,0.79
308182,2.4,59.7,48.8,3.8,goal,0.448,40,0.79
308182,3.8,68.5,46.1,9.5,save,0.11,87,0.79
308182,24.2,32.4,51.4,32.3,save,0.098,60,0.79
308182,12.4,42.8,52.3,24.1,save,0.152,60,0.79
308182,10.0,44.2,47.2,13.9,save,0.194,50,0.79
308182,10.1,34.6,51.2,10.1,save,0.03,33,0.79
308182,32.2,34.2,46.4,1.9,save,0.327,33,0.79
308182,17.8,73.2,51.2,22.2,save,0.064,15,0.79
308182,12.7,57.9,49.3,14.6,save,0.027,13,0.79
308182,29.2,40.4,49.8,31.0,goal,0.04,66,0.79
308182,9.3,45.4,49.0,3.8,save,0.509,59,0.79
308182,3.6,52.8,51.6,5.7,goal,0.953,55,0.79
308182,8.8,60.4,50.1,13.9,save,0.015,55,0.79
308182,19.7,50.7,51.9,4.4,save,0.087,49,0.79
308182,8.4,29.5,53.9,27.8,save,0.3,32,0.79
308182,9.6,48.2,54.4,5.7,save,0.419,90,0.79
308182,9.4,52.1,52.3,17.1,save,0.157,21,0.79
308182,15.0,45.4,48.8,7.0,save,0.048,81,0.79
308182,14.1,50.1,51.0,18.4,save,0.046,78,0.79
308182,12.3,63.9,47.1,5.7,save,0.119,89,0.79
308182,10.1,61.2,47.1,8.2,save,0.118,85,0.79
308182,22.9,62.9,50.3,8.2,save,0.017,53,0.79
308182,3.1,38.4,52.6,3.2,save,0.151,37,0.79
308182,20.8,60.8,52.0,8.2,save,0.08,11,0.79
308182,14.5,27.9,50.0,17.7,save,0.016,86,0.79
308182,10.8,42.1,46.8,18.4,goal,0.698,46,0.79
308182,8.4,44.6,50.2,19.6,save,0.133,43,0.79
308182,18.7,27.7,50.6,8.9,save,0.018,6,0.79
308182,5.8,48.7,50.1,9.5,goal,0.62,88,0.79
308182,15.1,45.0,50.7,24.1,save,0.054,76,0.79
308182,10.0,47.6,50.6,10.8,save,0.024,74,0.79
308182,15.6,58.2,46.3,14.6,save,0.191,73,0.79
308182,11.8,48.6,53.2,10.8,goal,0.558,60,0.79
308182,9.5,54.7,52.0,5.1,save,0.152,45,0.79
308182,10.9,27.9,53.6,13.9,save,0.121,33,0.79
308182,13.1,58.5,46.3,20.3,save,0.316,90,0.79
308182,10.0,61.6,48.5,13.3,save,0.051,49,0.79
308182,13.8,58.8,48.4,28.5,save,0.111,46,0.79
308182,20.1,64.2,52.6,2.5,goal,0.18,32,0.79
308182,25.4,41.0,48.3,29.7,save,0.136,21,0.79
308182,11.3,13.9,49.4,31.0,save,0.08,13,0.79
308182,18.3,44.3,46.5,6.3,goal,0.262,67,0.79
308182,4.5,49.7,48.7,19.0,save,0.262,49,0.79
308182,10.4,35.8,53.9,7.6,save,0.172,48,0.79
308182,15.3,45.7,50.0,7.6,save,0.019,32,0.79
308182,11.9,36.0,54.2,10.8,goal,0.224,26,0.79
308182,16.4,31.5,49.7,29.7,save,0.047,14,0.79
308182,11.2,52.6,46.4,13.3,goal,0.232,10,0.79
308182,26.5,33.0,46.3,17.1,save,0.3,74,0.79
308182,18.5,63.8,53.4,23.4,save,0.394,71,0.79
308182,8.3,46.2,53.4,3.2,goal,0.853,36,0.79
308182,19.2,67.4,50.6,22.8,save,0.04,2,0.79
308182,12.5,48.6,53.9,5.1,goal,0.351,87,0.79
308182,15.9,47.8,54.2,9.5,goal,0.34,85,0.79
308182,17.2,32.2,49.2,25.9,save,0.058,67,0.79
308182,23.5,49.1,52.0,2.5,save,0.097,66,0.79
308182,26.6,54.1,45.8,3.8,save,0.354,55,0.79
308182,16.7,43.5,51.3,4.4,save,0.053,50,0.79
308182,10.2,30.1,51.2,0.6,save,0.05,12,0.79
308182,8.1,53.0,48.9,27.8,goal,0.397,16,0.79
308182,15.2,43.5,48.4,6.3,save,0.073,16,0.79
308182,9.0,51.1,51.9,9.5,save,0.268,3,0.79
256667,8.6,55.3,51.3,7.0,goal,0.076,85,1.0
256667,4.1,62.0,50.0,18.4,save,0.02,85,1.0
256667,8.6,45.7,53.3,4.4,goal,0.539,36,1.0
256667,10.6,52.1,48.4,28.5,save,0.127,78,1.0
256667,10.4,54.6,48.7,23.4,save,0.452,60,1.0
256667,8.1,52.0,47.6,3.8,goal,0.166,53,1.0
256667,12.1,38.6,52.7,21.5,goal,0.561,48,1.0
256667,12.8,46.4,50.3,19.0,save,0.026,33,1.0
256667,18.7,55.0,49.8,12.7,save,0.014,18,1.0
256667,15.2,44.2,49.1,5.1,save,0.047,7,1.0
256667,4.2,42.8,52.2,16.5,save,0.572,7,1.0
256667,22.6,44.3,51.7,9.5,save,0.047,4,1.0
256667,4.3,39.5,52.3,5.7,save,0.07,90,1.0
256667,18.6,51.5,46.2,5.7,save,0.281,86,1.0
256667,4.1,34.7,50.8,27.2,save,0.613,51,1.0
256667,8.9,67.3,49.7,29.1,save,0.047,50,1.0
256667,15.6,65.1,53.1,26.6,save,0.375,49,1.0
256667,18.0,39.5,47.9,15.8,save,0.088,83,1.0
256667,5.3,53.1,47.9,14.6,save,0.379,71,1.0
256667,14.1,40.9,48.0,21.5,save,0.138,45,1.0
256667,11.5,50.0,53.1,1.3,goal,0.99,90,1.0
256667,9.6,52.1,50.1,20.9,save,0.027,58,1.0
256667,7.0,50.9,49.4,19.0,goal,0.109,26,1.0
256667,9.4,49.1,53.1,17.7,save,0.331,10,1.0
256667,18.5,42.1,46.6,3.2,save,0.346,78,1.0
256667,12.6,44.9,51.1,4.4,save,0.32,71,1.0
256667,28.5,57.7,52.3,7.6,save,0.088,35,1.0
256667,6.9,56.3,52.5,19.0,save,,82,1.0
256667,6.8,59.4,49.0,5.7,save,0.537,82,1.0
256667,27.7,51.6,48.8,6.3,save,0.048,68,1.0
256667,12.6,41.1,48.4,1.3,goal,0.58,57,1.0
256667,4.6,46.4,45.7,17.7,goal,0.792,20,1.0
256667,19.8,63.2,54.1,16.5,save,0.367,14,1.0
256667,7.4,54.3,51.8,17.1,save,0.416,8,1.0
256667,18.3,55.1,53.3,19.6,goal,0.259,6,1.0
256667,11.4,48.9,50.5,32.9,save,0.174,90,1.0
256667,7.5,53.3,51.7,3.8,save,0.193,89,1.0
256667,7.3,55.8,48.0,20.9,save,0.575,70,1.0
256667,15.7,31.3,52.4,3.8,save,0.09,56,1.0
256667,8.3,53.2,49.7,27.8,goal,0.132,45,1.0
256667,27.4,42.1,53.5,7.6,save,0.174,36,1.0
256667,20.4,52.4,45.7,1.9,save,0.424,5,1.0
256667,17.9,69.5,46.3,5.1,save,0.236,87,1.0
256667,23.4,49.6,54.1,4.4,goal,0.343,17,1.0
256667,8.2,32.9,50.1,19.0,save,0.018,11,1.0
256667,19.2,47.9,47.6,5.7,save,0.118,2,1.0
256667,19.9,28.6,49.1,7.0,save,0.033,75,1.0
256667,5.0,64.6,47.1,7.0,save,0.114,74,1.0
256667,14.2,59.4,49.4,9.5,save,0.023,62,1.0
256667,4.5,44.6,50.1,5.1,save,0.229,42,1.0
256667,13.2,64.0,47.0,4.4,save,0.138,24,1.0
256667,7.8,52.8,50.1,17.1,save,0.026,14,1.0
256667,15.8,50.3,53.7,17.1,goal,0.884,82,1.0
256667,11.6,66.6,53.2,28.5,goal,0.512,49,1.0
256667,4.4,66.9,47.6,2.5,goal,0.088,27,1.0
256667,3.3,43.5,52.5,25.3,goal,0.494,5,1.0
256667,5.1,34.1,53.1,10.8,save,0.084,5,1.0
256667,23.2,27.1,51.0,32.3,save,0.072,4,1.0
256667,6.6,47.7,48.2,5.7,goal,0.148,81,1.0
256667,3.2,53.4,50.1,19.0,save,0.409,71,1.0
256667,15.4,69.5,52.4,5.1,goal,0.16,50,1.0
256667,3.5,68.2,45.6,13.3,save,0.125,29,1.0
256667,11.7,66.0,53.0,2.5,save,0.339,78,1.0
256667,4.9,51.6,53.2,24.7,goal,0.68,67,1.0
256667,6.9,48.1,51.7,19.0,goal,0.66,56,1.0
256667,1.4,52.4,47.5,32.3,goal,0.994,54,1.0
256667,14.0,60.1,47.2,30.4,save,0.289,49,1.0
256667,25.0,51.5,49.4,24.7,save,0.045,45,1.0
256667,13.8,52.4,53.1,0.6,goal,0.906,15,1.0
256667,7.7,57.0,46.1,17.7,save,0.458,90,1.0
256667,6.7,51.2,51.5,22.2,goal,0.226,85,1.0
256667,1.1,53.0,46.7,17.1,goal,0.991,68,1.0
256667,10.2,56.3,54.2,29.1,goal,0.788,59,1.0
256667,22.8,41.6,50.0,4.4,save,0.02,59,1.0
256667,3.9,56.4,48.6,27.2,save,0.17,49,1.0
256667,8.7,54.9,46.2,19.6,goal,0.397,76,1.0
256667,8.5,54.5,49.5,12.7,save,0.052,74,1.0
256667,1.8,46.8,52.6,25.9,goal,0.968,70,1.0
256667,24.1,30.8,53.2,32.9,save,0.361,70,1.0
256667,15.6,32.7,52.6,7.0,save,0.084,55,1.0
256667,10.1,36.0,50.6,6.3,save,0.027,47,1.0
256667,13.0,67.4,47.6,8.2,save,0.076,10,1.0
256667,7.4,56.7,46.9,6.3,goal,0.745,67,1.0
256667,20.8,64.2,52.0,11.4,save,0.067,55,1.0
256667,22.7,29.6,46.1,1.3,goal,0.497,50,1.0
256667,9.4,66.4,47.4,3.8,save,0.105,65,1.0
256667,4.9,55.0,47.2,6.3,save,0.814,63,1.0
256667,18.5,67.9,54.2,2.5,goal,0.544,58,1.0
256667,26.4,52.4,47.2,19.0,save,0.157,71,1.0
256667,5.4,45.6,51.7,15.8,goal,0.378,68,1.0
256667,10.1,57.3,51.7,30.4,goal,0.673,58,1.0
256667,8.0,58.7,48.7,5.1,save,0.074,13,1.0
256667,11.0,45.6,50.1,33.5,save,0.073,78,1.0
256667,3.9,69.4,46.4,4.4,save,0.126,78,1.0
256667,30.2,60.1,50.1,31.6,save,0.047,74,1.0
256667,9.5,69.9,53.6,12.0,goal,,71,1.0
256667,14.7,59.1,50.1,29.7,save,0.044,55,1.0
256667,23.2,55.2,50.9,2.5,save,0.041,47,1.0
256667,13.0,62.7,50.5,24.1,save,0.148,26,1.0
256667,8.5,56.4,50.3,10.8,save,0.02,90,1.0
256667,8.3,48.4,51.0,18.4,save,0.186,55,1.0
256667,11.5,50.0,54.2,4.4,goal,0.995,33,1.0
256667,13.3,65.2,51.9,3.8,save,0.114,29,1.0
256667,20.1,66.7,52.0,10.1,save,0.086,25,1.0
256667,4.2,57.9,50.0,10.8,save,0.022,89,1.0
256667,28.4,47.4,48.7,29.7,save,0.094,87,1.0
256667,2.3,61.1,49.0,4.4,save,0.129,87,1.0
256667,4.3,45.8,53.2,10.1,goal,0.961,78,1.0
256667,14.5,72.2,50.0,9.5,save,0.013,67,1.0
256667,9.4,54.6,50.6,31.0,save,0.081,60,1.0
256667,8.8,47.4,45.8,11.4,goal,0.45,43,1.0
256667,8.2,45.2,52.3,1.3,save,0.191,11,1.0
256667,8.2,30.1,47.2,5.7,save,0.691,64,1.0
256667,14.2,58.1,50.7,4.4,save,0.039,58,1.0
256667,12.4,66.8,46.7,1.3,save,0.183,47,1.0
256667,12.7,57.9,47.1,0.6,goal,0.55,35,1.0
256667,3.9,47.2,50.1,10.8,goal,0.723,28,1.0
256667,9.3,32.7,48.7,17.1,save,0.069,14,1.0
256667,13.1,54.8,49.8,10.1,save,0.017,83,1.0
256667,13.5,32.1,51.0,22.8,save,0.05,83,1.0
256667,4.7,38.8,50.0,15.2,save,0.012,82,1.0
256667,9.0,49.6,48.6,22.8,save,0.372,82,1.0
256667,8.7,47.4,46.8,14.6,goal,0.286,77,1.0
256667,6.4,58.5,47.7,20.9,save,0.156,71,1.0
256667,28.3,63.7,53.5,29.1,save,0.422,62,1.0
256667,26.8,64.3,48.7,31.0,save,0.112,56,1.0
256667,3.7,44.8,49.8,24.1,save,0.308,45,1.0
256667,2.0,61.2,49.5,1.9,goal,0.135,41,1.0
256667,22.8,46.4,47.9,5.1,save,0.093,6,1.0
256667,13.6,71.7,52.0,3.2,save,0.135,89,1.0
256667,13.0,51.8,50.5,1.3,save,0.281,76,1.0
256667,19.3,66.4,46.1,31.0,goal,0.497,68,1.0
256667,5.1,65.8,50.0,15.2,save,0.017,40,1.0
256667,4.5,47.6,53.2,14.6,save,0.881,68,1.0
256667,11.5,50.0,51.9,15.2,goal,0.956,49,1.0
256667,10.8,23.1,48.8,1.9,save,0.07,45,1.0
256667,18.4,53.1,50.4,2.5,save,0.03,36,1.0
256667,24.5,26.7,48.8,1.9,save,0.058,20,1.0
256667,3.1,67.0,47.2,5.7,save,0.081,59,1.0
256667,3.7,42.7,53.3,28.5,goal,0.933,41,1.0
256667,10.1,54.2,53.5,27.2,goal,0.872,90,1.0
256667,9.1,48.9,53.0,25.9,goal,0.636,90,1.0
256667,13.2,47.6,48.0,4.4,save,0.404,54,1.0
256667,15.7,28.0,46.1,8.9,save,0.378,25,1.0
256667,11.5,50.0,51.9,2.5,save,0.971,5,1.0
256667,1.9,52.0,47.4,1.3,goal,0.991,57,1.0
256667,11.8,40.4,49.9,16.5,save,0.018,41,1.0
256667,26.4,48.7,52.9,17.7,save,0.138,22,1.0
256667,7.8,68.4,50.3,25.9,save,0.044,21,1.0
256667,25.6,41.0,50.5,8.9,save,0.018,1,1.0
256667,11.5,50.0,53.6,1.9,goal,0.993,90,1.0
256667,18.5,53.6,54.1,19.0,goal,0.383,88,1.0
256667,24.8,53.9,46.8,5.7,save,0.192,67,1.0
256667,2.4,56.0,45.5,8.9,goal,0.93,51,1.0
256667,8.5,66.4,45.7,3.8,save,0.214,23,1.0
256667,4.0,54.2,47.4,25.9,goal,0.665,16,1.0
256667,11.5,50.0,50.2,18.4,goal,0.864,22,1.0
256667,21.3,38.8,50.5,12.0,save,0.015,75,1.0
256667,8.9,25.4,46.1,17.1,save,0.511,74,1.0
256667,10.3,55.0,50.0,5.1,save,0.247,44,1.0
256667,27.1,50.3,50.1,4.4,save,0.018,28,1.0
256667,12.8,44.3,50.4,20.3,save,0.032,82,1.0
256667,6.1,50.3,51.9,8.2,save,0.847,76,1.0
256667,13.4,49.3,48.0,1.3,save,0.136,66,1.0
256667,11.1,40.6,49.0,3.2,save,0.075,45,1.0
256667,12.4,45.3,46.1,2.5,goal,0.494,24,1.0
256667,18.1,53.8,51.9,5.7,save,0.079,58,1.0
256667,11.9,35.6,52.3,11.4,save,0.061,82,1.0
256667,13.2,47.8,51.6,8.9,save,0.305,82,1.0
256667,11.1,69.6,48.6,1.9,save,0.068,44,1.0
256667,9.4,54.3,52.0,12.0,goal,0.432,26,1.0
256667,14.8,64.5,48.9,3.2,save,0.044,64,1.0
256667,5.3,53.6,45.8,19.0,goal,0.858,25,1.0
256667,19.7,29.3,51.7,25.3,save,0.109,16,1.0
256667,7.8,48.1,46.4,8.2,goal,0.348,3,1.0
845291,13.5,73.6,50.6,14.6,save,0.024,90,0.95
845291,4.4,49.5,50.5,28.5,save,0.276,35,0.95
845291,30.3,43.8,54.2,5.7,save,0.337,35,0.95
845291,11.5,50.0,54.5,3.2,goal,0.996,31,0.95
845291,9.2,50.0,47.8,13.3,goal,0.116,79,0.95
845291,19.0,29.1,47.6,29.7,save,0.27,79,0.95
845291,15.2,56.7,47.4,1.9,save,0.177,71,0.95
845291,10.1,65.4,47.5,14.6,save,0.089,68,0.95
845291,11.6,54.1,48.6,19.6,save,0.056,54,0.95
845291,27.2,49.7,51.2,2.5,save,0.049,50,0.95
845291,19.2,51.9,49.3,1.9,save,0.039,52,0.95
845291,19.0,47.5,53.1,5.1,save,0.237,31,0.95
845291,4.7,41.4,48.7,0.6,goal,0.466,75,0.95
845291,9.4,47.8,46.1,13.9,goal,0.326,72,0.95
845291,14.4,45.8,52.1,2.5,save,0.144,64,0.95
845291,3.5,50.2,47.7,15.8,goal,0.897,45,0.95
845291,8.1,52.4,48.9,2.5,save,0.07,39,0.95
845291,19.2,70.1,51.2,27.8,save,0.089,39,0.95
845291,14.3,48.1,50.4,7.0,save,0.025,38,0.95
845291,19.0,50.9,50.6,5.7,save,0.031,43,0.95
845291,15.7,57.5,51.9,17.1,save,0.094,40,0.95
845291,9.4,58.1,51.4,1.9,goal,0.53,36,0.95
845291,10.9,63.1,49.6,13.9,save,0.132,65,0.95
845291,10.1,50.6,50.9,8.2,save,0.049,34,0.95
845291,21.5,35.2,50.6,6.3,goal,0.186,8,0.95
845291,7.3,55.0,46.6,19.6,goal,0.586,54,0.95
845291,21.6,26.5,50.7,32.9,save,0.062,38,0.95
845291,25.7,54.0,53.5,5.7,save,0.235,7,0.95
845291,8.8,52.3,50.8,1.3,goal,0.532,67,0.95
845291,10.2,60.1,49.1,22.2,save,0.054,90,0.95
845291,19.7,26.2,51.9,27.8,save,0.097,59,0.95
845291,22.6,67.1,50.8,19.0,save,0.034,52,0.95
845291,11.5,50.0,46.7,15.8,goal,0.986,38,0.95
845291,9.4,63.6,50.4,29.1,goal,0.219,30,0.95
845291,4.9,48.2,52.3,2.5,goal,0.94,79,0.95
845291,9.8,39.9,51.1,13.3,save,0.034,79,0.95
845291,21.3,65.2,52.9,29.7,save,0.337,26,0.95
845291,13.9,42.7,53.5,8.2,goal,0.186,18,0.95
845291,2.6,49.8,51.4,5.1,goal,0.956,8,0.95
845291,15.8,28.0,46.0,4.4,save,0.498,67,0.95
845291,24.6,62.9,52.6,1.3,save,0.178,27,0.95
845291,7.0,53.4,54.3,11.4,goal,0.939,90,0.95
845291,7.6,38.9,46.8,19.0,goal,0.908,90,0.95
845291,11.4,48.1,53.0,8.9,save,0.761,90,0.95
845291,7.3,51.7,50.5,11.4,save,0.128,76,0.95
845291,9.6,47.6,51.9,22.8,save,0.333,76,0.95
845291,9.8,53.9,52.4,8.2,save,0.692,60,0.95
845291,18.5,45.5,54.5,3.2,save,0.422,59,0.95
845291,23.4,62.7,46.1,22.2,goal,0.36,55,0.95
845291,18.4,37.7,46.7,24.1,goal,0.383,22,0.95
845291,10.1,51.8,53.6,3.8,goal,0.409,90,0.95
845291,25.4,33.1,46.3,4.4,save,0.342,87,0.95
845291,20.4,71.8,48.0,7.0,save,0.075,80,0.95
845291,22.2,37.8,53.1,8.9,save,0.13,69,0.95
845291,30.3,49.3,50.5,22.2,save,0.029,56,0.95
845291,20.7,63.2,47.3,3.2,save,0.142,15,0.95
845291,12.9,40.0,50.3,7.0,save,0.022,3,0.95
845291,25.2,50.0,46.4,6.3,save,0.264,9,0.95
845291,5.7,58.5,46.4,5.7,save,0.202,45,0.95
845291,8.8,49.6,53.2,32.3,goal,0.877,2,0.95
845291,14.5,44.4,50.0,33.5,save,0.054,89,0.95
845291,8.4,39.0,52.2,5.7,save,0.388,51,0.95
845291,10.5,82.1,50.6,26.6,save,0.073,35,0.95
845291,22.5,66.0,54.0,6.3,goal,0.388,31,0.95
845291,11.5,50.0,52.8,7.0,save,0.98,18,0.95
845291,13.6,48.3,50.9,13.3,save,0.03,80,0.95
845291,22.4,28.9,52.1,1.9,save,0.082,64,0.95
845291,10.6,44.3,51.3,19.0,save,0.05,50,0.95
845291,15.6,72.8,51.6,18.4,save,0.074,33,0.95
845291,8.8,54.0,47.7,3.2,save,0.168,68,0.95
845291,8.7,29.2,48.5,4.4,save,0.092,45,0.95
845291,1.4,48.8,52.3,3.2,goal,0.992,42,0.95
845291,12.4,67.0,53.9,0.6,save,0.614,42,0.95
845291,25.0,58.7,51.9,11.4,save,0.056,36,0.95
845291,7.8,43.6,52.1,20.9,save,0.113,9,0.95
845291,8.8,52.0,52.6,32.3,goal,0.492,90,0.95
845291,14.7,45.8,53.8,13.3,save,0.222,90,0.95
845291,20.3,46.8,46.1,24.1,save,0.42,90,0.95
845291,12.8,43.6,48.0,20.3,save,0.114,84,0.95
845291,19.2,45.2,46.8,1.9,save,0.273,73,0.95
845291,7.3,68.1,50.3,3.2,save,0.029,37,0.95
845291,22.6,28.0,49.8,5.7,save,0.018,17,0.95
845291,24.1,69.9,54.0,13.3,save,0.348,7,0.95
845291,18.3,25.5,48.1,9.5,save,0.078,89,0.95
845291,9.8,55.3,53.5,2.5,goal,0.828,83,0.95
845291,18.4,65.4,51.0,25.3,save,0.062,55,0.95
845291,3.6,51.9,51.2,31.0,save,0.856,89,0.95
845291,14.4,37.0,50.6,12.0,save,0.058,51,0.95
845291,11.5,50.0,53.4,1.3,goal,0.992,28,0.95
845291,3.7,72.4,45.8,18.4,save,0.145,14,0.95
845291,7.0,43.4,53.1,7.6,save,0.218,79,0.95
845291,8.5,46.2,52.1,4.4,save,0.692,45,0.95
845291,9.2,53.0,48.1,20.3,goal,0.923,28,0.95
845291,7.1,42.9,51.7,30.4,save,0.152,78,0.95
845291,8.8,58.3,46.8,6.3,goal,0.696,90,0.95
845291,11.9,27.9,52.9,27.8,save,0.179,68,0.95
845291,10.1,33.4,47.7,0.6,save,0.519,46,0.95
845291,21.1,74.8,46.1,22.8,goal,0.235,34,0.95
845291,27.3,52.6,50.2,4.4,save,0.02,11,0.95
845291,6.3,48.0,47.4,6.3,goal,0.647,67,0.95
845291,15.7,35.1,46.5,3.8,save,0.357,64,0.95
845291,8.5,54.6,46.9,15.2,save,0.252,47,0.95
845291,6.0,32.4,49.8,12.7,save,0.02,38,0.95
845291,25.3,50.2,50.5,33.5,save,0.064,29,0.95
845291,11.7,69.7,51.9,3.2,save,0.133,29,0.95
845291,20.5,36.3,46.4,17.7,save,0.341,2,0.95
845291,30.2,24.7,51.5,23.4,save,0.064,57,0.95
845291,12.8,67.8,47.1,2.5,save,0.179,34,0.95
845291,10.7,64.2,46.2,5.7,goal,0.224,69,0.95
845291,9.3,57.8,49.4,29.7,save,0.374,56,0.95
845291,10.2,54.0,51.1,10.1,save,0.282,56,0.95
845291,13.7,66.6,52.8,4.4,goal,0.3,48,0.95
845291,19.4,65.6,50.7,10.1,save,0.024,90,0.95
845291,7.1,51.4,53.7,4.4,save,0.632,84,0.95
845291,6.4,55.6,51.8,11.4,goal,0.311,22,0.95
845291,4.3,54.6,46.2,21.5,goal,,90,0.95
845291,9.1,50.4,51.5,10.8,save,0.053,67,0.95
845291,9.7,54.4,48.5,24.1,goal,0.112,23,0.95
845291,7.3,43.0,53.1,27.8,save,0.587,65,0.95
845291,24.4,65.1,47.8,24.1,save,0.105,16,0.95
845291,2.3,32.0,48.5,32.3,goal,0.218,90,0.95
845291,28.3,47.1,47.6,1.9,save,0.133,45,0.95
845291,9.3,54.0,50.3,32.3,save,0.065,7,0.95
845291,8.0,60.8,46.1,23.4,goal,0.814,84,0.95
845291,6.4,72.8,48.8,15.2,save,0.027,80,0.95
845291,10.4,30.1,53.7,22.2,goal,0.203,76,0.95
845291,18.5,32.8,52.1,2.5,save,0.083,72,0.95
845291,23.5,62.8,47.2,22.8,goal,0.15,83,0.95
845291,14.8,63.4,46.3,3.2,save,0.228,65,0.95
845291,18.2,38.6,47.1,7.0,save,0.2,11,0.95
845291,9.2,47.0,53.3,12.0,goal,0.642,56,0.95
845291,8.2,44.7,46.6,11.4,goal,0.263,40,0.95
845291,5.6,58.4,49.4,15.2,goal,0.298,11,0.95
845291,23.7,68.8,45.5,3.2,save,0.33,11,0.95
845291,13.2,34.0,53.4,25.3,goal,0.257,5,0.95
845291,29.8,42.9,52.9,9.5,save,0.108,81,0.95
845291,9.5,29.1,47.3,27.8,save,0.389,51,0.95
891656,9.3,43.3,52.6,7.0,save,0.136,78,0.55
891656,14.7,24.9,48.2,16.5,save,0.082,73,0.55
891656,11.5,50.0,46.1,5.7,goal,0.992,90,0.55
891656,21.8,39.5,50.3,17.7,save,0.018,81,0.55
891656,22.9,42.3,48.7,15.2,save,0.039,79,0.55
891656,16.1,72.6,52.5,24.7,save,0.233,59,0.55
891656,11.4,45.2,51.7,31.0,save,0.139,19,0.55
891656,20.7,60.9,47.1,10.8,save,0.092,18,0.55
891656,6.8,51.0,54.0,17.1,goal,0.497,90,0.55
891656,28.2,56.5,52.8,8.9,save,0.122,76,0.55
891656,13.4,55.3,50.4,19.0,save,0.03,70,0.55
891656,11.1,29.7,47.4,15.8,save,0.184,48,0.55
891656,5.4,43.5,46.1,13.3,goal,0.521,90,0.55
891656,15.4,53.9,48.1,11.4,save,0.058,85,0.55
891656,7.4,51.9,51.7,25.9,goal,0.504,64,0.55
891656,30.4,50.6,52.9,11.4,save,0.107,49,0.55
891656,15.1,50.3,53.1,1.3,save,0.257,21,0.55
891656,13.9,56.6,51.3,3.2,save,0.069,88,0.55
891656,15.3,11.5,48.4,29.1,goal,0.178,78,0.55
891656,11.0,32.1,52.4,12.0,save,0.053,59,0.55
891656,25.0,59.1,47.3,6.3,save,0.126,54,0.55
891656,3.6,66.1,48.1,19.6,save,0.064,84,0.55
891656,19.1,42.4,51.9,3.2,save,0.084,75,0.55
891656,9.0,49.8,53.9,13.9,goal,0.624,51,0.55
891656,8.1,28.9,50.7,1.9,save,0.034,47,0.55
891656,29.3,38.5,47.8,0.6,save,0.129,65,0.55
891656,10.5,37.3,54.1,0.6,save,0.272,64,0.55
891656,13.0,52.3,51.0,2.5,save,0.063,54,0.55
891656,8.6,65.6,52.6,2.5,goal,0.83,41,0.55
891656,12.5,44.5,51.8,29.7,save,0.146,5,0.55
891656,2.5,45.8,53.6,0.6,goal,0.986,90,0.55
891656,18.9,39.9,47.2,1.9,save,0.241,90,0.55
891656,11.5,50.0,54.3,1.3,goal,0.996,55,0.55
891656,9.7,44.8,53.9,12.0,save,0.194,42,0.55
891656,18.4,60.6,48.4,12.0,save,0.042,30,0.55
891656,21.5,32.9,47.5,13.3,save,0.105,21,0.55
891656,19.4,72.2,54.0,24.7,goal,0.554,10,0.55
891656,8.9,34.4,48.0,6.3,save,0.138,84,0.55
891656,9.2,45.2,51.9,3.8,save,0.114,84,0.55
891656,12.4,51.2,46.4,2.5,save,0.399,60,0.55
891656,1.6,64.5,47.1,20.3,save,0.108,59,0.55
891656,19.3,63.9,50.2,25.3,save,0.035,58,0.55
891656,11.4,53.8,49.0,5.1,save,0.73,58,0.55
891656,6.0,32.2,52.6,25.3,goal,,49,0.55
891656,6.8,49.7,48.7,20.9,save,0.378,72,0.55
891656,12.1,63.3,52.4,0.6,goal,0.257,53,0.55
891656,12.6,27.4,49.6,6.3,save,0.024,45,0.55
891656,12.3,29.9,47.4,1.9,save,0.302,29,0.55
891656,9.2,45.8,46.4,29.7,goal,0.786,10,0.55
891656,6.6,48.2,50.0,23.4,save,0.04,42,0.55
891656,24.8,31.5,47.1,6.3,save,0.177,33,0.55
891656,22.5,63.4,49.7,9.5,save,0.016,28,0.55
891656,4.1,45.4,50.3,15.2,save,0.249,22,0.55
891656,24.2,27.0,47.0,7.6,save,0.195,7,0.55
891656,5.0,44.2,50.5,8.2,save,0.371,7,0.55
891656,10.0,49.8,45.7,3.2,goal,0.767,44,0.55
891656,24.4,70.5,47.1,1.9,save,0.172,43,0.55
891656,14.0,62.9,49.7,30.4,save,0.05,61,0.55
891656,7.7,44.8,52.5,17.7,goal,0.173,40,0.55
891656,7.4,41.3,45.5,15.8,goal,0.673,36,0.55
891656,6.7,52.7,49.6,20.9,save,0.084,26,0.55
891656,4.6,44.2,53.0,23.4,goal,0.523,90,0.55
891656,22.6,34.4,50.3,27.8,save,0.038,90,0.55
891656,1.3,50.4,49.4,16.5,goal,0.963,83,0.55
891656,9.2,52.3,47.2,21.5,save,0.198,59,0.55
891656,12.8,50.3,46.8,1.3,goal,0.352,31,0.55
891656,9.9,47.8,48.1,1.9,save,0.476,18,0.55
891656,8.8,36.2,52.9,15.2,save,0.469,16,0.55
891656,21.6,31.7,50.1,7.0,save,0.016,90,0.55
891656,7.1,54.6,49.4,12.7,save,0.023,67,0.55
891656,12.8,55.4,47.8,17.7,save,0.099,56,0.55
891656,7.6,54.0,48.1,14.6,save,0.081,45,0.55
891656,6.2,64.4,54.1,3.2,goal,0.766,45,0.55
891656,26.3,54.4,46.4,1.9,save,0.263,40,0.55
891656,9.5,46.9,45.8,5.7,goal,0.929,33,0.55
891656,10.1,59.1,49.1,19.6,save,0.047,21,0.55
891656,6.1,26.4,51.2,1.9,save,0.051,20,0.55
891656,13.8,57.5,50.3,2.5,save,0.039,19,0.55
891656,10.1,43.2,50.0,27.8,save,0.037,11,0.55
891656,15.0,44.5,52.9,17.7,save,0.152,90,0.55
891656,11.9,44.6,47.2,12.7,save,0.168,90,0.55
891656,10.2,47.2,51.0,2.5,save,0.07,90,0.55
891656,17.3,58.5,48.6,3.8,save,0.056,77,0.55
891656,9.1,28.4,47.2,13.3,save,0.194,76,0.55
891656,16.1,37.6,52.3,19.0,save,0.089,58,0.55
891656,14.9,57.5,54.0,2.5,goal,0.499,76,0.55
891656,18.5,55.1,54.2,3.2,goal,0.642,12,0.55
891656,11.5,50.0,45.8,2.5,goal,0.995,87,0.55
891656,9.7,53.0,53.6,10.8,goal,0.261,55,0.55
891656,23.8,48.5,47.3,1.9,save,0.17,52,0.55
891656,21.9,67.0,53.8,3.8,goal,0.386,84,0.55
891656,17.3,53.6,50.6,13.3,save,0.02,71,0.55
891656,2.0,53.4,46.6,11.4,goal,0.97,44,0.55
891656,9.5,29.7,46.0,8.2,goal,0.521,42,0.55
891656,11.5,50.0,53.8,3.2,goal,0.993,37,0.55
891656,14.1,57.5,48.4,1.9,save,0.089,21,0.55
891656,8.6,48.9,52.3,3.2,save,0.785,13,0.55
891656,15.2,66.3,48.9,20.9,save,0.043,1,0.55
891656,11.5,50.0,47.1,3.8,goal,0.986,88,0.55
891656,6.6,44.8,50.4,24.7,save,0.057,85,0.55
891656,11.5,50.0,52.7,22.8,goal,0.986,75,0.55
891656,7.6,45.7,49.4,1.9,save,0.25,68,0.55
891656,26.0,59.3,51.9,6.3,save,0.077,30,0.55
891656,18.0,61.2,49.0,19.0,save,0.034,22,0.55
891656,8.9,49.3,49.9,6.9,save,0.028,6,0.55
891656,21.2,10.1,46.1,15.2,goal,0.412,88,0.55
891656,29.0,64.0,52.9,6.3,save,0.17,18,0.55
891656,13.9,34.4,50.7,5.7,save,0.028,5,0.55
891656,11.7,32.3,48.9,3.2,save,0.067,5,0.55
891656,10.3,52.8,53.7,5.1,goal,0.342,90,0.55
891656,3.8,49.3,48.0,24.1,save,0.85,18,0.55
891656,12.8,35.1,45.8,13.9,goal,0.472,90,0.55
891656,13.2,47.8,53.1,3.2,goal,0.725,81,0.55
891656,31.4,46.0,50.5,13.9,save,0.016,48,0.55
891656,14.4,39.8,48.2,12.7,save,0.071,22,0.55
891656,7.2,55.1,51.1,16.5,goal,0.089,20,0.55
891656,8.1,49.9,54.2,25.3,goal,0.862,90,0.55
891656,9.3,49.4,52.2,24.1,goal,0.264,61,0.55
891656,19.8,37.7,49.3,1.3,save,0.043,43,0.55
891656,11.5,50.0,54.1,1.9,goal,0.995,37,0.55
891656,6.4,46.6,49.4,20.9,goal,0.13,83,0.55
891656,22.7,65.8,52.6,23.4,save,0.206,83,0.55
891656,15.3,27.1,46.1,2.5,save,0.517,43,0.55
891656,11.4,54.2,46.1,3.2,goal,0.367,27,0.55
891656,14.5,47.6,49.9,4.4,save,0.03,13,0.55
891656,21.7,54.9,48.4,32.3,save,0.141,90,0.55
891656,4.9,50.9,47.7,19.6,save,0.724,90,0.55
891656,21.6,66.2,46.4,20.9,save,0.202,34,0.55
891656,26.3,55.7,51.8,5.7,save,0.069,25,0.55
891656,13.5,68.9,51.5,32.9,save,0.188,89,0.55
891656,7.7,56.1,53.1,8.2,goal,0.639,81,0.55
891656,2.2,39.1,51.3,4.4,goal,0.752,74,0.55
891656,12.3,62.0,47.1,16.5,save,0.511,67,0.55
891656,8.6,40.1,47.4,5.1,goal,0.851,39,0.55
891656,3.3,32.0,48.7,9.5,save,0.156,29,0.55
891656,8.8,35.0,53.6,4.4,save,0.617,27,0.55
891656,15.0,29.9,47.6,7.0,save,0.145,24,0.55
891656,11.5,50.0,54.2,5.1,goal,0.995,19,0.55
891656,8.2,81.9,54.2,19.6,save,0.634,3,0.55
891656,19.8,52.5,48.8,24.1,save,0.071,75,0.55
891656,9.9,56.7,49.0,25.3,save,0.378,47,0.55
891656,12.7,33.8,54.1,23.4,goal,0.287,41,0.55
891656,18.2,52.2,51.9,23.4,goal,0.124,14,0.55
891656,27.7,59.3,46.6,1.3,save,0.229,84,0.55
891656,12.5,44.9,50.2,17.7,save,0.029,36,0.55
891656,22.4,62.9,54.2,4.4,save,0.44,19,0.55
891656,8.5,43.3,50.3,10.1,save,0.141,70,0.55
891656,6.1,57.9,50.0,20.9,save,0.142,90,0.55
891656,18.2,55.8,45.9,8.9,goal,0.259,90,0.55
891656,12.1,60.4,53.7,3.2,goal,0.453,32,0.55
891656,3.2,52.5,45.9,13.9,goal,0.954,45,0.55
891656,11.5,50.0,53.8,0.6,goal,0.994,20,0.55
891656,8.4,27.1,51.0,3.2,save,0.035,6,0.55
891656,19.0,50.1,54.0,4.4,goal,0.349,2,0.55
891656,5.7,68.4,45.9,17.1,save,0.157,85,0.55
891656,14.7,63.7,46.4,32.9,save,0.388,80,0.55
891656,6.2,35.6,53.4,1.9,goal,0.616,72,0.55
891656,18.9,59.6,47.4,1.9,save,0.133,70,0.55
50490,12.3,46.8,51.4,10.1,save,0.538,36,0.92
50490,26.3,40.9,53.9,31.6,save,0.507,32,0.92
50490,7.9,63.2,46.2,5.1,goal,0.171,27,0.92
50490,24.9,76.2,48.1,23.4,save,0.076,6,0.92
50490,12.8,43.0,48.3,1.9,goal,0.572,53,0.92
50490,19.1,45.0,50.6,15.8,save,0.022,13,0.92
50490,6.5,47.8,52.6,17.1,goal,0.181,11,0.92
50490,9.9,53.6,53.4,27.8,goal,0.537,2,0.92
50490,9.6,40.9,48.1,10.1,save,0.399,1,0.92
50490,6.4,50.3,51.9,16.5,save,0.471,75,0.92
50490,11.1,59.1,49.4,5.7,save,0.034,52,0.92
50490,19.8,38.7,51.2,13.3,save,0.028,47,0.92
50490,8.6,62.6,49.5,29.1,save,0.056,9,0.92
50490,11.9,61.1,49.2,0.6,save,0.052,90,0.92
50490,12.0,62.6,53.4,19.0,save,,69,0.92
50490,6.9,49.1,50.3,17.1,save,0.04,69,0.92
50490,5.4,48.2,52.5,19.0,goal,0.92,15,0.92
50490,9.2,63.4,52.6,19.0,save,,15,0.92
50490,7.4,50.3,47.7,23.4,goal,0.653,90,0.92
50490,4.8,49.1,50.1,14.6,save,0.071,29,0.92
50490,12.9,29.7,54.1,12.0,save,0.141,26,0.92
50490,3.9,28.9,47.6,25.3,save,0.294,19,0.92
50490,20.0,71.6,53.6,34.2,save,0.597,74,0.92
50490,22.8,51.5,49.4,11.4,save,0.018,55,0.92
50490,15.1,35.4,52.9,9.5,save,0.098,73,0.92
50490,9.7,49.1,51.6,2.5,save,0.092,60,0.92
50490,22.8,70.8,53.6,22.8,save,0.403,51,0.92
50490,11.5,50.0,54.0,1.3,goal,0.995,36,0.92
50490,11.5,50.0,53.6,2.5,goal,0.992,30,0.92
50490,9.5,44.7,51.0,17.1,save,0.037,15,0.92
50490,5.5,52.4,53.6,27.2,goal,0.934,88,0.92
50490,11.5,50.0,47.8,3.2,save,0.975,88,0.92
50490,22.2,40.1,46.5,27.2,save,0.436,45,0.92
50490,12.9,33.3,54.2,5.7,goal,0.236,42,0.92
50490,9.4,31.3,48.4,1.3,save,0.137,37,0.92
50490,3.3,44.3,52.0,4.4,save,0.648,28,0.92
50490,20.9,67.5,52.9,7.6,save,0.236,28,0.92
50490,11.2,36.7,49.7,4.4,goal,0.036,75,0.92
50490,22.8,33.2,47.0,7.6,save,0.209,56,0.92
50490,15.0,56.5,47.4,20.3,goal,0.15,35,0.92
50490,15.6,41.2,51.6,19.0,save,0.058,8,0.92
50490,10.7,47.9,48.5,24.7,save,0.118,7,0.92
50490,3.3,47.9,47.5,1.9,goal,0.972,25,0.92
50490,23.1,62.8,50.7,2.5,save,0.037,87,0.92
50490,22.8,60.9,45.9,16.5,save,0.242,64,0.92
50490,8.8,66.0,50.0,1.9,goal,0.026,52,0.92
50490,28.0,52.6,49.0,16.5,save,0.031,51,0.92
50490,27.9,48.5,49.4,4.4,save,0.026,40,0.92
50490,20.9,56.4,46.6,1.9,save,0.238,39,0.92
50490,9.3,32.0,49.2,3.2,save,0.049,13,0.92
50490,17.8,57.1,53.5,27.2,goal,0.409,11,0.92
50490,26.6,39.9,50.0,12.7,save,0.011,8,0.92
50490,13.4,46.3,52.0,29.1,goal,0.236,27,0.92
50490,10.5,47.4,47.3,24.1,goal,0.512,14,0.92
50490,13.4,45.2,52.9,7.0,save,0.164,90,0.92
50490,17.3,31.1,46.0,21.5,save,0.505,75,0.92
50490,22.9,27.4,53.6,3.2,save,0.189,34,0.92
50490,13.0,72.0,45.9,13.3,save,0.153,82,0.92
50490,24.1,43.7,45.4,0.6,goal,0.558,70,0.92
50490,7.7,56.6,45.6,32.9,save,0.573,35,0.92
50490,19.7,36.0,48.7,19.6,save,0.055,26,0.92
50490,11.6,45.6,50.8,14.6,save,0.042,1,0.92
50490,8.2,47.2,52.0,15.8,save,0.676,87,0.92
50490,5.0,57.9,49.2,10.1,save,0.464,69,0.92
50490,3.2,52.6,48.0,8.2,goal,,37,0.92
50490,9.4,56.2,53.7,30.4,save,0.583,21,0.92
50490,12.2,41.5,50.5,19.0,save,0.025,90,0.92
50490,21.0,57.3,53.9,5.1,save,0.408,71,0.92
50490,26.3,35.8,46.7,19.0,save,0.249,66,0.92
50490,15.6,55.1,54.4,13.3,goal,0.39,39,0.92
50490,13.5,62.8,45.8,1.9,save,0.313,4,0.92
50490,22.3,74.7,47.1,5.7,save,0.104,90,0.92
50490,24.3,44.2,49.7,15.8,save,0.019,63,0.92
50490,24.6,32.3,48.0,1.9,save,0.117,32,0.92
50490,7.1,31.7,50.5,3.8,save,0.029,30,0.92
50490,19.1,30.6,53.9,3.8,save,0.213,88,0.92
50490,13.0,30.1,51.6,5.1,save,0.05,87,0.92
50490,8.0,46.4,52.5,17.1,goal,0.706,48,0.92
50490,25.9,32.7,50.6,3.8,save,0.026,6,0.92
50490,22.1,39.4,47.4,35.4,save,0.36,72,0.92
50490,7.7,69.2,49.7,0.6,goal,0.189,51,0.92
50490,2.5,70.5,51.3,0.6,save,0.107,36,0.92
50490,12.4,48.2,54.3,10.1,save,0.333,82,0.92
50490,9.2,55.4,45.8,20.3,goal,0.346,75,0.92
50490,8.1,44.7,49.7,24.7,save,0.08,50,0.92
50490,9.1,56.9,53.1,1.3,goal,0.748,33,0.92
50490,3.4,40.4,52.7,22.8,save,0.118,18,0.92
50490,6.8,54.8,49.3,8.9,save,0.058,4,0.92
50490,26.4,68.0,52.5,16.5,goal,0.119,90,0.92
50490,6.7,36.1,48.2,0.6,save,0.158,14,0.92
50490,11.8,65.3,45.9,12.0,save,0.159,45,0.92
50490,28.6,31.3,47.4,17.7,save,0.133,74,0.92
50490,20.5,34.8,52.2,22.2,save,0.137,45,0.92
50490,20.7,37.0,47.3,3.2,save,0.191,29,0.92
50490,14.2,73.0,50.1,2.5,save,0.023,23,0.92
50490,28.6,31.6,51.0,14.6,save,0.024,88,0.92
50490,25.3,43.3,53.6,30.4,save,0.466,74,0.92
50490,8.5,44.7,47.9,15.2,save,0.106,87,0.92
50490,23.1,44.0,47.4,24.1,goal,0.192,64,0.92
50490,17.5,26.8,51.9,1.3,save,0.074,45,0.92
50490,11.8,55.5,54.6,19.0,save,0.554,45,0.92
50490,10.0,46.8,49.2,26.6,save,0.067,25,0.92
50490,15.7,58.8,49.7,32.9,save,0.07,25,0.92
50490,26.2,37.6,46.7,0.6,goal,,90,0.92
50490,9.6,66.1,46.9,28.5,save,0.231,90,0.92
50490,8.1,52.8,52.5,15.2,goal,0.514,82,0.92
50490,20.8,31.0,49.3,22.8,save,0.042,82,0.92
50490,18.4,54.0,53.5,6.3,goal,0.279,41,0.92
50490,9.0,56.5,53.0,5.1,save,0.261,38,0.92
50490,8.9,70.4,49.2,3.2,save,0.041,34,0.92
50490,21.2,24.5,52.9,5.1,goal,0.101,12,0.92
50490,2.1,60.6,46.9,22.2,save,0.205,82,0.92
50490,8.4,45.8,46.1,6.3,save,0.438,82,0.92
50490,30.0,56.6,53.9,20.9,save,0.351,63,0.92
50490,24.9,57.6,53.6,4.4,save,0.293,59,0.92
50490,19.8,47.6,47.7,25.9,save,0.19,45,0.92
50490,5.1,29.2,47.9,3.8,save,0.18,71,0.92
50490,25.5,6.6,48.5,27.8,save,0.121,69,0.92
50490,12.7,60.3,54.2,2.5,goal,0.856,24,0.92
50490,10.5,70.6,49.3,6.3,save,0.028,23,0.92
253391,2.5,69.2,46.6,5.1,goal,0.101,83,0.97
253391,7.2,47.9,46.1,14.6,goal,0.87,77,0.97
253391,3.5,57.0,46.7,15.8,goal,0.394,90,0.97
253391,7.3,56.4,49.7,12.7,save,0.272,88,0.97
253391,7.3,52.6,46.9,19.0,save,,84,0.97
253391,23.5,66.9,50.6,33.5,save,0.072,71,0.97
253391,10.2,43.4,46.2,24.7,save,0.573,70,0.97
253391,7.4,50.7,50.3,11.4,save,0.321,60,0.97
253391,8.0,46.6,52.6,11.4,save,0.516,60,0.97
253391,12.0,44.0,49.5,19.0,goal,0.158,45,0.97
253391,9.9,55.4,48.1,23.4,save,0.111,32,0.97
253391,15.5,51.6,48.7,34.8,save,0.167,19,0.97
253391,3.5,72.2,46.4,5.7,save,0.108,14,0.97
253391,11.7,51.8,47.1,18.4,goal,0.616,10,0.97
253391,8.1,50.3,50.3,1.9,save,0.071,26,0.97
253391,4.2,36.0,53.6,19.0,goal,0.594,72,0.97
253391,14.0,41.2,53.3,22.2,save,0.237,69,0.97
253391,20.9,27.9,47.4,31.6,save,0.326,48,0.97
253391,14.9,34.5,48.3,5.1,save,0.088,22,0.97
253391,11.7,62.0,52.7,1.9,save,0.263,18,0.97
253391,9.2,36.6,53.4,5.1,goal,0.467,42,0.97
253391,31.7,50.0,48.6,3.2,save,0.055,31,0.97
253391,14.2,56.7,49.6,5.7,save,0.102,31,0.97
253391,9.3,55.1,49.1,34.8,save,0.11,18,0.97
253391,13.2,35.6,47.7,2.5,save,0.196,90,0.97
253391,18.5,41.9,54.5,9.5,goal,0.292,74,0.97
253391,18.2,63.9,51.4,19.0,save,0.062,80,0.97
253391,6.0,45.2,50.3,15.2,save,0.131,70,0.97
253391,8.2,51.2,46.3,2.5,goal,0.906,58,0.97
253391,7.8,43.3,49.7,6.3,save,0.459,57,0.97
253391,7.0,50.5,51.0,1.9,goal,0.708,45,0.97
253391,10.8,47.1,48.1,1.3,save,0.46,90,0.97
253391,24.6,48.2,52.7,8.9,save,0.145,87,0.97
253391,6.8,32.0,54.0,14.6,save,0.141,74,0.97
253391,22.9,55.7,49.4,2.5,save,0.031,43,0.97
253391,22.1,35.8,46.5,8.2,save,0.25,34,0.97
253391,11.7,53.1,46.8,3.2,save,0.23,31,0.97
253391,16.3,53.2,48.1,1.3,goal,0.6,18,0.97
253391,14.5,46.4,52.5,32.3,goal,0.294,13,0.97
253391,9.5,58.4,50.4,14.6,save,0.022,7,0.97
253391,25.1,53.0,48.3,1.3,save,0.077,58,0.97
253391,10.7,34.8,51.0,19.0,save,0.037,14,0.97
253391,9.9,62.6,49.0,5.7,save,0.034,44,0.97
253391,10.5,39.2,49.8,4.4,save,0.027,26,0.97
253391,13.5,55.0,49.4,6.3,save,0.126,14,0.97
253391,13.9,33.8,51.0,4.4,save,0.037,84,0.97
253391,14.5,62.9,54.2,10.1,goal,0.409,79,0.97
253391,6.7,52.6,50.3,9.5,goal,0.422,50,0.97
253391,9.3,35.2,48.3,10.8,save,0.265,50,0.97
253391,2.3,41.1,53.2,12.0,goal,0.655,44,0.97
253391,13.9,34.7,52.6,31.6,save,0.203,19,0.97
253391,10.1,51.3,50.5,18.4,save,0.029,19,0.97
253391,30.6,62.4,47.5,20.3,save,0.12,90,0.97
253391,11.1,34.9,51.8,1.3,save,0.25,90,0.97
253391,11.6,41.1,47.9,5.1,goal,0.148,55,0.97
253391,11.5,50.0,46.6,9.5,goal,0.986,28,0.97
253391,8.8,46.2,49.4,23.4,goal,0.363,65,0.97
253391,6.2,25.1,53.9,1.9,save,0.183,45,0.97
253391,3.3,52.2,50.6,8.9,goal,0.62,27,0.97
253391,7.6,34.4,53.2,30.4,goal,0.614,25,0.97
253391,14.9,47.0,45.8,3.2,goal,0.843,19,0.97
253391,9.1,48.1,50.3,34.2,save,0.076,76,0.97
253391,23.4,40.9,47.1,3.8,save,0.199,70,0.97
253391,2.4,46.6,52.3,10.1,goal,0.628,58,0.97
253391,15.4,25.8,46.8,20.3,save,0.359,58,0.97
253391,24.3,33.3,52.3,5.7,save,0.072,56,0.97
253391,14.7,38.9,51.6,6.3,save,0.066,50,0.97
253391,20.8,40.9,46.9,25.9,goal,0.308,87,0.97
253391,9.0,58.4,49.6,23.4,save,0.214,83,0.97
253391,6.7,49.5,53.6,15.2,goal,,79,0.97
253391,14.8,44.8,51.3,23.4,save,0.071,77,0.97
253391,8.6,34.7,50.9,8.9,save,0.028,77,0.97
253391,4.5,44.5,52.3,3.2,save,0.4,55,0.97
253391,18.9,34.6,53.5,5.7,save,0.162,13,0.97
253391,14.7,33.0,47.3,17.7,save,0.21,10,0.97
253391,18.3,64.2,53.8,3.8,goal,0.4,48,0.97
253391,3.9,43.8,52.2,15.2,save,0.135,44,0.97
253391,7.1,32.7,46.3,1.9,save,0.566,42,0.97
253391,2.5,46.2,53.3,5.1,goal,0.916,90,0.97
253391,22.6,64.6,52.5,7.0,save,0.121,90,0.97
253391,8.4,53.0,48.0,31.6,save,0.214,88,0.97
253391,9.7,46.7,49.7,16.5,save,0.082,82,0.97
253391,8.9,62.0,53.0,16.5,save,0.27,79,0.97
253391,12.9,53.4,46.8,2.5,goal,0.631,13,0.97
253391,11.6,54.8,53.7,22.2,goal,0.4,64,0.97
253391,20.1,32.5,49.6,11.4,save,0.015,90,0.97
253391,27.9,28.9,54.2,3.2,save,0.28,87,0.97
253391,14.6,67.0,46.1,11.4,save,0.155,73,0.97
253391,7.6,30.3,54.3,2.5,save,0.228,68,0.97
253391,4.8,56.4,53.6,4.4,goal,0.921,23,0.97
253391,13.4,49.8,52.7,26.6,goal,0.261,78,0.97
253391,8.8,52.1,52.6,13.3,save,0.166,74,0.97
253391,13.9,38.2,51.6,15.2,save,0.047,61,0.97
253391,5.2,56.3,48.7,6.3,save,0.145,90,0.97
253391,29.1,44.5,50.3,12.0,save,0.013,37,0.97
253391,25.4,44.0,48.2,7.6,save,0.07,11,0.97
253391,23.3,59.0,52.6,4.4,save,0.154,88,0.97
253391,3.2,60.0,50.6,25.3,save,0.122,62,0.97
253391,6.7,68.2,49.1,29.1,save,0.075,62,0.97
253391,6.4,50.5,49.6,24.1,save,0.161,58,0.97
253391,11.4,60.5,47.1,12.0,goal,0.321,44,0.97
253391,6.5,59.5,47.8,15.2,save,0.068,90,0.97
253391,14.4,70.1,53.3,7.6,goal,0.293,69,0.97
253391,16.2,39.8,49.0,2.5,save,0.16,34,0.97
253391,24.2,36.3,46.2,23.4,goal,0.413,30,0.97
253391,19.8,40.8,51.9,1.3,save,0.087,26,0.97
253391,24.0,44.6,51.7,2.5,save,0.073,80,0.97
253391,9.0,53.8,52.9,10.1,goal,0.161,72,0.97
253391,4.4,60.6,47.4,12.7,save,0.101,65,0.97
253391,9.0,83.9,48.2,15.8,save,0.047,45,0.97
253391,6.7,49.3,47.7,21.5,goal,0.778,30,0.97
253391,3.8,47.0,53.1,0.6,goal,0.939,16,0.97
253391,17.7,56.8,50.0,2.5,save,0.025,90,0.97
253391,9.8,53.8,51.6,3.2,save,0.128,87,0.97
253391,23.2,29.9,52.9,34.2,save,0.329,66,0.97
253391,11.8,41.5,47.7,1.3,goal,0.689,55,0.97
253391,7.7,33.8,54.0,10.1,goal,0.192,43,0.97
253391,13.4,53.8,49.7,8.2,save,0.17,28,0.97
253391,7.7,56.8,46.1,5.7,goal,0.716,27,0.97
253391,26.5,37.1,53.2,11.4,save,0.104,23,0.97
253391,20.2,69.4,47.7,31.6,save,0.17,15,0.97
253391,12.3,17.0,53.9,24.7,save,0.247,7,0.97
253391,1.8,51.5,49.3,9.5,goal,0.955,90,0.97
253391,12.2,47.6,51.5,19.0,save,,69,0.97
253391,20.9,31.4,47.7,31.6,save,0.253,64,0.97
253391,43.9,71.8,45.6,20.3,save,0.313,55,0.97
253391,9.7,40.4,51.3,35.4,save,0.151,18,0.97
253391,25.5,61.4,51.6,9.5,save,0.047,8,0.97
253391,3.9,53.0,51.2,20.3,goal,0.306,84,0.97
253391,18.4,55.2,53.6,23.4,goal,0.356,73,0.97
253391,4.7,70.5,51.3,17.7,save,0.067,71,0.97
253391,9.8,64.4,49.7,2.5,goal,0.04,41,0.97
253391,22.8,48.4,48.7,1.3,save,0.064,12,0.97
253391,22.6,66.7,54.2,5.7,save,0.436,8,0.97
253391,14.1,72.6,49.4,3.8,save,0.031,86,0.97
253391,11.2,62.1,53.5,1.3,goal,0.778,13,0.97
253391,9.3,38.0,47.4,1.3,save,0.682,45,0.97
253391,3.0,68.6,47.1,1.9,save,0.1,1,0.97
253391,9.5,51.2,45.8,10.8,goal,0.321,66,0.97
253391,10.8,54.4,48.7,19.6,goal,0.3,45,0.97
253391,18.7,34.7,54.1,20.3,save,0.29,85,0.97
253391,4.7,35.3,50.0,5.1,save,0.114,77,0.97
253391,11.5,50.0,53.8,16.5,goal,0.991,73,0.97
253391,10.2,33.0,53.6,3.2,goal,0.198,64,0.97
253391,5.7,71.4,54.4,13.9,save,0.628,45,0.97
253391,7.5,50.2,51.6,12.0,goal,0.249,11,0.97
253391,25.0,46.7,52.3,4.4,save,0.097,3,0.97
253391,13.5,35.7,50.3,5.1,save,0.085,72,0.97
253391,23.9,27.4,53.9,3.8,save,0.21,52,0.97
253391,20.8,29.5,47.9,30.4,save,0.214,41,0.97
253391,18.5,68.4,49.2,35.4,save,0.085,22,0.97
253391,8.3,67.0,50.0,17.1,save,0.019,86,0.97
253391,10.1,66.2,50.9,18.4,save,0.045,72,0.97
253391,3.1,60.1,48.4,3.2,save,0.064,62,0.97
253391,13.1,44.0,45.6,1.9,goal,0.871,8,0.97
253391,12.1,33.3,49.8,2.5,save,0.027,84,0.97
253391,38.7,63.1,52.9,13.9,save,0.125,80,0.97
253391,6.4,31.8,51.7,30.4,save,0.107,13,0.97
253391,20.5,30.3,49.0,27.2,save,0.073,8,0.97
253391,23.6,61.6,48.7,25.3,save,0.066,90,0.97
253391,3.7,47.6,47.8,12.0,goal,0.905,56,0.97
253391,6.1,56.0,49.0,14.6,save,0.266,56,0.97
253391,10.3,46.7,47.7,14.6,save,0.099,54,0.97
253391,13.6,40.7,52.1,31.0,save,0.2,54,0.97
253391,16.2,38.2,48.7,16.5,save,0.058,32,0.97
253391,2.4,61.5,49.3,8.2,save,0.039,28,0.97
44906,8.5,66.9,53.9,15.8,save,0.915,69,0.84
44906,10.4,75.0,50.0,9.5,save,0.013,67,0.84
44906,20.4,25.4,52.7,13.9,save,0.068,65,0.84
44906,9.2,50.1,51.7,15.8,save,0.073,63,0.84
44906,20.2,73.6,46.4,8.9,save,0.13,53,0.84
44906,11.5,50.0,51.9,2.5,save,0.971,21,0.84
44906,23.8,46.0,52.9,11.4,goal,0.099,84,0.84
44906,22.9,32.9,52.7,32.9,goal,0.296,83,0.84
44906,13.2,53.4,51.5,17.7,goal,0.272,76,0.84
44906,8.4,27.7,51.5,1.3,save,0.058,47,0.84
44906,12.7,33.4,50.2,15.2,save,0.02,90,0.84
44906,9.0,64.2,52.2,3.8,goal,0.877,59,0.84
44906,29.2,69.7,47.1,13.9,save,0.101,57,0.84
44906,15.5,45.7,47.7,1.9,goal,0.199,13,0.84
44906,1.2,46.8,54.1,7.0,goal,0.987,55,0.84
44906,3.2,49.3,52.3,6.3,save,0.914,55,0.84
44906,8.2,48.6,52.9,16.5,save,0.185,55,0.84
44906,30.8,53.2,52.0,15.8,save,0.066,53,0.84
44906,25.4,61.7,50.7,28.5,save,0.057,90,0.84
44906,29.2,62.9,47.7,2.5,save,0.101,70,0.84
44906,11.6,44.2,50.2,11.4,save,0.016,65,0.84
44906,8.9,54.6,47.0,19.6,goal,0.241,45,0.84
44906,13.3,55.2,52.3,11.4,save,0.094,67,0.84
44906,11.7,57.9,50.0,5.1,save,0.282,80,0.84
44906,13.9,33.9,52.8,14.6,save,0.228,17,0.84
44906,28.4,43.0,48.6,12.0,save,0.032,73,0.84
44906,30.2,34.6,51.2,19.6,save,0.039,45,0.84
44906,12.5,52.3,52.6,12.0,save,0.098,27,0.84
44906,18.8,47.4,50.3,15.2,save,0.051,9,0.84
44906,6.6,71.6,48.6,19.6,save,0.044,7,0.84
44906,4.5,50.8,51.7,5.7,goal,0.932,28,0.84
44906,11.0,72.1,52.4,0.6,save,0.23,28,0.84
44906,7.4,57.2,46.9,26.6,goal,0.509,37,0.84
44906,14.5,27.0,48.7,1.9,save,0.071,22,0.84
44906,9.8,55.7,48.4,16.5,save,0.569,21,0.84
44906,3.8,32.9,54.4,1.3,save,0.23,10,0.84
44906,26.7,61.1,47.1,3.8,save,0.138,67,0.84
44906,7.7,52.3,51.8,17.7,save,0.113,58,0.84
44906,24.7,65.5,53.2,3.2,save,0.255,20,0.84
44906,6.9,53.4,49.3,24.7,save,0.233,19,0.84
44906,8.2,48.2,50.4,19.0,save,0.033,85,0.84
44906,21.7,51.6,53.2,10.8,save,0.232,68,0.84
44906,19.1,50.9,52.9,9.5,save,0.153,14,0.84
44906,12.2,52.9,52.0,17.7,save,0.09,71,0.84
44906,21.5,74.9,48.4,17.1,save,0.04,42,0.84
44906,19.1,53.4,53.3,19.0,save,0.239,31,0.84
44906,14.8,61.9,48.8,5.1,save,0.058,24,0.84
44906,16.4,50.3,53.6,6.3,goal,0.598,18,0.84
44906,14.9,53.3,48.7,3.2,save,0.071,7,0.84
44906,9.7,55.6,47.6,11.4,save,0.682,89,0.84
44906,27.7,46.8,52.9,24.7,save,0.251,18,0.84
44906,23.8,29.7,48.7,2.5,save,0.06,3,0.84
44906,7.0,48.0,52.9,20.3,goal,0.642,83,0.84
44906,4.8,56.0,47.9,3.8,goal,0.624,45,0.84
44906,11.5,50.0,47.1,0.6,save,0.988,42,0.84
44906,8.1,33.4,49.7,21.5,save,0.043,19,0.84
44906,24.3,68.3,48.8,7.6,save,0.031,90,0.84
44906,13.9,68.3,53.6,13.3,goal,0.312,34,0.84
44906,14.9,61.5,48.3,5.7,save,0.06,29,0.84
44906,14.5,40.9,46.8,11.4,goal,0.478,14,0.84
44906,14.7,52.8,49.6,3.2,goal,0.032,52,0.84
44906,10.9,45.3,46.6,6.3,goal,0.763,48,0.84
44906,28.0,54.5,45.8,3.8,save,0.333,42,0.84
44906,8.5,40.7,50.3,1.9,goal,0.041,23,0.84
44906,21.6,64.4,53.2,17.7,save,0.218,23,0.84
44906,4.5,62.2,45.8,10.8,save,0.586,22,0.84
44906,14.5,65.6,48.1,10.1,save,0.046,22,0.84
44906,14.4,18.8,46.9,8.2,goal,0.313,20,0.84
44906,3.7,53.4,46.4,1.9,goal,,69,0.84
44906,28.5,69.2,50.3,5.1,save,0.02,35,0.84
44906,7.0,30.8,52.9,3.2,goal,0.623,31,0.84
44906,16.9,50.4,45.9,3.8,goal,0.433,75,0.84
44906,17.8,48.0,50.1,8.2,save,0.032,51,0.84
44906,14.0,64.2,52.6,2.5,save,0.63,80,0.84
44906,13.5,53.2,46.4,1.9,save,0.283,31,0.84
44906,47.2,58.5,50.0,33.5,save,0.041,27,0.84
44906,26.6,47.9,50.2,10.8,save,0.014,55,0.84
44906,8.4,49.7,49.3,3.2,save,0.535,44,0.84
44906,25.1,68.5,48.3,15.8,save,0.043,79,0.84
44906,11.5,50.0,53.6,1.9,goal,0.993,48,0.84
44906,13.1,61.5,46.1,34.2,goal,0.531,17,0.84
44906,14.7,66.4,48.4,3.2,save,0.07,14,0.84
44906,10.4,39.8,52.3,7.6,save,0.335,90,0.84
44906,20.4,65.1,49.8,4.4,save,0.02,48,0.84
44906,27.0,38.5,47.2,13.3,save,0.117,24,0.84
44906,11.5,50.0,54.5,22.2,goal,0.996,90,0.84
44906,18.5,33.2,50.8,5.1,save,0.03,36,0.84
44906,29.9,64.8,51.3,25.3,save,0.075,24,0.84
44906,14.3,34.8,52.1,17.7,save,0.067,3,0.84
44906,11.5,50.0,47.7,1.9,goal,0.98,63,0.84
44906,8.2,49.3,49.3,10.8,save,0.03,45,0.84
44906,24.7,41.9,52.5,22.2,save,0.166,42,0.84
44906,25.7,43.0,48.0,4.4,save,0.087,40,0.84
44906,8.8,66.1,47.5,1.3,save,0.113,17,0.84
44906,18.1,69.9,53.9,3.2,save,0.472,66,0.84
44906,14.4,49.1,53.0,2.5,save,0.23,61,0.84
44906,15.7,56.1,49.4,5.7,save,0.028,54,0.84
44906,20.9,72.8,53.9,2.5,goal,0.454,44,0.84
44906,25.9,31.8,46.4,4.4,save,0.332,13,0.84
44906,12.4,49.4,50.8,19.0,save,0.034,15,0.84
44906,9.4,46.4,53.6,22.8,save,0.422,90,0.84
44906,13.7,39.4,48.0,3.8,save,0.15,56,0.84
44906,7.7,56.7,51.9,7.0,save,0.128,33,0.84
44906,9.8,43.9,49.7,31.6,save,0.087,52,0.84
44906,18.8,50.3,53.5,2.5,save,0.283,30,0.84
44906,5.1,33.7,54.2,18.4,save,0.182,8,0.84
44906,7.1,56.0,52.2,15.8,save,0.144,4,0.84
44906,14.5,40.9,51.2,29.1,save,0.088,84,0.84
44906,28.1,51.5,54.2,4.4,save,0.356,37,0.84
44906,11.2,27.2,50.0,14.6,save,0.014,34,0.84
44906,26.0,34.2,46.0,17.7,goal,0.37,13,0.84
44906,4.4,35.9,52.7,13.3,goal,0.058,11,0.84
44906,8.3,33.8,46.4,4.4,goal,0.8,22,0.84
44906,8.2,57.0,52.6,15.8,save,0.169,29,0.84
44906,13.4,68.8,51.0,5.7,save,0.049,63,0.84
44906,13.1,27.2,52.3,25.3,save,0.106,60,0.84
44906,12.8,29.5,49.9,3.8,save,0.022,38,0.84
44906,7.0,66.6,50.5,21.5,save,0.18,5,0.84
44906,30.6,47.0,46.8,4.4,save,0.194,84,0.84
44906,24.3,35.9,51.9,4.4,save,0.065,62,0.84
44906,8.8,32.6,48.4,22.2,save,0.114,28,0.84
44906,21.5,68.2,54.3,18.4,goal,0.487,21,0.84
44906,4.5,59.7,46.1,10.1,goal,0.76,11,0.84
44906,11.4,51.2,46.1,14.6,goal,0.271,80,0.84
44906,24.6,47.9,53.8,9.5,save,0.206,57,0.84
44906,13.5,5.0,52.6,22.2,save,0.089,42,0.84
17737,5.5,67.2,47.7,14.6,save,0.056,87,0.61
17737,13.0,46.2,49.7,24.1,save,0.224,63,0.61
17737,24.6,34.8,48.4,3.2,save,0.088,52,0.61
17737,9.8,61.4,47.0,6.3,save,0.114,38,0.61
17737,3.2,64.2,45.8,16.5,save,0.162,37,0.61
17737,10.0,47.0,51.2,2.5,goal,0.486,20,0.61
17737,12.4,43.1,46.7,9.5,goal,0.63,18,0.61
17737,18.8,74.8,45.9,5.7,save,0.195,90,0.61
17737,15.0,46.4,45.7,16.5,save,0.429,90,0.61
17737,26.7,61.7,53.2,19.6,save,0.236,90,0.61
17737,6.9,65.8,49.0,1.3,save,0.058,83,0.61
17737,15.3,48.5,47.6,8.9,save,0.097,29,0.61
17737,13.3,61.5,48.3,2.5,goal,0.424,90,0.61
17737,9.5,63.0,49.0,5.1,save,0.249,75,0.61
17737,8.8,31.7,51.0,22.2,save,0.139,59,0.61
17737,10.4,40.1,53.4,2.5,save,0.622,52,0.61
17737,4.8,66.8,47.1,2.5,save,0.364,30,0.61
17737,11.6,56.2,50.0,1.9,save,0.041,23,0.61
17737,10.0,46.8,53.4,4.4,goal,0.737,13,0.61
17737,18.5,50.4,48.7,17.7,goal,0.599,65,0.61
17737,3.6,37.9,49.6,4.4,goal,0.425,45,0.61
17737,9.0,44.5,46.1,19.0,goal,0.5,14,0.61
17737,8.9,33.3,45.9,0.6,save,0.689,81,0.61
17737,23.2,68.3,50.8,22.2,save,0.042,51,0.61
17737,12.9,47.2,52.9,6.3,goal,0.716,23,0.61
17737,16.9,70.1,47.5,5.1,save,0.095,90,0.61
17737,11.5,50.0,48.0,12.7,goal,0.952,84,0.61
17737,9.7,66.0,51.0,1.9,save,0.484,73,0.61
17737,16.0,34.0,46.2,6.3,goal,0.386,64,0.61
17737,8.2,64.8,51.9,4.4,save,0.519,56,0.61
17737,15.1,25.0,47.8,22.8,save,0.168,40,0.61
17737,3.5,71.1,47.9,1.9,save,0.08,30,0.61
17737,2.7,64.0,53.2,1.9,save,0.487,20,0.61
17737,21.3,39.2,49.7,2.5,save,0.025,18,0.61
17737,7.1,48.4,50.6,29.1,save,0.101,87,0.61
17737,14.0,47.2,53.6,27.8,save,0.418,79,0.61
17737,8.7,30.2,51.1,19.6,save,0.04,67,0.61
17737,28.7,58.5,47.0,5.7,save,0.141,64,0.61
17737,12.5,27.2,54.0,13.9,save,0.136,62,0.61
17737,8.7,46.6,53.4,8.2,goal,0.211,31,0.61
17737,21.6,65.2,49.0,32.9,save,0.081,85,0.61
17737,28.2,44.8,50.6,6.3,save,0.024,62,0.61
17737,17.9,45.1,51.2,6.3,save,0.042,40,0.61
17737,8.7,28.8,53.2,6.3,save,0.113,32,0.61
17737,25.1,55.5,50.6,5.7,save,0.027,32,0.61
17737,8.8,56.2,50.1,16.5,save,0.02,8,0.61
17737,28.7,41.3,51.6,17.1,save,0.049,57,0.61
17737,27.9,61.3,51.9,1.3,save,0.105,90,0.61
17737,25.1,28.6,54.0,29.1,goal,0.36,87,0.61
17737,11.7,28.4,52.2,32.9,save,0.155,72,0.61
17737,11.5,34.5,48.6,3.2,save,0.099,68,0.61
17737,22.5,56.0,50.6,14.6,save,0.02,16,0.61
17737,11.5,50.0,53.0,7.0,save,0.984,80,0.61
17737,4.8,50.2,53.4,13.9,goal,0.899,69,0.61
17737,9.4,45.2,47.7,11.4,save,0.097,40,0.61
17737,7.0,28.6,52.5,8.9,save,0.06,24,0.61
17737,7.0,50.4,53.5,12.7,goal,0.296,18,0.61
17737,22.2,49.0,46.7,4.4,save,0.251,68,0.61
17737,8.3,38.3,45.9,31.6,save,0.729,58,0.61
17737,17.0,56.2,53.4,5.1,save,0.303,88,0.61
17737,24.4,46.8,51.1,1.9,save,0.048,86,0.61
17737,22.8,62.0,46.4,5.1,save,0.206,59,0.61
17737,22.2,65.6,53.0,4.4,save,0.223,45,0.61
17737,15.1,38.8,54.0,3.8,save,0.279,41,0.61
17737,8.3,50.3,50.2,7.6,save,0.044,31,0.61
17737,23.4,57.5,54.0,11.4,save,0.27,24,0.61
17737,3.0,55.0,53.7,14.6,goal,,89,0.61
17737,22.6,29.8,48.0,5.1,save,0.101,88,0.61
17737,22.8,61.5,48.4,3.8,save,0.06,75,0.61
17737,12.9,46.2,48.1,4.4,save,0.129,68,0.61
17737,9.8,30.3,54.0,2.5,save,0.23,48,0.61
17737,29.7,35.6,48.5,10.1,save,0.04,45,0.61
17737,8.6,49.7,54.2,15.2,goal,0.381,44,0.61
17737,9.2,57.7,48.5,14.6,save,0.042,90,0.61
17737,30.0,44.2,46.0,15.2,goal,0.279,76,0.61
17737,23.5,55.8,52.8,7.0,save,0.142,17,0.61
17737,10.9,50.9,53.0,1.9,save,0.247,90,0.61
17737,9.5,75.2,46.3,5.7,save,0.13,76,0.61
17737,9.4,49.9,52.5,13.9,goal,0.329,70,0.61
17737,18.5,37.0,48.9,5.7,save,0.045,68,0.61
17737,14.7,64.2,46.0,5.1,save,0.294,32,0.61
17737,18.4,35.2,46.8,5.1,save,0.257,31,0.61
17737,11.1,72.4,48.4,15.8,save,0.044,13,0.61
17737,13.9,26.7,51.0,18.4,save,0.03,68,0.61
17737,12.6,61.8,47.4,10.1,save,0.12,43,0.61
17737,8.2,52.7,46.6,19.6,save,0.322,19,0.61
17737,13.9,43.1,51.5,6.3,goal,0.377,90,0.61
17737,27.1,67.3,53.6,3.2,save,0.339,58,0.61
17737,3.6,46.4,53.4,22.2,goal,,56,0.61
17737,14.8,54.2,47.0,19.6,save,0.222,53,0.61
17737,4.3,55.7,46.0,4.4,goal,0.879,49,0.61
17737,23.2,30.1,49.3,10.8,save,0.028,48,0.61
17737,9.2,37.5,45.9,17.7,goal,0.493,17,0.61
17737,9.0,47.8,50.7,5.1,save,0.526,84,0.61
17737,6.0,34.4,53.9,5.1,goal,0.558,47,0.61
17737,12.6,31.0,47.1,0.6,save,0.33,41,0.61
17737,13.2,44.7,51.2,9.5,save,0.165,22,0.61
17737,7.1,47.6,51.4,29.7,goal,0.488,8,0.61
17737,14.6,34.2,50.1,35.4,goal,0.064,84,0.61
17737,4.0,48.5,51.5,10.1,goal,0.282,56,0.61
17737,21.1,45.0,47.8,20.9,save,0.116,27,0.61
17737,15.7,48.0,46.4,1.9,goal,0.38,11,0.61
17737,11.7,30.1,49.3,7.0,save,0.033,1,0.61
17737,27.2,56.8,53.0,3.2,save,0.2,89,0.61
17737,8.8,51.0,50.8,28.5,save,0.085,82,0.61
17737,13.5,47.7,53.7,8.2,save,0.218,74,0.61
17737,3.5,60.7,46.1,24.1,save,0.219,73,0.61
17737,8.4,45.3,46.0,3.8,goal,0.581,66,0.61
17737,10.2,67.7,50.3,14.6,save,0.03,50,0.61
17737,18.4,44.6,51.6,10.8,save,0.041,45,0.61
17737,8.0,49.7,51.2,5.7,save,0.769,17,0.61
17737,11.3,31.8,51.9,15.2,save,0.051,82,0.61
17737,3.3,50.7,50.5,6.3,goal,,49,0.61
17737,13.6,47.8,53.9,1.3,goal,0.834,37,0.61
17737,14.3,25.8,50.6,13.3,save,0.016,55,0.61
17737,22.5,41.3,48.2,6.3,save,0.071,48,0.61
17737,26.4,50.9,53.4,2.5,save,0.25,73,0.61
17737,13.1,52.4,46.8,3.8,save,0.232,28,0.61
17737,3.0,56.9,51.0,20.9,goal,0.352,57,0.61
17737,22.7,75.7,52.3,2.5,save,0.156,53,0.61
17737,12.6,35.8,50.1,11.4,save,0.016,43,0.61
17737,2.7,56.1,48.4,5.1,goal,0.85,25,0.61
17737,24.5,33.6,46.4,13.9,save,0.249,90,0.61
17737,25.9,61.8,51.7,22.2,save,0.086,76,0.61
17737,18.3,62.5,52.0,13.9,save,0.082,75,0.61
17737,22.4,54.6,51.6,29.1,save,0.124,66,0.61
17737,18.8,47.0,53.8,8.9,save,0.27,59,0.61
17737,4.9,46.3,51.2,6.3,save,0.799,15,0.61
17737,25.2,70.2,53.2,7.0,save,0.218,77,0.61
17737,11.1,43.7,53.3,3.8,goal,0.827,72,0.61
17737,23.5,31.3,51.9,3.8,save,0.068,67,0.61
17737,9.1,61.6,51.3,15.2,save,0.059,54,0.61
17737,8.7,61.5,45.7,1.9,goal,0.658,81,0.61
17737,1.7,49.2,50.0,13.9,goal,0.822,74,0.61
17737,13.7,45.3,52.4,19.6,goal,0.14,45,0.61
17737,13.6,52.8,46.1,3.2,goal,0.377,5,0.61
17737,11.5,50.0,50.8,20.3,goal,0.923,87,0.61
17737,7.5,41.1,53.9,5.7,save,0.216,10,0.61
17737,13.0,51.2,52.9,12.0,save,0.138,57,0.61
17737,7.5,46.4,46.1,10.1,goal,0.45,48,0.61
17737,8.1,54.2,49.7,22.2,save,0.054,22,0.61
17737,11.5,50.0,52.8,25.9,goal,0.989,9,0.61
17737,8.3,42.3,53.3,13.9,save,0.135,66,0.61
17737,27.1,52.8,53.4,4.4,save,0.232,45,0.61
17737,3.9,52.8,50.8,2.5,goal,0.49,85,0.61
17737,22.9,70.8,45.9,5.7,save,0.22,51,0.61
17737,21.4,37.7,50.6,6.3,save,0.025,35,0.61
17737,8.1,47.2,53.7,9.5,save,0.245,5,0.61
17737,14.3,74.5,54.2,18.4,goal,0.538,49,0.61
17737,12.7,37.3,51.2,25.9,goal,0.224,36,0.61
17737,8.7,60.8,52.8,9.5,goal,0.285,45,0.61
17737,3.6,53.7,46.2,10.8,goal,0.97,4,0.61
17737,26.2,77.9,49.7,10.1,save,0.014,4,0.61
15497,2.6,57.5,47.0,8.2,goal,0.316,90,0.55
15497,19.2,28.6,47.0,4.4,save,0.249,82,0.55
15497,18.4,58.7,49.3,23.4,save,0.04,81,0.55
15497,7.5,50.3,52.2,25.9,save,0.212,80,0.55
15497,27.5,40.6,50.0,3.8,save,0.018,46,0.55
15497,24.4,47.7,47.8,25.9,save,0.145,8,0.55
15497,3.4,56.1,49.1,5.1,save,0.296,55,0.55
15497,3.3,52.6,52.9,7.0,goal,0.986,45,0.55
15497,11.1,32.9,50.7,7.0,save,0.027,45,0.55
15497,19.6,63.0,53.6,6.3,goal,0.298,22,0.55
15497,27.1,65.0,46.2,18.4,save,0.246,16,0.55
15497,2.7,61.2,49.4,8.2,save,0.026,90,0.55
15497,7.7,41.9,46.4,10.1,goal,0.32,77,0.55
15497,11.1,59.9,51.2,33.5,save,0.738,72,0.55
15497,10.2,54.9,45.8,29.7,save,0.516,45,0.55
15497,10.1,32.7,54.2,3.8,save,0.233,45,0.55
15497,8.3,42.5,48.0,20.9,save,0.146,32,0.55
15497,7.1,49.4,53.3,22.2,goal,0.567,27,0.55
15497,2.8,47.9,50.2,3.8,goal,0.923,22,0.55
15497,9.2,66.7,48.7,7.0,save,0.039,10,0.55
15497,8.5,33.7,48.4,14.6,save,0.087,3,0.55
15497,5.0,34.6,52.3,2.5,save,0.088,2,0.55
15497,7.5,47.0,50.6,16.5,goal,0.044,90,0.55
15497,11.4,35.8,50.5,8.9,save,0.025,90,0.55
15497,6.4,55.9,51.7,27.2,goal,0.175,80,0.55
15497,18.8,41.9,51.9,3.8,save,0.55,76,0.55
15497,10.8,32.5,51.9,5.7,save,0.313,46,0.55
15497,21.5,50.1,53.7,19.0,save,0.268,39,0.55
15497,18.7,58.3,50.5,2.5,save,0.032,11,0.55
15497,23.5,65.7,52.9,3.8,goal,0.236,85,0.55
15497,9.7,50.1,51.0,13.3,save,0.032,31,0.55
15497,8.4,56.6,53.9,5.7,goal,0.974,25,0.55
15497,11.5,50.0,53.7,13.3,goal,0.988,10,0.55
15497,7.0,41.2,53.9,15.2,save,0.173,75,0.55
15497,26.1,53.6,53.6,6.3,goal,0.24,63,0.55
15497,4.3,51.0,49.9,25.3,goal,0.447,57,0.55
15497,14.8,62.3,49.6,5.1,save,0.028,45,0.55
15497,14.9,39.1,46.6,1.9,goal,0.363,90,0.55
15497,19.3,26.2,45.7,26.6,goal,0.663,44,0.55
15497,18.8,72.8,54.5,17.1,goal,0.544,14,0.55
15497,15.7,37.3,50.7,12.0,save,0.019,90,0.55
15497,5.1,28.2,53.9,28.5,save,0.237,79,0.55
15497,11.9,43.6,47.3,0.6,save,0.285,55,0.55
15497,7.4,43.1,52.2,0.6,goal,0.591,44,0.55
15497,10.3,50.9,46.8,2.5,goal,0.934,37,0.55
15497,12.6,63.0,54.1,0.6,goal,0.584,87,0.55
15497,12.5,43.3,47.1,5.1,save,0.597,60,0.55
15497,6.3,57.9,53.9,6.3,goal,0.935,35,0.55
15497,7.6,50.4,52.3,1.9,goal,0.321,14,0.55
15497,7.4,32.3,48.4,4.4,save,0.533,10,0.55
15497,12.5,60.1,53.6,5.1,goal,0.84,7,0.55
15497,8.5,49.9,46.6,5.7,goal,0.777,45,0.55
15497,10.2,61.3,52.5,13.9,save,0.125,44,0.55
15497,9.2,45.6,50.5,25.9,save,0.049,42,0.55
15497,8.0,48.9,51.7,3.8,save,0.519,18,0.55
15497,26.1,37.4,54.1,3.2,save,0.293,10,0.55
15497,4.2,32.3,52.7,17.1,save,0.074,82,0.55
15497,3.8,41.5,51.1,10.8,goal,0.398,76,0.55
15497,9.4,42.1,50.3,18.4,save,0.345,76,0.55
15497,1.1,48.2,52.9,1.9,goal,0.994,51,0.55
15497,10.5,33.1,51.2,3.8,save,0.044,51,0.55
15497,10.8,37.1,48.6,1.9,goal,0.716,40,0.55
15497,1.3,49.7,50.8,1.9,goal,0.981,12,0.55
15497,25.4,36.9,49.3,19.0,save,0.03,87,0.55
15497,10.9,30.1,50.5,17.7,save,0.025,49,0.55
15497,25.4,62.4,52.5,10.1,save,0.098,32,0.55
15497,9.5,47.3,49.0,17.1,save,0.053,30,0.55
15497,8.2,50.9,54.0,7.6,goal,,17,0.55
15497,3.2,50.1,51.0,5.1,goal,0.97,90,0.55
15497,5.7,45.6,50.4,36.1,save,0.151,62,0.55
15497,15.4,52.1,50.2,7.0,save,0.02,51,0.55
15497,3.8,53.0,47.3,9.5,goal,0.976,40,0.55
15497,9.2,49.3,50.6,20.3,save,0.045,30,0.55
15497,16.9,34.6,47.3,13.3,goal,0.154,19,0.55
15497,10.1,43.6,48.4,17.1,goal,0.498,17,0.55
15497,9.4,40.3,54.4,13.9,save,0.222,10,0.55
15497,12.6,58.9,49.4,30.4,save,0.222,6,0.55
15497,5.4,60.2,49.4,19.6,save,0.033,3,0.55
15497,13.0,35.8,53.9,17.7,save,0.649,90,0.55
15497,10.2,64.8,52.9,13.9,goal,0.509,83,0.55
15497,10.0,35.6,46.4,8.2,goal,0.723,78,0.55
15497,4.2,55.6,48.8,19.0,save,0.23,56,0.55
15497,9.2,61.2,53.7,6.3,save,0.394,52,0.55
15497,10.2,53.1,48.6,10.1,save,0.043,39,0.55
15497,5.0,50.3,48.8,13.9,save,0.322,6,0.55
15497,9.5,62.9,46.3,22.2,save,0.205,73,0.55
15497,11.5,50.0,50.6,9.5,goal,0.877,58,0.55
15497,7.0,61.1,50.5,13.3,save,0.022,33,0.55
15497,9.8,36.6,54.0,29.1,goal,0.724,13,0.55
15497,26.6,55.2,51.8,12.0,save,0.044,8,0.55
15497,3.2,45.0,50.3,22.2,goal,0.612,66,0.55
15497,11.5,50.0,53.2,7.0,goal,0.986,51,0.55
15497,20.2,64.2,53.4,9.5,save,0.222,67,0.55
15497,12.3,43.4,47.1,4.4,goal,0.868,90,0.55
15497,11.5,50.0,46.4,3.8,goal,0.992,88,0.55
15497,9.5,51.5,49.3,24.1,save,0.054,46,0.55
15497,10.0,34.8,47.1,25.3,goal,,23,0.55
15497,9.4,54.0,47.0,10.1,goal,0.136,90,0.55
15497,5.4,41.1,47.9,31.6,goal,0.885,65,0.55
15497,26.3,61.6,51.2,8.2,save,0.036,64,0.55
15497,8.0,51.1,46.0,9.5,goal,0.613,90,0.55
15497,8.8,30.1,50.7,3.2,save,0.032,90,0.55
15497,8.0,42.5,53.2,2.5,save,0.742,90,0.55
15497,17.6,32.8,51.3,13.9,save,0.028,72,0.55
15497,23.8,55.6,46.4,10.1,save,0.176,45,0.55
15497,11.5,50.0,54.3,12.7,goal,0.992,45,0.55
15497,6.8,62.7,49.6,4.4,save,0.218,33,0.55
15497,13.9,46.9,53.4,5.1,save,0.721,65,0.55
15497,4.5,32.5,49.1,1.3,goal,0.374,20,0.55
15497,5.8,42.5,47.6,19.6,goal,0.829,9,0.55
15497,26.9,63.6,52.2,3.2,save,0.116,9,0.55
15497,4.2,70.3,46.1,31.0,save,0.264,5,0.55
15497,10.9,52.5,48.5,19.0,goal,0.346,89,0.55
15497,11.6,54.6,46.2,3.2,goal,0.828,83,0.55
15497,24.0,40.8,52.2,4.4,save,0.086,62,0.55
15497,10.7,39.9,47.4,0.6,goal,0.312,52,0.55
15497,4.9,34.4,51.6,15.8,save,0.18,51,0.55
15497,18.9,46.6,52.8,21.5,goal,0.165,47,0.55
15497,26.5,42.5,53.5,22.8,save,0.246,32,0.55
15497,8.3,31.1,53.2,12.7,save,0.114,23,0.55
15497,9.2,54.1,49.7,20.9,save,0.044,20,0.55
15497,12.7,50.5,50.9,12.0,save,0.038,12,0.55
15497,10.8,53.6,52.7,13.3,save,0.141,8,0.55
15497,10.8,55.6,46.1,10.8,save,0.193,90,0.55
15497,7.7,56.5,53.3,10.8,goal,0.831,90,0.55
15497,24.6,70.3,50.6,21.5,save,0.034,85,0.55
15497,3.9,47.6,48.7,7.6,save,0.915,82,0.55
15497,8.4,46.9,50.3,12.0,save,0.072,82,0.55
15497,14.5,55.5,51.0,22.2,save,0.06,60,0.55
15497,27.2,65.5,47.1,0.6,save,0.162,45,0.55
15497,4.4,50.6,49.2,7.6,goal,0.361,17,0.55
15497,6.8,43.3,52.1,13.9,save,0.535,86,0.55
15497,26.1,28.7,53.3,11.4,save,0.101,84,0.55
15497,2.3,59.1,48.1,1.9,save,0.117,82,0.55
15497,15.7,52.4,48.3,6.3,save,0.068,82,0.55
15497,4.5,38.6,49.4,17.7,save,0.036,79,0.55
15497,13.1,49.7,51.9,3.2,goal,0.108,52,0.55
15497,19.2,73.4,48.1,17.1,save,0.052,38,0.55
15497,3.0,49.8,50.4,8.9,goal,0.876,36,0.55
15497,8.5,31.8,48.8,8.2,save,0.052,10,0.55
15497,11.5,50.0,53.2,1.3,goal,0.99,43,0.55
15497,12.4,52.0,51.0,19.0,save,0.042,30,0.55
15497,14.8,50.4,51.6,3.8,save,0.082,84,0.55
15497,22.0,49.0,52.0,5.7,save,0.081,78,0.55
15497,8.7,55.5,49.2,17.1,goal,0.25,56,0.55
15497,23.8,61.2,51.4,3.8,save,0.061,52,0.55
15497,9.7,70.5,49.0,21.5,save,0.038,52,0.55
15497,14.2,26.2,46.4,17.1,goal,0.381,17,0.55
15497,21.9,38.5,53.1,32.3,save,0.304,17,0.55
15497,5.6,53.4,52.5,22.8,save,0.864,7,0.55
15497,11.5,50.0,53.9,20.9,goal,0.994,6,0.55
15497,9.8,47.8,50.6,19.0,save,0.036,90,0.55
15497,7.0,48.7,47.7,24.1,goal,0.692,88,0.55
15497,11.4,41.7,51.3,27.8,goal,0.357,79,0.55
15497,25.3,35.4,49.7,25.3,save,0.031,54,0.55
15497,16.2,60.2,46.4,23.4,save,0.287,37,0.55
15497,9.4,43.7,51.0,3.2,save,0.056,17,0.55
15497,8.0,68.5,52.2,3.8,save,0.425,44,0.55
15497,18.7,67.2,53.6,5.7,goal,0.373,35,0.55
15497,10.5,33.0,47.8,12.7,save,0.112,16,0.55
15497,7.5,52.2,52.6,15.2,save,0.188,3,0.55
15497,15.4,30.6,46.8,3.2,goal,0.352,82,0.55
15497,18.8,48.9,47.4,17.1,save,0.125,61,0.55
15497,7.4,54.2,47.1,12.0,save,0.137,58,0.55
15497,13.5,66.6,46.6,15.8,save,0.142,46,0.55
15497,12.9,56.0,45.6,7.6,save,0.368,41,0.55
15497,21.4,59.4,52.1,26.6,save,0.16,15,0.55
15497,6.8,65.2,51.6,17.7,goal,0.423,13,0.55
15497,13.0,63.7,49.0,5.7,save,0.038,5,0.55
15497,12.6,52.7,50.6,1.9,save,0.339,78,0.55
15497,13.0,38.6,50.6,12.0,save,0.024,67,0.55
15497,4.3,35.7,48.8,5.7,save,0.072,63,0.55
15497,3.7,48.9,45.8,3.8,goal,0.993,34,0.55
15497,23.2,70.3,49.8,20.3,save,0.02,19,0.55
15497,19.5,35.7,48.6,5.1,save,0.097,18,0.55
15497,8.9,45.3,50.6,1.3,goal,0.312,89,0.55
15497,11.5,50.0,49.4,0.6,goal,0.929,85,0.55
15497,11.8,54.0,51.6,20.3,goal,0.099,77,0.55
15497,19.0,47.6,53.4,7.0,save,0.202,76,0.55
15497,8.1,49.8,53.9,4.4,goal,0.86,62,0.55
15497,24.0,58.1,50.4,5.7,save,0.023,1,0.55
15497,8.4,66.4,51.1,25.9,save,0.305,83,0.55
15497,11.5,50.0,48.4,0.6,goal,0.965,82,0.55
15497,20.9,45.4,48.1,1.3,save,0.119,44,0.55
15497,13.9,54.1,52.8,0.6,save,0.248,25,0.55
15497,5.7,35.8,50.2,0.6,goal,0.034,18,0.55
15497,25.6,61.7,52.6,1.3,save,0.184,17,0.55
15497,13.5,62.3,52.8,1.3,goal,0.267,9,0.55
15497,11.5,50.0,53.6,23.4,goal,0.993,90,0.55
15497,11.5,70.3,47.4,13.9,save,0.06,90,0.55
15497,26.2,38.0,54.2,7.0,save,0.256,75,0.55
15497,18.7,47.9,50.6,8.9,save,0.022,58,0.55
15497,14.2,36.3,51.5,6.3,save,0.051,18,0.55
15497,9.4,57.9,54.3,15.2,goal,0.481,6,0.55
15497,13.3,52.4,52.6,10.8,goal,0.36,50,0.55
15497,21.4,41.2,47.4,12.0,goal,0.101,41,0.55
15497,4.3,56.7,46.3,2.5,goal,0.542,15,0.55
15497,12.9,65.5,50.3,22.8,save,0.048,49,0.55
15497,4.8,49.3,49.0,14.6,save,0.137,25,0.55
15497,7.7,52.2,46.4,20.3,goal,0.342,12,0.55
15497,4.8,49.7,52.9,10.1,goal,0.418,82,0.55
15497,6.4,57.9,51.6,9.5,save,0.08,33,0.55
15497,9.8,48.0,49.0,2.5,goal,0.303,17,0.55
15497,22.0,43.7,46.5,2.5,save,0.298,67,0.55
15497,12.1,49.3,45.5,7.6,goal,0.53,57,0.55
15497,12.7,31.8,53.1,17.7,save,0.115,46,0.55
15497,6.8,45.4,51.0,6.3,save,0.054,44,0.55
15497,26.2,41.0,49.4,20.9,save,0.03,6,0.55
15497,27.8,47.8,52.4,7.0,save,0.092,3,0.55
592794,7.0,33.0,49.4,0.6,save,0.05,65,0.81
592794,24.1,26.2,53.2,7.0,save,0.12,61,0.81
592794,4.2,47.2,46.1,21.5,goal,0.825,12,0.81
592794,2.0,47.4,52.9,24.1,goal,0.988,9,0.81
592794,23.2,73.0,52.8,21.5,save,0.22,48,0.81
592794,14.5,30.9,46.9,0.6,goal,0.343,42,0.81
592794,22.3,57.9,46.6,20.3,goal,0.29,40,0.81
592794,7.8,62.9,51.9,5.1,save,0.154,32,0.81
592794,8.4,70.5,50.4,5.1,save,0.029,24,0.81
592794,7.0,44.9,54.3,4.4,goal,0.741,4,0.81
592794,3.8,55.3,45.8,19.0,goal,0.525,88,0.81
592794,22.5,40.0,47.5,15.8,save,0.127,67,0.81
592794,11.5,50.0,54.2,8.9,goal,0.993,59,0.81
592794,12.5,47.0,51.0,11.4,save,0.039,55,0.81
592794,5.5,56.4,52.9,13.9,goal,0.345,90,0.81
592794,18.9,52.5,46.5,3.2,save,0.252,60,0.81
592794,14.6,71.7,53.9,23.4,goal,0.536,62,0.81
592794,8.1,50.0,46.2,16.5,goal,0.329,9,0.81
592794,3.2,48.1,48.2,12.7,save,0.952,83,0.81
592794,10.1,53.8,53.7,19.0,goal,0.658,73,0.81
592794,13.3,38.3,47.1,0.6,goal,0.764,50,0.81
592794,28.8,47.8,51.5,12.7,save,0.034,36,0.81
592794,21.3,39.9,46.1,16.5,save,0.318,35,0.81
592794,11.5,50.0,46.8,1.9,save,0.99,30,0.81
592794,13.7,71.6,53.9,1.3,goal,0.533,81,0.81
592794,24.7,55.3,53.8,8.2,save,0.259,67,0.81
592794,9.1,33.3,52.5,3.2,save,0.104,61,0.81
592794,14.5,33.1,54.2,0.6,save,0.33,21,0.81
592794,4.5,50.4,50.0,34.2,goal,0.543,64,0.81
592794,17.8,52.8,47.4,2.5,save,0.15,28,0.81
592794,3.5,56.5,48.1,22.8,save,0.109,89,0.81
592794,28.0,54.0,45.9,14.6,save,0.293,53,0.81
592794,12.5,63.8,47.5,7.6,save,0.092,47,0.81
592794,9.9,48.2,49.0,17.7,goal,0.054,43,0.81
592794,6.9,59.5,47.8,15.2,save,0.083,13,0.81
592794,7.0,64.4,53.0,3.2,save,0.54,13,0.81
592794,10.8,32.2,46.1,5.7,goal,0.523,88,0.81
592794,10.5,30.8,49.9,25.9,save,0.033,78,0.81
592794,20.4,55.1,53.6,8.2,save,0.249,74,0.81
592794,19.2,19.2,49.4,5.1,save,0.028,46,0.81
592794,17.7,55.9,54.0,8.2,goal,0.368,45,0.81
592794,3.6,51.0,52.8,5.7,goal,0.982,26,0.81
592794,8.8,52.6,50.0,20.3,save,0.042,62,0.81
592794,4.4,53.4,49.3,1.3,save,0.836,48,0.81
592794,22.2,68.1,49.4,3.8,save,0.028,48,0.81
592794,23.2,49.3,48.7,22.8,save,0.06,35,0.81
592794,23.9,26.7,47.4,24.7,save,0.217,28,0.81
592794,9.5,31.5,53.6,3.2,goal,0.68,25,0.81
592794,17.0,47.2,46.9,20.3,goal,0.506,47,0.81
592794,10.7,64.4,47.4,1.3,save,0.127,32,0.81
592794,9.2,43.2,54.0,10.8,save,0.207,27,0.81
592794,9.9,46.6,54.2,12.0,save,0.267,7,0.81
592794,8.8,53.0,47.1,32.3,goal,0.902,90,0.81
592794,24.8,62.0,47.8,20.9,save,0.09,74,0.81
592794,3.0,62.1,48.7,23.4,save,0.046,24,0.81
592794,3.8,48.1,52.7,32.3,save,0.794,45,0.81
592794,27.4,49.8,45.8,5.1,goal,0.342,17,0.81
592794,8.1,53.3,53.4,8.2,goal,0.544,72,0.81
592794,26.3,25.5,53.6,15.2,save,0.136,48,0.81
592794,11.5,50.0,46.5,1.9,save,0.992,68,0.81
592794,4.2,34.5,50.1,1.9,save,0.029,65,0.81
592794,13.3,45.5,52.9,4.4,save,0.187,55,0.81
592794,26.5,40.9,50.2,15.8,save,0.015,90,0.81
592794,6.3,51.8,45.8,32.9,goal,0.744,66,0.81
592794,2.7,47.6,51.2,2.5,save,0.961,64,0.81
592794,19.3,62.5,54.0,7.6,goal,0.373,53,0.81
592794,5.2,47.2,46.2,3.2,goal,0.928,43,0.81
592794,26.2,48.3,50.2,5.1,save,0.019,5,0.81
592794,26.0,36.6,46.4,30.4,goal,0.492,29,0.81
592794,17.9,76.7,47.1,22.8,save,0.128,16,0.81
592794,5.1,44.3,46.7,16.5,goal,0.385,51,0.81
592794,13.1,72.7,48.0,5.1,save,0.06,27,0.81
592794,3.8,47.5,51.0,24.7,goal,0.886,72,0.81
592794,15.5,32.5,49.9,17.7,save,0.018,46,0.81
592794,14.9,65.2,49.8,1.9,save,0.346,43,0.81
592794,12.6,54.0,46.0,2.5,goal,0.848,90,0.81
592794,9.8,36.2,52.4,20.3,save,0.601,84,0.81
592794,13.0,47.2,46.1,15.8,goal,0.351,76,0.81
592794,4.3,51.9,48.6,3.2,save,0.874,21,0.81
592794,10.1,72.5,54.4,19.0,goal,0.668,90,0.81
592794,22.1,31.2,52.3,1.3,save,0.102,57,0.81
592794,12.6,69.9,46.3,7.6,save,0.14,35,0.81
592794,8.5,54.2,52.4,21.5,save,0.193,71,0.81
592794,8.5,51.3,53.2,7.0,goal,0.24,53,0.81
592794,6.7,30.3,52.4,13.9,save,0.055,47,0.81
592794,4.7,44.1,54.0,21.5,save,0.325,45,0.81
592794,12.5,50.7,46.6,4.4,save,0.268,22,0.81
592794,3.0,48.9,53.0,3.8,goal,0.982,85,0.81
592794,5.4,48.2,53.2,1.3,goal,0.966,62,0.81
592794,22.5,53.6,54.1,5.7,goal,0.383,44,0.81
592794,4.8,46.2,50.3,15.2,save,0.485,39,0.81
592794,27.4,64.4,52.9,4.4,save,0.183,81,0.81
592794,18.7,45.4,53.7,1.3,save,0.34,76,0.81
592794,13.8,60.4,52.7,11.4,save,0.144,73,0.81
592794,10.5,44.7,52.6,16.5,save,0.104,68,0.81
592794,10.7,44.3,49.0,31.0,goal,0.12,60,0.81
592794,9.3,47.0,50.4,12.7,save,0.02,57,0.81
592794,2.0,61.2,47.3,1.9,save,0.109,47,0.81
592794,6.4,53.8,50.6,31.6,save,0.125,2,0.81
592794,3.8,42.3,53.3,13.3,save,0.16,2,0.81
592794,11.2,50.3,50.6,17.1,save,0.027,68,0.81
592794,22.7,33.9,54.3,3.2,save,0.307,67,0.81
592794,8.1,26.0,54.3,3.2,save,0.211,45,0.81
592794,11.5,61.2,50.1,11.4,save,0.015,45,0.81
592794,6.9,49.6,54.1,8.9,goal,0.394,31,0.81
592794,5.4,49.7,52.6,23.4,goal,0.806,22,0.81
592794,15.7,40.5,51.1,5.1,save,0.042,37,0.81
592794,9.6,61.3,46.3,33.5,save,0.381,28,0.81
592794,9.1,45.6,53.4,22.2,save,0.27,8,0.81
592794,7.5,46.4,53.6,26.6,goal,0.967,80,0.81
592794,9.0,56.4,50.8,8.2,save,0.045,79,0.81
592794,23.1,73.2,50.2,17.1,save,0.017,41,0.81
592794,16.3,73.2,50.0,11.4,save,0.011,87,0.81
592794,24.6,57.3,50.5,15.2,save,0.019,73,0.81
592794,19.3,26.5,48.2,19.0,save,0.088,55,0.81
592794,19.5,33.1,47.7,7.6,save,0.116,25,0.81
592794,12.3,34.8,46.5,3.8,goal,0.395,52,0.81
592794,3.4,57.1,46.4,3.2,goal,0.822,30,0.81
592794,8.6,48.6,53.7,7.6,goal,0.414,56,0.81
592794,2.5,47.2,51.0,26.6,goal,0.687,40,0.81
592794,27.3,41.7,46.2,13.9,save,0.239,39,0.81
592794,13.7,50.9,47.1,5.7,save,0.192,90,0.81
592794,3.8,29.7,53.3,15.2,save,0.081,74,0.81
592794,11.5,50.0,47.4,2.5,goal,0.984,7,0.81
592794,28.9,65.0,50.3,11.4,save,0.013,18,0.81
38618,6.9,47.2,53.3,2.5,goal,,63,0.92
38618,2.1,54.8,47.1,26.6,goal,0.678,56,0.92
38618,11.5,50.0,48.4,1.3,goal,0.966,90,0.92
38618,14.5,49.0,52.6,8.9,goal,0.133,71,0.92
38618,14.2,68.1,49.0,1.3,save,0.05,59,0.92
38618,11.3,42.4,50.6,9.5,save,0.021,85,0.92
38618,10.9,42.3,49.4,3.2,save,0.395,85,0.92
38618,13.6,68.3,52.0,4.4,save,0.125,76,0.92
38618,28.5,48.0,53.8,4.4,goal,0.319,60,0.92
38618,7.3,40.7,53.8,19.6,save,0.686,31,0.92
38618,11.1,48.7,50.0,6.3,save,0.23,3,0.92
38618,27.7,47.0,53.4,2.5,save,0.256,85,0.92
38618,13.8,68.3,50.0,2.5,save,0.031,75,0.92
38618,10.0,47.5,49.0,1.9,save,0.368,66,0.92
38618,15.0,43.1,50.0,1.3,goal,0.34,61,0.92
38618,6.9,46.1,46.6,5.6,save,,54,0.92
38618,14.2,47.2,49.1,7.0,save,0.034,46,0.92
38618,8.1,48.4,53.0,17.7,goal,0.708,15,0.92
38618,2.5,58.5,50.3,6.3,goal,0.068,11,0.92
38618,7.6,40.0,52.9,6.3,save,0.524,69,0.92
38618,12.0,53.8,52.9,5.7,goal,0.255,66,0.92
38618,8.3,55.3,53.7,1.9,goal,0.947,62,0.92
38618,3.6,49.7,46.1,8.2,goal,0.97,58,0.92
38618,8.8,44.2,48.1,6.3,goal,0.109,54,0.92
38618,16.0,65.8,50.0,25.3,save,0.028,54,0.92
38618,8.4,54.8,50.0,13.3,save,0.256,52,0.92
38618,8.4,67.0,48.2,14.6,save,0.055,43,0.92
38618,2.4,57.2,48.1,2.5,save,0.904,36,0.92
38618,19.8,35.7,46.1,3.8,goal,0.406,17,0.92
38618,15.6,51.9,48.4,8.9,save,0.052,28,0.92
38618,3.8,51.5,49.6,29.7,goal,0.941,44,0.92
38618,9.8,51.9,49.6,17.7,save,0.044,22,0.92
38618,9.2,54.2,50.3,7.0,goal,0.295,90,0.92
38618,11.5,50.0,52.9,2.5,goal,0.986,52,0.92
38618,7.3,46.0,53.2,11.4,goal,0.272,84,0.92
38618,8.0,54.3,50.3,15.8,save,0.326,78,0.92
38618,8.4,53.0,52.0,7.6,goal,0.662,59,0.92
38618,8.1,30.3,53.7,19.0,save,0.167,45,0.92
38618,25.7,21.5,53.8,20.3,save,0.184,45,0.92
38618,11.7,36.2,48.7,1.3,goal,0.099,20,0.92
38618,3.9,48.7,52.9,25.3,save,0.744,13,0.92
38618,27.7,59.8,51.1,3.8,save,0.058,82,0.92
38618,18.9,52.0,46.5,3.2,goal,0.848,79,0.92
38618,14.1,36.1,51.6,1.9,save,0.069,48,0.92
38618,9.1,29.7,50.8,13.3,save,0.02,32,0.92
38618,24.7,28.6,52.8,20.9,save,0.118,32,0.92
38618,19.0,34.3,46.8,6.3,save,0.254,90,0.92
38618,10.0,66.5,51.3,3.2,save,0.101,88,0.92
38618,8.6,66.5,51.9,2.5,save,0.161,75,0.92
38618,11.6,44.4,51.8,15.8,save,0.055,66,0.92
38618,24.7,33.8,45.9,11.4,goal,0.315,50,0.92
38618,6.1,64.6,46.8,7.0,save,0.458,90,0.92
38618,9.4,49.5,51.6,15.2,save,0.408,90,0.92
38618,18.4,28.3,53.2,24.1,goal,0.189,75,0.92
38618,2.7,56.4,52.6,3.2,save,0.93,68,0.92
38618,10.1,53.4,54.3,31.0,goal,0.968,58,0.92
38618,15.5,30.9,52.0,10.8,save,0.05,56,0.92
38618,4.0,56.1,46.9,2.5,save,0.65,43,0.92
38618,4.9,47.8,53.2,5.7,goal,0.959,22,0.92
38618,18.2,54.3,51.4,1.9,save,0.082,22,0.92
38618,16.0,47.0,51.3,21.5,save,0.064,20,0.92
38618,5.1,30.3,51.9,1.9,save,0.079,7,0.92
38618,7.5,57.0,54.3,13.9,goal,0.593,90,0.92
38618,2.9,57.8,51.4,2.5,save,0.64,71,0.92
38618,11.5,50.0,53.3,6.3,goal,0.988,64,0.92
38618,13.2,55.2,52.4,8.2,save,0.175,42,0.92
38618,3.8,46.8,51.4,22.8,goal,0.567,11,0.92
38618,29.7,53.2,46.5,3.8,save,0.264,4,0.92
38618,16.3,64.9,47.4,19.6,save,0.115,79,0.92
38618,10.2,36.8,53.7,29.7,goal,0.351,75,0.92
38618,14.6,57.4,49.4,3.2,save,0.035,67,0.92
38618,15.7,43.3,46.4,19.0,goal,0.37,51,0.92
38618,9.0,45.5,47.7,1.9,goal,0.685,47,0.92
38618,8.1,34.4,53.1,1.3,save,0.422,45,0.92
38618,7.7,60.7,50.3,7.0,goal,0.217,41,0.92
38618,8.1,57.1,53.0,1.9,goal,0.399,31,0.92
38618,9.1,58.9,54.3,3.8,goal,0.94,29,0.92
38618,9.5,35.0,46.7,1.3,goal,0.436,31,0.92
38618,10.5,40.3,47.2,3.8,goal,0.318,86,0.92
38618,14.7,32.0,46.4,6.3,goal,0.371,83,0.92
38618,7.9,55.6,53.2,16.5,goal,0.615,73,0.92
38618,6.4,52.1,45.5,22.8,goal,,24,0.92
38618,10.5,55.8,51.5,13.3,save,0.049,78,0.92
38618,3.5,47.4,50.7,15.8,goal,0.762,9,0.92
38618,8.3,53.6,51.5,7.0,goal,0.772,59,0.92
38618,27.7,44.9,53.5,8.9,save,0.169,7,0.92
38618,8.9,56.2,50.3,12.0,save,0.018,70,0.92
38618,11.5,50.0,46.9,15.8,save,0.983,64,0.92
38618,13.6,46.6,53.3,3.8,goal,0.269,89,0.92
38618,23.6,47.1,47.4,1.9,save,0.156,44,0.92
38618,26.8,38.5,48.4,10.1,save,0.059,43,0.92
38618,24.0,73.3,46.6,29.1,goal,0.302,37,0.92
38618,19.8,66.2,51.9,25.9,goal,0.139,15,0.92
38618,9.7,52.1,54.2,7.0,goal,0.55,90,0.92
38618,8.9,50.5,51.9,29.1,goal,0.278,90,0.92
38618,17.9,38.0,51.6,19.0,save,0.069,72,0.92
38618,44.4,41.2,49.5,4.4,save,0.023,68,0.92
38618,8.1,54.0,51.6,24.1,save,0.137,29,0.92
38618,8.5,41.3,50.6,15.2,save,0.178,90,0.92
38618,19.1,35.1,51.0,1.3,save,0.048,90,0.92
38618,7.0,42.0,47.4,5.1,goal,0.905,55,0.92
38618,24.3,63.0,51.1,4.4,save,0.045,50,0.92
38618,7.0,50.6,48.3,16.5,goal,0.102,36,0.92
38618,13.4,66.4,46.2,7.6,save,0.18,33,0.92
38618,11.3,39.0,52.8,3.8,save,0.118,26,0.92
38618,13.0,39.1,45.8,3.8,goal,0.532,87,0.92
38618,11.5,50.0,46.1,8.2,goal,0.991,64,0.92
38618,10.5,66.0,48.4,15.2,save,0.044,61,0.92
38618,9.3,65.1,47.8,3.2,save,0.093,55,0.92
38618,13.2,38.0,50.0,3.2,save,0.022,3,0.92
38618,12.1,67.0,47.7,25.9,goal,0.331,17,0.92
38618,13.0,37.7,49.0,3.8,goal,0.425,5,0.92
38618,0.6,49.3,49.6,21.5,goal,,86,0.92
38618,10.6,57.6,48.7,26.6,save,0.385,86,0.92
38618,3.7,73.9,49.0,1.9,save,0.038,75,0.92
38618,10.4,50.0,53.1,19.0,save,0.214,71,0.92
38618,1.3,40.0,53.6,15.2,save,0.173,43,0.92
38618,25.3,52.2,47.1,4.4,save,0.147,37,0.92
38618,20.9,45.8,49.0,1.3,goal,0.052,30,0.92
38618,11.5,50.0,53.0,7.0,goal,0.984,4,0.92
38618,12.7,64.5,46.0,15.2,save,0.229,90,0.92
38618,24.9,39.4,49.3,7.0,save,0.027,90,0.92
38618,13.7,67.2,53.4,14.6,goal,0.282,82,0.92
38618,11.5,50.0,45.8,3.8,goal,0.995,76,0.92
38618,13.0,49.1,47.1,10.1,save,0.687,54,0.92
38618,17.7,51.6,53.5,26.6,save,0.405,41,0.92
38618,20.2,49.9,48.1,3.8,save,0.089,10,0.92
38618,13.7,63.7,48.4,12.0,save,0.038,76,0.92
38618,23.2,43.9,50.5,23.4,save,0.033,74,0.92
38618,2.6,52.8,51.3,17.7,goal,0.969,35,0.92
38618,13.6,58.6,51.9,13.9,goal,0.268,28,0.92
38618,4.1,42.7,52.1,26.6,save,0.191,18,0.92
38618,8.6,63.5,50.9,12.7,save,0.253,18,0.92
38618,21.5,31.2,52.6,4.4,save,0.13,90,0.92
38618,23.9,63.9,52.8,12.7,save,0.121,39,0.92
38618,22.5,34.9,53.0,12.7,save,0.087,36,0.92
38618,6.7,32.8,51.9,2.5,goal,0.247,3,0.92
38618,17.5,59.6,48.7,1.9,save,0.406,81,0.92
38618,7.1,66.0,52.3,1.9,goal,0.515,68,0.92
38618,9.7,43.0,52.3,24.7,save,0.133,63,0.92
38618,4.4,55.8,48.7,10.1,save,0.302,45,0.92
38618,19.4,28.6,50.0,11.4,save,0.011,37,0.92
38618,7.7,52.7,49.0,12.7,save,0.058,25,0.92
38618,7.0,50.6,50.1,2.5,goal,0.549,5,0.92
38618,10.3,53.8,50.9,12.0,save,0.147,4,0.92
38618,8.2,38.1,53.5,13.9,save,0.112,2,0.92
38618,12.4,43.7,50.6,19.0,save,0.043,90,0.92
38618,10.1,58.3,52.1,18.4,save,0.363,70,0.92
38618,14.2,62.7,53.9,7.6,goal,0.45,45,0.92
38618,23.3,27.0,51.6,23.4,save,0.064,90,0.92
38618,7.5,41.0,50.4,2.5,goal,0.459,66,0.92
38618,9.0,34.5,52.5,2.5,save,0.112,56,0.92
38618,19.7,69.0,51.1,19.0,save,0.052,10,0.92
38618,4.8,53.8,53.1,2.5,goal,0.788,48,0.92
38618,6.5,65.4,46.3,3.8,save,0.182,45,0.92
38618,7.7,72.6,47.9,5.1,save,0.062,40,0.92
38618,14.5,28.7,48.7,22.2,save,0.08,13,0.92
38618,11.7,23.9,49.4,0.6,save,0.044,89,0.92
38618,18.4,69.6,51.0,1.3,save,0.056,85,0.92
38618,14.7,82.0,54.0,16.5,goal,0.481,56,0.92
38618,9.8,56.6,48.5,1.9,goal,0.663,90,0.92
38618,8.6,34.9,49.3,3.2,save,0.05,90,0.92
38618,10.5,52.4,53.4,2.5,goal,0.379,76,0.92
38618,15.7,54.2,54.2,5.1,goal,0.422,70,0.92
38618,11.5,50.0,54.3,4.4,goal,0.995,45,0.92
38618,8.8,44.5,47.7,12.0,save,0.284,29,0.92
38618,6.7,76.4,52.2,1.9,save,0.204,90,0.92
38618,12.1,37.3,54.3,23.4,goal,0.376,78,0.92
38618,1.8,53.4,46.1,20.3,goal,,21,0.92
38618,19.5,68.8,53.9,8.2,goal,0.372,90,0.92
38618,6.5,54.9,47.7,23.4,goal,0.181,83,0.92
38618,22.3,51.9,50.3,8.9,save,0.017,43,0.92
38618,4.9,71.4,45.9,15.2,save,0.12,33,0.92
38618,8.8,25.4,48.1,15.2,save,0.108,90,0.92
38618,10.9,56.2,48.3,32.3,save,0.146,76,0.92
38618,9.9,61.7,52.5,3.8,goal,0.679,64,0.92
38618,14.2,30.8,52.1,13.9,save,0.054,56,0.92
38618,11.5,50.0,53.2,26.6,goal,0.993,16,0.92
893752,9.0,52.4,49.6,35.4,save,0.092,77,0.8
893752,9.6,43.5,53.1,18.4,save,0.162,45,0.8
893752,9.2,55.8,48.4,22.2,goal,0.108,76,0.8
893752,25.9,33.8,48.9,19.6,save,0.045,71,0.8
893752,25.5,16.8,48.5,17.1,save,0.056,45,0.8
893752,12.4,35.4,50.6,5.7,save,0.176,6,0.8
893752,6.6,42.5,52.3,4.4,save,0.182,2,0.8
893752,21.8,32.7,47.7,15.2,save,0.097,57,0.8
893752,30.6,40.3,50.0,19.0,save,0.016,44,0.8
893752,22.6,42.0,49.4,24.7,save,0.04,42,0.8
893752,23.8,41.6,50.2,7.0,save,0.017,12,0.8
893752,21.7,63.7,47.6,9.5,save,0.07,20,0.8
893752,13.2,36.4,52.6,1.3,goal,0.737,84,0.8
893752,13.4,50.6,47.3,1.9,goal,0.205,80,0.8
893752,15.3,29.5,46.5,7.6,goal,0.319,77,0.8
893752,6.4,51.9,50.2,1.9,goal,0.476,60,0.8
893752,7.7,51.0,46.1,14.6,goal,0.913,19,0.8
893752,29.4,45.0,45.9,1.9,save,0.396,49,0.8
893752,11.5,50.0,53.8,2.5,goal,0.994,30,0.8
893752,3.3,52.3,52.2,26.6,save,0.796,10,0.8
893752,4.6,51.5,50.1,22.8,save,0.775,90,0.8
893752,6.5,46.6,48.8,5.1,save,0.446,83,0.8
893752,8.8,58.7,50.1,1.9,save,0.288,66,0.8
893752,8.7,33.0,50.2,8.2,save,0.019,43,0.8
893752,25.1,64.2,50.2,25.3,save,0.029,35,0.8
893752,24.8,50.1,51.0,24.7,save,0.055,76,0.8
893752,16.9,45.5,48.5,14.6,save,0.072,75,0.8
893752,3.3,48.6,51.7,4.4,goal,0.852,63,0.8
893752,14.7,28.9,49.7,28.5,save,0.045,62,0.8
893752,10.6,56.9,48.6,7.0,save,0.099,43,0.8
893752,19.8,34.8,50.6,6.3,save,0.024,24,0.8
893752,16.3,74.0,54.0,15.8,goal,0.436,16,0.8
893752,12.9,54.2,51.0,18.4,save,0.326,14,0.8
893752,23.3,69.6,53.2,22.2,save,0.304,74,0.8
893752,2.4,50.3,48.1,10.8,goal,,61,0.8
893752,27.1,62.1,50.0,1.3,save,0.021,29,0.8
893752,10.7,66.2,50.3,1.3,save,0.038,26,0.8
893752,25.7,28.6,50.2,22.8,save,0.023,14,0.8
893752,22.6,46.8,51.0,7.6,save,0.03,86,0.8
893752,8.9,32.2,47.3,3.8,goal,0.318,58,0.8
893752,1.5,30.9,51.6,17.1,save,0.037,45,0.8
893752,11.7,67.7,51.6,5.1,save,0.091,35,0.8
893752,9.9,44.0,47.5,17.7,save,0.661,81,0.8
893752,2.6,46.4,49.2,4.4,goal,0.75,62,0.8
893752,20.5,32.8,48.0,17.1,save,0.091,61,0.8
893752,9.4,56.9,50.1,20.9,save,0.034,61,0.8
893752,6.7,57.2,53.8,14.6,goal,0.521,57,0.8
893752,3.6,64.4,47.4,1.9,save,0.355,43,0.8
893752,4.1,56.3,51.5,9.5,goal,0.572,38,0.8
893752,9.6,46.8,52.6,5.1,goal,0.433,85,0.8
893752,6.9,49.7,51.2,3.8,save,0.607,85,0.8
893752,12.0,39.7,48.1,31.0,goal,0.238,53,0.8
893752,8.6,52.6,47.4,12.0,goal,0.103,43,0.8
893752,22.6,41.7,53.9,3.2,save,0.279,43,0.8
893752,13.3,65.6,46.4,24.1,goal,0.232,19,0.8
893752,6.4,58.5,53.9,9.5,goal,0.928,16,0.8
893752,11.5,50.0,47.1,5.1,goal,0.985,81,0.8
893752,9.4,49.3,50.8,2.5,goal,0.376,71,0.8
893752,27.8,55.8,51.7,8.2,save,0.054,71,0.8
893752,21.6,41.5,46.8,15.8,goal,0.208,38,0.8
893752,7.8,33.8,52.3,8.2,save,0.066,15,0.8
893752,1.5,60.3,49.0,3.2,goal,0.07,90,0.8
893752,27.2,53.6,49.6,32.3,save,0.054,80,0.8
893752,10.8,60.5,53.8,2.5,goal,0.543,32,0.8
893752,2.0,56.3,46.4,3.2,save,0.467,32,0.8
893752,7.9,59.5,51.5,3.8,goal,0.114,3,0.8
893752,7.7,51.1,45.8,16.5,save,0.435,90,0.8
893752,6.9,49.5,52.0,13.9,save,0.186,89,0.8
893752,21.8,63.1,51.1,3.8,save,0.055,45,0.8
893752,13.6,49.1,46.4,6.3,goal,0.298,26,0.8
893752,10.7,39.9,47.9,18.4,save,0.172,65,0.8
893752,11.5,50.0,53.1,22.2,goal,0.989,45,0.8
893752,11.5,50.0,53.8,3.8,save,0.993,37,0.8
893752,8.8,47.9,51.3,13.3,save,0.041,10,0.8
893752,20.7,24.2,52.5,3.8,save,0.096,7,0.8
893752,8.4,53.0,53.2,4.4,goal,0.878,81,0.8
893752,2.1,47.9,52.5,13.9,goal,0.884,72,0.8
893752,17.5,44.0,53.7,7.6,save,0.2,45,0.8
893752,10.3,70.3,47.5,12.7,save,0.054,30,0.8
893752,6.0,55.4,46.4,10.8,goal,0.55,17,0.8
893752,5.7,42.3,50.6,7.0,save,0.165,90,0.8
893752,3.5,53.4,46.8,6.3,goal,0.827,84,0.8
893752,14.6,63.9,52.7,3.2,goal,0.243,72,0.8
893752,7.3,45.1,45.8,28.5,goal,0.674,70,0.8
893752,5.6,17.4,49.7,24.7,save,0.05,32,0.8
893752,18.2,49.8,46.0,11.4,goal,,55,0.8
893752,8.6,54.7,51.8,5.1,goal,0.915,45,0.8
893752,7.1,54.2,53.2,4.4,goal,0.531,18,0.8
893752,12.1,48.5,50.0,24.7,save,0.134,90,0.8
893752,1.8,48.3,53.8,2.5,goal,0.993,90,0.8
893752,4.5,50.5,51.9,11.4,save,0.921,90,0.8
893752,13.9,64.5,48.3,16.5,save,0.05,85,0.8
893752,13.6,33.4,47.3,8.2,goal,0.236,83,0.8
893752,12.8,54.0,46.4,15.8,save,0.201,25,0.8
893752,14.0,34.1,52.9,32.9,goal,0.277,14,0.8
893752,6.7,50.5,49.3,2.5,goal,0.674,13,0.8
893752,11.5,50.0,53.1,5.1,goal,0.987,8,0.8
893752,7.8,36.0,53.3,3.2,save,0.22,84,0.8
893752,12.1,38.5,53.9,6.3,save,0.239,73,0.8
893752,14.5,73.6,45.9,6.3,save,0.194,47,0.8
893752,28.2,26.6,52.9,14.6,goal,0.083,89,0.8
893752,28.8,48.2,51.9,3.8,save,0.075,89,0.8
893752,13.3,29.7,52.6,2.5,save,0.106,67,0.8
893752,26.5,64.0,49.3,28.5,save,0.051,50,0.8
893752,6.6,30.3,51.9,16.5,goal,0.05,11,0.8
893752,20.9,75.0,48.1,2.5,save,0.064,5,0.8
893752,8.9,51.6,53.2,28.5,goal,0.419,81,0.8
893752,7.6,45.3,51.7,4.4,save,0.525,63,0.8
893752,8.4,35.2,54.0,3.8,goal,0.23,12,0.8
893752,9.6,66.4,47.7,7.0,save,0.072,90,0.8
893752,15.3,53.4,47.6,15.8,save,0.111,90,0.8
893752,11.5,50.0,47.3,5.7,goal,0.981,48,0.8
893752,41.7,2.5,48.8,31.0,goal,0.096,43,0.8
893752,14.9,56.4,51.0,28.5,save,0.098,19,0.8
893752,1.5,73.6,46.1,2.5,save,0.126,16,0.8
893752,12.2,42.5,53.9,13.9,save,0.201,89,0.8
893752,27.5,51.5,46.4,26.6,goal,0.337,38,0.8
893752,4.0,50.1,49.4,3.2,save,0.846,1,0.8
893752,3.1,50.1,50.0,13.3,goal,0.615,74,0.8
893752,7.5,56.9,47.4,31.6,goal,0.72,50,0.8
893752,9.6,44.9,48.7,6.3,goal,0.08,43,0.8
893752,19.9,65.9,49.5,5.1,save,0.024,90,0.8
893752,7.7,34.9,51.5,10.1,save,0.132,90,0.8
893752,3.1,65.8,46.5,5.7,save,0.108,31,0.8
893752,22.6,55.7,49.7,10.8,goal,0.014,22,0.8
893752,3.1,50.8,46.3,13.9,goal,0.992,19,0.8
893752,9.1,39.2,49.7,17.7,save,0.03,12,0.8
893752,4.4,52.0,49.4,22.2,goal,0.632,90,0.8
893752,7.8,52.4,46.1,30.4,goal,0.575,90,0.8
893752,14.9,47.8,46.1,0.6,goal,0.759,76,0.8
893752,15.0,70.4,54.2,7.6,goal,0.503,72,0.8
893752,2.7,42.3,52.9,26.6,save,0.412,27,0.8
893752,4.3,54.0,49.0,2.5,save,0.742,90,0.8
893752,7.0,49.9,53.9,11.4,goal,0.744,86,0.8
893752,6.1,48.7,51.6,28.5,save,0.327,85,0.8
893752,27.4,51.5,53.2,2.5,save,0.214,65,0.8
893752,21.1,70.1,46.8,7.0,save,0.125,42,0.8
893752,10.1,34.2,52.2,1.9,save,0.473,16,0.8
893752,2.9,65.1,48.7,6.3,save,0.174,4,0.8
893752,3.3,62.5,47.8,3.2,goal,0.147,83,0.8
893752,8.5,64.5,50.2,13.9,save,0.015,77,0.8
893752,4.1,67.0,48.0,6.3,save,0.054,59,0.8
893752,12.1,27.1,52.3,12.0,save,0.061,30,0.8
893752,13.8,45.0,48.6,4.4,goal,0.079,21,0.8
893752,8.3,56.5,46.3,22.2,goal,0.272,90,0.8
893752,30.8,41.0,51.8,3.2,save,0.069,84,0.8
893752,10.3,54.6,47.1,31.6,save,0.314,66,0.8
893752,26.2,47.8,49.2,14.6,save,0.024,63,0.8
893752,10.0,55.0,49.4,0.6,save,0.414,69,0.8
893752,8.0,46.7,49.8,8.9,save,0.024,58,0.8
893752,23.1,48.2,46.4,2.5,save,0.332,54,0.8
893752,7.0,48.4,52.3,15.8,save,0.642,23,0.8
893752,22.0,69.9,50.1,10.1,save,0.013,20,0.8
893752,2.8,64.5,47.1,11.4,save,0.056,14,0.8
893752,8.4,47.4,53.1,31.0,save,0.781,90,0.8
893752,8.9,31.2,48.8,1.3,save,0.1,90,0.8
893752,14.5,58.4,49.5,15.2,save,0.022,44,0.8
893752,8.6,71.6,47.8,1.9,save,0.092,37,0.8
893752,18.2,53.6,53.7,12.0,goal,0.219,24,0.8
893752,8.4,34.4,48.2,10.1,goal,0.53,7,0.8
893752,25.9,43.5,47.3,15.2,save,0.118,3,0.8
893752,7.5,70.4,49.2,3.8,save,0.032,71,0.8
893752,2.9,73.2,46.5,5.1,save,0.097,61,0.8
893752,14.8,34.6,53.2,29.1,save,0.283,59,0.8
893752,10.9,34.4,46.6,4.4,goal,0.384,52,0.8
893752,8.3,66.5,46.5,18.4,save,0.143,51,0.8
893752,7.5,27.7,50.6,2.5,save,0.03,36,0.8
893752,8.7,48.1,48.4,29.1,save,0.17,85,0.8
893752,9.4,65.6,51.4,4.4,save,0.088,84,0.8
893752,14.8,55.7,46.3,2.5,goal,0.858,79,0.8
893752,1.6,34.4,52.4,13.9,save,0.043,72,0.8
893752,28.2,40.9,52.3,5.1,save,0.09,49,0.8
893752,13.3,65.6,51.4,34.2,goal,0.192,42,0.8
893752,9.0,71.6,53.2,1.3,save,0.426,38,0.8
893752,16.8,50.3,46.4,17.7,goal,0.296,24,0.8
893752,10.8,33.5,51.0,27.8,save,0.071,90,0.8
893752,14.3,30.6,53.9,9.5,save,0.146,75,0.8
893752,12.8,51.8,47.6,6.3,save,0.439,69,0.8
893752,23.1,40.6,50.0,3.2,save,0.019,64,0.8
893752,11.7,39.5,53.9,10.1,goal,0.203,56,0.8
893752,19.3,50.1,51.9,16.5,save,0.082,52,0.8
284349,11.3,60.1,52.7,1.3,goal,0.272,86,0.82
284349,9.7,33.3,48.4,19.0,save,0.286,85,0.82
284349,2.9,47.8,51.9,1.3,goal,0.991,83,0.82
284349,18.9,46.7,50.3,1.3,save,0.028,81,0.82
284349,27.4,54.2,54.2,6.3,goal,0.347,74,0.82
284349,10.3,42.7,54.6,19.0,goal,0.974,59,0.82
284349,14.1,50.5,49.4,13.3,goal,0.088,35,0.82
284349,3.9,46.2,50.9,8.9,save,0.819,35,0.82
284349,8.0,49.3,48.7,12.7,save,0.053,16,0.82
284349,25.1,37.6,46.4,5.7,save,0.293,11,0.82
284349,11.5,50.0,52.9,3.2,goal,0.987,90,0.82
284349,3.3,47.2,53.6,24.7,goal,0.976,89,0.82
284349,6.1,34.0,51.3,11.4,save,0.039,43,0.82
284349,15.1,61.7,53.6,26.6,goal,0.491,39,0.82
284349,10.1,54.4,51.1,7.0,save,0.057,20,0.82
284349,9.1,72.2,46.1,5.1,save,0.152,90,0.82
284349,10.6,47.2,46.0,5.1,goal,0.906,63,0.82
284349,9.6,49.1,53.3,5.1,save,0.251,53,0.82
284349,12.5,36.1,45.9,20.3,goal,0.56,27,0.82
284349,11.4,46.8,47.1,12.0,goal,0.134,17,0.82
284349,18.7,53.0,48.1,17.7,save,0.075,89,0.82
284349,1.8,44.4,53.3,25.9,goal,0.942,84,0.82
284349,7.3,56.4,49.6,26.6,save,0.05,65,0.82
284349,24.0,30.9,51.9,24.1,save,0.103,69,0.82
284349,9.5,39.9,48.4,6.3,save,0.697,60,0.82
284349,15.3,30.9,49.9,23.4,save,0.026,45,0.82
284349,11.4,62.2,49.0,6.3,save,0.398,40,0.82
284349,10.2,57.9,54.2,5.7,goal,0.529,31,0.82
284349,22.2,53.0,49.8,3.8,save,0.025,61,0.82
284349,7.4,49.4,53.6,8.9,goal,0.822,13,0.82
284349,11.5,50.0,46.2,1.9,goal,0.994,74,0.82
284349,18.7,44.7,53.6,3.8,save,0.252,63,0.82
284349,27.9,38.3,46.2,7.0,save,0.337,62,0.82
284349,9.8,46.2,50.6,7.0,save,0.041,49,0.82
284349,20.6,38.0,49.6,34.8,save,0.067,48,0.82
284349,4.3,56.4,48.4,1.3,goal,0.772,12,0.82
284349,21.7,63.6,46.8,5.7,save,0.147,5,0.82
284349,12.3,45.0,48.1,1.3,save,0.203,90,0.82
284349,8.0,46.6,51.6,2.5,goal,,87,0.82
284349,19.6,27.5,54.1,12.0,goal,0.192,61,0.82
284349,11.4,68.1,49.5,14.6,save,0.021,20,0.82
284349,5.8,36.4,53.9,12.0,save,0.132,90,0.82
284349,7.9,43.0,49.5,18.4,save,0.509,17,0.82
284349,9.3,39.1,46.9,5.7,save,0.309,4,0.82
284349,14.7,54.8,49.8,6.3,save,0.026,83,0.82
284349,4.6,59.1,47.7,19.6,goal,0.102,58,0.82
284349,8.8,51.3,51.7,3.2,goal,0.488,56,0.82
284349,14.5,57.5,50.2,1.3,save,0.037,54,0.82
284349,19.6,74.4,53.5,18.4,save,0.351,31,0.82
284349,4.2,70.9,45.6,20.3,save,0.177,90,0.82
284349,9.5,49.7,50.0,5.7,save,0.022,67,0.82
284349,27.6,49.6,53.6,16.5,goal,0.262,42,0.82
284349,11.0,27.3,52.6,4.4,save,0.078,71,0.82
284349,15.2,41.3,47.0,24.7,goal,0.312,14,0.82
284349,21.7,73.9,48.4,7.0,save,0.04,7,0.82
284349,8.6,67.5,47.8,10.1,save,0.064,90,0.82
284349,3.0,45.8,51.9,11.4,goal,0.646,66,0.82
284349,9.5,44.3,50.9,20.9,save,0.044,65,0.82
284349,25.4,49.1,46.1,3.8,save,0.312,28,0.82
284349,4.1,49.6,51.3,1.3,goal,0.957,90,0.82
284349,19.1,62.4,46.7,26.6,goal,0.379,75,0.82
284349,10.8,48.8,54.3,12.0,goal,0.297,64,0.82
284349,13.0,43.6,50.8,2.5,save,0.185,53,0.82
284349,15.0,47.9,48.1,24.7,save,0.126,45,0.82
284349,15.3,52.3,47.8,0.6,save,0.641,42,0.82
284349,9.5,71.7,52.8,24.7,save,0.357,17,0.82
284349,6.1,33.9,48.7,4.4,save,0.086,65,0.82
284349,13.8,39.4,48.1,4.4,save,0.114,48,0.82
284349,15.3,38.9,49.4,8.9,goal,0.079,45,0.82
284349,11.1,39.1,51.9,18.4,save,0.368,40,0.82
284349,11.4,44.6,48.1,8.9,save,0.08,29,0.82
284349,7.0,54.0,47.9,5.1,goal,0.65,23,0.82
284349,12.9,68.9,47.9,9.5,save,0.051,78,0.82
284349,7.8,49.0,53.3,17.1,goal,0.274,59,0.82
284349,11.5,50.0,47.2,1.9,goal,0.986,51,0.82
284349,9.9,45.1,49.4,13.3,goal,0.175,23,0.82
284349,22.9,26.0,50.3,11.4,save,0.012,18,0.82
284349,2.5,44.7,52.8,9.5,goal,0.619,2,0.82
284349,9.3,37.9,53.6,15.8,goal,0.172,65,0.82
284349,1.3,59.5,47.1,13.3,goal,0.483,49,0.82
284349,14.3,44.7,47.6,1.9,save,0.195,49,0.82
284349,2.9,52.3,49.7,2.5,goal,,26,0.82
284349,13.6,36.8,47.0,1.9,save,0.353,21,0.82
284349,13.9,64.2,48.6,30.4,save,0.427,7,0.82
284349,3.2,32.1,53.8,32.9,save,0.327,71,0.82
284349,9.2,55.4,50.0,13.9,save,0.015,60,0.82
284349,5.6,46.6,49.6,25.9,goal,0.101,31,0.82
284349,12.8,61.7,50.6,9.5,save,0.031,82,0.82
284349,1.9,60.1,47.9,17.7,goal,0.474,24,0.82
284349,12.9,41.5,53.7,7.6,save,0.217,10,0.82
284349,21.5,53.1,47.5,4.4,save,0.134,9,0.82
284349,6.9,47.9,46.1,21.5,goal,0.563,7,0.82
284349,22.2,47.9,51.3,32.3,save,0.109,6,0.82
284349,6.4,53.0,48.4,23.4,save,0.451,5,0.82
284349,28.8,26.2,51.3,9.5,save,0.032,3,0.82
284349,9.0,43.9,52.9,19.0,goal,0.719,75,0.82
284349,8.1,47.0,48.3,15.2,goal,0.279,69,0.82
284349,3.7,42.5,50.5,15.8,save,0.227,38,0.82
284349,18.9,54.5,51.3,3.2,save,0.058,16,0.82
284349,10.6,73.6,46.4,1.9,save,0.173,8,0.82
284349,14.3,54.2,53.8,1.9,goal,0.882,90,0.82
284349,9.1,62.1,49.7,15.8,save,0.096,88,0.82
284349,7.5,52.7,50.0,31.6,save,0.056,86,0.82
284349,13.1,69.8,53.5,5.1,goal,0.376,53,0.82
284349,19.2,35.7,46.7,3.8,save,0.297,28,0.82
284349,1.3,47.6,52.6,12.7,goal,0.973,70,0.82
284349,7.7,53.8,53.2,8.9,goal,0.352,60,0.82
284349,4.6,45.4,53.1,4.4,save,0.94,54,0.82
284349,24.1,42.3,47.2,1.3,save,0.2,46,0.82
284349,20.8,67.4,52.3,6.3,save,0.122,84,0.82
284349,8.3,54.2,51.0,22.2,goal,0.072,61,0.82
284349,14.7,67.3,46.1,3.8,save,0.223,38,0.82
284349,9.2,45.2,51.5,34.2,save,0.161,3,0.82
284349,3.0,48.4,52.4,16.5,save,0.979,71,0.82
284349,25.9,46.4,48.5,1.9,save,0.068,50,0.82
284349,7.4,44.8,48.9,18.4,save,0.44,23,0.82
284349,20.3,36.1,46.6,20.3,save,0.411,13,0.82
284349,3.8,53.7,49.2,2.5,goal,0.791,8,0.82
284349,11.5,50.0,53.2,28.5,goal,0.993,90,0.82
284349,12.5,54.2,46.7,4.4,goal,0.314,86,0.82
284349,14.6,69.4,54.4,1.9,goal,0.636,49,0.82
284349,12.6,46.6,48.1,1.3,goal,0.815,37,0.82
284349,19.0,75.4,46.8,7.0,save,0.139,35,0.82
284349,9.3,56.7,45.8,0.6,goal,0.826,23,0.82
284349,19.3,72.3,47.1,21.5,save,0.129,8,0.82
284349,6.8,39.8,50.6,16.5,save,0.127,90,0.82
284349,13.0,54.7,54.5,22.8,goal,0.599,51,0.82
284349,19.6,70.6,47.9,3.2,save,0.076,68,0.82
284349,25.8,50.0,54.1,4.4,goal,0.339,60,0.82
284349,1.8,48.7,51.4,12.7,goal,0.948,45,0.82
284349,10.9,28.0,48.9,29.1,save,0.103,45,0.82
284349,4.0,45.2,51.6,16.5,goal,0.848,40,0.82
284349,14.5,53.0,52.5,1.9,save,0.18,28,0.82
284349,15.6,47.9,46.5,6.3,goal,0.739,90,0.82
284349,4.6,56.9,52.0,5.7,goal,,21,0.82
284349,6.7,54.0,46.5,4.4,goal,0.622,3,0.82
284349,10.2,56.3,52.8,1.9,goal,0.708,59,0.82
284349,13.7,56.9,52.0,2.5,goal,0.774,51,0.82
284349,1.4,47.2,52.7,21.5,goal,0.987,20,0.82
284349,9.3,46.0,47.7,5.7,goal,0.764,19,0.82
284349,14.5,53.8,49.2,8.9,save,0.155,18,0.82
284349,2.2,50.2,46.9,3.8,goal,0.994,89,0.82
284349,10.8,35.9,49.0,19.0,save,0.059,89,0.82
284349,19.1,70.3,47.2,11.4,save,0.07,63,0.82
284349,27.3,38.2,52.3,5.1,save,0.088,62,0.82
284349,8.8,32.2,53.9,2.5,goal,0.489,59,0.82
284349,14.1,46.7,48.2,19.0,save,0.089,30,0.82
284349,7.8,44.0,51.1,4.4,save,0.358,30,0.82
284349,8.5,49.5,50.4,11.4,save,0.164,79,0.82
284349,9.1,75.0,51.6,1.3,save,0.118,79,0.82
284349,10.1,39.9,45.7,1.9,goal,0.946,76,0.82
284349,12.7,32.5,49.7,18.4,save,0.022,37,0.82
284349,3.0,50.3,50.3,10.8,goal,0.846,33,0.82
284349,16.3,30.7,52.6,1.9,save,0.11,31,0.82
284349,7.3,30.5,53.7,21.5,save,0.17,12,0.82
284349,21.3,72.7,47.6,16.5,save,0.068,90,0.82
284349,8.0,56.2,45.7,15.2,save,0.399,3,0.82
284349,23.8,67.0,49.5,1.3,save,0.03,45,0.82
284349,10.7,42.7,53.9,1.9,goal,0.746,30,0.82
284349,8.1,67.4,53.9,1.3,goal,0.674,21,0.82
164343,16.6,66.0,51.0,4.4,save,0.047,66,1.0
164343,10.7,64.2,54.1,2.5,goal,0.851,59,1.0
164343,26.3,48.5,52.9,26.6,save,0.236,9,1.0
164343,20.1,63.4,48.2,18.4,save,0.058,85,1.0
164343,11.5,50.0,45.6,23.4,goal,0.997,84,1.0
164343,9.4,66.0,52.3,5.7,save,0.757,72,1.0
164343,23.0,65.6,52.8,5.7,save,0.172,38,1.0
164343,3.9,34.2,53.2,19.6,save,0.116,24,1.0
164343,22.6,50.3,50.8,5.1,save,0.032,16,1.0
164343,12.4,47.0,48.6,2.5,save,0.116,71,1.0
164343,11.7,66.6,51.6,1.9,save,0.134,46,1.0
164343,3.5,38.9,51.0,2.5,save,0.346,90,1.0
164343,13.7,46.6,49.8,1.3,save,0.047,73,1.0
164343,14.0,30.8,50.6,9.5,save,0.019,49,1.0
164343,15.4,45.4,47.4,20.3,save,0.193,31,1.0
164343,11.5,50.0,52.5,15.8,save,0.973,8,1.0
164343,20.9,56.8,53.1,5.1,save,0.208,59,1.0
164343,13.3,31.3,50.2,4.4,save,0.025,56,1.0
164343,15.9,45.9,51.0,5.1,save,0.042,48,1.0
164343,11.5,50.0,52.6,0.6,goal,0.985,45,1.0
164343,2.5,58.9,48.6,17.7,save,0.061,14,1.0
164343,23.9,56.5,46.8,7.0,save,0.152,7,1.0
164343,16.3,68.4,53.9,3.2,goal,0.48,3,1.0
164343,4.2,48.7,46.2,9.5,goal,0.88,90,1.0
164343,22.9,61.8,50.5,17.1,save,0.022,82,1.0
164343,8.0,68.1,50.9,6.3,save,0.057,61,1.0
164343,8.9,30.9,50.3,8.9,save,0.025,38,1.0
164343,4.3,51.2,48.8,22.2,save,0.32,28,1.0
164343,4.5,32.1,47.7,15.2,save,0.196,22,1.0
164343,9.6,47.5,51.9,15.2,save,0.076,18,1.0
164343,9.8,41.5,54.2,8.9,goal,0.785,12,1.0
164343,9.7,47.4,49.4,15.2,goal,0.175,76,1.0
164343,10.8,35.1,52.1,26.6,save,0.102,71,1.0
164343,25.0,61.7,52.8,5.1,save,0.191,52,1.0
164343,28.5,60.5,48.3,19.0,goal,0.057,45,1.0
164343,6.9,61.5,48.3,32.3,goal,0.159,50,1.0
164343,5.8,50.1,46.0,29.1,goal,0.949,45,1.0
164343,9.3,41.0,46.2,9.5,save,0.484,45,1.0
164343,11.5,50.0,46.1,1.9,goal,0.994,34,1.0
164343,5.4,53.0,50.1,19.0,save,0.374,90,1.0
164343,2.4,46.4,52.6,12.0,goal,0.852,81,1.0
164343,4.6,58.4,47.1,3.8,save,0.658,80,1.0
164343,15.0,49.8,50.2,14.6,save,0.018,56,1.0
164343,20.2,29.0,47.8,12.0,save,0.078,54,1.0
164343,9.4,40.4,52.9,29.1,goal,0.293,33,1.0
164343,24.7,38.9,46.7,8.2,save,0.206,83,1.0
164343,11.1,47.9,53.8,5.1,save,0.452,80,1.0
164343,24.5,28.4,49.0,10.1,save,0.034,57,1.0
164343,7.7,63.0,54.0,10.1,goal,0.902,34,1.0
164343,15.2,41.7,46.2,9.5,goal,0.358,61,1.0
164343,3.1,50.4,49.9,4.4,goal,0.908,54,1.0
164343,4.1,32.1,48.1,1.9,save,0.18,54,1.0
164343,4.9,34.2,52.3,12.7,goal,0.23,35,1.0
164343,18.4,33.3,49.2,5.1,save,0.036,23,1.0
164343,24.0,28.1,46.1,16.5,goal,0.349,6,1.0
164343,3.8,51.7,49.4,3.2,save,0.906,67,1.0
164343,4.5,43.8,50.3,6.3,save,0.526,64,1.0
164343,14.0,58.1,49.4,1.9,goal,0.037,60,1.0
164343,12.6,54.9,47.0,2.5,goal,0.612,56,1.0
164343,8.8,47.2,53.3,25.3,save,0.34,45,1.0
164343,10.4,52.1,50.7,19.0,save,0.128,43,1.0
164343,16.0,44.9,54.3,3.8,goal,0.383,2,1.0
164343,11.9,46.6,49.3,4.4,save,0.364,72,1.0
164343,8.0,27.0,51.0,5.7,save,0.029,87,1.0
164343,9.8,53.8,48.7,11.4,save,0.288,57,1.0
164343,10.8,46.8,54.1,2.5,goal,0.797,10,1.0
164343,8.8,26.0,47.0,11.4,save,0.246,90,1.0
164343,17.8,49.6,50.9,3.2,save,0.054,47,1.0
164343,12.6,34.6,47.4,3.2,save,0.64,39,1.0
164343,7.5,48.3,50.1,32.9,save,0.304,31,1.0
164343,18.5,67.6,45.7,3.2,save,0.311,19,1.0
164343,10.5,59.1,50.3,34.2,save,0.078,72,1.0
164343,22.2,54.3,51.9,1.3,save,0.106,31,1.0
164343,15.1,52.1,52.6,27.8,goal,0.25,88,1.0
164343,25.5,52.9,48.4,7.6,save,0.059,50,1.0
164343,8.5,38.8,48.5,3.8,save,0.374,26,1.0
164343,19.6,48.1,51.6,1.9,save,0.078,26,1.0
164343,10.2,52.7,51.8,15.2,save,0.073,76,1.0
164343,21.5,40.2,50.1,8.9,save,0.016,57,1.0
164343,7.7,64.4,50.8,3.2,goal,0.324,54,1.0
164343,6.9,65.1,48.1,12.7,save,0.047,50,1.0
164343,6.6,32.9,53.2,7.0,save,0.116,50,1.0
164343,10.9,46.3,49.6,22.2,save,0.049,48,1.0
164343,4.3,57.5,49.7,19.0,save,0.121,46,1.0
164343,9.3,38.5,51.9,14.6,save,0.24,45,1.0
164343,6.5,57.3,52.9,4.4,goal,0.967,44,1.0
164343,12.2,65.0,47.1,16.5,save,0.336,33,1.0
164343,10.7,65.0,51.3,3.8,goal,0.076,14,1.0
164343,9.1,31.1,54.1,4.4,save,0.215,6,1.0
164343,9.8,45.4,49.6,5.7,save,0.036,46,1.0
164343,4.7,60.3,50.5,3.2,save,0.35,42,1.0
164343,26.5,53.7,46.6,25.3,save,0.283,12,1.0
164343,18.2,33.8,46.5,10.8,save,0.272,75,1.0
164343,13.5,44.3,50.0,8.9,goal,0.136,56,1.0
164343,20.9,55.5,48.5,5.1,save,0.053,30,1.0
164343,9.1,54.2,52.6,19.0,goal,0.262,90,1.0
164343,18.0,53.9,47.3,3.2,save,0.178,76,1.0
164343,16.7,65.2,52.0,5.1,save,0.109,58,1.0
164343,24.4,43.6,46.6,3.2,save,0.266,57,1.0
164343,8.8,47.9,49.2,11.4,save,0.121,54,1.0
164343,22.5,60.5,52.6,3.8,save,0.163,51,1.0
164343,5.5,42.3,50.1,7.6,save,0.371,45,1.0
164343,26.6,46.0,46.1,1.3,save,0.377,39,1.0
164343,3.6,39.9,53.7,15.8,save,0.558,32,1.0
164343,6.8,48.6,52.4,10.1,goal,0.155,19,1.0
164343,3.1,51.2,48.4,7.0,save,0.925,18,1.0
164343,17.9,36.0,52.9,8.2,save,0.101,82,1.0
164343,10.2,46.8,52.8,15.8,save,0.423,30,1.0
164343,33.0,60.5,50.9,11.4,save,0.021,87,1.0
164343,25.9,57.5,47.4,9.5,save,0.083,80,1.0
164343,9.6,66.3,52.7,1.9,save,0.305,69,1.0
164343,3.1,73.0,50.2,9.5,save,0.016,56,1.0
164343,12.4,75.7,48.7,13.3,save,0.025,54,1.0
164343,20.1,69.9,46.0,4.4,save,0.223,53,1.0
164343,5.3,32.2,53.5,18.4,save,0.151,52,1.0
164343,12.8,65.3,54.2,1.9,save,0.618,8,1.0
164343,11.2,45.8,46.6,5.1,goal,0.756,5,1.0
164343,19.2,27.7,46.8,11.4,save,0.205,80,1.0
164343,14.4,54.2,46.9,3.8,goal,0.295,67,1.0
164343,16.0,32.6,52.4,29.1,save,0.188,31,1.0
164343,16.0,46.2,49.8,13.9,save,0.016,24,1.0
164343,16.5,66.4,51.0,31.6,save,0.102,21,1.0
164343,9.7,45.6,51.4,2.5,save,0.421,5,1.0
164343,7.2,75.6,49.0,17.1,save,0.026,90,1.0
164343,2.4,57.1,48.4,4.4,goal,0.869,24,1.0
164343,12.8,30.9,46.5,0.6,save,0.494,24,1.0
164343,31.4,31.0,53.9,19.0,save,0.231,6,1.0
164343,2.2,66.0,48.7,10.1,goal,0.026,2,1.0
164343,8.6,31.3,50.8,12.7,save,0.02,41,1.0
164343,26.6,70.7,48.4,17.7,save,0.046,29,1.0
164343,7.0,47.2,47.5,6.3,goal,0.584,55,1.0
164343,4.3,43.3,48.6,25.3,goal,0.838,25,1.0
164343,18.8,47.6,52.6,3.8,save,0.169,25,1.0
164343,11.5,50.0,48.1,3.2,goal,0.968,49,1.0
164343,10.1,38.6,54.2,15.8,save,0.236,38,1.0
164343,20.2,32.6,49.0,9.5,save,0.03,9,1.0
164343,8.9,52.0,52.8,15.2,goal,0.865,71,1.0
164343,15.4,64.3,47.4,12.7,save,0.099,71,1.0
164343,4.5,42.2,52.2,12.7,save,0.1,63,1.0
164343,16.4,38.8,51.2,35.4,save,0.155,45,1.0
164343,15.0,46.4,47.5,10.8,save,0.506,28,1.0
164343,7.4,54.0,53.2,19.0,goal,0.344,21,1.0
164343,5.1,53.2,47.3,7.6,goal,0.933,17,1.0
164343,12.3,54.8,46.6,14.6,save,0.158,74,1.0
164343,9.8,42.1,47.7,25.9,save,0.22,40,1.0
164343,11.2,57.1,52.7,13.9,goal,0.178,45,1.0
164343,11.2,55.1,50.0,15.2,save,0.016,42,1.0
164343,23.5,69.9,53.3,17.7,save,0.257,25,1.0
164343,9.0,58.1,48.7,2.5,save,0.344,22,1.0
164343,26.9,71.9,51.4,2.5,save,0.066,86,1.0
164343,6.7,51.5,51.6,22.8,save,0.527,58,1.0
164343,14.4,46.7,52.0,14.6,save,0.091,55,1.0
164343,29.6,39.2,50.6,8.2,save,0.024,24,1.0
164343,13.4,48.5,53.7,3.2,save,0.908,3,1.0
164343,5.6,55.9,48.1,15.2,goal,0.666,85,1.0
164343,25.8,61.6,45.9,1.3,save,0.324,69,1.0
164343,1.8,53.1,48.9,28.5,goal,0.949,63,1.0
164343,13.8,41.9,47.5,3.8,save,0.2,54,1.0
164343,9.9,57.2,51.1,32.9,save,0.127,7,1.0
164343,4.8,52.8,48.2,29.1,goal,0.379,90,1.0
164343,7.4,48.4,48.4,1.3,goal,0.765,88,1.0
164343,12.9,52.7,46.4,23.4,save,0.319,85,1.0
164343,7.4,61.7,47.3,12.7,save,0.066,52,1.0
164343,11.5,50.0,52.7,2.5,goal,0.985,4,1.0
164343,10.3,56.7,49.4,3.2,save,0.218,68,1.0
164343,13.4,59.8,52.0,4.4,goal,0.47,5,1.0
164343,3.6,65.1,47.8,8.2,save,0.24,67,1.0
164343,12.5,24.6,51.4,21.5,save,0.046,49,1.0
962053,7.9,21.7,54.5,2.5,save,0.199,88,0.95
962053,20.4,58.9,49.4,2.5,save,0.031,78,0.95
962053,4.0,50.1,52.5,19.0,save,,65,0.95
962053,9.8,44.6,52.3,14.6,save,0.077,45,0.95
962053,6.0,65.2,48.7,13.3,save,0.195,34,0.95
962053,5.6,64.2,52.3,11.4,goal,0.439,45,0.95
962053,10.8,42.9,47.4,6.3,goal,0.273,40,0.95
962053,4.2,57.1,51.0,22.2,goal,0.342,30,0.95
962053,24.0,51.5,51.6,14.6,save,0.047,18,0.95
962053,12.6,45.1,46.6,5.7,goal,0.715,14,0.95
962053,28.1,33.8,53.2,7.6,save,0.125,9,0.95
962053,20.8,70.8,45.4,0.6,save,0.359,85,0.95
962053,11.8,65.6,51.4,7.0,save,0.064,64,0.95
962053,14.8,51.9,50.3,28.5,save,0.051,36,0.95
962053,10.2,43.5,50.3,9.5,save,0.02,33,0.95
962053,9.3,52.7,47.0,5.7,goal,0.258,31,0.95
962053,8.7,46.4,48.8,19.6,save,0.374,7,0.95
962053,7.0,15.1,50.9,19.0,save,0.026,90,0.95
962053,30.2,63.8,52.3,11.4,save,0.08,78,0.95
962053,11.9,44.2,49.1,9.5,save,0.036,71,0.95
962053,13.3,72.8,45.5,1.9,save,0.281,18,0.95
962053,11.9,66.7,52.3,3.8,save,0.183,90,0.95
962053,10.1,53.0,47.8,3.2,goal,0.398,82,0.95
962053,11.8,45.5,49.7,7.0,save,0.147,82,0.95
962053,9.2,37.6,49.4,3.8,save,0.178,54,0.95
962053,4.3,51.0,49.0,13.3,goal,0.19,39,0.95
962053,4.1,55.8,48.6,14.6,save,0.51,36,0.95
962053,11.5,50.0,49.4,5.1,goal,0.9,22,0.95
962053,20.7,70.2,46.8,12.7,save,0.09,86,0.95
962053,9.4,49.7,51.0,7.0,save,0.157,80,0.95
962053,5.2,47.6,46.4,20.3,goal,0.918,44,0.95
962053,11.5,50.0,54.4,7.0,goal,0.995,26,0.95
962053,14.5,46.0,53.6,1.3,goal,0.377,87,0.95
962053,11.4,51.7,46.9,12.7,save,0.168,77,0.95
962053,5.9,33.5,49.7,19.6,save,0.036,73,0.95
962053,17.2,51.7,51.6,3.2,save,0.079,56,0.95
962053,10.8,54.6,47.2,21.5,save,0.206,17,0.95
962053,13.6,29.4,48.9,24.1,save,0.081,11,0.95
962053,5.1,42.1,46.9,28.5,goal,0.571,9,0.95
962053,10.4,63.8,52.8,1.9,save,0.777,7,0.95
962053,9.6,25.4,52.8,2.5,save,0.098,90,0.95
962053,13.0,51.2,53.2,5.1,goal,0.731,66,0.95
962053,21.0,54.1,53.6,0.6,save,0.333,57,0.95
962053,16.5,12.6,49.7,31.0,save,0.051,20,0.95
962053,9.8,46.8,53.6,35.4,save,0.522,5,0.95
962053,28.5,49.5,45.9,12.0,save,0.231,5,0.95
962053,24.3,50.6,46.5,17.1,save,0.206,67,0.95
962053,18.1,41.8,52.1,24.7,save,0.118,51,0.95
962053,5.8,49.8,52.7,7.0,goal,0.825,30,0.95
962053,21.6,67.5,50.0,6.3,save,0.016,11,0.95
962053,8.3,54.0,48.4,14.6,save,0.058,10,0.95
962053,3.2,64.6,53.7,17.7,goal,0.561,90,0.95
962053,26.7,68.3,46.7,2.5,save,0.202,90,0.95
962053,8.8,50.0,50.3,12.0,save,0.019,54,0.95
962053,8.5,49.7,48.7,5.7,save,0.485,66,0.95
962053,18.7,30.6,46.5,1.9,save,0.376,66,0.95
962053,8.1,51.0,50.4,18.4,goal,0.269,45,0.95
962053,8.3,50.4,53.6,14.6,goal,0.518,30,0.95
962053,10.7,46.4,50.6,10.8,save,0.027,66,0.95
962053,9.2,50.5,50.0,8.9,save,0.03,64,0.95
962053,15.9,31.5,48.5,1.9,save,0.085,51,0.95
962053,20.0,61.3,46.0,30.4,save,0.475,50,0.95
962053,12.3,33.8,49.1,20.3,save,0.051,43,0.95
962053,11.7,39.9,49.4,0.6,save,0.068,28,0.95
962053,18.6,25.9,51.1,1.9,save,0.041,3,0.95
962053,14.3,72.9,48.8,7.6,save,0.03,57,0.95
962053,4.2,40.3,45.5,14.6,goal,0.92,25,0.95
962053,4.3,55.2,49.6,8.9,save,0.581,12,0.95
962053,22.0,39.8,48.0,5.7,save,0.09,12,0.95
962053,10.1,52.1,46.7,20.3,goal,0.391,24,0.95
962053,22.8,30.9,53.7,21.5,save,0.211,90,0.95
962053,8.0,57.5,46.4,27.2,goal,0.826,86,0.95
962053,2.7,53.3,47.4,7.0,save,0.972,86,0.95
962053,22.0,53.6,47.1,2.5,save,0.179,86,0.95
962053,18.4,61.1,49.1,3.2,save,0.038,51,0.95
962053,14.4,66.4,45.9,3.8,save,0.273,48,0.95
962053,10.9,71.8,52.3,19.0,save,0.158,22,0.95
962053,17.2,70.9,50.0,7.6,save,0.015,90,0.95
962053,8.6,35.0,50.9,3.8,save,0.052,82,0.95
962053,13.5,61.1,47.1,5.7,save,0.135,79,0.95
962053,5.1,47.2,53.5,16.5,goal,,71,0.95
962053,12.7,61.7,47.1,12.7,goal,0.09,68,0.95
962053,16.0,56.1,53.3,5.7,goal,0.26,60,0.95
962053,18.4,52.2,46.0,5.1,save,0.362,59,0.95
962053,9.0,51.9,49.0,2.5,save,0.092,45,0.95
962053,20.7,60.3,51.8,28.5,save,0.143,15,0.95
962053,23.8,66.4,52.3,25.9,save,0.184,8,0.95
962053,22.7,64.7,53.9,8.2,save,0.398,86,0.95
962053,13.3,37.0,48.7,3.2,save,0.222,33,0.95
962053,4.5,55.1,49.1,12.0,save,0.06,62,0.95
962053,9.7,43.2,53.8,2.5,goal,0.845,57,0.95
962053,2.6,43.7,54.2,24.1,goal,0.883,52,0.95
962053,20.7,48.1,47.4,7.0,save,0.12,16,0.95
962053,22.5,55.4,46.0,17.1,save,0.342,90,0.95
962053,18.9,75.9,51.1,27.2,save,0.08,81,0.95
962053,11.5,50.0,54.2,5.7,goal,0.994,57,0.95
962053,10.5,39.7,52.0,19.6,save,0.088,31,0.95
962053,11.5,50.0,46.9,17.1,goal,0.985,27,0.95
962053,7.7,50.9,52.1,19.0,save,0.152,15,0.95
962053,10.1,42.7,47.4,1.3,save,0.706,8,0.95
962053,10.2,45.8,52.8,13.9,goal,0.659,4,0.95
962053,11.3,48.8,52.4,8.2,goal,0.806,63,0.95
962053,5.2,51.7,50.8,32.3,goal,0.268,51,0.95
962053,13.9,37.5,53.1,31.0,goal,0.313,8,0.95
962053,9.2,50.2,52.3,25.3,goal,0.236,90,0.95
962053,8.3,44.0,53.6,5.7,save,0.276,51,0.95
962053,19.0,47.1,53.2,3.8,save,0.247,89,0.95
962053,11.9,45.7,52.9,19.0,goal,0.173,75,0.95
962053,11.1,80.2,46.8,5.7,save,0.091,66,0.95
962053,4.2,58.6,48.7,13.3,save,0.696,45,0.95
962053,7.0,55.1,46.4,7.0,goal,0.822,45,0.95
962053,5.1,53.4,46.4,24.7,goal,0.772,41,0.95
962053,3.9,52.1,52.8,9.5,goal,0.632,38,0.95
962053,15.7,68.3,47.1,10.8,save,0.093,8,0.95
962053,6.7,52.3,48.0,12.0,save,0.372,5,0.95
962053,25.6,36.8,50.3,25.3,save,0.036,90,0.95
962053,13.1,55.1,52.3,4.4,goal,0.143,68,0.95
962053,13.8,47.2,46.4,6.3,goal,0.791,64,0.95
962053,8.1,60.0,48.5,22.8,save,0.354,57,0.95
962053,12.6,34.4,51.3,3.8,save,0.052,47,0.95
962053,6.3,55.8,52.3,5.1,goal,0.346,37,0.95
962053,7.5,44.5,47.7,6.3,goal,0.544,25,0.95
962053,9.4,65.6,45.7,11.4,save,0.188,14,0.95
962053,9.9,50.3,49.4,8.2,save,0.117,7,0.95
962053,7.6,47.7,51.0,1.9,save,0.524,90,0.95
962053,15.7,47.4,47.4,1.9,save,0.26,73,0.95
962053,11.4,61.8,50.5,27.2,save,0.063,56,0.95
962053,19.3,57.9,46.4,12.0,goal,0.146,30,0.95
962053,13.8,48.6,50.6,17.1,save,0.304,30,0.95
962053,2.7,48.0,51.1,1.3,goal,0.962,22,0.95
962053,18.9,47.8,52.9,34.8,goal,0.395,2,0.95
962053,10.8,44.1,48.1,18.4,goal,0.684,85,0.95
962053,2.1,48.2,51.9,9.5,goal,0.971,80,0.95
962053,19.8,25.8,50.6,28.5,save,0.044,76,0.95
962053,7.8,29.1,47.1,15.2,save,0.252,56,0.95
962053,19.5,65.8,50.0,25.3,save,0.026,45,0.95
962053,4.6,59.1,48.1,34.2,goal,0.623,45,0.95
962053,14.5,42.9,52.1,5.1,save,0.09,40,0.95
962053,8.8,48.2,50.3,19.6,save,0.032,39,0.95
962053,17.7,33.4,50.4,10.8,save,0.016,22,0.95
962053,27.5,53.2,49.2,5.7,save,0.029,8,0.95
962053,7.2,69.3,54.4,1.3,save,0.782,90,0.95
962053,7.4,47.8,47.5,12.0,goal,0.198,78,0.95
962053,11.7,24.7,52.9,26.6,save,0.159,54,0.95
962053,26.9,49.5,50.0,8.2,save,0.013,32,0.95
962053,7.0,40.6,52.2,22.2,save,0.763,25,0.95
962053,4.5,34.2,50.3,2.5,save,0.029,9,0.95
962053,23.3,67.2,52.1,2.5,save,0.121,9,0.95
962053,13.0,33.6,47.4,13.3,save,0.164,90,0.95
962053,8.8,27.4,54.5,7.6,save,0.177,54,0.95
962053,11.5,50.0,51.5,7.0,goal,0.944,51,0.95
962053,30.4,40.3,45.8,17.7,goal,0.404,45,0.95
962053,15.0,39.4,52.3,5.1,save,0.106,14,0.95
962053,9.7,88.4,46.8,32.9,save,0.193,85,0.95
962053,13.1,45.2,47.6,1.9,save,0.519,73,0.95
962053,13.2,46.6,49.9,4.4,save,0.028,67,0.95
962053,35.2,74.2,49.0,12.7,save,0.021,52,0.95
962053,12.3,62.5,49.1,2.5,goal,0.625,48,0.95
962053,13.2,46.6,52.0,1.3,save,0.123,41,0.95
962053,7.3,41.9,51.0,13.3,save,0.263,20,0.95
962053,9.0,37.6,49.7,3.2,save,0.478,90,0.95
962053,25.9,42.7,52.4,5.7,save,0.093,90,0.95
962053,6.1,68.6,49.3,15.2,save,0.158,67,0.95
962053,8.7,51.5,51.0,8.9,save,0.162,40,0.95
962053,9.3,60.0,54.2,10.8,goal,0.56,34,0.95
962053,5.1,65.2,49.9,19.6,goal,0.025,29,0.95
962053,15.0,67.4,49.4,15.8,save,0.021,10,0.95
962053,19.4,38.4,50.2,7.6,save,0.017,2,0.95
962053,10.0,71.1,47.2,9.5,save,0.077,90,0.95
962053,21.2,68.0,48.4,1.3,save,0.062,85,0.95
962053,24.8,79.1,46.3,5.1,save,0.163,52,0.95
962053,12.9,50.3,50.8,22.8,goal,0.312,16,0.95
962053,7.7,66.6,46.4,3.8,save,0.164,7,0.95
962053,10.9,36.1,53.2,3.2,save,0.63,7,0.95
962053,10.4,50.4,49.9,8.2,save,0.021,71,0.95
962053,5.2,49.8,48.1,8.9,goal,0.236,61,0.95
962053,5.1,55.3,46.2,15.2,goal,0.698,56,0.95
962053,8.0,50.3,52.6,16.5,save,0.181,55,0.95
962053,4.7,42.3,54.2,20.3,save,0.298,51,0.95
962053,10.7,32.8,53.0,1.9,save,0.143,90,0.95
962053,9.8,48.9,51.0,17.1,save,0.039,90,0.95
962053,25.6,39.7,52.9,3.8,save,0.146,81,0.95
962053,7.4,31.5,54.1,36.1,save,0.381,73,0.95
962053,8.8,44.3,49.3,8.9,save,0.031,70,0.95
962053,9.3,49.3,47.5,23.4,save,0.241,64,0.95
962053,10.6,64.6,52.3,27.2,save,0.29,32,0.95
962053,12.7,37.5,53.2,6.3,save,0.147,16,0.95
962053,27.1,24.2,51.3,18.4,save,0.035,16,0.95
962053,23.2,51.5,45.5,1.9,save,0.451,90,0.95
962053,12.3,64.7,47.3,15.8,save,0.506,90,0.95
962053,4.6,46.8,50.6,1.9,goal,0.803,71,0.95
962053,16.0,66.0,46.4,6.3,save,0.171,71,0.95
962053,10.7,47.4,48.9,17.1,goal,0.056,68,0.95
962053,13.7,31.6,52.3,1.3,save,0.107,65,0.95
962053,17.2,57.0,52.5,24.1,save,0.193,60,0.95
962053,27.3,61.6,46.7,6.3,save,0.159,43,0.95
962053,26.4,52.4,45.6,9.5,save,0.304,38,0.95
962053,13.4,48.0,53.2,7.0,goal,0.544,15,0.95
962053,3.8,41.9,48.0,14.6,goal,0.175,12,0.95
962053,21.8,30.3,47.5,10.1,goal,0.11,50,0.95
962053,11.5,50.0,53.6,1.3,goal,0.993,30,0.95
962053,3.6,46.4,52.7,1.3,goal,0.815,18,0.95
962053,14.5,42.7,53.7,2.5,save,0.286,18,0.95
962053,14.2,54.6,51.5,17.7,save,0.269,72,0.95
962053,27.1,49.3,51.6,34.8,save,0.149,69,0.95
962053,24.0,24.9,54.0,4.4,save,0.238,59,0.95
962053,24.6,70.8,54.2,10.1,save,0.368,50,0.95
962053,9.8,31.8,48.4,0.6,save,0.124,45,0.95
962053,8.1,35.4,53.4,3.2,goal,0.636,44,0.95
962053,12.0,73.5,45.5,19.0,save,0.22,4,0.95
962053,9.8,50.8,51.4,27.2,goal,0.34,90,0.95
962053,4.5,47.6,50.8,6.3,save,0.082,82,0.95
962053,4.6,35.9,50.6,5.1,save,0.026,45,0.95
962053,12.2,58.8,51.3,26.6,save,0.147,45,0.95
962053,12.5,49.7,46.3,3.2,goal,0.45,20,0.95
962053,13.8,45.0,50.2,32.3,save,0.047,38,0.95
341097,16.3,51.9,51.0,2.5,save,0.623,87,0.89
341097,19.6,68.8,48.6,23.4,save,0.061,18,0.89
341097,18.5,33.8,54.2,7.6,save,0.256,16,0.89
341097,13.1,40.3,51.8,5.7,save,0.077,35,0.89
341097,6.1,34.2,51.1,15.8,goal,0.133,86,0.89
341097,8.4,47.4,51.5,3.2,goal,0.76,71,0.89
341097,12.5,32.7,47.1,1.9,save,0.347,71,0.89
341097,13.4,50.0,51.5,23.4,goal,0.126,65,0.89
341097,10.5,60.3,47.8,17.1,save,0.534,63,0.89
341097,10.6,40.7,52.7,13.9,goal,,57,0.89
341097,21.7,56.1,50.2,28.5,save,0.037,57,0.89
341097,2.9,56.5,46.1,3.2,goal,0.985,52,0.89
341097,7.9,56.8,46.6,7.0,save,0.712,51,0.89
341097,24.2,62.9,50.3,3.8,save,0.022,51,0.89
341097,18.8,49.4,45.9,3.2,goal,0.448,48,0.89
341097,18.8,46.4,50.5,23.4,save,0.042,41,0.89
341097,23.2,69.7,47.7,13.3,save,0.055,40,0.89
341097,12.5,46.2,53.1,17.1,save,0.665,86,0.89
341097,9.8,49.1,46.2,10.1,goal,0.615,12,0.89
341097,7.4,56.2,50.7,0.6,goal,0.732,90,0.89
341097,14.5,49.3,51.0,5.1,save,0.051,90,0.89
341097,27.1,40.1,52.8,13.9,save,0.091,88,0.89
341097,6.4,54.1,48.1,22.2,save,0.16,83,0.89
341097,6.8,52.6,51.0,4.4,goal,0.59,68,0.89
341097,16.0,32.0,47.1,24.7,goal,0.314,51,0.89
341097,23.9,54.6,47.5,16.5,save,0.091,49,0.89
341097,11.2,43.0,51.6,9.5,save,0.069,40,0.89
341097,32.6,58.8,51.7,25.3,save,0.097,11,0.89
341097,22.9,21.5,51.3,1.9,save,0.044,90,0.89
341097,26.5,38.6,50.1,3.8,save,0.018,90,0.89
341097,22.4,65.1,50.6,5.1,save,0.027,85,0.89
341097,22.0,29.8,53.6,10.8,save,0.12,79,0.89
341097,6.4,47.0,53.8,3.8,goal,0.629,37,0.89
341097,11.7,39.3,53.0,5.1,goal,0.444,82,0.89
341097,7.7,42.8,47.7,2.5,goal,0.635,71,0.89
341097,10.1,64.6,52.3,8.9,goal,0.422,22,0.89
341097,18.5,54.6,52.3,3.8,save,0.123,11,0.89
341097,6.8,49.6,53.6,7.0,goal,0.386,9,0.89
341097,16.2,69.3,50.0,28.5,save,0.038,80,0.89
341097,3.3,38.5,52.2,8.2,goal,0.09,78,0.89
341097,8.6,48.1,46.1,7.0,save,0.387,66,0.89
341097,9.4,67.7,51.7,15.8,save,0.093,52,0.89
341097,25.2,56.7,48.5,19.6,save,0.053,16,0.89
341097,8.4,52.7,52.4,10.1,save,0.4,72,0.89
341097,14.4,39.8,49.4,2.5,save,0.045,50,0.89
341097,17.5,45.9,48.6,3.8,save,0.076,31,0.89
341097,14.8,28.4,49.0,28.5,save,0.08,27,0.89
341097,22.2,52.1,46.2,23.4,save,0.338,90,0.89
341097,4.2,48.5,50.1,23.4,goal,0.795,68,0.89
341097,4.2,41.9,50.0,31.0,save,0.071,57,0.89
341097,9.2,54.2,47.1,29.1,goal,0.389,28,0.89
341097,6.1,66.7,49.4,22.8,save,0.128,28,0.89
341097,26.5,58.1,46.0,15.8,save,0.234,13,0.89
341097,22.2,64.6,52.3,6.3,save,0.141,68,0.89
341097,12.4,53.0,47.2,8.9,save,0.145,3,0.89
341097,16.3,65.8,54.1,11.4,goal,0.409,46,0.89
341097,15.1,50.7,49.6,17.1,save,0.024,31,0.89
341097,14.8,53.9,53.1,1.9,save,0.271,23,0.89
341097,2.5,39.1,53.4,15.2,save,0.385,10,0.89
341097,14.2,57.3,45.8,13.9,goal,0.281,6,0.89
341097,12.2,42.7,49.2,6.3,goal,0.299,90,0.89
341097,8.0,61.7,51.3,3.2,save,0.658,87,0.89
341097,9.7,53.6,53.8,22.2,goal,0.425,63,0.89
341097,8.6,48.4,49.9,29.7,save,0.054,55,0.89
341097,7.5,63.8,49.7,9.5,goal,0.069,58,0.89
341097,2.6,52.9,48.9,22.2,save,0.618,23,0.89
341097,16.0,45.3,52.9,10.1,goal,0.122,11,0.89
341097,13.3,48.4,52.9,24.7,save,0.213,90,0.89
341097,17.9,34.4,50.9,5.1,save,0.032,38,0.89
341097,24.0,49.6,51.8,24.7,save,0.099,11,0.89
341097,7.8,50.1,50.5,18.4,save,0.057,5,0.89
341097,10.4,50.3,50.3,5.1,save,0.05,30,0.89
341097,14.4,68.5,53.4,1.3,save,0.402,90,0.89
341097,4.6,40.5,50.1,0.6,save,0.337,90,0.89
341097,10.5,54.0,50.0,6.3,save,0.024,88,0.89
341097,6.4,30.9,53.6,10.8,save,0.842,87,0.89
341097,8.2,57.5,53.2,19.0,goal,0.821,70,0.89
341097,19.5,52.4,51.6,27.2,save,0.106,27,0.89
341097,1.5,48.9,51.3,17.1,goal,0.975,22,0.89
341097,13.6,58.5,48.1,17.1,save,0.071,4,0.89
341097,7.4,47.6,52.8,20.3,goal,0.813,90,0.89
341097,18.3,56.1,47.5,3.2,goal,0.69,90,0.89
341097,24.4,40.0,53.9,2.5,save,0.277,61,0.89
341097,9.7,32.1,47.7,3.8,goal,0.707,52,0.89
341097,8.4,50.2,45.9,6.3,goal,0.941,8,0.89
341097,14.3,57.8,50.6,8.9,save,0.034,90,0.89
341097,11.5,50.0,52.3,1.9,goal,0.978,51,0.89
341097,9.3,51.6,51.9,14.6,save,0.084,12,0.89
341097,5.8,39.5,50.6,29.1,save,0.061,90,0.89
341097,23.8,29.3,48.4,4.4,save,0.074,87,0.89
341097,23.1,30.3,48.9,12.7,save,0.029,86,0.89
341097,13.4,55.8,50.0,15.8,save,0.02,72,0.89
341097,2.4,54.4,49.4,5.1,goal,0.837,57,0.89
341097,13.6,46.4,47.4,13.9,save,0.13,40,0.89
341097,15.8,49.9,47.2,24.7,save,0.278,20,0.89
341097,27.8,54.0,50.6,7.0,save,0.022,84,0.89
341097,11.5,50.0,52.3,2.5,goal,0.978,70,0.89
341097,10.8,58.7,47.1,14.6,save,0.366,57,0.89
341097,10.5,52.9,53.2,10.1,save,0.196,56,0.89
341097,30.2,11.2,53.1,8.9,save,0.088,35,0.89
341097,24.1,66.6,45.9,3.8,goal,0.262,7,0.89
341097,29.5,51.5,53.9,2.5,save,0.324,90,0.89
341097,14.9,51.7,50.1,20.3,save,0.091,85,0.89
341097,3.3,46.2,54.0,19.6,goal,0.74,76,0.89
341097,14.9,28.4,50.9,8.2,save,0.024,82,0.89
341097,7.9,33.2,47.6,1.9,goal,0.311,74,0.89
341097,13.2,54.6,46.5,22.8,goal,0.823,64,0.89
341097,15.7,47.8,46.1,28.5,goal,0.503,14,0.89
341097,19.1,32.3,47.4,3.8,save,0.209,6,0.89
341097,25.6,49.4,53.7,20.9,save,0.287,90,0.89
341097,8.9,50.4,53.6,8.9,goal,0.28,45,0.89
341097,12.1,38.5,50.5,1.3,save,0.052,40,0.89
341097,24.6,68.4,52.5,26.6,save,0.216,41,0.89
341097,2.3,52.8,49.0,13.3,goal,0.885,26,0.89
341097,2.7,64.9,47.5,23.4,save,0.367,26,0.89
341097,5.0,31.4,47.4,19.0,goal,0.785,4,0.89
341097,11.2,34.9,52.7,3.8,save,0.115,90,0.89
341097,13.5,49.5,51.8,5.1,save,0.078,86,0.89
341097,8.3,56.3,52.6,5.1,save,0.204,75,0.89
341097,29.0,64.9,51.9,11.4,save,0.053,67,0.89
341097,14.2,64.1,54.1,31.0,goal,0.723,60,0.89
341097,30.5,30.5,53.2,6.3,save,0.136,57,0.89
341097,8.1,28.8,51.4,22.8,save,0.052,48,0.89
341097,20.0,71.2,46.9,21.5,save,0.144,42,0.89
341097,11.4,57.3,54.0,11.4,goal,0.34,37,0.89
341097,13.5,48.0,51.7,21.5,save,0.085,26,0.89
341097,13.3,51.7,52.4,31.0,save,0.256,90,0.89
341097,9.0,52.9,52.1,3.2,save,0.776,90,0.89
341097,11.1,52.4,50.6,19.6,save,0.033,82,0.89
341097,10.1,53.2,46.7,3.8,goal,0.319,60,0.89
341097,25.1,31.8,49.4,3.8,save,0.031,53,0.89
341097,28.2,45.7,52.2,11.4,save,0.067,36,0.89
341097,10.5,59.8,51.0,3.2,save,0.067,27,0.89
341097,18.8,66.6,47.5,32.3,save,0.199,81,0.89
341097,26.8,38.0,49.4,12.0,save,0.016,49,0.89
341097,25.4,59.4,54.4,2.5,save,0.486,21,0.89
341097,21.1,27.9,51.6,22.8,save,0.062,13,0.89
341097,19.6,32.2,51.9,2.5,save,0.084,87,0.89
341097,9.0,61.6,47.7,0.6,save,0.44,80,0.89
341097,4.6,51.1,50.9,20.9,goal,0.835,66,0.89
341097,19.9,63.7,53.5,26.6,save,0.42,52,0.89
341097,4.4,67.2,46.4,9.5,goal,0.096,46,0.89
341097,3.0,60.2,47.2,1.9,save,0.145,46,0.89
341097,8.7,46.2,45.6,14.6,goal,0.833,32,0.89
341097,10.0,62.9,52.1,3.8,save,0.628,32,0.89
341097,9.5,57.1,47.7,8.9,save,0.616,4,0.89
341097,19.0,38.8,46.7,22.2,save,0.35,83,0.89
341097,5.4,44.0,47.1,15.8,save,0.289,70,0.89
341097,25.6,73.8,53.9,12.7,save,0.291,64,0.89
341097,18.4,57.1,45.8,16.5,goal,0.312,59,0.89
341097,13.2,33.9,46.1,2.5,save,0.571,51,0.89
341097,20.8,27.0,54.4,22.2,save,0.344,90,0.89
341097,15.0,32.6,45.8,13.3,goal,0.428,90,0.89
341097,9.3,56.7,49.6,24.1,save,0.039,70,0.89
341097,13.4,34.0,47.5,19.0,save,0.176,48,0.89
341097,2.1,36.7,49.7,0.6,goal,0.222,10,0.89
341097,5.1,44.6,48.1,2.5,goal,0.834,90,0.89
341097,8.0,57.6,49.3,4.4,save,0.301,77,0.89
341097,4.4,71.1,48.3,21.5,save,0.054,76,0.89
341097,4.7,43.5,48.1,24.7,goal,0.755,68,0.89
341097,4.1,43.5,52.5,14.6,goal,0.364,66,0.89
341097,12.0,65.5,48.9,4.4,save,0.046,58,0.89
341097,8.4,34.0,51.3,0.6,save,0.058,43,0.89
341097,7.7,46.9,50.1,18.4,save,0.04,24,0.89
341097,2.0,63.7,47.0,15.2,save,0.066,90,0.89
341097,24.1,21.9,51.4,20.9,save,0.045,10,0.89
341097,11.7,43.3,47.0,3.2,goal,0.828,90,0.89
341097,21.7,53.2,50.3,12.7,save,0.014,88,0.89
341097,9.4,44.9,52.3,5.1,goal,0.712,82,0.89
341097,15.6,25.5,52.0,27.8,save,0.103,80,0.89
341097,14.3,74.8,52.0,10.1,save,0.087,46,0.89
341097,6.8,50.3,49.0,18.4,save,0.5,34,0.89
341097,10.9,61.8,53.1,3.8,save,0.68,29,0.89
341097,9.9,51.7,48.7,12.0,save,0.162,24,0.89
341097,4.4,42.6,49.4,17.7,save,0.085,15,0.89
341097,13.5,48.4,50.2,3.8,save,0.028,11,0.89
88625,11.3,50.1,54.0,20.9,save,0.39,41,0.74
88625,26.3,62.8,46.6,18.4,save,0.17,25,0.74
88625,5.9,27.5,49.8,5.1,save,0.026,11,0.74
88625,12.2,38.3,49.7,10.8,save,0.029,70,0.74
88625,15.0,62.9,53.0,6.3,save,0.356,57,0.74
88625,13.0,74.2,49.4,3.8,save,0.027,16,0.74
88625,23.5,66.9,52.7,12.7,save,0.117,6,0.74
88625,8.6,67.3,45.3,21.5,save,0.303,82,0.74
88625,14.1,28.9,49.8,28.5,save,0.039,73,0.74
88625,2.3,58.3,47.4,13.9,save,0.195,61,0.74
88625,4.0,38.9,51.1,7.0,goal,0.328,31,0.74
88625,13.6,68.8,50.9,12.0,save,0.031,24,0.74
88625,14.5,28.6,52.6,3.8,save,0.096,22,0.74
88625,11.5,50.0,50.3,17.7,goal,0.873,38,0.74
88625,14.9,53.4,47.1,0.6,goal,0.535,27,0.74
88625,3.8,59.8,48.6,3.8,save,0.064,14,0.74
88625,13.5,42.3,52.5,16.5,save,0.134,90,0.74
88625,13.9,74.9,54.0,12.7,goal,0.429,75,0.74
88625,12.7,54.6,49.0,18.4,save,0.062,72,0.74
88625,8.9,52.0,46.4,7.0,goal,0.81,67,0.74
88625,9.2,58.3,47.0,0.6,goal,0.717,65,0.74
88625,4.8,49.8,53.1,20.3,goal,0.926,4,0.74
88625,22.8,47.2,52.3,17.7,save,0.129,81,0.74
88625,13.2,72.1,51.4,17.1,save,0.061,73,0.74
88625,27.1,64.6,53.8,25.9,save,0.444,35,0.74
88625,22.8,64.2,52.9,26.6,save,0.294,79,0.74
88625,17.0,50.6,50.4,3.8,save,0.037,22,0.74
88625,11.1,31.7,53.8,18.4,save,0.187,22,0.74
88625,5.0,35.8,49.8,31.0,goal,0.176,90,0.74
88625,4.8,37.6,52.9,10.8,save,0.107,78,0.74
88625,27.3,64.8,51.6,6.3,save,0.061,76,0.74
88625,8.4,60.3,47.1,17.7,goal,0.422,73,0.74
88625,20.5,40.7,51.8,21.5,save,0.075,50,0.74
88625,28.1,34.8,52.6,16.5,save,0.084,45,0.74
88625,16.2,51.4,48.1,3.8,save,0.094,44,0.74
88625,11.5,50.0,47.9,7.6,goal,0.964,18,0.74
88625,14.1,54.3,51.0,27.2,save,0.078,60,0.74
88625,14.4,22.9,49.4,27.8,save,0.056,37,0.74
88625,21.7,30.7,52.3,19.0,save,0.098,59,0.74
88625,9.7,49.9,50.0,24.7,save,0.034,38,0.74
88625,7.3,44.8,49.5,19.6,save,0.044,35,0.74
88625,4.0,62.2,49.0,3.8,save,0.047,85,0.74
88625,15.0,62.4,52.6,3.2,save,0.193,53,0.74
88625,22.8,25.7,53.0,13.3,save,0.08,52,0.74
88625,11.6,67.0,47.4,25.3,save,0.174,82,0.74
88625,9.5,48.0,52.7,16.5,goal,0.173,66,0.74
88625,3.8,54.6,48.2,27.8,goal,0.9,60,0.74
88625,6.2,67.6,46.4,14.6,save,0.125,57,0.74
88625,9.6,62.1,48.1,28.5,goal,0.137,43,0.74
88625,7.1,28.0,52.9,4.4,save,0.094,90,0.74
88625,18.1,52.4,51.4,18.4,goal,0.065,47,0.74
88625,13.6,63.0,50.6,0.6,save,0.046,45,0.74
88625,15.1,52.3,47.8,4.4,save,0.166,11,0.74
88625,32.1,34.3,54.0,7.0,save,0.223,49,0.74
88625,31.6,43.8,54.0,25.3,save,0.376,42,0.74
88625,25.5,59.8,49.3,2.5,save,0.032,31,0.74
88625,26.3,68.1,48.1,3.2,save,0.067,6,0.74
88625,3.9,61.5,48.0,17.1,goal,0.193,59,0.74
88625,10.5,58.3,47.7,26.6,goal,0.176,56,0.74
88625,18.9,53.4,48.4,5.1,save,0.06,55,0.74
88625,23.7,36.4,47.5,1.9,save,0.164,37,0.74
88625,13.5,53.2,52.9,3.8,goal,0.786,90,0.74
88625,4.8,52.6,46.4,15.8,goal,0.966,90,0.74
88625,11.9,64.2,53.4,4.4,goal,0.47,84,0.74
88625,7.9,44.6,52.4,4.4,goal,0.919,54,0.74
88625,12.7,47.0,53.4,12.0,goal,0.196,41,0.74
88625,11.7,62.4,51.0,3.8,save,0.066,36,0.74
88625,21.7,69.7,49.2,25.9,save,0.045,77,0.74
88625,10.3,51.4,46.3,20.9,goal,0.335,51,0.74
88625,7.3,47.3,51.6,25.3,save,0.46,35,0.74
88625,7.8,51.8,48.1,7.6,save,0.132,87,0.74
88625,8.9,48.7,52.9,1.3,goal,0.426,71,0.74
88625,12.4,65.9,47.7,7.0,save,0.079,45,0.74
88625,13.9,50.1,51.1,5.1,goal,0.342,41,0.74
88625,11.3,57.7,49.5,1.9,save,0.044,30,0.74
88625,24.9,67.1,52.6,27.2,save,0.233,28,0.74
88625,6.0,31.9,54.6,1.9,save,0.316,23,0.74
88625,6.8,50.4,53.6,2.5,goal,0.918,12,0.74
88625,12.1,65.3,50.0,22.8,save,0.028,90,0.74
88625,27.5,37.6,53.1,27.2,save,0.262,80,0.74
88625,7.6,51.5,49.6,8.9,save,0.252,61,0.74
88625,2.6,57.3,46.0,11.4,goal,0.76,90,0.74
88625,9.7,31.7,47.7,19.0,save,0.605,83,0.74
88625,15.5,49.6,45.5,4.4,goal,0.865,80,0.74
88625,13.5,38.9,53.9,21.5,goal,0.284,40,0.74
88625,7.5,31.7,45.6,14.6,save,0.627,27,0.74
88625,7.7,45.5,53.2,8.9,goal,0.732,12,0.74
88625,19.1,34.8,48.1,3.2,save,0.102,6,0.74
88625,17.7,49.2,46.4,27.2,goal,0.392,70,0.74
88625,24.2,39.7,52.0,15.2,save,0.057,56,0.74
88625,11.7,41.6,51.9,13.3,save,0.048,16,0.74
88625,13.8,41.6,47.1,4.4,save,0.286,2,0.74
88625,21.2,29.4,46.4,8.9,save,0.286,71,0.74
88625,16.7,65.5,53.1,4.4,save,0.262,54,0.74
88625,4.3,47.8,51.6,3.2,save,0.611,32,0.74
88625,2.9,65.3,49.0,4.4,save,0.037,16,0.74
88625,8.5,31.2,46.2,4.4,save,0.88,2,0.74
88625,13.6,26.7,52.7,5.1,save,0.088,1,0.74
88625,6.4,46.4,51.5,1.3,goal,0.853,1,0.74
88625,26.5,70.8,46.2,5.1,goal,0.192,39,0.74
88625,15.0,53.8,53.5,7.0,save,0.319,9,0.74
88625,5.4,51.1,49.7,12.7,save,0.742,5,0.74
88625,22.3,83.0,49.9,9.5,save,0.012,5,0.74
88625,9.1,39.2,53.5,29.7,goal,0.7,29,0.74
88625,13.0,64.1,53.0,12.0,goal,0.205,1,0.74
88625,9.1,34.7,48.5,1.9,save,0.114,45,0.74
88625,18.7,54.9,49.3,28.5,save,0.058,21,0.74
88625,23.2,53.2,47.3,18.4,save,0.127,5,0.74
88625,4.6,51.0,49.7,7.6,goal,0.769,90,0.74
88625,27.3,51.2,47.1,20.3,goal,0.158,68,0.74
88625,28.5,29.7,53.5,16.5,save,0.144,67,0.74
88625,24.1,49.5,46.9,1.3,save,0.254,57,0.74
88625,13.3,44.1,46.1,3.8,goal,0.936,76,0.74
88625,13.8,40.1,52.6,26.6,save,0.211,71,0.74
88625,14.5,62.5,47.4,7.6,save,0.114,54,0.74
88625,2.3,70.7,46.9,19.6,save,0.086,45,0.74
88625,8.7,56.1,50.7,17.1,save,0.037,41,0.74
88625,13.0,33.4,46.4,3.2,goal,0.755,19,0.74
88625,11.1,68.9,50.6,29.1,save,0.075,18,0.74
88625,5.6,32.7,51.8,1.3,save,0.122,81,0.74
88625,11.1,44.7,50.0,24.1,save,0.028,45,0.74
88625,13.7,62.7,49.8,2.5,goal,0.173,45,0.74
88625,25.2,46.6,49.0,1.3,save,0.049,19,0.74
88625,7.5,51.8,52.7,1.3,goal,0.859,8,0.74
88625,8.3,43.9,51.6,28.5,save,0.177,65,0.74
88625,2.6,33.2,53.1,10.8,save,0.066,31,0.74
88625,21.6,63.9,46.1,22.8,save,0.286,16,0.74
88625,10.8,33.4,46.1,19.0,goal,0.798,50,0.74
88625,3.9,54.2,47.5,22.8,goal,0.92,40,0.74
88625,23.6,63.9,53.4,22.2,save,0.372,31,0.74
88625,8.0,45.7,53.1,20.9,goal,0.236,26,0.74
88625,9.8,29.3,48.1,7.6,save,0.104,25,0.74
88625,7.3,38.0,51.3,2.5,save,0.41,10,0.74
88625,20.6,54.6,53.9,11.4,goal,0.253,76,0.74
88625,11.2,53.8,51.2,17.7,save,0.412,32,0.74
88625,7.1,32.2,52.2,25.9,save,0.156,23,0.74
88625,14.3,65.9,53.1,18.4,save,0.294,90,0.74
88625,8.8,47.0,51.3,13.9,save,0.36,45,0.74
88625,19.2,54.2,49.0,17.1,save,0.033,45,0.74
88625,18.3,49.4,47.2,5.7,save,0.189,30,0.74
88625,15.0,57.9,50.5,13.9,save,0.282,35,0.74
857574,19.2,49.7,49.8,3.8,save,0.034,90,0.55
857574,15.4,36.0,52.3,17.1,save,0.072,89,0.55
857574,20.3,49.5,51.1,9.5,save,0.032,89,0.55
857574,12.6,45.6,49.8,8.9,save,0.049,75,0.55
857574,23.2,67.7,48.1,4.4,save,0.065,60,0.55
857574,14.7,57.5,47.0,1.9,save,0.195,57,0.55
857574,20.9,56.9,52.6,17.1,save,0.126,56,0.55
857574,24.3,56.4,50.5,15.2,save,0.019,37,0.55
857574,1.8,42.1,53.4,7.6,save,0.775,2,0.55
857574,3.2,41.2,53.3,0.6,save,0.22,2,0.55
857574,9.5,69.3,46.0,3.8,save,0.197,90,0.55
857574,10.2,44.1,46.6,6.3,goal,0.897,56,0.55
857574,9.4,55.5,52.0,4.4,goal,0.775,52,0.55
857574,8.1,48.8,53.8,9.5,goal,0.673,48,0.55
857574,9.2,50.7,53.2,7.0,goal,0.242,39,0.55
857574,4.8,43.3,53.2,7.6,save,0.206,23,0.55
857574,11.4,60.1,52.2,6.3,save,0.117,18,0.55
857574,13.2,51.2,50.0,1.3,save,0.038,82,0.55
857574,12.2,31.2,47.2,4.4,save,0.716,60,0.55
857574,19.7,24.6,53.0,36.1,save,0.284,51,0.55
857574,15.1,60.3,46.3,7.0,save,0.203,46,0.55
857574,23.7,55.5,45.8,3.2,save,0.389,31,0.55
857574,8.8,72.3,46.3,4.4,save,0.16,15,0.55
857574,34.4,57.3,52.5,5.1,save,0.116,90,0.55
857574,14.7,50.1,50.4,5.7,save,0.381,50,0.55
857574,9.4,55.6,52.1,27.8,save,0.213,20,0.55
857574,15.1,37.4,50.0,1.9,save,0.023,90,0.55
857574,9.5,35.9,52.7,10.8,save,0.081,52,0.55
857574,15.0,28.6,49.2,12.7,save,0.024,45,0.55
857574,28.4,57.3,53.7,24.1,save,0.362,74,0.55
857574,9.8,44.0,52.8,9.5,save,0.108,31,0.55
857574,14.2,44.8,54.3,29.7,save,0.559,78,0.55
857574,5.7,50.1,48.4,5.7,goal,0.849,69,0.55
857574,18.4,68.3,50.0,13.3,save,0.012,46,0.55
857574,3.8,64.8,47.7,7.0,save,0.076,28,0.55
857574,1.9,68.1,47.0,5.7,save,0.096,14,0.55
857574,2.3,42.6,51.3,32.9,goal,0.209,6,0.55
857574,24.0,68.5,53.2,2.5,save,0.285,90,0.55
857574,10.1,67.0,45.5,3.2,save,0.289,90,0.55
857574,8.3,55.6,49.4,6.3,save,0.213,60,0.55
857574,9.1,32.1,50.0,0.6,goal,0.155,30,0.55
857574,8.8,48.1,46.2,6.3,goal,0.765,27,0.55
857574,13.5,60.7,52.3,8.2,save,0.134,38,0.55
857574,9.6,63.4,50.1,3.8,goal,0.033,90,0.55
857574,14.8,63.7,48.3,25.9,save,0.092,42,0.55
857574,21.0,41.1,46.2,13.3,save,0.254,41,0.55
857574,3.2,55.0,47.6,2.5,goal,0.658,7,0.55
857574,7.7,29.5,54.0,7.6,save,0.19,43,0.55
857574,13.9,56.6,48.4,19.6,save,0.068,31,0.55
857574,11.5,50.0,50.0,27.8,goal,0.914,27,0.55
857574,8.5,45.8,51.7,10.1,save,0.688,52,0.55
857574,21.7,67.6,46.0,31.0,goal,0.403,43,0.55
857574,11.5,41.7,52.8,22.2,goal,0.696,1,0.55
857574,8.1,54.9,46.4,3.2,goal,0.952,53,0.55
857574,11.6,64.6,45.6,4.4,save,0.402,47,0.55
857574,10.1,52.6,52.6,15.2,save,0.137,84,0.55
857574,12.6,44.3,54.4,21.5,save,0.878,73,0.55
857574,8.2,52.8,52.8,24.7,goal,0.788,90,0.55
857574,25.0,50.5,50.9,20.3,save,0.036,89,0.55
857574,3.8,56.2,50.0,5.7,save,0.415,76,0.55
857574,9.5,48.6,48.4,24.1,save,0.117,23,0.55
857574,10.7,64.8,52.0,2.5,save,0.201,8,0.55
857574,7.1,49.5,50.6,3.2,save,0.052,33,0.55
857574,7.6,48.1,51.3,17.1,save,0.072,20,0.55
857574,8.6,46.6,50.5,34.2,save,0.118,90,0.55
857574,22.1,69.8,53.4,25.3,goal,0.391,66,0.55
857574,4.9,56.6,48.9,8.2,save,0.626,51,0.55
857574,9.7,59.9,52.8,29.1,save,0.359,32,0.55
857574,6.9,66.0,50.4,24.7,save,0.046,31,0.55
857574,21.9,42.5,51.5,3.8,save,0.066,3,0.55
857574,9.2,44.7,53.5,17.1,goal,0.839,54,0.55
857574,14.8,32.0,47.9,12.0,save,0.092,90,0.55
857574,10.0,53.2,47.2,10.8,goal,0.479,88,0.55
857574,11.7,38.4,50.5,8.9,save,0.171,15,0.55
857574,3.7,57.3,48.7,1.9,save,0.554,10,0.55
857574,20.6,53.4,52.9,2.5,save,0.272,90,0.55
857574,8.0,54.6,48.7,21.5,save,0.561,68,0.55
857574,23.3,45.2,46.3,22.2,save,0.337,39,0.55
857574,9.5,46.9,49.7,12.7,save,0.068,13,0.55
857574,23.2,32.4,47.1,29.1,save,0.323,57,0.55
857574,22.1,52.7,50.3,8.9,save,0.017,90,0.55
857574,10.4,50.1,54.0,15.2,save,0.316,80,0.55
857574,6.8,50.7,51.5,15.8,goal,,74,0.55
857574,10.0,53.9,52.1,17.1,save,0.104,72,0.55
857574,11.0,40.8,52.5,20.3,save,0.112,47,0.55
857574,22.4,38.0,46.8,19.0,save,0.23,23,0.55
857574,21.1,60.3,53.3,3.8,save,0.271,21,0.55
857574,7.7,57.7,51.6,13.9,save,0.093,86,0.55
857574,5.6,34.6,52.5,12.7,save,0.062,51,0.55
857574,8.5,46.6,48.7,2.5,goal,0.573,6,0.55
857574,4.8,52.4,46.8,19.0,goal,0.855,46,0.55
857574,10.7,59.6,48.7,1.9,save,0.085,31,0.55
857574,8.3,48.5,45.8,14.6,goal,0.764,18,0.55
857574,8.0,50.8,46.5,4.4,goal,0.707,4,0.55
857574,27.8,39.8,52.0,13.9,save,0.052,74,0.55
857574,18.8,63.3,52.3,0.6,save,0.17,72,0.55
857574,9.2,45.8,48.0,12.7,save,0.101,50,0.55
857574,47.6,50.9,46.0,25.3,save,0.387,28,0.55
857574,7.8,48.9,52.8,12.0,save,0.198,16,0.55
857574,15.8,47.2,49.0,15.8,save,0.043,57,0.55
857574,12.0,59.0,51.2,0.6,goal,0.455,11,0.55
857574,24.1,25.6,53.9,3.8,save,0.212,86,0.55
857574,9.5,47.4,51.8,2.5,save,0.368,31,0.55
857574,13.1,65.5,52.9,5.7,save,0.231,29,0.55
857574,3.4,48.2,51.8,1.3,goal,0.968,5,0.55
857574,8.7,49.9,51.0,18.4,save,0.582,5,0.55
857574,9.1,65.1,48.4,8.2,save,0.043,38,0.55
857574,7.8,61.6,47.7,5.1,save,0.097,86,0.55
857574,14.7,49.6,50.4,8.2,save,0.024,55,0.55
857574,4.1,48.0,50.5,4.4,save,0.622,45,0.55
857574,23.9,38.2,53.9,6.3,save,0.215,41,0.55
857574,8.5,53.5,48.7,3.8,save,0.067,38,0.55
857574,33.3,54.6,52.4,2.5,save,0.125,37,0.55
857574,26.2,63.9,54.1,1.3,save,0.459,34,0.55
857574,8.8,54.2,48.1,2.5,goal,0.455,3,0.55
857574,7.6,52.2,48.6,11.4,save,0.047,52,0.55
857574,8.5,40.4,52.6,19.0,save,0.134,35,0.55
857574,9.7,71.1,47.8,5.1,save,0.077,33,0.55
857574,7.4,60.8,50.2,30.4,save,0.051,14,0.55
964983,17.8,50.0,51.7,6.3,save,0.713,90,0.95
964983,21.0,58.6,48.7,4.4,save,0.07,72,0.95
964983,6.5,52.8,46.6,20.9,goal,0.93,49,0.95
964983,3.2,46.0,51.6,17.7,goal,,21,0.95
964983,4.6,27.8,48.3,10.1,save,0.082,21,0.95
964983,14.5,42.6,50.4,13.3,save,0.021,90,0.95
964983,9.6,44.9,48.4,12.0,save,0.052,80,0.95
964983,16.4,66.2,49.2,26.6,save,0.05,37,0.95
964983,14.7,63.2,53.5,17.1,goal,0.71,50,0.95
964983,11.6,61.7,48.1,20.9,save,0.08,40,0.95
964983,11.5,50.0,52.8,1.3,save,0.987,33,0.95
964983,7.4,51.3,50.4,22.2,save,0.414,13,0.95
964983,11.5,50.0,47.4,3.2,goal,0.983,57,0.95
964983,3.6,43.8,53.3,24.1,goal,0.77,26,0.95
964983,11.5,50.0,52.5,1.9,save,0.982,26,0.95
964983,18.8,32.7,47.7,2.5,save,0.158,86,0.95
964983,27.2,41.7,46.8,15.8,save,0.168,49,0.95
964983,14.6,48.8,50.1,8.2,save,0.072,48,0.95
964983,3.5,68.0,49.8,31.0,goal,0.048,45,0.95
964983,3.0,50.1,46.4,2.5,goal,,33,0.95
964983,12.8,36.9,50.0,27.8,save,0.036,73,0.95
964983,14.1,67.7,54.3,10.8,goal,0.473,29,0.95
964983,9.3,54.2,54.2,28.5,goal,0.946,59,0.95
964983,13.7,33.2,53.3,8.9,save,0.118,16,0.95
964983,6.6,51.6,48.4,1.3,goal,0.911,90,0.95
964983,8.8,55.9,45.9,14.6,goal,0.514,43,0.95
964983,27.4,36.3,53.2,13.3,save,0.113,38,0.95
964983,10.1,46.3,54.0,17.1,goal,0.876,76,0.95
964983,8.4,46.1,51.9,2.5,goal,0.665,71,0.95
964983,5.9,42.5,48.8,12.0,save,0.054,59,0.95
964983,3.7,72.0,46.4,10.1,save,0.078,58,0.95
964983,7.3,32.3,49.2,7.0,save,0.323,57,0.95
964983,7.7,67.2,50.2,14.6,save,0.018,55,0.95
964983,24.2,48.5,52.9,16.5,save,0.158,52,0.95
964983,18.3,60.8,53.2,17.1,save,0.318,50,0.95
964983,15.0,69.5,47.4,8.2,save,0.073,49,0.95
964983,4.6,30.4,49.0,3.8,save,0.06,43,0.95
964983,18.3,55.7,52.0,5.7,goal,0.567,39,0.95
964983,11.2,52.6,48.3,5.1,goal,0.524,37,0.95
964983,8.5,69.9,49.0,17.1,save,0.245,35,0.95
964983,20.2,50.9,50.3,1.3,save,0.035,53,0.95
964983,6.5,50.4,49.2,12.0,goal,0.182,45,0.95
964983,12.1,63.2,47.6,1.3,goal,0.927,14,0.95
964983,8.6,47.2,48.4,9.5,goal,0.117,11,0.95
964983,11.6,63.8,50.0,21.5,save,0.029,3,0.95
964983,7.1,45.8,46.3,8.2,goal,,66,0.95
964983,3.3,56.3,49.7,13.9,goal,0.147,31,0.95
964983,20.1,58.3,45.8,13.3,save,0.237,14,0.95
964983,9.9,52.7,51.3,5.1,save,0.339,50,0.95
964983,9.5,53.0,53.9,5.1,goal,0.844,14,0.95
964983,13.5,50.9,53.4,4.4,save,0.316,13,0.95
964983,17.9,52.2,51.6,28.5,goal,0.137,87,0.95
964983,3.9,44.1,51.6,19.0,save,0.142,80,0.95
964983,11.5,50.0,52.5,24.1,goal,0.984,62,0.95
964983,9.5,53.2,46.1,12.0,goal,0.758,47,0.95
964983,9.6,40.9,49.0,5.1,save,0.091,45,0.95
964983,10.8,47.6,47.7,3.8,goal,0.583,20,0.95
964983,8.9,56.8,46.2,9.5,goal,0.715,15,0.95
964983,12.7,59.9,52.5,19.0,goal,0.18,49,0.95
964983,3.5,54.6,50.3,18.4,save,0.3,48,0.95
964983,6.8,54.7,52.3,5.1,goal,0.203,84,0.95
964983,4.8,33.2,48.4,5.7,goal,0.442,65,0.95
964983,6.0,37.0,49.7,17.1,save,0.277,36,0.95
964983,25.4,35.4,53.1,27.2,save,0.261,19,0.95
964983,9.6,53.4,51.0,3.2,save,0.549,5,0.95
964983,15.1,58.7,54.2,5.7,goal,0.494,43,0.95
964983,15.0,51.7,53.5,7.6,goal,0.566,90,0.95
964983,7.1,45.4,52.7,3.8,save,0.223,79,0.95
964983,20.7,66.9,47.5,3.8,save,0.098,74,0.95
964983,5.1,44.2,53.4,5.1,save,0.66,69,0.95
964983,22.6,46.4,48.4,11.4,save,0.043,69,0.95
964983,1.9,45.4,53.5,6.3,save,0.979,57,0.95
964983,11.5,50.0,52.3,10.8,save,0.961,40,0.95
964983,2.4,47.7,53.3,3.8,save,0.922,34,0.95
964983,7.0,66.5,47.8,15.2,save,0.302,14,0.95
964983,11.5,50.0,50.6,1.3,goal,0.922,90,0.95
964983,7.5,67.5,51.3,20.9,save,0.086,90,0.95
964983,7.9,58.6,49.7,1.3,save,0.266,80,0.95
964983,16.7,46.9,50.2,22.8,save,0.033,60,0.95
964983,14.1,47.4,47.1,1.3,goal,0.306,56,0.95
964983,24.1,48.7,45.5,10.8,save,0.324,84,0.95
964983,7.2,66.1,52.6,1.3,save,0.814,66,0.95
964983,18.7,66.7,46.4,3.2,save,0.204,60,0.95
964983,4.0,59.1,47.2,26.6,save,0.522,75,0.95
964983,3.5,43.8,51.1,3.2,save,0.558,13,0.95
964983,34.9,27.4,50.5,19.0,save,0.023,9,0.95
964983,4.3,40.0,53.7,18.4,save,0.187,84,0.95
964983,17.8,55.6,48.0,10.1,save,0.329,41,0.95
964983,16.4,43.6,53.5,1.9,save,0.258,20,0.95
964983,5.2,51.3,51.0,20.3,goal,0.158,83,0.95
964983,6.4,46.4,47.2,17.7,save,0.637,82,0.95
964983,13.0,56.7,47.1,12.7,save,0.098,78,0.95
964983,2.0,32.8,51.3,18.4,save,0.034,65,0.95
964983,14.1,43.2,50.1,1.3,save,0.323,36,0.95
964983,7.0,53.4,51.6,7.6,goal,0.37,73,0.95
964983,6.3,53.2,46.4,17.7,save,0.365,48,0.95
964983,7.5,47.0,54.5,13.3,save,0.752,38,0.95
964983,43.7,51.2,45.9,1.9,save,0.352,36,0.95
964983,10.0,62.5,50.0,25.3,save,0.14,27,0.95
964983,6.4,52.8,46.1,10.8,goal,0.915,19,0.95
964983,7.4,42.8,50.3,3.2,save,0.682,19,0.95
964983,9.4,55.7,51.8,32.9,save,0.225,13,0.95
964983,3.4,38.6,50.9,6.3,save,0.251,11,0.95
964983,19.8,72.8,46.2,3.8,save,0.192,90,0.95
964983,4.8,50.3,49.7,22.8,save,0.081,90,0.95
964983,22.6,42.8,49.9,3.8,save,0.021,82,0.95
964983,44.9,97.1,50.9,30.4,save,0.069,22,0.95
964983,24.1,62.3,51.5,27.8,goal,0.104,90,0.95
964983,10.2,68.2,47.5,27.2,save,0.151,69,0.95
964983,18.1,27.3,49.1,25.9,save,0.06,42,0.95
964983,2.9,41.2,52.0,29.7,save,0.153,4,0.95
964983,11.5,50.0,54.0,3.8,goal,0.994,90,0.95
964983,9.3,53.0,48.1,27.8,save,0.155,56,0.95
964983,22.1,36.3,49.1,16.5,save,0.035,47,0.95
964983,20.1,41.2,50.5,13.3,save,0.017,29,0.95
964983,27.5,65.4,51.7,5.1,save,0.071,85,0.95
964983,14.4,38.6,54.5,5.7,goal,0.316,73,0.95
964983,21.6,57.7,52.3,14.6,save,0.085,69,0.95
964983,27.8,36.0,47.3,15.2,save,0.125,51,0.95
964983,27.7,32.7,52.3,32.3,save,0.181,90,0.95
964983,28.3,51.1,50.3,27.2,save,0.036,33,0.95
964983,8.4,34.2,51.9,3.8,save,0.32,23,0.95
964983,10.7,36.7,52.9,19.0,save,0.15,15,0.95
964983,31.2,79.7,48.0,8.2,save,0.051,56,0.95
964983,9.9,46.8,45.7,17.1,goal,0.808,54,0.95
964983,11.3,53.0,52.8,30.4,goal,0.803,45,0.95
964983,10.3,31.6,48.9,3.8,save,0.067,45,0.95
964983,10.1,55.7,48.7,1.9,save,0.361,44,0.95
964983,25.5,46.8,53.7,0.6,save,0.311,41,0.95
964983,12.8,34.2,50.6,17.7,save,0.028,35,0.95
964983,8.0,40.6,51.9,19.6,save,0.521,33,0.95
964983,9.1,36.9,51.6,10.8,save,0.168,21,0.95
964983,12.7,53.6,49.0,5.1,save,0.052,6,0.95
964983,18.8,73.8,45.8,31.6,save,0.471,75,0.95
964983,12.1,38.6,48.2,2.5,goal,0.847,67,0.95
964983,4.2,39.4,51.3,19.6,save,0.278,29,0.95
964983,4.3,49.6,50.3,13.9,goal,0.548,88,0.95
964983,19.2,49.7,47.2,1.9,save,0.209,87,0.95
964983,14.0,46.0,49.8,2.5,save,0.03,79,0.95
964983,24.2,45.8,52.0,20.3,save,0.085,38,0.95
964983,11.7,63.9,49.0,1.3,save,0.068,20,0.95
964983,7.5,65.5,50.9,1.3,save,0.235,11,0.95
964983,30.3,44.7,53.6,3.2,save,0.238,84,0.95
964983,3.3,43.3,48.7,4.4,goal,0.82,71,0.95
964983,9.4,49.5,52.7,25.9,save,0.259,71,0.95
964983,13.0,32.0,51.6,5.1,save,0.067,68,0.95
964983,27.1,47.6,46.5,5.7,save,0.226,59,0.95
964983,20.0,64.4,53.9,5.7,save,0.372,46,0.95
964983,13.8,81.4,49.0,3.2,save,0.033,28,0.95
964983,10.1,47.3,47.1,12.0,save,0.38,8,0.95
964983,18.6,34.5,54.0,27.8,save,0.36,6,0.95
964983,8.3,48.2,47.2,5.7,goal,0.222,70,0.95
964983,9.3,34.9,50.4,9.5,save,0.027,52,0.95
964983,16.5,35.4,52.9,0.6,save,0.207,76,0.95
964983,11.5,50.0,50.0,19.0,goal,0.853,74,0.95
964983,14.4,46.8,46.9,3.2,save,0.642,41,0.95
964983,19.2,65.1,48.1,3.2,save,0.082,16,0.95
964983,7.6,53.7,50.5,13.3,save,0.121,74,0.95
791773,20.4,69.7,49.5,16.5,save,0.022,87,0.96
791773,5.0,47.4,52.6,5.1,save,0.929,72,0.96
791773,12.2,36.4,47.4,22.2,save,0.23,72,0.96
791773,11.7,44.6,50.4,10.1,save,0.02,74,0.96
791773,11.5,50.0,53.1,9.5,save,0.982,66,0.96
791773,31.4,34.9,46.4,2.5,save,0.326,62,0.96
791773,11.5,43.9,48.6,10.1,save,0.051,53,0.96
791773,21.6,26.8,48.7,30.4,save,0.115,40,0.96
791773,7.0,69.9,48.0,15.2,save,0.05,18,0.96
791773,14.8,56.3,50.1,7.6,save,0.018,16,0.96
791773,15.5,62.0,50.1,19.6,save,0.017,13,0.96
791773,7.4,27.6,48.7,1.3,save,0.217,13,0.96
791773,3.2,46.8,52.1,7.0,goal,0.931,90,0.96
791773,15.8,65.1,47.6,27.2,save,0.147,62,0.96
791773,23.7,61.3,53.2,3.8,save,0.25,45,0.96
791773,8.6,45.3,51.8,7.0,goal,0.387,9,0.96
791773,12.2,53.6,46.2,14.6,save,0.28,90,0.96
791773,27.7,58.6,54.2,0.6,save,0.472,39,0.96
791773,9.3,39.4,50.0,1.3,goal,0.117,29,0.96
791773,20.6,38.5,53.2,8.2,save,0.13,16,0.96
791773,11.5,50.0,46.4,1.3,goal,0.993,90,0.96
791773,16.0,47.7,47.7,1.9,save,0.173,77,0.96
791773,27.0,61.0,53.6,25.3,save,0.366,65,0.96
791773,14.9,55.1,53.6,3.8,goal,0.858,40,0.96
791773,14.0,50.4,50.6,15.8,save,0.028,31,0.96
791773,11.5,50.0,51.9,16.5,goal,0.96,88,0.96
791773,26.9,60.9,46.2,5.7,save,0.222,47,0.96
791773,18.5,46.6,46.3,3.8,goal,0.63,30,0.96
791773,24.0,50.9,53.1,19.0,save,,54,0.96
791773,3.8,40.9,52.9,12.7,goal,0.592,29,0.96
791773,8.9,56.1,52.4,9.5,save,0.32,29,0.96
791773,13.0,53.0,54.1,6.3,goal,0.361,66,0.96
791773,5.0,28.4,49.8,27.8,goal,0.043,13,0.96
791773,6.7,48.6,52.0,3.8,goal,0.321,11,0.96
791773,9.2,56.2,52.5,15.2,save,0.2,11,0.96
791773,6.1,40.5,51.2,14.6,save,0.702,3,0.96
791773,2.6,51.2,47.0,12.0,goal,0.979,45,0.96
791773,8.5,32.2,52.6,13.9,save,0.056,45,0.96
791773,9.3,63.7,48.7,19.6,save,0.053,45,0.96
791773,2.6,37.9,53.0,11.4,save,0.081,42,0.96
791773,11.5,50.0,53.7,12.7,goal,0.988,21,0.96
791773,10.5,31.9,46.4,2.5,save,0.462,17,0.96
791773,27.8,42.8,53.4,11.4,save,0.133,60,0.96
791773,3.9,65.3,49.4,5.7,save,0.037,44,0.96
791773,6.6,48.3,47.9,5.7,goal,0.191,49,0.96
791773,69.7,49.7,50.1,24.7,save,0.022,6,0.96
791773,17.9,56.8,53.9,5.1,goal,0.407,4,0.96
791773,13.8,54.2,46.2,2.5,goal,0.86,90,0.96
791773,7.6,54.3,46.4,5.7,goal,0.784,47,0.96
791773,3.1,50.8,51.3,16.5,goal,0.643,17,0.96
791773,11.6,41.5,53.0,1.3,save,0.588,16,0.96
791773,11.4,46.1,48.0,7.0,save,0.115,67,0.96
791773,5.6,31.0,50.6,13.9,save,0.02,63,0.96
791773,9.5,66.4,46.9,3.2,save,0.14,83,0.96
791773,13.8,59.9,48.7,8.9,save,0.04,23,0.96
791773,23.0,62.7,46.1,20.9,save,0.314,14,0.96
791773,14.2,48.3,49.9,33.5,save,0.054,78,0.96
791773,9.8,46.0,49.2,3.2,save,0.547,22,0.96
791773,10.8,76.5,51.6,3.8,save,0.096,90,0.96
791773,11.5,50.0,45.6,1.9,goal,0.996,76,0.96
791773,10.8,69.5,49.1,20.3,save,0.049,45,0.96
791773,11.4,49.1,46.9,1.3,goal,0.737,42,0.96
791773,1.8,52.2,48.4,3.2,goal,0.982,30,0.96
791773,7.8,48.1,49.6,15.8,save,0.045,85,0.96
791773,25.3,25.4,52.4,5.7,save,0.075,29,0.96
791773,4.9,54.5,46.0,29.1,goal,0.968,2,0.96
791773,23.5,52.1,46.8,29.7,save,0.333,89,0.96
791773,9.4,41.5,50.9,0.6,save,0.584,69,0.96
791773,3.0,54.8,49.5,17.1,save,0.349,45,0.96
791773,19.0,50.5,48.3,2.5,save,0.081,45,0.96
791773,10.6,21.9,50.4,29.1,save,0.041,64,0.96
791773,6.4,56.8,47.8,29.7,save,0.212,22,0.96
791773,20.2,36.7,51.3,18.4,save,0.042,21,0.96
791773,7.9,50.3,49.9,5.7,goal,0.167,90,0.96
791773,10.5,42.1,50.8,10.1,save,0.154,90,0.96
791773,22.9,69.9,47.4,17.1,save,0.086,90,0.96
791773,11.8,34.8,52.0,4.4,save,0.073,45,0.96
791773,8.4,44.1,51.7,14.6,goal,0.388,76,0.96
791773,13.5,38.6,49.1,3.8,save,0.185,76,0.96
791773,7.5,51.1,52.3,7.0,goal,0.485,60,0.96
791773,6.9,42.2,49.8,21.5,save,0.044,17,0.96
791773,11.5,50.0,46.5,1.3,goal,0.992,89,0.96
791773,5.1,67.8,47.1,12.0,save,0.086,85,0.96
791773,25.6,56.5,51.9,20.9,save,0.092,60,0.96
791773,9.1,34.2,52.9,7.0,goal,0.461,22,0.96
791773,13.9,51.9,47.5,12.0,save,0.09,17,0.96
791773,4.7,59.8,48.5,3.2,save,0.109,89,0.96
791773,2.4,40.8,52.1,5.1,save,0.551,52,0.96
791773,22.9,44.3,53.5,1.9,save,0.248,52,0.96
791773,7.2,46.6,48.1,26.6,save,0.21,45,0.96
791773,11.4,62.5,49.4,6.3,save,0.051,11,0.96
791773,7.4,65.3,49.4,12.0,save,0.021,2,0.96
791773,22.1,34.2,54.2,3.8,goal,0.286,90,0.96
791773,9.7,62.5,53.2,9.5,save,0.794,90,0.96
791773,30.1,48.5,46.1,7.6,save,0.28,73,0.96
791773,20.8,26.4,52.7,15.2,save,0.074,71,0.96
791773,6.4,70.5,48.1,4.4,goal,0.061,31,0.96
791773,32.8,32.8,47.2,7.6,save,0.15,31,0.96
791773,7.0,29.1,47.1,1.9,save,0.341,28,0.96
791773,24.1,34.5,46.4,5.1,save,0.301,90,0.96
791773,9.1,51.3,54.4,7.6,goal,0.457,90,0.96
791773,8.8,69.9,52.1,3.8,save,0.158,90,0.96
791773,11.5,50.0,50.8,31.0,goal,0.962,45,0.96
791773,4.4,52.0,46.4,24.1,goal,0.938,39,0.96
791773,8.5,50.1,48.7,12.7,save,0.047,33,0.96
791773,22.9,54.3,52.5,5.1,save,0.125,1,0.96
791773,11.5,54.3,53.6,1.9,save,0.37,16,0.96
791773,62.0,59.2,49.3,14.6,save,0.019,2,0.96
791773,10.0,58.2,47.1,26.6,save,0.244,75,0.96
791773,8.0,71.9,47.7,15.2,save,0.047,65,0.96
791773,10.1,60.5,52.9,2.5,save,0.828,54,0.96
791773,10.5,36.6,49.2,31.0,goal,0.552,90,0.96
791773,11.8,64.5,54.5,4.4,goal,0.67,83,0.96
791773,3.3,30.3,50.7,29.1,save,0.063,82,0.96
791773,15.9,42.5,50.3,1.9,save,0.033,75,0.96
791773,8.9,44.2,50.6,20.9,save,0.039,64,0.96
791773,2.1,54.4,48.7,1.9,goal,,35,0.96
791773,8.4,45.0,52.3,7.0,save,0.509,90,0.96
791773,17.8,51.0,47.9,2.5,save,0.138,78,0.96
791773,6.5,54.4,53.6,7.0,goal,0.806,60,0.96
791773,18.1,42.1,54.2,19.0,goal,0.39,46,0.96
791773,13.7,37.3,51.5,29.7,save,0.103,28,0.96
791773,2.8,65.8,45.8,5.1,save,0.159,18,0.96
791773,14.5,68.5,47.9,1.3,save,0.086,18,0.96
791773,9.0,30.3,50.8,1.3,save,0.042,6,0.96
791773,2.7,44.3,50.5,3.8,goal,0.377,72,0.96
791773,3.3,50.0,47.4,5.1,goal,0.944,90,0.96
791773,5.3,44.2,50.8,34.2,save,0.161,90,0.96
791773,8.5,68.2,45.5,17.7,save,0.257,90,0.96
791773,22.7,36.2,52.7,24.7,save,0.197,70,0.96
791773,11.6,32.8,48.6,12.7,save,0.055,48,0.96
791773,25.2,67.5,49.5,10.8,save,0.015,17,0.96
791773,18.7,52.2,51.3,5.1,save,0.05,86,0.96
791773,25.5,50.1,52.2,29.7,save,0.174,83,0.96
791773,21.6,25.8,49.0,9.5,save,0.032,48,0.96
791773,15.4,29.3,52.9,4.4,save,0.121,28,0.96
791773,19.4,41.0,46.9,27.8,save,0.381,15,0.96
253809,15.0,51.8,54.0,21.5,save,0.461,89,0.72
253809,10.1,39.7,52.0,3.8,save,0.076,77,0.72
253809,9.0,54.0,46.6,4.4,goal,0.929,64,0.72
253809,8.2,93.2,49.9,29.7,save,0.038,53,0.72
253809,12.2,70.2,46.2,6.3,save,0.157,45,0.72
253809,24.6,39.9,51.9,2.5,save,0.08,43,0.72
253809,4.4,52.4,47.3,19.0,goal,0.848,27,0.72
253809,6.0,48.3,49.9,9.5,save,0.148,27,0.72
253809,8.6,33.6,48.0,14.6,save,0.328,12,0.72
253809,11.7,45.8,52.5,3.8,goal,0.528,42,0.72
253809,26.7,68.6,46.4,30.4,goal,0.353,5,0.72
253809,28.8,47.8,52.9,13.9,save,0.123,85,0.72
253809,25.1,36.4,52.0,5.7,save,0.066,56,0.72
253809,2.9,55.7,49.5,2.5,save,0.66,33,0.72
253809,22.5,29.7,50.2,7.0,save,0.016,22,0.72
253809,13.0,40.9,53.0,19.0,save,,15,0.72
253809,7.9,47.4,52.9,18.4,goal,0.214,56,0.72
253809,9.6,74.0,47.4,2.5,save,0.088,90,0.72
253809,15.7,51.9,50.4,2.5,save,0.029,48,0.72
253809,4.2,46.0,49.8,7.6,goal,0.68,66,0.72
253809,20.7,21.3,48.2,31.0,save,0.18,63,0.72
253809,26.0,55.1,53.3,8.2,save,0.186,50,0.72
253809,19.2,49.4,52.7,11.4,save,0.102,45,0.72
253809,8.1,69.6,51.9,21.5,goal,0.164,45,0.72
253809,27.5,59.4,48.7,22.2,save,0.054,32,0.72
253809,25.2,29.6,48.6,10.1,save,0.041,22,0.72
253809,2.3,48.2,45.8,7.6,goal,0.998,90,0.72
253809,8.0,50.0,52.9,6.3,save,0.828,90,0.72
253809,13.3,54.2,46.1,3.2,goal,0.911,65,0.72
253809,22.2,64.6,50.0,9.5,save,0.012,39,0.72
253809,11.5,50.0,46.4,2.5,goal,0.992,36,0.72
253809,5.6,50.6,50.0,14.6,goal,0.532,90,0.72
253809,7.0,40.9,49.3,1.9,save,0.557,90,0.72
253809,16.0,36.6,46.1,3.2,save,0.443,60,0.72
253809,22.6,39.1,47.4,2.5,save,0.176,45,0.72
253809,3.6,33.4,46.9,22.8,save,0.465,14,0.72
253809,7.0,63.9,47.4,7.0,save,0.093,82,0.72
253809,21.8,41.5,47.7,27.8,save,0.198,80,0.72
253809,11.7,74.6,51.6,19.0,save,0.084,73,0.72
253809,11.5,50.0,54.0,11.4,goal,0.99,66,0.72
253809,7.5,36.3,53.1,4.4,save,0.134,4,0.72
253809,19.8,62.4,53.5,7.0,save,0.27,90,0.72
253809,4.1,53.9,49.3,20.3,save,0.147,68,0.72
253809,19.4,28.8,48.7,8.2,save,0.054,64,0.72
253809,8.8,43.9,51.6,7.6,save,0.084,60,0.72
253809,4.0,50.5,51.3,5.7,goal,0.389,44,0.72
253809,16.5,63.7,47.1,7.6,save,0.11,44,0.72
253809,28.6,57.3,46.3,22.8,save,0.281,43,0.72
253809,2.3,40.9,52.4,10.8,save,0.204,28,0.72
253809,4.2,44.2,49.9,15.8,save,0.185,28,0.72
253809,11.5,50.0,53.6,6.3,save,0.99,28,0.72
253809,6.0,33.5,51.3,14.6,save,0.229,13,0.72
253809,12.1,30.8,50.5,16.5,save,0.219,13,0.72
253809,0.4,50.2,52.6,3.8,goal,,8,0.72
253809,9.8,34.0,47.0,6.3,goal,0.625,67,0.72
253809,4.2,40.9,52.3,15.2,save,0.436,56,0.72
253809,4.4,55.1,52.9,1.3,goal,,48,0.72
253809,7.1,45.3,52.0,3.2,goal,0.73,40,0.72
253809,8.2,59.1,46.7,8.2,save,0.142,24,0.72
253809,3.9,61.5,51.2,29.1,goal,0.319,78,0.72
253809,19.2,47.7,52.3,23.4,save,0.14,69,0.72
253809,25.1,56.8,48.7,4.4,save,0.044,62,0.72
253809,23.7,45.2,47.5,29.1,goal,0.279,40,0.72
253809,6.6,46.0,51.9,11.4,save,0.087,86,0.72
253809,20.1,35.1,46.1,26.6,save,0.524,73,0.72
253809,11.4,67.5,51.5,1.9,save,0.127,66,0.72
253809,19.3,49.0,52.3,2.5,save,0.15,43,0.72
253809,9.0,50.0,49.5,18.4,save,0.034,25,0.72
253809,13.2,45.7,52.2,29.7,save,0.169,90,0.72
253809,18.5,47.0,49.0,33.5,save,0.107,90,0.72
253809,3.1,64.1,53.9,17.1,save,0.659,90,0.72
253809,16.0,65.2,53.6,2.5,save,0.452,48,0.72
253809,3.3,40.0,52.0,31.0,goal,0.163,45,0.72
253809,13.6,63.2,48.4,4.4,goal,0.686,90,0.72
253809,16.0,48.0,54.2,5.1,goal,0.405,90,0.72
253809,9.0,47.2,49.7,22.8,goal,0.331,48,0.72
253809,7.6,49.4,49.0,1.3,goal,0.583,21,0.72
253809,38.8,76.4,50.9,2.5,save,0.038,83,0.72
253809,3.5,60.5,46.3,21.5,save,0.746,87,0.72
253809,11.5,50.0,47.3,1.9,goal,0.985,8,0.72
253809,7.1,53.6,52.5,7.0,save,0.722,90,0.72
253809,11.5,50.0,52.2,1.3,goal,0.978,39,0.72
253809,8.6,41.8,48.1,1.9,save,0.162,23,0.72
253809,9.6,26.0,52.7,12.7,save,0.067,13,0.72
253809,6.9,59.6,47.1,2.5,goal,0.833,90,0.72
253809,24.8,74.6,50.3,20.3,save,0.024,64,0.72
253809,10.1,74.0,49.2,1.9,save,0.034,53,0.72
253809,8.5,30.7,52.7,24.1,save,0.157,47,0.72
253809,21.0,62.0,53.3,9.5,save,0.235,26,0.72
253809,11.5,50.0,53.2,2.5,goal,0.99,16,0.72
253809,6.4,59.3,47.3,15.2,save,0.121,55,0.72
253809,20.9,26.8,49.3,5.7,save,0.031,39,0.72
253809,0.9,46.3,52.6,29.1,save,0.962,90,0.72
253809,7.0,42.5,51.7,7.6,save,0.177,89,0.72
253809,42.8,74.2,49.4,3.8,save,0.027,75,0.72
253809,18.7,54.0,48.5,17.1,save,0.05,66,0.72
253809,16.2,43.5,48.0,1.9,save,0.134,54,0.72
253809,18.2,29.1,53.8,3.2,save,0.202,46,0.72
253809,4.6,50.5,50.9,7.0,save,0.799,43,0.72
253809,47.2,56.6,49.7,25.9,save,0.03,16,0.72
253809,8.9,39.3,48.8,3.8,goal,0.618,53,0.72
253809,27.5,66.4,45.8,10.8,save,0.202,41,0.72
253809,8.7,63.4,50.4,13.9,save,0.028,89,0.72
253809,17.9,42.1,46.1,2.5,save,0.443,33,0.72
253809,13.4,21.0,51.0,5.1,save,0.029,17,0.72
253809,18.3,46.7,51.0,14.6,save,0.028,13,0.72
253809,22.4,64.4,50.7,18.4,save,0.03,28,0.72
253809,23.2,62.0,54.5,17.1,save,0.472,83,0.72
253809,26.6,55.7,54.2,23.4,goal,0.444,79,0.72
253809,9.9,60.4,46.6,7.0,save,0.147,77,0.72
253809,7.5,62.9,45.8,24.7,save,0.284,19,0.72
253809,31.3,53.5,46.4,24.1,save,0.286,89,0.72
253809,25.2,68.1,53.5,27.8,save,0.429,84,0.72
253809,22.2,71.3,53.9,11.4,save,0.324,73,0.72
253809,6.3,62.0,47.8,8.9,save,0.334,41,0.72
253809,22.1,81.4,51.8,24.7,save,0.138,72,0.72
253809,18.2,83.1,53.9,24.1,save,0.585,50,0.72
253809,3.0,46.6,53.9,24.7,goal,,35,0.72
253809,6.4,55.3,53.2,20.3,save,0.508,35,0.72
253809,19.4,37.5,53.4,15.8,save,0.17,27,0.72
253809,18.9,52.4,47.7,5.1,save,0.101,13,0.72
253809,12.6,51.7,50.5,12.0,save,0.204,81,0.72
253809,8.0,58.5,48.1,17.1,save,0.526,71,0.72
253809,6.6,50.5,48.8,30.4,goal,0.564,17,0.72
253809,7.3,65.6,48.4,24.7,goal,0.346,85,0.72
253809,9.4,45.3,46.1,12.7,goal,0.694,41,0.72
253809,18.4,67.2,51.0,17.1,save,0.036,90,0.72
253809,10.1,42.7,48.5,14.6,save,0.092,82,0.72
253809,4.4,47.6,51.2,3.2,goal,0.798,67,0.72
253809,22.5,71.7,49.8,5.7,save,0.017,47,0.72
253809,23.6,47.4,47.6,28.5,save,0.198,21,0.72
253809,10.1,52.4,50.1,5.1,save,0.023,19,0.72
253809,7.8,48.4,49.9,15.2,save,0.034,17,0.72
253809,9.4,72.1,49.0,3.2,save,0.039,90,0.72
253809,26.2,52.3,54.0,1.9,save,0.374,83,0.72
253809,10.1,52.2,51.3,5.1,goal,0.394,84,0.72
253809,14.1,43.8,50.6,19.6,save,0.031,64,0.72
253809,7.3,49.0,50.1,28.5,goal,0.645,45,0.72
253809,14.5,63.9,51.5,14.6,save,0.054,45,0.72
253809,11.5,50.0,48.4,1.9,goal,0.965,45,0.72
253809,11.5,50.0,46.1,1.9,goal,0.995,30,0.72
253809,37.2,63.7,52.0,14.6,save,0.063,83,0.72
253809,4.8,51.5,50.4,3.8,save,0.479,78,0.72
253809,33.0,47.4,49.5,15.2,save,0.02,78,0.72
253809,13.6,70.7,51.0,13.3,save,0.03,70,0.72
253809,9.5,49.8,51.6,17.1,save,0.07,66,0.72
253809,26.5,42.5,50.5,6.3,save,0.022,23,0.72
253809,8.6,51.1,49.2,5.1,save,0.059,89,0.72
253809,13.8,62.5,47.1,8.2,save,0.106,86,0.72
253809,13.0,63.6,52.6,7.6,goal,0.173,81,0.72
253809,21.4,45.7,46.6,3.2,goal,0.268,66,0.72
253809,25.2,54.6,46.0,8.2,goal,0.301,62,0.72
253809,25.4,47.1,49.0,0.6,save,0.048,48,0.72
253809,14.1,51.8,48.4,2.5,save,0.128,45,0.72
253809,13.3,48.6,52.9,0.6,goal,0.76,32,0.72
253809,2.0,59.1,53.1,0.6,goal,0.946,25,0.72
253809,10.4,39.6,51.2,17.7,save,0.037,87,0.72
253809,11.8,45.2,53.1,13.9,goal,0.141,61,0.72
253809,5.7,30.7,49.8,30.4,save,0.05,49,0.72
253809,7.8,52.4,49.7,31.6,save,0.083,45,0.72
253809,23.4,34.4,51.8,7.0,save,0.051,27,0.72
253809,8.2,55.7,49.0,31.6,save,0.109,65,0.72
32023,13.3,61.8,46.7,24.7,save,0.222,30,0.7
32023,0.3,0.7,46.6,23.4,goal,0.536,23,0.7
32023,8.3,51.5,47.0,3.2,save,0.861,87,0.7
32023,10.1,75.0,48.6,2.5,goal,0.11,86,0.7
32023,9.4,46.2,51.4,27.2,save,0.105,6,0.7
32023,11.5,50.0,46.7,5.1,goal,0.989,60,0.7
32023,4.9,47.2,53.4,24.7,goal,,5,0.7
32023,8.3,52.1,50.6,18.4,goal,0.057,86,0.7
32023,9.1,32.7,52.0,1.9,save,0.087,65,0.7
32023,4.6,59.0,48.7,14.6,save,0.625,62,0.7
32023,9.2,35.4,51.6,1.3,goal,0.405,54,0.7
32023,8.5,46.0,47.1,1.9,goal,0.821,48,0.7
32023,7.3,57.0,48.1,3.2,save,0.662,37,0.7
32023,12.4,53.3,47.5,18.4,save,0.143,32,0.7
32023,23.2,17.9,49.9,22.2,save,0.021,15,0.7
32023,12.6,67.0,49.8,32.3,goal,0.057,65,0.7
32023,17.6,54.2,52.7,25.3,save,0.263,26,0.7
32023,16.4,28.5,46.1,13.9,goal,0.411,12,0.7
32023,18.8,33.8,45.7,21.5,goal,0.545,84,0.7
32023,20.5,34.8,46.3,2.5,save,0.43,84,0.7
32023,5.0,71.2,47.4,29.7,save,0.145,77,0.7
32023,3.4,70.5,46.0,1.3,save,0.174,76,0.7
32023,13.4,44.2,50.0,2.5,save,0.173,40,0.7
32023,9.1,31.3,48.7,3.2,save,0.075,14,0.7
32023,9.2,30.4,49.0,4.4,save,0.149,14,0.7
32023,8.3,33.3,50.3,1.9,save,0.034,2,0.7
32023,13.2,27.8,51.9,12.7,save,0.043,50,0.7
32023,15.5,43.3,50.7,19.0,save,0.033,35,0.7
32023,12.0,35.5,52.9,29.7,goal,0.222,83,0.7
32023,11.5,49.2,51.6,3.8,goal,0.129,53,0.7
32023,23.6,64.1,50.5,13.3,save,0.017,48,0.7
32023,5.1,58.1,46.8,6.3,save,0.605,89,0.7
32023,12.0,29.3,51.4,17.7,save,0.044,65,0.7
32023,6.0,51.0,51.2,3.2,save,0.138,21,0.7
32023,4.9,48.6,53.1,15.8,goal,0.455,11,0.7
32023,3.9,62.5,46.5,14.6,goal,0.876,90,0.7
32023,4.3,54.8,47.2,1.3,goal,,88,0.7
32023,5.1,64.6,48.9,4.4,save,0.258,86,0.7
32023,0.8,50.0,50.2,9.5,goal,,79,0.7
32023,14.8,36.5,49.5,3.2,save,0.04,68,0.7
32023,15.1,51.9,50.2,5.1,save,0.037,66,0.7
32023,12.6,42.6,51.5,15.2,save,0.076,58,0.7
32023,22.0,59.3,53.7,10.1,save,0.279,37,0.7
32023,5.8,33.9,49.0,1.3,save,0.087,35,0.7
32023,2.9,48.6,50.7,14.6,goal,0.776,21,0.7
32023,2.0,47.8,51.5,14.6,save,0.927,21,0.7
32023,8.2,47.2,50.0,5.1,save,0.027,21,0.7
32023,2.9,65.2,46.2,1.9,save,0.168,20,0.7
32023,8.4,53.3,50.5,29.1,save,0.074,7,0.7
32023,23.4,63.7,53.6,8.9,save,0.246,3,0.7
32023,12.2,35.8,49.2,0.6,save,0.202,62,0.7
32023,13.1,36.9,48.1,0.6,save,0.177,60,0.7
32023,19.1,48.4,47.9,4.4,save,0.371,46,0.7
32023,14.5,49.4,54.1,2.5,goal,0.942,18,0.7
32023,11.2,44.5,45.8,31.6,goal,0.689,89,0.7
32023,1.2,46.2,52.1,18.4,goal,0.976,45,0.7
32023,8.3,64.0,52.3,1.9,save,0.213,45,0.7
32023,1.1,53.6,46.7,12.0,goal,0.976,41,0.7
32023,11.5,50.0,46.2,1.9,goal,0.994,90,0.7
32023,28.2,29.7,52.3,33.5,save,0.209,64,0.7
32023,15.1,62.3,54.2,15.8,goal,0.434,45,0.7
32023,17.2,58.3,52.4,15.8,save,0.115,10,0.7
32023,19.4,24.9,54.3,24.7,goal,0.297,90,0.7
32023,4.7,46.1,51.9,27.2,save,0.886,90,0.7
32023,5.6,48.8,49.8,17.1,save,0.631,80,0.7
32023,6.4,47.0,50.4,3.8,goal,0.397,66,0.7
32023,14.2,37.6,46.9,12.7,save,0.201,49,0.7
32023,26.9,27.0,54.2,19.0,save,0.27,42,0.7
32023,13.5,50.9,48.7,1.9,save,0.508,22,0.7
32023,28.3,47.0,54.2,7.6,goal,0.286,11,0.7
32023,19.5,48.9,53.6,4.4,save,0.27,84,0.7
32023,11.3,46.1,49.1,14.6,save,0.03,38,0.7
32023,8.2,39.5,54.0,3.2,goal,0.708,20,0.7
32023,3.8,41.2,50.2,16.5,save,0.052,12,0.7
32023,8.3,48.5,52.4,12.0,save,0.105,12,0.7
32023,9.8,48.8,50.7,30.4,save,0.082,12,0.7
32023,10.5,45.0,53.0,22.2,save,0.388,8,0.7
32023,11.5,50.0,52.6,18.4,goal,0.98,48,0.7
32023,3.9,53.0,46.9,32.3,goal,0.959,40,0.7
32023,9.9,49.3,51.3,20.3,save,0.119,40,0.7
32023,9.1,37.6,52.3,11.4,save,0.363,33,0.7
32023,8.8,27.8,46.1,22.8,goal,0.61,13,0.7
32023,8.2,67.3,45.8,5.1,save,0.212,11,0.7
32023,12.3,38.9,48.7,28.5,save,0.139,11,0.7
32023,8.3,51.3,51.1,21.5,save,0.335,3,0.7
32023,2.7,57.5,46.1,12.0,save,0.384,90,0.7
32023,4.0,52.7,49.4,26.6,save,0.27,77,0.7
32023,7.9,58.1,54.3,0.6,goal,0.973,6,0.7
32023,15.1,41.2,48.9,18.4,save,0.049,90,0.7
32023,8.9,35.4,54.2,3.2,save,0.619,75,0.7
32023,11.8,44.9,47.6,9.5,save,0.637,71,0.7
32023,4.3,47.1,51.3,15.8,save,0.423,63,0.7
32023,6.4,51.8,50.6,3.8,goal,0.559,43,0.7
32023,13.1,48.9,50.1,24.1,save,0.03,18,0.7
32023,8.6,51.8,54.2,13.3,goal,0.693,16,0.7
32023,7.5,41.8,54.2,3.8,save,0.432,69,0.7
32023,13.1,67.5,47.3,15.8,save,0.089,50,0.7
32023,10.8,51.5,51.9,29.1,save,0.174,45,0.7
32023,9.2,49.5,47.9,7.6,save,0.492,27,0.7
32023,10.7,39.1,50.4,4.4,save,0.033,64,0.7
32023,3.9,43.1,50.1,19.6,save,0.076,17,0.7
32023,10.0,51.6,46.0,2.5,goal,0.461,84,0.7
32023,8.3,49.4,47.8,27.8,save,0.59,54,0.7
32023,16.5,43.8,46.7,11.4,save,0.2,45,0.7
32023,12.3,55.7,48.6,16.5,save,0.048,26,0.7
32023,7.0,58.6,48.5,31.0,save,0.115,24,0.7
32023,11.5,50.0,47.9,1.9,goal,0.976,90,0.7
32023,14.6,51.3,51.9,2.5,save,0.349,90,0.7
32023,22.0,32.4,50.0,27.8,save,0.035,55,0.7
32023,3.7,54.3,48.7,1.9,goal,0.5,52,0.7
32023,8.3,39.8,47.5,7.0,save,0.224,52,0.7
32023,17.9,64.7,46.9,1.9,save,0.167,47,0.7
32023,4.8,44.3,53.1,3.8,goal,0.853,45,0.7
32023,14.0,36.7,53.2,4.4,save,0.18,45,0.7
32023,5.0,51.6,53.0,12.7,goal,0.955,37,0.7
32023,11.5,54.2,50.6,22.8,save,0.042,33,0.7
32023,7.1,60.9,47.5,13.3,save,0.066,14,0.7
32023,3.6,58.7,47.6,4.4,save,0.118,2,0.7
32023,5.1,65.3,47.8,24.1,goal,0.306,33,0.7
32023,7.3,46.6,51.6,2.5,goal,0.884,2,0.7
32023,6.9,59.8,48.5,32.3,save,0.66,85,0.7
32023,9.3,50.8,50.9,9.5,goal,0.411,70,0.7
32023,8.6,69.4,46.5,20.3,goal,0.174,64,0.7
32023,12.7,32.6,47.4,15.2,save,0.166,45,0.7
32023,27.2,63.6,48.6,28.5,save,0.082,43,0.7
32023,11.5,50.0,48.2,5.1,goal,0.962,29,0.7
32023,9.3,28.6,47.2,0.6,save,0.32,13,0.7
32023,21.9,37.7,45.9,12.7,goal,0.312,90,0.7
32023,10.0,52.0,49.3,12.7,save,0.025,47,0.7
32023,6.3,51.1,53.6,19.0,goal,0.925,89,0.7
32023,10.5,54.2,52.8,3.8,goal,0.796,85,0.7
32023,7.9,42.1,49.0,13.9,goal,0.573,81,0.7
32023,20.4,23.9,53.2,1.9,save,0.144,73,0.7
32023,29.8,60.5,52.5,15.2,save,0.098,57,0.7
32023,11.4,38.8,54.4,12.7,save,0.22,38,0.7
32023,25.5,40.0,48.4,7.0,save,0.058,90,0.7
32023,3.1,47.8,50.8,31.0,goal,0.942,73,0.7
32023,10.3,67.2,48.3,24.1,save,0.071,64,0.7
32023,23.8,53.4,49.2,25.3,save,0.063,59,0.7
32023,8.4,65.8,47.6,22.8,save,0.126,47,0.7
32023,7.8,58.8,47.3,3.2,save,0.145,45,0.7
32023,14.2,55.9,52.6,3.2,save,0.222,45,0.7
32023,23.2,57.5,51.4,8.2,save,0.045,16,0.7
32023,13.7,39.0,49.8,15.8,save,0.019,2,0.7
32023,11.0,61.2,50.5,3.8,goal,0.045,90,0.7
32023,11.5,50.0,54.5,2.5,goal,0.996,84,0.7
32023,31.1,49.7,49.9,1.3,save,0.022,53,0.7
32023,12.2,59.0,46.9,29.1,save,0.258,50,0.7
32023,15.1,59.6,52.1,22.2,save,0.142,14,0.7
32023,13.8,37.5,51.9,0.6,save,0.596,74,0.7
32023,3.6,52.8,48.4,19.0,goal,0.876,68,0.7
32023,13.4,43.3,50.9,2.5,save,0.046,60,0.7
32023,7.4,50.3,49.9,3.2,goal,0.38,54,0.7
32023,7.3,46.1,49.9,1.9,save,0.416,38,0.7
32023,19.8,48.6,50.0,5.7,save,0.017,90,0.7
32023,6.8,47.8,45.8,3.2,goal,0.972,85,0.7
32023,29.7,50.2,45.8,15.8,save,0.302,65,0.7
32023,34.5,57.1,49.4,15.8,save,0.02,77,0.7
32023,11.1,38.9,53.2,1.9,goal,0.503,74,0.7
32023,4.3,80.6,50.3,27.2,save,0.059,30,0.7
32023,6.9,55.5,51.1,11.4,goal,0.232,24,0.7
32023,7.9,48.3,47.6,29.1,save,0.685,24,0.7
32023,7.6,42.7,53.1,14.6,goal,0.367,22,0.7
32023,5.0,45.9,48.9,29.7,save,0.253,2,0.7
32023,5.3,49.5,53.2,19.0,goal,0.511,81,0.7
32023,11.5,50.0,53.4,13.3,save,0.985,68,0.7
32023,14.4,73.2,49.0,3.8,save,0.035,6,0.7
604258,5.6,36.6,53.7,1.9,goal,0.809,51,1.0
604258,3.9,34.2,53.5,22.2,goal,0.156,42,1.0
604258,5.4,38.7,53.9,1.9,goal,0.752,27,1.0
604258,11.7,58.9,53.1,13.3,save,0.196,45,1.0
604258,12.5,64.3,47.1,10.8,goal,0.098,12,1.0
604258,9.2,55.1,53.2,11.4,goal,0.339,90,1.0
604258,1.8,47.4,52.1,20.3,goal,0.911,90,1.0
604258,23.4,71.4,53.7,16.5,save,0.318,64,1.0
604258,11.5,28.2,52.0,5.1,save,0.059,33,1.0
604258,22.1,68.3,46.3,20.9,save,0.257,79,1.0
604258,19.2,69.7,46.7,19.6,save,0.147,71,1.0
604258,15.4,40.9,49.4,4.4,save,0.039,69,1.0
604258,19.8,24.5,52.8,9.5,save,0.075,54,1.0
604258,9.5,44.0,48.8,13.3,save,0.049,45,1.0
604258,10.2,32.6,52.2,12.7,save,0.048,43,1.0
604258,3.9,55.0,47.5,5.1,goal,0.692,41,1.0
604258,9.9,68.7,51.0,11.4,save,0.035,41,1.0
604258,12.2,39.3,52.3,7.6,save,0.494,32,1.0
604258,22.8,42.5,51.4,17.7,save,0.045,29,1.0
604258,8.5,45.2,48.7,16.5,goal,0.786,51,1.0
604258,19.8,28.1,45.9,7.0,goal,0.43,27,1.0
604258,8.5,34.0,52.5,11.4,save,0.05,58,1.0
604258,43.3,10.3,48.4,32.3,save,0.149,57,1.0
604258,11.5,50.0,46.6,4.4,goal,0.99,35,1.0
604258,14.1,64.0,48.1,18.4,save,0.075,29,1.0
604258,9.3,66.4,47.3,5.7,save,0.106,20,1.0
604258,14.0,56.4,48.4,19.0,save,0.085,18,1.0
604258,9.1,42.5,53.4,10.8,save,0.14,39,1.0
604258,8.2,57.0,49.4,19.6,save,0.037,19,1.0
604258,2.9,46.3,52.8,3.8,goal,0.872,5,1.0
604258,14.8,44.8,52.9,10.8,save,0.107,85,1.0
604258,6.0,53.6,48.2,20.9,save,0.674,60,1.0
604258,23.5,39.3,50.1,29.1,save,0.035,80,1.0
604258,16.3,51.9,50.1,5.7,save,0.024,45,1.0
604258,4.2,46.0,53.2,9.5,goal,0.715,13,1.0
604258,29.2,51.5,53.9,9.5,save,0.23,66,1.0
604258,2.7,58.9,50.6,1.3,goal,0.672,57,1.0
604258,3.8,51.3,49.1,7.6,goal,0.595,50,1.0
604258,22.3,35.0,46.1,20.3,goal,0.392,35,1.0
604258,26.4,65.5,48.7,7.0,save,0.037,31,1.0
604258,3.5,56.6,47.1,3.8,save,0.266,83,1.0
604258,20.0,73.3,47.0,3.2,save,0.127,67,1.0
604258,12.0,34.0,48.5,8.2,goal,0.4,40,1.0
604258,4.6,47.0,46.0,15.8,save,0.739,85,1.0
604258,14.8,71.1,49.6,5.7,save,0.024,64,1.0
604258,5.5,51.3,48.6,10.8,save,0.119,63,1.0
604258,9.7,60.7,50.1,30.4,goal,0.511,85,1.0
604258,7.6,58.7,49.2,5.7,save,0.19,84,1.0
604258,7.4,46.6,52.2,11.4,goal,0.396,71,1.0
604258,24.8,54.0,50.3,5.7,save,0.021,54,1.0
604258,9.0,52.4,49.0,22.2,save,0.064,82,1.0
604258,11.9,52.7,46.8,3.2,save,0.293,72,1.0
604258,7.1,34.0,54.0,1.9,goal,0.566,56,1.0
604258,19.5,38.7,53.4,1.9,save,0.216,37,1.0
604258,4.5,48.8,52.2,3.2,save,0.725,33,1.0
604258,15.0,28.9,53.9,1.3,save,0.249,28,1.0
604258,30.4,44.0,53.0,32.3,save,0.335,21,1.0
604258,10.7,46.4,52.9,1.3,goal,0.668,90,1.0
604258,17.8,56.4,50.5,4.4,save,0.113,90,1.0
604258,7.9,46.8,50.8,0.6,save,0.111,86,1.0
604258,15.1,51.6,51.6,10.8,save,0.061,75,1.0
604258,15.5,45.1,48.7,2.5,goal,0.322,61,1.0
604258,7.3,44.1,52.8,2.5,goal,0.829,53,1.0
604258,12.2,33.2,51.5,4.4,save,0.057,38,1.0
604258,13.4,63.6,51.1,3.8,save,0.275,36,1.0
604258,14.1,56.5,52.8,4.4,goal,0.52,20,1.0
604258,6.9,50.5,48.8,2.5,save,0.463,89,1.0
604258,1.0,95.1,53.8,17.1,goal,0.543,80,1.0
604258,7.1,50.0,49.6,1.3,save,0.253,56,1.0
604258,29.7,53.6,51.9,8.2,save,0.059,53,1.0
604258,24.7,31.7,47.1,7.0,save,0.18,36,1.0
604258,19.6,60.1,53.6,24.7,goal,0.432,31,1.0
604258,9.1,47.7,49.4,3.8,goal,0.226,9,1.0
604258,8.8,54.7,53.2,19.6,save,0.286,90,1.0
604258,23.4,23.9,46.4,27.8,save,0.501,86,1.0
604258,12.5,59.6,53.2,19.6,save,0.314,79,1.0
604258,7.1,46.0,49.2,24.1,save,0.084,83,1.0
604258,26.3,60.5,48.7,10.8,save,0.028,74,1.0
604258,9.9,71.2,49.1,3.2,save,0.038,74,1.0
604258,13.5,41.6,50.1,16.5,save,0.176,69,1.0
604258,8.5,45.2,50.6,7.6,save,0.693,63,1.0
604258,16.1,48.7,47.4,0.6,goal,0.186,56,1.0
604258,17.7,54.0,46.5,5.7,save,0.252,39,1.0
604258,5.7,48.9,49.9,9.5,goal,0.217,14,1.0
604258,10.7,33.6,48.5,3.2,save,0.256,12,1.0
604258,20.7,74.7,48.8,27.2,save,0.06,47,1.0
604258,11.5,50.0,53.7,8.9,goal,0.99,35,1.0
604258,11.5,50.0,45.8,29.7,goal,0.997,69,1.0
604258,4.7,51.8,51.1,19.0,goal,0.612,63,1.0
604258,6.8,47.8,51.4,15.8,goal,0.497,44,1.0
604258,13.3,53.7,51.5,5.7,save,0.103,28,1.0
604258,19.8,47.0,48.4,4.4,save,0.474,76,1.0
604258,12.5,52.1,46.7,21.5,save,0.265,59,1.0
604258,6.3,43.8,51.2,1.9,goal,0.772,47,1.0
604258,3.6,47.2,53.2,0.6,goal,0.984,45,1.0
604258,11.7,60.9,52.8,3.2,save,0.633,45,1.0
604258,3.8,65.7,45.8,18.4,save,0.173,25,1.0
604258,23.2,50.9,47.6,28.5,save,0.219,25,1.0
604258,11.2,59.9,49.0,4.4,save,0.314,90,1.0
604258,12.9,59.3,47.4,5.1,save,0.162,71,1.0
604258,11.6,32.1,51.4,15.8,save,0.039,36,1.0
604258,27.9,44.8,49.3,17.7,save,0.027,7,1.0
604258,11.4,67.2,53.2,2.5,save,0.688,40,1.0
604258,27.8,66.8,52.8,12.0,save,0.113,19,1.0
604258,8.1,45.8,51.0,23.4,save,0.064,83,1.0
604258,25.2,34.5,47.7,1.3,save,0.142,64,1.0
604258,11.8,46.6,49.7,19.0,save,0.14,51,1.0
604258,6.7,45.1,53.2,7.0,goal,0.726,45,1.0
604258,9.2,74.6,50.3,31.0,save,0.05,45,1.0
604258,21.1,35.4,48.9,3.8,save,0.049,27,1.0
604258,18.9,48.9,54.4,8.9,save,0.318,79,1.0
604258,16.1,34.7,50.4,29.7,save,0.055,46,1.0
604258,25.2,24.6,50.0,7.6,save,0.013,22,1.0
604258,0.9,53.7,46.2,7.6,goal,0.981,7,1.0
604258,3.3,49.7,50.2,19.6,goal,0.872,90,1.0
604258,25.8,49.5,49.7,16.5,save,0.017,72,1.0
604258,8.2,57.8,45.8,17.1,save,0.278,61,1.0
604258,13.7,68.5,50.5,4.4,save,0.051,55,1.0
604258,9.4,70.5,45.9,8.2,save,0.167,45,1.0
604258,7.1,45.6,48.3,10.8,goal,0.268,43,1.0
604258,5.8,32.6,51.2,3.2,save,0.056,90,1.0
604258,16.4,30.1,47.6,29.7,save,0.274,81,1.0
604258,11.4,46.4,53.7,28.5,save,0.439,80,1.0
604258,17.7,31.8,51.2,12.0,save,0.023,71,1.0
604258,26.4,64.0,49.3,28.5,save,0.05,52,1.0
604258,7.6,53.3,47.5,22.2,save,0.196,45,1.0
604258,2.6,54.6,48.0,4.4,goal,0.939,42,1.0
604258,9.3,47.4,46.2,12.0,save,0.823,42,1.0
604258,7.8,54.7,46.0,7.0,save,0.316,41,1.0
604258,8.3,43.0,52.0,28.5,goal,0.637,24,1.0
604258,11.5,50.0,46.1,7.6,save,0.992,14,1.0
604258,7.8,65.8,50.8,3.2,save,0.188,52,1.0
604258,11.7,33.4,53.1,25.3,save,0.185,25,1.0
604258,13.4,39.0,53.2,17.7,goal,0.727,1,1.0
604258,24.5,64.7,53.1,4.4,save,0.224,77,1.0
604258,10.8,52.1,46.1,3.2,save,0.413,69,1.0
604258,16.3,52.6,49.9,12.7,save,0.015,56,1.0
604258,26.0,30.8,50.5,18.4,save,0.021,53,1.0
604258,5.3,57.7,45.6,17.7,goal,0.881,88,1.0
604258,14.5,50.3,48.7,16.5,goal,0.046,66,1.0
604258,25.2,31.0,47.6,12.7,save,0.09,66,1.0
604258,11.5,50.0,46.1,6.3,goal,0.992,61,1.0
604258,10.5,48.1,53.8,3.2,save,0.88,18,1.0
604258,8.8,66.8,53.7,13.9,goal,0.729,2,1.0
604258,12.5,62.9,54.5,3.2,goal,0.673,62,1.0
604258,14.1,46.4,53.2,20.9,save,0.515,31,1.0
604258,25.1,68.0,53.2,16.5,save,0.206,14,1.0
604258,21.6,68.6,47.7,15.8,goal,0.062,6,1.0
604258,10.2,42.8,54.2,26.6,save,0.494,64,1.0
604258,5.1,69.7,48.7,3.2,save,0.056,90,1.0
604258,5.1,45.8,48.4,3.8,goal,0.852,90,1.0
604258,21.3,30.5,51.6,8.2,save,0.045,90,1.0
604258,12.7,36.5,52.6,3.8,save,0.113,90,1.0
604258,10.1,35.9,50.8,11.4,save,0.025,79,1.0
604258,13.1,59.2,50.7,5.1,save,0.04,66,1.0
604258,8.4,41.7,47.6,2.5,save,0.238,54,1.0
604258,6.4,52.0,47.5,7.0,goal,0.37,47,1.0
604258,24.5,67.0,52.7,5.1,save,0.167,46,1.0
604258,30.4,39.0,53.6,1.9,save,0.236,44,1.0
604258,7.5,50.5,51.0,6.3,save,0.49,40,1.0
604258,12.7,43.7,51.2,25.9,save,0.071,32,1.0
604258,11.5,50.0,52.2,12.0,goal,0.955,57,1.0
604258,6.5,52.8,52.5,24.1,goal,0.525,45,1.0
604258,9.9,40.7,52.1,9.5,save,0.058,34,1.0
604258,5.0,64.7,50.0,3.8,save,0.134,36,1.0
604258,20.1,72.9,52.3,2.5,save,0.184,16,1.0
604258,13.0,50.1,51.0,23.4,save,0.057,8,1.0
604258,11.8,36.5,50.3,5.7,save,0.032,90,1.0
604258,28.2,60.4,47.6,7.6,save,0.08,67,1.0
604258,3.3,61.4,48.8,7.6,goal,0.272,65,1.0
604258,6.5,58.3,48.4,25.3,goal,0.433,56,1.0
604258,10.5,53.2,49.4,4.4,save,0.047,50,1.0
604258,4.3,51.8,45.8,15.8,goal,0.94,12,1.0
930997,16.4,29.9,45.8,24.7,save,0.606,90,0.96
930997,8.0,27.7,51.6,4.4,save,0.052,69,0.96
930997,24.1,66.7,50.1,16.5,save,0.015,67,0.96
930997,26.6,47.5,45.6,6.3,save,0.379,35,0.96
930997,2.0,49.2,51.0,27.8,goal,0.981,3,0.96
930997,23.0,46.8,51.5,33.5,save,0.178,90,0.96
930997,3.3,60.1,47.0,19.6,goal,,67,0.96
930997,3.2,48.9,51.9,3.2,goal,0.977,58,0.96
930997,14.0,43.0,46.8,5.1,save,0.309,45,0.96
930997,5.7,48.3,51.9,14.6,goal,0.71,33,0.96
930997,20.6,40.9,49.0,14.6,save,0.034,31,0.96
930997,8.3,64.8,53.2,3.8,goal,0.843,62,0.96
930997,11.5,50.0,53.9,13.3,goal,0.99,50,0.96
930997,21.8,27.4,52.7,12.0,save,0.062,44,0.96
930997,4.5,50.6,51.4,2.5,save,0.392,32,0.96
930997,22.9,32.8,53.5,20.3,goal,0.222,90,0.96
930997,9.2,47.7,50.4,25.3,save,0.048,86,0.96
930997,4.4,47.0,51.6,4.4,goal,0.256,82,0.96
930997,4.9,48.7,50.0,17.7,save,0.079,82,0.96
930997,9.4,36.8,50.1,5.1,save,0.023,78,0.96
930997,18.8,52.6,50.3,4.4,save,0.023,75,0.96
930997,4.3,38.7,49.6,26.6,save,0.057,73,0.96
930997,23.1,71.7,50.3,13.3,save,0.015,62,0.96
930997,20.3,45.4,50.4,15.8,save,0.023,54,0.96
930997,4.2,39.1,46.6,11.4,goal,0.366,49,0.96
930997,19.5,67.7,53.6,13.3,save,0.341,45,0.96
930997,13.6,23.6,54.0,20.9,save,0.19,44,0.96
930997,7.1,46.8,47.0,24.7,goal,0.777,22,0.96
930997,9.9,39.5,46.8,1.9,goal,0.399,69,0.96
930997,11.2,75.0,47.5,9.5,save,0.067,57,0.96
930997,24.5,53.4,47.8,12.0,save,0.057,52,0.96
930997,23.3,45.5,53.8,14.6,save,0.235,20,0.96
930997,9.2,44.3,52.3,6.3,save,0.124,28,0.96
930997,11.2,54.3,50.4,19.0,save,0.035,85,0.96
930997,7.0,67.5,48.6,20.9,save,0.051,84,0.96
930997,17.2,44.4,47.2,13.9,save,0.133,28,0.96
930997,26.0,65.0,50.4,24.7,save,0.034,42,0.96
930997,13.8,62.1,48.2,22.2,save,0.099,27,0.96
930997,22.3,56.4,52.6,8.2,save,0.113,12,0.96
930997,11.5,50.0,51.4,3.8,save,0.952,90,0.96
930997,13.3,75.4,46.9,3.2,save,0.118,53,0.96
930997,18.8,51.1,53.9,4.4,goal,0.326,77,0.96
930997,9.2,56.8,48.1,20.9,save,0.15,73,0.96
930997,8.7,50.1,54.0,7.0,save,0.389,51,0.96
930997,8.4,58.8,47.7,3.8,save,0.103,28,0.96
930997,11.1,41.7,48.3,3.2,goal,0.408,19,0.96
930997,11.1,68.8,49.2,5.1,save,0.032,3,0.96
930997,1.8,47.0,50.6,16.5,goal,0.873,76,0.96
930997,6.6,39.4,49.2,2.5,save,0.242,54,0.96
930997,4.0,48.4,53.2,1.3,goal,0.779,45,0.96
930997,22.9,70.1,53.7,1.9,save,0.405,41,0.96
930997,11.0,53.6,51.9,19.6,save,0.097,17,0.96
930997,25.1,62.0,53.6,32.3,save,0.515,85,0.96
930997,16.0,42.7,49.1,12.0,save,0.04,51,0.96
930997,3.5,45.8,51.6,8.2,save,0.676,47,0.96
930997,26.1,51.5,50.5,17.7,save,0.022,46,0.96
930997,15.5,70.8,49.7,1.9,save,0.03,18,0.96
930997,12.8,56.4,45.7,2.5,save,0.789,80,0.96
930997,7.6,51.3,49.6,13.9,goal,0.03,54,0.96
930997,8.9,46.0,51.9,21.5,save,0.14,53,0.96
930997,7.7,41.3,53.6,8.2,save,0.239,45,0.96
930997,11.5,50.0,52.3,10.8,save,0.961,39,0.96
930997,10.5,54.6,49.4,19.0,save,0.037,13,0.96
930997,9.5,28.4,47.6,18.4,save,0.181,13,0.96
930997,2.0,50.1,50.8,5.1,goal,0.971,90,0.96
930997,7.5,54.0,54.0,9.5,goal,0.447,89,0.96
930997,25.5,65.2,49.1,12.7,save,0.02,5,0.96
930997,8.7,57.3,51.2,13.3,save,0.043,90,0.96
930997,7.4,32.7,46.0,3.8,save,0.605,79,0.96
930997,11.3,29.9,51.3,2.5,save,0.061,29,0.96
930997,10.7,31.3,51.0,5.1,save,0.033,9,0.96
930997,3.2,50.4,48.3,13.9,goal,0.906,57,0.96
930997,10.3,45.5,54.0,13.9,save,0.241,54,0.96
930997,8.5,41.5,51.2,7.0,goal,0.353,45,0.96
930997,7.8,32.6,49.0,10.8,save,0.238,33,0.96
930997,8.7,42.2,51.9,15.8,save,0.544,26,0.96
930997,7.5,34.1,52.6,4.4,save,0.102,24,0.96
930997,6.2,48.5,51.0,13.3,save,0.629,16,0.96
930997,14.2,59.5,47.4,3.8,save,0.179,2,0.96
930997,15.8,28.9,47.6,5.1,save,0.158,67,0.96
930997,4.2,52.8,46.5,6.3,goal,0.946,50,0.96
930997,26.3,44.6,46.3,5.1,save,0.277,48,0.96
930997,7.6,44.6,49.8,23.4,save,0.041,29,0.96
930997,23.9,36.4,54.2,3.2,save,0.336,90,0.96
930997,5.4,55.9,52.3,9.5,goal,0.852,73,0.96
930997,8.3,58.2,47.1,11.4,save,0.416,45,0.96
930997,13.5,41.5,53.6,2.5,save,0.264,22,0.96
930997,11.8,38.8,47.6,8.9,save,0.179,41,0.96
930997,11.5,50.0,47.2,4.4,goal,0.983,21,0.96
930997,4.1,48.7,51.1,32.3,goal,0.963,88,0.96
930997,1.6,46.0,53.0,26.6,goal,0.984,82,0.96
930997,4.7,45.6,51.4,20.9,save,0.585,81,0.96
930997,14.5,45.4,53.8,2.5,save,0.32,55,0.96
930997,22.1,69.9,50.2,15.8,save,0.016,51,0.96
930997,11.7,50.6,53.6,8.2,goal,0.248,87,0.96
930997,9.5,42.3,51.5,27.2,save,0.116,80,0.96
930997,10.8,53.0,49.7,11.4,save,0.258,57,0.96
930997,24.9,40.4,50.2,31.6,save,0.051,57,0.96
930997,3.7,41.8,54.2,34.2,save,0.515,56,0.96
930997,14.4,47.2,50.4,21.5,save,0.039,45,0.96
930997,10.1,38.2,52.4,7.0,save,0.51,82,0.96
930997,4.7,44.7,50.0,19.6,save,0.453,73,0.96
930997,9.4,73.7,46.3,4.4,save,0.144,67,0.96
930997,2.4,47.2,51.3,1.3,goal,0.959,55,0.96
930997,13.3,41.8,49.7,12.7,save,0.067,35,0.96
930997,11.2,34.7,53.0,12.0,save,0.093,28,0.96
930997,26.7,31.1,50.3,7.0,save,0.017,18,0.96
930997,13.2,63.3,50.3,8.9,save,0.119,11,0.96
930997,30.0,51.5,50.0,4.4,save,0.019,52,0.96
930997,8.1,35.2,49.5,6.3,goal,0.231,84,0.96
930997,1.6,69.6,46.0,3.2,save,0.139,78,0.96
930997,18.3,49.5,51.9,3.2,save,0.104,73,0.96
930997,13.2,44.1,47.0,1.3,goal,0.654,50,0.96
930997,19.0,32.8,53.7,2.5,goal,0.218,49,0.96
930997,7.7,48.2,54.5,17.7,goal,0.911,42,0.96
930997,20.2,65.6,46.3,2.5,goal,0.227,3,0.96
930997,18.1,56.7,47.7,3.8,save,0.102,82,0.96
930997,18.9,36.8,45.5,3.2,save,0.557,90,0.96
930997,15.2,66.3,54.5,4.4,save,0.59,64,0.96
930997,10.2,68.7,45.4,15.2,save,0.231,60,0.96
930997,8.8,51.4,49.6,17.7,save,0.03,55,0.96
930997,10.1,40.6,46.1,21.5,goal,0.871,5,0.96
930997,11.1,39.4,52.9,2.5,save,0.514,90,0.96
930997,3.3,36.7,45.5,3.2,save,0.836,90,0.96
930997,9.1,38.8,48.0,5.7,save,0.167,89,0.96
930997,9.7,51.8,49.4,12.7,save,0.047,45,0.96
930997,4.1,49.1,52.6,12.0,goal,0.834,90,0.96
930997,8.6,40.0,51.0,9.5,save,0.038,83,0.96
930997,8.5,55.2,48.9,16.5,save,0.042,81,0.96
930997,21.0,44.3,52.2,32.3,save,0.194,60,0.96
930997,4.3,65.6,50.6,5.1,goal,0.218,32,0.96
930997,11.1,59.0,48.7,8.9,save,0.275,27,0.96
930997,21.8,62.3,53.0,22.2,save,0.247,22,0.96
930997,14.0,31.4,52.9,1.3,save,0.141,90,0.96
930997,16.1,70.5,45.6,1.9,save,0.321,73,0.96
930997,3.8,55.0,46.4,1.9,goal,0.963,69,0.96
930997,10.1,39.0,48.2,1.9,save,0.346,69,0.96
930997,1.7,53.6,46.4,15.2,goal,0.987,59,0.96
930997,8.1,38.6,48.9,3.8,save,0.079,59,0.96
930997,28.8,59.6,47.1,35.4,save,0.363,57,0.96
930997,14.1,47.2,50.3,24.1,save,0.034,45,0.96
930997,10.4,47.0,50.0,32.9,save,0.067,35,0.96
930997,8.0,44.9,52.0,5.7,save,0.309,32,0.96
930997,9.8,38.5,49.4,15.2,goal,0.036,32,0.96
930997,16.6,66.8,53.4,27.8,goal,0.503,85,0.96
930997,11.1,41.7,52.3,17.1,save,0.105,79,0.96
930997,6.3,54.2,49.7,31.0,goal,0.092,52,0.96
930997,25.3,48.4,47.3,27.8,save,0.228,51,0.96
930997,3.9,57.5,51.3,13.9,goal,0.274,41,0.96
930997,25.0,56.9,52.3,20.9,save,0.145,26,0.96
930997,4.6,41.6,49.6,27.2,save,0.067,7,0.96
930997,7.1,54.0,53.2,9.5,goal,0.442,90,0.96
930997,11.5,50.0,47.2,2.5,goal,0.986,24,0.96
930997,2.1,47.0,53.9,3.2,goal,,6,0.96
930997,11.5,50.0,52.9,4.4,save,0.984,5,0.96
930997,9.1,34.9,49.4,25.9,save,0.082,61,0.96
930997,6.5,56.3,46.7,19.6,save,0.214,51,0.96
930997,10.5,55.7,45.6,11.4,save,0.269,48,0.96
930997,26.4,69.6,46.2,17.1,save,0.18,90,0.96
930997,6.7,47.5,51.9,30.4,goal,0.748,69,0.96
930997,9.5,46.0,49.9,4.4,save,0.025,23,0.96
930997,24.5,67.8,48.0,3.8,save,0.071,90,0.96
22209,11.0,56.8,53.2,1.9,goal,0.858,90,0.63
22209,2.1,41.3,50.5,20.9,save,0.439,82,0.63
22209,29.3,49.7,52.8,15.2,save,0.11,59,0.63
22209,28.8,46.3,50.3,2.5,save,0.023,49,0.63
22209,28.6,24.1,49.8,25.9,save,0.029,46,0.63
22209,27.1,40.7,47.4,20.3,save,0.14,34,0.63
22209,21.8,58.1,51.6,2.5,save,0.08,7,0.63
22209,11.8,59.0,48.4,8.9,save,0.046,87,0.63
22209,16.0,47.4,47.4,13.3,save,0.112,64,0.63
22209,7.8,26.4,52.6,8.2,save,0.062,56,0.63
22209,11.0,37.8,50.6,8.9,save,0.228,41,0.63
22209,8.8,40.7,52.8,11.4,goal,0.41,19,0.63
22209,8.4,53.0,47.3,29.7,goal,0.659,17,0.63
22209,8.2,34.4,50.0,1.3,save,0.027,64,0.63
22209,19.4,30.8,54.0,1.9,goal,0.256,59,0.63
22209,12.2,39.3,53.7,15.2,save,0.183,45,0.63
22209,5.1,47.2,50.0,34.2,save,0.691,35,0.63
22209,19.5,68.9,53.0,12.0,save,0.159,25,0.63
22209,5.4,44.9,54.2,19.0,goal,0.922,15,0.63
22209,7.9,67.5,50.3,2.5,save,0.033,80,0.63
22209,13.5,43.6,54.1,16.5,save,0.342,52,0.63
22209,11.5,50.0,53.6,19.0,goal,0.991,38,0.63
22209,26.5,35.1,53.6,18.4,save,0.181,30,0.63
22209,18.1,49.3,50.2,2.5,save,0.025,90,0.63
22209,23.8,64.3,53.6,15.2,save,0.247,89,0.63
22209,17.7,51.7,51.7,1.3,save,0.109,23,0.63
22209,7.5,53.0,46.4,24.7,goal,0.381,90,0.63
22209,3.9,47.9,51.0,22.2,goal,0.77,84,0.63
22209,8.5,72.7,47.3,13.3,save,0.057,66,0.63
22209,8.4,38.9,51.9,2.5,save,0.668,59,0.63
22209,9.5,46.0,47.2,3.8,save,0.915,46,0.63
22209,7.9,50.7,53.1,22.8,goal,0.303,30,0.63
22209,23.8,30.9,53.4,2.5,save,0.182,15,0.63
22209,27.2,57.6,50.8,4.4,save,0.033,90,0.63
22209,3.3,38.7,51.0,2.5,save,0.395,73,0.63
22209,9.9,60.3,48.3,3.2,save,0.088,32,0.63
22209,10.3,49.7,50.6,17.1,save,0.418,29,0.63
22209,11.7,53.3,48.0,2.5,save,0.139,18,0.63
22209,22.8,37.6,48.0,7.0,save,0.082,65,0.63
22209,32.2,24.9,49.8,32.3,save,0.046,65,0.63
22209,9.5,52.6,54.0,16.5,goal,0.439,90,0.63
22209,10.7,44.9,51.0,33.5,save,0.106,59,0.63
22209,8.4,66.5,45.5,15.2,save,0.241,58,0.63
22209,11.8,35.9,50.6,2.5,save,0.058,20,0.63
22209,4.8,58.2,48.7,10.8,save,0.046,13,0.63
22209,22.5,52.3,54.0,5.7,goal,0.413,90,0.63
22209,6.4,57.0,47.4,24.1,save,0.168,88,0.63
22209,11.5,50.0,46.4,0.6,goal,0.994,45,0.63
22209,25.4,39.1,46.9,26.6,save,0.303,8,0.63
22209,7.9,49.0,47.4,11.4,goal,0.39,90,0.63
22209,11.4,35.6,48.4,5.7,goal,0.774,38,0.63
22209,23.4,34.3,47.7,10.1,save,0.091,36,0.63
22209,26.8,39.4,50.9,15.8,save,0.025,3,0.63
22209,5.4,48.2,53.6,13.9,goal,0.905,78,0.63
22209,15.3,76.9,47.7,29.1,goal,0.134,72,0.63
22209,15.1,30.9,45.6,13.9,save,0.524,57,0.63
22209,5.2,55.4,51.6,3.2,save,0.878,43,0.63
22209,2.6,65.2,45.7,6.3,save,0.357,39,0.63
22209,9.9,32.5,50.9,5.7,save,0.033,73,0.63
22209,21.0,64.2,47.1,25.9,save,0.183,63,0.63
22209,13.9,42.3,48.9,1.9,save,0.366,41,0.63
22209,9.8,25.8,49.4,15.8,save,0.025,31,0.63
22209,3.5,68.3,47.7,11.4,save,0.15,51,0.63
22209,14.6,37.3,54.1,6.3,save,0.241,47,0.63
22209,4.8,51.8,50.4,3.8,save,0.596,19,0.63
22209,27.8,41.9,45.6,5.1,save,0.427,4,0.63
22209,19.8,48.6,46.3,16.5,goal,0.253,81,0.63
22209,6.9,29.7,53.2,12.7,save,0.072,69,0.63
22209,25.1,37.8,50.4,4.4,save,0.023,69,0.63
22209,9.7,66.7,52.9,15.8,save,0.25,55,0.63
22209,18.8,70.1,49.4,5.7,save,0.023,52,0.63
22209,28.0,71.5,49.8,31.0,save,0.039,45,0.63
22209,7.0,55.8,51.1,13.3,goal,0.472,89,0.63
22209,17.9,64.5,46.7,8.9,save,0.144,79,0.63
22209,6.5,48.8,49.8,19.0,save,0.047,68,0.63
22209,15.7,44.2,48.6,0.6,save,0.098,67,0.63
22209,8.7,51.6,52.4,2.5,goal,0.674,56,0.63
22209,18.3,63.0,46.2,3.8,goal,0.233,19,0.63
22209,9.7,44.8,49.0,1.3,goal,0.603,15,0.63
22209,3.5,54.8,49.3,8.2,goal,0.058,13,0.63
22209,23.3,47.8,49.0,4.4,save,0.04,68,0.63
22209,3.0,51.5,50.4,15.2,goal,0.722,55,0.63
22209,20.1,56.0,47.2,1.3,save,0.184,33,0.63
22209,56.9,50.0,45.6,17.1,save,0.33,22,0.63
22209,9.0,59.4,49.2,15.2,save,0.026,87,0.63
22209,7.4,59.7,48.3,17.7,save,0.073,58,0.63
22209,10.6,43.5,50.5,4.4,save,0.05,56,0.63
22209,23.7,76.5,50.6,1.9,save,0.035,45,0.63
22209,8.8,46.7,46.8,20.3,goal,0.782,29,0.63
22209,9.8,49.7,50.1,24.7,save,0.107,85,0.63
22209,8.3,40.4,52.7,1.9,save,0.628,63,0.63
22209,7.3,43.0,50.3,11.4,save,0.018,41,0.63
22209,11.6,65.2,52.5,8.2,save,0.632,90,0.63
22209,8.2,33.3,52.7,21.5,save,0.132,86,0.63
22209,4.8,63.6,52.5,1.9,goal,0.719,46,0.63
22209,8.3,43.4,51.0,11.4,save,0.532,2,0.63
22209,7.6,46.0,53.9,2.5,goal,0.634,76,0.63
22209,16.0,29.6,53.0,5.1,save,0.114,59,0.63
22209,8.1,46.4,46.6,24.1,goal,0.775,30,0.63
22209,20.9,37.6,46.1,3.2,save,0.45,23,0.63
22209,19.3,71.7,49.6,7.0,save,0.019,20,0.63
22209,5.1,45.8,52.6,21.5,goal,0.287,90,0.63
22209,19.3,46.4,53.9,5.1,save,0.32,68,0.63
22209,9.2,70.2,49.2,3.2,save,0.033,67,0.63
22209,3.0,52.9,48.0,4.4,save,0.918,45,0.63
22209,9.4,55.8,46.8,31.6,save,0.408,45,0.63
22209,13.4,52.2,47.1,25.9,goal,0.315,40,0.63
22209,10.1,47.9,49.7,8.9,save,0.022,31,0.63
22209,7.0,47.8,47.1,2.5,goal,0.53,26,0.63
22209,24.4,60.7,48.6,10.8,save,0.032,90,0.63
22209,3.1,48.6,49.3,2.5,goal,0.951,77,0.63
22209,9.0,62.7,51.2,4.4,save,0.416,70,0.63
22209,9.4,39.4,50.9,16.5,save,0.278,46,0.63
22209,39.4,92.7,50.7,17.1,save,0.026,90,0.63
22209,13.2,57.8,49.4,3.8,save,0.439,83,0.63
22209,13.9,60.5,46.1,5.7,goal,0.237,11,0.63
22209,23.7,27.5,52.3,15.2,save,0.067,89,0.63
22209,22.9,60.3,48.8,27.8,save,0.071,82,0.63
22209,11.5,50.0,53.8,1.9,goal,0.994,80,0.63
22209,21.9,64.0,49.1,8.9,save,0.023,74,0.63
22209,12.3,41.5,51.0,9.5,goal,0.244,37,0.63
22209,10.4,52.1,47.0,30.4,save,0.347,30,0.63
22209,11.5,50.0,50.5,14.6,goal,0.863,5,0.63
22209,9.5,34.7,50.1,3.2,save,0.085,72,0.63
22209,14.7,46.6,52.6,16.5,save,0.123,72,0.63
22209,7.0,52.6,48.5,11.4,goal,0.094,22,0.63
22209,12.1,50.3,50.2,27.8,save,0.039,90,0.63
22209,8.8,54.0,46.1,3.2,goal,0.53,72,0.63
22209,6.8,34.0,50.8,15.2,save,0.105,62,0.63
22209,3.9,42.6,51.2,5.1,save,0.654,35,0.63
22209,13.6,50.9,50.4,29.7,save,0.071,3,0.63
22209,7.5,50.9,49.4,19.6,save,0.219,1,0.63
22209,22.5,38.6,47.1,19.0,save,0.183,90,0.63
22209,18.3,65.2,53.9,14.6,save,0.454,89,0.63
22209,9.6,69.4,52.7,5.7,save,0.67,83,0.63
22209,9.4,65.8,50.0,12.0,save,0.05,76,0.63
22209,7.1,52.7,49.0,19.6,save,0.331,70,0.63
22209,12.0,69.0,49.7,23.4,save,0.038,44,0.63
22209,28.4,63.4,46.9,29.1,goal,0.251,22,0.63
22209,3.1,49.5,53.6,7.0,goal,,4,0.63
22209,10.9,14.8,53.3,28.5,save,0.202,4,0.63
22209,21.7,28.0,52.0,15.2,save,0.049,81,0.63
22209,15.0,42.5,46.1,5.1,goal,0.852,26,0.63
22209,4.3,56.9,50.2,19.0,goal,0.16,21,0.63
22209,13.2,63.1,46.3,8.2,save,0.181,17,0.63
22209,25.8,39.2,49.8,9.5,save,0.017,90,0.63
22209,7.3,54.3,47.4,27.2,goal,0.326,78,0.63
22209,7.4,54.5,47.6,10.1,save,0.46,57,0.63
22209,12.7,43.3,50.5,13.3,save,0.087,40,0.63
22209,22.4,33.6,50.3,1.3,save,0.025,68,0.63
22209,8.5,33.8,50.7,16.5,save,0.127,52,0.63
22209,11.9,51.8,50.8,6.3,save,0.043,52,0.63
22209,11.7,36.8,50.3,12.7,goal,0.067,28,0.63
22209,13.7,39.0,53.9,3.2,goal,0.841,8,0.63
22209,6.2,27.1,53.5,10.8,save,0.079,89,0.63
22209,10.0,38.8,52.2,17.7,save,0.087,70,0.63
22209,11.5,50.0,54.1,1.9,goal,0.995,71,0.63
22209,18.2,23.0,47.1,3.8,save,0.25,90,0.63
22209,6.7,53.4,46.7,1.9,goal,,76,0.63
22209,8.3,50.9,52.9,1.3,save,0.798,39,0.63
22209,11.8,62.5,52.1,14.6,save,0.443,34,0.63
22209,15.3,28.5,48.7,2.5,save,0.083,13,0.63
22209,14.5,56.9,52.8,25.3,goal,0.344,56,0.63
22209,13.5,48.0,50.1,5.1,save,0.101,26,0.63
22209,7.7,47.4,48.3,29.7,goal,0.342,16,0.63
22209,9.4,65.1,50.7,21.5,save,0.066,90,0.63
22209,14.7,27.4,46.5,21.5,save,0.408,48,0.63
22209,11.8,42.5,52.1,30.4,goal,0.567,88,0.63
22209,12.8,52.0,53.5,11.4,goal,0.286,60,0.63
22209,4.2,32.2,51.6,5.1,save,0.262,58,0.63
22209,13.2,37.2,54.1,0.6,save,0.317,90,0.63
22209,2.7,35.6,45.9,1.9,goal,0.983,59,0.63
22209,16.2,38.3,46.4,12.0,save,0.255,58,0.63
22209,7.6,48.0,47.1,14.6,goal,0.641,54,0.63
22209,26.5,27.5,54.2,8.2,goal,0.199,44,0.63
22209,13.0,46.1,50.4,1.9,save,0.038,24,0.63
22209,22.3,30.8,47.2,5.7,goal,0.18,7,0.63
797291,21.1,62.3,47.4,25.9,goal,0.185,71,0.93
797291,9.9,68.3,48.1,6.3,save,0.065,69,0.93
797291,8.4,55.7,47.1,19.0,goal,0.203,68,0.93
797291,21.2,67.1,50.7,25.9,save,0.05,18,0.93
797291,10.4,37.4,53.8,10.8,save,0.16,83,0.93
797291,7.1,46.0,51.6,17.1,save,0.117,60,0.93
797291,26.6,44.2,48.0,24.1,save,0.115,34,0.93
797291,11.1,68.7,48.6,25.3,save,0.094,25,0.93
797291,11.2,46.0,49.7,17.1,save,0.074,88,0.93
797291,14.2,28.0,47.5,31.6,save,0.337,54,0.93
797291,14.6,86.5,45.8,5.7,save,0.182,45,0.93
797291,31.6,62.9,52.6,15.2,save,0.115,35,0.93
797291,1.7,46.2,52.3,5.7,goal,,80,0.93
797291,9.6,64.0,51.0,32.3,save,0.111,72,0.93
797291,9.8,39.9,52.3,12.0,goal,0.43,52,0.93
797291,19.1,48.8,47.7,28.5,goal,0.197,15,0.93
797291,7.9,49.9,49.6,3.2,save,0.096,90,0.93
797291,4.2,54.6,51.3,20.3,save,0.214,90,0.93
797291,11.5,50.0,53.2,3.2,save,0.989,88,0.93
797291,4.8,45.2,51.0,25.9,save,0.116,83,0.93
797291,7.4,60.3,52.0,29.7,save,0.286,80,0.93
797291,19.0,54.8,46.4,12.0,save,0.166,71,0.93
797291,14.6,68.7,54.0,10.8,save,0.39,48,0.93
797291,18.2,52.3,46.2,3.8,save,0.302,30,0.93
797291,2.1,39.5,46.8,17.1,save,0.685,7,0.93
797291,13.9,56.3,47.4,20.9,goal,0.608,47,0.93
797291,7.5,46.8,46.4,8.2,goal,0.914,40,0.93
797291,25.5,38.5,49.5,13.3,save,0.017,9,0.93
797291,7.9,41.9,53.2,3.2,goal,0.946,73,0.93
797291,24.1,35.0,53.6,7.0,save,0.162,39,0.93
797291,24.3,42.0,51.3,12.7,save,0.028,34,0.93
797291,19.2,43.0,47.1,23.4,goal,0.233,8,0.93
797291,11.5,50.0,53.4,27.2,goal,0.994,90,0.93
797291,20.2,36.4,49.3,17.7,save,0.03,90,0.93
797291,2.6,56.6,49.7,22.2,goal,,6,0.93
797291,21.2,38.5,50.9,2.5,save,0.283,31,0.93
797291,11.6,46.3,52.5,1.3,save,0.746,90,0.93
797291,22.7,3.1,53.7,26.6,save,0.208,68,0.93
797291,11.5,50.0,47.1,11.4,save,0.977,31,0.93
797291,9.7,47.9,51.0,3.8,save,0.313,15,0.93
797291,27.4,43.0,49.7,0.6,save,0.027,1,0.93
797291,8.3,45.8,51.3,16.5,save,0.167,45,0.93
797291,15.1,47.2,51.5,14.6,save,0.044,18,0.93
797291,14.5,27.9,47.2,25.9,save,0.318,11,0.93
797291,28.1,44.9,48.0,12.0,save,0.054,8,0.93
797291,8.8,33.5,47.4,3.2,save,0.763,90,0.93
797291,5.3,48.6,51.6,8.9,goal,0.26,75,0.93
797291,2.9,49.8,54.1,10.1,goal,0.994,49,0.93
797291,4.9,32.9,48.1,8.2,save,0.115,48,0.93
797291,12.1,73.5,52.2,26.6,save,0.242,9,0.93
797291,26.5,43.6,48.9,25.9,save,0.064,86,0.93
797291,23.5,53.6,53.8,20.3,goal,0.355,67,0.93
797291,20.0,56.4,46.9,3.2,save,0.184,64,0.93
797291,3.9,48.9,51.6,5.1,goal,,38,0.93
797291,7.1,49.2,50.4,13.3,save,0.038,38,0.93
797291,10.7,39.3,48.8,5.1,goal,0.456,13,0.93
797291,7.1,55.3,45.8,4.4,goal,0.354,61,0.93
797291,13.2,36.2,49.7,21.5,save,0.029,37,0.93
797291,26.3,47.6,51.4,32.9,save,0.144,23,0.93
797291,9.4,54.2,50.0,19.6,save,0.024,61,0.93
797291,10.3,44.5,51.9,7.0,save,0.079,8,0.93
797291,26.3,28.8,48.3,25.9,save,0.114,67,0.93
797291,7.3,30.7,54.2,4.4,save,0.19,90,0.93
797291,8.5,49.3,52.7,13.9,save,0.231,62,0.93
797291,4.9,49.6,49.7,10.8,goal,0.708,88,0.93
797291,13.1,30.7,52.5,12.0,save,0.054,90,0.93
797291,22.4,68.5,46.9,4.4,save,0.136,71,0.93
797291,20.1,33.0,51.1,7.0,save,0.032,25,0.93
797291,23.8,35.2,50.3,10.1,save,0.015,74,0.93
797291,12.5,58.3,46.7,23.4,goal,,55,0.93
797291,11.7,39.4,48.2,1.9,save,0.58,1,0.93
797291,9.1,56.0,48.0,3.8,save,0.5,83,0.93
797291,23.1,65.3,52.5,5.1,save,0.14,33,0.93
797291,25.6,67.7,48.6,7.0,save,0.038,15,0.93
797291,7.6,43.9,46.1,17.7,goal,0.792,87,0.93
797291,12.8,61.5,53.6,17.1,goal,0.392,86,0.93
797291,13.6,44.9,50.6,1.9,save,0.05,71,0.93
797291,11.8,51.6,50.0,15.2,save,0.198,51,0.93
797291,10.4,46.2,47.4,27.8,save,0.267,34,0.93
797291,23.2,75.2,46.3,22.2,save,0.203,33,0.93
797291,11.5,50.0,53.9,2.5,save,0.994,72,0.93
797291,5.0,48.0,52.3,8.9,goal,0.94,66,0.93
797291,19.2,50.9,53.9,7.0,goal,0.294,41,0.93
797291,22.1,40.8,52.8,11.4,goal,0.086,25,0.93
797291,6.3,71.6,53.9,4.4,save,0.59,15,0.93
797291,9.3,60.4,46.0,5.7,goal,0.672,55,0.93
797291,7.7,44.9,53.9,12.7,save,0.224,18,0.93
797291,8.6,41.2,51.3,32.3,save,0.105,90,0.93
797291,11.4,30.1,52.8,10.8,goal,0.435,80,0.93
797291,12.6,71.8,46.4,1.9,save,0.173,75,0.93
797291,7.4,53.4,49.3,6.3,save,0.422,58,0.93
797291,18.1,45.7,46.2,4.4,save,0.336,58,0.93
797291,23.5,34.9,53.4,8.9,save,0.135,20,0.93
797291,10.5,43.5,48.2,1.9,save,0.182,14,0.93
797291,3.1,53.0,51.7,12.7,goal,0.953,69,0.93
797291,14.6,50.4,46.0,5.7,goal,0.742,62,0.93
797291,19.4,40.6,53.8,5.1,save,0.27,40,0.93
797291,8.4,65.8,48.1,29.7,save,0.384,38,0.93
797291,6.7,48.1,53.7,23.4,goal,0.438,83,0.93
797291,2.6,45.4,50.2,34.8,save,0.871,70,0.93
797291,6.3,46.2,46.1,12.7,goal,0.459,51,0.93
797291,7.0,59.6,47.7,2.5,save,0.714,22,0.93
797291,14.4,42.3,52.5,24.1,save,0.171,3,0.93
797291,15.4,41.6,50.4,16.5,save,0.027,76,0.93
797291,2.9,58.9,47.3,8.9,goal,0.857,66,0.93
797291,11.7,61.3,47.3,1.3,goal,0.441,48,0.93
797291,24.0,8.0,52.6,17.1,save,0.07,42,0.93
797291,6.4,50.3,47.2,13.3,goal,0.542,30,0.93
797291,21.2,66.0,48.7,25.9,save,0.066,85,0.93
797291,2.8,33.4,46.7,8.9,save,0.409,90,0.93
797291,15.2,27.0,53.2,15.8,save,0.098,89,0.93
797291,12.0,62.7,52.9,24.7,goal,0.391,10,0.93
797291,11.4,43.5,52.0,25.9,goal,0.146,2,0.93
797291,25.6,65.1,51.3,3.2,save,0.061,90,0.93
797291,26.1,42.8,48.5,13.3,save,0.046,90,0.93
797291,9.8,68.2,52.9,3.2,save,0.319,90,0.93
797291,11.6,81.2,52.9,25.9,save,0.45,73,0.93
797291,11.5,52.7,49.0,1.9,save,0.066,65,0.93
797291,4.2,55.2,48.1,3.8,save,0.862,90,0.93
797291,6.1,60.0,51.3,5.7,save,0.386,90,0.93
797291,7.0,62.0,48.0,5.1,save,0.32,70,0.93
797291,12.2,76.6,47.8,30.4,save,0.122,63,0.93
797291,15.3,28.9,50.5,5.1,save,0.027,29,0.93
797291,15.5,52.4,53.0,5.7,save,0.245,83,0.93
797291,21.6,28.9,48.9,15.2,save,0.035,79,0.93
797291,10.7,37.3,48.1,6.3,save,0.168,70,0.93
797291,13.1,57.8,54.2,17.7,goal,0.474,36,0.93
797291,10.3,35.5,53.1,12.7,save,0.295,35,0.93
797291,3.3,58.8,46.8,8.2,save,0.142,34,0.93
797291,9.0,68.0,47.8,5.7,goal,0.073,28,0.93
797291,22.8,15.3,49.5,3.8,save,0.03,24,0.93
797291,7.8,56.1,54.2,22.2,save,0.594,90,0.93
797291,9.8,44.5,52.0,14.6,save,0.068,90,0.93
797291,27.0,31.6,46.8,7.0,save,0.234,82,0.93
797291,24.8,32.7,53.6,5.7,save,0.173,75,0.93
797291,16.3,64.9,49.9,3.8,save,0.021,63,0.93
797291,5.3,61.0,45.7,15.2,save,0.198,50,0.93
797291,11.5,60.8,52.2,5.7,save,0.452,29,0.93
188107,24.3,65.0,53.2,1.3,save,0.28,60,0.95
188107,21.1,36.9,52.5,13.3,save,0.072,55,0.95
188107,16.3,62.4,54.1,0.6,goal,0.544,14,0.95
188107,8.2,69.9,46.8,20.9,save,0.126,9,0.95
188107,15.2,24.6,53.1,1.3,save,0.136,73,0.95
188107,29.0,27.5,46.6,29.7,goal,0.441,66,0.95
188107,15.1,54.2,53.2,4.4,goal,0.262,41,0.95
188107,14.4,59.5,47.3,8.2,save,0.105,90,0.95
188107,20.7,45.8,52.7,15.2,save,0.106,60,0.95
188107,8.5,28.9,45.9,3.8,goal,0.633,48,0.95
188107,4.2,63.0,45.9,12.7,save,0.145,37,0.95
188107,18.4,65.4,46.6,5.7,save,0.159,6,0.95
188107,30.5,41.5,50.6,10.8,save,0.017,6,0.95
188107,7.3,56.4,46.2,15.2,goal,,59,0.95
188107,14.0,43.6,49.0,10.1,save,0.107,45,0.95
188107,18.0,37.4,51.3,19.0,save,0.024,17,0.95
188107,24.6,42.5,50.6,23.4,save,0.036,61,0.95
188107,25.1,46.3,50.1,19.0,save,0.018,25,0.95
188107,19.1,49.2,52.6,2.5,goal,0.15,5,0.95
188107,14.1,32.5,51.0,3.2,save,0.04,3,0.95
188107,15.0,47.7,54.5,4.4,save,0.439,61,0.95
188107,20.4,68.3,47.9,11.4,save,0.046,86,0.95
188107,7.2,56.3,49.1,32.3,save,0.101,72,0.95
188107,6.4,45.0,49.8,14.6,save,0.024,70,0.95
188107,23.7,46.2,46.3,27.2,save,0.489,48,0.95
188107,9.9,39.4,52.3,6.3,save,0.095,90,0.95
188107,8.2,54.3,49.4,32.9,save,0.124,83,0.95
188107,18.1,29.9,48.6,20.3,save,0.068,73,0.95
188107,14.4,36.4,50.8,4.4,save,0.033,67,0.95
188107,8.3,50.5,49.0,5.1,save,0.535,61,0.95
188107,17.5,43.0,49.4,11.4,save,0.021,55,0.95
188107,29.7,38.7,46.4,24.1,goal,0.342,48,0.95
188107,19.8,49.5,47.7,3.2,save,0.117,47,0.95
188107,7.4,55.4,51.3,17.1,save,0.066,90,0.95
188107,14.2,35.2,50.1,22.2,goal,0.037,75,0.95
188107,8.2,42.3,53.1,5.7,goal,0.401,61,0.95
188107,11.5,63.5,50.0,3.8,save,0.459,43,0.95
188107,15.9,73.2,49.4,28.5,save,0.045,90,0.95
188107,9.8,37.0,50.0,31.6,save,0.05,73,0.95
188107,4.9,34.6,50.9,4.4,save,0.048,38,0.95
188107,9.8,54.8,50.0,20.3,save,0.102,9,0.95
188107,14.4,68.9,54.0,24.1,goal,0.575,73,0.95
188107,15.1,46.0,48.1,4.4,save,0.363,60,0.95
188107,4.5,61.1,49.7,34.2,save,0.06,45,0.95
188107,5.1,68.7,47.0,25.9,save,0.18,41,0.95
188107,11.5,50.0,46.6,12.7,save,0.984,24,0.95
188107,24.7,75.6,50.4,5.1,save,0.023,4,0.95
188107,22.5,38.3,54.0,5.1,save,0.284,82,0.95
188107,7.7,44.8,53.9,16.5,save,0.292,65,0.95
188107,25.4,56.8,48.5,3.2,save,0.057,40,0.95
188107,2.7,56.3,46.1,5.7,goal,0.948,76,0.95
188107,8.4,52.9,47.7,4.4,save,0.176,42,0.95
188107,23.5,27.0,53.0,12.7,save,0.079,42,0.95
188107,19.5,62.9,53.2,27.8,save,0.496,2,0.95
188107,7.6,54.6,46.3,7.0,goal,0.574,90,0.95
188107,11.7,25.2,53.9,1.9,save,0.193,88,0.95
188107,22.8,66.6,49.0,29.7,save,0.068,50,0.95
188107,13.1,64.4,52.9,15.2,goal,0.229,38,0.95
188107,14.0,52.6,47.6,12.7,save,0.117,12,0.95
188107,7.1,48.8,53.8,7.6,goal,0.382,76,0.95
188107,22.8,54.9,53.6,19.0,goal,0.302,45,0.95
188107,12.8,74.2,46.1,3.8,save,0.174,9,0.95
188107,13.3,44.8,46.8,1.9,goal,0.665,89,0.95
188107,6.3,44.1,52.7,3.2,goal,0.811,62,0.95
188107,16.0,57.3,51.5,10.1,save,0.06,54,0.95
188107,10.2,52.3,45.8,13.3,save,0.292,32,0.95
188107,12.2,44.9,53.3,28.5,goal,0.374,16,0.95
188107,12.7,49.4,46.0,13.9,goal,0.364,3,0.95
188107,8.8,66.5,47.0,20.3,save,0.127,90,0.95
188107,6.5,50.4,46.8,4.4,goal,0.934,90,0.95
188107,17.9,39.9,50.4,23.4,save,0.032,74,0.95
188107,12.3,35.3,51.4,10.8,save,0.041,65,0.95
188107,20.7,66.7,49.4,8.9,save,0.019,21,0.95
188107,4.2,51.8,52.6,3.2,goal,0.919,7,0.95
188107,22.6,44.6,48.1,7.6,save,0.099,7,0.95
188107,7.7,48.0,46.4,29.7,goal,0.579,78,0.95
188107,7.0,36.6,48.6,15.2,save,0.083,69,0.95
188107,23.5,50.3,47.4,25.3,save,0.178,37,0.95
188107,10.2,34.2,47.1,6.3,save,0.584,20,0.95
188107,8.3,61.7,48.0,26.6,save,0.111,13,0.95
188107,13.5,33.6,51.2,6.3,save,0.054,90,0.95
188107,13.0,46.2,54.4,22.8,goal,0.839,10,0.95
188107,7.3,52.4,51.3,21.5,save,0.104,68,0.95
188107,13.1,54.1,50.3,25.3,save,0.036,65,0.95
188107,4.2,48.9,51.6,6.3,goal,0.784,45,0.95
188107,15.0,65.6,48.7,5.1,save,0.052,23,0.95
188107,25.8,49.7,49.8,2.5,save,0.022,12,0.95
188107,28.6,24.2,50.0,14.6,save,0.013,90,0.95
188107,14.5,44.7,53.1,3.8,save,0.223,78,0.95
188107,23.8,57.5,49.7,7.6,save,0.017,31,0.95
188107,20.4,62.7,50.0,30.4,save,0.043,17,0.95
188107,29.0,32.5,53.8,1.9,save,0.246,79,0.95
188107,9.3,53.4,47.4,25.9,save,0.223,60,0.95
188107,15.3,56.5,46.4,30.4,save,0.436,45,0.95
188107,9.8,54.8,54.2,16.5,save,0.441,36,0.95
188107,7.4,70.6,54.1,3.8,save,0.645,4,0.95
188107,14.2,34.3,51.2,11.4,save,0.03,45,0.95
188107,12.1,46.6,46.9,5.1,goal,0.257,65,0.95
188107,25.7,45.7,52.8,20.9,save,0.184,63,0.95
188107,5.1,46.4,49.9,2.5,goal,0.694,7,0.95
188107,15.4,52.3,49.4,17.1,save,0.029,89,0.95
188107,12.4,46.8,53.8,29.7,goal,0.455,64,0.95
188107,10.3,48.8,52.0,12.7,save,0.262,48,0.95
188107,57.7,20.8,48.3,22.8,save,0.081,68,0.95
188107,15.2,24.2,52.9,6.3,save,0.087,62,0.95
188107,23.9,53.0,47.4,25.3,goal,0.23,12,0.95
188107,9.8,54.9,54.3,10.8,goal,0.419,45,0.95
188107,21.8,37.7,46.8,5.7,save,0.225,45,0.95
188107,29.3,42.5,51.9,5.1,save,0.069,27,0.95
188107,14.0,44.8,53.4,27.8,save,0.414,80,0.95
188107,11.5,47.8,52.9,10.1,save,0.665,77,0.95
188107,6.1,52.2,47.1,1.9,save,0.871,67,0.95
188107,7.4,50.3,50.3,31.0,goal,0.334,64,0.95
188107,8.7,54.2,53.8,13.3,save,0.592,20,0.95
188107,19.7,53.8,47.4,25.9,save,0.183,5,0.95
188107,9.3,48.4,53.8,1.9,goal,0.872,75,0.95
188107,13.4,60.4,53.3,2.5,save,0.422,45,0.95
188107,22.7,59.3,53.2,2.5,goal,0.251,41,0.95
188107,7.3,36.1,50.4,7.0,save,0.183,39,0.95
188107,11.5,50.0,45.8,8.2,goal,0.993,90,0.95
188107,22.8,62.4,51.6,3.2,save,0.071,73,0.95
188107,36.4,60.2,45.5,7.0,save,0.34,71,0.95
188107,22.5,34.5,53.8,2.5,save,0.271,51,0.95
188107,4.3,35.4,49.0,2.5,goal,0.25,4,0.95
188107,11.5,50.0,54.4,13.9,goal,0.994,70,0.95
188107,21.6,57.5,49.4,24.7,goal,0.04,46,0.95
188107,6.4,38.2,50.5,12.0,save,0.183,35,0.95
188107,7.7,49.9,45.9,23.4,goal,0.638,13,0.95
188107,15.1,39.7,48.6,30.4,save,0.153,65,0.95
188107,2.2,64.8,47.6,3.8,save,0.075,64,0.95
188107,14.8,63.0,49.4,2.5,save,0.039,59,0.95
188107,7.1,47.8,52.3,17.7,save,0.163,90,0.95
188107,10.9,68.5,46.3,12.7,save,0.596,78,0.95
188107,7.5,47.6,52.3,26.6,save,0.81,69,0.95
188107,29.8,45.8,48.2,31.0,save,0.143,49,0.95
188107,28.3,44.3,52.5,7.6,save,0.089,69,0.95
188107,9.3,43.3,46.3,1.9,goal,0.928,57,0.95
188107,14.7,70.2,52.9,2.5,goal,0.266,45,0.95
188107,4.7,53.6,47.8,26.6,save,0.258,43,0.95
188107,3.1,43.1,49.4,15.8,goal,0.615,37,0.95
188107,11.5,50.0,48.4,13.9,goal,0.936,33,0.95
188107,8.1,59.8,48.1,27.2,goal,0.198,26,0.95
188107,3.6,37.5,52.0,4.4,save,0.368,20,0.95
188107,15.7,35.7,52.3,13.9,save,0.06,18,0.95
188107,27.8,23.3,53.0,4.4,save,0.119,50,0.95
188107,11.5,50.0,53.4,24.1,goal,0.993,29,0.95
188107,11.1,46.0,48.7,5.1,save,0.334,90,0.95
188107,9.2,33.8,51.7,15.8,save,0.051,70,0.95
188107,2.1,49.1,51.2,7.6,goal,0.945,62,0.95
369004,15.0,37.5,47.7,3.2,save,0.191,86,0.89
369004,13.5,59.6,47.1,3.2,goal,0.165,81,0.89
369004,28.8,55.4,46.8,7.0,save,0.16,76,0.89
369004,4.2,46.0,51.2,7.6,save,0.739,74,0.89
369004,7.0,68.9,53.0,21.5,goal,0.436,70,0.89
369004,10.8,62.7,50.0,4.4,save,0.025,58,0.89
369004,9.9,34.9,53.6,4.4,save,0.184,56,0.89
369004,13.4,71.4,47.1,28.5,goal,0.184,45,0.89
369004,17.0,28.9,49.7,19.6,save,0.023,45,0.89
369004,6.1,51.8,49.5,3.8,goal,0.69,27,0.89
369004,5.0,34.0,45.7,8.2,goal,0.648,10,0.89
369004,9.6,31.7,53.2,3.8,save,0.144,90,0.89
369004,14.1,23.7,51.0,3.8,save,0.032,59,0.89
369004,13.6,44.2,49.4,15.8,save,0.032,51,0.89
369004,28.7,42.4,54.2,5.7,save,0.288,48,0.89
369004,10.7,35.8,50.0,17.7,save,0.019,90,0.89
369004,8.1,47.6,51.0,5.1,goal,0.362,71,0.89
369004,12.9,65.0,51.3,4.4,save,0.078,34,0.89
369004,23.5,29.3,51.0,22.8,save,0.04,27,0.89
369004,12.4,46.9,51.3,7.0,save,0.055,10,0.89
369004,9.8,39.7,49.1,3.8,save,0.387,50,0.89
369004,24.9,54.8,53.5,17.7,save,0.231,47,0.89
369004,15.6,50.9,47.0,29.7,goal,0.392,44,0.89
369004,13.2,41.8,52.3,3.8,save,0.586,36,0.89
369004,7.1,42.7,47.1,22.8,goal,0.359,4,0.89
369004,25.0,63.4,50.6,15.2,save,0.021,90,0.89
369004,5.1,54.3,48.5,7.0,goal,0.119,59,0.89
369004,8.4,55.3,50.3,29.7,save,0.064,54,0.89
369004,15.4,47.7,48.3,10.8,save,0.055,63,0.89
369004,7.0,53.8,46.0,22.8,goal,0.551,38,0.89
369004,11.5,50.0,53.0,18.4,goal,0.985,9,0.89
369004,14.1,63.0,52.7,1.3,save,0.276,82,0.89
369004,13.1,47.6,52.8,3.2,save,0.25,77,0.89
369004,13.2,68.1,50.0,11.4,save,0.014,47,0.89
369004,10.0,27.5,53.6,7.6,save,0.13,32,0.89
369004,19.8,56.2,53.7,25.3,goal,0.413,76,0.89
369004,8.2,66.0,48.6,13.9,save,0.043,70,0.89
369004,10.8,54.4,52.9,9.5,save,0.214,45,0.89
369004,14.5,31.5,46.3,11.4,save,0.312,40,0.89
369004,6.7,54.4,47.0,14.6,save,0.46,90,0.89
369004,22.8,63.7,47.2,20.9,save,0.131,51,0.89
369004,25.4,65.7,46.6,5.7,save,0.162,22,0.89
369004,14.4,59.3,47.8,16.5,save,0.077,81,0.89
369004,7.1,45.6,52.7,24.1,save,0.22,53,0.89
369004,17.2,48.1,46.8,0.6,goal,0.286,37,0.89
369004,7.3,45.7,53.6,29.1,goal,0.949,32,0.89
369004,9.5,53.9,48.9,8.9,save,0.055,66,0.89
369004,7.6,54.6,52.5,7.6,goal,0.184,42,0.89
369004,9.7,48.9,48.7,10.8,save,0.046,6,0.89
369004,4.1,40.4,52.5,7.6,save,0.441,48,0.89
369004,4.1,45.1,47.7,29.7,goal,0.972,88,0.89
369004,14.7,44.4,52.6,7.0,save,0.12,86,0.89
369004,7.9,36.3,49.9,19.6,save,0.022,62,0.89
369004,18.1,53.6,50.6,13.9,save,0.284,32,0.89
369004,3.2,39.3,52.7,5.1,save,0.105,27,0.89
369004,17.7,48.3,48.2,22.8,save,0.103,24,0.89
369004,10.2,38.7,51.4,22.8,save,0.098,21,0.89
369004,8.0,33.0,53.2,5.7,save,0.358,78,0.89
369004,23.5,31.5,45.7,10.1,save,0.398,76,0.89
369004,24.3,48.3,51.2,33.5,save,0.124,60,0.89
369004,10.2,34.3,51.4,7.6,save,0.44,60,0.89
369004,6.6,70.1,50.3,7.0,save,0.078,48,0.89
369004,31.0,58.1,46.1,25.9,save,0.392,44,0.89
369004,27.2,23.3,50.3,9.5,save,0.016,32,0.89
369004,7.8,43.6,46.8,26.6,save,0.469,79,0.89
369004,4.9,69.2,48.3,4.4,save,0.063,78,0.89
369004,8.8,42.1,45.7,3.8,goal,0.661,63,0.89
369004,3.9,59.9,48.2,27.2,goal,0.496,49,0.89
369004,8.6,46.8,51.7,17.7,goal,0.792,22,0.89
369004,7.9,51.7,53.9,20.3,goal,0.469,90,0.89
369004,14.4,72.1,46.6,2.5,save,0.158,84,0.89
369004,27.0,29.3,53.6,15.8,save,0.15,38,0.89
369004,8.2,66.0,46.1,2.5,save,0.544,2,0.89
369004,12.8,41.5,54.1,2.5,goal,0.337,90,0.89
369004,9.8,49.9,50.9,11.4,save,0.029,90,0.89
369004,2.1,59.6,47.3,6.3,save,0.251,90,0.89
369004,23.4,54.0,46.4,24.7,save,0.341,57,0.89
369004,4.6,52.6,49.8,25.9,save,0.148,18,0.89
369004,11.5,50.0,51.3,0.6,goal,0.958,82,0.89
369004,1.5,44.8,53.2,19.0,goal,0.968,70,0.89
369004,13.2,58.5,52.7,19.6,save,0.193,21,0.89
369004,9.1,49.3,50.3,22.2,save,0.145,12,0.89
369004,13.4,46.7,49.5,31.0,save,0.063,14,0.89
369004,10.0,66.2,47.1,25.9,save,0.413,79,0.89
369004,10.8,59.8,48.8,1.9,save,0.652,61,0.89
369004,15.1,52.2,49.7,15.8,save,0.02,49,0.89
369004,11.4,33.1,53.3,10.8,save,0.123,55,0.89
369004,19.8,45.4,45.8,9.5,goal,0.324,31,0.89
369004,11.5,50.0,50.3,1.3,goal,0.906,59,0.89
369004,13.9,60.5,53.6,5.1,goal,0.426,42,0.89
369004,7.1,49.9,48.7,12.7,goal,0.31,23,0.89
369004,13.0,67.7,51.8,15.8,save,0.082,23,0.89
369004,33.6,61.7,47.1,16.5,save,0.108,53,0.89
369004,20.5,63.4,46.4,4.4,save,0.209,49,0.89
369004,32.5,63.5,53.1,15.8,save,0.165,28,0.89
369004,11.5,50.0,52.0,28.5,goal,0.983,78,0.89
369004,9.1,68.4,46.4,7.0,save,0.138,72,0.89
369004,10.5,55.0,53.6,23.4,goal,0.41,53,0.89
369004,19.0,28.7,50.6,5.1,save,0.025,48,0.89
369004,25.4,26.1,53.9,15.2,save,0.163,23,0.89
369004,7.9,36.0,51.6,5.1,save,0.475,17,0.89
369004,13.3,42.8,47.7,1.9,save,0.189,90,0.89
369004,11.5,50.0,53.6,27.2,goal,0.995,86,0.89
369004,30.1,55.9,52.9,4.4,save,0.162,80,0.89
369004,15.1,54.4,52.0,0.6,save,0.157,3,0.89
369004,4.1,50.3,47.1,24.1,goal,0.985,32,0.89
369004,19.3,66.0,50.0,25.3,save,0.027,32,0.89
369004,18.9,48.2,49.7,7.0,save,0.02,80,0.89
369004,7.7,51.8,50.0,23.4,save,0.074,75,0.89
369004,11.5,50.0,45.9,3.2,goal,0.995,65,0.89
369004,14.9,28.8,46.7,12.7,save,0.314,80,0.89
369004,13.3,58.7,47.6,6.3,save,0.114,73,0.89
369004,9.2,64.2,53.2,31.6,goal,0.742,45,0.89
369004,7.8,67.2,47.5,6.3,save,0.249,38,0.89
369004,4.6,38.3,53.6,18.4,goal,0.461,26,0.89
369004,8.8,42.5,51.1,12.7,save,0.036,23,0.89
369004,4.4,30.5,47.7,10.8,save,0.14,6,0.89
369004,31.5,22.1,49.8,2.5,goal,,35,0.89
369004,8.8,34.2,47.9,1.3,save,0.239,90,0.89
369004,14.4,47.4,45.6,6.3,goal,0.813,90,0.89
369004,26.4,37.3,53.9,31.0,goal,0.409,36,0.89
369004,22.9,63.8,50.9,7.0,save,0.031,90,0.89
369004,11.5,50.0,48.1,3.2,goal,0.968,84,0.89
369004,9.2,50.9,49.0,31.0,save,0.155,47,0.89
369004,9.5,65.0,48.8,10.8,save,0.029,1,0.89
369004,18.2,35.1,51.0,14.6,save,0.026,65,0.89
369004,8.7,43.9,47.1,3.2,save,0.813,59,0.89
369004,19.8,66.0,50.1,7.6,save,0.016,20,0.89
369004,9.1,33.4,50.0,19.0,save,0.021,18,0.89
369004,22.6,52.5,53.4,9.5,save,0.179,90,0.89
369004,2.5,46.6,50.3,3.2,save,0.376,84,0.89
369004,11.3,39.0,52.6,5.1,save,0.127,84,0.89
369004,7.3,49.4,52.8,5.7,goal,0.826,82,0.89
369004,23.9,39.4,50.8,5.7,save,0.031,64,0.89
369004,10.6,32.2,47.7,1.3,save,0.474,61,0.89
369004,10.0,51.2,50.9,3.8,save,0.271,52,0.89
369004,27.6,59.8,46.7,2.5,save,0.202,50,0.89
369004,11.5,50.0,46.8,3.2,goal,0.99,43,0.89
369004,13.5,44.7,49.0,0.6,save,0.066,38,0.89
369004,21.4,79.8,47.0,19.0,save,0.105,9,0.89
369004,17.6,48.9,54.1,17.7,goal,0.369,76,0.89
369004,13.4,40.1,51.7,17.1,save,0.067,57,0.89
369004,12.2,57.8,47.1,3.2,goal,0.802,18,0.89
369004,20.4,66.8,45.6,2.5,save,0.318,28,0.89
369004,8.4,51.7,50.1,22.2,save,0.05,12,0.89
369004,3.1,60.0,49.3,22.2,goal,0.066,7,0.89
369004,11.8,18.8,46.2,18.4,goal,0.5,90,0.89
369004,18.2,46.6,46.1,2.5,goal,0.436,41,0.89
369004,2.5,42.6,53.4,1.9,goal,,15,0.89
845797,11.4,75.8,51.8,0.6,save,0.133,89,0.87
845797,13.3,46.8,48.0,4.4,goal,0.133,67,0.87
845797,18.2,52.1,48.8,5.1,save,0.046,51,0.87
845797,24.6,47.9,54.2,13.9,save,0.262,45,0.87
845797,8.0,54.6,47.6,19.6,save,0.141,19,0.87
845797,4.3,53.4,47.7,27.2,goal,0.788,14,0.87
845797,23.3,56.0,54.2,4.4,save,0.395,3,0.87
845797,24.7,51.7,48.1,30.4,save,0.144,90,0.87
845797,11.0,46.2,46.2,22.2,save,0.408,89,0.87
845797,15.0,46.4,45.8,13.3,goal,0.372,83,0.87
845797,22.3,57.5,46.5,1.9,save,0.241,79,0.87
845797,15.0,54.6,47.3,5.7,save,0.388,76,0.87
845797,22.9,52.3,53.5,12.7,save,0.434,56,0.87
845797,18.2,52.3,49.9,1.3,save,0.03,52,0.87
845797,2.0,45.8,51.8,16.5,goal,0.805,29,0.87
845797,4.5,66.7,52.3,3.8,save,0.234,88,0.87
845797,24.4,28.0,49.4,20.3,save,0.031,79,0.87
845797,18.7,36.2,53.0,3.2,save,0.151,45,0.87
845797,20.7,43.4,45.8,5.1,goal,0.402,30,0.87
845797,5.1,50.2,51.3,8.2,goal,0.783,61,0.87
845797,8.9,42.7,48.1,8.2,goal,0.667,48,0.87
845797,25.7,51.9,51.6,19.6,save,0.06,48,0.87
845797,10.2,43.3,52.4,1.3,goal,0.555,27,0.87
845797,7.1,65.7,49.3,9.5,save,0.025,5,0.87
845797,26.6,37.8,52.9,12.7,save,0.101,90,0.87
845797,12.6,47.1,50.3,18.4,save,0.034,87,0.87
845797,5.2,41.3,49.8,13.9,save,0.04,81,0.87
845797,22.6,49.1,48.1,13.9,save,0.055,74,0.87
845797,14.4,49.1,49.4,12.7,save,0.021,70,0.87
845797,28.0,39.8,50.5,17.1,save,0.02,58,0.87
845797,13.4,62.5,54.0,12.0,save,0.393,36,0.87
845797,27.2,19.7,46.9,22.8,save,0.309,16,0.87
845797,13.8,48.7,53.6,3.8,save,0.362,14,0.87
845797,6.2,27.3,51.4,10.1,save,0.029,12,0.87
845797,13.3,69.9,50.3,5.1,save,0.024,90,0.87
845797,22.0,44.2,47.9,5.1,save,0.112,77,0.87
845797,12.8,40.9,53.2,19.0,goal,0.197,64,0.87
845797,9.8,56.3,51.6,4.4,goal,0.449,28,0.87
845797,13.8,37.4,52.6,0.6,save,0.148,15,0.87
845797,13.4,47.3,49.8,24.7,save,0.033,11,0.87
845797,10.1,50.6,48.1,4.4,goal,0.524,8,0.87
845797,10.9,44.3,51.1,15.8,save,0.035,74,0.87
845797,13.4,51.2,53.2,32.3,goal,0.485,62,0.87
845797,10.2,54.0,52.3,1.9,goal,0.639,9,0.87
845797,14.4,58.7,54.2,4.4,goal,0.523,2,0.87
845797,1.9,43.1,52.5,26.6,goal,0.783,59,0.87
845797,6.8,68.0,46.2,1.3,save,0.19,40,0.87
845797,11.2,29.6,47.6,15.2,save,0.144,39,0.87
845797,8.3,43.7,53.9,13.3,goal,0.253,32,0.87
845797,8.2,46.6,48.1,29.7,goal,0.718,90,0.87
845797,2.5,58.5,49.1,3.8,save,0.113,33,0.87
845797,9.4,52.6,48.2,6.3,goal,0.611,25,0.87
845797,4.3,44.8,52.6,14.6,goal,0.402,86,0.87
845797,12.2,36.8,47.3,2.5,goal,0.337,81,0.87
845797,4.5,52.8,48.4,6.3,save,0.782,35,0.87
845797,15.6,45.0,52.6,8.2,save,0.128,33,0.87
845797,3.2,46.0,53.0,7.0,save,0.979,32,0.87
845797,9.7,44.2,48.4,27.2,save,0.142,28,0.87
845797,18.7,48.5,49.7,23.4,save,0.03,86,0.87
845797,26.4,46.0,48.1,5.7,save,0.076,82,0.87
845797,20.1,27.1,53.9,3.8,save,0.209,76,0.87
845797,21.7,60.9,52.2,9.5,save,0.082,67,0.87
845797,27.4,38.7,49.1,13.3,save,0.022,60,0.87
845797,6.0,34.0,49.4,3.8,save,0.23,24,0.87
845797,12.3,59.9,49.3,30.4,save,0.081,67,0.87
845797,6.4,51.5,53.5,10.1,save,0.38,40,0.87
845797,9.8,68.6,49.0,11.4,save,0.029,34,0.87
845797,27.1,50.8,52.9,3.8,save,0.162,3,0.87
845797,27.8,64.4,53.2,6.3,save,0.243,90,0.87
845797,21.7,24.2,49.0,28.5,save,0.077,90,0.87
845797,4.3,46.4,50.2,22.8,save,0.216,78,0.87
845797,18.4,51.8,46.8,8.9,goal,0.862,75,0.87
845797,4.9,51.3,49.9,30.4,save,0.566,37,0.87
845797,11.7,55.6,46.9,10.8,save,0.118,26,0.87
845797,14.5,69.3,49.6,7.0,save,0.023,11,0.87
845797,8.0,37.9,52.6,7.6,save,0.102,80,0.87
845797,23.2,31.9,46.7,25.3,save,0.363,77,0.87
845797,25.1,50.5,51.8,32.3,save,0.155,62,0.87
845797,13.9,35.8,46.5,0.6,goal,0.473,57,0.87
845797,18.9,70.3,50.0,3.2,save,0.019,50,0.87
845797,26.8,23.1,51.0,8.2,save,0.026,38,0.87
845797,24.3,39.9,52.8,3.8,save,0.133,32,0.87
845797,25.3,35.6,50.0,6.3,save,0.015,23,0.87
845797,8.3,53.0,49.8,13.3,goal,0.301,2,0.87
845797,5.8,54.6,51.2,12.7,save,0.112,90,0.87
845797,9.5,55.5,47.5,8.9,save,0.712,78,0.87
845797,28.5,52.2,54.5,6.3,goal,0.403,73,0.87
845797,25.3,40.5,51.2,2.5,save,0.046,55,0.87
845797,7.8,46.1,53.8,31.0,save,0.525,48,0.87
845797,6.6,47.3,53.7,17.1,save,0.471,45,0.87
845797,1.0,55.3,46.4,3.2,goal,0.964,90,0.87
845797,7.9,51.5,48.7,16.5,save,0.058,90,0.87
845797,7.3,47.1,50.1,10.1,save,0.308,81,0.87
845797,7.9,46.8,46.7,22.8,goal,0.864,67,0.87
845797,7.1,52.6,48.3,27.8,save,0.166,60,0.87
845797,11.5,50.0,49.7,3.8,goal,0.891,57,0.87
845797,4.4,32.4,51.6,31.6,goal,0.288,88,0.87
845797,11.5,50.0,52.0,15.2,goal,0.959,52,0.87
845797,18.7,52.6,51.6,1.9,goal,0.589,10,0.87
845797,8.2,52.6,52.9,3.2,goal,0.644,23,0.87
845797,15.0,51.5,52.2,4.4,goal,0.126,14,0.87
845797,7.0,55.7,52.1,1.9,goal,0.92,83,0.87
845797,11.1,34.7,53.4,26.6,save,0.322,63,0.87
845797,5.4,43.4,46.1,10.8,goal,0.509,60,0.87
845797,19.5,46.1,51.0,20.9,save,0.042,53,0.87
845797,13.6,49.5,51.3,4.4,save,0.07,49,0.87
845797,9.4,60.7,53.2,0.6,save,0.436,48,0.87
845797,11.7,48.7,53.5,5.1,save,0.291,37,0.87
845797,2.6,52.8,47.7,27.2,goal,0.95,33,0.87
845797,7.3,45.2,47.4,4.4,save,0.24,33,0.87
845797,19.2,62.4,48.6,7.0,save,0.047,11,0.87
845797,9.2,52.6,50.9,12.0,save,0.03,8,0.87
845797,27.8,51.2,52.7,16.5,save,0.115,48,0.87
845797,11.5,47.8,46.3,1.9,goal,0.821,27,0.87
845797,19.0,32.1,49.4,8.2,save,0.027,16,0.87
845797,7.2,32.7,52.1,25.9,save,0.11,73,0.87
845797,17.6,31.3,52.0,3.2,save,0.072,56,0.87
845797,3.4,68.2,46.3,3.2,save,0.141,64,0.87
845797,22.1,36.1,52.7,32.9,save,0.305,35,0.87
845797,1.6,50.0,48.6,1.9,goal,0.987,22,0.87
845797,3.6,34.2,51.9,1.9,goal,0.574,17,0.87
845797,2.7,47.1,52.3,4.4,save,0.613,39,0.87
845797,13.9,46.2,52.8,7.0,save,0.143,36,0.87
845797,11.1,55.1,52.0,31.6,goal,0.281,79,0.87
845797,4.0,44.7,49.5,2.5,save,0.578,59,0.87
845797,27.6,60.4,51.7,32.3,save,0.154,41,0.87
845797,6.1,56.1,47.0,27.8,goal,0.325,90,0.87
845797,11.5,50.0,46.1,10.8,goal,0.99,90,0.87
845797,2.1,43.7,52.1,8.9,goal,0.379,62,0.87
845797,5.1,60.0,54.2,10.8,save,0.575,62,0.87
845797,22.9,34.0,52.9,34.8,save,0.284,45,0.87
845797,20.6,72.8,47.1,7.0,save,0.116,29,0.87
845797,10.5,42.4,51.3,12.0,save,0.195,58,0.87
845797,13.6,54.5,54.2,6.3,goal,0.431,45,0.87
845797,19.7,74.6,53.7,22.8,goal,0.452,34,0.87
845797,23.5,70.6,52.0,25.9,save,0.151,22,0.87
845797,7.0,40.6,51.1,12.0,save,0.027,3,0.87
845797,7.0,53.6,46.6,3.8,goal,0.823,85,0.87
845797,2.4,68.4,49.4,4.4,goal,0.028,71,0.87
845797,27.2,63.4,45.8,15.2,save,0.22,58,0.87
845797,13.4,58.3,53.4,3.2,goal,0.347,43,0.87
845797,7.7,35.0,47.6,1.9,goal,0.587,39,0.87
845797,11.7,63.5,52.3,7.6,goal,0.813,37,0.87
845797,24.8,35.7,48.0,28.5,save,0.198,32,0.87
845797,30.1,57.6,54.3,6.3,save,0.38,21,0.87
845797,14.9,41.9,45.7,4.4,goal,0.508,90,0.87
845797,5.3,53.6,45.8,12.7,goal,0.906,23,0.87
845797,7.3,39.2,51.7,5.1,save,0.097,7,0.87
845797,27.1,37.3,50.8,10.1,save,0.02,88,0.87
845797,9.7,57.1,51.9,33.5,save,0.253,73,0.87
845797,9.0,56.7,53.1,3.8,goal,0.887,63,0.87
845797,13.5,28.1,51.3,6.3,save,0.036,24,0.87
845797,6.8,34.6,48.4,3.2,goal,0.559,14,0.87
845797,11.5,37.5,46.8,24.1,goal,0.385,90,0.87
845797,6.5,63.9,53.4,4.4,save,0.53,61,0.87
845797,6.6,27.8,46.8,5.1,save,0.39,54,0.87
845797,6.0,47.0,53.0,3.8,goal,0.849,51,0.87
845797,5.3,32.4,52.4,1.9,save,0.266,44,0.87
845797,20.6,67.5,54.1,12.0,goal,0.333,38,0.87
845797,7.0,53.9,48.7,25.9,save,0.58,21,0.87
845797,12.8,44.3,54.2,31.0,goal,0.547,8,0.87
845797,7.1,53.8,48.9,11.4,goal,0.045,7,0.87
845797,18.6,54.7,45.9,30.4,goal,0.546,86,0.87
845797,11.1,74.9,53.6,4.4,goal,0.579,70,0.87
845797,11.5,50.0,53.3,3.2,goal,0.99,66,0.87
845797,11.5,50.0,49.4,7.6,save,0.89,57,0.87
845797,4.1,70.7,48.1,20.3,save,0.056,90,0.87
845797,16.4,35.5,47.0,19.0,save,0.24,86,0.87
845797,5.0,69.2,53.5,17.7,save,0.455,83,0.87
845797,5.6,47.4,52.3,23.4,goal,0.92,81,0.87
845797,22.3,46.7,54.2,7.0,save,0.303,65,0.87
845797,6.9,46.6,53.9,19.0,goal,0.723,63,0.87
845797,6.9,28.9,49.3,4.4,save,0.042,59,0.87
845797,11.5,47.6,48.4,16.5,save,0.085,45,0.87
845797,6.4,44.9,48.1,1.9,goal,0.847,10,0.87
845797,5.8,54.0,50.4,32.3,save,0.096,68,0.87
845797,1.9,48.0,51.8,15.2,goal,0.967,59,0.87
845797,21.1,25.4,48.1,12.7,save,0.071,26,0.87
845797,5.6,47.0,50.0,19.0,goal,0.229,87,0.87
845797,20.4,70.1,52.9,13.3,save,0.16,77,0.87
845797,14.2,57.9,53.9,4.4,save,0.451,75,0.87
845797,9.1,57.1,51.6,21.5,save,0.099,66,0.87
845797,14.7,29.9,50.1,10.8,save,0.014,43,0.87
845797,15.1,32.6,45.7,7.6,goal,0.506,33,0.87
845797,3.5,47.2,53.7,18.4,goal,0.879,24,0.87
845797,3.1,57.3,53.1,8.2,goal,0.733,90,0.87
845797,23.4,35.5,53.0,1.3,save,0.167,67,0.87
845797,8.8,31.8,52.5,3.2,save,0.128,61,0.87
845797,9.5,46.8,52.1,5.1,goal,0.564,45,0.87
845797,13.0,70.3,49.6,5.7,save,0.025,45,0.87
845797,20.7,65.8,51.7,14.6,save,0.059,45,0.87
845797,11.5,50.0,47.2,20.3,goal,0.984,28,0.87
845797,11.5,50.0,53.2,10.1,goal,0.983,20,0.87
845797,2.6,58.9,47.8,21.5,save,0.418,89,0.87
845797,14.4,57.3,53.0,29.1,goal,0.418,73,0.87
845797,20.0,49.1,53.5,1.9,save,0.278,67,0.87
845797,7.7,50.8,46.8,8.2,goal,0.614,60,0.87
845797,12.1,38.0,50.9,22.8,save,0.049,44,0.87
845797,29.3,48.0,50.0,3.8,save,0.017,24,0.87
845797,6.7,46.8,45.6,4.4,goal,0.976,19,0.87
845797,14.0,50.9,51.3,31.6,save,0.142,10,0.87
845797,12.5,45.8,51.9,6.3,save,0.067,7,0.87
69768,13.2,28.5,53.6,5.1,save,0.154,53,1.0
69768,13.5,57.5,49.9,27.2,save,0.044,33,1.0
69768,11.9,35.8,52.4,9.5,save,0.083,6,1.0
69768,13.8,40.1,53.5,3.8,goal,0.242,88,1.0
69768,10.0,55.4,49.0,31.0,goal,0.402,64,1.0
69768,4.2,46.8,51.6,19.0,goal,0.896,52,1.0
69768,3.0,57.3,48.7,15.8,save,0.642,52,1.0
69768,11.1,52.4,51.9,3.8,save,0.124,49,1.0
69768,9.2,51.7,47.4,14.6,goal,0.229,26,1.0
69768,18.0,65.1,53.9,14.6,save,0.332,61,1.0
69768,10.7,3.5,51.4,34.2,save,0.094,42,1.0
69768,4.8,40.6,48.6,19.0,save,,38,1.0
69768,10.2,39.2,46.0,19.0,save,,21,1.0
69768,10.6,46.0,52.9,17.7,goal,0.726,45,1.0
69768,26.1,20.1,50.3,12.0,save,0.012,90,1.0
69768,3.8,72.2,45.9,5.1,save,0.139,79,1.0
69768,24.4,56.8,54.2,3.2,save,0.427,57,1.0
69768,9.1,40.3,49.8,11.4,save,0.039,37,1.0
69768,26.0,67.9,51.9,15.2,save,0.064,67,1.0
69768,14.8,52.1,50.5,31.0,save,0.104,59,1.0
69768,18.8,55.4,53.7,2.5,save,0.352,75,1.0
69768,16.4,43.6,46.1,1.9,goal,0.42,50,1.0
69768,8.9,38.2,50.0,5.1,save,0.03,90,1.0
69768,26.3,60.7,53.7,7.0,save,0.277,67,1.0
69768,28.2,32.3,54.2,10.8,save,0.19,63,1.0
69768,27.5,37.7,46.1,12.7,save,0.261,10,1.0
69768,1.7,46.4,52.2,0.6,goal,0.978,4,1.0
69768,14.6,35.0,47.1,24.1,goal,0.315,90,1.0
69768,25.8,34.4,52.3,19.0,save,0.093,55,1.0
69768,19.5,33.5,46.5,5.1,goal,0.313,15,1.0
69768,12.8,43.3,46.7,1.9,save,0.362,79,1.0
69768,7.1,31.8,52.9,3.2,save,0.122,77,1.0
69768,25.1,43.1,47.5,27.8,goal,0.208,62,1.0
69768,10.8,51.6,51.5,1.9,save,0.086,51,1.0
69768,8.7,51.4,50.0,8.9,save,0.02,45,1.0
69768,18.4,55.0,52.3,8.9,save,0.091,32,1.0
69768,12.1,46.0,52.9,11.4,goal,0.55,64,1.0
69768,15.0,54.2,53.6,24.1,save,0.345,56,1.0
69768,3.4,51.8,47.7,23.4,goal,0.931,24,1.0
69768,26.4,31.7,52.4,18.4,save,0.095,90,1.0
69768,5.7,49.3,53.7,20.9,goal,0.89,65,1.0
69768,10.9,63.2,53.4,7.6,goal,0.411,47,1.0
69768,8.6,45.2,47.1,1.3,goal,0.818,38,1.0
69768,8.3,33.2,53.8,1.3,save,0.614,38,1.0
69768,19.8,50.3,47.3,17.7,save,0.156,59,1.0
69768,12.7,38.0,46.2,17.7,save,0.849,37,1.0
69768,4.9,53.3,48.9,13.9,save,0.469,23,1.0
69768,2.3,56.0,46.4,34.2,goal,0.687,15,1.0
69768,25.3,63.0,52.9,3.2,save,0.209,15,1.0
69768,16.0,63.4,52.9,7.0,save,0.217,6,1.0
69768,8.2,68.7,52.0,2.5,save,0.168,90,1.0
69768,6.7,45.4,51.7,5.1,save,0.836,73,1.0
69768,14.5,52.3,47.1,6.3,save,0.169,90,1.0
69768,10.2,64.0,46.9,30.4,goal,0.282,64,1.0
69768,25.4,54.7,46.8,11.4,goal,0.126,27,1.0
69768,26.4,45.7,51.9,5.1,save,0.072,21,1.0
69768,25.9,39.9,47.7,2.5,save,0.125,74,1.0
69768,2.0,58.2,47.3,5.1,save,0.262,74,1.0
69768,24.1,64.3,46.0,1.3,save,0.297,68,1.0
69768,28.2,41.2,46.2,7.6,save,0.27,49,1.0
69768,18.1,61.5,48.4,27.2,save,0.096,59,1.0
69768,15.2,38.3,46.8,7.6,goal,0.279,43,1.0
69768,9.9,65.0,49.8,12.7,save,0.127,66,1.0
69768,21.6,45.6,50.7,16.5,save,0.025,54,1.0
69768,3.6,50.5,51.4,19.6,goal,0.973,20,1.0
69768,17.8,62.6,51.9,0.6,save,0.128,3,1.0
69768,26.7,63.0,49.9,20.9,save,0.02,90,1.0
69768,28.7,50.9,48.1,16.5,save,0.063,90,1.0
69768,11.5,50.0,54.0,5.7,goal,0.993,90,1.0
69768,12.9,56.6,47.4,18.4,goal,0.149,87,1.0
69768,7.5,56.4,51.3,25.9,save,0.305,80,1.0
69768,8.5,29.5,46.9,1.9,save,0.405,78,1.0
69768,25.9,36.3,51.1,17.1,save,0.031,62,1.0
69768,10.5,57.5,53.0,27.8,goal,0.37,53,1.0
69768,8.6,48.4,52.3,34.2,save,0.299,3,1.0
69768,9.4,31.7,53.6,3.2,save,0.182,63,1.0
69768,13.4,53.9,50.3,15.2,save,0.018,7,1.0
69768,11.7,41.5,46.4,33.5,goal,0.621,90,1.0
69768,8.0,79.5,50.8,17.1,save,0.034,78,1.0
69768,9.9,73.1,47.5,14.6,save,0.08,73,1.0
69768,14.6,34.1,47.5,7.0,save,0.152,62,1.0
69768,2.1,55.0,46.0,16.5,goal,0.871,39,1.0
69768,13.8,37.8,50.8,31.6,save,0.097,38,1.0
69768,10.8,53.7,48.1,13.9,goal,0.316,27,1.0
69768,13.1,46.7,49.4,6.3,save,0.14,26,1.0
69768,18.3,45.7,45.6,20.3,goal,0.473,2,1.0
69768,5.5,45.1,50.6,3.2,save,0.519,44,1.0
69768,9.3,31.8,51.0,26.6,goal,0.272,28,1.0
69768,6.9,74.0,47.7,25.3,save,0.098,79,1.0
69768,7.2,70.8,51.5,5.1,save,0.092,73,1.0
69768,1.6,53.6,46.7,10.8,goal,0.983,62,1.0
69768,21.9,54.3,47.7,13.3,save,0.066,62,1.0
69768,11.1,45.8,47.8,17.7,save,0.299,53,1.0
69768,14.3,50.3,50.5,29.1,save,0.054,31,1.0
69768,10.8,62.2,52.9,8.2,save,0.268,68,1.0
69768,10.9,71.4,53.9,28.5,goal,0.673,64,1.0
69768,3.9,47.4,54.2,13.3,goal,0.892,51,1.0
69768,9.5,32.3,47.7,19.6,save,0.729,22,1.0
69768,14.2,45.8,50.1,18.4,save,0.023,19,1.0
69768,18.9,47.0,51.0,24.7,save,0.058,9,1.0
69768,10.1,58.2,45.9,0.6,save,0.46,5,1.0
69768,7.4,67.6,46.1,3.2,save,0.208,89,1.0
69768,13.2,66.2,48.4,12.7,save,0.038,49,1.0
69768,28.1,35.1,52.5,3.2,save,0.105,29,1.0
69768,9.4,36.9,52.9,19.6,save,0.422,28,1.0
69768,12.4,46.0,46.4,10.1,goal,0.273,20,1.0
69768,14.5,34.5,49.1,13.3,save,0.028,20,1.0
69768,11.9,64.3,49.7,1.9,save,0.035,17,1.0
69768,20.1,70.1,53.5,5.7,save,0.311,80,1.0
69768,23.2,75.6,51.0,14.6,save,0.029,83,1.0
69768,18.5,52.8,53.2,7.6,goal,0.752,73,1.0
69768,8.7,38.2,51.8,12.7,save,0.039,66,1.0
69768,26.8,62.5,52.8,13.3,save,0.118,57,1.0
69768,11.4,60.6,46.1,1.3,save,0.696,72,1.0
69768,22.0,50.7,48.8,25.9,save,0.067,69,1.0
69768,11.4,64.0,46.4,8.2,save,0.175,3,1.0
69768,18.9,51.4,53.0,9.5,goal,0.188,90,1.0
69768,12.2,54.4,47.4,12.7,save,0.091,38,1.0
69768,7.5,71.7,47.1,24.7,save,0.131,78,1.0
69768,27.7,63.8,52.9,9.5,save,0.143,40,1.0
69768,18.9,36.6,53.7,3.8,goal,0.222,35,1.0
69768,8.1,56.2,49.4,5.1,save,0.035,31,1.0
69768,30.5,40.0,51.4,16.5,save,0.038,11,1.0
69768,1.4,57.2,48.4,1.9,save,0.548,66,1.0
69768,7.8,57.6,48.7,30.4,save,0.114,13,1.0
69768,19.2,76.7,51.0,20.9,save,0.045,88,1.0
69768,9.3,41.2,51.3,30.4,save,0.102,57,1.0
69768,14.4,42.3,50.5,10.1,goal,0.02,27,1.0
69768,4.0,43.9,52.4,17.7,goal,0.69,12,1.0
69768,14.1,34.0,47.7,3.8,save,0.153,57,1.0
69768,25.4,71.3,46.8,12.0,save,0.088,55,1.0
69768,21.8,69.9,51.7,10.8,save,0.054,45,1.0
69768,10.4,40.6,49.5,1.3,save,0.483,90,1.0
69768,19.4,60.6,46.3,19.0,goal,0.222,54,1.0
69768,8.3,57.5,50.0,15.2,goal,0.14,34,1.0
69768,2.6,53.6,47.2,2.5,save,0.954,24,1.0
69768,22.8,71.7,47.2,2.5,save,0.143,24,1.0
69768,10.0,27.4,51.3,13.3,save,0.025,22,1.0
69768,23.4,38.4,51.0,2.5,save,0.041,14,1.0
69768,3.0,42.9,52.1,25.3,goal,0.25,5,1.0
69768,20.8,48.5,52.4,2.5,save,0.13,90,1.0
69768,14.4,64.9,48.4,6.3,save,0.05,74,1.0
69768,6.7,52.0,50.0,22.8,goal,0.448,62,1.0
69768,8.0,48.5,50.8,24.7,save,0.434,47,1.0
294377,11.7,48.5,50.0,19.0,save,0.025,71,0.84
294377,21.3,37.6,53.2,10.8,goal,0.112,65,0.84
294377,16.0,59.3,49.2,19.6,save,0.035,65,0.84
294377,7.4,65.4,49.4,12.0,save,0.017,11,0.84
294377,6.2,52.2,46.9,1.3,goal,0.915,55,0.84
294377,9.6,43.3,51.3,3.2,save,0.077,33,0.84
294377,11.3,33.4,47.7,14.6,save,0.15,87,0.84
294377,5.4,66.6,50.4,0.6,goal,0.234,57,0.84
294377,20.5,32.2,49.0,30.4,save,0.083,51,0.84
294377,13.0,44.8,54.2,31.0,goal,0.559,90,0.84
294377,7.7,44.5,52.0,14.6,save,0.488,90,0.84
294377,14.3,45.0,53.4,4.4,goal,0.746,48,0.84
294377,5.4,66.2,47.6,28.5,goal,0.146,29,0.84
294377,3.5,54.0,47.9,25.3,goal,0.934,45,0.84
294377,10.6,47.6,48.4,5.1,goal,0.098,41,0.84
294377,26.5,66.2,48.7,11.4,save,0.026,32,0.84
294377,18.2,45.0,54.0,12.7,save,0.221,10,0.84
294377,7.9,47.3,49.2,20.9,save,0.23,90,0.84
294377,4.4,43.3,53.4,5.7,goal,0.886,90,0.84
294377,3.9,42.4,52.1,18.4,save,0.283,90,0.84
294377,8.9,70.6,54.3,30.4,goal,0.796,58,0.84
294377,10.7,68.3,49.2,3.2,save,0.038,35,0.84
294377,10.5,25.8,53.8,10.1,save,0.108,9,0.84
294377,30.3,38.6,51.7,22.8,save,0.072,90,0.84
294377,21.5,72.3,47.2,26.6,save,0.173,88,0.84
294377,21.9,62.2,52.8,8.9,save,0.141,82,0.84
294377,12.9,15.6,46.1,27.8,save,0.693,65,0.84
294377,5.7,62.4,51.9,1.3,save,0.626,53,0.84
294377,24.9,36.3,53.4,6.3,save,0.161,77,0.84
294377,10.3,37.3,49.8,3.2,save,0.028,21,0.84
294377,15.2,67.0,54.1,1.3,goal,0.555,18,0.84
294377,23.4,47.2,48.4,33.5,goal,0.155,84,0.84
294377,18.9,36.8,45.4,8.2,goal,0.501,80,0.84
294377,19.4,48.1,50.0,6.3,save,0.017,57,0.84
294377,31.9,43.1,48.6,15.8,save,0.046,50,0.84
294377,25.1,31.5,50.9,32.3,save,0.07,37,0.84
294377,17.8,6.6,51.9,11.4,save,0.032,21,0.84
294377,11.1,43.6,49.2,2.5,save,0.265,71,0.84
294377,10.6,73.3,53.4,4.4,save,0.467,64,0.84
294377,20.1,68.1,49.9,1.9,save,0.022,51,0.84
294377,5.7,59.5,45.9,19.0,save,0.252,12,0.84
294377,9.2,66.6,53.1,0.6,save,0.829,90,0.84
294377,13.8,44.1,46.6,2.5,goal,0.729,86,0.84
294377,12.6,67.0,47.2,1.9,save,0.129,79,0.84
294377,7.6,51.1,53.0,24.1,save,0.366,64,0.84
294377,7.7,63.8,52.8,0.6,goal,0.824,13,0.84
294377,9.0,52.2,50.0,28.5,save,0.045,6,0.84
294377,21.9,64.0,51.9,8.2,save,0.075,88,0.84
294377,8.5,63.1,46.8,17.1,save,0.133,87,0.84
294377,9.8,37.1,49.5,16.5,save,0.3,75,0.84
294377,4.6,35.8,49.6,3.2,goal,0.188,64,0.84
294377,14.1,52.0,46.8,4.4,goal,0.847,61,0.84
294377,8.6,54.2,53.9,23.4,goal,0.666,18,0.84
294377,15.7,32.3,47.8,19.0,save,0.129,15,0.84
294377,13.0,55.0,49.7,4.4,save,0.292,8,0.84
294377,12.0,57.9,52.9,2.5,goal,0.808,4,0.84
294377,7.1,56.4,50.6,3.2,save,0.295,68,0.84
294377,26.3,37.8,52.0,11.4,save,0.056,46,0.84
294377,12.0,64.6,45.6,7.6,save,0.243,38,0.84
294377,7.6,49.9,49.7,27.2,save,0.089,5,0.84
294377,30.7,68.3,49.4,6.3,save,0.022,61,0.84
294377,4.5,52.8,49.4,21.5,save,0.368,58,0.84
294377,14.1,52.8,54.1,6.3,goal,0.74,52,0.84
294377,11.4,45.6,53.7,4.4,save,0.932,72,0.84
294377,4.5,38.0,48.5,27.8,goal,0.163,68,0.84
294377,4.8,53.2,46.6,32.9,goal,0.967,64,0.84
294377,23.5,69.5,48.1,7.6,save,0.049,62,0.84
294377,10.7,63.8,45.6,5.1,save,0.28,57,0.84
294377,31.3,73.6,53.5,5.1,save,0.284,50,0.84
294377,9.1,61.3,47.1,6.3,save,0.447,43,0.84
294377,18.3,49.1,48.8,4.4,save,0.052,90,0.84
294377,23.1,41.9,51.0,15.8,save,0.029,49,0.84
294377,3.2,46.1,51.1,0.6,save,0.923,30,0.84
294377,13.2,36.2,46.1,8.2,goal,0.71,25,0.84
294377,8.6,35.1,48.4,3.8,save,0.614,5,0.84
294377,13.8,46.8,48.6,3.2,save,0.131,71,0.84
294377,3.6,46.0,49.8,14.6,goal,0.378,63,0.84
294377,15.1,51.9,50.1,3.2,save,0.025,47,0.84
294377,1.7,34.7,51.8,3.8,save,0.053,37,0.84
294377,7.6,46.4,53.2,3.2,goal,0.784,90,0.84
294377,4.6,29.7,52.2,4.4,save,0.075,79,0.84
294377,7.0,52.6,50.7,12.0,goal,0.509,25,0.84
294377,14.1,41.1,47.6,1.9,goal,0.265,24,0.84
294377,25.8,60.0,47.6,4.4,save,0.098,15,0.84
294377,22.4,70.4,48.4,24.1,save,0.065,88,0.84
294377,11.1,51.0,52.6,29.1,goal,0.303,62,0.84
294377,16.4,54.4,53.4,3.8,goal,0.305,53,0.84
294377,9.4,47.5,49.1,6.3,save,0.043,50,0.84
294377,3.6,44.6,50.1,12.0,save,0.048,43,0.84
294377,12.0,31.1,50.3,11.4,save,0.018,32,0.84
294377,6.7,68.0,49.4,24.1,save,0.133,15,0.84
294377,8.6,51.2,54.3,12.0,goal,0.39,12,0.84
294377,5.0,54.4,49.2,19.6,save,0.062,89,0.84
294377,4.6,50.7,50.7,0.6,save,0.747,61,0.84
294377,18.8,67.4,46.6,1.9,save,0.189,61,0.84
294377,21.6,58.9,54.0,24.1,goal,0.492,41,0.84
294377,5.8,33.0,48.0,9.5,save,0.12,7,0.84
294377,8.8,45.0,52.7,15.8,save,0.359,90,0.84
294377,29.4,48.7,49.8,3.8,save,0.02,48,0.84
294377,11.4,36.6,51.5,6.3,save,0.051,41,0.84
294377,4.9,40.1,50.8,10.8,goal,0.079,19,0.84
294377,25.3,53.4,51.0,9.5,save,0.028,11,0.84
294377,25.1,50.9,50.1,3.2,save,0.022,73,0.84
294377,9.4,52.6,47.9,4.4,save,0.594,54,0.84
294377,31.2,61.4,45.7,10.8,save,0.253,10,0.84
294377,18.5,36.4,45.8,20.9,goal,0.51,70,0.84
294377,13.7,61.1,52.0,17.7,goal,0.716,80,0.84
294377,9.5,45.2,51.2,3.2,goal,0.796,71,0.84
294377,2.6,48.0,52.3,5.1,goal,0.975,57,0.84
294377,7.4,70.3,50.9,12.0,save,0.034,90,0.84
294377,10.5,63.3,50.2,7.0,save,0.025,84,0.84
294377,11.5,50.0,49.4,16.5,save,0.884,84,0.84
294377,14.7,69.0,51.4,33.5,save,0.184,78,0.84
294377,10.7,57.9,53.1,5.1,goal,0.831,70,0.84
294377,2.3,43.1,53.4,2.5,goal,0.983,65,0.84
294377,7.4,36.5,49.2,12.0,goal,0.339,54,0.84
294377,14.3,42.5,47.4,15.8,save,0.142,50,0.84
294377,10.5,55.3,47.8,27.8,goal,0.216,9,0.84
294377,10.1,73.8,52.3,6.3,save,0.159,38,0.84
294377,8.1,57.9,47.4,10.8,save,0.128,38,0.84
294377,18.9,31.3,52.9,27.2,save,0.181,14,0.84
294377,8.8,29.3,49.4,30.4,goal,0.07,90,0.84
294377,3.4,55.9,47.5,33.5,goal,0.896,45,0.84
294377,14.1,58.3,53.9,18.4,goal,0.474,90,0.84
294377,5.6,54.8,46.8,4.4,goal,0.869,80,0.84
294377,3.8,54.0,46.8,12.0,goal,0.879,71,0.84
294377,2.6,54.2,48.0,5.7,goal,0.923,16,0.84
294377,19.7,29.3,51.7,11.4,save,0.045,75,0.84
294377,22.5,35.7,45.9,19.6,save,0.428,60,0.84
294377,9.3,30.0,52.2,25.9,save,0.113,52,0.84
294377,12.5,54.9,46.2,7.6,save,0.798,90,0.84
294377,3.3,43.5,51.2,0.6,goal,0.865,81,0.84
294377,3.3,38.8,50.6,26.6,goal,0.063,20,0.84
294377,8.1,52.0,48.1,13.3,save,0.834,49,0.84
294377,7.5,40.0,53.8,17.7,save,0.394,38,0.84
294377,19.5,13.2,54.5,15.2,save,0.182,5,0.84
294377,7.1,58.5,49.1,3.2,save,0.304,90,0.84
294377,23.5,40.7,49.8,13.9,save,0.014,86,0.84
294377,2.4,54.2,45.7,4.4,goal,0.686,80,0.84
294377,20.9,30.3,48.6,12.7,save,0.04,71,0.84
294377,11.5,50.0,47.7,0.6,goal,0.981,86,0.84
294377,9.1,55.4,54.6,13.3,goal,0.51,45,0.84
294377,24.6,69.9,47.7,7.6,save,0.064,42,0.84
294377,20.9,65.1,49.2,19.6,save,0.031,26,0.84
294377,5.2,57.9,47.5,28.5,goal,0.224,86,0.84
294377,12.0,52.1,48.1,18.4,save,0.077,80,0.84
294377,9.6,59.4,46.8,7.6,save,0.135,62,0.84
294377,10.8,52.6,53.9,23.4,goal,0.703,51,0.84
294377,8.9,69.6,46.9,10.1,save,0.089,48,0.84
294377,7.5,54.2,52.1,13.3,goal,0.116,36,0.84
294377,4.8,44.9,51.8,3.8,goal,0.827,20,0.84
294377,4.5,51.7,49.7,24.1,goal,0.736,11,0.84
97951,5.0,53.9,50.9,1.3,goal,0.833,89,0.97
97951,9.2,55.7,48.7,18.4,goal,0.604,75,0.97
97951,10.0,53.9,51.4,19.6,goal,0.087,72,0.97
97951,3.1,60.0,47.0,6.3,save,0.635,72,0.97
97951,19.1,49.4,50.4,31.6,save,0.057,59,0.97
97951,28.4,81.7,47.1,27.2,save,0.18,32,0.97
97951,8.5,46.6,52.9,19.0,goal,0.729,3,0.97
97951,4.3,46.8,51.8,4.4,goal,0.934,67,0.97
97951,7.3,29.1,49.4,7.6,save,0.031,90,0.97
97951,9.4,34.6,51.8,25.3,save,0.659,90,0.97
97951,10.1,35.4,45.8,1.9,goal,0.715,74,0.97
97951,9.3,48.8,54.2,16.5,goal,0.384,69,0.97
97951,12.2,25.2,48.1,31.0,save,0.254,69,0.97
97951,6.4,42.8,51.3,7.0,save,0.048,62,0.97
97951,12.5,40.3,47.0,3.2,goal,0.636,18,0.97
97951,23.5,55.8,48.2,5.7,save,0.062,45,0.97
97951,12.9,57.5,52.1,5.7,goal,0.423,30,0.97
97951,3.8,38.7,49.5,12.7,save,0.032,63,0.97
97951,22.3,64.8,45.8,2.5,save,0.298,43,0.97
97951,15.7,62.3,50.4,1.9,save,0.033,40,0.97
97951,5.8,70.8,46.7,5.7,save,0.148,36,0.97
97951,2.0,71.8,46.8,1.9,save,0.1,27,0.97
97951,8.8,47.5,46.6,1.9,goal,0.935,29,0.97
97951,19.5,67.5,52.0,28.5,save,0.182,11,0.97
97951,24.0,37.4,53.2,9.5,save,0.233,90,0.97
97951,12.2,37.3,46.8,19.6,goal,0.675,90,0.97
97951,6.9,49.9,52.3,30.4,save,0.316,50,0.97
97951,9.4,38.0,53.0,20.9,save,0.137,29,0.97
97951,23.9,34.9,52.1,3.8,save,0.078,15,0.97
97951,23.7,56.2,49.4,8.9,save,0.02,45,0.97
97951,13.4,66.9,53.2,10.8,goal,0.784,44,0.97
97951,17.9,56.8,46.0,8.2,save,0.248,30,0.97
97951,9.7,68.1,47.0,22.2,save,0.159,11,0.97
97951,4.8,67.5,46.8,1.9,save,0.143,88,0.97
97951,3.9,45.7,47.4,8.2,goal,0.478,90,0.97
97951,12.2,32.7,52.8,27.8,save,0.178,77,0.97
97951,23.0,49.1,48.2,5.1,save,0.08,54,0.97
97951,6.4,54.5,48.0,17.1,goal,0.73,48,0.97
97951,9.6,44.6,50.7,32.9,save,0.088,28,0.97
97951,22.2,68.5,49.4,5.7,save,0.024,90,0.97
97951,25.6,61.1,45.8,18.4,save,0.335,80,0.97
97951,6.6,58.3,47.1,2.5,save,0.276,59,0.97
97951,12.8,45.1,46.2,8.9,goal,0.867,3,0.97
97951,3.6,64.4,52.4,1.9,goal,0.692,90,0.97
97951,3.9,41.4,51.6,3.2,save,0.453,90,0.97
97951,13.4,49.7,46.8,1.9,goal,0.289,90,0.97
97951,2.3,54.8,46.6,24.1,save,0.956,79,0.97
97951,3.2,51.5,49.7,25.3,save,0.815,79,0.97
97951,14.8,46.0,46.8,1.3,goal,0.366,52,0.97
97951,11.1,34.3,52.9,3.2,save,0.181,51,0.97
97951,8.5,53.6,51.5,12.0,save,0.056,36,0.97
97951,10.9,29.1,51.6,22.8,save,0.062,66,0.97
97951,15.3,44.4,50.6,28.5,save,0.056,45,0.97
97951,24.1,45.8,46.8,7.0,save,0.181,10,0.97
97951,7.7,51.6,45.6,1.3,goal,0.929,90,0.97
97951,8.7,56.1,45.9,22.2,goal,0.41,36,0.97
97951,5.0,66.1,49.4,1.3,save,0.19,24,0.97
97951,5.1,68.7,48.4,7.6,save,0.038,87,0.97
97951,11.3,63.0,53.2,4.4,save,0.916,77,0.97
97951,8.6,36.0,53.2,16.5,goal,0.407,45,0.97
97951,24.0,46.9,48.1,3.8,save,0.082,43,0.97
97951,9.8,53.4,51.0,5.1,save,0.348,39,0.97
97951,17.6,46.6,52.3,2.5,goal,0.315,19,0.97
97951,8.7,43.1,46.3,4.4,goal,0.835,83,0.97
97951,23.5,34.6,46.9,25.9,save,0.315,61,0.97
97951,17.9,46.8,48.7,6.3,save,0.06,44,0.97
97951,20.4,49.8,48.9,2.5,goal,0.05,35,0.97
97951,21.8,49.9,50.9,6.3,save,0.04,22,0.97
97951,10.8,33.4,51.5,15.8,save,0.232,82,0.97
97951,13.6,33.0,45.9,10.1,goal,0.458,68,0.97
97951,5.1,57.5,46.1,5.1,goal,0.759,64,0.97
97951,9.6,69.6,48.7,17.7,goal,,47,0.97
97951,10.7,54.2,46.6,6.3,goal,0.689,23,0.97
97951,20.6,71.9,48.7,15.2,save,0.029,81,0.97
97951,27.6,52.7,46.3,5.7,save,0.241,38,0.97
97951,4.4,53.1,47.2,22.8,goal,0.491,90,0.97
97951,8.2,49.5,49.2,19.0,save,0.501,90,0.97
97951,13.2,44.2,52.6,13.9,save,0.088,70,0.97
97951,24.3,68.1,51.6,2.5,save,0.082,38,0.97
97951,13.1,69.6,52.0,28.5,goal,0.209,61,0.97
97951,25.9,34.0,53.9,11.4,save,0.155,60,0.97
97951,15.2,52.6,51.2,6.3,save,0.056,31,0.97
97951,7.8,54.0,49.9,1.9,save,0.05,90,0.97
97951,12.5,53.3,51.5,23.4,save,0.122,87,0.97
97951,27.7,51.6,52.4,21.5,save,0.123,54,0.97
97951,9.4,41.7,51.4,27.2,save,0.142,39,0.97
97951,13.4,49.5,51.1,3.2,save,0.394,6,0.97
97951,10.0,71.4,52.7,1.9,save,0.279,72,0.97
97951,7.5,47.3,47.9,3.2,goal,0.773,65,0.97
97951,7.9,52.6,47.6,2.5,save,0.744,65,0.97
97951,4.4,32.6,52.0,16.5,save,0.078,45,0.97
97951,10.9,51.6,46.8,21.5,goal,0.834,42,0.97
97951,23.6,59.4,52.9,23.4,save,0.255,38,0.97
97951,6.0,51.5,47.4,10.1,goal,,82,0.97
97951,7.5,46.4,50.1,13.3,save,0.241,76,0.97
97951,10.4,46.6,51.8,24.1,save,0.361,54,0.97
97951,11.2,65.3,47.7,7.0,save,0.075,29,0.97
97951,15.9,36.7,49.0,24.1,save,0.064,15,0.97
97951,9.3,52.8,45.8,18.4,goal,0.37,90,0.97
97951,27.3,34.7,52.2,8.9,save,0.059,63,0.97
97951,22.4,44.6,46.4,8.9,save,0.255,61,0.97
97951,22.6,43.1,45.6,11.4,goal,0.333,50,0.97
97951,22.9,35.1,53.6,3.2,save,0.215,45,0.97
97951,13.0,51.8,50.2,13.3,save,0.016,30,0.97
97951,19.4,27.7,52.7,3.2,save,0.107,54,0.97
97951,13.0,61.0,49.3,2.5,save,0.039,36,0.97
97951,11.5,50.0,45.6,3.2,save,0.996,34,0.97
97951,26.6,62.9,45.4,3.8,save,0.371,12,0.97
97951,32.2,71.7,52.3,15.8,save,0.091,8,0.97
97951,7.9,49.3,46.4,27.2,save,0.526,4,0.97
97951,11.5,50.0,47.4,3.2,goal,0.983,67,0.97
97951,7.5,49.9,47.1,18.4,goal,0.788,41,0.97
97951,7.0,53.9,46.3,5.1,save,0.502,40,0.97
97951,21.9,66.2,51.1,22.2,save,0.061,90,0.97
97951,6.0,42.9,52.9,17.1,save,0.131,86,0.97
97951,11.7,53.2,47.9,3.8,save,0.706,83,0.97
97951,6.0,67.4,51.9,1.9,save,0.186,69,0.97
97951,11.3,60.3,49.7,31.6,save,0.051,20,0.97
97951,11.2,45.0,52.1,3.8,goal,0.131,15,0.97
97951,5.7,45.8,46.0,18.4,save,0.603,45,0.97
97951,25.2,28.3,48.7,12.0,save,0.034,42,0.97
97951,16.3,49.6,51.9,3.2,goal,0.613,59,0.97
97951,4.4,51.0,49.0,3.2,goal,0.708,44,0.97
97951,14.0,26.6,53.3,7.6,save,0.108,37,0.97
97951,11.1,47.6,52.3,10.8,save,0.08,33,0.97
97951,15.8,56.3,47.4,2.5,goal,0.555,86,0.97
97951,8.8,36.0,46.0,1.9,goal,0.702,84,0.97
97951,19.1,60.3,53.7,17.7,goal,0.319,79,0.97
97951,11.7,37.7,53.2,16.5,goal,0.578,73,0.97
97951,3.0,43.1,51.5,3.8,save,0.122,53,0.97
97951,14.3,71.0,49.0,2.5,goal,0.432,36,0.97
97951,26.8,42.5,45.6,16.5,save,0.386,33,0.97
97951,4.2,50.4,48.4,22.8,goal,0.93,16,0.97
97951,6.7,37.3,49.3,20.3,save,0.348,5,0.97
97951,8.2,39.9,47.4,5.7,goal,0.78,2,0.97
97951,11.1,67.2,48.3,2.5,save,0.072,67,0.97
97951,4.8,69.8,47.1,5.7,save,0.09,59,0.97
97951,23.6,40.2,52.3,21.5,goal,0.13,53,0.97
97951,8.3,68.2,53.7,3.2,save,0.545,47,0.97
97951,5.0,55.5,45.4,3.2,save,0.602,41,0.97
97951,13.5,27.9,51.9,0.6,save,0.1,38,0.97
97951,13.9,32.8,53.9,15.8,save,0.188,79,0.97
97951,5.4,71.3,48.9,29.1,save,0.065,59,0.97
97951,24.0,68.4,49.5,8.2,save,0.02,58,0.97
97951,16.4,53.4,51.5,3.8,save,0.07,39,0.97
97951,8.6,38.7,50.9,18.4,save,0.3,34,0.97
97951,8.4,67.1,46.7,5.7,save,0.14,90,0.97
97951,15.1,45.5,49.4,3.8,save,0.04,90,0.97
97951,13.2,48.5,50.6,12.7,save,0.024,52,0.97
97951,31.5,45.6,51.6,5.7,save,0.051,43,0.97
97951,8.7,34.2,52.6,3.8,save,0.101,34,0.97
97951,17.8,32.2,48.1,4.4,save,0.117,21,0.97
97951,3.4,33.2,51.7,1.9,save,0.078,18,0.97
40244,7.4,20.3,53.9,4.4,save,0.129,59,1.0
40244,13.3,71.1,53.9,2.5,save,0.541,57,1.0
40244,9.4,45.0,53.6,7.6,goal,0.516,38,1.0
40244,18.9,45.8,47.2,15.8,save,0.797,16,1.0
40244,12.0,66.6,46.1,7.0,save,0.251,18,1.0
40244,11.1,44.3,47.4,1.3,goal,0.785,6,1.0
40244,3.5,51.6,52.0,5.7,goal,0.929,4,1.0
40244,13.6,56.4,51.0,1.3,save,0.069,1,1.0
40244,25.7,39.9,48.4,22.8,save,0.085,71,1.0
40244,14.2,32.9,48.7,5.7,save,0.069,65,1.0
40244,3.5,45.8,52.2,5.1,goal,0.569,61,1.0
40244,21.9,70.7,53.1,7.0,save,0.221,48,1.0
40244,22.3,71.4,50.9,15.8,save,0.034,42,1.0
40244,9.8,65.8,50.0,15.2,save,0.071,42,1.0
40244,11.3,38.5,53.9,3.8,goal,0.638,88,1.0
40244,2.1,48.5,52.8,8.2,goal,0.99,63,1.0
40244,23.5,51.0,54.0,6.3,goal,0.296,51,1.0
40244,23.8,46.6,49.8,13.9,save,0.014,49,1.0
40244,8.5,43.6,52.4,24.1,goal,0.365,47,1.0
40244,7.9,68.9,45.6,2.5,save,0.298,47,1.0
40244,23.9,40.5,48.1,13.3,save,0.058,33,1.0
40244,18.7,46.2,52.9,5.1,save,0.165,14,1.0
40244,10.1,86.4,48.3,1.3,goal,0.05,89,1.0
40244,9.5,45.8,52.6,10.8,goal,0.301,78,1.0
40244,9.9,48.7,49.9,20.9,save,0.026,62,1.0
40244,6.2,35.6,51.9,6.3,save,0.344,60,1.0
40244,9.8,38.1,53.5,1.9,goal,0.31,39,1.0
40244,9.9,62.0,48.2,13.9,save,0.05,25,1.0
40244,18.8,39.4,47.4,1.9,save,0.19,9,1.0
40244,24.7,59.7,51.4,32.9,save,0.124,79,1.0
40244,7.0,38.7,49.4,5.7,goal,0.261,64,1.0
40244,2.2,39.5,51.6,16.5,save,0.05,64,1.0
40244,15.8,29.1,53.9,4.4,save,0.228,55,1.0
40244,7.3,30.4,53.5,6.3,save,0.129,52,1.0
40244,18.5,57.6,47.1,21.5,save,0.188,50,1.0
40244,6.5,56.5,53.9,13.9,goal,0.95,45,1.0
40244,20.8,50.2,53.9,28.5,goal,0.634,34,1.0
40244,8.1,61.8,48.4,12.0,save,0.297,33,1.0
40244,7.0,61.3,50.8,11.4,save,0.034,6,1.0
40244,8.0,38.0,53.6,5.7,save,0.198,4,1.0
40244,14.3,46.9,51.7,24.1,save,0.112,3,1.0
40244,21.3,64.6,50.5,7.0,save,0.024,87,1.0
40244,8.3,53.4,46.4,20.3,goal,0.905,64,1.0
40244,8.0,47.0,53.9,23.4,goal,0.78,50,1.0
40244,9.4,37.1,49.3,3.8,save,0.379,47,1.0
40244,15.4,52.8,45.8,2.5,goal,0.466,32,1.0
40244,12.5,54.6,51.1,5.7,save,0.058,20,1.0
40244,11.7,62.9,51.3,4.4,save,0.071,3,1.0
40244,13.3,56.6,48.5,3.2,save,0.457,80,1.0
40244,10.1,32.5,48.2,5.7,goal,0.101,68,1.0
40244,14.2,59.9,48.2,12.7,save,0.048,68,1.0
40244,8.9,45.4,52.9,17.1,save,0.802,63,1.0
40244,8.8,36.0,48.8,11.4,save,0.327,49,1.0
40244,9.0,43.3,52.9,20.3,goal,0.787,45,1.0
40244,9.8,54.6,48.8,10.1,save,0.051,24,1.0
40244,9.4,51.9,52.0,5.7,goal,0.738,16,1.0
40244,9.2,60.1,47.0,9.5,save,0.126,12,1.0
40244,24.6,52.3,51.7,26.6,save,0.11,11,1.0
40244,11.1,28.0,51.4,2.5,save,0.05,10,1.0
40244,3.0,49.7,50.9,18.4,goal,0.932,90,1.0
40244,9.0,47.3,52.1,26.6,goal,0.233,88,1.0
40244,3.3,39.2,49.4,12.0,save,0.035,76,1.0
40244,8.6,42.8,51.9,12.7,save,0.074,76,1.0
40244,24.0,38.0,47.5,5.7,save,0.132,70,1.0
40244,24.0,30.9,53.1,3.8,save,0.137,58,1.0
40244,9.0,67.6,46.2,17.7,save,0.166,54,1.0
40244,12.3,44.6,48.7,4.4,save,0.06,52,1.0
40244,8.3,67.8,47.5,1.9,save,0.109,44,1.0
40244,21.9,18.9,47.4,25.3,save,0.246,42,1.0
40244,19.0,45.4,52.2,5.7,save,0.103,11,1.0
40244,27.1,52.7,46.1,12.0,goal,0.244,79,1.0
40244,12.0,43.8,49.4,7.0,save,0.488,89,1.0
40244,8.9,45.5,52.9,3.8,goal,0.91,84,1.0
40244,11.2,51.3,50.2,13.3,save,0.053,45,1.0
40244,3.6,35.2,53.8,5.7,save,0.154,69,1.0
40244,14.6,55.7,48.0,3.2,save,0.104,56,1.0
40244,2.4,52.0,48.8,27.8,goal,0.919,25,1.0
40244,3.8,49.8,48.8,31.6,goal,0.83,21,1.0
40244,14.0,38.3,46.9,2.5,save,0.614,20,1.0
40244,25.6,30.9,49.7,23.4,save,0.035,9,1.0
40244,11.9,65.8,47.3,13.3,save,0.072,7,1.0
40244,15.5,50.9,51.6,15.2,save,0.049,90,1.0
40244,7.3,56.7,50.3,1.9,goal,0.068,90,1.0
40244,20.0,37.2,47.5,10.1,save,0.118,82,1.0
40244,9.9,45.8,49.7,8.2,save,0.03,81,1.0
40244,14.4,46.6,51.3,20.3,save,0.05,63,1.0
40244,7.1,46.0,51.6,7.0,save,0.08,25,1.0
40244,29.9,40.3,50.1,22.2,save,0.026,14,1.0
40244,20.0,62.8,47.4,1.9,save,0.128,83,1.0
40244,22.8,62.0,46.2,4.4,save,0.266,50,1.0
40244,10.8,57.9,46.2,4.4,goal,0.888,29,1.0
40244,7.6,51.1,46.4,14.6,save,0.283,90,1.0
40244,24.1,31.5,53.3,5.7,save,0.15,90,1.0
40244,11.5,50.0,46.8,28.5,goal,0.993,70,1.0
40244,13.5,66.4,53.6,1.3,goal,0.496,58,1.0
40244,11.6,43.8,49.0,3.8,save,0.082,31,1.0
40244,10.0,69.6,47.1,6.3,save,0.133,26,1.0
40244,15.7,42.8,45.9,6.3,save,0.421,23,1.0
40244,4.9,66.9,50.6,23.4,save,0.067,88,1.0
40244,3.5,54.8,47.7,16.5,goal,0.474,74,1.0
40244,2.9,66.9,47.9,29.7,save,0.118,74,1.0
40244,14.2,58.5,47.4,19.0,save,0.136,73,1.0
40244,9.4,57.9,52.3,22.2,goal,0.597,71,1.0
40244,7.3,55.8,53.1,7.6,save,0.274,37,1.0
40244,12.0,30.3,48.0,20.3,save,0.14,36,1.0
40244,2.3,51.5,47.9,12.7,goal,0.961,34,1.0
40244,13.8,45.4,48.4,9.5,save,0.097,30,1.0
40244,13.0,57.5,49.7,19.0,save,0.029,17,1.0
40244,9.8,68.0,46.2,4.4,goal,0.194,85,1.0
40244,14.4,53.4,45.8,1.9,goal,0.467,57,1.0
40244,10.8,44.5,46.4,14.6,goal,0.759,23,1.0
40244,14.3,47.6,46.9,26.6,goal,0.833,90,1.0
40244,8.4,45.5,47.7,31.6,save,0.312,78,1.0
40244,7.0,47.0,52.3,1.3,goal,0.895,70,1.0
40244,11.6,34.8,51.7,17.1,save,0.043,61,1.0
40244,24.8,30.7,49.4,13.3,save,0.017,60,1.0
40244,4.8,62.4,47.0,11.4,save,0.323,60,1.0
40244,25.9,64.8,53.0,5.7,save,0.199,55,1.0
40244,21.2,54.4,47.6,16.5,save,0.106,45,1.0
40244,27.9,46.4,51.4,1.9,save,0.06,38,1.0
40244,2.2,38.2,51.3,2.5,save,0.242,37,1.0
40244,5.1,67.6,53.9,8.9,goal,0.54,18,1.0
40244,3.6,54.9,51.5,28.5,goal,0.958,85,1.0
40244,8.9,54.4,47.6,15.2,save,0.308,85,1.0
40244,8.5,47.2,48.4,20.3,save,0.099,80,1.0
40244,10.2,60.5,53.5,5.7,goal,0.4,55,1.0
40244,8.2,40.7,47.2,1.3,save,0.921,40,1.0
40244,4.3,50.1,53.4,25.9,goal,0.987,37,1.0
40244,9.1,60.7,46.1,7.0,save,0.286,35,1.0
40244,29.1,60.7,52.3,1.9,save,0.163,26,1.0
40244,22.2,37.6,46.3,24.1,save,0.417,21,1.0
40244,19.3,34.7,48.7,29.1,save,0.176,80,1.0
40244,11.5,50.0,46.3,1.3,save,0.994,68,1.0
40244,12.8,40.0,46.2,18.4,save,0.442,61,1.0
40244,9.1,46.4,49.0,3.2,save,0.504,41,1.0
40244,8.8,34.0,46.5,0.6,goal,0.858,39,1.0
40244,25.5,40.4,45.9,2.5,save,0.427,90,1.0
40244,6.7,51.5,47.7,2.5,goal,0.818,80,1.0
40244,11.5,50.0,47.2,1.9,goal,0.986,58,1.0
40244,28.2,53.2,46.5,22.2,save,0.254,90,1.0
40244,13.8,51.0,46.8,33.5,goal,0.454,90,1.0
40244,29.0,51.5,49.9,27.8,save,0.032,90,1.0
40244,6.4,49.4,50.6,13.9,save,0.622,82,1.0
40244,9.7,76.2,48.6,13.3,save,0.027,50,1.0
40244,22.5,42.3,48.1,10.1,save,0.059,90,1.0
40244,22.9,67.2,49.7,28.5,save,0.035,90,1.0
40244,7.3,70.7,50.4,13.3,save,0.021,90,1.0
40244,8.7,65.8,48.7,13.3,save,0.036,79,1.0
40244,3.4,51.5,50.3,12.7,goal,0.789,73,1.0
40244,9.4,42.5,46.7,2.5,goal,0.902,61,1.0
40244,12.8,45.4,46.4,6.3,save,0.296,40,1.0
40244,11.5,50.0,53.8,2.5,save,0.994,30,1.0
40244,15.8,31.6,47.4,2.5,save,0.21,27,1.0
40244,12.8,52.6,48.8,15.2,save,0.395,6,1.0
40244,15.9,43.5,53.4,23.4,goal,0.297,70,1.0
40244,26.6,35.2,48.1,6.3,save,0.081,67,1.0
40244,14.7,38.5,53.8,26.6,goal,0.322,45,1.0
40244,19.0,47.6,53.5,2.5,save,0.273,10,1.0
40244,7.0,43.3,47.6,1.3,goal,0.864,9,1.0
40244,11.6,33.2,51.9,8.9,save,0.069,90,1.0
40244,6.7,32.3,52.9,13.9,save,0.076,90,1.0
40244,9.4,37.4,50.1,24.1,save,0.028,89,1.0
40244,9.4,42.1,51.6,27.8,save,0.144,81,1.0
40244,16.4,30.7,46.0,21.5,goal,0.522,53,1.0
40244,8.6,51.3,50.1,18.4,save,0.073,46,1.0
40244,4.7,69.6,46.1,21.5,save,0.175,86,1.0
40244,9.3,57.4,52.9,18.4,save,0.231,70,1.0
40244,18.7,51.4,52.5,6.3,save,0.148,62,1.0
40244,11.6,63.3,46.8,1.9,save,0.196,61,1.0
40244,22.1,68.9,47.5,12.0,save,0.076,13,1.0
40244,13.6,51.3,46.2,2.5,save,0.767,82,1.0
40244,10.3,36.7,49.8,14.6,save,0.02,15,1.0
40244,14.7,59.4,52.2,29.1,goal,0.283,90,1.0
40244,25.8,38.6,50.4,13.3,save,0.018,77,1.0
40244,13.6,47.4,46.1,20.9,goal,0.904,17,1.0
40244,4.2,58.9,46.8,23.4,goal,0.852,45,1.0
40244,1.7,45.8,51.6,2.5,goal,0.968,23,1.0
40244,7.0,53.8,48.5,16.5,save,0.066,19,1.0
40244,10.4,54.0,47.6,1.3,goal,0.796,11,1.0
40244,15.2,52.2,52.3,15.2,save,0.118,2,1.0
40244,7.3,56.5,50.0,15.2,save,0.019,90,1.0
40244,8.8,51.7,50.0,5.1,save,0.037,73,1.0
40244,4.3,52.5,53.8,17.1,goal,0.728,58,1.0
40244,14.5,72.4,47.1,33.5,save,0.237,58,1.0
40244,24.1,30.3,49.5,17.7,save,0.024,42,1.0
40244,7.4,79.9,54.4,24.1,goal,0.839,26,1.0
40244,13.1,50.2,50.2,19.0,save,0.03,17,1.0
40244,11.5,50.0,47.2,10.1,save,0.976,16,1.0
40244,4.8,64.1,49.7,4.4,save,0.182,90,1.0
40244,8.0,42.3,53.1,29.7,save,0.287,90,1.0
40244,22.1,64.1,51.5,32.3,save,0.134,83,1.0
40244,19.4,70.9,49.1,29.7,save,0.062,53,1.0
40244,12.0,38.8,54.1,7.0,goal,0.722,36,1.0
40244,18.8,69.5,52.0,32.3,save,0.234,6,1.0
40244,8.3,64.1,49.0,17.1,save,0.032,2,1.0
40244,7.0,54.5,46.4,16.5,save,0.369,90,1.0
40244,23.8,36.4,51.3,29.1,save,0.084,90,1.0
40244,27.5,68.5,47.3,8.9,save,0.084,78,1.0
40244,5.6,70.9,49.7,3.8,goal,0.024,61,1.0
40244,23.3,62.3,48.7,11.4,save,0.028,13,1.0
40244,7.3,69.0,52.4,2.5,save,0.284,3,1.0
40244,13.0,43.7,47.7,5.7,save,0.664,90,1.0
40244,13.7,47.0,50.1,3.8,save,0.029,62,1.0
40244,7.8,52.4,50.0,19.0,goal,0.362,45,1.0
40244,7.1,64.1,47.4,9.5,save,0.314,45,1.0
40244,18.8,72.3,47.1,5.7,save,0.108,45,1.0
40244,7.7,45.8,45.8,7.0,goal,,39,1.0
40244,9.6,44.2,54.2,13.3,save,0.256,7,1.0
40244,19.4,65.5,46.4,11.4,save,0.135,6,1.0
190161,11.5,50.0,52.6,27.2,goal,0.988,90,0.79
190161,5.8,56.7,47.7,5.7,save,0.075,70,0.79
190161,5.7,54.8,47.4,30.4,save,0.74,70,0.79
190161,9.5,52.2,50.6,32.9,save,0.084,12,0.79
190161,3.0,36.0,50.9,1.3,save,0.045,11,0.79
190161,7.5,33.4,45.9,8.2,goal,0.877,8,0.79
190161,15.9,26.0,46.9,7.6,save,0.249,65,0.79
190161,15.1,53.8,51.6,29.1,goal,0.155,61,0.79
190161,24.4,65.4,50.5,12.7,save,0.017,60,0.79
190161,4.3,51.1,49.9,32.9,save,0.442,46,0.79
190161,3.5,56.6,49.1,17.1,save,0.707,45,0.79
190161,7.9,45.4,49.8,22.2,save,0.035,90,0.79
190161,18.8,34.5,47.7,13.3,save,0.103,89,0.79
190161,5.6,35.6,51.7,25.3,goal,0.438,85,0.79
190161,27.4,26.2,47.1,17.1,save,0.176,83,0.79
190161,10.8,59.3,46.8,24.7,save,0.243,68,0.79
190161,5.1,37.0,52.3,4.4,save,0.267,27,0.79
190161,8.8,52.8,50.7,16.5,save,0.095,5,0.79
190161,11.1,62.9,53.5,2.5,goal,0.886,90,0.79
190161,13.9,45.2,53.6,4.4,goal,0.928,83,0.79
190161,11.4,63.8,47.5,22.2,save,0.563,72,0.79
190161,7.1,34.6,53.5,2.5,save,0.173,71,0.79
190161,24.1,49.2,49.4,31.0,goal,0.06,68,0.79
190161,24.1,49.2,54.5,22.8,goal,0.489,60,0.79
190161,4.4,53.6,49.0,10.8,save,0.223,29,0.79
190161,3.1,56.7,46.8,10.8,save,0.188,29,0.79
190161,11.5,50.0,48.3,10.1,goal,0.943,25,0.79
190161,5.2,44.0,52.7,5.1,save,0.702,8,0.79
190161,1.9,49.0,52.0,4.4,goal,0.989,71,0.79
190161,15.2,36.9,50.3,12.0,save,0.013,70,0.79
190161,11.4,71.6,50.0,3.2,save,0.029,49,0.79
190161,24.1,36.2,49.4,34.2,save,0.108,23,0.79
190161,14.4,39.2,49.8,15.8,save,0.171,5,0.79
190161,8.2,53.8,49.6,25.9,save,0.051,9,0.79
190161,9.8,41.9,52.9,33.5,save,0.296,82,0.79
190161,26.3,67.9,52.1,3.2,save,0.115,78,0.79
190161,10.7,39.2,53.5,14.6,save,0.645,72,0.79
190161,4.3,32.6,54.0,10.1,goal,0.404,38,0.79
190161,3.6,58.2,48.1,15.2,goal,0.101,21,0.79
190161,27.1,59.9,48.1,20.9,save,0.079,21,0.79
190161,14.0,49.7,51.9,12.7,save,0.063,68,0.79
190161,9.9,58.4,47.4,1.9,save,0.594,67,0.79
190161,11.5,40.6,52.3,0.6,save,0.144,66,0.79
190161,9.2,43.5,52.6,20.3,goal,0.78,52,0.79
190161,11.4,44.4,54.2,30.4,goal,0.568,50,0.79
190161,14.5,41.7,51.3,27.2,save,0.08,45,0.79
190161,12.2,45.8,48.1,8.2,goal,0.848,84,0.79
190161,7.8,58.1,47.7,7.0,save,0.459,67,0.79
190161,11.4,51.7,54.4,10.8,goal,0.419,45,0.79
190161,23.2,76.3,48.4,10.1,save,0.032,17,0.79
190161,11.9,47.0,46.4,15.2,save,0.255,6,0.79
190161,4.1,66.5,52.8,13.3,save,0.251,78,0.79
190161,5.1,57.7,51.0,29.7,goal,0.133,77,0.79
190161,7.9,47.8,50.6,13.3,save,0.027,44,0.79
190161,8.5,38.9,50.2,2.5,save,0.36,42,0.79
190161,14.6,76.2,47.7,27.8,save,0.123,18,0.79
190161,24.8,35.4,52.9,1.9,save,0.157,34,0.79
190161,2.9,34.8,50.3,1.3,save,0.034,2,0.79
190161,5.5,33.6,49.6,0.6,save,0.198,78,0.79
190161,20.9,29.2,47.6,1.9,goal,0.175,33,0.79
190161,13.9,41.3,52.0,3.8,save,0.103,32,0.79
190161,7.3,32.5,51.6,4.4,save,0.074,60,0.79
190161,9.8,55.2,51.9,1.3,save,0.577,58,0.79
190161,7.7,42.7,53.2,17.1,goal,0.665,44,0.79
190161,24.3,41.7,52.2,10.1,save,0.062,21,0.79
190161,12.8,39.1,50.6,6.3,save,0.029,19,0.79
190161,10.7,44.7,52.7,8.9,goal,0.133,8,0.79
190161,8.6,70.9,47.7,27.2,save,0.116,7,0.79
190161,7.8,36.6,53.5,13.3,save,0.101,87,0.79
190161,3.2,46.2,50.6,20.9,save,0.202,80,0.79
190161,23.2,64.4,53.4,13.3,save,0.207,79,0.79
190161,20.4,29.2,52.3,1.3,save,0.089,73,0.79
190161,2.8,57.3,47.4,5.7,save,0.295,62,0.79
190161,6.8,40.2,50.1,15.8,save,0.379,28,0.79
190161,10.9,40.6,49.8,1.9,save,0.036,7,0.79
190161,8.0,41.9,53.9,18.4,save,0.244,90,0.79
190161,11.5,50.0,53.3,3.8,goal,0.99,28,0.79
190161,9.5,59.7,54.2,13.3,save,0.464,22,0.79
190161,8.5,52.8,53.3,10.1,save,0.592,19,0.79
190161,23.3,73.8,54.3,29.7,save,0.673,62,0.79
190161,13.4,53.7,51.2,25.9,save,0.094,61,0.79
190161,11.1,65.4,48.6,20.3,save,0.043,45,0.79
190161,26.2,36.4,54.5,5.7,save,0.317,24,0.79
190161,26.3,74.9,50.0,3.2,save,0.018,12,0.79
190161,3.5,51.2,48.7,17.7,goal,0.968,18,0.79
190161,11.0,72.0,48.1,10.8,save,0.322,18,0.79
190161,5.8,46.8,48.3,23.4,goal,0.21,12,0.79
190161,18.8,45.3,52.0,5.1,save,0.086,90,0.79
190161,13.3,36.3,50.3,12.7,save,0.016,85,0.79
190161,8.4,32.7,51.1,18.4,save,0.04,59,0.79
190161,1.8,41.1,48.4,2.5,goal,0.796,47,0.79
190161,7.6,41.1,52.3,1.9,save,0.592,47,0.79
190161,8.6,39.9,50.7,3.2,save,0.271,47,0.79
190161,3.2,54.4,50.6,1.3,save,0.842,31,0.79
190161,19.6,47.8,51.0,1.3,save,0.05,23,0.79
190161,10.2,57.3,52.8,36.1,save,0.536,82,0.79
190161,22.6,34.2,45.9,29.1,goal,0.602,64,0.79
190161,13.3,54.4,52.1,22.2,save,0.129,43,0.79
190161,3.2,41.5,53.8,17.7,save,0.865,34,0.79
190161,14.4,68.7,51.0,21.5,save,0.053,87,0.79
190161,13.3,32.4,48.7,29.1,save,0.142,87,0.79
190161,5.4,32.4,48.7,25.9,goal,0.412,76,0.79
190161,9.7,61.4,53.8,23.4,goal,0.555,42,0.79
190161,8.7,53.0,52.6,0.6,goal,,9,0.79
190161,11.5,50.0,50.8,22.2,goal,0.932,75,0.79
190161,26.7,37.6,53.6,12.0,save,0.141,45,0.79
190161,27.2,58.8,53.8,18.4,save,0.305,44,0.79
190161,2.3,49.6,50.9,0.6,goal,0.977,17,0.79
190161,15.0,73.3,53.2,12.7,save,0.234,17,0.79
190161,8.6,61.2,50.5,1.3,save,0.347,16,0.79
190161,23.7,43.2,49.4,27.2,save,0.048,30,0.79
190161,11.4,52.3,46.1,12.7,goal,0.973,49,0.79
190161,13.3,49.1,47.6,17.7,save,0.136,47,0.79
190161,15.9,56.1,54.2,2.5,goal,0.542,45,0.79
190161,27.5,40.7,49.9,5.1,save,0.018,1,0.79
190161,15.4,51.1,47.5,6.3,save,0.129,90,0.79
190161,10.0,53.0,49.7,5.7,save,0.047,1,0.79
190161,3.4,47.2,51.4,3.8,goal,0.931,59,0.79
190161,14.2,60.9,50.4,1.3,save,0.042,40,0.79
190161,8.3,60.3,49.4,13.3,goal,0.028,37,0.79
190161,10.9,46.6,47.3,2.5,save,0.291,25,0.79
190161,2.3,50.5,51.9,25.3,goal,0.974,75,0.79
190161,19.5,27.9,54.4,13.3,goal,0.19,65,0.79
190161,29.3,53.4,52.6,20.9,save,0.148,45,0.79
190161,8.8,45.8,50.2,15.2,save,0.024,81,0.79
190161,19.7,74.0,49.7,30.4,save,0.047,74,0.79
190161,2.1,51.1,46.1,25.9,goal,0.988,31,0.79
190161,19.8,31.2,47.5,4.4,save,0.163,14,0.79
190161,11.5,50.0,53.4,3.8,goal,0.99,62,0.79
190161,11.8,48.0,53.2,5.1,goal,0.883,50,0.79
190161,19.5,53.8,50.3,3.8,save,0.025,28,0.79
190161,10.8,27.9,46.0,8.9,goal,0.485,25,0.79
190161,8.9,57.9,47.0,3.2,goal,0.201,5,0.79
190161,20.9,46.2,53.5,7.0,goal,0.21,90,0.79
190161,8.5,50.9,51.6,3.8,save,0.751,63,0.79
190161,18.9,60.6,53.7,6.3,goal,0.329,29,0.79
190161,8.4,41.9,49.7,2.5,goal,0.235,8,0.79
190161,12.1,49.8,52.5,9.5,goal,0.755,67,0.79
190161,7.9,70.5,46.2,19.0,save,0.162,45,0.79
190161,7.3,50.9,53.2,29.7,save,0.596,39,0.79
190161,20.6,27.4,47.4,7.0,save,0.151,24,0.79
190161,24.4,57.9,48.4,15.2,save,0.045,6,0.79
190161,10.1,54.7,47.1,11.4,goal,0.459,90,0.79
190161,4.7,53.4,47.7,7.6,save,0.91,61,0.79
190161,7.7,47.6,50.8,22.2,save,0.106,61,0.79
190161,18.1,43.7,51.0,18.4,save,0.037,57,0.79
190161,9.4,41.9,52.6,15.2,save,0.477,23,0.79
190161,17.7,50.1,51.6,2.5,save,0.079,23,0.79
190161,20.9,29.7,49.9,21.5,save,0.022,20,0.79
190161,13.0,31.0,53.6,29.1,save,0.299,26,0.79
190161,15.4,57.3,46.9,27.8,save,0.326,24,0.79
190161,11.8,32.7,50.0,31.0,save,0.04,1,0.79
190161,18.8,47.2,53.6,9.5,goal,0.244,76,0.79
190161,14.7,54.8,45.6,3.8,goal,0.425,68,0.79
190161,8.6,46.8,48.1,27.2,save,0.186,62,0.79
190161,14.7,50.1,46.2,17.7,goal,0.381,44,0.79
190161,11.5,50.0,53.6,3.8,goal,0.992,5,0.79
190161,13.3,32.4,53.9,12.7,goal,0.159,90,0.79
190161,5.5,52.0,52.6,1.9,goal,0.933,90,0.79
190161,10.2,59.1,50.5,16.5,save,0.155,85,0.79
190161,15.7,45.0,52.3,10.1,goal,0.087,74,0.79
190161,20.1,65.3,52.5,1.9,save,0.182,61,0.79
190161,19.4,72.8,50.5,8.2,save,0.022,47,0.79
190161,8.2,45.7,50.5,9.5,save,0.025,45,0.79
190161,28.1,48.5,52.0,19.0,save,0.08,34,0.79
190161,7.8,48.7,53.2,3.2,save,0.412,25,0.79
190161,13.1,55.7,53.1,0.6,goal,0.865,4,0.79
578166,1.0,40.1,50.5,17.7,save,0.036,90,0.79
578166,7.2,41.3,53.5,3.2,save,0.198,90,0.79
578166,5.4,51.5,47.7,24.7,goal,0.329,65,0.79
578166,11.4,32.8,49.1,3.2,save,0.056,53,0.79
578166,9.5,61.1,46.1,20.9,goal,0.297,45,0.79
578166,8.7,51.3,49.8,29.7,save,0.054,22,0.79
578166,5.4,66.3,48.9,22.8,save,0.05,88,0.79
578166,9.3,52.8,52.1,3.2,goal,0.709,35,0.79
578166,8.2,65.2,46.0,15.2,goal,0.216,83,0.79
578166,9.5,40.9,51.5,0.6,goal,0.423,75,0.79
578166,24.8,45.6,53.5,10.8,save,0.159,60,0.79
578166,12.6,45.2,50.2,17.7,save,0.02,57,0.79
578166,21.5,43.6,49.6,8.2,save,0.019,39,0.79
578166,29.0,47.3,49.3,26.6,save,0.048,38,0.79
578166,13.9,54.8,48.1,3.8,goal,0.094,31,0.79
578166,6.7,50.6,49.0,10.1,goal,0.314,23,0.79
578166,10.2,27.7,46.4,15.2,save,0.376,21,0.79
578166,4.9,29.2,52.8,5.7,save,0.081,11,0.79
578166,6.4,50.7,49.5,19.6,save,0.057,7,0.79
578166,8.0,51.7,48.4,19.6,save,0.087,90,0.79
578166,20.3,40.7,53.8,13.9,save,0.186,48,0.79
578166,23.8,43.7,47.8,19.0,save,0.147,42,0.79
578166,12.7,53.3,46.8,9.5,goal,0.186,7,0.79
578166,3.6,64.5,49.7,16.5,save,0.254,87,0.79
578166,20.2,51.3,50.6,7.6,save,0.029,44,0.79
578166,11.5,50.0,47.8,1.3,goal,0.978,28,0.79
578166,7.8,30.0,48.5,24.1,goal,0.284,22,0.79
578166,11.7,57.9,46.7,1.9,goal,0.741,90,0.79
578166,22.5,51.3,52.7,22.8,goal,0.182,66,0.79
578166,23.1,69.4,54.5,24.7,goal,0.628,58,0.79
578166,22.9,28.7,50.4,15.2,save,0.019,53,0.79
578166,12.6,46.4,48.7,10.1,save,0.05,50,0.79
578166,14.9,48.5,46.4,17.1,save,0.29,45,0.79
578166,10.7,43.6,51.6,7.0,goal,0.442,36,0.79
578166,32.2,64.4,50.3,15.8,save,0.016,21,0.79
578166,11.3,65.1,51.5,24.1,save,0.122,18,0.79
578166,17.9,55.4,49.4,4.4,save,0.036,90,0.79
578166,12.4,57.5,51.0,31.6,save,0.105,55,0.79
578166,25.7,45.8,47.7,27.2,save,0.178,52,0.79
578166,21.9,36.7,50.5,4.4,save,0.025,38,0.79
578166,29.7,48.1,54.4,3.2,save,0.405,35,0.79
578166,25.3,75.6,48.7,33.5,save,0.1,25,0.79
578166,25.4,71.6,52.3,17.1,save,0.115,7,0.79
578166,9.5,30.3,45.8,1.3,goal,0.694,79,0.79
578166,7.1,47.2,54.1,11.4,goal,0.4,64,0.79
578166,9.5,50.4,50.6,23.4,save,0.051,45,0.79
578166,23.2,49.1,53.1,0.6,save,0.232,21,0.79
578166,3.5,67.3,45.7,13.3,goal,0.131,7,0.79
578166,24.7,36.4,51.9,25.3,save,0.096,90,0.79
578166,21.8,51.5,52.9,22.8,goal,0.205,66,0.79
578166,10.7,69.0,47.3,5.1,save,0.122,55,0.79
578166,9.8,37.0,52.2,13.9,save,0.124,78,0.79
578166,3.0,52.6,47.2,13.3,goal,0.961,57,0.79
578166,9.5,25.6,49.1,1.3,save,0.061,53,0.79
578166,15.0,66.8,46.3,4.4,goal,0.199,47,0.79
578166,5.6,25.5,51.9,13.9,save,0.043,47,0.79
578166,27.7,54.2,46.0,20.3,save,0.316,34,0.79
578166,22.1,58.7,50.1,3.8,save,0.024,19,0.79
578166,2.4,42.7,48.2,7.0,goal,0.894,7,0.79
578166,7.7,48.4,52.2,19.6,save,0.141,78,0.79
578166,12.4,49.7,54.0,29.1,save,0.497,74,0.79
578166,11.5,66.9,53.9,1.3,save,0.623,73,0.79
578166,20.0,42.7,48.1,1.9,save,0.112,60,0.79
578166,15.5,46.9,49.4,13.9,goal,0.233,57,0.79
578166,18.9,34.2,49.1,21.5,save,0.061,55,0.79
578166,12.5,51.5,49.0,5.7,save,0.062,18,0.79
578166,16.6,47.6,54.5,15.8,goal,0.405,14,0.79
578166,20.0,29.7,50.6,5.1,save,0.025,13,0.79
578166,6.5,47.0,53.9,7.6,goal,0.352,88,0.79
578166,7.0,52.0,52.8,5.7,goal,0.911,75,0.79
578166,8.8,50.1,53.4,3.8,save,0.361,69,0.79
578166,27.6,74.1,50.1,9.5,save,0.015,62,0.79
578166,10.7,69.7,45.6,8.2,save,0.235,90,0.79
578166,8.8,68.6,52.3,1.9,save,0.447,24,0.79
578166,18.7,50.1,53.4,20.9,goal,0.268,12,0.79
578166,21.6,29.2,49.0,34.2,save,0.106,75,0.79
578166,13.9,53.8,47.8,22.2,save,0.122,57,0.79
578166,18.1,43.2,49.5,3.8,save,0.031,54,0.79
578166,13.2,54.5,53.9,2.5,goal,0.499,51,0.79
578166,3.9,49.6,51.9,13.9,goal,0.818,47,0.79
578166,20.2,50.1,48.0,10.1,save,0.065,28,0.79
578166,7.8,49.1,46.8,25.9,save,0.408,12,0.79
578166,8.9,52.3,47.7,23.4,save,0.17,90,0.79
578166,4.8,51.2,48.4,12.7,save,0.891,90,0.79
578166,26.3,39.9,50.2,7.0,save,0.017,55,0.79
578166,17.9,47.9,51.0,5.1,save,0.04,45,0.79
578166,12.8,28.6,50.7,4.4,save,0.03,37,0.79
578166,8.9,47.2,51.3,29.1,save,0.108,24,0.79
578166,8.3,51.7,49.1,1.9,save,0.462,23,0.79
578166,13.2,32.7,50.3,2.5,save,0.033,18,0.79
578166,16.2,75.3,49.3,28.5,save,0.05,5,0.79
578166,7.3,46.4,51.6,3.8,save,0.09,89,0.79
578166,7.7,58.5,51.4,34.8,goal,0.234,86,0.79
578166,9.2,50.2,51.5,9.5,goal,0.285,70,0.79
578166,13.5,44.8,53.5,8.9,save,0.219,63,0.79
578166,5.8,62.2,51.4,19.6,goal,0.372,45,0.79
578166,22.4,45.5,46.3,32.3,save,0.636,31,0.79
578166,34.5,33.3,50.3,10.1,save,0.014,19,0.79
578166,2.7,50.0,49.4,8.2,goal,0.945,90,0.79
578166,10.1,61.5,53.7,19.0,goal,0.406,90,0.79
578166,21.6,69.3,53.3,16.5,save,0.325,71,0.79
578166,8.5,39.2,52.3,31.6,save,0.175,69,0.79
578166,9.6,29.6,49.2,5.1,save,0.043,55,0.79
578166,4.6,44.7,49.0,26.6,save,0.162,12,0.79
578166,15.8,61.9,52.6,12.0,goal,0.124,55,0.79
578166,12.5,57.5,46.3,5.1,save,0.251,48,0.79
578166,6.8,47.8,50.6,3.2,goal,0.818,90,0.79
578166,14.6,63.4,47.4,5.1,save,0.106,90,0.79
578166,13.3,17.0,46.0,17.1,save,0.587,90,0.79
578166,10.4,30.5,50.0,3.8,save,0.021,58,0.79
578166,8.7,32.4,52.4,11.4,save,0.058,54,0.79
578166,5.1,33.1,51.5,23.4,save,0.302,54,0.79
578166,8.0,56.7,46.3,25.3,save,0.332,52,0.79
578166,9.1,27.4,50.0,13.9,save,0.013,45,0.79
578166,4.9,39.2,47.4,3.2,save,0.854,45,0.79
578166,17.0,44.9,53.8,3.2,goal,0.305,45,0.79
578166,13.8,38.1,46.0,16.5,goal,0.459,32,0.79
578166,8.3,40.3,53.6,17.7,goal,0.806,30,0.79
578166,12.5,30.0,53.6,4.4,save,0.169,8,0.79
578166,11.4,46.7,47.4,10.1,save,0.142,79,0.79
578166,10.9,63.3,49.4,0.6,save,0.044,62,0.79
578166,4.2,53.6,54.0,23.4,goal,0.97,60,0.79
578166,18.4,51.0,51.3,1.9,save,0.068,40,0.79
578166,17.7,56.5,48.4,33.5,save,0.166,19,0.79
578166,18.7,50.6,47.1,10.8,goal,0.12,75,0.79
578166,8.0,44.3,50.1,22.2,save,0.031,57,0.79
578166,21.3,34.0,53.6,7.6,goal,0.15,50,0.79
578166,8.3,30.4,49.4,2.5,save,0.131,46,0.79
578166,13.6,31.8,48.2,12.0,save,0.064,45,0.79
578166,11.5,50.0,52.9,4.4,goal,0.984,23,0.79
578166,2.6,44.7,52.8,1.3,goal,0.966,76,0.79
578166,13.6,50.3,46.2,7.0,save,0.315,45,0.79
578166,12.6,49.1,53.6,18.4,save,0.273,25,0.79
578166,13.0,45.4,45.9,0.6,goal,0.824,7,0.79
578166,19.2,45.0,49.2,2.5,save,0.042,4,0.79
578166,18.2,34.9,45.6,2.5,goal,0.576,90,0.79
578166,15.1,49.5,50.8,13.9,save,0.029,85,0.79
578166,11.5,50.0,54.4,0.6,goal,0.997,76,0.79
578166,23.8,41.9,46.1,5.7,save,0.344,41,0.79
578166,9.8,46.1,53.1,8.2,save,0.179,29,0.79
578166,22.5,49.9,53.8,14.6,save,0.232,11,0.79
578166,25.5,48.2,47.3,2.5,save,0.164,11,0.79
578166,11.5,50.0,45.6,20.3,goal,0.996,9,0.79
578166,25.1,62.9,53.6,5.7,save,0.299,75,0.79
578166,9.4,44.2,52.9,21.5,save,0.178,70,0.79
578166,19.5,54.5,53.1,15.8,goal,0.209,38,0.79
578166,8.1,27.5,50.4,34.2,save,0.068,19,0.79
578166,11.5,50.0,45.8,25.3,goal,0.997,90,0.79
578166,14.6,43.2,48.9,2.5,save,0.061,81,0.79
578166,13.2,39.4,53.9,30.4,save,0.396,77,0.79
578166,9.1,61.8,50.2,31.6,goal,0.254,70,0.79
578166,21.8,20.8,46.7,4.4,save,0.316,64,0.79
578166,3.6,47.4,51.7,16.5,goal,0.905,7,0.79
578166,3.7,46.6,49.0,6.3,save,0.489,6,0.79
578166,8.6,40.5,53.7,4.4,save,0.742,2,0.79
578166,8.6,46.7,52.6,17.7,save,0.197,54,0.79
578166,21.4,33.8,47.1,13.3,save,0.155,46,0.79
578166,23.3,75.9,51.2,11.4,save,0.04,26,0.79
578166,12.2,31.0,49.6,3.2,save,0.032,5,0.79
578166,22.4,36.5,50.2,13.9,save,0.019,80,0.79
578166,1.8,63.8,50.0,20.9,goal,0.157,75,0.79
578166,9.0,69.3,51.3,3.8,save,0.085,47,0.79
578166,16.5,38.8,46.7,17.7,save,0.301,44,0.79
578166,13.5,45.2,50.2,6.3,save,0.028,85,0.79
578166,7.6,49.3,52.7,12.0,goal,0.881,68,0.79
578166,5.3,25.2,49.4,12.7,save,0.024,58,0.79
578166,24.9,37.6,48.7,7.0,save,0.044,9,0.79
578166,8.5,41.9,52.3,16.5,save,0.081,90,0.79
578166,15.9,63.6,50.7,25.3,save,0.047,84,0.79
578166,4.2,37.7,48.1,13.9,goal,0.577,75,0.79
578166,15.8,45.8,50.0,5.1,save,0.088,72,0.79
578166,12.1,39.8,50.1,2.5,save,0.12,53,0.79
578166,40.6,63.9,54.1,35.4,save,0.633,30,0.79
578166,21.5,70.7,46.7,29.7,goal,0.251,24,0.79
578166,2.4,32.4,49.4,2.5,save,0.051,87,0.79
578166,10.1,46.2,49.8,3.2,save,0.351,84,0.79
578166,12.3,61.1,50.6,1.9,save,0.048,74,0.79
578166,18.7,65.7,52.9,5.7,save,0.204,56,0.79
578166,10.5,56.5,52.3,5.1,goal,0.827,53,0.79
578166,7.5,55.4,53.5,13.3,goal,0.507,45,0.79
578166,4.4,49.3,51.4,1.9,save,0.432,45,0.79
578166,7.4,31.9,49.0,3.2,save,0.063,45,0.79
578166,14.6,26.7,49.9,15.2,save,0.014,33,0.79
578166,9.8,69.4,46.8,3.2,save,0.138,31,0.79
578166,6.7,45.6,53.2,16.5,goal,0.649,18,0.79
578166,7.5,52.2,47.4,5.7,save,0.182,90,0.79
578166,21.5,28.1,53.7,1.3,save,0.222,89,0.79
578166,7.5,47.8,52.9,15.2,goal,0.18,87,0.79
578166,4.0,45.4,50.1,13.9,save,0.096,70,0.79
578166,4.9,56.9,51.6,5.1,goal,0.824,58,0.79
578166,10.1,52.8,50.3,14.6,save,0.022,11,0.79
578166,8.5,46.2,50.3,14.6,save,0.022,3,0.79
578166,15.1,31.3,54.4,26.6,save,0.46,61,0.79
578166,20.2,65.8,50.7,21.5,save,0.036,45,0.79
578166,14.7,49.3,54.2,17.1,save,0.387,45,0.79
578166,18.8,32.7,49.8,5.1,save,0.021,39,0.79
578166,13.7,63.4,45.9,15.2,goal,0.214,33,0.79
578166,24.5,66.5,50.9,31.0,save,0.079,15,0.79
578166,7.6,46.0,45.9,12.7,goal,0.407,10,0.79
578166,13.2,46.0,53.7,3.2,goal,0.871,8,0.79
578166,8.7,32.6,52.6,24.7,save,0.129,80,0.79
578166,12.0,71.7,49.9,2.5,goal,0.025,76,0.79
578166,7.7,38.6,52.1,1.3,save,0.108,54,0.79
578166,11.5,50.0,46.4,5.1,goal,0.991,45,0.79
578166,1.7,53.7,46.4,17.1,goal,0.955,41,0.79
578166,14.0,51.1,53.6,20.3,save,0.308,39,0.79
578166,19.8,71.0,45.8,16.5,goal,0.213,29,0.79
121908,9.2,30.7,50.5,26.6,save,0.058,75,1.0
121908,27.7,48.5,53.5,30.4,save,0.453,66,1.0
121908,22.3,59.6,48.3,2.5,save,0.072,46,1.0
121908,18.2,34.2,46.1,12.7,save,0.312,88,1.0
121908,11.9,50.7,52.8,3.8,goal,0.567,37,1.0
121908,8.6,47.7,51.7,26.6,save,0.168,36,1.0
121908,3.8,50.1,48.8,15.8,save,0.78,55,1.0
121908,9.1,55.8,49.0,1.9,save,0.05,45,1.0
121908,9.1,54.6,47.9,3.2,goal,0.29,29,1.0
121908,16.1,70.9,50.9,0.6,save,0.054,24,1.0
121908,24.6,51.5,46.2,17.7,save,0.26,85,1.0
121908,13.6,51.9,49.4,17.7,save,0.03,77,1.0
121908,11.9,58.5,48.4,7.6,save,0.502,69,1.0
121908,19.7,47.7,50.0,10.8,save,0.013,68,1.0
121908,0.5,46.6,53.3,27.2,goal,0.995,64,1.0
121908,8.4,50.2,53.2,2.5,save,0.307,64,1.0
121908,26.6,42.8,46.1,9.5,save,0.274,60,1.0
121908,14.1,48.5,53.3,16.5,save,0.189,50,1.0
121908,17.9,27.6,47.5,7.0,save,0.149,10,1.0
121908,4.9,31.9,51.5,5.1,save,0.046,87,1.0
121908,5.9,29.4,49.0,3.2,save,0.065,82,1.0
121908,8.9,39.1,51.0,5.7,save,0.298,68,1.0
121908,15.3,55.4,45.7,3.2,save,0.759,56,1.0
121908,4.9,49.4,52.3,25.3,goal,0.847,45,1.0
121908,10.9,53.2,54.4,6.3,goal,0.937,38,1.0
121908,9.6,44.5,45.7,28.5,save,0.665,15,1.0
121908,4.8,58.8,49.1,27.8,goal,0.076,90,1.0
121908,14.6,29.0,50.8,25.9,save,0.047,69,1.0
121908,22.4,53.6,50.4,26.6,save,0.034,58,1.0
121908,12.7,45.7,51.5,5.7,save,0.073,56,1.0
121908,4.0,38.7,49.2,4.4,save,0.101,28,1.0
121908,4.2,48.8,51.0,5.1,goal,0.851,85,1.0
121908,8.8,69.7,52.4,10.1,save,0.193,72,1.0
121908,9.2,42.5,48.6,14.6,goal,0.075,42,1.0
121908,19.4,27.2,49.5,10.8,save,0.018,5,1.0
121908,25.6,60.6,51.0,3.2,save,0.043,26,1.0
121908,12.0,42.1,54.1,1.3,goal,0.896,9,1.0
121908,11.2,60.5,53.2,3.2,goal,0.367,90,1.0
121908,13.7,45.8,51.9,1.9,goal,0.689,53,1.0
121908,2.6,53.4,50.7,0.6,goal,0.933,41,1.0
121908,10.0,37.1,50.0,13.9,save,0.07,39,1.0
121908,3.7,56.7,47.1,26.6,save,0.736,17,1.0
121908,10.1,38.7,50.0,2.5,save,0.211,13,1.0
121908,8.9,44.5,52.8,7.0,goal,0.948,81,1.0
121908,9.7,56.6,48.2,2.5,goal,0.112,45,1.0
121908,18.2,52.5,52.4,3.2,save,0.161,4,1.0
121908,19.1,53.9,51.1,25.9,save,0.073,48,1.0
121908,22.9,56.0,46.6,22.2,goal,0.242,45,1.0
121908,9.1,51.9,53.2,8.2,goal,0.369,43,1.0
121908,13.3,45.7,49.7,15.2,save,0.028,70,1.0
121908,13.5,53.6,48.0,13.9,save,0.511,70,1.0
121908,6.0,57.5,51.2,22.2,save,0.094,69,1.0
121908,3.8,31.5,54.1,22.8,save,0.235,63,1.0
121908,9.5,31.5,52.5,14.6,goal,0.065,49,1.0
121908,27.2,56.7,51.6,4.4,goal,,39,1.0
121908,4.6,38.0,51.2,18.4,save,0.322,67,1.0
121908,7.5,42.8,52.2,3.8,goal,0.15,22,1.0
121908,4.0,70.3,48.1,10.8,save,0.037,1,1.0
121908,3.2,46.0,53.5,25.3,save,0.974,90,1.0
121908,13.5,51.9,52.6,3.8,save,0.225,85,1.0
121908,17.9,42.1,51.0,17.7,save,0.035,62,1.0
121908,8.8,54.1,47.1,1.9,save,0.286,50,1.0
121908,23.7,32.9,52.9,30.4,save,0.238,48,1.0
121908,11.5,50.0,47.6,0.6,goal,0.982,45,1.0
121908,7.4,53.6,48.6,17.1,save,0.064,15,1.0
121908,20.1,50.1,51.6,27.8,save,0.11,85,1.0
121908,21.1,35.2,49.6,12.7,save,0.016,79,1.0
121908,10.2,52.4,49.7,2.5,save,0.041,77,1.0
121908,7.6,54.6,48.8,19.6,save,0.094,56,1.0
121908,23.2,37.0,50.9,18.4,save,0.028,40,1.0
121908,17.8,64.2,49.4,11.4,save,0.023,87,1.0
121908,19.5,73.8,48.4,31.0,save,0.136,78,1.0
121908,4.3,51.9,46.6,23.4,goal,0.916,19,1.0
121908,7.2,45.8,53.6,5.7,save,0.25,90,1.0
121908,11.5,50.0,53.6,31.6,goal,0.996,64,1.0
121908,15.7,48.5,47.7,5.7,save,0.118,54,1.0
121908,9.7,53.6,51.6,3.8,goal,0.425,7,1.0
121908,27.1,46.8,49.4,16.5,save,0.024,80,1.0
121908,4.1,60.5,47.4,3.2,save,0.11,72,1.0
121908,13.2,34.9,50.6,3.8,save,0.046,46,1.0
121908,9.3,59.5,52.5,4.4,goal,0.217,29,1.0
121908,22.3,36.6,47.4,32.3,save,0.308,19,1.0
121908,19.5,50.9,46.8,10.8,save,0.184,84,1.0
121908,14.1,54.2,49.7,29.1,save,0.057,53,1.0
121908,7.3,57.1,53.4,5.7,goal,0.898,7,1.0
121908,10.8,33.0,46.0,15.2,save,0.494,61,1.0
121908,21.2,40.2,47.4,22.2,save,0.19,53,1.0
121908,3.1,60.0,47.3,19.0,save,0.845,90,1.0
121908,9.6,34.9,52.6,10.8,save,0.216,88,1.0
121908,8.2,64.9,49.7,11.4,save,0.096,47,1.0
121908,2.6,44.7,54.0,1.3,goal,0.95,44,1.0
121908,8.9,41.2,49.9,6.3,save,0.023,43,1.0
121908,11.5,50.0,45.9,10.1,goal,0.992,29,1.0
121908,10.2,66.8,49.4,13.9,save,0.025,11,1.0
121908,10.3,53.6,51.9,8.9,save,0.579,5,1.0
121908,19.7,50.6,45.9,8.2,save,0.304,78,1.0
121908,6.4,49.7,52.0,2.5,goal,,60,1.0
121908,25.6,62.6,47.3,7.6,save,0.099,56,1.0
121908,15.3,46.6,53.9,1.3,goal,0.386,52,1.0
121908,9.8,55.8,47.4,13.3,save,0.089,51,1.0
121908,18.3,42.8,46.4,1.9,save,0.37,49,1.0
121908,12.0,27.2,52.8,25.9,save,0.168,9,1.0
121908,22.2,50.5,53.2,4.4,save,0.206,6,1.0
121908,26.3,38.3,49.8,29.1,save,0.043,32,1.0
121908,10.7,70.1,48.1,8.2,save,0.048,26,1.0
121908,14.5,73.3,48.1,20.3,save,0.067,25,1.0
121908,11.5,50.0,53.9,25.9,goal,0.996,88,1.0
121908,4.1,49.0,49.0,10.8,goal,0.452,64,1.0
121908,16.7,71.1,53.8,3.2,save,0.543,63,1.0
121908,3.6,46.2,52.9,6.3,goal,0.982,42,1.0
121908,19.1,44.9,46.7,23.4,goal,0.36,41,1.0
121908,8.0,41.5,50.3,27.2,goal,0.062,29,1.0
121908,23.7,30.3,47.8,10.8,save,0.159,90,1.0
121908,8.9,56.0,51.6,9.5,save,0.08,78,1.0
121908,5.3,49.9,51.2,15.2,goal,,51,1.0
121908,13.3,39.8,53.9,7.6,save,0.364,37,1.0
121908,4.3,38.4,49.1,3.2,save,0.058,35,1.0
121908,8.4,61.2,52.8,1.3,goal,0.338,4,1.0
121908,26.6,30.8,47.2,1.3,save,0.22,12,1.0
121908,9.7,46.8,53.6,13.3,goal,0.498,85,1.0
121908,16.5,46.8,53.7,4.4,goal,0.286,72,1.0
121908,14.0,52.8,49.7,3.8,save,0.032,72,1.0
121908,13.3,60.8,50.6,1.3,save,0.07,58,1.0
121908,12.3,71.4,50.5,1.3,save,0.038,45,1.0
121908,10.3,53.2,46.2,19.6,goal,0.288,44,1.0
121908,4.4,45.7,50.3,18.4,save,0.666,43,1.0
121908,13.8,54.5,46.5,19.0,goal,0.272,14,1.0
121908,11.7,35.0,46.4,19.0,goal,0.702,82,1.0
121908,11.5,50.0,50.1,12.0,goal,0.794,74,1.0
121908,12.4,46.2,50.2,12.7,save,0.018,72,1.0
121908,14.1,47.6,52.0,3.8,goal,0.621,63,1.0
121908,22.1,44.5,48.4,16.5,save,0.055,57,1.0
121908,3.1,46.6,52.9,7.0,save,0.978,45,1.0
121908,10.3,39.5,50.0,2.5,save,0.151,45,1.0
121908,13.4,72.1,50.7,20.9,save,0.041,35,1.0
121908,8.5,67.8,47.5,27.2,save,0.171,25,1.0
121908,12.1,54.5,47.7,5.7,goal,0.433,9,1.0
121908,29.1,59.8,47.1,6.3,save,0.155,88,1.0
121908,24.8,20.0,48.1,22.8,save,0.115,82,1.0
121908,2.4,46.2,52.1,3.8,save,0.97,48,1.0
121908,8.7,49.6,50.1,5.7,save,0.025,48,1.0
121908,13.5,66.4,47.0,1.9,save,0.156,37,1.0
121908,19.4,47.2,50.4,29.1,save,0.05,34,1.0
121908,21.4,31.2,49.4,1.9,save,0.04,32,1.0
121908,12.8,58.1,50.6,11.4,save,0.115,15,1.0
121908,15.2,35.9,50.2,1.9,save,0.033,77,1.0
121908,11.4,33.4,53.6,1.9,goal,0.267,72,1.0
121908,13.1,69.7,48.7,12.7,save,0.027,69,1.0
121908,18.8,49.3,52.2,7.0,save,0.11,42,1.0
121908,19.4,67.5,53.0,3.8,goal,0.252,39,1.0
121908,9.7,50.9,47.2,13.3,save,0.131,38,1.0
121908,11.5,50.0,50.3,10.8,goal,0.826,90,1.0
121908,2.7,53.4,47.6,3.2,goal,0.978,80,1.0
121908,4.4,53.0,49.7,6.3,goal,0.222,77,1.0
121908,14.2,32.1,52.9,18.4,save,0.11,70,1.0
121908,15.2,32.5,50.2,26.6,save,0.034,56,1.0
121908,26.1,42.4,52.6,8.2,save,0.127,32,1.0
121908,10.5,43.7,52.8,1.3,save,0.731,62,1.0
121908,15.4,52.4,49.2,3.8,save,0.047,56,1.0
121908,7.5,48.6,51.6,15.2,save,0.079,48,1.0
121908,26.1,58.8,47.7,0.6,save,0.122,40,1.0
121908,2.6,64.4,46.2,3.2,save,0.156,28,1.0
121908,12.7,33.0,49.6,3.2,save,0.043,19,1.0
121908,11.5,50.0,51.8,1.3,goal,0.97,15,1.0
121908,14.3,56.7,46.9,26.6,goal,0.277,7,1.0
121908,13.0,38.0,48.0,5.7,save,0.131,90,1.0
121908,7.7,49.4,53.3,25.9,goal,0.785,64,1.0
121908,6.1,49.7,49.3,8.9,goal,0.094,49,1.0
121908,11.5,50.0,52.6,25.3,save,0.987,49,1.0
121908,9.5,68.8,50.0,30.4,save,0.043,90,1.0
121908,11.0,45.1,49.9,13.9,save,0.022,72,1.0
121908,7.4,61.3,49.7,7.6,save,0.326,47,1.0
121908,10.0,65.0,46.6,6.3,save,0.429,45,1.0
121908,9.6,66.1,47.7,1.9,save,0.49,38,1.0
121908,6.4,56.7,51.6,1.9,goal,0.189,27,1.0
121908,27.6,49.0,50.6,7.0,save,0.023,25,1.0
121908,3.3,49.2,50.0,20.3,goal,0.911,6,1.0
556866,10.3,50.0,47.9,22.2,save,0.135,90,0.77
556866,3.3,54.8,50.3,26.6,save,0.164,61,0.77
556866,7.6,45.8,48.4,13.3,goal,0.117,32,0.77
556866,9.8,52.3,52.8,7.0,save,0.688,46,0.77
556866,5.2,31.3,48.4,5.7,save,0.269,46,0.77
556866,19.4,51.9,46.1,28.5,save,0.455,33,0.77
556866,9.4,54.8,51.3,6.3,goal,0.524,23,0.77
556866,9.9,29.2,51.4,29.1,goal,0.239,19,0.77
556866,8.9,56.0,52.3,5.1,goal,0.743,12,0.77
556866,14.1,43.1,51.6,20.9,save,0.142,70,0.77
556866,12.8,51.2,47.2,30.4,goal,0.831,64,0.77
556866,4.0,34.2,54.0,8.2,save,0.483,90,0.77
556866,1.4,37.8,53.0,12.0,save,0.056,39,0.77
556866,7.9,57.7,54.1,10.8,goal,0.423,36,0.77
556866,20.9,43.6,53.3,7.6,save,0.17,11,0.77
556866,3.9,40.7,49.0,14.6,goal,0.05,90,0.77
556866,4.2,46.2,52.9,2.5,save,0.666,68,0.77
556866,7.4,86.1,51.2,32.9,save,0.18,57,0.77
556866,21.9,46.4,50.1,15.8,save,0.016,82,0.77
556866,3.5,56.0,46.6,3.8,goal,0.943,80,0.77
556866,14.7,39.9,46.4,15.8,save,0.362,74,0.77
556866,9.9,53.2,46.7,7.0,goal,0.716,46,0.77
556866,6.8,57.5,51.7,29.7,goal,0.299,45,0.77
556866,26.8,48.9,46.3,22.2,save,0.299,45,0.77
556866,6.8,49.8,49.5,8.2,goal,0.495,23,0.77
556866,10.6,48.8,47.7,2.5,goal,0.626,70,0.77
556866,13.7,74.6,47.7,2.5,save,0.084,58,0.77
556866,24.3,32.9,53.6,17.1,save,0.219,44,0.77
556866,9.5,60.6,49.0,24.1,save,0.06,15,0.77
556866,11.3,62.9,51.6,24.7,save,0.434,8,0.77
556866,18.0,66.0,45.5,27.2,save,0.444,90,0.77
556866,12.2,59.3,48.2,20.9,save,0.087,68,0.77
556866,22.8,37.0,46.8,2.5,save,0.282,64,0.77
556866,8.3,67.8,47.6,28.5,save,0.148,50,0.77
556866,19.0,47.0,45.9,5.7,goal,0.412,13,0.77
556866,14.7,57.9,49.0,13.3,save,0.221,13,0.77
556866,15.5,68.4,50.8,32.9,save,0.092,75,0.77
556866,1.8,47.4,49.7,22.8,goal,0.773,63,0.77
556866,11.2,53.8,45.8,2.5,save,0.451,62,0.77
556866,9.2,59.1,50.3,17.7,save,0.276,45,0.77
556866,21.6,28.5,46.1,15.2,save,0.347,4,0.77
556866,4.5,45.6,50.9,13.3,save,0.066,73,0.77
556866,8.9,52.4,48.4,4.4,goal,0.721,64,0.77
556866,23.6,41.5,51.3,16.5,goal,0.043,61,0.77
556866,15.0,45.2,50.0,17.7,save,0.02,27,0.77
556866,6.3,67.2,53.2,17.7,goal,0.756,2,0.77
556866,11.6,35.1,53.8,3.2,save,0.229,90,0.77
556866,18.7,39.8,49.6,31.0,save,0.058,85,0.77
556866,10.2,47.3,50.3,13.3,save,0.183,56,0.77
556866,10.1,66.2,50.3,25.3,save,0.05,87,0.77
556866,28.4,49.1,49.0,2.5,save,0.043,79,0.77
556866,6.6,69.1,45.9,12.7,save,0.128,58,0.77
556866,6.7,44.2,49.5,1.3,goal,,45,0.77
556866,6.7,71.1,48.1,25.9,save,0.097,34,0.77
556866,12.3,35.4,47.2,6.3,save,0.239,81,0.77
556866,20.0,63.2,53.5,1.3,save,0.363,74,0.77
556866,10.7,55.7,46.4,11.4,save,0.163,20,0.77
556866,7.4,32.8,49.4,26.6,save,0.06,54,0.77
556866,6.4,59.1,47.6,12.0,save,0.316,49,0.77
556866,12.8,49.7,48.0,3.2,goal,0.846,23,0.77
556866,21.0,35.2,46.8,15.8,save,0.296,68,0.77
556866,19.1,32.7,53.4,15.2,save,0.131,49,0.77
556866,7.1,29.7,50.6,22.8,save,0.035,48,0.77
556866,4.8,55.5,46.1,15.8,goal,0.328,43,0.77
556866,24.4,49.8,46.4,18.4,save,0.252,42,0.77
556866,6.9,56.2,50.3,3.8,save,0.031,20,0.77
556866,4.3,50.9,50.8,9.5,save,0.152,64,0.77
556866,25.0,62.0,50.6,3.2,save,0.031,48,0.77
556866,20.7,27.8,48.8,7.0,save,0.044,79,0.77
556866,18.9,55.5,51.5,5.1,save,0.064,69,0.77
556866,10.5,26.2,53.9,0.6,save,0.225,63,0.77
556866,9.9,52.3,51.3,10.1,save,0.331,46,0.77
556866,7.1,50.3,49.3,33.5,save,0.135,45,0.77
556866,17.8,47.6,46.0,13.9,goal,0.276,28,0.77
556866,10.8,58.7,54.5,1.9,goal,0.955,13,0.77
556866,6.0,29.8,53.0,2.5,save,0.126,3,0.77
556866,13.9,44.3,51.7,20.3,save,0.09,87,0.77
556866,1.4,48.4,49.8,21.5,goal,0.968,79,0.77
556866,18.9,67.6,48.4,30.4,save,0.109,62,0.77
556866,26.9,37.1,54.0,18.4,save,0.301,31,0.77
556866,22.4,65.1,47.7,23.4,save,0.114,14,0.77
556866,19.2,46.8,49.9,26.6,save,0.034,7,0.77
556866,11.0,60.6,51.0,22.2,goal,0.449,90,0.77
556866,9.7,49.7,50.7,18.4,save,0.216,79,0.77
556866,9.4,29.5,49.3,6.3,save,0.036,73,0.77
556866,5.5,48.1,47.7,3.8,goal,0.936,54,0.77
556866,11.0,41.5,50.4,0.6,save,0.043,54,0.77
556866,19.7,44.2,51.9,8.9,save,0.058,49,0.77
556866,6.7,52.1,46.3,24.7,goal,,32,0.77
556866,24.5,37.9,49.4,25.9,save,0.044,21,0.77
556866,21.0,66.0,46.4,7.0,save,0.174,19,0.77
556866,8.6,60.5,53.7,1.3,goal,0.874,68,0.77
556866,10.7,36.6,49.8,9.5,save,0.162,47,0.77
556866,3.6,54.7,47.3,5.7,goal,0.945,24,0.77
556866,9.6,61.8,47.1,22.2,save,0.166,24,0.77
556866,12.0,68.0,50.8,1.9,save,0.051,24,0.77
556866,11.5,50.0,51.6,0.6,goal,0.968,8,0.77
556866,8.1,52.6,47.1,22.2,save,0.882,5,0.77
556866,16.5,49.8,54.4,5.7,goal,0.769,90,0.77
556866,9.7,53.2,53.7,3.2,goal,0.827,72,0.77
556866,10.2,56.9,54.2,20.9,save,0.521,64,0.77
556866,6.5,68.0,52.5,12.7,save,0.167,64,0.77
556866,13.8,45.1,53.2,1.9,save,0.334,58,0.77
556866,12.0,61.5,49.4,13.9,save,0.255,46,0.77
556866,4.9,52.4,47.7,2.5,goal,0.959,9,0.77
556866,4.0,47.6,52.8,5.1,goal,0.498,4,0.77
556866,11.5,50.0,54.2,14.6,goal,0.993,83,0.77
556866,12.3,68.6,50.5,3.2,save,0.038,75,0.77
556866,5.4,43.5,51.6,19.6,save,0.076,45,0.77
556866,9.1,46.7,53.2,3.2,goal,0.875,42,0.77
556866,7.5,61.0,48.3,5.1,save,0.395,31,0.77
556866,16.7,50.5,49.3,3.8,save,0.078,24,0.77
556866,9.0,69.9,48.8,5.1,save,0.037,23,0.77
556866,8.7,57.2,49.8,5.7,save,0.032,20,0.77
556866,4.6,55.7,49.6,4.4,save,0.198,11,0.77
556866,11.5,50.0,46.8,3.8,save,0.988,11,0.77
556866,18.2,43.1,52.8,23.4,save,0.249,37,0.77
556866,7.1,50.1,50.6,13.9,save,0.236,48,0.77
556866,26.8,64.3,46.8,16.5,save,0.138,6,0.77
556866,8.2,29.5,53.2,13.9,save,0.088,82,0.77
556866,13.8,43.6,51.2,18.4,save,0.043,55,0.77
556866,2.6,72.9,46.8,17.1,save,0.088,43,0.77
556866,11.5,50.0,46.4,10.1,goal,0.988,31,0.77
556866,8.7,43.3,46.9,6.3,goal,0.258,9,0.77
556866,6.5,67.2,49.4,1.9,save,0.125,82,0.77
556866,10.0,44.5,49.1,1.9,save,0.051,69,0.77
556866,21.0,43.8,52.6,29.7,save,0.22,68,0.77
556866,28.5,48.5,53.3,1.3,save,0.247,45,0.77
556866,7.8,60.8,48.0,6.3,save,0.07,33,0.77
556866,16.1,43.3,51.2,27.2,save,0.09,23,0.77
556866,9.4,25.3,46.1,13.9,goal,0.484,13,0.77
556866,8.3,51.8,45.8,10.1,save,0.315,9,0.77
556866,11.5,50.0,50.1,20.3,goal,0.871,82,0.77
556866,14.1,66.8,46.8,5.1,goal,0.153,61,0.77
556866,15.3,32.1,53.2,9.5,save,0.098,60,0.77
556866,12.2,52.4,51.8,18.4,save,0.084,52,0.77
556866,14.2,42.1,49.0,3.8,save,0.173,49,0.77
556866,16.8,60.8,51.3,3.2,save,0.076,27,0.77
556866,6.1,67.0,46.1,8.2,save,0.144,70,0.77
556866,6.3,54.0,54.0,17.1,goal,0.645,45,0.77
556866,11.7,43.7,46.4,10.1,goal,0.26,45,0.77
556866,7.2,44.7,48.1,20.9,save,0.154,4,0.77
556866,19.4,63.7,47.7,1.9,save,0.103,82,0.77
556866,6.1,41.9,52.7,6.3,save,0.417,78,0.77
556866,3.5,50.2,49.7,1.9,save,0.888,55,0.77
556866,22.4,30.7,47.8,19.0,save,0.132,2,0.77
24937,9.5,56.0,48.7,21.5,save,0.196,90,0.92
24937,6.6,50.1,52.6,3.8,goal,0.864,74,0.92
24937,12.6,46.3,47.1,3.8,goal,0.639,62,0.92
24937,25.1,36.6,46.0,2.5,goal,0.43,59,0.92
24937,12.5,48.7,51.0,20.9,save,0.048,34,0.92
24937,8.6,46.0,50.2,0.6,goal,0.603,90,0.92
24937,10.7,57.0,48.1,0.6,save,0.149,88,0.92
24937,14.6,60.8,45.9,4.4,goal,0.293,86,0.92
24937,4.8,44.9,49.1,1.3,save,0.703,83,0.92
24937,4.8,53.0,50.6,22.2,goal,0.127,76,0.92
24937,8.7,31.8,53.8,2.5,save,0.254,75,0.92
24937,18.2,44.6,46.6,8.2,save,0.254,71,0.92
24937,10.9,35.5,49.0,0.6,save,0.266,50,0.92
24937,11.5,50.0,51.3,2.5,goal,0.953,45,0.92
24937,13.7,51.6,45.8,13.3,goal,0.314,41,0.92
24937,12.8,55.0,49.9,23.4,save,0.036,90,0.92
24937,25.7,32.5,50.3,30.4,save,0.044,89,0.92
24937,12.7,57.7,53.7,1.9,goal,0.534,87,0.92
24937,12.5,58.5,49.2,7.0,save,0.158,81,0.92
24937,8.3,44.6,45.8,20.3,goal,0.83,80,0.92
24937,3.1,54.7,47.7,32.9,goal,0.743,78,0.92
24937,14.1,41.1,48.7,32.3,save,0.114,57,0.92
24937,2.6,65.0,52.1,15.8,save,0.519,51,0.92
24937,11.7,41.5,51.8,5.7,save,0.417,51,0.92
24937,18.3,58.2,50.0,2.5,save,0.275,26,0.92
24937,26.7,38.3,48.9,3.2,save,0.048,11,0.92
24937,8.6,51.5,46.0,20.3,goal,0.517,6,0.92
24937,13.7,34.0,45.4,7.6,save,0.624,6,0.92
24937,15.6,31.1,52.6,0.6,save,,90,0.92
24937,13.3,31.7,53.7,13.9,save,,84,0.92
24937,8.3,69.6,45.3,31.6,save,,82,0.92
24937,8.5,53.6,50.0,1.3,goal,,72,0.92
24937,28.7,60.3,46.5,3.8,save,,72,0.92
24937,8.2,52.1,53.1,1.3,goal,,64,0.92
24937,22.9,39.4,53.2,25.3,save,,50,0.92
24937,3.5,43.2,53.5,3.2,goal,,13,0.92
24937,11.5,50.0,50.3,19.6,goal,,128,0.92
24937,11.5,50.0,53.9,2.5,goal,,126,0.92
24937,11.5,50.0,52.8,25.9,goal,,125,0.92
24937,11.5,50.0,53.9,0.6,goal,,124,0.92
24937,11.5,50.0,47.7,19.0,goal,,122,0.92
24937,11.5,50.0,53.0,9.5,save,,121,0.92
24937,2.6,60.8,47.9,19.0,save,,118,0.92
24937,1.8,57.7,47.7,19.0,save,,118,0.92
24937,13.2,48.9,50.1,14.6,save,,114,0.92
24937,12.0,21.5,51.9,1.3,save,,25,0.92
24937,14.2,38.9,48.7,1.9,save,,11,0.92
24937,9.7,47.7,50.7,8.2,save,,2,0.92
24937,3.8,53.8,47.4,21.5,goal,,81,0.92
24937,8.6,35.1,51.0,13.3,save,0.104,41,0.92
24937,10.5,49.7,48.8,24.7,save,0.402,40,0.92
24937,24.7,71.4,48.7,8.9,save,0.03,21,0.92
24937,10.7,62.4,49.8,6.3,save,0.224,86,0.92
24937,7.9,46.6,51.0,16.5,save,0.045,68,0.92
24937,19.4,43.7,52.3,16.5,save,0.105,67,0.92
24937,11.9,36.9,51.0,6.3,save,0.041,46,0.92
24937,13.7,43.9,47.1,6.3,goal,0.209,43,0.92
24937,10.4,57.8,49.2,17.7,save,0.032,90,0.92
24937,15.3,35.0,47.2,22.2,goal,0.266,84,0.92
24937,2.7,48.3,48.7,13.3,goal,0.965,73,0.92
24937,12.9,52.6,49.3,19.0,save,0.034,63,0.92
24937,12.9,68.9,50.2,3.2,save,0.025,63,0.92
24937,5.1,47.2,48.7,14.6,goal,0.559,53,0.92
24937,4.9,55.0,54.3,20.3,goal,0.987,36,0.92
24937,9.8,68.2,49.0,12.7,save,0.024,24,0.92
24937,12.3,28.1,47.1,0.6,save,0.414,74,0.92
24937,2.3,47.0,53.9,3.8,goal,0.972,71,0.92
24937,11.5,50.0,52.9,5.7,goal,0.983,45,0.92
24937,5.0,58.4,47.7,13.3,save,0.194,43,0.92
24937,9.4,46.6,49.8,19.0,save,0.025,81,0.92
24937,8.0,32.7,52.9,19.6,goal,0.144,76,0.92
24937,15.3,50.9,48.1,1.3,goal,0.164,62,0.92
24937,8.9,42.1,47.2,20.9,goal,0.27,90,0.92
24937,6.4,39.1,47.0,6.3,goal,0.289,90,0.92
24937,14.9,69.2,49.7,7.0,save,0.022,89,0.92
24937,14.7,35.6,49.3,32.9,save,0.085,85,0.92
24937,5.1,75.6,46.9,18.4,save,0.079,19,0.92
24937,5.4,30.3,54.0,21.5,save,0.18,13,0.92
24937,7.4,54.1,50.3,21.5,save,0.038,10,0.92
24937,12.4,65.3,48.6,0.6,save,0.066,90,0.92
24937,4.5,55.5,48.5,17.1,save,0.374,90,0.92
24937,8.4,53.0,49.3,1.3,goal,0.494,87,0.92
24937,12.0,43.2,53.5,20.3,save,0.679,86,0.92
24937,6.4,32.5,51.6,1.3,save,0.065,85,0.92
24937,13.0,27.3,50.6,24.7,save,0.037,65,0.92
24937,7.9,66.4,46.4,31.6,goal,0.331,14,0.92
24937,8.6,61.1,51.3,5.7,save,0.085,14,0.92
24937,8.6,45.0,47.3,7.0,save,0.816,10,0.92
24937,11.7,64.8,47.3,20.3,goal,0.123,90,0.92
24937,24.0,37.4,51.5,33.5,save,0.124,90,0.92
24937,5.7,49.5,50.1,8.2,goal,0.235,78,0.92
24937,5.2,52.1,51.3,2.5,goal,0.693,72,0.92
24937,11.5,50.0,53.2,27.2,goal,0.993,35,0.92
24937,3.2,50.5,48.5,1.3,goal,0.877,28,0.92
24937,3.7,52.4,49.4,14.6,goal,0.781,72,0.92
24937,4.6,47.9,51.8,2.5,goal,,71,0.92
24937,10.2,39.3,48.1,5.7,goal,0.773,68,0.92
24937,22.5,41.3,46.1,21.5,goal,0.427,30,0.92
24937,14.5,45.7,46.8,7.0,save,0.723,3,0.92
24937,11.5,50.0,48.4,1.9,goal,0.962,90,0.92
24937,5.8,47.3,52.9,15.8,goal,0.734,72,0.92
24937,15.1,49.6,54.3,16.5,save,0.391,60,0.92
24937,23.8,34.2,52.5,33.5,save,0.282,36,0.92
24937,9.7,30.1,52.6,19.6,save,0.1,16,0.92
24937,11.5,50.0,54.3,1.9,goal,0.996,6,0.92
24937,11.5,50.0,53.8,1.9,goal,0.994,90,0.92
24937,13.4,39.5,50.0,17.7,save,0.025,61,0.92
24937,7.6,46.4,49.6,8.2,save,0.051,50,0.92
24937,22.2,34.3,49.0,10.1,save,0.028,74,0.92
24937,1.3,53.3,46.2,1.9,goal,0.996,14,0.92
24937,7.2,49.3,51.9,3.8,save,0.134,89,0.92
24937,14.5,62.0,49.4,15.2,save,0.038,90,0.92
24937,10.5,47.0,50.6,17.7,save,0.04,82,0.92
24937,10.3,63.6,47.2,8.2,goal,0.617,69,0.92
24937,4.6,52.8,53.7,12.7,goal,0.592,45,0.92
24937,19.2,52.1,48.5,3.2,save,0.067,42,0.92
24937,12.3,64.0,48.0,22.8,save,0.104,34,0.92
24937,13.9,53.2,52.4,7.6,goal,0.565,32,0.92
24937,11.5,50.0,53.1,5.1,goal,0.987,30,0.92
24937,26.2,53.0,47.7,20.3,goal,0.109,90,0.92
24937,20.4,62.6,49.5,10.1,save,0.018,76,0.92
24937,24.6,43.8,48.6,22.2,save,0.067,71,0.92
24937,7.0,59.3,48.8,15.2,save,0.067,85,0.92
24937,4.8,66.8,46.3,15.2,save,0.113,76,0.92
24937,9.7,44.5,51.2,25.3,save,0.075,27,0.92
24937,4.5,40.5,51.9,4.4,save,0.139,5,0.92
24937,9.7,68.3,48.7,8.2,save,0.046,2,0.92
24937,15.0,64.3,50.0,25.9,save,0.034,76,0.92
24937,14.8,61.7,48.7,4.4,save,0.052,57,0.92
24937,23.9,60.6,50.1,18.4,save,0.018,25,0.92
24937,19.1,71.0,51.2,10.8,save,0.034,90,0.92
24937,18.5,43.1,48.1,19.0,save,0.108,86,0.92
24937,7.8,73.2,46.0,2.5,save,0.194,78,0.92
24937,3.7,62.3,49.0,0.6,save,0.047,75,0.92
24937,14.1,43.9,50.1,4.4,goal,0.282,45,0.92
24937,6.0,38.8,50.5,27.2,save,0.046,23,0.92
24937,4.2,45.1,45.8,17.1,goal,0.979,76,0.92
24937,12.2,31.1,50.6,12.0,save,0.059,67,0.92
24937,8.4,41.9,53.6,15.8,goal,0.857,43,0.92
24937,8.7,54.3,51.9,3.8,goal,,32,0.92
24937,12.5,56.6,49.7,5.1,save,0.209,31,0.92
24937,33.4,18.5,50.0,17.1,save,0.014,14,0.92
24937,22.6,31.6,51.4,6.3,save,0.041,6,0.92
24937,7.9,57.0,48.4,8.9,save,0.249,3,0.92
24937,19.2,51.8,45.9,13.3,goal,0.258,90,0.92
24937,19.6,48.2,53.7,22.2,save,0.353,89,0.92
24937,19.2,49.1,52.5,4.4,save,0.122,76,0.92
24937,3.0,52.2,49.2,7.0,goal,,59,0.92
24937,12.8,30.5,51.6,3.2,save,0.061,68,0.92
24937,4.6,33.0,52.6,10.1,save,0.245,61,0.92
24937,8.8,55.0,53.4,11.4,goal,0.286,43,0.92
24937,18.7,31.6,52.6,15.8,save,0.078,4,0.92
24937,9.8,50.5,48.0,13.3,save,0.07,84,0.92
24937,2.6,37.3,46.8,5.1,save,0.49,76,0.92
24937,18.9,63.6,47.7,16.5,save,0.077,60,0.92
24937,7.5,55.5,48.9,5.7,goal,0.321,54,0.92
24937,12.8,51.5,49.7,19.0,save,0.027,15,0.92
24937,16.7,50.3,48.4,5.1,save,0.076,14,0.92
24937,3.8,56.7,47.6,1.9,goal,0.768,88,0.92
24937,15.7,50.0,51.5,30.4,save,0.136,87,0.92
24937,12.1,32.4,46.8,11.4,goal,0.264,81,0.92
24937,10.3,71.8,49.7,3.8,save,0.025,71,0.92
24937,17.6,45.9,50.7,29.1,save,0.073,68,0.92
24937,21.8,68.0,51.0,22.8,save,0.055,56,0.92
24937,11.5,50.0,53.3,1.3,goal,0.991,54,0.92
24937,9.2,40.9,51.4,13.9,save,0.035,47,0.92
24937,8.8,67.4,50.4,5.1,save,0.031,40,0.92
24937,14.5,55.5,51.7,3.2,goal,0.576,38,0.92
24937,5.6,58.8,49.7,17.1,save,0.35,35,0.92
24937,7.9,52.4,53.5,24.7,goal,0.447,29,0.92
24937,10.3,58.2,46.7,0.6,goal,0.726,12,0.92
24937,2.0,53.6,49.0,3.2,goal,0.938,4,0.92
24937,6.5,49.3,50.3,25.3,save,0.309,1,0.92
24937,5.5,49.1,49.8,17.1,save,0.285,90,0.92
24937,16.5,67.3,51.0,22.2,save,0.058,76,0.92
24937,14.0,55.4,46.1,14.6,save,0.239,57,0.92
24937,8.3,57.1,52.3,15.8,save,0.76,50,0.92
24937,12.5,49.4,50.2,15.2,save,0.021,46,0.92
24937,14.6,36.1,45.5,2.5,goal,0.678,45,0.92
24937,3.8,44.5,54.0,13.9,goal,0.357,37,0.92
24937,16.0,48.6,54.2,1.9,goal,0.463,27,0.92
24937,8.2,46.9,47.1,14.6,save,0.189,76,0.92
24937,13.0,56.1,50.4,19.6,save,0.037,71,0.92
24937,11.5,50.0,47.9,15.2,save,0.961,61,0.92
24937,19.0,73.2,46.6,6.3,save,0.126,43,0.92
24937,11.5,50.0,46.3,3.8,save,0.992,27,0.92
24937,5.8,34.0,51.3,8.9,save,0.035,72,0.92
24937,11.5,50.0,47.1,25.3,goal,0.99,45,0.92
24937,23.4,28.9,47.0,25.9,save,0.321,44,0.92
24937,11.1,54.0,50.1,17.7,save,0.249,40,0.92
24937,4.3,53.3,48.1,21.5,goal,0.719,26,0.92
24937,4.4,66.8,50.4,11.4,save,0.104,90,0.92
24937,22.8,57.7,52.5,3.2,goal,0.15,56,0.92
24937,8.5,45.2,47.1,9.5,save,0.201,6,0.92
24937,3.1,44.3,50.3,31.0,save,0.159,80,0.92
24937,2.8,53.6,46.1,5.7,goal,0.988,62,0.92
24937,11.8,39.0,50.1,5.1,save,0.174,62,0.92
24937,9.0,50.8,49.9,7.0,goal,0.216,35,0.92
24937,10.6,42.4,50.1,8.2,save,0.016,89,0.92
24937,16.1,49.3,45.9,3.8,goal,0.4,55,0.92
24937,12.6,30.8,48.7,18.4,save,0.065,55,0.92
24937,11.4,35.3,47.4,3.2,save,0.572,22,0.92
24937,7.4,33.0,48.4,3.2,save,0.158,11,0.92
24937,7.4,34.2,50.8,2.5,save,0.042,7,0.92
24937,9.8,66.6,53.8,4.4,goal,0.879,77,0.92
24937,26.1,49.3,53.7,1.9,save,0.308,73,0.92
24937,7.1,48.5,51.9,3.2,goal,0.656,67,0.92
24937,3.0,54.6,51.0,12.0,goal,0.684,59,0.92
24937,9.8,47.0,51.9,15.8,save,0.674,45,0.92
24937,3.0,46.4,53.0,24.7,goal,0.695,38,0.92
24937,26.2,67.4,52.8,8.2,save,0.148,34,0.92
24937,18.9,50.7,48.5,23.4,goal,0.386,18,0.92
24937,13.1,50.4,48.5,12.0,save,0.04,13,0.92
137692,8.5,45.4,49.0,20.9,goal,0.087,70,0.97
137692,9.3,50.1,48.2,13.9,save,0.081,45,0.97
137692,13.8,52.1,52.0,29.1,goal,0.679,37,0.97
137692,13.4,58.3,46.0,3.2,goal,0.382,31,0.97
137692,7.5,56.3,46.1,18.4,goal,0.761,16,0.97
137692,3.5,52.8,48.6,20.3,goal,0.832,90,0.97
137692,11.2,36.9,51.6,17.1,save,0.059,90,0.97
137692,6.1,46.4,49.3,18.4,goal,0.097,87,0.97
137692,24.3,64.0,47.4,13.9,save,0.075,66,0.97
137692,11.5,50.0,53.8,16.5,goal,0.991,45,0.97
137692,14.2,54.4,49.7,1.9,save,0.064,90,0.97
137692,7.9,52.1,46.9,10.8,goal,0.511,85,0.97
137692,10.5,70.1,50.7,5.1,save,0.036,45,0.97
137692,8.1,63.3,47.7,5.1,save,0.122,10,0.97
137692,9.8,57.2,46.8,1.9,save,0.73,90,0.97
137692,11.0,39.3,48.1,32.3,goal,0.808,81,0.97
137692,9.8,62.0,47.4,1.3,save,0.158,64,0.97
137692,12.2,54.5,50.0,14.6,goal,0.212,47,0.97
137692,15.7,22.7,52.9,2.5,save,0.116,78,0.97
137692,22.0,67.5,50.6,3.2,save,0.032,73,0.97
137692,10.5,59.9,45.7,11.4,save,0.247,72,0.97
137692,12.9,44.8,45.8,15.2,goal,0.394,66,0.97
137692,12.8,57.9,52.3,4.4,goal,0.479,62,0.97
137692,4.4,59.0,47.5,27.2,goal,0.193,53,0.97
137692,23.3,62.6,46.1,21.5,goal,0.352,45,0.97
137692,12.0,55.8,48.1,32.3,goal,0.213,29,0.97
137692,22.8,65.1,50.9,10.8,save,0.025,5,0.97
137692,7.7,50.0,49.6,17.1,save,0.034,90,0.97
137692,8.6,58.1,47.8,9.5,save,0.064,59,0.97
137692,14.1,29.8,53.9,0.6,save,0.248,17,0.97
137692,19.0,46.7,48.1,8.9,save,0.134,8,0.97
137692,3.3,54.2,47.1,17.1,goal,0.412,63,0.97
137692,12.8,40.7,49.0,13.9,save,0.032,55,0.97
137692,22.1,59.1,49.4,31.6,save,0.056,90,0.97
137692,7.0,71.6,46.4,24.1,save,0.181,59,0.97
137692,4.4,35.2,51.2,3.8,save,0.046,57,0.97
137692,9.7,40.9,48.3,7.0,save,0.695,90,0.97
137692,27.0,53.3,46.7,4.4,save,0.205,90,0.97
137692,14.9,50.0,53.4,0.6,save,0.338,77,0.97
137692,7.8,35.2,54.2,19.0,save,0.576,59,0.97
137692,11.5,50.0,52.5,17.1,goal,0.975,45,0.97
137692,24.7,43.0,46.8,6.3,save,0.209,43,0.97
137692,7.2,49.4,51.6,20.9,save,0.107,15,0.97
137692,22.1,60.5,53.7,19.0,save,0.437,11,0.97
137692,21.5,41.1,51.6,3.8,save,0.06,77,0.97
137692,19.0,71.3,50.0,3.8,save,0.026,63,0.97
137692,21.5,63.6,46.4,1.9,save,0.23,54,0.97
137692,14.7,58.8,46.8,5.7,save,0.214,2,0.97
137692,22.1,43.9,49.3,7.0,goal,0.129,71,0.97
137692,10.8,57.9,51.3,20.9,save,0.081,49,0.97
137692,10.2,51.4,47.2,13.3,goal,0.814,3,0.97
137692,31.1,54.9,52.2,3.2,save,0.105,1,0.97
137692,11.9,43.4,48.4,3.2,goal,0.612,90,0.97
137692,10.5,64.0,51.3,7.0,save,0.062,74,0.97
137692,22.7,67.7,51.3,5.1,save,0.056,64,0.97
137692,11.4,31.9,51.8,17.1,save,0.052,52,0.97
137692,15.0,62.2,52.4,29.7,goal,0.285,41,0.97
137692,23.3,33.4,50.8,8.2,save,0.024,38,0.97
137692,3.2,43.4,50.3,20.9,save,0.134,35,0.97
137692,25.5,51.0,46.2,1.3,save,0.332,81,0.97
137692,13.5,33.6,45.8,22.8,goal,0.602,65,0.97
137692,14.7,32.2,46.7,3.8,save,0.348,52,0.97
137692,12.9,65.6,53.0,22.2,save,0.729,45,0.97
137692,12.8,64.5,54.4,12.7,goal,0.875,19,0.97
137692,6.7,50.1,46.7,1.9,save,0.554,85,0.97
137692,10.7,52.8,53.3,20.3,save,0.295,81,0.97
137692,25.9,51.7,49.3,20.3,save,0.037,66,0.97
137692,12.4,45.5,47.1,25.9,goal,0.321,46,0.97
137692,5.7,48.7,50.6,3.8,save,0.759,45,0.97
137692,22.8,38.3,50.3,4.4,save,0.023,45,0.97
137692,18.0,65.0,51.4,2.5,save,0.084,30,0.97
137692,24.1,31.7,53.9,0.6,save,0.269,11,0.97
137692,1.4,58.1,46.0,19.6,save,0.361,6,0.97
137692,4.9,54.0,45.8,17.7,save,0.5,6,0.97
137692,18.9,22.7,49.1,16.5,save,0.033,64,0.97
137692,11.4,36.8,50.0,19.0,save,0.022,90,0.97
137692,11.6,68.5,52.9,13.3,save,0.207,53,0.97
137692,7.5,45.8,53.2,5.7,goal,0.27,48,0.97
137692,7.7,50.1,47.1,16.5,save,0.202,45,0.97
137692,11.7,30.7,49.1,8.2,save,0.036,43,0.97
137692,2.7,56.5,48.4,20.3,goal,0.453,11,0.97
137692,10.7,27.2,53.8,9.5,save,0.113,57,0.97
137692,27.1,48.3,45.9,10.1,save,0.328,54,0.97
137692,6.0,67.7,53.2,10.8,save,0.277,52,0.97
137692,4.8,45.7,45.8,12.7,goal,0.636,45,0.97
137692,11.1,45.4,49.7,14.6,save,0.023,9,0.97
137692,10.1,53.6,50.9,13.9,save,0.03,9,0.97
137692,6.4,44.8,52.4,19.0,save,0.143,90,0.97
137692,10.4,53.4,52.6,14.6,save,0.131,64,0.97
137692,3.5,39.1,51.5,13.9,save,0.399,40,0.97
137692,8.8,61.3,48.8,12.0,save,0.034,6,0.97
137692,13.2,57.2,50.8,7.0,save,0.249,90,0.97
137692,11.5,50.0,46.9,6.3,goal,0.985,78,0.97
137692,14.1,55.0,52.7,17.1,goal,0.51,54,0.97
137692,4.9,53.4,48.0,20.3,goal,0.421,45,0.97
137692,12.6,49.3,47.2,13.9,save,0.115,31,0.97
137692,14.0,36.6,54.1,10.1,save,0.252,30,0.97
137692,6.8,49.7,51.5,12.7,save,0.12,28,0.97
137692,15.1,35.0,53.2,3.2,save,0.173,86,0.97
137692,6.9,58.7,51.6,7.0,save,0.089,51,0.97
137692,9.5,64.2,46.1,34.2,save,0.397,43,0.97
137692,7.3,63.8,47.0,5.1,save,0.154,43,0.97
137692,18.4,55.4,45.9,15.2,save,0.263,43,0.97
137692,8.8,63.6,52.7,1.9,save,0.309,38,0.97
137692,15.1,59.3,46.1,13.9,save,0.193,14,0.97
137692,10.8,50.7,50.0,16.5,save,0.023,83,0.97
137692,6.3,59.3,48.7,11.4,save,0.354,45,0.97
137692,5.4,51.9,48.1,21.5,save,0.657,16,0.97
137692,11.5,50.0,49.3,0.6,goal,0.933,39,0.97
137692,12.1,66.2,48.8,7.0,save,0.037,9,0.97
137692,30.0,49.7,47.1,15.2,save,0.126,82,0.97
137692,8.2,52.6,46.3,24.7,goal,0.764,77,0.97
137692,9.9,67.3,48.5,18.4,save,0.048,56,0.97
137692,12.1,44.8,51.1,12.7,save,0.029,90,0.97
137692,5.8,31.4,51.9,17.7,save,0.056,90,0.97
137692,8.4,64.1,50.7,16.5,goal,0.187,75,0.97
137692,7.0,49.9,47.4,4.4,goal,,38,0.97
137692,24.1,38.0,53.7,15.8,save,0.185,37,0.97
137692,8.2,53.8,53.3,5.1,goal,0.958,82,0.97
137692,2.7,47.2,52.2,2.5,goal,0.969,14,0.97
137692,15.3,45.7,53.7,1.3,goal,0.338,2,0.97
137692,10.7,67.2,52.2,3.8,save,0.22,85,0.97
137692,9.1,68.6,45.8,22.8,goal,0.32,83,0.97
137692,2.6,39.9,47.2,25.3,goal,0.574,73,0.97
137692,19.7,38.9,47.4,7.6,save,0.135,66,0.97
137692,6.1,58.5,51.0,3.8,save,0.771,58,0.97
137692,2.7,55.2,47.7,18.4,goal,0.292,57,0.97
137692,15.1,48.0,48.0,1.9,save,0.215,45,0.97
137692,6.4,46.9,49.7,20.3,save,0.231,30,0.97
137692,7.5,57.5,51.9,3.8,save,0.188,26,0.97
137692,17.7,26.2,47.4,25.9,goal,0.276,23,0.97
137692,8.0,50.3,53.8,1.3,goal,0.923,38,0.97
137692,11.5,50.0,46.1,7.0,goal,0.992,22,0.97
137692,19.7,36.3,52.9,1.9,save,0.152,15,0.97
137692,25.8,62.5,53.6,24.1,goal,0.452,59,0.97
137692,14.4,43.4,53.5,5.7,save,0.228,47,0.97
137692,20.1,34.6,51.7,3.8,save,0.072,36,0.97
137692,22.9,70.5,49.4,18.4,save,0.028,4,0.97
137692,23.1,45.8,48.7,0.6,goal,0.065,71,0.97
137692,10.9,62.5,50.8,19.6,goal,0.343,54,0.97
137692,23.2,27.4,47.1,27.2,goal,0.328,49,0.97
137692,24.8,61.4,51.4,1.3,save,0.072,48,0.97
137692,27.2,52.6,47.6,1.3,save,0.133,16,0.97
137692,2.6,53.2,47.7,2.5,goal,0.884,7,0.97
137692,5.6,53.3,47.9,11.4,save,0.119,7,0.97
137692,7.4,47.8,46.3,17.1,goal,0.776,88,0.97
137692,13.9,52.2,46.2,15.2,goal,0.66,81,0.97
137692,16.7,39.4,50.3,2.5,save,0.032,66,0.97
137692,7.3,62.0,47.2,3.8,save,0.55,60,0.97
137692,8.7,52.6,47.3,17.7,goal,0.683,16,0.97
137692,8.7,51.5,47.8,19.6,save,0.135,90,0.97
137692,28.8,63.9,54.2,2.5,save,0.449,82,0.97
137692,15.5,49.1,52.0,5.1,save,0.089,67,0.97
137692,5.8,44.3,49.4,19.0,save,0.103,61,0.97
137692,10.2,43.9,53.5,1.9,save,0.492,36,0.97
137692,14.4,49.0,51.5,2.5,goal,0.492,24,0.97
137692,12.4,48.6,52.0,24.1,goal,0.501,87,0.97
137692,11.4,43.9,46.7,17.1,goal,0.413,85,0.97
137692,17.9,64.5,52.5,22.2,save,0.19,82,0.97
137692,22.2,54.0,53.5,26.6,save,0.37,76,0.97
137692,18.5,53.8,47.1,24.7,goal,0.252,51,0.97
137692,5.1,39.0,53.2,12.0,save,0.084,45,0.97
137692,26.6,61.4,48.7,26.6,save,0.072,18,0.97
137692,21.6,66.6,48.5,18.4,save,0.046,39,0.97
137692,19.9,59.6,54.5,8.2,goal,0.444,30,0.97
137692,14.0,38.4,46.3,2.5,goal,0.469,12,0.97
137692,11.5,50.0,53.6,1.3,save,0.993,88,0.97
137692,14.1,31.2,45.8,17.7,goal,0.537,64,0.97
137692,11.5,50.0,46.3,1.9,save,0.994,62,0.97
132654,4.8,53.2,54.1,5.1,goal,0.983,90,0.91
132654,2.7,64.4,50.0,31.0,save,0.052,58,0.91
132654,20.6,32.9,51.3,19.6,save,0.043,58,0.91
132654,8.7,45.0,49.3,7.0,save,0.036,26,0.91
132654,7.1,31.7,49.6,1.9,save,0.048,9,0.91
132654,7.7,41.6,48.7,5.1,goal,0.347,90,0.91
132654,26.6,64.8,47.5,15.8,save,0.079,62,0.91
132654,27.7,55.0,48.4,24.7,save,0.101,49,0.91
132654,15.7,17.9,47.4,33.5,save,0.482,33,0.91
132654,21.1,54.8,52.2,28.5,save,0.184,24,0.91
132654,14.7,51.0,49.0,4.4,goal,0.255,10,0.91
132654,15.8,50.1,52.9,2.5,goal,0.222,8,0.91
132654,27.0,28.6,50.0,22.2,save,0.02,74,0.91
132654,9.4,41.3,45.9,9.5,goal,0.881,51,0.91
132654,14.3,46.8,46.3,13.3,goal,0.859,44,0.91
132654,3.3,48.6,46.8,28.5,goal,0.922,26,0.91
132654,3.2,69.9,52.6,22.8,goal,0.324,22,0.91
132654,10.8,62.8,47.8,17.7,goal,0.566,6,0.91
132654,4.4,32.2,51.3,20.9,goal,0.261,2,0.91
132654,2.5,51.4,49.8,2.5,goal,0.946,88,0.91
132654,10.8,32.1,51.6,19.6,save,0.068,78,0.91
132654,7.0,34.4,46.5,3.8,goal,0.874,72,0.91
132654,17.4,35.7,49.3,18.4,save,0.038,69,0.91
132654,4.3,70.4,47.1,10.1,save,0.065,62,0.91
132654,9.9,66.4,49.3,6.3,save,0.177,60,0.91
132654,18.9,33.1,53.3,22.8,goal,0.291,38,0.91
132654,24.8,54.8,53.5,3.2,save,0.277,35,0.91
132654,18.5,32.5,46.1,3.2,goal,0.447,30,0.91
132654,19.7,31.5,47.0,20.9,save,0.262,42,0.91
132654,10.0,53.7,50.1,4.4,save,0.19,38,0.91
132654,19.5,63.8,53.8,10.8,goal,0.332,36,0.91
132654,8.0,43.6,45.8,16.5,save,0.516,87,0.91
132654,10.8,57.9,51.8,5.1,save,0.118,74,0.91
132654,19.7,48.7,51.5,3.2,save,0.076,38,0.91
132654,7.1,33.7,52.9,14.6,save,0.071,24,0.91
132654,13.6,37.1,50.0,15.2,save,0.023,60,0.91
132654,7.3,67.5,51.1,4.4,save,0.208,55,0.91
132654,18.9,50.1,52.9,6.3,goal,0.167,50,0.91
132654,8.0,40.0,49.1,17.1,save,0.321,48,0.91
132654,9.5,56.8,48.1,6.3,save,0.578,47,0.91
132654,12.3,55.1,49.7,19.0,save,0.025,42,0.91
132654,9.5,35.6,49.5,5.1,save,0.037,40,0.91
132654,6.1,39.3,51.2,12.0,save,0.026,37,0.91
132654,2.9,53.4,47.3,25.3,goal,,3,0.91
132654,4.9,49.2,51.7,0.6,goal,0.947,90,0.91
132654,6.7,65.4,52.9,3.2,goal,0.809,74,0.91
132654,11.3,53.2,47.3,1.3,goal,0.684,64,0.91
132654,4.5,49.2,53.4,13.3,goal,0.889,45,0.91
132654,7.0,39.3,48.0,1.9,goal,0.664,36,0.91
132654,8.0,64.4,49.2,24.1,save,0.232,7,0.91
132654,9.5,34.0,49.7,0.6,save,0.038,90,0.91
132654,9.4,57.0,49.9,22.2,save,0.195,86,0.91
132654,5.5,70.9,47.7,6.3,save,0.166,74,0.91
132654,9.2,57.5,50.0,13.9,save,0.025,68,0.91
132654,8.8,40.1,47.2,11.4,goal,0.179,48,0.91
132654,3.9,51.5,53.2,8.2,goal,0.886,29,0.91
132654,4.3,52.3,49.8,2.5,save,0.12,29,0.91
132654,15.5,17.3,49.1,29.1,save,0.098,90,0.91
132654,18.5,53.2,54.0,5.1,goal,0.371,84,0.91
132654,3.6,55.4,53.7,27.2,goal,0.983,80,0.91
132654,3.2,38.3,52.7,13.3,save,0.234,66,0.91
132654,9.0,46.2,52.9,24.7,goal,0.781,60,0.91
132654,4.0,39.3,50.8,12.7,save,0.143,50,0.91
132654,1.7,55.4,47.5,2.5,goal,0.842,32,0.91
132654,17.8,62.6,46.8,1.3,save,0.196,16,0.91
132654,11.9,35.8,47.5,3.2,save,0.762,5,0.91
132654,10.1,60.3,46.1,0.6,goal,0.738,90,0.91
132654,26.3,45.0,53.9,15.8,save,0.23,90,0.91
132654,2.3,50.2,50.0,33.5,goal,0.857,14,0.91
132654,14.2,31.1,47.9,15.8,save,0.108,2,0.91
132654,17.8,49.4,48.0,5.1,save,0.107,90,0.91
132654,6.1,66.4,45.4,20.3,save,0.713,61,0.91
132654,12.8,36.4,48.7,18.4,save,0.23,60,0.91
132654,28.5,52.8,49.9,12.0,save,0.011,50,0.91
132654,8.3,51.5,49.3,2.5,goal,,8,0.91
132654,10.5,34.9,46.1,1.9,goal,0.586,84,0.91
132654,24.0,52.4,47.1,5.7,save,0.154,55,0.91
132654,6.3,53.0,46.3,2.5,goal,0.928,29,0.91
132654,9.2,34.5,53.5,30.4,goal,0.797,25,0.91
132654,10.9,36.5,48.3,1.9,goal,0.412,20,0.91
132654,11.3,59.5,50.3,11.4,goal,0.158,12,0.91
132654,14.8,49.9,48.7,3.2,goal,0.252,2,0.91
132654,19.7,53.6,47.8,2.5,save,0.126,90,0.91
132654,10.2,65.0,51.3,3.8,save,0.43,84,0.91
132654,2.7,36.4,49.8,2.5,save,0.03,68,0.91
132654,10.0,39.7,50.9,6.3,goal,0.333,62,0.91
132654,23.2,49.7,46.2,3.2,save,0.298,48,0.91
132654,14.5,45.4,48.4,0.6,save,0.354,48,0.91
132654,13.1,64.5,48.3,5.1,save,0.274,90,0.91
132654,8.1,69.2,47.0,31.0,goal,0.227,52,0.91
132654,18.4,54.0,47.5,6.3,save,0.112,45,0.91
132654,20.9,46.1,52.7,13.9,save,0.102,42,0.91
132654,7.9,55.4,48.5,14.6,save,0.528,41,0.91
132654,6.9,54.2,48.6,4.4,goal,0.308,33,0.91
132654,24.3,37.0,52.5,27.2,save,0.161,32,0.91
132654,9.6,57.8,47.5,22.8,save,0.129,90,0.91
132654,22.4,49.6,51.5,3.2,save,0.064,85,0.91
132654,29.2,46.4,52.6,17.1,save,0.103,69,0.91
132654,23.6,64.6,47.9,2.5,save,0.081,63,0.91
132654,18.3,50.0,53.6,0.6,save,0.376,63,0.91
132654,16.9,69.6,49.3,20.9,save,0.032,56,0.91
132654,9.4,45.2,50.6,0.6,save,0.383,45,0.91
132654,24.8,23.7,50.2,6.3,save,0.016,10,0.91
132654,7.7,39.9,46.8,31.6,save,0.522,88,0.91
132654,14.0,61.3,46.3,2.5,goal,0.301,66,0.91
132654,6.3,40.7,51.0,1.9,goal,0.487,28,0.91
132654,11.5,50.0,47.9,3.8,goal,0.972,14,0.91
132654,13.8,53.6,50.0,28.5,save,0.043,90,0.91
132654,11.1,51.0,49.8,34.2,goal,0.631,90,0.91
132654,7.3,38.5,50.9,7.0,save,0.424,89,0.91
132654,3.3,49.1,51.3,3.2,goal,0.943,77,0.91
132654,22.6,38.2,46.1,2.5,save,0.419,68,0.91
132654,3.9,71.4,46.8,2.5,save,0.116,66,0.91
132654,10.2,63.3,53.5,2.5,goal,0.945,24,0.91
132654,6.3,46.4,51.3,27.2,save,0.668,20,0.91
132654,4.5,44.5,52.4,4.4,goal,0.898,51,0.91
132654,9.5,43.1,48.4,25.9,goal,0.552,33,0.91
132654,12.4,28.6,52.3,4.4,save,0.081,14,0.91
132654,23.3,33.4,52.2,17.1,save,0.063,3,0.91
132654,7.1,59.6,52.3,28.5,save,0.277,90,0.91
132654,3.4,52.4,49.4,12.7,goal,0.456,35,0.91
132654,21.8,40.0,50.1,16.5,save,0.016,29,0.91
132654,13.2,43.7,52.6,3.8,save,0.466,90,0.91
132654,22.4,36.4,46.9,19.0,save,0.227,90,0.91
132654,12.5,62.9,47.5,14.6,save,0.086,89,0.91
132654,3.0,53.8,48.9,19.6,goal,0.581,60,0.91
132654,14.3,90.0,49.1,20.3,save,0.034,59,0.91
132654,10.4,28.7,47.6,9.5,save,0.146,57,0.91
132654,14.2,60.0,46.4,13.3,save,0.717,90,0.91
132654,5.0,51.2,47.1,23.4,goal,0.485,71,0.91
132654,7.7,68.3,45.6,13.3,save,0.555,70,0.91
132654,3.7,44.3,46.9,21.5,goal,0.598,69,0.91
132654,17.4,62.6,51.2,4.4,save,0.055,45,0.91
132654,10.2,51.4,47.9,17.7,goal,0.11,42,0.91
132654,24.1,37.8,49.7,25.9,save,0.034,21,0.91
132654,14.4,56.3,53.9,1.9,goal,0.505,63,0.91
132654,9.4,69.2,49.4,3.2,save,0.033,3,0.91
132654,9.4,60.5,49.7,6.3,save,0.379,89,0.91
132654,13.5,51.8,49.4,6.3,save,0.16,77,0.91
132654,10.3,54.9,52.6,1.9,goal,0.741,72,0.91
132654,20.3,34.4,46.1,2.5,goal,0.572,24,0.91
132654,9.4,40.2,51.6,1.9,save,0.64,11,0.91
132654,18.3,53.3,52.0,3.2,save,0.133,9,0.91
132654,4.6,62.0,51.0,1.3,goal,0.495,1,0.91
132654,9.3,47.6,53.2,7.0,goal,0.849,88,0.91
132654,13.3,47.9,52.3,2.5,save,0.494,84,0.91
132654,9.5,36.3,48.4,3.2,save,0.137,84,0.91
132654,11.2,38.1,54.0,16.5,goal,0.722,76,0.91
132654,7.5,48.2,51.0,20.9,goal,0.451,71,0.91
132654,54.0,51.6,49.7,20.9,goal,0.022,69,0.91
132654,21.5,44.1,54.1,15.2,goal,0.285,64,0.91
132654,18.5,49.6,54.2,3.2,goal,0.414,60,0.91
132654,4.2,51.2,46.1,14.6,goal,0.977,56,0.91
132654,4.9,52.0,51.9,15.8,goal,0.681,51,0.91
132654,3.7,54.2,48.4,13.9,save,0.303,49,0.91
132654,21.9,45.4,46.1,12.7,save,0.255,43,0.91
132654,7.3,47.6,50.9,13.9,save,0.056,26,0.91
132654,9.8,61.1,46.1,16.5,save,0.211,13,0.91
132654,6.4,24.4,53.2,2.5,save,0.116,13,0.91
132654,24.1,61.4,53.8,4.4,save,0.346,6,0.91
132654,11.9,44.2,49.0,9.5,save,0.059,81,0.91
132654,14.4,64.9,51.5,15.8,save,0.087,81,0.91
132654,14.8,67.6,54.2,10.8,goal,0.732,54,0.91
132654,7.0,41.0,51.9,1.9,goal,0.597,25,0.91
132654,11.6,46.0,53.6,8.9,save,0.252,38,0.91
132654,6.8,58.4,48.7,16.5,save,0.057,90,0.91
132654,8.2,52.1,49.9,10.8,save,0.109,87,0.91
132654,7.3,50.6,48.9,5.1,goal,0.556,78,0.91
132654,8.0,42.9,54.0,19.0,goal,0.598,70,0.91
132654,12.5,68.4,53.6,0.6,save,0.502,56,0.91
132654,29.2,42.4,50.4,28.5,save,0.051,17,0.91
132654,8.7,57.5,47.2,12.7,save,0.088,90,0.91
132654,10.8,42.9,53.9,6.3,goal,0.301,86,0.91
132654,21.6,30.7,47.2,3.2,save,0.214,62,0.91
132654,3.3,66.0,46.7,5.1,save,0.121,90,0.91
132654,12.6,70.8,49.0,23.4,save,0.046,71,0.91
132654,3.1,53.9,47.8,18.4,goal,0.923,40,0.91
132654,14.2,37.1,52.9,6.3,save,0.376,75,0.91
132654,7.0,51.3,53.4,20.3,goal,0.394,65,0.91
132654,16.2,82.6,48.4,31.6,save,0.104,62,0.91
132654,1.4,47.2,52.9,28.5,goal,0.971,39,0.91
132654,6.9,52.0,53.8,3.8,goal,0.591,34,0.91
132654,18.5,46.8,53.3,3.8,goal,0.264,4,0.91
132654,16.3,49.6,47.7,1.9,save,0.166,90,0.91
132654,14.6,41.5,47.0,3.8,save,0.283,90,0.91
132654,4.8,49.6,51.2,1.3,goal,0.823,83,0.91
132654,20.4,25.2,49.7,22.2,save,0.028,74,0.91
132654,19.3,63.4,52.6,1.3,goal,0.211,67,0.91
132654,9.3,38.3,46.1,3.2,goal,0.859,61,0.91
132654,15.6,50.6,45.5,4.4,goal,0.535,49,0.91
132654,21.1,57.5,50.7,17.7,save,0.03,45,0.91
132654,14.1,34.5,48.7,5.7,save,0.063,43,0.91
132654,21.6,44.2,46.7,4.4,save,0.251,37,0.91
132654,21.5,45.7,47.3,26.6,save,0.262,34,0.91
132654,5.2,60.1,47.3,17.1,goal,0.954,21,0.91
132654,19.7,59.0,49.3,3.2,save,0.035,19,0.91
132654,11.4,54.0,50.1,5.1,save,0.022,90,0.91
132654,6.5,64.7,51.3,3.2,save,0.455,90,0.91
132654,10.2,53.1,49.5,18.4,save,0.03,90,0.91
132654,23.4,60.7,54.1,17.1,goal,0.371,77,0.91
132654,7.3,53.1,51.0,1.3,goal,0.663,73,0.91
132654,11.5,33.7,49.7,23.4,save,0.03,72,0.91
132654,19.2,49.6,50.8,26.6,save,0.058,67,0.91
132654,16.5,29.5,50.3,0.6,save,0.029,66,0.91
132654,8.4,47.4,51.1,0.6,goal,0.637,56,0.91
132654,11.5,50.0,47.5,1.9,save,0.982,50,0.91
132654,9.6,58.5,50.0,9.5,goal,0.292,90,0.91
132654,19.2,67.8,47.9,8.2,save,0.066,84,0.91
132654,10.5,37.3,49.3,0.6,save,0.242,80,0.91
132654,14.8,44.3,47.4,1.9,save,0.625,70,0.91
132654,8.3,33.0,51.7,10.1,save,0.056,67,0.91
132654,26.6,75.6,52.6,6.3,save,0.155,48,0.91
132654,9.4,51.5,50.7,24.7,save,0.336,39,0.91
132654,18.5,67.8,47.1,26.6,goal,0.182,32,0.91
132654,27.6,50.3,50.1,0.6,save,0.024,31,0.91
132654,6.0,36.1,48.9,8.2,save,0.049,28,0.91
132654,13.6,52.8,52.6,1.9,goal,0.655,22,0.91
822564,12.8,28.7,49.4,12.0,save,0.022,89,0.91
822564,9.4,70.1,50.8,20.9,save,0.061,76,0.91
822564,8.0,62.2,48.5,0.6,save,0.504,65,0.91
822564,15.1,53.4,46.6,7.0,goal,0.269,64,0.91
822564,10.5,54.4,53.6,1.9,goal,0.94,34,0.91
822564,3.1,50.0,50.0,8.2,goal,0.618,29,0.91
822564,11.0,38.7,53.6,20.3,save,0.772,29,0.91
822564,5.5,54.4,47.3,12.0,goal,0.444,20,0.91
822564,9.7,63.8,47.7,5.1,save,0.094,16,0.91
822564,1.9,54.7,45.9,7.0,goal,0.986,4,0.91
822564,11.0,31.1,49.2,3.8,save,0.049,90,0.91
822564,3.3,60.9,49.9,14.6,save,0.304,87,0.91
822564,28.8,55.6,53.2,18.4,save,0.193,65,0.91
822564,5.2,34.2,50.6,2.5,save,0.047,52,0.91
822564,12.8,44.3,47.2,3.8,goal,0.708,48,0.91
822564,8.0,31.6,52.4,17.7,save,0.094,35,0.91
822564,25.9,53.4,46.9,12.7,save,0.119,30,0.91
822564,11.4,59.4,49.2,25.3,save,0.064,88,0.91
822564,15.2,55.8,49.0,23.4,save,0.056,73,0.91
822564,19.0,45.2,50.3,22.2,save,0.028,72,0.91
822564,4.6,66.6,46.5,17.1,save,0.122,55,0.91
822564,14.8,57.6,48.7,14.6,save,0.057,48,0.91
822564,5.2,50.7,50.2,5.1,goal,0.174,27,0.91
822564,18.1,72.6,52.3,5.1,save,0.137,25,0.91
822564,8.6,52.2,49.8,5.1,goal,0.33,12,0.91
822564,3.0,66.4,48.6,31.6,goal,0.262,90,0.91
822564,20.4,36.8,54.6,1.3,save,0.39,84,0.91
822564,12.3,36.4,50.6,1.9,save,0.047,81,0.91
822564,13.3,47.0,50.4,19.6,save,0.033,58,0.91
822564,20.1,46.4,46.4,14.6,goal,0.258,20,0.91
822564,3.6,47.2,52.9,1.3,goal,0.969,17,0.91
822564,5.0,33.4,54.4,7.0,save,0.234,90,0.91
822564,9.4,46.1,50.1,5.1,save,0.024,17,0.91
822564,11.9,35.5,48.5,13.9,save,0.061,12,0.91
822564,12.6,46.4,50.9,3.2,goal,0.451,90,0.91
822564,10.3,43.7,49.0,18.4,save,0.049,68,0.91
822564,11.6,51.3,49.8,5.7,save,0.023,64,0.91
822564,14.6,56.3,52.2,3.8,goal,0.139,61,0.91
822564,6.9,45.3,51.2,7.0,goal,0.46,55,0.91
822564,25.6,71.8,47.6,8.2,save,0.068,24,0.91
822564,20.6,65.1,46.4,5.7,save,0.211,15,0.91
822564,9.1,43.6,52.7,7.6,goal,0.383,90,0.91
822564,31.0,75.8,53.5,28.5,save,0.444,77,0.91
822564,11.5,50.0,54.3,10.8,goal,0.993,61,0.91
822564,3.9,43.4,52.3,24.1,goal,0.512,52,0.91
822564,11.9,57.5,52.1,23.4,save,0.178,39,0.91
822564,13.2,51.1,50.0,24.1,save,0.028,19,0.91
822564,6.9,54.0,46.4,26.6,save,0.426,39,0.91
822564,18.3,70.4,50.6,15.2,save,0.025,15,0.91
822564,3.9,62.7,48.7,12.7,save,0.04,13,0.91
822564,8.3,53.4,53.3,8.9,goal,0.366,9,0.91
822564,28.7,56.9,53.7,3.8,save,0.306,63,0.91
822564,7.6,54.0,47.5,4.4,goal,0.897,33,0.91
822564,27.8,31.1,53.1,8.9,save,0.117,84,0.91
822564,10.4,33.3,52.2,10.1,save,0.055,70,0.91
822564,4.2,49.5,47.7,24.1,goal,0.76,43,0.91
822564,8.6,53.6,46.6,19.0,save,0.33,12,0.91
822564,11.5,50.0,53.9,2.5,goal,0.994,19,0.91
822564,9.5,48.1,52.2,29.7,save,0.215,59,0.91
822564,14.8,51.4,47.7,7.6,save,0.123,45,0.91
822564,38.2,44.9,50.7,17.1,save,0.024,44,0.91
822564,4.4,66.3,46.8,8.2,save,0.114,23,0.91
822564,12.1,43.0,52.8,1.9,save,0.653,2,0.91
822564,8.3,27.0,53.1,3.8,save,0.124,10,0.91
822564,8.5,61.5,49.3,14.6,save,0.054,75,0.91
822564,12.6,34.0,51.7,2.5,save,0.075,58,0.91
822564,9.8,58.7,49.4,0.6,save,0.058,45,0.91
822564,2.4,48.2,53.5,11.4,goal,0.968,26,0.91
822564,4.0,44.4,51.8,2.5,goal,0.884,58,0.91
822564,18.2,63.6,50.2,1.9,save,0.03,57,0.91
822564,20.7,39.3,53.8,3.2,goal,0.261,45,0.91
822564,3.3,48.8,53.2,27.8,goal,0.968,23,0.91
822564,13.1,54.8,48.9,14.6,save,0.332,76,0.91
822564,17.6,65.1,47.8,8.2,save,0.077,52,0.91
822564,7.0,46.8,46.5,26.6,goal,0.682,33,0.91
822564,10.8,53.8,50.6,16.5,save,0.027,16,0.91
822564,11.5,50.0,47.9,5.1,save,0.97,81,0.91
822564,11.6,56.2,47.3,24.7,save,0.188,78,0.91
822564,13.8,35.4,52.8,20.9,save,0.163,60,0.91
822564,8.6,46.8,52.7,30.4,goal,0.301,52,0.91
822564,9.7,50.3,46.4,28.5,goal,0.766,39,0.91
822564,21.6,38.0,46.4,3.2,save,0.35,31,0.91
822564,8.8,54.2,47.6,14.6,save,0.093,18,0.91
822564,13.9,55.0,47.8,1.3,save,0.16,90,0.91
822564,7.8,47.2,52.9,2.5,save,0.325,88,0.91
822564,3.6,58.9,47.0,0.6,save,0.74,86,0.91
822564,7.2,66.7,46.5,3.2,save,0.214,78,0.91
822564,22.8,61.7,50.2,18.4,save,0.018,64,0.91
822564,17.9,52.1,54.2,1.3,goal,0.493,35,0.91
822564,9.1,40.9,46.3,1.3,save,0.924,8,0.91
822564,22.6,50.7,51.0,29.1,save,0.072,76,0.91
822564,8.8,40.7,51.4,4.4,save,0.256,76,0.91
822564,7.5,41.6,46.3,8.9,goal,0.901,69,0.91
822564,18.5,56.8,47.4,20.3,goal,0.388,45,0.91
822564,28.2,28.6,51.3,6.3,save,0.035,45,0.91
822564,11.0,65.8,49.0,25.9,save,0.363,34,0.91
822564,5.7,61.3,46.1,27.8,goal,0.383,18,0.91
822564,21.2,44.2,53.5,5.1,save,0.218,8,0.91
822564,8.7,45.3,48.4,16.5,goal,0.485,90,0.91
822564,21.0,37.4,52.9,17.7,save,0.126,88,0.91
822564,2.6,41.2,52.6,19.6,save,0.116,37,0.91
822564,10.0,49.5,49.2,24.7,save,0.199,34,0.91
822564,8.7,52.1,49.3,36.1,save,0.122,18,0.91
822564,22.2,36.9,46.8,5.7,save,0.243,18,0.91
822564,12.7,57.5,46.6,3.8,goal,0.248,88,0.91
822564,11.5,66.9,50.9,5.1,save,0.046,59,0.91
822564,11.5,50.0,53.9,3.2,save,0.994,58,0.91
822564,4.5,41.1,48.7,10.8,save,0.58,45,0.91
822564,10.1,39.1,50.6,3.2,save,0.195,10,0.91
822564,9.0,54.8,49.3,15.2,save,0.034,4,0.91
822564,18.5,46.2,48.5,13.9,save,0.046,90,0.91
822564,23.9,34.6,51.8,5.7,save,0.077,89,0.91
822564,19.3,71.7,49.7,22.2,save,0.025,87,0.91
822564,1.7,47.6,51.3,2.5,goal,,78,0.91
822564,15.8,65.5,52.6,2.5,save,0.206,72,0.91
822564,13.5,46.6,52.2,2.5,save,0.133,44,0.91
822564,13.0,58.8,52.4,13.3,save,0.122,8,0.91
822564,8.0,31.7,50.8,11.4,save,0.022,88,0.91
822564,7.3,50.2,47.5,2.5,goal,0.613,65,0.91
822564,3.6,42.5,47.0,7.6,goal,0.41,39,0.91
822564,21.5,53.1,54.2,12.0,save,0.275,38,0.91
822564,20.9,49.5,45.2,3.2,save,0.526,9,0.91
822564,22.2,45.4,52.0,7.6,save,0.07,78,0.91
822564,18.4,55.5,49.5,10.1,save,0.022,76,0.91
822564,10.2,59.3,54.1,1.3,goal,0.626,18,0.91
822564,3.7,51.6,47.4,30.4,goal,0.918,17,0.91
822564,3.3,49.9,49.7,10.8,save,0.57,8,0.91
822564,8.8,51.9,51.5,1.9,save,0.098,89,0.91
822564,11.5,50.0,53.8,1.3,goal,0.994,45,0.91
822564,14.2,49.7,47.5,6.3,goal,0.14,35,0.91
822564,16.8,31.6,54.2,10.1,save,0.178,29,0.91
822564,21.4,37.7,48.9,5.1,save,0.053,25,0.91
822564,19.3,37.7,46.4,14.6,save,0.26,11,0.91
822564,13.7,53.0,50.2,21.5,save,0.031,90,0.91
822564,25.9,50.3,52.9,29.1,save,0.353,90,0.91
822564,13.1,66.8,49.6,0.6,save,0.033,82,0.91
822564,7.7,70.9,49.6,13.9,save,0.018,82,0.91
822564,22.1,65.4,50.2,5.1,save,0.02,79,0.91
822564,14.1,31.6,51.6,2.5,save,0.062,60,0.91
822564,13.4,55.0,49.7,23.4,save,0.046,53,0.91
822564,7.7,60.0,49.2,17.1,save,0.323,48,0.91
822564,23.9,57.3,46.1,17.7,save,0.258,45,0.91
822564,9.0,62.5,46.1,25.3,save,0.308,26,0.91
822564,9.1,57.7,47.3,8.9,goal,0.564,16,0.91
822564,21.6,70.2,52.3,23.4,save,0.165,89,0.91
822564,12.3,28.5,47.4,12.0,save,0.158,68,0.91
822564,4.0,38.6,49.0,5.7,save,0.108,55,0.91
822564,13.9,57.9,48.6,14.6,save,0.044,50,0.91
822564,2.7,56.9,52.6,7.0,goal,0.406,23,0.91
822564,11.2,39.1,49.3,35.4,save,0.105,21,0.91
822564,2.9,41.7,52.3,30.4,goal,0.206,56,0.91
822564,19.2,68.4,50.2,8.2,save,0.016,12,0.91
822564,11.5,50.0,47.3,28.5,goal,0.99,5,0.91
822564,11.4,70.6,50.3,19.0,save,0.022,82,0.91
822564,11.5,50.0,53.1,0.6,goal,0.99,70,0.91
822564,8.0,29.6,51.0,35.4,goal,0.094,52,0.91
822564,15.2,46.2,50.2,13.9,save,0.141,45,0.91
822564,17.6,66.6,46.3,17.1,save,0.196,27,0.91
822564,8.2,44.1,48.7,13.9,goal,0.54,69,0.91
822564,7.4,51.2,48.7,13.3,save,0.053,63,0.91
822564,11.5,50.0,49.7,24.7,goal,0.912,40,0.91
822564,4.3,52.6,46.0,5.7,goal,,32,0.91
822564,6.1,66.0,46.9,3.2,save,0.164,32,0.91
822564,25.1,57.3,48.9,27.2,save,0.066,28,0.91
822564,28.3,61.8,51.3,16.5,save,0.042,90,0.91
822564,21.4,56.9,47.1,28.5,save,0.371,83,0.91
822564,8.7,46.3,49.8,17.1,save,0.029,69,0.91
822564,6.7,45.0,45.6,7.0,goal,0.972,64,0.91
822564,6.4,33.4,48.0,2.5,save,0.186,60,0.91
822564,10.4,42.5,47.1,22.2,goal,0.728,45,0.91
822564,7.9,37.7,52.4,19.6,save,0.475,30,0.91
822564,7.5,67.6,53.7,5.7,save,0.546,3,0.91
822564,14.5,29.1,47.4,0.6,save,0.256,72,0.91
822564,11.8,25.6,52.3,27.2,save,0.117,55,0.91
822564,18.2,48.9,53.2,1.3,save,0.542,40,0.91
822564,2.4,33.2,53.1,12.0,goal,0.06,27,0.91
822564,15.2,49.7,47.5,0.6,goal,0.523,11,0.91
822564,8.4,51.8,50.2,8.9,goal,0.097,6,0.91
822564,13.9,59.0,50.4,17.1,save,0.022,63,0.91
822564,10.0,52.2,46.9,25.9,goal,0.297,6,0.91
822564,11.5,50.0,52.9,20.9,goal,0.986,90,0.91
822564,21.5,51.1,45.9,12.0,save,0.244,67,0.91
822564,10.8,45.7,52.7,14.6,goal,0.751,37,0.91
822564,11.0,64.7,46.4,18.4,goal,0.473,27,0.91
822564,8.7,42.7,53.9,21.5,goal,0.29,13,0.91
15219,9.2,48.3,51.5,8.2,save,0.494,90,0.97
15219,25.6,56.0,45.6,3.2,save,0.469,75,0.97
15219,28.2,24.7,49.4,14.6,save,0.021,71,0.97
15219,7.0,30.7,54.5,3.2,save,0.28,40,0.97
15219,7.0,52.5,53.6,8.2,goal,0.38,32,0.97
15219,6.2,55.0,48.4,17.7,save,0.493,80,0.97
15219,15.3,44.5,46.4,23.4,goal,0.395,62,0.97
15219,11.3,34.2,46.0,23.4,save,0.592,75,0.97
15219,24.3,50.7,50.0,26.6,save,0.029,51,0.97
15219,2.7,52.2,49.8,19.0,save,0.734,45,0.97
15219,8.6,43.8,54.2,20.3,goal,0.787,81,0.97
15219,10.4,61.1,50.2,18.4,save,0.031,42,0.97
15219,6.7,53.2,50.0,6.3,save,0.335,87,0.97
15219,13.9,50.6,52.9,4.4,goal,0.207,57,0.97
15219,10.8,33.1,52.7,25.3,goal,0.15,47,0.97
15219,10.1,67.9,48.9,7.6,save,0.033,47,0.97
15219,22.9,47.4,50.2,32.9,save,0.05,25,0.97
15219,1.9,42.7,52.4,17.1,goal,0.8,79,0.97
15219,9.5,38.0,51.6,1.9,save,0.101,79,0.97
15219,13.2,61.1,47.1,4.4,goal,0.157,10,0.97
15219,18.2,37.0,50.7,18.4,save,0.033,40,0.97
15219,7.9,35.8,53.2,12.0,goal,0.432,33,0.97
15219,4.5,53.2,49.2,17.7,goal,0.2,87,0.97
15219,13.2,38.8,54.2,11.4,save,0.236,70,0.97
15219,20.4,43.8,53.5,7.0,save,0.221,58,0.97
15219,8.0,48.3,50.1,19.0,save,0.028,28,0.97
15219,22.3,60.1,50.3,3.2,save,0.025,15,0.97
15219,31.0,42.5,50.5,8.9,save,0.018,10,0.97
15219,8.0,47.2,48.4,31.6,goal,0.259,7,0.97
15219,27.7,45.0,49.0,7.0,save,0.032,32,0.97
15219,16.1,35.8,46.8,2.5,save,0.329,27,0.97
15219,9.4,35.8,48.4,14.6,save,0.08,22,0.97
15219,24.8,28.3,49.9,7.6,save,0.015,76,0.97
15219,14.7,41.3,50.0,33.5,save,0.06,45,0.97
15219,10.0,54.1,49.4,27.2,save,0.055,39,0.97
15219,10.2,53.2,52.6,4.4,save,0.238,28,0.97
15219,17.3,48.1,47.5,27.8,save,0.229,24,0.97
15219,10.4,46.4,46.6,26.6,save,0.399,20,0.97
15219,18.6,72.6,48.5,10.1,save,0.032,27,0.97
15219,12.2,30.5,46.5,16.5,save,0.353,70,0.97
15219,16.0,47.4,45.8,3.2,save,0.445,5,0.97
15219,8.8,40.1,52.0,29.1,save,0.168,24,0.97
15219,13.8,64.8,46.3,7.6,save,0.19,59,0.97
15219,10.1,40.9,47.3,24.7,goal,0.949,56,0.97
15219,4.9,68.3,51.7,8.2,save,0.096,22,0.97
15219,23.0,71.4,53.1,11.4,save,0.171,21,0.97
15219,13.1,55.4,46.1,4.4,goal,0.317,7,0.97
15219,15.8,68.3,49.8,8.9,save,0.016,5,0.97
15219,9.9,51.5,52.9,19.0,save,0.194,28,0.97
15219,26.8,70.1,53.3,4.4,save,0.274,54,0.97
15219,6.9,45.5,49.0,6.3,goal,0.58,5,0.97
15219,24.0,50.1,47.6,1.9,save,0.154,81,0.97
15219,10.8,55.0,48.6,32.9,save,0.126,45,0.97
15219,3.5,44.0,51.7,4.4,goal,0.728,40,0.97
15219,24.6,44.4,51.6,13.3,save,0.039,37,0.97
15219,3.3,38.9,48.8,2.5,save,0.122,25,0.97
15219,12.5,49.1,52.4,1.3,save,0.668,25,0.97
15219,43.5,95.8,51.5,5.7,save,0.056,19,0.97
15219,12.2,45.2,47.2,2.5,save,0.271,17,0.97
15219,28.4,37.4,53.4,10.8,save,0.156,7,0.97
15219,11.5,30.4,52.1,1.3,save,0.093,3,0.97
15219,8.8,66.9,50.3,12.0,save,0.017,73,0.97
15219,3.7,45.1,47.0,11.4,goal,0.658,70,0.97
15219,13.9,66.8,48.3,3.8,save,0.062,45,0.97
15219,7.7,48.8,52.7,3.2,goal,0.861,58,0.97
15219,32.2,52.4,46.1,15.2,save,0.226,58,0.97
15219,36.5,69.0,51.0,20.9,goal,0.04,56,0.97
15219,12.4,64.3,50.5,3.8,save,0.044,54,0.97
15219,7.5,31.4,52.9,1.3,save,0.137,50,0.97
15219,19.4,70.3,53.3,17.7,save,0.283,14,0.97
15219,33.2,48.2,53.4,26.6,save,0.304,12,0.97
15219,27.3,29.6,54.0,4.4,save,0.237,53,0.97
15219,5.1,65.3,47.3,25.9,save,0.119,43,0.97
15219,15.1,49.7,46.4,6.3,goal,0.31,58,0.97
15219,9.0,42.3,54.2,7.0,save,0.921,44,0.97
15219,7.5,50.6,51.0,32.3,save,0.139,54,0.97
15219,23.2,68.8,46.4,3.8,save,0.198,30,0.97
15219,13.7,48.5,53.6,12.0,save,0.181,25,0.97
15219,7.5,43.5,50.8,19.6,save,0.131,85,0.97
15219,2.3,47.6,52.3,5.1,save,0.942,45,0.97
15219,4.7,48.7,51.6,14.6,save,0.18,45,0.97
15219,10.1,46.8,47.4,1.9,save,0.264,90,0.97
15219,14.4,48.7,50.3,14.6,save,0.093,90,0.97
15219,13.5,59.2,49.7,5.1,save,0.032,81,0.97
15219,8.0,56.1,53.6,1.9,goal,0.548,41,0.97
15219,29.9,64.9,46.8,0.6,save,0.194,38,0.97
15219,8.8,61.0,52.1,10.1,save,0.587,15,0.97
15219,14.6,66.7,51.4,2.5,save,0.09,76,0.97
15219,9.2,47.4,52.5,15.2,save,0.108,68,0.97
15219,3.9,56.1,51.6,20.3,goal,0.31,24,0.97
15219,8.4,49.9,49.4,4.4,goal,0.381,86,0.97
15219,8.2,47.2,52.9,2.5,save,0.853,57,0.97
15219,24.5,64.3,50.0,19.0,save,0.017,52,0.97
15219,5.6,33.0,47.7,4.4,save,0.573,45,0.97
15219,8.3,42.7,52.2,18.4,save,0.085,44,0.97
15219,21.9,48.5,54.3,12.0,save,0.277,42,0.97
15219,9.4,55.1,45.6,19.0,save,0.408,35,0.97
15219,2.3,44.7,52.4,24.7,goal,0.421,7,0.97
15219,11.5,63.1,49.0,3.2,save,0.056,3,0.97
15219,5.1,43.3,51.2,22.2,save,0.292,86,0.97
15219,9.5,52.5,47.2,19.6,save,0.178,78,0.97
15219,4.5,51.4,48.0,17.1,goal,0.486,71,0.97
15219,3.2,55.4,47.1,13.9,goal,0.244,39,0.97
15219,25.7,64.8,47.1,29.1,save,0.217,22,0.97
15219,21.9,34.0,52.7,1.9,save,0.124,10,0.97
584722,8.3,31.6,48.8,4.4,save,0.069,45,0.88
584722,11.5,50.0,46.9,5.1,goal,0.987,37,0.88
584722,27.9,47.7,46.1,1.3,save,0.356,9,0.88
584722,20.6,17.0,50.0,8.2,save,0.016,72,0.88
584722,25.7,67.2,49.6,19.6,save,0.023,51,0.88
584722,25.2,41.1,49.5,26.6,save,0.042,49,0.88
584722,10.1,58.9,50.7,3.8,save,0.371,47,0.88
584722,11.3,42.1,48.5,7.6,save,0.576,40,0.88
584722,8.8,28.1,53.9,10.8,save,0.118,5,0.88
584722,12.0,61.5,48.0,9.5,save,0.063,90,0.88
584722,9.5,51.5,49.5,11.4,save,0.02,90,0.88
584722,11.4,47.2,53.4,11.4,save,0.152,80,0.88
584722,5.1,51.2,49.2,20.9,save,0.092,60,0.88
584722,13.0,51.7,52.6,10.8,save,0.842,31,0.88
584722,27.5,35.9,50.3,15.8,save,0.017,21,0.88
584722,27.5,39.1,46.1,12.0,save,0.252,13,0.88
584722,26.9,38.2,45.7,2.5,save,0.482,84,0.88
584722,19.1,52.7,53.5,22.8,save,0.509,76,0.88
584722,12.2,60.3,49.7,15.2,save,0.022,28,0.88
584722,9.8,51.6,54.3,13.9,goal,0.827,49,0.88
584722,11.5,50.0,46.8,2.5,goal,0.99,28,0.88
584722,7.0,49.6,50.5,25.3,goal,0.198,90,0.88
584722,7.9,57.3,48.3,20.9,save,0.535,65,0.88
584722,17.8,54.0,47.3,6.3,save,0.134,65,0.88
584722,15.4,34.8,45.6,1.3,goal,0.651,61,0.88
584722,27.1,69.4,47.5,13.9,save,0.066,45,0.88
584722,10.9,26.7,52.6,17.1,save,0.089,29,0.88
584722,26.5,38.5,52.9,5.1,save,0.13,44,0.88
584722,3.2,47.4,50.5,19.6,goal,0.847,85,0.88
584722,9.3,55.2,46.6,2.5,goal,0.654,84,0.88
584722,1.2,52.3,48.5,2.5,goal,,62,0.88
584722,8.2,47.2,48.3,25.9,save,0.153,62,0.88
584722,14.6,58.7,46.1,27.2,goal,0.454,90,0.88
584722,19.0,57.6,50.2,1.3,save,0.028,87,0.88
584722,9.8,74.8,48.6,29.7,save,0.081,74,0.88
584722,4.7,59.3,47.2,15.8,save,0.158,65,0.88
584722,4.4,44.2,52.3,1.9,save,0.884,59,0.88
584722,14.4,65.8,51.6,2.5,save,0.101,59,0.88
584722,11.2,55.7,51.9,7.0,save,0.522,41,0.88
584722,13.9,59.7,49.0,9.5,save,0.03,90,0.88
584722,30.8,42.2,52.4,13.3,save,0.068,75,0.88
584722,22.4,66.5,51.7,14.6,save,0.067,70,0.88
584722,7.0,41.3,53.4,3.8,goal,0.263,62,0.88
584722,13.7,27.5,46.1,6.3,save,0.475,21,0.88
584722,14.5,70.4,51.0,8.2,save,0.042,3,0.88
584722,6.8,54.2,47.3,5.1,goal,0.395,83,0.88
584722,6.5,31.0,47.1,17.7,goal,0.588,50,0.88
584722,23.3,59.4,52.7,17.1,save,0.144,49,0.88
584722,7.8,51.9,50.9,14.6,save,0.041,48,0.88
584722,7.3,30.1,49.6,5.1,save,0.031,33,0.88
584722,11.7,38.9,48.2,8.2,save,0.097,16,0.88
584722,19.1,37.5,47.5,21.5,goal,0.176,55,0.88
584722,5.8,47.4,49.0,12.0,goal,0.064,32,0.88
584722,15.0,48.3,47.4,15.8,save,0.139,90,0.88
584722,7.3,53.1,52.1,13.3,save,0.152,73,0.88
584722,6.8,49.1,46.7,14.6,goal,0.299,45,0.88
584722,4.9,25.6,54.2,13.9,save,0.11,90,0.88
584722,8.5,48.9,45.9,12.0,goal,0.393,76,0.88
584722,11.3,55.7,48.4,3.8,save,0.084,68,0.88
584722,26.3,29.6,52.6,2.5,save,0.109,55,0.88
584722,17.6,29.7,48.5,3.2,save,0.079,52,0.88
584722,13.2,69.7,51.5,19.0,save,0.082,28,0.88
584722,7.3,52.6,48.4,11.4,goal,0.063,63,0.88
584722,3.5,47.7,53.5,21.5,goal,0.891,55,0.88
584722,13.6,64.1,50.3,18.4,save,0.026,45,0.88
584722,14.8,52.1,52.6,10.8,save,0.559,40,0.88
584722,10.2,80.1,51.0,24.7,save,0.099,33,0.88
584722,19.5,47.0,46.7,7.0,save,0.253,29,0.88
584722,3.0,64.4,47.2,9.5,save,0.068,8,0.88
584722,8.7,50.2,51.2,3.2,goal,0.49,2,0.88
584722,11.1,57.0,49.9,17.7,save,0.02,67,0.88
584722,3.3,56.6,47.8,20.9,save,0.17,49,0.88
584722,24.0,60.1,51.8,25.9,save,0.12,48,0.88
584722,15.6,29.1,51.1,1.9,save,0.044,45,0.88
584722,9.2,52.3,47.8,9.5,goal,0.781,90,0.88
584722,7.0,36.8,52.3,29.7,save,0.2,24,0.88
584722,12.7,44.3,53.2,2.5,goal,0.761,19,0.88
584722,9.9,68.5,52.9,3.8,goal,0.37,1,0.88
584722,8.7,59.1,46.5,1.9,goal,0.792,50,0.88
584722,11.8,24.3,49.5,24.1,goal,,26,0.88
584722,9.4,50.0,49.7,14.6,save,0.042,8,0.88
584722,9.3,47.0,50.8,11.4,save,0.026,90,0.88
584722,23.6,28.5,47.9,7.0,save,0.09,90,0.88
584722,14.9,43.8,50.6,1.9,save,0.072,88,0.88
584722,5.7,40.0,53.2,22.8,save,0.176,90,0.88
584722,15.1,64.6,53.5,19.6,save,0.341,73,0.88
584722,9.4,45.4,51.3,13.9,save,0.039,53,0.88
584722,8.8,54.2,51.9,1.9,goal,0.631,47,0.88
584722,12.3,52.3,50.0,7.6,save,0.023,24,0.88
584722,10.5,31.4,45.6,18.4,goal,0.633,66,0.88
584722,9.1,55.7,47.7,3.2,save,0.167,45,0.88
584722,11.5,50.0,53.9,1.3,goal,0.994,21,0.88
584722,13.2,48.0,54.5,1.3,goal,0.936,4,0.88
584722,8.7,59.4,52.8,2.5,save,0.915,4,0.88
584722,45.0,50.8,48.1,12.0,goal,0.045,90,0.88
584722,9.0,43.5,53.2,4.4,goal,0.186,70,0.88
584722,6.8,60.6,48.2,33.5,save,0.149,33,0.88
584722,3.1,46.2,52.8,3.2,goal,0.944,36,0.88
584722,9.5,73.6,48.8,10.8,save,0.026,84,0.88
584722,21.8,29.9,48.8,26.6,save,0.081,84,0.88
584722,12.9,39.5,51.0,11.4,save,0.036,67,0.88
584722,26.5,41.0,48.6,8.9,save,0.042,60,0.88
584722,21.7,39.7,47.3,28.5,save,0.306,31,0.88
584722,4.7,31.3,53.5,8.9,save,0.098,59,0.88
584722,4.6,32.8,50.0,17.1,save,0.199,55,0.88
584722,11.8,56.5,46.2,1.9,goal,0.342,34,0.88
584722,12.7,35.3,53.7,0.6,save,0.295,31,0.88
584722,5.1,33.9,52.5,17.1,save,0.689,19,0.88
584722,9.3,50.5,48.7,26.6,save,0.124,86,0.88
584722,9.8,39.0,51.9,7.6,save,0.311,90,0.88
584722,30.3,34.6,49.9,28.5,save,0.031,83,0.88
584722,10.6,38.3,49.0,3.2,goal,0.06,76,0.88
584722,12.8,43.1,49.9,15.8,save,0.197,76,0.88
584722,18.7,29.7,50.9,12.0,goal,0.018,74,0.88
584722,3.8,54.6,46.4,25.3,goal,0.894,66,0.88
584722,15.5,53.6,46.0,5.1,goal,0.362,63,0.88
584722,3.8,65.4,52.8,8.2,goal,0.294,51,0.88
584722,10.5,49.1,52.0,21.5,save,0.129,47,0.88
584722,14.5,67.3,50.8,12.7,save,0.146,45,0.88
584722,30.2,32.7,47.8,27.2,save,0.17,34,0.88
584722,6.1,64.1,51.6,28.5,save,0.158,77,0.88
584722,9.8,45.4,50.9,11.4,save,0.284,43,0.88
584722,21.5,66.4,53.2,4.4,save,0.272,33,0.88
584722,13.5,65.3,49.0,3.2,save,0.043,18,0.88
584722,2.7,53.2,49.6,6.3,save,0.604,3,0.88
584722,1.9,42.8,51.8,27.2,save,0.175,3,0.88
584722,8.0,58.8,48.6,17.7,save,0.049,3,0.88
584722,3.8,66.2,46.6,7.0,save,0.108,90,0.88
584722,2.0,54.5,45.9,1.9,goal,0.991,69,0.88
584722,10.0,41.4,52.1,26.6,save,0.213,9,0.88
584722,4.3,58.9,47.3,1.9,goal,,17,0.88
584722,7.3,29.5,45.7,5.1,save,0.682,58,0.88
70987,23.2,56.2,48.4,34.2,save,0.219,45,0.74
70987,11.1,32.8,48.9,21.5,save,0.068,56,0.74
70987,14.2,50.3,47.1,24.1,goal,0.306,13,0.74
70987,14.7,62.9,52.2,4.4,goal,0.14,4,0.74
70987,8.1,48.6,49.4,17.7,goal,0.544,85,0.74
70987,2.1,53.2,46.3,18.4,goal,0.981,71,0.74
70987,8.9,51.3,47.7,9.5,save,0.12,71,0.74
70987,19.2,52.1,48.9,8.9,save,0.034,44,0.74
70987,24.0,58.5,54.0,10.1,save,0.294,42,0.74
70987,14.2,48.1,47.1,1.3,goal,0.874,24,0.74
70987,13.6,54.2,45.8,22.8,goal,0.437,88,0.74
70987,10.1,59.5,51.9,1.3,goal,0.526,58,0.74
70987,25.8,37.1,54.2,20.3,goal,0.299,52,0.74
70987,1.8,40.5,52.3,14.6,save,0.086,38,0.74
70987,12.7,53.4,45.9,15.8,save,0.286,28,0.74
70987,16.4,68.3,51.3,18.4,save,0.069,3,0.74
70987,9.5,64.0,53.2,19.6,save,0.435,90,0.74
70987,15.8,55.5,54.1,3.2,goal,0.512,82,0.74
70987,9.8,66.9,51.6,7.0,save,0.089,78,0.74
70987,14.9,45.1,54.0,5.7,goal,0.417,68,0.74
70987,4.8,44.0,49.0,25.3,save,0.13,44,0.74
70987,23.5,49.0,54.1,3.8,goal,0.355,13,0.74
70987,7.7,49.5,48.4,10.8,save,0.163,32,0.74
70987,14.2,40.3,49.1,2.5,save,0.067,60,0.74
70987,9.3,46.3,53.5,2.5,save,0.334,45,0.74
70987,10.7,63.2,46.8,5.1,goal,,41,0.74
70987,8.5,59.7,46.2,17.7,save,0.191,27,0.74
70987,8.8,43.3,53.7,2.5,goal,0.78,86,0.74
70987,28.6,68.1,49.2,23.4,save,0.036,82,0.74
70987,12.7,61.1,50.5,7.0,save,0.023,78,0.74
70987,21.8,67.2,46.4,6.3,save,0.176,70,0.74
70987,9.1,54.5,48.7,30.4,save,0.114,40,0.74
70987,3.0,50.6,48.7,19.0,goal,0.917,37,0.74
70987,4.5,42.1,53.6,9.5,save,0.832,22,0.74
70987,20.9,71.8,47.9,18.4,save,0.065,17,0.74
70987,25.1,36.8,53.9,0.6,goal,0.306,79,0.74
70987,9.5,53.6,53.1,3.2,goal,0.353,61,0.74
70987,18.0,11.3,49.8,13.9,save,0.014,56,0.74
70987,15.9,58.5,51.3,12.0,goal,0.109,45,0.74
70987,10.8,68.2,53.7,12.0,save,0.352,19,0.74
70987,10.4,45.5,49.4,0.6,save,0.304,30,0.74
70987,21.7,49.5,49.2,31.6,save,0.087,48,0.74
70987,25.4,58.2,49.2,11.4,save,0.023,45,0.74
70987,15.8,67.8,49.2,6.3,save,0.031,22,0.74
70987,3.3,54.3,51.5,4.4,goal,0.948,8,0.74
70987,11.5,38.6,48.9,10.8,save,0.169,8,0.74
70987,8.5,53.4,46.4,17.7,save,0.262,90,0.74
70987,8.6,59.5,54.0,11.4,goal,0.833,90,0.74
70987,10.1,32.1,53.7,3.8,goal,0.196,14,0.74
70987,12.8,69.5,52.2,7.0,save,0.173,11,0.74
70987,13.5,51.1,45.8,20.9,save,0.416,8,0.74
70987,14.2,64.1,53.8,4.4,goal,0.438,78,0.74
70987,11.5,50.0,46.7,16.5,goal,0.987,54,0.74
70987,11.0,48.4,46.9,5.7,goal,0.22,14,0.74
70987,25.9,54.1,47.3,11.4,save,0.089,45,0.74
70987,9.7,48.9,53.6,28.5,goal,0.476,38,0.74
70987,8.6,52.4,48.8,25.9,save,0.091,90,0.74
70987,13.6,25.2,49.3,1.9,save,0.179,73,0.74
70987,13.2,50.3,47.1,6.3,goal,0.22,66,0.74
70987,10.4,52.1,50.1,32.9,save,0.064,45,0.74
70987,26.3,32.1,49.6,4.4,save,0.024,39,0.74
70987,23.1,48.1,50.6,23.4,save,0.045,25,0.74
70987,5.4,34.2,50.3,5.1,goal,0.444,6,0.74
70987,8.3,47.0,51.8,16.5,goal,0.076,45,0.74
70987,28.0,42.7,54.2,20.3,save,0.384,81,0.74
70987,3.8,40.1,53.8,4.4,save,0.281,74,0.74
70987,25.3,52.6,46.1,28.5,goal,0.446,43,0.74
70987,7.4,51.8,49.2,20.9,goal,0.254,33,0.74
70987,20.9,63.4,53.8,16.5,save,0.325,32,0.74
70987,27.0,32.9,50.5,17.7,save,0.026,23,0.74
70987,9.4,55.5,50.2,15.8,save,0.035,8,0.74
70987,8.9,70.8,53.6,15.8,goal,0.403,61,0.74
70987,8.3,55.8,48.9,20.9,save,0.056,39,0.74
70987,3.3,58.5,49.6,10.1,goal,,45,0.74
70987,8.5,51.5,47.3,18.4,save,0.497,45,0.74
70987,12.5,51.8,51.9,19.0,save,0.086,31,0.74
70987,7.7,49.5,45.7,12.7,save,0.833,21,0.74
70987,7.6,44.9,52.9,5.1,save,0.832,60,0.74
70987,12.7,67.2,45.6,1.9,save,0.291,56,0.74
70987,8.8,47.8,53.5,1.9,goal,0.85,52,0.74
70987,22.2,50.9,45.8,24.1,save,0.438,40,0.74
70987,7.7,51.3,46.9,5.1,save,0.388,39,0.74
70987,28.9,32.6,53.7,11.4,save,0.141,31,0.74
70987,7.4,69.5,52.1,23.4,save,0.206,27,0.74
70987,8.1,59.6,51.0,25.9,save,0.075,20,0.74
70987,4.3,32.2,48.1,3.8,save,0.204,17,0.74
70987,13.8,50.0,47.5,0.6,goal,0.202,87,0.74
70987,26.0,40.3,48.1,3.2,save,0.096,83,0.74
70987,26.6,70.3,51.9,4.4,save,0.095,58,0.74
70987,11.2,43.9,54.2,12.7,goal,0.214,39,0.74
70987,18.2,47.9,48.8,25.9,save,0.067,29,0.74
70987,12.7,31.8,52.9,6.3,save,0.104,24,0.74
70987,13.5,48.0,53.4,1.9,goal,0.368,19,0.74
70987,4.7,37.5,51.3,12.0,save,0.24,15,0.74
70987,8.6,43.2,52.5,2.5,goal,0.224,74,0.74
70987,4.2,56.6,49.0,24.7,save,0.762,76,0.74
70987,29.2,33.7,47.6,17.7,save,0.117,76,0.74
70987,10.4,41.2,46.9,25.3,save,0.364,60,0.74
70987,28.6,28.5,53.2,8.2,save,0.138,29,0.74
70987,13.2,50.9,46.6,3.2,save,0.263,90,0.74
70987,6.9,52.2,51.5,20.3,goal,0.425,81,0.74
70987,10.3,44.5,46.3,15.8,goal,,79,0.74
70987,13.9,48.1,50.1,2.5,save,0.11,56,0.74
70987,3.0,54.3,50.1,1.3,goal,0.881,17,0.74
70987,12.3,44.8,47.1,1.9,save,0.287,14,0.74
70987,7.3,50.4,53.3,8.2,goal,0.691,65,0.74
70987,17.9,63.1,49.2,1.3,save,0.041,34,0.74
70987,6.7,53.6,52.6,15.8,save,0.262,31,0.74
70987,23.9,51.0,46.4,25.3,goal,0.449,7,0.74
70987,10.1,38.4,50.7,10.8,save,0.019,90,0.74
70987,12.4,30.1,50.8,25.9,save,0.045,84,0.74
70987,16.2,58.3,53.7,5.7,goal,0.377,71,0.74
70987,19.5,71.5,46.2,17.7,goal,0.164,64,0.74
70987,12.2,44.5,53.0,8.9,goal,0.532,42,0.74
70987,12.3,41.8,48.1,8.2,save,0.517,38,0.74
70987,20.2,29.3,47.1,17.1,save,0.224,18,0.74
70987,7.8,51.1,53.3,7.6,goal,0.855,16,0.74
70987,7.3,45.5,47.7,1.3,goal,0.73,68,0.74
70987,11.1,31.0,51.8,8.2,save,0.236,68,0.74
70987,7.4,59.1,47.3,1.9,save,0.239,45,0.74
70987,21.8,28.0,53.8,27.2,save,0.359,5,0.74
70987,17.7,34.9,54.1,4.4,save,0.284,49,0.74
70987,11.9,47.8,54.2,1.3,save,0.518,35,0.74
70987,6.4,54.0,48.7,3.8,save,0.715,21,0.74
70987,14.4,54.0,48.1,1.9,save,0.127,21,0.74
70987,7.5,52.0,46.6,5.1,goal,0.916,82,0.74
70987,2.7,42.9,50.2,1.3,goal,0.828,78,0.74
70987,16.5,50.4,51.5,4.4,save,0.076,78,0.74
70987,11.7,33.7,52.3,27.8,save,0.157,76,0.74
70987,29.8,46.9,52.9,4.4,save,0.157,72,0.74
70987,11.5,50.0,50.4,24.7,goal,0.922,67,0.74
70987,15.5,64.8,48.4,19.0,save,0.075,54,0.74
70987,10.0,43.1,50.5,21.5,save,0.037,17,0.74
70987,8.1,56.7,50.8,0.6,save,0.712,77,0.74
70987,8.1,55.9,52.2,0.6,save,0.843,67,0.74
70987,12.5,38.9,51.2,31.0,goal,0.127,62,0.74
70987,4.1,55.5,49.4,0.6,save,0.118,53,0.74
70987,16.4,34.5,51.3,30.4,save,0.094,27,0.74
70987,1.3,57.5,46.9,20.9,goal,0.794,13,0.74
70987,10.0,41.2,50.3,28.5,save,0.043,9,0.74
70987,4.3,46.4,51.9,2.5,save,0.264,78,0.74
70987,19.8,46.0,53.9,12.7,goal,0.219,55,0.74
70987,14.5,37.3,46.4,18.4,goal,0.434,74,0.74
70987,11.7,53.6,46.3,3.2,goal,0.846,60,0.74
70987,3.3,47.4,49.4,5.1,goal,0.838,45,0.74
70987,6.4,48.5,49.3,25.9,save,0.102,31,0.74
70987,22.4,57.9,51.7,1.3,save,0.108,12,0.74
70987,11.3,71.8,49.2,34.2,save,0.07,79,0.74
70987,7.1,50.3,53.2,10.1,goal,0.649,28,0.74
70987,7.7,54.8,48.7,15.2,save,0.049,24,0.74
70987,26.5,48.2,52.8,17.1,save,0.121,20,0.74
70987,21.2,61.6,53.4,20.9,save,0.306,10,0.74
70987,10.8,43.9,51.0,17.1,save,0.104,7,0.74
70987,8.3,57.2,47.7,7.6,save,0.121,13,0.74
980626,8.3,58.1,49.0,5.1,save,0.04,87,1.0
980626,20.6,58.3,52.3,6.3,save,0.116,85,1.0
980626,15.4,73.2,46.5,20.9,save,0.162,83,1.0
980626,10.7,57.9,50.6,13.9,save,0.184,71,1.0
980626,22.9,48.1,50.4,3.8,save,0.026,68,1.0
980626,22.5,64.8,51.3,2.5,save,0.061,41,1.0
980626,12.0,52.1,46.8,1.9,save,0.286,18,1.0
980626,12.0,59.9,54.0,2.5,goal,0.86,38,1.0
980626,25.9,58.7,46.0,5.7,save,0.269,34,1.0
980626,14.9,50.6,50.2,13.9,save,0.02,20,1.0
980626,13.6,52.4,52.7,4.4,goal,0.204,90,1.0
980626,11.5,50.0,46.6,7.6,save,0.988,90,1.0
980626,18.1,58.1,54.1,31.6,goal,0.636,68,1.0
980626,11.5,50.0,46.9,12.0,save,0.979,38,1.0
980626,16.5,67.5,47.7,9.5,save,0.067,3,1.0
980626,11.0,81.0,46.1,1.3,save,0.173,90,1.0
980626,26.4,69.2,51.2,15.2,save,0.036,90,1.0
980626,19.1,66.0,48.4,1.3,save,0.066,51,1.0
980626,12.0,40.7,50.1,13.3,save,0.083,43,1.0
980626,7.7,53.0,53.2,4.4,goal,0.826,40,1.0
980626,16.3,54.0,47.5,3.8,save,0.39,33,1.0
980626,29.8,40.3,52.3,13.9,save,0.063,19,1.0
980626,26.4,56.7,47.2,27.8,goal,0.219,90,1.0
980626,23.2,71.4,47.7,26.6,goal,0.16,82,1.0
980626,15.7,50.7,50.8,5.1,save,0.044,71,1.0
980626,9.5,31.5,50.4,3.8,save,0.027,28,1.0
980626,10.4,46.6,53.6,8.2,save,0.204,78,1.0
980626,20.1,47.0,50.3,2.5,save,0.028,64,1.0
980626,3.9,58.3,53.5,27.8,goal,0.676,62,1.0
980626,22.3,51.7,50.5,29.1,save,0.062,54,1.0
980626,12.2,45.4,51.2,8.2,save,0.043,43,1.0
980626,9.9,50.1,53.0,27.2,save,0.4,29,1.0
980626,28.1,49.1,46.4,16.5,save,0.213,13,1.0
980626,18.4,36.6,52.9,0.6,save,0.204,86,1.0
980626,10.8,56.3,45.7,13.9,goal,0.306,53,1.0
980626,4.3,39.8,52.0,7.6,save,0.062,45,1.0
980626,10.2,30.5,50.0,3.2,save,0.077,45,1.0
980626,8.6,46.7,51.3,5.1,goal,0.515,40,1.0
980626,8.3,40.5,50.0,3.8,save,0.031,40,1.0
980626,13.9,35.2,45.8,15.2,goal,0.481,2,1.0
980626,3.7,59.1,49.4,31.0,save,0.079,85,1.0
980626,23.9,50.6,50.5,27.2,save,0.044,45,1.0
980626,20.8,28.1,53.7,1.3,save,0.221,6,1.0
980626,4.2,48.7,52.4,3.2,goal,0.953,54,1.0
980626,11.9,42.9,50.1,2.5,goal,0.156,44,1.0
980626,25.8,54.9,46.5,5.7,save,0.208,35,1.0
980626,12.6,31.9,48.6,3.8,save,0.482,25,1.0
980626,9.3,61.3,50.6,12.0,goal,0.034,18,1.0
980626,8.0,61.7,51.0,1.9,goal,0.253,2,1.0
980626,9.4,55.8,46.4,10.1,save,0.233,90,1.0
980626,16.8,44.7,46.0,26.6,goal,0.559,72,1.0
980626,14.1,42.5,50.0,8.2,save,0.017,58,1.0
980626,11.0,42.1,48.2,2.5,goal,0.809,35,1.0
980626,10.7,42.1,47.4,1.9,goal,0.587,27,1.0
980626,21.0,43.3,46.1,21.5,save,0.446,90,1.0
980626,15.1,38.3,53.9,1.9,goal,0.335,81,1.0
980626,2.7,53.0,47.2,25.3,goal,0.989,72,1.0
980626,7.9,47.9,48.1,31.6,save,0.299,72,1.0
980626,9.4,55.2,46.3,16.5,save,0.23,71,1.0
980626,10.2,31.5,49.7,3.8,save,0.029,70,1.0
980626,11.4,41.5,50.2,20.3,save,0.034,61,1.0
980626,27.7,45.5,53.6,31.6,save,0.474,44,1.0
980626,12.8,39.9,51.3,13.3,save,0.04,89,1.0
980626,7.9,35.8,45.3,2.5,goal,0.778,75,1.0
980626,12.6,43.1,49.5,1.9,save,0.306,71,1.0
980626,9.2,50.1,52.3,10.8,save,0.118,45,1.0
980626,4.6,56.4,47.2,14.6,save,0.848,44,1.0
980626,25.5,52.7,50.1,5.1,save,0.018,39,1.0
980626,16.4,27.4,45.5,25.9,goal,0.693,35,1.0
980626,7.4,51.0,51.5,1.9,goal,0.782,90,1.0
980626,19.5,49.0,52.9,0.6,goal,0.221,53,1.0
980626,11.5,50.0,52.9,0.6,goal,0.989,9,1.0
980626,14.3,31.5,50.3,1.3,save,0.034,90,1.0
980626,11.3,65.2,51.7,6.3,save,0.122,90,1.0
980626,19.2,64.0,45.6,1.3,save,0.404,86,1.0
980626,3.3,34.4,52.3,16.5,goal,0.085,74,1.0
980626,7.9,53.1,48.1,25.3,save,0.151,71,1.0
980626,17.0,64.4,50.2,1.3,save,0.028,61,1.0
980626,22.4,61.1,47.5,22.2,save,0.124,39,1.0
980626,14.6,49.2,54.0,1.3,goal,0.878,7,1.0
980626,17.8,65.4,54.0,6.3,goal,0.484,3,1.0
980626,10.3,31.0,50.2,4.4,save,0.077,89,1.0
980626,7.7,49.8,48.9,10.1,goal,0.047,87,1.0
980626,7.4,58.7,46.3,24.1,save,0.578,71,1.0
980626,6.3,51.7,50.4,5.7,save,0.506,53,1.0
980626,21.5,29.8,46.2,19.0,save,0.368,46,1.0
980626,8.6,68.1,51.4,2.5,goal,0.127,45,1.0
980626,14.2,52.3,48.1,27.2,goal,0.187,16,1.0
980626,11.3,53.4,48.4,15.2,save,0.066,13,1.0
980626,8.9,52.8,51.0,13.9,save,0.257,10,1.0
980626,2.4,48.7,49.4,3.8,goal,,90,1.0
980626,3.0,47.6,51.2,2.5,goal,0.936,84,1.0
980626,14.7,52.5,53.1,25.9,goal,0.432,52,1.0
980626,8.7,53.6,49.5,22.8,save,0.042,32,1.0
980626,8.6,55.6,48.5,18.4,save,0.059,70,1.0
980626,7.9,43.0,50.0,16.5,save,0.019,65,1.0
980626,24.4,68.3,49.9,8.2,save,0.014,22,1.0
980626,7.9,51.9,50.3,27.2,save,0.06,3,1.0
980626,12.0,48.5,49.0,31.0,save,0.102,83,1.0
980626,15.4,51.3,45.7,19.0,goal,0.942,77,1.0
980626,15.6,59.3,54.3,3.2,goal,0.54,57,1.0
980626,7.4,51.8,50.0,0.6,save,0.527,17,1.0
980626,11.2,60.3,46.1,14.6,goal,0.293,80,1.0
980626,11.5,50.0,48.1,12.7,goal,0.949,79,1.0
980626,11.9,24.3,52.9,19.6,save,0.1,54,1.0
980626,14.5,62.5,53.7,3.2,save,0.456,23,1.0
980626,21.3,38.1,45.5,10.8,goal,0.427,6,1.0
980626,9.0,51.5,47.5,7.0,save,0.129,4,1.0
980626,16.6,51.4,51.8,1.9,goal,0.114,18,1.0
980626,9.3,52.4,49.0,0.6,save,0.092,61,1.0
980626,7.7,52.2,48.4,32.3,save,0.197,45,1.0
980626,2.1,27.9,53.0,6.3,save,0.074,25,1.0
980626,6.3,41.7,51.6,1.9,save,0.762,18,1.0
980626,5.0,42.5,49.5,18.4,save,0.166,4,1.0
980626,18.9,53.6,52.3,24.7,save,0.315,30,1.0
980626,10.5,59.1,50.0,7.6,save,0.102,6,1.0
980626,22.9,44.3,52.0,29.1,save,0.17,74,1.0
980626,21.1,54.6,48.8,6.3,goal,0.041,60,1.0
980626,16.4,34.7,53.5,17.1,save,0.159,50,1.0
980626,8.4,65.4,53.6,13.3,goal,0.37,36,1.0
980626,13.2,69.5,47.4,24.7,save,0.134,65,1.0
980626,62.2,49.0,45.9,11.4,save,0.272,55,1.0
980626,11.5,50.0,53.2,1.3,goal,0.991,39,1.0
980626,8.2,45.7,46.7,2.5,goal,0.992,29,1.0
980626,3.6,48.8,47.1,18.4,goal,0.889,25,1.0
980626,13.7,65.3,52.8,1.9,save,0.316,46,1.0
980626,13.1,70.7,47.5,1.9,save,0.102,31,1.0
980626,2.4,42.1,50.1,27.8,save,0.065,12,1.0
980626,24.1,58.8,47.2,22.8,save,0.162,11,1.0
980626,21.9,75.2,46.6,16.5,save,0.124,66,1.0
980626,4.9,54.9,47.7,34.8,save,0.387,10,1.0
980626,8.1,24.7,50.9,14.6,save,0.062,9,1.0
980626,16.2,50.0,53.2,3.8,save,0.336,89,1.0
980626,12.8,68.2,48.5,30.4,goal,0.104,85,1.0
980626,17.3,53.5,46.4,14.6,save,0.231,83,1.0
980626,11.7,58.1,46.9,3.8,save,0.23,71,1.0
980626,3.9,49.6,50.6,3.8,goal,0.86,25,1.0
980626,16.0,94.1,53.9,19.0,goal,0.499,12,1.0
980626,14.8,35.5,47.1,10.1,save,0.662,57,1.0
980626,25.9,42.7,49.2,20.3,save,0.035,31,1.0
980626,15.9,28.4,46.4,12.7,goal,0.298,15,1.0
980626,23.8,38.0,50.0,3.8,save,0.019,90,1.0
980626,11.5,34.7,47.7,10.8,goal,0.627,75,1.0
980626,11.6,45.3,53.7,3.2,goal,0.876,62,1.0
980626,20.4,72.8,47.3,24.7,save,0.138,36,1.0
980626,4.1,51.8,48.2,17.1,goal,0.873,19,1.0
980626,18.8,34.9,53.9,3.8,goal,0.249,17,1.0
980626,12.8,36.9,45.9,8.2,goal,0.463,8,1.0
980626,10.2,62.3,51.8,19.6,goal,0.394,90,1.0
980626,19.0,52.6,54.2,2.5,save,0.452,90,1.0
980626,1.8,49.1,53.9,1.3,goal,0.997,88,1.0
980626,2.3,49.1,53.1,2.5,save,0.992,88,1.0
980626,14.0,53.0,52.6,2.5,save,0.714,70,1.0
980626,12.9,58.3,53.9,3.2,goal,0.819,60,1.0
980626,7.5,46.0,48.1,15.2,goal,0.1,11,1.0
980626,6.9,54.3,50.6,18.4,save,0.044,53,1.0
980626,10.7,54.6,45.9,3.8,goal,0.395,50,1.0
980626,4.8,68.6,46.4,17.1,save,0.129,14,1.0
980626,20.7,36.7,51.6,3.8,save,0.057,5,1.0
174345,20.7,32.5,53.8,1.9,save,0.242,74,0.88
174345,8.6,51.8,52.6,11.4,goal,0.398,65,0.88
174345,27.4,49.8,50.2,7.6,save,0.016,61,0.88
174345,11.5,63.7,50.4,13.9,save,0.135,55,0.88
174345,24.4,58.5,49.0,24.7,save,0.053,10,0.88
174345,23.1,33.7,47.7,24.1,save,0.172,27,0.88
174345,14.6,67.9,48.4,3.2,save,0.06,5,0.88
174345,26.2,46.8,51.0,8.9,save,0.029,33,0.88
174345,30.2,50.5,52.7,17.1,save,0.144,23,0.88
174345,3.5,45.6,53.4,9.5,goal,0.906,18,0.88
174345,8.0,49.9,51.6,15.2,goal,0.513,19,0.88
174345,19.8,52.1,52.9,13.9,save,0.153,82,0.88
174345,14.1,49.3,47.9,6.3,save,0.505,29,0.88
174345,6.9,47.8,49.0,15.8,goal,0.254,6,0.88
174345,11.1,67.0,45.8,8.2,save,0.171,90,0.88
174345,11.5,50.0,47.5,1.9,goal,0.982,90,0.88
174345,9.5,50.7,50.9,13.3,save,0.118,90,0.88
174345,3.9,50.3,50.4,7.0,save,0.889,85,0.88
174345,6.0,69.7,51.6,17.7,save,0.1,73,0.88
174345,30.5,49.1,49.4,29.7,save,0.055,12,0.88
174345,5.4,47.2,53.2,20.9,goal,0.762,90,0.88
174345,1.0,53.6,46.1,24.1,goal,0.967,70,0.88
174345,9.4,45.7,45.9,29.7,save,0.632,70,0.88
174345,4.9,54.0,47.2,4.4,goal,0.848,66,0.88
174345,12.4,58.2,49.8,3.2,save,0.13,64,0.88
174345,13.5,43.1,46.6,1.3,goal,0.713,61,0.88
174345,2.2,51.8,49.1,5.1,goal,0.952,47,0.88
174345,7.4,42.1,50.1,4.4,goal,0.48,45,0.88
174345,4.9,42.3,45.8,8.2,goal,0.827,19,0.88
174345,13.5,61.5,47.7,1.9,save,0.359,14,0.88
174345,2.2,54.2,48.7,5.7,goal,0.944,13,0.88
174345,14.0,35.6,51.3,12.0,save,0.033,90,0.88
174345,16.1,52.2,51.9,5.1,save,0.79,86,0.88
174345,7.3,45.4,52.4,23.4,save,0.509,59,0.88
174345,21.0,22.6,46.8,29.7,save,0.426,54,0.88
174345,11.8,47.8,52.9,2.5,save,0.235,51,0.88
174345,11.1,51.2,50.4,5.1,save,0.036,45,0.88
174345,6.4,46.7,51.0,6.3,save,0.282,36,0.88
174345,4.7,66.0,47.5,5.1,save,0.078,33,0.88
174345,20.4,63.8,48.2,23.4,save,0.082,18,0.88
174345,4.2,31.4,53.2,3.2,save,0.137,1,0.88
174345,28.2,70.7,46.4,31.6,save,0.336,69,0.88
174345,34.5,44.4,49.0,7.6,save,0.031,6,0.88
174345,8.4,46.7,50.9,25.9,save,0.07,41,0.88
174345,21.4,37.3,48.5,22.2,save,0.078,23,0.88
174345,11.9,63.4,49.0,15.8,save,0.033,14,0.88
174345,27.1,35.4,51.5,19.0,goal,0.048,68,0.88
174345,26.4,58.7,46.0,32.3,save,0.561,43,0.88
174345,7.7,62.9,49.5,1.9,save,0.211,40,0.88
174345,10.4,51.3,46.4,13.9,save,0.72,22,0.88
174345,22.2,40.9,48.7,20.9,save,0.07,20,0.88
174345,3.9,65.6,47.1,3.2,save,0.317,16,0.88
174345,20.2,29.0,48.5,31.0,goal,0.135,3,0.88
174345,23.2,49.4,51.6,15.2,save,0.047,65,0.88
174345,9.5,41.0,51.5,15.8,save,0.053,65,0.88
174345,8.0,56.3,46.7,7.0,save,0.182,63,0.88
174345,8.1,60.0,48.4,3.8,save,0.466,61,0.88
174345,8.0,55.4,53.0,11.4,goal,0.709,55,0.88
174345,6.6,50.7,50.0,14.6,goal,0.233,72,0.88
174345,10.0,50.3,50.4,0.6,save,0.583,72,0.88
174345,12.5,46.3,48.3,9.5,save,0.062,37,0.88
174345,11.2,53.2,46.8,4.4,goal,0.267,2,0.88
174345,17.7,53.8,47.9,1.9,save,0.317,88,0.88
174345,2.1,40.7,53.9,5.7,goal,0.158,45,0.88
174345,29.1,63.4,52.3,5.7,save,0.104,27,0.88
174345,21.9,40.3,51.9,12.7,save,0.048,3,0.88
174345,12.0,37.6,53.6,14.6,goal,0.478,73,0.88
174345,19.4,54.0,54.6,4.2,save,0.514,70,0.88
174345,9.5,63.4,53.2,8.2,save,0.908,53,0.88
174345,10.2,62.8,52.9,3.2,save,0.681,45,0.88
174345,7.9,48.8,46.5,16.5,goal,0.974,45,0.88
174345,8.2,39.7,46.0,5.1,goal,0.826,45,0.88
174345,10.5,53.2,50.3,4.4,save,0.038,1,0.88
174345,13.3,34.6,52.9,2.5,save,0.153,90,0.88
174345,12.8,58.8,48.6,1.9,save,0.095,56,0.88
174345,20.3,52.6,51.7,16.5,save,0.072,44,0.88
174345,19.5,36.8,49.5,15.2,save,0.021,33,0.88
174345,20.3,30.1,53.7,23.4,goal,0.316,29,0.88
174345,9.1,66.5,46.5,0.6,save,0.204,11,0.88
174345,24.8,64.6,47.0,3.2,save,0.153,8,0.88
174345,7.6,47.1,50.3,24.1,save,0.048,88,0.88
174345,8.0,40.4,49.3,33.5,save,0.116,87,0.88
174345,22.0,68.9,48.0,3.8,save,0.072,44,0.88
174345,15.5,57.3,45.9,13.3,goal,0.238,12,0.88
174345,14.7,67.8,51.8,3.2,save,0.121,56,0.88
174345,10.0,37.7,45.6,7.6,goal,0.571,48,0.88
174345,9.4,54.0,47.7,22.2,save,0.728,45,0.88
174345,18.1,54.2,46.9,18.4,save,0.197,28,0.88
174345,7.4,65.0,47.1,1.3,save,0.145,90,0.88
174345,12.5,65.3,47.1,17.7,save,0.536,90,0.88
174345,11.0,43.3,50.6,25.9,save,0.049,80,0.88
174345,12.7,42.3,48.7,3.2,goal,0.096,69,0.88
174345,20.9,64.7,53.9,6.3,save,0.365,23,0.88
174345,17.3,46.9,50.2,0.6,save,0.042,50,0.88
174345,20.7,51.7,50.5,3.2,save,0.03,45,0.88
174345,19.5,33.2,47.5,17.1,save,0.14,13,0.88
174345,21.5,55.2,51.0,6.3,save,0.036,90,0.88
174345,8.8,39.3,49.8,3.2,goal,0.039,12,0.88
174345,17.4,47.0,53.4,3.2,goal,0.256,59,0.88
174345,24.8,44.9,52.6,4.4,save,0.121,53,0.88
174345,2.4,48.0,50.9,17.7,goal,0.821,16,0.88
174345,10.7,67.8,54.3,13.9,goal,0.618,11,0.88
174345,20.6,16.8,49.7,24.7,save,0.028,8,0.88
174345,7.3,45.4,45.8,13.9,goal,0.463,82,0.88
174345,3.6,54.8,51.9,12.0,save,0.958,69,0.88
174345,11.5,50.0,47.2,2.5,goal,0.986,21,0.88
174345,9.0,51.5,53.5,14.6,save,0.415,3,0.88
174345,25.2,40.9,46.2,12.0,save,0.215,58,0.88
174345,13.2,45.1,50.9,20.3,save,0.04,90,0.88
174345,15.0,58.1,52.5,17.7,save,0.167,90,0.88
174345,15.3,46.7,47.8,5.7,save,0.128,88,0.88
174345,14.4,50.1,48.2,1.9,save,0.841,75,0.88
174345,11.5,58.5,46.3,1.9,goal,0.842,65,0.88
174345,20.1,39.3,53.9,25.9,goal,0.502,59,0.88
174345,7.7,49.4,46.2,5.7,goal,,18,0.88
174345,22.8,66.8,53.6,25.9,goal,0.429,88,0.88
174345,6.0,52.0,51.3,14.6,save,0.187,79,0.88
174345,12.4,49.9,50.6,31.0,save,0.065,78,0.88
174345,3.3,46.4,54.1,0.6,save,0.958,77,0.88
174345,9.0,53.0,53.1,1.9,save,0.296,69,0.88
174345,6.5,71.9,51.3,31.6,save,0.192,68,0.88
174345,19.6,53.2,47.1,1.9,save,0.268,28,0.88
174345,8.1,47.4,54.1,5.7,goal,0.374,22,0.88
174345,9.1,56.3,45.8,22.2,save,0.431,14,0.88
174345,4.3,45.5,51.0,1.9,goal,0.825,90,0.88
174345,12.6,41.5,52.1,3.2,goal,0.708,83,0.88
174345,3.2,42.7,52.6,1.9,goal,0.877,82,0.88
174345,6.8,38.9,47.6,25.9,goal,0.497,53,0.88
174345,13.3,40.4,48.7,3.2,save,0.56,39,0.88
174345,21.8,47.2,47.3,26.6,save,0.231,8,0.88
174345,11.5,50.0,47.6,1.3,goal,0.982,3,0.88
174345,13.4,52.8,50.9,10.1,goal,0.085,90,0.88
174345,44.9,62.8,53.5,5.1,save,0.251,90,0.88
174345,15.2,41.5,49.7,3.8,save,0.281,88,0.88
174345,5.9,33.8,53.3,5.7,goal,0.613,84,0.88
174345,6.5,63.9,51.3,12.0,goal,0.451,56,0.88
174345,9.2,59.7,52.4,6.3,save,0.64,38,0.88
174345,24.0,43.3,53.3,16.5,save,0.166,77,0.88
174345,4.4,50.1,47.1,6.3,goal,0.807,45,0.88
174345,7.5,50.7,47.2,7.0,goal,0.87,15,0.88
174345,11.4,58.9,49.1,7.6,goal,0.349,90,0.88
174345,4.8,52.4,51.2,13.3,goal,0.496,70,0.88
174345,13.5,39.2,47.1,27.2,save,0.353,45,0.88
174345,10.4,76.0,46.2,13.9,save,0.133,21,0.88
174345,8.0,50.4,47.1,8.9,goal,0.186,9,0.88
174345,6.9,43.3,45.5,13.9,goal,0.856,1,0.88
187185,8.8,58.3,52.6,5.7,save,0.772,90,1.0
187185,7.9,54.2,49.1,22.2,save,0.125,83,1.0
187185,15.6,51.1,50.8,20.9,save,0.046,60,1.0
187185,23.4,50.7,54.3,3.8,save,0.411,57,1.0
187185,11.5,50.0,50.0,2.5,goal,0.873,19,1.0
187185,8.8,51.7,51.1,24.7,goal,0.082,15,1.0
187185,24.4,54.4,52.4,8.9,save,0.094,90,1.0
187185,25.9,27.0,52.2,25.9,goal,0.109,78,1.0
187185,23.8,31.7,47.6,22.2,save,0.165,71,1.0
187185,9.8,42.5,47.3,5.1,save,0.771,70,1.0
187185,2.1,58.5,52.0,19.0,save,,42,1.0
187185,19.8,39.1,46.2,8.2,goal,0.311,36,1.0
187185,13.2,40.5,53.9,6.3,goal,0.76,22,1.0
187185,17.9,43.2,52.7,5.1,goal,0.135,16,1.0
187185,14.7,50.6,53.7,2.5,goal,0.857,90,1.0
187185,21.2,68.7,54.5,22.8,goal,0.588,65,1.0
187185,14.1,32.5,47.7,5.7,save,0.143,53,1.0
187185,8.8,50.9,52.3,15.2,save,0.363,41,1.0
187185,9.2,52.9,51.5,20.3,save,0.593,29,1.0
187185,14.8,35.0,47.4,20.9,save,0.223,11,1.0
187185,6.9,50.9,51.2,0.6,goal,0.77,90,1.0
187185,11.7,63.4,51.0,5.1,save,0.208,90,1.0
187185,20.1,70.8,53.7,19.0,save,0.38,73,1.0
187185,7.7,48.1,50.3,4.4,goal,0.062,57,1.0
187185,13.1,39.2,50.7,6.3,save,0.034,46,1.0
187185,23.7,68.7,46.1,7.6,save,0.193,36,1.0
187185,10.4,39.8,50.6,18.4,save,0.029,67,1.0
187185,9.6,46.8,51.8,6.3,goal,0.727,29,1.0
187185,9.4,69.6,53.1,13.3,save,0.299,29,1.0
187185,8.8,51.3,49.0,14.6,save,0.056,20,1.0
187185,8.9,52.4,53.4,24.1,goal,0.493,73,1.0
187185,8.1,48.0,54.2,18.4,goal,0.402,71,1.0
187185,14.2,69.4,46.6,22.2,save,0.18,69,1.0
187185,9.9,62.1,47.3,21.5,goal,0.608,32,1.0
187185,16.0,53.3,53.3,0.6,save,0.334,9,1.0
187185,6.5,55.3,52.3,2.5,goal,0.76,82,1.0
187185,20.4,43.5,46.3,3.2,goal,0.328,70,1.0
187185,13.1,46.0,53.8,14.6,goal,0.219,67,1.0
187185,2.4,52.6,50.9,3.2,goal,0.961,63,1.0
187185,4.9,45.2,49.7,32.9,save,0.277,56,1.0
187185,7.6,48.9,49.0,10.1,save,0.415,45,1.0
187185,20.6,63.6,48.1,10.8,save,0.045,31,1.0
187185,12.9,52.1,47.7,1.9,goal,0.502,15,1.0
187185,4.4,58.7,52.0,17.7,save,0.235,87,1.0
187185,19.8,54.4,53.9,1.9,save,0.458,45,1.0
187185,9.0,58.1,52.9,24.1,save,0.314,35,1.0
187185,26.7,45.2,50.3,11.4,save,0.013,31,1.0
187185,13.7,55.9,45.5,2.5,goal,0.492,18,1.0
187185,11.6,57.3,52.4,29.1,save,0.326,83,1.0
187185,8.5,56.8,51.5,7.0,goal,0.356,53,1.0
187185,11.8,51.1,47.9,2.5,goal,0.147,90,1.0
187185,8.9,51.3,50.6,28.5,save,0.072,60,1.0
187185,18.1,45.8,50.9,2.5,save,0.044,55,1.0
187185,9.7,36.6,49.3,15.8,save,0.038,80,1.0
187185,4.3,47.6,48.9,8.2,goal,0.77,70,1.0
187185,15.3,54.0,52.3,13.3,save,0.087,48,1.0
187185,15.3,50.0,51.1,22.8,save,0.072,1,1.0
187185,10.0,53.9,50.8,8.9,save,0.24,68,1.0
187185,7.6,48.2,50.0,4.4,goal,0.444,53,1.0
187185,15.1,49.3,48.4,3.8,save,0.093,23,1.0
187185,10.1,50.9,48.1,18.4,save,0.147,14,1.0
187185,12.2,64.1,49.0,19.0,save,0.04,14,1.0
187185,22.3,33.5,47.8,15.8,save,0.095,77,1.0
187185,4.9,38.9,51.7,7.6,goal,0.075,73,1.0
187185,7.3,31.0,53.9,3.2,save,0.186,41,1.0
187185,3.3,48.2,50.8,7.0,goal,0.93,37,1.0
187185,3.5,31.9,50.0,14.6,save,0.015,37,1.0
187185,4.8,61.2,47.0,12.7,save,0.112,90,1.0
187185,4.6,45.0,52.4,15.2,save,0.857,89,1.0
187185,5.0,49.2,51.2,5.1,goal,0.809,40,1.0
187185,14.8,59.1,52.6,15.2,save,0.151,11,1.0
187185,8.2,55.8,47.4,24.1,save,0.179,75,1.0
187185,8.8,69.9,45.8,5.7,save,0.206,74,1.0
187185,27.0,30.4,45.7,31.0,save,0.717,52,1.0
187185,8.0,63.4,47.5,14.6,save,0.281,40,1.0
187185,11.6,52.6,45.6,8.2,goal,0.354,90,1.0
187185,7.0,47.2,49.9,9.5,save,0.415,90,1.0
187185,7.9,41.1,50.1,7.0,save,0.382,86,1.0
187185,13.9,39.5,51.3,1.9,save,0.066,85,1.0
187185,3.8,50.2,50.6,15.8,goal,0.897,72,1.0
187185,3.2,58.3,49.8,15.8,save,0.075,72,1.0
187185,20.0,34.0,46.9,16.5,save,0.213,29,1.0
187185,4.5,65.4,47.0,29.1,goal,0.672,78,1.0
187185,10.3,34.4,53.0,1.9,save,0.452,76,1.0
187185,8.2,40.9,50.1,3.8,save,0.431,72,1.0
187185,7.9,69.9,50.8,8.2,save,0.038,71,1.0
187185,13.6,59.9,52.9,7.0,save,0.212,57,1.0
187185,6.1,34.0,53.9,29.7,goal,0.406,56,1.0
187185,16.9,52.3,47.6,18.4,goal,0.11,55,1.0
187185,11.1,52.3,51.4,13.9,save,0.337,34,1.0
187185,2.7,51.2,47.5,21.5,goal,0.985,90,1.0
187185,12.8,54.5,50.8,4.4,goal,0.646,61,1.0
187185,11.5,50.0,46.6,3.8,goal,0.99,58,1.0
187185,26.9,58.1,48.9,18.4,save,0.048,52,1.0
187185,3.7,51.5,51.1,3.8,save,0.916,33,1.0
187185,12.7,55.3,53.2,5.1,goal,0.268,12,1.0
187185,15.4,54.3,49.0,11.4,save,0.031,4,1.0
187185,9.3,41.5,51.9,3.2,save,0.1,42,1.0
187185,10.5,53.9,47.2,6.3,save,0.664,22,1.0
187185,6.2,55.9,46.9,3.2,goal,0.944,20,1.0
187185,11.1,44.9,51.2,20.9,save,0.757,7,1.0
187185,3.4,42.9,45.5,20.9,save,0.838,54,1.0
187185,18.9,39.2,52.3,20.9,save,0.12,48,1.0
187185,7.3,58.5,48.7,11.4,save,0.207,74,1.0
187185,15.5,62.3,45.9,5.1,save,0.27,62,1.0
187185,5.5,52.6,49.4,22.8,save,0.094,34,1.0
187185,2.5,57.5,47.6,19.6,save,0.374,25,1.0
187185,14.7,43.7,52.8,8.2,save,0.142,16,1.0
187185,15.8,48.9,52.7,22.2,save,0.169,82,1.0
187185,4.7,46.4,46.7,13.9,goal,0.492,63,1.0
187185,24.7,53.2,46.3,11.4,goal,0.183,90,1.0
187185,9.5,51.0,47.5,12.7,goal,0.138,88,1.0
187185,11.0,35.7,53.5,25.9,save,0.304,87,1.0
187185,28.3,56.8,48.8,23.4,save,0.068,64,1.0
187185,15.5,51.4,46.6,17.7,save,0.286,51,1.0
187185,14.4,53.8,52.0,1.9,save,0.434,47,1.0
187185,12.9,45.0,46.2,0.6,goal,0.827,45,1.0
187185,4.3,43.3,53.7,1.9,goal,0.707,43,1.0
187185,13.8,63.4,46.9,27.8,goal,0.851,40,1.0
187185,14.9,38.4,50.3,1.3,save,0.034,26,1.0
187185,11.5,50.0,47.0,16.5,goal,0.983,15,1.0
187185,18.9,70.6,46.9,25.3,save,0.184,6,1.0
187185,15.9,72.9,53.6,0.6,save,0.528,3,1.0
187185,13.1,31.8,51.8,0.6,save,0.078,74,1.0
187185,4.9,51.4,51.8,7.0,goal,0.874,25,1.0
187185,4.1,50.1,50.3,24.1,save,0.214,73,1.0
187185,20.5,42.7,51.9,36.7,save,0.324,69,1.0
187185,9.3,46.8,48.5,0.6,save,0.807,49,1.0
187185,4.5,50.4,48.1,10.1,goal,0.927,25,1.0
187185,8.5,43.9,51.5,5.1,save,0.078,25,1.0
187185,2.8,53.3,50.8,15.8,save,0.338,23,1.0
187185,6.1,56.5,47.1,0.6,save,0.941,22,1.0
187185,14.7,66.6,48.0,15.8,save,0.063,20,1.0
187185,7.1,30.9,53.7,2.5,save,0.181,2,1.0
187185,16.5,34.7,52.2,4.4,save,0.115,78,1.0
187185,10.8,62.0,47.4,4.4,goal,0.676,67,1.0
187185,26.0,60.1,50.1,14.6,save,0.013,62,1.0
187185,10.1,34.0,53.9,1.9,save,0.239,46,1.0
187185,14.7,37.5,52.3,19.6,save,0.117,42,1.0
187185,12.0,57.1,46.5,3.2,goal,0.868,38,1.0
187185,3.5,54.7,49.0,5.7,goal,0.922,88,1.0
187185,10.5,44.1,53.1,6.3,goal,0.716,68,1.0
187185,11.4,57.3,51.8,3.2,save,0.148,57,1.0
187185,18.1,48.2,53.8,8.9,save,0.286,23,1.0
187185,11.1,56.0,48.5,19.6,save,0.324,68,1.0
187185,4.3,41.3,53.4,13.9,goal,0.61,67,1.0
187185,12.4,57.0,48.4,13.3,save,0.21,54,1.0
187185,20.7,51.1,50.3,32.9,save,0.056,47,1.0
187185,12.1,84.7,53.6,29.7,save,0.598,35,1.0
187185,3.0,57.1,48.7,13.9,goal,0.443,32,1.0
187185,8.4,45.4,47.0,2.5,goal,0.834,22,1.0
187185,28.3,64.5,46.8,27.2,save,0.25,19,1.0
187185,4.8,36.3,52.8,15.2,save,0.12,12,1.0
187185,23.5,60.0,53.2,4.4,save,0.273,1,1.0
187185,5.4,59.4,51.3,7.6,goal,0.522,72,1.0
187185,10.2,63.9,47.2,5.7,save,0.367,72,1.0
187185,10.9,54.0,52.1,3.8,goal,0.843,62,1.0
187185,3.9,47.3,50.6,3.8,save,0.885,15,1.0
187185,5.4,47.8,51.1,6.3,save,0.436,15,1.0
187185,10.5,58.8,46.6,12.0,save,0.123,9,1.0
187185,9.8,33.2,45.8,1.3,goal,0.668,87,1.0
187185,20.7,36.9,52.7,7.0,save,0.103,24,1.0
187185,14.4,53.7,50.8,16.5,save,0.154,82,1.0
187185,7.1,66.5,46.2,23.4,save,0.24,64,1.0
187185,18.9,34.0,46.6,31.6,goal,0.556,52,1.0
187185,52.3,33.8,46.1,20.3,goal,0.337,28,1.0
187185,8.1,39.3,53.6,16.5,goal,0.645,1,1.0
187185,6.5,43.1,53.0,28.5,goal,0.401,88,1.0
187185,5.8,31.2,47.1,7.6,save,0.285,30,1.0
8959,17.3,45.2,47.8,3.8,goal,0.343,90,0.67
8959,8.6,48.7,48.0,32.9,save,0.265,90,0.67
8959,2.9,57.5,46.3,19.0,goal,0.57,83,0.67
8959,24.2,45.8,46.7,19.0,save,0.228,68,0.67
8959,11.4,55.6,45.8,5.1,save,0.463,61,0.67
8959,17.0,24.6,45.7,4.4,save,0.58,50,0.67
8959,6.4,41.5,50.7,8.2,save,0.029,47,0.67
8959,8.4,64.8,47.5,5.7,goal,0.583,29,0.67
8959,17.0,40.3,47.1,12.7,save,0.154,10,0.67
8959,55.5,60.9,49.8,18.4,save,0.03,43,0.67
8959,30.1,42.4,50.3,4.4,save,0.024,22,0.67
8959,9.6,52.2,46.8,1.3,goal,0.924,87,0.67
8959,15.9,47.2,54.2,1.3,goal,0.484,85,0.67
8959,24.7,42.5,47.4,18.4,save,0.124,73,0.67
8959,6.8,50.6,49.1,2.5,goal,0.3,68,0.67
8959,26.2,38.7,52.6,29.7,save,0.198,65,0.67
8959,10.7,35.4,51.2,5.1,save,0.37,45,0.67
8959,14.4,59.6,48.1,0.6,save,0.332,33,0.67
8959,15.3,57.9,46.0,1.3,save,0.354,30,0.67
8959,11.0,52.3,52.2,24.7,goal,0.698,8,0.67
8959,7.5,40.3,49.2,3.2,goal,0.299,79,0.67
8959,3.7,37.1,52.4,26.6,save,0.114,73,0.67
8959,9.1,54.4,46.2,3.2,goal,0.733,51,0.67
8959,13.1,55.5,46.7,4.4,goal,0.844,50,0.67
8959,22.2,41.6,52.6,3.2,save,0.126,89,0.67
8959,23.9,69.9,52.8,17.1,save,0.169,77,0.67
8959,12.6,49.0,49.7,7.0,save,0.023,52,0.67
8959,25.4,32.8,53.9,1.9,save,0.259,33,0.67
8959,7.1,53.7,48.0,19.6,save,0.366,20,0.67
8959,10.2,39.7,50.4,2.5,goal,0.037,90,0.67
8959,9.1,32.7,51.3,7.6,save,0.039,86,0.67
8959,12.8,29.8,45.8,17.7,save,0.535,42,0.67
8959,21.7,27.6,52.9,25.3,save,0.159,33,0.67
8959,13.2,67.7,52.6,8.2,save,0.217,43,0.67
8959,25.0,46.2,46.5,14.6,goal,0.216,23,0.67
8959,20.4,63.5,50.0,4.4,save,0.019,18,0.67
8959,26.3,35.6,50.0,17.7,save,0.015,52,0.67
8959,26.9,42.5,53.9,24.1,goal,0.41,31,0.67
8959,7.7,45.0,45.8,2.5,goal,0.925,90,0.67
8959,8.3,40.1,48.3,1.3,goal,0.59,28,0.67
8959,13.1,47.4,48.9,25.9,save,0.097,16,0.67
8959,14.1,63.4,54.0,7.0,goal,0.494,83,0.67
8959,19.9,63.5,48.8,17.7,save,0.037,58,0.67
8959,9.2,44.0,53.4,9.5,save,0.754,52,0.67
8959,17.9,33.9,51.9,4.4,save,0.066,26,0.67
8959,7.9,33.2,46.2,2.5,goal,0.917,10,0.67
8959,12.6,26.8,49.3,32.9,save,0.098,90,0.67
8959,11.5,50.0,46.1,5.1,goal,0.993,78,0.67
8959,5.8,54.4,47.5,22.8,goal,0.222,44,0.67
8959,12.7,65.6,54.1,3.2,goal,0.646,38,0.67
8959,22.2,49.1,48.7,10.8,save,0.035,90,0.67
8959,13.9,42.1,47.5,1.9,goal,0.22,70,0.67
8959,11.0,48.7,46.2,1.9,save,0.507,64,0.67
8959,10.9,43.6,48.1,9.5,save,0.65,61,0.67
8959,14.1,50.9,50.9,11.4,save,0.03,55,0.67
8959,25.0,40.0,50.9,24.1,save,0.045,53,0.67
8959,11.8,66.0,54.2,17.1,goal,0.559,87,0.67
8959,25.6,28.9,50.5,7.0,save,0.02,81,0.67
8959,7.4,32.9,53.8,3.2,save,0.682,16,0.67
8959,20.7,37.6,45.6,11.4,goal,0.39,12,0.67
8959,6.5,46.4,51.7,32.3,save,0.323,12,0.67
8959,6.0,48.9,51.6,16.5,save,0.478,12,0.67
8959,6.7,67.4,47.6,33.5,goal,0.194,59,0.67
8959,16.7,65.8,53.6,28.5,save,0.561,24,0.67
8959,13.7,63.1,47.7,8.9,save,0.088,9,0.67
8959,7.9,33.6,50.6,1.3,save,0.166,72,0.67
8959,11.5,50.0,53.6,10.1,goal,0.987,90,0.67
8959,11.5,50.0,46.8,7.6,save,0.986,88,0.67
8959,3.5,44.0,52.0,20.9,save,0.766,67,0.67
8959,8.4,52.6,54.3,3.8,goal,0.609,52,0.67
8959,12.8,27.6,50.6,5.1,save,0.028,31,0.67
8959,6.1,53.3,51.0,10.8,save,0.058,15,0.67
8959,15.8,67.9,49.0,7.6,save,0.032,3,0.67
8959,20.4,33.1,47.2,19.6,save,0.189,90,0.67
8959,13.2,53.4,46.7,2.5,goal,0.731,35,0.67
8959,23.1,92.4,48.0,7.6,goal,0.161,90,0.67
8959,11.4,75.2,50.5,3.2,save,0.033,59,0.67
8959,5.7,33.6,52.8,28.5,goal,0.71,50,0.67
8959,9.8,51.7,50.4,34.2,save,0.095,37,0.67
8959,7.9,45.4,49.6,34.8,save,0.095,23,0.67
8959,9.9,65.0,48.8,3.8,save,0.048,23,0.67
8959,6.7,60.5,49.7,18.4,goal,0.126,18,0.67
8959,18.2,34.0,50.1,1.9,save,0.024,11,0.67
8959,15.4,76.5,51.6,8.9,save,0.066,79,0.67
8959,21.0,35.8,52.6,8.2,save,0.089,16,0.67
8959,27.8,53.6,49.9,24.1,save,0.025,90,0.67
8959,6.0,28.3,49.1,1.3,save,0.062,58,0.67
8959,22.3,32.6,52.7,22.2,goal,0.13,45,0.67
8959,16.5,51.9,48.3,1.9,save,0.15,4,0.67
8959,22.3,36.7,49.7,15.2,save,0.021,77,0.67
8959,18.4,47.0,49.6,17.7,save,0.143,64,0.67
8959,3.6,46.6,52.6,24.1,save,0.538,63,0.67
8959,12.0,32.5,52.1,13.3,save,0.054,39,0.67
8959,3.4,61.1,47.8,17.7,save,0.06,31,0.67
8959,8.9,56.0,51.3,1.3,goal,0.56,60,0.67
8959,7.6,40.7,52.2,13.9,goal,0.575,50,0.67
8959,19.5,29.2,49.4,29.1,save,0.07,41,0.67
8959,9.2,39.1,46.8,7.6,goal,0.429,36,0.67
8959,7.0,36.4,53.4,1.3,goal,0.273,31,0.67
8959,8.0,62.0,52.7,4.4,goal,0.29,12,0.67
8959,15.1,49.0,48.8,1.9,save,0.068,46,0.67
8959,10.2,31.6,46.8,31.6,goal,0.569,43,0.67
8959,9.5,46.9,46.6,10.1,save,0.241,13,0.67
8959,25.9,38.6,53.6,17.1,save,0.182,90,0.67
8959,10.3,33.4,48.1,5.7,save,0.632,36,0.67
8959,8.9,74.9,52.3,20.9,save,0.19,27,0.67
8959,18.1,57.2,52.7,3.2,save,0.189,6,0.67
8959,11.2,53.6,46.8,19.0,save,0.727,56,0.67
8959,15.1,53.6,46.8,24.1,goal,0.272,70,0.67
8959,3.8,43.3,52.1,17.7,goal,0.92,67,0.67
8959,19.9,50.3,46.6,6.3,save,0.259,84,0.67
8959,3.7,48.4,51.0,15.8,goal,0.56,26,0.67
8959,13.6,44.9,53.9,10.1,goal,0.309,20,0.67
8959,7.4,52.7,47.6,1.9,goal,0.929,86,0.67
8959,31.2,73.5,47.7,5.7,save,0.075,57,0.67
8959,14.4,46.7,54.5,10.8,save,0.314,62,0.67
8959,19.0,60.8,45.7,7.0,save,0.282,32,0.67
8959,7.0,43.7,45.8,22.2,goal,0.638,30,0.67
8959,11.5,50.0,52.6,20.3,goal,0.981,90,0.67
8959,5.6,35.9,52.6,15.2,save,0.516,80,0.67
8959,27.6,32.7,51.0,13.3,save,0.023,32,0.67
8959,3.0,39.2,53.2,12.0,save,0.161,31,0.67
8959,22.8,56.1,47.0,33.5,goal,0.451,24,0.67
8959,25.9,43.1,53.4,19.6,save,0.262,23,0.67
96832,19.5,63.6,50.2,15.2,save,0.016,90,0.62
96832,7.6,50.7,53.3,6.3,goal,0.761,90,0.62
96832,20.1,56.8,50.7,11.4,save,0.022,70,0.62
96832,11.4,48.1,50.6,33.5,save,0.082,64,0.62
96832,9.4,40.1,51.9,4.4,save,0.444,49,0.62
96832,8.6,44.4,48.6,25.3,save,0.338,41,0.62
96832,4.2,34.8,54.5,13.3,save,0.157,37,0.62
96832,22.3,57.7,47.4,26.6,save,0.178,20,0.62
96832,3.3,45.2,53.3,5.1,save,0.6,90,0.62
96832,5.2,46.6,48.3,17.7,save,0.184,90,0.62
96832,8.6,48.9,51.8,27.2,goal,,35,0.62
96832,19.8,66.7,49.7,4.4,save,0.022,90,0.62
96832,11.5,50.0,52.3,10.1,goal,0.963,77,0.62
96832,10.7,43.0,48.1,33.5,save,0.219,73,0.62
96832,4.9,47.7,45.6,12.0,goal,0.814,60,0.62
96832,27.2,51.7,52.6,11.4,save,0.085,21,0.62
96832,18.9,40.1,47.0,6.3,save,0.206,15,0.62
96832,27.2,64.6,47.4,27.2,save,0.165,63,0.62
96832,26.3,66.9,49.0,12.7,save,0.021,56,0.62
96832,17.8,53.0,50.4,16.5,save,0.023,5,0.62
96832,7.9,43.6,49.5,29.1,save,0.767,77,0.62
96832,2.7,57.8,50.3,26.6,goal,0.122,69,0.62
96832,7.0,42.4,53.4,31.0,save,0.353,29,0.62
96832,13.3,53.8,47.8,3.8,save,0.424,11,0.62
96832,8.8,59.1,51.3,19.6,save,0.072,65,0.62
96832,8.8,34.6,46.9,7.0,save,0.323,49,0.62
96832,15.6,27.7,45.8,30.4,goal,0.73,20,0.62
96832,26.4,56.7,54.2,12.0,save,0.292,18,0.62
96832,10.3,45.4,48.4,22.8,save,0.333,10,0.62
96832,22.8,50.1,46.1,20.9,save,0.33,66,0.62
96832,8.5,30.9,50.0,18.4,save,0.02,66,0.62
96832,14.1,47.9,48.4,5.1,save,0.078,52,0.62
96832,13.5,31.5,47.4,2.5,save,0.273,23,0.62
96832,27.0,36.5,51.1,7.6,save,0.043,86,0.62
96832,2.4,45.2,52.5,17.7,goal,0.694,18,0.62
96832,9.1,53.0,49.6,13.9,save,0.021,90,0.62
96832,25.4,61.1,49.1,20.3,save,0.049,47,0.62
96832,19.1,47.6,46.1,0.6,goal,0.418,59,0.62
96832,13.0,65.2,48.3,5.1,save,0.065,41,0.62
96832,12.4,41.3,47.6,9.5,goal,0.168,90,0.62
96832,10.1,36.6,45.9,11.4,goal,0.789,56,0.62
96832,8.0,45.8,50.4,18.4,save,0.047,42,0.62
96832,9.7,48.3,54.0,10.1,save,0.676,5,0.62
96832,10.0,51.2,48.6,15.8,save,0.05,55,0.62
96832,27.2,39.4,46.7,0.6,save,0.298,45,0.62
96832,26.5,44.6,45.8,13.9,goal,0.366,7,0.62
96832,9.2,58.9,46.3,9.5,goal,0.242,75,0.62
96832,11.3,66.0,49.8,3.8,save,0.025,75,0.62
96832,7.3,48.4,52.8,22.2,goal,0.255,56,0.62
96832,4.4,56.3,46.6,22.2,goal,0.874,48,0.62
96832,20.8,32.6,51.9,2.5,save,0.076,37,0.62
96832,18.8,52.3,54.1,12.0,goal,0.275,30,0.62
96832,22.0,42.3,47.4,10.8,save,0.108,29,0.62
96832,11.5,50.0,54.2,12.0,goal,0.991,25,0.62
96832,28.8,28.0,51.8,6.3,save,0.048,7,0.62
96832,8.9,44.4,51.9,13.3,save,0.188,31,0.62
96832,15.4,40.3,49.0,5.1,save,0.055,1,0.62
96832,12.6,35.2,52.2,20.9,goal,0.15,60,0.62
96832,15.1,45.2,51.9,1.3,save,0.126,59,0.62
96832,10.5,36.8,45.9,5.7,goal,0.538,35,0.62
96832,26.3,36.0,53.9,5.1,save,0.232,35,0.62
96832,8.5,54.6,50.8,15.8,save,0.036,67,0.62
96832,9.7,50.7,52.0,13.9,goal,0.093,42,0.62
96832,15.6,61.3,49.9,13.3,save,0.014,31,0.62
96832,6.0,40.9,49.2,19.6,save,0.051,25,0.62
96832,21.0,59.9,54.0,11.4,goal,0.297,75,0.62
96832,8.3,56.1,45.8,23.4,goal,0.848,7,0.62
96832,2.9,45.6,53.6,15.8,goal,0.803,90,0.62
96832,12.8,26.4,52.6,1.9,save,0.093,83,0.62
96832,2.6,53.4,46.9,10.1,goal,0.655,63,0.62
96832,9.7,37.0,48.1,8.9,save,0.106,55,0.62
96832,3.5,55.5,48.8,8.9,goal,0.563,47,0.62
96832,4.7,71.5,49.4,28.5,save,0.046,58,0.62
96832,10.1,37.3,46.0,11.4,goal,0.437,45,0.62
96832,24.2,52.6,52.6,3.2,save,0.146,35,0.62
96832,21.8,56.4,52.5,25.9,save,0.2,81,0.62
96832,10.1,39.0,49.0,26.6,goal,0.106,66,0.62
96832,8.4,51.5,46.0,12.7,goal,0.315,9,0.62
96832,14.7,68.0,47.3,28.5,save,0.198,6,0.62
96832,3.7,45.5,46.8,2.5,goal,0.867,45,0.62
96832,20.7,37.4,47.4,21.5,save,0.19,90,0.62
96832,3.2,49.0,50.0,20.3,goal,0.324,90,0.62
96832,20.7,70.9,47.9,1.3,save,0.087,90,0.62
96832,5.1,57.5,51.7,3.2,goal,0.254,45,0.62
96832,9.5,49.5,50.1,29.7,save,0.048,45,0.62
96832,7.5,66.6,47.4,5.1,save,0.099,45,0.62
96832,2.4,62.7,46.8,5.1,save,0.129,49,0.62
96832,11.5,50.0,47.1,18.4,goal,0.983,32,0.62
96832,14.8,50.1,49.0,8.9,save,0.038,13,0.62
96832,7.1,42.5,52.0,7.0,save,0.114,6,0.62
96832,2.1,45.6,53.7,8.9,save,0.988,53,0.62
96832,3.5,47.4,51.0,5.7,goal,0.489,80,0.62
96832,10.0,48.2,52.3,15.8,goal,0.419,76,0.62
96832,19.5,64.5,52.7,29.1,save,0.309,47,0.62
96832,8.5,42.3,52.9,31.6,save,0.291,63,0.62
96832,7.5,45.3,52.1,13.9,save,0.078,90,0.62
96832,13.9,53.0,54.0,3.2,goal,0.945,70,0.62
96832,17.5,34.5,52.0,3.8,save,0.077,67,0.62
96832,11.5,50.0,45.6,17.1,goal,0.995,57,0.62
96832,18.8,48.5,52.9,2.5,save,0.186,3,0.62
96832,14.0,45.4,50.7,5.7,save,0.037,82,0.62
96832,11.0,67.8,48.2,2.5,save,0.219,1,0.62
96832,20.8,32.7,46.0,3.8,save,0.453,90,0.62
96832,11.7,55.3,53.9,6.3,goal,0.933,35,0.62
96832,20.1,27.4,53.6,4.4,save,0.167,6,0.62
96832,8.1,54.6,50.1,15.2,save,0.084,13,0.62
96832,28.1,44.3,49.7,15.2,save,0.017,74,0.62
96832,19.9,53.2,50.4,2.5,save,0.03,61,0.62
96832,6.7,49.9,50.5,7.0,save,0.608,56,0.62
96832,7.4,50.7,52.6,13.3,save,0.14,49,0.62
96832,19.4,27.0,53.4,12.7,save,0.1,45,0.62
96832,25.0,70.6,53.8,6.3,save,0.347,90,0.62
96832,14.6,55.3,52.0,34.2,goal,0.322,64,0.62
96832,8.5,44.6,53.6,19.6,save,0.722,48,0.62
96832,7.6,47.8,50.7,19.0,save,0.046,37,0.62
96832,7.5,52.4,45.7,22.2,goal,0.506,35,0.62
96832,6.1,54.9,51.3,23.4,goal,0.693,24,0.62
96832,27.7,43.0,47.4,20.3,save,0.142,2,0.62
38440,11.5,50.0,50.5,28.5,goal,0.942,89,0.94
38440,7.9,53.6,53.9,12.7,goal,0.927,77,0.94
38440,11.5,50.0,46.3,3.8,goal,0.992,58,0.94
38440,5.5,56.0,53.6,17.7,goal,0.874,44,0.94
38440,24.5,50.7,45.5,6.3,save,0.387,30,0.94
38440,21.9,41.3,45.9,17.7,goal,0.379,12,0.94
38440,14.3,51.4,50.4,1.3,save,0.039,33,0.94
38440,13.9,43.1,53.7,2.5,goal,0.764,9,0.94
38440,22.9,30.6,49.7,13.9,save,0.016,4,0.94
38440,11.3,28.2,53.5,3.2,save,0.178,85,0.94
38440,19.2,63.4,51.7,1.9,save,0.112,66,0.94
38440,22.6,54.3,51.6,32.9,goal,0.171,46,0.94
38440,11.5,50.0,48.1,10.8,goal,0.947,42,0.94
38440,8.0,33.6,51.6,1.3,save,0.072,33,0.94
38440,11.6,46.7,50.7,13.9,save,0.025,71,0.94
38440,11.4,70.5,49.5,4.4,save,0.026,55,0.94
38440,13.2,55.6,52.5,1.3,goal,0.824,37,0.94
38440,1.4,37.0,53.5,5.7,save,0.127,32,0.94
38440,14.1,58.3,53.9,1.9,goal,0.473,17,0.94
38440,15.3,37.3,47.6,26.6,goal,0.646,11,0.94
38440,7.5,66.6,47.0,26.6,goal,0.613,13,0.94
38440,12.0,31.9,50.9,17.7,save,0.033,90,0.94
38440,21.1,27.8,52.9,1.3,save,0.143,83,0.94
38440,11.5,50.0,54.5,14.6,goal,0.994,61,0.94
38440,3.9,52.5,48.6,23.4,save,0.884,45,0.94
38440,8.7,44.2,47.0,19.6,save,0.268,30,0.94
38440,18.8,52.4,52.1,1.3,save,0.127,30,0.94
38440,4.5,65.6,50.2,3.2,save,0.174,26,0.94
38440,7.7,46.8,52.5,0.6,goal,0.899,9,0.94
38440,13.6,49.0,48.8,19.0,save,0.079,63,0.94
38440,4.6,54.0,52.1,20.9,goal,0.33,6,0.94
38440,11.5,50.0,46.9,23.4,goal,0.99,90,0.94
38440,6.8,52.6,45.7,15.8,goal,0.527,81,0.94
38440,4.6,46.7,52.4,7.0,goal,0.935,33,0.94
38440,24.6,57.7,51.0,13.3,save,0.026,28,0.94
38440,5.2,40.9,52.9,0.6,save,0.249,18,0.94
38440,2.1,45.8,49.4,3.8,save,0.71,78,0.94
38440,17.8,53.7,47.5,3.2,save,0.167,23,0.94
38440,25.1,30.6,49.6,17.7,save,0.021,90,0.94
38440,15.5,64.2,51.4,20.9,save,0.077,71,0.94
38440,4.9,53.8,45.6,2.5,goal,0.885,62,0.94
38440,9.3,51.2,47.3,1.3,save,0.348,62,0.94
38440,27.7,36.8,49.9,32.9,save,0.056,55,0.94
38440,4.5,46.1,52.3,15.2,save,0.326,45,0.94
38440,15.1,54.0,50.1,5.1,save,0.17,25,0.94
38440,40.1,41.5,52.0,20.3,save,0.078,90,0.94
38440,6.4,52.8,46.3,9.5,goal,0.309,89,0.94
38440,6.4,53.2,47.2,25.9,save,0.678,80,0.94
38440,7.0,45.4,48.4,24.7,save,0.157,57,0.94
38440,11.5,50.0,53.0,15.8,goal,0.982,45,0.94
38440,3.8,56.4,49.7,1.3,goal,0.677,30,0.94
38440,16.0,59.8,47.1,3.2,save,0.158,30,0.94
38440,20.2,44.0,47.7,7.0,save,0.101,90,0.94
38440,17.8,52.6,50.3,20.9,save,0.036,71,0.94
38440,5.9,74.1,47.1,14.6,save,0.065,64,0.94
38440,4.9,50.7,46.2,17.7,goal,0.762,36,0.94
38440,10.2,66.9,47.9,13.9,save,0.278,25,0.94
38440,20.5,47.0,51.6,10.8,save,0.042,21,0.94
38440,9.6,69.1,47.3,3.8,save,0.421,8,0.94
38440,3.3,61.7,47.3,13.9,goal,0.064,2,0.94
38440,9.1,45.5,50.6,18.4,save,0.034,90,0.94
38440,9.2,54.4,53.7,7.6,save,0.369,90,0.94
38440,10.9,60.5,46.8,5.7,goal,0.223,59,0.94
38440,6.6,32.9,49.9,3.2,save,0.154,90,0.94
38440,11.1,65.8,52.2,24.7,goal,0.518,80,0.94
38440,4.2,48.5,51.9,14.6,goal,0.741,68,0.94
38440,5.1,33.9,45.9,3.8,save,0.962,14,0.94
38440,15.4,47.7,48.2,14.6,save,0.069,82,0.94
38440,12.6,25.4,51.0,20.9,save,0.037,78,0.94
38440,13.1,64.1,49.5,19.0,save,0.036,66,0.94
38440,19.9,48.2,50.0,9.5,save,0.014,55,0.94
38440,18.5,44.0,53.1,19.6,goal,0.209,17,0.94
38440,12.0,53.9,47.6,13.3,save,0.082,73,0.94
38440,13.6,32.8,45.7,5.1,goal,0.836,57,0.94
38440,4.6,51.6,50.9,1.3,goal,0.904,51,0.94
38440,11.7,36.7,48.1,4.4,save,0.138,51,0.94
38440,12.8,34.0,48.1,1.9,goal,0.143,14,0.94
38440,12.2,32.1,53.6,5.7,save,0.22,34,0.94
38440,9.4,53.4,54.3,11.4,goal,0.385,27,0.94
38440,15.9,45.4,50.9,3.8,save,0.042,89,0.94
38440,8.8,68.1,45.6,2.5,save,0.277,70,0.94
38440,7.9,53.2,49.3,28.5,save,0.074,65,0.94
38440,18.9,49.3,49.6,5.1,save,0.026,63,0.94
38440,24.6,40.5,46.8,15.2,save,0.189,39,0.94
38440,10.4,41.7,51.7,3.8,save,0.117,38,0.94
38440,9.2,67.3,49.0,11.4,save,0.027,35,0.94
38440,13.8,32.8,54.1,5.7,save,0.223,15,0.94
38440,9.7,51.9,52.4,10.1,goal,0.488,90,0.94
38440,12.7,49.4,52.9,3.2,goal,0.238,62,0.94
38440,7.7,57.2,47.6,2.5,save,0.756,54,0.94
38440,40.4,32.5,45.9,15.8,save,0.322,54,0.94
38440,7.8,70.9,48.6,15.2,save,0.039,46,0.94
38440,7.5,51.4,53.4,10.1,goal,0.735,45,0.94
38440,8.7,41.5,47.1,3.8,goal,0.919,1,0.94
38440,11.5,50.0,46.0,9.5,save,0.992,76,0.94
38440,13.8,41.0,45.8,19.6,goal,0.509,58,0.94
38440,9.0,57.7,52.6,31.0,goal,0.831,34,0.94
38440,22.2,39.8,49.4,10.8,save,0.021,17,0.94
38440,18.4,45.5,47.2,5.7,save,0.17,86,0.94
38440,20.0,35.4,50.3,12.7,save,0.014,48,0.94
38440,22.3,57.0,46.7,28.5,goal,0.313,44,0.94
38440,8.8,68.9,49.7,17.7,save,0.022,29,0.94
38440,3.6,47.9,50.5,3.2,goal,0.818,82,0.94
38440,12.2,48.4,48.4,0.6,goal,0.114,54,0.94
38440,15.8,45.7,47.7,0.6,goal,0.196,45,0.94
38440,12.4,46.9,48.8,15.8,save,0.043,35,0.94
38440,14.1,58.1,52.7,2.5,save,0.233,59,0.94
38440,29.9,54.8,54.5,22.2,save,0.495,41,0.94
38440,10.0,35.5,48.8,2.5,save,0.078,18,0.94
38440,10.5,41.0,52.9,0.6,save,0.648,90,0.94
38440,13.9,37.1,51.0,15.2,save,0.05,87,0.94
38440,9.3,52.1,47.8,0.6,goal,0.491,50,0.94
38440,11.5,50.0,53.4,13.3,goal,0.985,45,0.94
38440,20.7,73.6,50.6,22.8,save,0.053,38,0.94
38440,12.2,54.8,45.9,12.7,save,0.233,4,0.94
38440,7.1,52.6,46.9,10.1,goal,0.415,84,0.94
38440,11.5,50.0,53.6,1.3,save,0.993,84,0.94
38440,9.1,41.6,51.6,27.2,save,0.314,75,0.94
38440,2.5,58.1,48.7,25.9,save,0.101,67,0.94
38440,16.3,69.9,46.7,4.4,save,0.15,63,0.94
38440,26.1,47.2,46.5,1.9,save,0.354,61,0.94
38440,3.6,53.6,47.4,1.3,goal,0.972,31,0.94
38440,13.1,47.6,46.8,2.5,save,0.331,31,0.94
38440,8.8,54.0,50.7,20.9,save,0.439,74,0.94
38440,27.2,68.2,49.6,32.9,save,0.054,63,0.94
38440,25.7,51.0,46.3,24.1,save,0.417,59,0.94
38440,14.4,53.6,47.9,1.3,save,0.142,39,0.94
38440,15.7,35.8,50.3,29.7,save,0.051,27,0.94
38440,14.0,46.9,46.1,3.8,goal,0.412,3,0.94
38440,27.9,61.1,52.5,2.5,save,0.15,84,0.94
38440,23.6,60.9,53.9,25.9,save,0.468,28,0.94
38440,18.2,49.5,47.7,2.5,save,0.146,84,0.94
38440,8.0,50.1,50.2,10.1,save,0.021,75,0.94
38440,3.3,64.9,48.3,13.3,save,0.04,74,0.94
38440,18.7,35.4,49.6,19.6,save,0.031,45,0.94
38440,24.6,49.9,46.5,5.7,save,0.227,36,0.94
38440,8.9,54.5,51.4,12.7,goal,0.249,25,0.94
38440,11.5,50.0,49.9,29.7,goal,0.928,43,0.94
38440,5.8,31.2,48.0,1.9,save,0.19,41,0.94
38440,6.8,47.4,49.7,15.8,save,0.032,86,0.94
38440,11.5,50.0,52.9,14.6,goal,0.978,74,0.94
38440,18.6,53.8,49.1,24.7,save,0.054,37,0.94
38440,5.0,55.5,49.7,5.1,save,0.157,24,0.94
38440,8.9,47.1,46.7,20.3,save,0.314,15,0.94
38440,35.4,33.0,52.8,31.0,save,0.228,3,0.94
38440,27.9,25.4,51.3,7.0,save,0.033,1,0.94
96531,12.0,57.1,46.7,1.3,goal,0.936,80,0.79
96531,15.7,69.5,52.9,15.2,save,0.241,74,0.79
96531,12.1,35.9,48.5,10.1,save,0.189,72,0.79
96531,9.1,71.6,46.0,5.1,save,0.173,66,0.79
96531,19.2,55.7,46.4,0.6,save,0.289,64,0.79
96531,19.2,41.5,48.7,12.0,save,0.043,49,0.79
96531,7.1,47.7,50.0,1.3,goal,0.442,48,0.79
96531,3.1,47.0,53.6,13.9,goal,0.629,36,0.79
96531,15.5,73.6,52.9,3.2,save,0.262,33,0.79
96531,11.7,54.3,53.6,5.1,goal,0.788,30,0.79
96531,14.3,69.6,48.3,26.6,save,0.103,26,0.79
96531,6.7,52.5,49.7,20.9,save,0.043,18,0.79
96531,12.8,55.2,53.8,10.1,goal,0.32,15,0.79
96531,5.8,71.1,46.1,13.9,save,0.111,10,0.79
96531,7.3,48.1,52.9,5.7,goal,0.58,6,0.79
96531,10.8,75.4,47.5,10.1,save,0.048,63,0.79
96531,18.1,56.1,46.8,1.9,goal,0.26,59,0.79
96531,22.1,64.6,53.7,12.7,save,0.253,37,0.79
96531,16.1,32.1,47.7,22.2,save,0.192,27,0.79
96531,27.0,52.7,47.2,10.8,save,0.098,27,0.79
96531,26.0,66.6,49.7,31.6,save,0.048,24,0.79
96531,12.6,48.3,47.1,15.8,goal,0.189,18,0.79
96531,6.2,73.0,46.5,18.4,save,0.103,16,0.79
96531,13.3,32.1,49.3,23.4,save,0.05,15,0.79
96531,11.0,18.2,49.4,19.0,save,0.046,10,0.79
96531,22.7,25.8,49.6,7.6,save,0.02,7,0.79
96531,19.1,60.3,54.2,28.5,goal,0.654,2,0.79
96531,13.1,42.7,53.5,3.8,goal,0.591,64,0.79
96531,9.7,52.4,47.0,6.3,save,0.665,49,0.79
96531,7.7,47.0,49.5,4.4,goal,0.346,31,0.79
96531,25.9,62.9,46.4,24.7,save,0.333,26,0.79
96531,3.7,53.7,47.1,7.0,goal,,20,0.79
96531,7.3,46.4,52.3,27.2,goal,0.846,16,0.79
96531,9.6,65.1,52.1,3.2,save,0.432,16,0.79
96531,5.5,52.0,51.9,14.6,goal,0.15,7,0.79
96531,8.6,30.1,49.0,8.9,save,0.041,74,0.79
96531,14.0,37.2,47.4,14.6,save,0.186,73,0.79
96531,8.9,56.8,50.0,20.3,save,0.155,70,0.79
96531,15.4,29.7,51.0,9.5,save,0.031,69,0.79
96531,0.8,50.2,48.1,10.8,goal,,65,0.79
96531,29.3,42.9,46.8,11.4,save,0.14,58,0.79
96531,14.7,45.1,53.6,8.9,goal,0.23,48,0.79
96531,12.2,67.8,48.7,15.2,save,0.035,33,0.79
96531,14.6,73.7,48.0,23.4,save,0.08,29,0.79
96531,15.1,44.0,50.6,4.4,save,0.032,90,0.79
96531,10.5,66.7,48.3,4.4,save,0.06,69,0.79
96531,14.7,41.0,48.1,16.5,save,0.099,13,0.79
96531,3.5,48.0,51.7,8.9,goal,0.907,5,0.79
96531,32.5,59.1,53.0,25.9,save,0.261,83,0.79
96531,23.0,65.1,47.0,28.5,save,0.296,45,0.79
96531,19.2,61.8,47.3,14.6,save,0.1,42,0.79
96531,11.5,50.0,47.0,11.4,goal,0.978,33,0.79
96531,27.7,54.6,46.4,8.9,save,0.19,26,0.79
96531,7.1,30.6,47.1,4.4,save,0.309,23,0.79
96531,4.3,52.2,49.8,12.0,save,0.575,21,0.79
96531,21.3,44.6,53.9,3.8,save,0.291,90,0.79
96531,4.0,49.1,53.9,1.3,goal,0.994,72,0.79
96531,12.0,60.9,53.5,2.5,save,0.793,57,0.79
96531,9.0,56.7,50.7,3.2,save,0.101,46,0.79
96531,19.4,68.1,53.2,5.1,save,0.277,39,0.79
96531,5.1,46.7,49.4,5.7,save,0.075,39,0.79
96531,6.1,32.1,51.6,7.0,save,0.045,38,0.79
96531,15.2,37.7,48.4,5.7,save,0.075,31,0.79
96531,26.9,48.5,45.8,19.6,save,0.378,18,0.79
96531,9.3,47.2,51.8,27.8,goal,0.848,9,0.79
96531,9.5,42.3,50.6,5.1,save,0.186,90,0.79
96531,19.1,46.3,50.3,6.3,save,0.025,54,0.79
96531,4.3,48.6,49.4,2.5,goal,,45,0.79
96531,30.5,39.7,50.2,24.1,save,0.03,44,0.79
96531,27.3,54.2,46.6,25.9,goal,0.314,11,0.79
96531,8.5,53.6,47.8,1.3,goal,0.743,79,0.79
96531,11.7,42.1,50.1,11.4,save,0.016,75,0.79
96531,22.2,66.0,51.9,20.9,save,0.092,69,0.79
96531,21.9,47.9,46.6,4.4,save,0.245,18,0.79
96531,6.9,70.3,45.8,2.5,save,0.209,12,0.79
96531,22.6,44.2,45.6,8.9,goal,0.408,90,0.79
96531,11.6,58.3,51.6,1.3,goal,0.666,83,0.79
96531,11.5,50.0,54.2,3.2,goal,0.995,77,0.79
96531,4.6,33.0,52.3,2.5,save,0.087,74,0.79
96531,8.0,40.8,50.5,18.4,save,0.109,72,0.79
96531,22.9,46.4,47.2,8.9,save,0.126,45,0.79
96531,4.8,67.3,48.4,6.3,save,0.045,45,0.79
96531,13.8,31.6,47.9,8.9,save,0.123,24,0.79
96531,11.5,50.0,53.9,4.4,goal,0.994,6,0.79
96531,13.7,35.8,49.7,14.6,save,0.021,74,0.79
96531,20.9,62.2,51.7,13.9,save,0.056,72,0.79
96531,26.2,54.8,53.9,19.0,goal,0.328,65,0.79
96531,12.8,60.1,45.9,6.3,goal,0.609,63,0.79
96531,12.2,43.4,52.8,24.7,save,0.246,58,0.79
96531,14.0,36.8,46.1,25.3,goal,0.586,45,0.79
96531,4.6,44.6,54.0,10.1,goal,0.456,44,0.79
96531,11.5,50.0,48.0,13.3,goal,0.954,41,0.79
96531,3.2,52.8,50.1,30.4,goal,0.321,32,0.79
96531,8.9,42.3,49.4,28.5,save,0.101,23,0.79
96531,8.2,43.6,48.7,21.5,save,0.103,10,0.79
96531,4.3,56.0,50.3,3.8,save,0.052,9,0.79
96531,7.6,42.2,53.2,3.8,goal,0.769,90,0.79
96531,19.1,49.1,50.7,24.1,save,0.041,70,0.79
96531,12.3,72.0,48.1,27.2,save,0.094,51,0.79
96531,9.4,47.3,49.0,0.6,goal,0.394,45,0.79
96531,18.8,51.5,50.4,4.4,save,0.03,41,0.79
96531,13.2,51.0,49.7,5.7,save,0.028,29,0.79
96531,5.4,53.8,49.8,17.1,save,0.037,16,0.79
96531,7.6,51.9,50.6,5.1,save,0.054,4,0.79
96531,7.9,31.0,49.1,30.4,save,0.092,90,0.79
96531,6.7,56.9,47.0,17.7,save,0.148,90,0.79
96531,18.4,43.5,46.8,7.0,goal,0.212,82,0.79
96531,25.9,27.6,49.4,15.8,save,0.023,75,0.79
96531,9.2,43.6,54.0,2.5,save,0.365,66,0.79
96531,21.3,67.5,50.9,7.0,save,0.033,57,0.79
96531,10.0,59.7,47.7,27.2,goal,0.496,13,0.79
96531,6.0,27.1,47.1,20.3,save,0.326,86,0.79
96531,23.5,57.9,52.3,11.4,save,0.079,82,0.79
96531,14.1,56.8,46.8,5.7,save,0.205,79,0.79
96531,18.1,68.9,53.9,29.7,save,0.622,69,0.79
96531,31.5,61.5,46.8,13.9,save,0.123,64,0.79
96531,7.6,49.8,49.7,17.7,save,0.658,59,0.79
96531,6.9,48.1,46.8,7.6,goal,0.632,56,0.79
96531,29.1,41.9,47.7,14.6,save,0.078,49,0.79
96531,11.5,50.0,47.0,0.6,save,0.989,45,0.79
96531,10.1,64.4,48.1,1.3,save,0.395,25,0.79
96531,11.5,50.0,53.4,3.2,goal,0.991,90,0.79
96531,6.5,52.0,48.5,19.0,goal,0.873,44,0.79
96531,6.4,54.1,50.8,11.4,save,0.221,44,0.79
96531,9.4,55.0,49.0,12.7,save,0.027,27,0.79
96531,15.4,32.6,51.6,20.9,save,0.062,23,0.79
96531,26.2,34.8,51.9,15.2,save,0.051,11,0.79
96531,7.0,28.6,47.8,11.4,save,0.119,63,0.79
96531,16.4,61.0,49.8,34.8,save,0.074,45,0.79
96531,10.8,56.5,50.0,20.9,save,0.134,36,0.79
96531,8.6,63.0,48.8,2.5,goal,0.253,3,0.79
96531,11.0,60.9,51.4,1.3,goal,0.525,84,0.79
96531,12.8,65.8,48.0,17.7,goal,0.066,49,0.79
96531,16.0,51.5,53.0,5.7,goal,0.233,23,0.79
96531,24.0,62.9,48.5,7.6,save,0.038,15,0.79
96531,23.5,29.7,48.0,26.6,save,0.148,15,0.79
96531,22.0,50.9,52.6,5.1,save,0.126,40,0.79
96531,8.8,38.3,52.4,4.4,save,0.51,35,0.79
96531,22.6,65.6,50.6,25.9,save,0.047,33,0.79
96531,23.8,63.5,46.6,18.4,save,0.17,90,0.79
96531,8.4,55.1,51.0,13.3,save,0.053,89,0.79
96531,18.2,49.9,47.5,16.5,save,0.112,86,0.79
96531,14.9,65.6,51.2,3.2,save,0.063,78,0.79
96531,6.9,65.8,46.5,11.4,save,0.117,74,0.79
96531,6.4,49.3,50.7,3.8,save,0.291,65,0.79
96531,7.1,54.8,48.4,22.8,save,0.388,30,0.79
96531,9.1,71.8,49.7,15.8,save,0.018,3,0.79
96531,10.7,57.9,54.5,23.4,save,0.646,90,0.79
96531,19.1,51.1,54.2,8.2,save,0.33,89,0.79
96531,12.1,53.3,49.7,14.6,save,0.023,79,0.79
96531,11.9,53.6,50.7,19.6,save,0.047,59,0.79
96531,13.1,40.4,48.4,14.6,save,0.073,55,0.79
96531,8.2,48.7,49.5,15.8,save,0.218,42,0.79
96531,6.9,55.4,48.8,13.9,save,0.105,32,0.79
96531,27.1,32.7,51.0,16.5,save,0.028,23,0.79
96531,10.9,69.5,46.1,26.6,save,0.29,73,0.79
96531,13.9,31.9,50.5,1.9,save,0.031,45,0.79
96531,10.5,39.1,51.0,12.7,save,0.038,37,0.79
96531,15.0,50.9,49.1,26.6,save,0.068,35,0.79
96531,19.7,52.8,50.6,7.0,save,0.026,17,0.79
96531,9.4,52.1,54.3,24.1,goal,0.55,11,0.79
96531,10.1,45.8,53.6,1.9,goal,0.821,89,0.79
96531,21.3,68.8,54.2,27.2,goal,0.625,60,0.79
96531,8.0,60.5,49.2,1.3,save,0.22,56,0.79
96531,10.5,47.6,53.2,29.7,goal,0.346,41,0.79
96531,9.4,39.7,46.0,2.5,goal,0.904,31,0.79
96531,17.2,52.2,47.1,7.0,save,0.17,31,0.79
96531,6.8,55.7,45.9,25.3,goal,0.413,22,0.79
96531,6.8,36.1,52.6,1.9,save,0.517,15,0.79
96531,23.3,36.6,47.9,0.6,save,0.134,66,0.79
96531,25.7,50.7,53.9,7.0,save,0.282,28,0.79
96531,8.8,73.8,48.7,5.1,save,0.039,12,0.79
96531,18.5,51.5,49.4,33.5,save,0.08,90,0.79
96531,13.1,44.5,46.5,3.2,goal,0.376,63,0.79
96531,6.4,47.8,51.6,2.5,goal,0.802,44,0.79
96531,13.5,66.0,52.1,1.9,save,0.194,44,0.79
96531,8.3,54.5,47.4,22.8,save,0.463,12,0.79
96531,8.3,37.5,53.9,17.1,save,0.19,75,0.79
96531,10.0,67.9,46.4,7.0,save,0.141,57,0.79
96531,11.5,50.0,50.3,14.6,goal,0.847,49,0.79
96531,12.0,36.5,52.9,20.9,save,0.169,28,0.79
96531,20.5,33.0,49.9,20.9,save,0.02,5,0.79
96531,22.1,50.7,50.0,7.0,save,0.016,55,0.79
96531,10.7,45.0,45.8,3.2,goal,0.578,53,0.79
96531,8.1,60.1,52.9,26.6,goal,0.927,89,0.79
96531,6.9,31.6,53.6,29.7,goal,0.289,74,0.79
96531,11.5,50.0,49.8,25.3,goal,0.91,51,0.79
96531,11.7,60.4,46.2,3.8,save,0.262,32,0.79
96531,18.7,49.6,53.6,2.5,goal,0.336,30,0.79
96531,4.3,38.8,52.7,19.0,save,0.128,12,0.79
96531,24.1,43.7,46.6,32.9,save,0.459,11,0.79
96531,27.6,45.2,50.3,32.9,save,0.05,65,0.79
96531,21.6,49.1,48.0,1.3,save,0.295,60,0.79
96531,15.2,53.6,54.1,5.7,goal,0.407,51,0.79
96531,15.9,54.1,51.0,4.4,save,0.046,25,0.79
96531,26.4,30.1,50.7,7.6,save,0.022,90,0.79
96531,6.5,47.0,52.6,27.2,goal,0.678,69,0.79
96531,3.8,48.9,54.1,25.9,goal,,55,0.79
96531,3.4,49.3,51.0,15.2,goal,0.886,11,0.79
96531,15.0,83.0,46.3,15.2,save,0.136,6,0.79
96531,9.8,50.4,48.3,11.4,save,0.065,90,0.79
96531,2.1,47.4,52.4,1.9,goal,0.952,85,0.79
96531,19.4,71.1,49.4,13.9,save,0.018,70,0.79
96531,24.3,31.2,51.2,20.9,save,0.042,62,0.79
96531,9.5,54.3,53.5,13.3,goal,0.852,60,0.79
96531,9.8,57.6,48.0,12.7,save,0.484,45,0.79
96531,11.5,50.0,48.8,19.0,goal,0.938,16,0.79
96531,21.4,52.4,52.6,3.8,save,0.153,90,0.79
96531,1.7,55.9,45.8,27.2,save,0.598,57,0.79
96531,3.9,49.4,53.3,5.1,goal,0.971,62,0.79
96531,5.0,54.8,50.8,20.9,goal,0.315,57,0.79
96531,3.8,44.5,48.1,13.3,save,0.195,56,0.79
96531,14.3,54.8,49.2,29.1,save,0.271,90,0.79
96531,13.8,54.5,48.8,29.7,save,0.102,87,0.79
96531,21.4,65.0,53.0,4.4,goal,0.249,81,0.79
96531,26.1,59.0,48.3,3.8,save,0.064,80,0.79
96531,20.0,60.9,51.0,15.2,save,0.035,79,0.79
96531,7.5,41.9,48.1,15.2,save,0.089,66,0.79
96531,22.9,63.9,46.1,1.9,save,0.253,66,0.79
96531,7.5,54.2,46.0,15.2,save,0.7,46,0.79
96531,23.8,70.8,50.8,2.5,save,0.04,41,0.79
96531,12.2,50.3,52.0,3.8,save,0.145,21,0.79
96531,7.3,52.4,53.6,9.5,goal,0.756,90,0.79
96531,10.2,38.5,46.8,12.7,goal,0.605,86,0.79
96531,8.4,52.6,50.6,12.7,save,0.184,82,0.79
96531,4.1,55.8,53.8,13.3,goal,0.976,76,0.79
96531,21.2,32.1,47.9,23.4,save,0.144,65,0.79
96531,5.0,53.2,49.7,33.5,save,0.1,59,0.79
96531,9.3,46.4,53.6,22.8,save,0.899,53,0.79
96531,6.4,66.4,53.9,15.2,save,0.441,49,0.79
96531,7.4,32.0,45.7,8.9,goal,0.609,46,0.79
96531,21.9,66.4,51.7,17.1,save,0.069,28,0.79
96531,11.1,43.7,51.4,15.8,save,0.046,22,0.79
96531,6.7,24.6,50.9,4.4,save,0.03,18,0.79
96531,6.8,47.2,50.0,31.0,save,0.064,7,0.79
96531,10.3,61.0,51.8,25.9,save,0.135,7,0.79
96531,3.5,54.9,47.7,2.5,goal,0.969,82,0.79
96531,4.2,67.5,46.0,17.7,save,0.159,55,0.79
96531,17.9,57.5,49.4,31.0,save,0.066,50,0.79
96531,27.7,62.9,46.6,17.7,save,0.166,41,0.79
96531,23.2,77.7,48.5,3.2,save,0.044,26,0.79
96531,20.8,66.6,46.0,1.3,save,0.285,90,0.79
96531,11.5,50.0,53.0,13.9,save,0.98,43,0.79
96531,10.0,36.3,47.6,18.4,goal,0.226,28,0.79
96531,25.9,65.2,51.0,20.9,save,0.046,21,0.79
787498,22.9,45.8,52.3,2.5,save,0.118,90,1.0
787498,13.9,54.0,46.1,3.8,save,0.284,82,1.0
787498,15.5,68.4,48.4,22.8,goal,0.069,66,1.0
787498,4.3,49.7,49.5,15.8,goal,0.294,58,1.0
787498,18.1,51.3,48.4,19.0,save,0.062,57,1.0
787498,6.0,30.1,52.2,15.8,save,0.052,57,1.0
787498,12.3,51.3,49.4,23.4,save,0.051,50,1.0
787498,12.0,34.4,52.6,22.8,goal,0.356,40,1.0
787498,13.0,45.2,51.4,22.2,save,0.083,23,1.0
787498,16.4,47.8,46.1,6.3,goal,0.343,12,1.0
787498,23.4,38.5,47.1,11.4,save,0.117,83,1.0
787498,12.1,46.4,49.7,24.1,save,0.042,79,1.0
787498,17.9,54.8,51.8,6.3,save,0.077,65,1.0
787498,2.6,50.9,48.1,3.2,goal,0.976,21,1.0
787498,8.3,65.2,49.0,8.2,save,0.031,4,1.0
787498,22.9,43.9,46.5,17.1,goal,0.222,90,1.0
787498,9.2,56.8,47.4,10.8,save,0.1,87,1.0
787498,7.0,45.2,52.6,34.8,save,0.326,67,1.0
787498,13.5,61.3,48.4,19.6,save,0.456,67,1.0
787498,7.3,44.0,50.1,14.6,goal,0.13,49,1.0
787498,16.9,50.7,49.4,3.8,save,0.039,46,1.0
787498,1.2,40.9,48.6,19.0,save,,36,1.0
787498,19.8,27.6,49.2,3.2,save,0.04,21,1.0
787498,6.8,49.5,50.3,19.0,save,,50,1.0
787498,9.7,58.7,54.5,11.4,save,0.598,18,1.0
787498,9.3,34.3,49.0,6.3,save,0.158,12,1.0
787498,8.8,55.8,54.5,19.6,save,0.586,90,1.0
787498,8.1,47.2,52.7,22.8,goal,0.759,50,1.0
787498,4.1,61.5,46.2,7.0,goal,0.834,35,1.0
787498,13.0,31.7,51.1,3.2,save,0.045,15,1.0
787498,7.3,34.8,53.6,1.3,save,0.213,90,1.0
787498,11.5,50.0,45.7,1.3,goal,0.996,88,1.0
787498,22.7,31.3,50.0,29.1,save,0.044,45,1.0
787498,11.7,63.6,48.0,10.1,save,0.636,38,1.0
787498,8.6,46.4,48.8,23.4,save,0.103,34,1.0
787498,21.0,30.3,47.8,27.2,save,0.192,27,1.0
787498,13.2,57.5,49.7,2.5,save,0.033,1,1.0
787498,8.0,49.9,49.9,3.8,goal,0.407,90,1.0
787498,19.2,26.1,50.2,15.2,save,0.014,77,1.0
787498,3.9,41.5,53.4,3.8,save,0.829,55,1.0
787498,14.2,47.2,54.2,2.5,save,0.422,55,1.0
787498,9.7,47.4,53.9,13.9,save,0.242,43,1.0
787498,14.3,71.6,48.3,6.3,goal,0.044,90,1.0
787498,11.5,50.0,46.0,1.3,goal,0.995,90,1.0
787498,11.7,75.6,51.6,17.7,save,0.077,90,1.0
787498,4.9,82.4,51.1,21.5,save,0.095,74,1.0
787498,15.4,68.0,49.0,32.3,save,0.08,58,1.0
787498,11.3,70.3,50.0,20.3,save,0.022,53,1.0
787498,16.7,34.0,48.4,28.5,save,0.144,40,1.0
787498,14.2,62.0,52.3,3.8,save,0.175,38,1.0
787498,11.5,50.0,46.1,2.5,goal,0.994,19,1.0
787498,14.4,51.0,49.7,4.4,goal,0.029,4,1.0
787498,13.5,66.9,49.4,2.5,save,0.032,90,1.0
787498,11.5,50.0,52.3,3.2,goal,0.977,84,1.0
787498,15.7,47.6,48.8,5.7,save,0.055,79,1.0
787498,21.3,67.1,54.5,15.2,save,0.465,34,1.0
787498,17.5,61.3,53.6,13.9,save,0.344,33,1.0
787498,5.5,44.3,53.1,18.4,goal,0.327,23,1.0
787498,12.5,40.7,47.3,18.4,save,0.65,3,1.0
787498,9.5,44.6,48.9,3.2,save,0.104,45,1.0
787498,12.1,33.8,53.5,5.1,goal,0.166,36,1.0
787498,12.6,47.0,52.9,10.1,save,0.147,30,1.0
787498,4.3,35.4,54.4,13.3,save,0.164,19,1.0
787498,18.7,48.4,53.4,3.8,goal,0.248,16,1.0
787498,11.3,64.8,54.0,1.3,goal,0.842,90,1.0
787498,7.3,33.3,46.6,1.9,goal,0.488,80,1.0
787498,27.2,50.1,51.4,22.8,save,0.065,71,1.0
787498,21.9,58.9,54.1,28.5,goal,0.559,56,1.0
787498,8.1,28.3,46.5,15.8,save,0.413,50,1.0
787498,14.1,54.5,46.0,5.7,save,0.325,33,1.0
787498,14.0,59.9,47.3,3.8,save,0.798,19,1.0
787498,8.5,64.2,46.9,3.2,save,0.169,14,1.0
787498,8.0,71.6,51.2,17.1,save,0.052,90,1.0
787498,8.4,46.3,51.1,28.5,save,0.09,82,1.0
787498,17.4,46.3,48.4,23.4,save,0.097,77,1.0
787498,4.8,31.6,53.2,4.4,save,0.121,58,1.0
787498,24.7,35.0,47.8,14.6,save,0.083,25,1.0
787498,3.0,51.1,50.0,10.1,save,0.544,3,1.0
787498,19.5,74.4,46.7,31.0,save,0.263,90,1.0
787498,13.3,54.2,49.7,15.2,save,0.018,90,1.0
787498,11.7,48.3,45.8,4.4,save,0.482,77,1.0
787498,5.4,52.2,47.2,29.1,goal,0.659,67,1.0
787498,3.8,49.1,49.9,12.7,save,0.293,66,1.0
787498,6.4,52.4,50.5,12.0,save,0.278,48,1.0
787498,21.6,95.9,45.7,5.1,save,0.19,45,1.0
787498,9.7,39.5,50.2,3.8,save,0.207,25,1.0
787498,19.4,58.3,52.3,23.4,save,0.17,24,1.0
787498,20.8,61.1,51.8,23.4,save,0.099,66,1.0
787498,19.1,53.2,50.4,2.5,save,0.034,49,1.0
787498,4.6,53.6,51.0,12.0,goal,0.618,14,1.0
787498,16.4,50.7,51.3,1.9,save,0.086,12,1.0
787498,14.4,42.2,53.6,6.3,goal,0.533,90,1.0
787498,9.5,56.9,48.7,31.6,goal,0.132,65,1.0
787498,20.0,33.1,46.0,13.3,save,0.378,39,1.0
787498,9.1,59.9,51.9,9.5,save,0.081,21,1.0
787498,22.5,29.5,50.2,22.8,save,0.024,4,1.0
787498,13.1,33.7,48.4,1.3,save,0.111,52,1.0
787498,5.0,40.7,51.8,20.9,goal,0.096,46,1.0
787498,12.7,69.2,47.9,1.9,save,0.083,30,1.0
787498,3.8,47.0,46.2,10.1,goal,0.721,19,1.0
787498,5.2,58.9,52.9,19.0,save,,11,1.0
787498,20.3,47.3,47.8,4.4,save,0.107,9,1.0
787498,14.4,64.0,47.1,1.3,goal,0.188,90,1.0
787498,2.7,49.6,51.0,21.5,goal,0.879,85,1.0
787498,11.5,50.0,50.0,6.3,goal,0.842,71,1.0
787498,4.4,43.8,52.5,20.9,save,0.488,58,1.0
787498,23.2,64.2,47.2,20.9,save,0.177,28,1.0
787498,19.4,26.5,51.2,9.5,save,0.027,21,1.0
787498,13.2,41.2,51.8,25.3,save,0.117,55,1.0
787498,8.2,44.6,47.5,1.9,save,0.216,31,1.0
787498,28.1,56.4,51.9,13.3,save,0.049,27,1.0
787498,13.3,60.9,53.7,2.5,goal,0.765,78,1.0
787498,2.7,56.0,47.4,2.5,goal,0.925,72,1.0
787498,4.6,57.7,48.1,3.2,save,0.714,72,1.0
787498,7.6,52.1,51.9,31.0,save,0.231,56,1.0
787498,12.9,69.3,46.0,12.7,save,0.142,5,1.0
787498,10.0,46.1,48.8,10.8,save,0.048,60,1.0
787498,1.9,49.8,51.9,17.7,goal,0.974,26,1.0
787498,20.0,95.1,54.4,19.0,goal,0.636,22,1.0
787498,17.9,53.4,45.5,10.8,goal,0.401,82,1.0
787498,13.2,54.0,52.9,2.5,goal,0.61,64,1.0
787498,14.9,47.0,45.8,3.2,goal,0.48,45,1.0
787498,10.7,49.5,50.0,5.7,save,0.141,33,1.0
787498,25.9,43.7,50.3,5.7,save,0.019,18,1.0
787498,7.6,47.2,46.3,5.7,goal,0.391,73,1.0
787498,4.8,53.4,51.4,22.8,goal,0.901,68,1.0
787498,11.9,33.8,51.9,3.2,save,0.094,16,1.0
787498,7.0,53.0,52.2,0.6,goal,0.736,5,1.0
787498,24.1,29.2,48.5,14.6,save,0.047,81,1.0
787498,12.9,42.8,48.9,20.9,save,0.049,79,1.0
787498,10.7,47.0,48.1,19.0,save,0.114,77,1.0
787498,10.7,66.2,52.0,20.3,save,0.146,70,1.0
787498,20.6,62.6,53.6,24.1,save,0.409,64,1.0
787498,19.4,46.2,47.7,1.9,save,0.137,42,1.0
787498,10.3,48.1,50.1,29.7,save,0.042,28,1.0
787498,4.2,57.4,45.8,1.9,save,0.495,16,1.0
787498,19.7,33.6,48.2,3.8,save,0.09,90,1.0
787498,21.9,70.9,45.4,7.6,save,0.265,36,1.0
787498,10.5,54.4,45.7,14.6,save,0.295,36,1.0
787498,22.8,65.3,50.4,21.5,save,0.029,22,1.0
787498,3.6,52.0,50.8,10.8,save,0.45,90,1.0
787498,19.8,69.7,52.7,25.9,save,0.272,57,1.0
787498,3.8,58.5,49.6,19.0,save,0.422,32,1.0
787498,14.4,56.9,45.9,1.9,save,0.369,32,1.0
787498,8.1,46.2,51.2,24.1,save,0.074,31,1.0
787498,9.0,65.8,51.9,3.8,save,0.146,10,1.0
787498,2.9,46.0,52.0,17.1,goal,0.902,55,1.0
787498,18.5,51.9,50.0,4.4,save,0.02,55,1.0
787498,9.0,59.4,53.4,4.4,save,0.468,17,1.0
787498,12.4,35.1,48.3,3.8,save,0.105,16,1.0
787498,27.6,57.0,49.6,15.8,save,0.018,52,1.0
787498,21.8,60.0,51.5,34.2,save,0.173,48,1.0
787498,9.5,63.7,51.9,14.6,save,0.128,42,1.0
787498,11.5,50.0,45.5,20.9,goal,0.996,34,1.0
787498,25.6,53.4,54.1,1.9,save,0.402,24,1.0
787498,13.6,44.7,48.8,3.2,save,0.261,3,1.0
787498,21.9,44.1,47.7,13.9,save,0.086,80,1.0
787498,8.9,42.4,51.0,13.9,save,0.441,71,1.0
787498,18.2,32.3,50.8,15.8,save,0.024,66,1.0
787498,15.8,38.5,47.5,18.4,save,0.157,57,1.0
787498,4.9,53.6,48.2,21.5,save,0.657,45,1.0
787498,15.5,16.2,52.0,32.3,save,0.151,38,1.0
787498,6.5,58.9,50.8,20.9,save,0.194,8,1.0
787498,8.5,65.9,48.4,30.4,save,0.102,61,1.0
787498,19.5,69.2,52.3,25.3,save,0.199,61,1.0
787498,15.0,70.9,47.9,13.3,save,0.045,90,1.0
787498,3.3,61.2,46.5,22.2,save,0.207,75,1.0
787498,19.0,40.4,47.0,24.7,save,0.291,42,1.0
787498,10.8,47.8,52.4,10.8,save,0.089,10,1.0
787498,18.6,47.3,53.1,19.0,save,0.226,63,1.0
787498,10.8,36.3,48.3,30.4,goal,0.212,25,1.0
787498,5.1,46.1,50.0,32.9,save,0.104,84,1.0
787498,23.1,64.1,51.4,33.5,save,0.143,83,1.0
787498,12.4,64.4,45.6,27.8,save,0.458,84,1.0
787498,25.3,62.4,50.0,9.5,save,0.012,53,1.0
787498,6.3,51.2,46.2,6.3,goal,0.549,4,1.0
787498,8.7,50.9,46.8,0.6,goal,0.98,2,1.0
787498,8.8,44.1,46.8,2.5,goal,0.957,90,1.0
787498,8.8,30.3,53.1,3.2,goal,0.117,90,1.0
787498,7.9,44.7,50.3,2.5,save,0.261,81,1.0
787498,12.2,34.7,49.4,19.0,save,0.034,63,1.0
787498,13.7,53.2,46.8,5.7,goal,0.232,28,1.0
787498,10.5,53.1,46.3,5.1,save,0.857,90,1.0
787498,15.0,54.8,47.7,5.1,save,0.123,88,1.0
787498,9.8,67.6,47.8,5.7,save,0.088,87,1.0
787498,3.7,40.9,52.2,4.4,save,0.614,79,1.0
787498,15.0,43.3,47.4,19.0,goal,0.191,71,1.0
787498,14.4,46.0,53.1,3.8,goal,0.224,53,1.0
787498,22.9,57.9,49.4,13.3,save,0.019,48,1.0
787498,8.2,53.4,51.0,3.8,goal,0.349,20,1.0
787498,7.8,39.7,48.4,29.1,save,0.18,88,1.0
787498,9.5,56.5,49.6,5.1,save,0.037,84,1.0
787498,3.7,60.6,47.4,4.4,save,0.137,83,1.0
787498,12.5,55.0,48.5,20.9,save,0.105,72,1.0
787498,22.5,48.2,47.3,5.7,save,0.161,55,1.0
787498,1.9,68.7,51.9,4.4,save,0.159,46,1.0
787498,4.7,48.7,48.2,1.3,goal,,83,1.0
787498,8.0,33.0,54.5,1.9,save,0.287,53,1.0
787498,4.2,38.0,52.3,1.9,save,0.349,52,1.0
787498,4.6,46.8,51.7,32.3,goal,0.96,49,1.0
787498,20.7,74.0,50.1,2.5,save,0.022,44,1.0
787498,7.9,39.7,50.8,10.8,save,0.038,30,1.0
787498,13.2,70.5,51.6,1.9,save,0.114,25,1.0
138530,11.1,69.8,49.7,13.3,save,0.015,41,1.0
138530,3.7,49.1,47.7,17.7,goal,0.979,89,1.0
138530,6.4,46.2,51.8,2.5,save,0.786,72,1.0
138530,14.2,47.4,52.7,2.5,goal,0.225,43,1.0
138530,12.5,64.6,51.4,3.2,save,0.083,16,1.0
138530,14.2,53.2,46.4,4.4,save,0.306,12,1.0
138530,8.2,60.9,47.0,3.2,goal,0.575,90,1.0
138530,8.1,27.5,48.6,13.3,save,0.055,90,1.0
138530,12.0,36.8,51.6,1.9,save,0.078,74,1.0
138530,11.5,50.0,46.3,1.9,goal,0.994,64,1.0
138530,15.0,44.6,52.6,1.3,save,0.795,54,1.0
138530,11.3,44.1,54.2,5.1,goal,0.349,44,1.0
138530,32.2,52.8,48.4,13.3,goal,0.072,29,1.0
138530,2.6,51.2,49.0,13.9,goal,0.921,18,1.0
138530,7.5,46.2,49.4,6.3,save,0.458,18,1.0
138530,18.6,54.6,53.7,5.7,goal,0.33,13,1.0
138530,4.5,43.8,50.0,24.7,save,0.653,40,1.0
138530,15.8,32.1,51.4,7.0,save,0.04,28,1.0
138530,17.9,65.7,49.1,13.9,save,0.026,5,1.0
138530,15.3,52.3,46.0,14.6,save,0.3,90,1.0
138530,19.4,53.6,51.5,34.2,save,0.144,90,1.0
138530,10.7,43.8,49.1,5.7,save,0.064,55,1.0
138530,8.8,51.1,48.8,21.5,save,0.064,48,1.0
138530,4.4,32.2,50.8,2.5,save,0.036,45,1.0
138530,8.5,57.7,48.9,5.7,save,0.319,44,1.0
138530,8.9,58.1,47.7,12.7,save,0.325,35,1.0
138530,21.4,63.7,46.5,6.3,save,0.171,90,1.0
138530,13.3,37.2,48.5,23.4,save,0.102,76,1.0
138530,4.5,39.1,51.0,5.7,save,0.049,74,1.0
138530,7.7,43.2,51.4,0.6,save,0.581,50,1.0
138530,13.6,43.7,45.8,3.8,save,0.474,90,1.0
138530,29.8,37.3,46.8,1.3,save,0.273,90,1.0
138530,29.2,50.7,51.5,22.2,save,0.065,83,1.0
138530,8.5,27.9,51.9,10.1,save,0.04,45,1.0
138530,6.4,59.9,52.6,4.4,goal,0.652,31,1.0
138530,14.3,45.5,53.6,10.1,save,0.219,75,1.0
138530,18.3,49.2,50.8,31.0,save,0.077,45,1.0
138530,7.4,62.6,50.6,3.2,save,0.245,45,1.0
138530,10.5,44.3,46.8,5.7,goal,0.886,15,1.0
138530,7.3,41.5,49.3,19.0,save,0.602,2,1.0
138530,3.5,45.2,51.0,20.3,save,0.124,39,1.0
138530,19.7,26.8,49.6,25.3,save,0.035,90,1.0
138530,3.6,49.8,50.3,4.4,save,0.506,63,1.0
138530,14.1,70.9,54.3,2.5,save,0.623,63,1.0
138530,21.3,44.0,46.1,12.0,save,0.242,45,1.0
138530,11.5,50.0,53.2,9.5,goal,0.984,36,1.0
138530,20.5,35.4,52.3,29.1,save,0.222,28,1.0
138530,11.5,50.0,46.1,3.2,goal,0.994,12,1.0
138530,7.1,40.1,49.3,13.3,save,0.027,8,1.0
138530,3.8,48.3,52.6,5.1,goal,,90,1.0
138530,3.5,49.1,50.6,26.6,goal,0.813,64,1.0
138530,12.9,64.4,46.7,6.3,save,0.16,50,1.0
138530,3.3,58.5,47.4,11.4,save,0.134,6,1.0
138530,18.1,68.5,52.7,1.3,save,0.237,3,1.0
138530,18.5,69.3,53.2,20.9,goal,0.314,66,1.0
138530,8.8,32.5,50.3,14.6,save,0.09,56,1.0
138530,13.0,36.0,50.9,3.2,save,0.042,12,1.0
138530,7.5,42.7,46.2,20.9,goal,0.479,90,1.0
138530,18.9,45.8,53.6,2.5,save,0.285,88,1.0
138530,12.2,31.3,47.0,24.7,save,0.372,86,1.0
138530,22.0,72.2,46.4,13.3,save,0.118,69,1.0
138530,9.4,52.1,50.2,17.7,save,0.022,39,1.0
138530,10.2,50.4,50.2,16.5,save,0.019,27,1.0
138530,9.5,51.1,50.1,19.6,save,0.023,19,1.0
138530,9.9,40.1,50.0,15.8,goal,0.454,90,1.0
138530,13.4,65.4,54.5,21.5,goal,0.637,90,1.0
138530,6.3,57.5,50.3,2.5,save,0.661,73,1.0
138530,3.7,50.8,46.5,29.1,goal,0.857,62,1.0
138530,24.8,56.4,53.2,3.8,save,0.244,10,1.0
138530,8.0,49.9,48.2,22.8,save,0.139,77,1.0
138530,13.6,56.2,46.6,7.0,save,0.188,62,1.0
138530,9.9,63.2,46.1,13.9,save,0.174,28,1.0
138530,7.7,69.5,49.3,5.7,save,0.034,13,1.0
138530,8.1,50.7,50.3,28.5,save,0.056,90,1.0
138530,8.1,46.1,53.0,27.2,save,0.286,76,1.0
138530,13.7,55.1,46.6,33.5,save,0.384,64,1.0
138530,23.1,50.7,51.6,20.9,save,0.066,51,1.0
138530,20.0,38.9,53.9,13.9,save,0.195,9,1.0
138530,10.6,64.9,49.7,20.3,save,0.027,70,1.0
138530,19.4,47.2,47.1,10.1,save,0.138,58,1.0
138530,20.3,63.8,46.4,20.9,save,0.213,50,1.0
138530,18.9,40.7,46.6,22.8,goal,0.361,41,1.0
138530,20.7,36.3,46.1,7.0,save,0.366,9,1.0
138530,8.0,45.2,49.0,31.0,goal,0.7,4,1.0
138530,16.9,47.7,53.1,5.1,save,0.21,90,1.0
138530,14.0,60.5,52.3,3.2,goal,0.739,85,1.0
138530,9.3,37.7,49.5,24.1,goal,0.047,71,1.0
138530,11.2,37.0,53.0,10.1,save,0.106,75,1.0
138530,19.8,57.7,47.9,6.3,save,0.086,56,1.0
138530,12.3,46.6,53.2,1.3,goal,0.267,18,1.0
138530,9.4,68.0,50.2,19.6,save,0.023,18,1.0
138530,7.5,54.5,46.1,3.2,goal,0.821,9,1.0
138530,19.1,58.8,51.1,25.3,save,0.074,1,1.0
138530,28.7,50.9,50.6,22.8,save,0.033,90,1.0
138530,16.4,80.6,53.2,18.4,goal,0.494,86,1.0
138530,11.5,50.0,51.0,12.7,goal,0.89,64,1.0
138530,21.0,31.7,52.3,27.8,save,0.192,61,1.0
138530,22.9,69.1,46.2,3.8,goal,0.2,53,1.0
138530,8.3,32.3,49.6,1.9,save,0.038,24,1.0
138530,14.9,52.9,49.0,3.8,save,0.166,14,1.0
138530,15.6,56.6,51.0,1.9,save,0.19,14,1.0
138530,3.7,41.2,52.1,15.8,save,0.084,4,1.0
138530,13.0,71.1,52.3,12.7,save,0.128,71,1.0
138530,9.2,66.6,49.4,24.7,save,0.045,68,1.0
138530,9.1,47.4,53.7,6.3,goal,0.347,61,1.0
138530,10.6,36.3,53.9,17.1,save,0.209,60,1.0
138530,1.7,46.2,51.6,14.6,goal,0.932,53,1.0
138530,1.7,45.6,53.7,10.8,goal,0.872,25,1.0
138530,15.3,53.0,50.0,4.4,save,0.087,62,1.0
138530,10.2,65.3,48.1,18.4,save,0.201,17,1.0
138530,23.4,35.8,46.6,19.0,save,0.347,14,1.0
138530,19.6,72.3,49.3,5.1,save,0.027,76,1.0
138530,18.3,61.1,50.4,2.5,save,0.059,60,1.0
138530,22.6,45.6,47.0,21.5,save,0.217,49,1.0
138530,24.3,62.4,53.9,27.8,save,0.497,14,1.0
138530,24.7,70.7,51.5,17.7,save,0.058,64,1.0
138530,12.4,30.3,52.6,5.1,save,0.093,50,1.0
138530,4.6,46.8,52.8,17.1,goal,0.937,74,1.0
138530,9.8,69.7,51.2,7.6,save,0.055,54,1.0
138530,16.1,70.5,52.2,5.1,save,0.132,45,1.0
138530,11.5,50.0,47.0,1.9,goal,0.988,5,1.0
138530,15.5,60.8,51.1,3.2,save,0.063,85,1.0
138530,9.3,52.4,46.9,4.4,goal,0.96,75,1.0
138530,11.5,50.0,52.6,25.9,goal,0.987,56,1.0
138530,13.1,38.5,46.7,25.9,goal,0.436,3,1.0
138530,22.8,30.8,49.0,3.8,save,0.043,86,1.0
138530,3.6,47.4,51.8,25.3,save,0.445,74,1.0
138530,12.4,57.9,47.0,13.9,goal,0.605,90,1.0
138530,26.1,56.9,48.7,34.2,save,0.119,90,1.0
138530,9.4,40.8,49.4,25.9,save,0.048,82,1.0
138530,11.5,50.0,47.1,17.7,goal,0.983,75,1.0
138530,26.8,35.7,49.0,7.0,save,0.033,65,1.0
138530,29.0,63.0,50.0,13.3,save,0.011,34,1.0
138530,12.8,33.4,53.9,20.9,save,0.218,90,1.0
138530,11.8,62.9,48.5,16.5,save,0.043,15,1.0
138530,6.6,30.0,51.0,30.4,goal,,84,1.0
138530,21.6,48.2,47.4,25.3,save,0.288,55,1.0
138530,3.7,33.2,50.3,1.9,save,0.04,28,1.0
138530,8.5,66.4,45.8,0.6,save,0.266,80,1.0
138530,8.7,66.6,54.1,2.5,goal,0.636,28,1.0
138530,8.3,62.9,53.9,13.3,goal,0.478,32,1.0
138530,2.5,53.6,47.2,23.4,goal,0.892,24,1.0
138530,26.0,48.4,46.0,3.8,save,0.346,89,1.0
138530,7.9,49.3,50.6,20.3,save,0.045,82,1.0
138530,12.8,51.8,50.3,10.1,save,0.017,72,1.0
138530,23.1,36.7,53.4,7.6,save,0.205,90,1.0
138530,5.1,49.3,53.8,8.2,goal,0.925,87,1.0
138530,4.0,47.8,51.9,12.0,save,0.473,90,1.0
138530,7.9,51.5,51.7,24.7,save,0.138,90,1.0
138530,2.6,40.8,52.6,5.1,save,0.693,71,1.0
138530,3.1,51.5,47.3,24.7,goal,,45,1.0
138530,13.8,50.5,46.4,14.6,goal,0.268,33,1.0
138530,15.0,63.1,46.4,2.5,save,0.248,21,1.0
138530,12.5,27.8,51.6,15.2,save,0.038,20,1.0
138530,7.4,39.0,52.6,20.3,save,0.118,10,1.0
138530,13.0,61.0,50.6,12.7,save,0.032,77,1.0
138530,11.1,63.9,54.5,20.3,goal,0.649,69,1.0
138530,10.7,61.3,48.7,23.4,save,0.074,46,1.0
138530,19.1,68.4,50.8,23.4,save,0.053,40,1.0
138530,7.3,35.6,52.6,2.5,save,0.136,87,1.0
138530,2.5,46.8,52.3,1.9,goal,0.982,73,1.0
138530,13.8,46.6,47.6,1.3,goal,0.716,75,1.0
138530,24.0,45.4,50.4,4.4,save,0.024,67,1.0
138530,10.7,44.1,51.0,8.2,goal,0.061,51,1.0
138530,12.2,53.4,46.2,19.0,save,0.314,34,1.0
138530,15.3,53.4,49.3,8.2,save,0.047,27,1.0
138530,11.5,50.0,45.8,6.3,goal,0.994,24,1.0
138530,3.7,53.4,51.3,18.4,goal,0.919,18,1.0
42209,9.5,60.3,52.5,23.4,goal,0.211,86,0.58
42209,5.8,46.6,50.3,8.9,save,0.174,84,0.58
42209,19.1,68.1,48.4,18.4,save,0.048,21,0.58
42209,23.5,64.6,52.3,19.0,save,0.118,15,0.58
42209,11.0,65.4,47.5,12.0,save,0.168,3,0.58
42209,17.6,36.0,46.4,20.3,save,0.359,59,0.58
42209,27.1,46.0,49.7,8.9,save,0.017,42,0.58
42209,8.4,50.7,50.3,13.9,save,0.365,37,0.58
42209,3.9,44.8,46.1,10.8,goal,0.816,18,0.58
42209,13.3,60.5,52.9,0.6,goal,0.294,84,0.58
42209,25.4,39.1,49.4,22.2,save,0.033,61,0.58
42209,13.2,61.5,51.3,13.9,goal,0.045,57,0.58
42209,13.9,24.7,54.2,10.8,save,0.135,52,0.58
42209,12.8,46.7,53.1,5.1,goal,0.57,31,0.58
42209,3.0,34.3,48.4,1.3,save,0.609,27,0.58
42209,22.6,64.8,51.0,8.2,save,0.034,15,0.58
42209,7.8,44.9,50.3,16.5,save,0.025,13,0.58
42209,14.4,52.6,51.5,7.6,save,0.056,90,0.58
42209,18.8,33.8,45.5,10.1,goal,0.462,70,0.58
42209,7.9,53.2,52.2,10.8,save,0.339,62,0.58
42209,13.5,55.6,53.6,12.7,goal,0.621,48,0.58
42209,8.9,59.7,49.7,15.2,save,0.22,9,0.58
42209,10.7,43.6,51.0,31.6,save,0.08,90,0.58
42209,8.3,42.7,51.6,2.5,goal,0.392,88,0.58
42209,9.1,55.6,51.0,21.5,save,0.054,63,0.58
42209,14.1,53.8,53.5,3.2,goal,0.696,55,0.58
42209,25.2,63.5,50.2,3.8,save,0.021,28,0.58
42209,37.2,15.8,54.4,6.3,save,0.243,23,0.58
42209,28.2,33.7,50.4,2.5,save,0.024,16,0.58
42209,14.8,37.1,48.7,1.9,save,0.09,87,0.58
42209,11.4,29.9,48.6,15.2,save,0.076,57,0.58
42209,11.5,28.0,51.6,20.9,save,0.061,25,0.58
42209,3.8,53.4,50.1,9.5,goal,0.071,5,0.58
42209,11.5,50.0,52.3,19.0,goal,0.974,88,0.58
42209,14.8,67.7,45.8,17.1,save,0.229,74,0.58
42209,15.0,51.1,52.6,29.7,save,0.292,43,0.58
42209,13.9,56.7,46.5,10.1,save,0.258,60,0.58
42209,12.8,55.2,52.6,7.6,save,0.47,39,0.58
42209,2.0,41.5,53.2,2.5,save,0.153,18,0.58
42209,8.0,30.9,53.9,17.1,save,0.178,2,0.58
42209,21.2,30.8,50.0,13.9,save,0.012,50,0.58
42209,19.5,36.2,48.4,7.6,save,0.07,42,0.58
42209,10.3,46.8,49.2,13.9,save,0.03,73,0.58
42209,5.2,62.9,46.4,17.1,save,0.148,68,0.58
42209,20.4,63.7,52.7,1.3,save,0.246,66,0.58
42209,27.5,49.9,54.2,24.1,save,0.44,90,0.58
42209,2.4,57.3,49.1,3.2,goal,0.837,76,0.58
42209,19.5,65.4,47.2,3.2,goal,0.13,57,0.58
42209,14.5,52.2,49.5,14.6,save,0.027,45,0.58
42209,26.5,48.9,53.7,3.2,save,0.313,21,0.58
42209,16.6,74.4,48.7,5.1,save,0.039,13,0.58
42209,8.9,52.8,52.9,3.2,goal,0.326,6,0.58
42209,16.9,54.9,51.9,3.2,goal,0.174,48,0.58
42209,9.4,59.7,53.8,26.6,goal,0.659,45,0.58
42209,13.7,57.6,51.4,4.4,save,0.077,38,0.58
42209,13.2,46.2,48.1,16.5,goal,0.544,21,0.58
42209,18.5,30.2,54.0,15.8,goal,0.198,45,0.58
42209,23.5,55.1,52.6,0.6,goal,0.656,26,0.58
42209,9.8,63.8,52.0,5.1,save,0.614,17,0.58
42209,17.9,30.1,46.3,8.9,save,0.331,81,0.58
42209,16.4,67.1,51.3,3.2,goal,0.082,69,0.58
42209,3.3,51.5,50.8,8.9,goal,0.928,51,0.58
42209,6.3,48.7,50.8,9.5,save,0.391,24,0.58
42209,12.6,43.4,47.5,2.5,save,0.731,16,0.58
42209,28.4,50.9,46.8,8.9,save,0.155,16,0.58
42209,20.9,37.8,54.3,9.5,save,0.228,90,0.58
42209,4.0,39.9,52.8,18.4,goal,0.102,69,0.58
42209,10.7,71.6,53.4,3.8,goal,0.411,65,0.58
42209,10.5,63.6,45.6,24.1,save,0.367,38,0.58
42209,6.3,52.0,49.4,1.9,goal,0.685,24,0.58
42209,1.5,51.7,47.6,8.2,goal,,18,0.58
42209,3.3,56.6,47.1,12.7,save,0.137,18,0.58
42209,11.9,69.1,47.4,16.5,save,0.08,10,0.58
42209,4.8,49.5,51.3,2.5,goal,0.973,90,0.58
42209,14.7,36.8,48.6,7.6,save,0.07,84,0.58
42209,43.7,30.4,50.6,9.5,save,0.018,80,0.58
42209,19.7,52.8,54.4,1.9,goal,0.49,74,0.58
42209,23.2,55.2,47.7,15.8,save,0.082,68,0.58
42209,14.2,42.4,52.6,19.0,save,0.134,64,0.58
42209,19.2,43.8,48.4,3.8,save,0.073,58,0.58
42209,25.4,56.4,46.1,25.9,save,0.442,52,0.58
42209,12.2,72.0,52.6,2.5,save,0.245,33,0.58
42209,14.1,46.2,47.8,25.3,save,0.194,29,0.58
42209,6.3,55.3,53.1,1.3,goal,0.458,26,0.58
42209,29.6,46.2,48.1,10.1,save,0.056,90,0.58
42209,6.6,52.3,49.6,24.7,goal,0.432,71,0.58
42209,8.6,68.9,52.1,16.5,save,0.135,69,0.58
42209,9.2,63.9,48.3,4.4,save,0.082,65,0.58
42209,12.6,66.2,49.0,21.5,save,0.042,27,0.58
42209,9.7,58.7,50.6,5.1,save,0.042,90,0.58
42209,5.2,66.3,46.1,3.8,save,0.181,75,0.58
42209,8.9,60.1,53.2,5.7,goal,0.894,62,0.58
42209,11.5,50.0,48.2,1.9,goal,0.969,59,0.58
42209,5.7,51.2,51.3,7.6,goal,0.812,40,0.58
42209,10.6,30.7,46.9,4.4,save,0.338,40,0.58
42209,5.5,51.9,51.7,31.6,goal,0.504,21,0.58
42209,9.2,57.0,50.6,26.6,save,0.052,16,0.58
42209,8.6,30.5,52.8,13.3,save,0.067,65,0.58
42209,22.5,63.2,54.5,1.9,save,0.574,42,0.58
42209,11.8,55.1,47.7,0.6,save,0.657,35,0.58
42209,3.6,54.4,46.9,26.6,goal,0.508,25,0.58
42209,13.0,25.2,53.1,5.7,save,0.104,4,0.58
42209,7.3,36.4,50.6,10.1,goal,0.185,60,0.58
42209,4.9,41.9,46.2,13.3,goal,0.991,53,0.58
42209,13.9,52.5,51.8,2.5,save,0.126,51,0.58
42209,15.4,34.8,46.8,6.3,save,0.306,45,0.58
42209,3.1,49.1,51.9,6.3,goal,0.976,45,0.58
42209,8.8,66.2,51.9,4.4,save,0.422,33,0.58
42209,11.5,50.0,52.9,10.1,goal,0.979,86,0.58
42209,7.7,49.4,47.7,10.8,goal,0.56,78,0.58
42209,2.4,52.3,49.0,10.8,goal,0.923,74,0.58
42209,10.3,47.3,51.7,4.4,save,0.096,69,0.58
42209,14.8,75.6,53.0,14.6,save,0.218,65,0.58
42209,14.8,58.7,50.8,13.9,save,0.029,62,0.58
42209,9.4,69.9,51.5,13.3,save,0.067,52,0.58
42209,4.9,52.3,48.1,16.5,save,0.815,52,0.58
42209,5.6,49.0,50.8,3.2,goal,0.674,49,0.58
42209,18.2,35.2,48.3,13.9,save,0.06,36,0.58
42209,14.9,43.5,47.5,2.5,save,0.834,36,0.58
42209,23.0,42.1,51.6,9.5,save,0.044,24,0.58
42209,11.5,50.0,48.5,20.3,save,0.955,22,0.58
42209,6.9,54.6,50.7,4.4,save,0.417,12,0.58
42209,7.5,61.4,46.4,1.3,goal,0.558,90,0.58
42209,12.0,53.4,52.1,0.6,goal,0.568,86,0.58
42209,14.5,39.9,48.4,22.2,goal,0.097,79,0.58
42209,4.8,45.4,50.8,10.1,save,0.05,50,0.58
42209,8.9,67.3,52.2,2.5,save,0.224,20,0.58
42209,4.6,54.8,45.8,9.5,save,0.312,19,0.58
42209,4.9,57.9,51.8,1.3,save,0.799,88,0.58
42209,11.5,50.0,53.9,2.5,goal,0.994,85,0.58
42209,24.5,68.7,52.3,2.5,save,0.147,76,0.58
42209,13.6,33.3,54.0,4.4,save,0.229,67,0.58
42209,22.2,45.0,53.5,13.9,save,0.165,67,0.58
42209,8.2,40.7,51.9,1.9,goal,0.495,60,0.58
42209,23.2,59.6,53.0,8.9,save,0.162,56,0.58
42209,12.6,54.6,50.7,7.6,save,0.026,44,0.58
42209,9.5,60.5,47.1,17.1,save,0.134,42,0.58
42209,6.4,43.8,49.0,13.9,goal,0.582,38,0.58
42209,3.5,47.6,51.9,8.9,goal,0.911,26,0.58
42209,14.6,46.2,51.3,0.6,save,0.063,67,0.58
42209,11.4,61.7,49.6,9.5,save,0.095,33,0.58
42209,31.6,31.8,51.0,23.4,save,0.044,32,0.58
42209,22.8,59.9,52.4,15.8,save,0.106,6,0.58
42209,11.2,57.5,50.3,24.7,save,0.182,90,0.58
42209,16.1,48.7,48.3,23.4,save,0.13,90,0.58
42209,18.8,45.2,53.6,1.9,save,0.355,90,0.58
42209,2.7,48.2,52.4,25.3,goal,0.949,73,0.58
42209,16.2,27.7,54.0,24.1,save,0.26,72,0.58
42209,8.3,62.1,46.1,11.4,goal,0.566,60,0.58
42209,15.0,38.8,47.7,10.1,save,0.099,31,0.58
42209,26.4,61.2,52.6,20.9,save,0.165,29,0.58
42209,19.6,62.7,47.8,3.8,save,0.102,2,0.58
42209,14.6,39.1,50.0,32.9,save,0.062,1,0.58
42209,8.3,50.2,52.3,29.1,save,0.237,32,0.58
42209,15.6,57.7,45.8,21.5,save,0.393,31,0.58
42209,20.2,26.2,49.6,25.9,save,0.039,25,0.58
42209,21.1,42.2,53.5,30.4,goal,0.492,23,0.58
42209,8.1,32.2,53.2,1.9,save,0.166,11,0.58
42209,7.5,64.4,47.3,11.4,save,0.1,90,0.58
42209,24.9,49.4,54.0,30.4,save,0.592,84,0.58
42209,17.4,65.4,45.8,3.2,save,0.304,66,0.58
42209,2.0,61.0,46.3,2.5,save,0.206,64,0.58
42209,12.7,65.8,49.2,29.1,save,0.063,36,0.58
42209,7.5,30.4,47.5,5.1,save,0.322,28,0.58
42209,18.5,48.0,50.9,2.5,save,0.052,19,0.58
42209,13.2,40.0,52.6,22.8,save,0.149,45,0.58
42209,21.6,31.8,47.4,24.1,save,0.212,18,0.58
42209,8.0,40.8,51.9,31.6,save,0.148,79,0.58
42209,11.8,52.9,51.0,7.0,save,0.21,4,0.58
42209,11.1,71.4,52.6,1.3,save,0.269,90,0.58
42209,18.5,54.9,46.8,5.7,goal,0.196,89,0.58
42209,4.4,50.5,48.5,8.9,goal,0.847,8,0.58
42209,12.0,64.3,54.1,13.3,goal,0.836,90,0.58
42209,13.6,70.6,54.5,2.5,goal,0.68,81,0.58
42209,18.2,70.5,50.2,24.1,save,0.033,24,0.58
42209,8.1,36.7,53.7,19.0,save,0.203,17,0.58
42209,17.9,61.6,46.3,4.4,goal,0.228,70,0.58
42209,26.1,47.4,45.9,12.7,goal,0.256,65,0.58
42209,6.3,53.4,50.6,2.5,goal,0.82,27,0.58
42209,25.8,38.6,47.6,15.8,save,0.102,27,0.58
42209,3.4,35.5,47.7,6.3,save,0.208,27,0.58
42209,8.7,33.6,52.5,3.2,save,0.123,14,0.58
42209,7.4,52.7,54.5,15.8,save,0.538,84,0.58
42209,6.8,67.3,51.7,15.2,save,0.093,4,0.58
42209,1.8,44.6,51.8,4.4,save,0.245,90,0.58
42209,5.1,17.9,54.2,31.6,save,0.348,90,0.58
42209,11.5,80.0,54.0,3.8,save,0.573,74,0.58
42209,11.8,34.9,47.2,16.5,save,0.389,64,0.58
42209,12.2,54.7,48.1,20.9,goal,0.125,11,0.58
42209,10.1,26.2,53.2,5.1,save,0.168,9,0.58
42209,8.6,65.6,53.8,1.9,save,0.636,89,0.58
42209,10.0,65.3,49.4,1.9,save,0.037,65,0.58
42209,13.6,41.3,52.7,15.2,save,0.109,50,0.58
42209,14.4,64.8,54.1,21.5,goal,0.561,31,0.58
994363,7.3,28.5,46.0,0.6,save,0.67,6,0.55
994363,10.2,30.5,49.6,3.8,save,0.033,84,0.55
994363,5.4,67.0,49.8,10.1,save,0.017,78,0.55
994363,27.3,97.4,48.0,17.1,save,0.046,61,0.55
994363,6.7,46.4,50.3,6.3,goal,0.454,45,0.55
994363,11.7,38.0,52.2,20.3,save,0.302,44,0.55
994363,2.3,55.4,48.1,17.7,save,0.212,34,0.55
994363,24.1,63.0,53.3,5.7,save,0.247,24,0.55
994363,23.1,26.9,49.9,20.9,save,0.026,83,0.55
994363,9.6,51.3,51.8,1.3,goal,0.554,64,0.55
994363,8.4,39.9,48.4,25.9,goal,0.128,34,0.55
994363,24.7,68.7,49.9,32.3,save,0.042,26,0.55
994363,19.7,67.1,50.8,20.9,save,0.04,13,0.55
994363,13.6,66.9,46.6,2.5,save,0.182,3,0.55
994363,10.6,61.1,47.4,4.4,goal,0.123,88,0.55
994363,12.7,56.5,47.1,8.9,goal,0.642,73,0.55
994363,3.8,32.7,50.5,3.8,save,0.03,42,0.55
994363,24.8,68.3,53.3,19.6,save,0.276,11,0.55
994363,13.3,37.8,49.0,1.9,save,0.361,90,0.55
994363,10.6,54.0,51.9,0.6,goal,0.599,62,0.55
994363,17.5,56.8,49.7,7.6,save,0.022,59,0.55
994363,13.9,64.2,53.7,7.0,goal,0.689,34,0.55
994363,19.5,66.3,51.0,10.1,goal,0.046,26,0.55
994363,12.8,56.2,47.7,27.8,goal,0.16,17,0.55
994363,13.9,63.8,47.0,16.5,goal,0.146,87,0.55
994363,9.7,70.1,48.5,3.8,save,0.082,58,0.55
994363,8.0,54.4,51.3,25.9,goal,0.113,52,0.55
994363,27.8,47.0,50.7,11.4,save,0.024,51,0.55
994363,24.8,55.0,50.6,1.9,save,0.033,45,0.55
994363,1.8,47.8,52.7,22.8,goal,0.943,13,0.55
994363,11.7,46.8,53.4,3.2,save,0.297,90,0.55
994363,11.4,37.7,51.6,4.4,save,0.383,75,0.55
994363,8.7,56.0,52.8,4.4,goal,0.842,65,0.55
994363,6.8,33.9,51.6,13.3,save,0.038,64,0.55
994363,3.0,59.3,46.2,1.3,save,0.313,37,0.55
994363,14.0,47.6,47.9,3.2,save,0.152,33,0.55
994363,19.8,60.3,49.1,3.8,save,0.04,32,0.55
994363,5.6,47.0,52.6,18.4,goal,0.372,27,0.55
994363,12.9,62.8,49.8,16.5,save,0.016,44,0.55
994363,9.6,60.1,48.7,7.0,save,0.065,32,0.55
994363,4.6,56.3,49.3,31.6,save,0.116,90,0.55
994363,13.1,55.7,48.2,3.8,goal,0.643,86,0.55
994363,23.5,35.2,53.8,1.9,save,0.255,71,0.55
994363,3.5,54.2,49.1,2.5,goal,0.857,62,0.55
994363,13.6,63.6,49.8,29.7,save,0.045,54,0.55
994363,11.5,50.0,53.6,4.4,goal,0.992,33,0.55
994363,17.5,48.7,46.1,19.6,save,0.365,13,0.55
994363,28.5,36.2,51.0,12.7,save,0.022,83,0.55
994363,15.0,47.8,52.3,7.0,goal,0.338,74,0.55
994363,18.5,45.5,48.0,4.4,save,0.102,68,0.55
994363,18.0,27.8,51.0,24.7,save,0.068,79,0.55
994363,9.3,33.8,46.7,2.5,save,0.464,71,0.55
994363,27.9,56.8,50.5,22.8,save,0.04,50,0.55
994363,11.4,63.6,51.7,4.4,save,0.737,31,0.55
994363,5.0,55.7,49.2,27.8,goal,0.62,90,0.55
994363,12.8,66.4,49.6,3.8,save,0.029,66,0.55
994363,2.2,63.2,48.5,19.0,goal,0.275,61,0.55
994363,23.8,64.4,53.2,5.7,save,0.287,48,0.55
994363,8.7,60.3,51.0,8.9,save,0.195,38,0.55
994363,9.6,33.5,48.4,13.9,save,0.432,22,0.55
994363,14.7,70.3,52.9,1.3,save,0.289,2,0.55
994363,12.9,38.0,47.1,25.9,goal,0.347,73,0.55
994363,9.7,58.3,49.7,22.2,save,0.029,68,0.55
994363,10.4,62.6,52.3,2.5,goal,0.794,90,0.55
994363,22.8,55.6,51.7,4.4,save,0.074,61,0.55
994363,8.3,47.3,52.3,20.9,goal,0.372,32,0.55
994363,14.7,59.7,54.0,17.1,goal,0.438,21,0.55
994363,18.2,57.0,54.0,24.1,save,0.477,10,0.55
994363,9.0,66.5,50.6,10.8,save,0.027,81,0.55
994363,12.6,55.1,51.1,1.3,save,0.106,46,0.55
994363,22.1,48.7,46.7,0.6,save,0.279,1,0.55
994363,7.9,38.5,53.9,16.5,save,0.699,82,0.55
994363,3.1,47.6,52.4,13.9,goal,0.509,56,0.55
994363,9.4,32.5,48.0,9.5,save,0.108,48,0.55
994363,15.8,58.9,52.9,1.9,save,0.249,47,0.55
994363,8.4,63.8,46.2,1.9,goal,0.561,42,0.55
994363,10.2,63.0,45.8,0.6,save,0.34,23,0.55
994363,2.0,51.3,50.6,1.9,goal,0.97,3,0.55
994363,2.9,48.9,47.7,13.3,goal,0.97,1,0.55
994363,22.9,62.4,47.1,8.9,save,0.102,90,0.55
994363,12.5,40.4,52.4,2.5,save,0.129,81,0.55
994363,10.4,59.5,46.3,17.7,goal,0.194,72,0.55
994363,15.2,33.8,47.1,3.8,save,0.246,40,0.55
994363,23.2,34.2,47.5,3.2,save,0.16,14,0.55
994363,2.7,53.0,46.8,20.3,goal,0.76,86,0.55
994363,11.0,44.0,54.6,4.4,goal,0.816,81,0.55
994363,6.3,44.4,51.7,14.6,save,0.642,55,0.55
994363,21.9,73.0,47.4,5.1,save,0.093,59,0.55
994363,9.8,40.9,51.9,7.0,save,0.077,28,0.55
994363,11.5,50.0,53.0,1.3,goal,0.989,27,0.55
994363,2.7,43.6,51.6,0.6,save,0.879,49,0.55
994363,18.7,36.6,52.9,25.9,goal,0.198,45,0.55
994363,14.2,37.2,49.6,10.8,save,0.021,19,0.55
994363,9.9,42.4,50.1,5.1,save,0.028,90,0.55
994363,12.1,35.2,47.4,5.1,goal,0.733,87,0.55
994363,8.0,30.0,48.7,5.7,save,0.22,84,0.55
994363,11.4,41.9,52.7,25.3,save,0.27,74,0.55
994363,3.1,40.9,49.6,7.6,goal,0.033,53,0.55
994363,7.2,57.5,48.7,10.8,save,0.038,23,0.55
994363,21.2,62.0,49.0,5.1,save,0.034,19,0.55
994363,11.9,67.2,48.0,3.2,save,0.077,12,0.55
994363,4.7,46.1,54.2,12.7,goal,0.803,45,0.55
994363,5.0,48.5,48.7,20.9,save,0.357,33,0.55
994363,25.8,42.1,51.9,16.5,save,0.057,27,0.55
994363,21.1,58.4,49.2,4.4,save,0.033,90,0.55
994363,2.9,48.1,53.9,17.1,goal,,74,0.55
994363,7.1,54.2,48.4,19.0,save,0.348,90,0.55
994363,24.3,37.6,51.3,12.7,save,0.027,80,0.55
994363,11.5,50.0,53.7,1.3,goal,0.994,76,0.55
994363,8.0,50.7,48.6,11.4,save,0.049,44,0.55
994363,7.6,39.3,48.7,1.3,goal,0.352,3,0.55
994363,43.0,34.9,47.8,10.8,save,0.065,90,0.55
994363,11.5,50.0,48.2,4.4,goal,0.963,65,0.55
994363,3.2,52.4,48.3,9.5,goal,0.37,21,0.55
994363,4.0,51.3,46.8,20.9,goal,0.65,17,0.55
994363,8.8,31.2,49.7,2.5,save,0.03,71,0.55
994363,9.8,61.0,50.6,12.7,save,0.039,67,0.55
994363,19.5,59.1,45.9,3.8,goal,0.308,19,0.55
994363,23.2,34.0,49.8,22.8,save,0.028,12,0.55
994363,10.6,41.3,51.6,29.7,goal,0.558,7,0.55
994363,7.2,67.8,46.2,2.5,save,0.191,90,0.55
994363,7.1,44.6,53.1,20.9,save,0.253,68,0.55
994363,18.1,55.4,46.3,26.6,goal,0.394,65,0.55
994363,27.1,50.3,49.3,1.9,save,0.036,63,0.55
994363,26.2,37.7,49.9,10.1,save,0.013,53,0.55
994363,6.6,59.4,49.0,28.5,save,0.072,90,0.55
994363,6.5,35.2,52.9,27.8,goal,0.189,7,0.55
994363,4.8,37.0,53.4,17.7,save,0.151,7,0.55
994363,6.8,40.4,52.9,22.2,save,0.21,3,0.55
994363,9.6,28.5,47.1,1.9,save,0.351,79,0.55
994363,10.8,28.7,51.9,7.6,save,0.05,70,0.55
994363,24.7,62.3,47.4,19.0,goal,0.218,25,0.55
994363,18.7,50.0,46.4,1.3,goal,0.326,90,0.55
994363,14.4,52.8,47.8,1.3,save,0.431,90,0.55
994363,18.3,35.2,45.8,7.0,goal,0.459,85,0.55
994363,15.7,58.5,47.1,24.1,goal,0.209,65,0.55
994363,4.2,31.3,49.7,1.9,save,0.032,45,0.55
994363,8.0,51.2,52.6,1.9,goal,,26,0.55
994363,14.1,50.0,50.3,19.6,save,0.035,26,0.55
994363,3.8,29.8,47.0,1.3,save,0.435,23,0.55
994363,13.4,39.8,54.0,0.6,goal,0.391,21,0.55
994363,6.8,51.8,53.9,17.7,goal,0.93,14,0.55
994363,13.7,56.9,46.5,3.8,save,0.259,65,0.55
994363,11.5,50.0,53.3,9.5,goal,0.985,45,0.55
994363,12.4,45.7,48.0,0.6,save,0.137,42,0.55
994363,10.5,57.1,51.6,1.3,goal,0.633,40,0.55
994363,13.1,41.2,50.1,8.2,save,0.204,90,0.55
994363,23.2,44.3,52.8,13.9,save,0.112,68,0.55
994363,10.6,59.3,53.5,1.3,goal,0.578,63,0.55
994363,6.1,55.3,54.0,0.6,goal,0.984,58,0.55
994363,19.0,39.2,50.4,19.0,save,0.024,57,0.55
994363,2.3,54.7,47.7,17.1,goal,0.974,19,0.55
994363,12.3,38.0,51.0,1.3,save,0.065,6,0.55
994363,7.3,60.0,50.8,1.9,goal,0.241,90,0.55
994363,3.8,35.5,52.3,32.9,save,0.164,87,0.55
994363,25.1,66.0,45.9,10.8,goal,0.187,73,0.55
994363,27.1,40.7,53.7,18.4,save,0.267,66,0.55
994363,25.2,71.3,50.5,11.4,save,0.016,57,0.55
994363,4.3,35.9,53.1,1.9,save,0.192,6,0.55
994363,14.2,49.1,50.8,29.7,save,0.095,90,0.55
994363,11.5,50.0,53.1,2.5,goal,0.989,81,0.55
994363,8.8,42.7,50.5,3.8,save,0.029,37,0.55
994363,15.4,73.4,49.7,6.3,save,0.018,75,0.55
994363,7.4,40.1,46.1,9.5,goal,0.418,61,0.55
994363,3.4,51.0,50.8,30.4,save,0.787,61,0.55
994363,4.7,45.2,47.9,24.1,save,0.516,29,0.55
994363,14.5,37.1,53.5,3.2,save,0.74,28,0.55
252669,19.7,54.3,51.4,1.9,save,0.071,88,0.89
252669,10.2,39.3,47.8,1.3,goal,0.528,85,0.89
252669,9.6,47.0,46.7,23.4,save,0.351,77,0.89
252669,14.4,45.4,51.9,5.1,save,0.076,73,0.89
252669,9.6,56.5,49.1,28.5,save,0.364,60,0.89
252669,12.8,62.3,54.2,16.5,goal,0.485,54,0.89
252669,13.9,49.1,54.1,3.2,save,0.437,50,0.89
252669,3.4,51.3,50.0,5.1,save,0.481,45,0.89
252669,11.5,50.0,53.4,11.4,goal,0.984,45,0.89
252669,5.0,40.1,48.1,4.4,goal,0.151,35,0.89
252669,7.3,44.3,48.8,6.3,save,0.216,17,0.89
252669,11.5,50.0,52.7,7.0,goal,0.979,12,0.89
252669,8.4,57.1,46.7,2.5,goal,0.521,73,0.89
252669,5.5,51.5,50.1,20.3,goal,0.71,28,0.89
252669,18.7,64.0,54.3,13.9,goal,0.417,26,0.89
252669,6.6,58.3,46.5,5.1,save,0.839,90,0.89
252669,27.5,37.4,49.9,33.5,save,0.046,89,0.89
252669,13.4,50.6,53.6,29.7,save,0.578,69,0.89
252669,8.9,43.4,52.9,6.3,save,0.518,58,0.89
252669,12.8,59.9,50.3,24.7,save,0.042,49,0.89
252669,4.5,58.4,48.4,23.4,save,0.089,45,0.89
252669,2.7,57.0,46.5,32.3,save,0.902,45,0.89
252669,1.1,48.8,47.8,19.6,goal,0.993,40,0.89
252669,3.6,40.7,48.8,19.0,save,,40,0.89
252669,23.5,38.9,46.5,7.6,save,0.245,40,0.89
252669,8.6,51.5,53.9,13.3,goal,0.649,34,0.89
252669,2.6,56.6,47.7,14.6,save,0.444,17,0.89
252669,18.3,51.0,48.9,1.3,save,0.058,15,0.89
252669,32.4,33.6,50.5,9.5,save,0.016,13,0.89
252669,13.9,45.4,51.3,7.6,save,0.193,90,0.89
252669,1.4,65.2,51.5,4.4,goal,0.117,90,0.89
252669,2.6,34.2,51.6,21.5,save,0.06,90,0.89
252669,15.8,68.2,51.6,16.5,save,0.064,90,0.89
252669,14.5,48.6,50.4,11.4,save,0.02,55,0.89
252669,15.3,40.9,46.1,29.1,goal,0.577,45,0.89
252669,19.4,45.2,53.7,2.5,save,0.292,15,0.89
252669,5.8,57.9,51.6,21.5,save,0.14,10,0.89
252669,12.2,56.6,48.5,5.1,save,0.067,1,0.89
252669,10.4,45.4,50.7,19.0,save,0.272,54,0.89
252669,4.1,43.7,51.7,1.9,goal,0.838,37,0.89
252669,11.8,37.0,48.9,5.1,save,0.363,26,0.89
252669,13.2,40.5,48.5,17.7,save,0.083,18,0.89
252669,18.9,32.3,50.9,18.4,save,0.043,15,0.89
252669,21.1,44.9,47.4,10.8,save,0.099,5,0.89
252669,13.6,52.1,50.6,18.4,save,0.044,90,0.89
252669,7.6,51.9,47.4,16.5,goal,0.222,80,0.89
252669,7.2,49.3,51.0,26.6,save,0.359,39,0.89
252669,13.2,50.1,51.3,31.6,save,0.114,13,0.89
252669,15.8,74.2,48.8,11.4,save,0.025,7,0.89
252669,22.8,46.0,52.9,21.5,save,0.2,6,0.89
252669,19.5,73.3,53.5,13.9,save,0.266,89,0.89
252669,25.6,40.6,51.9,7.0,save,0.062,75,0.89
252669,10.7,67.9,50.1,16.5,save,0.021,59,0.89
252669,8.3,53.8,47.7,4.4,save,0.729,58,0.89
252669,9.9,41.5,45.9,3.8,goal,0.836,37,0.89
252669,12.8,60.3,47.9,4.4,save,0.092,33,0.89
252669,0.3,0.5,45.5,16.5,goal,0.715,84,0.89
252669,15.5,52.5,46.8,13.3,save,0.153,80,0.89
252669,11.5,50.0,45.6,12.0,goal,0.993,73,0.89
252669,15.2,74.8,50.7,10.8,save,0.024,46,0.89
252669,19.8,26.3,51.3,7.0,save,0.035,82,0.89
252669,12.7,60.0,48.4,8.9,save,0.051,80,0.89
252669,14.2,42.7,50.6,13.9,save,0.017,65,0.89
252669,14.0,35.3,46.6,22.2,save,0.411,64,0.89
252669,5.7,30.8,49.5,19.0,save,0.222,64,0.89
252669,7.1,47.8,53.2,10.1,goal,0.945,57,0.89
252669,7.2,47.3,49.0,15.8,goal,0.049,45,0.89
252669,14.2,58.1,46.8,27.8,save,0.292,17,0.89
252669,23.8,62.3,53.2,4.4,save,0.249,13,0.89
252669,6.3,55.2,53.3,3.2,goal,0.953,90,0.89
252669,3.4,57.8,48.1,1.3,save,0.738,79,0.89
252669,8.0,44.4,51.6,24.1,goal,0.636,33,0.89
252669,20.9,62.6,52.5,8.9,save,0.115,29,0.89
252669,19.9,33.6,47.8,1.9,save,0.143,24,0.89
252669,4.1,53.4,46.7,5.1,goal,0.974,14,0.89
252669,3.3,44.0,52.2,23.4,goal,0.916,90,0.89
252669,18.7,48.1,52.8,20.3,save,0.166,82,0.89
252669,3.9,57.6,48.6,27.8,save,0.797,80,0.89
252669,18.5,39.1,52.9,24.1,save,0.196,25,0.89
252669,23.0,45.1,52.1,16.5,save,0.066,11,0.89
252669,5.4,31.9,47.9,17.1,save,0.151,6,0.89
252669,4.4,33.4,52.3,13.9,save,0.049,67,0.89
252669,13.1,43.8,49.4,5.1,save,0.045,66,0.89
252669,2.4,67.5,53.2,5.1,goal,0.464,65,0.89
252669,18.2,56.5,47.8,24.7,goal,0.129,36,0.89
252669,8.7,54.2,51.4,15.2,save,0.056,33,0.89
252669,10.5,51.8,51.9,3.8,goal,0.495,77,0.89
252669,19.5,28.4,52.8,22.8,save,0.13,73,0.89
252669,2.6,50.7,49.7,15.2,goal,0.49,35,0.89
252669,12.8,53.6,48.1,14.6,save,0.527,31,0.89
252669,8.5,46.9,48.7,8.2,save,0.052,12,0.89
252669,10.5,43.4,49.7,12.0,save,0.253,11,0.89
252669,8.6,48.7,52.2,8.9,save,0.123,90,0.89
252669,18.9,63.8,52.4,4.4,save,0.149,83,0.89
252669,20.4,42.6,45.9,3.2,save,0.457,60,0.89
252669,3.3,61.7,51.0,2.5,goal,0.658,46,0.89
252669,17.6,45.4,50.5,32.3,save,0.057,61,0.89
252669,5.9,65.7,49.9,12.0,save,0.015,59,0.89
252669,10.6,34.9,49.1,1.3,save,0.078,29,0.89
252669,8.6,70.1,46.8,21.5,save,0.157,19,0.89
252669,9.9,29.2,51.9,21.5,save,0.069,82,0.89
252669,14.8,48.1,48.5,1.3,save,0.089,42,0.89
252669,3.9,47.8,47.0,24.7,save,0.887,26,0.89
252669,15.4,35.2,46.1,5.1,goal,0.449,90,0.89
252669,3.9,48.8,49.2,7.6,save,0.454,90,0.89
252669,8.3,50.4,46.8,25.3,goal,0.332,75,0.89
252669,22.8,44.0,46.7,8.9,save,0.193,74,0.89
252669,8.3,54.0,48.1,5.1,save,0.526,55,0.89
252669,4.9,41.2,51.8,17.1,save,0.088,55,0.89
252669,1.7,46.4,47.7,1.9,goal,0.994,22,0.89
252669,18.0,46.7,46.1,22.2,goal,0.437,5,0.89
252669,18.1,27.0,50.6,8.9,save,0.019,90,0.89
252669,4.8,38.9,46.3,16.5,goal,0.463,86,0.89
252669,2.4,55.6,46.4,17.1,save,0.913,61,0.89
252669,9.7,59.7,52.5,1.9,goal,0.754,19,0.89
252669,4.4,52.8,54.1,5.1,goal,0.956,90,0.89
252669,6.7,52.9,49.0,10.1,save,0.04,84,0.89
252669,19.2,39.1,48.4,14.6,save,0.053,32,0.89
252669,12.2,44.4,49.0,5.1,save,0.421,32,0.89
252669,18.8,56.0,50.1,19.0,save,0.021,53,0.89
252669,3.3,53.2,48.6,2.5,save,0.95,47,0.89
252669,4.4,52.4,49.5,15.8,save,0.393,18,0.89
252669,7.3,56.1,51.8,24.1,goal,0.849,16,0.89
252669,14.9,61.1,52.6,7.6,save,0.15,38,0.89
252669,8.3,58.1,50.0,2.5,save,0.166,38,0.89
252669,23.0,55.2,49.7,7.6,save,0.018,32,0.89
252669,18.8,62.4,51.8,9.5,save,0.265,45,0.89
252669,5.1,45.2,49.6,26.6,goal,0.073,14,0.89
252669,11.7,65.6,53.6,3.8,goal,0.507,74,0.89
252669,12.2,61.7,52.9,2.5,goal,0.734,32,0.89
252669,22.0,60.5,47.8,1.9,goal,0.116,23,0.89
252669,30.6,32.7,53.7,15.2,save,0.185,19,0.89
252669,18.4,54.3,53.2,33.5,save,0.484,88,0.89
252669,3.7,49.4,51.9,7.6,goal,0.916,3,0.89
252669,11.5,50.0,54.5,8.9,goal,0.994,90,0.89
252669,23.1,48.0,45.8,5.1,save,0.382,79,0.89
252669,16.4,63.0,51.7,27.8,save,0.147,68,0.89
252669,11.5,50.0,46.2,2.5,goal,0.994,59,0.89
252669,18.5,52.2,50.0,7.6,save,0.014,9,0.89
252669,6.8,46.0,52.3,1.9,goal,0.819,7,0.89
252669,10.5,68.2,51.7,7.0,save,0.089,82,0.89
252669,9.9,55.8,51.3,8.9,save,0.431,82,0.89
252669,10.7,31.6,48.4,0.6,save,0.129,45,0.89
252669,4.8,55.7,48.2,2.5,save,0.609,20,0.89
252669,13.7,48.2,47.3,1.3,goal,0.27,13,0.89
252669,7.5,59.2,51.6,1.9,goal,0.157,6,0.89
252669,28.4,34.2,46.1,16.5,save,0.312,87,0.89
252669,19.5,37.5,52.3,2.5,save,0.106,70,0.89
252669,5.1,51.3,50.6,3.2,goal,0.702,17,0.89
252669,12.3,69.1,48.3,7.0,save,0.051,5,0.89
252669,14.7,32.8,49.8,5.7,save,0.021,85,0.89
252669,17.9,51.5,47.7,4.4,save,0.118,45,0.89
252669,11.5,50.0,46.8,32.9,goal,0.995,90,0.89
252669,22.2,48.2,52.2,31.0,goal,0.192,72,0.89
252669,19.3,67.8,47.1,16.5,save,0.092,90,0.89
252669,27.6,67.1,50.6,8.9,save,0.02,83,0.89
252669,23.6,30.1,46.4,7.6,save,0.285,66,0.89
252669,18.9,29.9,54.2,33.5,goal,0.559,58,0.89
252669,17.7,43.0,53.0,20.9,save,0.197,55,0.89
252669,8.7,36.5,49.0,2.5,save,0.072,51,0.89
252669,9.8,55.5,47.6,10.8,save,0.089,45,0.89
252669,3.0,38.0,52.6,13.3,save,0.105,27,0.89
252669,12.1,48.4,53.3,10.8,save,0.206,90,0.89
252669,6.3,43.7,47.8,7.6,goal,0.34,55,0.89
252669,11.7,41.9,52.2,26.6,save,0.155,46,0.89
252669,7.7,62.0,47.6,6.3,save,0.269,7,0.89
252669,3.4,42.7,50.5,32.3,save,0.317,67,0.89
252669,10.6,64.0,51.2,8.2,save,0.054,64,0.89
252669,9.5,53.6,50.2,16.5,save,0.02,53,0.89
252669,13.7,60.6,48.6,13.3,save,0.034,53,0.89
252669,9.1,41.7,52.8,5.1,save,0.508,52,0.89
252669,7.8,42.5,47.8,21.5,save,0.224,28,0.89
252669,18.8,47.9,47.5,12.0,save,0.37,14,0.89
252669,8.5,33.3,53.3,0.6,save,0.183,90,0.89
252669,13.6,50.4,53.7,2.5,goal,0.388,84,0.89
252669,8.7,54.9,54.2,3.2,goal,0.92,78,0.89
252669,21.7,70.6,45.8,21.5,save,0.338,78,0.89
252669,15.9,58.9,46.4,7.6,save,0.2,73,0.89
252669,7.0,55.7,47.8,19.6,save,0.108,72,0.89
252669,12.7,46.1,52.6,15.8,save,0.119,67,0.89
252669,3.8,45.8,53.8,19.6,goal,0.936,56,0.89
252669,7.5,30.3,53.1,28.5,save,0.229,41,0.89
252669,5.6,38.0,46.7,20.9,save,0.457,19,0.89
252669,4.4,33.8,50.5,1.9,save,0.088,90,0.89
252669,14.8,58.5,45.4,3.8,goal,,90,0.89
252669,6.5,56.7,46.8,1.9,goal,0.754,85,0.89
252669,7.8,46.0,50.8,5.1,save,0.422,70,0.89
252669,2.4,47.2,51.9,1.3,goal,0.974,55,0.89
252669,14.7,54.3,48.5,6.3,save,0.057,45,0.89
252669,11.5,50.0,54.0,2.5,goal,0.995,65,0.89
252669,4.7,46.2,51.9,25.9,save,0.75,48,0.89
252669,22.4,26.2,50.3,15.8,save,0.016,45,0.89
252669,6.1,61.1,47.3,31.0,save,0.199,17,0.89
252669,3.1,48.9,50.1,16.5,goal,0.736,76,0.89
252669,11.2,69.9,47.1,4.4,save,0.108,11,0.89
252669,18.9,70.2,49.7,5.7,save,0.022,85,0.89
252669,7.4,47.8,53.2,4.4,goal,0.829,55,0.89
252669,14.2,71.8,52.6,18.4,save,0.485,54,0.89
252669,7.3,47.5,52.2,26.6,goal,0.903,51,0.89
252669,8.9,42.1,49.2,2.5,goal,0.072,46,0.89
252669,18.7,66.2,50.7,13.3,save,0.03,46,0.89
252669,8.2,59.6,50.9,10.1,save,0.067,45,0.89
252669,9.3,42.5,46.1,7.6,goal,0.94,15,0.89
84844,4.1,61.3,46.9,25.9,goal,0.703,90,0.84
84844,14.6,46.4,48.3,3.8,goal,0.422,87,0.84
84844,26.6,49.5,53.2,4.4,save,0.193,18,0.84
84844,15.3,29.7,47.0,1.3,save,0.317,7,0.84
84844,12.0,41.5,52.9,32.9,save,0.849,90,0.84
84844,13.5,42.6,50.6,2.5,save,0.047,83,0.84
84844,8.2,70.3,47.1,5.1,save,0.101,82,0.84
84844,3.6,35.8,53.7,3.2,goal,0.179,48,0.84
84844,48.1,54.7,46.1,28.5,goal,0.4,17,0.84
84844,4.6,32.8,51.7,8.2,save,0.056,2,0.84
84844,1.1,52.1,47.4,10.1,goal,0.987,78,0.84
84844,7.3,53.0,47.0,0.6,goal,0.915,57,0.84
84844,10.8,67.7,47.3,1.9,save,0.128,54,0.84
84844,22.4,43.9,50.3,1.3,save,0.029,52,0.84
84844,5.1,38.3,52.2,32.9,goal,0.237,45,0.84
84844,20.7,47.6,48.9,18.4,save,0.037,90,0.84
84844,4.8,68.1,46.4,1.9,save,0.164,85,0.84
84844,6.7,44.0,48.2,17.7,save,0.112,13,0.84
84844,23.2,56.6,53.4,17.7,save,0.235,13,0.84
84844,3.3,58.7,47.0,4.4,save,0.911,27,0.84
84844,5.1,65.4,49.5,3.2,goal,0.032,90,0.84
84844,12.5,38.9,48.5,2.5,goal,0.107,70,0.84
84844,16.3,40.3,46.4,0.6,save,0.402,52,0.84
84844,14.2,50.3,49.1,4.4,save,0.22,49,0.84
84844,11.5,50.0,52.0,0.6,goal,0.976,45,0.84
84844,17.8,52.1,51.9,5.7,save,0.09,27,0.84
84844,4.6,70.1,47.7,17.1,save,0.07,20,0.84
84844,7.3,66.0,48.4,8.9,save,0.062,18,0.84
84844,8.8,30.5,50.1,7.6,save,0.018,14,0.84
84844,13.6,69.7,49.3,20.3,save,0.034,34,0.84
84844,14.7,45.1,46.7,8.2,save,0.24,26,0.84
84844,5.4,51.6,46.5,6.3,goal,0.911,90,0.84
84844,8.8,66.6,51.9,5.1,save,0.113,75,0.84
84844,9.6,60.8,48.8,30.4,save,0.082,74,0.84
84844,14.3,54.0,46.1,3.8,goal,0.33,73,0.84
84844,11.5,33.1,48.4,5.1,save,0.098,66,0.84
84844,26.3,59.3,46.2,3.2,save,0.263,54,0.84
84844,10.8,62.1,51.4,4.4,save,0.084,51,0.84
84844,26.0,67.7,50.3,9.5,save,0.016,50,0.84
84844,4.3,28.9,52.4,9.5,save,0.061,47,0.84
84844,11.5,50.0,47.1,2.5,goal,0.986,65,0.84
84844,6.5,54.5,49.3,29.1,goal,0.733,31,0.84
84844,14.7,53.0,49.4,20.9,save,0.036,90,0.84
84844,29.3,43.3,47.6,12.7,save,0.078,62,0.84
84844,18.7,70.6,47.0,22.8,save,0.213,45,0.84
84844,15.1,43.6,49.7,13.9,save,0.128,41,0.84
84844,13.4,52.3,50.7,3.2,save,0.045,4,0.84
84844,3.6,53.6,45.3,11.4,goal,0.846,64,0.84
84844,10.5,72.2,51.6,8.9,save,0.068,64,0.84
84844,3.4,54.3,49.4,20.9,save,0.134,45,0.84
84844,3.9,45.7,47.6,31.0,save,0.856,45,0.84
84844,9.2,53.6,50.6,29.1,save,0.072,32,0.84
84844,8.7,55.5,51.6,29.7,goal,0.725,27,0.84
84844,12.0,67.5,51.7,7.6,save,0.088,27,0.84
84844,15.8,56.2,51.0,29.7,save,0.081,12,0.84
84844,15.1,59.1,50.2,1.9,save,0.031,3,0.84
84844,9.2,48.7,47.6,10.1,save,0.104,54,0.84
84844,8.9,68.3,47.0,28.5,goal,0.767,45,0.84
84844,3.8,54.9,46.2,13.3,goal,0.903,31,0.84
84844,4.6,48.6,51.9,19.0,goal,0.712,9,0.84
84844,5.5,48.9,47.7,6.3,goal,0.934,87,0.84
84844,6.8,47.9,49.1,15.8,save,0.053,82,0.84
84844,11.4,54.1,46.5,8.9,save,0.253,32,0.84
84844,3.2,54.3,47.2,25.3,goal,0.933,52,0.84
84844,22.2,37.1,46.1,1.9,save,0.436,47,0.84
84844,2.6,38.2,53.0,12.7,save,0.243,45,0.84
84844,4.3,50.8,49.3,27.8,goal,0.908,36,0.84
84844,4.9,39.5,48.0,2.5,save,0.596,10,0.84
84844,7.7,59.9,54.2,1.9,goal,0.945,6,0.84
84844,20.6,34.2,48.7,25.3,save,0.085,90,0.84
84844,1.7,51.0,48.0,20.3,goal,0.99,90,0.84
84844,11.5,50.0,46.4,1.9,goal,0.993,58,0.84
84844,27.7,69.3,48.6,20.3,save,0.047,40,0.84
84844,18.9,33.0,50.5,3.2,save,0.032,28,0.84
84844,4.8,38.8,50.9,17.7,save,0.295,75,0.84
84844,8.5,62.7,45.5,5.1,save,0.242,72,0.84
84844,13.2,62.4,51.1,22.2,save,0.068,44,0.84
84844,4.6,53.2,47.4,3.2,goal,0.95,24,0.84
84844,7.4,36.0,48.8,15.8,save,0.314,24,0.84
84844,20.6,64.3,46.6,1.9,save,0.206,19,0.84
84844,4.6,43.6,45.7,3.2,goal,0.956,90,0.84
84844,10.0,61.5,52.4,5.7,goal,0.192,79,0.84
84844,10.9,61.9,46.4,0.6,goal,0.274,70,0.84
84844,15.6,49.3,45.7,2.5,save,0.449,53,0.84
84844,13.6,47.0,46.4,0.6,goal,0.859,49,0.84
84844,29.7,51.3,52.3,2.5,save,0.112,34,0.84
84844,29.0,39.9,49.3,6.3,save,0.027,25,0.84
84844,11.5,50.0,49.6,8.9,goal,0.86,61,0.84
84844,7.1,44.5,49.4,5.7,save,0.157,38,0.84
84844,23.6,28.2,49.7,18.4,save,0.02,16,0.84
84844,23.8,60.1,46.1,1.9,save,0.302,90,0.84
84844,17.8,34.2,46.1,5.7,goal,0.412,45,0.84
84844,10.7,68.7,48.9,3.2,save,0.045,43,0.84
84844,6.2,52.2,48.8,3.8,save,0.289,25,0.84
84844,7.5,31.0,50.6,3.2,save,0.041,16,0.84
84844,17.8,42.8,53.9,12.0,save,0.213,11,0.84
84844,8.4,42.7,48.1,15.2,goal,0.089,74,0.84
84844,9.0,64.9,53.6,1.9,goal,0.872,47,0.84
84844,15.7,48.9,52.5,5.1,save,0.146,7,0.84
84844,9.3,32.9,53.6,3.8,save,0.204,7,0.84
84844,9.3,68.4,47.7,3.8,save,0.077,70,0.84
84844,29.5,67.4,47.2,20.3,save,0.141,58,0.84
84844,27.7,39.5,53.9,27.2,save,0.358,7,0.84
84844,7.3,53.6,49.0,1.9,goal,0.391,80,0.84
84844,15.2,54.2,52.7,0.6,save,0.23,73,0.84
84844,7.6,33.6,46.1,17.7,goal,0.579,71,0.84
84844,7.7,33.6,51.3,1.3,save,0.059,25,0.84
84844,25.3,64.2,47.0,16.5,save,0.118,18,0.84
84844,15.8,61.7,54.1,1.3,goal,0.53,9,0.84
84844,19.1,47.0,53.4,3.2,save,0.247,27,0.84
84844,14.4,26.4,53.7,28.5,save,0.266,5,0.84
84844,12.3,40.3,50.9,19.6,save,0.035,3,0.84
84844,10.2,48.5,50.0,25.3,save,0.037,61,0.84
84844,20.3,38.7,52.2,6.3,save,0.076,36,0.84
84844,9.8,57.3,50.3,32.3,save,0.06,8,0.84
84844,18.5,61.0,50.4,14.6,save,0.019,90,0.84
84844,23.0,44.0,50.6,10.1,save,0.021,63,0.84
84844,1.7,43.0,52.6,5.1,save,0.517,59,0.84
84844,13.0,24.2,52.2,3.8,save,0.068,18,0.84
84844,22.7,57.6,51.3,32.3,save,0.122,8,0.84
84844,6.7,46.7,47.3,3.8,goal,0.658,90,0.84
84844,8.7,69.4,46.0,17.7,save,0.171,88,0.84
84844,9.0,53.4,53.9,21.5,goal,0.465,90,0.84
84844,11.7,54.6,51.2,18.4,save,0.259,45,0.84
84844,12.4,57.6,52.7,12.0,goal,0.145,20,0.84
84844,9.5,51.3,48.0,3.2,goal,0.719,88,0.84
84844,21.2,32.5,50.0,24.1,save,0.024,86,0.84
84844,2.1,59.6,47.7,15.2,save,0.094,78,0.84
84844,22.1,53.1,52.8,20.3,save,0.171,74,0.84
84844,26.6,49.4,50.6,24.7,save,0.038,49,0.84
84844,15.7,49.1,47.3,20.9,goal,0.199,47,0.84
84844,12.9,42.8,50.6,31.6,save,0.073,6,0.84
84844,13.4,69.5,46.1,13.9,save,0.141,90,0.84
84844,23.9,50.6,48.2,5.7,save,0.067,36,0.84
84844,23.8,57.7,47.3,12.7,goal,0.078,11,0.84
84844,11.1,45.2,50.7,15.2,save,0.55,90,0.84
84844,21.2,61.2,47.0,1.9,save,0.191,14,0.84
84844,5.6,48.4,46.4,14.6,goal,0.829,77,0.84
84844,5.4,45.3,46.3,1.9,goal,0.961,46,0.84
84844,6.8,46.0,47.3,1.3,goal,,45,0.84
84844,19.3,59.6,47.5,1.9,save,0.128,34,0.84
84844,28.9,33.4,54.3,1.3,save,0.344,19,0.84
84844,15.7,50.6,46.2,12.0,save,0.257,90,0.84
84844,8.7,54.6,47.1,20.9,goal,0.227,90,0.84
84844,11.9,41.0,46.6,4.4,save,0.717,90,0.84
84844,11.5,50.0,54.4,7.6,goal,0.994,53,0.84
84844,5.2,58.2,47.5,19.0,save,0.636,47,0.84
84844,11.5,50.0,54.2,3.2,goal,0.995,44,0.84
84844,16.4,33.0,51.6,19.0,save,0.046,25,0.84
84844,4.4,51.3,48.0,17.1,goal,0.872,17,0.84
84844,12.5,39.2,52.3,21.5,save,0.2,77,0.84
84844,25.2,34.5,47.5,7.6,save,0.119,76,0.84
84844,2.7,38.0,51.3,12.7,save,0.035,75,0.84
84844,2.8,54.2,48.5,24.7,goal,0.956,60,0.84
84844,11.8,38.6,51.9,5.1,save,0.078,47,0.84
84844,21.5,70.8,49.8,34.2,goal,0.047,37,0.84
84844,14.5,50.9,51.5,19.0,save,0.073,18,0.84
84844,17.0,49.4,47.7,5.7,goal,0.116,8,0.84
84844,3.7,43.7,46.4,8.9,goal,0.97,63,0.84
84844,15.0,44.5,50.5,36.1,save,0.091,45,0.84
84844,13.7,43.1,48.0,1.9,save,0.151,22,0.84
84844,7.8,53.2,52.9,0.6,goal,0.923,17,0.84
84844,8.2,49.6,51.0,34.8,save,0.152,15,0.84
84844,9.3,35.4,53.1,1.9,save,0.579,15,0.84
84844,14.1,55.3,52.6,1.9,goal,0.751,90,0.84
84844,4.4,57.5,49.2,6.3,save,0.048,83,0.84
84844,20.4,56.2,47.5,1.3,save,0.129,74,0.84
84844,7.8,54.0,51.2,20.3,save,0.07,74,0.84
84844,7.7,53.1,50.2,17.1,save,0.025,48,0.84
84844,16.0,52.3,47.7,4.4,save,0.438,22,0.84
84844,5.7,17.3,52.4,17.7,goal,0.075,7,0.84
84844,8.0,54.8,48.1,18.4,save,0.145,85,0.84
84844,7.8,52.0,46.8,5.7,save,0.262,83,0.84
84844,2.7,48.3,51.8,10.8,save,0.844,65,0.84
84844,3.8,44.8,52.9,2.5,save,0.535,65,0.84
84844,10.4,53.6,51.5,6.3,save,0.088,33,0.84
84844,24.1,50.9,47.8,1.9,save,0.113,2,0.84
84844,23.4,54.2,54.2,25.9,goal,0.512,51,0.84
84844,9.5,36.1,53.0,22.2,save,0.19,37,0.84
84844,46.6,64.2,45.8,31.0,save,0.494,72,0.84
84844,5.2,60.6,48.7,3.2,save,0.072,67,0.84
84844,3.8,47.2,54.2,17.7,goal,0.989,62,0.84
84844,21.1,67.4,52.6,4.4,save,0.166,62,0.84
84844,3.5,65.4,46.4,3.8,save,0.5,53,0.84
84844,12.1,65.1,46.9,19.0,save,0.146,45,0.84
84844,4.3,47.4,54.1,22.8,goal,0.944,36,0.84
84844,11.5,50.0,48.1,5.1,save,0.966,36,0.84
84844,7.9,54.2,46.0,2.5,goal,0.485,28,0.84
84844,5.8,74.2,48.0,30.4,save,0.109,13,0.84
158263,5.2,50.0,47.9,11.4,goal,0.323,87,0.88
158263,11.5,50.0,53.3,5.1,save,0.989,87,0.88
158263,8.6,29.9,52.0,4.4,save,0.066,80,0.88
158263,9.4,36.2,52.7,6.3,save,0.463,62,0.88
158263,7.9,41.9,52.2,4.4,save,0.747,45,0.88
158263,6.1,41.5,53.9,10.8,save,0.568,45,0.88
158263,21.6,54.4,51.3,13.9,save,0.036,8,0.88
158263,12.0,26.8,53.1,6.3,save,0.102,3,0.88
158263,14.4,62.6,46.7,0.6,save,0.22,90,0.88
158263,26.9,49.5,46.6,9.5,save,0.191,86,0.88
158263,23.6,52.2,50.2,27.8,save,0.036,82,0.88
158263,3.5,64.8,47.4,18.4,save,0.092,77,0.88
158263,8.4,56.1,53.9,23.4,goal,0.574,48,0.88
158263,3.5,50.8,50.5,0.6,goal,0.937,23,0.88
158263,7.7,32.3,48.1,3.2,save,0.146,23,0.88
158263,1.5,53.2,47.7,5.1,goal,,2,0.88
158263,15.1,33.1,45.8,12.0,save,0.418,84,0.88
158263,20.7,51.9,52.3,4.4,goal,0.118,69,0.88
158263,8.2,61.7,54.0,5.7,goal,0.932,63,0.88
158263,17.6,31.2,53.7,3.2,goal,0.205,54,0.88
158263,2.0,62.8,50.3,6.3,save,0.333,45,0.88
158263,13.9,58.4,52.9,1.9,save,0.265,45,0.88
158263,7.6,53.0,52.2,24.7,goal,0.775,39,0.88
158263,26.2,42.5,49.4,24.1,save,0.04,37,0.88
158263,12.0,44.0,47.7,3.2,goal,0.784,9,0.88
158263,19.3,53.6,47.0,16.5,save,0.163,64,0.88
158263,5.5,50.1,48.1,4.4,save,0.837,40,0.88
158263,4.5,38.0,45.8,2.5,save,0.968,16,0.88
158263,8.0,33.8,50.0,11.4,save,0.014,11,0.88
158263,3.0,59.5,49.1,19.0,save,,90,0.88
158263,2.9,61.2,46.2,15.2,save,0.351,90,0.88
158263,17.5,58.7,50.6,3.2,save,0.037,83,0.88
158263,5.7,43.0,51.4,20.9,save,0.067,62,0.88
158263,11.5,50.0,53.9,22.8,goal,0.994,31,0.88
158263,15.0,25.5,51.8,32.3,save,0.12,16,0.88
158263,14.7,51.9,50.1,2.5,save,0.114,90,0.88
158263,18.7,65.0,53.0,24.7,goal,0.31,81,0.88
158263,13.6,63.6,52.2,2.5,goal,0.16,63,0.88
158263,23.7,62.2,51.0,25.3,save,0.062,55,0.88
158263,25.7,58.1,50.7,5.7,save,0.029,24,0.88
158263,3.7,67.8,49.9,19.0,save,0.022,90,0.88
158263,23.1,46.8,46.8,27.8,goal,0.335,69,0.88
158263,14.9,46.0,45.7,1.3,goal,0.833,62,0.88
158263,14.0,66.3,51.0,1.9,save,0.06,53,0.88
158263,10.2,42.5,50.8,16.5,save,0.411,48,0.88
158263,9.3,67.8,51.2,21.5,save,0.078,48,0.88
158263,4.9,52.3,49.4,30.4,save,0.672,45,0.88
158263,23.9,43.3,53.2,4.4,goal,0.252,45,0.88
158263,8.5,64.4,50.3,2.5,save,0.196,37,0.88
158263,8.4,56.9,48.7,28.5,goal,0.116,11,0.88
158263,20.1,26.5,53.1,0.6,save,0.156,10,0.88
158263,4.3,51.6,48.4,2.5,goal,0.898,68,0.88
158263,8.3,49.2,51.8,8.9,goal,0.419,61,0.88
158263,9.1,48.1,46.1,3.8,goal,0.922,59,0.88
158263,6.9,44.4,50.9,2.5,save,0.051,76,0.88
158263,7.3,57.7,53.2,3.8,goal,0.546,72,0.88
158263,2.7,47.2,49.1,8.2,goal,0.706,66,0.88
158263,1.5,47.0,51.8,1.9,save,0.95,66,0.88
158263,10.4,40.1,45.9,13.9,goal,0.86,90,0.88
158263,20.9,69.3,52.0,8.2,save,0.108,90,0.88
158263,13.3,49.7,51.8,25.3,goal,0.431,90,0.88
158263,10.7,41.5,49.0,25.3,goal,0.37,53,0.88
158263,4.3,50.1,46.8,13.3,goal,0.944,50,0.88
158263,24.9,42.8,53.8,13.9,save,0.247,72,0.88
158263,6.8,47.4,53.9,10.8,goal,0.694,29,0.88
158263,12.2,68.3,51.6,11.4,save,0.067,26,0.88
158263,9.1,54.0,53.4,20.9,save,0.331,20,0.88
158263,8.2,46.7,52.3,3.8,save,0.468,56,0.88
158263,22.6,45.7,52.4,20.9,save,0.12,22,0.88
158263,6.8,45.2,51.7,13.9,save,0.801,15,0.88
158263,8.7,34.9,50.9,29.1,save,0.068,90,0.88
158263,7.5,49.5,48.7,22.8,goal,0.356,86,0.88
158263,18.8,55.9,53.2,1.9,save,0.303,82,0.88
158263,10.6,44.0,47.7,3.2,save,0.365,46,0.88
158263,3.7,49.4,50.7,3.2,goal,0.58,17,0.88
158263,9.9,61.1,48.1,3.8,save,0.574,90,0.88
158263,7.4,35.4,54.0,4.4,save,0.275,79,0.88
158263,5.5,39.1,53.9,3.2,goal,0.565,63,0.88
158263,9.5,56.4,48.5,15.2,save,0.043,39,0.88
158263,18.3,46.8,48.1,21.5,save,0.16,67,0.88
158263,9.2,56.9,52.3,18.4,goal,0.83,48,0.88
158263,1.7,51.8,47.5,13.9,goal,0.968,45,0.88
158263,16.6,52.6,47.8,3.2,save,0.116,45,0.88
158263,14.1,49.3,50.9,3.2,save,0.666,45,0.88
158263,8.5,57.2,49.0,2.5,save,0.718,89,0.88
158263,2.7,55.3,46.9,6.3,goal,,52,0.88
158263,2.5,52.8,49.2,3.2,goal,0.764,36,0.88
158263,6.5,48.2,46.1,4.4,goal,0.679,32,0.88
158263,13.5,71.4,50.8,5.7,save,0.037,30,0.88
158263,12.2,52.1,50.3,3.8,save,0.464,20,0.88
158263,2.7,28.0,45.9,13.3,save,0.586,89,0.88
158263,4.2,58.4,50.1,7.6,save,0.042,77,0.88
158263,4.6,50.9,48.6,12.7,save,0.329,77,0.88
158263,4.6,33.6,52.9,5.1,save,0.236,10,0.88
158263,6.7,45.8,53.6,8.9,goal,0.886,87,0.88
158263,26.0,60.9,50.9,20.3,save,0.043,78,0.88
158263,9.2,53.0,54.6,10.8,goal,0.544,82,0.88
158263,14.7,52.2,50.9,15.2,goal,0.034,71,0.88
158263,7.3,54.9,53.5,6.3,goal,0.872,59,0.88
158263,20.9,63.4,53.7,8.2,save,0.298,57,0.88
158263,14.3,33.7,50.7,18.4,save,0.033,35,0.88
158263,16.1,45.8,47.7,6.3,save,0.125,31,0.88
158263,22.5,61.5,48.5,17.7,save,0.046,11,0.88
158263,10.2,65.8,46.1,5.1,goal,0.21,71,0.88
158263,12.9,67.9,46.8,3.8,save,0.144,48,0.88
158263,21.2,48.7,46.6,2.5,save,0.269,45,0.88
158263,4.9,45.6,52.4,19.6,goal,0.563,31,0.88
158263,18.8,54.0,47.1,5.1,save,0.155,27,0.88
158263,2.9,45.0,52.6,22.8,save,0.259,11,0.88
158263,9.7,36.4,47.7,14.6,save,0.549,11,0.88
158263,9.8,31.8,46.9,20.9,save,0.353,42,0.88
158263,12.4,48.1,53.6,6.3,save,0.314,39,0.88
158263,12.2,67.2,52.0,17.1,save,0.114,32,0.88
158263,8.6,52.5,48.6,16.5,save,0.054,64,0.88
158263,10.3,51.6,53.4,4.4,goal,0.336,45,0.88
158263,12.0,49.8,47.7,4.4,save,0.529,8,0.88
158263,25.5,65.1,50.0,3.2,save,0.019,81,0.88
158263,8.0,53.1,48.4,2.5,goal,0.555,70,0.88
158263,15.8,64.1,54.2,2.5,save,0.539,48,0.88
158263,24.6,30.3,48.4,18.4,save,0.064,45,0.88
158263,20.9,33.5,48.2,24.1,save,0.116,45,0.88
158263,3.6,64.7,46.0,18.4,save,0.226,74,0.88
158263,24.8,55.9,45.2,24.1,save,0.562,73,0.88
158263,9.5,44.3,50.2,8.2,save,0.566,73,0.88
158263,14.4,47.3,54.2,17.1,save,0.389,67,0.88
158263,8.0,30.3,51.1,1.9,save,0.046,55,0.88
158263,15.3,34.4,51.1,24.7,goal,0.051,22,0.88
158263,8.7,32.2,50.3,22.8,save,0.039,7,0.88
158263,14.5,46.4,52.3,22.8,save,0.13,77,0.88
158263,3.8,54.8,47.3,8.2,save,0.931,63,0.88
158263,14.4,47.8,52.3,1.3,goal,0.375,52,0.88
158263,4.5,51.5,48.6,12.0,save,0.775,32,0.88
158263,7.1,29.4,49.7,27.8,save,0.054,27,0.88
158263,9.8,33.7,52.3,5.1,save,0.082,16,0.88
158263,15.0,49.0,53.6,1.9,goal,0.678,10,0.88
158263,11.5,30.0,46.8,3.2,save,0.388,90,0.88
158263,6.5,27.5,48.7,24.7,save,0.125,80,0.88
158263,21.2,76.7,54.3,4.4,goal,0.548,56,0.88
158263,21.0,67.8,53.0,6.3,save,0.214,14,0.88
158263,8.4,47.9,51.3,8.2,save,0.073,90,0.88
158263,2.3,49.8,49.7,13.3,goal,,83,0.88
158263,8.8,38.4,50.6,1.3,save,0.222,50,0.88
158263,12.7,34.5,52.8,5.1,save,0.324,75,0.88
158263,2.9,58.6,47.1,5.7,save,0.619,47,0.88
158263,10.2,39.2,53.2,8.2,save,0.669,24,0.88
158263,24.1,68.8,49.3,2.5,save,0.032,5,0.88
158263,19.4,68.2,50.3,31.6,save,0.05,83,0.88
158263,4.2,54.7,47.8,14.6,goal,0.816,50,0.88
158263,9.4,42.7,49.6,17.1,save,0.28,6,0.88
158263,27.3,42.7,45.8,8.2,save,0.346,84,0.88
158263,11.7,59.2,47.3,3.2,save,0.548,72,0.88
158263,3.7,55.3,46.7,7.0,goal,0.881,53,0.88
158263,13.2,53.8,52.4,12.0,save,0.078,59,0.88
158263,8.7,56.9,53.0,20.3,goal,0.381,47,0.88
158263,6.4,66.9,49.7,27.2,save,0.042,74,0.88
158263,2.4,45.4,51.0,18.4,goal,0.478,55,0.88
158263,6.8,67.0,50.7,5.1,save,0.041,45,0.88
158263,1.9,49.6,48.7,19.6,goal,,22,0.88
158263,17.2,33.2,45.8,13.3,goal,0.394,3,0.88
158263,22.5,36.1,47.7,19.0,save,0.119,83,0.88
158263,8.7,40.2,49.0,22.2,save,0.46,82,0.88
158263,14.6,53.6,50.1,5.7,goal,0.09,47,0.88
158263,28.1,73.6,46.0,10.8,save,0.202,90,0.88
158263,9.1,40.4,45.8,15.2,goal,0.954,90,0.88
158263,7.4,52.8,52.8,10.1,save,0.81,81,0.88
158263,2.9,30.8,50.4,27.2,save,0.042,80,0.88
158263,8.9,48.0,47.4,24.7,goal,0.778,77,0.88
158263,18.1,32.4,49.7,3.8,save,0.024,62,0.88
158263,12.5,60.6,48.2,0.6,save,0.302,60,0.88
158263,7.5,35.8,47.4,12.7,goal,0.54,58,0.88
158263,9.0,50.6,47.6,0.6,goal,0.324,16,0.88
158263,9.3,35.3,53.6,16.5,save,0.681,8,0.88
158263,6.5,50.2,53.7,17.7,goal,0.898,6,0.88
158263,22.7,53.0,53.7,15.8,save,0.247,6,0.88
158263,9.0,40.2,52.9,14.6,save,0.117,60,0.88
158263,3.1,66.5,47.8,2.5,save,0.084,45,0.88
103335,7.7,57.5,47.6,32.9,save,0.226,45,1.0
103335,9.7,39.9,50.1,1.3,save,0.351,13,1.0
103335,11.5,50.0,46.3,1.3,goal,0.994,90,1.0
103335,16.6,36.8,54.3,12.0,save,0.241,81,1.0
103335,2.0,42.5,49.1,2.5,goal,0.192,71,1.0
103335,15.3,53.6,53.9,2.5,goal,0.41,59,1.0
103335,24.8,56.7,53.7,1.9,save,0.344,58,1.0
103335,6.3,65.8,45.8,8.2,save,0.191,53,1.0
103335,21.0,60.1,50.3,29.1,save,0.043,28,1.0
103335,22.8,53.4,46.4,15.8,save,0.218,25,1.0
103335,13.3,48.9,52.6,1.9,goal,0.527,13,1.0
103335,19.5,43.9,46.6,5.7,save,0.402,89,1.0
103335,18.9,80.1,52.8,4.4,goal,0.269,55,1.0
103335,11.5,50.0,47.3,1.9,goal,0.985,45,1.0
103335,7.8,32.7,52.9,3.2,save,0.325,32,1.0
103335,14.1,70.6,48.9,7.6,save,0.03,30,1.0
103335,7.6,57.5,51.1,7.0,save,0.677,15,1.0
103335,9.2,33.2,48.0,3.2,goal,0.162,72,1.0
103335,9.4,26.0,52.3,2.5,save,0.076,68,1.0
103335,20.1,58.8,53.9,3.2,save,0.391,64,1.0
103335,5.5,34.2,53.8,5.1,save,0.174,60,1.0
103335,19.1,52.2,46.0,18.4,goal,0.318,53,1.0
103335,15.6,30.1,54.2,31.6,save,0.41,34,1.0
103335,23.4,40.1,53.9,32.3,goal,0.56,32,1.0
103335,22.3,54.3,54.4,28.5,goal,0.594,87,1.0
103335,20.8,58.2,50.6,4.4,save,0.036,72,1.0
103335,10.5,64.6,52.4,4.4,save,0.201,70,1.0
103335,23.8,37.4,53.2,4.4,save,0.157,29,1.0
103335,11.7,40.0,46.9,5.1,goal,0.646,45,1.0
103335,28.0,47.8,54.0,9.5,goal,0.244,19,1.0
103335,14.7,46.8,50.9,8.2,save,0.136,16,1.0
103335,10.7,39.8,46.8,5.7,goal,0.356,9,1.0
103335,7.9,63.8,52.3,13.3,save,0.176,90,1.0
103335,13.8,64.8,52.8,5.7,save,0.217,90,1.0
103335,13.3,47.4,53.3,5.1,goal,0.247,81,1.0
103335,28.4,42.5,49.3,17.1,save,0.026,55,1.0
103335,12.6,34.2,48.4,14.6,save,0.068,51,1.0
103335,3.9,59.5,48.1,6.3,save,0.063,68,1.0
103335,9.8,51.7,51.6,16.5,save,0.065,41,1.0
103335,26.3,33.1,48.6,7.0,save,0.05,19,1.0
103335,8.9,43.2,51.6,20.9,save,0.065,16,1.0
103335,21.6,36.1,54.0,18.4,save,0.242,84,1.0
103335,13.0,50.9,50.0,3.2,goal,,67,1.0
103335,9.8,33.9,52.5,6.3,save,0.415,59,1.0
103335,5.2,57.3,48.9,26.6,goal,0.233,52,1.0
103335,21.3,64.8,53.5,26.6,save,0.421,90,1.0
103335,9.4,41.7,50.4,2.5,save,0.038,90,1.0
103335,23.2,59.6,52.6,12.0,save,0.094,71,1.0
103335,4.8,29.1,54.3,8.9,save,0.137,69,1.0
103335,12.3,34.2,51.3,1.9,save,0.169,27,1.0
103335,4.3,52.5,50.7,13.9,goal,0.444,70,1.0
103335,7.3,49.4,51.3,2.5,goal,0.231,68,1.0
103335,6.8,52.6,47.8,22.8,goal,0.7,58,1.0
103335,12.5,44.0,49.9,27.8,save,0.041,34,1.0
103335,18.8,67.7,52.3,10.1,save,0.088,67,1.0
103335,25.1,47.4,46.5,3.8,save,0.258,55,1.0
103335,7.6,46.6,53.4,6.3,goal,0.338,50,1.0
103335,15.6,33.1,54.0,25.3,save,0.33,30,1.0
103335,15.6,58.5,52.1,7.0,goal,0.395,56,1.0
103335,10.7,61.1,50.3,4.4,save,0.38,45,1.0
103335,8.6,57.3,53.6,1.3,goal,0.909,23,1.0
103335,26.8,49.9,53.1,7.6,save,0.154,90,1.0
103335,7.8,46.0,51.8,30.4,save,0.184,90,1.0
103335,27.6,50.0,47.2,5.7,save,0.137,90,1.0
103335,3.7,51.6,49.7,24.7,goal,0.917,89,1.0
103335,13.6,28.7,47.5,14.6,save,0.142,89,1.0
103335,5.4,29.6,47.8,22.2,save,0.212,73,1.0
103335,20.7,36.0,46.2,19.6,save,0.376,71,1.0
103335,19.4,36.0,46.4,17.7,save,0.323,41,1.0
103335,17.8,38.0,48.3,9.5,save,0.062,87,1.0
103335,6.8,29.1,52.8,19.6,save,0.085,80,1.0
103335,9.6,67.5,50.0,11.4,save,0.05,62,1.0
103335,10.5,55.1,52.3,8.2,save,0.102,47,1.0
103335,22.2,28.0,50.4,5.1,save,0.024,2,1.0
103335,26.4,49.9,50.3,8.2,save,0.019,40,1.0
103335,27.0,40.0,52.6,4.4,save,0.117,17,1.0
103335,6.9,45.8,52.7,3.2,goal,0.288,90,1.0
103335,7.8,52.1,54.1,15.2,goal,0.884,71,1.0
103335,7.7,50.9,49.7,13.3,save,0.037,47,1.0
103335,24.0,30.7,51.5,5.7,save,0.044,12,1.0
103335,23.1,49.4,53.3,1.9,goal,0.251,66,1.0
103335,24.6,46.0,46.5,20.9,goal,0.299,47,1.0
103335,22.3,48.4,45.8,19.0,goal,0.368,90,1.0
103335,9.6,75.0,49.0,10.1,save,0.023,90,1.0
103335,11.5,50.0,48.1,3.2,goal,0.97,62,1.0
103335,8.6,34.8,49.3,2.5,goal,0.206,44,1.0
103335,7.9,54.8,49.0,7.0,save,0.066,33,1.0
103335,2.6,53.8,52.9,12.7,goal,0.987,5,1.0
103335,10.7,33.8,47.1,5.7,save,0.326,5,1.0
103335,16.1,62.4,47.4,2.5,save,0.131,90,1.0
103335,11.5,50.0,46.4,8.2,goal,0.989,45,1.0
103335,21.1,64.8,48.1,4.4,save,0.069,29,1.0
103335,9.4,32.5,51.3,6.3,save,0.039,81,1.0
103335,8.0,60.1,49.7,7.0,save,0.214,66,1.0
103335,12.2,53.6,50.3,4.4,save,0.043,65,1.0
103335,7.9,53.8,51.1,4.4,save,0.368,39,1.0
103335,22.9,72.1,45.2,2.5,save,0.358,11,1.0
103335,31.6,57.9,53.2,27.2,save,0.338,6,1.0
103335,4.1,37.2,50.3,4.4,save,0.025,90,1.0
103335,0.8,48.0,52.6,12.0,goal,0.984,82,1.0
103335,3.3,43.8,51.0,13.3,save,0.11,82,1.0
103335,4.2,53.5,46.6,3.2,goal,0.977,64,1.0
103335,7.4,63.2,53.2,2.5,goal,0.819,57,1.0
103335,21.2,47.9,47.9,12.0,save,0.062,52,1.0
103335,13.0,32.6,47.1,15.2,save,0.214,52,1.0
103335,26.8,62.4,47.8,22.8,save,0.101,50,1.0
103335,4.8,45.5,51.9,12.7,save,0.589,43,1.0
103335,8.7,44.4,49.8,13.9,save,0.018,33,1.0
103335,17.5,56.9,53.3,3.2,save,0.293,73,1.0
103335,4.4,50.6,46.8,16.5,goal,0.981,64,1.0
103335,13.1,68.9,50.8,21.5,save,0.047,53,1.0
103335,19.0,48.8,45.5,1.9,goal,0.554,42,1.0
103335,15.1,50.3,50.8,22.8,save,0.051,38,1.0
103335,4.3,50.4,49.2,7.0,goal,,27,1.0
103335,10.0,50.0,49.9,20.9,save,0.195,6,1.0
103335,6.7,35.1,50.1,2.5,save,0.028,78,1.0
103335,11.5,50.0,49.2,21.5,goal,0.929,75,1.0
103335,10.7,67.8,48.7,16.5,save,0.045,72,1.0
103335,11.7,71.9,47.4,3.8,save,0.096,60,1.0
103335,9.1,39.6,51.0,13.3,save,0.023,54,1.0
103335,6.8,44.5,53.9,3.2,goal,0.674,22,1.0
103335,15.4,44.3,53.2,10.1,goal,0.152,88,1.0
103335,20.6,74.5,45.5,15.2,save,0.21,88,1.0
103335,18.9,49.4,45.8,27.8,goal,0.572,87,1.0
103335,3.7,48.5,51.9,19.0,save,0.416,84,1.0
103335,24.3,34.3,49.6,12.0,save,0.015,71,1.0
103335,15.7,50.3,52.2,5.7,save,0.108,58,1.0
103335,14.7,22.9,51.6,12.7,save,0.029,55,1.0
103335,30.9,49.7,50.5,8.2,save,0.019,52,1.0
103335,6.3,66.9,49.9,7.0,save,0.063,45,1.0
103335,23.4,38.3,46.2,29.7,goal,0.518,39,1.0
103335,0.4,52.8,47.6,13.3,goal,,20,1.0
103335,19.4,48.7,49.1,18.4,save,0.036,8,1.0
103335,19.7,51.6,51.6,14.6,save,0.051,3,1.0
103335,8.4,38.9,47.1,1.9,goal,0.713,54,1.0
103335,15.2,46.6,46.1,24.7,goal,0.463,36,1.0
103335,11.6,25.4,50.2,2.5,save,0.023,34,1.0
103335,18.7,50.5,50.1,1.9,save,0.025,31,1.0
103335,23.4,49.5,49.6,22.2,save,0.033,27,1.0
103335,22.1,58.3,51.2,10.8,save,0.03,90,1.0
103335,7.7,34.5,48.3,3.2,save,0.353,82,1.0
103335,12.5,67.2,46.4,8.2,save,0.14,40,1.0
103335,17.9,54.0,53.7,4.4,goal,0.35,26,1.0
103335,3.2,58.8,51.0,3.8,save,0.203,8,1.0
103335,26.3,49.0,53.2,17.1,save,0.167,7,1.0
103335,26.8,41.0,47.4,3.8,save,0.181,83,1.0
103335,12.0,64.3,46.1,2.5,save,0.259,71,1.0
103335,12.2,35.5,52.0,15.2,save,0.058,48,1.0
103335,18.9,43.6,46.2,18.4,save,0.355,33,1.0
103335,15.0,37.5,45.8,1.9,save,0.634,86,1.0
103335,17.4,67.8,50.9,22.2,save,0.056,48,1.0
103335,27.6,73.0,47.7,12.7,save,0.058,32,1.0
103335,9.3,42.6,50.6,24.1,save,0.306,63,1.0
103335,26.5,56.2,51.9,20.3,save,0.084,55,1.0
103335,11.7,53.8,50.7,1.3,goal,0.286,19,1.0
103335,9.8,42.5,49.9,4.4,goal,0.14,18,1.0
103335,13.1,44.3,53.7,16.5,save,0.194,88,1.0
103335,3.8,52.6,50.1,1.9,goal,,68,1.0
103335,8.2,47.5,50.3,12.0,save,0.018,48,1.0
103335,5.1,45.5,50.1,15.8,save,0.034,90,1.0
103335,15.9,67.1,47.4,28.5,save,0.17,90,1.0
103335,9.3,48.5,48.7,3.8,goal,0.358,72,1.0
103335,11.5,50.0,46.2,0.6,goal,0.994,70,1.0
103335,23.6,60.6,50.0,5.1,save,0.017,58,1.0
103335,9.3,69.9,49.7,15.8,save,0.018,48,1.0
103335,22.8,66.9,51.1,26.6,save,0.073,44,1.0
103335,12.4,37.5,51.5,3.8,save,0.063,40,1.0
103335,5.8,30.3,54.2,1.9,save,0.207,32,1.0
103335,13.7,39.8,49.8,1.3,save,0.031,18,1.0
103335,12.7,45.8,53.9,0.6,goal,0.463,90,1.0
103335,11.5,50.0,54.3,23.4,goal,0.996,70,1.0
103335,14.7,53.0,52.5,1.9,goal,0.684,58,1.0
103335,12.2,54.4,54.3,8.9,goal,0.376,45,1.0
103335,6.9,51.0,47.9,2.5,goal,0.862,31,1.0
103335,3.3,43.5,48.1,13.9,save,0.675,48,1.0
103335,10.1,29.7,53.7,4.4,save,0.195,4,1.0
103335,14.7,54.9,51.9,15.2,save,0.07,90,1.0
103335,9.1,56.9,50.7,19.0,save,0.037,85,1.0
103335,3.6,57.2,45.8,12.7,save,0.346,85,1.0
103335,19.4,34.0,48.4,12.7,save,0.051,67,1.0
103335,15.7,52.4,48.8,1.3,save,0.091,45,1.0
103335,9.5,47.8,53.1,3.8,save,0.908,42,1.0
103335,14.9,70.0,48.9,24.7,save,0.055,41,1.0
103335,3.8,50.5,51.3,13.3,save,0.917,34,1.0
103335,12.8,53.0,52.5,1.9,save,0.836,5,1.0
103335,7.0,42.1,51.7,6.3,save,0.128,90,1.0
103335,3.6,48.7,51.9,3.8,goal,0.962,90,1.0
103335,11.5,50.0,54.4,1.3,goal,0.996,66,1.0
103335,15.4,49.3,50.0,32.9,save,0.053,54,1.0
103335,12.8,57.3,46.4,1.3,goal,0.691,44,1.0
103335,22.9,58.2,52.9,1.3,save,0.218,28,1.0
103335,7.0,48.5,52.1,27.2,save,0.309,24,1.0
103335,8.3,58.8,49.8,2.5,save,0.047,15,1.0
171919,7.3,68.9,51.2,4.4,save,0.07,80,0.96
171919,7.3,43.6,50.9,24.7,save,0.059,51,0.96
171919,15.1,67.7,47.4,21.5,save,0.111,35,0.96
171919,8.0,54.3,53.9,20.9,goal,0.471,89,0.96
171919,30.9,57.6,50.8,24.1,save,0.043,45,0.96
171919,12.6,69.2,47.1,16.5,save,0.092,45,0.96
171919,21.3,38.7,50.3,17.1,save,0.018,20,0.96
171919,7.4,52.0,51.0,16.5,goal,0.145,77,0.96
171919,18.4,34.4,46.6,0.6,save,0.511,77,0.96
171919,14.4,48.7,52.2,3.2,save,0.412,45,0.96
171919,12.6,57.9,54.4,0.6,goal,0.885,38,0.96
171919,6.7,56.4,46.4,0.6,goal,0.827,36,0.96
171919,23.8,57.3,50.3,1.3,save,0.03,25,0.96
171919,5.7,47.4,54.0,30.4,goal,0.921,21,0.96
171919,8.4,64.2,48.5,9.5,goal,0.527,90,0.96
171919,13.9,46.6,53.9,7.6,save,0.293,45,0.96
171919,9.4,25.2,53.9,12.0,save,0.102,11,0.96
171919,9.3,56.7,53.3,25.3,goal,0.473,60,0.96
171919,9.2,44.2,45.8,7.6,goal,0.873,90,0.96
171919,25.4,37.2,47.1,1.9,save,0.226,81,0.96
171919,14.3,54.6,52.0,12.7,save,0.266,54,0.96
171919,21.4,27.0,47.0,10.1,save,0.18,50,0.96
171919,27.4,37.4,46.2,10.1,save,0.255,42,0.96
171919,15.7,42.3,51.3,21.5,save,0.05,86,0.96
171919,24.2,29.1,50.6,24.7,save,0.035,81,0.96
171919,10.8,47.1,50.7,17.7,save,0.033,49,0.96
171919,23.4,34.0,45.7,1.9,save,0.531,45,0.96
171919,18.8,37.0,49.3,7.0,save,0.03,34,0.96
171919,12.2,33.0,53.2,3.8,save,0.161,33,0.96
171919,2.9,44.9,53.9,22.8,goal,0.548,80,0.96
171919,13.1,57.3,46.0,8.2,goal,0.276,46,0.96
171919,7.4,50.1,47.6,1.3,goal,0.577,39,0.96
171919,8.0,52.8,47.7,23.4,save,0.16,65,0.96
171919,8.9,38.3,49.0,1.9,save,0.538,10,0.96
171919,18.7,56.3,53.5,4.4,save,0.33,89,0.96
171919,3.6,54.5,48.8,25.9,goal,0.207,83,0.96
171919,26.9,47.1,53.0,3.8,save,0.174,83,0.96
171919,7.1,29.7,49.2,4.4,save,0.047,41,0.96
171919,7.4,51.4,54.1,5.1,goal,0.451,35,0.96
171919,6.0,51.5,46.9,31.0,goal,0.865,86,0.96
171919,9.1,43.6,54.5,1.9,save,0.47,67,0.96
171919,27.0,50.0,54.0,3.2,save,0.345,41,0.96
171919,13.9,45.2,51.8,1.3,save,0.119,24,0.96
171919,10.7,47.0,52.9,5.7,goal,0.391,19,0.96
171919,10.2,50.9,46.8,30.4,save,0.383,74,0.96
171919,22.3,67.5,49.4,4.4,save,0.026,73,0.96
171919,13.3,61.3,49.6,7.0,save,0.025,67,0.96
171919,11.1,62.2,52.5,3.2,goal,0.675,62,0.96
171919,12.3,34.3,51.6,13.3,save,0.037,45,0.96
171919,11.5,50.0,54.4,15.8,goal,0.994,10,0.96
171919,12.5,81.0,52.0,19.6,save,0.176,66,0.96
171919,6.9,68.9,52.9,12.7,save,0.222,61,0.96
171919,6.7,56.2,46.8,1.9,save,0.562,44,0.96
171919,8.7,58.5,53.5,14.6,save,0.338,14,0.96
171919,12.5,35.2,48.6,15.2,save,0.058,14,0.96
171919,18.7,61.7,53.6,12.7,save,0.384,90,0.96
171919,14.6,46.6,52.3,6.3,goal,0.455,86,0.96
171919,11.0,42.5,46.7,3.8,goal,0.785,68,0.96
171919,9.3,52.6,53.5,1.3,goal,0.95,55,0.96
171919,15.2,50.7,49.9,23.4,goal,0.344,35,0.96
171919,14.4,68.3,50.1,31.6,save,0.046,21,0.96
171919,3.7,62.7,48.1,18.4,save,0.34,10,0.96
171919,13.0,55.0,46.3,5.1,save,0.298,10,0.96
171919,14.8,48.5,50.5,3.8,save,0.033,90,0.96
171919,4.9,38.8,51.6,4.4,save,0.643,90,0.96
171919,15.9,33.2,48.2,32.9,save,0.212,88,0.96
171919,7.3,67.7,52.3,1.9,save,0.234,84,0.96
171919,19.7,48.8,53.2,1.3,goal,0.819,71,0.96
171919,25.4,61.7,52.3,22.8,save,0.14,45,0.96
171919,13.5,39.1,53.5,19.0,save,0.201,44,0.96
171919,5.2,38.9,53.2,3.2,save,0.143,36,0.96
171919,27.5,37.7,47.4,35.4,save,0.332,35,0.96
171919,20.7,79.7,51.2,2.5,save,0.059,3,0.96
171919,25.8,46.2,51.8,2.5,save,0.078,74,0.96
171919,25.1,43.5,45.9,27.2,goal,0.507,69,0.96
171919,5.1,49.6,52.9,14.6,goal,0.768,63,0.96
171919,19.7,65.6,50.3,14.6,save,0.016,33,0.96
171919,10.9,52.4,53.6,10.1,goal,0.86,7,0.96
171919,12.7,31.6,54.3,14.6,goal,0.203,5,0.96
171919,7.7,47.0,46.8,13.3,goal,0.569,65,0.96
171919,26.5,30.1,49.9,23.4,save,0.024,38,0.96
171919,22.7,51.0,45.7,14.6,goal,0.311,3,0.96
171919,8.0,29.8,51.0,2.5,save,0.039,90,0.96
171919,7.0,48.3,47.4,12.7,goal,0.841,56,0.96
171919,2.5,54.8,47.8,4.4,goal,0.95,49,0.96
171919,3.6,44.7,51.3,4.4,goal,0.859,48,0.96
171919,18.1,34.0,54.2,1.3,save,0.307,21,0.96
171919,14.4,47.3,50.2,8.9,save,0.02,85,0.96
171919,10.2,46.7,52.9,3.8,goal,0.638,70,0.96
171919,17.9,37.6,49.0,5.1,save,0.045,64,0.96
171919,21.2,67.3,52.9,25.3,save,0.296,57,0.96
171919,8.7,51.8,45.9,10.1,goal,0.643,53,0.96
171919,9.9,51.5,47.4,2.5,goal,0.235,45,0.96
171919,20.4,35.6,46.0,8.2,save,0.398,45,0.96
171919,21.8,58.7,48.9,5.1,save,0.039,44,0.96
171919,8.0,67.9,47.3,5.1,save,0.097,30,0.96
171919,18.5,46.8,52.6,17.1,save,0.149,26,0.96
171919,13.2,46.0,46.0,11.4,save,0.288,24,0.96
171919,12.5,59.1,51.9,1.9,save,0.625,23,0.96
171919,28.8,61.8,52.1,24.1,save,0.121,14,0.96
171919,23.7,43.4,45.7,3.8,save,0.445,14,0.96
171919,20.9,67.5,46.1,24.7,save,0.296,10,0.96
171919,8.3,31.5,52.6,14.6,save,0.066,89,0.96
171919,13.8,45.4,52.6,6.3,goal,0.416,79,0.96
171919,10.6,44.7,52.2,3.8,goal,0.526,28,0.96
171919,3.3,47.9,50.8,5.1,goal,0.955,14,0.96
171919,5.2,54.6,48.0,22.2,goal,0.166,13,0.96
171919,14.6,50.4,51.3,8.9,save,0.049,72,0.96
171919,14.5,48.9,54.1,1.3,goal,0.444,58,0.96
171919,14.7,63.0,50.2,13.9,save,0.02,58,0.96
171919,8.7,42.3,47.6,3.2,goal,0.643,39,0.96
171919,22.1,39.8,50.6,12.7,save,0.017,16,0.96
171919,2.5,57.6,52.6,19.0,goal,0.793,14,0.96
171919,19.2,50.5,45.8,3.8,save,0.378,81,0.96
171919,21.8,72.6,53.6,9.5,save,0.274,63,0.96
171919,5.1,54.9,54.4,10.1,goal,0.632,52,0.96
171919,10.5,68.3,46.1,6.3,save,0.206,49,0.96
171919,8.8,45.2,48.7,8.9,save,0.058,35,0.96
171919,16.6,35.2,46.1,6.3,goal,0.42,31,0.96
171919,8.9,53.9,47.4,29.7,save,0.249,17,0.96
171919,17.9,57.4,48.3,22.8,save,0.084,80,0.96
171919,25.3,34.3,48.4,8.2,save,0.053,59,0.96
171919,8.9,52.9,50.1,14.6,save,0.16,56,0.96
171919,15.8,73.5,54.0,27.2,goal,0.634,45,0.96
171919,5.1,51.5,47.6,16.5,goal,0.242,85,0.96
171919,4.5,43.1,54.3,19.6,goal,0.706,77,0.96
171919,23.4,52.7,48.7,23.4,save,0.065,45,0.96
171919,28.3,50.7,51.2,24.7,save,0.061,16,0.96
171919,10.1,46.6,51.5,3.2,save,0.131,4,0.96
171919,19.2,30.6,53.1,15.2,save,0.095,89,0.96
171919,23.2,25.8,45.7,12.7,save,0.408,88,0.96
171919,17.8,41.2,45.5,14.6,goal,0.438,74,0.96
171919,8.0,57.5,47.4,13.9,goal,0.4,62,0.96
171919,25.5,57.0,47.6,22.8,save,0.127,45,0.96
171919,8.4,60.9,53.6,6.3,goal,0.799,39,0.96
171919,18.8,33.0,52.3,10.1,save,0.063,32,0.96
171919,8.4,50.3,51.4,11.4,save,0.047,27,0.96
171919,3.9,66.4,46.4,1.3,save,0.164,16,0.96
171919,24.4,44.3,50.6,20.9,save,0.033,4,0.96
171919,2.2,43.1,52.9,4.4,goal,0.479,89,0.96
171919,13.8,31.2,49.0,4.4,save,0.047,85,0.96
171919,7.3,46.4,49.4,27.2,save,0.512,42,0.96
171919,16.7,47.2,53.0,27.2,save,0.284,40,0.96
171919,17.9,48.8,52.3,0.6,goal,0.149,76,0.96
171919,18.8,57.1,46.2,24.1,save,0.353,45,0.96
171919,9.3,49.4,49.3,2.5,save,0.504,19,0.96
171919,23.5,64.7,53.3,5.7,save,0.254,12,0.96
171919,1.0,42.1,48.4,0.6,goal,0.842,26,0.96
171919,12.5,60.8,53.8,15.2,goal,0.368,19,0.96
171919,11.8,45.1,50.2,15.2,goal,0.275,71,0.96
171919,3.6,48.8,53.3,7.6,goal,0.691,67,0.96
171919,18.8,46.0,51.8,7.6,save,0.062,52,0.96
171919,46.4,24.4,50.0,17.1,save,0.013,51,0.96
171919,14.0,43.7,49.0,3.2,save,0.221,21,0.96
171919,8.6,42.5,47.4,20.3,goal,0.267,6,0.96
171919,11.7,39.7,49.1,30.4,goal,0.085,65,0.96
171919,11.0,39.2,52.1,3.8,save,0.097,90,0.96
171919,14.7,43.5,48.8,3.8,save,0.061,90,0.96
171919,26.1,21.5,54.0,12.0,save,0.153,89,0.96
171919,27.7,49.7,53.0,17.1,save,0.163,71,0.96
171919,27.7,36.1,49.9,1.3,save,0.023,53,0.96
171919,9.0,29.9,53.2,2.5,save,0.158,37,0.96
171919,2.5,65.2,48.1,2.5,goal,0.063,76,0.96
171919,2.8,59.8,46.5,6.3,save,0.199,70,0.96
171919,10.2,50.1,47.6,4.4,save,0.13,70,0.96
171919,22.6,65.5,47.1,29.7,save,0.291,68,0.96
171919,23.1,53.2,51.5,2.5,save,0.068,13,0.96
171919,4.0,51.3,50.5,14.6,goal,0.884,77,0.96
171919,10.4,71.5,46.1,11.4,save,0.12,49,0.96
171919,9.5,59.3,49.6,5.7,save,0.092,45,0.96
171919,10.3,34.8,51.7,2.5,goal,0.09,30,0.96
171919,6.4,53.2,47.8,2.5,save,0.864,19,0.96
171919,11.5,50.0,45.8,27.8,goal,0.997,64,0.96
171919,2.9,43.1,50.4,12.7,save,0.033,28,0.96
171919,8.1,52.8,50.2,24.7,save,0.038,83,0.96
171919,8.5,65.5,51.3,15.2,save,0.063,64,0.96
171919,8.6,34.9,52.9,3.2,save,0.127,60,0.96
171919,16.0,36.1,50.0,2.5,save,0.022,47,0.96
171919,22.2,44.3,53.2,0.6,goal,0.236,45,0.96
171919,4.3,49.6,48.4,24.1,goal,0.623,11,0.96
171919,1.2,69.3,46.6,1.9,save,0.124,90,0.96
171919,24.6,38.2,48.2,2.5,save,0.091,58,0.96
553606,20.7,38.5,49.8,10.8,save,0.105,90,1.0
553606,20.1,58.7,49.8,7.6,save,0.017,72,1.0
553606,22.0,55.6,53.6,31.6,goal,0.51,59,1.0
553606,9.1,46.4,53.3,7.0,goal,0.202,50,1.0
553606,9.1,60.5,51.0,17.1,save,0.073,47,1.0
553606,2.2,47.0,52.5,0.6,goal,0.987,45,1.0
553606,9.1,52.1,51.3,3.2,save,0.438,45,1.0
553606,9.6,65.7,49.9,16.5,save,0.019,44,1.0
553606,23.3,35.6,49.6,12.7,save,0.016,37,1.0
553606,1.7,42.3,52.7,3.8,save,0.212,22,1.0
553606,2.6,55.5,47.0,19.6,goal,0.733,16,1.0
553606,7.5,66.1,48.8,3.2,save,0.048,9,1.0
553606,17.8,59.3,49.6,5.7,save,0.034,45,1.0
553606,10.8,59.5,50.3,7.6,goal,0.105,25,1.0
553606,4.1,42.2,50.6,27.2,save,0.219,5,1.0
553606,4.0,34.5,50.4,24.1,save,0.04,90,1.0
553606,11.5,50.0,52.7,26.6,goal,0.989,90,1.0
553606,2.2,47.8,52.1,1.3,goal,0.981,51,1.0
553606,13.9,46.2,46.5,12.7,save,0.228,47,1.0
553606,8.1,42.3,51.2,24.1,save,0.482,16,1.0
553606,21.9,36.0,47.0,19.6,save,0.301,7,1.0
553606,6.9,56.8,49.8,0.6,save,0.392,53,1.0
553606,3.8,46.9,51.6,17.1,goal,0.225,38,1.0
553606,10.9,57.7,53.0,0.6,goal,0.438,27,1.0
553606,2.9,56.6,45.8,20.9,goal,,15,1.0
553606,20.9,82.0,51.0,34.2,save,0.134,87,1.0
553606,8.8,53.4,52.0,21.5,goal,0.171,72,1.0
553606,9.8,43.3,48.0,27.8,goal,0.215,24,1.0
553606,2.4,38.5,53.8,1.3,save,0.228,21,1.0
553606,9.8,57.5,48.3,7.0,save,0.587,60,1.0
553606,17.4,51.7,52.8,19.0,save,0.185,48,1.0
553606,28.8,64.8,47.9,29.1,save,0.159,37,1.0
553606,4.1,49.0,51.5,24.7,goal,0.369,19,1.0
553606,21.5,56.9,47.1,18.4,save,0.152,83,1.0
553606,4.6,47.6,49.3,24.7,save,0.422,51,1.0
553606,18.5,49.7,50.6,5.7,save,0.028,38,1.0
553606,15.2,51.8,47.1,3.2,save,0.21,34,1.0
553606,10.8,58.3,52.3,1.3,goal,0.557,27,1.0
553606,14.4,30.3,49.5,22.2,save,0.036,19,1.0
553606,8.0,45.1,47.4,20.3,goal,0.204,87,1.0
553606,5.1,32.9,54.0,15.2,save,0.135,63,1.0
553606,7.6,42.1,49.0,5.1,goal,0.65,51,1.0
553606,8.6,42.1,49.0,20.3,goal,0.401,32,1.0
553606,12.8,47.2,53.6,11.4,goal,0.953,30,1.0
553606,21.5,41.6,45.7,22.8,goal,0.633,59,1.0
553606,2.4,42.7,51.4,8.2,save,0.13,84,1.0
553606,16.3,32.2,46.9,15.8,save,0.32,90,1.0
553606,2.0,51.1,46.2,2.5,goal,0.993,61,1.0
553606,3.8,62.2,49.4,2.5,save,0.04,60,1.0
553606,6.9,59.5,53.7,8.9,goal,0.439,49,1.0
553606,8.8,60.7,52.7,1.9,goal,0.57,42,1.0
553606,14.7,62.6,51.3,4.4,save,0.086,25,1.0
553606,7.0,66.1,48.1,13.9,save,0.15,11,1.0
553606,20.9,41.2,54.4,3.8,save,0.339,65,1.0
553606,24.2,38.6,46.1,4.4,save,0.376,50,1.0
553606,11.3,39.3,45.9,4.4,goal,0.549,3,1.0
553606,6.6,35.1,46.2,19.0,save,0.546,29,1.0
553606,11.5,50.0,53.2,10.8,goal,0.982,17,1.0
553606,13.3,69.6,53.9,21.5,save,0.574,1,1.0
553606,11.4,34.0,53.1,17.7,save,0.114,81,1.0
553606,13.3,49.0,51.4,19.6,goal,0.591,63,1.0
553606,12.9,50.9,50.4,17.7,save,0.104,56,1.0
553606,7.3,51.8,54.5,24.1,goal,0.652,42,1.0
553606,18.5,43.8,47.8,11.4,save,0.076,15,1.0
553606,10.7,74.2,50.8,17.7,save,0.039,6,1.0
553606,24.3,66.7,46.6,11.4,save,0.115,5,1.0
553606,12.4,38.9,46.2,1.3,goal,0.538,40,1.0
553606,11.1,38.5,53.1,32.9,goal,0.331,3,1.0
553606,8.3,44.3,50.9,30.4,save,0.116,90,1.0
553606,11.4,59.1,54.1,2.5,goal,0.941,67,1.0
553606,13.0,49.5,48.6,17.1,save,0.053,45,1.0
553606,8.5,56.2,45.9,2.5,goal,0.525,15,1.0
553606,8.5,66.4,48.1,13.3,save,0.256,15,1.0
553606,1.4,52.8,46.8,11.4,goal,0.965,90,1.0
553606,10.0,51.6,49.4,1.9,save,0.215,88,1.0
553606,4.8,54.5,48.8,6.3,save,0.084,45,1.0
553606,0.8,50.5,49.7,7.0,goal,0.962,30,1.0
553606,4.9,38.2,52.3,24.1,save,0.393,90,1.0
553606,15.1,33.4,47.7,27.8,save,0.28,84,1.0
553606,12.9,69.5,53.5,1.3,goal,0.421,82,1.0
553606,11.3,39.5,53.1,3.2,save,0.214,45,1.0
553606,15.4,55.4,46.3,3.2,save,0.294,42,1.0
553606,26.0,52.8,47.1,11.4,save,0.1,35,1.0
553606,8.6,45.6,52.6,19.6,save,0.4,16,1.0
553606,14.8,50.9,52.5,5.7,save,0.128,4,1.0
553606,11.5,50.0,45.9,15.2,goal,0.992,76,1.0
553606,21.7,29.7,46.1,23.4,goal,0.473,63,1.0
553606,4.2,51.4,46.8,20.9,save,0.59,49,1.0
553606,11.1,38.0,47.8,24.7,save,0.74,45,1.0
553606,11.5,50.0,53.1,3.2,goal,0.988,24,1.0
553606,14.3,31.0,49.0,6.3,save,0.043,17,1.0
553606,12.0,58.9,50.0,30.4,goal,0.185,11,1.0
553606,9.3,45.9,48.4,5.7,save,0.539,6,1.0
553606,7.2,33.0,49.1,18.4,save,0.149,5,1.0
553606,29.7,33.8,49.8,1.3,save,0.024,90,1.0
553606,13.4,42.1,46.4,1.3,goal,0.434,84,1.0
553606,4.5,58.7,51.0,15.8,save,0.055,50,1.0
553606,8.6,53.7,46.2,15.8,save,0.251,7,1.0
553606,2.6,48.5,50.8,34.2,save,0.796,87,1.0
553606,7.3,47.4,52.8,2.5,goal,0.866,74,1.0
553606,13.2,35.8,47.0,3.8,save,0.302,56,1.0
553606,7.9,55.8,46.1,20.3,goal,0.883,52,1.0
553606,26.0,58.9,52.8,1.9,save,0.193,25,1.0
553606,8.2,50.1,52.3,15.8,save,0.115,90,1.0
553606,15.3,44.9,52.9,2.5,goal,0.487,90,1.0
553606,12.9,60.7,52.2,2.5,save,0.444,33,1.0
553606,3.3,53.7,47.7,3.2,save,0.392,84,1.0
553606,8.1,53.2,53.5,1.3,goal,0.944,90,1.0
553606,7.7,40.5,54.2,13.9,goal,0.647,90,1.0
553606,8.0,49.1,54.5,24.1,save,0.659,45,1.0
553606,6.3,71.3,52.9,1.3,save,0.368,33,1.0
553606,21.8,59.2,53.1,10.8,save,0.173,81,1.0
553606,23.3,62.3,45.9,27.2,save,0.483,70,1.0
553606,14.4,55.5,52.3,3.2,goal,0.17,61,1.0
553606,18.9,59.2,53.2,3.2,save,0.279,52,1.0
553606,9.2,52.0,46.0,17.7,goal,0.386,45,1.0
553606,10.1,52.7,52.7,0.6,goal,0.81,81,1.0
553606,20.3,46.0,46.2,24.1,save,0.425,46,1.0
553606,6.8,47.2,54.0,7.0,goal,0.925,31,1.0
553606,8.1,51.0,53.9,13.3,goal,,9,1.0
553606,12.7,35.0,52.0,1.3,save,0.092,6,1.0
553606,7.1,34.9,54.2,25.9,save,0.325,87,1.0
553606,10.5,58.6,50.5,17.1,save,0.242,84,1.0
553606,12.7,50.7,46.0,22.2,save,0.367,12,1.0
553606,13.4,33.6,48.2,12.7,goal,0.069,90,1.0
553606,15.1,51.6,47.4,3.8,save,0.168,7,1.0
553606,14.7,69.3,46.3,13.9,save,0.133,6,1.0
553606,10.0,46.4,50.9,7.0,save,0.616,68,1.0
553606,18.4,33.5,46.1,22.2,save,0.464,51,1.0
553606,9.0,44.0,46.6,1.9,save,0.458,11,1.0
553606,20.8,48.5,54.4,1.9,save,0.425,90,1.0
553606,11.5,50.0,49.7,22.2,goal,0.903,54,1.0
553606,24.1,60.8,53.0,14.6,save,0.157,37,1.0
553606,7.7,52.0,46.1,16.5,goal,,26,1.0
553606,4.4,65.4,47.1,8.9,save,0.33,16,1.0
553606,3.0,36.7,50.3,16.5,save,0.02,14,1.0
553606,25.0,16.4,48.8,14.6,save,0.036,78,1.0
553606,8.2,53.6,51.0,17.1,goal,0.072,45,1.0
553606,4.1,34.2,50.4,19.0,save,0.027,13,1.0
553606,8.3,43.3,53.0,17.1,save,0.189,13,1.0
553606,19.5,41.9,48.7,4.4,save,0.065,67,1.0
553606,4.9,33.5,51.6,17.7,save,0.063,60,1.0
553606,18.2,33.2,49.9,0.6,save,0.03,67,1.0
553606,19.7,34.2,47.7,21.5,save,0.157,41,1.0
553606,6.3,44.3,51.2,17.1,save,0.078,35,1.0
553606,8.6,36.8,45.5,1.3,goal,0.788,90,1.0
553606,8.1,50.9,50.3,22.2,save,0.055,82,1.0
553606,13.2,57.3,51.9,29.1,save,0.83,56,1.0
553606,8.0,46.8,49.1,0.6,goal,0.596,4,1.0
553606,35.6,47.8,54.2,15.2,save,0.282,90,1.0
553606,10.0,36.1,45.5,1.3,goal,0.752,73,1.0
553606,14.2,43.1,50.6,12.0,save,0.021,67,1.0
553606,10.4,49.5,47.9,24.1,save,0.137,45,1.0
553606,13.7,51.5,47.4,1.9,save,0.221,23,1.0
553606,14.5,51.0,52.6,13.3,save,0.116,58,1.0
553606,13.0,23.2,46.4,16.5,save,0.391,58,1.0
553606,12.6,40.9,51.3,1.9,goal,0.078,36,1.0
553606,11.5,50.0,53.2,4.4,goal,0.989,27,1.0
553606,14.2,51.3,48.4,20.3,save,0.072,18,1.0
553606,6.8,31.2,53.2,13.9,save,0.088,16,1.0
553606,24.5,34.2,50.5,20.9,save,0.026,90,1.0
553606,18.8,48.5,52.6,6.3,save,0.129,80,1.0
553606,8.3,48.2,51.5,27.2,save,0.16,56,1.0
553606,6.7,59.6,52.9,6.3,save,0.924,13,1.0
553606,11.1,58.8,50.1,37.3,save,0.063,9,1.0
553606,13.5,31.0,47.9,1.9,save,0.158,5,1.0
243609,7.4,32.2,47.1,3.2,save,0.331,87,0.74
243609,23.4,38.7,51.3,3.8,save,0.046,85,0.74
243609,12.4,49.1,53.6,3.8,goal,0.769,77,0.74
243609,7.6,56.6,51.1,0.6,goal,0.384,72,0.74
243609,23.1,51.9,50.4,5.7,save,0.022,63,0.74
243609,9.9,52.6,47.7,1.3,save,0.366,54,0.74
243609,13.6,34.2,51.3,24.1,save,0.06,90,0.74
243609,18.3,51.4,47.3,14.6,goal,0.126,88,0.74
243609,19.2,51.8,46.4,5.1,goal,0.273,85,0.74
243609,14.2,54.0,51.5,7.0,save,0.07,69,0.74
243609,15.4,48.3,53.2,10.8,goal,0.2,12,0.74
243609,22.0,64.2,53.9,5.1,save,0.47,85,0.74
243609,13.9,56.1,49.5,19.0,save,,68,0.74
243609,15.4,34.6,54.4,14.6,save,0.292,17,0.74
243609,3.7,51.2,51.1,15.2,save,0.772,74,0.74
243609,21.0,47.0,48.8,0.6,save,0.074,42,0.74
243609,7.4,47.0,50.0,1.9,goal,0.247,14,0.74
243609,15.0,35.6,51.9,2.5,save,0.077,1,0.74
243609,8.2,37.6,46.8,12.0,save,0.247,90,0.74
243609,21.6,54.6,46.1,3.8,save,0.308,89,0.74
243609,12.9,52.8,54.0,3.2,goal,0.459,45,0.74
243609,4.5,60.8,48.6,1.3,save,0.074,41,0.74
243609,24.7,49.4,50.0,1.3,save,0.026,25,0.74
243609,4.8,41.9,53.2,8.9,goal,0.137,58,0.74
243609,25.3,69.3,46.8,32.3,save,0.287,57,0.74
243609,15.1,60.9,53.8,4.4,save,0.43,55,0.74
243609,8.4,43.5,53.7,5.7,goal,0.374,27,0.74
243609,9.5,64.6,47.2,14.6,save,0.077,20,0.74
243609,4.6,54.4,49.1,25.3,save,0.225,17,0.74
243609,7.8,48.4,45.7,22.8,goal,0.868,77,0.74
243609,14.1,36.1,46.4,23.4,save,0.446,77,0.74
243609,14.6,26.5,50.9,2.5,save,0.035,67,0.74
243609,9.8,51.2,45.6,17.7,goal,0.396,43,0.74
243609,18.5,52.7,53.9,1.3,save,0.395,43,0.74
243609,16.0,67.9,53.5,24.7,save,0.442,31,0.74
243609,9.9,50.1,50.7,15.2,save,0.041,16,0.74
243609,20.8,52.1,51.7,1.9,save,0.087,14,0.74
243609,10.7,45.0,50.9,12.0,save,0.022,82,0.74
243609,13.2,40.6,45.8,3.8,save,0.502,81,0.74
243609,15.1,42.7,46.0,19.6,goal,0.441,2,0.74
243609,4.1,44.5,51.5,1.9,goal,,58,0.74
243609,20.2,24.9,53.6,15.2,save,0.158,54,0.74
243609,15.9,69.0,46.0,3.2,save,0.236,45,0.74
243609,4.8,54.8,47.7,5.7,save,0.616,1,0.74
243609,14.3,37.3,49.6,2.5,save,0.047,90,0.74
243609,12.7,36.0,51.2,16.5,save,0.05,74,0.74
243609,13.9,35.2,46.1,19.0,goal,0.468,67,0.74
243609,10.2,64.5,48.1,17.7,save,0.325,63,0.74
243609,42.4,51.6,46.1,5.7,goal,0.259,50,0.74
243609,12.8,33.8,54.3,2.5,save,0.335,81,0.74
243609,16.4,52.8,46.6,1.9,save,0.818,23,0.74
243609,13.5,27.8,53.2,3.2,save,0.135,78,0.74
243609,6.7,62.0,48.1,2.5,save,0.318,58,0.74
243609,18.1,43.0,50.4,22.2,save,0.038,39,0.74
243609,1.6,53.2,46.7,3.2,goal,0.972,23,0.74
243609,23.1,43.2,51.6,24.1,save,0.077,8,0.74
243609,12.8,31.3,49.8,5.1,save,0.024,3,0.74
243609,15.7,51.1,49.4,1.9,save,0.146,64,0.74
243609,13.1,52.8,46.5,25.3,goal,0.295,45,0.74
243609,8.0,37.2,48.9,0.6,save,0.562,10,0.74
243609,13.5,39.8,52.6,10.1,save,0.093,1,0.74
243609,5.6,54.9,48.2,16.5,save,0.285,90,0.74
243609,6.4,43.3,50.2,14.6,goal,0.288,75,0.74
243609,13.2,46.0,51.4,5.7,save,0.066,75,0.74
243609,12.5,43.6,54.1,26.6,save,0.427,36,0.74
243609,13.6,66.0,52.2,2.5,save,0.197,20,0.74
243609,19.6,28.6,50.4,22.8,save,0.041,18,0.74
243609,22.9,41.6,48.4,1.9,save,0.075,84,0.74
243609,3.0,56.7,46.7,24.1,goal,0.849,12,0.74
243609,7.7,30.3,49.7,2.5,save,0.031,12,0.74
243609,21.3,66.8,52.5,3.8,save,0.16,39,0.74
243609,18.1,52.6,49.3,7.0,save,0.029,73,0.74
243609,10.8,40.9,45.9,3.8,goal,0.554,71,0.74
243609,28.2,34.6,49.8,9.5,save,0.014,45,0.74
243609,4.3,31.5,50.8,1.9,goal,0.038,90,0.74
243609,9.4,48.7,51.1,17.1,save,0.31,84,0.74
243609,15.1,51.7,49.7,1.9,goal,0.125,67,0.74
243609,9.2,63.4,51.2,11.4,save,0.201,39,0.74
243609,18.2,56.2,52.0,1.9,save,0.12,38,0.74
243609,9.5,56.6,49.0,19.0,goal,0.301,14,0.74
243609,16.0,51.1,48.7,9.5,save,0.351,14,0.74
243609,8.4,45.1,53.2,17.1,goal,0.223,4,0.74
243609,3.6,57.7,51.5,19.0,save,0.129,2,0.74
243609,5.5,51.3,54.2,10.8,goal,0.542,81,0.74
243609,28.6,48.5,51.0,4.4,save,0.036,70,0.74
243609,12.3,35.0,46.8,7.6,goal,0.816,54,0.74
243609,9.1,43.2,49.5,10.1,save,0.421,12,0.74
243609,6.7,45.0,52.9,10.8,save,0.18,90,0.74
243609,21.5,55.2,50.0,1.3,save,0.023,61,0.74
243609,11.5,50.0,48.2,2.5,goal,0.967,57,0.74
243609,9.8,46.0,51.7,9.5,save,0.467,27,0.74
243609,9.5,61.3,49.4,12.7,save,0.096,67,0.74
243609,6.4,53.4,48.1,30.4,save,0.228,78,0.74
243609,21.9,31.6,48.3,32.3,save,0.229,50,0.74
243609,16.0,39.0,47.4,12.0,save,0.586,32,0.74
243609,4.0,43.3,51.2,7.0,save,0.604,79,0.74
243609,23.1,57.1,46.4,1.9,save,0.258,44,0.74
243609,14.0,41.3,47.1,1.3,goal,0.624,27,0.74
243609,20.1,69.7,45.4,15.2,save,0.234,27,0.74
243609,14.1,66.4,48.8,1.9,save,0.05,11,0.74
243609,4.2,54.5,47.7,12.7,goal,0.607,80,0.74
243609,12.1,31.2,48.1,1.3,save,0.158,78,0.74
243609,9.5,54.0,54.1,14.6,save,0.362,45,0.74
243609,4.1,46.1,51.7,1.3,goal,0.449,45,0.74
243609,4.8,41.7,53.2,4.4,goal,0.21,24,0.74
243609,8.8,54.6,49.3,13.9,save,0.026,1,0.74
243609,11.2,25.0,51.9,10.1,save,0.038,90,0.74
243609,8.2,70.9,46.2,17.1,save,0.138,90,0.74
243609,10.0,41.8,49.1,9.5,save,0.43,65,0.74
243609,22.3,31.0,49.1,8.9,save,0.029,53,0.74
243609,18.8,25.5,53.2,1.3,save,0.153,5,0.74
243609,20.6,30.2,53.4,1.3,save,0.192,78,0.74
243609,5.1,49.1,51.3,10.1,save,0.208,55,0.74
243609,8.4,51.0,53.6,1.3,goal,0.388,42,0.74
243609,9.5,47.8,53.2,1.3,save,0.644,6,0.74
243609,4.6,54.0,47.2,29.1,goal,,90,0.74
243609,7.7,41.5,52.6,8.9,save,0.089,90,0.74
243609,25.9,44.5,51.7,10.8,save,0.043,58,0.74
243609,14.7,46.7,51.6,31.6,save,0.435,51,0.74
243609,18.4,64.9,54.1,21.5,save,0.525,49,0.74
243609,24.7,28.5,46.4,5.7,save,0.337,45,0.74
243609,7.8,36.3,52.3,29.7,save,0.177,41,0.74
243609,7.1,46.9,51.0,3.8,goal,0.473,36,0.74
243609,22.1,59.7,52.6,18.4,save,0.141,30,0.74
243609,4.3,49.6,52.8,9.5,goal,0.866,78,0.74
243609,9.3,59.4,49.0,10.8,save,0.352,49,0.74
243609,27.1,62.6,48.3,3.2,goal,0.064,20,0.74
243609,7.1,65.1,47.4,5.1,save,0.102,90,0.74
243609,24.0,43.0,52.3,5.1,save,0.091,89,0.74
243609,19.1,31.2,49.4,15.8,save,0.024,54,0.74
243609,7.0,44.5,53.4,1.4,save,0.427,47,0.74
243609,14.2,55.0,47.6,26.6,save,0.174,36,0.74
243609,14.3,44.2,49.5,4.4,goal,0.249,25,0.74
243609,24.4,53.6,46.5,1.9,save,0.259,16,0.74
243609,13.9,30.8,50.3,13.3,save,0.016,16,0.74
243609,7.9,45.5,48.4,12.7,save,0.089,63,0.74
243609,10.1,52.8,49.4,12.0,save,0.02,62,0.74
243609,6.1,60.2,48.4,24.7,save,0.102,48,0.74
243609,54.6,70.7,50.3,1.9,save,0.024,35,0.74
243609,3.6,65.7,48.8,0.6,goal,0.051,7,0.74
243609,7.4,33.5,50.7,6.3,save,0.183,71,0.74
243609,8.8,31.4,52.4,13.9,save,0.169,55,0.74
243609,4.8,49.4,54.2,6.3,goal,0.856,37,0.74
243609,7.0,55.3,49.9,1.9,save,0.229,16,0.74
243609,14.9,47.0,47.0,0.6,save,0.323,90,0.74
243609,26.9,48.9,49.8,31.0,save,0.042,90,0.74
243609,8.6,56.8,51.3,24.7,save,0.607,84,0.74
243609,22.6,42.3,48.7,1.9,save,0.065,45,0.74
243609,12.5,64.1,53.1,13.3,goal,0.219,3,0.74
254491,8.8,33.8,52.6,8.2,goal,0.274,53,0.82
254491,8.4,54.8,54.2,3.2,save,0.637,57,0.82
254491,15.6,53.8,50.2,1.9,save,0.203,86,0.82
254491,1.4,65.3,46.8,3.2,save,0.215,80,0.82
254491,3.0,60.1,46.8,4.4,save,0.722,71,0.82
254491,3.5,53.8,49.9,3.2,save,0.643,49,0.82
254491,14.5,53.7,49.1,32.3,save,0.103,6,0.82
254491,7.6,53.6,48.5,32.9,goal,0.248,42,0.82
254491,10.2,64.5,51.2,16.5,save,0.055,38,0.82
254491,11.3,26.6,48.1,1.9,save,0.146,46,0.82
254491,8.8,53.6,51.6,24.1,save,0.109,19,0.82
254491,18.4,34.4,48.1,3.8,save,0.102,3,0.82
254491,20.3,19.6,46.5,31.6,save,0.561,87,0.82
254491,12.3,69.0,47.0,18.4,save,0.12,15,0.82
254491,7.1,31.1,51.3,27.2,save,0.072,86,0.82
254491,4.4,41.1,51.4,3.8,save,0.174,25,0.82
254491,3.2,40.3,49.4,22.2,save,0.052,56,0.82
254491,13.3,40.9,52.3,29.1,save,0.687,55,0.82
254491,6.3,30.2,46.0,1.3,goal,0.976,20,0.82
254491,15.1,29.1,50.3,1.9,save,0.025,90,0.82
254491,4.6,46.8,49.0,12.0,goal,0.59,86,0.82
254491,23.2,45.4,50.4,3.2,save,0.027,81,0.82
254491,13.3,64.0,52.2,1.3,goal,0.716,4,0.82
254491,8.5,40.7,47.3,1.3,goal,0.792,81,0.82
254491,3.9,36.6,47.4,3.2,save,0.44,80,0.82
254491,26.5,42.1,52.9,29.1,goal,0.275,8,0.82
254491,6.4,68.5,49.9,5.7,save,0.02,89,0.82
254491,18.2,72.0,52.3,6.3,save,0.126,80,0.82
254491,6.7,49.7,50.1,15.8,save,0.259,71,0.82
254491,18.9,32.7,46.4,4.4,save,0.35,65,0.82
254491,11.5,50.0,54.0,22.2,goal,0.995,50,0.82
254491,29.8,56.7,53.1,3.8,save,0.236,45,0.82
254491,10.6,49.1,48.7,15.2,save,0.064,90,0.82
254491,3.6,34.2,53.5,1.9,save,0.154,56,0.82
254491,7.9,49.3,51.3,0.6,save,0.483,56,0.82
254491,10.9,41.0,46.4,14.6,goal,0.965,42,0.82
254491,8.4,51.2,50.3,3.2,save,0.425,23,0.82
254491,18.1,30.1,46.5,0.6,save,0.446,13,0.82
254491,11.6,53.6,53.8,13.9,save,0.269,43,0.82
254491,10.9,34.2,51.0,10.1,save,0.152,16,0.82
254491,2.7,41.5,52.2,19.0,save,0.09,67,0.82
254491,25.9,61.5,52.2,7.6,save,0.089,51,0.82
254491,20.9,66.7,46.8,12.7,save,0.098,45,0.82
254491,19.8,34.3,49.0,31.6,save,0.098,9,0.82
254491,10.8,48.3,49.9,7.6,save,0.204,67,0.82
254491,9.5,54.8,51.6,11.4,save,0.066,56,0.82
254491,13.1,64.6,48.3,3.8,save,0.565,41,0.82
254491,13.1,30.2,46.0,10.1,goal,0.475,37,0.82
254491,13.8,38.7,45.6,19.0,goal,0.686,35,0.82
254491,2.0,51.6,46.4,3.8,goal,0.994,90,0.82
254491,17.8,54.2,51.1,12.0,save,0.03,82,0.82
254491,21.7,56.4,48.5,7.6,save,0.045,64,0.82
254491,8.4,42.5,51.2,31.0,save,0.095,78,0.82
254491,12.8,59.4,54.3,1.3,goal,0.941,21,0.82
254491,4.9,64.2,51.9,1.9,save,0.22,8,0.82
254491,11.7,63.6,51.0,29.1,save,0.094,33,0.82
254491,5.7,46.6,49.7,1.3,goal,0.527,29,0.82
254491,16.0,66.7,51.3,29.1,save,0.108,44,0.82
254491,9.0,56.4,51.9,11.4,save,0.068,42,0.82
254491,3.6,53.0,47.1,19.0,save,0.976,78,0.82
254491,17.7,54.5,46.9,28.5,goal,0.299,74,0.82
254491,5.6,31.5,49.9,10.8,save,0.015,45,0.82
254491,22.3,31.3,51.3,24.7,save,0.053,24,0.82
254491,26.3,40.4,51.9,28.5,save,0.126,22,0.82
254491,12.8,67.9,52.2,24.1,save,0.177,7,0.82
254491,14.3,66.3,47.7,0.6,save,0.109,6,0.82
254491,3.5,46.2,52.3,25.9,goal,0.844,45,0.82
254491,27.4,53.4,50.6,25.3,save,0.042,33,0.82
254491,11.5,50.0,54.2,0.6,goal,0.996,90,0.82
254491,3.3,47.9,51.2,13.3,goal,0.867,76,0.82
254491,11.5,50.0,54.1,22.2,goal,0.995,90,0.82
254491,9.5,52.4,51.6,1.9,goal,0.585,67,0.82
254491,27.0,46.7,48.1,1.3,save,0.1,67,0.82
254491,11.0,47.0,52.8,1.9,save,0.923,60,0.82
254491,15.3,47.2,52.3,5.1,save,0.113,44,0.82
254491,3.3,49.1,51.6,3.8,goal,0.948,37,0.82
254491,4.8,60.9,52.4,12.7,goal,0.145,29,0.82
254491,22.5,35.1,47.7,26.6,save,0.261,28,0.82
254491,22.3,55.8,49.5,21.5,save,0.03,19,0.82
254491,15.2,62.9,53.6,1.9,goal,0.446,80,0.82
254491,8.8,49.1,48.6,19.6,save,0.071,61,0.82
254491,7.6,57.7,52.3,22.2,save,0.19,16,0.82
254491,7.5,52.8,53.3,34.8,goal,0.589,90,0.82
254491,18.4,49.6,54.2,5.1,goal,0.372,69,0.82
254491,23.2,29.7,51.3,1.3,save,0.05,53,0.82
254491,9.3,65.5,50.4,12.0,goal,0.174,6,0.82
254491,9.8,43.5,53.2,3.8,goal,0.708,73,0.82
254491,22.2,36.0,51.2,7.6,save,0.214,69,0.82
254491,5.4,33.9,50.7,3.2,save,0.037,12,0.82
254491,23.2,29.5,51.6,2.5,save,0.055,48,0.82
254491,16.0,49.8,50.7,32.9,save,0.09,45,0.82
254491,15.7,49.9,49.7,0.6,save,0.034,2,0.82
254491,19.7,44.7,53.2,1.9,save,0.201,90,0.82
254491,10.6,31.6,48.7,8.2,save,0.065,90,0.82
254491,4.6,68.0,45.5,12.0,save,0.135,71,0.82
254491,6.8,46.4,47.8,17.1,goal,0.786,66,0.82
254491,3.7,60.1,47.4,20.3,goal,,13,0.82
254491,18.4,33.6,51.9,3.8,goal,0.079,86,0.82
254491,8.5,30.1,53.4,15.8,save,0.112,51,0.82
254491,10.2,64.2,53.4,7.0,goal,0.36,85,0.82
254491,7.6,60.3,45.9,27.2,save,0.424,74,0.82
254491,9.9,56.3,50.1,24.1,save,0.28,60,0.82
254491,1.1,46.8,53.1,7.6,goal,0.972,33,0.82
254491,4.4,52.0,51.1,12.0,save,0.296,33,0.82
254491,8.6,48.4,46.3,7.0,save,0.323,61,0.82
254491,7.1,46.4,46.3,10.1,goal,0.863,36,0.82
254491,18.9,60.0,46.8,6.3,save,0.154,35,0.82
254491,11.4,32.8,50.1,5.7,save,0.02,18,0.82
254491,24.6,29.5,47.4,10.8,save,0.11,70,0.82
980643,9.7,66.2,53.5,1.9,save,0.479,90,0.74
980643,10.0,64.0,49.0,13.9,save,0.153,90,0.74
980643,20.4,63.6,54.1,17.7,save,0.412,68,0.74
980643,4.8,45.2,51.0,20.9,goal,0.81,55,0.74
980643,11.5,50.0,52.6,0.6,save,0.986,52,0.74
980643,14.4,45.8,53.3,1.3,goal,0.324,40,0.74
980643,29.2,57.0,48.0,12.7,save,0.048,38,0.74
980643,10.1,58.9,53.2,1.3,goal,0.444,35,0.74
980643,9.8,63.6,49.2,16.5,save,0.139,25,0.74
980643,3.3,52.6,48.0,0.6,goal,0.973,19,0.74
980643,7.9,58.1,47.5,7.6,save,0.376,19,0.74
980643,10.2,49.3,51.8,16.5,save,0.067,86,0.74
980643,15.8,49.8,53.9,1.9,goal,0.434,82,0.74
980643,12.8,50.4,47.1,19.6,save,0.21,80,0.74
980643,12.2,69.8,52.6,8.2,save,0.18,68,0.74
980643,10.6,47.0,52.3,25.3,save,0.182,66,0.74
980643,7.9,42.3,49.9,0.6,save,0.507,59,0.74
980643,11.8,68.2,47.0,19.0,goal,0.12,32,0.74
980643,18.5,53.6,50.8,6.3,save,0.033,22,0.74
980643,10.5,68.4,46.6,3.2,save,0.309,7,0.74
980643,15.6,34.8,50.0,5.7,save,0.022,77,0.74
980643,21.4,71.8,53.0,6.3,save,0.212,66,0.74
980643,22.1,30.9,48.6,23.4,save,0.074,55,0.74
980643,8.6,43.3,52.5,2.5,save,0.156,46,0.74
980643,9.4,52.4,54.0,4.4,goal,0.916,14,0.74
980643,4.5,43.7,53.0,17.1,goal,0.692,2,0.74
980643,5.8,65.2,47.1,1.9,save,0.174,90,0.74
980643,22.5,29.7,49.6,20.9,save,0.026,61,0.74
980643,15.3,65.0,48.7,3.2,save,0.049,60,0.74
980643,10.7,39.1,54.0,1.9,save,0.317,55,0.74
980643,12.2,36.6,46.8,16.5,goal,0.335,52,0.74
980643,15.3,51.7,53.1,30.4,save,0.405,49,0.74
980643,21.5,41.3,50.5,1.9,save,0.031,37,0.74
980643,8.8,68.1,46.3,32.9,save,0.346,33,0.74
980643,9.9,43.6,54.2,16.5,save,0.314,26,0.74
980643,5.2,34.2,52.2,3.2,save,0.51,18,0.74
980643,6.6,49.7,50.5,2.5,save,0.424,8,0.74
980643,17.5,51.9,52.8,8.9,save,0.165,90,0.74
980643,22.0,53.8,48.8,22.8,save,0.056,90,0.74
980643,10.2,55.0,52.0,10.1,save,0.092,90,0.74
980643,23.2,67.7,49.2,18.4,save,0.028,82,0.74
980643,13.8,42.3,46.2,1.9,goal,0.79,79,0.74
980643,15.4,37.4,50.7,30.4,save,0.06,69,0.74
980643,10.8,59.1,49.4,8.2,save,0.323,51,0.74
980643,5.4,42.7,50.6,7.0,save,0.358,50,0.74
980643,24.8,67.9,46.4,13.3,save,0.121,16,0.74
980643,17.6,49.9,52.9,19.0,save,0.158,8,0.74
980643,8.8,43.4,49.0,7.6,save,0.577,53,0.74
980643,9.6,46.4,46.4,17.7,goal,0.368,45,0.74
980643,4.6,32.9,51.2,12.7,save,0.025,75,0.74
980643,8.0,35.8,50.4,8.9,save,0.204,59,0.74
980643,18.1,53.2,50.0,21.5,goal,0.023,45,0.74
980643,20.0,34.4,50.3,24.1,save,0.029,83,0.74
980643,23.1,64.0,53.4,17.7,save,0.259,80,0.74
980643,6.8,47.0,50.5,3.8,goal,,79,0.74
980643,20.9,59.6,50.5,34.8,save,0.075,59,0.74
980643,22.7,32.9,54.0,18.4,save,0.291,42,0.74
980643,23.7,53.8,48.7,9.5,save,0.036,36,0.74
980643,17.8,43.6,51.3,25.3,save,0.084,24,0.74
980643,4.1,60.8,48.2,3.2,save,0.09,21,0.74
980643,3.2,65.6,45.8,2.5,save,0.211,21,0.74
980643,15.5,62.7,50.5,16.5,goal,0.031,88,0.74
980643,9.9,63.3,48.7,10.8,save,0.045,56,0.74
980643,7.3,58.9,50.5,22.8,goal,0.469,13,0.74
980643,8.0,44.7,49.1,10.1,goal,0.054,90,0.74
980643,10.8,45.2,49.4,15.8,save,0.034,81,0.74
980643,25.0,62.9,51.6,12.7,save,0.046,60,0.74
980643,13.6,46.4,52.4,0.6,goal,0.694,46,0.74
980643,11.3,55.4,51.5,2.5,save,0.082,87,0.74
980643,10.1,54.0,54.6,7.0,goal,0.506,83,0.74
980643,9.7,50.7,50.3,6.3,save,0.032,83,0.74
980643,14.7,39.7,50.6,11.4,save,0.021,45,0.74
980643,6.9,33.8,49.6,8.2,save,0.027,25,0.74
980643,8.0,35.0,53.9,1.9,save,0.234,89,0.74
980643,14.1,43.5,45.7,2.5,goal,0.906,78,0.74
980643,11.1,68.0,46.8,5.1,save,0.13,76,0.74
980643,18.3,46.8,51.0,8.9,save,0.032,75,0.74
980643,23.4,45.4,51.0,8.2,save,0.035,69,0.74
980643,9.7,43.6,53.2,1.9,save,0.766,63,0.74
980643,5.5,66.9,47.5,11.4,save,0.374,45,0.74
980643,11.5,50.0,49.9,16.5,goal,0.839,44,0.74
980643,9.1,50.4,47.2,3.8,save,0.198,39,0.74
980643,14.1,42.2,50.0,5.1,save,0.03,34,0.74
980643,18.1,49.3,52.8,19.0,save,0.16,24,0.74
980643,7.1,55.0,49.7,10.1,save,0.646,19,0.74
980643,13.4,42.2,53.9,29.1,save,0.466,9,0.74
980643,15.4,49.3,50.4,5.1,save,0.301,90,0.74
980643,7.0,47.4,54.3,15.2,goal,0.385,79,0.74
980643,8.3,52.4,48.0,10.1,save,0.102,75,0.74
980643,13.5,36.8,47.0,16.5,save,0.246,71,0.74
980643,3.5,54.0,46.0,8.9,goal,0.956,52,0.74
980643,8.5,58.3,47.7,15.8,save,0.07,49,0.74
980643,12.9,49.3,45.5,11.4,save,0.368,45,0.74
980643,14.2,40.7,50.3,4.4,save,0.027,44,0.74
980643,7.0,52.2,49.3,7.6,save,0.399,38,0.74
980643,6.8,47.4,50.3,10.1,goal,0.026,31,0.74
980643,22.5,66.0,47.1,19.6,save,0.169,90,0.74
980643,5.1,36.2,46.0,13.3,save,0.474,85,0.74
980643,9.5,43.5,51.3,14.6,goal,0.076,78,0.74
980643,9.8,59.3,52.3,8.9,goal,0.144,66,0.74
980643,9.0,65.6,47.1,27.8,goal,0.232,47,0.74
980643,11.5,50.0,45.8,3.8,goal,0.995,41,0.74
980643,17.9,49.1,45.7,4.4,goal,0.427,4,0.74
980643,11.5,50.0,46.3,17.7,goal,0.991,79,0.74
980643,2.9,57.7,47.6,3.8,goal,0.598,72,0.74
980643,7.1,42.9,48.0,7.0,goal,0.121,68,0.74
980643,13.1,72.5,45.6,21.5,save,0.26,67,0.74
980643,21.2,38.9,51.2,3.2,save,0.046,47,0.74
980643,3.8,42.1,53.2,15.8,save,0.149,28,0.74
980643,17.2,53.0,46.5,0.6,goal,0.322,46,0.74
980643,9.1,30.1,50.6,19.0,save,0.028,27,0.74
980643,9.5,53.9,54.1,0.6,goal,0.672,22,0.74
980643,4.4,50.0,51.6,24.7,goal,0.847,16,0.74
980643,22.2,32.3,46.0,12.7,save,0.304,70,0.74
980643,12.4,61.3,46.1,12.0,save,0.165,60,0.74
980643,7.9,50.8,49.5,34.8,save,0.1,57,0.74
980643,15.4,32.3,47.4,3.8,save,0.192,56,0.74
980643,6.6,33.6,54.5,18.4,save,0.25,34,0.74
980643,19.2,61.3,47.6,10.1,goal,0.18,21,0.74
980643,2.3,42.5,51.1,22.8,goal,0.081,17,0.74
980643,4.2,64.2,48.1,15.2,save,0.047,86,0.74
980643,4.2,58.8,47.6,15.2,save,0.071,72,0.74
980643,18.5,36.1,48.2,18.4,save,0.084,43,0.74
980643,12.8,58.9,50.9,16.5,save,0.048,14,0.74
980643,12.9,60.9,46.4,19.0,save,0.211,13,0.74
980643,2.9,37.5,46.0,1.9,goal,0.812,90,0.74
980643,6.4,33.5,46.6,4.4,save,0.709,88,0.74
980643,8.3,65.2,52.3,15.8,save,0.165,42,0.74
980643,18.5,47.7,54.2,5.1,save,0.356,40,0.74
980643,15.0,49.9,46.8,10.1,save,0.173,28,0.74
980643,5.4,49.0,49.5,6.3,save,0.128,20,0.74
980643,14.5,51.5,48.1,33.5,save,0.236,8,0.74
980643,15.0,55.8,52.7,4.4,save,0.193,7,0.74
980643,19.1,43.3,45.6,6.3,goal,0.474,6,0.74
980643,24.2,52.9,47.1,8.9,save,0.119,4,0.74
980643,11.5,50.0,47.2,34.8,goal,0.994,89,0.74
980643,25.1,28.8,50.9,4.4,save,0.031,80,0.74
980643,6.4,67.3,51.3,17.7,save,0.074,63,0.74
980643,19.8,34.3,53.8,5.7,save,0.221,63,0.74
980643,6.4,49.8,53.9,3.2,goal,0.968,42,0.74
980643,12.0,59.7,47.1,28.5,goal,0.27,28,0.74
980643,10.1,42.7,48.7,8.9,save,0.066,13,0.74
980643,7.7,52.4,47.7,10.8,goal,0.338,90,0.74
980643,7.9,52.3,50.5,33.5,save,0.094,56,0.74
980643,13.2,38.9,49.3,1.9,save,0.059,50,0.74
980643,5.7,70.4,46.8,19.0,save,0.105,12,0.74
980643,22.0,45.2,48.4,25.3,save,0.105,9,0.74
980643,27.8,31.5,53.7,3.8,save,0.203,76,0.74
980643,22.8,33.3,52.0,31.0,save,0.188,70,0.74
980643,10.4,57.2,51.6,5.1,goal,0.447,42,0.74
980643,15.4,32.5,50.0,31.0,save,0.041,25,0.74
980643,9.2,36.8,47.8,31.0,save,0.303,90,0.74
980643,8.8,48.7,50.0,20.9,save,0.027,90,0.74
980643,9.2,60.8,45.8,22.2,save,0.339,90,0.74
980643,4.5,50.1,50.2,7.0,save,0.809,90,0.74
980643,25.5,43.4,52.5,33.5,save,0.307,87,0.74
980643,5.4,54.7,54.1,9.5,goal,0.873,77,0.74
980643,3.5,59.4,46.1,12.7,save,0.613,74,0.74
980643,7.0,49.7,48.5,18.4,save,0.091,70,0.74
980643,15.3,38.2,53.4,3.2,save,0.205,34,0.74
980643,7.7,67.5,47.0,1.9,save,0.35,28,0.74
980643,8.9,29.9,53.2,9.5,save,0.079,15,0.74
980643,3.2,40.3,51.0,3.8,save,0.382,90,0.74
980643,7.3,12.9,46.6,31.0,save,0.689,52,0.74
980643,6.9,56.7,48.1,1.3,goal,0.222,25,0.74
980643,14.7,61.8,52.5,5.7,save,0.164,25,0.74
980643,3.0,47.4,50.0,14.6,goal,0.169,19,0.74
980643,7.6,50.1,49.2,3.2,save,0.229,18,0.74
980643,13.1,46.4,46.1,24.1,goal,0.457,74,0.74
980643,1.5,49.4,51.9,23.4,goal,0.976,57,0.74
980643,10.0,33.4,52.4,6.3,save,0.105,57,0.74
980643,1.4,45.6,53.9,19.6,goal,0.983,45,0.74
980643,16.1,36.5,53.2,26.6,save,0.234,36,0.74
980643,12.8,67.0,47.1,28.5,save,0.199,20,0.74
980643,4.7,45.0,52.9,14.6,goal,0.347,90,0.74
980643,4.4,54.0,51.9,13.9,goal,,86,0.74
980643,11.6,57.3,51.9,5.7,save,0.105,79,0.74
980643,12.7,34.2,51.0,19.0,save,0.118,2,0.74
980643,9.9,29.3,51.3,23.4,save,0.053,87,0.74
980643,7.3,38.1,52.0,13.9,save,0.406,68,0.74
980643,28.6,43.1,53.3,8.2,save,0.153,20,0.74
980643,24.1,53.8,45.8,19.0,goal,0.344,87,0.74
980643,22.0,33.3,48.8,13.9,save,0.049,79,0.74
980643,18.2,56.3,54.2,30.4,goal,0.658,62,0.74
980643,10.1,51.9,51.0,25.3,save,0.151,43,0.74
980643,10.4,47.5,50.1,17.1,save,0.186,41,0.74
980643,17.9,56.9,48.4,8.9,save,0.06,30,0.74
980643,2.1,45.0,53.5,2.5,goal,0.956,25,0.74
980643,11.1,43.1,46.4,8.9,save,0.262,23,0.74
980643,8.4,57.9,46.6,8.2,save,0.374,18,0.74
980643,38.0,26.8,47.1,15.8,goal,0.154,76,0.74
980643,9.2,41.9,48.3,2.5,save,0.128,66,0.74
980643,13.4,66.0,50.6,1.9,save,0.043,48,0.74
980643,7.6,54.9,47.8,25.3,save,0.153,38,0.74
980643,12.6,36.2,45.8,0.6,goal,0.611,22,0.74
980643,22.2,74.6,45.9,24.1,save,0.33,9,0.74
980643,12.1,44.3,46.1,2.5,goal,0.825,90,0.74
980643,2.7,47.0,52.7,3.2,goal,0.973,22,0.74
980643,11.5,61.6,50.0,15.2,save,0.014,16,0.74
980643,7.8,42.0,46.1,6.3,save,0.516,90,0.74
980643,22.1,40.2,52.4,1.9,save,0.119,63,0.74
980643,8.4,64.5,51.6,3.2,goal,0.126,45,0.74
980643,7.1,32.8,51.1,14.6,save,0.038,7,0.74
980643,4.4,33.9,52.6,16.5,save,0.1,90,0.74
980643,11.5,50.0,46.4,0.6,goal,0.993,76,0.74
980643,11.9,29.6,51.4,19.0,save,0.04,73,0.74
980643,19.6,46.5,48.6,6.3,save,0.053,45,0.74
980643,8.7,55.3,49.7,1.9,save,0.399,27,0.74
980643,21.3,60.9,53.7,25.3,goal,0.434,14,0.74
980643,19.8,43.0,48.7,0.6,save,0.069,11,0.74
980643,7.4,45.2,52.6,3.2,goal,0.216,84,0.74
980643,9.1,51.7,50.6,23.4,save,0.045,64,0.74
980643,14.8,37.5,52.0,2.5,save,0.096,58,0.74
980643,2.8,35.5,52.9,0.6,save,0.13,37,0.74
980643,6.3,47.4,53.2,2.5,save,0.856,67,0.74
980643,17.8,47.0,46.0,3.8,goal,0.417,61,0.74
980643,4.6,55.7,47.2,10.1,save,0.865,37,0.74
980643,15.3,56.7,49.9,34.2,save,0.06,35,0.74
980643,9.8,55.1,46.5,15.8,goal,0.652,20,0.74
980643,1.7,54.2,45.9,7.6,goal,0.989,8,0.74
980643,8.6,40.9,53.9,2.5,goal,0.795,66,0.74
980643,13.3,47.0,45.6,10.1,goal,0.433,63,0.74
980643,21.3,64.2,54.2,2.5,save,0.49,61,0.74
980643,20.1,42.2,45.7,13.9,goal,0.37,54,0.74
980643,6.5,30.2,53.9,3.8,save,0.173,49,0.74
980643,18.7,63.0,54.3,26.6,goal,0.601,45,0.74
980643,6.8,47.6,51.9,5.7,save,0.801,35,0.74
980643,17.9,34.2,47.0,16.5,save,0.226,35,0.74
980643,13.5,47.4,48.6,11.4,save,0.047,30,0.74
980643,53.0,33.4,54.4,23.4,save,0.385,18,0.74
980643,6.8,59.5,48.8,19.6,goal,0.332,16,0.74
980643,22.9,56.9,46.3,4.4,save,0.241,90,0.74
980643,18.1,28.3,45.6,22.8,goal,0.625,61,0.74
980643,20.4,34.3,50.0,8.9,save,0.014,45,0.74
980643,19.5,39.0,52.5,15.8,save,0.094,16,0.74
980643,9.4,43.1,49.6,10.1,save,0.024,90,0.74
980643,11.7,66.4,50.3,10.1,save,0.02,86,0.74
980643,4.8,50.6,53.3,25.3,goal,0.932,75,0.74
980643,13.4,51.5,53.8,7.6,save,0.258,55,0.74
980643,29.4,56.1,49.9,34.2,save,0.048,55,0.74
980643,9.1,52.2,49.5,6.3,save,0.33,45,0.74
980643,10.8,62.5,53.2,27.8,goal,0.504,36,0.74
980643,6.8,48.5,53.8,0.6,goal,0.62,4,0.74
187861,7.8,34.5,52.9,3.2,save,0.134,90,0.77
187861,3.1,49.8,51.4,14.6,goal,0.885,31,0.77
187861,23.5,51.0,45.9,1.9,save,0.383,28,0.77
187861,9.0,51.0,50.5,6.3,save,0.378,13,0.77
187861,7.5,56.1,48.3,16.5,save,0.083,11,0.77
187861,9.7,71.1,47.4,25.3,save,0.147,3,0.77
187861,9.3,52.0,50.0,32.3,save,0.051,79,0.77
187861,9.2,44.5,47.7,2.5,goal,0.228,65,0.77
187861,5.0,31.8,53.4,0.6,save,0.156,64,0.77
187861,13.4,60.9,49.1,22.8,goal,0.051,59,0.77
187861,8.9,45.4,49.4,3.8,save,0.649,45,0.77
187861,20.8,67.0,53.9,3.8,save,0.414,33,0.77
187861,13.3,46.9,52.7,18.4,save,0.145,29,0.77
187861,9.8,62.0,51.2,1.3,save,0.109,21,0.77
187861,9.9,33.1,46.1,2.5,goal,0.564,15,0.77
187861,8.5,49.6,50.1,22.2,save,0.611,90,0.77
187861,15.6,61.5,54.0,3.2,goal,0.481,71,0.77
187861,8.5,41.1,47.0,20.3,save,0.278,67,0.77
187861,9.8,48.8,46.0,1.9,goal,0.882,58,0.77
187861,13.8,65.4,45.7,3.2,save,0.29,51,0.77
187861,9.4,61.7,46.4,31.0,goal,0.384,40,0.77
187861,14.2,36.8,53.9,1.9,goal,0.27,38,0.77
187861,10.8,54.8,53.4,31.0,save,0.49,30,0.77
187861,6.9,50.3,51.5,0.6,save,0.216,20,0.77
187861,8.2,32.9,50.6,6.3,save,0.028,90,0.77
187861,5.1,49.6,51.6,13.3,goal,0.776,85,0.77
187861,26.4,57.7,46.2,17.7,goal,0.23,81,0.77
187861,13.1,49.5,50.3,10.1,save,0.08,68,0.77
187861,11.5,50.0,51.5,19.6,goal,0.953,61,0.77
187861,10.3,35.6,52.2,5.1,save,0.085,47,0.77
187861,13.8,54.4,52.6,14.6,save,0.426,45,0.77
187861,4.9,40.3,46.1,12.7,goal,0.55,42,0.77
187861,26.5,37.3,51.9,8.2,save,0.052,39,0.77
187861,7.1,30.3,51.0,3.8,save,0.043,31,0.77
187861,10.5,45.9,48.0,12.7,save,0.38,22,0.77
187861,11.8,24.3,50.0,13.3,save,0.012,17,0.77
187861,26.3,41.2,46.9,29.1,save,0.335,1,0.77
187861,8.0,43.0,46.8,24.7,goal,0.934,72,0.77
187861,13.3,45.7,49.0,11.4,save,0.041,71,0.77
187861,13.9,68.1,52.8,1.9,save,0.284,68,0.77
187861,1.7,48.3,53.6,1.9,goal,,65,0.77
187861,11.5,50.0,45.7,2.5,goal,0.996,61,0.77
187861,4.3,42.9,47.5,16.5,goal,0.368,54,0.77
187861,16.7,39.4,47.8,1.3,save,0.154,45,0.77
187861,8.9,65.6,53.6,3.2,goal,0.83,26,0.77
187861,8.6,40.7,52.6,4.4,save,0.176,78,0.77
187861,13.6,40.3,47.1,2.5,goal,0.332,65,0.77
187861,10.1,52.4,48.5,24.7,goal,0.152,51,0.77
187861,13.8,31.6,46.4,19.6,goal,0.399,27,0.77
187861,12.5,50.8,46.8,11.4,goal,0.305,90,0.77
187861,18.5,47.0,45.8,33.5,goal,0.657,77,0.77
187861,9.7,47.3,48.6,1.9,save,0.078,65,0.77
187861,18.5,47.8,47.2,19.6,save,0.189,50,0.77
187861,20.0,65.4,46.1,25.9,save,0.314,43,0.77
187861,22.3,38.8,51.6,2.5,save,0.066,42,0.77
187861,12.1,44.4,50.3,0.6,save,0.04,22,0.77
187861,18.5,52.0,51.3,3.2,goal,0.059,17,0.77
187861,13.3,66.0,50.5,34.2,save,0.082,6,0.77
187861,21.7,30.4,50.6,29.7,save,0.05,72,0.77
187861,13.5,64.8,48.4,29.7,goal,0.112,66,0.77
187861,11.3,47.7,53.9,3.2,goal,0.387,11,0.77
187861,9.9,40.3,52.8,1.3,goal,0.236,90,0.77
187861,15.7,37.4,47.5,17.1,save,0.148,86,0.77
187861,9.6,65.0,54.4,3.2,goal,,63,0.77
187861,9.4,50.5,50.2,16.5,save,0.022,40,0.77
187861,27.4,29.7,50.2,16.5,save,0.015,31,0.77
187861,23.1,56.6,52.9,24.7,save,0.271,22,0.77
187861,13.2,33.7,48.2,19.0,save,0.123,82,0.77
187861,13.9,60.5,54.1,8.9,goal,0.436,58,0.77
187861,14.2,16.1,51.9,10.8,save,0.042,52,0.77
187861,10.1,60.7,52.6,7.0,goal,0.243,39,0.77
187861,10.8,34.4,47.8,0.6,goal,0.198,25,0.77
187861,9.0,49.0,49.2,15.8,save,0.053,22,0.77
187861,20.4,32.7,48.4,15.2,save,0.055,21,0.77
187861,12.6,36.9,53.8,13.9,goal,0.197,15,0.77
187861,1.2,49.6,52.7,3.8,goal,,13,0.77
187861,7.9,49.2,47.0,4.4,goal,0.89,5,0.77
187861,5.7,55.0,53.2,13.9,goal,0.473,90,0.77
187861,26.7,26.5,51.2,18.4,save,0.034,89,0.77
187861,8.6,43.4,52.8,2.5,save,0.19,86,0.77
187861,5.4,49.4,50.1,18.4,save,0.119,78,0.77
187861,3.1,56.0,48.2,27.2,goal,0.22,74,0.77
187861,11.4,32.3,51.7,24.7,save,0.106,45,0.77
187861,25.3,73.4,52.4,19.0,save,0.502,40,0.77
187861,8.8,46.6,51.0,20.9,save,0.174,38,0.77
187861,18.1,56.2,51.3,11.4,save,0.036,25,0.77
187861,11.4,59.5,50.5,28.5,save,0.049,21,0.77
187861,23.1,35.3,51.4,8.9,save,0.036,3,0.77
187861,14.5,52.1,50.9,3.8,save,0.049,90,0.77
187861,9.6,54.3,50.9,17.1,save,0.037,90,0.77
187861,11.1,44.5,46.8,12.7,goal,0.229,90,0.77
187861,30.9,40.4,46.5,5.1,save,0.237,90,0.77
187861,21.8,47.7,53.6,8.2,goal,0.214,86,0.77
187861,7.7,59.5,53.1,25.3,goal,0.387,62,0.77
187861,14.3,68.1,51.6,17.7,save,0.078,41,0.77
187861,8.6,41.1,53.3,5.1,save,0.218,38,0.77
187861,23.1,27.0,51.8,26.6,save,0.088,7,0.77
187861,9.7,66.4,53.1,12.7,goal,0.24,85,0.77
187861,9.5,59.1,47.6,3.8,goal,0.121,78,0.77
187861,2.5,47.5,49.4,4.4,goal,,75,0.77
187861,6.3,48.8,49.9,16.5,save,0.032,67,0.77
187861,12.0,55.8,50.6,16.5,save,0.036,54,0.77
187861,8.1,49.3,49.2,25.3,save,0.069,45,0.77
187861,10.8,49.1,47.0,5.1,save,0.461,32,0.77
187861,4.3,48.4,51.0,24.7,goal,0.923,24,0.77
187861,3.2,41.9,49.4,12.0,save,0.202,24,0.77
187861,3.0,50.9,50.9,19.0,goal,0.786,20,0.77
187861,23.2,44.3,49.8,10.1,save,0.014,90,0.77
187861,7.3,51.9,46.2,24.7,goal,0.806,30,0.77
187861,11.5,50.0,49.4,25.9,goal,0.936,79,0.77
187861,22.0,53.8,46.1,1.9,save,0.341,73,0.77
187861,4.9,40.3,53.9,3.8,goal,0.828,28,0.77
187861,14.6,53.3,45.8,12.7,save,0.243,13,0.77
187861,8.0,59.6,49.9,25.9,save,0.071,12,0.77
187861,2.7,65.2,46.0,14.6,save,0.126,72,0.77
187861,23.4,52.6,54.3,11.4,goal,0.302,67,0.77
187861,21.5,57.1,53.2,25.3,goal,0.306,27,0.77
187861,4.5,48.2,47.8,22.8,goal,0.919,17,0.77
187861,9.7,60.7,50.5,16.5,save,0.05,72,0.77
187861,8.2,44.5,49.7,2.5,goal,0.198,47,0.77
187861,13.5,58.1,51.6,24.7,goal,0.106,30,0.77
187861,3.0,59.3,48.7,5.7,save,0.262,25,0.77
187861,13.3,61.7,53.9,22.8,goal,0.528,20,0.77
187861,12.9,63.8,53.9,0.6,goal,0.933,16,0.77
187861,3.7,50.4,46.7,2.5,goal,0.991,12,0.77
187861,18.9,40.9,53.9,5.1,save,0.77,12,0.77
187861,30.5,39.3,49.0,2.5,save,0.042,6,0.77
187861,27.7,48.5,46.3,7.0,save,0.244,90,0.77
187861,3.8,56.0,48.1,12.0,save,0.181,77,0.77
187861,22.4,63.7,54.1,2.5,save,0.462,64,0.77
187861,11.5,50.0,46.6,3.8,goal,0.99,52,0.77
187861,8.9,51.5,52.1,31.6,save,0.239,45,0.77
187861,6.9,50.4,50.0,27.8,goal,0.245,90,0.77
187861,7.5,43.3,52.7,16.5,save,0.331,89,0.77
187861,16.0,52.1,50.1,6.3,save,0.024,80,0.77
187861,7.1,63.1,51.4,3.8,save,0.132,17,0.77
187861,8.8,38.3,45.6,12.7,goal,,81,0.77
187861,7.7,51.5,54.5,14.6,goal,,77,0.77
187861,24.4,37.4,46.7,20.9,save,0.278,59,0.77
187861,22.4,53.4,48.4,24.1,save,0.078,42,0.77
187861,7.4,44.2,46.4,15.8,save,0.345,23,0.77
187861,3.2,66.2,46.5,1.9,goal,0.151,17,0.77
187861,20.8,37.0,53.6,4.4,save,0.211,75,0.77
187861,2.4,52.2,47.3,4.4,goal,0.982,61,0.77
187861,4.6,65.4,53.5,3.2,save,0.872,21,0.77
187861,18.5,62.4,53.3,2.5,goal,0.317,14,0.77
187861,10.6,44.5,53.2,24.1,goal,0.792,90,0.77
187861,11.5,64.8,53.2,5.7,save,0.845,77,0.77
187861,8.8,47.8,48.3,23.4,save,0.167,56,0.77
187861,20.1,75.9,48.1,29.7,save,0.113,45,0.77
187861,13.9,63.3,49.9,1.3,save,0.029,45,0.77
187861,7.7,48.3,53.2,7.6,goal,0.314,37,0.77
187861,9.7,47.9,54.1,19.0,save,0.346,23,0.77
187861,8.0,53.9,47.3,31.0,save,0.396,21,0.77
187861,14.4,43.5,47.9,21.5,save,0.161,80,0.77
187861,8.0,53.4,47.7,21.5,save,0.139,68,0.77
187861,12.8,71.1,50.1,18.4,save,0.019,51,0.77
187861,25.3,48.4,50.2,1.3,save,0.025,36,0.77
187861,1.7,58.5,49.0,17.1,save,0.136,88,0.77
187861,19.4,63.2,47.7,12.7,save,0.1,88,0.77
187861,8.0,40.7,50.7,8.9,save,0.129,68,0.77
187861,2.1,45.6,50.5,12.7,goal,0.855,61,0.77
187861,4.6,49.1,49.8,20.3,goal,0.7,54,0.77
187861,22.6,50.3,50.6,24.1,save,0.041,15,0.77
187861,26.1,47.2,51.8,14.6,save,0.047,62,0.77
187861,4.3,34.9,53.2,1.3,save,0.159,61,0.77
187861,26.2,64.5,49.7,29.7,save,0.038,45,0.77
187861,13.8,39.0,49.4,0.6,save,0.063,15,0.77
187861,10.6,45.5,54.2,5.1,goal,0.833,6,0.77
187861,16.1,44.1,50.1,2.5,save,0.03,4,0.77
187861,23.8,67.1,50.1,25.3,save,0.028,81,0.77
187861,24.7,24.4,54.1,15.2,save,0.175,78,0.77
187861,8.6,57.3,45.9,5.1,save,0.348,63,0.77
187861,14.9,39.2,46.7,6.3,save,0.286,61,0.77
187861,20.4,65.9,46.9,4.4,save,0.164,54,0.77
187861,5.4,43.3,53.6,22.2,goal,0.834,51,0.77
187861,9.6,75.9,54.4,6.3,goal,0.832,45,0.77
187861,15.5,38.4,50.8,1.3,save,0.046,26,0.77
187861,13.2,18.1,49.0,23.4,save,0.063,23,0.77
187861,10.2,41.8,52.3,2.5,save,0.132,14,0.77
187861,9.5,57.9,48.2,3.2,goal,0.498,12,0.77
187861,26.1,39.4,52.8,17.7,save,0.11,90,0.77
187861,18.7,44.1,46.2,17.1,goal,0.311,80,0.77
187861,11.5,39.1,53.2,3.8,goal,0.19,75,0.77
187861,21.8,59.4,53.2,3.2,save,0.296,74,0.77
187861,12.1,39.1,47.6,3.2,goal,0.7,73,0.77
187861,12.5,61.8,51.9,3.2,goal,0.442,29,0.77
187861,6.3,45.3,46.8,7.0,goal,0.71,1,0.77
187861,24.9,43.7,46.0,26.6,goal,0.48,77,0.77
187861,18.1,51.3,47.5,1.9,save,0.167,55,0.77
187861,4.8,56.7,51.9,1.3,save,0.895,45,0.77
187861,13.3,41.5,46.3,7.6,goal,0.368,28,0.77
187861,22.0,63.6,54.3,5.1,save,0.474,16,0.77
187861,16.8,54.0,47.4,13.9,save,0.119,62,0.77
187861,13.4,38.2,53.3,24.1,save,0.247,41,0.77
187861,16.4,48.9,45.8,21.5,goal,0.442,89,0.77
187861,3.2,52.2,51.9,29.7,save,0.914,80,0.77
187861,15.3,67.4,49.3,25.3,save,0.048,25,0.77
187861,8.1,52.6,47.1,3.8,goal,0.931,87,0.77
187861,7.9,55.8,48.1,33.5,save,0.197,80,0.77
187861,7.9,54.5,46.4,16.5,goal,0.855,73,0.77
187861,14.1,43.1,46.1,4.4,goal,0.848,68,0.77
187861,18.1,30.7,46.1,4.4,goal,0.434,61,0.77
187861,12.1,44.1,46.9,3.8,save,0.772,61,0.77
187861,3.5,48.0,49.8,9.5,goal,0.526,56,0.77
187861,10.8,32.8,51.9,32.3,save,0.142,45,0.77
187861,8.4,35.7,52.4,10.8,save,0.375,43,0.77
187861,19.2,41.5,48.3,4.4,save,0.081,38,0.77
187861,10.2,53.6,53.2,13.9,goal,0.228,35,0.77
187861,13.7,57.5,47.4,2.5,save,0.506,33,0.77
187861,3.3,55.3,45.8,13.3,goal,0.386,31,0.77
187861,7.3,46.6,49.6,19.6,goal,0.484,21,0.77
187861,12.1,67.2,50.7,2.5,save,0.056,7,0.77
187861,8.3,49.3,50.0,19.6,save,0.025,90,0.77
187861,15.4,48.2,50.0,29.1,save,0.041,83,0.77
187861,13.8,46.8,50.2,18.4,save,0.02,42,0.77
187861,9.5,47.0,46.9,1.3,goal,0.797,37,0.77
187861,26.2,39.5,53.9,31.6,save,0.45,29,0.77
187861,14.0,54.2,53.7,0.6,goal,0.772,24,0.77
187861,20.5,67.4,52.5,23.4,save,0.268,19,0.77
187861,4.6,51.7,50.2,17.1,save,0.073,14,0.77
187861,14.9,45.5,46.2,3.2,goal,0.395,90,0.77
187861,22.5,32.7,49.4,8.9,save,0.026,88,0.77
187861,1.2,47.8,52.0,15.8,goal,,76,0.77
187861,11.4,43.6,53.9,20.9,save,0.265,67,0.77
187861,13.1,54.5,52.9,1.9,goal,0.857,53,0.77
187861,11.9,58.6,50.3,14.6,save,0.225,19,0.77
187861,18.3,54.0,48.3,4.4,save,0.072,17,0.77
187861,11.2,56.9,53.2,25.3,goal,0.411,88,0.77
187861,21.4,38.2,49.1,2.5,save,0.044,84,0.77
187861,24.5,44.6,52.5,9.5,save,0.115,79,0.77
187861,3.4,56.1,47.4,13.3,goal,0.454,63,0.77
187861,6.4,31.8,54.6,14.6,save,0.184,62,0.77
187861,7.4,41.5,51.1,13.9,save,0.346,61,0.77
187861,23.5,38.2,49.4,3.8,save,0.03,43,0.77
187861,6.8,47.2,52.6,15.8,save,0.845,27,0.77
187861,9.6,46.7,49.0,15.8,save,0.039,12,0.77
187861,25.1,45.8,52.0,18.4,save,0.104,80,0.77
187861,17.7,69.9,50.0,1.9,save,0.022,56,0.77
187861,2.7,46.6,53.0,24.7,goal,0.973,55,0.77
187861,3.0,40.7,48.5,1.9,save,0.693,44,0.77
187861,1.7,47.6,53.8,3.2,goal,0.988,14,0.77
187861,3.1,49.9,52.5,9.5,save,0.901,14,0.77
187861,14.0,45.8,51.9,25.9,goal,0.148,90,0.77
187861,4.3,45.8,49.0,20.9,goal,0.148,90,0.77
187861,6.3,67.5,48.1,17.1,save,0.056,90,0.77
187861,19.3,37.1,50.6,19.0,save,0.026,34,0.77
187861,19.5,49.6,53.0,5.1,save,0.183,27,0.77
187861,22.6,59.3,48.3,5.1,save,0.061,24,0.77
187861,21.2,34.5,45.9,13.9,save,0.354,21,0.77
187861,5.1,40.2,52.5,5.1,save,0.796,19,0.77
187861,7.4,43.0,50.8,7.6,save,0.11,17,0.77
187861,25.2,70.4,51.9,3.8,save,0.093,9,0.77
187861,4.9,56.3,51.3,8.2,save,0.145,86,0.77
187861,5.7,73.2,49.3,17.1,save,0.024,76,0.77
187861,11.1,38.8,48.4,10.1,save,0.069,72,0.77
187861,6.4,56.7,50.8,17.7,save,0.068,61,0.77
187861,3.3,49.7,50.7,12.0,goal,0.813,49,0.77
187861,28.2,50.9,53.0,2.5,save,0.194,30,0.77
187861,31.5,56.3,47.1,23.4,save,0.185,22,0.77
187861,11.4,71.1,53.2,3.2,save,0.43,20,0.77
187861,8.2,55.9,51.9,10.8,goal,0.08,89,0.77
187861,3.6,52.8,46.1,19.0,save,0.878,65,0.77
187861,19.8,45.2,54.0,3.8,save,0.325,14,0.77
187861,6.1,47.6,52.5,31.0,goal,0.768,3,0.77
882604,26.2,62.8,45.5,1.9,save,0.378,85,0.58
882604,20.9,25.4,52.6,32.3,save,0.246,55,0.58
882604,14.1,35.4,46.1,12.0,goal,0.35,74,0.58
882604,17.2,61.7,46.6,5.1,save,0.216,45,0.58
882604,6.9,59.3,45.5,15.2,goal,0.298,16,0.58
882604,14.3,70.3,50.2,28.5,save,0.14,2,0.58
882604,3.3,43.8,53.6,1.9,goal,0.849,90,0.58
882604,28.8,35.2,48.3,3.8,save,0.076,80,0.58
882604,14.1,57.7,50.4,5.7,save,0.056,90,0.58
882604,21.6,62.6,52.3,11.4,save,0.08,88,0.58
882604,7.4,51.7,50.2,31.6,goal,,49,0.58
882604,19.1,47.0,54.2,15.2,save,0.306,45,0.58
882604,7.7,55.8,50.2,15.8,save,0.022,23,0.58
882604,14.6,54.5,51.9,20.9,save,0.118,7,0.58
882604,14.8,61.5,51.3,12.0,save,0.041,90,0.58
882604,12.3,46.0,50.0,1.3,save,0.042,44,0.58
882604,9.8,37.0,50.0,11.4,save,0.081,90,0.58
882604,7.4,67.9,54.1,25.3,goal,0.747,70,0.58
882604,12.5,53.2,46.1,0.6,goal,0.419,65,0.58
882604,10.5,44.4,50.4,27.2,goal,0.348,57,0.58
882604,7.0,58.3,52.3,1.3,goal,0.285,52,0.58
882604,4.8,58.4,47.7,1.9,save,0.731,51,0.58
882604,10.4,67.5,49.5,4.4,save,0.029,49,0.58
882604,13.5,56.8,46.4,3.2,save,0.28,26,0.58
882604,12.6,65.6,47.7,0.6,save,0.128,26,0.58
882604,4.8,34.4,53.7,1.3,goal,0.187,5,0.58
882604,10.4,66.9,49.0,5.7,save,0.036,73,0.58
882604,15.4,37.1,54.1,5.7,goal,0.271,42,0.58
882604,9.8,35.2,50.6,13.3,save,0.021,36,0.58
882604,15.1,27.4,52.7,6.3,save,0.099,15,0.58
882604,4.0,54.0,47.1,13.9,goal,,4,0.58
882604,26.8,52.1,54.4,1.9,save,0.454,89,0.58
882604,27.4,49.5,46.9,1.9,save,0.212,64,0.58
882604,5.1,70.6,49.0,13.9,save,0.023,62,0.58
882604,9.8,44.9,52.9,5.7,goal,0.339,67,0.58
882604,4.6,58.7,53.6,5.7,goal,0.767,39,0.58
882604,13.1,50.8,48.1,3.2,goal,0.409,34,0.58
882604,23.2,51.3,48.5,24.1,save,0.074,33,0.58
882604,22.0,70.5,54.2,20.3,save,0.493,8,0.58
882604,5.4,49.7,53.1,0.6,goal,0.84,90,0.58
882604,11.8,40.6,47.1,25.9,save,0.327,87,0.58
882604,12.2,35.4,53.5,30.4,save,0.284,41,0.58
882604,3.0,67.3,49.0,27.2,goal,0.226,32,0.58
882604,22.5,46.6,46.1,3.8,save,0.338,31,0.58
882604,10.3,48.2,53.6,5.7,goal,0.328,69,0.58
882604,17.9,54.0,49.7,6.3,save,0.023,53,0.58
882604,3.7,51.6,52.5,16.5,goal,0.98,50,0.58
882604,20.4,63.9,46.1,3.2,save,0.256,48,0.58
882604,10.7,49.5,50.4,18.4,save,0.044,25,0.58
882604,13.6,69.9,46.8,27.2,goal,0.213,90,0.58
882604,11.4,34.0,51.6,27.2,save,0.094,47,0.58
882604,18.2,33.3,46.1,10.1,goal,0.331,43,0.58
882604,7.4,57.5,52.8,15.8,goal,0.202,81,0.58
882604,8.0,50.3,52.5,13.9,save,0.402,57,0.58
882604,21.3,56.1,45.8,15.8,goal,0.276,47,0.58
882604,22.1,73.5,48.3,24.1,save,0.09,36,0.58
882604,22.6,56.1,46.2,2.5,save,0.294,26,0.58
882604,14.4,32.1,46.1,24.1,save,0.56,14,0.58
882604,18.7,52.1,51.3,8.2,save,0.045,76,0.58
882604,25.3,30.6,46.8,27.2,goal,0.358,30,0.58
882604,11.9,32.1,50.9,2.5,save,0.039,23,0.58
882604,24.8,39.9,49.0,10.1,save,0.027,5,0.58
882604,7.0,55.7,49.7,24.7,save,0.042,90,0.58
882604,13.5,45.0,51.9,27.2,goal,0.15,83,0.58
882604,9.1,38.7,53.0,17.1,save,0.14,65,0.58
882604,14.7,31.8,51.2,2.5,save,0.055,33,0.58
882604,10.1,48.1,50.1,19.0,save,0.026,10,0.58
882604,19.1,32.3,53.6,1.9,save,0.209,90,0.58
882604,22.6,60.8,51.9,1.9,save,0.103,84,0.58
882604,5.2,52.8,47.2,11.4,goal,0.784,79,0.58
882604,24.9,51.9,50.6,3.8,save,0.029,76,0.58
882604,7.9,53.4,51.0,5.7,goal,0.052,65,0.58
882604,14.5,38.0,50.0,23.4,save,0.029,61,0.58
882604,12.5,27.9,52.3,18.4,save,0.067,53,0.58
882604,15.0,64.8,54.1,5.7,goal,0.48,39,0.58
882604,15.7,36.9,46.5,1.3,save,0.396,31,0.58
882604,7.4,50.8,47.4,5.1,goal,0.971,23,0.58
882604,13.0,34.2,47.3,1.9,save,0.294,18,0.58
882604,22.0,63.0,51.0,31.6,save,0.105,8,0.58
882604,14.6,66.3,52.3,25.3,save,0.219,6,0.58
882604,10.0,40.3,49.2,10.1,save,0.05,90,0.58
882604,11.5,50.0,46.8,2.5,goal,0.989,82,0.58
882604,8.1,54.8,49.7,21.5,goal,0.39,63,0.58
882604,5.1,65.0,46.6,12.7,save,0.099,46,0.58
882604,10.8,54.2,47.5,2.5,goal,,43,0.58
882604,12.1,35.0,52.6,9.5,goal,0.081,22,0.58
882604,22.6,54.6,52.3,13.9,save,0.084,3,0.58
882604,8.5,28.4,52.3,7.0,save,0.062,2,0.58
882604,8.9,47.4,46.8,3.8,goal,0.876,90,0.58
882604,22.8,61.7,53.4,12.0,save,0.187,82,0.58
882604,20.9,67.1,51.1,4.4,save,0.048,63,0.58
882604,13.7,17.1,51.4,26.6,save,0.056,55,0.58
882604,8.2,51.8,53.8,5.1,goal,0.382,51,0.58
882604,5.3,43.8,51.9,16.5,save,0.087,48,0.58
882604,14.1,64.4,46.1,17.7,save,0.22,90,0.58
882604,11.6,63.1,46.1,17.7,save,0.214,81,0.58
882604,10.8,70.3,46.5,7.0,save,0.152,55,0.58
882604,7.1,57.0,45.5,13.3,goal,0.686,45,0.58
882604,33.5,36.6,51.3,16.5,save,0.036,7,0.58
882604,2.6,53.0,47.7,15.8,goal,0.972,87,0.58
882604,7.9,45.0,52.8,22.8,save,0.192,87,0.58
882604,7.3,55.6,47.1,31.6,save,0.389,86,0.58
882604,4.6,54.3,45.9,30.4,save,0.664,83,0.58
882604,6.3,53.6,54.0,9.5,goal,0.473,80,0.58
882604,21.3,50.9,48.9,1.9,save,0.058,78,0.58
882604,9.5,27.9,53.6,7.0,save,0.123,74,0.58
882604,11.7,60.1,52.4,1.9,save,0.221,73,0.58
882604,4.0,65.4,46.6,5.1,save,0.111,27,0.58
882604,22.9,70.0,54.3,2.5,save,0.542,26,0.58
882604,3.7,55.5,49.0,26.6,goal,0.48,69,0.58
882604,9.0,50.4,51.9,3.8,save,0.102,64,0.58
882604,3.3,50.3,51.0,1.9,save,0.958,32,0.58
882604,7.6,50.1,50.3,4.4,save,0.157,32,0.58
882604,10.9,51.4,47.7,0.6,goal,0.198,19,0.58
882604,18.3,54.2,52.6,3.2,save,0.178,15,0.58
882604,8.3,32.2,53.5,1.3,save,0.214,13,0.58
882604,11.5,50.0,51.5,3.2,save,0.957,9,0.58
882604,9.2,30.1,49.2,1.3,save,0.057,3,0.58
882604,14.7,49.2,51.8,6.3,goal,0.071,90,0.58
882604,10.2,52.2,53.6,15.2,save,0.272,75,0.58
882604,12.8,63.6,51.6,4.4,goal,0.445,54,0.58
882604,10.1,49.9,50.2,12.0,save,0.559,54,0.58
882604,18.4,51.7,53.6,6.3,save,0.271,50,0.58
882604,27.9,56.6,46.6,10.1,save,0.18,70,0.58
882604,23.3,49.2,53.2,14.6,goal,0.157,86,0.58
882604,14.6,61.4,52.0,5.7,save,0.12,61,0.58
882604,9.4,36.1,51.3,2.5,save,0.078,58,0.58
882604,13.7,48.5,47.7,16.5,save,0.12,52,0.58
882604,2.3,47.2,52.6,2.5,goal,0.979,47,0.58
882604,7.0,48.8,53.0,22.2,goal,0.295,45,0.58
882604,21.9,66.9,45.3,1.9,save,0.386,43,0.58
882604,12.6,44.2,48.2,3.8,save,0.372,42,0.58
882604,11.5,50.0,53.6,4.4,goal,0.991,25,0.58
882604,13.3,42.2,51.1,6.3,save,0.033,17,0.58
882604,9.9,36.4,46.8,1.3,goal,0.421,83,0.58
882604,19.1,37.7,53.8,4.4,save,0.261,76,0.58
882604,8.7,46.8,53.3,0.6,goal,0.875,61,0.58
882604,7.6,53.0,53.5,10.8,goal,0.356,60,0.58
882604,10.1,54.7,51.3,22.2,goal,0.556,13,0.58
882604,12.2,28.7,46.3,2.5,save,0.493,90,0.58
882604,8.1,58.1,47.6,10.1,save,0.118,90,0.58
882604,2.1,41.7,45.7,29.1,goal,0.876,90,0.58
882604,20.9,70.5,53.1,15.8,save,0.21,90,0.58
882604,13.8,64.1,49.6,14.6,save,0.019,86,0.58
882604,24.1,40.2,47.9,9.5,save,0.103,85,0.58
882604,2.8,61.2,47.4,31.0,save,0.164,82,0.58
882604,23.0,62.2,54.5,4.4,save,0.522,49,0.58
882604,13.3,64.9,53.2,15.2,goal,0.25,43,0.58
882604,22.0,71.0,51.8,13.9,save,0.062,90,0.58
882604,14.6,44.5,49.8,1.9,goal,0.225,90,0.58
882604,10.4,56.9,49.8,12.0,save,0.249,90,0.58
882604,3.4,42.5,53.0,14.6,goal,0.373,58,0.58
882604,12.4,55.3,48.4,14.6,save,0.307,50,0.58
882604,2.2,75.2,45.5,27.2,save,0.228,9,0.58
882604,14.5,45.9,48.2,1.9,save,0.12,90,0.58
882604,55.9,31.3,50.8,22.2,save,0.033,82,0.58
882604,18.2,66.6,46.7,1.9,save,0.187,7,0.58
882604,12.0,69.0,51.2,1.9,save,0.09,5,0.58
882604,13.4,38.9,46.0,7.6,save,0.497,84,0.58
882604,8.0,32.8,48.7,3.8,save,0.354,80,0.58
882604,6.2,69.1,51.7,1.3,goal,0.178,73,0.58
882604,12.1,75.8,48.0,8.9,save,0.044,63,0.58
882604,10.3,44.3,50.1,20.9,save,0.03,39,0.58
882604,17.5,73.5,54.0,2.5,save,0.523,30,0.58
882604,19.9,31.4,49.1,32.3,save,0.083,20,0.58
882604,28.6,34.0,48.1,24.1,save,0.118,84,0.58
882604,6.3,49.8,49.0,1.9,save,0.804,77,0.58
882604,10.3,48.0,48.4,8.9,save,0.067,74,0.58
882604,20.2,30.4,52.5,5.7,save,0.078,81,0.58
882604,19.3,27.7,48.6,34.2,save,0.16,54,0.58
882604,3.3,29.4,52.3,29.7,save,0.118,90,0.58
882604,26.0,32.0,53.1,5.7,save,0.144,89,0.58
882604,14.1,50.2,47.2,3.2,goal,0.684,48,0.58
882604,10.3,45.4,53.6,2.5,save,0.348,80,0.58
882604,15.7,60.6,48.7,15.2,save,0.036,57,0.58
882604,16.4,31.0,50.5,16.5,save,0.02,18,0.58
882604,3.5,42.8,52.8,3.2,save,0.495,18,0.58
882604,10.0,45.5,52.9,1.9,goal,0.798,18,0.58
882604,11.5,50.0,46.3,3.8,goal,0.992,90,0.58
882604,9.5,36.5,52.4,4.4,save,0.102,90,0.58
882604,25.4,70.5,48.0,8.2,save,0.053,79,0.58
882604,14.1,61.9,53.6,4.4,goal,0.392,53,0.58
882604,5.6,45.8,54.5,14.6,goal,0.404,7,0.58
882604,2.7,47.8,51.0,15.2,save,0.726,5,0.58
882604,12.8,36.8,51.2,23.4,save,0.068,61,0.58
45959,8.8,54.2,51.6,2.5,save,0.849,90,1.0
45959,3.3,55.2,50.3,5.1,goal,0.788,76,1.0
45959,17.9,48.1,45.8,6.3,goal,0.364,65,1.0
45959,6.7,57.9,52.3,30.4,save,0.325,61,1.0
45959,8.3,48.5,52.9,12.7,save,0.143,60,1.0
45959,8.5,53.6,50.8,15.8,save,0.21,59,1.0
45959,13.8,57.7,53.6,3.2,goal,0.381,54,1.0
45959,25.3,59.1,51.1,5.1,save,0.042,38,1.0
45959,24.4,39.9,50.2,0.6,save,0.026,86,1.0
45959,25.5,41.5,48.4,26.6,save,0.1,82,1.0
45959,19.4,53.6,53.9,29.1,goal,0.53,69,1.0
45959,31.5,85.2,48.2,26.6,save,0.086,57,1.0
45959,11.8,58.7,54.0,13.3,goal,0.355,49,1.0
45959,14.7,59.9,53.4,1.3,goal,0.396,45,1.0
45959,18.4,43.9,46.1,7.6,goal,0.318,43,1.0
45959,56.8,53.6,49.5,24.7,save,0.032,14,1.0
45959,8.0,46.6,47.6,12.7,goal,0.689,86,1.0
45959,14.8,65.2,45.8,1.3,save,0.352,79,1.0
45959,11.6,42.7,54.1,26.6,save,0.4,74,1.0
45959,2.4,46.0,51.9,17.7,goal,0.862,64,1.0
45959,7.6,49.2,53.9,27.8,goal,0.529,62,1.0
45959,21.3,54.6,53.4,1.3,save,0.301,59,1.0
45959,6.5,51.6,47.1,6.3,goal,0.916,45,1.0
45959,19.7,65.2,48.1,29.7,goal,0.2,24,1.0
45959,7.3,55.8,45.9,19.0,save,0.809,19,1.0
45959,9.7,54.0,49.7,9.5,save,0.116,69,1.0
45959,6.0,47.7,52.7,22.2,goal,0.274,50,1.0
45959,7.7,34.0,48.4,3.8,goal,0.108,39,1.0
45959,28.0,34.0,52.9,17.1,save,0.114,25,1.0
45959,12.5,66.7,51.1,3.2,save,0.244,21,1.0
45959,5.1,49.5,50.2,28.5,save,0.128,77,1.0
45959,23.3,58.2,54.5,27.8,save,0.618,69,1.0
45959,11.5,50.0,50.4,10.1,goal,0.849,24,1.0
45959,18.5,34.4,53.8,1.9,save,0.247,88,1.0
45959,3.8,49.5,47.6,2.5,goal,,44,1.0
45959,11.1,31.3,48.7,3.8,save,0.074,41,1.0
45959,10.7,43.2,49.7,11.4,save,0.021,34,1.0
45959,14.2,46.4,53.9,9.5,goal,0.618,24,1.0
45959,20.8,66.9,53.6,10.1,goal,0.277,52,1.0
45959,16.8,37.9,52.7,31.6,goal,0.244,90,1.0
45959,7.0,53.1,48.6,19.6,save,0.707,90,1.0
45959,9.8,37.5,45.8,1.3,goal,0.716,87,1.0
45959,11.5,50.0,52.6,1.3,goal,0.985,76,1.0
45959,22.7,29.6,53.3,14.6,save,0.114,73,1.0
45959,15.7,50.7,47.1,31.0,goal,0.308,64,1.0
45959,12.6,58.4,49.2,28.5,save,0.075,57,1.0
45959,17.0,48.5,47.5,17.1,save,0.134,45,1.0
45959,23.2,59.9,51.9,1.9,save,0.107,26,1.0
45959,18.5,32.7,50.1,2.5,save,0.022,22,1.0
45959,13.8,55.9,48.7,3.8,save,0.058,14,1.0
45959,17.6,45.8,52.5,25.3,save,0.191,9,1.0
45959,10.7,52.2,53.9,23.4,goal,,2,1.0
45959,15.5,49.1,49.5,7.0,save,0.158,1,1.0
45959,5.7,45.4,53.2,10.1,goal,0.565,89,1.0
45959,14.3,46.7,48.4,2.5,save,0.103,49,1.0
45959,15.0,56.6,49.7,7.6,save,0.022,45,1.0
45959,15.5,37.0,46.5,23.4,save,0.409,44,1.0
45959,12.7,39.3,45.8,8.2,goal,0.478,38,1.0
45959,5.5,56.0,46.2,25.3,goal,0.384,24,1.0
45959,10.4,63.4,46.3,24.1,save,0.762,23,1.0
45959,13.9,40.9,48.0,10.8,save,0.108,14,1.0
45959,4.9,46.9,51.6,2.5,save,0.567,74,1.0
45959,17.6,47.2,52.3,4.4,save,0.136,59,1.0
45959,26.1,66.2,51.3,3.2,save,0.056,40,1.0
45959,5.2,58.9,52.2,1.9,goal,0.8,11,1.0
45959,10.6,58.6,49.2,14.6,save,0.333,90,1.0
45959,9.1,64.6,53.6,19.6,goal,0.777,83,1.0
45959,18.1,47.9,51.9,2.5,save,0.109,79,1.0
45959,14.7,62.2,45.9,3.2,goal,0.294,64,1.0
45959,3.0,50.0,46.5,22.8,goal,0.923,62,1.0
45959,8.1,55.7,51.9,13.3,goal,0.111,50,1.0
45959,25.0,72.0,51.2,14.6,save,0.033,39,1.0
45959,12.8,44.2,52.6,1.9,save,0.174,24,1.0
45959,4.6,35.4,52.3,0.6,save,0.098,16,1.0
45959,67.5,31.8,48.2,25.9,save,0.099,62,1.0
45959,14.9,56.2,49.2,13.3,save,0.253,46,1.0
45959,6.5,48.4,49.9,32.3,goal,0.614,34,1.0
45959,13.4,44.5,51.8,5.1,goal,0.13,86,1.0
45959,10.9,53.4,49.9,4.4,save,0.027,56,1.0
45959,4.6,47.0,51.2,2.5,goal,,51,1.0
45959,7.7,57.5,50.4,12.7,save,0.318,78,1.0
45959,22.6,22.5,52.6,29.7,save,0.19,71,1.0
45959,12.9,60.5,50.0,1.9,save,0.024,62,1.0
45959,19.1,48.7,47.7,8.2,save,0.096,57,1.0
45959,25.0,62.2,48.7,5.1,save,0.044,13,1.0
45959,3.9,55.9,52.5,2.5,goal,0.593,7,1.0
45959,18.2,50.1,50.1,13.3,save,0.014,5,1.0
45959,12.3,39.7,52.5,2.5,goal,0.422,1,1.0
45959,13.9,49.6,53.6,27.2,goal,0.44,90,1.0
45959,13.9,68.7,51.9,1.3,save,0.123,76,1.0
45959,11.4,52.1,53.3,1.9,save,0.36,75,1.0
45959,7.6,40.3,53.2,15.8,goal,0.793,71,1.0
45959,7.9,51.4,49.0,8.9,save,0.068,60,1.0
45959,5.0,66.5,47.6,2.5,save,0.408,60,1.0
45959,4.9,54.7,50.0,27.2,goal,0.173,58,1.0
45959,13.8,59.9,47.7,3.2,save,0.121,58,1.0
45959,8.8,53.4,51.8,14.6,goal,0.072,56,1.0
45959,11.1,70.3,45.8,1.9,save,0.252,56,1.0
45959,23.1,62.9,51.0,12.7,save,0.027,32,1.0
45959,14.5,31.0,51.3,3.2,save,0.046,29,1.0
45959,7.7,45.6,51.9,20.9,save,0.149,10,1.0
45959,2.6,46.1,51.9,26.6,save,0.544,78,1.0
45959,9.1,34.8,49.0,13.3,save,0.153,77,1.0
45959,10.6,31.2,47.7,10.8,save,0.131,82,1.0
45959,20.0,52.1,52.9,0.6,goal,0.218,73,1.0
45959,6.4,54.0,53.1,9.5,goal,0.804,67,1.0
45959,9.4,51.8,52.9,1.3,goal,0.92,23,1.0
45959,12.6,37.6,49.5,19.0,save,0.041,23,1.0
45959,12.0,52.0,53.2,4.4,goal,0.624,7,1.0
45959,12.9,65.6,54.1,7.0,goal,0.505,73,1.0
45959,11.5,50.0,45.5,1.9,goal,0.996,36,1.0
45959,8.1,44.1,54.2,1.3,goal,0.984,30,1.0
45959,4.5,63.6,46.1,4.4,save,0.216,70,1.0
45959,5.2,49.5,49.9,13.3,save,0.041,19,1.0
45959,6.9,67.1,46.4,18.4,save,0.15,87,1.0
45959,7.6,47.9,45.8,15.8,goal,0.945,69,1.0
45959,6.9,56.1,53.3,13.3,goal,0.86,61,1.0
45959,18.9,28.0,45.6,20.9,save,0.678,30,1.0
45959,4.8,53.8,48.1,2.5,goal,0.972,70,1.0
45959,21.0,54.8,49.6,3.8,save,0.026,61,1.0
45959,9.8,68.6,46.1,30.4,goal,0.335,37,1.0
45959,3.2,28.6,45.8,1.3,save,0.742,19,1.0
45959,11.1,30.8,45.9,8.2,goal,0.503,12,1.0
45959,1.8,31.4,53.9,1.3,save,0.155,11,1.0
45959,21.5,72.2,46.3,2.5,save,0.205,10,1.0
45959,9.6,60.6,46.6,5.7,save,0.195,5,1.0
45959,7.7,70.4,46.3,0.6,save,0.19,81,1.0
45959,14.0,49.7,48.4,24.7,save,0.113,76,1.0
45959,27.9,37.4,53.9,2.5,save,0.281,71,1.0
45959,18.5,34.0,54.1,13.3,save,0.181,62,1.0
45959,17.6,73.0,49.7,17.7,save,0.018,47,1.0
45959,7.5,50.8,49.7,8.9,goal,0.409,36,1.0
45959,9.8,56.9,49.0,8.9,save,0.254,7,1.0
45959,8.4,53.6,45.9,3.8,goal,0.368,90,1.0
45959,24.9,35.4,53.6,12.0,save,0.128,75,1.0
45959,6.7,47.6,51.7,6.3,goal,0.783,60,1.0
45959,3.5,47.4,52.5,15.8,goal,0.84,45,1.0
45959,8.9,71.8,53.6,22.8,save,0.536,39,1.0
45959,8.8,35.8,53.7,20.3,save,0.211,31,1.0
45959,4.9,70.4,45.8,17.7,save,0.156,27,1.0
45959,12.5,41.9,49.0,2.5,save,0.063,23,1.0
45959,10.1,51.7,54.6,2.5,goal,0.748,20,1.0
45959,5.8,42.1,49.5,0.6,goal,0.35,65,1.0
45959,13.7,66.8,54.1,5.1,goal,0.515,62,1.0
45959,8.3,59.1,50.3,35.4,save,0.132,59,1.0
45959,19.0,37.1,48.0,2.5,save,0.121,27,1.0
45959,22.5,64.6,49.8,25.9,save,0.03,19,1.0
45959,6.6,32.1,50.2,15.8,save,0.018,2,1.0
45959,10.8,55.0,46.1,1.9,save,0.301,81,1.0
45959,9.0,37.5,50.0,7.0,save,0.168,70,1.0
45959,9.3,51.6,49.4,24.7,goal,0.067,59,1.0
45959,3.2,51.5,51.0,13.9,save,0.94,10,1.0
45959,4.1,50.5,50.8,9.5,save,0.38,88,1.0
45959,5.4,33.9,54.2,1.3,save,0.229,87,1.0
45959,15.2,42.8,50.1,3.2,save,0.027,83,1.0
45959,14.0,71.4,54.1,23.4,goal,0.602,74,1.0
45959,23.6,37.9,52.6,5.7,save,0.144,45,1.0
45959,9.4,36.1,50.6,11.4,save,0.085,22,1.0
45959,24.6,55.8,52.6,10.8,save,0.095,22,1.0
45959,14.2,47.0,50.0,6.3,save,0.022,6,1.0
45959,3.2,46.8,48.7,25.3,goal,0.967,82,1.0
45959,8.3,42.8,51.8,3.8,save,0.116,81,1.0
45959,7.4,41.7,51.8,7.6,goal,0.056,56,1.0
45959,5.6,46.2,52.1,2.5,goal,0.886,49,1.0
45959,25.6,55.6,48.1,13.9,save,0.05,39,1.0
45959,3.8,47.8,49.9,31.0,save,0.604,21,1.0
45959,11.1,52.4,45.9,17.1,goal,0.593,76,1.0
45959,11.1,50.4,52.3,33.5,save,0.248,71,1.0
45959,19.4,30.0,49.7,10.8,save,0.015,68,1.0
45959,20.9,30.3,45.3,9.5,save,0.556,54,1.0
45959,13.9,48.0,49.2,5.7,goal,0.621,48,1.0
45959,3.4,50.9,51.1,9.5,save,0.513,23,1.0
45959,5.6,51.8,50.7,29.7,save,0.149,14,1.0
45959,7.9,57.6,52.5,16.5,save,0.194,6,1.0
45959,10.7,47.2,52.9,0.6,save,0.784,80,1.0
45959,1.9,50.8,48.3,12.0,goal,,62,1.0
45959,9.5,50.4,54.5,1.3,goal,0.655,49,1.0
45959,2.6,54.8,49.0,15.8,save,0.76,20,1.0
45959,10.0,59.5,52.8,2.5,goal,0.326,17,1.0
45959,3.6,48.0,51.8,5.1,save,0.957,12,1.0
45959,8.6,47.3,51.6,12.7,save,0.376,12,1.0
45959,25.4,66.9,45.7,19.6,save,0.292,79,1.0
45959,12.1,67.8,46.8,17.7,save,0.492,72,1.0
45959,10.1,39.8,53.8,2.5,save,0.646,33,1.0
45959,22.4,29.4,45.8,15.2,save,0.423,16,1.0
45959,21.9,25.5,45.5,15.2,save,0.498,5,1.0
45959,2.2,50.8,49.1,1.3,goal,0.963,41,1.0
45959,4.0,49.5,48.3,3.2,save,0.86,41,1.0
45959,4.6,48.3,49.7,10.1,save,0.335,41,1.0
45959,6.5,49.4,48.9,16.5,save,0.301,5,1.0
45959,18.2,70.3,53.5,28.5,goal,0.495,85,1.0
45959,8.2,32.8,52.6,1.9,save,0.117,47,1.0
45959,16.5,55.3,46.0,5.1,goal,0.761,45,1.0
45959,4.6,51.3,48.6,32.3,save,0.374,21,1.0
45959,7.1,55.9,48.9,3.2,goal,0.088,52,1.0
45959,12.2,67.5,53.5,1.9,save,0.454,30,1.0
45959,13.1,55.4,51.6,3.8,save,0.096,17,1.0
45959,8.6,39.7,49.0,3.8,save,0.417,4,1.0
45959,7.0,51.0,46.3,19.6,goal,0.384,85,1.0
45959,12.5,31.0,50.9,5.1,save,0.029,63,1.0
45959,4.8,54.4,46.1,8.9,goal,0.906,37,1.0
45959,4.0,49.5,51.4,20.9,goal,0.953,65,1.0
45959,25.1,60.2,49.9,7.0,save,0.021,22,1.0
45959,4.8,47.0,51.8,17.7,save,0.552,57,1.0
45959,3.0,42.1,52.9,19.0,save,0.244,57,1.0
45959,8.5,65.6,47.3,20.9,goal,0.152,50,1.0
45959,3.3,53.8,48.4,3.2,goal,0.884,90,1.0
45959,6.4,40.4,53.2,3.2,save,0.597,89,1.0
45959,8.1,41.0,53.2,8.9,save,0.194,87,1.0
45959,4.4,58.1,46.8,12.7,goal,0.77,85,1.0
45959,8.7,32.3,51.7,25.9,save,0.121,85,1.0
45959,22.2,68.4,51.3,7.0,save,0.049,84,1.0
45959,11.5,50.0,45.9,17.1,goal,0.993,71,1.0
45959,11.7,40.0,49.8,15.8,save,0.024,63,1.0
45959,14.4,48.0,53.9,13.9,save,0.219,47,1.0
45959,26.6,31.0,48.8,8.9,save,0.036,40,1.0
45959,6.1,53.0,53.7,20.9,goal,0.865,36,1.0
45959,12.0,71.9,52.0,6.3,save,0.118,20,1.0
45959,13.8,48.0,49.3,3.8,save,0.046,84,1.0
45959,4.8,51.2,52.3,0.6,goal,0.97,75,1.0
45959,8.6,54.5,52.3,5.7,goal,0.639,68,1.0
45959,7.4,28.1,53.6,1.9,save,0.182,53,1.0
45959,9.0,52.6,47.6,20.9,save,0.14,51,1.0
45959,9.7,37.1,53.2,18.4,save,0.146,51,1.0
45959,8.0,61.4,53.6,0.6,goal,0.549,17,1.0
45959,9.8,49.5,49.9,13.3,save,0.029,7,1.0
581310,17.8,42.8,51.6,5.1,save,0.059,72,0.84
581310,28.6,67.4,51.9,15.2,save,0.069,68,0.84
581310,16.6,35.2,47.7,25.3,save,0.284,63,0.84
581310,24.5,37.8,47.4,27.8,goal,0.312,40,0.84
581310,10.1,61.5,53.5,17.7,goal,0.907,87,0.84
581310,3.3,63.8,48.1,4.4,goal,0.068,84,0.84
581310,7.7,75.6,50.3,27.2,save,0.04,71,0.84
581310,4.3,64.0,49.5,32.9,save,0.079,30,0.84
581310,22.5,34.3,47.4,17.1,save,0.138,24,0.84
581310,24.5,65.2,49.9,17.7,save,0.022,68,0.84
581310,11.5,50.0,53.9,21.5,goal,0.994,87,0.84
581310,18.2,51.4,53.6,1.3,goal,0.329,64,0.84
581310,17.8,48.5,52.8,22.8,save,0.196,56,0.84
581310,5.7,35.2,50.9,4.4,save,0.128,53,0.84
581310,2.9,47.9,51.6,13.9,save,0.753,15,0.84
581310,26.0,54.9,52.9,7.0,save,0.198,45,0.84
581310,24.4,42.1,49.7,5.1,save,0.022,46,0.84
581310,20.6,30.3,47.1,24.7,save,0.28,44,0.84
581310,6.4,53.2,50.2,24.1,save,0.238,71,0.84
581310,36.2,9.0,52.9,21.5,save,0.118,55,0.84
581310,3.4,50.6,45.5,23.4,goal,0.998,45,0.84
581310,9.1,48.4,50.0,15.2,save,0.017,16,0.84
581310,1.7,59.1,46.1,3.2,save,0.197,82,0.84
581310,8.2,43.8,45.8,17.7,goal,0.516,84,0.84
581310,15.1,29.4,47.6,2.5,save,0.217,49,0.84
581310,21.6,27.0,50.8,31.0,save,0.08,64,0.84
581310,29.1,31.9,54.2,13.9,save,0.208,49,0.84
581310,25.3,28.2,49.1,4.4,save,0.037,45,0.84
581310,28.7,52.1,49.0,1.3,save,0.047,41,0.84
581310,25.8,32.2,54.4,15.8,save,0.248,33,0.84
581310,9.6,45.8,52.3,15.8,save,0.112,90,0.84
581310,8.4,48.7,47.3,3.2,goal,0.768,89,0.84
581310,10.7,48.4,52.2,16.5,save,0.102,52,0.84
581310,14.7,34.2,49.5,15.2,save,0.023,62,0.84
581310,4.3,54.0,49.7,0.6,goal,,45,0.84
581310,9.7,28.4,53.7,12.7,save,0.108,74,0.84
581310,14.9,60.6,46.2,7.6,save,0.223,50,0.84
581310,9.4,66.0,46.1,25.9,goal,0.287,29,0.84
581310,11.5,50.0,47.4,15.2,save,0.975,90,0.84
581310,5.5,45.1,47.0,27.2,goal,0.511,55,0.84
581310,5.5,48.0,51.6,18.4,goal,0.815,13,0.84
581310,22.4,39.4,47.3,24.1,save,0.218,71,0.84
581310,6.0,51.9,48.4,29.1,goal,0.374,59,0.84
581310,6.7,57.3,49.0,0.6,goal,0.32,29,0.84
581310,16.3,48.2,48.3,1.9,save,0.105,14,0.84
581310,6.4,30.6,49.8,2.5,goal,0.028,57,0.84
581310,4.5,49.0,51.9,29.1,goal,0.451,49,0.84
581310,25.1,33.1,51.3,17.7,save,0.037,45,0.84
581310,8.0,49.0,53.9,17.7,goal,0.356,25,0.84
581310,15.1,50.5,49.3,1.3,save,0.068,68,0.84
581310,10.4,30.7,52.2,3.8,save,0.085,61,0.84
581310,8.2,50.7,52.2,21.5,goal,0.219,7,0.84
581310,10.2,53.3,50.7,25.3,save,0.058,64,0.84
581310,12.2,36.9,53.1,10.1,goal,0.11,54,0.84
581310,22.9,30.5,45.5,12.0,save,0.433,32,0.84
581310,13.6,37.1,46.7,2.5,save,0.364,31,0.84
581310,11.5,55.9,50.3,25.3,save,0.037,28,0.84
581310,24.9,59.0,46.9,17.1,save,0.14,8,0.84
581310,26.1,52.1,52.2,20.9,save,0.119,71,0.84
581310,14.1,58.1,53.8,24.7,goal,0.494,86,0.84
581310,6.4,32.6,53.6,3.8,save,0.195,83,0.84
581310,7.0,31.1,54.0,22.8,save,0.253,53,0.84
581310,11.0,68.2,53.0,5.1,save,0.307,90,0.84
581310,11.4,40.8,52.6,3.8,save,0.466,57,0.84
581310,23.4,60.4,49.6,19.0,save,0.023,45,0.84
581310,17.9,50.4,52.7,36.1,save,0.372,90,0.84
581310,10.8,57.7,53.9,1.3,goal,0.851,55,0.84
581310,6.3,41.9,45.7,7.0,goal,0.958,42,0.84
581310,6.3,39.0,52.8,16.5,save,0.539,42,0.84
581310,10.3,46.9,51.9,12.0,save,0.432,38,0.84
581310,13.0,42.7,47.7,3.8,save,0.168,45,0.84
581310,4.8,36.3,51.0,20.9,save,0.059,90,0.84
581310,9.3,57.2,53.0,4.4,goal,0.313,87,0.84
581310,27.1,32.3,52.4,12.0,goal,0.056,1,0.84
581310,7.0,32.0,50.4,11.4,save,0.017,54,0.84
581310,14.1,42.5,45.6,15.2,goal,0.534,27,0.84
581310,23.1,44.1,52.1,3.8,save,0.09,31,0.84
581310,5.0,42.9,52.6,1.3,goal,0.866,82,0.84
581310,4.4,52.1,50.3,8.2,save,0.082,78,0.84
581310,3.5,41.9,52.8,13.3,save,0.133,90,0.84
581310,27.9,34.9,53.0,14.6,save,0.104,16,0.84
98427,4.5,61.6,48.7,24.1,save,0.056,63,0.53
98427,20.7,73.0,52.7,29.1,save,0.319,51,0.53
98427,21.1,63.4,51.5,20.9,save,0.066,90,0.53
98427,13.0,45.2,50.5,31.0,save,0.064,80,0.53
98427,10.1,66.0,46.1,10.1,save,0.156,80,0.53
98427,8.7,54.2,51.0,28.5,goal,0.133,66,0.53
98427,6.6,67.1,48.0,0.6,save,0.086,49,0.53
98427,8.0,55.4,47.4,22.2,save,0.215,45,0.53
98427,6.3,54.8,49.5,31.0,save,0.08,42,0.53
98427,26.3,37.6,50.1,15.8,save,0.014,19,0.53
98427,8.3,57.7,45.4,20.9,save,0.455,17,0.53
98427,16.3,45.8,54.2,3.8,save,0.782,16,0.53
98427,1.7,59.5,50.4,14.6,save,0.022,86,0.53
98427,8.1,52.4,50.0,8.9,save,0.03,55,0.53
98427,12.6,68.7,52.7,7.0,save,0.237,34,0.53
98427,4.2,57.7,47.8,25.9,save,0.157,29,0.53
98427,14.5,30.0,50.3,28.5,save,0.056,8,0.53
98427,7.1,48.7,52.8,4.4,goal,,89,0.53
98427,4.6,50.6,49.0,5.1,goal,0.581,40,0.53
98427,6.0,35.6,50.2,13.9,save,0.1,90,0.53
98427,9.9,51.6,51.2,20.9,save,0.063,86,0.53
98427,4.3,46.0,52.5,9.5,goal,0.618,52,0.53
98427,3.0,60.2,45.7,11.4,save,0.512,42,0.53
98427,21.8,43.6,52.6,19.6,save,0.127,90,0.53
98427,8.0,37.0,49.5,3.8,save,0.151,83,0.53
98427,11.2,45.7,48.4,25.9,goal,0.608,79,0.53
98427,28.0,50.9,46.7,8.2,save,0.17,66,0.53
98427,8.5,51.4,49.8,32.9,save,0.067,37,0.53
98427,31.3,53.7,45.9,11.4,save,0.253,36,0.53
98427,13.8,34.6,53.6,11.4,goal,0.142,70,0.53
98427,5.6,47.8,51.3,1.9,goal,0.748,66,0.53
98427,10.6,53.0,54.2,9.5,goal,0.438,47,0.53
98427,14.1,57.3,50.0,24.1,save,0.032,39,0.53
98427,15.7,46.2,52.6,2.5,save,0.703,19,0.53
98427,12.6,28.6,46.2,33.5,goal,0.702,13,0.53
98427,14.4,48.3,46.2,3.8,save,0.369,11,0.53
98427,2.3,65.1,49.4,4.4,save,0.083,10,0.53
98427,18.1,46.4,45.7,3.8,goal,0.741,88,0.53
98427,6.6,48.7,53.0,15.2,goal,0.397,80,0.53
98427,7.6,46.2,50.4,13.3,goal,0.226,77,0.53
98427,10.8,52.7,53.2,32.3,save,0.46,68,0.53
98427,12.6,35.4,52.9,20.9,save,0.156,62,0.53
98427,9.7,59.9,49.7,3.2,save,0.595,18,0.53
98427,10.0,55.1,54.0,13.3,goal,0.345,90,0.53
98427,7.0,48.8,50.7,22.8,save,0.083,67,0.53
98427,18.1,43.1,52.0,23.4,save,0.161,74,0.53
98427,9.6,53.0,49.8,19.0,save,0.029,71,0.53
98427,4.2,45.8,49.2,31.0,goal,0.649,61,0.53
98427,14.7,32.7,47.4,13.9,save,0.152,52,0.53
98427,16.3,24.1,50.6,29.1,save,0.047,12,0.53
98427,9.5,42.5,53.7,25.3,goal,0.943,90,0.53
98427,17.4,51.2,53.0,1.9,goal,0.252,90,0.53
98427,7.8,51.7,47.9,17.1,save,0.149,90,0.53
98427,12.6,66.7,49.5,3.2,save,0.03,78,0.53
98427,9.5,50.5,48.7,26.6,goal,0.444,47,0.53
98427,3.5,45.1,51.8,14.6,goal,0.139,84,0.53
98427,13.5,54.4,47.7,21.5,save,0.154,83,0.53
98427,3.6,41.9,49.2,19.6,save,0.115,64,0.53
98427,7.1,52.4,48.2,17.7,save,0.095,64,0.53
98427,10.6,38.8,47.3,3.2,goal,0.846,90,0.53
98427,8.8,33.6,46.3,3.2,goal,0.942,90,0.53
98427,13.9,37.6,50.3,2.5,save,0.029,89,0.53
98427,11.8,53.0,54.2,20.9,goal,0.98,59,0.53
98427,22.8,65.3,51.9,24.7,save,0.123,47,0.53
98427,1.2,46.2,52.7,10.8,goal,0.784,37,0.53
98427,4.8,53.8,46.6,3.2,goal,0.394,11,0.53
98427,15.2,61.3,51.1,14.6,save,0.039,85,0.53
98427,21.3,42.7,51.3,1.9,save,0.058,76,0.53
98427,10.2,27.9,49.7,23.4,save,0.035,37,0.53
98427,13.9,60.6,51.9,25.3,goal,0.201,20,0.53
98427,19.8,35.6,46.8,11.4,goal,0.179,1,0.53
98427,10.8,56.2,53.1,4.4,goal,0.82,85,0.53
98427,9.5,57.7,46.1,22.8,save,0.359,45,0.53
98427,10.0,56.1,53.6,17.7,goal,0.839,34,0.53
98427,8.3,55.4,54.5,7.0,goal,0.565,33,0.53
98427,10.8,43.8,49.9,15.8,save,0.017,24,0.53
98427,5.1,48.9,46.7,6.3,goal,0.486,3,0.53
98427,11.5,50.0,53.2,8.9,goal,0.984,89,0.53
98427,9.1,42.7,49.2,15.8,save,0.318,22,0.53
98427,6.8,47.0,49.0,2.5,goal,0.556,13,0.53
98427,17.7,28.4,48.4,24.1,save,0.099,60,0.53
98427,17.6,46.0,46.3,1.3,save,0.38,53,0.53
98427,14.2,43.4,51.6,3.2,save,0.078,18,0.53
98427,7.7,52.7,46.4,12.7,goal,0.713,2,0.53
98427,4.5,52.0,47.3,7.6,goal,0.841,90,0.53
98427,4.3,66.1,46.8,1.9,save,0.162,45,0.53
98427,2.0,46.2,52.6,12.7,goal,0.577,25,0.53
98427,18.7,46.9,48.1,5.1,save,0.108,9,0.53
98427,20.1,64.4,46.2,12.0,goal,0.147,90,0.53
98427,12.5,52.2,52.6,10.8,goal,0.146,76,0.53
98427,14.3,74.4,51.1,16.5,save,0.044,87,0.53
98427,20.1,68.1,52.9,22.8,save,0.254,63,0.53
98427,9.4,53.4,51.3,14.6,save,0.047,58,0.53
98427,8.2,46.4,53.8,5.1,goal,0.892,54,0.53
98427,20.6,34.2,45.9,31.6,save,0.633,36,0.53
98427,13.2,30.4,54.3,2.5,save,0.269,36,0.53
98427,12.2,54.6,48.8,11.4,save,0.27,29,0.53
98427,12.3,42.1,46.0,4.4,goal,0.89,24,0.53
98427,10.1,51.5,53.6,13.3,save,0.511,5,0.53
98427,12.3,49.1,45.8,27.8,goal,0.544,82,0.53
98427,13.6,33.7,50.0,14.6,save,0.016,81,0.53
98427,21.5,47.4,46.5,2.5,save,0.287,65,0.53
98427,14.5,26.1,51.8,5.1,save,0.052,58,0.53
98427,21.9,34.5,52.3,22.2,save,0.104,40,0.53
98427,10.8,67.2,51.3,12.0,save,0.046,19,0.53
98427,9.9,52.0,46.0,5.1,goal,0.826,86,0.53
98427,7.5,46.2,52.4,12.7,goal,0.142,49,0.53
98427,9.0,31.6,50.9,5.7,save,0.029,17,0.53
98427,4.5,48.4,51.9,19.0,goal,0.73,1,0.53
98427,4.1,47.2,48.8,3.2,goal,0.782,83,0.53
98427,6.5,57.7,53.6,5.1,goal,0.556,72,0.53
98427,29.5,41.7,46.9,10.1,save,0.138,29,0.53
98427,8.7,50.4,48.9,13.3,save,0.144,90,0.53
98427,19.7,39.0,47.1,19.0,save,0.243,22,0.53
98427,11.1,59.0,46.7,0.6,goal,0.299,13,0.53
98427,13.3,39.1,48.8,2.5,save,0.074,75,0.53
98427,8.5,41.5,48.7,3.2,goal,0.662,66,0.53
98427,7.6,58.4,51.9,3.8,goal,0.825,45,0.53
98427,4.6,43.3,53.7,13.3,goal,0.697,44,0.53
98427,2.6,42.1,53.1,15.8,save,0.234,37,0.53
98427,22.9,62.0,49.5,9.5,save,0.018,25,0.53
98427,9.1,69.5,54.0,14.6,goal,0.501,4,0.53
98427,6.7,48.6,47.9,12.0,goal,0.778,66,0.53
98427,3.6,47.9,51.3,14.6,goal,,53,0.53
98427,8.7,48.2,53.4,7.0,save,0.288,89,0.53
98427,2.5,25.6,53.2,12.0,save,0.055,83,0.53
98427,3.7,61.1,48.9,21.5,save,0.045,81,0.53
98427,21.9,27.9,48.2,26.6,save,0.136,80,0.53
98427,20.4,32.4,50.0,28.5,save,0.031,45,0.53
98427,9.5,35.7,52.0,3.8,save,0.083,83,0.53
98427,10.7,64.3,49.1,3.2,save,0.043,35,0.53
98427,9.7,72.6,47.1,1.3,save,0.136,34,0.53
98427,21.8,37.3,47.0,12.0,save,0.144,11,0.53
98427,7.7,33.2,48.4,20.3,save,0.107,3,0.53
98427,15.0,28.6,50.6,5.7,save,0.024,62,0.53
98427,7.3,45.8,52.4,20.3,save,0.143,57,0.53
98427,23.9,43.8,51.9,31.6,save,0.159,56,0.53
98427,16.4,71.3,53.3,15.2,save,0.267,89,0.53
98427,8.7,53.8,50.4,7.0,save,0.04,45,0.53
98427,13.4,54.2,48.8,27.8,save,0.351,45,0.53
98427,12.9,88.5,51.3,22.2,save,0.078,18,0.53
98427,29.9,42.3,52.6,13.9,save,0.074,15,0.53
98427,9.1,34.0,46.1,19.6,goal,0.556,18,0.53
98427,6.7,48.7,52.1,11.4,goal,0.386,90,0.53
98427,24.2,67.0,51.1,8.9,save,0.034,88,0.53
98427,6.5,40.1,48.1,20.9,goal,0.177,65,0.53
98427,12.7,29.7,52.0,31.0,save,0.134,42,0.53
98427,6.7,53.4,48.1,18.4,goal,0.884,90,0.53
98427,11.5,50.0,51.8,16.5,goal,0.955,90,0.53
98427,14.6,55.5,51.3,26.6,goal,0.093,87,0.53
98427,19.2,50.6,49.4,7.6,save,0.029,72,0.53
98427,14.0,37.1,47.1,7.6,save,0.491,18,0.53
98427,29.3,46.6,51.5,17.7,save,0.048,44,0.53
98427,18.1,71.4,50.0,26.6,save,0.029,62,0.53
98427,11.5,50.0,53.8,1.9,goal,0.994,54,0.53
98427,19.4,72.6,49.9,35.4,save,0.053,42,0.53
