Player,Squad,Comp,Pos,Age,Min,90s,OffScore_abs,OffBand,MidScore_abs,MidBand,DefScore_abs,DefBand,IntensityScore_abs,IntensityBand,GKScore_abs,GKBand
Sergio Romero,Manchester Utd,eng Premier League,GK,30.9,90,1.0,,,,,,,,,,
Paulo Gazzaniga,Tottenham,eng Premier League,GK,26.0,90,1.0,,,,,,,,,,
David Ospina,Arsenal,eng Premier League,GK,29.3,380,4.2,,,,,,,,,,
Jack Butland,Stoke City,eng Premier League,GK,24.8,3150,35.0,,,,,,,,,724.2165340721241,Top Starter
David De Gea,Manchester Utd,eng Premier League,GK,27.2,3330,37.0,,,,,,,,,766.8897993958082,World Class
Nick Pope,Burnley,eng Premier League,GK,25.7,3114,34.6,,,,,,,,,813.936483583746,World Class
Adrián,West Ham,eng Premier League,GK,31.0,1710,19.0,,,,,,,,,737.8077183603197,Top Starter
Ederson,Manchester City,eng Premier League,GK,24.4,3195,35.5,,,,,,,,,743.0352594687853,Top Starter
Hugo Lloris,Tottenham,eng Premier League,GK,31.0,3240,36.0,,,,,,,,,772.8809272604722,World Class
Łukasz Fabiański,Swansea City,eng Premier League,GK,32.7,3420,38.0,,,,,,,,,749.1903201967845,Top Starter
Loris Karius,Liverpool,eng Premier League,GK,24.5,1710,19.0,,,,,,,,,712.5555689642796,Top Starter
Thibaut Courtois,Chelsea,eng Premier League,GK,25.6,3150,35.0,,,,,,,,,734.0249017484185,Top Starter
Martin Dúbravka,Newcastle Utd,eng Premier League,GK,29.0,1080,12.0,,,,,,,,,718.4852846328948,Top Starter
Petr Čech,Arsenal,eng Premier League,GK,35.6,3040,33.8,,,,,,,,,745.2739382159662,Top Starter
Claudio Bravo,Manchester City,eng Premier League,GK,34.7,225,2.5,,,,,,,,,,
Robert Elliot,Newcastle Utd,eng Premier League,GK,31.7,1440,16.0,,,,,,,,,668.1369530862465,Top Starter
Eldin Jakupović,Leicester City,eng Premier League,GK,33.2,180,2.0,,,,,,,,,,
Mathew Ryan,Brighton,eng Premier League,GK,25.7,3420,38.0,,,,,,,,,706.8420997583506,Top Starter
Wayne Hennessey,Crystal Palace,eng Premier League,GK,30.9,2430,27.0,,,,,,,,,746.8354460940533,Top Starter
Jordan Pickford,Everton,eng Premier League,GK,23.8,3420,38.0,,,,,,,,,664.0131956261481,Top Starter
Fraser Forster,Southampton,eng Premier League,GK,29.8,1800,20.0,,,,,,,,,634.970407834669,Top Starter
Karl Darlow,Newcastle Utd,eng Premier League,GK,27.2,900,10.0,,,,,,,,,690.5755417356824,Top Starter
Kasper Schmeichel,Leicester City,eng Premier League,GK,31.2,2966,33.0,,,,,,,,,688.789743456288,Top Starter
Asmir Begović,Bournemouth,eng Premier League,GK,30.5,3420,38.0,,,,,,,,,632.7158740173153,Top Starter
Heurelho Gomes,Watford,eng Premier League,GK,36.9,2129,23.7,,,,,,,,,628.3205920770848,Top Starter
Julián Speroni,Crystal Palace,eng Premier League,GK,38.6,990,11.0,,,,,,,,,606.2742628947954,Top Starter
Michel Vorm,Tottenham,eng Premier League,GK,34.2,90,1.0,,,,,,,,,,
Willy Caballero,Chelsea,eng Premier League,GK,36.3,270,3.0,,,,,,,,,,
Jonas Lössl,Huddersfield,eng Premier League,GK,28.9,3420,38.0,,,,,,,,,677.0152345288499,Top Starter
Simon Mignolet,Liverpool,eng Premier League,GK,29.8,1710,19.0,,,,,,,,,672.9007796017069,Top Starter
Ben Foster,West Brom,eng Premier League,GK,34.7,3330,37.0,,,,,,,,,673.3397944412707,Top Starter
Tom Heaton,Burnley,eng Premier League,GK,31.7,306,3.4,,,,,,,,,,
Alex McCarthy,Southampton,eng Premier League,GK,28.1,1620,18.0,,,,,,,,,599.5335240718169,Top Starter
Joe Hart,West Ham,eng Premier League,GK,30.7,1710,19.0,,,,,,,,,556.6598037645085,Top Starter
Orestis Karnezis,Watford,eng Premier League,GK,32.5,1291,14.3,,,,,,,,,588.492370006096,Top Starter
Boaz Myhill,West Brom,eng Premier League,GK,35.1,90,1.0,,,,,,,,,,
Ben Hamer,Leicester City,eng Premier League,GK,30.1,274,3.0,,,,,,,,,,
Lee Grant,Stoke City,eng Premier League,GK,34.9,270,3.0,,,,,,,,,,
Jérémy Pied,Southampton,eng Premier League,DF,28.9,180,2.0,,,,,,,,,,
Aaron Wan-Bissaka,Crystal Palace,eng Premier League,DF,20.1,628,7.0,,,,,812.4728200605057,World Class,563.339584632728,Top Starter,,
César Azpilicueta,Chelsea,eng Premier League,DF,28.3,3330,37.0,,,,,617.4159547839054,Top Starter,553.886031440509,Top Starter,,
Yohan Benalouane,Leicester City,eng Premier League,DF,30.8,90,1.0,,,,,,,,,,
Jesús Gámez,Newcastle Utd,eng Premier League,DF,32.7,97,1.1,,,,,,,,,,
Kieran Trippier,Tottenham,eng Premier League,DF,27.3,1913,21.3,,,,,529.720650666332,Top Starter,518.845360982847,Top Starter,,
Ben Davies,Tottenham,eng Premier League,DF,24.7,2325,25.8,,,,,507.93033251815257,Top Starter,456.3091583283043,Top Starter,,
Serge Aurier,Tottenham,eng Premier League,DF,25.0,1429,15.9,,,,,787.5201323542958,World Class,685.8097189453636,Top Starter,,
Emre Can,Liverpool,eng Premier League,MF,24.0,2094,23.3,,,630.1734399630787,Top Starter,,,627.8640499419487,Top Starter,,
Jan Vertonghen,Tottenham,eng Premier League,DF,30.7,3205,35.6,,,,,707.48184181458,Top Starter,634.4421092557644,Top Starter,,
Phil Jones,Manchester Utd,eng Premier League,DF,25.9,1975,21.9,,,,,656.3627353560112,Top Starter,500.5211684455204,Top Starter,,
Laurent Koscielny,Arsenal,eng Premier League,DF,32.3,2227,24.7,,,,,664.5195980616347,Top Starter,643.4596417565024,Top Starter,,
Nicolás Otamendi,Manchester City,eng Premier League,DF,29.9,2968,33.0,,,,,602.5418195154257,Top Starter,526.2732063154972,Top Starter,,
Virgil van Dijk,Liverpool,eng Premier League,DF,26.5,2253,25.0,,,,,681.8262058569468,Top Starter,594.0485123427277,Top Starter,,
Oleksandr Zinchenko,Manchester City,eng Premier League,DF,21.0,533,5.9,,,,,730.0621930269785,Top Starter,676.694892259365,Top Starter,,
Chris Smalling,Manchester Utd,eng Premier League,DF,28.1,2535,28.2,,,,,669.2072479687886,Top Starter,589.2483737891389,Top Starter,,
Vincent Kompany,Manchester City,eng Premier League,DF,31.7,1396,15.5,,,,,547.3847485435084,Top Starter,487.78198185301704,Top Starter,,
James Tomkins,Crystal Palace,eng Premier League,DF,28.8,2388,26.5,,,,,669.8435872736927,Top Starter,643.6429251512596,Top Starter,,
Ben Mee,Burnley,eng Premier League,DF,28.3,2610,29.0,,,,,577.6572407831958,Top Starter,503.81528923007147,Top Starter,,
James Tarkowski,Burnley,eng Premier League,DF,25.1,2790,31.0,,,,,657.2633228722315,Top Starter,568.112097385482,Top Starter,,
Andrew Robertson,Liverpool,eng Premier League,DF,23.8,1943,21.6,,,,,469.08751766120486,Top Starter,364.6403718321831,Solid Squad Player,,
Christopher Schindler,Huddersfield,eng Premier League,DF,27.7,3266,36.3,,,,,702.2623935832956,Top Starter,646.8450414149673,Top Starter,,
Marcos Alonso,Chelsea,eng Premier League,DF,27.0,2860,31.8,,,,,493.2844491716239,Top Starter,486.92949977198225,Top Starter,,
Shane Duffy,Brighton,eng Premier League,DF,26.0,3294,36.6,,,,,589.3294535989828,Top Starter,510.3269721697515,Top Starter,,
Lewis Dunk,Brighton,eng Premier League,DF,26.1,3420,38.0,,,,,685.5790699994383,Top Starter,579.3118858603506,Top Starter,,
Danilo,Manchester City,eng Premier League,DF,26.5,1341,14.9,,,,,643.2587805562375,Top Starter,514.4215940032153,Top Starter,,
Aymeric Laporte,Manchester City,eng Premier League,DF,23.6,807,9.0,,,,,586.4986803405086,Top Starter,467.06369815040466,Top Starter,,
Shkodran Mustafi,Arsenal,eng Premier League,DF,25.7,2274,25.3,,,,,799.9793724962192,World Class,681.6982851422559,Top Starter,,
Daley Blind,Manchester Utd,eng Premier League,DF,27.8,361,4.0,,,,,,,,,,
Antonio Valencia,Manchester Utd,eng Premier League,DF,32.4,2742,30.5,,,,,512.9651484262338,Top Starter,418.97261807161703,Top Starter,,
Kurt Zouma,Stoke City,eng Premier League,DF,23.2,2888,32.1,,,,,704.1337652417272,Top Starter,578.5107689498362,Top Starter,,
Kevin Long,Burnley,eng Premier League,DF,27.4,1440,16.0,,,,,692.6222622958076,Top Starter,580.9278038423965,Top Starter,,
Nacho Monreal,Arsenal,eng Premier League,DF,31.8,2242,24.9,,,,,626.1077434932024,Top Starter,611.9223366476466,Top Starter,,
Ashley Young,Manchester Utd,eng Premier League,DF,32.5,2445,27.2,,,,,579.043210769224,Top Starter,466.58048898372425,Top Starter,,
Dejan Lovren,Liverpool,eng Premier League,DF,28.5,2125,23.6,,,,,600.8409985142187,Top Starter,562.3744046405053,Top Starter,,
Eric Bailly,Manchester Utd,eng Premier League,DF,23.7,1000,11.1,,,,,595.3411872770845,Top Starter,453.249184496327,Top Starter,,
Andreas Christensen,Chelsea,eng Premier League,DF,21.7,2070,23.0,,,,,578.4807434422353,Top Starter,473.6926825040551,Top Starter,,
Joël Matip,Liverpool,eng Premier League,DF,26.4,1995,22.2,,,,,631.3562591223733,Top Starter,529.434109020535,Top Starter,,
Trent Alexander-Arnold,Liverpool,eng Premier League,DF,19.2,1575,17.5,,,,,515.5623451397067,Top Starter,413.9849224802639,Top Starter,,
José Fonte,West Ham,eng Premier League,DF,34.0,690,7.7,,,,,589.302595302239,Top Starter,522.6849731255242,Top Starter,,
Kyle Walker,Manchester City,eng Premier League,DF,27.6,2787,31.0,,,,,499.45023080049464,Top Starter,490.0001688965515,Top Starter,,
Terence Kongolo,Huddersfield,eng Premier League,DF,23.9,1047,11.6,,,,,851.1183895223957,World Class,592.6633691830264,Top Starter,,
Harry Maguire,Leicester City,eng Premier League,DF,24.8,3420,38.0,,,,,671.392181350813,Top Starter,558.4856754167763,Top Starter,,
Alberto Moreno,Liverpool,eng Premier League,DF,25.5,1264,14.0,,,,,432.39367698661437,Top Starter,414.3237510603722,Top Starter,,
Luke Shaw,Manchester Utd,eng Premier League,DF,22.5,788,8.8,,,,,521.4120482054157,Top Starter,460.375888562018,Top Starter,,
Eric Dier,Tottenham,eng Premier League,MF,24.0,2827,31.4,,,399.93637271187555,Solid Squad Player,,,579.6909427614266,Top Starter,,
Jamaal Lascelles,Newcastle Utd,eng Premier League,DF,24.1,2928,32.5,,,,,547.3681432736774,Top Starter,461.31094188272743,Top Starter,,
Steve Cook,Bournemouth,eng Premier League,DF,26.7,2766,30.7,,,,,655.8454351568091,Top Starter,555.8035930791755,Top Starter,,
Davinson Sánchez,Tottenham,eng Premier League,DF,21.6,2535,28.2,,,,,617.2045310285854,Top Starter,495.9574615950057,Top Starter,,
Kyle Walker-Peters,Tottenham,eng Premier League,DF,20.7,188,2.1,,,,,,,,,,
John Stones,Manchester City,eng Premier League,DF,23.6,1306,14.5,,,,,477.0366521465939,Top Starter,452.39451964967094,Top Starter,,
Joe Gomez,Liverpool,eng Premier League,DF,20.6,1901,21.1,,,,,628.9417734240221,Top Starter,537.7194975198643,Top Starter,,
Antonio Rüdiger,Chelsea,eng Premier League,DF,24.8,2336,26.0,,,,,492.7255766040725,Top Starter,428.79299487249256,Top Starter,,
Ragnar Klavan,Liverpool,eng Premier League,DF,32.2,1449,16.1,,,,,482.48064972703327,Top Starter,425.4958757557624,Top Starter,,
Florian Lejeune,Newcastle Utd,eng Premier League,DF,26.6,2104,23.4,,,,,704.115140241534,Top Starter,577.0506076861573,Top Starter,,
Ahmed Hegazi,West Brom,eng Premier League,DF,26.9,3387,37.6,,,,,639.2637975557616,Top Starter,503.7101912674552,Top Starter,,
Matthew Lowton,Burnley,eng Premier League,DF,28.6,2295,25.5,,,,,604.1336478057649,Top Starter,461.64973403004797,Top Starter,,
Patrick van Aanholt,Crystal Palace,eng Premier League,DF,27.3,2185,24.3,,,,,575.9125541692795,Top Starter,397.050822160498,Solid Squad Player,,
Ryan Shawcross,Stoke City,eng Premier League,DF,30.2,2372,26.4,,,,,605.6175590572011,Top Starter,546.8960516798168,Top Starter,,
Wesley Hoedt,Southampton,eng Premier League,DF,23.8,2520,28.0,,,,,728.0505602841853,Top Starter,521.2724475222152,Top Starter,,
Leighton Baines,Everton,eng Premier League,DF,33.1,1910,21.2,,,,,413.4749733830773,Top Starter,306.88795300588265,Solid Squad Player,,
James Collins,West Ham,eng Premier League,DF,34.4,1050,11.7,,,,,613.1463464936123,Top Starter,517.8326805946429,Top Starter,,
Matt Targett,Southampton,eng Premier League,DF,22.3,167,1.9,,,,,,,,,,
Younès Kaboul,Watford,eng Premier League,DF,32.0,151,1.7,,,,,,,,,,
Alfie Mawson,Swansea City,eng Premier League,DF,24.0,3420,38.0,,,,,558.8593116867117,Top Starter,468.7911099784422,Top Starter,,
Mamadou Sakho,Crystal Palace,eng Premier League,DF,27.9,1600,17.8,,,,,580.6096952850522,Top Starter,459.2204923793979,Top Starter,,
Maya Yoshida,Southampton,eng Premier League,DF,29.4,2051,22.8,,,,,640.5874617063704,Top Starter,514.854098463567,Top Starter,,
David Luiz,Chelsea,eng Premier League,DF,30.7,839,9.3,,,,,597.3471107767525,Top Starter,537.7702883541511,Top Starter,,
Nathan Aké,Bournemouth,eng Premier League,DF,22.9,3353,37.3,,,,,586.343577557942,Top Starter,493.58223472649956,Top Starter,,
Toby Alderweireld,Tottenham,eng Premier League,DF,28.8,1177,13.1,,,,,387.3188402623941,Solid Squad Player,308.7505681552857,Solid Squad Player,,
Kyle Bartley,Swansea City,eng Premier League,DF,26.6,234,2.6,,,,,,,,,,
Cuco Martina,Everton,eng Premier League,DF,28.3,1831,20.3,,,,,634.216155765982,Top Starter,486.41860604640283,Top Starter,,
Federico Fernández,Swansea City,eng Premier League,DF,28.9,2677,29.7,,,,,576.0930015544758,Top Starter,448.51235241583,Top Starter,,
Benjamin Mendy,Manchester City,eng Premier League,DF,23.5,361,4.0,,,,,,,,,,
Craig Cathcart,Watford,eng Premier League,DF,28.9,495,5.5,,,,,560.9458304680678,Top Starter,347.18039543212296,Solid Squad Player,,
Craig Dawson,West Brom,eng Premier League,DF,27.7,2509,27.9,,,,,678.435433897281,Top Starter,585.5668934908189,Top Starter,,
Simon Francis,Bournemouth,eng Premier League,DF,32.9,2707,30.1,,,,,688.0132430295496,Top Starter,611.6108916652495,Top Starter,,
Christian Kabasele,Watford,eng Premier League,DF,26.9,2332,25.9,,,,,604.9611159061046,Top Starter,544.1354500102188,Top Starter,,
Mike van der Hoorn,Swansea City,eng Premier League,DF,25.2,1949,21.7,,,,,667.4288586221255,Top Starter,517.8152861932873,Top Starter,,
Séamus Coleman,Everton,eng Premier League,DF,29.2,1035,11.5,,,,,597.2637148302056,Top Starter,396.5269253493613,Solid Squad Player,,
Victor Lindelöf,Manchester Utd,eng Premier League,DF,23.5,1284,14.3,,,,,475.58473149804115,Top Starter,353.71766066379035,Solid Squad Player,,
Stephen Ward,Burnley,eng Premier League,DF,32.4,2462,27.4,,,,,594.6391944472258,Top Starter,463.63604231488125,Top Starter,,
Michael Keane,Everton,eng Premier League,DF,25.0,2560,28.4,,,,,644.0675592728857,Top Starter,559.7189221464381,Top Starter,,
Kiko Femenía,Watford,eng Premier League,DF,26.9,1714,19.0,,,,,559.141134619803,Top Starter,413.93982723310165,Top Starter,,
Phil Jagielka,Everton,eng Premier League,DF,35.4,2065,22.9,,,,,651.2686075079295,Top Starter,526.6612033702247,Top Starter,,
José Holebas,Watford,eng Premier League,DF,33.5,2381,26.5,,,,,535.7402785824686,Top Starter,461.2819750384922,Top Starter,,
Joel Ward,Crystal Palace,eng Premier League,DF,28.2,1616,18.0,,,,,569.1391227216516,Top Starter,492.51485859648557,Top Starter,,
Mason Holgate,Everton,eng Premier League,DF,21.2,1183,13.1,,,,,671.2946185592903,Top Starter,536.6436357629116,Top Starter,,
Phil Bardsley,Burnley,eng Premier League,DF,32.5,1125,12.5,,,,,603.6006138447772,Top Starter,490.73162152038145,Top Starter,,
Gary Cahill,Chelsea,eng Premier League,DF,32.0,2084,23.2,,,,,577.8713145398785,Top Starter,530.3805353764329,Top Starter,,
Aaron Cresswell,West Ham,eng Premier League,DF,28.0,3071,34.1,,,,,484.0415584258845,Top Starter,376.049973257378,Solid Squad Player,,
Paul Dummett,Newcastle Utd,eng Premier League,DF,26.3,1603,17.8,,,,,662.4132770058837,Top Starter,522.5302081049451,Top Starter,,
Bruno,Brighton,eng Premier League,DF,37.3,2017,22.4,,,,,520.66465004489,Top Starter,396.9258576334454,Solid Squad Player,,
Sead Kolašinac,Arsenal,eng Premier League,DF,24.5,2152,23.9,,,,,541.3484826927746,Top Starter,489.0218601138319,Top Starter,,
Angelo Ogbonna,West Ham,eng Premier League,DF,29.6,2880,32.0,,,,,618.4727124233846,Top Starter,448.8507162842419,Top Starter,,
Ashley Williams,Everton,eng Premier League,DF,33.4,1832,20.4,,,,,556.5605235047171,Top Starter,466.3858159558892,Top Starter,,
Calum Chambers,Arsenal,eng Premier League,DF,22.9,869,9.7,,,,,696.6486101828592,Top Starter,602.6361128877836,Top Starter,,
Erik Pieters,Stoke City,eng Premier League,DF,29.4,2720,30.2,,,,,627.893582253833,Top Starter,523.9472808331013,Top Starter,,
Jonny Evans,West Brom,eng Premier League,DF,30.0,2273,25.3,,,,,609.4427149268809,Top Starter,460.0686255927339,Top Starter,,
Christian Fuchs,Leicester City,eng Premier League,DF,31.7,1918,21.3,,,,,637.881975432083,Top Starter,632.9287406541736,Top Starter,,
Ryan Bertrand,Southampton,eng Premier League,DF,28.4,3136,34.8,,,,,470.94653859887427,Top Starter,390.9326477562335,Solid Squad Player,,
Aleksandar Dragović,Leicester City,eng Premier League,DF,26.8,767,8.5,,,,,681.8309071615158,Top Starter,423.3720236365405,Top Starter,,
Charlie Daniels,Bournemouth,eng Premier League,DF,31.3,3004,33.4,,,,,431.34567909453295,Top Starter,386.0932102315719,Solid Squad Player,,
Ciaran Clark,Newcastle Utd,eng Premier League,DF,28.3,1745,19.4,,,,,488.7601712838761,Top Starter,389.6674253399789,Solid Squad Player,,
Connor Roberts,Swansea City,eng Premier League,DF,22.3,268,3.0,,,,,,,,,,
Jack Stephens,Southampton,eng Premier League,DF,23.9,1979,22.0,,,,,650.4386532609917,Top Starter,463.60881420244885,Top Starter,,
Daryl Janmaat,Watford,eng Premier League,DF,28.4,1822,20.2,,,,,637.3169972876672,Top Starter,502.51761666435823,Top Starter,,
Lasse Sørensen,Stoke City,eng Premier League,Def_MF,18.2,76,0.8,,,,,,,,,,
Danny Rose,Tottenham,eng Premier League,DF,27.5,801,8.9,,,,,525.1363430492598,Top Starter,443.21189180230357,Top Starter,,
Reece Oxford,West Ham,eng Premier League,DF,19.0,4,0.0,,,,,,,,,,
Kostas Stafylidis,Stoke City,eng Premier League,DF,24.1,334,3.7,,,,,,,,,,
Chancel Mbemba,Newcastle Utd,eng Premier League,DF,23.4,672,7.5,,,,,615.5414333387095,Top Starter,574.0842517620741,Top Starter,,
Héctor Bellerín,Arsenal,eng Premier League,DF,22.8,3051,33.9,,,,,402.89051209945706,Top Starter,366.1363313561948,Solid Squad Player,,
Scott Dann,Crystal Palace,eng Premier League,DF,30.9,1435,15.9,,,,,515.8906742524125,Top Starter,450.9786902988775,Top Starter,,
Per Mertesacker,Arsenal,eng Premier League,DF,33.3,365,4.1,,,,,,,,,,
Allan Nyom,West Brom,eng Premier League,DF,29.6,2308,25.6,,,,,502.81495035204813,Top Starter,403.53989318059854,Top Starter,,
Kieran Gibbs,West Brom,eng Premier League,DF,28.3,2830,31.4,,,,,487.93635630702414,Top Starter,380.5627705589691,Solid Squad Player,,
Mathias Jørgensen,Huddersfield,eng Premier League,DF,27.7,3420,38.0,,,,,603.0764831555239,Top Starter,491.23757979474277,Top Starter,,
Sam Byram,West Ham,eng Premier League,DF,24.3,247,2.7,,,,,,,,,,
Jonjoe Kenny,Everton,eng Premier League,DF,20.8,1589,17.7,,,,,611.7969766003946,Top Starter,544.8651533846531,Top Starter,,
Arthur Masuaku,West Ham,eng Premier League,DF,24.2,1871,20.8,,,,,574.3467610142761,Top Starter,518.175675619447,Top Starter,,
Kyle Naughton,Swansea City,eng Premier League,DF,29.1,3033,33.7,,,,,659.2903856619822,Top Starter,591.5073659022819,Top Starter,,
Tom Edwards,Stoke City,eng Premier League,DF,18.9,483,5.4,,,,,476.70455943859497,Top Starter,479.4160209074693,Top Starter,,
Rob Holding,Arsenal,eng Premier League,DF,22.3,820,9.1,,,,,761.9340453650722,World Class,660.1220106022099,Top Starter,,
Ben Chilwell,Leicester City,eng Premier League,DF,21.0,1852,20.6,,,,,627.5135201273756,Top Starter,636.7180444995938,Top Starter,,
Emerson Palmieri,Chelsea,eng Premier League,DF,23.4,279,3.1,,,,,,,,,,
Winston Reid,West Ham,eng Premier League,DF,29.5,1454,16.2,,,,,536.2036829935478,Top Starter,430.74855489300694,Top Starter,,
Adam Smith,Bournemouth,eng Premier League,DF,26.7,2069,23.0,,,,,508.2743645743716,Top Starter,431.64300457719924,Top Starter,,
DeAndre Yedlin,Newcastle Utd,eng Premier League,DF,24.5,2842,31.6,,,,,515.0257098629432,Top Starter,456.25853453690274,Top Starter,,
Timothy Fosu-Mensah,Crystal Palace,eng Premier League,DF,20.0,1594,17.7,,,,,621.3999578845223,Top Starter,453.92833256365304,Top Starter,,
Pablo Zabaleta,West Ham,eng Premier League,DF,33.0,3291,36.6,,,,,625.5676695953651,Top Starter,516.9033538466923,Top Starter,,
Charlie Taylor,Burnley,eng Premier League,DF,24.3,949,10.5,,,,,566.7437862073753,Top Starter,490.20062237282997,Top Starter,,
Wes Morgan,Leicester City,eng Premier League,DF,33.9,2818,31.3,,,,,485.2545965276107,Top Starter,440.6546485740998,Top Starter,,
Marvin Zeegelaar,Watford,eng Premier League,DF,27.4,995,11.1,,,,,656.1817593143962,Top Starter,463.26174556055605,Top Starter,,
Sebastian Prödl,Watford,eng Premier League,DF,30.5,1568,17.4,,,,,652.8025610246431,Top Starter,473.0591685809473,Top Starter,,
Matteo Darmian,Manchester Utd,eng Premier League,DF,28.1,444,4.9,,,,,,,,,,
Gaëtan Bong,Brighton,eng Premier League,DF,29.7,2238,24.9,,,,,558.0546652157204,Top Starter,404.8072134729459,Top Starter,,
Ainsley Maitland-Niles,Arsenal,eng Premier League,DF,20.3,908,10.1,,,,,622.4490510765464,Top Starter,436.3834048486701,Top Starter,,
Marcos Rojo,Manchester Utd,eng Premier League,DF,27.8,640,7.1,,,,,576.1654042580011,Top Starter,405.06843277252426,Top Starter,,
Adrian Mariappa,Watford,eng Premier League,DF,31.8,2208,24.5,,,,,681.8793390094912,Top Starter,597.9817803758315,Top Starter,,
Moritz Bauer,Stoke City,eng Premier League,DF,25.9,1308,14.5,,,,,543.6582687766015,Top Starter,359.06471506033665,Solid Squad Player,,
Chris Löwe,Huddersfield,eng Premier League,DF,28.7,1594,17.7,,,,,574.2539909466142,Top Starter,441.44929170838833,Top Starter,,
Markus Suttner,Brighton,eng Premier League,DF,30.7,1178,13.1,,,,,403.7917733351651,Top Starter,361.1596675117509,Solid Squad Player,,
Tyrone Mings,Bournemouth,eng Premier League,DF,24.8,202,2.2,,,,,,,,,,
Jan Bednarek,Southampton,eng Premier League,DF,21.7,427,4.7,,,,,,,,,,
Eliaquim Mangala,Everton,eng Premier League,DF,26.9,618,6.9,,,,,363.7178735910049,Solid Squad Player,354.88852264797663,Solid Squad Player,,
Tommy Smith,Huddersfield,eng Premier League,DF,25.7,1908,21.2,,,,,502.503000307881,Top Starter,381.7506352651947,Solid Squad Player,,
Geoff Cameron,Stoke City,eng Premier League,DF,32.5,1524,16.9,,,,,590.6992627240242,Top Starter,543.9706602457263,Top Starter,,
Scott Malone,Huddersfield,eng Premier League,DF,26.8,1115,12.4,,,,,660.1772916541636,Top Starter,520.8179421864224,Top Starter,,
Kevin Wimmer,Stoke City,eng Premier League,DF,25.1,1321,14.7,,,,,535.5467350107757,Top Starter,422.48074077278466,Top Starter,,
Bruno Martins Indi,Stoke City,eng Premier League,DF,25.9,1246,13.8,,,,,536.7860371432478,Top Starter,399.5299077190531,Solid Squad Player,,
Dan Gosling,Bournemouth,eng Premier League,MF,27.9,1943,21.6,,,419.7858299032265,Top Starter,,,607.0275270524648,Top Starter,,
Molla Wagué,Watford,eng Premier League,DF,26.9,440,4.9,,,,,,,,,,
Nathaniel Clyne,Liverpool,eng Premier League,DF,26.7,174,1.9,,,,,,,,,,
Liam Rosenior,Brighton,eng Premier League,DF,33.5,163,1.8,,,,,,,,,,
Ramiro Funes Mori,Everton,eng Premier League,DF,26.8,119,1.3,,,,,,,,,,
Javier Manquillo,Newcastle Utd,eng Premier League,DF,23.7,1759,19.5,,,,,440.8538800439542,Top Starter,359.13126686689185,Solid Squad Player,,
Martin Kelly,Crystal Palace,eng Premier League,DF,27.7,1194,13.3,,,,,413.41185976207885,Top Starter,367.77662394469974,Solid Squad Player,,
Connor Goldson,Brighton,eng Premier League,DF,25.0,199,2.2,,,,,,,,,,
Martin Cranie,Huddersfield,eng Premier League,DF,31.3,180,2.0,,,,,,,,,,
Miguel Britos,Watford,eng Premier League,DF,32.5,798,8.9,,,,,611.547783316813,Top Starter,549.3894528658296,Top Starter,,
Danny Simpson,Leicester City,eng Premier League,DF,31.0,2313,25.7,,,,,451.54594758463656,Top Starter,399.39780196999646,Solid Squad Player,,
Patrice Evra,West Ham,eng Premier League,DF,36.6,228,2.5,,,,,,,,,,
Gareth McAuley,West Brom,eng Premier League,DF,38.1,456,5.1,,,,,607.478653945093,Top Starter,546.4599903012951,Top Starter,,
Ezequiel Schelotto,Brighton,eng Premier League,DF,28.6,1315,14.6,,,,,584.2581801653325,Top Starter,426.53733670366705,Top Starter,,
Martin Olsson,Swansea City,eng Premier League,DF,29.6,3154,35.0,,,,,400.0686596380426,Top Starter,316.740984589919,Solid Squad Player,,
Glen Johnson,Stoke City,eng Premier League,DF,33.4,550,6.1,,,,,580.243765531679,Top Starter,358.4675946441414,Solid Squad Player,,
Àngel Rangel,Swansea City,eng Premier League,DF,35.2,155,1.7,,,,,,,,,,
Uwe Hünemeier,Brighton,eng Premier League,DF,32.0,17,0.2,,,,,,,,,,
Jack Simpson,Bournemouth,eng Premier League,DF,21.0,72,0.8,,,,,,,,,,
Josh Tymon,Stoke City,eng Premier League,DF,18.6,162,1.8,,,,,,,,,,
Michael Hefele,Huddersfield,eng Premier League,DF,27.3,32,0.4,,,,,,,,,,
Damien Delaney,Crystal Palace,eng Premier League,DF,36.5,95,1.1,,,,,,,,,,
Konstantinos Mavropanos,Arsenal,eng Premier League,DF,20.1,195,2.2,,,,,,,,,,
Axel Tuanzebe,Manchester Utd,eng Premier League,DF,20.1,1,0.0,,,,,,,,,,
Massadio Haïdara,Newcastle Utd,eng Premier League,DF,25.1,3,0.0,,,,,,,,,,
Philippe Coutinho,Liverpool,eng Premier League,Off_MF,25.6,1116,12.4,976.8781904389815,Exceptional,,,,,522.3942044717521,Top Starter,,
Kevin De Bruyne,Manchester City,eng Premier League,Off_MF,26.5,3083,34.3,781.9846255249968,World Class,,,,,546.3778578339536,Top Starter,,
Mohamed Salah,Liverpool,eng Premier League,FW,25.5,2921,32.5,841.3709088334874,World Class,,,,,392.4010620350948,Solid Squad Player,,
Mesut Özil,Arsenal,eng Premier League,Off_MF,29.2,2164,24.0,701.2801571798094,Top Starter,,,,,420.23432667743606,Top Starter,,
David Silva,Manchester City,eng Premier League,Off_MF,32.0,2435,27.1,788.361902549806,World Class,,,,,496.8902782647563,Top Starter,,
Leroy Sané,Manchester City,eng Premier League,FW,22.0,2422,26.9,758.024876119524,World Class,,,,,489.07072433021403,Top Starter,,
Christian Eriksen,Tottenham,eng Premier League,Off_MF,25.9,3226,35.8,674.8078654038113,Top Starter,,,,,452.69471826629496,Top Starter,,
Paul Pogba,Manchester Utd,eng Premier League,MF,24.8,2151,23.9,,,738.458258489962,Top Starter,,,573.4951609782411,Top Starter,,
Cesc Fàbregas,Chelsea,eng Premier League,Off_MF,30.7,2308,25.6,490.6281236750861,Top Starter,,,,,517.5832739328844,Top Starter,,
Roberto Firmino,Liverpool,eng Premier League,FW,26.3,2776,30.8,683.1735989486568,Top Starter,,,,,548.9258591087201,Top Starter,,
Fernandinho,Manchester City,eng Premier League,MF,32.7,2885,32.1,,,576.2066399415071,Top Starter,,,652.1953903758016,Top Starter,,
Aaron Ramsey,Arsenal,eng Premier League,Off_MF,27.0,1846,20.5,734.4370487536594,Top Starter,,,,,534.2234826108744,Top Starter,,
Sadio Mané,Liverpool,eng Premier League,FW,25.7,2206,24.5,702.2430148365984,Top Starter,,,,,528.697459362306,Top Starter,,
Willian,Chelsea,eng Premier League,Off_MF,29.4,1883,20.9,755.4678397580246,World Class,,,,,485.2406367794838,Top Starter,,
Xherdan Shaqiri,Stoke City,eng Premier League,Off_MF,26.2,3049,33.9,557.8960286484161,Top Starter,,,,,321.84657594743624,Solid Squad Player,,
Granit Xhaka,Arsenal,eng Premier League,MF,25.3,3266,36.3,,,584.5246394845834,Top Starter,,,533.2778205762171,Top Starter,,
Pascal Groß,Brighton,eng Premier League,FW,26.5,2947,32.7,500.71818880868534,Top Starter,,,,,339.3570016373619,Solid Squad Player,,
Robbie Brady,Burnley,eng Premier League,Off_MF,26.0,1279,14.2,375.9183010157016,Solid Squad Player,,,,,406.93288247258124,Top Starter,,
Manuel Lanzini,West Ham,eng Premier League,Off_MF,24.9,2048,22.8,611.4826637666231,Top Starter,,,,,492.0199867180853,Top Starter,,
Wilfried Zaha,Crystal Palace,eng Premier League,FW,25.1,2551,28.3,509.30678587849985,Top Starter,,,,,502.4261500472619,Top Starter,,
Junior Stanislas,Bournemouth,eng Premier League,Off_MF,28.1,1296,14.4,462.0864072178481,Top Starter,,,,,347.4045322726988,Solid Squad Player,,
Chris Brunt,West Brom,eng Premier League,MF,33.0,1921,21.3,,,627.0273003311044,Top Starter,,,425.1547105138437,Top Starter,,
N'Golo Kanté,Chelsea,eng Premier League,MF,26.8,2998,33.3,,,517.3865353931408,Top Starter,,,585.2337652988779,Top Starter,,
Henrikh Mkhitaryan,Arsenal,eng Premier League,Off_MF,28.9,1727,19.2,727.1317184058946,Top Starter,,,,,517.2458705577744,Top Starter,,
Nemanja Matić,Manchester Utd,eng Premier League,MF,29.4,3119,34.7,,,417.7879393466047,Top Starter,,,582.6484506263703,Top Starter,,
Fabian Delph,Manchester City,eng Premier League,DF,28.1,1746,19.4,,,,,577.6908242953888,Top Starter,508.8568935429312,Top Starter,,
Alex Iwobi,Arsenal,eng Premier League,Off_MF,21.7,1843,20.5,546.7236395228186,Top Starter,,,,,389.5537966639644,Solid Squad Player,,
Juan Mata,Manchester Utd,eng Premier League,FW,29.7,1930,21.4,440.90978606245324,Top Starter,,,,,369.4669369033042,Solid Squad Player,,
Riyad Mahrez,Leicester City,eng Premier League,Off_MF,26.9,2960,32.9,706.2291072371168,Top Starter,,,,,485.5998009320914,Top Starter,,
Alex Oxlade-Chamberlain,Liverpool,eng Premier League,Off_MF,24.4,1726,19.2,665.2453435221867,Top Starter,,,,,544.2057227491753,Top Starter,,
Jóhann Berg Guðmundsson,Burnley,eng Premier League,Off_MF,27.2,2840,31.6,448.8568653942485,Top Starter,,,,,423.8471940307713,Top Starter,,
Jordan Henderson,Liverpool,eng Premier League,MF,27.5,2172,24.1,,,443.72356775723983,Top Starter,,,501.9633610885773,Top Starter,,
João Mário,West Ham,eng Premier League,Off_MF,25.0,1027,11.4,366.8172382735942,Solid Squad Player,,,,,495.4503359438986,Top Starter,,
Jonjo Shelvey,Newcastle Utd,eng Premier League,MF,25.8,2267,25.2,,,523.8030579573233,Top Starter,,,424.02045649634425,Top Starter,,
Aaron Mooy,Huddersfield,eng Premier League,MF,27.3,3071,34.1,,,545.7493954800701,Top Starter,,,549.9539445162341,Top Starter,,
Abdoulaye Doucouré,Watford,eng Premier League,MF,25.0,3325,36.9,,,515.2976350977744,Top Starter,,,538.8858296303976,Top Starter,,
Ryan Fraser,Bournemouth,eng Premier League,Off_MF,23.9,2009,22.3,425.3333908981697,Top Starter,,,,,354.7719980741163,Solid Squad Player,,
James Milner,Liverpool,eng Premier League,MF,32.0,1762,19.6,,,657.1080866679303,Top Starter,,,604.1397665662761,Top Starter,,
Luka Milivojević,Crystal Palace,eng Premier League,MF,26.7,3081,34.2,,,410.85000570820023,Top Starter,,,577.9309667981832,Top Starter,,
Idrissa Gana Gueye,Everton,eng Premier League,MF,28.3,2757,30.6,,,452.00122287081746,Top Starter,,,610.8479831283232,Top Starter,,
Callum Hudson-Odoi,Chelsea,eng Premier League,FW,17.1,27,0.3,,,,,,,,,,
Mario Lemina,Southampton,eng Premier League,MF,24.3,1721,19.1,,,418.85985250693676,Top Starter,,,601.4134775706711,Top Starter,,
Dele Alli,Tottenham,eng Premier League,Off_MF,21.7,2970,33.0,682.9604094605361,Top Starter,,,,,502.8331300001426,Top Starter,,
Steven Davis,Southampton,eng Premier League,MF,33.0,1521,16.9,,,401.46162739918043,Top Starter,,,434.0196512722048,Top Starter,,
Ki Sung-yueng,Swansea City,eng Premier League,MF,28.9,1869,20.8,,,424.0902439712445,Top Starter,,,342.0732916494222,Solid Squad Player,,
Anthony Martial,Manchester Utd,eng Premier League,FW,22.1,1581,17.6,759.2806546128824,World Class,,,,,482.0804129354414,Top Starter,,
Bernardo Silva,Manchester City,eng Premier League,FW,23.4,1520,16.9,585.7823603416698,Top Starter,,,,,525.4531033400754,Top Starter,,
Yaya Touré,Manchester City,eng Premier League,MF,34.6,228,2.5,,,,,,,,,,
James Ward-Prowse,Southampton,eng Premier League,FW,23.2,1714,19.0,399.99574483937397,Solid Squad Player,,,,,371.841944833458,Solid Squad Player,,
İlkay Gündoğan,Manchester City,eng Premier League,MF,27.2,1510,16.8,,,553.9324475628889,Top Starter,,,525.0801346613358,Top Starter,,
Theo Walcott,Everton,eng Premier League,FW,28.8,1216,13.5,457.6587823827658,Top Starter,,,,,500.620536325074,Top Starter,,
Will Hughes,Watford,eng Premier League,Off_MF,22.7,993,11.0,489.7337140110808,Top Starter,,,,,527.7811557900178,Top Starter,,
Andrew Surman,Bournemouth,eng Premier League,MF,31.4,1852,20.6,,,497.92922451769465,Top Starter,,,376.15932816185835,Solid Squad Player,,
Badou Ndiaye,Stoke City,eng Premier League,MF,27.2,1140,12.7,,,492.4641383261504,Top Starter,,,569.2022549014308,Top Starter,,
Matt Ritchie,Newcastle Utd,eng Premier League,Off_MF,28.3,2812,31.2,392.2200902425611,Solid Squad Player,,,,,401.25452583130317,Top Starter,,
Gylfi Sigurðsson,Everton,eng Premier League,Off_MF,28.3,2262,25.1,365.1776446026001,Solid Squad Player,,,,,373.0203146455801,Solid Squad Player,,
Ruben Loftus-Cheek,Crystal Palace,eng Premier League,Off_MF,21.9,1875,20.8,445.0263289247667,Top Starter,,,,,511.75700617853283,Top Starter,,
Oriol Romeu,Southampton,eng Premier League,MF,26.3,2901,32.2,,,398.4415607677612,Solid Squad Player,,,659.2167584583628,Top Starter,,
Steven Defour,Burnley,eng Premier League,MF,29.7,2008,22.3,,,330.40028063585794,Solid Squad Player,,,379.2692583285495,Solid Squad Player,,
Anthony Knockaert,Brighton,eng Premier League,Off_MF,26.1,2426,27.0,313.60086847073603,Solid Squad Player,,,,,435.2573316697279,Top Starter,,
Kenedy,Newcastle Utd,eng Premier League,Off_MF,21.9,1030,11.4,424.3434143314827,Top Starter,,,,,556.8620243734131,Top Starter,,
Pedro Obiang,West Ham,eng Premier League,MF,25.8,1562,17.4,,,345.20727673399693,Solid Squad Player,,,576.053885032652,Top Starter,,
Charly Musonda Jr.,Chelsea,eng Premier League,FW,21.2,35,0.4,,,,,,,,,,
Dodi Lukebakio,Watford,eng Premier League,Off_MF,20.3,15,0.2,,,,,,,,,,
Tom Carroll,Swansea City,eng Premier League,MF,25.6,2569,28.5,,,509.6365454583511,Top Starter,,,387.8791054781733,Solid Squad Player,,
Yohan Cabaye,Crystal Palace,eng Premier League,MF,32.0,2386,26.5,,,460.7368468637709,Top Starter,,,498.5976873677607,Top Starter,,
Vicente Iborra,Leicester City,eng Premier League,MF,30.0,1415,15.7,,,341.6799440947914,Solid Squad Player,,,487.0954947114967,Top Starter,,
Mark Noble,West Ham,eng Premier League,MF,30.7,2405,26.7,,,392.5026225461034,Solid Squad Player,,,506.5121175907352,Top Starter,,
Jack Wilshere,Arsenal,eng Premier League,MF,26.0,1187,13.2,,,682.868459345589,Top Starter,,,489.7129510979964,Top Starter,,
Nathaniel Chalobah,Watford,eng Premier League,MF,23.1,447,5.0,,,283.91935310986435,Solid Squad Player,,,495.61601303926415,Top Starter,,
Alex Pritchard,Huddersfield,eng Premier League,Off_MF,24.7,1002,11.1,431.8559339128786,Top Starter,,,,,479.16768782083545,Top Starter,,
Mikel Merino,Newcastle Utd,eng Premier League,MF,21.5,1343,14.9,,,498.20374822634744,Top Starter,,,656.5785683743761,Top Starter,,
Wilfred Ndidi,Leicester City,eng Premier League,MF,21.0,2899,32.2,,,422.7963601822749,Top Starter,,,672.1252301045199,Top Starter,,
Mohamed Elneny,Arsenal,eng Premier League,MF,25.5,869,9.7,,,452.38940992464615,Top Starter,,,418.6306642548852,Top Starter,,
Nathan Redmond,Southampton,eng Premier League,FW,23.8,1947,21.6,326.993154155832,Solid Squad Player,,,,,447.83815642118486,Top Starter,,
Marc Albrighton,Leicester City,eng Premier League,Off_MF,28.1,2543,28.3,469.2878690809332,Top Starter,,,,,458.8137190726861,Top Starter,,
Ashley Barnes,Burnley,eng Premier League,FW,28.2,2157,24.0,403.7997940532553,Top Starter,,,,,544.4056955427035,Top Starter,,
Dale Stephens,Brighton,eng Premier League,MF,28.6,3240,36.0,,,382.8844282711377,Solid Squad Player,,,504.1900268943675,Top Starter,,
Mousa Dembélé,Tottenham,eng Premier League,MF,30.5,1883,20.9,,,394.2981854807227,Solid Squad Player,,,527.5475787064712,Top Starter,,
Georginio Wijnaldum,Liverpool,eng Premier League,MF,27.1,2387,26.5,,,392.06167455738176,Solid Squad Player,,,384.2703385659808,Solid Squad Player,,
Jonathan Hogg,Huddersfield,eng Premier League,MF,29.1,2406,26.7,,,343.9931121056365,Solid Squad Player,,,587.0330595370777,Top Starter,,
Tom Cleverley,Watford,eng Premier League,MF,28.4,1905,21.2,,,460.56854937604294,Top Starter,,,480.1021183483731,Top Starter,,
Tiemoué Bakayoko,Chelsea,eng Premier League,MF,23.4,2124,23.6,,,438.12161016569826,Top Starter,,,580.8795700986694,Top Starter,,
Victor Wanyama,Tottenham,eng Premier League,MF,26.5,839,9.3,,,470.8514671344218,Top Starter,,,703.5307765544258,Top Starter,,
Leroy Fer,Swansea City,eng Premier League,MF,28.0,1399,15.5,,,402.2829050439357,Top Starter,,,572.3797860888654,Top Starter,,
Jordon Ibe,Bournemouth,eng Premier League,Off_MF,22.1,2000,22.2,490.55581931815965,Top Starter,,,,,348.3704529621455,Solid Squad Player,,
André Carrillo,Watford,eng Premier League,FW,26.6,1536,17.1,292.3806431203949,Solid Squad Player,,,,,550.6215214177068,Top Starter,,
Henri Saivet,Newcastle Utd,eng Premier League,Def_MF,27.2,84,0.9,,,,,,,,,,
Lewis Cook,Bournemouth,eng Premier League,MF,20.9,2239,24.9,,,470.5409367747494,Top Starter,,,552.4427696489319,Top Starter,,
Michael Carrick,Manchester Utd,eng Premier League,MF,36.4,109,1.2,,,,,,,,,,
Muhamed Bešić,Everton,eng Premier League,MF,25.3,46,0.5,,,,,,,,,,
Reiss Nelson,Arsenal,eng Premier League,FW,18.1,146,1.6,,,,,,,,,,
Cédric Soares,Southampton,eng Premier League,DF,26.3,2797,31.1,,,,,417.8429311622975,Top Starter,350.4081231772901,Solid Squad Player,,
Étienne Capoue,Watford,eng Premier League,MF,29.5,1541,17.1,,,382.5051870122269,Solid Squad Player,,,622.6405208526494,Top Starter,,
Érik Lamela,Tottenham,eng Premier League,FW,25.8,832,9.2,520.9755571159486,Top Starter,,,,,658.0550079165859,Top Starter,,
Harry Winks,Tottenham,eng Premier League,MF,21.9,771,8.6,,,494.22107081696424,Top Starter,,,448.500906584071,Top Starter,,
Joe Allen,Stoke City,eng Premier League,MF,27.8,3142,34.9,,,538.515028945886,Top Starter,,,560.5703155346063,Top Starter,,
Harry Arter,Bournemouth,eng Premier League,MF,28.0,961,10.7,,,293.7102804125818,Solid Squad Player,,,411.56665429911317,Top Starter,,
Grzegorz Krychowiak,West Brom,eng Premier League,MF,27.9,1642,18.2,,,477.78224653865277,Top Starter,,,578.0287937074878,Top Starter,,
Mohamed Diamé,Newcastle Utd,eng Premier League,MF,30.6,2043,22.7,,,430.44767578401485,Top Starter,,,638.868507613825,Top Starter,,
Jack Cork,Burnley,eng Premier League,MF,28.5,3420,38.0,,,313.10210296126525,Solid Squad Player,,,439.99284125832577,Top Starter,,
Ander Herrera,Manchester Utd,eng Premier League,MF,28.4,1260,14.0,,,559.2266594006854,Top Starter,,,607.4257272790759,Top Starter,,
Gareth Barry,West Brom,eng Premier League,MF,36.9,1927,21.4,,,341.11393227890414,Solid Squad Player,,,405.8870409574181,Top Starter,,
Sam Clucas,Swansea City,eng Premier League,MF,27.4,2042,22.7,,,364.0163508422993,Solid Squad Player,,,412.74182614515945,Top Starter,,
Andy King,Swansea City,eng Premier League,MF,29.2,1253,13.9,,,335.88024431031766,Solid Squad Player,,,378.2752316544544,Solid Squad Player,,
Davide Zappacosta,Chelsea,eng Premier League,DF,25.6,1095,12.2,,,,,390.9636234744431,Solid Squad Player,404.57212546794324,Top Starter,,
Moussa Sissoko,Tottenham,eng Premier League,MF,28.4,1394,15.5,,,502.92857906221076,Top Starter,,,433.47134362926755,Top Starter,,
Roberto Pereyra,Watford,eng Premier League,Off_MF,27.0,1622,18.0,472.3869660393848,Top Starter,,,,,363.86432229893285,Solid Squad Player,,
James Morrison,West Brom,eng Premier League,Off_MF,31.6,206,2.3,,,,,,,,,,
Danny Drinkwater,Chelsea,eng Premier League,MF,27.8,522,5.8,,,379.37989133077696,Solid Squad Player,,,479.44071738708107,Top Starter,,
Phil Foden,Manchester City,eng Premier League,Off_MF,17.6,45,0.5,,,,,,,,,,
Davy Pröpper,Brighton,eng Premier League,MF,26.3,3120,34.7,,,382.60304544723977,Solid Squad Player,,,475.5655716066823,Top Starter,,
Ashley Westwood,Burnley,eng Premier League,MF,27.8,1107,12.3,,,388.2521740884113,Solid Squad Player,,,375.7927401153432,Solid Squad Player,,
Declan Rice,West Ham,eng Premier League,DF,19.0,1423,15.8,,,,,690.7674181113342,Top Starter,497.24154509521924,Top Starter,,
James McArthur,Crystal Palace,eng Premier League,MF,30.2,2433,27.0,,,464.8110971006092,Top Starter,,,520.4378066892776,Top Starter,,
Claudio Yacob,West Brom,eng Premier League,Def_MF,30.5,900,10.0,,,,,771.397468501619,World Class,544.0671435815115,Top Starter,,
Jeffrey Schlupp,Crystal Palace,eng Premier League,DF,25.0,1748,19.4,,,,,499.37983100650393,Top Starter,546.2696071552396,Top Starter,,
Demarai Gray,Leicester City,eng Premier League,Off_MF,21.5,1690,18.8,368.9956197374682,Solid Squad Player,,,,,360.630894248174,Solid Squad Player,,
Darren Fletcher,Stoke City,eng Premier League,MF,33.9,2222,24.7,,,347.2316597237205,Solid Squad Player,,,406.19501214866153,Top Starter,,
Florent Hadergjonaj,Huddersfield,eng Premier League,DF,23.4,1672,18.6,,,,,435.57624385680776,Top Starter,320.66752981982773,Solid Squad Player,,
Ethan Ampadu,Chelsea,eng Premier League,DF,17.3,10,0.1,,,,,,,,,,
Rekeem Harper,West Brom,eng Premier League,Off_MF,17.8,20,0.2,,,,,,,,,,
Nordin Amrabat,Watford,eng Premier League,FW,30.8,200,2.2,,,,,,,,,,
Philip Billing,Huddersfield,eng Premier League,MF,21.6,760,8.4,,,353.7314158582573,Solid Squad Player,,,626.6886113957102,Top Starter,,
Solly March,Brighton,eng Premier League,Off_MF,23.5,1842,20.5,297.39894073420015,Solid Squad Player,,,,,528.0189748076031,Top Starter,,
Tom Ince,Huddersfield,eng Premier League,Off_MF,25.9,2453,27.3,185.50487041487582,Below Big-5 Level,,,,,332.0292539121529,Solid Squad Player,,
Morgan Schneiderlin,Everton,eng Premier League,MF,28.1,2128,23.6,,,297.5387278378126,Solid Squad Player,,,547.057192556997,Top Starter,,
Jeff Hendrick,Burnley,eng Premier League,FW,25.9,2340,26.0,206.81438306234116,Solid Squad Player,,,,,296.61985319882285,Solid Squad Player,,
Edimilson Fernandes,West Ham,eng Premier League,MF,21.7,845,9.4,,,379.82485950159605,Solid Squad Player,,,442.4966037663204,Top Starter,,
Matty James,Leicester City,eng Premier League,MF,26.4,994,11.0,,,268.83912702150843,Solid Squad Player,,,477.8971850289522,Top Starter,,
James McCarthy,Everton,eng Premier League,MF,27.1,206,2.3,,,,,,,,,,
Jaïro Riedewald,Crystal Palace,eng Premier League,Def_MF,21.3,435,4.8,,,,,,,,,,
Jake Livermore,West Brom,eng Premier League,MF,28.1,2675,29.7,,,360.9847654079164,Solid Squad Player,,,416.4213198987718,Top Starter,,
Scott Arfield,Burnley,eng Premier League,Off_MF,29.2,1335,14.8,222.0336816086531,Solid Squad Player,,,,,394.46627612287494,Solid Squad Player,,
Nacer Chadli,West Brom,eng Premier League,FW,28.4,216,2.4,,,,,,,,,,
Ramadan Sobhi,Stoke City,eng Premier League,Off_MF,20.9,1234,13.7,278.61251046587864,Solid Squad Player,,,,,499.64919024391577,Top Starter,,
Marko Grujić,Liverpool,eng Premier League,MF,21.7,14,0.2,,,,,,,,,,
Pierre Højbjerg,Southampton,eng Premier League,MF,22.4,1671,18.6,,,374.07228404313634,Solid Squad Player,,,629.6467691146045,Top Starter,,
Danny Williams,Huddersfield,eng Premier League,MF,28.8,1116,12.4,,,253.26587838653285,Solid Squad Player,,,442.4511802719829,Top Starter,,
Fousseni Diabaté,Leicester City,eng Premier League,Off_MF,22.2,583,6.5,337.8635302168706,Solid Squad Player,,,,,553.5593139488025,Top Starter,,
Cheikhou Kouyaté,West Ham,eng Premier League,MF,28.0,2801,31.1,,,399.11735238116256,Solid Squad Player,,,558.5032651154004,Top Starter,,
Scott McTominay,Manchester Utd,eng Premier League,MF,21.1,629,7.0,,,368.20911891130766,Solid Squad Player,,,572.003568738019,Top Starter,,
Sam Field,West Brom,eng Premier League,MF,19.7,539,6.0,,,346.3513745574372,Solid Squad Player,,,478.6251257624244,Top Starter,,
Nikola Vlašić,Everton,eng Premier League,Off_MF,20.2,575,6.4,312.5561543210481,Solid Squad Player,,,,,453.05742885809354,Top Starter,,
Christian Atsu,Newcastle Utd,eng Premier League,FW,26.0,1781,19.8,282.9495841362987,Solid Squad Player,,,,,356.1743721196633,Solid Squad Player,,
Isaac Hayden,Newcastle Utd,eng Premier League,MF,22.8,1372,15.2,,,328.10190995675913,Solid Squad Player,,,590.3745359659385,Top Starter,,
Renato Sanches,Swansea City,eng Premier League,MF,20.4,703,7.8,,,327.62109980858725,Solid Squad Player,,,467.1810258411202,Top Starter,,
Hamza Choudhury,Leicester City,eng Premier League,MF,20.3,376,4.2,,,,,,,,,,
Kevin Mirallas,Everton,eng Premier League,FW,30.2,137,1.5,,,,,,,,,,
Charlie Adam,Stoke City,eng Premier League,MF,32.1,408,4.5,,,,,,,,,,
Josh Sims,Southampton,eng Premier League,FW,20.8,161,1.8,,,,,,,,,,
Adam Lallana,Liverpool,eng Premier League,Off_MF,29.6,235,2.6,,,,,,,,,,
Sam McQueen,Southampton,eng Premier League,DF,22.9,142,1.6,,,,,,,,,,
Sandro Ramírez,Everton,eng Premier League,FW,22.5,276,3.1,,,,,,,,,,
Adrien Silva,Leicester City,eng Premier League,MF,28.8,761,8.5,,,509.8925121960707,Top Starter,,,568.3517427540668,Top Starter,,
Marc Pugh,Bournemouth,eng Premier League,Off_MF,30.8,982,10.9,189.11328053364184,Below Big-5 Level,,,,,387.2678601821268,Solid Squad Player,,
Roque Mesa,Swansea City,eng Premier League,MF,28.6,757,8.4,,,238.86358438056226,Solid Squad Player,,,458.5576773468472,Top Starter,,
Francis Coquelin,Arsenal,eng Premier League,MF,26.6,156,1.7,,,,,,,,,,
Beram Kayal,Brighton,eng Premier League,MF,29.7,740,8.2,,,447.01549282371917,Top Starter,,,517.3766082099154,Top Starter,,
Rajiv van La Parra,Huddersfield,eng Premier League,FW,26.6,2144,23.8,186.2850074120609,Below Big-5 Level,,,,,533.3008655388901,Top Starter,,
Tom Davies,Everton,eng Premier League,Off_MF,19.5,1901,21.1,215.1577491420457,Solid Squad Player,,,,,446.90069324687323,Top Starter,,
James McClean,West Brom,eng Premier League,Off_MF,28.7,1395,15.5,193.84265407626495,Below Big-5 Level,,,,,498.8864233423491,Top Starter,,
Nathan Dyer,Swansea City,eng Premier League,Off_MF,30.1,1312,14.6,174.9038088139518,Below Big-5 Level,,,,,413.65700248957575,Top Starter,,
Abdelhamid Sabiri,Huddersfield,eng Premier League,Off_MF,21.1,219,2.4,,,,,,,,,,
Ben Woodburn,Liverpool,eng Premier League,FW,18.2,6,0.1,,,,,,,,,,
Pape Souaré,Crystal Palace,eng Premier League,DF,27.6,8,0.1,,,,,,,,,,
Emerson Hyndman,Bournemouth,eng Premier League,MF,21.7,59,0.7,,,,,,,,,,
Joe Willock,Arsenal,eng Premier League,MF,18.4,82,0.9,,,,,,,,,,
Ross Barkley,Chelsea,eng Premier League,Off_MF,24.1,131,1.5,,,,,,,,,,
Josh Cullen,West Ham,eng Premier League,Off_MF,21.7,6,0.1,,,,,,,,,,
Jamie Murphy,Brighton,eng Premier League,Off_MF,28.3,166,1.8,,,,,,,,,,
Brahim Díaz,Manchester City,eng Premier League,FW,18.4,50,0.6,,,,,,,,,,
Leon Britton,Swansea City,eng Premier League,MF,35.3,304,3.4,,,,,,,,,,
Davy Klaassen,Everton,eng Premier League,Off_MF,24.9,250,2.8,,,,,,,,,,
Lee Chung-yong,Crystal Palace,eng Premier League,FW,29.5,132,1.5,,,,,,,,,,
Aaron Lennon,Burnley,eng Premier League,Off_MF,30.7,1916,21.3,170.98517344954735,Below Big-5 Level,,,,,338.0936106368459,Solid Squad Player,,
Izzy Brown,Brighton,eng Premier League,Off_MF,21.0,306,3.4,,,,,,,,,,
Stephen Ireland,Stoke City,eng Premier League,MF,31.4,128,1.4,,,,,,,,,,
Beni Baningime,Everton,eng Premier League,MF,19.3,193,2.1,,,,,,,,,,
Jason Puncheon,Crystal Palace,eng Premier League,Off_MF,31.5,569,6.3,137.22101045563923,Below Big-5 Level,,,,,370.5055950471656,Solid Squad Player,,
Kasey Palmer,Huddersfield,eng Premier League,Off_MF,21.1,169,1.9,,,,,,,,,,
Jay Fulton,Swansea City,eng Premier League,MF,23.7,17,0.2,,,,,,,,,,
Daniel Amartey,Leicester City,eng Premier League,DF,23.0,488,5.4,,,,,575.7594828737912,Top Starter,443.7628919711987,Top Starter,,
Ben Watson,Watford,eng Premier League,MF,32.5,458,5.1,,,297.96363622917,Solid Squad Player,,,568.883571757267,Top Starter,,
Ibrahim Afellay,Stoke City,eng Premier League,MF,31.8,163,1.8,,,,,,,,,,
Joe Lolley,Huddersfield,eng Premier League,FW,25.4,219,2.4,,,,,,,,,,
Georges-Kévin N'Koudou,Burnley,eng Premier League,Off_MF,22.9,225,2.5,,,,,,,,,,
Dean Whitehead,Huddersfield,eng Premier League,Def_MF,36.0,68,0.8,,,,,,,,,,
Dwight McNeil,Burnley,eng Premier League,MF,18.1,1,0.0,,,,,,,,,,
Eden Hazard,Chelsea,eng Premier League,FW,27.0,2432,27.0,642.1415136741089,Top Starter,,,,,560.398216612672,Top Starter,,
Sergio Agüero,Manchester City,eng Premier League,FW,29.6,1969,21.9,836.4762252734859,World Class,,,,,369.65053756077936,Solid Squad Player,,
Alexis Sánchez,Manchester Utd,eng Premier League,Off_MF,29.0,2553,28.4,696.8603175727466,Top Starter,,,,,552.52494288166,Top Starter,,
Harry Kane,Tottenham,eng Premier League,FW,24.4,3083,34.3,619.9229080596172,Top Starter,,,,,404.48962148763434,Top Starter,,
Raheem Sterling,Manchester City,eng Premier League,FW,23.1,2592,28.8,875.4337263663829,World Class,,,,,452.00218413404343,Top Starter,,
Pierre-Emerick Aubameyang,Arsenal,eng Premier League,FW,28.5,1058,11.8,729.2728121866879,Top Starter,,,,,281.490590877365,Solid Squad Player,,
Marko Arnautović,West Ham,eng Premier League,FW,28.7,2322,25.8,630.1542226277771,Top Starter,,,,,430.7099295310137,Top Starter,,
Romelu Lukaku,Manchester Utd,eng Premier League,FW,24.6,2869,31.9,661.4483589938394,Top Starter,,,,,419.1199302148973,Top Starter,,
Andros Townsend,Crystal Palace,eng Premier League,FW,26.5,3129,34.8,381.58173865439466,Solid Squad Player,,,,,483.7863833622696,Top Starter,,
Alexandre Lacazette,Arsenal,eng Premier League,FW,26.6,2211,24.6,626.837079108195,Top Starter,,,,,395.2427140877824,Solid Squad Player,,
Sullay Kaikai,Crystal Palace,eng Premier League,Off_MF,22.4,13,0.1,,,,,,,,,,
Jamie Vardy,Leicester City,eng Premier League,FW,31.0,3255,36.2,440.6914211909904,Top Starter,,,,,337.73309831086243,Solid Squad Player,,
Gabriel Jesus,Manchester City,eng Premier League,FW,20.7,1671,18.6,686.7535209056009,Top Starter,,,,,410.5371006244811,Top Starter,,
Álvaro Morata,Chelsea,eng Premier League,FW,25.2,2067,23.0,665.5272133418671,Top Starter,,,,,462.87962754196036,Top Starter,,
Pedro,Chelsea,eng Premier League,Off_MF,30.4,1523,16.9,415.55110815198145,Top Starter,,,,,380.3457448978124,Solid Squad Player,,
Jesse Lingard,Manchester Utd,eng Premier League,Off_MF,25.0,1823,20.3,610.6598664400342,Top Starter,,,,,439.12554376057227,Top Starter,,
Dušan Tadić,Southampton,eng Premier League,Off_MF,29.1,2810,31.2,446.19467350354955,Top Starter,,,,,437.8749598468322,Top Starter,,
Cenk Tosun,Everton,eng Premier League,FW,26.6,991,11.0,502.74309538514274,Top Starter,,,,,449.56235319759566,Top Starter,,
Son Heung-min,Tottenham,eng Premier League,FW,25.5,2309,25.7,693.3202003646837,Top Starter,,,,,381.2956803167116,Solid Squad Player,,
Alexander Sørloth,Crystal Palace,eng Premier League,FW,22.1,360,4.0,,,,,,,,,,
Victor Moses,Chelsea,eng Premier League,DF,27.1,2118,23.5,,,,,424.23272413201755,Top Starter,391.8242849619053,Solid Squad Player,,
Eric Maxim Choupo-Moting,Stoke City,eng Premier League,FW,28.8,2247,25.0,414.3941205891034,Top Starter,,,,,574.3065293062315,Top Starter,,
Daniel Sturridge,West Brom,eng Premier League,FW,28.3,547,6.1,557.1079834341764,Top Starter,,,,,318.77722087049136,Solid Squad Player,,
Steve Mounié,Huddersfield,eng Premier League,FW,23.3,1858,20.6,406.39110558138196,Top Starter,,,,,547.2983145842688,Top Starter,,
Marouane Fellaini,Manchester Utd,eng Premier League,MF,30.1,612,6.8,,,420.9646055390328,Top Starter,,,690.7057289882875,Top Starter,,
Chris Wood,Burnley,eng Premier League,FW,26.1,1633,18.1,536.9051927999982,Top Starter,,,,,460.90668660349553,Top Starter,,
Javier Hernández,West Ham,eng Premier League,FW,29.6,1543,17.1,476.59905598560954,Top Starter,,,,,389.3891260386313,Solid Squad Player,,
Gerard Deulofeu,Watford,eng Premier League,Off_MF,23.8,438,4.9,,,,,,,,,,
Bojan Krkić,Stoke City,eng Premier League,FW,27.3,72,0.8,,,,,,,,,,
Marcus Rashford,Manchester Utd,eng Premier League,FW,20.2,1807,20.1,576.3551193428649,Top Starter,,,,,407.11730791719845,Top Starter,,
Wayne Rooney,Everton,eng Premier League,MF,32.2,2282,25.4,,,448.06922192878983,Top Starter,,,340.3530884790083,Solid Squad Player,,
Peter Crouch,Stoke City,eng Premier League,FW,36.9,1555,17.3,447.2640422068446,Top Starter,,,,,552.9845099347632,Top Starter,,
Joshua King,Bournemouth,eng Premier League,FW,26.0,2453,27.3,431.9008853939103,Top Starter,,,,,568.6952552092924,Top Starter,,
Olivier Giroud,Chelsea,eng Premier League,FW,31.3,984,10.9,738.2159313529075,Top Starter,,,,,552.5964353337657,Top Starter,,
Salomón Rondón,West Brom,eng Premier League,FW,28.3,2771,30.8,361.6420850754973,Solid Squad Player,,,,,584.8342173658899,Top Starter,,
Oumar Niasse,Everton,eng Premier League,FW,27.7,1081,12.0,704.5140662945928,Top Starter,,,,,506.6946624305956,Top Starter,,
Ayoze Pérez,Newcastle Utd,eng Premier League,Off_MF,24.4,2494,27.7,481.06475631663847,Top Starter,,,,,479.4864413936339,Top Starter,,
Kelechi Iheanacho,Leicester City,eng Premier League,FW,21.2,824,9.2,612.7697040309915,Top Starter,,,,,362.9786316788919,Solid Squad Player,,
Christian Benteke,Crystal Palace,eng Premier League,FW,27.1,2236,24.8,297.71202035468116,Solid Squad Player,,,,,521.0375217130868,Top Starter,,
Andy Carroll,West Ham,eng Premier League,FW,29.0,746,8.3,418.2151035653891,Top Starter,,,,,529.5166500329298,Top Starter,,
Sam Vokes,Burnley,eng Premier League,FW,28.2,980,10.9,445.05042208390785,Top Starter,,,,,508.2350241411483,Top Starter,,
Glenn Murray,Brighton,eng Premier League,FW,34.3,2196,24.4,356.7437703981533,Solid Squad Player,,,,,557.2556141452696,Top Starter,,
Richarlison,Watford,eng Premier League,FW,20.6,2827,31.4,344.61936725845595,Solid Squad Player,,,,,627.101989754549,Top Starter,,
Joselu,Newcastle Utd,eng Premier League,FW,27.8,1716,19.1,299.061328528488,Solid Squad Player,,,,,561.8531155050541,Top Starter,,
Michail Antonio,West Ham,eng Premier League,FW,27.8,1358,15.1,344.03167773111306,Solid Squad Player,,,,,577.6824016379646,Top Starter,,
Danny Welbeck,Arsenal,eng Premier League,FW,27.1,1185,13.2,506.4822472066938,Top Starter,,,,,517.1121454509628,Top Starter,,
Dominic Calvert-Lewin,Everton,eng Premier League,FW,20.8,1875,20.8,453.22542066803464,Top Starter,,,,,521.8849504935894,Top Starter,,
Charlie Austin,Southampton,eng Premier League,FW,28.5,1030,11.4,488.50180387828857,Top Starter,,,,,437.14385731507576,Top Starter,,
Troy Deeney,Watford,eng Premier League,FW,29.5,1841,20.5,280.019137608404,Solid Squad Player,,,,,538.3022318913416,Top Starter,,
Guido Carrillo,Southampton,eng Premier League,FW,26.6,452,5.0,198.3950164468238,Below Big-5 Level,,,,,532.7207871356335,Top Starter,,
Dwight Gayle,Newcastle Utd,eng Premier League,FW,28.2,1961,21.8,398.32411216370133,Solid Squad Player,,,,,418.6165813394182,Top Starter,,
Callum Wilson,Bournemouth,eng Premier League,FW,25.8,1987,22.1,418.9441409613666,Top Starter,,,,,359.7818552605595,Solid Squad Player,,
José Izquierdo,Brighton,eng Premier League,Off_MF,25.5,1987,22.1,390.8914260792944,Solid Squad Player,,,,,319.98432938907973,Solid Squad Player,,
Dominic Solanke,Liverpool,eng Premier League,FW,20.3,583,6.5,492.2515771167686,Top Starter,,,,,508.5221464359895,Top Starter,,
Shane Long,Southampton,eng Premier League,FW,30.9,1578,17.5,262.2935410787217,Solid Squad Player,,,,,550.5718316997362,Top Starter,,
Wilfried Bony,Swansea City,eng Premier League,FW,29.1,704,7.8,301.2406747496725,Solid Squad Player,,,,,509.8521398484386,Top Starter,,
Mame Biram Diouf,Stoke City,eng Premier League,FW,30.0,2601,28.9,303.5545917281627,Solid Squad Player,,,,,536.6790514779639,Top Starter,,
Jordan Ayew,Swansea City,eng Premier League,FW,26.3,2856,31.7,289.9527350369562,Solid Squad Player,,,,,600.5576664682425,Top Starter,,
Jesé,Stoke City,eng Premier League,FW,24.8,616,6.8,301.28666885249345,Solid Squad Player,,,,,313.6015586068072,Solid Squad Player,,
André Ayew,Swansea City,eng Premier League,Off_MF,28.0,1843,20.5,377.263090052174,Solid Squad Player,,,,,476.03037973106666,Top Starter,,
Bakary Sako,Crystal Palace,eng Premier League,FW,29.7,468,5.2,665.2792111030457,Top Starter,,,,,465.47742810120315,Top Starter,,
Jay Rodriguez,West Brom,eng Premier League,FW,28.4,2823,31.4,272.46808437382595,Solid Squad Player,,,,,432.9403742258964,Top Starter,,
Michy Batshuayi,Chelsea,eng Premier League,FW,24.2,353,3.9,,,,,,,,,,
Laurent Depoitre,Huddersfield,eng Premier League,FW,29.1,1808,20.1,356.830561975844,Solid Squad Player,,,,,527.8358340031657,Top Starter,,
Danny Ings,Liverpool,eng Premier League,FW,25.4,265,2.9,,,,,,,,,,
Tammy Abraham,Swansea City,eng Premier League,FW,20.2,1720,19.1,340.67974048053463,Solid Squad Player,,,,,381.63997088174017,Solid Squad Player,,
Sofiane Boufal,Southampton,eng Premier League,FW,24.3,1213,13.5,380.2174503856016,Solid Squad Player,,,,,636.384876288891,Top Starter,,
Manolo Gabbiadini,Southampton,eng Premier League,FW,26.1,1074,11.9,318.2808927495108,Solid Squad Player,,,,,220.6337335023714,Solid Squad Player,,
Shinji Okazaki,Leicester City,eng Premier League,FW,31.7,1328,14.8,509.74477090309546,Top Starter,,,,,551.5933171242074,Top Starter,,
Jermain Defoe,Bournemouth,eng Premier League,FW,35.2,1083,12.0,374.5384328303814,Solid Squad Player,,,,,185.49499062092767,Below Big-5 Level,,
Tomer Hemed,Brighton,eng Premier League,FW,30.7,848,9.4,340.77242466399605,Solid Squad Player,,,,,512.7928110950882,Top Starter,,
Aleksandar Mitrović,Newcastle Utd,eng Premier League,FW,23.3,89,1.0,,,,,,,,,,
Jürgen Locadia,Brighton,eng Premier League,FW,24.2,223,2.5,,,,,,,,,,
Matt Phillips,West Brom,eng Premier League,Off_MF,26.8,2097,23.3,315.6029145139326,Solid Squad Player,,,,,426.64031061821527,Top Starter,,
Tyrese Campbell,Stoke City,eng Premier League,FW,18.0,75,0.8,,,,,,,,,,
Zlatan Ibrahimović,Manchester Utd,eng Premier League,Off_MF,36.2,102,1.1,,,,,,,,,,
Stefano Okaka,Watford,eng Premier League,FW,28.4,445,4.9,,,,,,,,,,
Lys Mousset,Bournemouth,eng Premier League,FW,21.9,585,6.5,406.55812851378147,Top Starter,,,,,548.2070559106239,Top Starter,,
Leonardo Ulloa,Brighton,eng Premier League,FW,31.4,281,3.1,,,,,,,,,,
Fernando Llorente,Tottenham,eng Premier League,FW,32.8,225,2.5,,,,,,,,,,
Luciano Narsingh,Swansea City,eng Premier League,FW,27.3,617,6.9,323.6043309767333,Solid Squad Player,,,,,389.2917612722945,Solid Squad Player,,
Andre Gray,Watford,eng Premier League,FW,26.5,1496,16.6,395.9600768190042,Solid Squad Player,,,,,185.65630207626967,Below Big-5 Level,,
Hal Robson-Kanu,West Brom,eng Premier League,FW,28.6,822,9.1,288.0641794862419,Solid Squad Player,,,,,516.5586859074035,Top Starter,,
Oliver McBurnie,Swansea City,eng Premier League,FW,21.6,269,3.0,,,,,,,,,,
Islam Slimani,Newcastle Utd,eng Premier League,FW,29.5,370,4.1,,,,,,,,,,
Diafra Sakho,West Ham,eng Premier League,FW,28.0,294,3.3,,,,,,,,,,
Benik Afobe,Bournemouth,eng Premier League,FW,24.9,533,5.9,102.50926144605297,Below Big-5 Level,,,,,503.60012759041507,Top Starter,,
Freddie Ladapo,Crystal Palace,eng Premier League,FW,24.9,16,0.2,,,,,,,,,,
Eddie Nketiah,Arsenal,eng Premier League,FW,18.6,17,0.2,,,,,,,,,,
Collin Quaner,Huddersfield,eng Premier League,FW,26.5,1272,14.1,296.3877170859726,Solid Squad Player,,,,,510.2324479798487,Top Starter,,
Rolando Aarons,Newcastle Utd,eng Premier League,Off_MF,22.1,137,1.5,,,,,,,,,,
Elias Kachunga,Huddersfield,eng Premier League,FW,25.7,1338,14.9,161.9905502973685,Below Big-5 Level,,,,,432.0495290246593,Top Starter,,
Ademola Lookman,Everton,eng Premier League,Off_MF,20.2,153,1.7,,,,,,,,,,
Wayne Routledge,Swansea City,eng Premier League,Off_MF,33.0,423,4.7,,,,,,,,,,
Yannick Bolasie,Everton,eng Premier League,FW,28.6,854,9.5,187.9835266434752,Below Big-5 Level,,,,,488.9037426747315,Top Starter,,
Lucas Moura,Tottenham,eng Premier League,FW,25.4,208,2.3,,,,,,,,,,
Saido Berahino,Stoke City,eng Premier League,FW,24.4,485,5.4,175.72797204153915,Below Big-5 Level,,,,,206.90888927985935,Solid Squad Player,,
Levi Lumeka,Crystal Palace,eng Premier League,FW,19.3,25,0.3,,,,,,,,,,
Harvey Barnes,Leicester City,eng Premier League,Off_MF,20.1,8,0.1,,,,,,,,,,
Jerome Sinclair,Watford,eng Premier League,Off_MF,21.3,29,0.3,,,,,,,,,,
Nahki Wells,Burnley,eng Premier League,FW,27.6,46,0.5,,,,,,,,,,
Oliver Burke,West Brom,eng Premier League,FW,20.7,358,4.0,,,,,,,,,,
Jacob Murphy,Newcastle Utd,eng Premier League,Off_MF,22.9,1145,12.7,314.27555931463246,Solid Squad Player,,,,,354.37276223615913,Solid Squad Player,,
Jeremie Boga,Chelsea,eng Premier League,Off_MF,21.0,18,0.2,,,,,,,,,,
Divock Origi,Liverpool,eng Premier League,FW,22.7,9,0.1,,,,,,,,,,
Julien Ngoy,Stoke City,eng Premier League,Off_MF,20.2,19,0.2,,,,,,,,,,
Lukas Nmecha,Manchester City,eng Premier League,FW,19.0,14,0.2,,,,,,,,,,
Sam Baldock,Brighton,eng Premier League,FW,28.8,30,0.3,,,,,,,,,,
Jonathan Walters,Burnley,eng Premier League,FW,34.3,36,0.4,,,,,,,,,,
Jordan Hugill,West Ham,eng Premier League,FW,25.6,22,0.2,,,,,,,,,,
Michael Obafemi,Southampton,eng Premier League,FW,17.5,8,0.1,,,,,,,,,,
Vincent Janssen,Tottenham,eng Premier League,FW,23.6,1,0.0,,,,,,,,,,
Yoel Rodríguez,Eibar,es La Liga,GK,29.3,90,1.0,,,,,,,,,,
Jasper Cillessen,Barcelona,es La Liga,GK,28.7,90,1.0,,,,,,,,,,
Axel Werner,Atlético Madrid,es La Liga,GK,21.8,90,1.0,,,,,,,,,,
Francis Uzoho,La Coruña,es La Liga,GK,19.2,180,2.0,,,,,,,,,,
Dani Giménez,Betis,es La Liga,GK,34.4,309,3.4,,,,,,,,,,
Jan Oblak,Atlético Madrid,es La Liga,GK,25.0,3330,37.0,,,,,,,,,770.9567581388551,World Class
Jaume Doménech,Valencia,es La Liga,GK,27.2,450,5.0,,,,,,,,,756.3073922872528,World Class
Marc-André Ter Stegen,Barcelona,es La Liga,GK,25.7,3330,37.0,,,,,,,,,784.0269732502637,World Class
Vicente Guaita,Getafe,es La Liga,GK,31.0,2970,33.0,,,,,,,,,717.109464929745,Top Starter
Keylor Navas,Real Madrid,es La Liga,GK,31.0,2430,27.0,,,,,,,,,713.2820230731395,Top Starter
Iago Herrerín,Athletic Club,es La Liga,GK,29.9,720,8.0,,,,,,,,,826.4933921268225,World Class
Leandro Chichizola,Las Palmas,es La Liga,GK,27.8,2430,27.0,,,,,,,,,739.5103805456431,Top Starter
Neto,Valencia,es La Liga,GK,28.5,2970,33.0,,,,,,,,,725.2112818829187,Top Starter
Raúl Fernández,Levante,es La Liga,GK,29.8,990,11.0,,,,,,,,,740.3356623021235,Top Starter
David Soria,Sevilla,es La Liga,GK,24.7,1265,14.1,,,,,,,,,765.6591676673764,World Class
Pau López,Espanyol,es La Liga,GK,23.1,2566,28.5,,,,,,,,,752.0771946897565,World Class
Asier Riesgo,Eibar,es La Liga,GK,34.2,90,1.0,,,,,,,,,,
Diego López,Espanyol,es La Liga,GK,36.2,854,9.5,,,,,,,,,730.7965741920235,Top Starter
Fernando Pacheco,Alavés,es La Liga,GK,25.6,3357,37.3,,,,,,,,,702.2250372669852,Top Starter
Sergio Asenjo,Villarreal,es La Liga,GK,28.5,2070,23.0,,,,,,,,,692.4475377502579,Top Starter
Kepa Arrizabalaga,Athletic Club,es La Liga,GK,23.2,2700,30.0,,,,,,,,,714.4796309872053,Top Starter
Miguel Ángel Moyà,Real Sociedad,es La Liga,GK,33.7,765,8.5,,,,,,,,,792.4339177542435,World Class
Mariano Barbosa,Villarreal,es La Liga,GK,33.4,1125,12.5,,,,,,,,,701.4520010717565,Top Starter
Emiliano Martínez,Getafe,es La Liga,GK,25.3,450,5.0,,,,,,,,,677.633447033874,Top Starter
Iván Cuéllar,Leganés,es La Liga,GK,33.6,3150,35.0,,,,,,,,,745.006834275932,Top Starter
Andrés Fernández,Villarreal,es La Liga,GK,31.0,225,2.5,,,,,,,,,,
Roberto Jiménez,Málaga,es La Liga,GK,31.9,3060,34.0,,,,,,,,,630.9643101938772,Top Starter
Bono,Girona,es La Liga,GK,26.7,2655,29.5,,,,,,,,,683.0937334167928,Top Starter
Antonio Adán,Betis,es La Liga,GK,30.6,2700,30.0,,,,,,,,,669.4449315180458,Top Starter
Oier Olazábal,Levante,es La Liga,GK,28.3,2340,26.0,,,,,,,,,709.5003611929502,Top Starter
Rubén Blanco,Celta Vigo,es La Liga,GK,22.4,1942,21.6,,,,,,,,,589.5499076015451,Top Starter
Gorka Iraizoz,Girona,es La Liga,GK,36.8,765,8.5,,,,,,,,,690.6078712366552,Top Starter
Antonio Sivera,Alavés,es La Liga,GK,21.4,63,0.7,,,,,,,,,,
Sergio Álvarez,Celta Vigo,es La Liga,GK,31.4,1475,16.4,,,,,,,,,641.678016015306,Top Starter
Costel Pantilimon,La Coruña,es La Liga,GK,30.9,540,6.0,,,,,,,,,634.6865368503844,Top Starter
Sergio Rico,Sevilla,es La Liga,GK,24.3,2155,23.9,,,,,,,,,652.4812879239815,Top Starter
Kiko Casilla,Real Madrid,es La Liga,GK,31.2,900,10.0,,,,,,,,,630.1132362592882,Top Starter
Marko Dmitrović,Eibar,es La Liga,GK,25.9,3240,36.0,,,,,,,,,625.9123157346975,Top Starter
Gerónimo Rulli,Real Sociedad,es La Liga,GK,25.6,2340,26.0,,,,,,,,,634.1768733832014,Top Starter
Raúl Lizoain,Las Palmas,es La Liga,GK,26.9,990,11.0,,,,,,,,,621.3459671546907,Top Starter
Rubén Martínez,La Coruña,es La Liga,GK,33.5,2477,27.5,,,,,,,,,589.2624504105056,Top Starter
Koke,Levante,es La Liga,GK,26.0,90,1.0,,,,,,,,,,
Pedro López,Betis,es La Liga,GK,22.9,411,4.6,,,,,,,,,,
Jon Ander Serantes,Leganés,es La Liga,GK,29.0,90,1.0,,,,,,,,,,
Luca Zidane,Real Madrid,es La Liga,GK,19.6,90,1.0,,,,,,,,,,
Andrés Prieto,Málaga,es La Liga,GK,24.2,360,4.0,,,,,,,,,,
Toño Ramírez,Real Sociedad,es La Liga,GK,31.1,315,3.5,,,,,,,,,,
Przemysław Tytoń,La Coruña,es La Liga,GK,31.0,97,1.1,,,,,,,,,,
Nereo Champagne,Leganés,es La Liga,GK,32.9,180,2.0,,,,,,,,,,
Maksym Koval,La Coruña,es La Liga,GK,25.1,122,1.4,,,,,,,,,,
Filipe Luís,Atlético Madrid,es La Liga,DF,32.4,1660,18.4,,,,,711.8623631131529,Top Starter,542.2708750541556,Top Starter,,
Iván López,Levante,es La Liga,DF,24.4,175,1.9,,,,,,,,,,
Marc Bartra,Betis,es La Liga,DF,27.0,1421,15.8,,,,,928.846743645421,Exceptional,692.2111786212762,Top Starter,,
Sergio Ramos,Real Madrid,es La Liga,DF,31.8,2290,25.4,,,,,669.3440612271355,Top Starter,616.2470717164537,Top Starter,,
Lucas Hernández,Atlético Madrid,es La Liga,DF,21.9,2116,23.5,,,,,802.2478624066486,World Class,572.0900002243535,Top Starter,,
Aymeric Laporte,Athletic Club,es La Liga,DF,23.6,1710,19.0,,,,,626.7246821794835,Top Starter,540.9801485391979,Top Starter,,
Jordi Alba,Barcelona,es La Liga,DF,28.8,2744,30.5,,,,,551.9879928592156,Top Starter,461.5925729255059,Top Starter,,
João Cancelo,Valencia,es La Liga,DF,23.6,90,1.0,,,,,,,,,,
Gerard Piqué,Barcelona,es La Liga,DF,30.9,2633,29.3,,,,,530.8104385451826,Top Starter,420.1213149770683,Top Starter,,
Dani Carvajal,Real Madrid,es La Liga,DF,26.0,2223,24.7,,,,,601.0477111821834,Top Starter,515.6319692095329,Top Starter,,
Samuel Umtiti,Barcelona,es La Liga,DF,24.1,2189,24.3,,,,,637.7931464558095,Top Starter,513.8164731097885,Top Starter,,
Yerry Mina,Barcelona,es La Liga,DF,23.3,370,4.1,,,,,,,,,,
Marcelo,Real Madrid,es La Liga,DF,29.6,2262,25.1,,,,,508.80068862865824,Top Starter,441.943782340397,Top Starter,,
José Ángel,Eibar,es La Liga,DF,28.3,2430,27.0,,,,,629.9531438475782,Top Starter,493.57770147906626,Top Starter,,
Mario Gaspar,Villarreal,es La Liga,DF,27.1,2805,31.2,,,,,746.0402623575598,Top Starter,586.1601131784017,Top Starter,,
Diego Godín,Atlético Madrid,es La Liga,DF,31.9,2554,28.4,,,,,653.5913660707561,Top Starter,502.4279419658809,Top Starter,,
Jeison Murillo,Valencia,es La Liga,DF,25.6,1374,15.3,,,,,753.0042004898967,World Class,602.7986335684386,Top Starter,,
José Luis Gayà,Valencia,es La Liga,DF,22.6,2917,32.4,,,,,629.7488023459929,Top Starter,457.17955420051123,Top Starter,,
Šime Vrsaljko,Atlético Madrid,es La Liga,DF,26.0,1697,18.9,,,,,742.5552522415542,Top Starter,583.0124307227734,Top Starter,,
Unai Núñez,Athletic Club,es La Liga,DF,20.9,2942,32.7,,,,,738.145026624306,Top Starter,568.4994089134956,Top Starter,,
Iván Ramis,Eibar,es La Liga,DF,33.2,1303,14.5,,,,,665.3751130900932,Top Starter,567.3748075898736,Top Starter,,
Diego Rico,Leganés,es La Liga,DF,24.9,2228,24.8,,,,,697.1898226662531,Top Starter,528.0267567528355,Top Starter,,
José María Giménez,Atlético Madrid,es La Liga,DF,22.9,1684,18.7,,,,,742.7610447004953,Top Starter,596.5930779024143,Top Starter,,
Aritz Elustondo,Real Sociedad,es La Liga,DF,23.8,1598,17.8,,,,,646.6557484564225,Top Starter,589.8227726276334,Top Starter,,
Héctor Moreno,Real Sociedad,es La Liga,DF,30.0,720,8.0,,,,,555.4662435191977,Top Starter,508.0277528540839,Top Starter,,
Junior Firpo,Betis,es La Liga,DF,21.4,1190,13.2,,,,,635.6865915400303,Top Starter,468.33926053435016,Top Starter,,
Gabriel Paulista,Valencia,es La Liga,DF,27.1,2584,28.7,,,,,661.1884739281527,Top Starter,491.7767472169264,Top Starter,,
Djené,Getafe,es La Liga,DF,26.0,3239,36.0,,,,,741.5362314497464,Top Starter,531.9345032532104,Top Starter,,
Roberto Rosales,Málaga,es La Liga,DF,29.1,3125,34.7,,,,,663.8239687673863,Top Starter,543.6452025853491,Top Starter,,
Aythami Artiles,Las Palmas,es La Liga,DF,31.8,183,2.0,,,,,,,,,,
Nicolás Pareja,Sevilla,es La Liga,DF,34.0,405,4.5,,,,,,,,,,
Anaitz Arbilla,Eibar,es La Liga,DF,30.6,2411,26.8,,,,,603.2244616136412,Top Starter,515.7389108185515,Top Starter,,
Sidnei,La Coruña,es La Liga,DF,28.4,1779,19.8,,,,,677.8610050412725,Top Starter,494.11068175233,Top Starter,,
Diego Llorente,Real Sociedad,es La Liga,DF,24.4,2328,25.9,,,,,609.7027485528399,Top Starter,492.5442640338873,Top Starter,,
Raphaël Varane,Real Madrid,es La Liga,DF,24.7,2323,25.8,,,,,545.7351420128439,Top Starter,397.64844822932776,Solid Squad Player,,
Aïssa Mandi,Betis,es La Liga,DF,26.2,3025,33.6,,,,,625.9242590899935,Top Starter,499.2323623425427,Top Starter,,
Stefan Savić,Atlético Madrid,es La Liga,DF,27.0,2299,25.5,,,,,615.813960086295,Top Starter,408.2247506411524,Top Starter,,
Achraf Hakimi,Real Madrid,es La Liga,DF,19.2,757,8.4,,,,,518.6729812656791,Top Starter,472.1535542073498,Top Starter,,
Martín Montoya,Valencia,es La Liga,DF,26.7,2152,23.9,,,,,702.8808978581878,Top Starter,539.0303363801096,Top Starter,,
Zouhair Feddal,Betis,es La Liga,DF,28.0,1257,14.0,,,,,677.1300172606105,Top Starter,542.3993146278464,Top Starter,,
Iñigo Martínez,Athletic Club,es La Liga,DF,26.6,2496,27.7,,,,,705.7430285495944,Top Starter,539.3384424404903,Top Starter,,
Hugo Mallo,Celta Vigo,es La Liga,DF,26.5,3004,33.4,,,,,716.8143822847561,Top Starter,562.7677532719706,Top Starter,,
Víctor Ruiz,Villarreal,es La Liga,DF,28.9,2417,26.9,,,,,620.9094534859348,Top Starter,487.7741890122443,Top Starter,,
Simon Kjær,Sevilla,es La Liga,DF,28.8,1571,17.5,,,,,706.4018777505529,Top Starter,543.9908647755809,Top Starter,,
Nacho,Real Madrid,es La Liga,DF,28.0,2073,23.0,,,,,674.607225372591,Top Starter,527.3856962128602,Top Starter,,
Alberto de la Bella,Real Sociedad,es La Liga,DF,32.1,1529,17.0,,,,,557.6497098609332,Top Starter,468.9354781617577,Top Starter,,
Raúl Navas,Real Sociedad,es La Liga,DF,29.6,1792,19.9,,,,,595.8988193980446,Top Starter,433.2127694836352,Top Starter,,
Marc Muniesa,Girona,es La Liga,DF,25.8,1129,12.5,,,,,634.0237573205114,Top Starter,549.5397840403946,Top Starter,,
Luisinho,La Coruña,es La Liga,DF,32.7,2622,29.1,,,,,767.6211158373753,World Class,487.51420177321324,Top Starter,,
Víctor Laguardia,Alavés,es La Liga,DF,28.2,1530,17.0,,,,,690.0721379500749,Top Starter,468.1672348684789,Top Starter,,
Naldo,Espanyol,es La Liga,DF,29.4,922,10.2,,,,,606.8984097137164,Top Starter,455.51404513284,Top Starter,,
Enric Saborit,Athletic Club,es La Liga,DF,25.7,1429,15.9,,,,,696.1211225175177,Top Starter,523.1612907865646,Top Starter,,
Sergio Escudero,Sevilla,es La Liga,DF,28.3,2332,25.9,,,,,758.3088808512243,World Class,630.1198059548766,Top Starter,,
Paulo Oliveira,Eibar,es La Liga,DF,26.0,2215,24.6,,,,,663.7723855436344,Top Starter,582.8094066398687,Top Starter,,
Lucas Digne,Barcelona,es La Liga,DF,24.5,702,7.8,,,,,711.8913203813677,Top Starter,520.798003779247,Top Starter,,
Dimitris Siovas,Leganés,es La Liga,DF,29.3,2061,22.9,,,,,702.1773611247897,Top Starter,592.8421114585447,Top Starter,,
David López,Espanyol,es La Liga,DF,28.2,3330,37.0,,,,,668.1871154481296,Top Starter,477.9813081692185,Top Starter,,
Jesús Navas,Sevilla,es La Liga,FW,32.1,1762,19.6,221.21410795726007,Solid Squad Player,,,,,434.85203880625215,Top Starter,,
Clément Lenglet,Sevilla,es La Liga,DF,22.5,3002,33.4,,,,,622.5570280572625,Top Starter,476.7657133116699,Top Starter,,
David Lombán,Eibar,es La Liga,DF,30.6,996,11.1,,,,,704.0220898585002,Top Starter,624.3701005624653,Top Starter,,
Jesús Vallejo,Real Madrid,es La Liga,DF,21.0,630,7.0,,,,,573.1050006345677,Top Starter,413.75815482967965,Top Starter,,
Bernardo Espinosa,Girona,es La Liga,DF,28.5,2868,31.9,,,,,672.7956711985117,Top Starter,543.6074442260389,Top Starter,,
Martin Agirregabiria,Alavés,es La Liga,DF,21.6,1829,20.3,,,,,701.6194026752801,Top Starter,464.4346028817403,Top Starter,,
Joseba Zaldúa,Leganés,es La Liga,DF,25.5,2560,28.4,,,,,716.1226263386766,Top Starter,549.6320015383565,Top Starter,,
Thomas Vermaelen,Barcelona,es La Liga,DF,32.1,1018,11.3,,,,,503.8131613881114,Top Starter,398.03192446288176,Solid Squad Player,,
Cala,Getafe,es La Liga,DF,28.1,1800,20.0,,,,,628.6932478056187,Top Starter,501.97564312986685,Top Starter,,
Rodrigo Ely,Alavés,es La Liga,DF,24.2,2692,29.9,,,,,653.2675792491694,Top Starter,520.2033613855326,Top Starter,,
Paul Baysse,Málaga,es La Liga,DF,29.6,1238,13.8,,,,,607.9368477023183,Top Starter,503.39201239280465,Top Starter,,
Sergi Gómez,Celta Vigo,es La Liga,DF,25.8,2682,29.8,,,,,672.3295515254545,Top Starter,498.17567518188775,Top Starter,,
Raúl Carnero,Leganés,es La Liga,DF,28.7,1388,15.4,,,,,563.714935020597,Top Starter,424.12483777529707,Top Starter,,
Víctor López,Alavés,es La Liga,Off_MF,20.6,61,0.7,,,,,,,,,,
Leandro Cabrera,Getafe,es La Liga,DF,26.5,720,8.0,,,,,721.2125915305962,Top Starter,569.2616485523588,Top Starter,,
Álvaro González,Villarreal,es La Liga,DF,28.0,2899,32.2,,,,,596.0445274466558,Top Starter,431.0782734970903,Top Starter,,
Rubén Duarte,Alavés,es La Liga,DF,22.2,2141,23.8,,,,,717.0678835316875,Top Starter,500.344615217155,Top Starter,,
Yeray Álvarez,Athletic Club,es La Liga,DF,22.9,675,7.5,,,,,622.3723573492339,Top Starter,465.31305467254276,Top Starter,,
Javi López,Espanyol,es La Liga,DF,31.9,967,10.7,,,,,799.3245369480612,World Class,596.0865585050009,Top Starter,,
Ezequiel Garay,Valencia,es La Liga,DF,31.2,2030,22.6,,,,,528.8525784861234,Top Starter,362.31459499333334,Solid Squad Player,,
Gabriel Mercado,Sevilla,es La Liga,DF,30.8,2122,23.6,,,,,617.3989224696066,Top Starter,503.26087544126864,Top Starter,,
Jaume Costa,Villarreal,es La Liga,DF,29.8,2541,28.2,,,,,615.2873260504721,Top Starter,501.47944646371525,Top Starter,,
Federico Ricca,Málaga,es La Liga,DF,23.1,1111,12.3,,,,,763.8474473537866,World Class,574.7342167808813,Top Starter,,
Dídac Vilà,Espanyol,es La Liga,DF,28.6,725,8.1,,,,,812.2998122563432,World Class,609.7152063987752,Top Starter,,
Unai Bustinza,Leganés,es La Liga,DF,25.9,1636,18.2,,,,,658.3238069415888,Top Starter,546.8388633002598,Top Starter,,
Daniele Bonera,Villarreal,es La Liga,DF,36.6,1190,13.2,,,,,542.0268420599648,Top Starter,326.270962142348,Solid Squad Player,,
Bruno González,Getafe,es La Liga,DF,27.6,1538,17.1,,,,,685.4930390377042,Top Starter,466.8957411238087,Top Starter,,
Ximo Navarro,Las Palmas,es La Liga,DF,27.9,2606,29.0,,,,,725.3175343500359,Top Starter,489.85023143991447,Top Starter,,
Jonny Castro,Celta Vigo,es La Liga,DF,23.8,3203,35.6,,,,,715.7219176537409,Top Starter,522.4996259128453,Top Starter,,
Pedro Alcalá,Girona,es La Liga,DF,28.8,690,7.7,,,,,590.1501193156327,Top Starter,485.476254532871,Top Starter,,
Rúben Vezo,Valencia,es La Liga,DF,23.7,1554,17.3,,,,,681.7770127476035,Top Starter,564.9515504735799,Top Starter,,
Álex Gálvez,Las Palmas,es La Liga,DF,28.6,1979,22.0,,,,,830.986316522607,World Class,594.8481007841277,Top Starter,,
David Juncà,Eibar,es La Liga,DF,24.1,902,10.0,,,,,451.1526892985651,Top Starter,322.35859881422607,Solid Squad Player,,
Juanfran,La Coruña,es La Liga,DF,29.3,3058,34.0,,,,,652.0362824158962,Top Starter,481.260184621351,Top Starter,,
Juanpe,Girona,es La Liga,DF,26.7,3064,34.0,,,,,581.6035003599118,Top Starter,411.9599499774725,Top Starter,,
Nacho Vidal,Valencia,es La Liga,DF,22.9,446,5.0,,,,,685.5712896828387,Top Starter,477.12236014160965,Top Starter,,
Ezequiel Muñoz,Leganés,es La Liga,DF,27.2,1407,15.6,,,,,685.5709898810246,Top Starter,524.4104381682824,Top Starter,,
Juanfran,Atlético Madrid,es La Liga,DF,33.0,1308,14.5,,,,,512.0848918796696,Top Starter,403.2987437767236,Top Starter,,
Kévin Rodrigues,Real Sociedad,es La Liga,DF,23.8,1633,18.1,,,,,562.7054860747251,Top Starter,460.44590022242943,Top Starter,,
Igor Zubeldia,Real Sociedad,es La Liga,MF,20.8,1578,17.5,,,425.0275234961796,Top Starter,,,577.5469185740126,Top Starter,,
Óscar de Marcos,Athletic Club,es La Liga,DF,28.7,1663,18.5,,,,,511.81595451700156,Top Starter,364.80873748736644,Solid Squad Player,,
Guillermo Maripán,Alavés,es La Liga,DF,23.7,1527,17.0,,,,,621.9133122256,Top Starter,453.3765783692276,Top Starter,,
Pablo Maffeo,Girona,es La Liga,DF,20.5,2650,29.4,,,,,667.1814562879193,Top Starter,586.0368762120398,Top Starter,,
Fabian Schär,La Coruña,es La Liga,DF,26.0,2220,24.7,,,,,710.0372830614718,Top Starter,520.8514695445554,Top Starter,,
Martín Mantovani,Leganés,es La Liga,DF,33.5,1019,11.3,,,,,658.5746686071013,Top Starter,533.0459120360799,Top Starter,,
Miguel Torres,Málaga,es La Liga,DF,31.9,675,7.5,,,,,658.8838452223246,Top Starter,394.5450662157874,Solid Squad Player,,
Miguel Layún,Sevilla,es La Liga,DF,29.5,1181,13.1,,,,,624.7548411335838,Top Starter,452.44264125537615,Top Starter,,
Antonio Barragán,Betis,es La Liga,DF,30.6,2377,26.4,,,,,510.40478066006744,Top Starter,477.1153107833027,Top Starter,,
Álex Robles,Málaga,es La Liga,DF,18.9,90,1.0,,,,,,,,,,
Marcos Llorente,Real Madrid,es La Liga,MF,22.9,540,6.0,,,332.00714654000853,Solid Squad Player,,,538.7033858764989,Top Starter,,
Facundo Roncaglia,Celta Vigo,es La Liga,DF,30.9,1492,16.6,,,,,723.9818005577874,Top Starter,485.43504967283184,Top Starter,,
Sergio Postigo,Levante,es La Liga,DF,29.2,2426,27.0,,,,,554.3519862577588,Top Starter,333.8893395463008,Solid Squad Player,,
Luis Hernández,Málaga,es La Liga,DF,28.7,3240,36.0,,,,,617.56072681981,Top Starter,415.72844769136714,Top Starter,,
Damián Suárez,Getafe,es La Liga,DF,29.7,2878,32.0,,,,,635.0734686342396,Top Starter,465.9460370762979,Top Starter,,
Lionel Carole,Sevilla,es La Liga,DF,26.7,540,6.0,,,,,470.0520570853223,Top Starter,423.9339849927705,Top Starter,,
David García,Las Palmas,es La Liga,DF,35.8,859,9.5,,,,,659.5259268015999,Top Starter,470.61512161481716,Top Starter,,
Mauricio Lemos,Las Palmas,es La Liga,DF,22.0,1262,14.0,,,,,519.7387009572867,Top Starter,395.31350389087856,Solid Squad Player,,
Xabier Etxeita,Athletic Club,es La Liga,DF,30.2,377,4.2,,,,,,,,,,
Rubén Peña,Eibar,es La Liga,DF,26.5,1727,19.2,,,,,600.1734832014262,Top Starter,471.3041970660666,Top Starter,,
Mikel Balenziaga,Athletic Club,es La Liga,DF,29.8,1554,17.3,,,,,466.2759416843357,Top Starter,374.11618242695505,Solid Squad Player,,
Daniel Carriço,Sevilla,es La Liga,DF,29.4,459,5.1,,,,,614.2251873342324,Top Starter,484.5822705375001,Top Starter,,
Iñigo Lekue,Athletic Club,es La Liga,DF,24.7,2104,23.4,,,,,547.8678712439271,Top Starter,501.40799408380445,Top Starter,,
Toni Lato,Valencia,es La Liga,DF,20.1,798,8.9,,,,,587.3257884676082,Top Starter,502.2458010783171,Top Starter,,
Vitorino Antunes,Getafe,es La Liga,DF,30.8,2797,31.1,,,,,567.4934915966203,Top Starter,401.9355876638576,Top Starter,,
Michel,Las Palmas,es La Liga,DF,27.9,2136,23.7,,,,,561.2586207383927,Top Starter,436.04367844609607,Top Starter,,
Gustavo Cabral,Celta Vigo,es La Liga,DF,32.2,1890,21.0,,,,,611.2144190232302,Top Starter,541.2525357836751,Top Starter,,
Nélson Semedo,Barcelona,es La Liga,DF,24.1,1495,16.6,,,,,584.6525237329264,Top Starter,422.15900604144434,Top Starter,,
Sergio Sánchez,Espanyol,es La Liga,DF,31.7,102,1.1,,,,,,,,,,
Coke,Levante,es La Liga,DF,30.7,1385,15.4,,,,,724.6313247245806,Top Starter,546.8022282616114,Top Starter,,
Pedro Bigas,Las Palmas,es La Liga,DF,27.9,896,10.0,,,,,536.4779539506637,Top Starter,401.7389369729046,Top Starter,,
Ander Capa,Eibar,es La Liga,DF,25.6,2247,25.0,,,,,608.0415393816627,Top Starter,506.2217374422061,Top Starter,,
Iván Alejo,Eibar,es La Liga,Off_MF,22.9,1105,12.3,464.85857910261376,Top Starter,,,,,552.6824705061442,Top Starter,,
Erick Cabaco,Levante,es La Liga,DF,22.7,1039,11.5,,,,,699.9338257801577,Top Starter,457.63192873095863,Top Starter,,
Theo Hernández,Real Madrid,es La Liga,DF,20.2,961,10.7,,,,,635.0101030129102,Top Starter,442.658774602965,Top Starter,,
Juankar,Málaga,es La Liga,DF,27.8,784,8.7,,,,,516.0955608575423,Top Starter,454.81522849245147,Top Starter,,
Jordi Amat,Betis,es La Liga,DF,25.8,2051,22.8,,,,,554.4777643032374,Top Starter,428.4780418822364,Top Starter,,
Rober,Levante,es La Liga,DF,22.9,1904,21.2,,,,,583.0600708056999,Top Starter,376.12308090440683,Solid Squad Player,,
Mauro dos Santos,Leganés,es La Liga,DF,28.5,981,10.9,,,,,499.31655906866234,Top Starter,385.01071962084774,Solid Squad Player,,
Jonás Ramalho,Girona,es La Liga,DF,24.6,2297,25.5,,,,,535.1117713915738,Top Starter,359.5850351750851,Solid Squad Player,,
Carles Planas,Girona,es La Liga,DF,26.8,190,2.1,,,,,,,,,,
Antonio Rukavina,Villarreal,es La Liga,DF,33.9,1269,14.1,,,,,499.49615866767914,Top Starter,319.1682693731346,Solid Squad Player,,
Antonio Luna,Levante,es La Liga,DF,26.8,2021,22.5,,,,,554.8702116569101,Top Starter,386.89747077405764,Solid Squad Player,,
Chema,Levante,es La Liga,DF,25.8,2017,22.4,,,,,483.3180785972796,Top Starter,314.0542261916249,Solid Squad Player,,
Sébastien Corchia,Sevilla,es La Liga,DF,27.2,823,9.1,,,,,605.6997316936123,Top Starter,464.1171716575782,Top Starter,,
Toño,Levante,es La Liga,DF,28.2,1080,12.0,,,,,309.5506143701821,Solid Squad Player,225.32362277389828,Solid Squad Player,,
Javi García,Betis,es La Liga,Def_MF,30.9,2410,26.8,,,,,443.7143504531525,Top Starter,382.09008551286877,Solid Squad Player,,
Mathías Olivera,Getafe,es La Liga,Off_MF,20.2,102,1.1,,,,,,,,,,
Iván Rodríguez,Málaga,es La Liga,DF,21.7,19,0.2,,,,,,,,,,
Héctor Hernández,Alavés,es La Liga,DF,26.6,15,0.2,,,,,,,,,,
Alin Toșca,Betis,es La Liga,DF,25.8,424,4.7,,,,,,,,,,
Riza Durmisi,Betis,es La Liga,DF,24.0,2080,23.1,,,,,345.6081542666157,Solid Squad Player,272.34676612357583,Solid Squad Player,,
Alexis,Alavés,es La Liga,DF,32.4,2184,24.3,,,,,511.7298180796881,Top Starter,342.4253359693946,Solid Squad Player,,
Carlos Sánchez,Espanyol,es La Liga,MF,31.9,1123,12.5,,,303.72019480410853,Solid Squad Player,,,528.7903513482019,Top Starter,,
Raúl Albentosa,La Coruña,es La Liga,DF,29.3,1749,19.4,,,,,530.9428211861284,Top Starter,371.625383269738,Solid Squad Player,,
Ignasi Miquel,Málaga,es La Liga,DF,25.3,1775,19.7,,,,,601.7577760622711,Top Starter,439.94364577856174,Top Starter,,
Johan Mojica,Girona,es La Liga,DF,25.4,2132,23.7,,,,,530.9368297862557,Top Starter,465.0687578227017,Top Starter,,
Mario Hermoso,Espanyol,es La Liga,DF,22.5,1929,21.4,,,,,535.2242336399613,Top Starter,404.5077305906239,Top Starter,,
Óscar Duarte,Espanyol,es La Liga,DF,28.6,990,11.0,,,,,586.5101157252528,Top Starter,451.9429394782018,Top Starter,,
Pedro López Muñoz,Levante,es La Liga,DF,34.2,1596,17.7,,,,,508.3605074741695,Top Starter,367.478330993052,Solid Squad Player,,
Diego González,Málaga,es La Liga,DF,22.9,1432,15.9,,,,,520.3802872983279,Top Starter,433.26110166408466,Top Starter,,
Andreu Fontàs,Celta Vigo,es La Liga,DF,28.1,884,9.8,,,,,408.7461401865253,Top Starter,371.0961729061516,Solid Squad Player,,
Rafa Navarro,Betis,es La Liga,DF,23.9,133,1.5,,,,,,,,,,
Fernando Navarro,La Coruña,es La Liga,DF,35.5,1042,11.6,,,,,743.2800445767961,Top Starter,525.4476878187442,Top Starter,,
David Simón,Las Palmas,es La Liga,DF,28.0,718,8.0,,,,,715.0634308390972,Top Starter,544.0604728742538,Top Starter,,
Aleix Vidal,Barcelona,es La Liga,Off_MF,28.4,453,5.0,514.9826084569632,Top Starter,,,,,471.4015413978637,Top Starter,,
Dani Castellano,Las Palmas,es La Liga,DF,30.2,2027,22.5,,,,,608.6200609337429,Top Starter,468.1141997046855,Top Starter,,
Matías Aguirregaray,Las Palmas,es La Liga,DF,28.8,1155,12.8,,,,,708.0949124045974,Top Starter,534.7956951058844,Top Starter,,
Eneko Bóveda,La Coruña,es La Liga,DF,29.0,1191,13.2,,,,,679.8605868757305,Top Starter,526.0150019377405,Top Starter,,
Mujaid Sadick,La Coruña,es La Liga,DF,17.8,105,1.2,,,,,,,,,,
Alfonso Pedraza,Alavés,es La Liga,Off_MF,21.7,2441,27.1,370.31636800743973,Solid Squad Player,,,,,440.85443929996325,Top Starter,,
Guilherme Arana,Sevilla,es La Liga,DF,20.7,192,2.1,,,,,,,,,,
Álvaro Odriozola,Real Sociedad,es La Liga,DF,22.1,2917,32.4,,,,,318.3158101770016,Solid Squad Player,259.2266343735989,Solid Squad Player,,
Aly Abeid,Levante,es La Liga,DF,20.1,78,0.9,,,,,,,,,,
Carlos Isaac,Atlético Madrid,es La Liga,DF,19.7,64,0.7,,,,,,,,,,
Alberto López,Málaga,es La Liga,DF,22.6,45,0.5,,,,,,,,,,
David Alba,Getafe,es La Liga,DF,18.7,62,0.7,,,,,,,,,,
Alberto Redondo,Getafe,es La Liga,DF,20.6,90,1.0,,,,,,,,,,
Andoni Gorosabel,Real Sociedad,es La Liga,DF,21.4,76,0.8,,,,,,,,,,
Róbert Mazáň,Celta Vigo,es La Liga,DF,23.9,82,0.9,,,,,,,,,,
Shaq Moore,Levante,es La Liga,DF,21.2,424,4.7,,,,,,,,,,
Francisco Molinero,Getafe,es La Liga,DF,32.4,575,6.4,,,,,588.6648018600307,Top Starter,479.45333018549303,Top Starter,,
Miguel Ángel Rubio,Getafe,es La Liga,DF,19.8,28,0.3,,,,,,,,,,
Tito,Leganés,es La Liga,DF,32.5,607,6.7,,,,,475.55218610959713,Top Starter,360.05455529771046,Solid Squad Player,,
Adrián Diéguez,Alavés,es La Liga,DF,21.9,436,4.8,,,,,,,,,,
Carlos Vigaray,Alavés,es La Liga,DF,23.3,893,9.9,,,,,476.7325427649352,Top Starter,413.35813106553235,Top Starter,,
Pau Torres,Villarreal,es La Liga,DF,21.0,51,0.6,,,,,,,,,,
Aitor Ruibal,Betis,es La Liga,MF,21.8,7,0.1,,,,,,,,,,
Rúben Semedo,Villarreal,es La Liga,DF,23.7,231,2.6,,,,,,,,,,
Andoni López,Athletic Club,es La Liga,DF,21.7,90,1.0,,,,,,,,,,
Alejandro Arribas,La Coruña,es La Liga,DF,28.7,270,3.0,,,,,,,,,,
Adrián Marín,Villarreal,es La Liga,DF,21.0,233,2.6,,,,,,,,,,
Steve Aldo One,La Coruña,es La Liga,DF,23.0,90,1.0,,,,,,,,,,
Toni Kroos,Real Madrid,es La Liga,MF,28.0,2267,25.2,,,797.3206731012237,World Class,,,510.5008704762375,Top Starter,,
Javier Mascherano,Barcelona,es La Liga,DF,33.6,541,6.0,,,,,496.5777880513741,Top Starter,362.7514611762538,Solid Squad Player,,
Daniel Parejo,Valencia,es La Liga,MF,28.7,3005,33.4,,,721.6349447701737,Top Starter,,,598.4187266067418,Top Starter,,
Philippe Coutinho,Barcelona,es La Liga,Off_MF,25.6,1303,14.5,873.488139471944,World Class,,,,,629.5050474895269,Top Starter,,
Casemiro,Real Madrid,es La Liga,MF,25.9,2601,28.9,,,601.5906142439178,Top Starter,,,669.2186591072266,Top Starter,,
Luka Modrić,Real Madrid,es La Liga,MF,32.3,1976,22.0,,,748.7328505345932,Top Starter,,,526.3707516442466,Top Starter,,
Asier Illarramendi,Real Sociedad,es La Liga,MF,27.8,3163,35.1,,,624.7075539401384,Top Starter,,,608.7139860839108,Top Starter,,
Jonathan Viera,Las Palmas,es La Liga,MF,28.2,1994,22.2,,,693.974390026971,Top Starter,,,506.01375461616607,Top Starter,,
Álex Granell,Girona,es La Liga,MF,29.4,2853,31.7,,,733.8144318903118,Top Starter,,,560.8436451639593,Top Starter,,
Sergio Canales,Real Sociedad,es La Liga,Off_MF,26.9,1921,21.3,628.9731034040766,Top Starter,,,,,494.45172478918244,Top Starter,,
Isco,Real Madrid,es La Liga,Off_MF,25.7,1778,19.8,843.9519809499911,World Class,,,,,570.0128013636562,Top Starter,,
Iker Muniain,Athletic Club,es La Liga,Off_MF,25.0,775,8.6,763.0135287002485,World Class,,,,,564.4294146428689,Top Starter,,
Marco Asensio,Real Madrid,es La Liga,FW,21.9,1839,20.4,661.875870822817,Top Starter,,,,,455.4560225420034,Top Starter,,
Ivan Rakitić,Barcelona,es La Liga,MF,29.8,2838,31.5,,,564.8711342440305,Top Starter,,,527.7175362724881,Top Starter,,
Éver Banega,Sevilla,es La Liga,MF,29.5,2397,26.6,,,694.3158823912817,Top Starter,,,625.7501352761615,Top Starter,,
Sergio Busquets,Barcelona,es La Liga,MF,29.5,2600,28.9,,,564.9714395126658,Top Starter,,,671.3580471996637,Top Starter,,
Pedro León,Eibar,es La Liga,FW,31.1,929,10.3,397.046195541006,Solid Squad Player,,,,,419.4107468956117,Top Starter,,
Rodri,Villarreal,es La Liga,MF,,3228,35.9,,,465.26082945631236,Top Starter,,,681.754364087484,Top Starter,,
Borja García,Girona,es La Liga,Off_MF,27.2,2812,31.2,421.24523186456156,Top Starter,,,,,522.412986647782,Top Starter,,
Joaquín,Betis,es La Liga,Off_MF,36.4,2487,27.6,598.0915929538855,Top Starter,,,,,419.8046937882164,Top Starter,,
Saúl Ñíguez,Atlético Madrid,es La Liga,MF,23.1,3157,35.1,,,515.6573419402248,Top Starter,,,642.6218331522005,Top Starter,,
Geoffrey Kondogbia,Valencia,es La Liga,MF,24.9,2617,29.1,,,560.5332589046354,Top Starter,,,615.6701066769183,Top Starter,,
Koke,Atlético Madrid,es La Liga,MF,26.0,2762,30.7,,,657.0675030039569,Top Starter,,,534.6421984379073,Top Starter,,
Thomas Partey,Atlético Madrid,es La Liga,MF,24.6,2379,26.4,,,435.0235838415088,Top Starter,,,620.9443197160161,Top Starter,,
Rodrigo,Valencia,es La Liga,FW,26.8,2695,29.9,608.4559145255247,Top Starter,,,,,416.50769873120635,Top Starter,,
Fabián Ruiz Peña,Betis,es La Liga,MF,21.7,2662,29.6,,,672.6426633236247,Top Starter,,,666.3838668013575,Top Starter,,
Sergi Roberto,Barcelona,es La Liga,DF,25.9,2224,24.7,,,,,595.995054318931,Top Starter,512.7312718863841,Top Starter,,
Manu Trigueros,Villarreal,es La Liga,MF,26.2,2709,30.1,,,538.7462049283162,Top Starter,,,490.7541857239776,Top Starter,,
Andrés Guardado,Betis,es La Liga,MF,31.3,2266,25.2,,,672.5642721587959,Top Starter,,,466.1151818346202,Top Starter,,
Andrés Iniesta,Barcelona,es La Liga,Off_MF,33.6,1842,20.5,376.05834226474894,Solid Squad Player,,,,,574.2566221536518,Top Starter,,
Daniel Wass,Celta Vigo,es La Liga,Off_MF,28.6,2938,32.6,497.92392844777646,Top Starter,,,,,428.39770666374625,Top Starter,,
Gonçalo Guedes,Valencia,es La Liga,Off_MF,21.1,2441,27.1,667.9310842360708,Top Starter,,,,,495.7008277544017,Top Starter,,
José Campaña,Levante,es La Liga,MF,24.6,2742,30.5,,,599.1604901864422,Top Starter,,,518.7658455848303,Top Starter,,
Rubén Pérez,Leganés,es La Liga,MF,28.7,2520,28.0,,,382.86020105458675,Solid Squad Player,,,613.5844557578055,Top Starter,,
Raúl García,Athletic Club,es La Liga,Off_MF,31.5,2637,29.3,315.25348734808995,Solid Squad Player,,,,,592.3350911644842,Top Starter,,
Xabi Prieto,Real Sociedad,es La Liga,Off_MF,34.3,1940,21.6,514.3689123455321,Top Starter,,,,,396.26558671460975,Solid Squad Player,,
Juan Cruz,Málaga,es La Liga,FW,,6,0.1,,,,,,,,,,
Borja Lasso,Sevilla,es La Liga,MF,24.0,54,0.6,,,,,,,,,,
Pablo Fornals,Villarreal,es La Liga,MF,21.9,2622,29.1,,,673.4378074163799,Top Starter,,,448.8146353863253,Top Starter,,
Oghenekaro Etebo,Las Palmas,es La Liga,MF,22.1,1215,13.5,,,440.7310744853793,Top Starter,,,596.4030388199463,Top Starter,,
Beñat Etxebarria,Athletic Club,es La Liga,MF,30.9,1115,12.4,,,669.0563055018443,Top Starter,,,605.5315365715239,Top Starter,,
Lucas Vázquez,Real Madrid,es La Liga,Off_MF,26.5,1668,18.5,757.0411308700269,World Class,,,,,565.3186901328087,Top Starter,,
Ganso,Sevilla,es La Liga,MF,28.2,524,5.8,,,443.6704868518044,Top Starter,,,469.46433028923974,Top Starter,,
Jefferson Lerma,Levante,es La Liga,MF,23.2,2137,23.7,,,433.5450237689922,Top Starter,,,658.5526256908036,Top Starter,,
Fayçal Fajr,Getafe,es La Liga,MF,29.4,2383,26.5,,,529.3145986498705,Top Starter,,,476.5643981282661,Top Starter,,
Alexander,Leganés,es La Liga,Off_MF,29.2,1064,11.8,387.73514358928054,Solid Squad Player,,,,,336.4859992707089,Solid Squad Player,,
Samu Castillejo,Villarreal,es La Liga,Off_MF,23.0,2083,23.1,588.5789590591585,Top Starter,,,,,578.0542519246646,Top Starter,,
Steven Nzonzi,Sevilla,es La Liga,MF,29.0,2215,24.6,,,453.1240978788388,Top Starter,,,618.6406479344031,Top Starter,,
Gabriel,Leganés,es La Liga,MF,24.3,2383,26.5,,,523.0665363354491,Top Starter,,,695.1366389541747,Top Starter,,
Chory Castro,Málaga,es La Liga,Off_MF,33.3,2075,23.1,341.16183109627775,Solid Squad Player,,,,,470.7021427893518,Top Starter,,
Sergi Darder,Espanyol,es La Liga,MF,24.0,2788,31.0,,,427.1023979556138,Top Starter,,,466.5904061122053,Top Starter,,
Joel Campbell,Betis,es La Liga,Off_MF,25.5,209,2.3,,,,,,,,,,
Federico Cartabia,La Coruña,es La Liga,FW,24.9,1332,14.8,322.6429187058458,Solid Squad Player,,,,,554.7581751823815,Top Starter,,
Nolito,Sevilla,es La Liga,FW,31.2,1599,17.8,541.2573440895122,Top Starter,,,,,574.8919838124059,Top Starter,,
Ander Iturraspe,Athletic Club,es La Liga,MF,28.8,1903,21.1,,,426.042201726813,Top Starter,,,561.3396894482057,Top Starter,,
Cristian Tello,Betis,es La Liga,FW,26.4,1684,18.7,428.866895532834,Top Starter,,,,,455.0045166676986,Top Starter,,
Pablo Hernández,Celta Vigo,es La Liga,MF,31.2,1812,20.1,,,527.5871107286254,Top Starter,,,688.089112909868,Top Starter,,
Mateo Kovačić,Real Madrid,es La Liga,MF,23.7,988,11.0,,,548.4833153539616,Top Starter,,,647.7450640526448,Top Starter,,
Walter Montoya,Sevilla,es La Liga,FW,24.4,77,0.9,,,,,,,,,,
Sergi Samper,Las Palmas,es La Liga,MF,22.9,145,1.6,,,,,,,,,,
Dani Ceballos,Real Madrid,es La Liga,MF,21.4,397,4.4,,,,,,,,,,
Dani García,Eibar,es La Liga,MF,27.6,2781,30.9,,,399.5297788385498,Solid Squad Player,,,559.937270363341,Top Starter,,
Recio,Málaga,es La Liga,MF,27.0,1841,20.5,,,478.64929715958306,Top Starter,,,568.5146397104758,Top Starter,,
Aleix García,Girona,es La Liga,MF,20.5,843,9.4,,,466.1896048173354,Top Starter,,,546.610690820821,Top Starter,,
Nemanja Maksimović,Valencia,es La Liga,MF,22.9,551,6.1,,,456.51166667710595,Top Starter,,,595.723350282526,Top Starter,,
Pablo Sarabia,Sevilla,es La Liga,FW,25.6,2398,26.6,424.04214007712847,Top Starter,,,,,427.5319757914316,Top Starter,,
Gabi,Atlético Madrid,es La Liga,MF,34.5,2346,26.1,,,426.92911880112854,Top Starter,,,584.4552169412685,Top Starter,,
Guilherme,La Coruña,es La Liga,MF,26.7,2643,29.4,,,357.2311336694083,Solid Squad Player,,,568.3110695459017,Top Starter,,
Guido Pizarro,Sevilla,es La Liga,MF,27.8,1754,19.5,,,377.2417063240084,Solid Squad Player,,,662.9776873089853,Top Starter,,
Francis Coquelin,Valencia,es La Liga,MF,26.6,656,7.3,,,426.17405980683895,Top Starter,,,638.8381743586591,Top Starter,,
Paulinho,Barcelona,es La Liga,MF,29.4,1939,21.5,,,501.87885308000943,Top Starter,,,489.1958940455032,Top Starter,,
Celso Borges,La Coruña,es La Liga,MF,29.6,2306,25.6,,,552.9669695231821,Top Starter,,,638.2525767059685,Top Starter,,
Enis Bardhi,Levante,es La Liga,Off_MF,22.5,1580,17.6,483.6843195208936,Top Starter,,,,,431.83356084557295,Top Starter,,
Ibai Gómez,Alavés,es La Liga,Off_MF,28.1,2324,25.8,530.9969884918922,Top Starter,,,,,332.22414036505785,Solid Squad Player,,
Yannick Carrasco,Atlético Madrid,es La Liga,Off_MF,24.3,899,10.0,727.7385510086258,Top Starter,,,,,443.13878648810174,Top Starter,,
Adnan Januzaj,Real Sociedad,es La Liga,FW,22.9,1579,17.5,536.578669113696,Top Starter,,,,,537.6841363828719,Top Starter,,
Stanislav Lobotka,Celta Vigo,es La Liga,MF,23.1,3061,34.0,,,311.46077556454304,Solid Squad Player,,,503.751405230476,Top Starter,,
Joan Jordán,Eibar,es La Liga,Off_MF,23.5,2422,26.9,414.97626643282524,Top Starter,,,,,481.2480536188885,Top Starter,,
Alen Halilović,Las Palmas,es La Liga,FW,21.5,1306,14.5,300.2389086834112,Solid Squad Player,,,,,428.49930707569774,Top Starter,,
Emre Mor,Celta Vigo,es La Liga,FW,20.4,650,7.2,457.6639992040041,Top Starter,,,,,566.8680589342048,Top Starter,,
Denis Suárez,Barcelona,es La Liga,Off_MF,24.0,584,6.5,769.0001723228812,World Class,,,,,524.0670440549428,Top Starter,,
Pablo Piatti,Espanyol,es La Liga,Off_MF,28.8,1747,19.4,414.98707319134877,Top Starter,,,,,575.6696267914333,Top Starter,,
Javi Castellano,Las Palmas,es La Liga,MF,30.2,1565,17.4,,,294.8963461123147,Solid Squad Player,,,582.530361965212,Top Starter,,
Iñaki Williams,Athletic Club,es La Liga,FW,23.5,2851,31.7,427.68649911478724,Top Starter,,,,,410.92560658584927,Top Starter,,
Víctor Sánchez,Espanyol,es La Liga,Def_MF,30.3,2463,27.4,,,,,754.9129828564958,World Class,557.6267107868086,Top Starter,,
Aarón Martín,Espanyol,es La Liga,DF,20.7,2815,31.3,,,,,492.0288708854683,Top Starter,381.4389852962128,Solid Squad Player,,
David Timor,Girona,es La Liga,MF,28.2,922,10.2,,,378.39715540210165,Solid Squad Player,,,520.8743264588458,Top Starter,,
Markel Bergara,Getafe,es La Liga,MF,31.7,1469,16.3,,,326.7942851119889,Solid Squad Player,,,452.3834783230029,Top Starter,,
Manu García,Alavés,es La Liga,MF,31.7,2438,27.1,,,390.1412563733423,Solid Squad Player,,,616.5424630435189,Top Starter,,
Léo Baptistão,Espanyol,es La Liga,FW,25.3,2686,29.8,361.79678268228827,Solid Squad Player,,,,,501.06186468361705,Top Starter,,
Gonzalo Escalante,Eibar,es La Liga,MF,24.8,1561,17.3,,,445.3631964810384,Top Starter,,,663.8674981482125,Top Starter,,
Bebé,Eibar,es La Liga,Off_MF,27.5,361,4.0,,,,,,,,,,
Emanuel Cecchini,Málaga,es La Liga,MF,21.0,28,0.3,,,,,,,,,,
Markel Susaeta,Athletic Club,es La Liga,FW,30.1,2268,25.2,337.53536518945026,Solid Squad Player,,,,,489.51354004829597,Top Starter,,
Tomás Pina Isla,Alavés,es La Liga,MF,30.2,2392,26.6,,,386.61063363043576,Solid Squad Player,,,589.6898339493375,Top Starter,,
Esteban Granero,Espanyol,es La Liga,MF,30.5,1222,13.6,,,580.8166219095821,Top Starter,,,551.3981169166,Top Starter,,
Alberto Aquilani,Las Palmas,es La Liga,MF,33.5,1298,14.4,,,328.6940663947905,Solid Squad Player,,,510.26886085926435,Top Starter,,
Johannes Geis,Sevilla,es La Liga,DF,24.4,670,7.4,,,,,569.3272497089356,Top Starter,430.0042236293287,Top Starter,,
Emre Çolak,La Coruña,es La Liga,Off_MF,26.6,1452,16.1,432.75176466770074,Top Starter,,,,,488.8759230781223,Top Starter,,
Marc Roca,Espanyol,es La Liga,MF,21.1,259,2.9,,,,,,,,,,
Roque Mesa,Sevilla,es La Liga,MF,28.6,342,3.8,,,,,,,,,,
Álvaro Medrán,Alavés,es La Liga,MF,23.8,1014,11.3,,,421.0192649872624,Top Starter,,,441.878788001404,Top Starter,,
Rubén Rochina,Levante,es La Liga,MF,26.8,148,1.6,,,,,,,,,,
Mikel Rico,Athletic Club,es La Liga,MF,33.2,1170,13.0,,,400.5611918190397,Top Starter,,,497.97598428305633,Top Starter,,
Juanjo Narváez,Betis,es La Liga,MF,15.8,304,3.4,,,,,,,,,,
Wakaso,Alavés,es La Liga,MF,27.4,1097,12.2,,,439.94150666622176,Top Starter,,,578.3403042602615,Top Starter,,
Jozabed,Celta Vigo,es La Liga,MF,26.8,1483,16.5,,,528.5828288234242,Top Starter,,,337.9448837984808,Solid Squad Player,,
Francis Guerrero,Betis,es La Liga,DF,21.8,991,11.0,,,,,716.2469500542069,Top Starter,581.5938619758051,Top Starter,,
Daniel Pacheco,Getafe,es La Liga,Off_MF,27.0,165,1.8,,,,,,,,,,
Aday,Girona,es La Liga,DF,30.0,1833,20.4,,,,,488.42254291006617,Top Starter,419.6960121609323,Top Starter,,
Franco Vázquez,Sevilla,es La Liga,Off_MF,28.9,1845,20.5,672.5819482563014,Top Starter,,,,,582.1402545448609,Top Starter,,
Vitolo,Atlético Madrid,es La Liga,FW,28.2,1309,14.5,317.8616642364968,Solid Squad Player,,,,,580.1148449855698,Top Starter,,
Momo,Las Palmas,es La Liga,FW,35.5,674,7.5,255.75800262517117,Solid Squad Player,,,,,598.7222109963553,Top Starter,,
Brais Méndez,Celta Vigo,es La Liga,Off_MF,21.0,949,10.5,306.7308171253383,Solid Squad Player,,,,,494.65743245636344,Top Starter,,
Burgui,Alavés,es La Liga,Off_MF,24.2,1034,11.5,320.01281550472055,Solid Squad Player,,,,,350.1490816876456,Solid Squad Player,,
Sandro Ramírez,Sevilla,es La Liga,FW,22.5,715,7.9,236.70021766743926,Solid Squad Player,,,,,459.2222919555448,Top Starter,,
Gabriel Peñalba,Las Palmas,es La Liga,MF,33.3,572,6.4,,,275.37274858495704,Solid Squad Player,,,477.17748159626734,Top Starter,,
Sulley Muntari,La Coruña,es La Liga,MF,33.3,408,4.5,,,,,,,,,,
Carlos Soler,Valencia,es La Liga,Off_MF,21.0,2374,26.4,339.2395937860876,Solid Squad Player,,,,,398.38402218230345,Solid Squad Player,,
Víctor Camarasa,Betis,es La Liga,MF,23.6,1253,13.9,,,415.36884541624175,Top Starter,,,442.48402641371894,Top Starter,,
Borja Valle,La Coruña,es La Liga,FW,25.5,474,5.3,798.8171918033167,World Class,,,,,381.42719304367694,Solid Squad Player,,
David Zurutuza,Real Sociedad,es La Liga,MF,31.5,2248,25.0,,,390.4941000532228,Solid Squad Player,,,496.25034375212755,Top Starter,,
Pedro Mosquera,La Coruña,es La Liga,MF,29.7,1397,15.5,,,485.92717316172315,Top Starter,,,553.2079804313871,Top Starter,,
Carles Gil,La Coruña,es La Liga,FW,25.1,478,5.3,308.8263000123664,Solid Squad Player,,,,,446.8987330771361,Top Starter,,
Carlos Calderón,Getafe,es La Liga,MF,22.7,3,0.0,,,,,,,,,,
Enzo Zidane,Alavés,es La Liga,Def_MF,22.8,71,0.8,,,,,,,,,,
Alfred N'Diaye,Villarreal,es La Liga,DF,27.8,100,1.1,,,,,,,,,,
Nicolás Gaitán,Atlético Madrid,es La Liga,Off_MF,29.9,216,2.4,,,,,,,,,,
Cristian Rivera,Eibar,es La Liga,MF,20.5,241,2.7,,,,,,,,,,
Mikel San José,Athletic Club,es La Liga,MF,28.6,2156,24.0,,,383.6488360071299,Solid Squad Player,,,575.3955930764299,Top Starter,,
Michael Krohn-Dehli,La Coruña,es La Liga,MF,34.6,1266,14.1,,,362.0488339079926,Solid Squad Player,,,406.3504442708497,Top Starter,,
Adrián González,Málaga,es La Liga,MF,29.6,2341,26.0,,,335.61307423339923,Solid Squad Player,,,498.7486374659064,Top Starter,,
Augusto Fernández,Atlético Madrid,es La Liga,MF,31.7,105,1.2,,,,,,,,,,
Tana,Las Palmas,es La Liga,Off_MF,27.3,1553,17.3,282.7122429604926,Solid Squad Player,,,,,457.9080573699811,Top Starter,,
Denis Cheryshev,Villarreal,es La Liga,Off_MF,27.0,920,10.2,497.94810107101296,Top Starter,,,,,540.2127793323394,Top Starter,,
Manuel Iturra,Málaga,es La Liga,MF,33.5,1583,17.6,,,388.3844462512566,Solid Squad Player,,,583.0419253438326,Top Starter,,
Darko Brašanac,Leganés,es La Liga,MF,25.9,1201,13.3,,,423.7947393089732,Top Starter,,,514.9469775217785,Top Starter,,
Andreas Pereira,Valencia,es La Liga,Off_MF,22.0,1076,12.0,455.41398912125896,Top Starter,,,,,485.46726611370605,Top Starter,,
Mehdi Lacen,Málaga,es La Liga,MF,33.8,1121,12.5,,,324.1950438551334,Solid Squad Player,,,529.6569808657134,Top Starter,,
Daniel Torres,Alavés,es La Liga,Def_MF,28.1,1218,13.5,,,,,474.7628322200002,Top Starter,355.0084064178147,Solid Squad Player,,
Hacen,Levante,es La Liga,FW,20.0,82,0.9,,,,,,,,,,
Papakouli Diop,Eibar,es La Liga,MF,31.8,1206,13.4,,,373.77207301371857,Solid Squad Player,,,612.560070952487,Top Starter,,
Federico Valverde,La Coruña,es La Liga,MF,19.4,1229,13.7,,,334.80483944108846,Solid Squad Player,,,434.4855530775555,Top Starter,,
Takashi Inui,Eibar,es La Liga,Off_MF,29.6,2640,29.3,311.51714844685455,Solid Squad Player,,,,,369.82209085036453,Solid Squad Player,,
Chuca,Villarreal,es La Liga,Off_MF,20.6,86,1.0,,,,,,,,,,
José Manuel Jurado,Espanyol,es La Liga,MF,31.5,1506,16.7,,,480.7455953182163,Top Starter,,,386.20661231523167,Solid Squad Player,,
Javier Eraso,Leganés,es La Liga,Off_MF,27.8,2540,28.2,297.7040267695321,Solid Squad Player,,,,,321.5075723668572,Solid Squad Player,,
Roberto Soriano,Villarreal,es La Liga,Off_MF,26.9,1135,12.6,188.67065887674192,Below Big-5 Level,,,,,534.8364866880235,Top Starter,,
Mauro Arambarri,Getafe,es La Liga,MF,22.3,2135,23.7,,,349.1776417823136,Solid Squad Player,,,440.5976352611789,Top Starter,,
Saša Lukić,Levante,es La Liga,MF,21.4,996,11.1,,,476.56677786179404,Top Starter,,,483.0898705821368,Top Starter,,
Hernán,Las Palmas,es La Liga,MF,27.4,351,3.9,,,,,,,,,,
Naranjo,Leganés,es La Liga,Off_MF,23.4,561,6.2,230.94881570278713,Solid Squad Player,,,,,459.54203454317417,Top Starter,,
Gerard Gumbau,Leganés,es La Liga,MF,23.0,1431,15.9,,,284.93051746231515,Solid Squad Player,,,396.92608200834746,Solid Squad Player,,
Mikel Vesga,Athletic Club,es La Liga,MF,24.7,807,9.0,,,439.98175053120985,Top Starter,,,518.333836062824,Top Starter,,
Javi Fuego,Villarreal,es La Liga,MF,34.0,1883,20.9,,,264.17275316945916,Solid Squad Player,,,509.51908529896326,Top Starter,,
Óscar Melendo,Espanyol,es La Liga,MF,20.4,680,7.6,,,410.11341735747567,Top Starter,,,297.2937508700361,Solid Squad Player,,
Maxime Lestienne,Málaga,es La Liga,Off_MF,25.5,671,7.5,332.73998909421283,Solid Squad Player,,,,,355.9756488310705,Solid Squad Player,,
Omar Ramos,Leganés,es La Liga,FW,29.9,1457,16.2,201.39326840836492,Solid Squad Player,,,,,461.1292804056794,Top Starter,,
Leonardo Suárez,Villarreal,es La Liga,Off_MF,21.8,28,0.3,,,,,,,,,,
Marlos Moreno,Girona,es La Liga,Off_MF,21.3,28,0.3,,,,,,,,,,
Óscar Romero,Alavés,es La Liga,MF,25.5,248,2.8,,,,,,,,,,
Matías Nahuel,Betis,es La Liga,Off_MF,21.1,249,2.8,,,,,,,,,,
Nemanja Radoja,Celta Vigo,es La Liga,MF,24.9,1097,12.2,,,418.53798683940994,Top Starter,,,453.18830606378583,Top Starter,,
Gaku Shibasaki,Getafe,es La Liga,Off_MF,25.6,1003,11.1,211.366057365791,Solid Squad Player,,,,,497.54478259281035,Top Starter,,
Francisco Portillo,Getafe,es La Liga,Off_MF,27.6,2465,27.4,306.7482006442549,Solid Squad Player,,,,,405.8742647274654,Top Starter,,
Marc Navarro,Espanyol,es La Liga,DF,22.5,1105,12.3,,,,,535.820539798791,Top Starter,407.29697307954666,Top Starter,,
Pere Pons,Girona,es La Liga,MF,24.9,2564,28.5,,,358.25199566641646,Solid Squad Player,,,515.0611869250159,Top Starter,,
Nacho Gil,Las Palmas,es La Liga,FW,22.3,958,10.6,199.5431519319962,Below Big-5 Level,,,,,498.29987491625707,Top Starter,,
Benito Ramírez,Las Palmas,es La Liga,FW,22.5,164,1.8,,,,,,,,,,
Mathieu Flamini,Getafe,es La Liga,MF,33.8,482,5.4,,,295.8610249876436,Solid Squad Player,,,518.713485595897,Top Starter,,
Douglas Luiz,Girona,es La Liga,MF,19.6,295,3.3,,,,,,,,,,
Esteban Rolón,Málaga,es La Liga,MF,22.8,422,4.7,,,,,,,,,,
Nabil El Zhar,Leganés,es La Liga,FW,31.3,1981,22.0,257.05360201924793,Solid Squad Player,,,,,395.56397643099604,Solid Squad Player,,
Javier Ontiveros,Málaga,es La Liga,Off_MF,20.3,380,4.2,,,,,,,,,,
Cheick Doukouré,Levante,es La Liga,MF,25.3,1020,11.3,,,285.80939707630483,Solid Squad Player,,,492.6765650483491,Top Starter,,
Rubén Pardo,Real Sociedad,es La Liga,MF,25.2,222,2.5,,,,,,,,,,
Sergio Mora,Getafe,es La Liga,MF,38.3,799,8.9,,,331.2726980416922,Solid Squad Player,,,497.43976820709236,Top Starter,,
Iñigo Córdoba,Athletic Club,es La Liga,FW,20.8,1457,16.2,249.8523959487079,Solid Squad Player,,,,,623.7096621367575,Top Starter,,
Zakaria Bakkali,La Coruña,es La Liga,FW,21.9,906,10.1,106.29142484338102,Below Big-5 Level,,,,,438.2764180634419,Top Starter,,
Hernán Toledo,Las Palmas,es La Liga,FW,22.0,617,6.9,211.7571499455269,Solid Squad Player,,,,,414.86699130591103,Top Starter,,
Merveille Ndockyt,Getafe,es La Liga,Off_MF,19.5,62,0.7,,,,,,,,,,
Nordin Amrabat,Leganés,es La Liga,FW,30.8,1620,18.0,379.59802374776393,Solid Squad Player,,,,,475.4519847566612,Top Starter,,
Vicente Gómez,Las Palmas,es La Liga,MF,29.3,1525,16.9,,,244.77282295855323,Solid Squad Player,,,444.0457958202522,Top Starter,,
Fabio González,Las Palmas,es La Liga,MF,20.9,65,0.7,,,,,,,,,,
José Alonso Lara,Sevilla,es La Liga,Off_MF,17.8,9,0.1,,,,,,,,,,
Barri,Getafe,es La Liga,MF,22.3,112,1.2,,,,,,,,,,
Eloi Amagat,Girona,es La Liga,Off_MF,32.6,14,0.2,,,,,,,,,,
Ager Aketxe,Athletic Club,es La Liga,Off_MF,24.0,34,0.4,,,,,,,,,,
Imanol Sarriegi,Eibar,es La Liga,MF,22.7,37,0.4,,,,,,,,,,
Juanpi,Málaga,es La Liga,Off_MF,23.9,604,6.7,471.4165525663403,Top Starter,,,,,430.4363772132297,Top Starter,,
Jon Guridi,Real Sociedad,es La Liga,Off_MF,22.8,50,0.6,,,,,,,,,,
Álex Mula,Málaga,es La Liga,FW,21.4,562,6.2,118.89568820839527,Below Big-5 Level,,,,,385.7015191032053,Solid Squad Player,,
Amath,Getafe,es La Liga,Off_MF,21.5,2883,32.0,278.9081631717666,Solid Squad Player,,,,,457.3346417267589,Top Starter,,
André Gomes,Barcelona,es La Liga,MF,24.4,629,7.0,,,297.3745666875327,Solid Squad Player,,,530.5504364749265,Top Starter,,
Jefferson Montero,Getafe,es La Liga,Off_MF,28.3,55,0.6,,,,,,,,,,
Edu Expósito,La Coruña,es La Liga,MF,21.4,94,1.0,,,,,,,,,,
Jairo Samperio,Las Palmas,es La Liga,FW,24.5,558,6.2,116.9787932630496,Below Big-5 Level,,,,,411.1727831514517,Top Starter,,
Zdravko Kuzmanović,Málaga,es La Liga,MF,30.3,481,5.3,,,482.09706036042263,Top Starter,,,345.3579959581622,Solid Squad Player,,
Jaime Sierra Mateos,Leganés,es La Liga,FW,19.8,26,0.3,,,,,,,,,,
Aleksandar Katai,Alavés,es La Liga,Off_MF,26.9,52,0.6,,,,,,,,,,
Jony,Málaga,es La Liga,FW,26.5,214,2.4,,,,,,,,,,
Bruno Gama,La Coruña,es La Liga,FW,30.1,112,1.2,,,,,,,,,,
Erik Morán,Leganés,es La Liga,MF,26.6,225,2.5,,,,,,,,,,
Samu García,Málaga,es La Liga,FW,27.5,358,4.0,,,,,,,,,,
Fahad Al Muwallad,Levante,es La Liga,Off_MF,23.3,25,0.3,,,,,,,,,,
Ramiro Guerra,Villarreal,es La Liga,MF,20.8,67,0.7,,,,,,,,,,
Salem Al-Dawsari,Villarreal,es La Liga,MF,26.4,33,0.4,,,,,,,,,,
Alejandro Gutiérrez Mozo,Leganés,es La Liga,MF,22.8,45,0.5,,,,,,,,,,
Andrew Hjulsager,Celta Vigo,es La Liga,DF,23.0,12,0.1,,,,,,,,,,
Julio Gracia,Betis,es La Liga,DF,19.9,21,0.2,,,,,,,,,,
Gerard Valentín,La Coruña,es La Liga,DF,24.4,158,1.8,,,,,,,,,,
Borja Herrera,Las Palmas,es La Liga,DF,25.0,242,2.7,,,,,,,,,,
Cifu,Málaga,es La Liga,DF,27.2,107,1.2,,,,,,,,,,
Toni Moya,Atlético Madrid,es La Liga,MF,19.8,2,0.0,,,,,,,,,,
Xesc Regis,Eibar,es La Liga,MF,21.3,1,0.0,,,,,,,,,,
Daniel Molina Orta,Celta Vigo,es La Liga,Off_MF,22.0,4,0.0,,,,,,,,,,
Carlos Martínez,Real Sociedad,es La Liga,DF,31.7,2,0.0,,,,,,,,,,
Lionel Messi,Barcelona,es La Liga,FW,30.5,2996,33.3,955.9602060502082,Exceptional,,,,,595.7818031144366,Top Starter,,
Cristiano Ronaldo,Real Madrid,es La Liga,FW,32.9,2292,25.5,740.1789488806393,Top Starter,,,,,367.92848887926453,Solid Squad Player,,
Iago Aspas,Celta Vigo,es La Liga,FW,30.4,2937,32.6,780.0052893652778,World Class,,,,,435.8154018577399,Top Starter,,
Gareth Bale,Real Madrid,es La Liga,FW,28.5,1803,20.0,750.7124590590063,World Class,,,,,464.7948095998275,Top Starter,,
Luis Suárez,Barcelona,es La Liga,FW,30.9,2899,32.2,876.0204608698361,World Class,,,,,353.1315383533475,Solid Squad Player,,
Antoine Griezmann,Atlético Madrid,es La Liga,FW,26.8,2529,28.1,820.0100862719207,World Class,,,,,423.8697640723197,Top Starter,,
Gerard Moreno,Espanyol,es La Liga,FW,25.7,3413,37.9,499.1110795510508,Top Starter,,,,,601.720476063,Top Starter,,
Willian José,Real Sociedad,es La Liga,FW,26.1,2780,30.9,513.4510892412748,Top Starter,,,,,368.67287824449176,Solid Squad Player,,
Lucas Pérez,La Coruña,es La Liga,FW,29.3,2796,31.1,456.69581851317764,Top Starter,,,,,325.5970573734065,Solid Squad Player,,
Munir El Haddadi,Alavés,es La Liga,FW,22.3,2456,27.3,546.1617691681581,Top Starter,,,,,525.3541211771865,Top Starter,,
Carlos Bacca,Villarreal,es La Liga,FW,31.3,2511,27.9,636.3079222616495,Top Starter,,,,,283.9344704428864,Solid Squad Player,,
Cristhian Stuani,Girona,es La Liga,FW,31.2,2722,30.2,488.32431837796946,Top Starter,,,,,496.20910085867797,Top Starter,,
Karim Benzema,Real Madrid,es La Liga,FW,30.0,2156,24.0,509.5123766835685,Top Starter,,,,,310.1868004276129,Solid Squad Player,,
Pione Sisto,Celta Vigo,es La Liga,FW,22.9,2534,28.2,490.93526633868214,Top Starter,,,,,478.6436461695363,Top Starter,,
Maxi Gómez,Celta Vigo,es La Liga,FW,21.4,3077,34.2,538.8357766422574,Top Starter,,,,,423.5639943803749,Top Starter,,
Cédric Bakambu,Villarreal,es La Liga,FW,26.7,1269,14.1,549.1097917835096,Top Starter,,,,,307.63924326546646,Solid Squad Player,,
Mikel Oyarzabal,Real Sociedad,es La Liga,FW,20.7,2779,30.9,552.2940438590542,Top Starter,,,,,425.2170836026703,Top Starter,,
Ermedin Demirović,Alavés,es La Liga,FW,19.8,181,2.0,,,,,,,,,,
Loren Morón,Betis,es La Liga,FW,24.0,1064,11.8,582.2948414053998,Top Starter,,,,,462.9489666938698,Top Starter,,
Carlos Vela,Real Sociedad,es La Liga,FW,28.8,373,4.1,,,,,,,,,,
Santi Mina,Valencia,es La Liga,FW,22.1,1549,17.2,642.6496045403634,Top Starter,,,,,485.98179825949853,Top Starter,,
Carlos Fernández,Sevilla,es La Liga,FW,21.6,139,1.5,,,,,,,,,,
Ángel Rodríguez,Getafe,es La Liga,FW,30.7,2298,25.5,552.2995919256873,Top Starter,,,,,343.2781835643771,Solid Squad Player,,
Adrián López,La Coruña,es La Liga,FW,30.0,2346,26.1,573.5473286919569,Top Starter,,,,,550.9765424213119,Top Starter,,
Borja Mayoral,Real Madrid,es La Liga,FW,20.7,338,3.8,,,,,,,,,,
Charles,Eibar,es La Liga,FW,33.7,1580,17.6,459.9271189549268,Top Starter,,,,,498.31484064566433,Top Starter,,
Ousmane Dembélé,Barcelona,es La Liga,FW,20.6,930,10.3,720.6569812475856,Top Starter,,,,,581.3218301246504,Top Starter,,
Oussama Tannane,Las Palmas,es La Liga,FW,23.8,574,6.4,180.92059915930594,Below Big-5 Level,,,,,485.953537075326,Top Starter,,
Antonio Sanabria,Betis,es La Liga,FW,21.8,847,9.4,526.1284002100411,Top Starter,,,,,395.4613792854528,Solid Squad Player,,
Aritz Aduriz,Athletic Club,es La Liga,FW,36.9,2149,23.9,334.8406324747356,Solid Squad Player,,,,,483.75578898981354,Top Starter,,
Nicola Sansone,Villarreal,es La Liga,FW,26.3,627,7.0,701.3601477593296,Top Starter,,,,,397.4556296319668,Solid Squad Player,,
Paco Alcácer,Barcelona,es La Liga,Off_MF,24.3,694,7.7,700.4499629599694,Top Starter,,,,,343.86726252022663,Solid Squad Player,,
Simone Zaza,Valencia,es La Liga,FW,26.5,2078,23.1,568.5565250396234,Top Starter,,,,,463.3663970376153,Top Starter,,
Sergi Enrich,Eibar,es La Liga,FW,27.8,1330,14.8,323.2205078301054,Solid Squad Player,,,,,522.7410507789723,Top Starter,,
Ryad Boudebouz,Betis,es La Liga,Off_MF,27.9,1361,15.1,558.6154924726995,Top Starter,,,,,561.3690745315388,Top Starter,,
Portu,Girona,es La Liga,Off_MF,25.6,3010,33.4,497.0528989082874,Top Starter,,,,,352.4369403923554,Solid Squad Player,,
Jonathan Calleri,Las Palmas,es La Liga,FW,24.3,3111,34.6,254.96599964341755,Solid Squad Player,,,,,522.822470187142,Top Starter,,
Loïc Rémy,Getafe,es La Liga,FW,31.0,1219,13.5,491.0483865658089,Top Starter,,,,,446.3767576995475,Top Starter,,
Diego Costa,Atlético Madrid,es La Liga,FW,29.2,1048,11.6,516.6988472690579,Top Starter,,,,,567.5360524208206,Top Starter,,
Emmanuel Boateng,Levante,es La Liga,FW,21.6,1270,14.1,446.1730715228927,Top Starter,,,,,511.0973879544376,Top Starter,,
Gerard Deulofeu,Barcelona,es La Liga,Off_MF,23.8,503,5.6,560.0746279594977,Top Starter,,,,,429.3133581202912,Top Starter,,
Kiké,Eibar,es La Liga,FW,28.1,2464,27.4,336.590108999851,Solid Squad Player,,,,,554.5976719327379,Top Starter,,
Michael Olunga,Girona,es La Liga,FW,23.8,427,4.7,,,,,,,,,,
José Luis Morales,Levante,es La Liga,Off_MF,30.4,3065,34.1,542.8481822870847,Top Starter,,,,,430.4595703514927,Top Starter,,
Isaac Success,Málaga,es La Liga,Off_MF,22.0,496,5.5,448.11389345532905,Top Starter,,,,,525.8004563658008,Top Starter,,
Sergio García,Espanyol,es La Liga,FW,,1629,18.1,430.5784597627853,Top Starter,,,,,417.48483382817204,Top Starter,,
Miguel Ángel Guerrero,Leganés,es La Liga,FW,27.5,1438,16.0,405.2639002537777,Top Starter,,,,,454.70702841143714,Top Starter,,
Sergio León,Betis,es La Liga,FW,29.0,1981,22.0,480.2603102620894,Top Starter,,,,,330.30773278659035,Solid Squad Player,,
Fernando Torres,Atlético Madrid,es La Liga,FW,33.8,966,10.7,482.69305635019725,Top Starter,,,,,540.4864317742081,Top Starter,,
Wissam Ben Yedder,Sevilla,es La Liga,FW,27.4,1699,18.9,576.0424141742919,Top Starter,,,,,314.2924020478491,Solid Squad Player,,
Jorge Molina,Getafe,es La Liga,FW,35.7,2790,31.0,305.87698976156804,Solid Squad Player,,,,,518.6729833313153,Top Starter,,
Roger Martí,Levante,es La Liga,FW,27.0,962,10.7,376.4551925178244,Solid Squad Player,,,,,375.56939156795477,Solid Squad Player,,
Dani Raba,Villarreal,es La Liga,Off_MF,22.2,1113,12.4,670.962476942251,Top Starter,,,,,596.7615961504611,Top Starter,,
Rubén Sobrino,Alavés,es La Liga,FW,25.9,1461,16.2,359.2658588538635,Solid Squad Player,,,,,626.2396642892198,Top Starter,,
Anthony Lozano,Girona,es La Liga,FW,24.7,465,5.2,282.4615463740124,Solid Squad Player,,,,,606.702317049583,Top Starter,,
Enes Ünal,Villarreal,es La Liga,FW,20.6,1719,19.1,432.3473376978911,Top Starter,,,,,487.0047266904454,Top Starter,,
Juanmi,Real Sociedad,es La Liga,FW,24.6,1490,16.6,506.93941747759044,Top Starter,,,,,348.49831106520327,Solid Squad Player,,
Sergio Araujo,Las Palmas,es La Liga,Off_MF,25.9,37,0.4,,,,,,,,,,
John Guidetti,Alavés,es La Liga,FW,25.7,1338,14.9,385.1300438928164,Solid Squad Player,,,,,367.6798710932208,Solid Squad Player,,
Kévin Gameiro,Atlético Madrid,es La Liga,FW,30.7,1119,12.4,494.7051304117281,Top Starter,,,,,305.58049410061386,Solid Squad Player,,
Roger Martínez,Villarreal,es La Liga,FW,23.5,226,2.5,,,,,,,,,,
Adalberto Peñaranda,Málaga,es La Liga,FW,20.6,807,9.0,129.56259943454268,Below Big-5 Level,,,,,494.33608816707124,Top Starter,,
Ángel Correa,Atlético Madrid,es La Liga,Off_MF,22.8,2262,25.1,520.9603769430585,Top Starter,,,,,521.8013601039096,Top Starter,,
Youssef En-Nesyri,Málaga,es La Liga,FW,20.6,1592,17.7,282.90239140083577,Solid Squad Player,,,,,629.8724549515862,Top Starter,,
Joaquín Correa,Sevilla,es La Liga,FW,23.4,1198,13.3,317.68437879229657,Solid Squad Player,,,,,535.0494572181702,Top Starter,,
Ivi,Levante,es La Liga,Off_MF,23.5,1759,19.5,407.2730770436295,Top Starter,,,,,468.85788656301554,Top Starter,,
Diego Rolán,Málaga,es La Liga,FW,24.8,1944,21.6,296.4407591855009,Solid Squad Player,,,,,480.2019189021622,Top Starter,,
Luciano Vietto,Valencia,es La Liga,FW,24.1,795,8.8,397.5656291015503,Solid Squad Player,,,,,453.3999689975049,Top Starter,,
Luis Muriel,Sevilla,es La Liga,FW,26.7,1603,17.8,479.3413073831801,Top Starter,,,,,372.11070919768827,Solid Squad Player,,
Bojan Krkić,Alavés,es La Liga,FW,27.3,436,4.8,,,,,,,,,,
Jason,Levante,es La Liga,FW,23.5,1792,19.9,244.564094179657,Solid Squad Player,,,,,451.3510921988752,Top Starter,,
Claudio Beauvue,Leganés,es La Liga,FW,29.7,1670,18.6,199.26022264897,Below Big-5 Level,,,,,432.49220272982996,Top Starter,,
Olarenwaju Kayode,Girona,es La Liga,FW,24.7,375,4.2,,,,,,,,,,
Erik Expósito,Las Palmas,es La Liga,FW,21.5,462,5.1,261.805841755486,Solid Squad Player,,,,,452.11411254313873,Top Starter,,
Jon Bautista,Real Sociedad,es La Liga,FW,22.5,172,1.9,,,,,,,,,,
Ferrán Torres,Valencia,es La Liga,Off_MF,17.8,302,3.4,,,,,,,,,,
José Arnaiz,Barcelona,es La Liga,Off_MF,22.7,5,0.1,,,,,,,,,,
Sergio Arribas,Leganés,es La Liga,Def_MF,,22,0.2,,,,,,,,,,
Rubén Castro,Betis,es La Liga,FW,36.5,354,3.9,,,,,,,,,,
Christian Santos,Alavés,es La Liga,FW,,433,4.8,,,,,,,,,,
Keko,Málaga,es La Liga,Off_MF,26.0,1217,13.5,317.7280588903809,Solid Squad Player,,,,,518.4196552660917,Top Starter,,
Nano,Levante,es La Liga,FW,22.9,274,3.0,,,,,,,,,,
Álex Alegría,Levante,es La Liga,FW,25.2,632,7.0,79.56507352765738,Below Big-5 Level,,,,,540.5697004545494,Top Starter,,
Sabin Merino,Athletic Club,es La Liga,FW,26.0,371,4.1,,,,,,,,,,
Borja Bastón,Málaga,es La Liga,FW,25.4,977,10.9,131.94891611208809,Below Big-5 Level,,,,,363.0413841957858,Solid Squad Player,,
Mario González,Villarreal,es La Liga,FW,,16,0.2,,,,,,,,,,
Armando Sadiku,Levante,es La Liga,FW,26.6,267,3.0,,,,,,,,,,
Florin Andone,La Coruña,es La Liga,FW,24.7,1630,18.1,460.5225464595558,Top Starter,,,,,352.6878865048511,Solid Squad Player,,
Álvaro Jiménez,Getafe,es La Liga,Off_MF,22.6,524,5.8,431.5080027904332,Top Starter,,,,,471.27827222116844,Top Starter,,
Alberto Bueno,Málaga,es La Liga,MF,29.8,217,2.4,,,,,,,,,,
Imanol Agirretxe,Real Sociedad,es La Liga,FW,30.9,223,2.5,,,,,,,,,,
Brown Ideye,Málaga,es La Liga,FW,29.2,731,8.1,216.08430426942198,Solid Squad Player,,,,,433.2026344263371,Top Starter,,
Lucas Boyé,Celta Vigo,es La Liga,FW,21.8,267,3.0,,,,,,,,,,
Fabián Orellana,Eibar,es La Liga,Off_MF,31.9,1182,13.1,591.263717731185,Top Starter,,,,,538.2752545534617,Top Starter,,
Giampaolo Pazzini,Levante,es La Liga,FW,33.4,444,4.9,,,,,,,,,,
Imoh Ezekiel,Las Palmas,es La Liga,Off_MF,24.2,468,5.2,148.76130516500785,Below Big-5 Level,,,,,421.0202870078591,Top Starter,,
Hernán Pérez,Alavés,es La Liga,Off_MF,28.8,510,5.7,195.66957306300014,Below Big-5 Level,,,,,602.3317864294389,Top Starter,,
Kévin Soni,Girona,es La Liga,Off_MF,19.7,17,0.2,,,,,,,,,,
Hugo Duro,Getafe,es La Liga,FW,18.1,18,0.2,,,,,,,,,,
Arona Sané,Atlético Madrid,es La Liga,Off_MF,22.5,64,0.7,,,,,,,,,,
Darío Poveda,Villarreal,es La Liga,FW,20.8,1,0.0,,,,,,,,,,
Thomas Kraft,Hertha BSC,de Bundesliga,GK,29.4,270,3.0,,,,,,,,,,
Tom Starke,Bayern Munich,de Bundesliga,GK,36.8,180,2.0,,,,,,,,,,
Jiří Pavlenka,Werder Bremen,de Bundesliga,GK,25.7,3060,34.0,,,,,,,,,745.7189815809121,Top Starter
Ron-Robert Zieler,Stuttgart,de Bundesliga,GK,28.9,3060,34.0,,,,,,,,,803.5574351065654,World Class
Koen Casteels,Wolfsburg,de Bundesliga,GK,25.5,3060,34.0,,,,,,,,,753.7202056183492,World Class
Manuel Neuer,Bayern Munich,de Bundesliga,GK,31.8,270,3.0,,,,,,,,,,
Marwin Hitz,Augsburg,de Bundesliga,GK,30.3,2880,32.0,,,,,,,,,786.9787138597279,World Class
Yann Sommer,Gladbach,de Bundesliga,GK,29.0,2627,29.2,,,,,,,,,797.5285204007945,World Class
René Adler,Mainz 05,de Bundesliga,GK,33.0,1260,14.0,,,,,,,,,755.1985268777302,World Class
Sven Ulreich,Bayern Munich,de Bundesliga,GK,29.4,2610,29.0,,,,,,,,,699.023661754726,Top Starter
Ralf Fährmann,Schalke 04,de Bundesliga,GK,29.3,3015,33.5,,,,,,,,,783.5895892616362,World Class
Alexander Nübel,Schalke 04,de Bundesliga,GK,21.3,45,0.5,,,,,,,,,,
Timo Horn,Köln,de Bundesliga,GK,24.6,3060,34.0,,,,,,,,,697.107145822113,Top Starter
Roman Bürki,Dortmund,de Bundesliga,GK,27.1,2969,33.0,,,,,,,,,801.6854642503473,World Class
Oliver Baumann,Hoffenheim,de Bundesliga,GK,27.6,3060,34.0,,,,,,,,,746.6203191678625,Top Starter
Philipp Tschauner,Hannover 96,de Bundesliga,GK,32.2,2790,31.0,,,,,,,,,713.4619570392904,Top Starter
Julian Pollersbeck,Hamburger SV,de Bundesliga,GK,23.4,900,10.0,,,,,,,,,708.4090346917591,Top Starter
Alexander Schwolow,Freiburg,de Bundesliga,GK,25.6,2907,32.3,,,,,,,,,712.3440629065858,Top Starter
Lukáš Hrádecký,Eint Frankfurt,de Bundesliga,GK,28.1,3060,34.0,,,,,,,,,715.9231989588787,Top Starter
Bernd Leno,Leverkusen,de Bundesliga,GK,25.8,2970,33.0,,,,,,,,,668.3338340194704,Top Starter
Rune Jarstein,Hertha BSC,de Bundesliga,GK,33.3,2790,31.0,,,,,,,,,712.3981853005503,Top Starter
Florian Müller,Mainz 05,de Bundesliga,GK,20.1,450,5.0,,,,,,,,,595.4355961039658,Top Starter
Péter Gulácsi,RB Leipzig,de Bundesliga,GK,27.7,2970,33.0,,,,,,,,,678.4533285816968,Top Starter
Andreas Luthe,Augsburg,de Bundesliga,GK,30.8,180,2.0,,,,,,,,,,
Robin Zentner,Mainz 05,de Bundesliga,GK,23.2,1350,15.0,,,,,,,,,646.2000473991798,Top Starter
Tobias Sippel,Gladbach,de Bundesliga,GK,29.8,433,4.8,,,,,,,,,,
Rafał Gikiewicz,Freiburg,de Bundesliga,GK,30.2,153,1.7,,,,,,,,,,
Christian Mathenia,Hamburger SV,de Bundesliga,GK,25.8,2160,24.0,,,,,,,,,643.0632990612737,Top Starter
Yvon Mvogo,RB Leipzig,de Bundesliga,GK,23.6,90,1.0,,,,,,,,,,
Ramazan Özcan,Leverkusen,de Bundesliga,GK,33.5,90,1.0,,,,,,,,,,
Michael Esser,Hannover 96,de Bundesliga,GK,30.1,270,3.0,,,,,,,,,,
Roman Weidenfeller,Dortmund,de Bundesliga,GK,37.4,91,1.0,,,,,,,,,,
Michael Zetterer,Werder Bremen,de Bundesliga,GK,22.5,0,0.0,,,,,,,,,,
Alexander Hack,Mainz 05,de Bundesliga,DF,24.3,1288,14.3,,,,,921.0439760227289,Exceptional,655.4246742090852,Top Starter,,
Naldo,Schalke 04,de Bundesliga,DF,35.3,3060,34.0,,,,,735.0834665542869,Top Starter,582.3896224421128,Top Starter,,
Jérôme Boateng,Bayern Munich,de Bundesliga,DF,29.3,1644,18.3,,,,,586.583653255903,Top Starter,425.81992935096696,Top Starter,,
Philipp Max,Augsburg,de Bundesliga,DF,24.3,2960,32.9,,,,,541.067156727017,Top Starter,358.49671559418624,Solid Squad Player,,
Mats Hummels,Bayern Munich,de Bundesliga,DF,29.0,2213,24.6,,,,,820.1436209697339,World Class,642.8320297013618,Top Starter,,
Lars Bender,Leverkusen,de Bundesliga,DF,28.7,1602,17.8,,,,,778.1402191388493,World Class,573.8801997389007,Top Starter,,
Benjamin Hübner,Hoffenheim,de Bundesliga,DF,28.5,2318,25.8,,,,,857.8549239852799,World Class,667.5536073150702,Top Starter,,
Salif Sané,Hannover 96,de Bundesliga,DF,27.4,2879,32.0,,,,,820.0680863363777,World Class,625.7815282207962,Top Starter,,
Jannik Vestergaard,Gladbach,de Bundesliga,DF,25.4,2880,32.0,,,,,725.9127778004794,Top Starter,567.3798686021951,Top Starter,,
Thilo Kehrer,Schalke 04,de Bundesliga,DF,21.3,2364,26.3,,,,,774.4535856730154,World Class,590.2130415344302,Top Starter,,
Benjamin Pavard,Stuttgart,de Bundesliga,DF,21.8,3060,34.0,,,,,749.1416720369118,Top Starter,588.9364274120791,Top Starter,,
Dominic Maroh,Köln,de Bundesliga,DF,30.8,913,10.1,,,,,849.8892856129211,World Class,644.6178978542588,Top Starter,,
Bastian Oczipka,Schalke 04,de Bundesliga,DF,29.0,2320,25.8,,,,,686.1694777973934,Top Starter,457.5628218026519,Top Starter,,
Timo Baumgartl,Stuttgart,de Bundesliga,DF,21.8,2610,29.0,,,,,781.3574750364721,World Class,615.4557664290363,Top Starter,,
Łukasz Piszczek,Dortmund,de Bundesliga,DF,32.6,2140,23.8,,,,,755.1794500281344,World Class,628.4648922965475,Top Starter,,
Sven Bender,Leverkusen,de Bundesliga,DF,28.7,2347,26.1,,,,,779.5491479955992,World Class,620.6565961271948,Top Starter,,
Marc Bartra,Dortmund,de Bundesliga,DF,27.0,806,9.0,,,,,879.188661369044,World Class,691.9425166863498,Top Starter,,
David Alaba,Bayern Munich,de Bundesliga,DF,25.5,1550,17.2,,,,,394.2315582702672,Solid Squad Player,354.27405985815693,Solid Squad Player,,
Matthias Ginter,Gladbach,de Bundesliga,DF,24.0,3060,34.0,,,,,645.1265382049903,Top Starter,511.9016712669912,Top Starter,,
Jetro Willems,Eint Frankfurt,de Bundesliga,FW,23.8,1670,18.6,218.92467212213123,Solid Squad Player,,,,,570.4466983200232,Top Starter,,
Rafinha,Bayern Munich,de Bundesliga,DF,32.3,1843,20.5,,,,,679.1057044011719,Top Starter,442.5881680527598,Top Starter,,
Ömer Toprak,Dortmund,de Bundesliga,DF,28.4,2017,22.4,,,,,668.8586073003781,Top Starter,558.332845146687,Top Starter,,
Javi Martínez,Bayern Munich,de Bundesliga,MF,29.3,1612,17.9,,,539.4900182868355,Top Starter,,,619.9979352417196,Top Starter,,
Niklas Süle,Bayern Munich,de Bundesliga,DF,22.3,1919,21.3,,,,,658.4212680415458,Top Starter,486.3590363038052,Top Starter,,
Niklas Stark,Hertha BSC,de Bundesliga,DF,22.7,2210,24.6,,,,,747.4350906298139,Top Starter,555.7849785633765,Top Starter,,
Marcel Halstenberg,RB Leipzig,de Bundesliga,DF,26.3,1177,13.1,,,,,755.6708654334907,World Class,665.2657967127908,Top Starter,,
John Brooks,Wolfsburg,de Bundesliga,DF,24.9,729,8.1,,,,,787.4054797397139,World Class,559.6748348990754,Top Starter,,
David Abraham,Eint Frankfurt,de Bundesliga,DF,31.5,2303,25.6,,,,,764.2790536771835,World Class,564.1583460629812,Top Starter,,
Lars Lukas Mai,Bayern Munich,de Bundesliga,DF,17.8,180,2.0,,,,,,,,,,
Lamine Sané,Werder Bremen,de Bundesliga,DF,30.8,787,8.7,,,,,847.2173736039142,World Class,640.7465974107632,Top Starter,,
Timo Hübers,Hannover 96,de Bundesliga,DF,21.5,450,5.0,,,,,840.6626080891269,World Class,558.5881461585487,Top Starter,,
Dayot Upamecano,RB Leipzig,de Bundesliga,DF,19.2,2263,25.1,,,,,860.3004171823349,World Class,669.0083315308066,Top Starter,,
Matija Nastasić,Schalke 04,de Bundesliga,DF,24.8,1991,22.1,,,,,736.3605621089881,Top Starter,498.61597210282935,Top Starter,,
Jonas Hector,Köln,de Bundesliga,DF,27.6,1761,19.6,,,,,754.2410135887166,World Class,603.417623811308,Top Starter,,
Marvin Plattenhardt,Hertha BSC,de Bundesliga,DF,25.9,2970,33.0,,,,,565.6779393744245,Top Starter,359.53878777583986,Solid Squad Player,,
Martin Hinteregger,Augsburg,de Bundesliga,DF,25.3,2655,29.5,,,,,787.2466104161019,World Class,545.9019827437687,Top Starter,,
Jonathan Tah,Leverkusen,de Bundesliga,DF,21.9,2427,27.0,,,,,693.4998565426788,Top Starter,524.2343166443748,Top Starter,,
Kevin Vogt,Hoffenheim,de Bundesliga,DF,26.3,2790,31.0,,,,,541.8958693656016,Top Starter,340.854507907879,Solid Squad Player,,
Sokratis Papastathopoulos,Dortmund,de Bundesliga,DF,29.6,2375,26.4,,,,,792.873422853913,World Class,628.6731832855123,Top Starter,,
Waldemar Anton,Hannover 96,de Bundesliga,DF,21.5,2278,25.3,,,,,826.2111508654577,World Class,645.4893570970013,Top Starter,,
Douglas Santos,Hamburger SV,de Bundesliga,DF,23.8,2378,26.4,,,,,794.0943091172624,World Class,547.4273281293665,Top Starter,,
Pascal Stenzel,Freiburg,de Bundesliga,Def_MF,21.8,1939,21.5,,,,,752.5048362180681,World Class,532.3292069350467,Top Starter,,
Felipe,Hannover 96,de Bundesliga,DF,30.6,458,5.1,,,,,831.5846048933055,World Class,577.3341146384298,Top Starter,,
Wendell,Leverkusen,de Bundesliga,DF,24.5,2119,23.5,,,,,643.7574153267603,Top Starter,444.9622370963187,Top Starter,,
Raphael Framberger,Augsburg,de Bundesliga,DF,22.3,697,7.7,,,,,757.3900943204577,World Class,536.0744978613496,Top Starter,,
Christian Günter,Freiburg,de Bundesliga,DF,24.8,3060,34.0,,,,,521.679896992744,Top Starter,353.63118258338136,Solid Squad Player,,
Kyriakos Papadopoulos,Hamburger SV,de Bundesliga,DF,25.9,2609,29.0,,,,,813.3351448311224,World Class,601.3767906744624,Top Starter,,
Niklas Moisander,Werder Bremen,de Bundesliga,DF,32.3,2250,25.0,,,,,647.7859047573547,Top Starter,433.8068137730714,Top Starter,,
Josuha Guilavogui,Wolfsburg,de Bundesliga,MF,27.3,2406,26.7,,,524.031396416221,Top Starter,,,609.9059145383558,Top Starter,,
Jean-Philippe Gbamin,Mainz 05,de Bundesliga,Def_MF,22.3,2590,28.8,,,,,826.8935036330546,World Class,579.4287296623703,Top Starter,,
Fabian Lustenberger,Hertha BSC,de Bundesliga,Def_MF,29.7,1581,17.6,,,,,801.7207551681042,World Class,573.8829603400122,Top Starter,,
Robin Knoche,Wolfsburg,de Bundesliga,DF,25.6,2103,23.4,,,,,595.251195930011,Top Starter,487.52933380723994,Top Starter,,
William,Wolfsburg,de Bundesliga,DF,22.7,1611,17.9,,,,,790.3705090095639,World Class,565.424189318542,Top Starter,,
Daniel Brosinski,Mainz 05,de Bundesliga,DF,29.5,2503,27.8,,,,,521.0627696667834,Top Starter,380.7430075459819,Solid Squad Player,,
Dennis Diekmeier,Hamburger SV,de Bundesliga,DF,28.2,1869,20.8,,,,,661.0254313851809,Top Starter,447.363992976947,Top Starter,,
Daniel Opare,Augsburg,de Bundesliga,DF,27.2,1418,15.8,,,,,775.7799517010866,World Class,498.8692402769218,Top Starter,,
Ridle Baku,Mainz 05,de Bundesliga,MF,19.7,234,2.6,,,,,,,,,,
Holger Badstuber,Stuttgart,de Bundesliga,DF,28.8,2168,24.1,,,,,745.0854361534608,Top Starter,529.5495685769704,Top Starter,,
Paul Jaeckel,Wolfsburg,de Bundesliga,DF,19.4,270,3.0,,,,,,,,,,
Jeffrey Gouweleeuw,Augsburg,de Bundesliga,DF,26.5,2385,26.5,,,,,782.7620774603824,World Class,546.0163838305247,Top Starter,,
Makoto Hasebe,Eint Frankfurt,de Bundesliga,DF,34.0,2089,23.2,,,,,540.0991211817377,Top Starter,327.85776664471825,Solid Squad Player,,
Carlos Salcedo,Eint Frankfurt,de Bundesliga,DF,24.3,1607,17.9,,,,,669.375390697958,Top Starter,490.13663543213005,Top Starter,,
Lukas Klostermann,RB Leipzig,de Bundesliga,DF,21.6,2192,24.4,,,,,683.1418420788754,Top Starter,492.2801792325682,Top Starter,,
Panagiotis Retsos,Leverkusen,de Bundesliga,DF,19.4,1714,19.0,,,,,756.3587641356482,World Class,572.5054784412746,Top Starter,,
Peter Pekarík,Hertha BSC,de Bundesliga,DF,31.2,1378,15.3,,,,,666.5575579344285,Top Starter,443.4036467661572,Top Starter,,
Willi Orban,RB Leipzig,de Bundesliga,DF,25.2,2127,23.6,,,,,725.9092047260893,Top Starter,602.6735204293435,Top Starter,,
Maximilian Mittelstädt,Hertha BSC,de Bundesliga,MF,20.8,422,4.7,,,,,,,,,,
Matthias Ostrzolek,Hannover 96,de Bundesliga,DF,27.6,2380,26.4,,,,,651.6696549885706,Top Starter,433.88049001936696,Top Starter,,
Abdou Diallo,Mainz 05,de Bundesliga,DF,21.7,2416,26.8,,,,,822.7900076806052,World Class,624.6053687299683,Top Starter,,
Ludwig Augustinsson,Werder Bremen,de Bundesliga,DF,23.7,2534,28.2,,,,,551.6197734072877,Top Starter,413.42287030667484,Top Starter,,
Kevin Danso,Augsburg,de Bundesliga,DF,19.3,1108,12.3,,,,,683.824253765543,Top Starter,520.4296916620266,Top Starter,,
Baba Rahman,Schalke 04,de Bundesliga,DF,23.5,33,0.4,,,,,,,,,,
Benno Schmitz,RB Leipzig,de Bundesliga,DF,23.1,82,0.9,,,,,,,,,,
Neven Subotić,Dortmund,de Bundesliga,DF,29.1,271,3.0,,,,,,,,,,
Reece Oxford,Gladbach,de Bundesliga,DF,19.0,463,5.1,,,,,716.6936478536612,Top Starter,593.0247187539874,Top Starter,,
Manuel Akanji,Dortmund,de Bundesliga,DF,22.5,903,10.0,,,,,604.4632806349457,Top Starter,411.7628431107666,Top Starter,,
Paul Verhaegh,Wolfsburg,de Bundesliga,DF,34.3,2617,29.1,,,,,589.1747327843519,Top Starter,388.72256309813133,Solid Squad Player,,
Frederik Sørensen,Köln,de Bundesliga,DF,25.7,2002,22.2,,,,,823.2306090321008,World Class,586.8398150033919,Top Starter,,
Marco Russ,Eint Frankfurt,de Bundesliga,DF,32.4,1145,12.7,,,,,723.5135876145549,Top Starter,595.6536880087893,Top Starter,,
Håvard Nordtveit,Hoffenheim,de Bundesliga,DF,27.5,966,10.7,,,,,654.5468277965641,Top Starter,370.5373378378779,Solid Squad Player,,
Emiliano Insúa,Stuttgart,de Bundesliga,DF,29.0,2106,23.4,,,,,646.3236967068733,Top Starter,466.5475264822437,Top Starter,,
Simon Falette,Eint Frankfurt,de Bundesliga,DF,25.9,2208,24.5,,,,,768.6424645544855,World Class,609.9624681773291,Top Starter,,
Sebastian Langkamp,Werder Bremen,de Bundesliga,DF,30.0,1364,15.2,,,,,727.8549338804011,Top Starter,515.9133422361259,Top Starter,,
Bernardo,RB Leipzig,de Bundesliga,DF,,1350,15.0,,,,,802.0099362039167,World Class,664.5894068124342,Top Starter,,
Stefan Bell,Mainz 05,de Bundesliga,DF,26.4,2176,24.2,,,,,714.5971422848846,Top Starter,570.9505471718973,Top Starter,,
Ohis Felix Uduokhai,Wolfsburg,de Bundesliga,DF,20.3,1558,17.3,,,,,758.7002978680832,World Class,547.6333241057553,Top Starter,,
Jorge Meré,Köln,de Bundesliga,DF,20.7,1890,21.0,,,,,699.5656288556161,Top Starter,501.4030946515756,Top Starter,,
Raphaël Guerreiro,Dortmund,de Bundesliga,DF,24.0,545,6.1,,,,,606.558450774286,Top Starter,437.3655148588073,Top Starter,,
Oscar Wendt,Gladbach,de Bundesliga,DF,32.2,2460,27.3,,,,,539.7307038784041,Top Starter,347.79752987942396,Solid Squad Player,,
Nico Elvedi,Gladbach,de Bundesliga,DF,21.3,2916,32.4,,,,,717.7186098409491,Top Starter,600.9631674157816,Top Starter,,
Jeremy Toljan,Dortmund,de Bundesliga,DF,23.4,1388,15.4,,,,,550.009590510503,Top Starter,379.7315538667981,Solid Squad Player,,
Danny da Costa,Eint Frankfurt,de Bundesliga,DF,24.5,1199,13.3,,,,,650.6696365250737,Top Starter,537.1047994485377,Top Starter,,
Jordan Torunarigha,Hertha BSC,de Bundesliga,DF,20.4,661,7.3,,,,,849.1236900401497,World Class,604.6961596736885,Top Starter,,
Dominique Heintz,Köln,de Bundesliga,DF,24.4,2790,31.0,,,,,714.7656382715625,Top Starter,469.6071627896031,Top Starter,,
Karim Rekik,Hertha BSC,de Bundesliga,DF,23.1,2304,25.6,,,,,637.5307307331167,Top Starter,446.3144764476033,Top Starter,,
Jeffrey Bruma,Wolfsburg,de Bundesliga,DF,26.1,990,11.0,,,,,614.4849369626022,Top Starter,499.19670298944885,Top Starter,,
Manuel Gulde,Freiburg,de Bundesliga,DF,26.9,1530,17.0,,,,,505.0412489397104,Top Starter,399.7080993720513,Solid Squad Player,,
Taleb Tawatha,Eint Frankfurt,de Bundesliga,DF,25.5,432,4.8,,,,,,,,,,
Miloš Veljković,Werder Bremen,de Bundesliga,DF,22.3,2655,29.5,,,,,620.1076237003084,Top Starter,428.18022427587863,Top Starter,,
Kevin Akpoguma,Hoffenheim,de Bundesliga,DF,22.7,1690,18.8,,,,,702.6283486259604,Top Starter,486.18619907746404,Top Starter,,
Nico Schulz,Hoffenheim,de Bundesliga,FW,24.8,1773,19.7,231.90127657321824,Solid Squad Player,,,,,484.1656035174676,Top Starter,,
Dominik Kohr,Leverkusen,de Bundesliga,MF,23.9,1666,18.5,,,453.14390374351365,Top Starter,,,550.964637877109,Top Starter,,
Marcin Kamiński,Stuttgart,de Bundesliga,DF,26.0,1134,12.6,,,,,684.6208107042612,Top Starter,549.0105748214648,Top Starter,,
Robin Koch,Freiburg,de Bundesliga,Def_MF,21.5,1916,21.3,,,,,655.2732198223954,Top Starter,529.8583876164445,Top Starter,,
Giulio Donati,Mainz 05,de Bundesliga,DF,27.9,2284,25.4,,,,,683.9147802248598,Top Starter,438.61075582580264,Top Starter,,
Juan Bernat,Bayern Munich,de Bundesliga,DF,24.8,892,9.9,,,,,631.2490318341985,Top Starter,528.8633872776743,Top Starter,,
Mërgim Mavraj,Hamburger SV,de Bundesliga,DF,31.6,1447,16.1,,,,,807.396062354584,World Class,642.0551836314995,Top Starter,,
Julian Schuster,Freiburg,de Bundesliga,DF,32.7,1310,14.6,,,,,539.7881204295197,Top Starter,359.22812199570217,Solid Squad Player,,
Luca Caldirola,Werder Bremen,de Bundesliga,DF,26.9,90,1.0,,,,,,,,,,
Florian Mayer,Gladbach,de Bundesliga,DF,19.8,18,0.2,,,,,,,,,,
Marvin Compper,RB Leipzig,de Bundesliga,DF,32.6,90,1.0,,,,,,,,,,
Stefan Posch,Hoffenheim,de Bundesliga,DF,20.6,756,8.4,,,,,779.0427754124667,World Class,546.0415677664569,Top Starter,,
Theodor Gebre Selassie,Werder Bremen,de Bundesliga,DF,31.0,2829,31.4,,,,,678.396141218596,Top Starter,629.1351660824657,Top Starter,,
Stefan Ilsanker,RB Leipzig,de Bundesliga,DF,28.6,1285,14.3,,,,,802.105681169419,World Class,614.6634490794111,Top Starter,,
Marc-Oliver Kempf,Freiburg,de Bundesliga,DF,22.9,901,10.0,,,,,691.2445055036416,Top Starter,469.5414861131448,Top Starter,,
Florian Hübner,Hannover 96,de Bundesliga,DF,26.8,325,3.6,,,,,,,,,,
Lukas Kübler,Freiburg,de Bundesliga,DF,25.3,1151,12.8,,,,,712.9481159062015,Top Starter,511.8457953965232,Top Starter,,
Marcel Tisserand,Wolfsburg,de Bundesliga,DF,25.0,1248,13.9,,,,,644.0767348635329,Top Starter,487.11684113153217,Top Starter,,
Çağlar Söyüncü,Freiburg,de Bundesliga,DF,21.6,2153,23.9,,,,,704.31511678916,Top Starter,545.5658543181455,Top Starter,,
Ibrahima Konaté,RB Leipzig,de Bundesliga,DF,18.6,1226,13.6,,,,,784.2568164236869,World Class,562.2250428146283,Top Starter,,
Marcel Schmelzer,Dortmund,de Bundesliga,DF,29.9,1493,16.6,,,,,750.6473224727542,World Class,605.0943951402401,Top Starter,,
Robert Bauer,Werder Bremen,de Bundesliga,DF,22.7,954,10.6,,,,,730.2406128129445,Top Starter,468.0349238505692,Top Starter,,
Tim Handwerker,Köln,de Bundesliga,Off_MF,19.6,393,4.4,,,,,,,,,,
Gideon Jung,Hamburger SV,de Bundesliga,Def_MF,23.3,2570,28.6,,,,,676.4067277748676,Top Starter,432.7116032204378,Top Starter,,
Josip Elez,Hannover 96,de Bundesliga,DF,23.7,777,8.6,,,,,621.3301464135104,Top Starter,393.5932823740636,Solid Squad Player,,
Gōtoku Sakai,Hamburger SV,de Bundesliga,DF,26.8,2289,25.4,,,,,695.3571067166887,Top Starter,485.2555249626695,Top Starter,,
Stephan Ambrosius,Hamburger SV,de Bundesliga,DF,19.0,45,0.5,,,,,,,,,,
Ailton,Stuttgart,de Bundesliga,DF,22.8,106,1.2,,,,,,,,,,
Jannes Horn,Köln,de Bundesliga,DF,20.9,827,9.2,,,,,605.5274545954929,Top Starter,366.39047085597826,Solid Squad Player,,
Leon Balogun,Mainz 05,de Bundesliga,DF,29.5,1174,13.0,,,,,855.7736435140083,World Class,645.1462559108116,Top Starter,,
Dan-Axel Zagadou,Dortmund,de Bundesliga,DF,18.6,654,7.3,,,,,660.3757155508406,Top Starter,582.8633721068046,Top Starter,,
Paweł Olkowski,Köln,de Bundesliga,DF,27.9,450,5.0,,,,,585.3173796878912,Top Starter,395.98489518208294,Solid Squad Player,,
Tin Jedvaj,Leverkusen,de Bundesliga,DF,22.1,598,6.6,,,,,582.9578873521101,Top Starter,460.09161406104715,Top Starter,,
Kostas Stafylidis,Augsburg,de Bundesliga,DF,24.1,31,0.3,,,,,,,,,,
Ermin Bičakčić,Hoffenheim,de Bundesliga,DF,27.9,548,6.1,,,,,735.4569882446402,Top Starter,540.9438830586993,Top Starter,,
Benjamin Henrichs,Leverkusen,de Bundesliga,DF,20.9,1260,14.0,,,,,777.7639224683708,World Class,578.5873165072331,Top Starter,,
Oliver Sorg,Hannover 96,de Bundesliga,DF,27.6,1690,18.8,,,,,704.0220150743737,Top Starter,436.5356521056837,Top Starter,,
Pablo Insua,Schalke 04,de Bundesliga,DF,24.3,26,0.3,,,,,,,,,,
Yann Aurel Bisseck,Köln,de Bundesliga,DF,17.1,155,1.7,,,,,,,,,,
Marco Friedl,Werder Bremen,de Bundesliga,DF,19.8,642,7.1,,,,,594.7363257993694,Top Starter,448.844223162335,Top Starter,,
Riechedly Bazoer,Wolfsburg,de Bundesliga,MF,21.2,590,6.6,,,262.297614900746,Solid Squad Player,,,342.5877296217709,Solid Squad Player,,
Konrad Laimer,RB Leipzig,de Bundesliga,DF,20.6,1331,14.8,,,,,620.7655913409435,Top Starter,536.5502407254112,Top Starter,,
Gian-Luca Itter,Wolfsburg,de Bundesliga,DF,19.0,414,4.6,,,,,,,,,,
Philipp Lienhart,Freiburg,de Bundesliga,DF,21.5,867,9.6,,,,,644.7979718142296,Top Starter,400.0223753550033,Top Starter,,
André Ramalho,Leverkusen,de Bundesliga,DF,25.9,29,0.3,,,,,,,,,,
Rick van Drongelen,Hamburger SV,de Bundesliga,DF,19.0,1443,16.0,,,,,628.4260007571596,Top Starter,449.3434916935049,Top Starter,,
Matthias Zimmermann,Stuttgart,de Bundesliga,DF,25.5,76,0.8,,,,,,,,,,
Lukas Klünter,Köln,de Bundesliga,DF,21.6,1336,14.8,,,,,578.5544330370436,Top Starter,418.08811364613837,Top Starter,,
Tony Jantschke,Gladbach,de Bundesliga,DF,27.7,716,8.0,,,,,593.5381728791872,Top Starter,431.70194922482,Top Starter,,
Ulisses Garcia,Werder Bremen,de Bundesliga,FW,22.0,90,1.0,,,,,,,,,,
Filip Kusić,Köln,de Bundesliga,DF,21.6,14,0.2,,,,,,,,,,
Sebastian Jung,Wolfsburg,de Bundesliga,DF,27.5,79,0.9,,,,,,,,,,
Birk Risa,Köln,de Bundesliga,FW,19.9,81,0.9,,,,,,,,,,
Mandela Egbo,Gladbach,de Bundesliga,DF,20.4,10,0.1,,,,,,,,,,
Josha Vagnoman,Hamburger SV,de Bundesliga,MF,17.1,20,0.2,,,,,,,,,,
Mohamed Dräger,Freiburg,de Bundesliga,MF,21.5,51,0.6,,,,,,,,,,
Onur Bulut,Freiburg,de Bundesliga,FW,23.7,38,0.4,,,,,,,,,,
Aleksandar Dragović,Leverkusen,de Bundesliga,DF,26.8,45,0.5,,,,,,,,,,
Christoph Janker,Augsburg,de Bundesliga,DF,32.9,73,0.8,,,,,,,,,,
Coke,Schalke 04,de Bundesliga,DF,30.7,1,0.0,,,,,,,,,,
Sergio Gómez,Dortmund,de Bundesliga,MF,17.3,7,0.1,,,,,,,,,,
James Rodríguez,Bayern Munich,de Bundesliga,Off_MF,26.5,1625,18.1,849.8948533138825,World Class,,,,,596.229998582016,Top Starter,,
Marco Reus,Dortmund,de Bundesliga,Off_MF,28.6,935,10.4,620.9684286913142,Top Starter,,,,,418.57278058121557,Top Starter,,
Joshua Kimmich,Bayern Munich,de Bundesliga,DF,22.9,2333,25.9,,,,,525.633528441467,Top Starter,380.0326487972809,Solid Squad Player,,
Arturo Vidal,Bayern Munich,de Bundesliga,MF,30.6,1457,16.2,,,758.5061071825999,World Class,,,700.39321904023,Top Starter,,
Thiago Alcántara,Bayern Munich,de Bundesliga,MF,26.7,1243,13.8,,,798.6486024592205,World Class,,,729.0280195131518,Top Starter,,
Thomas Müller,Bayern Munich,de Bundesliga,Off_MF,28.3,1964,21.8,784.2414696919493,World Class,,,,,447.99088771353706,Top Starter,,
Daniel Caligiuri,Schalke 04,de Bundesliga,DF,30.0,2918,32.4,,,,,756.6013274221399,World Class,527.3187304663479,Top Starter,,
Leon Bailey,Leverkusen,de Bundesliga,FW,20.4,2220,24.7,657.021082985983,Top Starter,,,,,490.1490487980335,Top Starter,,
Serge Gnabry,Hoffenheim,de Bundesliga,FW,22.5,1507,16.7,803.0978536021086,World Class,,,,,477.1005070537988,Top Starter,,
Arjen Robben,Bayern Munich,de Bundesliga,FW,33.9,1517,16.9,641.736512351566,Top Starter,,,,,523.7513083143517,Top Starter,,
Corentin Tolisso,Bayern Munich,de Bundesliga,MF,23.4,1527,17.0,,,768.7504559503078,World Class,,,551.7837513112613,Top Starter,,
Lars Stindl,Gladbach,de Bundesliga,FW,29.3,2731,30.3,407.8075278489785,Top Starter,,,,,610.518641534184,Top Starter,,
Naby Keïta,RB Leipzig,de Bundesliga,MF,22.9,1960,21.8,,,861.9928031447215,World Class,,,688.2159394275828,Top Starter,,
Franck Ribéry,Bayern Munich,de Bundesliga,FW,34.7,1210,13.4,573.1530337245216,Top Starter,,,,,621.7111873343177,Top Starter,,
Marcel Sabitzer,RB Leipzig,de Bundesliga,Off_MF,23.8,1791,19.9,474.88322438891294,Top Starter,,,,,554.0917390886057,Top Starter,,
Ignacio Camacho,Wolfsburg,de Bundesliga,Def_MF,27.7,953,10.6,,,,,881.588824248287,World Class,625.6282736343711,Top Starter,,
Pirmin Schwegler,Hannover 96,de Bundesliga,MF,30.8,2328,25.9,,,681.3014350193679,Top Starter,,,595.988750381264,Top Starter,,
Thorgan Hazard,Gladbach,de Bundesliga,Off_MF,24.8,2946,32.7,466.97677342525867,Top Starter,,,,,472.6736271666027,Top Starter,,
Niklas Dorsch,Bayern Munich,de Bundesliga,MF,20.0,90,1.0,,,,,,,,,,
Linton Maina,Hannover 96,de Bundesliga,Off_MF,18.5,31,0.3,,,,,,,,,,
Kingsley Coman,Bayern Munich,de Bundesliga,FW,21.6,1147,12.7,553.8853418739112,Top Starter,,,,,639.600561590235,Top Starter,,
Mark Uth,Hoffenheim,de Bundesliga,FW,26.4,2177,24.2,742.6545968389654,Top Starter,,,,,363.7191330438483,Solid Squad Player,,
Zlatko Junuzović,Werder Bremen,de Bundesliga,Off_MF,30.3,1634,18.2,499.9062262636194,Top Starter,,,,,427.0002239600985,Top Starter,,
Nuri Şahin,Dortmund,de Bundesliga,MF,29.3,1226,13.6,,,754.8503563704235,World Class,,,672.238035112975,Top Starter,,
Aaron Hunt,Hamburger SV,de Bundesliga,Off_MF,31.3,2166,24.1,397.99899668606247,Solid Squad Player,,,,,447.95204648047167,Top Starter,,
Thomas Delaney,Werder Bremen,de Bundesliga,MF,26.3,2796,31.1,,,577.9440894219703,Top Starter,,,621.0086426625086,Top Starter,,
Kevin Kampl,RB Leipzig,de Bundesliga,MF,27.2,2050,22.8,,,602.5765689440166,Top Starter,,,481.66824015519404,Top Starter,,
Robin Hack,Hoffenheim,de Bundesliga,FW,19.3,67,0.7,,,,,,,,,,
Omar Mascarell,Eint Frankfurt,de Bundesliga,MF,24.9,770,8.6,,,442.66708209206064,Top Starter,,,600.2874542730165,Top Starter,,
Shinji Kagawa,Dortmund,de Bundesliga,Off_MF,28.8,1166,13.0,529.9445209052609,Top Starter,,,,,467.39316447882857,Top Starter,,
Charles Aránguiz,Leverkusen,de Bundesliga,MF,28.7,2306,25.6,,,562.8952956354362,Top Starter,,,622.6468127877423,Top Starter,,
Diego Demme,RB Leipzig,de Bundesliga,MF,26.1,2285,25.4,,,615.9379099542994,Top Starter,,,616.3474711147035,Top Starter,,
Florian Grillitsch,Hoffenheim,de Bundesliga,MF,22.4,1895,21.1,,,565.3927617924159,Top Starter,,,612.7289450036188,Top Starter,,
Leon Goretzka,Schalke 04,de Bundesliga,MF,22.9,1983,22.0,,,496.3907519937162,Top Starter,,,572.9834314736821,Top Starter,,
Miloš Jojić,Köln,de Bundesliga,Off_MF,25.8,1460,16.2,595.172862011171,Top Starter,,,,,505.5067558705718,Top Starter,,
Daniel Didavi,Wolfsburg,de Bundesliga,Off_MF,27.9,2248,25.0,482.89326047206396,Top Starter,,,,,405.64248026823225,Top Starter,,
Nicolas Höfler,Freiburg,de Bundesliga,MF,27.8,2259,25.1,,,515.7606479446488,Top Starter,,,627.0757141993771,Top Starter,,
Tobias Strobl,Gladbach,de Bundesliga,MF,27.6,112,1.2,,,,,,,,,,
Lewis Holtby,Hamburger SV,de Bundesliga,Off_MF,27.3,1197,13.3,394.06312366255816,Solid Squad Player,,,,,613.0227576512459,Top Starter,,
Felix Klaus,Hannover 96,de Bundesliga,Off_MF,25.3,1989,22.1,329.9766899089579,Solid Squad Player,,,,,491.0628545799718,Top Starter,,
Julian Baumgartlinger,Leverkusen,de Bundesliga,MF,30.0,1397,15.5,,,421.8302900912098,Top Starter,,,579.462825195404,Top Starter,,
Sebastian Rudy,Bayern Munich,de Bundesliga,MF,27.8,1509,16.8,,,663.8199645125915,Top Starter,,,571.7977588973527,Top Starter,,
Marius Wolf,Eint Frankfurt,de Bundesliga,Off_MF,22.6,2368,26.3,541.6416550314818,Top Starter,,,,,413.8802345522725,Top Starter,,
Benjamin Stambouli,Schalke 04,de Bundesliga,DF,27.4,2194,24.4,,,,,815.3839576107963,World Class,553.320963937491,Top Starter,,
Ante Rebić,Eint Frankfurt,de Bundesliga,FW,24.3,1762,19.6,487.45733685705267,Top Starter,,,,,560.1501686862267,Top Starter,,
Danny Latza,Mainz 05,de Bundesliga,MF,28.1,2354,26.2,,,500.95526601589967,Top Starter,,,613.3439436351514,Top Starter,,
Erik Thommy,Stuttgart,de Bundesliga,Off_MF,23.4,1158,12.9,539.5238988752801,Top Starter,,,,,457.3798892682481,Top Starter,,
Max Meyer,Schalke 04,de Bundesliga,MF,22.3,1730,19.2,,,361.60657363267524,Solid Squad Player,,,529.9692684631239,Top Starter,,
Kevin Volland,Leverkusen,de Bundesliga,FW,25.4,2597,28.9,546.412722218271,Top Starter,,,,,385.43759465482697,Solid Squad Player,,
Marcel Risse,Köln,de Bundesliga,DF,28.0,1169,13.0,,,,,368.04834545860666,Solid Squad Player,269.49859458895133,Solid Squad Player,,
Miiko Albornoz,Hannover 96,de Bundesliga,DF,27.1,701,7.8,,,,,658.172965143572,Top Starter,543.4420939453383,Top Starter,,
Florian Kainz,Werder Bremen,de Bundesliga,Off_MF,25.2,1685,18.7,475.41709293365756,Top Starter,,,,,466.0264836721527,Top Starter,,
Pablo de Blasis,Mainz 05,de Bundesliga,FW,29.9,1652,18.4,294.32194329639384,Solid Squad Player,,,,,567.2775682771381,Top Starter,,
Emil Forsberg,RB Leipzig,de Bundesliga,Off_MF,26.2,1373,15.3,435.10467420956473,Top Starter,,,,,520.5781656564687,Top Starter,,
Kerem Demirbay,Hoffenheim,de Bundesliga,MF,24.5,1211,13.5,,,666.0023113449661,Top Starter,,,579.7612376252257,Top Starter,,
Daniel Baier,Augsburg,de Bundesliga,MF,33.6,2541,28.2,,,520.2327851357206,Top Starter,,,592.861986926795,Top Starter,,
Jadon Sancho,Dortmund,de Bundesliga,FW,17.8,684,7.6,595.1002586611344,Top Starter,,,,,481.5464465575428,Top Starter,,
Admir Mehmedi,Wolfsburg,de Bundesliga,DF,26.8,988,11.0,,,,,670.3584649467281,Top Starter,573.9232032417733,Top Starter,,
Mario Götze,Dortmund,de Bundesliga,Off_MF,25.6,1608,17.9,558.7027953576712,Top Starter,,,,,536.4826930837102,Top Starter,,
Vincenzo Grifo,Gladbach,de Bundesliga,Off_MF,24.7,780,8.7,526.9275738417849,Top Starter,,,,,392.36146621837776,Solid Squad Player,,
Andriy Yarmolenko,Dortmund,de Bundesliga,FW,28.2,1041,11.6,519.5517720499672,Top Starter,,,,,551.3998165295957,Top Starter,,
Amine Harit,Schalke 04,de Bundesliga,Off_MF,20.5,2052,22.8,424.6392490810575,Top Starter,,,,,540.7273098918829,Top Starter,,
Philipp Bargfrede,Werder Bremen,de Bundesliga,MF,28.8,1869,20.8,,,417.91186717665136,Top Starter,,,578.7664929082725,Top Starter,,
Santiago Ascacíbar,Stuttgart,de Bundesliga,MF,20.8,2383,26.5,,,410.24006929853016,Top Starter,,,571.5008644127217,Top Starter,,
Christian Gentner,Stuttgart,de Bundesliga,MF,32.4,2412,26.8,,,493.9745139897813,Top Starter,,,553.1613247616793,Top Starter,,
Caiuby,Augsburg,de Bundesliga,FW,29.5,2858,31.8,400.2725986099405,Top Starter,,,,,625.2974806207736,Top Starter,,
Dennis Aogo,Stuttgart,de Bundesliga,MF,31.0,1954,21.7,,,559.0907371009516,Top Starter,,,391.12272793205045,Solid Squad Player,,
Berkay Özcan,Stuttgart,de Bundesliga,Off_MF,19.9,1004,11.2,421.4751919136543,Top Starter,,,,,462.7431772501401,Top Starter,,
Karim Bellarabi,Leverkusen,de Bundesliga,Off_MF,27.7,1141,12.7,555.0766968238624,Top Starter,,,,,495.8307154413796,Top Starter,,
Timothy Chandler,Eint Frankfurt,de Bundesliga,DF,27.8,1893,21.0,,,,,559.2146763707315,Top Starter,413.553314329889,Top Starter,,
Nicolai Müller,Hamburger SV,de Bundesliga,DF,30.3,26,0.3,,,,,,,,,,
Simon Asta,Augsburg,de Bundesliga,Def_MF,16.9,10,0.1,,,,,,,,,,
Per Ciljan Skjelbred,Hertha BSC,de Bundesliga,MF,30.5,2183,24.3,,,372.37954885091966,Solid Squad Player,,,537.6735234505552,Top Starter,,
Andreas Beck,Stuttgart,de Bundesliga,DF,30.8,1930,21.4,,,,,620.159298718138,Top Starter,519.4606265066001,Top Starter,,
Fin Bartels,Werder Bremen,de Bundesliga,FW,30.9,1126,12.5,481.04160117460975,Top Starter,,,,,391.78758852621894,Solid Squad Player,,
Julian Weigl,Dortmund,de Bundesliga,MF,22.3,1943,21.6,,,398.49881115434624,Solid Squad Player,,,605.8874285358103,Top Starter,,
Maximilian Arnold,Wolfsburg,de Bundesliga,MF,23.6,2454,27.3,,,432.97633105217295,Top Starter,,,484.05975792055915,Top Starter,,
Marco Fabián,Eint Frankfurt,de Bundesliga,Off_MF,28.4,419,4.7,,,,,,,,,,
Yannick Gerhardt,Wolfsburg,de Bundesliga,DF,23.8,1225,13.6,,,,,674.302723807488,Top Starter,518.8776427202217,Top Starter,,
Fabian Frei,Mainz 05,de Bundesliga,MF,29.0,806,9.0,,,426.6327848264184,Top Starter,,,485.93899424111123,Top Starter,,
Josip Brekalo,Wolfsburg,de Bundesliga,FW,19.5,1561,17.3,409.92359490226113,Top Starter,,,,,576.6180055258463,Top Starter,,
Christoph Kramer,Gladbach,de Bundesliga,MF,26.9,2161,24.0,,,434.995782689518,Top Starter,,,597.4023716549436,Top Starter,,
Mahmoud Dahoud,Dortmund,de Bundesliga,MF,22.0,1137,12.6,,,697.0357142524961,Top Starter,,,522.8990788435452,Top Starter,,
Vladimír Darida,Hertha BSC,de Bundesliga,MF,27.4,1637,18.2,,,545.6804470802543,Top Starter,,,513.9912275562723,Top Starter,,
Steven Zuber,Hoffenheim,de Bundesliga,FW,26.4,1441,16.0,204.11954133551941,Solid Squad Player,,,,,518.947964376429,Top Starter,,
Gojko Kačar,Augsburg,de Bundesliga,DF,30.9,228,2.5,,,,,,,,,,
Danny Blum,Eint Frankfurt,de Bundesliga,Off_MF,27.0,27,0.3,,,,,,,,,,
Jonathan de Guzmán,Eint Frankfurt,de Bundesliga,MF,30.3,1094,12.2,,,640.7343944428458,Top Starter,,,411.35721592413563,Top Starter,,
Chris Führich,Köln,de Bundesliga,Off_MF,20.0,95,1.1,,,,,,,,,,
Amir Abrashi,Freiburg,de Bundesliga,MF,27.8,851,9.5,,,409.9888373849751,Top Starter,,,670.3089111639266,Top Starter,,
Pavel Kadeřábek,Hoffenheim,de Bundesliga,FW,25.7,2197,24.4,248.85157707884125,Solid Squad Player,,,,,526.5511092574773,Top Starter,,
Marc Stendera,Eint Frankfurt,de Bundesliga,MF,22.1,374,4.2,,,,,,,,,,
Rani Khedira,Augsburg,de Bundesliga,Def_MF,23.9,2279,25.3,,,,,754.6620082113991,World Class,520.7513117204169,Top Starter,,
Vincent Sierro,Freiburg,de Bundesliga,MF,22.2,215,2.4,,,,,,,,,,
Kevin-Prince Boateng,Eint Frankfurt,de Bundesliga,MF,30.8,2361,26.2,,,446.1713451520175,Top Starter,,,542.4707848659054,Top Starter,,
Mijat Gaćinović,Eint Frankfurt,de Bundesliga,Off_MF,22.9,1815,20.2,334.459805407397,Solid Squad Player,,,,,554.3372794566162,Top Starter,,
Yoric Ravet,Freiburg,de Bundesliga,FW,28.3,494,5.5,469.6115242079066,Top Starter,,,,,552.139921158426,Top Starter,,
Arne Maier,Hertha BSC,de Bundesliga,MF,19.0,1227,13.6,,,432.5162426198046,Top Starter,,,461.0228511891095,Top Starter,,
Yunus Mallı,Wolfsburg,de Bundesliga,FW,25.9,2238,24.9,375.26492892339104,Solid Squad Player,,,,,398.7490734447867,Solid Squad Player,,
Nadiem Amiri,Hoffenheim,de Bundesliga,Off_MF,21.2,1741,19.3,417.3122494293536,Top Starter,,,,,484.7344042639402,Top Starter,,
Salomon Kalou,Hertha BSC,de Bundesliga,FW,32.4,2220,24.7,509.4111583205194,Top Starter,,,,,420.46099977267687,Top Starter,,
Janik Haberer,Freiburg,de Bundesliga,MF,23.8,2757,30.6,,,551.6628163940546,Top Starter,,,555.7710443762129,Top Starter,,
Marco Richter,Augsburg,de Bundesliga,FW,20.1,598,6.6,305.1336383313777,Solid Squad Player,,,,,572.2022397566993,Top Starter,,
Vasilije Janjicic,Hamburger SV,de Bundesliga,MF,19.2,319,3.5,,,,,,,,,,
Dennis Geiger,Hoffenheim,de Bundesliga,MF,19.6,1593,17.7,,,488.45302367184496,Top Starter,,,491.60265333004054,Top Starter,,
Leonardo Bittencourt,Köln,de Bundesliga,Off_MF,24.0,1613,17.9,484.0933191009137,Top Starter,,,,,600.7106982679484,Top Starter,,
Albin Ekdal,Hamburger SV,de Bundesliga,MF,28.4,1107,12.3,,,466.3711261761148,Top Starter,,,606.3845576794797,Top Starter,,
Denis Zakaria,Gladbach,de Bundesliga,MF,21.1,2306,25.6,,,406.2614543838803,Top Starter,,,517.8932761005524,Top Starter,,
Ville Matti Steinmann,Hamburger SV,de Bundesliga,MF,23.0,601,6.7,,,379.7137446501018,Solid Squad Player,,,649.5469077181833,Top Starter,,
Salih Özcan,Köln,de Bundesliga,MF,20.0,1671,18.6,,,497.6139451831253,Top Starter,,,658.6746562063317,Top Starter,,
Valentino Lazaro,Hertha BSC,de Bundesliga,Off_MF,21.8,1859,20.7,435.6622460935214,Top Starter,,,,,393.8561705449028,Solid Squad Player,,
Mitchell Weiser,Hertha BSC,de Bundesliga,DF,23.7,1981,22.0,,,,,721.0775243507909,Top Starter,528.093960641497,Top Starter,,
Milot Rashica,Werder Bremen,de Bundesliga,FW,21.5,385,4.3,,,,,,,,,,
László Bénes,Gladbach,de Bundesliga,Def_MF,20.3,37,0.4,,,,,,,,,,
Jonathan Schmid,Augsburg,de Bundesliga,DF,27.5,1469,16.3,,,,,443.2470111368613,Top Starter,335.1515636583236,Solid Squad Player,,
Matthias Lehmann,Köln,de Bundesliga,MF,34.6,1519,16.9,,,281.72433204288615,Solid Squad Player,,,402.9939723522056,Top Starter,,
Walace,Hamburger SV,de Bundesliga,MF,22.7,1320,14.7,,,547.3964054737056,Top Starter,,,593.7532011049582,Top Starter,,
Gelson Fernandes,Eint Frankfurt,de Bundesliga,MF,31.3,1034,11.5,,,286.9303071478343,Solid Squad Player,,,489.16361730220933,Top Starter,,
Konstantin Rausch,Köln,de Bundesliga,DF,27.8,927,10.3,,,,,637.5278401885914,Top Starter,448.2212302452697,Top Starter,,
Koo Ja-cheol,Augsburg,de Bundesliga,MF,28.8,2050,22.8,,,422.06891140785444,Top Starter,,,590.0740911824961,Top Starter,,
Julian Korb,Hannover 96,de Bundesliga,DF,25.8,2341,26.0,,,,,532.9841606845308,Top Starter,343.6173193801638,Solid Squad Player,,
Alexandru Maxim,Mainz 05,de Bundesliga,Off_MF,27.5,958,10.6,444.34854032079465,Top Starter,,,,,435.6055617090411,Top Starter,,
Marco Terrazzino,Freiburg,de Bundesliga,Off_MF,26.7,1500,16.7,296.50418039009054,Solid Squad Player,,,,,423.2461622901705,Top Starter,,
Maximilian Eggestein,Werder Bremen,de Bundesliga,MF,21.1,2695,29.9,,,454.9881968095191,Top Starter,,,519.2718503359322,Top Starter,,
Mickaël Cuisance,Gladbach,de Bundesliga,MF,18.4,1195,13.3,,,509.2684682824027,Top Starter,,,491.83004391544097,Top Starter,,
Nabil Bentaleb,Schalke 04,de Bundesliga,MF,23.1,1009,11.2,,,538.3792915440109,Top Starter,,,513.7504879441107,Top Starter,,
Vincent Koziello,Köln,de Bundesliga,MF,22.2,788,8.8,,,418.4630855404533,Top Starter,,,524.6151101947199,Top Starter,,
Levin Öztunalı,Mainz 05,de Bundesliga,FW,21.8,1753,19.5,261.0116916636595,Solid Squad Player,,,,,463.2208958807344,Top Starter,,
Mohamed Gouaida,Hamburger SV,de Bundesliga,MF,24.6,59,0.7,,,,,,,,,,
Daichi Kamada,Eint Frankfurt,de Bundesliga,Off_MF,21.4,145,1.6,,,,,,,,,,
Filip Kostić,Hamburger SV,de Bundesliga,FW,25.2,2412,26.8,308.87592544991355,Solid Squad Player,,,,,526.4889513021309,Top Starter,,
Fabian Johnson,Gladbach,de Bundesliga,MF,30.1,466,5.2,,,419.0185228835654,Top Starter,,,450.3997155768168,Top Starter,,
Suat Serdar,Mainz 05,de Bundesliga,MF,20.7,1702,18.9,,,440.29896910920166,Top Starter,,,560.2549297255634,Top Starter,,
Bartosz Kapustka,Freiburg,de Bundesliga,FW,21.0,233,2.6,,,,,,,,,,
Dominik Kaiser,RB Leipzig,de Bundesliga,Off_MF,29.3,272,3.0,,,,,,,,,,
André Hahn,Hamburger SV,de Bundesliga,FW,27.4,1353,15.0,248.74364479989347,Solid Squad Player,,,,,584.6743083180808,Top Starter,,
Aymen Barkok,Eint Frankfurt,de Bundesliga,FW,19.6,311,3.5,,,,,,,,,,
Mike Frantz,Freiburg,de Bundesliga,MF,31.2,1045,11.6,,,391.10420297556044,Solid Squad Player,,,489.30426799077156,Top Starter,,
Sejad Salihović,Hamburger SV,de Bundesliga,Off_MF,33.2,366,4.1,,,,,,,,,,
Jakub Błaszczykowski,Wolfsburg,de Bundesliga,FW,32.0,521,5.8,250.85146142554893,Solid Squad Player,,,,,512.4859255489476,Top Starter,,
Felix Passlack,Hoffenheim,de Bundesliga,FW,19.6,73,0.8,,,,,,,,,,
Robert Žulj,Hoffenheim,de Bundesliga,Off_MF,25.9,205,2.3,,,,,,,,,,
Mathew Leckie,Hertha BSC,de Bundesliga,FW,26.9,1853,20.6,355.5436249508504,Solid Squad Player,,,,,664.1003244181064,Top Starter,,
Jan Morávek,Augsburg,de Bundesliga,MF,28.2,700,7.8,,,426.32900836480025,Top Starter,,,627.0858190509098,Top Starter,,
Eugen Polanski,Hoffenheim,de Bundesliga,MF,31.8,257,2.9,,,,,,,,,,
Marco Höger,Köln,de Bundesliga,MF,28.3,1677,18.6,,,376.7484013313156,Solid Squad Player,,,660.3948178303613,Top Starter,,
Philipp Ochs,Hoffenheim,de Bundesliga,FW,20.7,71,0.8,,,,,,,,,,
Gerrit Holtmann,Mainz 05,de Bundesliga,FW,22.8,897,10.0,325.11963573465147,Solid Squad Player,,,,,449.7671061898659,Top Starter,,
Orel Mangala,Stuttgart,de Bundesliga,MF,19.8,770,8.6,,,393.82865160767346,Solid Squad Player,,,573.2028671358912,Top Starter,,
Iver Fossum,Hannover 96,de Bundesliga,MF,21.5,1305,14.5,,,448.9766131981068,Top Starter,,,443.5842481798107,Top Starter,,
Lukas Rupp,Hoffenheim,de Bundesliga,MF,27.0,1163,12.9,,,636.4837904618483,Top Starter,,,508.2134359742123,Top Starter,,
Nigel de Jong,Mainz 05,de Bundesliga,Def_MF,33.1,742,8.2,,,,,677.982500181663,Top Starter,458.51340836233214,Top Starter,,
Weston McKennie,Schalke 04,de Bundesliga,MF,19.3,1196,13.3,,,376.04459576082667,Solid Squad Player,,,575.5112197839914,Top Starter,,
Aron Jóhannsson,Werder Bremen,de Bundesliga,Off_MF,27.1,271,3.0,,,,,,,,,,
Marvin Bakalorz,Hannover 96,de Bundesliga,MF,28.3,2058,22.9,,,391.49758320156883,Solid Squad Player,,,486.06073950064274,Top Starter,,
Kilian Jakob,Augsburg,de Bundesliga,FW,19.9,51,0.6,,,,,,,,,,
Alessandro Schöpf,Schalke 04,de Bundesliga,DF,23.9,804,8.9,,,,,699.7044225643623,Top Starter,524.9665441912532,Top Starter,,
Christian Clemens,Köln,de Bundesliga,Off_MF,26.4,639,7.1,318.31496460641483,Solid Squad Player,,,,,386.4399770498693,Solid Squad Player,,
Genki Haraguchi,Hertha BSC,de Bundesliga,FW,26.7,206,2.3,,,,,,,,,,
Tatsuya Ito,Hamburger SV,de Bundesliga,Off_MF,20.5,1013,11.3,368.3541309332768,Solid Squad Player,,,,,461.77261701277587,Top Starter,,
Paul-Georges Ntep,Wolfsburg,de Bundesliga,FW,25.4,163,1.8,,,,,,,,,,
Valentin Stocker,Hertha BSC,de Bundesliga,Off_MF,28.7,49,0.5,,,,,,,,,,
Ondrej Duda,Hertha BSC,de Bundesliga,MF,23.1,745,8.3,,,354.4446361679874,Solid Squad Player,,,482.7751027241217,Top Starter,,
Nikolas Nartey,Köln,de Bundesliga,Off_MF,17.9,6,0.1,,,,,,,,,,
Slobodan Medojević,Eint Frankfurt,de Bundesliga,MF,27.1,28,0.3,,,,,,,,,,
Meritan Shabani,Bayern Munich,de Bundesliga,FW,18.8,56,0.6,,,,,,,,,,
Ole Käuper,Werder Bremen,de Bundesliga,MF,21.0,74,0.8,,,,,,,,,,
Ryan Kent,Freiburg,de Bundesliga,FW,21.1,244,2.7,,,,,,,,,,
Caleb Stanko,Freiburg,de Bundesliga,DF,24.4,188,2.1,,,,,,,,,,
Florian Kath,Freiburg,de Bundesliga,FW,23.2,658,7.3,227.96970596485116,Solid Squad Player,,,,,625.1602153057199,Top Starter,,
Bakery Jatta,Hamburger SV,de Bundesliga,Off_MF,19.6,294,3.3,,,,,,,,,,
Jérôme Gondorf,Werder Bremen,de Bundesliga,Off_MF,29.5,794,8.8,270.64808307346726,Solid Squad Player,,,,,432.714372551008,Top Starter,,
Fabian Reese,Schalke 04,de Bundesliga,FW,20.1,69,0.8,,,,,,,,,,
Palkó Dárdai,Hertha BSC,de Bundesliga,FW,18.7,25,0.3,,,,,,,,,,
Manuel Schmiedebach,Hannover 96,de Bundesliga,MF,29.1,163,1.8,,,,,,,,,,
Anas Ouahim,Köln,de Bundesliga,Off_MF,20.3,18,0.2,,,,,,,,,,
Jairo Samperio,Mainz 05,de Bundesliga,FW,24.5,34,0.4,,,,,,,,,,
Sebastian Maier,Hannover 96,de Bundesliga,MF,24.3,260,2.9,,,,,,,,,,
Ebenezer Ofori,Stuttgart,de Bundesliga,MF,22.5,9,0.1,,,,,,,,,,
Elvis Rexhbeçaj,Wolfsburg,de Bundesliga,DF,20.2,124,1.4,,,,,,,,,,
Dženis Burnić,Stuttgart,de Bundesliga,MF,19.6,304,3.4,,,,,,,,,,
Marijan Ćavar,Eint Frankfurt,de Bundesliga,MF,19.9,31,0.3,,,,,,,,,,
Anto Grgić,Stuttgart,de Bundesliga,MF,21.1,5,0.1,,,,,,,,,,
Marcel Benger,Gladbach,de Bundesliga,MF,19.5,1,0.0,,,,,,,,,,
Alexander Meier,Eint Frankfurt,de Bundesliga,Off_MF,35.0,3,0.0,,,,,,,,,,
Robert Lewandowski,Bayern Munich,de Bundesliga,FW,29.4,2169,24.1,640.7503783166082,Top Starter,,,,,463.64681306387496,Top Starter,,
Max Kruse,Werder Bremen,de Bundesliga,FW,29.8,2454,27.3,467.19438482406224,Top Starter,,,,,408.9403615960331,Top Starter,,
Maximilian Philipp,Dortmund,de Bundesliga,FW,23.8,1207,13.4,654.6442682079105,Top Starter,,,,,485.583279414522,Top Starter,,
Andrej Kramarić,Hoffenheim,de Bundesliga,FW,26.5,2222,24.7,660.3994517052009,Top Starter,,,,,302.99251413411884,Solid Squad Player,,
Niclas Füllkrug,Hannover 96,de Bundesliga,FW,24.9,2389,26.5,524.6293494648294,Top Starter,,,,,562.7620890604005,Top Starter,,
Pierre-Emerick Aubameyang,Dortmund,de Bundesliga,FW,28.5,1417,15.7,673.622927964897,Top Starter,,,,,281.19587022812124,Solid Squad Player,,
Raffael,Gladbach,de Bundesliga,FW,32.8,2080,23.1,497.80140136545316,Top Starter,,,,,467.46842151756124,Top Starter,,
Nils Petersen,Freiburg,de Bundesliga,FW,29.1,2239,24.9,484.3851532671741,Top Starter,,,,,553.7399387904882,Top Starter,,
Lucas Alario,Leverkusen,de Bundesliga,FW,25.2,1545,17.2,605.493670166739,Top Starter,,,,,538.3866058912778,Top Starter,,
Alfreð Finnbogason,Augsburg,de Bundesliga,FW,28.9,1825,20.3,564.4013292815821,Top Starter,,,,,372.83489850008533,Solid Squad Player,,
Sandro Wagner,Bayern Munich,de Bundesliga,FW,30.1,1594,17.7,684.8931988621349,Top Starter,,,,,529.2780063377159,Top Starter,,
Ademola Lookman,RB Leipzig,de Bundesliga,Off_MF,20.2,575,6.4,927.2888811336145,Exceptional,,,,,361.16405022413085,Solid Squad Player,,
Julian Brandt,Leverkusen,de Bundesliga,FW,21.7,2337,26.0,575.5528712552219,Top Starter,,,,,463.97929865140605,Top Starter,,
Michael Gregoritsch,Augsburg,de Bundesliga,Off_MF,23.7,2534,28.2,364.43527211783584,Solid Squad Player,,,,,462.3781269217862,Top Starter,,
Kai Havertz,Leverkusen,de Bundesliga,MF,18.6,2140,23.8,,,718.4932708116881,Top Starter,,,602.8777861259302,Top Starter,,
Yevhen Konoplyanka,Schalke 04,de Bundesliga,FW,28.3,1567,17.4,497.1190494339003,Top Starter,,,,,353.6949029974273,Solid Squad Player,,
Timo Werner,RB Leipzig,de Bundesliga,FW,21.8,2491,27.7,534.4880501304718,Top Starter,,,,,302.36513211056797,Solid Squad Player,,
Michy Batshuayi,Dortmund,de Bundesliga,FW,24.2,836,9.3,574.6315237652746,Top Starter,,,,,339.73304235318983,Solid Squad Player,,
Davie Selke,Hertha BSC,de Bundesliga,FW,22.9,1888,21.0,463.3633097384751,Top Starter,,,,,533.9346564514698,Top Starter,,
Sébastien Haller,Eint Frankfurt,de Bundesliga,FW,23.5,2351,26.1,445.3487749786673,Top Starter,,,,,585.3137432339316,Top Starter,,
Anastasios Donis,Stuttgart,de Bundesliga,Off_MF,21.3,950,10.6,514.9610060907413,Top Starter,,,,,539.9146928192359,Top Starter,,
Mario Gómez,Stuttgart,de Bundesliga,FW,32.5,2327,25.9,455.15734166295147,Top Starter,,,,,502.8730344782841,Top Starter,,
Jonathas,Hannover 96,de Bundesliga,FW,28.8,634,7.0,581.5867311404389,Top Starter,,,,,559.8414657420935,Top Starter,,
Ihlas Bebou,Hannover 96,de Bundesliga,Off_MF,23.7,2138,23.8,472.7497450555013,Top Starter,,,,,559.4643443687193,Top Starter,,
Ishak Belfodil,Werder Bremen,de Bundesliga,FW,26.0,1343,14.9,433.93186102597707,Top Starter,,,,,560.4645523636083,Top Starter,,
Ádám Szalai,Hoffenheim,de Bundesliga,FW,30.1,887,9.9,555.021151995129,Top Starter,,,,,487.87156796738265,Top Starter,,
Martin Harnik,Hannover 96,de Bundesliga,FW,30.6,1887,21.0,494.7889691290914,Top Starter,,,,,473.8954529944847,Top Starter,,
Marko Pjaca,Schalke 04,de Bundesliga,FW,22.7,259,2.9,,,,,,,,,,
Bruma,RB Leipzig,de Bundesliga,Off_MF,23.2,1608,17.9,485.79365943657467,Top Starter,,,,,515.920330818451,Top Starter,,
Simon Terodde,Köln,de Bundesliga,FW,29.8,2115,23.5,330.78609464314246,Solid Squad Player,,,,,530.9666688259518,Top Starter,,
Yoshinori Mutō,Mainz 05,de Bundesliga,FW,25.5,1906,21.2,453.38021047338975,Top Starter,,,,,410.2373683682992,Top Starter,,
André Schürrle,Dortmund,de Bundesliga,FW,27.2,1234,13.7,427.4946240428339,Top Starter,,,,,528.0516990127313,Top Starter,,
Gonzalo Castro,Dortmund,de Bundesliga,MF,30.6,1207,13.4,,,631.2589113215338,Top Starter,,,484.10328065694506,Top Starter,,
Jean-Kévin Augustin,RB Leipzig,de Bundesliga,FW,20.5,1272,14.1,761.5083105096151,World Class,,,,,484.37962623296386,Top Starter,,
Tim Kleindienst,Freiburg,de Bundesliga,FW,22.3,1134,12.6,381.21732367011975,Solid Squad Player,,,,,598.0963361965016,Top Starter,,
Luka Jović,Eint Frankfurt,de Bundesliga,FW,20.0,929,10.3,628.9795035868934,Top Starter,,,,,412.0022609748313,Top Starter,,
Emil Berggreen,Mainz 05,de Bundesliga,FW,24.6,666,7.4,657.981246228924,Top Starter,,,,,559.4255485184456,Top Starter,,
Serhou Guirassy,Köln,de Bundesliga,FW,21.8,846,9.4,291.82003962226025,Solid Squad Player,,,,,573.9490557061806,Top Starter,,
Yussuf Poulsen,RB Leipzig,de Bundesliga,FW,23.5,1660,18.4,388.1102843914581,Solid Squad Player,,,,,595.382664893234,Top Starter,,
Christian Pulisic,Dortmund,de Bundesliga,FW,19.3,2312,25.7,414.7753860339822,Top Starter,,,,,587.6614841800988,Top Starter,,
Daniel Ginczek,Stuttgart,de Bundesliga,FW,26.7,1528,17.0,384.01590826206325,Solid Squad Player,,,,,428.46758525053605,Top Starter,,
Ibrahima Traoré,Gladbach,de Bundesliga,Off_MF,29.7,196,2.2,,,,,,,,,,
Guido Burgstaller,Schalke 04,de Bundesliga,FW,28.7,2328,25.9,541.7328147046644,Top Starter,,,,,399.8011186839614,Solid Squad Player,,
Vedad Ibišević,Hertha BSC,de Bundesliga,FW,33.4,1452,16.1,440.745210561356,Top Starter,,,,,492.5633568074582,Top Starter,,
Chadrac Akolo,Stuttgart,de Bundesliga,Off_MF,22.8,1105,12.3,357.95256661249607,Solid Squad Player,,,,,419.1955750623579,Top Starter,,
Claudio Pizarro,Köln,de Bundesliga,FW,39.2,574,6.4,364.5907829702558,Solid Squad Player,,,,,591.6403239977502,Top Starter,,
Alexander Esswein,Hertha BSC,de Bundesliga,FW,27.8,612,6.8,367.81604617072367,Solid Squad Player,,,,,561.7615780889705,Top Starter,,
Divock Origi,Wolfsburg,de Bundesliga,FW,22.7,1966,21.8,349.58977059864833,Solid Squad Player,,,,,444.45032374148644,Top Starter,,
Franco Di Santo,Schalke 04,de Bundesliga,FW,28.7,1662,18.5,213.71976025477346,Solid Squad Player,,,,,472.53630288770785,Top Starter,,
Yuya Osako,Köln,de Bundesliga,FW,27.6,1904,21.2,327.8071943839689,Solid Squad Player,,,,,439.88646532633055,Top Starter,,
Florian Niederlechner,Freiburg,de Bundesliga,FW,27.2,700,7.8,290.6510370468803,Solid Squad Player,,,,,406.5430855393776,Top Starter,,
Patrick Herrmann,Gladbach,de Bundesliga,Off_MF,26.9,1126,12.5,257.7040586684441,Solid Squad Player,,,,,478.95207222988125,Top Starter,,
Robin Quaison,Mainz 05,de Bundesliga,FW,24.2,1408,15.6,338.727740489952,Solid Squad Player,,,,,413.0913005555296,Top Starter,,
Josip Drmić,Gladbach,de Bundesliga,FW,25.4,463,5.1,636.6707170488434,Top Starter,,,,,427.365111558608,Top Starter,,
Kwasi Okyere Wriedt,Bayern Munich,de Bundesliga,Off_MF,23.5,22,0.2,,,,,,,,,,
Cedric Teuchert,Schalke 04,de Bundesliga,FW,21.0,31,0.3,,,,,,,,,,
Luca Waldschmidt,Hamburger SV,de Bundesliga,Off_MF,21.6,789,8.8,223.43378204256777,Solid Squad Player,,,,,401.35947227006216,Top Starter,,
Simon Zoller,Köln,de Bundesliga,Off_MF,26.5,967,10.7,281.9297882114986,Solid Squad Player,,,,,382.0346791312173,Solid Squad Player,,
Charlison Benschop,Hannover 96,de Bundesliga,Off_MF,28.4,181,2.0,,,,,,,,,,
Jhon Córdoba,Köln,de Bundesliga,FW,24.6,951,10.6,240.8691201331421,Solid Squad Player,,,,,604.5855493073657,Top Starter,,
Franck Evina,Bayern Munich,de Bundesliga,FW,17.5,111,1.2,,,,,,,,,,
Sven Schipplock,Hamburger SV,de Bundesliga,FW,29.1,335,3.7,,,,,,,,,,
Jonas Hofmann,Gladbach,de Bundesliga,Off_MF,25.5,1027,11.4,461.46970352663243,Top Starter,,,,,485.90115076451843,Top Starter,,
Kenan Karaman,Hannover 96,de Bundesliga,Off_MF,23.8,846,9.4,214.1813555763299,Solid Squad Player,,,,,412.4475084115876,Top Starter,,
Sergio Córdova,Augsburg,de Bundesliga,FW,20.4,566,6.3,366.1517109452764,Solid Squad Player,,,,,495.74074351523694,Top Starter,,
Joel Pohjanpalo,Leverkusen,de Bundesliga,Off_MF,23.3,110,1.2,,,,,,,,,,
Lucas Höler,Freiburg,de Bundesliga,FW,23.5,915,10.2,168.58131940123948,Below Big-5 Level,,,,,638.1225885340124,Top Starter,,
Julio Villalba,Gladbach,de Bundesliga,DF,19.3,6,0.1,,,,,,,,,,
Karim Guédé,Freiburg,de Bundesliga,FW,33.0,60,0.7,,,,,,,,,,
Breel Embolo,Schalke 04,de Bundesliga,FW,20.9,913,10.1,322.6848720324839,Solid Squad Player,,,,,554.5206187468702,Top Starter,,
Jann-Fiete Arp,Hamburger SV,de Bundesliga,FW,18.0,844,9.4,250.65786943454577,Solid Squad Player,,,,,435.094787328437,Top Starter,,
Anthony Ujah,Mainz 05,de Bundesliga,FW,27.2,200,2.2,,,,,,,,,,
Takuma Asano,Stuttgart,de Bundesliga,FW,23.1,719,8.0,250.66862296980062,Solid Squad Player,,,,,395.6851527091855,Solid Squad Player,,
Raúl Bobadilla,Gladbach,de Bundesliga,FW,30.5,444,4.9,,,,,,,,,,
Johannes Eggestein,Werder Bremen,de Bundesliga,FW,19.7,93,1.0,,,,,,,,,,
Bobby Wood,Hamburger SV,de Bundesliga,FW,25.1,1610,17.9,171.60210158970216,Below Big-5 Level,,,,,537.7603363985527,Top Starter,,
Ji Dong-won,Augsburg,de Bundesliga,FW,26.6,17,0.2,,,,,,,,,,
Viktor Fischer,Mainz 05,de Bundesliga,FW,23.6,331,3.7,,,,,,,,,,
Landry Dimata,Wolfsburg,de Bundesliga,FW,,899,10.0,119.92412021544035,Below Big-5 Level,,,,,465.04057151429964,Top Starter,,
Victor Osimhen,Wolfsburg,de Bundesliga,FW,19.0,279,3.1,,,,,,,,,,
Marcel Heller,Augsburg,de Bundesliga,FW,31.9,1300,14.4,160.1758332775786,Below Big-5 Level,,,,,390.08207403066774,Solid Squad Player,,
Izet Hajrović,Werder Bremen,de Bundesliga,Off_MF,26.4,185,2.1,,,,,,,,,,
Alexander Isak,Dortmund,de Bundesliga,FW,18.3,116,1.3,,,,,,,,,,
Karim Onisiwo,Mainz 05,de Bundesliga,DF,25.8,250,2.8,,,,,,,,,,
Kenan Kodro,Mainz 05,de Bundesliga,FW,24.4,227,2.5,,,,,,,,,,
Stefan Kießling,Leverkusen,de Bundesliga,DF,33.9,75,0.8,,,,,,,,,,
Branimir Hrgota,Eint Frankfurt,de Bundesliga,Off_MF,25.0,195,2.2,,,,,,,,,,
Renato Steffen,Wolfsburg,de Bundesliga,FW,26.2,656,7.3,70.64352685807116,Below Big-5 Level,,,,,398.8927324543866,Solid Squad Player,,
Noah Joel Sarenren Bazee,Hannover 96,de Bundesliga,FW,21.4,112,1.2,,,,,,,,,,
Törles Knöll,Hamburger SV,de Bundesliga,MF,20.3,17,0.2,,,,,,,,,,
Shawn Parker,Augsburg,de Bundesliga,FW,24.8,44,0.5,,,,,,,,,,
Julian Schieber,Hertha BSC,de Bundesliga,Off_MF,28.9,53,0.6,,,,,,,,,,
Jacob Bruun Larsen,Stuttgart,de Bundesliga,Off_MF,19.3,110,1.2,,,,,,,,,,
Kaylen Hinds,Wolfsburg,de Bundesliga,FW,19.9,90,1.0,,,,,,,,,,
Marco Silvestri,Hellas Verona,it Serie A,GK,26.8,180,2.0,,,,,,,,,,
Łukasz Skorupski,Roma,it Serie A,GK,26.7,90,1.0,,,,,,,,,,
Antonio Santurro,Bologna,it Serie A,GK,25.8,90,1.0,,,,,,,,,,
Alisson,Roma,it Serie A,GK,25.2,3330,37.0,,,,,,,,,847.410760129311,World Class
Alex Meret,SPAL,it Serie A,GK,20.8,1160,12.9,,,,,,,,,707.6627800976747,Top Starter
Nícolas,Hellas Verona,it Serie A,GK,29.7,3239,36.0,,,,,,,,,775.9153141567543,World Class
Salvatore Sirigu,Torino,it Serie A,GK,31.0,3330,37.0,,,,,,,,,742.252252308263,Top Starter
Vanja Milinković-Savić,Torino,it Serie A,GK,20.9,90,1.0,,,,,,,,,,
Samir Handanović,Inter,it Serie A,GK,33.5,3420,38.0,,,,,,,,,770.5700372959553,World Class
Gianluigi Buffon,Juventus,it Serie A,GK,39.9,1863,20.7,,,,,,,,,722.0718214743664,Top Starter
Mattia Perin,Genoa,it Serie A,GK,25.1,3330,37.0,,,,,,,,,752.6736211040092,World Class
Pierluigi Gollini,Atalanta,it Serie A,GK,22.8,623,6.9,,,,,,,,,707.1983274186139,Top Starter
Luigi Sepe,Napoli,it Serie A,GK,26.7,90,1.0,,,,,,,,,,
Alfred Gomis,SPAL,it Serie A,GK,24.3,2259,25.1,,,,,,,,,657.2395720516135,Top Starter
Emiliano Viviano,Sampdoria,it Serie A,GK,32.1,2430,27.0,,,,,,,,,672.3766162177673,Top Starter
Wojciech Szczęsny,Juventus,it Serie A,GK,27.7,1530,17.0,,,,,,,,,712.7582472735629,Top Starter
Stefano Sorrentino,Chievo,it Serie A,GK,38.8,3420,38.0,,,,,,,,,647.9213875861964,Top Starter
Pepe Reina,Napoli,it Serie A,GK,35.3,3330,37.0,,,,,,,,,717.7231370575618,Top Starter
Thomas Strakosha,Lazio,it Serie A,GK,22.8,3420,38.0,,,,,,,,,705.4196063673379,Top Starter
Rafael,Cagliari,it Serie A,GK,35.8,792,8.8,,,,,,,,,625.766598404645,Top Starter
Marco Sportiello,Fiorentina,it Serie A,GK,25.6,3202,35.6,,,,,,,,,763.9913289188461,World Class
Eugenio Lamanna,Genoa,it Serie A,GK,28.4,90,1.0,,,,,,,,,,
Gianluca Pegolo,Sassuolo,it Serie A,GK,36.8,103,1.1,,,,,,,,,,
Andrea Consigli,Sassuolo,it Serie A,GK,30.9,3317,36.9,,,,,,,,,679.9390226362847,Top Starter
Gianluigi Donnarumma,Milan,it Serie A,GK,18.9,3420,38.0,,,,,,,,,670.5527534122953,Top Starter
Alex Cordaz,Crotone,it Serie A,GK,35.0,3420,38.0,,,,,,,,,593.6592464881056,Top Starter
Alessio Cragno,Cagliari,it Serie A,GK,23.5,2538,28.2,,,,,,,,,682.5256673309788,Top Starter
Antonio Mirante,Bologna,it Serie A,GK,34.5,2970,33.0,,,,,,,,,674.8426359777225,Top Starter
Albano Bizzarri,Udinese,it Serie A,GK,40.1,2879,32.0,,,,,,,,,680.5738969408742,Top Starter
Christian Puggioni,Benevento,it Serie A,GK,37.0,1987,22.1,,,,,,,,,804.9671616262416,World Class
Angelo Da Costa,Bologna,it Serie A,GK,34.1,360,4.0,,,,,,,,,,
Etrit Berisha,Atalanta,it Serie A,GK,28.8,2790,31.0,,,,,,,,,617.4987101178908,Top Starter
Simone Scuffet,Udinese,it Serie A,GK,21.6,540,6.0,,,,,,,,,554.9976889366585,Top Starter
Alberto Brignoli,Benevento,it Serie A,GK,26.4,1124,12.5,,,,,,,,,679.7039615925739,Top Starter
Vid Belec,Sampdoria,it Serie A,GK,27.6,1294,14.4,,,,,,,,,675.969043018649,Top Starter
Francesco Rossi,Atalanta,it Serie A,GK,26.7,7,0.1,,,,,,,,,,
Carlo Pinsoglio,Juventus,it Serie A,GK,27.8,27,0.3,,,,,,,,,,
Bartłomiej Drągowski,Fiorentina,it Serie A,GK,20.4,216,2.4,,,,,,,,,,
Luca Crosta,Cagliari,it Serie A,GK,19.9,90,1.0,,,,,,,,,,
Gabriele Marchegiani,SPAL,it Serie A,GK,21.6,1,0.0,,,,,,,,,,
Faouzi Ghoulam,Napoli,it Serie A,DF,26.9,987,11.0,,,,,440.3391686254103,Top Starter,416.31978639969714,Top Starter,,
Deian Boldor,Hellas Verona,it Serie A,DF,22.9,90,1.0,,,,,,,,,,
Aleksandar Kolarov,Roma,it Serie A,DF,32.1,3061,34.0,,,,,645.1391641440724,Top Starter,511.7187490227731,Top Starter,,
Mattia De Sciglio,Juventus,it Serie A,DF,25.2,967,10.7,,,,,607.0121961809605,Top Starter,440.26112793164276,Top Starter,,
Alex Sandro,Juventus,it Serie A,DF,26.9,2115,23.5,,,,,640.5096202809773,Top Starter,596.4795064169632,Top Starter,,
Raúl Albiol,Napoli,it Serie A,DF,32.3,2742,30.5,,,,,533.3630877573814,Top Starter,494.36177130178083,Top Starter,,
Elio Capradossi,Roma,it Serie A,DF,21.8,84,0.9,,,,,,,,,,
Medhi Benatia,Juventus,it Serie A,DF,30.7,1755,19.5,,,,,661.8406668415109,Top Starter,550.7369938615155,Top Starter,,
Giorgio Chiellini,Juventus,it Serie A,DF,33.4,2163,24.0,,,,,680.5723215117838,Top Starter,501.5128627043687,Top Starter,,
Federico Fazio,Roma,it Serie A,DF,30.8,2920,32.4,,,,,683.3652524485091,Top Starter,599.1082618560757,Top Starter,,
Milan Škriniar,Inter,it Serie A,DF,22.9,3420,38.0,,,,,579.3154396820559,Top Starter,478.2071966812133,Top Starter,,
Cristián Zapata,Milan,it Serie A,DF,31.3,993,11.0,,,,,664.300905099381,Top Starter,598.7847047594055,Top Starter,,
Cristiano Biraghi,Fiorentina,it Serie A,DF,25.3,2983,33.1,,,,,547.3782287836146,Top Starter,432.7736858448473,Top Starter,,
Davide Calabria,Milan,it Serie A,DF,21.1,1561,17.3,,,,,810.0901740506065,World Class,532.1094916846505,Top Starter,,
Luca Ceppitelli,Cagliari,it Serie A,DF,28.4,2229,24.8,,,,,776.2471529776535,World Class,607.457798262707,Top Starter,,
Davide Astori,Fiorentina,it Serie A,DF,31.0,2250,25.0,,,,,673.4188735200055,Top Starter,536.9876341714415,Top Starter,,
Benedikt Höwedes,Juventus,it Serie A,DF,29.8,248,2.8,,,,,,,,,,
Thiago Cionek,SPAL,it Serie A,DF,31.7,1350,15.0,,,,,802.1140946832932,World Class,564.9211878983681,Top Starter,,
Andrea Masiello,Atalanta,it Serie A,DF,31.9,2707,30.1,,,,,650.0072397572477,Top Starter,497.9350661666302,Top Starter,,
Alessandro Florenzi,Roma,it Serie A,DF,26.8,2385,26.5,,,,,502.8474973041819,Top Starter,382.62418263771923,Solid Squad Player,,
Kalidou Koulibaly,Napoli,it Serie A,DF,26.5,3066,34.1,,,,,518.2638039133419,Top Starter,451.26391987887206,Top Starter,,
Stefan de Vrij,Lazio,it Serie A,DF,25.9,3041,33.8,,,,,568.1787645438462,Top Starter,377.8613454432034,Solid Squad Player,,
Vitor Hugo,Fiorentina,it Serie A,DF,26.6,1203,13.4,,,,,795.1026491390019,World Class,645.4024565314552,Top Starter,,
Francesco Acerbi,Sassuolo,it Serie A,DF,29.9,3420,38.0,,,,,690.6318727704569,Top Starter,554.4311748316233,Top Starter,,
Leonardo Bonucci,Milan,it Serie A,DF,30.7,3085,34.3,,,,,525.6793238405443,Top Starter,380.7107693228819,Solid Squad Player,,
Robin Gosens,Atalanta,it Serie A,DF,23.5,1451,16.1,,,,,712.2463252675885,Top Starter,530.079341802914,Top Starter,,
Andrea Conti,Milan,it Serie A,DF,23.8,158,1.8,,,,,,,,,,
Miranda,Inter,it Serie A,DF,33.3,2728,30.3,,,,,560.7187289158237,Top Starter,447.0291089305633,Top Starter,,
Armando Izzo,Genoa,it Serie A,DF,25.8,1388,15.4,,,,,670.4545542657033,Top Starter,559.360319563489,Top Starter,,
Mattia Caldara,Atalanta,it Serie A,DF,23.7,2160,24.0,,,,,592.128390360872,Top Starter,473.1007212992602,Top Starter,,
João Cancelo,Inter,it Serie A,DF,23.6,1845,20.5,,,,,665.7963964616553,Top Starter,513.595688849129,Top Starter,,
Rafael Tolói,Atalanta,it Serie A,DF,27.2,2449,27.2,,,,,686.6069634504779,Top Starter,542.245137831277,Top Starter,,
Andrea Ranocchia,Inter,it Serie A,DF,29.9,626,7.0,,,,,634.5908887949895,Top Starter,536.481820527463,Top Starter,,
Mário Rui,Napoli,it Serie A,DF,26.6,2088,23.2,,,,,503.7818220928205,Top Starter,431.63566634629115,Top Starter,,
Lorenzo Tonelli,Napoli,it Serie A,DF,28.0,350,3.9,,,,,,,,,,
Germán Pezzella,Fiorentina,it Serie A,DF,26.5,2981,33.1,,,,,707.3918268872065,Top Starter,586.4514382863396,Top Starter,,
Kostas Manolas,Roma,it Serie A,DF,26.6,2341,26.0,,,,,664.3740268102312,Top Starter,502.0754854828947,Top Starter,,
Daniele Rugani,Juventus,it Serie A,DF,23.4,1935,21.5,,,,,448.93180390447304,Top Starter,370.1555312210378,Solid Squad Player,,
Nicolas Nkoulou,Torino,it Serie A,DF,27.8,3259,36.2,,,,,610.4150707559288,Top Starter,474.36327582364123,Top Starter,,
Bram Nuytinck,Udinese,it Serie A,DF,27.7,2361,26.2,,,,,622.6326626236071,Top Starter,513.7557624370905,Top Starter,,
Bartosz Salamon,SPAL,it Serie A,DF,26.7,1722,19.1,,,,,677.027306542591,Top Starter,596.567571317655,Top Starter,,
Ali Adnan Kadhim,Udinese,it Serie A,DF,24.0,1670,18.6,,,,,727.5907547862735,Top Starter,657.6543858302356,Top Starter,,
Nicolás Spolli,Genoa,it Serie A,DF,34.9,1773,19.7,,,,,663.016188126065,Top Starter,457.3180534943226,Top Starter,,
Ervin Zukanović,Genoa,it Serie A,DF,30.9,2790,31.0,,,,,607.1000834674489,Top Starter,470.30977848374977,Top Starter,,
Dario Dainelli,Chievo,it Serie A,DF,38.6,1507,16.7,,,,,695.8660641253971,Top Starter,575.6613832076233,Top Starter,,
José Luis Palomino,Atalanta,it Serie A,DF,28.0,1978,22.0,,,,,666.2515317987402,Top Starter,567.7822195474024,Top Starter,,
Ricardo Rodríguez,Milan,it Serie A,DF,25.4,3005,33.4,,,,,451.989286818794,Top Starter,360.38123190860944,Solid Squad Player,,
Ștefan Radu,Lazio,it Serie A,DF,31.2,2598,28.9,,,,,647.1671006636091,Top Starter,454.80384053128273,Top Starter,,
Andrea Barzagli,Juventus,it Serie A,DF,36.7,1433,15.9,,,,,541.7068971425314,Top Starter,411.00053062435717,Top Starter,,
Danilo D'Ambrosio,Inter,it Serie A,DF,29.3,2985,33.2,,,,,590.3244555903157,Top Starter,552.4955140191727,Top Starter,,
Matteo Bianchetti,Hellas Verona,it Serie A,DF,24.8,123,1.4,,,,,,,,,,
Kevin Bonifazi,Torino,it Serie A,DF,21.6,408,4.5,,,,,,,,,,
Emiliano Moretti,Torino,it Serie A,DF,36.6,1782,19.8,,,,,544.1711054693616,Top Starter,455.00584857351873,Top Starter,,
Nicolás Burdisso,Torino,it Serie A,DF,36.7,2068,23.0,,,,,552.776874477193,Top Starter,379.34282496142276,Solid Squad Player,,
Juan Jesus,Roma,it Serie A,DF,26.6,1656,18.4,,,,,607.61915445504,Top Starter,472.18244119973775,Top Starter,,
Cristian Ansaldi,Torino,it Serie A,DF,31.3,1868,20.8,,,,,559.6500216989347,Top Starter,406.10147787347535,Top Starter,,
Nikola Milenković,Fiorentina,it Serie A,DF,,1254,13.9,,,,,801.4109165452894,World Class,633.3957467517364,Top Starter,,
Timothy Castagne,Atalanta,it Serie A,DF,22.1,1503,16.7,,,,,627.9014146608057,Top Starter,504.74211418016614,Top Starter,,
Alessio Romagnoli,Milan,it Serie A,DF,23.0,2355,26.2,,,,,485.52770055010956,Top Starter,407.9964731048745,Top Starter,,
Lorenzo De Silvestri,Torino,it Serie A,DF,29.6,2961,32.9,,,,,482.74638789689817,Top Starter,487.6259280583875,Top Starter,,
Gian Marco Ferrari,Sampdoria,it Serie A,DF,25.6,2644,29.4,,,,,469.17597004366985,Top Starter,318.1154829634352,Solid Squad Player,,
Jagoš Vuković,Hellas Verona,it Serie A,DF,29.6,1334,14.8,,,,,553.4590578195364,Top Starter,398.2680075866753,Solid Squad Player,,
Antonio Caracciolo,Hellas Verona,it Serie A,DF,27.5,2855,31.7,,,,,540.6637395971363,Top Starter,378.72897239979426,Solid Squad Player,,
Joachim Andersen,Sampdoria,it Serie A,DF,21.6,545,6.1,,,,,651.4845692648325,Top Starter,520.9943007454533,Top Starter,,
Ivan Radovanović,Chievo,it Serie A,MF,29.3,3141,34.9,,,331.1008452561621,Solid Squad Player,,,477.451862305842,Top Starter,,
Danilo Larangeira,Udinese,it Serie A,DF,33.6,2776,30.8,,,,,594.0939974005515,Top Starter,457.13846699930366,Top Starter,,
Lyanco,Torino,it Serie A,DF,20.9,317,3.5,,,,,,,,,,
Simone Romagnoli,Bologna,it Serie A,DF,27.9,556,6.2,,,,,696.3774084560255,Top Starter,522.9219251864959,Top Starter,,
Davide Faraoni,Crotone,it Serie A,DF,26.2,1747,19.4,,,,,750.0776732696748,World Class,502.79167653789335,Top Starter,,
Bruno Peres,Roma,it Serie A,DF,27.8,1155,12.8,,,,,553.9494774453065,Top Starter,453.30776497123037,Top Starter,,
Fabrizio Cacciatore,Chievo,it Serie A,DF,31.2,2870,31.9,,,,,465.387524497799,Top Starter,388.60213580719056,Solid Squad Player,,
Filip Helander,Bologna,it Serie A,DF,24.7,2499,27.8,,,,,576.2890823034996,Top Starter,471.9658423069363,Top Starter,,
Elseid Hysaj,Napoli,it Serie A,DF,23.9,3125,34.7,,,,,460.99799755184904,Top Starter,432.29812532310785,Top Starter,,
Luiz Felipe,Lazio,it Serie A,DF,15.8,1162,12.9,,,,,744.5555013461242,Top Starter,521.1039647734646,Top Starter,,
Bastos,Lazio,it Serie A,DF,26.8,1406,15.6,,,,,579.0196049571296,Top Starter,453.3038581233316,Top Starter,,
Vincent Laurini,Fiorentina,it Serie A,DF,28.6,1616,18.0,,,,,499.7373345047801,Top Starter,408.81379418528377,Top Starter,,
Gabriele Angella,Udinese,it Serie A,DF,28.7,893,9.9,,,,,665.8658791047998,Top Starter,572.1452582644183,Top Starter,,
Wallace,Lazio,it Serie A,DF,23.2,996,11.1,,,,,582.9074502446397,Top Starter,492.11640522690254,Top Starter,,
Stefan Simić,Crotone,it Serie A,DF,22.9,553,6.1,,,,,592.9138534776707,Top Starter,455.2958099765131,Top Starter,,
Lorenco Šimić,SPAL,it Serie A,DF,21.5,317,3.5,,,,,,,,,,
Jawad El Yamiq,Genoa,it Serie A,DF,25.8,360,4.0,,,,,,,,,,
Christian Maggio,Napoli,it Serie A,DF,35.9,636,7.1,,,,,715.5658079379406,Top Starter,680.0785994535792,Top Starter,,
Ignazio Abate,Milan,it Serie A,DF,31.1,1056,11.7,,,,,413.8091548281886,Top Starter,318.412270142365,Solid Squad Player,,
Bacary Sagna,Benevento,it Serie A,DF,34.9,955,10.6,,,,,614.1469669469044,Top Starter,523.6641833558137,Top Starter,,
Cristian Molinaro,Torino,it Serie A,DF,34.4,1562,17.4,,,,,609.0885190200452,Top Starter,466.74138110280813,Top Starter,,
Timo Letschert,Sassuolo,it Serie A,DF,24.6,418,4.6,,,,,,,,,,
Davide Santon,Inter,it Serie A,DF,27.0,835,9.3,,,,,726.1782817427462,Top Starter,629.9788492397745,Top Starter,,
Francesco Vicari,SPAL,it Serie A,DF,23.4,2855,31.7,,,,,558.8151347950444,Top Starter,357.09963004983877,Solid Squad Player,,
Davide Biraschi,Genoa,it Serie A,DF,23.5,1796,20.0,,,,,682.1610718720732,Top Starter,467.16373403650283,Top Starter,,
Ibrahima Mbaye,Bologna,it Serie A,DF,23.1,1755,19.5,,,,,691.1435901007798,Top Starter,596.1574507232177,Top Starter,,
Leonardo Spinazzola,Atalanta,it Serie A,DF,24.8,1507,16.7,,,,,413.0551608631235,Top Starter,286.8398379166131,Solid Squad Player,,
Patric,Lazio,it Serie A,DF,24.7,495,5.5,,,,,436.60475382405366,Top Starter,387.65954522180084,Solid Squad Player,,
Matías Silvestre,Sampdoria,it Serie A,DF,33.3,3060,34.0,,,,,359.5696414373885,Solid Squad Player,267.8202847707507,Solid Squad Player,,
Marco Andreolli,Cagliari,it Serie A,DF,31.6,1827,20.3,,,,,603.33439709929,Top Starter,432.74158121570457,Top Starter,,
Rômulo,Hellas Verona,it Serie A,MF,30.6,3172,35.2,,,485.1015495066366,Top Starter,,,402.26422906392094,Top Starter,,
Fabio Lucioni,Benevento,it Serie A,DF,30.3,720,8.0,,,,,514.8481844876388,Top Starter,340.05113090695886,Solid Squad Player,,
Martín Cáceres,Lazio,it Serie A,DF,30.7,1608,17.9,,,,,505.1195551558151,Top Starter,397.93482338792893,Solid Squad Player,,
Berat Djimsiti,Benevento,it Serie A,DF,24.9,2700,30.0,,,,,626.4689140234346,Top Starter,465.1400471181367,Top Starter,,
Luca Rossettini,Genoa,it Serie A,DF,32.6,2026,22.5,,,,,468.0173765201859,Top Starter,391.49896987152954,Solid Squad Player,,
Felipe dal Belo,SPAL,it Serie A,DF,33.4,2576,28.6,,,,,655.9095470736506,Top Starter,459.56195561993326,Top Starter,,
Mateo Musacchio,Milan,it Serie A,DF,27.4,1198,13.3,,,,,454.8665663212206,Top Starter,361.2200007179692,Solid Squad Player,,
Lisandro López,Inter,it Serie A,DF,28.3,45,0.5,,,,,,,,,,
Molla Wagué,Udinese,it Serie A,DF,26.9,58,0.6,,,,,,,,,,
Dalbert Henrique,Inter,it Serie A,DF,24.3,525,5.8,,,,,639.9650348021354,Top Starter,601.2201479388624,Top Starter,,
Samir Santos,Udinese,it Serie A,DF,23.1,2572,28.6,,,,,662.0383533825891,Top Starter,510.3200555581591,Top Starter,,
Bartosz Bereszyński,Sampdoria,it Serie A,DF,25.5,2484,27.6,,,,,552.771065989874,Top Starter,431.92457879957243,Top Starter,,
Fabio Pisacane,Cagliari,it Serie A,DF,31.9,1930,21.4,,,,,687.0975710017582,Top Starter,532.5044140799641,Top Starter,,
Arlind Ajeti,Crotone,it Serie A,DF,24.3,1267,14.1,,,,,602.7792069105188,Top Starter,477.64452221165493,Top Starter,,
Mattia Bani,Chievo,it Serie A,DF,24.1,1316,14.6,,,,,785.6144522726233,World Class,560.9382108048453,Top Starter,,
Sebastien De Maio,Bologna,it Serie A,DF,30.8,2051,22.8,,,,,579.690112819802,Top Starter,396.2841842910242,Solid Squad Player,,
Edoardo Goldaniga,Sassuolo,it Serie A,DF,24.2,1153,12.8,,,,,535.4107868960226,Top Starter,360.6794368013843,Solid Squad Player,,
Luca Antei,Benevento,it Serie A,DF,25.7,593,6.6,,,,,611.2863343168343,Top Starter,487.8844863409234,Top Starter,,
Bruno Martella,Crotone,it Serie A,DF,25.4,2619,29.1,,,,,534.0099167778937,Top Starter,405.6748034237454,Top Starter,,
Nicola Murru,Sampdoria,it Serie A,DF,23.0,1448,16.1,,,,,601.4887541399186,Top Starter,437.1255899809979,Top Starter,,
Alex Ferrari,Hellas Verona,it Serie A,DF,23.5,2138,23.8,,,,,845.4069737463263,World Class,587.5067764272355,Top Starter,,
Adam Marušić,Lazio,it Serie A,DF,25.2,2526,28.1,,,,,386.993695884285,Solid Squad Player,308.7527372264146,Solid Squad Player,,
Stephan Lichtsteiner,Juventus,it Serie A,DF,34.0,1713,19.0,,,,,451.9718059705935,Top Starter,384.7263291749505,Solid Squad Player,,
Nenad Tomović,Chievo,it Serie A,DF,30.3,2438,27.1,,,,,563.8543269488006,Top Starter,437.4539020492595,Top Starter,,
Federico Peluso,Sassuolo,it Serie A,DF,33.9,2574,28.6,,,,,584.5145764904798,Top Starter,430.8200419092544,Top Starter,,
Gianluca Mancini,Atalanta,it Serie A,DF,21.7,684,7.6,,,,,834.3943901134803,World Class,656.9208564517882,Top Starter,,
Federico Ceccherini,Crotone,it Serie A,DF,25.6,3231,35.9,,,,,608.1580802588022,Top Starter,468.67863730171604,Top Starter,,
Héctor Moreno,Roma,it Serie A,DF,30.0,227,2.5,,,,,,,,,,
Gregory van der Wiel,Cagliari,it Serie A,DF,29.9,286,3.2,,,,,,,,,,
Paweł Jaroszyński,Chievo,it Serie A,DF,23.2,810,9.0,,,,,654.1156914945544,Top Starter,517.2410208639483,Top Starter,,
Charalampos Lykogiannis,Cagliari,it Serie A,DF,24.2,686,7.6,,,,,779.7552678174884,World Class,574.1998256295143,Top Starter,,
Bruno Gaspar,Fiorentina,it Serie A,DF,24.7,775,8.6,,,,,496.0938841678209,Top Starter,425.1748756654414,Top Starter,,
Pedro Pereira,Genoa,it Serie A,DF,19.9,381,4.2,,,,,,,,,,
Alessandro Gamberini,Chievo,it Serie A,DF,36.3,1820,20.2,,,,,438.6060899441725,Top Starter,347.4521935920794,Solid Squad Player,,
Manuel Lazzari,SPAL,it Serie A,DF,24.1,3121,34.7,,,,,445.43159295434225,Top Starter,340.8801066887881,Solid Squad Player,,
Carlos Sánchez,Fiorentina,it Serie A,MF,31.9,360,4.0,,,,,,,,,,
Jens Stryger Larsen,Udinese,it Serie A,DF,26.9,2530,28.1,,,,,460.5967221990745,Top Starter,319.05119615151887,Solid Squad Player,,
Alin Toșca,Benevento,it Serie A,DF,25.8,1170,13.0,,,,,552.5453818387699,Top Starter,360.89826615132995,Solid Squad Player,,
Maximiliano Olivera,Fiorentina,it Serie A,DF,25.8,409,4.5,,,,,,,,,,
Paolo Cannavaro,Sassuolo,it Serie A,DF,36.5,1443,16.0,,,,,531.7879608126512,Top Starter,390.3934330450412,Solid Squad Player,,
Yuto Nagatomo,Inter,it Serie A,DF,31.3,792,8.8,,,,,410.9652100135269,Top Starter,342.8653036156005,Solid Squad Player,,
Pol Lirola,Sassuolo,it Serie A,DF,20.4,2023,22.5,,,,,535.5178923814042,Top Starter,349.03420421149985,Solid Squad Player,,
Mauricio Lemos,Sassuolo,it Serie A,DF,22.0,700,7.8,,,,,593.4206018362983,Top Starter,390.0122657227774,Solid Squad Player,,
Rick Karsdorp,Roma,it Serie A,DF,22.9,82,0.9,,,,,,,,,,
Noë Dussenne,Crotone,it Serie A,FW,25.7,82,0.9,,,,,,,,,,
Nikola Maksimović,Napoli,it Serie A,DF,26.1,95,1.1,,,,,,,,,,
Andrew Gravillon,Benevento,it Serie A,DF,19.9,82,0.9,,,,,,,,,,
Mario Sampirisi,Crotone,it Serie A,DF,25.2,2192,24.4,,,,,548.2739805805778,Top Starter,414.3425566475289,Top Starter,,
Leandro Castán,Cagliari,it Serie A,DF,31.2,1141,12.7,,,,,710.8629452168136,Top Starter,461.8646097573432,Top Starter,,
Adam Masina,Bologna,it Serie A,DF,24.0,2840,31.6,,,,,684.2896033967513,Top Starter,657.5196331623359,Top Starter,,
Filippo Romagna,Cagliari,it Serie A,DF,20.6,1889,21.0,,,,,588.619513107829,Top Starter,435.0444989607626,Top Starter,,
Domenico Maietta,Bologna,it Serie A,DF,35.4,469,5.2,,,,,483.94675434067227,Top Starter,297.3796657807809,Solid Squad Player,,
Giancarlo González,Bologna,it Serie A,DF,29.9,1858,20.6,,,,,585.3991599729952,Top Starter,450.0971256385348,Top Starter,,
Jordan Lukaku,Lazio,it Serie A,DF,23.4,1341,14.9,,,,,443.7842870046437,Top Starter,361.76206016177576,Solid Squad Player,,
Hans Hateboer,Atalanta,it Serie A,DF,24.0,2396,26.6,,,,,395.35663115150425,Solid Squad Player,369.4640789736555,Solid Squad Player,,
Vasco Regini,Sampdoria,it Serie A,DF,27.3,1075,11.9,,,,,442.485292390821,Top Starter,346.0244267360345,Solid Squad Player,,
Marcello Gazzola,Sassuolo,it Serie A,DF,32.7,743,8.3,,,,,386.63553150563143,Solid Squad Player,326.0104529364261,Solid Squad Player,,
Thomas Heurtaux,Hellas Verona,it Serie A,DF,29.5,1393,15.5,,,,,565.1569151286175,Top Starter,369.38218874477326,Solid Squad Player,,
Rogério,Sassuolo,it Serie A,DF,,909,10.1,,,,,619.5518582895401,Top Starter,390.3799408008835,Solid Squad Player,,
Alessandro Bastoni,Atalanta,it Serie A,DF,18.7,87,1.0,,,,,,,,,,
Leandro Cabrera,Crotone,it Serie A,DF,26.5,365,4.1,,,,,,,,,,
Ivan Strinić,Sampdoria,it Serie A,DF,30.5,1253,13.9,,,,,552.0169988816166,Top Starter,460.3798529951175,Top Starter,,
Senna Miangue,Cagliari,it Serie A,DF,20.9,802,8.9,,,,,428.1039495602255,Top Starter,306.38610954063176,Solid Squad Player,,
Lorenzo Venuti,Benevento,it Serie A,DF,22.7,2387,26.5,,,,,537.1459019399067,Top Starter,403.02172171731667,Top Starter,,
Marco Capuano,Crotone,it Serie A,DF,26.2,2094,23.3,,,,,544.4503675078669,Top Starter,416.2872022994374,Top Starter,,
Cristian Dell'Orco,Sassuolo,it Serie A,DF,23.9,419,4.7,,,,,,,,,,
Massimo Gobbi,Chievo,it Serie A,DF,37.2,2049,22.8,,,,,387.0369429025465,Solid Squad Player,302.0879380184293,Solid Squad Player,,
Claud Adjapong,Sassuolo,it Serie A,DF,19.7,1221,13.6,,,,,604.9084049418991,Top Starter,491.92005114618934,Top Starter,,
Alessandro Buongiorno,Torino,it Serie A,DF,18.6,5,0.1,,,,,,,,,,
Emerson Palmieri,Roma,it Serie A,DF,23.4,15,0.2,,,,,,,,,,
Gaetano Letizia,Benevento,it Serie A,DF,27.5,2145,23.8,,,,,510.73403942812723,Top Starter,398.12992148838583,Solid Squad Player,,
Emil Krafth,Bologna,it Serie A,DF,23.4,946,10.5,,,,,596.8828690835621,Top Starter,472.11205486211486,Top Starter,,
Aleandro Rosi,Genoa,it Serie A,DF,30.6,1707,19.0,,,,,448.24512103394494,Top Starter,480.36690158431486,Top Starter,,
Vasilis Torosidis,Bologna,it Serie A,DF,32.6,818,9.1,,,,,595.4980407029481,Top Starter,406.3135771326601,Top Starter,,
Michele Cremonesi,SPAL,it Serie A,DF,29.7,384,4.3,,,,,,,,,,
Andrea Costa,Benevento,it Serie A,DF,31.9,1375,15.3,,,,,564.4602783476867,Top Starter,465.69997229071043,Top Starter,,
Gian Filippo Felicioli,Hellas Verona,it Serie A,MF,20.3,274,3.0,,,,,,,,,,
Mohamed Fares,Hellas Verona,it Serie A,DF,21.9,2605,28.9,,,,,601.5549039697593,Top Starter,538.183222738284,Top Starter,,
Sauli Väisänen,SPAL,it Serie A,DF,23.6,543,6.0,,,,,477.4765297397862,Top Starter,431.182323216153,Top Starter,,
Jean-Claude Billong,Benevento,it Serie A,DF,24.0,294,3.3,,,,,,,,,,
Boštjan Cesar,Chievo,it Serie A,DF,35.5,545,6.1,,,,,461.44444463600263,Top Starter,326.4993093291764,Solid Squad Player,,
Daniel Pavlović,Crotone,it Serie A,DF,29.7,846,9.4,,,,,313.55226120580295,Solid Squad Player,274.9064849316997,Solid Squad Player,,
Samuel Souprayen,Hellas Verona,it Serie A,DF,28.9,1581,17.6,,,,,461.3421928846245,Top Starter,392.9081923805656,Solid Squad Player,,
Marios Oikonomou,SPAL,it Serie A,DF,25.2,173,1.9,,,,,,,,,,
Bright Gyamfi,Benevento,it Serie A,DF,21.9,321,3.6,,,,,,,,,,
Boukary Dramé,SPAL,it Serie A,DF,32.4,91,1.0,,,,,,,,,,
Gianluca Di Chiara,Benevento,it Serie A,DF,24.0,1007,11.2,,,,,352.5556242527286,Solid Squad Player,331.37403049186736,Solid Squad Player,,
Jonathan Silva,Roma,it Serie A,DF,23.5,110,1.2,,,,,,,,,,
Luca Antonelli,Milan,it Serie A,DF,30.9,140,1.6,,,,,,,,,,
Santiago Gentiletti,Genoa,it Serie A,DF,33.0,290,3.2,,,,,,,,,,
Cheick Keita,Bologna,it Serie A,DF,21.7,125,1.4,,,,,,,,,,
Luca Sparandeo,Benevento,it Serie A,DF,18.4,31,0.3,,,,,,,,,,
Maurício,Lazio,it Serie A,DF,29.3,4,0.0,,,,,,,,,,
Christian Rutjens,Benevento,it Serie A,DF,20.0,1,0.0,,,,,,,,,,
Luis Alberto,Lazio,it Serie A,FW,25.3,2677,29.7,748.6986918014197,Top Starter,,,,,504.8298176660252,Top Starter,,
Papu Gómez,Atalanta,it Serie A,Off_MF,29.9,2755,30.6,735.4845719733452,Top Starter,,,,,499.7222678832401,Top Starter,,
Lorenzo Insigne,Napoli,it Serie A,FW,26.6,3103,34.5,613.9305383929795,Top Starter,,,,,504.73867274131277,Top Starter,,
Suso,Milan,it Serie A,FW,24.1,2843,31.6,527.7000479836503,Top Starter,,,,,498.47542849443727,Top Starter,,
Miralem Pjanić,Juventus,it Serie A,MF,27.8,2488,27.6,,,768.8783621838629,World Class,,,513.1186139368036,Top Starter,,
Hakan Çalhanoğlu,Milan,it Serie A,FW,23.9,2174,24.2,574.0438343491423,Top Starter,,,,,450.4389227572936,Top Starter,,
Simone Verdi,Bologna,it Serie A,FW,25.5,2835,31.5,553.3820100121974,Top Starter,,,,,486.7716695493325,Top Starter,,
Douglas Costa,Juventus,it Serie A,FW,27.3,1793,19.9,658.5470784229008,Top Starter,,,,,573.233156334466,Top Starter,,
Adem Ljajić,Torino,it Serie A,Off_MF,26.3,2155,23.9,779.5663880826127,World Class,,,,,322.76607954929517,Solid Squad Player,,
Federico Viviani,SPAL,it Serie A,MF,25.8,2488,27.6,,,546.3058530636096,Top Starter,,,531.4962123132914,Top Starter,,
Marcelo Brozović,Inter,it Serie A,MF,25.1,1923,21.4,,,816.8432914809866,World Class,,,576.6908675311302,Top Starter,,
Ivan Perišić,Inter,it Serie A,FW,28.9,3316,36.8,561.6835242243509,Top Starter,,,,,496.6899527621664,Top Starter,,
Juan Cuadrado,Juventus,it Serie A,FW,29.6,1359,15.1,664.4231576231566,Top Starter,,,,,595.0150902895439,Top Starter,,
Dries Mertens,Napoli,it Serie A,FW,30.7,3012,33.5,608.7754175488215,Top Starter,,,,,342.6661706529238,Solid Squad Player,,
Radja Nainggolan,Roma,it Serie A,Off_MF,29.7,2620,29.1,604.1834359716879,Top Starter,,,,,505.88271480164735,Top Starter,,
Lucas Torreira,Sampdoria,it Serie A,MF,21.9,3184,35.4,,,493.116781744621,Top Starter,,,602.3689422481032,Top Starter,,
Felipe Anderson,Lazio,it Serie A,FW,24.7,1151,12.8,724.2182098476795,Top Starter,,,,,688.4719446538575,Top Starter,,
Matteo Politano,Sassuolo,it Serie A,FW,24.4,2829,31.4,531.7490340038834,Top Starter,,,,,442.1408006679679,Top Starter,,
Iago Falque,Torino,it Serie A,FW,28.0,2838,31.5,639.6231381561627,Top Starter,,,,,425.78111305215674,Top Starter,,
Rafinha,Inter,it Serie A,DF,24.9,1048,11.6,,,,,436.59089328439484,Top Starter,419.04413743536384,Top Starter,,
Diego Perotti,Roma,it Serie A,FW,29.4,1605,17.8,478.29942714802917,Top Starter,,,,,599.7952485867525,Top Starter,,
Sergej Milinković-Savić,Lazio,it Serie A,MF,22.8,2850,31.7,,,637.9739416032793,Top Starter,,,628.7156842020985,Top Starter,,
Giacomo Bonaventura,Milan,it Serie A,Off_MF,28.4,2551,28.3,437.47156240326456,Top Starter,,,,,478.3679305622267,Top Starter,,
Marek Hamšík,Napoli,it Serie A,MF,30.4,2394,26.6,,,518.1174028850368,Top Starter,,,401.04025207896814,Top Starter,,
Amato Ciciretti,Benevento,it Serie A,Off_MF,24.0,809,9.0,452.8488372638252,Top Starter,,,,,393.79401027697475,Solid Squad Player,,
Milan Badelj,Fiorentina,it Serie A,MF,28.8,2355,26.2,,,529.3607661208171,Top Starter,,,614.3586556116408,Top Starter,,
Jordan Veretout,Fiorentina,it Serie A,MF,24.8,3212,35.7,,,493.2949726001697,Top Starter,,,484.16604412938534,Top Starter,,
Adel Taarabt,Genoa,it Serie A,FW,28.6,1618,18.0,355.3420763133466,Solid Squad Player,,,,,444.4128767306634,Top Starter,,
Iuri Medeiros,Genoa,it Serie A,FW,23.5,641,7.1,509.10106581497905,Top Starter,,,,,447.7645779804974,Top Starter,,
Jorginho,Napoli,it Serie A,MF,26.0,2664,29.6,,,605.7728967972349,Top Starter,,,542.9182304368906,Top Starter,,
Maxime Gonalons,Roma,it Serie A,MF,28.8,1092,12.1,,,554.6676136031074,Top Starter,,,680.117890188707,Top Starter,,
Nicolas Viola,Benevento,it Serie A,MF,28.2,1849,20.5,,,708.6567926974421,Top Starter,,,530.8122698402561,Top Starter,,
Lucas Leiva,Lazio,it Serie A,MF,31.0,2894,32.2,,,567.1687738683017,Top Starter,,,645.5468126392373,Top Starter,,
Stefano Sensi,Sassuolo,it Serie A,MF,22.4,1036,11.5,,,485.0943773401879,Top Starter,,,455.9839130085591,Top Starter,,
Lucas Castro,Chievo,it Serie A,MF,28.7,1989,22.1,,,652.4268114396126,Top Starter,,,669.1948669704416,Top Starter,,
Remo Freuler,Atalanta,it Serie A,MF,25.7,3006,33.4,,,588.9493050896843,Top Starter,,,572.1431868739714,Top Starter,,
Riccardo Saponara,Fiorentina,it Serie A,Off_MF,26.0,900,10.0,675.1109438212734,Top Starter,,,,,507.41034997690195,Top Starter,,
Rodrigo De Paul,Udinese,it Serie A,FW,23.6,2322,25.8,426.56336405082834,Top Starter,,,,,486.4190257737889,Top Starter,,
Bryan Cristante,Atalanta,it Serie A,Off_MF,22.8,2835,31.5,447.5434363124509,Top Starter,,,,,630.4584209771435,Top Starter,,
Lucas Biglia,Milan,it Serie A,MF,31.9,2042,22.7,,,448.58977454272326,Top Starter,,,579.94674716813,Top Starter,,
Vlad Chiricheș,Napoli,it Serie A,DF,28.1,583,6.5,,,,,616.3321651595734,Top Starter,606.0236309315085,Top Starter,,
Daniele De Rossi,Roma,it Serie A,MF,34.4,1835,20.4,,,450.737421690237,Top Starter,,,468.609148269589,Top Starter,,
Jakub Jankto,Udinese,it Serie A,Off_MF,22.0,2655,29.5,446.9550444618592,Top Starter,,,,,341.709823533468,Solid Squad Player,,
Sami Khedira,Juventus,it Serie A,MF,30.7,1921,21.3,,,414.1354770276507,Top Starter,,,311.7023406625311,Solid Squad Player,,
Luca Cigarini,Cagliari,it Serie A,MF,31.5,2035,22.6,,,582.7609685237471,Top Starter,,,519.4890065744819,Top Starter,,
Erick Pulgar,Bologna,it Serie A,MF,24.0,2770,30.8,,,403.1250672851012,Top Starter,,,508.5080550042758,Top Starter,,
Dennis Praet,Sampdoria,it Serie A,MF,23.6,2664,29.6,,,561.8263039299736,Top Starter,,,593.8771996017616,Top Starter,,
Sandro,Benevento,it Serie A,Def_MF,28.8,1155,12.8,,,,,715.7519338863241,Top Starter,481.9888347282828,Top Starter,,
Piotr Zieliński,Napoli,it Serie A,Off_MF,23.6,1659,18.4,515.4296457991466,Top Starter,,,,,560.5967992960594,Top Starter,,
Marco Parolo,Lazio,it Serie A,MF,32.9,2612,29.0,,,578.0629501060098,Top Starter,,,522.4815266275382,Top Starter,,
Allan,Napoli,it Serie A,MF,27.0,2857,31.7,,,663.3054729225803,Top Starter,,,636.231169154514,Top Starter,,
Valter Birsa,Chievo,it Serie A,Off_MF,31.4,2515,27.9,532.0590284558835,Top Starter,,,,,448.69965897235056,Top Starter,,
Rolando Mandragora,Crotone,it Serie A,MF,20.5,3240,36.0,,,359.6034843410097,Solid Squad Player,,,549.3426471445702,Top Starter,,
Francesco Magnanelli,Sassuolo,it Serie A,MF,33.1,2501,27.8,,,438.66271703645833,Top Starter,,,595.7773493423272,Top Starter,,
Nicolò Barella,Cagliari,it Serie A,MF,20.9,2964,32.9,,,457.27348697877875,Top Starter,,,592.9250175735755,Top Starter,,
Oscar Hiljemark,Genoa,it Serie A,Off_MF,25.5,1282,14.2,489.9960090220083,Top Starter,,,,,415.23881529224303,Top Starter,,
Nani,Lazio,it Serie A,FW,31.1,372,4.1,,,,,,,,,,
Paolo Faragò,Cagliari,it Serie A,DF,24.9,2449,27.2,,,,,707.2673544276998,Top Starter,672.3661118707059,Top Starter,,
Kwadwo Asamoah,Juventus,it Serie A,DF,29.1,1571,17.5,,,,,509.48604723515035,Top Starter,384.5785844820951,Solid Squad Player,,
Leonardo Capezzi,Sampdoria,it Serie A,MF,22.8,212,2.4,,,,,,,,,,
Joel Obi,Torino,it Serie A,MF,26.6,1200,13.3,,,524.4191096149057,Top Starter,,,577.9678312785747,Top Starter,,
Guilherme,Benevento,it Serie A,MF,26.6,944,10.5,,,695.0828802763918,Top Starter,,,431.91296424586125,Top Starter,,
Marco Benassi,Fiorentina,it Serie A,Off_MF,23.3,2796,31.1,316.92964284269584,Solid Squad Player,,,,,419.1148783324125,Top Starter,,
Cengiz Ünder,Roma,it Serie A,FW,20.5,1255,13.9,579.4543545444045,Top Starter,,,,,422.7409185712717,Top Starter,,
João Mário,Inter,it Serie A,Off_MF,25.0,548,6.1,620.0529180637299,Top Starter,,,,,466.0565853360845,Top Starter,,
Alberto Grassi,SPAL,it Serie A,MF,22.8,2261,25.1,,,395.86250602936406,Solid Squad Player,,,550.8913764484878,Top Starter,,
Miguel Veloso,Genoa,it Serie A,MF,31.6,1741,19.3,,,337.10192646443176,Solid Squad Player,,,416.8575488223274,Top Starter,,
Claudio Marchisio,Juventus,it Serie A,MF,32.0,818,9.1,,,412.39061972938896,Top Starter,,,394.7233886056536,Solid Squad Player,,
Silvan Widmer,Udinese,it Serie A,DF,24.8,1623,18.0,,,,,623.9643988497539,Top Starter,538.2064717708937,Top Starter,,
Pasquale Schiattarella,SPAL,it Serie A,MF,30.6,1988,22.1,,,639.661941885364,Top Starter,,,477.00756028765056,Top Starter,,
Roberto Gagliardini,Inter,it Serie A,MF,23.7,1984,22.0,,,423.8622555137625,Top Starter,,,683.7749639531086,Top Starter,,
Senad Lulić,Lazio,it Serie A,DF,32.0,2436,27.1,,,,,588.7499633190193,Top Starter,494.03459369747776,Top Starter,,
Borja Valero,Inter,it Serie A,MF,33.0,2571,28.6,,,402.1429040091393,Top Starter,,,407.8567970534653,Top Starter,,
Federico Ricci,Crotone,it Serie A,FW,23.6,1138,12.6,232.1832621046954,Solid Squad Player,,,,,615.2418433826001,Top Starter,,
Álex Berenguer,Torino,it Serie A,FW,22.5,1039,11.5,436.4747997323384,Top Starter,,,,,588.7508607991567,Top Starter,,
Danilo Cataldi,Benevento,it Serie A,MF,23.4,2280,25.3,,,494.99496228787666,Top Starter,,,395.94650552771685,Solid Squad Player,,
Andrea Bertolacci,Genoa,it Serie A,MF,27.0,2896,32.2,,,427.7336925445627,Top Starter,,,571.1474844597935,Top Starter,,
Marten de Roon,Atalanta,it Serie A,MF,26.8,2569,28.5,,,480.192554265691,Top Starter,,,599.770529328784,Top Starter,,
Matías Vecino,Inter,it Serie A,MF,26.4,2137,23.7,,,481.2180459763988,Top Starter,,,510.2274112450295,Top Starter,,
Daniele Baselli,Torino,it Serie A,MF,25.8,2532,28.1,,,465.6131743876618,Top Starter,,,578.4390287781948,Top Starter,,
Simone Missiroli,Sassuolo,it Serie A,MF,31.6,2922,32.5,,,463.38829828340874,Top Starter,,,642.7304694497901,Top Starter,,
Franck Kessié,Milan,it Serie A,Off_MF,21.0,3268,36.3,300.65164968109525,Solid Squad Player,,,,,484.9311550011499,Top Starter,,
Federico Mattiello,SPAL,it Serie A,DF,22.5,2169,24.1,,,,,658.6264707699102,Top Starter,487.034527390131,Top Starter,,
Kevin Strootman,Roma,it Serie A,MF,27.9,2258,25.1,,,429.0245745698234,Top Starter,,,523.1692182135184,Top Starter,,
Blerim Džemaili,Bologna,it Serie A,MF,31.7,1196,13.3,,,394.06119071946017,Solid Squad Player,,,474.15788097978805,Top Starter,,
Filippo Costa,SPAL,it Serie A,DF,22.6,1468,16.3,,,,,470.80903046442893,Top Starter,346.2563728382722,Solid Squad Player,,
Përparim Hetemaj,Chievo,it Serie A,MF,31.1,2416,26.8,,,472.46932509414574,Top Starter,,,563.3637107973477,Top Starter,,
Marco D'Alessandro,Benevento,it Serie A,Off_MF,26.9,1045,11.6,350.4184050009022,Solid Squad Player,,,,,483.70070518827305,Top Starter,,
Filip Đuričić,Benevento,it Serie A,Off_MF,25.9,985,10.9,401.8180300701978,Top Starter,,,,,541.0289522574179,Top Starter,,
Saphir Taïder,Bologna,it Serie A,MF,25.8,379,4.2,,,,,,,,,,
Tomás Rincón,Torino,it Serie A,MF,30.0,3007,33.4,,,348.81208999530423,Solid Squad Player,,,553.8702247876103,Top Starter,,
Mattia Valoti,Hellas Verona,it Serie A,MF,24.3,1577,17.5,,,460.15473775595245,Top Starter,,,646.4547178847204,Top Starter,,
Gastón Ramírez,Sampdoria,it Serie A,Off_MF,27.1,2224,24.7,592.3181885618735,Top Starter,,,,,581.790832944935,Top Starter,,
Antonín Barák,Udinese,it Serie A,MF,23.1,2714,30.2,,,504.9662614685504,Top Starter,,,411.7056250592965,Top Starter,,
Jasmin Kurtić,SPAL,it Serie A,MF,29.0,2097,23.3,,,400.4509943676722,Top Starter,,,567.0280696945615,Top Starter,,
José Mauri,Milan,it Serie A,MF,21.6,12,0.1,,,,,,,,,,
Niccolò Zanellato,Crotone,it Serie A,Off_MF,19.5,74,0.8,,,,,,,,,,
Gianluca Gaudino,Chievo,it Serie A,Off_MF,21.1,16,0.2,,,,,,,,,,
Marco Fossati,Hellas Verona,it Serie A,MF,25.2,1097,12.2,,,308.37850354983203,Solid Squad Player,,,524.5835799826338,Top Starter,,
Blaise Matuidi,Juventus,it Serie A,MF,30.7,2354,26.2,,,404.8551597919351,Top Starter,,,491.451016576494,Top Starter,,
Riccardo Montolivo,Milan,it Serie A,MF,33.0,1090,12.1,,,458.7311385556276,Top Starter,,,492.49971703911575,Top Starter,,
Andrea Barberis,Crotone,it Serie A,MF,24.1,3017,33.5,,,379.3204906867219,Solid Squad Player,,,483.66605620494266,Top Starter,,
Bruno Zuculini,Hellas Verona,it Serie A,Def_MF,24.8,1216,13.5,,,,,644.0250585629349,Top Starter,538.5857156867424,Top Starter,,
Valentin Eysseric,Fiorentina,it Serie A,FW,25.8,696,7.7,431.49451183731867,Top Starter,,,,,620.3481614608579,Top Starter,,
Federico Di Francesco,Bologna,it Serie A,FW,23.6,1596,17.7,200.00523515643772,Solid Squad Player,,,,,383.65754009230517,Solid Squad Player,,
Luca Rigoni,Genoa,it Serie A,MF,33.1,1580,17.6,,,439.7503722120835,Top Starter,,,382.97486736605975,Solid Squad Player,,
Diego Laxalt,Genoa,it Serie A,DF,24.9,2810,31.2,,,,,414.99740336298754,Top Starter,340.82582253607234,Solid Squad Player,,
Gerson,Roma,it Serie A,Off_MF,20.6,898,10.0,413.80928531359143,Top Starter,,,,,631.3765130226404,Top Starter,,
Amadou Diawara,Napoli,it Serie A,MF,20.5,643,7.1,,,431.2333389643695,Top Starter,,,398.37882796248994,Solid Squad Player,,
Valon Behrami,Udinese,it Serie A,MF,32.7,1407,15.6,,,394.8103415725865,Solid Squad Player,,,542.2567440641001,Top Starter,,
Andrea Poli,Bologna,it Serie A,MF,28.3,2560,28.4,,,357.15658046077436,Solid Squad Player,,,516.8524957589154,Top Starter,,
Andrija Balić,Udinese,it Serie A,MF,20.4,1077,12.0,,,419.35780509126033,Top Starter,,,443.189754893346,Top Starter,,
Gil Bastião Dias,Fiorentina,it Serie A,FW,21.3,1181,13.1,372.44122893256855,Solid Squad Player,,,,,581.5907690725413,Top Starter,,
Emanuele Giaccherini,Chievo,it Serie A,Off_MF,32.7,971,10.8,514.2924110761084,Top Starter,,,,,436.8823167228319,Top Starter,,
Stefano Sturaro,Juventus,it Serie A,MF,24.8,613,6.8,,,345.61453690330245,Solid Squad Player,,,530.6240280979064,Top Starter,,
Luca Rizzo,Atalanta,it Serie A,Off_MF,25.7,484,5.4,393.364584357331,Solid Squad Player,,,,,542.2033279381278,Top Starter,,
Manuel Pucciarelli,Chievo,it Serie A,FW,26.5,1386,15.4,185.85288666177198,Below Big-5 Level,,,,,350.5951382405127,Solid Squad Player,,
Daniel Bessa,Genoa,it Serie A,MF,25.0,1808,20.1,,,501.1978790125693,Top Starter,,,361.8348319566671,Solid Squad Player,,
Godfred Donsah,Bologna,it Serie A,MF,21.6,1792,19.9,,,352.38097695861296,Solid Squad Player,,,374.58071417494546,Solid Squad Player,,
Dušan Basta,Lazio,it Serie A,DF,33.4,760,8.4,,,,,422.8504673699514,Top Starter,316.2593088894119,Solid Squad Player,,
Manuel Locatelli,Milan,it Serie A,MF,20.0,667,7.4,,,412.4090764083716,Top Starter,,,566.0395807147909,Top Starter,,
Darko Lazović,Genoa,it Serie A,DF,27.3,1187,13.2,,,,,408.9380624728216,Top Starter,313.2077136044289,Solid Squad Player,,
Seko Fofana,Udinese,it Serie A,MF,22.7,1871,20.8,,,331.5918836947968,Solid Squad Player,,,375.9725733903203,Solid Squad Player,,
Giovanni Crociata,Crotone,it Serie A,Off_MF,20.4,282,3.1,,,,,,,,,,
Isaac Cofie,Genoa,it Serie A,MF,26.3,586,6.5,,,294.95769022685084,Solid Squad Player,,,577.4831226179814,Top Starter,,
Simone Pontisso,Udinese,it Serie A,MF,20.8,9,0.1,,,,,,,,,,
Siriki Sanogo,Benevento,it Serie A,MF,,38,0.4,,,,,,,,,,
Davide Di Gennaro,Lazio,it Serie A,Def_MF,29.5,9,0.1,,,,,,,,,,
Rodrigo Bentancur,Juventus,it Serie A,MF,20.5,566,6.3,,,394.73208321547946,Solid Squad Player,,,603.0072343568751,Top Starter,,
Simone Padoin,Cagliari,it Serie A,DF,33.8,3114,34.6,,,,,313.4571462748148,Solid Squad Player,210.36019235492697,Solid Squad Player,,
Adrian Stoian,Crotone,it Serie A,MF,26.9,2148,23.9,,,464.9084458214666,Top Starter,,,353.0757689435102,Solid Squad Player,,
Emil Hallfreðsson,Udinese,it Serie A,MF,33.5,758,8.4,,,437.8037324085565,Top Starter,,,593.9030584743646,Top Starter,,
Cristiano Lombardi,Benevento,it Serie A,Off_MF,22.4,1115,12.4,296.8195339516382,Solid Squad Player,,,,,403.33573908251225,Top Starter,,
Artur Ioniță,Cagliari,it Serie A,MF,27.4,2676,29.7,,,376.38215165418984,Solid Squad Player,,,513.9977921732303,Top Starter,,
Sebastián Cristóforo,Fiorentina,it Serie A,MF,24.4,266,3.0,,,,,,,,,,
Ledian Memushaj,Benevento,it Serie A,MF,31.1,1260,14.0,,,381.05850055526247,Solid Squad Player,,,474.0419707424223,Top Starter,,
Stephane Omeonga,Genoa,it Serie A,MF,21.8,783,8.7,,,353.2093997167749,Solid Squad Player,,,517.9997725011311,Top Starter,,
Andrea Cossu,Cagliari,it Serie A,Off_MF,37.7,235,2.6,,,,,,,,,,
Adam Ounas,Napoli,it Serie A,FW,21.1,89,1.0,,,,,,,,,,
Bryan Dabo,Fiorentina,it Serie A,MF,25.9,587,6.5,,,454.0543714116784,Top Starter,,,630.7391743916452,Top Starter,,
Nicola Rigoni,Chievo,it Serie A,MF,27.1,936,10.4,,,288.56089201610166,Solid Squad Player,,,524.4692163856175,Top Starter,,
Karol Linetty,Sampdoria,it Serie A,MF,22.9,2132,23.7,,,509.2361194039434,Top Starter,,,539.6524870538173,Top Starter,,
Cesar Falletti,Bologna,it Serie A,Off_MF,25.1,307,3.4,,,,,,,,,,
Riccardo Orsolini,Bologna,it Serie A,FW,20.9,457,5.1,235.72742082596315,Solid Squad Player,,,,,489.2070748723244,Top Starter,,
Moussa Diaby,Crotone,it Serie A,Off_MF,18.5,69,0.8,,,,,,,,,,
Daniele Dessena,Cagliari,it Serie A,MF,30.6,567,6.3,,,282.4122584033609,Solid Squad Player,,,538.3230312777711,Top Starter,,
Luca Mazzitelli,Sassuolo,it Serie A,MF,22.1,1013,11.3,,,438.762595306015,Top Starter,,,598.1105077893603,Top Starter,,
Jacopo Sala,Sampdoria,it Serie A,DF,26.1,992,11.0,,,,,449.0479056709588,Top Starter,319.1420841791135,Solid Squad Player,,
Lee Seung-woo,Hellas Verona,it Serie A,Off_MF,20.0,344,3.8,,,,,,,,,,
Fabio Depaoli,Chievo,it Serie A,DF,20.7,1191,13.2,,,,,550.9357504423017,Top Starter,403.6544401978659,Top Starter,,
Mirko Valdifiori,Torino,it Serie A,MF,31.7,612,6.8,,,300.22480645387895,Solid Squad Player,,,422.9999293491784,Top Starter,,
Ádám Nagy,Bologna,it Serie A,MF,22.5,712,7.9,,,367.66151758071106,Solid Squad Player,,,390.7309683279697,Solid Squad Player,,
Alfred Duncan,Sassuolo,it Serie A,Off_MF,24.8,1955,21.7,294.3200428159005,Solid Squad Player,,,,,420.7274307462509,Top Starter,,
Ryder Matos,Hellas Verona,it Serie A,FW,24.8,1148,12.8,152.02758220954945,Below Big-5 Level,,,,,477.22305271391446,Top Starter,,
Marko Rog,Napoli,it Serie A,MF,22.5,257,2.9,,,,,,,,,,
Fabrizio Caligara,Cagliari,it Serie A,MF,17.7,16,0.2,,,,,,,,,,
Aristóteles Romero,Crotone,it Serie A,MF,22.2,80,0.9,,,,,,,,,,
Lorenzo Crisetig,Bologna,it Serie A,MF,24.9,559,6.2,,,301.8195985664505,Solid Squad Player,,,536.4934779865808,Top Starter,,
Ahmad Benali,Crotone,it Serie A,MF,25.9,813,9.0,,,468.53977490795074,Top Starter,,,466.9222697905512,Top Starter,,
Aleksandar Tonev,Crotone,it Serie A,FW,27.9,401,4.5,,,,,,,,,,
Valerio Verre,Sampdoria,it Serie A,MF,24.0,345,3.8,,,,,,,,,,
Marcel Büchel,Hellas Verona,it Serie A,MF,26.8,1701,18.9,,,314.4335408132871,Solid Squad Player,,,602.6620881302825,Top Starter,,
Franco Zuculini,Hellas Verona,it Serie A,MF,27.3,326,3.6,,,,,,,,,,
Édgar Barreto,Sampdoria,it Serie A,MF,33.5,1970,21.9,,,392.12255033409906,Solid Squad Player,,,563.1096582286592,Top Starter,,
Svante Ingelsson,Udinese,it Serie A,Off_MF,19.6,324,3.6,,,,,,,,,,
Vittorio Parigini,Benevento,it Serie A,Off_MF,21.8,855,9.5,292.17531334998745,Solid Squad Player,,,,,470.0741648368605,Top Starter,,
Luca Mora,SPAL,it Serie A,MF,29.6,934,10.4,,,273.75454749949324,Solid Squad Player,,,493.8915636669341,Top Starter,,
Ladislav Krejčí,Bologna,it Serie A,Off_MF,25.5,392,4.4,,,,,,,,,,
Afriyie Acquah,Torino,it Serie A,MF,26.0,935,10.4,,,348.6810386568494,Solid Squad Player,,,439.1139967820042,Top Starter,,
Ricky Álvarez,Sampdoria,it Serie A,Off_MF,29.7,258,2.9,,,,,,,,,,
Samuel Bastien,Chievo,it Serie A,MF,21.3,1352,15.0,,,272.9227699826077,Solid Squad Player,,,358.5766926635172,Solid Squad Player,,
Luca Garritano,Chievo,it Serie A,Off_MF,23.9,179,2.0,,,,,,,,,,
Petar Brlek,Genoa,it Serie A,MF,23.9,233,2.6,,,,,,,,,,
Marcus Rohdén,Crotone,it Serie A,MF,26.6,1636,18.2,,,296.541245396679,Solid Squad Player,,,400.608506494796,Top Starter,,
Nicolas Haas,Atalanta,it Serie A,MF,21.9,166,1.8,,,,,,,,,,
Emanuele Torrasi,Milan,it Serie A,Off_MF,18.8,5,0.1,,,,,,,,,,
Ognjen Stijepović,Sampdoria,it Serie A,FW,18.2,5,0.1,,,,,,,,,,
Simone Calvano,Hellas Verona,it Serie A,MF,24.5,642,7.1,,,344.8630814777905,Solid Squad Player,,,531.1036004470183,Top Starter,,
Davide Biondini,Sassuolo,it Serie A,MF,34.9,204,2.3,,,,,,,,,,
Alessandro Deiola,Cagliari,it Serie A,MF,22.4,444,4.9,,,,,,,,,,
Simone Edera,Torino,it Serie A,FW,21.0,315,3.5,,,,,,,,,,
Samuel Gustafson,Torino,it Serie A,MF,23.0,73,0.8,,,,,,,,,,
Mariano Julio Izco,Crotone,it Serie A,MF,34.8,177,2.0,,,,,,,,,,
Everton Luiz,SPAL,it Serie A,MF,29.6,641,7.1,,,364.61877222255055,Solid Squad Player,,,540.3888564084875,Top Starter,,
Lorenzo Del Pinto,Benevento,it Serie A,MF,27.5,754,8.4,,,412.4152923831526,Top Starter,,,574.4446125791724,Top Starter,,
Enrico Bearzotti,Hellas Verona,it Serie A,DF,21.2,410,4.6,,,,,,,,,,
Alessandro Murgia,Lazio,it Serie A,MF,21.4,777,8.6,,,362.67706684702387,Solid Squad Player,,,496.06789402987346,Top Starter,,
Francesco Cassata,Sassuolo,it Serie A,MF,20.5,454,5.0,,,338.9229279741417,Solid Squad Player,,,452.0585162763871,Top Starter,,
Antonio Barreca,Torino,it Serie A,DF,22.8,461,5.1,,,,,456.0789449233419,Top Starter,389.0551130928229,Solid Squad Player,,
Francesco Migliore,Genoa,it Serie A,DF,29.7,328,3.6,,,,,,,,,,
Achraf Lazaar,Benevento,it Serie A,Off_MF,25.9,479,5.3,262.43282938944213,Solid Squad Player,,,,,453.8769403611346,Top Starter,,
Davide Zappacosta,Torino,it Serie A,DF,25.6,95,1.1,,,,,,,,,,
Andrea Danzi,Hellas Verona,it Serie A,MF,18.9,392,4.4,,,,,,,,,,
Oliver Kragl,Crotone,it Serie A,MF,27.6,93,1.0,,,,,,,,,,
Eros Schiavon,SPAL,it Serie A,MF,34.7,370,4.1,,,,,,,,,,
Raman Chibsah,Benevento,it Serie A,MF,24.8,1052,11.7,,,228.86489529586123,Solid Squad Player,,,321.0880648814297,Solid Squad Player,,
Francesco Zampano,Udinese,it Serie A,DF,24.3,410,4.6,,,,,,,,,,
Giuseppe Pezzella,Udinese,it Serie A,DF,20.1,906,10.1,,,,,444.92309510905284,Top Starter,403.01888005098346,Top Starter,,
Mattia Vitale,SPAL,it Serie A,Off_MF,20.3,96,1.1,,,,,,,,,,
Mehdi Léris,Chievo,it Serie A,Off_MF,19.6,38,0.4,,,,,,,,,,
Ricardo Centurión,Genoa,it Serie A,Off_MF,25.0,52,0.6,,,,,,,,,,
Giovanni Volpicelli,Benevento,it Serie A,MF,18.3,2,0.0,,,,,,,,,,
Paulo Dybala,Juventus,it Serie A,Off_MF,24.1,2355,26.2,768.8931313169361,World Class,,,,,528.4519832836681,Top Starter,,
Josip Iličić,Atalanta,it Serie A,Off_MF,29.9,2003,22.3,858.2594971093997,World Class,,,,,538.9620885959243,Top Starter,,
Ciro Immobile,Lazio,it Serie A,FW,27.9,2696,30.0,765.2521554782297,World Class,,,,,263.0703815448437,Solid Squad Player,,
Edin Džeko,Roma,it Serie A,FW,31.8,3019,33.5,603.7893950052197,Top Starter,,,,,474.68916325435265,Top Starter,,
Mauro Icardi,Inter,it Serie A,FW,24.9,2968,33.0,576.5887291284638,Top Starter,,,,,210.57883267383542,Solid Squad Player,,
José Callejón,Napoli,it Serie A,FW,30.9,3246,36.1,542.6976550014602,Top Starter,,,,,397.2602829030861,Solid Squad Player,,
Fabio Quagliarella,Sampdoria,it Serie A,FW,34.9,2733,30.4,548.2354082628217,Top Starter,,,,,320.84881109474975,Solid Squad Player,,
Antonio Candreva,Inter,it Serie A,FW,30.8,2562,28.5,406.1779747505608,Top Starter,,,,,399.19025050548834,Solid Squad Player,,
Gonzalo Higuaín,Juventus,it Serie A,FW,30.1,2818,31.3,585.4274827028321,Top Starter,,,,,346.7117039936407,Solid Squad Player,,
Federico Chiesa,Fiorentina,it Serie A,FW,20.2,3022,33.6,391.3794398907897,Solid Squad Player,,,,,514.0471602671067,Top Starter,,
Andrea Belotti,Torino,it Serie A,FW,24.0,2672,29.7,466.0924166235117,Top Starter,,,,,513.2048092481999,Top Starter,,
Stephan El Shaarawy,Roma,it Serie A,FW,25.2,2163,24.0,485.3484354591259,Top Starter,,,,,438.96233532560154,Top Starter,,
Mirco Antenucci,SPAL,it Serie A,FW,33.3,2574,28.6,408.84609396249635,Top Starter,,,,,384.79615136196554,Solid Squad Player,,
Roberto Inglese,Chievo,it Serie A,FW,26.1,2795,31.1,427.4907961494802,Top Starter,,,,,458.9663945020475,Top Starter,,
Federico Bernardeschi,Juventus,it Serie A,FW,23.9,824,9.2,726.8673281980566,Top Starter,,,,,531.3330643998446,Top Starter,,
Lorenzo Pellegrini,Roma,it Serie A,MF,21.5,1810,20.1,,,714.3446579187812,Top Starter,,,563.4666647286947,Top Starter,,
Leonardo Pavoletti,Cagliari,it Serie A,FW,29.1,2724,30.3,383.96065195537557,Solid Squad Player,,,,,518.9345773331643,Top Starter,,
Musa Barrow,Atalanta,it Serie A,FW,19.1,443,4.9,,,,,,,,,,
Domenico Berardi,Sassuolo,it Serie A,FW,23.4,2310,25.7,280.90963978667645,Solid Squad Player,,,,,467.1624576489078,Top Starter,,
Duván Zapata,Sampdoria,it Serie A,FW,26.8,2113,23.5,605.5021012792139,Top Starter,,,,,519.7286324809805,Top Starter,,
Cheick Diabaté,Benevento,it Serie A,FW,29.7,662,7.4,510.3883928334745,Top Starter,,,,,359.707061510704,Solid Squad Player,,
Gianluca Scamacca,Sassuolo,it Serie A,FW,19.0,21,0.2,,,,,,,,,,
Giovanni Simeone,Fiorentina,it Serie A,FW,22.5,3010,33.4,489.6764395781212,Top Starter,,,,,391.3781321292953,Solid Squad Player,,
Raffaele Palladino,Genoa,it Serie A,Off_MF,33.7,230,2.6,,,,,,,,,,
Kevin Lasagna,Udinese,it Serie A,FW,25.4,2140,23.8,465.3270255483086,Top Starter,,,,,359.02051142231744,Solid Squad Player,,
Goran Pandev,Genoa,it Serie A,FW,34.4,1815,20.2,414.50245503717633,Top Starter,,,,,424.4112734003393,Top Starter,,
Marco Tumminello,Crotone,it Serie A,FW,19.2,198,2.2,,,,,,,,,,
Alessio Cerci,Hellas Verona,it Serie A,FW,30.4,1649,18.3,342.0062577069118,Solid Squad Player,,,,,380.07236188220736,Solid Squad Player,,
Andrea Nalini,Crotone,it Serie A,FW,27.5,1645,18.3,221.78706033253354,Solid Squad Player,,,,,587.2596042583997,Top Starter,,
Cyril Théréau,Fiorentina,it Serie A,FW,34.7,1305,14.5,498.7008508534348,Top Starter,,,,,566.8983699838765,Top Starter,,
Marcello Trotta,Crotone,it Serie A,FW,25.3,2269,25.2,339.05872796929077,Solid Squad Player,,,,,461.4581185731089,Top Starter,,
Mario Mandžukić,Juventus,it Serie A,FW,31.6,2326,25.8,326.3577008746442,Solid Squad Player,,,,,560.0519281241072,Top Starter,,
Ante Budimir,Crotone,it Serie A,FW,26.4,1588,17.6,387.1654887159526,Solid Squad Player,,,,,542.6843669826957,Top Starter,,
Nikola Kalinić,Milan,it Serie A,FW,30.0,1813,20.1,447.8577921670721,Top Starter,,,,,360.7668941847795,Solid Squad Player,,
Dawid Kownacki,Sampdoria,it Serie A,FW,20.8,809,9.0,632.1656589313016,Top Starter,,,,,559.8007582795918,Top Starter,,
Daniele Verde,Hellas Verona,it Serie A,FW,21.5,1957,21.7,242.45522085283764,Solid Squad Player,,,,,257.51427558619173,Solid Squad Player,,
Massimo Coda,Benevento,it Serie A,FW,29.1,1411,15.7,314.80009965526597,Solid Squad Player,,,,,411.4024885030516,Top Starter,,
Fabio Borini,Milan,it Serie A,DF,26.8,1611,17.9,,,,,431.2893303689144,Top Starter,388.29034309739774,Solid Squad Player,,
Gianluca Caprari,Sampdoria,it Serie A,FW,24.4,1811,20.1,441.8372523538498,Top Starter,,,,,462.6050523468716,Top Starter,,
Rodrigo Palacio,Bologna,it Serie A,FW,35.9,2066,23.0,361.4772554833209,Solid Squad Player,,,,,539.4345688060142,Top Starter,,
Luca Vido,Atalanta,it Serie A,FW,20.9,69,0.8,,,,,,,,,,
Khouma Babacar,Sassuolo,it Serie A,FW,24.8,1183,13.1,378.54210326312875,Solid Squad Player,,,,,422.63509146928504,Top Starter,,
Andrey Galabinov,Genoa,it Serie A,FW,29.1,1131,12.6,291.26999395175034,Solid Squad Player,,,,,534.446535815083,Top Starter,,
Andrea Petagna,Atalanta,it Serie A,FW,22.5,1627,18.1,525.9189082774727,Top Starter,,,,,432.11147080384393,Top Starter,,
Patrick Cutrone,Milan,it Serie A,FW,20.0,1511,16.8,576.5514041725937,Top Starter,,,,,263.1294724566188,Solid Squad Player,,
Mattia Destro,Bologna,it Serie A,FW,26.8,1617,18.0,425.83744832179025,Top Starter,,,,,396.27218932570565,Solid Squad Player,,
Simeon Nwankwo,Crotone,it Serie A,FW,25.7,1210,13.4,555.6780985159515,Top Starter,,,,,544.2418934332004,Top Starter,,
Bruno Petković,Hellas Verona,it Serie A,FW,23.3,1249,13.9,323.7182961149503,Solid Squad Player,,,,,603.0257357930451,Top Starter,,
Pietro Pellegri,Genoa,it Serie A,FW,16.8,279,3.1,,,,,,,,,,
João Pedro,Cagliari,it Serie A,Off_MF,25.8,1661,18.5,308.76399527029923,Solid Squad Player,,,,,369.6729030981115,Solid Squad Player,,
Sergio Floccari,SPAL,it Serie A,FW,36.1,878,9.8,337.3407725790136,Solid Squad Player,,,,,568.939283399655,Top Starter,,
Mariusz Stępiński,Chievo,it Serie A,FW,22.6,699,7.8,648.3814314721433,Top Starter,,,,,435.2779574540158,Top Starter,,
Gianluca Lapadula,Genoa,it Serie A,FW,27.9,1486,16.5,295.38485757464446,Solid Squad Player,,,,,488.73020288805407,Top Starter,,
Patrik Schick,Roma,it Serie A,FW,21.9,985,10.9,344.4781654907489,Solid Squad Player,,,,,592.0281491589278,Top Starter,,
Andreas Cornelius,Atalanta,it Serie A,FW,24.8,928,10.3,459.72463984167393,Top Starter,,,,,601.584496673215,Top Starter,,
João Mário Lopes,Napoli,it Serie A,FW,23.8,438,4.9,,,,,,,,,,
Éder,Inter,it Serie A,FW,31.1,776,8.6,434.788790445716,Top Starter,,,,,464.10535593473793,Top Starter,,
Mirko Antonucci,Roma,it Serie A,FW,18.8,28,0.3,,,,,,,,,,
Diego Farias,Cagliari,it Serie A,FW,27.6,1603,17.8,312.90250963417344,Solid Squad Player,,,,,437.69611136203116,Top Starter,,
Orji Okwonkwo,Bologna,it Serie A,FW,20.0,203,2.3,,,,,,,,,,
Moise Kean,Hellas Verona,it Serie A,FW,17.8,1133,12.6,339.1680787453513,Solid Squad Player,,,,,328.58391373223765,Solid Squad Player,,
Diego Falcinelli,Fiorentina,it Serie A,FW,26.5,1750,19.4,199.0745968944063,Below Big-5 Level,,,,,493.1748347781652,Top Starter,,
M'Baye Niang,Torino,it Serie A,FW,23.0,1540,17.1,341.8337155809029,Solid Squad Player,,,,,583.8751082772997,Top Starter,,
George Pușcaș,Benevento,it Serie A,FW,21.7,701,7.8,205.6540682107533,Solid Squad Player,,,,,346.764201001576,Solid Squad Player,,
Rafik Zekhnini,Fiorentina,it Serie A,FW,20.0,10,0.1,,,,,,,,,,
Simone Lo Faso,Fiorentina,it Serie A,FW,19.9,34,0.4,,,,,,,,,,
André Silva,Milan,it Serie A,FW,22.2,923,10.3,301.9235232965877,Solid Squad Player,,,,,459.5086478314116,Top Starter,,
Giampaolo Pazzini,Hellas Verona,it Serie A,FW,33.4,927,10.3,94.39503812157105,Below Big-5 Level,,,,,328.76742066674075,Solid Squad Player,,
Riccardo Meggiorini,Chievo,it Serie A,FW,32.3,788,8.8,140.9661447136746,Below Big-5 Level,,,,,543.0053369743642,Top Starter,,
Yann Karamoh,Inter,it Serie A,FW,19.5,481,5.3,283.0639317320923,Solid Squad Player,,,,,582.0680665732077,Top Starter,,
Samuel Armenteros,Benevento,it Serie A,FW,27.6,428,4.8,,,,,,,,,,
Karamoko Cissé,Benevento,it Serie A,FW,29.1,11,0.1,,,,,,,,,,
Giuseppe Rossi,Genoa,it Serie A,FW,30.9,253,2.8,,,,,,,,,,
Alberto Paloschi,SPAL,it Serie A,FW,28.0,2187,24.3,297.6681512812727,Solid Squad Player,,,,,229.56139164734313,Solid Squad Player,,
Maxi López,Udinese,it Serie A,FW,33.7,1685,18.7,212.7553085037382,Solid Squad Player,,,,,349.56302882115307,Solid Squad Player,,
Alessandro Matri,Sassuolo,it Serie A,FW,33.4,900,10.0,288.78818201164194,Solid Squad Player,,,,,345.1048634461769,Solid Squad Player,,
Felipe Caicedo,Lazio,it Serie A,FW,29.3,700,7.8,522.5236357130369,Top Starter,,,,,546.046537889539,Top Starter,,
Pietro Iemmello,Benevento,it Serie A,FW,25.8,885,9.8,237.95471216691823,Solid Squad Player,,,,,227.89994077950348,Solid Squad Player,,
Lucas Boyé,Torino,it Serie A,FW,21.8,142,1.6,,,,,,,,,,
Grégoire Defrel,Roma,it Serie A,FW,26.5,479,5.3,136.00102898543582,Below Big-5 Level,,,,,397.9926380713388,Solid Squad Player,,
Enrico Brignola,Benevento,it Serie A,Off_MF,18.5,1352,15.0,391.02197638483307,Solid Squad Player,,,,,378.37525572167016,Solid Squad Player,,
Marco Sau,Cagliari,it Serie A,FW,30.2,1312,14.6,179.71175738246865,Below Big-5 Level,,,,,326.51475180795165,Solid Squad Player,,
Simone Palombi,Lazio,it Serie A,FW,21.7,67,0.7,,,,,,,,,,
Mamadou Kanouté,Benevento,it Serie A,FW,24.2,32,0.4,,,,,,,,,,
Riad Bajić,Udinese,it Serie A,FW,23.7,75,0.8,,,,,,,,,,
Federico Bonazzoli,SPAL,it Serie A,FW,20.6,197,2.2,,,,,,,,,,
Sergio Pellissier,Chievo,it Serie A,FW,38.7,542,6.0,319.57992287897173,Solid Squad Player,,,,,430.7181928532801,Top Starter,,
Damir Ceter,Cagliari,it Serie A,FW,20.2,193,2.1,,,,,,,,,,
Antonino Ragusa,Sassuolo,it Serie A,FW,27.8,808,9.0,185.59036657161326,Below Big-5 Level,,,,,577.7560594975711,Top Starter,,
Felipe Avenatti,Bologna,it Serie A,FW,23.7,465,5.2,88.7800288324625,Below Big-5 Level,,,,,612.7377437478887,Top Starter,,
Eddie Salcedo,Genoa,it Serie A,FW,16.3,31,0.3,,,,,,,,,,
Duje Čop,Cagliari,it Serie A,FW,27.9,95,1.1,,,,,,,,,,
Marco Borriello,SPAL,it Serie A,FW,35.5,775,8.6,207.52893656520158,Solid Squad Player,,,,,323.08979944251115,Solid Squad Player,,
Nicholas Pierini,Sassuolo,it Serie A,MF,19.4,40,0.4,,,,,,,,,,
Niccolò Giannetti,Cagliari,it Serie A,FW,26.6,290,3.2,,,,,,,,,,
Stipe Perica,Udinese,it Serie A,FW,22.5,937,10.4,250.86475861753343,Solid Squad Player,,,,,465.02109460092584,Top Starter,,
Mattia Zaccagni,Hellas Verona,it Serie A,MF,22.5,148,1.6,,,,,,,,,,
Rolando Aarons,Hellas Verona,it Serie A,Off_MF,22.1,519,5.8,139.56000259468897,Below Big-5 Level,,,,,492.46810510398075,Top Starter,,
Han Kwang-song,Cagliari,it Serie A,FW,19.3,276,3.1,,,,,,,,,,
Andrea Pinamonti,Inter,it Serie A,FW,18.6,13,0.1,,,,,,,,,,
Fabio Ceravolo,Benevento,it Serie A,FW,30.8,58,0.6,,,,,,,,,,
Ľubomír Tupta,Hellas Verona,it Serie A,MF,19.8,30,0.3,,,,,,,,,,
Umar Sadiq,Torino,it Serie A,FW,20.9,225,2.5,,,,,,,,,,
Jean-Christophe Bouet,Amiens,fr Ligue 1,GK,34.5,90,1.0,,,,,,,,,,
Seydou Sy,Monaco,fr Ligue 1,GK,22.1,255,2.8,,,,,,,,,,
Brice Samba,Caen,fr Ligue 1,GK,23.7,315,3.5,,,,,,,,,,
Diego Benaglio,Monaco,fr Ligue 1,GK,34.3,225,2.5,,,,,,,,,,
Kevin Trapp,Paris S-G,fr Ligue 1,GK,27.5,360,4.0,,,,,,,,,,
Erwin Zelazny,Troyes,fr Ligue 1,GK,26.3,1530,17.0,,,,,,,,,684.8701716225326,Top Starter
Régis Gurtner,Amiens,fr Ligue 1,GK,31.1,3330,37.0,,,,,,,,,765.7707283818405,World Class
Anthony Lopes,Lyon,fr Ligue 1,GK,27.3,3059,34.0,,,,,,,,,791.9503379960291,World Class
Alphonse Aréola,Paris S-G,fr Ligue 1,GK,24.8,3060,34.0,,,,,,,,,795.6800557000619,World Class
Baptiste Reynet,Dijon,fr Ligue 1,GK,27.2,3420,38.0,,,,,,,,,752.9331951665104,World Class
Benjamin Lecomte,Montpellier,fr Ligue 1,GK,26.7,3420,38.0,,,,,,,,,749.1880700991633,Top Starter
Mamadou Samassa,Troyes,fr Ligue 1,GK,27.9,1890,21.0,,,,,,,,,726.9037084045784,Top Starter
Jessy Moulin,Saint-Étienne,fr Ligue 1,GK,32.0,356,4.0,,,,,,,,,,
Tomáš Koubek,Rennes,fr Ligue 1,GK,25.3,3060,34.0,,,,,,,,,711.8031019846458,Top Starter
Stéphane Ruffier,Saint-Étienne,fr Ligue 1,GK,31.3,3112,34.6,,,,,,,,,754.560679635199,World Class
Ciprian Tătărușanu,Nantes,fr Ligue 1,GK,31.9,3330,37.0,,,,,,,,,719.9818193242279,Top Starter
Steve Mandanda,Marseille,fr Ligue 1,GK,32.8,2682,29.8,,,,,,,,,735.8668403869807,Top Starter
Yohann Pelé,Marseille,fr Ligue 1,GK,35.2,735,8.2,,,,,,,,,722.6118033570166,Top Starter
Karl-Johan Johnsson,Guingamp,fr Ligue 1,GK,27.9,3420,38.0,,,,,,,,,695.891637447693,Top Starter
Walter Benítez,Nice,fr Ligue 1,GK,25.0,2520,28.0,,,,,,,,,646.60494098307,Top Starter
Mike Maignan,Lille,fr Ligue 1,GK,22.5,3033,33.7,,,,,,,,,707.0286889360749,Top Starter
Alban Lafont,Toulouse,fr Ligue 1,GK,18.9,3420,38.0,,,,,,,,,709.7950368308318,Top Starter
Eiji Kawashima,Metz,fr Ligue 1,GK,34.8,2570,28.6,,,,,,,,,609.3240342804762,Top Starter
Rémy Vercoutre,Caen,fr Ligue 1,GK,37.5,3104,34.5,,,,,,,,,636.0640944230344,Top Starter
Benoît Costil,Bordeaux,fr Ligue 1,GK,30.5,3240,36.0,,,,,,,,,632.9015625566127,Top Starter
Ludovic Butelle,Angers,fr Ligue 1,GK,34.7,1653,18.4,,,,,,,,,714.2963971776823,Top Starter
Danijel Subašić,Monaco,fr Ligue 1,GK,33.2,2940,32.7,,,,,,,,,712.9133349535659,Top Starter
Landry Bonnefoi,Strasbourg,fr Ligue 1,GK,34.3,271,3.0,,,,,,,,,,
Mathieu Gorgelin,Lyon,fr Ligue 1,GK,27.4,360,4.0,,,,,,,,,,
Alexandre Oukidja,Strasbourg,fr Ligue 1,GK,29.5,1457,16.2,,,,,,,,,567.7262246147759,Top Starter
Bingourou Kamara,Strasbourg,fr Ligue 1,GK,21.2,1692,18.8,,,,,,,,,636.9284802616667,Top Starter
Thomas Didillon,Metz,fr Ligue 1,GK,22.1,810,9.0,,,,,,,,,658.5982170486424,Top Starter
Yoan Cardinale,Nice,fr Ligue 1,GK,23.8,900,10.0,,,,,,,,,655.6936010684037,Top Starter
Alexandre Letellier,Angers,fr Ligue 1,GK,27.1,1170,13.0,,,,,,,,,497.5630147285089,Top Starter
Jérôme Prior,Bordeaux,fr Ligue 1,GK,22.4,180,2.0,,,,,,,,,,
Abdoulaye Diallo,Rennes,fr Ligue 1,GK,25.8,270,3.0,,,,,,,,,,
Mathieu Michel,Angers,fr Ligue 1,GK,26.3,597,6.6,,,,,,,,,497.0761714544605,Top Starter
Hervé Koffi,Lille,fr Ligue 1,GK,21.2,360,4.0,,,,,,,,,,
Quentin Beunardeau,Metz,fr Ligue 1,GK,23.8,38,0.4,,,,,,,,,,
Raïs M'Bolhi,Rennes,fr Ligue 1,GK,31.7,90,1.0,,,,,,,,,,
Maxime Dupé,Nantes,fr Ligue 1,GK,24.8,90,1.0,,,,,,,,,,
David Alcibiade,Nantes,fr Ligue 1,DF,26.3,207,2.3,,,,,,,,,,
Enock Kwateng,Nantes,fr Ligue 1,DF,20.7,90,1.0,,,,,,,,,,
Mathieu Debuchy,Saint-Étienne,fr Ligue 1,DF,32.4,1316,14.6,,,,,810.0340152957978,World Class,673.9915044413905,Top Starter,,
Thiago Silva,Paris S-G,fr Ligue 1,DF,33.3,2115,23.5,,,,,579.0869870419945,Top Starter,410.4798014086881,Top Starter,,
Nordi Mukiele,Montpellier,fr Ligue 1,DF,20.2,2791,31.0,,,,,760.7114306009814,World Class,633.6872599398907,Top Starter,,
Leo Dubois,Nantes,fr Ligue 1,DF,23.3,3024,33.6,,,,,570.9829878269244,Top Starter,428.73142427959203,Top Starter,,
Anthony Walongwa,Nantes,fr Ligue 1,DF,24.2,90,1.0,,,,,,,,,,
Marcelo,Lyon,fr Ligue 1,DF,30.6,3106,34.5,,,,,624.9153255135844,Top Starter,526.8023459475347,Top Starter,,
Terence Kongolo,Monaco,fr Ligue 1,DF,23.9,258,2.9,,,,,,,,,,
Marquinhos,Paris S-G,fr Ligue 1,DF,23.6,2264,25.2,,,,,486.034990829674,Top Starter,344.6741277811178,Solid Squad Player,,
Diego Carlos,Nantes,fr Ligue 1,DF,24.8,2292,25.5,,,,,693.078459902117,Top Starter,594.2524977465489,Top Starter,,
Loïc Perrin,Saint-Étienne,fr Ligue 1,DF,32.4,2466,27.4,,,,,647.8397896445745,Top Starter,521.4282733657278,Top Starter,,
Yuri Berchiche,Paris S-G,fr Ligue 1,DF,27.9,1713,19.0,,,,,669.6050103496069,Top Starter,541.8672688487712,Top Starter,,
Neven Subotić,Saint-Étienne,fr Ligue 1,DF,29.1,1440,16.0,,,,,641.0181007454595,Top Starter,484.75976357201904,Top Starter,,
Pablo,Bordeaux,fr Ligue 1,DF,26.5,1292,14.4,,,,,667.4313134399399,Top Starter,458.63716888567484,Top Starter,,
Vitorino Hilton,Montpellier,fr Ligue 1,DF,40.3,2430,27.0,,,,,689.7307888336485,Top Starter,544.3544624045439,Top Starter,,
Jérôme Roussillon,Montpellier,fr Ligue 1,DF,25.0,1886,21.0,,,,,457.2245841245837,Top Starter,360.44628509651244,Solid Squad Player,,
Hamari Traoré,Rennes,fr Ligue 1,DF,25.9,2640,29.3,,,,,715.7454639030731,Top Starter,587.5346944330495,Top Starter,,
Arnaud Souquet,Nice,fr Ligue 1,DF,25.9,2413,26.8,,,,,684.7846870718881,Top Starter,498.77143503635295,Top Starter,,
Jorge,Monaco,fr Ligue 1,DF,21.8,1922,21.4,,,,,659.6542537530902,Top Starter,551.6696677647814,Top Starter,,
Kamil Glik,Monaco,fr Ligue 1,DF,29.9,3240,36.0,,,,,618.8975061969116,Top Starter,469.82953276691933,Top Starter,,
Youssouf Sabaly,Bordeaux,fr Ligue 1,DF,24.8,3094,34.4,,,,,670.7882353709492,Top Starter,523.8539539480419,Top Starter,,
Damien Da Silva,Caen,fr Ligue 1,DF,29.6,2842,31.6,,,,,625.9067779102452,Top Starter,475.9701511676739,Top Starter,,
Thomas Meunier,Paris S-G,fr Ligue 1,DF,26.3,1572,17.5,,,,,586.3548835974964,Top Starter,471.5051950621318,Top Starter,,
Lucas Lima,Nantes,fr Ligue 1,DF,26.2,2659,29.5,,,,,580.9241097325352,Top Starter,522.2580201227668,Top Starter,,
Heorhii Tsitaishvili,Marseille,fr Ligue 1,DF,25.9,1782,19.8,,,,,749.6310542144056,Top Starter,611.1205901131391,Top Starter,,
Dante,Nice,fr Ligue 1,DF,34.2,2920,32.4,,,,,588.7949923913216,Top Starter,453.33388739125087,Top Starter,,
Presnel Kimpembe,Paris S-G,fr Ligue 1,DF,22.4,2425,26.9,,,,,570.2453544397586,Top Starter,381.71570828917464,Solid Squad Player,,
Pedro Mendes,Montpellier,fr Ligue 1,DF,27.3,2856,31.7,,,,,692.5278760313198,Top Starter,492.1037615615028,Top Starter,,
Kenny Lala,Strasbourg,fr Ligue 1,DF,26.2,2725,30.3,,,,,609.4447269891493,Top Starter,486.18444724975177,Top Starter,,
Frederic Guilbert,Caen,fr Ligue 1,DF,23.0,3240,36.0,,,,,838.1951451179879,World Class,643.1276012422866,Top Starter,,
Adil Rami,Marseille,fr Ligue 1,DF,32.0,2957,32.9,,,,,646.6297844918112,Top Starter,497.79915314044484,Top Starter,,
Fernando Marçal,Lyon,fr Ligue 1,DF,28.9,1294,14.4,,,,,643.2688372283749,Top Starter,591.9576576542995,Top Starter,,
Maxime Poundjé,Bordeaux,fr Ligue 1,DF,25.4,1704,18.9,,,,,762.2801014378962,World Class,519.0214586641835,Top Starter,,
Almamy Touré,Monaco,fr Ligue 1,DF,21.7,1242,13.8,,,,,794.6027182913608,World Class,613.2665095491876,Top Starter,,
Jules Koundé,Bordeaux,fr Ligue 1,DF,19.1,1588,17.6,,,,,568.8142431958913,Top Starter,388.4963890125089,Solid Squad Player,,
Papy Djilobodji,Dijon,fr Ligue 1,DF,29.1,2699,30.0,,,,,723.5232793021755,Top Starter,614.788914102284,Top Starter,,
Christophe Kerbrat,Guingamp,fr Ligue 1,DF,31.4,3321,36.9,,,,,640.9890080058019,Top Starter,401.9759283164745,Top Starter,,
Jonathan Martins Pereira,Guingamp,fr Ligue 1,DF,31.9,1137,12.6,,,,,647.3573845748125,Top Starter,551.4267744629058,Top Starter,,
Koffi Djidji,Nantes,fr Ligue 1,DF,25.1,2419,26.9,,,,,644.6508856115587,Top Starter,444.45687736848316,Top Starter,,
Jérémy Morel,Lyon,fr Ligue 1,DF,33.7,2914,32.4,,,,,574.1089412151385,Top Starter,410.64048527103887,Top Starter,,
Alexander Djiku,Caen,fr Ligue 1,DF,23.4,2475,27.5,,,,,793.8397187501785,World Class,646.7636235622995,Top Starter,,
Djibril Sidibé,Monaco,fr Ligue 1,DF,25.4,2157,24.0,,,,,691.6245696042902,Top Starter,615.1265420510592,Top Starter,,
Rafael,Lyon,fr Ligue 1,DF,27.5,1818,20.2,,,,,663.3818887990228,Top Starter,541.9830061369518,Top Starter,,
Ambroise Oyongo,Montpellier,fr Ligue 1,DF,26.5,203,2.3,,,,,,,,,,
Joris Gnagnon,Rennes,fr Ligue 1,DF,21.0,2918,32.4,,,,,546.1734929911917,Top Starter,400.59466762456145,Top Starter,,
Prince-Désir Gouano,Amiens,fr Ligue 1,DF,24.0,2749,30.5,,,,,650.6284010053068,Top Starter,528.3932182256416,Top Starter,,
Christophe Hérelle,Troyes,fr Ligue 1,DF,25.4,2959,32.9,,,,,643.8726764383242,Top Starter,478.4268201341413,Top Starter,,
Cédric Varrault,Dijon,fr Ligue 1,DF,37.9,884,9.8,,,,,638.8249340299329,Top Starter,465.64750651862164,Top Starter,,
Adrien Tameze,Nice,fr Ligue 1,MF,23.9,1681,18.7,,,422.90603602731215,Top Starter,,,626.9231088706275,Top Starter,,
Bakaye Dibassy,Amiens,fr Ligue 1,DF,28.4,2779,30.9,,,,,670.9982317415565,Top Starter,493.84041739806713,Top Starter,,
Daniel Congré,Montpellier,fr Ligue 1,DF,32.7,2633,29.3,,,,,734.7776003670796,Top Starter,561.0297983744293,Top Starter,,
Issa Diop,Toulouse,fr Ligue 1,DF,21.0,3060,34.0,,,,,667.8076272143794,Top Starter,477.8457571771294,Top Starter,,
Ferland Mendy,Lyon,fr Ligue 1,DF,22.6,2121,23.6,,,,,603.3622172695382,Top Starter,523.2706715559912,Top Starter,,
Kader Mangane,Strasbourg,fr Ligue 1,DF,34.8,1719,19.1,,,,,641.2117299528568,Top Starter,486.72904999072756,Top Starter,,
Kévin Malcuit,Lille,fr Ligue 1,DF,26.4,1817,20.2,,,,,671.9069083735468,Top Starter,498.70100727177544,Top Starter,,
Jemerson,Monaco,fr Ligue 1,DF,25.4,2856,31.7,,,,,618.3482104698987,Top Starter,464.1366920446003,Top Starter,,
Kenny Tete,Lyon,fr Ligue 1,DF,22.2,1602,17.8,,,,,592.9277529611792,Top Starter,468.36660195429613,Top Starter,,
Patrice Evra,Marseille,fr Ligue 1,DF,36.6,350,3.9,,,,,,,,,,
Khaled Adénon,Amiens,fr Ligue 1,DF,32.4,2919,32.4,,,,,647.9729848090719,Top Starter,454.19358320259056,Top Starter,,
Jordan Amavi,Marseille,fr Ligue 1,DF,23.8,2191,24.3,,,,,734.65171603688,Top Starter,568.4986893234586,Top Starter,,
Layvin Kurzawa,Paris S-G,fr Ligue 1,DF,25.3,1707,19.0,,,,,711.9298155770529,Top Starter,565.5503431969096,Top Starter,,
Charles Traore,Troyes,fr Ligue 1,DF,26.0,2997,33.3,,,,,573.47145013825,Top Starter,440.1567734877745,Top Starter,,
Maxime Le Marchand,Nice,fr Ligue 1,DF,28.2,2535,28.2,,,,,665.8060398105704,Top Starter,538.1888406616238,Top Starter,,
Ramy Bensebaini,Rennes,fr Ligue 1,DF,22.7,2344,26.0,,,,,757.1387419787569,World Class,612.9399364129073,Top Starter,,
Adama Mbengue,Caen,fr Ligue 1,DF,24.1,1596,17.7,,,,,595.9137779807901,Top Starter,520.0742158890208,Top Starter,,
Christopher Jullien,Toulouse,fr Ligue 1,DF,24.8,2607,29.0,,,,,596.6428407740973,Top Starter,524.5285033052353,Top Starter,,
Marlon,Nice,fr Ligue 1,DF,22.3,1929,21.4,,,,,557.6497763286179,Top Starter,411.7837272578596,Top Starter,,
Issa Cissokho,Amiens,fr Ligue 1,DF,32.9,1629,18.1,,,,,618.9522226666721,Top Starter,425.65289356539955,Top Starter,,
Hiroki Sakai,Marseille,fr Ligue 1,DF,27.7,2523,28.0,,,,,721.0661916356543,Top Starter,568.0385626879051,Top Starter,,
Chidozie Awaziem,Nantes,fr Ligue 1,DF,21.0,1509,16.8,,,,,644.3712442114412,Top Starter,488.0492338723989,Top Starter,,
Aymen Abdennour,Marseille,fr Ligue 1,DF,28.4,500,5.6,,,,,399.9053965450677,Solid Squad Player,345.2885029014185,Solid Squad Player,,
Júnior Alonso,Lille,fr Ligue 1,DF,24.9,2779,30.9,,,,,673.4266253183838,Top Starter,597.1013939884876,Top Starter,,
Jérémy Sorbon,Guingamp,fr Ligue 1,DF,34.4,2610,29.0,,,,,583.9173320217606,Top Starter,366.53128854208114,Solid Squad Player,,
Rolando,Marseille,fr Ligue 1,DF,32.3,2510,27.9,,,,,636.1885809608046,Top Starter,433.1738236377873,Top Starter,,
Ludovic Baal,Rennes,fr Ligue 1,DF,31.6,1160,12.9,,,,,691.8828740987764,Top Starter,605.1990595790767,Top Starter,,
Malang Sarr,Nice,fr Ligue 1,DF,18.9,1319,14.7,,,,,719.8821721762552,Top Starter,532.9673361651287,Top Starter,,
Mouctar Diakhaby,Lyon,fr Ligue 1,DF,21.0,725,8.1,,,,,641.2123204459622,Top Starter,503.93102219830234,Top Starter,,
Pedro Rebocho,Guingamp,fr Ligue 1,DF,22.9,1723,19.1,,,,,481.8677100919703,Top Starter,362.4439925044538,Solid Squad Player,,
Ismaël Traoré,Angers,fr Ligue 1,DF,31.4,2857,31.7,,,,,573.6861997740862,Top Starter,401.3182973108426,Top Starter,,
Vukašin Jovanović,Bordeaux,fr Ligue 1,DF,21.6,1440,16.0,,,,,549.6883331860932,Top Starter,390.66963384231,Solid Squad Player,,
Félix Eboa Eboa,Guingamp,fr Ligue 1,DF,20.7,1519,16.9,,,,,655.3357405652863,Top Starter,580.6596446768805,Top Starter,,
Julien Serrano,Monaco,fr Ligue 1,DF,19.9,279,3.1,,,,,,,,,,
Gabriel Silva,Saint-Étienne,fr Ligue 1,DF,26.6,2079,23.1,,,,,542.3470496240881,Top Starter,415.2881364856199,Top Starter,,
Danilo Avelar,Amiens,fr Ligue 1,DF,28.6,1728,19.2,,,,,653.5452862081258,Top Starter,580.7819509640657,Top Starter,,
Patrick Burner,Nice,fr Ligue 1,DF,21.7,896,10.0,,,,,640.4010074571969,Top Starter,432.76265956803843,Top Starter,,
Romain Thomas,Angers,fr Ligue 1,DF,29.6,2472,27.5,,,,,572.7372749594377,Top Starter,464.75452478964775,Top Starter,,
Nicolas Pallois,Nantes,fr Ligue 1,DF,30.3,2434,27.0,,,,,588.6832940512662,Top Starter,358.9322274893688,Solid Squad Player,,
Racine Coly,Nice,fr Ligue 1,DF,22.1,618,6.9,,,,,773.5335379028464,World Class,567.0564949280042,Top Starter,,
Yoann Andreu,Angers,fr Ligue 1,DF,28.7,2070,23.0,,,,,564.1072052328332,Top Starter,456.35842501774226,Top Starter,,
Fouad Chafik,Dijon,fr Ligue 1,DF,31.2,1620,18.0,,,,,681.4048940927179,Top Starter,520.7027477408104,Top Starter,,
Jérémy Toulalan,Bordeaux,fr Ligue 1,DF,34.3,1890,21.0,,,,,579.5204589169518,Top Starter,418.58518964371405,Top Starter,,
Edgar Ié,Lille,fr Ligue 1,DF,23.7,3146,35.0,,,,,666.9022045719145,Top Starter,586.4175344457816,Top Starter,,
Christophe Jallet,Nice,fr Ligue 1,DF,34.2,1174,13.0,,,,,531.8703170355329,Top Starter,468.90052126915646,Top Starter,,
Vincent Manceau,Angers,fr Ligue 1,DF,28.5,2970,33.0,,,,,552.7957722775031,Top Starter,436.24499400366324,Top Starter,,
Mathieu Deplagne,Troyes,fr Ligue 1,DF,26.3,2413,26.8,,,,,636.2694169401866,Top Starter,529.1319374073289,Top Starter,,
Fallou Diagne,Metz,fr Ligue 1,DF,28.4,2242,24.9,,,,,646.3853720970591,Top Starter,496.4116305939263,Top Starter,,
Moussa Niakhate,Metz,fr Ligue 1,DF,21.8,3105,34.5,,,,,634.5707943228314,Top Starter,465.0319821684491,Top Starter,,
Kévin Théophile-Catherine,Saint-Étienne,fr Ligue 1,DF,28.2,2163,24.0,,,,,559.5629651778803,Top Starter,412.37244878609647,Top Starter,,
Romain Genevois,Caen,fr Ligue 1,DF,30.2,1813,20.1,,,,,647.424676954696,Top Starter,542.877457756079,Top Starter,,
Oualid El Hajjam,Amiens,fr Ligue 1,DF,26.9,2197,24.4,,,,,638.9546900252147,Top Starter,458.32755659568824,Top Starter,,
Léo Lacroix,Saint-Étienne,fr Ligue 1,DF,25.8,774,8.6,,,,,557.0433616989532,Top Starter,453.2491002472396,Top Starter,,
Milan Gajić,Bordeaux,fr Ligue 1,DF,21.9,360,4.0,,,,,,,,,,
Mateo Pavlović,Angers,fr Ligue 1,DF,27.6,1966,21.8,,,,,485.3372931011198,Top Starter,426.8699381849707,Top Starter,,
Kelvin Amian,Toulouse,fr Ligue 1,DF,19.9,3154,35.0,,,,,504.1708337389928,Top Starter,366.70029295132997,Solid Squad Player,,
Adama Soumaoro,Lille,fr Ligue 1,DF,25.5,1194,13.3,,,,,501.2004084163616,Top Starter,346.99009425292957,Solid Squad Player,,
Andrei Girotto,Nantes,fr Ligue 1,MF,25.9,1518,16.9,,,460.8268012872348,Top Starter,,,635.0075125904181,Top Starter,,
Jonathan Rivierez,Metz,fr Ligue 1,DF,28.6,2065,22.9,,,,,704.7926163629278,Top Starter,483.625865215253,Top Starter,,
Paul Baysse,Bordeaux,fr Ligue 1,DF,29.6,565,6.3,,,,,537.2464470870345,Top Starter,463.2957919888794,Top Starter,,
Jordan Ikoko,Guingamp,fr Ligue 1,DF,23.9,2418,26.9,,,,,580.7123440506535,Top Starter,413.6593652232913,Top Starter,,
Oswaldo Vizcarrondo,Troyes,fr Ligue 1,DF,33.6,1713,19.0,,,,,572.7909546899143,Top Starter,441.3463784780315,Top Starter,,
Clément Michelin,Toulouse,fr Ligue 1,DF,20.6,274,3.0,,,,,,,,,,
Nicolas Basin,Metz,fr Ligue 1,DF,19.4,313,3.5,,,,,,,,,,
Issiaga Sylla,Toulouse,fr Ligue 1,DF,24.0,1597,17.7,,,,,723.0143555994429,Top Starter,634.692952135996,Top Starter,,
Mexer,Rennes,fr Ligue 1,DF,29.3,1197,13.3,,,,,570.9898343533216,Top Starter,495.2238984957155,Top Starter,,
Cédric Yamberé,Dijon,fr Ligue 1,DF,27.2,2829,31.4,,,,,674.5419845469744,Top Starter,500.5253892224633,Top Starter,,
Benoît Assou-Ekotto,Metz,fr Ligue 1,DF,33.8,1052,11.7,,,,,430.7055550114238,Top Starter,388.7165556124646,Solid Squad Player,,
Ernest Seka,Strasbourg,fr Ligue 1,DF,30.5,2178,24.2,,,,,714.211597574831,Top Starter,625.6876587653841,Top Starter,,
Jimmy Giraudon,Troyes,fr Ligue 1,DF,26.0,2092,23.2,,,,,572.5798260041275,Top Starter,403.1981574794568,Top Starter,,
Vahid Selimović,Metz,fr Ligue 1,DF,20.7,1058,11.8,,,,,574.3173803883793,Top Starter,347.50214292296386,Solid Squad Player,,
Yoann Salmier,Strasbourg,fr Ligue 1,DF,25.1,1107,12.3,,,,,560.3472506418358,Top Starter,371.9603180270285,Solid Squad Player,,
Saidy Janko,Saint-Étienne,fr Ligue 1,DF,22.2,1418,15.8,,,,,509.15722179520606,Top Starter,465.23560635141916,Top Starter,,
Iván Balliu,Metz,fr Ligue 1,DF,26.0,1952,21.7,,,,,539.8436838639981,Top Starter,419.2778912545257,Top Starter,,
Pablo Martinez,Strasbourg,fr Ligue 1,DF,28.9,2115,23.5,,,,,702.4804051174934,Top Starter,543.3523220772773,Top Starter,,
François Moubandje,Toulouse,fr Ligue 1,DF,27.5,1702,18.9,,,,,598.9853869955703,Top Starter,480.04533235556664,Top Starter,,
Franck Tabanou,Guingamp,fr Ligue 1,DF,28.9,1047,11.6,,,,,682.7820018558023,Top Starter,558.8759259553888,Top Starter,,
Vincent Bessat,Caen,fr Ligue 1,DF,32.1,1570,17.4,,,,,474.14688184920925,Top Starter,377.1179543947869,Solid Squad Player,,
Nicolas Cozza,Montpellier,fr Ligue 1,DF,19.0,578,6.4,,,,,603.1945609321316,Top Starter,491.7655313879808,Top Starter,,
Julian Palmieri,Metz,fr Ligue 1,DF,31.1,1132,12.6,,,,,607.4132720823304,Top Starter,458.3544376218643,Top Starter,,
Milan Biševac,Metz,fr Ligue 1,DF,34.3,711,7.9,,,,,384.4293411505467,Solid Squad Player,236.57825748241984,Solid Squad Player,,
Kouadio-Yves Dabila,Lille,fr Ligue 1,DF,21.0,943,10.5,,,,,548.4155320945441,Top Starter,409.8622213630953,Top Starter,,
Mapou Yanga-Mbiwa,Lyon,fr Ligue 1,DF,28.6,127,1.4,,,,,,,,,,
Vincent Rüfli,Dijon,fr Ligue 1,DF,29.9,22,0.2,,,,,,,,,,
Andrea Raggi,Monaco,fr Ligue 1,DF,33.5,1609,17.9,,,,,506.88636083275486,Top Starter,332.5602166939859,Solid Squad Player,,
Ronaël Pierre-Gabriel,Saint-Étienne,fr Ligue 1,DF,19.6,1170,13.0,,,,,543.0961890660252,Top Starter,440.24209549822797,Top Starter,,
Bakary Koné,Strasbourg,fr Ligue 1,DF,29.7,2462,27.4,,,,,521.1052182590156,Top Starter,359.26390858130134,Solid Squad Player,,
Valentin Rosier,Dijon,fr Ligue 1,DF,21.4,2779,30.9,,,,,681.9060785728966,Top Starter,521.2283688247766,Top Starter,,
Steeve Yago,Toulouse,fr Ligue 1,DF,25.0,1573,17.5,,,,,666.8820495992484,Top Starter,490.93873165276244,Top Starter,,
Mathieu Bodmer,Amiens,fr Ligue 1,DF,35.1,388,4.3,,,,,,,,,,
Mehdi Tahrat,Angers,fr Ligue 1,MF,27.9,445,4.9,,,,,,,,,,
Jérémy Cordoval,Troyes,fr Ligue 1,DF,28.0,918,10.2,,,,,428.48393317708246,Top Starter,353.51539406292414,Solid Squad Player,,
Emmanuel Imorou,Caen,fr Ligue 1,DF,29.3,33,0.4,,,,,,,,,,
Morgan Poaty,Montpellier,fr Ligue 1,DF,20.5,172,1.9,,,,,,,,,,
Romain Danzé,Rennes,fr Ligue 1,DF,31.5,683,7.6,,,,,461.7822714858271,Top Starter,386.1581589523752,Solid Squad Player,,
Anthony Gonçalves,Strasbourg,fr Ligue 1,Off_MF,31.8,1753,19.5,194.17840749818367,Below Big-5 Level,,,,,530.3586601028968,Top Starter,,
Marcus Coco,Guingamp,fr Ligue 1,FW,21.5,1590,17.7,292.9953211629049,Solid Squad Player,,,,,580.7039673324813,Top Starter,,
Jonathan Delaplace,Caen,fr Ligue 1,MF,31.8,581,6.5,,,516.841198973967,Top Starter,,,399.83632864641703,Solid Squad Player,,
Cheikh M'Bengue,Saint-Étienne,fr Ligue 1,DF,29.4,488,5.4,,,,,495.9633550568498,Top Starter,407.38012263619305,Top Starter,,
Gerzino Nyamsi,Rennes,fr Ligue 1,DF,20.9,270,3.0,,,,,,,,,,
Oussama Haddadi,Dijon,fr Ligue 1,DF,25.9,2500,27.8,,,,,516.0669443481979,Top Starter,361.8845269488045,Solid Squad Player,,
Théo Pellenard,Bordeaux,fr Ligue 1,DF,23.8,1428,15.9,,,,,490.87808363963904,Top Starter,440.3897656807088,Top Starter,,
Dimitri Foulquier,Strasbourg,fr Ligue 1,DF,24.8,1238,13.8,,,,,495.93576917015616,Top Starter,358.44938842380304,Solid Squad Player,,
Hamza Mendyl,Lille,fr Ligue 1,DF,20.2,851,9.5,,,,,576.9832954116878,Top Starter,398.14072630973584,Solid Squad Player,,
Abdoulaye Bamba,Angers,fr Ligue 1,DF,27.7,1533,17.0,,,,,459.89040080438974,Top Starter,349.3750535797802,Solid Squad Player,,
Gabriel Magalhães,Troyes,fr Ligue 1,DF,,83,0.9,,,,,,,,,,
Stanley N'Soki,Paris S-G,fr Ligue 1,DF,18.7,25,0.3,,,,,,,,,,
Simon Falette,Metz,fr Ligue 1,DF,25.9,90,1.0,,,,,,,,,,
Steven Fortes,Toulouse,fr Ligue 1,DF,25.7,154,1.7,,,,,,,,,,
Yoël Armougom,Caen,fr Ligue 1,DF,19.6,135,1.5,,,,,,,,,,
Abdallah N'dour,Strasbourg,fr Ligue 1,DF,24.0,253,2.8,,,,,,,,,,
Arnold Bouka Moutou,Dijon,fr Ligue 1,DF,29.1,334,3.7,,,,,,,,,,
Fodé Ballo-Touré,Lille,fr Ligue 1,DF,21.0,2057,22.9,,,,,534.0469590736909,Top Starter,452.5826857046043,Top Starter,,
Prince Oniangué,Angers,fr Ligue 1,MF,29.2,1065,11.8,,,309.1832927601049,Solid Squad Player,,,474.1450196617827,Top Starter,,
Ádám Lang,Dijon,fr Ligue 1,DF,25.0,233,2.6,,,,,,,,,,
Afonso Figueiredo,Rennes,fr Ligue 1,DF,25.0,222,2.5,,,,,,,,,,
Florentin Pogba,Saint-Étienne,fr Ligue 1,DF,27.4,321,3.6,,,,,,,,,,
Johann Obiang,Troyes,fr Ligue 1,DF,24.5,469,5.2,,,,,605.4398370977755,Top Starter,496.13123600016155,Top Starter,,
Igor Lewczuk,Bordeaux,fr Ligue 1,DF,32.6,435,4.8,,,,,,,,,,
Saliou Ciss,Angers,fr Ligue 1,DF,28.3,143,1.6,,,,,,,,,,
Olivier Verdon,Bordeaux,fr Ligue 1,DF,22.2,10,0.1,,,,,,,,,,
Dória,Marseille,fr Ligue 1,DF,23.1,75,0.8,,,,,,,,,,
Henri Bedimo,Marseille,fr Ligue 1,DF,33.6,40,0.4,,,,,,,,,,
Dylan Lempereur,Metz,fr Ligue 1,DF,19.2,140,1.6,,,,,,,,,,
Joris Kayembe,Nantes,fr Ligue 1,FW,23.4,87,1.0,,,,,,,,,,
Thomas Carrique,Bordeaux,fr Ligue 1,DF,18.8,90,1.0,,,,,,,,,,
Lemouya Goudiaby,Metz,fr Ligue 1,DF,21.0,85,0.9,,,,,,,,,,
Tomáš Hubočan,Marseille,fr Ligue 1,DF,32.3,90,1.0,,,,,,,,,,
Romain Perraud,Nice,fr Ligue 1,DF,20.3,1,0.0,,,,,,,,,,
Kévin Rimane,Paris S-G,fr Ligue 1,DF,26.9,6,0.1,,,,,,,,,,
Dimitri Payet,Marseille,fr Ligue 1,Off_MF,30.8,2355,26.2,744.5110951793808,Top Starter,,,,,521.1080285183642,Top Starter,,
Nabil Fekir,Lyon,fr Ligue 1,Off_MF,24.5,2479,27.5,837.9280881628627,World Class,,,,,519.6028409479698,Top Starter,,
Malcom,Bordeaux,fr Ligue 1,FW,20.8,2866,31.8,646.9868033407454,Top Starter,,,,,528.8921544304534,Top Starter,,
Adama Traoré,Monaco,fr Ligue 1,Off_MF,22.5,189,2.1,,,,,,,,,,
Ángel Di María,Paris S-G,fr Ligue 1,FW,29.9,2122,23.6,765.2532804102802,World Class,,,,,436.49049434519225,Top Starter,,
Dani Alves,Paris S-G,fr Ligue 1,DF,34.7,2063,22.9,,,,,685.3566607231157,Top Starter,534.6230022026353,Top Starter,,
Naïm Sliti,Dijon,fr Ligue 1,FW,25.4,2297,25.5,511.29258020146483,Top Starter,,,,,572.3082385769692,Top Starter,,
Fabinho,Monaco,fr Ligue 1,MF,24.2,3060,34.0,,,545.9894984718011,Top Starter,,,659.6903322444971,Top Starter,,
Marco Verratti,Paris S-G,fr Ligue 1,MF,25.2,1724,19.2,,,700.6615423789779,Top Starter,,,645.4981519888909,Top Starter,,
Dimitri Liénard,Strasbourg,fr Ligue 1,MF,29.9,2606,29.0,,,707.0791755175338,Top Starter,,,544.05153122201,Top Starter,,
Rémy Cabella,Saint-Étienne,fr Ligue 1,Off_MF,27.8,2322,25.8,680.5406702331136,Top Starter,,,,,634.3701303095096,Top Starter,,
Alassane Pléa,Nice,fr Ligue 1,FW,24.8,3042,33.8,552.8950444678187,Top Starter,,,,,390.43499485245746,Solid Squad Player,,
Benjamin Bourigeaud,Rennes,fr Ligue 1,Off_MF,24.0,3103,34.5,537.0890858025679,Top Starter,,,,,422.4069314564403,Top Starter,,
Tanguy Ndombele,Lyon,fr Ligue 1,MF,21.0,2598,28.9,,,709.8662983326179,Top Starter,,,641.0995060374651,Top Starter,,
Wesley Sneijder,Nice,fr Ligue 1,Off_MF,33.6,400,4.4,,,,,,,,,,
João Moutinho,Monaco,fr Ligue 1,MF,31.3,2801,31.1,,,670.9031270338487,Top Starter,,,525.7268310046276,Top Starter,,
Luiz Gustavo,Marseille,fr Ligue 1,MF,30.4,3023,33.6,,,430.5489019819165,Top Starter,,,599.0610626443827,Top Starter,,
Giovani Lo Celso,Paris S-G,fr Ligue 1,MF,21.7,1769,19.7,,,679.6589125795145,Top Starter,,,658.566481261751,Top Starter,,
Jean Seri,Nice,fr Ligue 1,MF,26.5,2622,29.1,,,624.1091915806146,Top Starter,,,438.383166803268,Top Starter,,
Houssem Aouar,Lyon,fr Ligue 1,MF,19.5,2437,27.1,,,702.008908504283,Top Starter,,,593.9727056921706,Top Starter,,
Ellyes Skhiri,Montpellier,fr Ligue 1,MF,22.6,3052,33.9,,,440.20161255951245,Top Starter,,,548.7863162998465,Top Starter,,
Javier Pastore,Paris S-G,fr Ligue 1,Off_MF,28.5,1344,14.9,744.1737746270223,Top Starter,,,,,580.5811626174839,Top Starter,,
Adrien Rabiot,Paris S-G,fr Ligue 1,MF,22.7,2365,26.3,,,622.5686779865882,Top Starter,,,594.3881374272412,Top Starter,,
Clément Grenier,Guingamp,fr Ligue 1,Off_MF,27.0,1215,13.5,641.1649682793401,Top Starter,,,,,609.2061506006994,Top Starter,,
Yassine Benzia,Lille,fr Ligue 1,MF,23.3,2307,25.6,,,741.6835100594793,Top Starter,,,567.9420182818327,Top Starter,,
Ruben Aguilar,Montpellier,fr Ligue 1,DF,24.7,2458,27.3,,,,,632.5255536706246,Top Starter,520.4625629165503,Top Starter,,
Pierre Lees-Melou,Nice,fr Ligue 1,MF,24.6,2897,32.2,,,621.7306094329147,Top Starter,,,481.44605110528295,Top Starter,,
Mathieu Dossevi,Metz,fr Ligue 1,FW,29.9,2515,27.9,509.2462249610975,Top Starter,,,,,523.562205666822,Top Starter,,
Wylan Cyprien,Nice,fr Ligue 1,MF,22.9,945,10.5,,,621.8325814588654,Top Starter,,,431.2172680770826,Top Starter,,
Max Gradel,Toulouse,fr Ligue 1,FW,30.1,2417,26.9,336.07091225677806,Solid Squad Player,,,,,598.5724248871178,Top Starter,,
Yves Bissouma,Lille,fr Ligue 1,MF,21.3,1555,17.3,,,521.8990045280367,Top Starter,,,641.9086165532821,Top Starter,,
Thomas Lemar,Monaco,fr Ligue 1,Off_MF,22.1,2381,26.5,578.2394755248298,Top Starter,,,,,457.2423844078116,Top Starter,,
Julian Draxler,Paris S-G,fr Ligue 1,MF,24.3,1706,19.0,,,779.3923191606034,World Class,,,535.7531159328412,Top Starter,,
Flavien Tait,Angers,fr Ligue 1,Off_MF,24.9,2247,25.0,513.7629683983806,Top Starter,,,,,536.5944936399869,Top Starter,,
Paul Lasne,Montpellier,fr Ligue 1,MF,29.0,3063,34.0,,,455.8171637032734,Top Starter,,,558.2549830938995,Top Starter,,
Yann M'Vila,Saint-Étienne,fr Ligue 1,MF,27.5,1482,16.5,,,292.4547840094694,Solid Squad Player,,,508.8091151599052,Top Starter,,
Ole Selnæs,Saint-Étienne,fr Ligue 1,MF,23.5,2058,22.9,,,451.28541217390057,Top Starter,,,558.5150512817597,Top Starter,,
Renaud Cohade,Metz,fr Ligue 1,MF,33.3,3301,36.7,,,549.0344063514316,Top Starter,,,651.2189641015286,Top Starter,,
Kwon Chang-hoon,Dijon,fr Ligue 1,FW,23.5,2143,23.8,537.4505533185763,Top Starter,,,,,467.64185345439125,Top Starter,,
Andre-Frank Zambo Anguissa,Marseille,fr Ligue 1,MF,22.1,2434,27.0,,,519.7551509914003,Top Starter,,,738.7589096789123,Top Starter,,
Giannelli Imbula,Toulouse,fr Ligue 1,MF,25.3,2256,25.1,,,412.2092101748255,Top Starter,,,439.1002027750425,Top Starter,,
Thiago Mendes,Lille,fr Ligue 1,MF,25.8,2299,25.5,,,618.2445830468752,Top Starter,,,440.1343127106395,Top Starter,,
Jimmy Durmaz,Toulouse,fr Ligue 1,Off_MF,28.8,1029,11.4,445.6142516175179,Top Starter,,,,,474.8800417354912,Top Starter,,
Thomas Mangani,Angers,fr Ligue 1,MF,30.7,3027,33.6,,,627.6740783976584,Top Starter,,,555.672846307086,Top Starter,,
Jean-Eudes Aholou,Strasbourg,fr Ligue 1,MF,23.8,3010,33.4,,,347.1990559126944,Solid Squad Player,,,546.5956026154006,Top Starter,,
Nicolas Benezet,Guingamp,fr Ligue 1,FW,26.9,1651,18.3,455.34032314430254,Top Starter,,,,,622.5584374527735,Top Starter,,
Boubacar Kamara,Marseille,fr Ligue 1,DF,18.1,455,5.1,,,,,688.9314166224591,Top Starter,540.4839273542414,Top Starter,,
Lassana Diarra,Paris S-G,fr Ligue 1,MF,32.8,608,6.8,,,437.90532370173617,Top Starter,,,558.7684606990408,Top Starter,,
Otávio,Bordeaux,fr Ligue 1,MF,23.7,1492,16.6,,,326.2272345883322,Solid Squad Player,,,552.0215232194911,Top Starter,,
Julien Féret,Caen,fr Ligue 1,MF,35.5,3069,34.1,,,532.760885788583,Top Starter,,,521.3852449165353,Top Starter,,
Ibrahim Sangaré,Toulouse,fr Ligue 1,MF,20.1,1589,17.7,,,585.7485645068829,Top Starter,,,650.2976810717963,Top Starter,,
Sanjin Prcić,Rennes,fr Ligue 1,MF,24.1,1567,17.4,,,416.3725805824712,Top Starter,,,466.2975240507336,Top Starter,,
Junior Sambia,Montpellier,fr Ligue 1,Off_MF,21.3,1538,17.1,513.1118048150763,Top Starter,,,,,510.13756217393455,Top Starter,,
Gaël Kakuta,Amiens,fr Ligue 1,Off_MF,26.5,3092,34.4,521.4387476329728,Top Starter,,,,,547.207637630868,Top Starter,,
Mustapha Diallo,Guingamp,fr Ligue 1,MF,31.6,1379,15.3,,,393.6631380529362,Solid Squad Player,,,628.9938550620755,Top Starter,,
Saîf-Eddine Khaoui,Troyes,fr Ligue 1,Off_MF,22.7,1960,21.8,431.8873299837384,Top Starter,,,,,521.6007631818568,Top Starter,,
Thomas Monconduit,Amiens,fr Ligue 1,MF,26.9,2956,32.8,,,454.0011000175894,Top Starter,,,577.0898663646518,Top Starter,,
Stiven Mendoza,Amiens,fr Ligue 1,FW,25.5,1037,11.5,262.1371857376774,Solid Squad Player,,,,,470.5934939779769,Top Starter,,
Keagan Dolly,Montpellier,fr Ligue 1,Off_MF,24.9,882,9.8,438.8899243958797,Top Starter,,,,,355.68617960220695,Solid Squad Player,,
Diego Contento,Bordeaux,fr Ligue 1,DF,27.7,106,1.2,,,,,,,,,,
Arnaud Lusamba,Nice,fr Ligue 1,MF,21.0,160,1.8,,,,,,,,,,
Najib Gandi,Nantes,fr Ligue 1,FW,23.5,93,1.0,,,,,,,,,,
Abdoulaye Touré,Nantes,fr Ligue 1,MF,23.8,2812,31.2,,,414.32860426241314,Top Starter,,,629.0608578983723,Top Starter,,
Benjamin Corgnet,Strasbourg,fr Ligue 1,Off_MF,30.7,1381,15.3,318.8843057535763,Solid Squad Player,,,,,583.2841494428643,Top Starter,,
Stéphane Sessègnon,Montpellier,fr Ligue 1,Off_MF,33.6,987,11.0,395.29672888396647,Solid Squad Player,,,,,335.92687620188633,Solid Squad Player,,
Xeka,Dijon,fr Ligue 1,MF,23.1,1408,15.6,,,576.6548860289677,Top Starter,,,456.3679643674251,Top Starter,,
Florent Mollet,Metz,fr Ligue 1,Off_MF,26.1,1414,15.7,417.19839958916856,Top Starter,,,,,451.00120297011085,Top Starter,,
Hernani,Saint-Étienne,fr Ligue 1,MF,23.8,539,6.0,,,573.5478603004875,Top Starter,,,615.52407477712,Top Starter,,
Benjamin André,Rennes,fr Ligue 1,MF,27.4,3016,33.5,,,547.1078823568583,Top Starter,,,710.2491491058167,Top Starter,,
Lukas Lerager,Bordeaux,fr Ligue 1,MF,24.5,3286,36.5,,,456.0232284315108,Top Starter,,,641.1025737647868,Top Starter,,
Rony Lopes,Monaco,fr Ligue 1,FW,22.0,2546,28.3,654.8097240696247,Top Starter,,,,,479.30635870626884,Top Starter,,
Yoann Gourcuff,Rennes,fr Ligue 1,Off_MF,31.5,426,4.7,,,,,,,,,,
Yann Jouffre,Metz,fr Ligue 1,FW,33.4,277,3.1,,,,,,,,,,
Morgan Sanson,Marseille,fr Ligue 1,Off_MF,23.4,2172,24.1,526.8096923153734,Top Starter,,,,,632.3606471084073,Top Starter,,
Ibrahim Amadou,Lille,fr Ligue 1,Def_MF,24.7,2412,26.8,,,,,559.9766740531751,Top Starter,421.90474819054435,Top Starter,,
Romain Amalfitano,Dijon,fr Ligue 1,MF,28.3,2705,30.1,,,429.41293040053824,Top Starter,,,542.6518028321595,Top Starter,,
Jonas Martin,Strasbourg,fr Ligue 1,MF,27.7,3039,33.8,,,452.9790654633929,Top Starter,,,515.9774491681484,Top Starter,,
Yannick Cahuzac,Toulouse,fr Ligue 1,Def_MF,33.0,1522,16.9,,,,,736.0436247802799,Top Starter,510.17839144781,Top Starter,,
Adrien Thomasson,Nantes,fr Ligue 1,Off_MF,24.1,2582,28.7,375.1748788064012,Solid Squad Player,,,,,473.04130374724144,Top Starter,,
Bryan Dabo,Saint-Étienne,fr Ligue 1,MF,25.9,1289,14.3,,,353.94352645236677,Solid Squad Player,,,535.3472557122501,Top Starter,,
Danijel Milićević,Metz,fr Ligue 1,Off_MF,32.0,713,7.9,504.83359863548026,Top Starter,,,,,397.3614699411265,Solid Squad Player,,
Lucas Tousart,Lyon,fr Ligue 1,MF,20.7,3137,34.9,,,319.3164910302951,Solid Squad Player,,,581.5978497286224,Top Starter,,
Kévin N'Doram,Monaco,fr Ligue 1,MF,21.9,720,8.0,,,297.79287082417136,Solid Squad Player,,,595.1316670129338,Top Starter,,
Étienne Didot,Guingamp,fr Ligue 1,MF,34.4,1634,18.2,,,442.4807526157975,Top Starter,,,578.6999985646387,Top Starter,,
Luiz Araújo,Lille,fr Ligue 1,FW,21.6,2018,22.4,387.3411163252023,Solid Squad Player,,,,,494.7736214599609,Top Starter,,
Lucas Deaux,Guingamp,fr Ligue 1,MF,29.0,1951,21.7,,,444.7032549197564,Top Starter,,,639.0110305897899,Top Starter,,
Emmanuel Bourgaud,Amiens,fr Ligue 1,FW,30.2,533,5.9,388.79799544876784,Solid Squad Player,,,,,641.1678593822026,Top Starter,,
Younousse Sankharé,Bordeaux,fr Ligue 1,MF,28.3,1880,20.9,,,455.0693031845546,Top Starter,,,455.5667679474048,Top Starter,,
Jérémy Gélin,Rennes,fr Ligue 1,DF,20.7,2314,25.7,,,,,552.557619653748,Top Starter,414.76560144287396,Top Starter,,
Youssef Aït Bennasser,Caen,fr Ligue 1,MF,21.5,2052,22.8,,,332.1795619387369,Solid Squad Player,,,505.16756521495023,Top Starter,,
Youri Tielemans,Monaco,fr Ligue 1,MF,20.7,1566,17.4,,,435.66839339799753,Top Starter,,,594.3643492351624,Top Starter,,
Valentin Rongier,Nantes,fr Ligue 1,MF,23.1,2358,26.2,,,533.1369028323613,Top Starter,,,626.5273338655132,Top Starter,,
Lucas Ocampos,Marseille,fr Ligue 1,FW,23.5,2037,22.6,523.7440084511395,Top Starter,,,,,664.3474309430123,Top Starter,,
Angelo Fulgini,Angers,fr Ligue 1,Off_MF,21.4,1531,17.0,574.4937421424256,Top Starter,,,,,443.14099446155825,Top Starter,,
Bongani Zungu,Amiens,fr Ligue 1,MF,25.2,2089,23.2,,,324.32642259499954,Solid Squad Player,,,523.7471459515624,Top Starter,,
Tristan Dingomé,Troyes,fr Ligue 1,MF,26.9,1195,13.3,,,326.6581681413738,Solid Squad Player,,,367.80092044507603,Solid Squad Player,,
Thiago Motta,Paris S-G,fr Ligue 1,MF,35.3,1159,12.9,,,484.0503590030595,Top Starter,,,564.8899970550625,Top Starter,,
Imad Faraj,Lille,fr Ligue 1,Off_MF,18.9,159,1.8,,,,,,,,,,
Jaroslav Plašil,Bordeaux,fr Ligue 1,MF,36.0,1039,11.5,,,500.47027871552007,Top Starter,,,522.4464999865761,Top Starter,,
Vincent Koziello,Nice,fr Ligue 1,MF,22.2,810,9.0,,,298.52270325929845,Solid Squad Player,,,501.95464576268756,Top Starter,,
Abdoul Camara,Guingamp,fr Ligue 1,FW,27.9,895,9.9,330.25134338451176,Solid Squad Player,,,,,347.2360074444202,Solid Squad Player,,
Myziane Maolida,Lyon,fr Ligue 1,FW,18.9,323,3.6,,,,,,,,,,
James Lea Siliki,Rennes,fr Ligue 1,MF,21.6,1810,20.1,,,487.6742195314755,Top Starter,,,451.09209103140796,Top Starter,,
Mehdi Zeffane,Rennes,fr Ligue 1,DF,25.6,989,11.0,,,,,496.1698503968992,Top Starter,383.3960441013374,Solid Squad Player,,
Habib Maïga,Saint-Étienne,fr Ligue 1,MF,22.0,703,7.8,,,414.0400382668629,Top Starter,,,567.6033779494959,Top Starter,,
Bassem Srarfi,Nice,fr Ligue 1,FW,20.5,862,9.6,380.26385757023013,Solid Squad Player,,,,,527.74436259853,Top Starter,,
Jonathan Cafu,Bordeaux,fr Ligue 1,FW,26.5,623,6.9,487.3409378263118,Top Starter,,,,,582.0180421292259,Top Starter,,
Maxime Lopez,Marseille,fr Ligue 1,MF,20.1,1374,15.3,,,534.7577458678458,Top Starter,,,443.3755359583686,Top Starter,,
Paul-Georges Ntep,Saint-Étienne,fr Ligue 1,FW,25.4,506,5.6,285.0844488090438,Solid Squad Player,,,,,549.0818899042525,Top Starter,,
Samuel Moutoussamy,Nantes,fr Ligue 1,MF,21.4,431,4.8,,,,,,,,,,
Loïc Puyo,Angers,fr Ligue 1,MF,29.0,162,1.8,,,,,,,,,,
Yassine El Ghanassy,Nantes,fr Ligue 1,Off_MF,27.5,637,7.1,337.3033153697262,Solid Squad Player,,,,,536.0490173929195,Top Starter,,
Somália,Toulouse,fr Ligue 1,MF,29.3,2009,22.3,,,416.1281249319066,Top Starter,,,572.4332067185335,Top Starter,,
Quentin Cornette,Amiens,fr Ligue 1,FW,24.0,448,5.0,484.2205598432599,Top Starter,,,,,481.6621941456477,Top Starter,,
Vincent Pajot,Saint-Étienne,fr Ligue 1,MF,27.4,1289,14.3,,,499.54843653789703,Top Starter,,,569.4122273815965,Top Starter,,
Gerónimo Poblete,Metz,fr Ligue 1,MF,26.3,1650,18.3,,,295.8177025100898,Solid Squad Player,,,526.4402865186047,Top Starter,,
Rene Krhin,Nantes,fr Ligue 1,MF,27.6,1313,14.6,,,259.9206744672515,Solid Squad Player,,,477.2989561075614,Top Starter,,
Stef Peeters,Caen,fr Ligue 1,MF,25.9,1102,12.2,,,554.3022999204559,Top Starter,,,356.2123694586261,Solid Squad Player,,
Wesley Lautoa,Dijon,fr Ligue 1,DF,30.4,622,6.9,,,,,793.2075640245723,World Class,525.0521868290889,Top Starter,,
Valentín Vada,Bordeaux,fr Ligue 1,MF,21.8,860,9.6,,,448.0300769826214,Top Starter,,,492.82494764389384,Top Starter,,
Jérémy Grimm,Strasbourg,fr Ligue 1,MF,30.8,798,8.9,,,426.23215579771613,Top Starter,,,661.1514952444684,Top Starter,,
Soualiho Meïté,Bordeaux,fr Ligue 1,MF,23.8,1429,15.9,,,536.2633104594668,Top Starter,,,601.0312844388383,Top Starter,,
Frédéric Sammaritano,Dijon,fr Ligue 1,FW,31.8,1431,15.9,285.1674787222313,Solid Squad Player,,,,,401.4874015098016,Top Starter,,
Adama Diakhaby,Monaco,fr Ligue 1,FW,21.5,850,9.4,449.4027816919271,Top Starter,,,,,506.0676987587268,Top Starter,,
Brandon,Rennes,fr Ligue 1,FW,22.9,351,3.9,,,,,,,,,,
Blaise Matuidi,Paris S-G,fr Ligue 1,MF,30.7,26,0.3,,,,,,,,,,
Rachid Ghezzal,Monaco,fr Ligue 1,FW,25.6,995,11.1,505.8200827449093,Top Starter,,,,,644.321005427743,Top Starter,,
Thiago Maia,Lille,fr Ligue 1,MF,20.8,2466,27.4,,,341.1127078797295,Solid Squad Player,,,559.9899246663639,Top Starter,,
Pierrick Capelle,Angers,fr Ligue 1,MF,30.7,1893,21.0,,,509.9970390092603,Top Starter,,,584.8101381730609,Top Starter,,
Durel Avounou,Caen,fr Ligue 1,DF,20.3,655,7.3,,,,,581.8763600070765,Top Starter,390.0187528475819,Solid Squad Player,,
Karim Azamoum,Troyes,fr Ligue 1,MF,28.0,2257,25.1,,,394.9913329463544,Solid Squad Player,,,630.6139349695898,Top Starter,,
Jules Iloki,Nantes,fr Ligue 1,Off_MF,26.0,1423,15.8,195.28982574019486,Below Big-5 Level,,,,,292.62498319615355,Solid Squad Player,,
Jordan Nkololo,Caen,fr Ligue 1,Off_MF,25.1,421,4.7,,,,,,,,,,
Lassana Coulibaly,Angers,fr Ligue 1,Off_MF,21.7,832,9.2,433.17557108544577,Top Starter,,,,,540.8913634092607,Top Starter,,
Enzo Loiodice,Dijon,fr Ligue 1,MF,17.1,164,1.8,,,,,,,,,,
Benjamin Nivet,Troyes,fr Ligue 1,Off_MF,41.0,1376,15.3,380.71364379380594,Solid Squad Player,,,,,549.5532876460622,Top Starter,,
Jordan Ferri,Lyon,fr Ligue 1,MF,25.8,622,6.9,,,563.2738646092006,Top Starter,,,606.9731994029395,Top Starter,,
Baptiste Santamaria,Angers,fr Ligue 1,MF,22.8,2598,28.9,,,336.5339032254154,Solid Squad Player,,,525.2138623024717,Top Starter,,
Jessy Deminguet,Caen,fr Ligue 1,Off_MF,20.0,532,5.9,400.8230346485242,Top Starter,,,,,561.9938016525693,Top Starter,,
Bryan Pelé,Troyes,fr Ligue 1,FW,25.8,1616,18.0,300.80262267302635,Solid Squad Player,,,,,388.1788757654247,Solid Squad Player,,
Jordan Marié,Dijon,fr Ligue 1,MF,26.3,1885,20.9,,,373.46640115787784,Solid Squad Player,,,512.2722498191611,Top Starter,,
Lebogang Phiri,Guingamp,fr Ligue 1,MF,23.1,1022,11.4,,,390.15183201988845,Solid Squad Player,,,491.8070186940267,Top Starter,,
Alexis Blin,Toulouse,fr Ligue 1,MF,21.3,1884,20.9,,,457.7679009901056,Top Starter,,,559.195757842828,Top Starter,,
Ablie Jallow,Metz,fr Ligue 1,FW,19.1,131,1.5,,,,,,,,,,
Eden Massouema,Dijon,fr Ligue 1,MF,20.5,187,2.1,,,,,,,,,,
Assane Dioussé,Saint-Étienne,fr Ligue 1,MF,20.3,1348,15.0,,,312.27802646406053,Solid Squad Player,,,453.15199558285207,Top Starter,,
Rémi Walter,Troyes,fr Ligue 1,MF,22.7,1490,16.6,,,324.40708692136513,Solid Squad Player,,,442.2531110382669,Top Starter,,
Farès Bahlouli,Lille,fr Ligue 1,Off_MF,22.4,301,3.3,,,,,,,,,,
Ludovic Blas,Guingamp,fr Ligue 1,MF,20.0,1783,19.8,,,484.66895531355556,Top Starter,,,459.5792652531175,Top Starter,,
Stéphane Darbion,Troyes,fr Ligue 1,FW,33.8,1707,19.0,324.77889075231997,Solid Squad Player,,,,,417.3823235996967,Top Starter,,
Chris Philipps,Metz,fr Ligue 1,MF,23.8,851,9.5,,,278.1185940079413,Solid Squad Player,,,457.8747565345404,Top Starter,,
Nampalys Mendy,Nice,fr Ligue 1,MF,25.5,966,10.7,,,300.1886669300763,Solid Squad Player,,,382.51703687528493,Solid Squad Player,,
Facundo Píriz,Montpellier,fr Ligue 1,MF,27.8,801,8.9,,,322.37844493658827,Solid Squad Player,,,608.0619593818745,Top Starter,,
Florent Balmont,Dijon,fr Ligue 1,MF,37.9,856,9.5,,,563.6481070274042,Top Starter,,,379.09060248588355,Solid Squad Player,,
Jordi Mboula,Monaco,fr Ligue 1,Off_MF,18.8,29,0.3,,,,,,,,,,
Gilles Sunu,Angers,fr Ligue 1,Off_MF,26.8,646,7.2,277.8057521317285,Solid Squad Player,,,,,445.8443072324954,Top Starter,,
Alexander Kačaniklić,Nantes,fr Ligue 1,Off_MF,26.4,313,3.5,,,,,,,,,,
Yacine Adli,Paris S-G,fr Ligue 1,FW,17.4,7,0.1,,,,,,,,,,
Vincent Thill,Metz,fr Ligue 1,Off_MF,17.9,26,0.3,,,,,,,,,,
Guillaume Gillet,Nantes,fr Ligue 1,MF,33.8,15,0.2,,,,,,,,,,
Sekou Baradji,Amiens,fr Ligue 1,Def_MF,33.7,6,0.1,,,,,,,,,,
Thibault Giresse,Guingamp,fr Ligue 1,FW,36.6,20,0.2,,,,,,,,,,
Jeff Reine-Adélaïde,Angers,fr Ligue 1,Off_MF,20.0,443,4.9,,,,,,,,,,
Adrien Hunou,Rennes,fr Ligue 1,FW,24.0,1461,16.2,334.6048321711151,Solid Squad Player,,,,,445.63476314726773,Top Starter,,
Samuel Grandsir,Troyes,fr Ligue 1,FW,21.4,2606,29.0,313.7337315386156,Solid Squad Player,,,,,523.8939176619848,Top Starter,,
Serge Gakpé,Amiens,fr Ligue 1,FW,30.7,1836,20.4,273.93213521643105,Solid Squad Player,,,,,291.78322026961894,Solid Squad Player,,
Boubakary Soumaré,Lille,fr Ligue 1,MF,18.8,502,5.6,,,347.66224630243386,Solid Squad Player,,,588.1717838485605,Top Starter,,
Baissama Sankoh,Caen,fr Ligue 1,MF,25.8,1532,17.0,,,306.75069975925754,Solid Squad Player,,,473.4057567695231,Top Starter,,
Matthieu Udol,Metz,fr Ligue 1,DF,21.8,351,3.9,,,,,,,,,,
Zinédine Machach,Toulouse,fr Ligue 1,FW,22.0,193,2.1,,,,,,,,,,
Rominigue Kouamé,Lille,fr Ligue 1,DF,21.0,198,2.2,,,,,,,,,,
Thomas Touré,Angers,fr Ligue 1,Off_MF,24.0,128,1.4,,,,,,,,,,
Hicham Mahou,Nice,fr Ligue 1,Off_MF,18.5,52,0.6,,,,,,,,,,
Georges Mandjeck,Metz,fr Ligue 1,MF,29.1,971,10.8,,,417.3103902873103,Top Starter,,,605.3077764706701,Top Starter,,
Chaouki Ben Saada,Troyes,fr Ligue 1,FW,33.5,330,3.7,,,,,,,,,,
Guy Ngosso,Amiens,fr Ligue 1,MF,33.0,608,6.8,,,280.4131390054959,Solid Squad Player,,,402.40918802468155,Top Starter,,
François Bellugou,Troyes,fr Ligue 1,MF,30.7,2183,24.3,,,259.1166615148954,Solid Squad Player,,,481.33231556204794,Top Starter,,
Mehdi Abeid,Dijon,fr Ligue 1,MF,25.4,1177,13.1,,,326.7771551102986,Solid Squad Player,,,482.0906298294577,Top Starter,,
Farid Boulaya,Metz,fr Ligue 1,MF,24.8,172,1.9,,,,,,,,,,
Gonçalo Guedes,Paris S-G,fr Ligue 1,Off_MF,21.1,4,0.0,,,,,,,,,,
Nathan,Amiens,fr Ligue 1,Off_MF,21.8,9,0.1,,,,,,,,,,
Gil Bastião Dias,Monaco,fr Ligue 1,FW,21.3,7,0.1,,,,,,,,,,
Pape Cheikh Diop,Lyon,fr Ligue 1,MF,20.4,9,0.1,,,,,,,,,,
Valentin Eysseric,Nice,fr Ligue 1,FW,25.8,90,1.0,,,,,,,,,,
Rayan Souici,Saint-Étienne,fr Ligue 1,MF,19.8,11,0.1,,,,,,,,,,
Christopher Martins,Lyon,fr Ligue 1,MF,20.9,69,0.8,,,,,,,,,,
Gauthier Hein,Metz,fr Ligue 1,FW,21.4,81,0.9,,,,,,,,,,
Vincent Nogueira,Strasbourg,fr Ligue 1,MF,30.0,64,0.7,,,,,,,,,,
Cafú,Metz,fr Ligue 1,MF,24.8,682,7.6,,,263.0610139959617,Solid Squad Player,,,449.4242119550181,Top Starter,,
Julien Ielsch,Amiens,fr Ligue 1,MF,34.8,615,6.8,,,345.4540714203296,Solid Squad Player,,,501.90490292028875,Top Starter,,
Morgan Amalfitano,Rennes,fr Ligue 1,MF,32.8,750,8.3,,,238.04577588334163,Solid Squad Player,,,289.75879836833576,Solid Squad Player,,
Guessouma Fofana,Amiens,fr Ligue 1,MF,25.0,737,8.2,,,309.4371674809134,Solid Squad Player,,,525.9549588449923,Top Starter,,
Ismaël Diomandé,Caen,fr Ligue 1,DF,25.3,710,7.9,,,,,479.8325747800173,Top Starter,327.89118118517376,Solid Squad Player,,
Faitout Maouassa,Rennes,fr Ligue 1,Off_MF,19.5,886,9.8,327.86006661462346,Solid Squad Player,,,,,307.84885343416204,Solid Squad Player,,
Quentin Boisgard,Toulouse,fr Ligue 1,Off_MF,20.8,175,1.9,,,,,,,,,,
Gabriel Boschilia,Monaco,fr Ligue 1,FW,21.8,80,0.9,,,,,,,,,,
Kévin Monnet-Paquet,Saint-Étienne,fr Ligue 1,FW,29.4,1768,19.6,280.89273490437876,Solid Squad Player,,,,,479.5026335590893,Top Starter,,
Alois Confais,Troyes,fr Ligue 1,MF,21.3,603,6.7,,,192.70920926438754,Below Big-5 Level,,,341.89584603074974,Solid Squad Player,,
Nicolas Janvier,Rennes,fr Ligue 1,MF,19.4,75,0.8,,,,,,,,,,
Opa Nguette,Metz,fr Ligue 1,FW,23.5,1020,11.3,174.57431485540926,Below Big-5 Level,,,,,592.3570876799364,Top Starter,,
Dylan Bahamboula,Dijon,fr Ligue 1,FW,22.6,27,0.3,,,,,,,,,,
Jérémie Porsan-Clémenté,Montpellier,fr Ligue 1,DF,20.0,89,1.0,,,,,,,,,,
Driss Khalid,Toulouse,fr Ligue 1,FW,18.9,28,0.3,,,,,,,,,,
Vincent Marcel,Nice,fr Ligue 1,MF,20.7,48,0.5,,,,,,,,,,
Timothy Weah,Paris S-G,fr Ligue 1,FW,12.9,120,1.3,,,,,,,,,,
Sergi Darder,Lyon,fr Ligue 1,MF,24.0,211,2.3,,,,,,,,,,
Adrián Sahibeddine,Dijon,fr Ligue 1,FW,23.4,29,0.3,,,,,,,,,,
Yann Bodiger,Toulouse,fr Ligue 1,MF,22.9,223,2.5,,,,,,,,,,
Grégory Sertic,Marseille,fr Ligue 1,DF,28.4,347,3.9,,,,,,,,,,
Jan Repas,Caen,fr Ligue 1,Off_MF,20.8,905,10.1,164.3667780643135,Below Big-5 Level,,,,,366.4970998917319,Solid Squad Player,,
Timo Stavitski,Caen,fr Ligue 1,Off_MF,18.5,398,4.4,,,,,,,,,,
Lilian Fournier,Metz,fr Ligue 1,FW,19.6,14,0.2,,,,,,,,,,
Jonathan Tinhan,Troyes,fr Ligue 1,Off_MF,28.6,68,0.8,,,,,,,,,,
Zaydou Youssouf,Bordeaux,fr Ligue 1,FW,18.5,128,1.4,,,,,,,,,,
Yusuf Sarı,Marseille,fr Ligue 1,MF,19.1,1,0.0,,,,,,,,,,
Neymar,Paris S-G,fr Ligue 1,FW,25.9,1788,19.9,961.7503668237374,Exceptional,,,,,672.1194234188417,Top Starter,,
Florian Thauvin,Marseille,fr Ligue 1,FW,24.9,2965,32.9,908.6178830450407,Exceptional,,,,,619.8311486950793,Top Starter,,
Edinson Cavani,Paris S-G,fr Ligue 1,FW,30.9,2588,28.8,716.5688609221934,Top Starter,,,,,239.56574967824275,Solid Squad Player,,
Memphis,Lyon,fr Ligue 1,FW,23.9,2562,28.5,915.6125125205531,Exceptional,,,,,422.65180760108404,Top Starter,,
Mario Balotelli,Nice,fr Ligue 1,FW,27.4,2278,25.3,529.1106205661168,Top Starter,,,,,422.2441201898882,Top Starter,,
Kylian Mbappé,Paris S-G,fr Ligue 1,FW,19.0,2172,24.1,842.2656985109643,World Class,,,,,483.14513374740113,Top Starter,,
Bertrand Traoré,Lyon,fr Ligue 1,FW,22.3,2291,25.5,618.7999682440989,Top Starter,,,,,526.168083089954,Top Starter,,
Ronny Rodelin,Caen,fr Ligue 1,FW,28.1,3167,35.2,427.8587581411977,Top Starter,,,,,597.7847966917398,Top Starter,,
Radamel Falcao,Monaco,fr Ligue 1,FW,31.9,2139,23.8,629.9642912347258,Top Starter,,,,,427.30832216682046,Top Starter,,
Júlio Tavares,Dijon,fr Ligue 1,FW,29.1,2054,22.8,474.08769973146724,Top Starter,,,,,497.45396146877243,Top Starter,,
Wahbi Khazri,Rennes,fr Ligue 1,FW,26.9,1929,21.4,446.5223660339368,Top Starter,,,,,526.989723352202,Top Starter,,
Mariano,Lyon,fr Ligue 1,FW,24.4,2515,27.9,646.9674265870395,Top Starter,,,,,331.9670558075518,Solid Squad Player,,
Moussa Sylla,Monaco,fr Ligue 1,FW,18.1,302,3.4,,,,,,,,,,
Wesley Saïd,Dijon,fr Ligue 1,FW,22.7,1841,20.5,493.0629664839651,Top Starter,,,,,379.24213680429966,Solid Squad Player,,
Karl Toko Ekambi,Angers,fr Ligue 1,FW,25.3,3039,33.8,583.7572749478268,Top Starter,,,,,391.2388440822783,Solid Squad Player,,
Allan Saint-Maximin,Nice,fr Ligue 1,FW,20.8,2274,25.3,430.5851714075223,Top Starter,,,,,483.81884537416784,Top Starter,,
Stevan Jovetić,Monaco,fr Ligue 1,FW,28.2,750,8.3,651.6237220123979,Top Starter,,,,,524.7772322883644,Top Starter,,
Yannis Salibur,Guingamp,fr Ligue 1,FW,26.9,1528,17.0,434.17332174075295,Top Starter,,,,,465.8934120839728,Top Starter,,
Jean-Luc Dompé,Amiens,fr Ligue 1,FW,22.4,28,0.3,,,,,,,,,,
Kostas Mitroglou,Marseille,fr Ligue 1,FW,29.8,871,9.7,563.2622793208565,Top Starter,,,,,293.4853556204101,Solid Squad Player,,
Nolan Roux,Metz,fr Ligue 1,FW,29.8,2844,31.6,484.9747627850557,Top Starter,,,,,456.06898224619505,Top Starter,,
Jonathan Bamba,Saint-Étienne,fr Ligue 1,FW,21.8,2570,28.6,456.9185942154029,Top Starter,,,,,489.0621585836423,Top Starter,,
Giovanni Sio,Montpellier,fr Ligue 1,FW,28.8,2202,24.5,518.8316863713841,Top Starter,,,,,520.0590708540068,Top Starter,,
Nicolas Pépé,Lille,fr Ligue 1,FW,22.6,2844,31.6,528.3641895144898,Top Starter,,,,,509.76261457059957,Top Starter,,
Martin Terrier,Strasbourg,fr Ligue 1,FW,20.8,1672,18.6,381.6285562165157,Solid Squad Player,,,,,543.8333006327906,Top Starter,,
Lebo Mothiba,Lille,fr Ligue 1,FW,21.9,1189,13.2,393.218690834758,Solid Squad Player,,,,,375.23132703259193,Solid Squad Player,,
Valère Germain,Marseille,fr Ligue 1,FW,27.7,2169,24.1,533.7440232741518,Top Starter,,,,,354.79963742420415,Solid Squad Player,,
Nicolas de Préville,Bordeaux,fr Ligue 1,FW,27.0,2226,24.7,390.87625409361874,Solid Squad Player,,,,,548.5609875999596,Top Starter,,
Oussama Tannane,Saint-Étienne,fr Ligue 1,FW,23.8,205,2.3,,,,,,,,,,
Anwar El Ghazi,Lille,fr Ligue 1,FW,22.7,1646,18.3,440.700578149266,Top Starter,,,,,388.10784841903376,Solid Squad Player,,
Andy Delort,Toulouse,fr Ligue 1,FW,26.2,2334,25.9,407.83190940358736,Top Starter,,,,,535.196085614998,Top Starter,,
Martin Braithwaite,Bordeaux,fr Ligue 1,FW,26.6,915,10.2,608.2905524332436,Top Starter,,,,,347.1872025165713,Solid Squad Player,,
Clinton N'Jie,Marseille,fr Ligue 1,FW,24.4,868,9.6,849.0851776284169,World Class,,,,,440.7008149949802,Top Starter,,
Marcus Thuram,Guingamp,fr Ligue 1,FW,20.4,1926,21.4,314.51861881169305,Solid Squad Player,,,,,539.8113987359474,Top Starter,,
Keita Baldé,Monaco,fr Ligue 1,FW,22.8,1482,16.5,671.9210012552471,Top Starter,,,,,390.9862029160305,Solid Squad Player,,
Jimmy Briand,Guingamp,fr Ligue 1,FW,32.4,3211,35.7,302.4441669520227,Solid Squad Player,,,,,473.093109511969,Top Starter,,
Romain Hamouma,Saint-Étienne,fr Ligue 1,FW,30.8,1853,20.6,450.2111956040805,Top Starter,,,,,402.17148447756216,Top Starter,,
Jérémy Blayac,Strasbourg,fr Ligue 1,FW,34.6,908,10.1,474.60820923184474,Top Starter,,,,,587.5972629790284,Top Starter,,
Ivan Santini,Caen,fr Ligue 1,FW,28.6,2777,30.9,269.0033504116431,Solid Squad Player,,,,,474.8370935188869,Top Starter,,
Guido Carrillo,Monaco,fr Ligue 1,FW,26.6,417,4.6,,,,,,,,,,
Moussa Konaté,Amiens,fr Ligue 1,FW,24.7,2482,27.6,411.0214556705505,Top Starter,,,,,409.9420619957847,Top Starter,,
Lucas Moura,Paris S-G,fr Ligue 1,FW,25.4,72,0.8,,,,,,,,,,
Emiliano Sala,Nantes,fr Ligue 1,FW,27.2,3034,33.7,372.2710195026633,Solid Squad Player,,,,,536.1567228672036,Top Starter,,
François Kamano,Bordeaux,fr Ligue 1,FW,21.7,2021,22.5,486.70673294967423,Top Starter,,,,,495.5487796559534,Top Starter,,
Robert Berić,Saint-Étienne,fr Ligue 1,FW,26.5,1046,11.6,509.23691339511055,Top Starter,,,,,326.12595202389576,Solid Squad Player,,
Ismaila Sarr,Rennes,fr Ligue 1,FW,19.8,1864,20.7,427.23812241268246,Top Starter,,,,,530.2370380646568,Top Starter,,
Kalifa Coulibaly,Nantes,fr Ligue 1,FW,26.4,338,3.8,,,,,,,,,,
Alexandre Mendy,Bordeaux,fr Ligue 1,FW,23.8,793,8.8,473.86387302236153,Top Starter,,,,,436.69838354364595,Top Starter,,
Corentin Jean,Toulouse,fr Ligue 1,FW,22.5,1686,18.7,223.95307940401509,Solid Squad Player,,,,,381.47616447796725,Solid Squad Player,,
Emmanuel Rivière,Metz,fr Ligue 1,FW,27.8,2014,22.4,263.4591095338284,Solid Squad Player,,,,,506.60661165288735,Top Starter,,
Jonathan Ikone,Montpellier,fr Ligue 1,Off_MF,19.7,998,11.1,399.5409989973179,Solid Squad Player,,,,,403.05619630983455,Top Starter,,
Yaya Sanogo,Toulouse,fr Ligue 1,FW,24.9,1513,16.8,378.95525786976583,Solid Squad Player,,,,,566.7787645005243,Top Starter,,
Ndombe Mubele,Toulouse,fr Ligue 1,FW,23.7,1590,17.7,476.07080572395887,Top Starter,,,,,547.8523354443396,Top Starter,,
Isaac Mbenza,Montpellier,fr Ligue 1,FW,21.8,2094,23.3,368.9341645282491,Solid Squad Player,,,,,268.566876030991,Solid Squad Player,,
Santy Ngom,Nantes,fr Ligue 1,FW,24.8,463,5.1,347.537634497153,Solid Squad Player,,,,,559.7122728291735,Top Starter,,
Nuno da Costa,Strasbourg,fr Ligue 1,FW,26.9,1739,19.3,369.6461919625168,Solid Squad Player,,,,,551.3760788644265,Top Starter,,
Kolbeinn Sigþórsson,Nantes,fr Ligue 1,FW,27.8,23,0.3,,,,,,,,,,
Adama Niane,Troyes,fr Ligue 1,FW,24.5,2168,24.1,326.3487916287495,Solid Squad Player,,,,,476.597183651669,Top Starter,,
Christopher Nkunku,Paris S-G,fr Ligue 1,FW,20.1,621,6.9,600.9774348630624,Top Starter,,,,,489.71237082545093,Top Starter,,
Suk Hyun-jun,Troyes,fr Ligue 1,FW,26.5,1193,13.3,464.8460461784356,Top Starter,,,,,501.8383309538713,Top Starter,,
Maxwel Cornet,Lyon,fr Ligue 1,FW,21.3,1262,14.0,593.8115928278779,Top Starter,,,,,472.98110803302075,Top Starter,,
Ibrahima Niane,Metz,fr Ligue 1,FW,18.8,834,9.3,373.6492666232619,Solid Squad Player,,,,,536.3870568454968,Top Starter,,
Benjamin Jeannot,Dijon,fr Ligue 1,FW,25.9,1402,15.6,356.6195088309025,Solid Squad Player,,,,,437.757584284359,Top Starter,,
Harrison Manzala,Amiens,fr Ligue 1,FW,23.8,1861,20.7,273.27300267188747,Solid Squad Player,,,,,426.8396023142434,Top Starter,,
Yacine Bammou,Nantes,fr Ligue 1,Off_MF,26.3,728,8.1,293.6774221612871,Solid Squad Player,,,,,433.2875776368508,Top Starter,,
Souleymane Camara,Montpellier,fr Ligue 1,FW,35.0,926,10.3,383.3383003546641,Solid Squad Player,,,,,479.56931085174256,Top Starter,,
Hervé Bazile,Caen,fr Ligue 1,Off_MF,27.8,876,9.7,263.8847814834281,Solid Squad Player,,,,,496.94674722693895,Top Starter,,
Gaëtan Laborde,Bordeaux,fr Ligue 1,FW,23.7,956,10.6,264.1325975136254,Solid Squad Player,,,,,610.0224819058833,Top Starter,,
Stéphane Bahoken,Strasbourg,fr Ligue 1,FW,25.6,1665,18.5,409.2040965679612,Top Starter,,,,,357.611129272922,Solid Squad Player,,
Lacina Traoré,Amiens,fr Ligue 1,FW,27.4,775,8.6,262.57471135933605,Solid Squad Player,,,,,529.1906390331218,Top Starter,,
Christian Kouakou,Caen,fr Ligue 1,Off_MF,26.8,843,9.4,244.1361658074339,Solid Squad Player,,,,,432.1047656557827,Top Starter,,
Ola Toivonen,Toulouse,fr Ligue 1,FW,31.5,794,8.8,121.29864540781068,Below Big-5 Level,,,,,536.0771047789118,Top Starter,,
Idriss Saadi,Strasbourg,fr Ligue 1,FW,25.9,928,10.3,378.3467253582009,Solid Squad Player,,,,,289.90801563679264,Solid Squad Player,,
Diafra Sakho,Rennes,fr Ligue 1,FW,28.0,777,8.6,285.27548832641077,Solid Squad Player,,,,,406.09204984369825,Top Starter,,
Préjuce Nakoulma,Nantes,fr Ligue 1,FW,30.7,1148,12.8,312.3509115302487,Solid Squad Player,,,,,422.4221979882943,Top Starter,,
Enzo Crivelli,Caen,fr Ligue 1,FW,22.9,1756,19.5,241.74716734177272,Solid Squad Player,,,,,499.8546037064585,Top Starter,,
Seybou Koita,Amiens,fr Ligue 1,FW,23.7,210,2.3,,,,,,,,,,
Amine Gouiri,Lyon,fr Ligue 1,FW,17.9,76,0.8,,,,,,,,,,
Yeni Ngbakoto,Guingamp,fr Ligue 1,FW,25.9,566,6.3,294.3065807716501,Solid Squad Player,,,,,484.6481542331133,Top Starter,,
Brian Fernández,Metz,fr Ligue 1,FW,23.3,121,1.3,,,,,,,,,,
Ignatius Ganago,Nice,fr Ligue 1,FW,18.9,63,0.7,,,,,,,,,,
Lois Diony,Saint-Étienne,fr Ligue 1,FW,25.0,933,10.4,66.25218169131804,Below Big-5 Level,,,,,276.2639044552309,Solid Squad Player,,
Baptiste Guillaume,Angers,fr Ligue 1,FW,22.5,447,5.0,494.3667044176568,Top Starter,,,,,468.9744657194359,Top Starter,,
Ezequiel Ponce,Lille,fr Ligue 1,FW,20.8,1086,12.1,313.6483979594477,Solid Squad Player,,,,,388.5960618326945,Solid Squad Player,,
Casimir Ninga,Montpellier,fr Ligue 1,FW,24.6,1280,14.2,206.52315824705693,Solid Squad Player,,,,,358.2864006303894,Solid Squad Player,,
Jordan Tell,Rennes,fr Ligue 1,FW,20.6,109,1.2,,,,,,,,,,
Kévin Bérigaud,Montpellier,fr Ligue 1,FW,29.6,274,3.0,,,,,,,,,,
Ervin Taha,Bordeaux,fr Ligue 1,FW,18.8,37,0.4,,,,,,,,,,
Ihsan Sacko,Nice,fr Ligue 1,FW,20.5,962,10.7,154.248040950723,Below Big-5 Level,,,,,424.5662419938816,Top Starter,,
Pietro Pellegri,Monaco,fr Ligue 1,FW,16.8,21,0.2,,,,,,,,,,
Billy Ketkeophomphone,Angers,fr Ligue 1,Off_MF,27.8,433,4.8,,,,,,,,,,
Habib Diallo,Brest,fr Ligue 1,FW,22.5,14,0.2,,,,,,,,,,
Kermit Erasmus,Rennes,fr Ligue 1,FW,27.5,10,0.1,,,,,,,,,,
Willem Geubbels,Lyon,fr Ligue 1,FW,16.4,31,0.3,,,,,,,,,,
Bryan Mbeumo,Troyes,fr Ligue 1,FW,18.4,60,0.7,,,,,,,,,,
Mickaël Le Bihan,Nice,fr Ligue 1,FW,27.6,100,1.1,,,,,,,,,,
Wilfried Kanga,Angers,fr Ligue 1,FW,19.9,169,1.9,,,,,,,,,,
Jean-Victor Makengo,Nice,fr Ligue 1,FW,19.6,244,2.7,,,,,,,,,,
Alexander Søderlund,Saint-Étienne,fr Ligue 1,FW,30.4,355,3.9,,,,,,,,,,
Georges Gope-Fenepej,Amiens,fr Ligue 1,FW,29.2,44,0.5,,,,,,,,,,
Vagner Gonçalves,Saint-Étienne,fr Ligue 1,FW,23.5,106,1.2,,,,,,,,,,
Charly Charrier,Amiens,fr Ligue 1,Off_MF,31.6,104,1.2,,,,,,,,,,
Brighton Labeau,Amiens,fr Ligue 1,FW,22.0,21,0.2,,,,,,,,,,
Mariusz Stępiński,Nantes,fr Ligue 1,FW,22.6,1,0.0,,,,,,,,,,
Kévin Zohi,Strasbourg,fr Ligue 1,FW,21.0,1,0.0,,,,,,,,,,
Sloan Privat,Guingamp,fr Ligue 1,FW,28.4,1,0.0,,,,,,,,,,
