season,sofa_player_id,Pos
2017-2018,921033,Off_MF
2017-2018,39686,DF
2017-2018,372240,Off_MF
2017-2018,824130,Off_MF
2017-2018,843263,FW
2017-2018,928795,Off_MF
2017-2018,6061,Def_MF
2017-2018,936234,FW
2017-2018,318741,MF
2017-2018,861981,Off_MF
2017-2018,156683,DF
2017-2018,843270,FW
2017-2018,792122,Off_MF
2017-2018,859024,FW
2017-2018,822810,DF
2017-2018,84686,DF
2017-2018,855835,MF
2017-2018,893062,MF
2017-2018,921216,FW
2017-2018,870263,DF
2017-2018,787830,MF
2017-2018,855647,Off_MF
2017-2018,914419,Off_MF
2017-2018,358538,Off_MF
2017-2018,826551,MF
2017-2018,332961,MF
2017-2018,24927,Def_MF
2017-2018,847097,DF
2017-2018,928271,Def_MF
2017-2018,889680,DF
2017-2018,361410,DF
2017-2018,793525,FW
2017-2018,855944,MF
2017-2018,284359,MF
2017-2018,19218,FW
2017-2018,186807,DF
2017-2018,826198,FW
2017-2018,536318,Off_MF
2017-2018,907187,FW
2017-2018,360172,Off_MF
2017-2018,801246,DF
2017-2018,802159,FW
2017-2018,291611,DF
2017-2018,31265,MF
2017-2018,823631,Off_MF
2017-2018,280835,MF
2017-2018,803185,FW
2017-2018,254813,FW
2017-2018,367056,Off_MF
2017-2018,839223,MF
2017-2018,8944,DF
2017-2018,902370,MF
2017-2018,352594,Off_MF
2017-2018,847147,FW
2017-2018,909119,FW
2017-2018,823127,FW
2017-2018,845102,Off_MF
2017-2018,789199,Off_MF
2017-2018,851104,DF
2017-2018,164291,MF
2017-2018,848680,Off_MF
2017-2018,858194,FW
2017-2018,600604,DF
2017-2018,863651,Off_MF
2017-2018,906278,MF
2017-2018,863153,Def_MF
2017-2018,169199,Off_MF
2017-2018,893064,DF
2017-2018,807301,FW
2017-2018,5612,FW
2017-2018,886289,FW
2017-2018,37818,DF
2017-2018,87890,FW
2017-2018,354172,FW
2017-2018,904991,DF
2017-2018,901361,FW
2017-2018,160909,Off_MF
2017-2018,836764,Off_MF
2017-2018,235644,DF
2017-2018,877608,FW
2017-2018,924149,FW
2017-2018,358942,Off_MF
2017-2018,111500,Off_MF
2017-2018,904555,FW
2017-2018,789192,FW
2017-2018,50306,MF
2017-2018,867442,FW
2017-2018,934351,DF
2017-2018,818942,Off_MF
2017-2018,191196,FW
2017-2018,581618,MF
2017-2018,826196,FW
2017-2018,826003,Off_MF
2017-2018,284455,Off_MF
2017-2018,866179,DF
2017-2018,19884,FW
2017-2018,195234,FW
2017-2018,882730,MF
2017-2018,815553,MF
2017-2018,933429,FW
2017-2018,877979,FW
2017-2018,127532,DF
2017-2018,326643,FW
2017-2018,148155,DF
2017-2018,160893,MF
2017-2018,893643,FW
2017-2018,51449,DF
2017-2018,239632,DF
2017-2018,795054,FW
2017-2018,285937,FW
2017-2018,327277,Off_MF
2017-2018,354558,Def_MF
2017-2018,826209,FW
2017-2018,142494,FW
2017-2018,19524,FW
2017-2018,930851,MF
2017-2018,122621,Off_MF
2017-2018,788144,MF
2017-2018,851222,Off_MF
2017-2018,5592,DF
2017-2018,829581,MF
2017-2018,886130,DF
2017-2018,174377,DF
2017-2018,844078,DF
2017-2018,867547,MF
2017-2018,97931,FW
2017-2018,124960,MF
2017-2018,238148,FW
2017-2018,847179,MF
2017-2018,859765,Off_MF
2017-2018,843130,FW
2017-2018,26286,Off_MF
2017-2018,359388,MF
2017-2018,864169,DF
2017-2018,839947,MF
2017-2018,788141,Off_MF
2017-2018,249397,Off_MF
2017-2018,835485,FW
2017-2018,145182,FW
2017-2018,892104,Off_MF
2017-2018,844132,FW
2017-2018,110701,Off_MF
2017-2018,37733,Off_MF
2017-2018,13048,FW
2017-2018,583558,MF
2017-2018,182431,MF
2017-2018,54686,Off_MF
2017-2018,822925,Off_MF
2017-2018,80451,FW
2017-2018,934340,DF
2017-2018,795000,FW
2017-2018,913214,DF
2017-2018,927083,FW
2017-2018,894477,MF
2017-2018,26875,MF
2017-2018,352446,Off_MF
2017-2018,788028,FW
2017-2018,890996,Off_MF
2017-2018,227756,MF
2017-2018,855817,Off_MF
2017-2018,876858,FW
2017-2018,890329,FW
2017-2018,788099,Def_MF
2017-2018,830250,DF
2017-2018,796445,MF
2017-2018,9710,Def_MF
2017-2018,548090,FW
2017-2018,798115,MF
2017-2018,72832,Off_MF
2017-2018,326165,FW
2017-2018,845023,Off_MF
2017-2018,826063,Def_MF
2017-2018,817968,FW
2017-2018,866810,DF
2017-2018,341077,FW
2017-2018,802150,MF
2017-2018,82240,DF
2017-2018,932021,DF
2017-2018,243155,DF
2017-2018,319309,MF
2017-2018,48555,DF
2017-2018,4640,DF
2017-2018,826145,FW
2017-2018,331751,FW
2017-2018,148750,DF
2017-2018,859332,FW
2017-2018,912144,FW
2017-2018,363792,DF
2017-2018,842391,FW
2017-2018,147775,DF
2017-2018,888550,MF
2017-2018,358540,FW
2017-2018,304,DF
2017-2018,827934,DF
2017-2018,26895,Def_MF
2017-2018,859026,FW
2017-2018,284355,DF
2017-2018,869792,DF
2017-2018,115569,FW
2017-2018,857593,DF
2017-2018,825697,MF
2017-2018,892681,Off_MF
2017-2018,354046,FW
2017-2018,352814,DF
2017-2018,934341,DF
2017-2018,558320,FW
2017-2018,8901,DF
2017-2018,599110,DF
2017-2018,825998,DF
2017-2018,100565,DF
2017-2018,190299,DF
2017-2018,804619,DF
2017-2018,907233,DF
2017-2018,797048,DF
2017-2018,794995,MF
2017-2018,21515,DF
2017-2018,356332,FW
2017-2018,31691,DF
2017-2018,841120,DF
2017-2018,826188,DF
2017-2018,27037,DF
2017-2018,192144,FW
2017-2018,891510,Off_MF
2017-2018,818440,FW
2017-2018,44679,FW
2017-2018,877262,MF
2017-2018,10038,DF
2017-2018,68076,DF
2017-2018,370134,FW
2017-2018,604884,Off_MF
2017-2018,13193,DF
2017-2018,591588,FW
2017-2018,86364,MF
2017-2018,32897,DF
2017-2018,21394,DF
2017-2018,14125,DF
2017-2018,805078,Off_MF
2017-2018,156235,Off_MF
2017-2018,935309,DF
2017-2018,2089,Off_MF
2017-2018,106328,FW
2017-2018,34118,MF
2017-2018,809276,Off_MF
2017-2018,356512,DF
2017-2018,45646,DF
2017-2018,913191,FW
2017-2018,146141,DF
2017-2018,938,MF
2017-2018,886936,FW
2017-2018,155711,DF
2017-2018,905379,MF
2017-2018,877342,FW
2017-2018,19003,FW
2017-2018,96490,MF
2017-2018,137155,Off_MF
2017-2018,801378,FW
2017-2018,823941,FW
2017-2018,252313,DF
2017-2018,855810,FW
2017-2018,158037,DF
2017-2018,588162,DF
2017-2018,369542,Off_MF
2017-2018,842188,DF
2017-2018,51392,DF
2017-2018,581794,FW
2017-2018,98435,Off_MF
2017-2018,886534,FW
2017-2018,9682,MF
2017-2018,862194,FW
2017-2018,847785,DF
2017-2018,38639,FW
2017-2018,782396,FW
2017-2018,3593,FW
2017-2018,909167,DF
2017-2018,915474,DF
2017-2018,797284,MF
2017-2018,19172,DF
2017-2018,794338,Off_MF
2017-2018,115102,DF
2017-2018,826139,FW
2017-2018,387082,DF
2017-2018,1018,DF
2017-2018,114155,MF
2017-2018,293581,MF
2017-2018,339227,DF
2017-2018,906275,DF
2017-2018,27463,DF
2017-2018,139262,DF
2017-2018,349762,DF
2017-2018,361342,MF
2017-2018,892625,Off_MF
2017-2018,548198,FW
2017-2018,830238,DF
2017-2018,693,DF
2017-2018,42930,MF
2017-2018,868223,FW
2017-2018,368134,DF
2017-2018,2525,MF
2017-2018,933426,MF
2017-2018,1063273,Off_MF
2017-2018,788260,Off_MF
2017-2018,146951,DF
2017-2018,146499,MF
2017-2018,587126,MF
2017-2018,850895,DF
2017-2018,212072,DF
2017-2018,43215,DF
2017-2018,99524,Off_MF
2017-2018,838640,FW
2017-2018,284363,FW
2017-2018,17926,MF
2017-2018,229722,MF
2017-2018,827386,Off_MF
2017-2018,37761,DF
2017-2018,877844,DF
2017-2018,891,DF
2017-2018,353262,FW
2017-2018,878081,FW
2017-2018,29759,DF
2017-2018,40608,Off_MF
2017-2018,823085,DF
2017-2018,846498,MF
2017-2018,68921,Off_MF
2017-2018,333239,Off_MF
2017-2018,280087,Off_MF
2017-2018,344541,FW
2017-2018,169221,DF
2017-2018,114154,DF
2017-2018,366156,FW
2017-2018,1127439,DF
2017-2018,829022,DF
2017-2018,148076,Off_MF
2017-2018,909274,MF
2017-2018,868323,FW
2017-2018,134364,DF
2017-2018,22086,Off_MF
2017-2018,846446,DF
2017-2018,159739,DF
2017-2018,303638,DF
2017-2018,818469,FW
2017-2018,108538,FW
2017-2018,39283,MF
2017-2018,11734,MF
2017-2018,822,Off_MF
2017-2018,121613,Off_MF
2017-2018,281087,DF
2017-2018,149710,FW
2017-2018,48243,FW
2017-2018,579726,FW
2017-2018,794412,MF
2017-2018,800373,MF
2017-2018,154508,Off_MF
2017-2018,141664,FW
2017-2018,42455,Off_MF
2017-2018,807400,Off_MF
2017-2018,370224,FW
2017-2018,153440,MF
2017-2018,252661,DF
2017-2018,97409,FW
2017-2018,754710,FW
2017-2018,43779,MF
2017-2018,583608,MF
2017-2018,342909,Off_MF
2017-2018,99520,MF
2017-2018,26096,DF
2017-2018,344243,FW
2017-2018,11591,Off_MF
2017-2018,344199,DF
2017-2018,136718,MF
2017-2018,591140,FW
2017-2018,154406,DF
2017-2018,13262,FW
2017-2018,547242,DF
2017-2018,856553,MF
2017-2018,40671,DF
2017-2018,309648,FW
2017-2018,14468,MF
2017-2018,11692,FW
2017-2018,889737,DF
2017-2018,11661,Off_MF
2017-2018,17054,Off_MF
2017-2018,604838,FW
2017-2018,807889,MF
2017-2018,802138,FW
2017-2018,21482,DF
2017-2018,254713,DF
2017-2018,238708,FW
2017-2018,146416,MF
2017-2018,97410,Off_MF
2017-2018,375638,Off_MF
2017-2018,275959,DF
2017-2018,165413,DF
2017-2018,777,FW
2017-2018,190435,FW
2017-2018,32492,FW
2017-2018,176,MF
2017-2018,847128,MF
2017-2018,142249,MF
2017-2018,822482,FW
2017-2018,82186,FW
2017-2018,52691,FW
2017-2018,130181,FW
2017-2018,115143,Off_MF
2017-2018,221738,MF
2017-2018,804613,DF
2017-2018,856668,DF
2017-2018,901470,DF
2017-2018,104794,DF
2017-2018,106319,FW
2017-2018,836678,DF
2017-2018,32858,FW
2017-2018,814385,FW
2017-2018,64385,Off_MF
2017-2018,367228,FW
2017-2018,125261,Off_MF
2017-2018,363858,MF
2017-2018,822815,FW
2017-2018,372312,FW
2017-2018,155997,DF
2017-2018,871321,DF
2017-2018,839226,FW
2017-2018,822471,FW
2017-2018,21204,DF
2017-2018,573616,MF
2017-2018,826570,Off_MF
2017-2018,128204,DF
2017-2018,806019,FW
2017-2018,843083,DF
2017-2018,842526,Off_MF
2017-2018,20538,MF
2017-2018,861980,FW
2017-2018,893140,MF
2017-2018,844447,MF
2017-2018,326565,Off_MF
2017-2018,867887,MF
2017-2018,314370,Off_MF
2017-2018,855833,Off_MF
2017-2018,847115,DF
2017-2018,856594,FW
2017-2018,95572,Off_MF
2017-2018,797893,DF
2017-2018,791203,DF
2017-2018,844690,MF
2017-2018,345899,Off_MF
2017-2018,99938,DF
2017-2018,801483,Off_MF
2017-2018,827935,DF
2017-2018,769783,FW
2017-2018,74201,DF
2017-2018,61526,MF
2017-2018,45817,DF
2017-2018,851262,FW
2017-2018,110850,DF
2017-2018,51631,DF
2017-2018,94287,FW
2017-2018,26706,FW
2017-2018,793645,FW
2017-2018,159701,FW
2017-2018,14570,FW
2017-2018,604954,FW
2017-2018,3063,DF
2017-2018,42800,DF
2017-2018,24818,DF
2017-2018,146200,MF
2017-2018,787827,DF
2017-2018,288073,FW
2017-2018,822536,Off_MF
2017-2018,18006,FW
2017-2018,280811,DF
2017-2018,139267,MF
2017-2018,877103,DF
2017-2018,309078,FW
2017-2018,44864,DF
2017-2018,139225,DF
2017-2018,57317,FW
2017-2018,124950,Off_MF
2017-2018,369,DF
2017-2018,608362,FW
2017-2018,395,Off_MF
2017-2018,360396,DF
2017-2018,231158,MF
2017-2018,33587,Off_MF
2017-2018,804170,FW
2017-2018,44228,DF
2017-2018,833057,MF
2017-2018,807291,DF
2017-2018,25991,FW
2017-2018,799559,FW
2017-2018,113370,MF
2017-2018,800411,FW
2017-2018,76038,DF
2017-2018,17740,FW
2017-2018,75899,MF
2017-2018,825750,Off_MF
2017-2018,893993,MF
2017-2018,857917,Off_MF
2017-2018,3568,DF
2017-2018,100408,Off_MF
2017-2018,1934,Off_MF
2017-2018,547838,MF
2017-2018,864929,Off_MF
2017-2018,62013,FW
2017-2018,17803,DF
2017-2018,2966,MF
2017-2018,365992,DF
2017-2018,812758,DF
2017-2018,9360,MF
2017-2018,836939,DF
2017-2018,235656,DF
2017-2018,158621,DF
2017-2018,317691,DF
2017-2018,816808,MF
2017-2018,347494,DF
2017-2018,41371,Off_MF
2017-2018,788949,MF
2017-2018,813511,DF
2017-2018,825128,Off_MF
2017-2018,3204,Off_MF
2017-2018,286085,DF
2017-2018,636,Off_MF
2017-2018,93870,FW
2017-2018,20963,FW
2017-2018,892624,MF
2017-2018,825044,FW
2017-2018,851890,DF
2017-2018,1473091,FW
2017-2018,44936,DF
2017-2018,101482,Off_MF
2017-2018,163383,DF
2017-2018,794269,Off_MF
2017-2018,25929,FW
2017-2018,80581,DF
2017-2018,285989,Def_MF
2017-2018,785633,MF
2017-2018,916680,FW
2017-2018,19352,DF
2017-2018,844752,DF
2017-2018,98450,MF
2017-2018,161325,FW
2017-2018,581464,FW
2017-2018,26323,FW
2017-2018,328109,MF
2017-2018,174519,FW
2017-2018,387220,DF
2017-2018,122833,DF
2017-2018,13148,FW
2017-2018,826204,DF
2017-2018,642,MF
2017-2018,77494,DF
2017-2018,320919,FW
2017-2018,13357,DF
2017-2018,814624,MF
2017-2018,41218,Off_MF
2017-2018,41653,DF
2017-2018,788768,DF
2017-2018,4634,MF
2017-2018,910527,FW
2017-2018,107025,FW
2017-2018,868122,FW
2017-2018,308058,FW
2017-2018,541574,DF
2017-2018,86988,DF
2017-2018,221166,Off_MF
2017-2018,302640,DF
2017-2018,169549,FW
2017-2018,254895,FW
2017-2018,51455,FW
2017-2018,209940,Off_MF
2017-2018,519,MF
2017-2018,7636,MF
2017-2018,869936,DF
2017-2018,148566,FW
2017-2018,146217,FW
2017-2018,308526,DF
2017-2018,177295,Off_MF
2017-2018,42892,DF
2017-2018,27013,DF
2017-2018,802149,FW
2017-2018,359640,Off_MF
2017-2018,111962,FW
2017-2018,39226,FW
2017-2018,105614,DF
2017-2018,96372,Off_MF
2017-2018,138281,FW
2017-2018,887581,MF
2017-2018,581032,Off_MF
2017-2018,116853,MF
2017-2018,18379,FW
2017-2018,22200,DF
2017-2018,54330,MF
2017-2018,249407,FW
2017-2018,788097,Off_MF
2017-2018,385386,DF
2017-2018,287643,DF
2017-2018,902657,Off_MF
2017-2018,839819,MF
2017-2018,122922,DF
2017-2018,11378,DF
2017-2018,579042,DF
2017-2018,51372,FW
2017-2018,156019,MF
2017-2018,362682,DF
2017-2018,353138,MF
2017-2018,1204,DF
2017-2018,246999,DF
2017-2018,103012,DF
2017-2018,11068,DF
2017-2018,188335,DF
2017-2018,173929,FW
2017-2018,331449,MF
2017-2018,111487,DF
2017-2018,104922,MF
2017-2018,1990,FW
2017-2018,892539,FW
2017-2018,359754,Off_MF
2017-2018,17761,MF
2017-2018,19593,Off_MF
2017-2018,5544,MF
2017-2018,249435,FW
2017-2018,824200,Off_MF
2017-2018,357596,Off_MF
2017-2018,74068,FW
2017-2018,886286,DF
2017-2018,332,FW
2017-2018,2421,DF
2017-2018,791190,MF
2017-2018,69295,DF
2017-2018,122807,MF
2017-2018,881222,FW
2017-2018,796374,Off_MF
2017-2018,45926,MF
2017-2018,217784,DF
2017-2018,227196,MF
2017-2018,173353,DF
2017-2018,151597,MF
2017-2018,138383,Off_MF
2017-2018,361420,FW
2017-2018,377108,FW
2017-2018,190421,DF
2017-2018,825771,DF
2017-2018,9642,MF
2017-2018,772685,Off_MF
2017-2018,83816,DF
2017-2018,142043,MF
2017-2018,794374,MF
2017-2018,98437,FW
2017-2018,148191,MF
2017-2018,39070,FW
2017-2018,110781,FW
2017-2018,4444,MF
2017-2018,553454,DF
2017-2018,31861,FW
2017-2018,43941,MF
2017-2018,21764,MF
2017-2018,122815,DF
2017-2018,814280,FW
2017-2018,43414,FW
2017-2018,863653,DF
2017-2018,49518,DF
2017-2018,787367,FW
2017-2018,355048,DF
2017-2018,769333,FW
2017-2018,790103,FW
2017-2018,879346,MF
2017-2018,98912,FW
2017-2018,235460,MF
2017-2018,100580,FW
2017-2018,123229,MF
2017-2018,46998,DF
2017-2018,14374,DF
2017-2018,252613,FW
2017-2018,334467,MF
2017-2018,98073,MF
2017-2018,796027,FW
2017-2018,68511,Off_MF
2017-2018,94726,Off_MF
2017-2018,878635,DF
2017-2018,102625,Off_MF
2017-2018,788895,MF
2017-2018,40672,MF
2017-2018,826205,DF
2017-2018,243049,FW
2017-2018,801003,DF
2017-2018,44298,FW
2017-2018,826258,FW
2017-2018,50731,DF
2017-2018,306230,FW
2017-2018,71225,Off_MF
2017-2018,238612,DF
2017-2018,17157,FW
2017-2018,19371,DF
2017-2018,272819,FW
2017-2018,807648,DF
2017-2018,97927,DF
2017-2018,110956,MF
2017-2018,16456,DF
2017-2018,611210,DF
2017-2018,363860,MF
2017-2018,861317,MF
2017-2018,98212,DF
2017-2018,27622,DF
2017-2018,129452,FW
2017-2018,85090,DF
2017-2018,851100,FW
2017-2018,96366,Off_MF
2017-2018,254171,DF
2017-2018,156146,FW
2017-2018,37386,DF
2017-2018,190319,FW
2017-2018,23666,MF
2017-2018,318967,MF
2017-2018,26031,DF
2017-2018,96538,DF
2017-2018,139798,FW
2017-2018,39543,FW
2017-2018,359246,MF
2017-2018,841065,FW
2017-2018,13694,DF
2017-2018,795713,MF
2017-2018,152255,DF
2017-2018,14819,Off_MF
2017-2018,189127,FW
2017-2018,30530,MF
2017-2018,18841,FW
2017-2018,188407,FW
2017-2018,81992,DF
2017-2018,32946,DF
2017-2018,131916,DF
2017-2018,823476,MF
2017-2018,309546,FW
2017-2018,176021,DF
2017-2018,581308,Off_MF
2017-2018,33901,DF
2017-2018,132149,DF
2017-2018,797306,DF
2017-2018,2565,MF
2017-2018,826946,FW
2017-2018,82401,DF
2017-2018,37377,FW
2017-2018,1879,Def_MF
2017-2018,27912,DF
2017-2018,845092,MF
2017-2018,246319,MF
2017-2018,21301,MF
2017-2018,16405,MF
2017-2018,88697,FW
2017-2018,18998,FW
2017-2018,37126,FW
2017-2018,182243,MF
2017-2018,355486,DF
2017-2018,814594,DF
2017-2018,37778,DF
2017-2018,144076,MF
2017-2018,30127,MF
2017-2018,548660,MF
2017-2018,15046,MF
2017-2018,16674,FW
2017-2018,37313,DF
2017-2018,255999,MF
2017-2018,2896,FW
2017-2018,545780,MF
2017-2018,149670,DF
2017-2018,13698,DF
2017-2018,116683,DF
2017-2018,559470,MF
2017-2018,74069,FW
2017-2018,793988,MF
2017-2018,41831,FW
2017-2018,71707,Off_MF
2017-2018,252819,DF
2017-2018,136743,DF
2017-2018,43932,FW
2017-2018,171961,Off_MF
2017-2018,50071,DF
2017-2018,34639,DF
2017-2018,190839,DF
2017-2018,319861,Off_MF
2017-2018,609226,FW
2017-2018,38502,Off_MF
2017-2018,828239,DF
2017-2018,33302,DF
2017-2018,793985,MF
2017-2018,16586,DF
2017-2018,18082,FW
2017-2018,7938,FW
2017-2018,26285,MF
2017-2018,825775,FW
2017-2018,827573,DF
2017-2018,359742,MF
2017-2018,591696,MF
2017-2018,1100227,MF
2017-2018,185349,Off_MF
2017-2018,147776,DF
2017-2018,106345,MF
2017-2018,335823,DF
2017-2018,187841,MF
2017-2018,128674,MF
2017-2018,27919,MF
2017-2018,17416,DF
2017-2018,47549,DF
2017-2018,793228,DF
2017-2018,286103,FW
2017-2018,105964,FW
2017-2018,827688,DF
2017-2018,33427,FW
2017-2018,359642,FW
2017-2018,40983,DF
2017-2018,804621,Off_MF
2017-2018,147745,FW
2017-2018,21300,DF
2017-2018,122702,FW
2017-2018,330099,MF
2017-2018,45956,MF
2017-2018,246471,Off_MF
2017-2018,294597,FW
2017-2018,880775,FW
2017-2018,94178,MF
2017-2018,18735,FW
2017-2018,37805,MF
2017-2018,847180,FW
2017-2018,877837,FW
2017-2018,328027,FW
2017-2018,846447,DF
2017-2018,46620,FW
2017-2018,796047,MF
2017-2018,333261,FW
2017-2018,168943,Off_MF
2017-2018,284371,Off_MF
2017-2018,580802,MF
2017-2018,3275,MF
2017-2018,84069,DF
2017-2018,576266,DF
2017-2018,227942,DF
2017-2018,159675,MF
2017-2018,357598,FW
2017-2018,18914,FW
2017-2018,869943,FW
2017-2018,291665,FW
2017-2018,16081,FW
2017-2018,74027,Off_MF
2017-2018,137665,FW
2017-2018,845083,Off_MF
2017-2018,3263,DF
2017-2018,14376,FW
2017-2018,53826,DF
2017-2018,801287,Off_MF
2017-2018,55053,FW
2017-2018,96368,DF
2017-2018,43938,DF
2017-2018,141832,DF
2017-2018,376854,DF
2017-2018,16776,FW
2017-2018,846439,DF
2017-2018,126236,Off_MF
2017-2018,253517,FW
2017-2018,129874,DF
2017-2018,182001,Off_MF
2017-2018,226974,DF
2017-2018,824238,Off_MF
2017-2018,826944,FW
2017-2018,814589,DF
2017-2018,76133,Off_MF
2017-2018,151037,Def_MF
2017-2018,383560,DF
2017-2018,280009,FW
2017-2018,611876,Off_MF
2017-2018,285941,FW
2017-2018,830551,DF
2017-2018,66471,FW
2017-2018,25577,FW
2017-2018,352768,DF
2017-2018,17694,DF
2017-2018,51617,FW
2017-2018,352296,FW
2017-2018,340563,DF
2017-2018,308692,FW
2017-2018,309306,FW
2017-2018,37151,Off_MF
2017-2018,47625,MF
2017-2018,34556,DF
2017-2018,818244,FW
2017-2018,167855,Off_MF
2017-2018,37092,Off_MF
2017-2018,28221,FW
2017-2018,294641,FW
2017-2018,44036,MF
2017-2018,3095,FW
2017-2018,131901,MF
2017-2018,183483,FW
2017-2018,319129,FW
2017-2018,190159,FW
2017-2018,16459,MF
2017-2018,102291,FW
2017-2018,284845,FW
2017-2018,878923,DF
2017-2018,150396,DF
2017-2018,537018,MF
2017-2018,845385,Off_MF
2017-2018,280553,Off_MF
2017-2018,166381,DF
2017-2018,27035,Off_MF
2017-2018,32965,Def_MF
2017-2018,308054,MF
2017-2018,127257,MF
2017-2018,25552,DF
2017-2018,253871,DF
2017-2018,180511,Off_MF
2017-2018,1053,DF
2017-2018,149730,FW
2017-2018,281253,FW
2017-2018,39121,MF
2017-2018,212074,FW
2017-2018,88471,Off_MF
2017-2018,788027,DF
2017-2018,123166,MF
2017-2018,90168,DF
2017-2018,137667,DF
2017-2018,26235,MF
2017-2018,22337,DF
2017-2018,69367,Off_MF
2017-2018,171677,FW
2017-2018,254159,Off_MF
2017-2018,2436,FW
2017-2018,107420,DF
2017-2018,11764,Off_MF
2017-2018,133236,DF
2017-2018,16657,Off_MF
2017-2018,114497,FW
2017-2018,72127,FW
2017-2018,217770,DF
2017-2018,87223,DF
2017-2018,193554,Off_MF
2017-2018,156401,DF
2017-2018,100568,DF
2017-2018,280609,FW
2017-2018,136710,MF
2017-2018,2033,FW
2017-2018,54331,MF
2017-2018,893141,DF
2017-2018,12673,DF
2017-2018,371222,MF
2017-2018,74506,DF
2017-2018,31938,DF
2017-2018,800407,DF
2017-2018,227858,MF
2017-2018,802142,Off_MF
2017-2018,19633,FW
2017-2018,180009,Off_MF
2017-2018,606346,DF
2017-2018,148352,Off_MF
2017-2018,806964,Off_MF
2017-2018,123228,FW
2017-2018,139094,DF
2017-2018,368120,MF
2017-2018,842171,Off_MF
2017-2018,369866,MF
2017-2018,1954,DF
2017-2018,97001,Off_MF
2017-2018,380974,FW
2017-2018,93885,MF
2017-2018,122124,DF
2017-2018,250453,FW
2017-2018,801391,Off_MF
2017-2018,37504,Off_MF
2017-2018,317179,MF
2017-2018,354510,FW
2017-2018,142390,Off_MF
2017-2018,330939,Off_MF
2017-2018,76632,DF
2017-2018,15857,MF
2017-2018,97905,FW
2017-2018,41116,FW
2017-2018,587074,DF
2017-2018,294313,MF
2017-2018,21212,FW
2017-2018,22566,MF
2017-2018,49120,FW
2017-2018,55119,Off_MF
2017-2018,592012,FW
2017-2018,3090,MF
2017-2018,11831,DF
2017-2018,39068,DF
2017-2018,260065,MF
2017-2018,138837,DF
2017-2018,9729,DF
2017-2018,3413,DF
2017-2018,13139,MF
2017-2018,21249,MF
2017-2018,846145,DF
2017-2018,27916,DF
2017-2018,893063,FW
2017-2018,178015,Off_MF
2017-2018,46800,DF
2017-2018,285949,Off_MF
2017-2018,86528,DF
2017-2018,53816,FW
2017-2018,551410,MF
2017-2018,226780,FW
2017-2018,1830,MF
2017-2018,946,FW
2017-2018,13028,MF
2017-2018,82555,MF
2017-2018,356444,FW
2017-2018,52740,MF
2017-2018,132318,DF
2017-2018,587906,MF
2017-2018,553488,Off_MF
2017-2018,352486,Off_MF
2017-2018,794953,DF
2017-2018,194446,MF
2017-2018,785518,DF
2017-2018,21992,MF
2017-2018,201988,MF
2017-2018,826651,DF
2017-2018,590036,DF
2017-2018,873947,Off_MF
2017-2018,49647,MF
2017-2018,313022,Off_MF
2017-2018,17895,FW
2017-2018,9692,Off_MF
2017-2018,49736,DF
2017-2018,18987,MF
2017-2018,16121,FW
2017-2018,26995,MF
2017-2018,103289,Off_MF
2017-2018,40249,MF
2017-2018,768,DF
2017-2018,3504,FW
2017-2018,54311,DF
2017-2018,120444,DF
2017-2018,336655,FW
2017-2018,80110,FW
2017-2018,835601,FW
2017-2018,27543,DF
2017-2018,228342,MF
2017-2018,73980,DF
2017-2018,228981,FW
2017-2018,80406,Off_MF
2017-2018,30646,DF
2017-2018,1465,DF
2017-2018,341589,MF
2017-2018,108574,Off_MF
2017-2018,60848,FW
2017-2018,372336,Off_MF
2017-2018,142525,DF
2017-2018,10501,FW
2017-2018,295133,DF
2017-2018,43301,Def_MF
2017-2018,280441,FW
2017-2018,129185,DF
2017-2018,3592,MF
2017-2018,243175,DF
2017-2018,32664,DF
2017-2018,26231,FW
2017-2018,56601,MF
2017-2018,152276,FW
2017-2018,28186,DF
2017-2018,34853,Off_MF
2017-2018,850035,DF
2017-2018,30376,DF
2017-2018,110210,DF
2017-2018,826293,DF
2017-2018,83247,MF
2017-2018,37234,DF
2017-2018,16710,DF
2017-2018,73056,MF
2017-2018,103364,DF
2017-2018,44575,DF
2017-2018,6948,DF
2017-2018,18297,Off_MF
2017-2018,80008,DF
2017-2018,781544,DF
2017-2018,845084,FW
2017-2018,914835,DF
2017-2018,2976,DF
2017-2018,583838,FW
2017-2018,158573,DF
2017-2018,188269,MF
2017-2018,830288,DF
2017-2018,4370,MF
2017-2018,249929,FW
2017-2018,38094,MF
2017-2018,33902,FW
2017-2018,39472,DF
2017-2018,106249,FW
2017-2018,1135884,Off_MF
2017-2018,34125,DF
2017-2018,97926,DF
2017-2018,5712,FW
2017-2018,94539,MF
2017-2018,171927,FW
2017-2018,273,MF
2017-2018,826208,MF
2017-2018,39009,Off_MF
2017-2018,794838,DF
2017-2018,42802,Off_MF
2017-2018,149606,DF
2017-2018,142619,MF
2017-2018,839110,MF
2017-2018,249409,Def_MF
2017-2018,125813,Def_MF
2017-2018,170499,FW
2017-2018,257205,FW
2017-2018,816839,DF
2017-2018,37191,FW
2017-2018,836706,MF
2017-2018,21881,MF
2017-2018,785929,FW
2017-2018,826215,DF
2017-2018,169255,DF
2017-2018,29773,MF
2017-2018,831808,MF
2017-2018,70492,FW
2017-2018,844763,Off_MF
2017-2018,16508,DF
2017-2018,151138,DF
2017-2018,41157,DF
2017-2018,116947,DF
2017-2018,338651,DF
2017-2018,79403,MF
2017-2018,53825,MF
2017-2018,580952,DF
2017-2018,758876,FW
2017-2018,38153,DF
2017-2018,367096,MF
2017-2018,836168,DF
2017-2018,220131,DF
2017-2018,121181,MF
2017-2018,151545,DF
2017-2018,385916,DF
2017-2018,115665,FW
2017-2018,881931,MF
2017-2018,229740,DF
2017-2018,352938,FW
2017-2018,319857,DF
2017-2018,82474,MF
2017-2018,111746,DF
2017-2018,280439,FW
2017-2018,25621,DF
2017-2018,580392,FW
2017-2018,267621,Off_MF
2017-2018,124004,Off_MF
2017-2018,117399,FW
2017-2018,812126,FW
2017-2018,116623,MF
2017-2018,143334,DF
2017-2018,44823,Off_MF
2017-2018,142208,DF
2017-2018,21600,DF
2017-2018,122921,MF
2017-2018,243735,DF
2017-2018,143593,DF
2017-2018,119159,Off_MF
2017-2018,1784,MF
2017-2018,15468,FW
2017-2018,152077,DF
2017-2018,17597,DF
2017-2018,277331,FW
2017-2018,157433,DF
2017-2018,280993,MF
2017-2018,14231,Off_MF
2017-2018,4727,DF
2017-2018,24939,FW
2017-2018,85222,MF
2017-2018,3579,DF
2017-2018,80802,FW
2017-2018,250547,DF
2017-2018,76120,DF
2017-2018,553686,MF
2017-2018,826203,DF
2017-2018,141203,DF
2017-2018,19303,FW
2017-2018,343743,FW
2017-2018,114066,FW
2017-2018,106272,FW
2017-2018,50289,DF
2017-2018,17056,Off_MF
2017-2018,139229,MF
2017-2018,788801,DF
2017-2018,355492,DF
2017-2018,28184,MF
2017-2018,782240,MF
2017-2018,592010,MF
2017-2018,79853,Off_MF
2017-2018,849009,Off_MF
2017-2018,124992,DF
2017-2018,44932,DF
2017-2018,828571,DF
2017-2018,586596,FW
2017-2018,47743,FW
2017-2018,47772,FW
2017-2018,352964,MF
2017-2018,181575,DF
2017-2018,40326,FW
2017-2018,38716,Off_MF
2017-2018,5848,Off_MF
2017-2018,51785,Off_MF
2017-2018,158599,DF
2017-2018,190843,MF
2017-2018,36949,DF
2017-2018,34501,DF
2017-2018,122942,Off_MF
2017-2018,352802,MF
2017-2018,153212,FW
2017-2018,41668,DF
2017-2018,74020,MF
2017-2018,4732,FW
2017-2018,165583,DF
2017-2018,301164,MF
2017-2018,74769,DF
2017-2018,858705,MF
2017-2018,24006,MF
2017-2018,6019,DF
2017-2018,106289,MF
2017-2018,31821,MF
2017-2018,11654,MF
2017-2018,27014,MF
2017-2018,41631,Off_MF
2017-2018,147229,FW
2017-2018,215956,DF
2017-2018,42450,DF
2017-2018,136947,DF
2017-2018,163565,FW
2017-2018,32690,MF
2017-2018,234230,Off_MF
2017-2018,51498,FW
2017-2018,121251,DF
2017-2018,41222,FW
2017-2018,99519,DF
2017-2018,759412,Off_MF
2017-2018,348362,DF
2017-2018,369546,DF
2017-2018,253303,DF
2017-2018,597756,DF
2017-2018,51299,FW
2017-2018,105697,DF
2017-2018,856714,DF
2017-2018,37752,FW
2017-2018,326471,MF
2017-2018,20278,DF
2017-2018,803023,DF
2017-2018,96116,DF
2017-2018,173883,DF
2017-2018,16180,DF
2017-2018,791176,DF
2017-2018,61445,MF
2017-2018,105176,FW
2017-2018,2979,DF
2017-2018,15166,DF
2017-2018,2860,DF
2017-2018,84293,FW
2017-2018,148745,DF
2017-2018,68002,Off_MF
2017-2018,377118,DF
2017-2018,10122,DF
2017-2018,14120,DF
2017-2018,16189,FW
2017-2018,18342,MF
2017-2018,283083,FW
2017-2018,605650,FW
2017-2018,126610,Off_MF
2017-2018,53778,MF
2017-2018,329563,FW
2017-2018,186833,DF
2017-2018,311482,MF
2017-2018,94856,DF
2017-2018,317699,FW
2017-2018,32045,MF
2017-2018,552686,MF
2017-2018,40626,Off_MF
2017-2018,96369,FW
2017-2018,26760,DF
2017-2018,34391,DF
2017-2018,252821,DF
2017-2018,10577,Off_MF
2017-2018,147368,FW
2017-2018,73951,FW
2017-2018,329417,DF
2017-2018,13990,MF
2017-2018,34120,Off_MF
2017-2018,795044,FW
2017-2018,148899,DF
2017-2018,187433,FW
2017-2018,30037,FW
2017-2018,2010,DF
2017-2018,804764,DF
2017-2018,96536,FW
2017-2018,2376,MF
2017-2018,35680,MF
2017-2018,45853,MF
2017-2018,51363,Def_MF
2017-2018,794836,MF
2017-2018,39220,FW
2017-2018,559,MF
2017-2018,35428,Off_MF
2017-2018,48022,FW
2017-2018,788171,DF
2017-2018,48988,DF
2017-2018,129629,MF
2017-2018,339909,DF
2017-2018,36135,DF
2017-2018,787540,Off_MF
2017-2018,84298,DF
2017-2018,71952,DF
2017-2018,139228,FW
2017-2018,121180,DF
2017-2018,331209,FW
2017-2018,115182,FW
2017-2018,174613,MF
2017-2018,153974,DF
2017-2018,16701,MF
2017-2018,603738,Off_MF
2017-2018,34312,FW
2017-2018,41963,DF
2017-2018,249893,FW
2017-2018,66492,DF
2017-2018,229640,Off_MF
2017-2018,306498,FW
2017-2018,233180,DF
2017-2018,792142,DF
2017-2018,844842,MF
2017-2018,41309,FW
2017-2018,46799,MF
2017-2018,11658,DF
2017-2018,318607,DF
2017-2018,94822,MF
2017-2018,316170,MF
2017-2018,118759,MF
2017-2018,917,FW
2017-2018,32742,DF
2017-2018,331737,MF
2017-2018,26880,DF
2017-2018,15038,DF
2017-2018,21535,DF
2017-2018,795064,DF
2017-2018,328145,FW
2017-2018,11724,MF
2017-2018,343067,MF
2017-2018,139397,MF
2017-2018,174911,DF
2017-2018,128587,DF
2017-2018,355024,Off_MF
2017-2018,10486,FW
2017-2018,838159,MF
2017-2018,129479,FW
2017-2018,39067,DF
2017-2018,191176,FW
2017-2018,16214,Def_MF
2017-2018,15589,MF
2017-2018,785418,FW
2017-2018,38547,DF
2017-2018,37318,FW
2017-2018,843754,MF
2017-2018,795004,MF
2017-2018,827212,DF
2017-2018,361310,DF
2017-2018,320979,FW
2017-2018,28207,DF
2017-2018,867069,DF
2017-2018,15800,DF
2017-2018,785468,DF
2017-2018,846470,FW
2017-2018,795260,DF
2017-2018,21134,DF
2017-2018,123977,FW
2017-2018,66518,Off_MF
2017-2018,291695,DF
2017-2018,185995,DF
2017-2018,314096,DF
2017-2018,12241,DF
2017-2018,119242,FW
2017-2018,131815,DF
2017-2018,190877,DF
2017-2018,47171,FW
2017-2018,17100,MF
2017-2018,354770,FW
2017-2018,41008,FW
2017-2018,89510,DF
2017-2018,97012,Off_MF
2017-2018,604274,DF
2017-2018,39183,DF
2017-2018,208234,DF
2017-2018,111969,Off_MF
2017-2018,341983,FW
2017-2018,18126,FW
2017-2018,100570,FW
2017-2018,295973,FW
2017-2018,212104,DF
2017-2018,107414,Off_MF
2017-2018,3203,MF
2017-2018,27714,FW
2017-2018,122701,Off_MF
2017-2018,50480,FW
2017-2018,157377,DF
2017-2018,150459,DF
2017-2018,209082,MF
2017-2018,5522,Off_MF
2017-2018,1778,FW
2017-2018,234232,DF
2017-2018,109002,MF
2017-2018,235444,FW
2017-2018,588572,DF
2017-2018,347728,FW
2017-2018,19382,DF
2017-2018,871938,FW
2017-2018,76227,MF
2017-2018,362470,FW
2017-2018,135126,FW
2017-2018,256683,FW
2017-2018,18294,FW
2017-2018,123208,Off_MF
2017-2018,369080,MF
2017-2018,108484,DF
2017-2018,52663,DF
2017-2018,26029,DF
2017-2018,153220,FW
2017-2018,138828,FW
2017-2018,152206,MF
2017-2018,135264,FW
2017-2018,138605,Off_MF
2017-2018,794839,FW
2017-2018,795005,MF
2017-2018,149593,MF
2017-2018,846445,FW
2017-2018,21256,FW
2017-2018,331429,DF
2017-2018,354860,DF
2017-2018,102703,MF
2017-2018,255239,Off_MF
2017-2018,139235,MF
2017-2018,17611,FW
2017-2018,94857,DF
2017-2018,191178,FW
2017-2018,187423,DF
2017-2018,325355,DF
2017-2018,114157,FW
2017-2018,95687,MF
2017-2018,70630,DF
2017-2018,355152,Off_MF
2017-2018,106869,DF
2017-2018,119192,FW
2017-2018,5572,DF
2017-2018,152734,DF
2017-2018,800408,MF
2017-2018,142680,MF
2017-2018,4392,DF
2017-2018,135775,DF
2017-2018,51663,FW
2017-2018,149734,DF
2017-2018,69418,FW
2017-2018,78781,Off_MF
2017-2018,53739,DF
2017-2018,11401,DF
2017-2018,161717,FW
2017-2018,84531,DF
2017-2018,828971,DF
2017-2018,4445,DF
2017-2018,126691,MF
2017-2018,307284,MF
2017-2018,190139,DF
2017-2018,75994,DF
2017-2018,610766,FW
2017-2018,187431,MF
2017-2018,209374,FW
2017-2018,121221,DF
2017-2018,255973,DF
2017-2018,6557,MF
2017-2018,33959,Off_MF
2017-2018,24048,DF
2017-2018,229776,FW
2017-2018,327755,Off_MF
2017-2018,148710,DF
2017-2018,45680,DF
2017-2018,118781,DF
2017-2018,152769,FW
2017-2018,32040,DF
2017-2018,107398,MF
2017-2018,27068,DF
2017-2018,74132,Off_MF
2017-2018,210082,DF
2017-2018,124544,DF
2017-2018,249627,DF
2017-2018,547280,Off_MF
2017-2018,11869,FW
2017-2018,16635,FW
2017-2018,144606,DF
2017-2018,103417,Off_MF
2017-2018,791,MF
2017-2018,798835,MF
2017-2018,42110,DF
2017-2018,97925,FW
2017-2018,3031,DF
2017-2018,152390,FW
2017-2018,330677,FW
2017-2018,124712,FW
2017-2018,158233,DF
2017-2018,133908,Off_MF
2017-2018,108412,DF
2017-2018,806076,MF
2017-2018,368418,MF
2017-2018,47908,FW
2017-2018,233252,DF
2017-2018,555540,MF
2017-2018,80691,DF
2017-2018,15354,FW
2017-2018,40984,DF
2017-2018,2695,FW
2017-2018,74303,DF
2017-2018,148458,FW
2017-2018,39623,DF
2017-2018,31273,FW
2017-2018,814590,FW
2017-2018,576382,FW
2017-2018,1853,DF
2017-2018,190917,Off_MF
2017-2018,115666,DF
2017-2018,205508,Off_MF
2017-2018,857179,MF
2017-2018,120965,MF
2017-2018,171235,FW
2017-2018,32213,DF
2017-2018,3595,Off_MF
2017-2018,14141,FW
2017-2018,868262,DF
2017-2018,2039,DF
2017-2018,1780,MF
2017-2018,73763,DF
2017-2018,352770,Off_MF
2017-2018,20204,DF
2017-2018,141897,DF
2017-2018,140010,MF
2017-2018,215246,Off_MF
2017-2018,227862,FW
2017-2018,361004,FW
2017-2018,22109,FW
2017-2018,74139,FW
2017-2018,23571,Off_MF
2017-2018,21608,MF
2017-2018,12634,DF
2017-2018,96367,DF
2017-2018,301288,Off_MF
2017-2018,138892,DF
2017-2018,122570,FW
2017-2018,802695,DF
2017-2018,345035,FW
2017-2018,14695,MF
2017-2018,117793,DF
2017-2018,845286,FW
2017-2018,37629,MF
2017-2018,233826,Off_MF
2017-2018,326339,FW
2017-2018,191188,MF
2017-2018,37627,DF
2017-2018,38642,MF
2017-2018,174975,DF
2017-2018,43476,DF
2017-2018,284441,Off_MF
2017-2018,9865,MF
2017-2018,146500,DF
2017-2018,27049,MF
2017-2018,372344,FW
2017-2018,309510,MF
2017-2018,209768,MF
2017-2018,187437,FW
2017-2018,318657,MF
2017-2018,356032,DF
2017-2018,186719,MF
2017-2018,16186,FW
2017-2018,3151,DF
2017-2018,355046,DF
2017-2018,31417,Off_MF
2017-2018,22986,DF
2017-2018,40239,DF
2017-2018,48240,FW
2017-2018,795058,Off_MF
2017-2018,46432,MF
2017-2018,318927,DF
2017-2018,40981,MF
2017-2018,305314,DF
2017-2018,335047,FW
2017-2018,826552,DF
2017-2018,9766,DF
2017-2018,4726,MF
2017-2018,69256,DF
2017-2018,51640,FW
2017-2018,581302,Def_MF
2017-2018,759428,DF
2017-2018,10540,MF
2017-2018,1262,DF
2017-2018,28367,FW
2017-2018,544,MF
2017-2018,168937,DF
2017-2018,108800,MF
2017-2018,76063,DF
2017-2018,9860,DF
2017-2018,41560,Off_MF
2017-2018,353130,DF
2017-2018,791702,FW
2017-2018,5218,Off_MF
2017-2018,331853,DF
2017-2018,74045,FW
2017-2018,139273,DF
2017-2018,262911,DF
2017-2018,352562,Def_MF
2017-2018,51349,MF
2017-2018,237068,MF
2017-2018,152414,DF
2017-2018,115346,FW
2017-2018,115183,MF
2017-2018,158637,FW
2017-2018,232224,Off_MF
2017-2018,19343,MF
2017-2018,152446,DF
2017-2018,482,MF
2017-2018,605580,FW
2017-2018,346262,Off_MF
2017-2018,232118,FW
2017-2018,365772,MF
2017-2018,17094,FW
2017-2018,28142,MF
2017-2018,51321,DF
2017-2018,190399,FW
2017-2018,15466,MF
2017-2018,93868,DF
2017-2018,111229,FW
2017-2018,138150,DF
2017-2018,79680,DF
2017-2018,134361,DF
2017-2018,116570,Off_MF
2017-2018,19251,FW
2017-2018,113956,FW
2017-2018,184661,MF
2017-2018,358162,Off_MF
2017-2018,122711,MF
2017-2018,287057,MF
2017-2018,98440,DF
2017-2018,21264,MF
2017-2018,129451,MF
2017-2018,185955,Off_MF
2017-2018,51501,DF
2017-2018,5942,MF
2017-2018,139510,DF
2017-2018,41270,Off_MF
2017-2018,158081,MF
2017-2018,138261,Off_MF
2017-2018,35166,Off_MF
2017-2018,38764,FW
2017-2018,580800,FW
2017-2018,27839,DF
2017-2018,345193,DF
2017-2018,840451,FW
2017-2018,84251,MF
2017-2018,39015,DF
2017-2018,99528,DF
2017-2018,12656,MF
2017-2018,36916,DF
2017-2018,844480,DF
2017-2018,29718,DF
2017-2018,14914,DF
2017-2018,155702,FW
2017-2018,17799,MF
2017-2018,14209,MF
2017-2018,220315,Off_MF
2017-2018,827522,Off_MF
2017-2018,74440,MF
2017-2018,106273,DF
2017-2018,105173,MF
2017-2018,802850,MF
2017-2018,1944,DF
2017-2018,24248,DF
2017-2018,43908,DF
2017-2018,218652,FW
2017-2018,788170,DF
2017-2018,38363,MF
2017-2018,41165,DF
2017-2018,136170,MF
2017-2018,28179,Off_MF
2017-2018,125407,FW
2017-2018,4419,DF
2017-2018,106341,DF
2017-2018,10507,DF
2017-2018,15529,FW
2017-2018,2040,DF
2017-2018,43676,DF
2017-2018,44566,DF
2017-2018,17979,FW
2017-2018,188405,Off_MF
2017-2018,69404,DF
2017-2018,48077,FW
2017-2018,124802,DF
2017-2018,94283,DF
2017-2018,493,Off_MF
2017-2018,350358,MF
2017-2018,186795,DF
2017-2018,9628,DF
2017-2018,99546,DF
2017-2018,24397,DF
2017-2018,138156,MF
2017-2018,208732,DF
2017-2018,36466,Off_MF
2017-2018,826643,FW
2017-2018,789000,FW
2017-2018,130433,DF
2017-2018,88528,DF
2017-2018,20738,DF
2017-2018,38162,FW
2017-2018,31585,DF
2017-2018,30027,FW
2017-2018,801837,DF
2017-2018,33541,DF
2017-2018,335033,DF
2017-2018,144976,DF
2017-2018,352370,DF
2017-2018,84854,DF
2017-2018,128376,DF
2017-2018,792073,DF
2017-2018,385888,MF
2017-2018,136924,DF
2017-2018,149735,MF
2017-2018,39480,DF
2017-2018,25682,FW
2017-2018,587962,FW
2017-2018,27009,MF
2017-2018,42564,DF
2017-2018,587608,MF
2017-2018,355796,MF
2017-2018,344847,DF
2017-2018,327429,DF
2017-2018,326021,FW
2017-2018,158615,MF
2017-2018,38096,FW
2017-2018,24829,DF
2017-2018,253415,DF
2017-2018,189135,MF
2017-2018,254297,Off_MF
2017-2018,132295,DF
2017-2018,836705,MF
2017-2018,142148,DF
2017-2018,111802,MF
2017-2018,3306,FW
2017-2018,110967,MF
2017-2018,14250,FW
2017-2018,99517,DF
2017-2018,758608,DF
2017-2018,123388,DF
2017-2018,45925,FW
2017-2018,33910,MF
2017-2018,362222,DF
2017-2018,2009,DF
2017-2018,16176,Off_MF
2017-2018,297100,FW
2017-2018,250133,Off_MF
2017-2018,27028,FW
2017-2018,44225,DF
2017-2018,39587,Off_MF
2017-2018,140992,FW
2017-2018,42694,MF
2017-2018,135700,FW
2017-2018,41789,FW
2017-2018,27537,DF
2017-2018,51487,MF
2017-2018,110508,FW
2017-2018,106662,DF
2017-2018,209422,DF
2017-2018,511,MF
2017-2018,74577,DF
2017-2018,3000,DF
2017-2018,33903,FW
2017-2018,96547,DF
2017-2018,319853,DF
2017-2018,217704,FW
2017-2018,20097,FW
2017-2018,342915,DF
2017-2018,25508,FW
2017-2018,153029,DF
2017-2018,105951,DF
2017-2018,363532,DF
2017-2018,109296,FW
2017-2018,50070,FW
2017-2018,227866,DF
2017-2018,10086,FW
2017-2018,10597,DF
2017-2018,229544,DF
2017-2018,201918,DF
2017-2018,16632,DF
2017-2018,135590,Off_MF
2017-2018,51652,MF
2017-2018,106751,DF
2017-2018,808590,FW
2017-2018,101882,DF
2017-2018,765,MF
2017-2018,138572,DF
2017-2018,51340,DF
2017-2018,123976,DF
2017-2018,131108,DF
2017-2018,67647,FW
2017-2018,350560,DF
2017-2018,312388,Off_MF
2017-2018,14193,DF
2017-2018,548188,MF
2017-2018,41494,Off_MF
2017-2018,51460,DF
2017-2018,45970,FW
2017-2018,82703,MF
2017-2018,136262,FW
2017-2018,96702,MF
2017-2018,17088,DF
2017-2018,20826,FW
2017-2018,347010,FW
2017-2018,267863,DF
2017-2018,32414,DF
2017-2018,41447,DF
2017-2018,334149,MF
2017-2018,316152,Off_MF
2017-2018,186845,MF
2017-2018,34221,MF
2017-2018,157641,FW
2017-2018,49639,MF
2017-2018,43192,Off_MF
2017-2018,72998,Off_MF
2017-2018,26502,MF
2017-2018,155995,DF
2017-2018,28163,FW
2017-2018,14942,MF
2017-2018,751,MF
2017-2018,798583,DF
2017-2018,36465,MF
2017-2018,25530,FW
2017-2018,30144,DF
2017-2018,89894,DF
2017-2018,149479,Def_MF
2017-2018,799046,DF
2017-2018,317301,MF
2017-2018,218160,FW
2017-2018,103156,DF
2017-2018,124318,MF
2017-2018,750,FW
2017-2018,155718,MF
2017-2018,48411,DF
2017-2018,10710,DF
2017-2018,153158,FW
2017-2018,604232,DF
2017-2018,52093,FW
2017-2018,329303,MF
2017-2018,67507,DF
2017-2018,253367,FW
2017-2018,770677,MF
2017-2018,96363,DF
2017-2018,76265,DF
2017-2018,50605,MF
2017-2018,38574,DF
2017-2018,111505,FW
2017-2018,18304,MF
2017-2018,37446,DF
2017-2018,138827,DF
2017-2018,817957,FW
2017-2018,518,Off_MF
2017-2018,30502,DF
2017-2018,128637,DF
2017-2018,21927,FW
2017-2018,21626,FW
2017-2018,818413,DF
2017-2018,35921,DF
2017-2018,249399,FW
2017-2018,4502,MF
2017-2018,118982,Off_MF
2017-2018,40442,DF
2017-2018,138310,DF
2017-2018,23486,FW
2017-2018,94758,DF
2017-2018,18886,FW
2017-2018,226978,FW
2017-2018,305278,DF
2017-2018,259117,DF
2017-2018,58351,DF
2017-2018,115441,FW
2017-2018,88859,DF
2017-2018,84744,FW
2017-2018,114067,DF
2017-2018,41234,DF
2017-2018,142622,DF
2017-2018,19374,MF
2017-2018,577726,DF
2017-2018,18984,FW
2017-2018,15802,DF
2017-2018,14216,Off_MF
2017-2018,149731,FW
2017-2018,2806,MF
2017-2018,581314,MF
2017-2018,39482,MF
2017-2018,845486,MF
2017-2018,40360,MF
2017-2018,227864,DF
2017-2018,256219,Off_MF
2017-2018,5846,MF
2017-2018,8713,MF
2017-2018,250737,MF
2017-2018,70930,DF
2017-2018,254119,Off_MF
2017-2018,281277,DF
2017-2018,832427,Off_MF
2017-2018,27314,DF
2017-2018,25985,MF
2017-2018,2322979,DF
2017-2018,9645,DF
2017-2018,3574,MF
2017-2018,178407,MF
2017-2018,316148,MF
2017-2018,243583,DF
2017-2018,191182,Off_MF
2017-2018,95323,DF
2017-2018,830667,MF
2017-2018,16779,DF
2017-2018,146853,DF
2017-2018,143786,MF
2017-2018,132645,FW
2017-2018,152420,DF
2017-2018,22126,MF
2017-2018,32124,DF
2017-2018,106726,MF
2017-2018,357756,DF
2017-2018,138573,FW
2017-2018,101393,MF
2017-2018,356352,DF
2017-2018,31981,MF
2017-2018,9741,MF
2017-2018,45686,MF
2017-2018,257421,Def_MF
2017-2018,13989,Def_MF
2017-2018,137168,DF
2017-2018,4725,MF
2017-2018,129471,DF
2017-2018,16590,FW
2017-2018,280435,DF
2017-2018,7472,MF
2017-2018,93570,DF
2017-2018,82400,DF
2017-2018,158235,DF
2017-2018,293519,FW
2017-2018,139223,DF
2017-2018,116664,Off_MF
2017-2018,27583,FW
2017-2018,352916,DF
2017-2018,217384,DF
2017-2018,46125,DF
2017-2018,23213,DF
2017-2018,227672,DF
2017-2018,591750,Off_MF
2017-2018,3420,DF
2017-2018,11781,Off_MF
2017-2018,39282,MF
2017-2018,106496,DF
2017-2018,846081,MF
2017-2018,126588,FW
2017-2018,175581,MF
2017-2018,787941,MF
2017-2018,280979,Off_MF
2017-2018,797290,Off_MF
2017-2018,10589,DF
2017-2018,350170,FW
2017-2018,82943,DF
2017-2018,122663,Off_MF
2017-2018,26687,FW
2017-2018,100621,FW
2017-2018,147289,MF
2017-2018,31876,Def_MF
2017-2018,7058,DF
2017-2018,253387,DF
2017-2018,579576,DF
2017-2018,20752,DF
2017-2018,106288,Off_MF
2017-2018,84972,FW
2017-2018,51484,DF
2017-2018,358550,MF
2017-2018,3524,DF
2017-2018,73979,DF
2017-2018,157143,FW
2017-2018,337671,Off_MF
2017-2018,1749,Off_MF
2017-2018,109461,DF
2017-2018,148199,MF
2017-2018,27678,MF
2017-2018,345195,Off_MF
2017-2018,44138,MF
2017-2018,232306,FW
2017-2018,106572,FW
2017-2018,168749,DF
2017-2018,26576,DF
2017-2018,867180,DF
2017-2018,15635,Off_MF
2017-2018,175753,FW
2017-2018,32952,FW
2017-2018,50027,DF
2017-2018,6503,DF
2017-2018,39320,MF
2017-2018,287943,FW
2017-2018,85859,FW
2017-2018,336813,DF
2017-2018,48335,DF
2017-2018,289977,DF
2017-2018,168647,MF
2017-2018,267619,DF
2017-2018,111483,Off_MF
2017-2018,190147,FW
2017-2018,44848,DF
2017-2018,138546,DF
2017-2018,349568,Off_MF
2017-2018,55052,DF
2017-2018,566102,DF
2017-2018,44577,DF
2017-2018,47741,DF
2017-2018,27982,FW
2017-2018,2379,MF
2017-2018,47737,Off_MF
2017-2018,36784,Off_MF
2017-2018,29746,MF
2017-2018,111850,FW
2017-2018,14933,DF
2017-2018,138833,FW
2017-2018,347450,DF
2017-2018,263505,MF
2017-2018,110846,DF
2017-2018,19373,MF
2017-2018,331405,DF
2017-2018,801460,MF
2017-2018,288439,Def_MF
2017-2018,100389,MF
2017-2018,587720,FW
2017-2018,595576,FW
2017-2018,2951,DF
2017-2018,231946,Off_MF
2017-2018,21521,FW
2017-2018,124737,DF
2017-2018,138534,FW
2017-2018,13592,DF
2017-2018,117373,FW
2017-2018,344751,MF
2017-2018,326343,Def_MF
2017-2018,39433,MF
2017-2018,44104,DF
2017-2018,122951,MF
2017-2018,22481,FW
2017-2018,365358,MF
2017-2018,839112,FW
2017-2018,556960,DF
2017-2018,229598,DF
2017-2018,150864,DF
2017-2018,280025,DF
2017-2018,29791,DF
2017-2018,137774,DF
2017-2018,26971,DF
2017-2018,76122,MF
2017-2018,44001,Off_MF
2017-2018,2157,DF
2017-2018,96544,MF
2017-2018,305282,MF
2017-2018,130801,DF
2017-2018,816763,MF
2017-2018,78520,DF
2017-2018,4581,Off_MF
2017-2018,24464,Off_MF
2017-2018,770,DF
2017-2018,5585,DF
2017-2018,362014,DF
2017-2018,243241,MF
2017-2018,109610,MF
2017-2018,788216,DF
2017-2018,170887,DF
2017-2018,132874,MF
2017-2018,569556,Off_MF
2017-2018,114777,DF
2017-2018,227224,DF
2017-2018,135647,MF
2017-2018,248529,DF
2017-2018,784655,MF
2017-2018,49406,MF
2017-2018,111416,FW
2017-2018,34578,MF
2017-2018,38393,DF
2017-2018,252857,FW
2017-2018,125625,DF
2017-2018,45923,FW
2017-2018,220223,FW
2017-2018,542472,FW
2017-2018,168745,DF
2017-2018,569784,MF
2017-2018,153966,MF
2017-2018,106661,DF
2017-2018,151003,DF
2017-2018,122811,MF
2017-2018,15152,DF
2017-2018,17814,DF
2017-2018,32048,FW
2017-2018,330705,MF
2017-2018,17063,DF
2017-2018,11621,FW
2017-2018,132704,FW
2017-2018,141080,DF
2017-2018,13017,DF
2017-2018,23996,FW
2017-2018,96373,MF
2017-2018,11820,DF
2017-2018,3041,DF
2017-2018,35199,DF
2017-2018,153161,DF
2017-2018,168985,MF
2017-2018,33381,Off_MF
2017-2018,106337,MF
2017-2018,84539,MF
2017-2018,143697,FW
2017-2018,42707,DF
2017-2018,35532,FW
2017-2018,590262,MF
2017-2018,123223,FW
2017-2018,823622,FW
2017-2018,39348,DF
2017-2018,298920,MF
2017-2018,48546,FW
2017-2018,365406,DF
2017-2018,842419,DF
2017-2018,333275,DF
2017-2018,110783,MF
2017-2018,126699,FW
2017-2018,249629,Off_MF
2017-2018,44614,DF
2017-2018,83618,FW
2017-2018,145188,DF
2017-2018,136922,DF
2017-2018,48660,DF
2017-2018,38560,Off_MF
2017-2018,780014,DF
2017-2018,44760,DF
2017-2018,66477,MF
2017-2018,107128,FW
2017-2018,129472,Off_MF
2017-2018,28386,DF
2017-2018,45944,MF
2017-2018,6562,MF
2017-2018,42699,Off_MF
2017-2018,48751,DF
2017-2018,333589,DF
2017-2018,149732,MF
2017-2018,26989,FW
2017-2018,235672,FW
2017-2018,797286,DF
2017-2018,19438,FW
2017-2018,20375,DF
2017-2018,46707,FW
2017-2018,840217,FW
2017-2018,146101,MF
2017-2018,186855,Off_MF
2017-2018,98058,FW
2017-2018,24814,DF
2017-2018,23904,DF
2017-2018,759388,DF
2017-2018,96370,FW
2017-2018,259995,DF
2017-2018,49805,Off_MF
2017-2018,51421,FW
2017-2018,7635,MF
2017-2018,74083,DF
2017-2018,593526,FW
2017-2018,331447,MF
2017-2018,314040,DF
2017-2018,267747,MF
2017-2018,328103,DF
2017-2018,158277,MF
2017-2018,783374,FW
2017-2018,103045,FW
2017-2018,69408,DF
2017-2018,44563,DF
2017-2018,328519,DF
2017-2018,25506,DF
2017-2018,42483,FW
2017-2018,551772,FW
2017-2018,116666,DF
2017-2018,845168,Off_MF
2017-2018,78893,FW
2017-2018,139919,DF
2017-2018,44136,DF
2017-2018,48543,DF
2017-2018,36982,DF
2017-2018,143398,DF
2017-2018,120538,DF
2017-2018,21164,DF
2017-2018,13630,MF
2017-2018,27234,MF
2017-2018,139227,DF
2017-2018,801306,MF
2017-2018,47568,MF
2017-2018,787885,MF
2017-2018,69416,MF
2017-2018,150212,DF
2017-2018,16943,FW
2017-2018,159665,FW
2017-2018,282229,DF
2017-2018,16429,DF
2017-2018,227922,DF
2017-2018,40253,DF
2017-2018,5465,MF
2017-2018,353250,DF
2017-2018,823298,DF
2017-2018,3577,DF
2017-2018,32773,DF
2017-2018,27569,DF
2017-2018,153444,DF
2017-2018,48480,FW
2017-2018,35219,Off_MF
2017-2018,19356,FW
2017-2018,94286,Off_MF
2017-2018,892521,DF
2017-2018,150865,MF
2017-2018,148824,FW
2017-2018,158213,Off_MF
2017-2018,363856,MF
2017-2018,24057,DF
2017-2018,14718,DF
2017-2018,225092,DF
2017-2018,198028,Off_MF
2017-2018,233114,FW
2017-2018,142672,DF
2017-2018,74915,DF
2017-2018,51371,DF
2017-2018,108584,DF
2017-2018,76178,DF
2017-2018,158241,DF
2017-2018,122848,DF
2017-2018,234148,MF
2017-2018,46798,MF
2017-2018,218616,Off_MF
2017-2018,816115,DF
2017-2018,341143,FW
2017-2018,83506,DF
2017-2018,12994,FW
2017-2018,39182,MF
2017-2018,580550,DF
2017-2018,32493,FW
2017-2018,21501,DF
2017-2018,67769,DF
2017-2018,115516,MF
2017-2018,156004,MF
2017-2018,51665,MF
2017-2018,845386,FW
2017-2018,14990,FW
2017-2018,29735,MF
2017-2018,552680,DF
2017-2018,122810,DF
2017-2018,123264,MF
2017-2018,14142,MF
2017-2018,152910,MF
2017-2018,32821,DF
2017-2018,146657,FW
2017-2018,91046,DF
2017-2018,65953,Off_MF
2017-2018,842931,FW
2017-2018,192308,FW
2017-2018,591706,MF
2017-2018,188365,DF
2017-2018,30745,DF
2017-2018,11863,DF
2017-2018,344129,Off_MF
2017-2018,243719,DF
2017-2018,8924,DF
2017-2018,38276,MF
2017-2018,243585,MF
2017-2018,787505,DF
2017-2018,142231,DF
2017-2018,825719,DF
2017-2018,142259,DF
2017-2018,31968,DF
2017-2018,26097,DF
2017-2018,150383,MF
2017-2018,72805,MF
2017-2018,129861,DF
2017-2018,126071,DF
2017-2018,104813,MF
2017-2018,805245,FW
2017-2018,43443,DF
2017-2018,70996,Off_MF
2017-2018,108579,FW
2017-2018,50294,MF
2017-2018,46387,Off_MF
2017-2018,15444,DF
2017-2018,106258,FW
2017-2018,111803,DF
2017-2018,324399,Off_MF
2017-2018,27811,DF
2017-2018,758168,DF
2017-2018,17787,DF
2017-2018,36704,DF
2017-2018,340519,FW
2017-2018,273405,DF
2017-2018,44241,MF
2017-2018,70900,MF
2017-2018,47992,FW
2017-2018,41334,DF
2017-2018,136322,DF
2017-2018,787889,MF
2017-2018,20756,DF
2017-2018,20602,MF
2017-2018,19394,MF
2017-2018,235458,DF
2017-2018,27247,DF
2017-2018,802143,DF
2017-2018,116955,MF
2017-2018,44615,FW
2017-2018,113593,MF
2017-2018,147465,MF
2017-2018,754794,MF
2017-2018,235648,DF
2017-2018,16921,DF
2017-2018,151124,MF
2017-2018,3209,FW
2017-2018,105734,Off_MF
2017-2018,827606,MF
2017-2018,139410,DF
2017-2018,40965,FW
2017-2018,307702,DF
2017-2018,548178,MF
2017-2018,45362,DF
2017-2018,260097,DF
2017-2018,372430,DF
2017-2018,21299,MF
2017-2018,173827,FW
2017-2018,38533,DF
2017-2018,117777,MF
2017-2018,359226,Off_MF
2017-2018,96905,DF
2017-2018,151470,MF
2017-2018,11796,DF
2017-2018,55570,DF
2017-2018,3226,MF
2017-2018,38710,FW
2017-2018,156253,DF
2017-2018,96535,MF
2017-2018,21555,DF
2017-2018,135116,DF
2017-2018,149663,DF
2017-2018,159653,DF
2017-2018,146866,FW
2017-2018,187205,DF
2017-2018,26404,DF
2017-2018,313442,DF
2017-2018,149380,DF
2017-2018,126816,DF
2017-2018,115365,DF
2017-2018,20993,MF
2018-2019,823213,FW
2018-2019,949372,Off_MF
2018-2019,840740,FW
2018-2019,927405,FW
2018-2019,876242,DF
2018-2019,148076,FW
2018-2019,156683,Def_MF
2018-2019,812314,FW
2018-2019,944252,FW
2018-2019,353252,Off_MF
2018-2019,250,DF
2018-2019,966837,Def_MF
2018-2019,877979,Off_MF
2018-2019,362686,Off_MF
2018-2019,975771,Def_MF
2018-2019,934235,FW
2018-2019,902019,Off_MF
2018-2019,911858,Off_MF
2018-2019,818469,FW
2018-2019,836701,Off_MF
2018-2019,979650,FW
2018-2019,873419,FW
2018-2019,102291,FW
2018-2019,178015,FW
2018-2019,916041,FW
2018-2019,928857,FW
2018-2019,914212,FW
2018-2019,943380,FW
2018-2019,860304,FW
2018-2019,939699,DF
2018-2019,583608,MF
2018-2019,817567,Off_MF
2018-2019,18379,Off_MF
2018-2019,15038,DF
2018-2019,980418,DF
2018-2019,981535,Off_MF
2018-2019,894352,FW
2018-2019,864929,MF
2018-2019,945815,FW
2018-2019,831185,DF
2018-2019,39283,MF
2018-2019,363050,FW
2018-2019,826064,FW
2018-2019,807119,FW
2018-2019,360048,Def_MF
2018-2019,795048,FW
2018-2019,907214,DF
2018-2019,40239,DF
2018-2019,836681,Off_MF
2018-2019,357748,FW
2018-2019,794950,FW
2018-2019,921362,FW
2018-2019,122866,FW
2018-2019,955245,Off_MF
2018-2019,344847,FW
2018-2019,877592,FW
2018-2019,927378,FW
2018-2019,893640,FW
2018-2019,547280,Off_MF
2018-2019,10577,MF
2018-2019,605338,FW
2018-2019,980528,MF
2018-2019,826013,FW
2018-2019,51413,Off_MF
2018-2019,342909,FW
2018-2019,16121,MF
2018-2019,9628,DF
2018-2019,917087,Off_MF
2018-2019,357602,Off_MF
2018-2019,139789,Off_MF
2018-2019,946,FW
2018-2019,868904,DF
2018-2019,826207,FW
2018-2019,56601,Off_MF
2018-2019,843133,FW
2018-2019,946396,FW
2018-2019,354558,Def_MF
2018-2019,930277,DF
2018-2019,138124,FW
2018-2019,867441,Off_MF
2018-2019,551410,FW
2018-2019,31585,FW
2018-2019,869895,FW
2018-2019,905784,Off_MF
2018-2019,808701,MF
2018-2019,1002809,Off_MF
2018-2019,867445,Off_MF
2018-2019,51455,FW
2018-2019,958018,Def_MF
2018-2019,39587,Off_MF
2018-2019,39010,Def_MF
2018-2019,941161,DF
2018-2019,839635,FW
2018-2019,769163,FW
2018-2019,876236,MF
2018-2019,362704,FW
2018-2019,5107,Off_MF
2018-2019,34713,FW
2018-2019,980529,FW
2018-2019,938728,FW
2018-2019,583558,Def_MF
2018-2019,825845,FW
2018-2019,914895,DF
2018-2019,339901,FW
2018-2019,117399,FW
2018-2019,9819,MF
2018-2019,846016,FW
2018-2019,877980,FW
2018-2019,878704,FW
2018-2019,790707,FW
2018-2019,909631,FW
2018-2019,910024,FW
2018-2019,892911,DF
2018-2019,592100,FW
2018-2019,851095,DF
2018-2019,98461,MF
2018-2019,887343,MF
2018-2019,943713,DF
2018-2019,795145,Off_MF
2018-2019,879349,FW
2018-2019,958982,FW
2018-2019,807400,FW
2018-2019,580638,DF
2018-2019,316433,DF
2018-2019,941164,FW
2018-2019,605672,Off_MF
2018-2019,551406,FW
2018-2019,806964,MF
2018-2019,219952,FW
2018-2019,343067,Off_MF
2018-2019,53778,MF
2018-2019,189009,DF
2018-2019,855810,FW
2018-2019,796374,FW
2018-2019,879802,Off_MF
2018-2019,960081,FW
2018-2019,48555,DF
2018-2019,931278,DF
2018-2019,876259,Off_MF
2018-2019,793985,Def_MF
2018-2019,949675,MF
2018-2019,845750,MF
2018-2019,892979,DF
2018-2019,791566,Off_MF
2018-2019,881307,FW
2018-2019,877841,FW
2018-2019,927340,MF
2018-2019,41371,FW
2018-2019,49518,DF
2018-2019,914412,DF
2018-2019,115432,DF
2018-2019,914819,FW
2018-2019,25508,FW
2018-2019,888550,Off_MF
2018-2019,930265,FW
2018-2019,966263,Off_MF
2018-2019,51631,DF
2018-2019,858194,Off_MF
2018-2019,50485,FW
2018-2019,50248,DF
2018-2019,974087,MF
2018-2019,914210,MF
2018-2019,31691,DF
2018-2019,978835,FW
2018-2019,962409,FW
2018-2019,138383,MF
2018-2019,125813,Def_MF
2018-2019,4640,Def_MF
2018-2019,254001,FW
2018-2019,15589,MF
2018-2019,326339,Off_MF
2018-2019,39226,FW
2018-2019,978180,MF
2018-2019,123977,FW
2018-2019,383406,Off_MF
2018-2019,859022,DF
2018-2019,960160,FW
2018-2019,844763,FW
2018-2019,843665,MF
2018-2019,930226,DF
2018-2019,21280,MF
2018-2019,46800,DF
2018-2019,831286,FW
2018-2019,839226,FW
2018-2019,789199,FW
2018-2019,826651,DF
2018-2019,156025,MF
2018-2019,825956,MF
2018-2019,859767,FW
2018-2019,845791,MF
2018-2019,135641,Def_MF
2018-2019,845083,FW
2018-2019,965943,MF
2018-2019,913214,DF
2018-2019,67761,DF
2018-2019,599110,DF
2018-2019,83233,DF
2018-2019,965331,DF
2018-2019,788106,FW
2018-2019,966836,DF
2018-2019,121774,DF
2018-2019,363020,DF
2018-2019,836678,DF
2018-2019,862063,DF
2018-2019,918869,DF
2018-2019,967457,DF
2018-2019,148750,DF
2018-2019,891931,MF
2018-2019,913942,MF
2018-2019,173349,MF
2018-2019,928271,DF
2018-2019,971013,DF
2018-2019,280811,DF
2018-2019,850895,MF
2018-2019,785817,DF
2018-2019,906800,MF
2018-2019,802141,FW
2018-2019,917,FW
2018-2019,921361,DF
2018-2019,795268,Off_MF
2018-2019,836939,DF
2018-2019,163383,DF
2018-2019,40249,MF
2018-2019,801483,DF
2018-2019,831424,DF
2018-2019,34853,Off_MF
2018-2019,559,MF
2018-2019,40981,MF
2018-2019,800465,DF
2018-2019,226972,FW
2018-2019,928124,Off_MF
2018-2019,252613,Off_MF
2018-2019,944896,MF
2018-2019,42800,MF
2018-2019,137786,FW
2018-2019,231158,MF
2018-2019,833246,DF
2018-2019,920371,MF
2018-2019,928670,MF
2018-2019,158599,DF
2018-2019,824130,Off_MF
2018-2019,877608,FW
2018-2019,340525,DF
2018-2019,159747,FW
2018-2019,1100227,MF
2018-2019,911849,FW
2018-2019,942116,FW
2018-2019,871321,MF
2018-2019,83292,MF
2018-2019,871706,FW
2018-2019,190885,Off_MF
2018-2019,80581,FW
2018-2019,32664,DF
2018-2019,134243,DF
2018-2019,844131,Def_MF
2018-2019,132318,DF
2018-2019,17895,FW
2018-2019,73420,DF
2018-2019,3204,Off_MF
2018-2019,156027,FW
2018-2019,339227,DF
2018-2019,3095,FW
2018-2019,921216,FW
2018-2019,185349,FW
2018-2019,547384,FW
2018-2019,787367,FW
2018-2019,18914,FW
2018-2019,76120,DF
2018-2019,303638,DF
2018-2019,74069,FW
2018-2019,780206,FW
2018-2019,253517,FW
2018-2019,352486,Off_MF
2018-2019,69295,DF
2018-2019,829022,DF
2018-2019,368418,MF
2018-2019,33902,FW
2018-2019,229740,DF
2018-2019,801378,FW
2018-2019,901842,MF
2018-2019,791988,DF
2018-2019,1193521,FW
2018-2019,9642,MF
2018-2019,827243,DF
2018-2019,326643,FW
2018-2019,832208,FW
2018-2019,155718,MF
2018-2019,591140,FW
2018-2019,104822,MF
2018-2019,923894,DF
2018-2019,911850,FW
2018-2019,47625,MF
2018-2019,137844,DF
2018-2019,331429,DF
2018-2019,910026,Off_MF
2018-2019,106345,MF
2018-2019,837080,MF
2018-2019,354576,FW
2018-2019,227188,Off_MF
2018-2019,785444,FW
2018-2019,944894,DF
2018-2019,558552,DF
2018-2019,181575,DF
2018-2019,106661,DF
2018-2019,849009,FW
2018-2019,900792,DF
2018-2019,944142,Off_MF
2018-2019,51366,DF
2018-2019,385916,DF
2018-2019,178743,FW
2018-2019,885179,FW
2018-2019,2157,DF
2018-2019,904992,DF
2018-2019,116952,Off_MF
2018-2019,827942,DF
2018-2019,39068,DF
2018-2019,885197,DF
2018-2019,794924,DF
2018-2019,814589,DF
2018-2019,33302,DF
2018-2019,309078,FW
2018-2019,902049,FW
2018-2019,873947,Off_MF
2018-2019,850025,Off_MF
2018-2019,823476,DF
2018-2019,769783,FW
2018-2019,818391,FW
2018-2019,852145,FW
2018-2019,98197,MF
2018-2019,862796,DF
2018-2019,228981,FW
2018-2019,40206,Off_MF
2018-2019,80118,FW
2018-2019,106328,FW
2018-2019,980526,Off_MF
2018-2019,902547,DF
2018-2019,844670,FW
2018-2019,1262,DF
2018-2019,846356,FW
2018-2019,31272,FW
2018-2019,284359,MF
2018-2019,581464,FW
2018-2019,801837,DF
2018-2019,129724,FW
2018-2019,42450,DF
2018-2019,880796,FW
2018-2019,46998,DF
2018-2019,548198,MF
2018-2019,148191,Off_MF
2018-2019,812797,FW
2018-2019,859024,Off_MF
2018-2019,36949,DF
2018-2019,795257,DF
2018-2019,859901,MF
2018-2019,107025,FW
2018-2019,575956,FW
2018-2019,796086,DF
2018-2019,940871,DF
2018-2019,41010,DF
2018-2019,20752,DF
2018-2019,2976,DF
2018-2019,350358,MF
2018-2019,1972,MF
2018-2019,869131,FW
2018-2019,28184,MF
2018-2019,799251,MF
2018-2019,350210,MF
2018-2019,19349,FW
2018-2019,39015,DF
2018-2019,791203,DF
2018-2019,338363,FW
2018-2019,83247,MF
2018-2019,792142,DF
2018-2019,26995,MF
2018-2019,3544,Off_MF
2018-2019,18294,Off_MF
2018-2019,795004,MF
2018-2019,363782,DF
2018-2019,12663,Off_MF
2018-2019,822482,FW
2018-2019,981280,DF
2018-2019,37733,FW
2018-2019,135695,Off_MF
2018-2019,939830,FW
2018-2019,2860,DF
2018-2019,962374,FW
2018-2019,805096,DF
2018-2019,370244,DF
2018-2019,816839,Off_MF
2018-2019,828239,DF
2018-2019,98450,MF
2018-2019,904413,DF
2018-2019,138126,DF
2018-2019,877978,DF
2018-2019,826003,FW
2018-2019,536,DF
2018-2019,826208,Off_MF
2018-2019,807771,DF
2018-2019,8956,DF
2018-2019,787751,DF
2018-2019,14766,Def_MF
2018-2019,19303,Off_MF
2018-2019,547242,DF
2018-2019,30502,DF
2018-2019,275959,DF
2018-2019,804170,FW
2018-2019,67866,Def_MF
2018-2019,158637,Off_MF
2018-2019,153212,FW
2018-2019,372336,Off_MF
2018-2019,99527,Off_MF
2018-2019,355048,DF
2018-2019,138005,DF
2018-2019,144606,DF
2018-2019,856123,FW
2018-2019,334467,MF
2018-2019,93885,MF
2018-2019,58488,FW
2018-2019,139421,DF
2018-2019,369866,MF
2018-2019,135256,MF
2018-2019,94283,DF
2018-2019,363774,DF
2018-2019,930584,Off_MF
2018-2019,588566,MF
2018-2019,168655,MF
2018-2019,330705,MF
2018-2019,10507,DF
2018-2019,859765,Off_MF
2018-2019,148199,MF
2018-2019,842582,MF
2018-2019,965611,Off_MF
2018-2019,175185,Off_MF
2018-2019,100726,MF
2018-2019,361420,FW
2018-2019,788185,DF
2018-2019,5544,MF
2018-2019,874535,FW
2018-2019,826293,DF
2018-2019,74303,DF
2018-2019,577768,MF
2018-2019,573616,MF
2018-2019,139798,FW
2018-2019,891511,FW
2018-2019,186807,Off_MF
2018-2019,815539,MF
2018-2019,291665,FW
2018-2019,973887,MF
2018-2019,377108,FW
2018-2019,826258,FW
2018-2019,902370,FW
2018-2019,190399,FW
2018-2019,330037,MF
2018-2019,340767,FW
2018-2019,758608,DF
2018-2019,78781,FW
2018-2019,99078,Off_MF
2018-2019,9766,DF
2018-2019,823085,DF
2018-2019,109002,MF
2018-2019,835485,FW
2018-2019,284371,Off_MF
2018-2019,822708,MF
2018-2019,948184,Off_MF
2018-2019,159675,MF
2018-2019,1465,DF
2018-2019,19593,MF
2018-2019,148352,Off_MF
2018-2019,138890,FW
2018-2019,15046,MF
2018-2019,38094,MF
2018-2019,867442,FW
2018-2019,157641,FW
2018-2019,966862,FW
2018-2019,37126,Off_MF
2018-2019,133735,FW
2018-2019,830250,DF
2018-2019,580802,MF
2018-2019,927376,DF
2018-2019,147368,FW
2018-2019,38096,FW
2018-2019,201988,MF
2018-2019,781544,DF
2018-2019,937741,DF
2018-2019,22290,MF
2018-2019,909119,Off_MF
2018-2019,114154,DF
2018-2019,44860,DF
2018-2019,862194,MF
2018-2019,906049,FW
2018-2019,28221,Off_MF
2018-2019,168745,DF
2018-2019,804408,FW
2018-2019,777153,FW
2018-2019,841065,FW
2018-2019,116570,FW
2018-2019,19352,DF
2018-2019,78609,FW
2018-2019,3208,DF
2018-2019,823298,DF
2018-2019,175753,FW
2018-2019,5942,MF
2018-2019,44936,DF
2018-2019,27068,DF
2018-2019,221738,MF
2018-2019,519,MF
2018-2019,826551,MF
2018-2019,866810,DF
2018-2019,280993,MF
2018-2019,74020,MF
2018-2019,822496,FW
2018-2019,41116,Off_MF
2018-2019,314096,DF
2018-2019,352938,FW
2018-2019,18998,FW
2018-2019,186845,MF
2018-2019,252863,FW
2018-2019,910975,DF
2018-2019,785929,FW
2018-2019,28207,DF
2018-2019,11820,DF
2018-2019,284449,FW
2018-2019,17054,Off_MF
2018-2019,839112,FW
2018-2019,37761,DF
2018-2019,78621,MF
2018-2019,22337,MF
2018-2019,825771,DF
2018-2019,107128,FW
2018-2019,51377,FW
2018-2019,46432,MF
2018-2019,845092,MF
2018-2019,284845,FW
2018-2019,791172,DF
2018-2019,96520,Off_MF
2018-2019,234232,DF
2018-2019,6948,DF
2018-2019,869413,Off_MF
2018-2019,838640,FW
2018-2019,100570,FW
2018-2019,851185,Def_MF
2018-2019,12241,DF
2018-2019,369546,DF
2018-2019,97938,Off_MF
2018-2019,187423,DF
2018-2019,139262,DF
2018-2019,27982,FW
2018-2019,553454,DF
2018-2019,788768,DF
2018-2019,80008,Off_MF
2018-2019,108548,DF
2018-2019,78520,DF
2018-2019,104922,MF
2018-2019,20963,FW
2018-2019,856594,MF
2018-2019,787642,DF
2018-2019,96116,DF
2018-2019,9865,MF
2018-2019,45956,MF
2018-2019,40626,Off_MF
2018-2019,358942,FW
2018-2019,580952,DF
2018-2019,116853,MF
2018-2019,807117,DF
2018-2019,27537,DF
2018-2019,257587,FW
2018-2019,41963,DF
2018-2019,891920,FW
2018-2019,13989,DF
2018-2019,335047,FW
2018-2019,553488,Off_MF
2018-2019,355088,Off_MF
2018-2019,41218,DF
2018-2019,881222,FW
2018-2019,794962,DF
2018-2019,333275,DF
2018-2019,51299,FW
2018-2019,818440,Off_MF
2018-2019,80691,DF
2018-2019,901470,DF
2018-2019,32965,MF
2018-2019,82555,MF
2018-2019,327429,DF
2018-2019,353138,MF
2018-2019,835601,FW
2018-2019,24199,FW
2018-2019,17979,FW
2018-2019,826701,DF
2018-2019,846447,DF
2018-2019,363532,DF
2018-2019,328109,MF
2018-2019,254171,DF
2018-2019,358680,DF
2018-2019,847180,FW
2018-2019,22086,FW
2018-2019,39183,DF
2018-2019,97012,Off_MF
2018-2019,1980,MF
2018-2019,330939,Off_MF
2018-2019,107093,FW
2018-2019,339115,FW
2018-2019,24939,FW
2018-2019,187313,MF
2018-2019,74545,MF
2018-2019,887581,MF
2018-2019,105697,DF
2018-2019,186833,DF
2018-2019,26760,DF
2018-2019,74068,Off_MF
2018-2019,30037,FW
2018-2019,142061,DF
2018-2019,286103,Off_MF
2018-2019,318967,Off_MF
2018-2019,317301,MF
2018-2019,180511,Off_MF
2018-2019,44136,DF
2018-2019,16081,FW
2018-2019,141832,DF
2018-2019,1954,DF
2018-2019,788801,DF
2018-2019,363792,DF
2018-2019,541574,DF
2018-2019,37234,DF
2018-2019,833057,MF
2018-2019,69418,FW
2018-2019,79853,Off_MF
2018-2019,353262,FW
2018-2019,788216,DF
2018-2019,285949,MF
2018-2019,839818,MF
2018-2019,201918,DF
2018-2019,916680,FW
2018-2019,148899,DF
2018-2019,361326,Off_MF
2018-2019,25577,FW
2018-2019,66309,FW
2018-2019,841854,FW
2018-2019,366760,DF
2018-2019,98912,FW
2018-2019,848512,Off_MF
2018-2019,826004,MF
2018-2019,350560,DF
2018-2019,551772,FW
2018-2019,576266,DF
2018-2019,368854,DF
2018-2019,357584,DF
2018-2019,186795,DF
2018-2019,824200,FW
2018-2019,47908,FW
2018-2019,38712,MF
2018-2019,87223,DF
2018-2019,103156,DF
2018-2019,44235,FW
2018-2019,891793,FW
2018-2019,286153,DF
2018-2019,28186,DF
2018-2019,1127439,DF
2018-2019,191178,FW
2018-2019,100564,DF
2018-2019,37191,FW
2018-2019,349568,Off_MF
2018-2019,962408,DF
2018-2019,31176,FW
2018-2019,794937,MF
2018-2019,606346,DF
2018-2019,111229,FW
2018-2019,308526,DF
2018-2019,31273,FW
2018-2019,826139,Off_MF
2018-2019,176615,FW
2018-2019,141897,DF
2018-2019,2039,DF
2018-2019,149670,DF
2018-2019,36784,Off_MF
2018-2019,376854,DF
2018-2019,174613,MF
2018-2019,333589,DF
2018-2019,796444,DF
2018-2019,843128,MF
2018-2019,862373,Off_MF
2018-2019,41309,FW
2018-2019,831808,MF
2018-2019,605580,Off_MF
2018-2019,79403,MF
2018-2019,156401,DF
2018-2019,788895,MF
2018-2019,155997,DF
2018-2019,865912,MF
2018-2019,20278,DF
2018-2019,122573,FW
2018-2019,43941,MF
2018-2019,47171,FW
2018-2019,772685,MF
2018-2019,67739,Def_MF
2018-2019,187121,FW
2018-2019,122942,Off_MF
2018-2019,882019,Off_MF
2018-2019,802665,FW
2018-2019,220315,MF
2018-2019,866191,MF
2018-2019,44679,FW
2018-2019,32492,Off_MF
2018-2019,332,FW
2018-2019,603736,FW
2018-2019,110950,FW
2018-2019,11692,FW
2018-2019,341589,MF
2018-2019,904991,DF
2018-2019,580392,FW
2018-2019,131834,FW
2018-2019,309546,Off_MF
2018-2019,122124,DF
2018-2019,136262,Off_MF
2018-2019,80802,FW
2018-2019,859025,MF
2018-2019,98058,Off_MF
2018-2019,4726,MF
2018-2019,846441,DF
2018-2019,43301,MF
2018-2019,22070,MF
2018-2019,122921,MF
2018-2019,280565,Def_MF
2018-2019,6135,DF
2018-2019,46387,Off_MF
2018-2019,38716,Off_MF
2018-2019,330485,DF
2018-2019,267621,Off_MF
2018-2019,927175,DF
2018-2019,331397,FW
2018-2019,800419,MF
2018-2019,846506,FW
2018-2019,548188,MF
2018-2019,24048,DF
2018-2019,70630,DF
2018-2019,352736,DF
2018-2019,169549,FW
2018-2019,138828,Off_MF
2018-2019,108538,FW
2018-2019,966492,DF
2018-2019,156566,FW
2018-2019,867069,DF
2018-2019,38574,DF
2018-2019,944164,Off_MF
2018-2019,123228,FW
2018-2019,33959,FW
2018-2019,786029,MF
2018-2019,117793,DF
2018-2019,960080,FW
2018-2019,851890,DF
2018-2019,147745,FW
2018-2019,190435,FW
2018-2019,21764,MF
2018-2019,129452,Off_MF
2018-2019,94271,FW
2018-2019,327755,MF
2018-2019,319847,Off_MF
2018-2019,19172,DF
2018-2019,23666,MF
2018-2019,171927,FW
2018-2019,333373,Off_MF
2018-2019,257421,Def_MF
2018-2019,928672,DF
2018-2019,609226,FW
2018-2019,861980,FW
2018-2019,800373,MF
2018-2019,891651,DF
2018-2019,352650,MF
2018-2019,235458,DF
2018-2019,235644,DF
2018-2019,385386,DF
2018-2019,110781,FW
2018-2019,840451,FW
2018-2019,878923,DF
2018-2019,28142,MF
2018-2019,330051,DF
2018-2019,139245,DF
2018-2019,44615,Off_MF
2018-2019,37805,MF
2018-2019,361310,DF
2018-2019,183483,FW
2018-2019,119151,Off_MF
2018-2019,106249,FW
2018-2019,795260,DF
2018-2019,254159,Off_MF
2018-2019,358162,Off_MF
2018-2019,33587,FW
2018-2019,185955,Off_MF
2018-2019,21626,FW
2018-2019,6503,DF
2018-2019,124992,DF
2018-2019,793228,DF
2018-2019,227892,FW
2018-2019,26056,DF
2018-2019,333261,FW
2018-2019,53816,FW
2018-2019,35921,DF
2018-2019,45970,FW
2018-2019,862372,MF
2018-2019,869943,FW
2018-2019,258325,FW
2018-2019,24464,Off_MF
2018-2019,254119,DF
2018-2019,16186,FW
2018-2019,98212,DF
2018-2019,116623,MF
2018-2019,227858,MF
2018-2019,27009,MF
2018-2019,945217,DF
2018-2019,138165,DF
2018-2019,822923,DF
2018-2019,38075,MF
2018-2019,28214,Def_MF
2018-2019,839981,MF
2018-2019,287943,FW
2018-2019,39070,FW
2018-2019,865740,DF
2018-2019,855833,Off_MF
2018-2019,933426,MF
2018-2019,344199,DF
2018-2019,886363,FW
2018-2019,45680,DF
2018-2019,33903,FW
2018-2019,788784,DF
2018-2019,287833,DF
2018-2019,879346,MF
2018-2019,868812,FW
2018-2019,168833,MF
2018-2019,609596,FW
2018-2019,143593,DF
2018-2019,48437,Off_MF
2018-2019,34120,FW
2018-2019,235444,FW
2018-2019,39220,FW
2018-2019,16710,DF
2018-2019,338651,DF
2018-2019,962378,DF
2018-2019,873189,DF
2018-2019,317699,FW
2018-2019,154508,FW
2018-2019,823127,Off_MF
2018-2019,782240,MF
2018-2019,284361,DF
2018-2019,360396,DF
2018-2019,122711,Off_MF
2018-2019,333595,DF
2018-2019,541714,MF
2018-2019,803028,FW
2018-2019,21394,Off_MF
2018-2019,139225,DF
2018-2019,96367,DF
2018-2019,12634,DF
2018-2019,286165,FW
2018-2019,333239,FW
2018-2019,609706,DF
2018-2019,126236,Off_MF
2018-2019,296438,DF
2018-2019,885683,DF
2018-2019,945062,MF
2018-2019,19633,FW
2018-2019,25985,MF
2018-2019,941300,DF
2018-2019,168943,FW
2018-2019,110850,DF
2018-2019,131815,DF
2018-2019,229776,Off_MF
2018-2019,27912,DF
2018-2019,581308,FW
2018-2019,35194,MF
2018-2019,603738,Off_MF
2018-2019,351434,DF
2018-2019,226780,FW
2018-2019,817957,FW
2018-2019,21600,DF
2018-2019,25530,FW
2018-2019,33901,DF
2018-2019,9645,DF
2018-2019,856553,MF
2018-2019,326021,FW
2018-2019,8713,FW
2018-2019,4392,DF
2018-2019,826186,DF
2018-2019,21301,Def_MF
2018-2019,122570,FW
2018-2019,359642,FW
2018-2019,315162,FW
2018-2019,142613,Def_MF
2018-2019,206590,MF
2018-2019,14250,FW
2018-2019,36465,MF
2018-2019,222412,DF
2018-2019,966441,DF
2018-2019,851262,FW
2018-2019,1990,FW
2018-2019,41494,Off_MF
2018-2019,74506,DF
2018-2019,280553,FW
2018-2019,569556,Off_MF
2018-2019,239632,DF
2018-2019,329563,FW
2018-2019,518,MF
2018-2019,19251,Off_MF
2018-2019,156146,FW
2018-2019,13148,FW
2018-2019,361788,DF
2018-2019,152206,MF
2018-2019,122702,Off_MF
2018-2019,70996,Off_MF
2018-2019,795713,MF
2018-2019,14376,FW
2018-2019,795058,MF
2018-2019,97905,FW
2018-2019,886286,DF
2018-2019,31483,MF
2018-2019,120480,Off_MF
2018-2019,39480,DF
2018-2019,789000,FW
2018-2019,249407,FW
2018-2019,352768,DF
2018-2019,371222,MF
2018-2019,137946,DF
2018-2019,255999,MF
2018-2019,139410,DF
2018-2019,511,MF
2018-2019,284441,Off_MF
2018-2019,891932,MF
2018-2019,845168,Off_MF
2018-2019,147776,MF
2018-2019,855647,Off_MF
2018-2019,259995,DF
2018-2019,42483,Off_MF
2018-2019,114067,DF
2018-2019,280009,FW
2018-2019,805078,DF
2018-2019,40983,DF
2018-2019,849544,Off_MF
2018-2019,135775,DF
2018-2019,4634,DF
2018-2019,843200,DF
2018-2019,842176,DF
2018-2019,331837,FW
2018-2019,142208,DF
2018-2019,358550,MF
2018-2019,284179,DF
2018-2019,39623,DF
2018-2019,188405,FW
2018-2019,482,MF
2018-2019,12673,DF
2018-2019,14046,MF
2018-2019,802138,Off_MF
2018-2019,148458,FW
2018-2019,44823,Off_MF
2018-2019,347494,DF
2018-2019,794839,FW
2018-2019,890329,FW
2018-2019,243623,MF
2018-2019,350170,FW
2018-2019,816808,MF
2018-2019,190877,DF
2018-2019,97935,DF
2018-2019,877102,DF
2018-2019,848458,FW
2018-2019,37752,Off_MF
2018-2019,359640,FW
2018-2019,94822,MF
2018-2019,89510,FW
2018-2019,88528,DF
2018-2019,2640,MF
2018-2019,188407,FW
2018-2019,108574,FW
2018-2019,85222,MF
2018-2019,74132,Off_MF
2018-2019,72127,FW
2018-2019,223232,FW
2018-2019,250737,MF
2018-2019,318927,DF
2018-2019,16429,DF
2018-2019,65953,FW
2018-2019,892521,DF
2018-2019,100408,DF
2018-2019,869792,DF
2018-2019,254297,Off_MF
2018-2019,171235,FW
2018-2019,116692,DF
2018-2019,43980,FW
2018-2019,111969,Off_MF
2018-2019,34391,DF
2018-2019,559470,MF
2018-2019,802850,MF
2018-2019,3568,MF
2018-2019,320979,FW
2018-2019,156004,MF
2018-2019,3275,MF
2018-2019,37629,Def_MF
2018-2019,103289,FW
2018-2019,11068,DF
2018-2019,601962,MF
2018-2019,97001,Off_MF
2018-2019,827522,Off_MF
2018-2019,125407,FW
2018-2019,217784,DF
2018-2019,106920,DF
2018-2019,287057,MF
2018-2019,793702,FW
2018-2019,77494,DF
2018-2019,83816,DF
2018-2019,210082,DF
2018-2019,15635,Off_MF
2018-2019,328027,FW
2018-2019,39472,DF
2018-2019,21212,FW
2018-2019,132645,FW
2018-2019,591588,FW
2018-2019,17799,MF
2018-2019,352370,DF
2018-2019,777067,DF
2018-2019,858195,DF
2018-2019,51449,DF
2018-2019,797893,DF
2018-2019,190421,DF
2018-2019,2695,FW
2018-2019,139394,DF
2018-2019,814624,MF
2018-2019,46799,MF
2018-2019,313442,DF
2018-2019,27839,DF
2018-2019,110967,MF
2018-2019,107414,Off_MF
2018-2019,100580,FW
2018-2019,215956,DF
2018-2019,855817,Off_MF
2018-2019,39482,MF
2018-2019,305314,DF
2018-2019,43215,DF
2018-2019,842188,MF
2018-2019,187729,Def_MF
2018-2019,537018,MF
2018-2019,287643,DF
2018-2019,133236,DF
2018-2019,839585,MF
2018-2019,311482,MF
2018-2019,769333,Off_MF
2018-2019,13017,DF
2018-2019,801003,DF
2018-2019,11658,DF
2018-2019,165413,FW
2018-2019,816115,DF
2018-2019,139256,Off_MF
2018-2019,336813,DF
2018-2019,43908,DF
2018-2019,345333,DF
2018-2019,5712,Off_MF
2018-2019,49120,FW
2018-2019,796987,MF
2018-2019,353250,DF
2018-2019,146924,Off_MF
2018-2019,103045,FW
2018-2019,114066,FW
2018-2019,354770,FW
2018-2019,1944,DF
2018-2019,320919,FW
2018-2019,142525,DF
2018-2019,30127,MF
2018-2019,13048,FW
2018-2019,368134,DF
2018-2019,51349,MF
2018-2019,96547,DF
2018-2019,103417,Off_MF
2018-2019,41008,FW
2018-2019,124004,MF
2018-2019,326471,MF
2018-2019,16674,FW
2018-2019,96366,FW
2018-2019,217770,DF
2018-2019,9692,Off_MF
2018-2019,47743,Off_MF
2018-2019,857179,Off_MF
2018-2019,82703,MF
2018-2019,139397,MF
2018-2019,254003,Def_MF
2018-2019,6019,DF
2018-2019,802149,FW
2018-2019,780014,DF
2018-2019,15152,DF
2018-2019,10122,DF
2018-2019,19373,MF
2018-2019,377238,Off_MF
2018-2019,252857,FW
2018-2019,800407,DF
2018-2019,869839,FW
2018-2019,74915,DF
2018-2019,97409,FW
2018-2019,134543,FW
2018-2019,283083,FW
2018-2019,96536,FW
2018-2019,98435,MF
2018-2019,96544,MF
2018-2019,794953,DF
2018-2019,547838,MF
2018-2019,51785,Off_MF
2018-2019,255389,MF
2018-2019,1876,FW
2018-2019,31861,Off_MF
2018-2019,157683,FW
2018-2019,69367,FW
2018-2019,328145,FW
2018-2019,345193,DF
2018-2019,26315,DF
2018-2019,6557,MF
2018-2019,99528,DF
2018-2019,960079,MF
2018-2019,806968,DF
2018-2019,17063,DF
2018-2019,93868,DF
2018-2019,31876,MF
2018-2019,249893,FW
2018-2019,809276,FW
2018-2019,826205,DF
2018-2019,902657,MF
2018-2019,106572,FW
2018-2019,1780,MF
2018-2019,74045,FW
2018-2019,10486,FW
2018-2019,40677,DF
2018-2019,48022,FW
2018-2019,19438,FW
2018-2019,155924,DF
2018-2019,941168,DF
2018-2019,818413,DF
2018-2019,280439,FW
2018-2019,833030,FW
2018-2019,140010,MF
2018-2019,851284,FW
2018-2019,850035,DF
2018-2019,28367,FW
2018-2019,365358,MF
2018-2019,798583,DF
2018-2019,152255,Def_MF
2018-2019,38502,MF
2018-2019,151470,MF
2018-2019,84972,FW
2018-2019,3593,FW
2018-2019,40197,DF
2018-2019,27916,DF
2018-2019,38642,MF
2018-2019,124950,FW
2018-2019,17100,MF
2018-2019,108412,DF
2018-2019,280609,FW
2018-2019,358540,FW
2018-2019,605650,FW
2018-2019,343955,DF
2018-2019,23571,Off_MF
2018-2019,51340,DF
2018-2019,227866,DF
2018-2019,798002,MF
2018-2019,34312,FW
2018-2019,576382,FW
2018-2019,37313,DF
2018-2019,233180,DF
2018-2019,851596,FW
2018-2019,138891,FW
2018-2019,790957,DF
2018-2019,12261,DF
2018-2019,825681,Off_MF
2018-2019,158213,FW
2018-2019,188269,MF
2018-2019,823984,FW
2018-2019,352296,FW
2018-2019,789886,MF
2018-2019,48240,FW
2018-2019,335823,DF
2018-2019,801391,MF
2018-2019,139273,DF
2018-2019,857740,DF
2018-2019,147465,Off_MF
2018-2019,846439,DF
2018-2019,346262,MF
2018-2019,35680,MF
2018-2019,44104,DF
2018-2019,152132,FW
2018-2019,11654,MF
2018-2019,15800,MF
2018-2019,243719,DF
2018-2019,8924,DF
2018-2019,73951,FW
2018-2019,153440,MF
2018-2019,146657,FW
2018-2019,18841,FW
2018-2019,68076,DF
2018-2019,758876,FW
2018-2019,791176,DF
2018-2019,280441,FW
2018-2019,28163,FW
2018-2019,807291,DF
2018-2019,158235,DF
2018-2019,364618,FW
2018-2019,365772,MF
2018-2019,76265,DF
2018-2019,355486,DF
2018-2019,66471,FW
2018-2019,108484,DF
2018-2019,82474,MF
2018-2019,54311,DF
2018-2019,110508,FW
2018-2019,24057,DF
2018-2019,212104,DF
2018-2019,284367,DF
2018-2019,788971,MF
2018-2019,921033,FW
2018-2019,25552,DF
2018-2019,357598,FW
2018-2019,187431,Off_MF
2018-2019,99546,DF
2018-2019,37446,DF
2018-2019,151499,FW
2018-2019,796027,Off_MF
2018-2019,171961,Off_MF
2018-2019,124802,DF
2018-2019,188355,DF
2018-2019,794927,MF
2018-2019,51363,Def_MF
2018-2019,117083,Off_MF
2018-2019,136935,DF
2018-2019,147229,FW
2018-2019,48077,FW
2018-2019,114497,FW
2018-2019,124712,Off_MF
2018-2019,14695,MF
2018-2019,825133,DF
2018-2019,119242,FW
2018-2019,367056,FW
2018-2019,3090,MF
2018-2019,352966,FW
2018-2019,217384,DF
2018-2019,118982,Off_MF
2018-2019,352562,DF
2018-2019,142860,MF
2018-2019,237068,DF
2018-2019,831983,FW
2018-2019,795044,FW
2018-2019,126733,MF
2018-2019,842419,DF
2018-2019,280979,Off_MF
2018-2019,190405,MF
2018-2019,95323,DF
2018-2019,38363,MF
2018-2019,821464,FW
2018-2019,294597,Off_MF
2018-2019,356032,DF
2018-2019,794836,MF
2018-2019,27049,MF
2018-2019,21881,MF
2018-2019,785634,DF
2018-2019,16635,DF
2018-2019,38393,DF
2018-2019,871938,FW
2018-2019,846445,FW
2018-2019,592012,Off_MF
2018-2019,88697,FW
2018-2019,80406,Off_MF
2018-2019,867887,MF
2018-2019,152390,Off_MF
2018-2019,257153,MF
2018-2019,44577,DF
2018-2019,44760,DF
2018-2019,55119,DF
2018-2019,21256,FW
2018-2019,243049,FW
2018-2019,146101,MF
2018-2019,23996,FW
2018-2019,803761,DF
2018-2019,331853,DF
2018-2019,255239,FW
2018-2019,127257,Off_MF
2018-2019,141945,FW
2018-2019,812829,DF
2018-2019,787941,MF
2018-2019,835484,MF
2018-2019,24248,DF
2018-2019,100568,DF
2018-2019,256683,DF
2018-2019,32213,DF
2018-2019,96369,FW
2018-2019,23486,FW
2018-2019,246999,FW
2018-2019,343971,FW
2018-2019,95153,MF
2018-2019,42802,Off_MF
2018-2019,188365,DF
2018-2019,48563,MF
2018-2019,51421,FW
2018-2019,51501,DF
2018-2019,849573,FW
2018-2019,148623,Off_MF
2018-2019,9649,DF
2018-2019,88859,DF
2018-2019,257091,DF
2018-2019,153966,MF
2018-2019,330063,MF
2018-2019,43932,FW
2018-2019,800411,FW
2018-2019,24006,MF
2018-2019,13028,MF
2018-2019,45686,Def_MF
2018-2019,114157,DF
2018-2019,114777,DF
2018-2019,135590,Off_MF
2018-2019,94539,MF
2018-2019,94857,DF
2018-2019,797306,DF
2018-2019,106161,FW
2018-2019,21501,DF
2018-2019,74139,FW
2018-2019,58351,DF
2018-2019,856132,MF
2018-2019,43443,DF
2018-2019,143871,DF
2018-2019,935543,Off_MF
2018-2019,294641,FW
2018-2019,558738,FW
2018-2019,788170,DF
2018-2019,9439,Def_MF
2018-2019,545780,MF
2018-2019,14142,MF
2018-2019,252821,DF
2018-2019,579596,FW
2018-2019,851222,MF
2018-2019,30745,DF
2018-2019,11863,DF
2018-2019,128587,DF
2018-2019,46707,FW
2018-2019,3504,FW
2018-2019,307284,MF
2018-2019,49639,MF
2018-2019,608370,Off_MF
2018-2019,132410,FW
2018-2019,190437,MF
2018-2019,96363,DF
2018-2019,148354,DF
2018-2019,280025,DF
2018-2019,604954,FW
2018-2019,191176,FW
2018-2019,4419,MF
2018-2019,822372,MF
2018-2019,137051,MF
2018-2019,47737,FW
2018-2019,826198,FW
2018-2019,190917,Off_MF
2018-2019,16776,FW
2018-2019,587074,DF
2018-2019,787540,Off_MF
2018-2019,43903,FW
2018-2019,105173,MF
2018-2019,70492,FW
2018-2019,37151,FW
2018-2019,267863,DF
2018-2019,892624,Off_MF
2018-2019,130181,FW
2018-2019,24818,DF
2018-2019,26031,DF
2018-2019,818244,FW
2018-2019,796047,MF
2018-2019,205508,FW
2018-2019,32690,MF
2018-2019,135126,Off_MF
2018-2019,52740,MF
2018-2019,136170,MF
2018-2019,148710,MF
2018-2019,768,DF
2018-2019,21521,FW
2018-2019,66518,FW
2018-2019,17597,DF
2018-2019,331737,MF
2018-2019,94300,Off_MF
2018-2019,32974,DF
2018-2019,12656,MF
2018-2019,141203,DF
2018-2019,131394,Def_MF
2018-2019,826188,DF
2018-2019,273,MF
2018-2019,807889,MF
2018-2019,37386,FW
2018-2019,19382,DF
2018-2019,1749,FW
2018-2019,134361,DF
2018-2019,153974,DF
2018-2019,220131,DF
2018-2019,253387,MF
2018-2019,19394,MF
2018-2019,822470,Off_MF
2018-2019,167855,Off_MF
2018-2019,139223,DF
2018-2019,128637,DF
2018-2019,333243,DF
2018-2019,826202,DF
2018-2019,71952,DF
2018-2019,3041,DF
2018-2019,168749,DF
2018-2019,86988,DF
2018-2019,319861,FW
2018-2019,253871,DF
2018-2019,844388,FW
2018-2019,158573,DF
2018-2019,75994,DF
2018-2019,122922,DF
2018-2019,787889,MF
2018-2019,800408,MF
2018-2019,96702,MF
2018-2019,33910,MF
2018-2019,16176,Off_MF
2018-2019,136710,MF
2018-2019,128376,DF
2018-2019,187437,FW
2018-2019,129479,FW
2018-2019,19343,MF
2018-2019,814594,DF
2018-2019,42110,DF
2018-2019,137667,DF
2018-2019,182243,MF
2018-2019,881931,MF
2018-2019,82943,DF
2018-2019,41334,DF
2018-2019,67507,DF
2018-2019,4370,MF
2018-2019,159701,FW
2018-2019,305278,DF
2018-2019,49805,Off_MF
2018-2019,828571,DF
2018-2019,129874,DF
2018-2019,24829,DF
2018-2019,174975,DF
2018-2019,40672,MF
2018-2019,11724,Def_MF
2018-2019,904827,DF
2018-2019,813523,Off_MF
2018-2019,238408,DF
2018-2019,187433,FW
2018-2019,86528,DF
2018-2019,105951,DF
2018-2019,152077,DF
2018-2019,21949,MF
2018-2019,345111,FW
2018-2019,864898,Off_MF
2018-2019,585170,MF
2018-2019,845084,FW
2018-2019,325355,DF
2018-2019,158583,DF
2018-2019,844842,MF
2018-2019,16632,DF
2018-2019,9860,DF
2018-2019,893141,DF
2018-2019,35428,FW
2018-2019,345035,FW
2018-2019,361004,FW
2018-2019,280835,MF
2018-2019,372344,FW
2018-2019,15354,FW
2018-2019,16508,DF
2018-2019,72805,MF
2018-2019,316170,MF
2018-2019,791,MF
2018-2019,103012,DF
2018-2019,368120,MF
2018-2019,139228,FW
2018-2019,331405,DF
2018-2019,16586,DF
2018-2019,151138,MF
2018-2019,114155,MF
2018-2019,831781,DF
2018-2019,363042,DF
2018-2019,309510,MF
2018-2019,788949,DF
2018-2019,115666,DF
2018-2019,151003,DF
2018-2019,43476,DF
2018-2019,16189,FW
2018-2019,14193,DF
2018-2019,138156,MF
2018-2019,291483,Off_MF
2018-2019,191182,Off_MF
2018-2019,41668,DF
2018-2019,135116,DF
2018-2019,52093,FW
2018-2019,113593,MF
2018-2019,555540,Off_MF
2018-2019,29718,DF
2018-2019,319857,DF
2018-2019,198028,Off_MF
2018-2019,548050,FW
2018-2019,13009,FW
2018-2019,17814,DF
2018-2019,96368,DF
2018-2019,116664,Off_MF
2018-2019,785418,FW
2018-2019,21264,MF
2018-2019,354860,DF
2018-2019,209768,DF
2018-2019,94758,DF
2018-2019,363860,MF
2018-2019,208234,DF
2018-2019,232224,MF
2018-2019,190147,FW
2018-2019,306498,FW
2018-2019,909167,DF
2018-2019,190843,MF
2018-2019,44138,MF
2018-2019,17088,DF
2018-2019,40360,MF
2018-2019,349224,DF
2018-2019,586596,FW
2018-2019,48480,Off_MF
2018-2019,293519,FW
2018-2019,143061,DF
2018-2019,85090,DF
2018-2019,229544,DF
2018-2019,355492,Off_MF
2018-2019,123229,MF
2018-2019,21164,DF
2018-2019,40442,DF
2018-2019,157143,FW
2018-2019,227224,DF
2018-2019,354510,FW
2018-2019,126691,MF
2018-2019,212074,FW
2018-2019,142148,DF
2018-2019,18304,MF
2018-2019,838688,DF
2018-2019,22986,DF
2018-2019,37504,Off_MF
2018-2019,45944,MF
2018-2019,581302,Def_MF
2018-2019,281277,DF
2018-2019,14216,Off_MF
2018-2019,111803,DF
2018-2019,788352,MF
2018-2019,16921,DF
2018-2019,142390,Off_MF
2018-2019,808590,FW
2018-2019,27811,DF
2018-2019,114062,FW
2018-2019,316152,Off_MF
2018-2019,108584,DF
2018-2019,20375,DF
2018-2019,249929,FW
2018-2019,10597,DF
2018-2019,317179,MF
2018-2019,20826,FW
2018-2019,18342,MF
2018-2019,29746,MF
2018-2019,32946,DF
2018-2019,580550,DF
2018-2019,106869,DF
2018-2019,243735,DF
2018-2019,914835,DF
2018-2019,3579,DF
2018-2019,566102,DF
2018-2019,34221,MF
2018-2019,377118,DF
2018-2019,161717,Off_MF
2018-2019,125558,DF
2018-2019,90168,DF
2018-2019,318607,DF
2018-2019,129471,DF
2018-2019,44036,MF
2018-2019,893063,FW
2018-2019,770677,MF
2018-2019,184463,MF
2018-2019,48543,DF
2018-2019,793645,FW
2018-2019,126699,FW
2018-2019,44001,Off_MF
2018-2019,138892,DF
2018-2019,352770,FW
2018-2019,330099,MF
2018-2019,823631,FW
2018-2019,294313,MF
2018-2019,121973,FW
2018-2019,82400,DF
2018-2019,788027,DF
2018-2019,152769,FW
2018-2019,235460,MF
2018-2019,355152,FW
2018-2019,793323,DF
2018-2019,27234,MF
2018-2019,42694,MF
2018-2019,337671,Off_MF
2018-2019,318657,MF
2018-2019,185995,DF
2018-2019,21927,FW
2018-2019,111416,Off_MF
2018-2019,2009,DF
2018-2019,15802,DF
2018-2019,174519,FW
2018-2019,784655,MF
2018-2019,32773,DF
2018-2019,106288,Off_MF
2018-2019,291695,DF
2018-2019,553686,MF
2018-2019,30144,DF
2018-2019,861317,Off_MF
2018-2019,789381,FW
2018-2019,39121,MF
2018-2019,250211,FW
2018-2019,101882,DF
2018-2019,319853,DF
2018-2019,791190,MF
2018-2019,352916,DF
2018-2019,329417,DF
2018-2019,339909,DF
2018-2019,21535,DF
2018-2019,76133,Off_MF
2018-2019,369650,DF
2018-2019,3031,DF
2018-2019,249627,DF
2018-2019,98003,MF
2018-2019,339447,DF
2018-2019,29773,MF
2018-2019,18886,FW
2018-2019,158615,MF
2018-2019,318653,FW
2018-2019,142619,MF
2018-2019,243585,MF
2018-2019,119159,FW
2018-2019,4725,MF
2018-2019,73056,MF
2018-2019,588572,DF
2018-2019,235400,DF
2018-2019,184661,MF
2018-2019,226974,DF
2018-2019,120538,DF
2018-2019,26029,DF
2018-2019,18987,MF
2018-2019,868262,DF
2018-2019,843678,MF
2018-2019,3305,FW
2018-2019,111505,FW
2018-2019,804619,DF
2018-2019,106260,MF
2018-2019,552680,DF
2018-2019,142680,Off_MF
2018-2019,118179,DF
2018-2019,53739,DF
2018-2019,136924,DF
2018-2019,131108,DF
2018-2019,209374,FW
2018-2019,40326,FW
2018-2019,142104,DF
2018-2019,592010,MF
2018-2019,124318,MF
2018-2019,38547,DF
2018-2019,123264,MF
2018-2019,837205,MF
2018-2019,115441,MF
2018-2019,836706,MF
2018-2019,26214,DF
2018-2019,46972,FW
2018-2019,96372,FW
2018-2019,44566,DF
2018-2019,138827,DF
2018-2019,316148,MF
2018-2019,359742,MF
2018-2019,106258,FW
2018-2019,4502,MF
2018-2019,123388,DF
2018-2019,33541,DF
2018-2019,180009,Off_MF
2018-2019,257205,Off_MF
2018-2019,11266,DF
2018-2019,123976,DF
2018-2019,11796,DF
2018-2019,123166,MF
2018-2019,146853,DF
2018-2019,156253,DF
2018-2019,816810,FW
2018-2019,797290,DF
2018-2019,31417,FW
2018-2019,175409,DF
2018-2019,235656,DF
2018-2019,47772,Off_MF
2018-2019,45925,FW
2018-2019,3203,MF
2018-2019,846470,FW
2018-2019,138572,DF
2018-2019,136322,DF
2018-2019,798948,DF
2018-2019,138150,DF
2018-2019,267619,DF
2018-2019,84251,MF
2018-2019,20738,DF
2018-2019,241488,FW
2018-2019,218160,FW
2018-2019,95381,MF
2018-2019,10501,FW
2018-2019,149710,FW
2018-2019,138830,Off_MF
2018-2019,70930,DF
2018-2019,47741,DF
2018-2019,41653,DF
2018-2019,560128,FW
2018-2019,48243,MF
2018-2019,587720,FW
2018-2019,78893,FW
2018-2019,69416,MF
2018-2019,14914,DF
2018-2019,159739,DF
2018-2019,801287,DF
2018-2019,45853,MF
2018-2019,256219,FW
2018-2019,347450,DF
2018-2019,33478,Off_MF
2018-2019,842931,FW
2018-2019,41270,FW
2018-2019,26404,DF
2018-2019,336655,FW
2018-2019,852404,MF
2018-2019,16180,DF
2018-2019,887055,FW
2018-2019,286085,DF
2018-2019,577726,DF
2018-2019,51444,DF
2018-2019,757730,MF
2018-2019,7472,MF
2018-2019,190159,FW
2018-2019,106496,DF
2018-2019,20756,DF
2018-2019,800417,DF
2018-2019,901325,FW
2018-2019,14209,MF
2018-2019,99517,DF
2018-2019,140992,FW
2018-2019,16214,DF
2018-2019,796512,FW
2018-2019,342915,DF
2018-2019,340509,FW
2018-2019,352802,MF
2018-2019,152420,DF
2018-2019,28386,DF
2018-2019,149731,FW
2018-2019,548660,MF
2018-2019,82566,MF
2018-2019,163565,FW
2018-2019,97967,MF
2018-2019,2322979,DF
2018-2019,109461,DF
2018-2019,26576,DF
2018-2019,383560,DF
2018-2019,4732,FW
2018-2019,913654,DF
2018-2019,22566,MF
2018-2019,9127,Off_MF
2018-2019,26502,MF
2018-2019,328519,DF
2018-2019,15857,MF
2018-2019,346744,DF
2018-2019,158233,DF
2018-2019,319129,FW
2018-2019,218298,MF
2018-2019,13592,DF
2018-2019,305282,MF
2018-2019,106751,DF
2018-2019,109851,FW
2018-2019,611210,DF
2018-2019,106662,DF
2018-2019,55052,DF
2018-2019,19356,FW
2018-2019,32493,FW
2018-2019,227862,FW
2018-2019,785468,DF
2018-2019,892924,MF
2018-2019,858705,MF
2018-2019,380974,FW
2018-2019,79680,DF
2018-2019,855731,Off_MF
2018-2019,894238,DF
2018-2019,30441,MF
2018-2019,76063,DF
2018-2019,233114,FW
2018-2019,69256,DF
2018-2019,335033,DF
2018-2019,27678,MF
2018-2019,187481,Off_MF
2018-2019,215246,MF
2018-2019,346516,Off_MF
2018-2019,249629,Off_MF
2018-2019,66477,MF
2018-2019,153158,Off_MF
2018-2019,318963,Off_MF
2018-2019,9741,MF
2018-2019,96490,Def_MF
2018-2019,846471,DF
2018-2019,836698,FW
2018-2019,149735,MF
2018-2019,365992,DF
2018-2019,26991,FW
2018-2019,848287,DF
2018-2019,136947,DF
2018-2019,122951,MF
2018-2019,146866,FW
2018-2019,37092,Off_MF
2018-2019,10086,FW
2018-2019,30027,FW
2018-2019,41234,DF
2018-2019,15529,FW
2018-2019,175581,MF
2018-2019,792317,MF
2018-2019,27014,MF
2018-2019,104813,Off_MF
2018-2019,330677,DF
2018-2019,341513,MF
2018-2019,814590,FW
2018-2019,328103,DF
2018-2019,14942,MF
2018-2019,829932,DF
2018-2019,148566,FW
2018-2019,168985,MF
2018-2019,106726,MF
2018-2019,826643,FW
2018-2019,21249,MF
2018-2019,205028,DF
2018-2019,845385,Off_MF
2018-2019,133908,Off_MF
2018-2019,16459,MF
2018-2019,35219,DF
2018-2019,794939,Off_MF
2018-2019,82401,DF
2018-2019,606164,FW
2018-2019,590262,MF
2018-2019,308054,MF
2018-2019,2951,DF
2018-2019,123223,FW
2018-2019,101393,MF
2018-2019,4581,Off_MF
2018-2019,806076,MF
2018-2019,48335,DF
2018-2019,13630,MF
2018-2019,35166,Off_MF
2018-2019,280435,DF
2018-2019,168647,MF
2018-2019,142259,DF
2018-2019,754794,MF
2018-2019,71707,Off_MF
2018-2019,137978,MF
2018-2019,84854,DF
2018-2019,27028,FW
2018-2019,149850,DF
2018-2019,48660,DF
2018-2019,267747,MF
2018-2019,16779,DF
2018-2019,186719,MF
2018-2019,73979,DF
2018-2019,801306,MF
2018-2019,331447,Off_MF
2018-2019,161325,FW
2018-2019,67647,Off_MF
2018-2019,798835,Off_MF
2018-2019,11781,Off_MF
2018-2019,250133,MF
2018-2019,53825,MF
2018-2019,826204,DF
2018-2019,103364,DF
2018-2019,14718,DF
2018-2019,21134,DF
2018-2019,5846,MF
2018-2019,193554,Off_MF
2018-2019,52663,DF
2018-2019,108579,FW
2018-2019,186855,MF
2018-2019,324399,MF
2018-2019,788171,DF
2018-2019,611876,MF
2018-2019,830667,MF
2018-2019,73980,DF
2018-2019,826215,DF
2018-2019,351140,FW
2018-2019,158293,DF
2018-2019,29735,Def_MF
2018-2019,44241,MF
2018-2019,301164,Off_MF
2018-2019,98440,DF
2018-2019,138152,DF
2018-2019,135264,FW
2018-2019,587962,FW
2018-2019,128958,FW
2018-2019,341143,FW
2018-2019,169255,MF
2018-2019,17094,FW
2018-2019,832427,Off_MF
2018-2019,146500,DF
2018-2019,851100,FW
2018-2019,795064,DF
2018-2019,301288,FW
2018-2019,843754,MF
2018-2019,830288,DF
2018-2019,812126,FW
2018-2019,153220,FW
2018-2019,32952,FW
2018-2019,794838,DF
2018-2019,15444,DF
2018-2019,314040,DF
2018-2019,16336,DF
2018-2019,10710,DF
2018-2019,39320,MF
2018-2019,189127,FW
2018-2019,787542,Off_MF
2018-2019,298920,MF
2018-2019,816763,Off_MF
2018-2019,231946,Off_MF
2018-2019,184417,DF
2018-2019,848276,FW
2018-2019,21299,MF
2018-2019,111483,Off_MF
2018-2019,150383,MF
2018-2019,51321,DF
2018-2019,175139,DF
2018-2019,51665,MF
2018-2019,3209,FW
2018-2019,248529,DF
2018-2019,117777,MF
2018-2019,50070,FW
2018-2019,192308,FW
2018-2019,794948,Off_MF
2018-2019,355796,MF
2018-2019,189135,MF
2018-2019,20097,FW
2018-2019,14933,DF
2018-2019,232306,FW
2018-2019,109296,DF
2018-2019,91046,DF
2018-2019,24397,DF
2018-2019,94856,DF
2018-2019,122811,MF
2018-2019,113956,FW
2018-2019,542472,FW
2018-2019,579576,DF
2018-2019,66492,DF
2018-2019,792073,DF
2018-2019,150864,DF
2018-2019,97925,DF
2018-2019,152734,DF
2018-2019,137775,DF
2018-2019,41157,DF
2018-2019,44932,DF
2018-2019,22109,FW
2018-2019,70900,MF
2018-2019,235672,FW
2018-2019,838159,MF
2018-2019,790828,MF
2018-2019,123208,FW
2018-2019,794269,FW
2018-2019,61445,MF
2018-2019,25682,FW
2018-2019,76632,DF
2018-2019,32124,DF
2018-2019,580800,FW
2018-2019,76122,MF
2018-2019,246319,MF
2018-2019,234230,Off_MF
2018-2019,10589,DF
2018-2019,142672,DF
2018-2019,367096,Off_MF
2018-2019,791702,FW
2018-2019,121180,DF
2018-2019,76178,DF
2018-2019,14990,FW
2018-2019,106272,FW
2018-2019,84539,MF
2018-2019,50480,FW
2018-2019,227942,MF
2018-2019,190839,DF
2018-2019,123915,DF
2018-2019,58994,DF
2018-2019,149380,DF
2018-2019,48751,DF
2018-2019,143334,DF
2018-2019,35532,FW
2018-2019,143697,FW
2018-2019,15466,MF
2018-2019,250547,DF
2018-2019,132149,DF
2018-2019,34125,DF
2018-2019,787505,DF
2018-2019,295133,DF
2018-2019,89894,DF
2018-2019,842709,FW
2018-2019,139227,DF
2018-2019,807648,DF
2018-2019,148824,FW
2018-2019,143398,DF
2018-2019,828839,MF
2018-2019,158277,MF
2018-2019,51652,MF
2018-2019,17966,MF
2018-2019,153161,DF
2018-2019,260065,MF
2018-2019,124737,DF
2018-2019,282229,DF
2018-2019,149479,DF
2018-2019,252313,DF
2018-2019,129472,MF
2018-2019,760618,Off_MF
2018-2019,25506,DF
2018-2019,32414,DF
2018-2019,40322,MF
2018-2019,191188,MF
2018-2019,42690,DF
2018-2019,7635,MF
2018-2019,21992,MF
2018-2019,26971,DF
2018-2019,17651,MF
2018-2019,83618,FW
2018-2019,40965,Off_MF
2018-2019,108800,MF
2018-2019,168937,DF
2018-2019,41560,Off_MF
2018-2019,139229,MF
2018-2019,840217,FW
2018-2019,829093,MF
2018-2019,226978,Off_MF
2018-2019,31981,MF
2018-2019,44563,DF
2018-2019,39009,MF
2018-2019,32742,DF
2018-2019,326343,MF
2018-2019,830551,DF
2018-2019,867180,DF
2018-2019,255973,DF
2018-2019,604274,DF
2018-2019,385888,MF
2018-2019,44228,DF
2018-2019,127585,DF
2018-2019,750,FW
2018-2019,845486,MF
2018-2019,155995,DF
2018-2019,255235,Off_MF
2018-2019,3524,DF
2018-2019,155711,DF
2018-2019,38710,FW
2018-2019,155702,FW
2018-2019,110783,MF
2018-2019,11869,DF
2018-2019,12994,FW
2018-2019,39433,MF
2018-2019,138837,DF
2018-2019,138573,Off_MF
2018-2019,22126,MF
2018-2019,51498,FW
2018-2019,173827,FW
2018-2019,139919,DF
2018-2019,32048,FW
2018-2019,7058,DF
2018-2019,18297,Off_MF
2018-2019,132704,FW
2018-2019,827606,MF
2018-2019,138833,FW
2018-2019,233826,DF
2018-2019,5465,MF
2018-2019,153444,DF
2018-2019,149732,MF
2018-2019,289977,DF
2018-2019,138310,DF
2018-2019,352664,DF
2018-2019,40253,DF
2018-2019,69408,DF
2018-2019,149593,MF
2018-2019,106273,DF
2018-2019,272779,DF
2018-2019,125625,DF
2018-2019,129861,DF
2018-2019,235648,DF
2018-2019,138534,FW
2018-2019,155449,Off_MF
2018-2019,253415,DF
2018-2019,105734,Off_MF
2018-2019,44614,DF
2018-2019,69385,DF
2018-2019,42707,DF
2018-2019,845286,FW
2018-2019,758168,DF
2018-2019,833067,DF
2018-2019,51371,DF
2018-2019,170887,DF
2018-2019,130433,DF
2018-2019,263505,MF
2018-2019,81992,DF
2018-2019,802142,Off_MF
2018-2019,46798,MF
2018-2019,38688,MF
2018-2019,218652,FW
2018-2019,759388,DF
2018-2019,353130,DF
2018-2019,27569,DF
2018-2019,119192,FW
2018-2019,138387,FW
2018-2019,117373,FW
2018-2019,23904,DF
2018-2019,144976,DF
2018-2019,122701,Off_MF
2018-2019,2379,MF
2018-2019,97410,MF
2018-2019,51640,FW
2018-2019,150865,MF
2018-2019,218616,FW
2018-2019,106337,MF
2018-2019,49647,MF
2018-2019,16943,FW
2018-2019,356398,Off_MF
2018-2019,26687,FW
2018-2019,273405,DF
2018-2019,355024,MF
2018-2019,233252,DF
2018-2019,227864,DF
2018-2019,158241,DF
2018-2019,826552,DF
2018-2019,331209,Off_MF
2018-2019,45923,FW
2018-2019,156682,MF
2018-2019,340519,FW
2018-2019,142622,DF
2018-2019,147289,MF
2018-2019,35612,MF
2018-2019,94286,FW
2018-2019,74083,DF
2018-2019,253367,FW
2018-2019,552686,MF
2018-2019,138605,Off_MF
2018-2019,591750,MF
2018-2019,797286,DF
2018-2019,17787,DF
2018-2019,36704,DF
2018-2019,142231,DF
2018-2019,802143,DF
2018-2019,245615,DF
2018-2019,362682,DF
2018-2019,135700,Off_MF
2018-2019,135647,MF
2018-2019,836705,Off_MF
2018-2019,149730,FW
2018-2019,38162,FW
2018-2019,33381,Off_MF
2018-2019,347010,FW
2018-2019,173883,DF
2018-2019,26097,DF
2018-2019,372430,DF
2018-2019,345195,Off_MF
2018-2019,548178,MF
2018-2019,44575,DF
2018-2019,13204,DF
2018-2019,23213,DF
2018-2019,27583,FW
2018-2019,558522,DF
2018-2019,252215,FW
2018-2019,116955,MF
2018-2019,42699,DF
2018-2019,99519,DF
2018-2019,148745,DF
2018-2019,225092,DF
2018-2019,227672,DF
2018-2019,151124,MF
2018-2019,139235,MF
2018-2019,365406,DF
2018-2019,16701,MF
2018-2019,556960,DF
2018-2019,3306,FW
2018-2019,126588,DF
2018-2019,41789,FW
2018-2019,805245,FW
2018-2019,100621,FW
2018-2019,823733,MF
2018-2019,41165,DF
2018-2019,150212,DF
2018-2019,96538,DF
2018-2019,49406,MF
2018-2019,110846,DF
2018-2019,45362,DF
2018-2019,825719,DF
2018-2019,192266,DF
2018-2019,893008,DF
2018-2019,141664,Off_MF
2018-2019,362014,DF
2018-2019,356352,DF
2018-2019,150396,DF
2018-2019,100389,MF
2018-2019,844480,DF
2018-2019,307702,DF
2018-2019,259339,MF
2018-2019,312388,Off_MF
2018-2019,35199,DF
2018-2019,826203,DF
2018-2019,72998,Off_MF
2018-2019,856714,MF
2018-2019,595576,FW
2018-2019,247445,FW
2018-2019,111802,MF
2018-2019,280955,MF
2018-2019,836168,DF
2018-2019,47992,FW
2018-2019,229598,DF
2018-2019,359226,MF
2018-2019,96370,FW
2018-2019,115516,MF
2018-2019,122815,DF
2018-2019,783374,FW
2018-2019,108736,DF
2018-2019,138546,DF
2018-2019,46125,DF
2018-2019,295973,FW
2018-2019,6562,MF
2018-2019,97926,DF
2018-2019,845386,FW
2018-2019,111850,FW
2018-2019,35211,DF
2018-2019,152276,Off_MF
2018-2019,131716,DF
2018-2019,67769,DF
2018-2019,82240,DF
2018-2019,569784,MF
2018-2019,136922,DF
2018-2019,149370,MF
2018-2019,149734,DF
2018-2019,39282,MF
2018-2019,122810,DF
2018-2019,141080,DF
2018-2019,799046,DF
2018-2019,31968,DF
2018-2019,259117,DF
2018-2019,22100,DF
2018-2019,39182,MF
2018-2019,846081,MF
2018-2019,96535,MF
2018-2019,338991,DF
2018-2019,812946,FW
2018-2019,14251,DF
2018-2019,329303,MF
2018-2019,785989,FW
2018-2019,217704,FW
2018-2019,39348,DF
2018-2019,145188,DF
2018-2019,55570,DF
2018-2019,591706,MF
2018-2019,83506,DF
2018-2019,234148,Off_MF
2018-2019,22200,DF
2018-2019,5676,DF
2018-2019,363856,MF
2018-2019,27622,DF
2018-2019,192442,FW
2018-2019,847128,MF
2018-2019,84744,FW
2018-2019,43192,Off_MF
2018-2019,84531,DF
2018-2019,221200,DF
2018-2019,857205,DF
2018-2019,126071,DF
2018-2019,863653,DF
2018-2019,294593,DF
2018-2019,227922,DF
2018-2019,143047,DF
2018-2019,604232,DF
2018-2019,288013,DF
2018-2019,69404,DF
2018-2019,770,DF
2018-2019,187205,DF
2018-2019,115365,DF
2018-2019,823622,FW
2018-2019,132874,MF
2018-2019,14525,MF
2018-2019,138261,Off_MF
2018-2019,139310,DF
2018-2019,41605,DF
2018-2019,249399,Off_MF
2018-2019,122848,DF
2018-2019,74577,DF
2018-2019,344129,FW
2018-2019,85859,FW
2018-2019,11621,FW
2018-2019,331449,MF
2018-2019,96373,MF
2018-2019,38533,DF
2018-2019,262911,DF
2018-2019,3577,DF
2018-2019,581314,MF
2018-2019,3420,DF
2018-2019,44848,DF
2018-2019,21300,DF
2018-2019,36982,DF
2018-2019,16590,FW
2018-2019,157029,MF
2018-2019,84298,DF
2018-2019,190139,DF
2018-2019,143786,MF
2018-2019,802695,DF
2018-2019,166381,DF
2018-2019,344751,MF
2018-2019,159665,FW
2018-2019,32045,MF
2018-2019,96905,DF
2018-2019,115346,Off_MF
2018-2019,165583,DF
2018-2019,192144,FW
2018-2019,5585,DF
2018-2019,787885,MF
2018-2019,220223,FW
2018-2019,126816,DF
2018-2019,20993,MF
2018-2019,593526,FW
2018-2019,827212,DF
2018-2019,153257,DF
2018-2019,19063,DF
2018-2019,31993,DF
2018-2019,151545,DF
2018-2019,21555,DF
2018-2019,149663,DF
2018-2019,50294,MF
2018-2019,178721,DF
2018-2019,98449,DF
2018-2019,137774,DF
2018-2019,43905,FW
2019-2020,769163,Off_MF
2019-2020,949449,MF
2019-2020,996985,FW
2019-2020,787404,DF
2019-2020,859767,FW
2019-2020,54331,Def_MF
2019-2020,356186,DF
2019-2020,788181,Off_MF
2019-2020,886166,DF
2019-2020,28386,MF
2019-2020,914210,MF
2019-2020,227892,MF
2019-2020,138765,FW
2019-2020,966555,FW
2019-2020,1020897,DF
2019-2020,845791,FW
2019-2020,191178,DF
2019-2020,931844,DF
2019-2020,836600,Off_MF
2019-2020,1009372,FW
2019-2020,955245,DF
2019-2020,1032022,FW
2019-2020,876860,MF
2019-2020,158621,Off_MF
2019-2020,930191,FW
2019-2020,1001689,DF
2019-2020,974196,MF
2019-2020,976398,FW
2019-2020,892979,DF
2019-2020,16186,Off_MF
2019-2020,982601,DF
2019-2020,943662,MF
2019-2020,920754,FW
2019-2020,997016,FW
2019-2020,876474,FW
2019-2020,927361,MF
2019-2020,962409,FW
2019-2020,861980,FW
2019-2020,839712,Off_MF
2019-2020,1009675,Def_MF
2019-2020,985329,FW
2019-2020,987428,FW
2019-2020,800444,DF
2019-2020,930277,DF
2019-2020,963398,Off_MF
2019-2020,862484,FW
2019-2020,860435,Off_MF
2019-2020,965014,DF
2019-2020,855847,FW
2019-2020,293519,FW
2019-2020,369866,MF
2019-2020,899160,DF
2019-2020,993238,Def_MF
2019-2020,989113,FW
2019-2020,98452,Off_MF
2019-2020,907685,Off_MF
2019-2020,992331,Off_MF
2019-2020,785418,FW
2019-2020,169199,FW
2019-2020,876013,FW
2019-2020,1012390,Off_MF
2019-2020,910031,Def_MF
2019-2020,152279,DF
2019-2020,100569,Off_MF
2019-2020,964179,MF
2019-2020,826180,MF
2019-2020,972523,MF
2019-2020,932628,MF
2019-2020,826210,Off_MF
2019-2020,892674,FW
2019-2020,32002,Def_MF
2019-2020,94726,FW
2019-2020,1014290,Off_MF
2019-2020,958982,FW
2019-2020,942990,DF
2019-2020,941670,DF
2019-2020,941170,MF
2019-2020,114497,Off_MF
2019-2020,997280,FW
2019-2020,907667,FW
2019-2020,558896,DF
2019-2020,877711,FW
2019-2020,877603,FW
2019-2020,876345,Off_MF
2019-2020,951927,FW
2019-2020,856745,MF
2019-2020,867441,Off_MF
2019-2020,330939,Off_MF
2019-2020,148824,FW
2019-2020,842582,MF
2019-2020,226780,FW
2019-2020,842253,FW
2019-2020,901152,MF
2019-2020,919054,MF
2019-2020,970988,Off_MF
2019-2020,928800,MF
2019-2020,944892,Off_MF
2019-2020,1014408,Off_MF
2019-2020,845122,Off_MF
2019-2020,980403,Off_MF
2019-2020,45956,MF
2019-2020,910024,FW
2019-2020,910053,Off_MF
2019-2020,904840,Off_MF
2019-2020,552508,FW
2019-2020,361326,FW
2019-2020,971037,FW
2019-2020,817567,FW
2019-2020,970928,FW
2019-2020,929752,MF
2019-2020,955133,FW
2019-2020,826192,FW
2019-2020,913684,MF
2019-2020,991824,FW
2019-2020,893030,Def_MF
2019-2020,886133,Def_MF
2019-2020,795059,Off_MF
2019-2020,927066,Def_MF
2019-2020,980624,Def_MF
2019-2020,790151,FW
2019-2020,836939,DF
2019-2020,10629,FW
2019-2020,255495,Off_MF
2019-2020,991378,Off_MF
2019-2020,825845,FW
2019-2020,991352,FW
2019-2020,1018847,FW
2019-2020,962374,Off_MF
2019-2020,41450,DF
2019-2020,37733,FW
2019-2020,928572,FW
2019-2020,906075,DF
2019-2020,980528,Def_MF
2019-2020,976070,DF
2019-2020,991535,DF
2019-2020,148354,DF
2019-2020,175753,FW
2019-2020,132704,FW
2019-2020,991478,Off_MF
2019-2020,971006,FW
2019-2020,928879,FW
2019-2020,358550,MF
2019-2020,1007989,FW
2019-2020,185955,DF
2019-2020,906025,FW
2019-2020,958018,FW
2019-2020,961672,DF
2019-2020,353154,FW
2019-2020,909669,FW
2019-2020,227858,MF
2019-2020,42455,Off_MF
2019-2020,1005171,DF
2019-2020,33959,DF
2019-2020,15038,DF
2019-2020,904992,DF
2019-2020,832411,FW
2019-2020,957602,DF
2019-2020,14193,DF
2019-2020,989899,MF
2019-2020,900003,Off_MF
2019-2020,358680,DF
2019-2020,988190,DF
2019-2020,603740,DF
2019-2020,901907,FW
2019-2020,826185,DF
2019-2020,17979,Off_MF
2019-2020,962877,MF
2019-2020,945578,Def_MF
2019-2020,835485,FW
2019-2020,26760,DF
2019-2020,845168,Off_MF
2019-2020,843200,DF
2019-2020,838640,FW
2019-2020,873189,DF
2019-2020,39010,MF
2019-2020,862055,Off_MF
2019-2020,960006,MF
2019-2020,359640,FW
2019-2020,1009387,Off_MF
2019-2020,1085938,MF
2019-2020,53778,Off_MF
2019-2020,911848,Off_MF
2019-2020,822743,FW
2019-2020,966802,MF
2019-2020,848137,DF
2019-2020,235444,FW
2019-2020,168833,MF
2019-2020,982545,FW
2019-2020,143061,DF
2019-2020,954855,MF
2019-2020,1014286,DF
2019-2020,822468,MF
2019-2020,934383,DF
2019-2020,859901,MF
2019-2020,94822,MF
2019-2020,1046788,DF
2019-2020,804170,FW
2019-2020,978301,MF
2019-2020,856594,FW
2019-2020,1127439,DF
2019-2020,847097,DF
2019-2020,873554,MF
2019-2020,826196,FW
2019-2020,928106,FW
2019-2020,39220,Off_MF
2019-2020,1016019,FW
2019-2020,1031543,DF
2019-2020,997279,MF
2019-2020,789000,FW
2019-2020,855810,Off_MF
2019-2020,906276,FW
2019-2020,817968,FW
2019-2020,598044,FW
2019-2020,996646,MF
2019-2020,13028,Off_MF
2019-2020,952222,FW
2019-2020,3568,MF
2019-2020,25577,FW
2019-2020,879898,DF
2019-2020,856638,DF
2019-2020,201918,DF
2019-2020,825959,DF
2019-2020,28142,MF
2019-2020,826707,DF
2019-2020,939609,DF
2019-2020,66514,DF
2019-2020,985262,DF
2019-2020,940993,DF
2019-2020,867734,DF
2019-2020,168909,Off_MF
2019-2020,960079,MF
2019-2020,980623,FW
2019-2020,312908,DF
2019-2020,1006486,DF
2019-2020,809219,DF
2019-2020,37191,FW
2019-2020,50485,FW
2019-2020,169165,FW
2019-2020,867445,MF
2019-2020,131342,DF
2019-2020,988839,FW
2019-2020,106328,FW
2019-2020,29774,FW
2019-2020,823127,FW
2019-2020,937324,MF
2019-2020,66309,FW
2019-2020,346262,Off_MF
2019-2020,867438,DF
2019-2020,239632,DF
2019-2020,787367,FW
2019-2020,980628,FW
2019-2020,927175,DF
2019-2020,14922,FW
2019-2020,67866,DF
2019-2020,295137,FW
2019-2020,208988,DF
2019-2020,828971,DF
2019-2020,1034124,FW
2019-2020,189009,FW
2019-2020,831983,MF
2019-2020,901470,DF
2019-2020,123399,FW
2019-2020,26995,MF
2019-2020,180511,Off_MF
2019-2020,847025,FW
2019-2020,782240,MF
2019-2020,38502,MF
2019-2020,895306,Def_MF
2019-2020,254001,FW
2019-2020,108452,Off_MF
2019-2020,358306,Off_MF
2019-2020,46998,DF
2019-2020,876242,DF
2019-2020,856905,FW
2019-2020,927353,Off_MF
2019-2020,21501,DF
2019-2020,936752,DF
2019-2020,909668,MF
2019-2020,865912,Off_MF
2019-2020,26060,MF
2019-2020,358540,Off_MF
2019-2020,96702,MF
2019-2020,803185,Off_MF
2019-2020,941163,MF
2019-2020,978285,DF
2019-2020,30376,Off_MF
2019-2020,928236,DF
2019-2020,869943,FW
2019-2020,190147,FW
2019-2020,93868,DF
2019-2020,826190,DF
2019-2020,326343,MF
2019-2020,795260,DF
2019-2020,38642,MF
2019-2020,282247,FW
2019-2020,108484,DF
2019-2020,796085,FW
2019-2020,979128,Off_MF
2019-2020,932856,MF
2019-2020,812829,DF
2019-2020,841065,FW
2019-2020,10086,FW
2019-2020,981053,FW
2019-2020,845083,Off_MF
2019-2020,606346,DF
2019-2020,349436,MF
2019-2020,885663,FW
2019-2020,989535,DF
2019-2020,134543,FW
2019-2020,22086,FW
2019-2020,1009623,MF
2019-2020,928857,FW
2019-2020,362686,FW
2019-2020,925133,DF
2019-2020,867858,Off_MF
2019-2020,82703,MF
2019-2020,793175,FW
2019-2020,822496,Off_MF
2019-2020,3305,Off_MF
2019-2020,809220,Off_MF
2019-2020,94283,DF
2019-2020,921362,FW
2019-2020,3095,FW
2019-2020,851223,MF
2019-2020,840150,MF
2019-2020,227194,FW
2019-2020,147229,Off_MF
2019-2020,329563,FW
2019-2020,980418,DF
2019-2020,826010,MF
2019-2020,155718,MF
2019-2020,877842,Def_MF
2019-2020,46800,DF
2019-2020,97938,FW
2019-2020,877841,Off_MF
2019-2020,822600,MF
2019-2020,42930,Def_MF
2019-2020,796444,DF
2019-2020,577194,DF
2019-2020,368854,DF
2019-2020,840510,Off_MF
2019-2020,960049,Off_MF
2019-2020,944572,DF
2019-2020,65953,FW
2019-2020,100570,FW
2019-2020,894474,DF
2019-2020,793702,FW
2019-2020,153440,MF
2019-2020,825851,FW
2019-2020,601962,MF
2019-2020,817979,DF
2019-2020,29735,MF
2019-2020,826552,DF
2019-2020,933426,MF
2019-2020,358204,Def_MF
2019-2020,352650,MF
2019-2020,907668,MF
2019-2020,122570,DF
2019-2020,988275,DF
2019-2020,53757,DF
2019-2020,44326,MF
2019-2020,287573,MF
2019-2020,877103,DF
2019-2020,879543,DF
2019-2020,965008,FW
2019-2020,927975,MF
2019-2020,796086,DF
2019-2020,790103,DF
2019-2020,309510,MF
2019-2020,2009,DF
2019-2020,48543,DF
2019-2020,270287,FW
2019-2020,284441,Off_MF
2019-2020,14250,FW
2019-2020,121973,FW
2019-2020,142525,DF
2019-2020,335047,Off_MF
2019-2020,31861,FW
2019-2020,38094,MF
2019-2020,113593,MF
2019-2020,919805,Off_MF
2019-2020,857178,MF
2019-2020,826651,FW
2019-2020,133735,FW
2019-2020,187119,FW
2019-2020,911851,FW
2019-2020,38172,FW
2019-2020,879850,FW
2019-2020,104822,MF
2019-2020,927356,DF
2019-2020,43605,DF
2019-2020,548050,FW
2019-2020,124802,DF
2019-2020,816839,DF
2019-2020,893998,DF
2019-2020,914212,FW
2019-2020,332,FW
2019-2020,14695,Def_MF
2019-2020,934249,MF
2019-2020,861324,MF
2019-2020,862481,DF
2019-2020,925097,DF
2019-2020,147745,FW
2019-2020,41558,FW
2019-2020,830250,DF
2019-2020,40981,Def_MF
2019-2020,10507,DF
2019-2020,123264,MF
2019-2020,155818,FW
2019-2020,124960,MF
2019-2020,849719,FW
2019-2020,939830,FW
2019-2020,826004,MF
2019-2020,115666,DF
2019-2020,148314,FW
2019-2020,858148,DF
2019-2020,129874,DF
2019-2020,851282,DF
2019-2020,54330,MF
2019-2020,122942,Off_MF
2019-2020,106249,FW
2019-2020,18248,MF
2019-2020,96369,FW
2019-2020,865651,Off_MF
2019-2020,352938,FW
2019-2020,991584,Off_MF
2019-2020,47549,DF
2019-2020,586596,FW
2019-2020,153161,DF
2019-2020,866469,MF
2019-2020,248529,FW
2019-2020,287887,DF
2019-2020,914412,DF
2019-2020,291913,DF
2019-2020,4634,MF
2019-2020,794953,DF
2019-2020,146852,FW
2019-2020,942992,DF
2019-2020,844498,MF
2019-2020,921032,FW
2019-2020,308764,FW
2019-2020,123166,MF
2019-2020,72127,FW
2019-2020,331753,FW
2019-2020,917007,FW
2019-2020,358424,Off_MF
2019-2020,914765,MF
2019-2020,979563,DF
2019-2020,807117,DF
2019-2020,18083,DF
2019-2020,885179,Off_MF
2019-2020,930584,Off_MF
2019-2020,2033,FW
2019-2020,826208,Off_MF
2019-2020,345193,DF
2019-2020,824200,FW
2019-2020,807889,Def_MF
2019-2020,331837,FW
2019-2020,591132,Off_MF
2019-2020,41448,Off_MF
2019-2020,25552,DF
2019-2020,944893,DF
2019-2020,138126,DF
2019-2020,984789,DF
2019-2020,794536,Off_MF
2019-2020,85222,DF
2019-2020,293127,DF
2019-2020,60184,Off_MF
2019-2020,39733,FW
2019-2020,187313,MF
2019-2020,146518,FW
2019-2020,814735,DF
2019-2020,361004,FW
2019-2020,43903,Off_MF
2019-2020,345333,DF
2019-2020,16121,Off_MF
2019-2020,340509,FW
2019-2020,836698,DF
2019-2020,353250,DF
2019-2020,75994,DF
2019-2020,930360,MF
2019-2020,874535,Off_MF
2019-2020,311396,Off_MF
2019-2020,581464,FW
2019-2020,255997,Off_MF
2019-2020,22566,MF
2019-2020,895324,Off_MF
2019-2020,139798,Off_MF
2019-2020,989056,MF
2019-2020,818244,FW
2019-2020,33910,Def_MF
2019-2020,941077,DF
2019-2020,76120,DF
2019-2020,70630,DF
2019-2020,591140,FW
2019-2020,945217,DF
2019-2020,31703,Off_MF
2019-2020,881222,FW
2019-2020,1019322,FW
2019-2020,800951,DF
2019-2020,970978,DF
2019-2020,109851,FW
2019-2020,592098,DF
2019-2020,891932,Off_MF
2019-2020,275959,DF
2019-2020,940871,DF
2019-2020,788768,Def_MF
2019-2020,133236,DF
2019-2020,106288,Off_MF
2019-2020,13989,MF
2019-2020,909119,FW
2019-2020,44806,MF
2019-2020,552180,DF
2019-2020,801378,FW
2019-2020,17054,Off_MF
2019-2020,325121,FW
2019-2020,987617,Off_MF
2019-2020,67769,DF
2019-2020,51652,MF
2019-2020,11657,DF
2019-2020,809276,FW
2019-2020,970435,MF
2019-2020,18987,MF
2019-2020,963399,FW
2019-2020,181575,DF
2019-2020,12189,DF
2019-2020,769783,Off_MF
2019-2020,110850,DF
2019-2020,3275,MF
2019-2020,132645,FW
2019-2020,143786,Off_MF
2019-2020,9766,DF
2019-2020,839982,DF
2019-2020,288073,FW
2019-2020,49120,FW
2019-2020,921361,DF
2019-2020,806968,DF
2019-2020,828969,Off_MF
2019-2020,107414,Off_MF
2019-2020,948184,MF
2019-2020,187121,FW
2019-2020,31585,DF
2019-2020,556960,DF
2019-2020,15635,MF
2019-2020,319129,FW
2019-2020,257587,Off_MF
2019-2020,169233,MF
2019-2020,190137,DF
2019-2020,20375,DF
2019-2020,33903,FW
2019-2020,914902,Off_MF
2019-2020,991595,DF
2019-2020,966862,FW
2019-2020,88528,DF
2019-2020,831399,FW
2019-2020,34312,FW
2019-2020,184417,DF
2019-2020,37761,DF
2019-2020,366760,DF
2019-2020,21626,FW
2019-2020,132318,DF
2019-2020,1003007,DF
2019-2020,982615,FW
2019-2020,252313,DF
2019-2020,267621,Off_MF
2019-2020,917087,Off_MF
2019-2020,369546,DF
2019-2020,153974,DF
2019-2020,17597,DF
2019-2020,846356,Off_MF
2019-2020,795268,Off_MF
2019-2020,787352,Off_MF
2019-2020,793323,DF
2019-2020,923803,MF
2019-2020,828239,DF
2019-2020,137667,DF
2019-2020,53770,DF
2019-2020,876842,DF
2019-2020,37126,FW
2019-2020,29773,Off_MF
2019-2020,23666,MF
2019-2020,233826,DF
2019-2020,281277,DF
2019-2020,359664,FW
2019-2020,156401,DF
2019-2020,41302,FW
2019-2020,985923,Off_MF
2019-2020,855830,DF
2019-2020,9692,Off_MF
2019-2020,943713,DF
2019-2020,26404,DF
2019-2020,845137,FW
2019-2020,11692,FW
2019-2020,98454,DF
2019-2020,855731,Off_MF
2019-2020,851222,Off_MF
2019-2020,901842,Off_MF
2019-2020,591588,Off_MF
2019-2020,142104,DF
2019-2020,79853,Off_MF
2019-2020,893640,FW
2019-2020,51299,Off_MF
2019-2020,139235,MF
2019-2020,46707,Off_MF
2019-2020,122921,MF
2019-2020,230766,FW
2019-2020,284361,DF
2019-2020,66518,FW
2019-2020,892624,DF
2019-2020,966837,MF
2019-2020,836693,DF
2019-2020,49518,DF
2019-2020,209374,FW
2019-2020,789984,FW
2019-2020,352736,DF
2019-2020,891793,FW
2019-2020,122573,FW
2019-2020,97409,FW
2019-2020,786305,FW
2019-2020,355072,FW
2019-2020,8843,DF
2019-2020,47568,MF
2019-2020,836706,MF
2019-2020,802850,MF
2019-2020,330675,DF
2019-2020,383406,Off_MF
2019-2020,155449,Off_MF
2019-2020,880525,DF
2019-2020,352544,Off_MF
2019-2020,52663,DF
2019-2020,553488,FW
2019-2020,26315,DF
2019-2020,190859,MF
2019-2020,82474,MF
2019-2020,356024,FW
2019-2020,830858,FW
2019-2020,335887,MF
2019-2020,96649,FW
2019-2020,121180,DF
2019-2020,1010726,FW
2019-2020,792312,MF
2019-2020,886286,DF
2019-2020,341589,MF
2019-2020,910026,Off_MF
2019-2020,922896,FW
2019-2020,41963,DF
2019-2020,96116,DF
2019-2020,794950,FW
2019-2020,859027,MF
2019-2020,826215,DF
2019-2020,863271,DF
2019-2020,31273,FW
2019-2020,839110,MF
2019-2020,992567,Off_MF
2019-2020,791176,DF
2019-2020,802149,FW
2019-2020,826293,DF
2019-2020,129724,FW
2019-2020,988963,MF
2019-2020,74839,DF
2019-2020,793228,DF
2019-2020,51421,FW
2019-2020,70153,DF
2019-2020,37629,MF
2019-2020,801391,Off_MF
2019-2020,603738,DF
2019-2020,914691,DF
2019-2020,904832,MF
2019-2020,176615,FW
2019-2020,317301,MF
2019-2020,845750,MF
2019-2020,11796,DF
2019-2020,74506,DF
2019-2020,97925,DF
2019-2020,282665,Off_MF
2019-2020,333589,DF
2019-2020,826551,MF
2019-2020,8713,FW
2019-2020,862470,FW
2019-2020,21521,FW
2019-2020,122711,MF
2019-2020,22100,DF
2019-2020,32213,DF
2019-2020,280553,FW
2019-2020,157143,FW
2019-2020,888949,DF
2019-2020,96490,Def_MF
2019-2020,40983,DF
2019-2020,355046,DF
2019-2020,49805,Off_MF
2019-2020,355152,Off_MF
2019-2020,138146,Off_MF
2019-2020,801837,FW
2019-2020,842188,MF
2019-2020,941161,FW
2019-2020,14108,DF
2019-2020,865798,DF
2019-2020,355048,DF
2019-2020,827064,Off_MF
2019-2020,156004,MF
2019-2020,885683,DF
2019-2020,182001,Off_MF
2019-2020,826139,FW
2019-2020,18998,FW
2019-2020,858194,FW
2019-2020,830667,MF
2019-2020,15823,MF
2019-2020,158573,DF
2019-2020,343067,MF
2019-2020,865167,DF
2019-2020,32742,DF
2019-2020,168937,DF
2019-2020,186845,MF
2019-2020,9645,DF
2019-2020,107025,FW
2019-2020,580800,DF
2019-2020,757730,Off_MF
2019-2020,553454,DF
2019-2020,846441,MF
2019-2020,143587,Off_MF
2019-2020,187431,Off_MF
2019-2020,48716,DF
2019-2020,785444,FW
2019-2020,892735,DF
2019-2020,35428,FW
2019-2020,840219,FW
2019-2020,37805,Def_MF
2019-2020,922573,FW
2019-2020,921216,FW
2019-2020,192268,MF
2019-2020,931290,MF
2019-2020,937741,DF
2019-2020,294641,FW
2019-2020,148458,FW
2019-2020,941300,DF
2019-2020,116570,Off_MF
2019-2020,822372,MF
2019-2020,111229,FW
2019-2020,42892,DF
2019-2020,136262,Off_MF
2019-2020,869644,DF
2019-2020,84251,MF
2019-2020,2640,Off_MF
2019-2020,913732,DF
2019-2020,17100,DF
2019-2020,851262,FW
2019-2020,326021,Off_MF
2019-2020,190851,FW
2019-2020,102703,MF
2019-2020,828571,DF
2019-2020,906049,FW
2019-2020,893643,FW
2019-2020,826195,DF
2019-2020,4726,Off_MF
2019-2020,914522,Def_MF
2019-2020,163383,DF
2019-2020,812126,Off_MF
2019-2020,901891,FW
2019-2020,2022918,MF
2019-2020,17799,MF
2019-2020,142680,MF
2019-2020,361788,DF
2019-2020,106572,FW
2019-2020,139273,DF
2019-2020,846471,DF
2019-2020,288321,DF
2019-2020,56601,FW
2019-2020,118982,FW
2019-2020,4370,MF
2019-2020,871765,MF
2019-2020,39623,DF
2019-2020,142613,MF
2019-2020,22337,DF
2019-2020,24818,DF
2019-2020,40326,FW
2019-2020,823085,DF
2019-2020,51501,DF
2019-2020,361798,FW
2019-2020,841854,FW
2019-2020,257153,MF
2019-2020,189127,FW
2019-2020,69295,DF
2019-2020,858705,MF
2019-2020,108412,DF
2019-2020,44823,Off_MF
2019-2020,866810,DF
2019-2020,39015,DF
2019-2020,190399,FW
2019-2020,125625,DF
2019-2020,328109,Def_MF
2019-2020,255873,Off_MF
2019-2020,255241,DF
2019-2020,136935,DF
2019-2020,294313,Off_MF
2019-2020,246319,MF
2019-2020,852145,FW
2019-2020,794937,MF
2019-2020,913654,DF
2019-2020,966801,Off_MF
2019-2020,235672,FW
2019-2020,24601,FW
2019-2020,284363,FW
2019-2020,886363,FW
2019-2020,129927,FW
2019-2020,789071,Off_MF
2019-2020,37752,DF
2019-2020,152390,Off_MF
2019-2020,368120,MF
2019-2020,73951,FW
2019-2020,822708,MF
2019-2020,28367,Off_MF
2019-2020,156566,DF
2019-2020,888537,FW
2019-2020,944142,Off_MF
2019-2020,3226,MF
2019-2020,257205,Off_MF
2019-2020,215956,DF
2019-2020,114379,FW
2019-2020,126699,FW
2019-2020,877978,DF
2019-2020,48022,FW
2019-2020,183249,DF
2019-2020,285989,DF
2019-2020,36949,DF
2019-2020,46972,FW
2019-2020,257421,MF
2019-2020,1262,DF
2019-2020,88859,DF
2019-2020,15857,MF
2019-2020,39480,DF
2019-2020,352966,FW
2019-2020,826202,DF
2019-2020,55119,Off_MF
2019-2020,855829,DF
2019-2020,794269,MF
2019-2020,295133,DF
2019-2020,31814,MF
2019-2020,114157,Off_MF
2019-2020,105176,FW
2019-2020,824130,FW
2019-2020,876214,DF
2019-2020,20097,FW
2019-2020,13270,MF
2019-2020,332257,FW
2019-2020,47908,FW
2019-2020,358394,MF
2019-2020,142208,DF
2019-2020,89510,Off_MF
2019-2020,587074,DF
2019-2020,105951,DF
2019-2020,87223,DF
2019-2020,845271,DF
2019-2020,363774,DF
2019-2020,51321,DF
2019-2020,26231,FW
2019-2020,255389,MF
2019-2020,799195,DF
2019-2020,365772,MF
2019-2020,349568,Off_MF
2019-2020,333243,DF
2019-2020,58488,FW
2019-2020,229722,FW
2019-2020,33902,FW
2019-2020,328035,DF
2019-2020,41008,Off_MF
2019-2020,32664,DF
2019-2020,123228,Off_MF
2019-2020,169255,MF
2019-2020,840451,FW
2019-2020,143593,DF
2019-2020,111483,FW
2019-2020,66477,MF
2019-2020,40677,DF
2019-2020,139410,DF
2019-2020,21600,DF
2019-2020,894733,MF
2019-2020,795044,FW
2019-2020,39009,MF
2019-2020,363042,DF
2019-2020,340525,DF
2019-2020,41653,DF
2019-2020,827804,Off_MF
2019-2020,255239,Off_MF
2019-2020,169113,FW
2019-2020,280453,FW
2019-2020,232118,FW
2019-2020,74201,DF
2019-2020,158235,DF
2019-2020,547242,DF
2019-2020,835601,FW
2019-2020,100568,DF
2019-2020,16710,DF
2019-2020,373740,DF
2019-2020,136924,DF
2019-2020,888550,Off_MF
2019-2020,875293,DF
2019-2020,317699,FW
2019-2020,3574,MF
2019-2020,135775,DF
2019-2020,357756,DF
2019-2020,867442,FW
2019-2020,175415,Off_MF
2019-2020,74139,FW
2019-2020,47737,Off_MF
2019-2020,966295,FW
2019-2020,40323,DF
2019-2020,758876,FW
2019-2020,47171,FW
2019-2020,974087,MF
2019-2020,146218,Off_MF
2019-2020,221738,Off_MF
2019-2020,869413,Off_MF
2019-2020,802665,FW
2019-2020,849573,FW
2019-2020,131815,DF
2019-2020,312388,Off_MF
2019-2020,155802,Def_MF
2019-2020,232224,MF
2019-2020,825750,FW
2019-2020,319857,DF
2019-2020,287943,FW
2019-2020,137978,MF
2019-2020,188269,Off_MF
2019-2020,16586,DF
2019-2020,833057,MF
2019-2020,123977,FW
2019-2020,354558,Off_MF
2019-2020,609226,FW
2019-2020,916041,MF
2019-2020,859765,FW
2019-2020,153220,FW
2019-2020,848458,FW
2019-2020,377206,DF
2019-2020,96536,FW
2019-2020,865740,DF
2019-2020,111803,DF
2019-2020,812946,FW
2019-2020,552884,FW
2019-2020,1023080,DF
2019-2020,352370,DF
2019-2020,126733,Def_MF
2019-2020,34120,FW
2019-2020,818413,DF
2019-2020,96366,FW
2019-2020,138546,DF
2019-2020,253993,MF
2019-2020,816810,FW
2019-2020,191182,Off_MF
2019-2020,98003,MF
2019-2020,167855,Off_MF
2019-2020,847467,DF
2019-2020,869910,Off_MF
2019-2020,143871,DF
2019-2020,230050,DF
2019-2020,227866,DF
2019-2020,518,MF
2019-2020,98450,MF
2019-2020,21134,DF
2019-2020,19373,MF
2019-2020,205508,Off_MF
2019-2020,609752,MF
2019-2020,791,MF
2019-2020,174975,DF
2019-2020,314040,DF
2019-2020,906800,MF
2019-2020,879349,FW
2019-2020,891931,MF
2019-2020,98197,MF
2019-2020,14376,FW
2019-2020,267619,DF
2019-2020,825088,FW
2019-2020,47625,MF
2019-2020,793167,Off_MF
2019-2020,126236,Off_MF
2019-2020,814589,DF
2019-2020,96547,DF
2019-2020,108538,FW
2019-2020,880775,FW
2019-2020,188355,DF
2019-2020,800419,MF
2019-2020,138156,MF
2019-2020,877102,DF
2019-2020,362222,DF
2019-2020,359642,FW
2019-2020,187437,FW
2019-2020,16674,FW
2019-2020,132852,MF
2019-2020,576382,FW
2019-2020,15152,DF
2019-2020,46432,Off_MF
2019-2020,826841,DF
2019-2020,31517,MF
2019-2020,249629,Off_MF
2019-2020,148566,FW
2019-2020,966441,DF
2019-2020,361342,MF
2019-2020,826205,DF
2019-2020,804619,DF
2019-2020,802138,MF
2019-2020,41668,DF
2019-2020,366592,DF
2019-2020,795128,DF
2019-2020,41116,Off_MF
2019-2020,798002,MF
2019-2020,941168,DF
2019-2020,350358,MF
2019-2020,39070,FW
2019-2020,842931,FW
2019-2020,152420,DF
2019-2020,2951,DF
2019-2020,609706,DF
2019-2020,27009,MF
2019-2020,894238,FW
2019-2020,327429,DF
2019-2020,927368,DF
2019-2020,235400,DF
2019-2020,347494,DF
2019-2020,945062,MF
2019-2020,845486,MF
2019-2020,137053,DF
2019-2020,33901,DF
2019-2020,827681,DF
2019-2020,914835,DF
2019-2020,830551,DF
2019-2020,116952,Off_MF
2019-2020,138833,FW
2019-2020,910536,FW
2019-2020,237068,MF
2019-2020,150396,DF
2019-2020,859024,MF
2019-2020,822519,DF
2019-2020,796723,FW
2019-2020,155997,DF
2019-2020,385320,FW
2019-2020,16779,DF
2019-2020,152082,DF
2019-2020,962883,FW
2019-2020,349224,DF
2019-2020,156009,MF
2019-2020,37313,DF
2019-2020,32787,DF
2019-2020,148710,FW
2019-2020,799041,MF
2019-2020,857205,DF
2019-2020,845084,FW
2019-2020,807400,MF
2019-2020,190917,Off_MF
2019-2020,23571,Off_MF
2019-2020,20514,FW
2019-2020,796987,Off_MF
2019-2020,100408,DF
2019-2020,848276,FW
2019-2020,243175,DF
2019-2020,328519,DF
2019-2020,583838,DF
2019-2020,883262,DF
2019-2020,113700,DF
2019-2020,839956,FW
2019-2020,253517,Off_MF
2019-2020,190877,DF
2019-2020,579576,DF
2019-2020,138387,FW
2019-2020,158583,DF
2019-2020,862194,MF
2019-2020,27583,FW
2019-2020,857179,MF
2019-2020,844234,MF
2019-2020,99104,MF
2019-2020,320979,FW
2019-2020,41310,MF
2019-2020,928672,DF
2019-2020,263505,MF
2019-2020,15354,FW
2019-2020,808590,FW
2019-2020,30243,DF
2019-2020,286103,FW
2019-2020,541574,DF
2019-2020,848355,DF
2019-2020,149734,DF
2019-2020,105734,Off_MF
2019-2020,215246,MF
2019-2020,354510,FW
2019-2020,227942,DF
2019-2020,787827,DF
2019-2020,98435,Off_MF
2019-2020,839981,Off_MF
2019-2020,225092,DF
2019-2020,48660,DF
2019-2020,11654,MF
2019-2020,831424,DF
2019-2020,859025,MF
2019-2020,352802,MF
2019-2020,773409,FW
2019-2020,861317,Off_MF
2019-2020,168801,FW
2019-2020,594426,DF
2019-2020,151138,DF
2019-2020,116623,MF
2019-2020,330063,DF
2019-2020,152077,DF
2019-2020,204790,MF
2019-2020,818440,FW
2019-2020,151960,Off_MF
2019-2020,143398,DF
2019-2020,129916,MF
2019-2020,218298,MF
2019-2020,135647,MF
2019-2020,838232,MF
2019-2020,596736,DF
2019-2020,795004,MF
2019-2020,21931,FW
2019-2020,553686,MF
2019-2020,51785,Off_MF
2019-2020,187423,DF
2019-2020,301288,FW
2019-2020,827386,MF
2019-2020,116692,MF
2019-2020,16776,FW
2019-2020,51640,FW
2019-2020,123229,MF
2019-2020,44136,DF
2019-2020,188365,DF
2019-2020,147775,DF
2019-2020,227862,Off_MF
2019-2020,32606,MF
2019-2020,355088,Off_MF
2019-2020,110508,Off_MF
2019-2020,902049,FW
2019-2020,138573,FW
2019-2020,796082,MF
2019-2020,886243,DF
2019-2020,328145,FW
2019-2020,138150,DF
2019-2020,249893,FW
2019-2020,254171,DF
2019-2020,42110,DF
2019-2020,330677,Off_MF
2019-2020,797893,DF
2019-2020,103012,DF
2019-2020,141664,DF
2019-2020,339447,DF
2019-2020,845930,DF
2019-2020,101789,Off_MF
2019-2020,103417,FW
2019-2020,794927,MF
2019-2020,558738,FW
2019-2020,10589,DF
2019-2020,288205,Off_MF
2019-2020,45680,DF
2019-2020,24248,DF
2019-2020,871822,MF
2019-2020,796374,FW
2019-2020,24048,MF
2019-2020,845290,DF
2019-2020,365992,DF
2019-2020,248125,DF
2019-2020,846445,FW
2019-2020,37386,Off_MF
2019-2020,280435,DF
2019-2020,796512,FW
2019-2020,338651,DF
2019-2020,111802,MF
2019-2020,38710,FW
2019-2020,89894,DF
2019-2020,138892,DF
2019-2020,8944,DF
2019-2020,188405,FW
2019-2020,126670,FW
2019-2020,283083,FW
2019-2020,124318,MF
2019-2020,27569,DF
2019-2020,174519,FW
2019-2020,887581,MF
2019-2020,923894,DF
2019-2020,122702,Off_MF
2019-2020,68332,Def_MF
2019-2020,353130,DF
2019-2020,138381,FW
2019-2020,40239,DF
2019-2020,893062,DF
2019-2020,30127,MF
2019-2020,135264,FW
2019-2020,101451,Off_MF
2019-2020,72805,MF
2019-2020,352916,DF
2019-2020,129452,FW
2019-2020,185995,DF
2019-2020,23486,FW
2019-2020,789886,MF
2019-2020,55570,DF
2019-2020,890329,FW
2019-2020,21535,DF
2019-2020,377108,FW
2019-2020,128587,DF
2019-2020,825681,FW
2019-2020,131108,DF
2019-2020,21881,MF
2019-2020,350170,FW
2019-2020,976396,MF
2019-2020,55314,FW
2019-2020,148191,MF
2019-2020,218160,FW
2019-2020,153218,DF
2019-2020,16189,FW
2019-2020,895579,FW
2019-2020,844842,MF
2019-2020,138827,DF
2019-2020,119242,FW
2019-2020,781556,DF
2019-2020,855676,DF
2019-2020,45970,FW
2019-2020,95791,DF
2019-2020,19343,MF
2019-2020,20278,DF
2019-2020,280979,Off_MF
2019-2020,233114,FW
2019-2020,319861,FW
2019-2020,95381,MF
2019-2020,152263,DF
2019-2020,359742,MF
2019-2020,130801,DF
2019-2020,877918,DF
2019-2020,122922,DF
2019-2020,904991,DF
2019-2020,836683,DF
2019-2020,287643,DF
2019-2020,34391,DF
2019-2020,168647,MF
2019-2020,823298,DF
2019-2020,241488,Off_MF
2019-2020,158277,MF
2019-2020,158615,MF
2019-2020,931278,DF
2019-2020,138890,FW
2019-2020,52740,MF
2019-2020,238708,FW
2019-2020,10501,Off_MF
2019-2020,788255,DF
2019-2020,367096,MF
2019-2020,254713,DF
2019-2020,15190,FW
2019-2020,47992,FW
2019-2020,280609,FW
2019-2020,129479,FW
2019-2020,41605,DF
2019-2020,44760,DF
2019-2020,188407,FW
2019-2020,803028,Off_MF
2019-2020,796358,MF
2019-2020,42699,DF
2019-2020,930271,DF
2019-2020,124712,Off_MF
2019-2020,19394,MF
2019-2020,942116,FW
2019-2020,17814,DF
2019-2020,795257,DF
2019-2020,280439,FW
2019-2020,243719,DF
2019-2020,831781,DF
2019-2020,51349,MF
2019-2020,842513,DF
2019-2020,36784,Off_MF
2019-2020,98212,DF
2019-2020,6948,DF
2019-2020,253387,DF
2019-2020,4392,DF
2019-2020,146101,DF
2019-2020,106726,MF
2019-2020,552680,DF
2019-2020,797290,DF
2019-2020,140992,FW
2019-2020,21212,FW
2019-2020,548188,MF
2019-2020,51453,DF
2019-2020,27028,FW
2019-2020,813523,Off_MF
2019-2020,168943,FW
2019-2020,916680,FW
2019-2020,833030,DF
2019-2020,96370,FW
2019-2020,813738,DF
2019-2020,158397,MF
2019-2020,2089,FW
2019-2020,19208,DF
2019-2020,150865,MF
2019-2020,868812,FW
2019-2020,604274,DF
2019-2020,98440,DF
2019-2020,962408,DF
2019-2020,353138,MF
2019-2020,330705,MF
2019-2020,346516,Off_MF
2019-2020,71952,DF
2019-2020,822878,MF
2019-2020,15800,DF
2019-2020,40360,MF
2019-2020,246431,FW
2019-2020,44563,DF
2019-2020,866191,MF
2019-2020,142061,DF
2019-2020,220315,MF
2019-2020,801280,FW
2019-2020,150383,MF
2019-2020,137017,FW
2019-2020,945404,DF
2019-2020,90168,DF
2019-2020,846470,FW
2019-2020,352768,DF
2019-2020,333261,FW
2019-2020,151470,MF
2019-2020,96368,DF
2019-2020,97926,DF
2019-2020,287833,DF
2019-2020,44577,DF
2019-2020,605338,FW
2019-2020,148196,MF
2019-2020,135590,Off_MF
2019-2020,152769,FW
2019-2020,10486,FW
2019-2020,108584,DF
2019-2020,842709,FW
2019-2020,44138,MF
2019-2020,43941,MF
2019-2020,838688,DF
2019-2020,76178,DF
2019-2020,25530,FW
2019-2020,851284,FW
2019-2020,18841,FW
2019-2020,52093,FW
2019-2020,5712,FW
2019-2020,254119,FW
2019-2020,119159,Off_MF
2019-2020,904827,DF
2019-2020,34221,MF
2019-2020,880796,FW
2019-2020,897594,DF
2019-2020,67647,FW
2019-2020,88697,FW
2019-2020,108574,FW
2019-2020,608362,Off_MF
2019-2020,142568,DF
2019-2020,69408,DF
2019-2020,94758,DF
2019-2020,220131,DF
2019-2020,147776,Off_MF
2019-2020,23996,MF
2019-2020,846439,DF
2019-2020,14914,DF
2019-2020,16176,Off_MF
2019-2020,124992,DF
2019-2020,846447,DF
2019-2020,605650,FW
2019-2020,18984,FW
2019-2020,797306,DF
2019-2020,152206,MF
2019-2020,44228,DF
2019-2020,826679,DF
2019-2020,192266,DF
2019-2020,577726,DF
2019-2020,605552,FW
2019-2020,17094,FW
2019-2020,103289,FW
2019-2020,826203,DF
2019-2020,359388,DF
2019-2020,235460,MF
2019-2020,147269,MF
2019-2020,814624,MF
2019-2020,801003,DF
2019-2020,110967,MF
2019-2020,120443,FW
2019-2020,34125,DF
2019-2020,938270,FW
2019-2020,229740,DF
2019-2020,51444,DF
2019-2020,32260,FW
2019-2020,155995,MF
2019-2020,247665,DF
2019-2020,356032,DF
2019-2020,845385,Off_MF
2019-2020,136322,DF
2019-2020,126691,MF
2019-2020,318967,MF
2019-2020,330099,MF
2019-2020,285949,Off_MF
2019-2020,10577,Off_MF
2019-2020,887055,FW
2019-2020,581328,DF
2019-2020,365358,MF
2019-2020,580952,DF
2019-2020,839112,FW
2019-2020,798835,MF
2019-2020,139225,DF
2019-2020,825956,Off_MF
2019-2020,138828,DF
2019-2020,183483,FW
2019-2020,37092,Off_MF
2019-2020,976141,MF
2019-2020,120538,DF
2019-2020,845273,MF
2019-2020,152276,Off_MF
2019-2020,848080,DF
2019-2020,832208,FW
2019-2020,848082,MF
2019-2020,43908,DF
2019-2020,864898,FW
2019-2020,945063,DF
2019-2020,17787,DF
2019-2020,36704,DF
2019-2020,280441,FW
2019-2020,82555,MF
2019-2020,845274,Off_MF
2019-2020,823941,FW
2019-2020,249627,DF
2019-2020,787542,Off_MF
2019-2020,9127,Off_MF
2019-2020,785468,DF
2019-2020,754794,MF
2019-2020,184661,MF
2019-2020,44104,DF
2019-2020,826643,FW
2019-2020,10597,DF
2019-2020,851596,FW
2019-2020,885908,DF
2019-2020,788895,MF
2019-2020,169257,FW
2019-2020,156682,MF
2019-2020,3209,FW
2019-2020,139397,MF
2019-2020,208234,DF
2019-2020,158599,DF
2019-2020,67507,DF
2019-2020,343955,DF
2019-2020,81992,DF
2019-2020,37151,Off_MF
2019-2020,362682,DF
2019-2020,100574,Off_MF
2019-2020,195850,Off_MF
2019-2020,386608,FW
2019-2020,831400,Off_MF
2019-2020,255189,DF
2019-2020,331405,DF
2019-2020,153966,MF
2019-2020,148899,DF
2019-2020,39472,DF
2019-2020,583450,DF
2019-2020,352296,FW
2019-2020,78781,FW
2019-2020,949785,MF
2019-2020,157683,FW
2019-2020,67739,MF
2019-2020,140010,MF
2019-2020,892924,Off_MF
2019-2020,294597,Off_MF
2019-2020,137719,DF
2019-2020,33541,DF
2019-2020,892521,DF
2019-2020,286153,DF
2019-2020,142619,MF
2019-2020,23213,DF
2019-2020,190159,FW
2019-2020,122848,DF
2019-2020,325129,Off_MF
2019-2020,787540,Off_MF
2019-2020,3504,FW
2019-2020,44241,MF
2019-2020,32124,DF
2019-2020,39482,MF
2019-2020,243049,Off_MF
2019-2020,822703,DF
2019-2020,88494,Off_MF
2019-2020,7635,MF
2019-2020,86528,DF
2019-2020,789381,FW
2019-2020,130433,DF
2019-2020,352770,Off_MF
2019-2020,231776,MF
2019-2020,38716,Off_MF
2019-2020,12656,MF
2019-2020,829093,MF
2019-2020,210082,DF
2019-2020,800408,MF
2019-2020,94300,FW
2019-2020,256683,DF
2019-2020,123164,DF
2019-2020,186855,MF
2019-2020,159701,FW
2019-2020,171961,Off_MF
2019-2020,48335,DF
2019-2020,318607,DF
2019-2020,150212,DF
2019-2020,14933,DF
2019-2020,511,MF
2019-2020,822877,FW
2019-2020,799634,Off_MF
2019-2020,138383,Off_MF
2019-2020,585170,MF
2019-2020,791314,FW
2019-2020,69367,Off_MF
2019-2020,142390,MF
2019-2020,802143,DF
2019-2020,900433,Off_MF
2019-2020,16590,Off_MF
2019-2020,48077,FW
2019-2020,377302,DF
2019-2020,146853,DF
2019-2020,16921,DF
2019-2020,355528,Off_MF
2019-2020,823476,MF
2019-2020,122701,FW
2019-2020,42147,MF
2019-2020,361420,FW
2019-2020,106337,MF
2019-2020,822923,Def_MF
2019-2020,41270,FW
2019-2020,61445,MF
2019-2020,172599,MF
2019-2020,827519,DF
2019-2020,357598,Off_MF
2019-2020,217784,DF
2019-2020,18342,MF
2019-2020,897291,FW
2019-2020,101882,DF
2019-2020,46799,MF
2019-2020,364618,DF
2019-2020,316170,MF
2019-2020,557166,FW
2019-2020,788170,DF
2019-2020,39283,MF
2019-2020,7058,DF
2019-2020,234230,Off_MF
2019-2020,126963,FW
2019-2020,2695,FW
2019-2020,37446,DF
2019-2020,31876,MF
2019-2020,17966,MF
2019-2020,32493,FW
2019-2020,831005,Off_MF
2019-2020,286167,MF
2019-2020,547838,MF
2019-2020,122811,MF
2019-2020,227900,DF
2019-2020,2322979,DF
2019-2020,76122,MF
2019-2020,142148,DF
2019-2020,351434,DF
2019-2020,26576,DF
2019-2020,142622,DF
2019-2020,3524,DF
2019-2020,21280,MF
2019-2020,117083,Off_MF
2019-2020,74915,DF
2019-2020,280721,Off_MF
2019-2020,787642,DF
2019-2020,579596,FW
2019-2020,12673,DF
2019-2020,791079,MF
2019-2020,149735,MF
2019-2020,223232,FW
2019-2020,168985,MF
2019-2020,848287,DF
2019-2020,817957,FW
2019-2020,147465,Off_MF
2019-2020,139262,DF
2019-2020,165413,FW
2019-2020,95153,MF
2019-2020,229544,DF
2019-2020,234148,MF
2019-2020,190839,DF
2019-2020,558522,DF
2019-2020,816115,DF
2019-2020,851671,FW
2019-2020,799054,MF
2019-2020,161325,FW
2019-2020,209768,MF
2019-2020,852404,MF
2019-2020,559470,MF
2019-2020,186795,DF
2019-2020,376382,MF
2019-2020,32952,Off_MF
2019-2020,934235,DF
2019-2020,339909,DF
2019-2020,38574,DF
2019-2020,325355,DF
2019-2020,103156,DF
2019-2020,787889,MF
2019-2020,84972,FW
2019-2020,43476,DF
2019-2020,47772,FW
2019-2020,914731,DF
2019-2020,329417,DF
2019-2020,3579,DF
2019-2020,855817,FW
2019-2020,53825,MF
2019-2020,879346,MF
2019-2020,308054,MF
2019-2020,139267,Off_MF
2019-2020,141832,DF
2019-2020,857740,DF
2019-2020,229776,Off_MF
2019-2020,14525,MF
2019-2020,798314,FW
2019-2020,780014,DF
2019-2020,147368,FW
2019-2020,22975,MF
2019-2020,588566,MF
2019-2020,581314,MF
2019-2020,24006,MF
2019-2020,797286,DF
2019-2020,19382,DF
2019-2020,48480,Off_MF
2019-2020,287057,MF
2019-2020,68076,DF
2019-2020,801287,DF
2019-2020,792397,DF
2019-2020,16429,DF
2019-2020,96544,Def_MF
2019-2020,27234,MF
2019-2020,792073,DF
2019-2020,340519,FW
2019-2020,960080,FW
2019-2020,329303,MF
2019-2020,15033,FW
2019-2020,580642,MF
2019-2020,73056,MF
2019-2020,576266,DF
2019-2020,331853,DF
2019-2020,839818,MF
2019-2020,259995,DF
2019-2020,159739,DF
2019-2020,592012,Off_MF
2019-2020,123388,DF
2019-2020,250453,FW
2019-2020,11781,Off_MF
2019-2020,835484,MF
2019-2020,556904,Def_MF
2019-2020,783716,DF
2019-2020,191204,DF
2019-2020,76632,DF
2019-2020,318657,MF
2019-2020,127000,FW
2019-2020,806076,FW
2019-2020,198028,Off_MF
2019-2020,192430,DF
2019-2020,48240,FW
2019-2020,830288,Off_MF
2019-2020,327755,Off_MF
2019-2020,69416,MF
2019-2020,371222,MF
2019-2020,347010,Off_MF
2019-2020,280991,MF
2019-2020,106272,FW
2019-2020,788352,MF
2019-2020,19438,FW
2019-2020,365406,DF
2019-2020,122815,Def_MF
2019-2020,5544,MF
2019-2020,805078,DF
2019-2020,14142,MF
2019-2020,41334,DF
2019-2020,158293,DF
2019-2020,50070,FW
2019-2020,114155,MF
2019-2020,17063,DF
2019-2020,284367,DF
2019-2020,788801,DF
2019-2020,542472,FW
2019-2020,257091,DF
2019-2020,83618,FW
2019-2020,788949,DF
2019-2020,795761,FW
2019-2020,111969,FW
2019-2020,3577,DF
2019-2020,106496,DF
2019-2020,768,DF
2019-2020,288013,DF
2019-2020,69404,DF
2019-2020,99517,DF
2019-2020,67308,DF
2019-2020,28221,Off_MF
2019-2020,170887,DF
2019-2020,49406,MF
2019-2020,324399,MF
2019-2020,335033,DF
2019-2020,150864,DF
2019-2020,40672,MF
2019-2020,831808,MF
2019-2020,826186,DF
2019-2020,43910,DF
2019-2020,255973,DF
2019-2020,250737,MF
2019-2020,794948,Off_MF
2019-2020,250319,DF
2019-2020,41165,DF
2019-2020,29746,MF
2019-2020,328027,FW
2019-2020,826188,DF
2019-2020,785989,FW
2019-2020,769333,Off_MF
2019-2020,259339,MF
2019-2020,580638,DF
2019-2020,14216,FW
2019-2020,234232,DF
2019-2020,115441,MF
2019-2020,48563,MF
2019-2020,66471,FW
2019-2020,35194,MF
2019-2020,595576,FW
2019-2020,891651,DF
2019-2020,5585,DF
2019-2020,2379,MF
2019-2020,32045,MF
2019-2020,158213,FW
2019-2020,306498,FW
2019-2020,166381,DF
2019-2020,770677,Def_MF
2019-2020,893642,DF
2019-2020,295361,FW
2019-2020,846081,Off_MF
2019-2020,24464,Off_MF
2019-2020,48751,DF
2019-2020,16180,DF
2019-2020,83506,DF
2019-2020,99546,DF
2019-2020,792142,DF
2019-2020,175581,MF
2019-2020,24397,DF
2019-2020,794338,Off_MF
2019-2020,233252,DF
2019-2020,27027,DF
2019-2020,97967,MF
2019-2020,32414,DF
2019-2020,139310,DF
2019-2020,69256,DF
2019-2020,51371,DF
2019-2020,51471,DF
2019-2020,76265,DF
2019-2020,227922,DF
2019-2020,27982,DF
2019-2020,194446,MF
2019-2020,307096,FW
2019-2020,74045,Off_MF
2019-2020,15466,MF
2019-2020,218652,FW
2019-2020,804764,DF
2019-2020,16943,FW
2019-2020,281253,FW
2019-2020,30027,FW
2019-2020,46387,Off_MF
2019-2020,249929,FW
2019-2020,32985,MF
2019-2020,345195,Off_MF
2019-2020,318927,DF
2019-2020,129471,DF
2019-2020,965943,MF
2019-2020,593526,FW
2019-2020,100621,FW
2019-2020,123223,FW
2019-2020,135666,FW
2019-2020,182243,MF
2019-2020,363856,MF
2019-2020,142037,FW
2019-2020,9439,Def_MF
2019-2020,93570,DF
2019-2020,26989,FW
2019-2020,189135,Off_MF
2019-2020,45853,MF
2019-2020,850035,DF
2019-2020,255999,Def_MF
2019-2020,38162,FW
2019-2020,247445,FW
2019-2020,795058,MF
2019-2020,845286,FW
2019-2020,331209,FW
2019-2020,794839,FW
2019-2020,823631,FW
2019-2020,893063,FW
2019-2020,53816,FW
2019-2020,827679,DF
2019-2020,372430,DF
2019-2020,760618,FW
2019-2020,141080,DF
2019-2020,14942,MF
2019-2020,117373,FW
2019-2020,822470,FW
2019-2020,548178,MF
2019-2020,362470,FW
2019-2020,227224,DF
2019-2020,25506,DF
2019-2020,108736,DF
2019-2020,14251,DF
2019-2020,781544,DF
2019-2020,51665,MF
2019-2020,44566,DF
2019-2020,777067,DF
2019-2020,802142,Off_MF
2019-2020,123915,DF
2019-2020,343971,FW
2019-2020,40878,FW
2019-2020,1749,Off_MF
2019-2020,316152,Off_MF
2019-2020,318963,Off_MF
2019-2020,45686,Def_MF
2019-2020,289977,DF
2019-2020,44003,DF
2019-2020,44213,FW
2019-2020,832427,MF
2019-2020,138261,Off_MF
2019-2020,45362,DF
2019-2020,35921,DF
2019-2020,326325,DF
2019-2020,893008,DF
2019-2020,44001,Off_MF
2019-2020,231946,Off_MF
2019-2020,98058,Off_MF
2019-2020,136710,MF
2019-2020,881931,MF
2019-2020,153444,DF
2019-2020,243585,MF
2019-2020,800417,DF
2019-2020,314500,Off_MF
2019-2020,855647,Off_MF
2019-2020,104813,Off_MF
2019-2020,869792,DF
2019-2020,106751,DF
2019-2020,227672,DF
2019-2020,569556,Off_MF
2019-2020,252821,DF
2019-2020,555540,Off_MF
2019-2020,96372,FW
2019-2020,125407,FW
2019-2020,868262,DF
2019-2020,122630,FW
2019-2020,242211,DF
2019-2020,827522,Off_MF
2019-2020,254297,FW
2019-2020,126071,DF
2019-2020,24829,DF
2019-2020,973887,MF
2019-2020,877201,DF
2019-2020,96367,MF
2019-2020,787640,DF
2019-2020,367228,FW
2019-2020,355024,Off_MF
2019-2020,293581,Off_MF
2019-2020,73188,DF
2019-2020,795222,MF
2019-2020,355492,MF
2019-2020,18304,MF
2019-2020,36465,MF
2019-2020,168745,DF
2019-2020,139228,FW
2019-2020,252863,FW
2019-2020,352664,DF
2019-2020,573596,MF
2019-2020,826204,DF
2019-2020,604954,FW
2019-2020,192308,FW
2019-2020,805245,FW
2019-2020,157029,MF
2019-2020,146613,Off_MF
2019-2020,256219,FW
2019-2020,243623,MF
2019-2020,158233,DF
2019-2020,342915,DF
2019-2020,119192,FW
2019-2020,41218,Off_MF
2019-2020,9628,DF
2019-2020,44932,DF
2019-2020,40965,FW
2019-2020,816763,Off_MF
2019-2020,250133,Off_MF
2019-2020,243735,DF
2019-2020,843754,MF
2019-2020,41234,DF
2019-2020,794836,DF
2019-2020,330051,FW
2019-2020,790828,MF
2019-2020,51340,DF
2019-2020,825771,DF
2019-2020,149606,DF
2019-2020,35199,DF
2019-2020,50730,Off_MF
2019-2020,260031,Off_MF
2019-2020,318653,FW
2019-2020,187433,FW
2019-2020,39320,MF
2019-2020,791190,MF
2019-2020,802159,FW
2019-2020,782396,FW
2019-2020,139229,MF
2019-2020,791702,FW
2019-2020,226978,Off_MF
2019-2020,914178,DF
2019-2020,27622,DF
2019-2020,250547,DF
2019-2020,120302,DF
2019-2020,552686,MF
2019-2020,880207,DF
2019-2020,610766,FW
2019-2020,545780,MF
2019-2020,149732,MF
2019-2020,190843,MF
2019-2020,132149,DF
2019-2020,22109,FW
2019-2020,70930,DF
2019-2020,175409,DF
2019-2020,843665,DF
2019-2020,826198,FW
2019-2020,149730,FW
2019-2020,53739,DF
2019-2020,106920,DF
2019-2020,5846,MF
2019-2020,42694,MF
2019-2020,97404,DF
2019-2020,149710,FW
2019-2020,14718,DF
2019-2020,74083,DF
2019-2020,249251,DF
2019-2020,35612,MF
2019-2020,94539,MF
2019-2020,842400,FW
2019-2020,191188,MF
2019-2020,58351,DF
2019-2020,855833,Off_MF
2019-2020,801306,MF
2019-2020,193554,MF
2019-2020,16459,MF
2019-2020,591750,MF
2019-2020,35166,Off_MF
2019-2020,109002,MF
2019-2020,148745,DF
2019-2020,254159,Off_MF
2019-2020,139919,DF
2019-2020,29718,DF
2019-2020,800411,FW
2019-2020,294593,DF
2019-2020,359246,MF
2019-2020,149731,FW
2019-2020,138830,MF
2019-2020,212074,FW
2019-2020,168897,DF
2019-2020,100580,FW
2019-2020,885197,DF
2019-2020,26991,FW
2019-2020,11621,FW
2019-2020,27678,MF
2019-2020,84744,FW
2019-2020,796027,Off_MF
2019-2020,163673,Def_MF
2019-2020,606164,FW
2019-2020,360396,DF
2019-2020,822471,FW
2019-2020,828639,FW
2019-2020,851100,FW
2019-2020,368134,DF
2019-2020,40253,Off_MF
2019-2020,141525,DF
2019-2020,891803,DF
2019-2020,13592,DF
2019-2020,355486,DF
2019-2020,383560,DF
2019-2020,827212,DF
2019-2020,880218,Off_MF
2019-2020,250223,Off_MF
2019-2020,877262,MF
2019-2020,573616,MF
2019-2020,149370,FW
2019-2020,22141,MF
2019-2020,378340,Off_MF
2019-2020,305278,DF
2019-2020,609206,DF
2019-2020,350560,DF
2019-2020,844752,DF
2019-2020,246999,DF
2019-2020,115516,MF
2019-2020,512,Def_MF
2019-2020,144976,DF
2019-2020,123976,DF
2019-2020,73979,DF
2019-2020,336655,FW
2019-2020,139227,DF
2019-2020,13208,FW
2019-2020,856553,DF
2019-2020,10122,DF
2019-2020,356352,DF
2019-2020,28186,DF
2019-2020,837205,MF
2019-2020,798583,DF
2019-2020,46125,DF
2019-2020,50027,DF
2019-2020,146500,DF
2019-2020,839585,MF
2019-2020,802695,DF
2019-2020,217384,DF
2019-2020,132874,MF
2019-2020,94286,FW
2019-2020,71707,FW
2019-2020,39183,DF
2019-2020,21992,MF
2019-2020,84854,DF
2019-2020,786029,MF
2019-2020,18297,Off_MF
2019-2020,17088,DF
2019-2020,44614,DF
2019-2020,218616,FW
2019-2020,787751,DF
2019-2020,851150,DF
2019-2020,13630,DF
2019-2020,109461,DF
2019-2020,186719,MF
2019-2020,362014,DF
2019-2020,13148,FW
2019-2020,280835,MF
2019-2020,190437,MF
2019-2020,156019,MF
2019-2020,128637,DF
2019-2020,580550,DF
2019-2020,10077,MF
2019-2020,23904,DF
2019-2020,97935,DF
2019-2020,42707,DF
2019-2020,827243,DF
2019-2020,245615,DF
2019-2020,566102,DF
2019-2020,175139,DF
2019-2020,124544,MF
2019-2020,136922,DF
2019-2020,20826,FW
2019-2020,103928,DF
2019-2020,50480,FW
2019-2020,25522,Off_MF
2019-2020,76063,DF
2019-2020,4725,MF
2019-2020,826167,DF
2019-2020,17651,MF
2019-2020,803031,DF
2019-2020,134361,DF
2019-2020,27014,MF
2019-2020,823984,FW
2019-2020,319847,DF
2019-2020,836705,Off_MF
2019-2020,135116,DF
2019-2020,38688,MF
2019-2020,149815,Off_MF
2019-2020,13009,FW
2019-2020,783126,FW
2019-2020,80406,Off_MF
2019-2020,844203,Off_MF
2019-2020,109296,DF
2019-2020,31981,MF
2019-2020,111505,FW
2019-2020,79680,DF
2019-2020,39433,MF
2019-2020,385386,DF
2019-2020,823733,MF
2019-2020,280009,FW
2019-2020,827606,MF
2019-2020,22200,DF
2019-2020,350210,MF
2019-2020,907070,FW
2019-2020,82401,DF
2019-2020,253367,FW
2019-2020,107128,FW
2019-2020,66492,DF
2019-2020,133908,Off_MF
2019-2020,796320,DF
2019-2020,149663,DF
2019-2020,255235,MF
2019-2020,344751,MF
2019-2020,74577,DF
2019-2020,858195,DF
2019-2020,3420,DF
2019-2020,367056,FW
2019-2020,50294,MF
2019-2020,27999,Off_MF
2019-2020,15529,FW
2019-2020,344129,FW
2019-2020,31993,DF
2019-2020,178721,DF
2019-2020,802034,DF
2019-2020,221200,DF
2019-2020,103364,DF
2019-2020,291695,DF
2019-2020,99519,DF
2019-2020,547410,Off_MF
2019-2020,804434,DF
2019-2020,45944,MF
2019-2020,548660,MF
2019-2020,21299,MF
2019-2020,872919,FW
2019-2020,347450,DF
2019-2020,273405,DF
2019-2020,280613,DF
2019-2020,85859,FW
2019-2020,316148,MF
2019-2020,110846,DF
2019-2020,43192,Off_MF
2019-2020,316406,FW
2019-2020,47741,DF
2019-2020,83864,MF
2019-2020,587962,FW
2019-2020,168903,MF
2019-2020,338991,DF
2019-2020,122810,DF
2019-2020,829932,DF
2019-2020,16632,DF
2019-2020,787941,MF
2019-2020,117777,MF
2019-2020,363860,MF
2019-2020,108579,FW
2019-2020,36982,DF
2019-2020,31417,FW
2019-2020,163565,FW
2019-2020,131716,DF
2019-2020,286165,FW
2019-2020,333239,FW
2019-2020,327863,DF
2019-2020,82943,DF
2019-2020,41013,DF
2019-2020,233180,DF
2019-2020,867887,MF
2019-2020,20993,MF
2019-2020,377118,DF
2019-2020,282229,DF
2019-2020,38393,DF
2019-2020,356398,Off_MF
2019-2020,191176,FW
2019-2020,372344,FW
2019-2020,16701,MF
2019-2020,187205,DF
2019-2020,151124,MF
2019-2020,845386,FW
2019-2020,190421,DF
2019-2020,337671,Off_MF
2019-2020,39348,DF
2019-2020,838159,Def_MF
2019-2020,814590,FW
2019-2020,319853,DF
2019-2020,754698,DF
2019-2020,844480,DF
2019-2020,32690,MF
2019-2020,149479,Def_MF
2019-2020,138534,FW
2019-2020,26502,MF
2019-2020,84298,DF
2019-2020,47743,DF
2019-2020,141945,FW
2019-2020,110783,MF
2019-2020,41837,Def_MF
2019-2020,253415,DF
2019-2020,216308,DF
2019-2020,305128,DF
2019-2020,13204,DF
2019-2020,591706,MF
2019-2020,587628,Off_MF
2019-2020,9741,MF
2019-2020,787885,MF
2019-2020,793645,FW
2019-2020,113437,FW
2019-2020,560128,FW
2019-2020,784655,MF
2019-2020,588572,DF
2019-2020,19352,DF
2019-2020,165583,DF
2019-2020,38533,DF
2019-2020,84539,MF
2019-2020,105697,DF
2019-2020,108800,MF
2019-2020,46798,MF
2019-2020,355796,MF
2019-2020,135700,Off_MF
2019-2020,581302,DF
2019-2020,187729,DF
2019-2020,142672,DF
2019-2020,113920,DF
2019-2020,814594,DF
2019-2020,361310,DF
2019-2020,211122,Off_MF
2019-2020,156146,FW
2019-2020,100389,MF
2019-2020,114777,DF
2019-2020,946158,DF
2019-2020,15802,DF
2019-2020,43443,DF
2019-2020,138152,DF
2019-2020,26097,DF
2019-2020,35219,DF
2019-2020,138165,DF
2019-2020,35680,MF
2019-2020,138572,DF
2019-2020,252215,FW
2019-2020,611210,DF
2019-2020,20756,DF
2019-2020,146866,FW
2019-2020,155702,FW
2019-2020,217704,FW
2019-2020,351140,FW
2019-2020,149593,MF
2019-2020,41789,FW
2019-2020,115346,Off_MF
2019-2020,37318,FW
2019-2020,825719,DF
2019-2020,268903,FW
2019-2020,238408,DF
2019-2020,807116,DF
2019-2020,142259,DF
2019-2020,69418,FW
2019-2020,151003,DF
2019-2020,49639,MF
2019-2020,155711,DF
2019-2020,21164,DF
2019-2020,254449,DF
2019-2020,44848,DF
2019-2020,787505,DF
2019-2020,70996,Off_MF
2019-2020,591136,DF
2019-2020,190405,Def_MF
2019-2020,232306,FW
2019-2020,5465,MF
2019-2020,124737,DF
2019-2020,130181,FW
2019-2020,809541,MF
2019-2020,21300,DF
2019-2020,106258,FW
2019-2020,807648,DF
2019-2020,6557,MF
2019-2020,788027,DF
2019-2020,259117,MF
2019-2020,147289,MF
2019-2020,138310,DF
2019-2020,249399,Off_MF
2019-2020,331737,MF
2019-2020,70900,MF
2019-2020,158241,DF
2019-2020,91046,DF
2019-2020,94856,DF
2019-2020,143047,MF
2019-2020,856123,DF
2019-2020,33381,Off_MF
2019-2020,84531,DF
2019-2020,14990,FW
2019-2020,569784,MF
2019-2020,48557,DF
2019-2020,836694,Off_MF
2019-2020,4581,Off_MF
2019-2020,267863,DF
2019-2020,159665,FW
2019-2020,12994,FW
2019-2020,99090,DF
2019-2020,137774,DF
2019-2020,141655,DF
2019-2020,15242,FW
2019-2020,235648,MF
2019-2020,127585,DF
2019-2020,331449,MF
2019-2020,589620,Off_MF
2019-2020,328103,DF
2019-2020,303638,DF
2019-2020,914014,MF
2019-2020,359226,MF
2019-2020,113956,FW
2019-2020,282649,DF
2019-2020,750,FW
2019-2020,359272,MF
2019-2020,82240,DF
2019-2020,138605,MF
2019-2020,341143,FW
2019-2020,928124,FW
2019-2020,43905,FW
2019-2020,22126,MF
2019-2020,97410,MF
2019-2020,783374,FW
2019-2020,5676,DF
2019-2020,590262,MF
2019-2020,44575,DF
2019-2020,126588,DF
2019-2020,75756,MF
2019-2020,758168,DF
2019-2020,153257,DF
2019-2020,173883,DF
2019-2020,864169,DF
2019-2020,805465,DF
2019-2020,78893,FW
2019-2020,143697,FW
2019-2020,220223,FW
2019-2020,847128,MF
2019-2020,10710,DF
2019-2020,892673,MF
2019-2020,40442,DF
2019-2020,333373,Off_MF
2019-2020,39182,MF
2019-2020,142231,DF
2019-2020,298920,MF
2019-2020,331447,MF
2019-2020,96538,DF
2019-2020,295973,FW
2019-2020,173827,FW
2019-2020,758608,DF
2019-2020,349526,MF
2019-2020,823622,FW
2019-2020,19063,DF
2019-2020,280955,MF
2019-2020,286085,DF
2019-2020,307702,DF
2019-2020,385888,MF
2019-2020,840217,FW
2019-2020,863653,DF
2019-2020,116955,MF
2019-2020,15444,DF
2019-2020,576276,DF
2019-2020,122951,MF
2019-2020,100637,MF
2019-2020,39282,MF
2019-2020,227864,DF
2019-2020,770,DF
2019-2020,143334,DF
2019-2020,6562,MF
2019-2020,262911,DF
2019-2020,111416,Off_MF
2019-2020,131916,DF
2019-2020,604232,DF
2019-2020,51498,FW
2019-2020,592010,MF
2019-2020,3306,FW
2019-2020,333595,DF
2019-2020,103045,FW
2019-2020,49647,MF
2019-2020,975079,FW
2019-2020,123208,FW
2019-2020,96373,MF
2019-2020,96535,MF
2019-2020,126816,DF
2019-2020,41560,Off_MF
2019-2020,184421,DF
2019-2020,45923,FW
2019-2020,795064,DF
2019-2020,300522,DF
2019-2020,100578,DF
2019-2020,32040,DF
2019-2020,332155,DF
2019-2020,21555,DF
2019-2020,115365,DF
2019-2020,189061,FW
2019-2020,192442,FW
2019-2020,3041,DF
2019-2020,794939,Off_MF
2019-2020,41157,DF
2019-2020,943645,DF
2019-2020,33854,DF
2019-2020,836168,DF
2019-2020,19356,FW
2019-2020,111850,FW
2019-2020,935543,Off_MF
2019-2020,372324,DF
2019-2020,11869,DF
2019-2020,30144,DF
2019-2020,151545,DF
2019-2020,98449,DF
2019-2020,149380,DF
2019-2020,856714,MF
2019-2020,112928,DF
2019-2020,145188,DF
2019-2020,161717,MF
2020-2021,1085938,FW
2020-2021,918865,DF
2020-2021,995671,Off_MF
2020-2021,1009691,Def_MF
2020-2021,855944,DF
2020-2021,914895,DF
2020-2021,836600,FW
2020-2021,794536,FW
2020-2021,942843,MF
2020-2021,959634,Def_MF
2020-2021,1082953,Off_MF
2020-2021,1108388,FW
2020-2021,1122641,Def_MF
2020-2021,1012643,DF
2020-2021,934498,Off_MF
2020-2021,587708,Off_MF
2020-2021,786259,DF
2020-2021,876013,Off_MF
2020-2021,884963,Off_MF
2020-2021,919367,Def_MF
2020-2021,1065175,FW
2020-2021,1114368,Def_MF
2020-2021,1102501,DF
2020-2021,372312,FW
2020-2021,358162,DF
2020-2021,897598,Off_MF
2020-2021,1121430,FW
2020-2021,1009386,MF
2020-2021,930851,MF
2020-2021,29774,FW
2020-2021,980628,FW
2020-2021,861974,MF
2020-2021,928921,FW
2020-2021,1046473,MF
2020-2021,984184,Off_MF
2020-2021,902547,DF
2020-2021,1067549,Def_MF
2020-2021,226972,FW
2020-2021,144076,Def_MF
2020-2021,986352,Def_MF
2020-2021,997016,Off_MF
2020-2021,1049860,DF
2020-2021,966655,FW
2020-2021,980383,FW
2020-2021,326343,Off_MF
2020-2021,918838,FW
2020-2021,996829,FW
2020-2021,942834,FW
2020-2021,914309,Off_MF
2020-2021,1048889,FW
2020-2021,1187063,Off_MF
2020-2021,1122638,FW
2020-2021,1009346,Off_MF
2020-2021,991562,DF
2020-2021,171677,Off_MF
2020-2021,914844,FW
2020-2021,928814,FW
2020-2021,777153,FW
2020-2021,826211,FW
2020-2021,941757,DF
2020-2021,831286,Off_MF
2020-2021,958167,MF
2020-2021,930233,MF
2020-2021,865517,MF
2020-2021,899899,Def_MF
2020-2021,188269,MF
2020-2021,859769,MF
2020-2021,877414,Off_MF
2020-2021,157683,FW
2020-2021,1082963,DF
2020-2021,1007962,Off_MF
2020-2021,951161,Off_MF
2020-2021,30243,DF
2020-2021,1010077,Def_MF
2020-2021,982779,MF
2020-2021,553454,MF
2020-2021,798314,FW
2020-2021,1066812,Def_MF
2020-2021,115718,DF
2020-2021,873419,DF
2020-2021,20375,DF
2020-2021,1099371,FW
2020-2021,341495,Def_MF
2020-2021,839982,DF
2020-2021,284367,DF
2020-2021,32045,Def_MF
2020-2021,994556,Off_MF
2020-2021,901850,MF
2020-2021,919805,FW
2020-2021,940365,MF
2020-2021,895306,MF
2020-2021,330939,Off_MF
2020-2021,911857,FW
2020-2021,996961,FW
2020-2021,1093137,Off_MF
2020-2021,176615,MF
2020-2021,914894,DF
2020-2021,797688,DF
2020-2021,153440,Off_MF
2020-2021,886402,Off_MF
2020-2021,812126,FW
2020-2021,962577,DF
2020-2021,1001645,Off_MF
2020-2021,110781,FW
2020-2021,997130,FW
2020-2021,992397,DF
2020-2021,826570,DF
2020-2021,254003,FW
2020-2021,823963,FW
2020-2021,37629,Def_MF
2020-2021,998523,DF
2020-2021,970928,FW
2020-2021,930245,FW
2020-2021,986726,DF
2020-2021,1121465,Def_MF
2020-2021,794946,Off_MF
2020-2021,1014118,FW
2020-2021,1122642,Off_MF
2020-2021,1003317,FW
2020-2021,863651,MF
2020-2021,348370,FW
2020-2021,917327,FW
2020-2021,934383,DF
2020-2021,963493,DF
2020-2021,591588,FW
2020-2021,891562,MF
2020-2021,1468090,Off_MF
2020-2021,988252,DF
2020-2021,989185,DF
2020-2021,42147,Def_MF
2020-2021,989957,Def_MF
2020-2021,997118,Off_MF
2020-2021,892104,FW
2020-2021,914877,FW
2020-2021,1014694,FW
2020-2021,944165,Off_MF
2020-2021,1114420,MF
2020-2021,801378,FW
2020-2021,227866,DF
2020-2021,825851,FW
2020-2021,352938,FW
2020-2021,930277,FW
2020-2021,46972,FW
2020-2021,1002623,MF
2020-2021,994920,DF
2020-2021,989899,MF
2020-2021,1049166,FW
2020-2021,989826,MF
2020-2021,960448,Off_MF
2020-2021,803761,DF
2020-2021,997087,FW
2020-2021,910241,FW
2020-2021,888536,FW
2020-2021,904964,FW
2020-2021,957889,Off_MF
2020-2021,965353,FW
2020-2021,979311,DF
2020-2021,966923,DF
2020-2021,845789,FW
2020-2021,879672,Off_MF
2020-2021,1001770,FW
2020-2021,950077,FW
2020-2021,1102522,FW
2020-2021,796315,DF
2020-2021,967510,FW
2020-2021,928857,Off_MF
2020-2021,165015,FW
2020-2021,1064009,MF
2020-2021,72127,FW
2020-2021,43903,Off_MF
2020-2021,830018,MF
2020-2021,1094758,DF
2020-2021,815553,FW
2020-2021,980621,MF
2020-2021,877308,Off_MF
2020-2021,1008097,Def_MF
2020-2021,769783,DF
2020-2021,605674,FW
2020-2021,841854,FW
2020-2021,102703,DF
2020-2021,946985,DF
2020-2021,982613,MF
2020-2021,909119,FW
2020-2021,79423,DF
2020-2021,826884,FW
2020-2021,963298,FW
2020-2021,788181,FW
2020-2021,284371,Off_MF
2020-2021,1085400,Off_MF
2020-2021,136262,Off_MF
2020-2021,64860,FW
2020-2021,1048650,Def_MF
2020-2021,1031485,MF
2020-2021,37805,Def_MF
2020-2021,1050818,FW
2020-2021,921216,FW
2020-2021,869839,Off_MF
2020-2021,1035699,DF
2020-2021,823127,FW
2020-2021,839819,Def_MF
2020-2021,215956,DF
2020-2021,954059,FW
2020-2021,1001033,Off_MF
2020-2021,885179,FW
2020-2021,1048916,MF
2020-2021,949830,Off_MF
2020-2021,1064426,DF
2020-2021,957602,DF
2020-2021,879898,DF
2020-2021,1064307,FW
2020-2021,1009623,MF
2020-2021,606940,DF
2020-2021,1009873,MF
2020-2021,143061,DF
2020-2021,1065453,MF
2020-2021,945097,Off_MF
2020-2021,876236,Off_MF
2020-2021,996646,Def_MF
2020-2021,826139,FW
2020-2021,997012,Off_MF
2020-2021,930265,Off_MF
2020-2021,227194,DF
2020-2021,333243,DF
2020-2021,941163,FW
2020-2021,887275,MF
2020-2021,859021,MF
2020-2021,1048100,MF
2020-2021,1104948,MF
2020-2021,126219,DF
2020-2021,173349,FW
2020-2021,361310,DF
2020-2021,941179,DF
2020-2021,892624,FW
2020-2021,79853,MF
2020-2021,355492,DF
2020-2021,989889,MF
2020-2021,541574,DF
2020-2021,822372,MF
2020-2021,940993,DF
2020-2021,914902,FW
2020-2021,46800,DF
2020-2021,1048422,FW
2020-2021,809276,Off_MF
2020-2021,927407,DF
2020-2021,826213,DF
2020-2021,914123,Def_MF
2020-2021,967457,DF
2020-2021,155997,DF
2020-2021,284355,DF
2020-2021,823996,DF
2020-2021,138837,DF
2020-2021,943246,DF
2020-2021,158583,DF
2020-2021,982559,Off_MF
2020-2021,964176,DF
2020-2021,159653,DF
2020-2021,1084706,DF
2020-2021,158621,DF
2020-2021,965331,DF
2020-2021,991824,FW
2020-2021,930191,FW
2020-2021,1113031,FW
2020-2021,42987,FW
2020-2021,855831,DF
2020-2021,846447,FW
2020-2021,954855,Def_MF
2020-2021,794942,DF
2020-2021,962374,FW
2020-2021,280553,Off_MF
2020-2021,22086,FW
2020-2021,139510,DF
2020-2021,152082,DF
2020-2021,1009661,MF
2020-2021,877544,FW
2020-2021,93885,MF
2020-2021,158397,MF
2020-2021,856745,FW
2020-2021,175409,DF
2020-2021,826202,DF
2020-2021,863251,FW
2020-2021,995284,MF
2020-2021,893993,DF
2020-2021,1067120,Off_MF
2020-2021,906049,FW
2020-2021,988732,MF
2020-2021,826679,DF
2020-2021,362222,DF
2020-2021,920374,FW
2020-2021,987734,FW
2020-2021,43909,DF
2020-2021,131901,MF
2020-2021,917007,FW
2020-2021,97404,DF
2020-2021,229638,MF
2020-2021,961688,FW
2020-2021,122811,FW
2020-2021,817562,Off_MF
2020-2021,1003007,DF
2020-2021,1010505,Off_MF
2020-2021,137786,FW
2020-2021,352676,MF
2020-2021,984040,DF
2020-2021,910053,DF
2020-2021,55052,DF
2020-2021,1067123,FW
2020-2021,845798,FW
2020-2021,102291,Off_MF
2020-2021,138880,MF
2020-2021,103012,DF
2020-2021,1102503,FW
2020-2021,838640,FW
2020-2021,1096960,MF
2020-2021,960401,DF
2020-2021,934351,DF
2020-2021,997203,MF
2020-2021,910031,Off_MF
2020-2021,116570,DF
2020-2021,97905,FW
2020-2021,809220,FW
2020-2021,108452,FW
2020-2021,822472,Def_MF
2020-2021,920684,MF
2020-2021,988839,FW
2020-2021,980623,Off_MF
2020-2021,33689,Off_MF
2020-2021,100621,Off_MF
2020-2021,849651,DF
2020-2021,873947,Off_MF
2020-2021,1023091,Off_MF
2020-2021,190421,DF
2020-2021,964173,DF
2020-2021,126733,MF
2020-2021,150383,MF
2020-2021,979232,FW
2020-2021,16189,FW
2020-2021,108484,DF
2020-2021,1005171,DF
2020-2021,215246,FW
2020-2021,983510,DF
2020-2021,971037,FW
2020-2021,41302,FW
2020-2021,108412,DF
2020-2021,383438,Def_MF
2020-2021,1114408,FW
2020-2021,826198,FW
2020-2021,127000,FW
2020-2021,983572,DF
2020-2021,796067,FW
2020-2021,970435,MF
2020-2021,1085101,Def_MF
2020-2021,846441,MF
2020-2021,841199,FW
2020-2021,847128,MF
2020-2021,5676,DF
2020-2021,78520,DF
2020-2021,282649,DF
2020-2021,357734,DF
2020-2021,580750,DF
2020-2021,839223,MF
2020-2021,874481,MF
2020-2021,190399,FW
2020-2021,962872,FW
2020-2021,997835,MF
2020-2021,927368,DF
2020-2021,927175,DF
2020-2021,826555,MF
2020-2021,229740,DF
2020-2021,96368,DF
2020-2021,174059,FW
2020-2021,795044,FW
2020-2021,980403,Off_MF
2020-2021,834881,Off_MF
2020-2021,980624,MF
2020-2021,16460,MF
2020-2021,789381,FW
2020-2021,855850,DF
2020-2021,828571,DF
2020-2021,44104,DF
2020-2021,115666,DF
2020-2021,965011,DF
2020-2021,21212,FW
2020-2021,37191,FW
2020-2021,10486,FW
2020-2021,18886,FW
2020-2021,70900,MF
2020-2021,48022,FW
2020-2021,326021,Off_MF
2020-2021,605650,Off_MF
2020-2021,876345,DF
2020-2021,932856,Def_MF
2020-2021,373740,DF
2020-2021,73980,DF
2020-2021,855832,MF
2020-2021,902049,FW
2020-2021,97410,MF
2020-2021,940328,FW
2020-2021,32742,DF
2020-2021,100574,Off_MF
2020-2021,839818,MF
2020-2021,138150,DF
2020-2021,814624,DF
2020-2021,76063,DF
2020-2021,1047484,FW
2020-2021,9649,DF
2020-2021,34125,DF
2020-2021,839226,FW
2020-2021,964179,MF
2020-2021,827640,DF
2020-2021,942992,DF
2020-2021,66309,FW
2020-2021,939668,Def_MF
2020-2021,1014408,MF
2020-2021,99517,DF
2020-2021,855845,MF
2020-2021,946695,FW
2020-2021,945404,DF
2020-2021,927356,DF
2020-2021,330063,DF
2020-2021,583608,MF
2020-2021,997104,MF
2020-2021,10577,Off_MF
2020-2021,1009869,DF
2020-2021,991604,Off_MF
2020-2021,857179,MF
2020-2021,982327,MF
2020-2021,978562,Off_MF
2020-2021,862821,MF
2020-2021,1002764,DF
2020-2021,848279,DF
2020-2021,907668,MF
2020-2021,21299,MF
2020-2021,347494,DF
2020-2021,147142,DF
2020-2021,974553,MF
2020-2021,24048,MF
2020-2021,23666,MF
2020-2021,33901,DF
2020-2021,547242,DF
2020-2021,886133,MF
2020-2021,58994,DF
2020-2021,914891,DF
2020-2021,1005211,FW
2020-2021,788284,Off_MF
2020-2021,828971,DF
2020-2021,311396,Off_MF
2020-2021,768,DF
2020-2021,21134,DF
2020-2021,826205,DF
2020-2021,830858,FW
2020-2021,961672,DF
2020-2021,758876,FW
2020-2021,862075,DF
2020-2021,158615,MF
2020-2021,17609,FW
2020-2021,1096136,FW
2020-2021,133236,DF
2020-2021,914835,DF
2020-2021,177931,Off_MF
2020-2021,804901,FW
2020-2021,901842,MF
2020-2021,984039,FW
2020-2021,21931,FW
2020-2021,587824,DF
2020-2021,877979,Off_MF
2020-2021,974418,FW
2020-2021,980630,DF
2020-2021,32664,DF
2020-2021,906276,FW
2020-2021,377108,FW
2020-2021,14374,DF
2020-2021,129452,Off_MF
2020-2021,129724,FW
2020-2021,826190,DF
2020-2021,911851,Off_MF
2020-2021,96363,DF
2020-2021,963300,FW
2020-2021,12189,DF
2020-2021,823476,MF
2020-2021,891920,FW
2020-2021,941077,DF
2020-2021,979144,DF
2020-2021,358306,Off_MF
2020-2021,254159,Off_MF
2020-2021,1046150,MF
2020-2021,833057,MF
2020-2021,908716,DF
2020-2021,37761,DF
2020-2021,347454,MF
2020-2021,44860,DF
2020-2021,47908,FW
2020-2021,42892,DF
2020-2021,1002902,MF
2020-2021,325121,FW
2020-2021,1035695,DF
2020-2021,113593,MF
2020-2021,785444,FW
2020-2021,793702,FW
2020-2021,842582,Off_MF
2020-2021,915567,FW
2020-2021,806394,MF
2020-2021,1063235,FW
2020-2021,44577,DF
2020-2021,361788,DF
2020-2021,187431,MF
2020-2021,963198,DF
2020-2021,94822,MF
2020-2021,331753,FW
2020-2021,907464,Off_MF
2020-2021,148196,MF
2020-2021,124802,DF
2020-2021,362686,FW
2020-2021,46707,Off_MF
2020-2021,168987,FW
2020-2021,944288,Def_MF
2020-2021,1069703,DF
2020-2021,33959,Off_MF
2020-2021,795000,DF
2020-2021,340525,DF
2020-2021,187121,FW
2020-2021,253387,DF
2020-2021,34118,MF
2020-2021,353262,FW
2020-2021,151545,DF
2020-2021,798181,Off_MF
2020-2021,385386,DF
2020-2021,361332,MF
2020-2021,100568,DF
2020-2021,869413,FW
2020-2021,41116,FW
2020-2021,988963,MF
2020-2021,846356,FW
2020-2021,839309,MF
2020-2021,591044,Off_MF
2020-2021,855676,DF
2020-2021,29746,MF
2020-2021,1824137,DF
2020-2021,876214,DF
2020-2021,825845,Off_MF
2020-2021,851222,DF
2020-2021,356186,FW
2020-2021,923803,MF
2020-2021,795056,MF
2020-2021,126236,FW
2020-2021,873534,Off_MF
2020-2021,782396,FW
2020-2021,26097,DF
2020-2021,18998,FW
2020-2021,944049,FW
2020-2021,4726,Def_MF
2020-2021,168647,MF
2020-2021,817979,DF
2020-2021,27569,DF
2020-2021,83687,FW
2020-2021,155718,MF
2020-2021,795260,DF
2020-2021,308054,MF
2020-2021,798180,DF
2020-2021,796507,DF
2020-2021,865912,Off_MF
2020-2021,930584,FW
2020-2021,147775,DF
2020-2021,858148,DF
2020-2021,106288,Off_MF
2020-2021,122573,FW
2020-2021,147306,MF
2020-2021,139228,FW
2020-2021,997006,FW
2020-2021,858194,FW
2020-2021,118982,Off_MF
2020-2021,257453,MF
2020-2021,28088,MF
2020-2021,249627,DF
2020-2021,80110,FW
2020-2021,123915,DF
2020-2021,962883,FW
2020-2021,906075,DF
2020-2021,40239,DF
2020-2021,970361,DF
2020-2021,891793,FW
2020-2021,314040,DF
2020-2021,796047,MF
2020-2021,44138,MF
2020-2021,330677,Off_MF
2020-2021,232774,Off_MF
2020-2021,355152,FW
2020-2021,148191,MF
2020-2021,78781,Off_MF
2020-2021,146141,DF
2020-2021,845083,Off_MF
2020-2021,158233,DF
2020-2021,992567,Off_MF
2020-2021,24829,DF
2020-2021,241488,Off_MF
2020-2021,1046711,Off_MF
2020-2021,142524,FW
2020-2021,591140,FW
2020-2021,786186,FW
2020-2021,943652,MF
2020-2021,796082,MF
2020-2021,913732,DF
2020-2021,17100,DF
2020-2021,168745,DF
2020-2021,799634,FW
2020-2021,1099368,DF
2020-2021,604274,DF
2020-2021,844424,FW
2020-2021,942839,DF
2020-2021,851070,FW
2020-2021,357638,Off_MF
2020-2021,129927,FW
2020-2021,18984,FW
2020-2021,123264,MF
2020-2021,168985,MF
2020-2021,291279,Off_MF
2020-2021,836693,DF
2020-2021,19373,MF
2020-2021,152734,DF
2020-2021,106293,DF
2020-2021,940360,MF
2020-2021,235648,MF
2020-2021,844744,DF
2020-2021,877842,Def_MF
2020-2021,958517,DF
2020-2021,15190,FW
2020-2021,826258,FW
2020-2021,980632,DF
2020-2021,593546,Off_MF
2020-2021,958018,Off_MF
2020-2021,122570,FW
2020-2021,28367,FW
2020-2021,22975,DF
2020-2021,794948,Off_MF
2020-2021,175753,FW
2020-2021,788352,MF
2020-2021,232118,FW
2020-2021,825959,DF
2020-2021,754794,MF
2020-2021,70630,FW
2020-2021,902029,MF
2020-2021,365772,MF
2020-2021,877843,DF
2020-2021,802138,MF
2020-2021,792155,FW
2020-2021,1047931,Def_MF
2020-2021,914412,DF
2020-2021,361790,MF
2020-2021,862470,FW
2020-2021,74201,DF
2020-2021,10507,DF
2020-2021,9127,MF
2020-2021,98003,MF
2020-2021,331837,FW
2020-2021,897623,FW
2020-2021,803028,FW
2020-2021,838805,FW
2020-2021,27583,FW
2020-2021,95381,MF
2020-2021,1006486,DF
2020-2021,144976,DF
2020-2021,319857,DF
2020-2021,989803,Off_MF
2020-2021,962890,Off_MF
2020-2021,285949,FW
2020-2021,902051,Off_MF
2020-2021,576382,FW
2020-2021,322417,MF
2020-2021,368120,MF
2020-2021,353252,Off_MF
2020-2021,355154,DF
2020-2021,944327,FW
2020-2021,109851,FW
2020-2021,1864973,FW
2020-2021,32124,DF
2020-2021,979315,FW
2020-2021,65953,Off_MF
2020-2021,345193,DF
2020-2021,826195,DF
2020-2021,603736,FW
2020-2021,159739,DF
2020-2021,17094,FW
2020-2021,963211,DF
2020-2021,33427,FW
2020-2021,795257,DF
2020-2021,16635,Off_MF
2020-2021,284363,FW
2020-2021,88859,DF
2020-2021,220315,MF
2020-2021,317301,MF
2020-2021,148745,DF
2020-2021,106920,DF
2020-2021,3209,FW
2020-2021,45925,Off_MF
2020-2021,822600,MF
2020-2021,847467,DF
2020-2021,126699,FW
2020-2021,954044,DF
2020-2021,238708,FW
2020-2021,807119,Off_MF
2020-2021,191178,FW
2020-2021,307096,Off_MF
2020-2021,37752,DF
2020-2021,40983,DF
2020-2021,2614,FW
2020-2021,922573,FW
2020-2021,283083,FW
2020-2021,318927,DF
2020-2021,1016019,FW
2020-2021,41218,DF
2020-2021,586596,FW
2020-2021,96372,FW
2020-2021,155952,DF
2020-2021,861324,MF
2020-2021,294313,Off_MF
2020-2021,96369,FW
2020-2021,949707,DF
2020-2021,948184,Off_MF
2020-2021,346262,FW
2020-2021,97925,DF
2020-2021,293127,DF
2020-2021,802665,FW
2020-2021,96544,MF
2020-2021,11601,FW
2020-2021,301164,Off_MF
2020-2021,328109,MF
2020-2021,198028,Off_MF
2020-2021,904759,DF
2020-2021,143593,DF
2020-2021,975937,Off_MF
2020-2021,27678,MF
2020-2021,118179,DF
2020-2021,255189,DF
2020-2021,96116,DF
2020-2021,356310,DF
2020-2021,826186,DF
2020-2021,347450,DF
2020-2021,38764,FW
2020-2021,801837,DF
2020-2021,96547,DF
2020-2021,74335,Off_MF
2020-2021,886242,DF
2020-2021,934249,MF
2020-2021,51421,FW
2020-2021,38716,Off_MF
2020-2021,855847,FW
2020-2021,825681,Off_MF
2020-2021,964609,DF
2020-2021,43910,DF
2020-2021,138827,DF
2020-2021,76122,DF
2020-2021,119159,Off_MF
2020-2021,94286,Off_MF
2020-2021,795004,MF
2020-2021,788895,MF
2020-2021,354558,MF
2020-2021,902091,DF
2020-2021,788170,DF
2020-2021,880775,FW
2020-2021,40965,FW
2020-2021,205028,DF
2020-2021,324353,Off_MF
2020-2021,977679,FW
2020-2021,318653,FW
2020-2021,204790,MF
2020-2021,573958,Off_MF
2020-2021,789984,Off_MF
2020-2021,867734,DF
2020-2021,312110,DF
2020-2021,51501,DF
2020-2021,826215,DF
2020-2021,42110,DF
2020-2021,979128,FW
2020-2021,925242,FW
2020-2021,812145,FW
2020-2021,76178,DF
2020-2021,22337,DF
2020-2021,55314,FW
2020-2021,933398,DF
2020-2021,1262,DF
2020-2021,49518,DF
2020-2021,958982,FW
2020-2021,580952,DF
2020-2021,830431,FW
2020-2021,305282,MF
2020-2021,155818,MF
2020-2021,155790,DF
2020-2021,581328,DF
2020-2021,9741,MF
2020-2021,11692,FW
2020-2021,827668,FW
2020-2021,122702,FW
2020-2021,23213,DF
2020-2021,135647,Off_MF
2020-2021,125625,DF
2020-2021,308526,DF
2020-2021,155449,MF
2020-2021,86528,DF
2020-2021,965330,DF
2020-2021,252313,DF
2020-2021,828239,DF
2020-2021,147745,FW
2020-2021,139798,Off_MF
2020-2021,257205,FW
2020-2021,316170,MF
2020-2021,16776,FW
2020-2021,828640,DF
2020-2021,928106,Off_MF
2020-2021,140010,Off_MF
2020-2021,20514,FW
2020-2021,40672,MF
2020-2021,838232,Off_MF
2020-2021,913401,DF
2020-2021,329597,DF
2020-2021,990227,DF
2020-2021,827140,DF
2020-2021,26706,FW
2020-2021,920379,FW
2020-2021,44760,DF
2020-2021,45686,Def_MF
2020-2021,111229,FW
2020-2021,39070,FW
2020-2021,96373,MF
2020-2021,556904,Def_MF
2020-2021,138890,FW
2020-2021,356024,FW
2020-2021,227942,DF
2020-2021,340509,FW
2020-2021,326643,FW
2020-2021,893643,Off_MF
2020-2021,911956,DF
2020-2021,966869,DF
2020-2021,229776,DF
2020-2021,82566,Off_MF
2020-2021,48240,Off_MF
2020-2021,830667,MF
2020-2021,25233,DF
2020-2021,146218,Off_MF
2020-2021,940692,FW
2020-2021,10122,DF
2020-2021,230766,Off_MF
2020-2021,794950,Off_MF
2020-2021,3577,DF
2020-2021,842255,MF
2020-2021,343067,MF
2020-2021,24939,Off_MF
2020-2021,106572,FW
2020-2021,552668,Def_MF
2020-2021,895579,FW
2020-2021,855835,Off_MF
2020-2021,138152,DF
2020-2021,149663,DF
2020-2021,984624,FW
2020-2021,108574,FW
2020-2021,349650,Def_MF
2020-2021,960006,MF
2020-2021,914660,FW
2020-2021,849161,DF
2020-2021,37126,FW
2020-2021,880218,Off_MF
2020-2021,849573,FW
2020-2021,139262,DF
2020-2021,24814,DF
2020-2021,67739,Def_MF
2020-2021,852145,FW
2020-2021,851596,FW
2020-2021,187437,FW
2020-2021,342915,DF
2020-2021,1047296,FW
2020-2021,32260,FW
2020-2021,37386,Off_MF
2020-2021,21626,FW
2020-2021,39283,MF
2020-2021,980618,DF
2020-2021,190917,DF
2020-2021,192442,FW
2020-2021,927405,FW
2020-2021,1047364,DF
2020-2021,210082,DF
2020-2021,250133,MF
2020-2021,352486,Off_MF
2020-2021,786305,FW
2020-2021,141655,DF
2020-2021,353250,DF
2020-2021,879543,DF
2020-2021,788141,MF
2020-2021,310874,FW
2020-2021,41668,DF
2020-2021,111483,FW
2020-2021,913684,MF
2020-2021,32787,DF
2020-2021,330099,MF
2020-2021,946158,DF
2020-2021,350170,FW
2020-2021,857471,FW
2020-2021,862481,DF
2020-2021,137155,FW
2020-2021,43908,DF
2020-2021,140992,FW
2020-2021,882586,FW
2020-2021,870263,DF
2020-2021,137698,FW
2020-2021,545780,MF
2020-2021,874535,FW
2020-2021,284179,DF
2020-2021,547410,Off_MF
2020-2021,131815,DF
2020-2021,53816,FW
2020-2021,141664,Off_MF
2020-2021,901470,DF
2020-2021,892735,DF
2020-2021,270287,FW
2020-2021,103289,FW
2020-2021,132645,FW
2020-2021,98454,DF
2020-2021,518,MF
2020-2021,855810,FW
2020-2021,327429,DF
2020-2021,1010231,FW
2020-2021,44228,DF
2020-2021,142525,DF
2020-2021,870893,MF
2020-2021,914691,DF
2020-2021,809219,DF
2020-2021,128792,MF
2020-2021,11654,MF
2020-2021,319129,FW
2020-2021,871822,MF
2020-2021,577194,DF
2020-2021,881952,MF
2020-2021,909991,MF
2020-2021,579596,Off_MF
2020-2021,1014566,DF
2020-2021,208988,DF
2020-2021,46125,DF
2020-2021,843156,DF
2020-2021,122807,DF
2020-2021,103417,Off_MF
2020-2021,94539,Off_MF
2020-2021,850035,DF
2020-2021,85090,DF
2020-2021,828639,FW
2020-2021,757730,Off_MF
2020-2021,941161,FW
2020-2021,33381,Off_MF
2020-2021,794770,Off_MF
2020-2021,122921,MF
2020-2021,233252,DF
2020-2021,606346,DF
2020-2021,938270,FW
2020-2021,825750,FW
2020-2021,15354,FW
2020-2021,139229,MF
2020-2021,943713,DF
2020-2021,552532,MF
2020-2021,138261,FW
2020-2021,32690,MF
2020-2021,18841,FW
2020-2021,12656,MF
2020-2021,901325,FW
2020-2021,28221,Off_MF
2020-2021,15800,DF
2020-2021,149731,FW
2020-2021,806968,DF
2020-2021,308130,FW
2020-2021,147776,FW
2020-2021,931844,DF
2020-2021,798835,MF
2020-2021,790828,MF
2020-2021,123976,DF
2020-2021,828969,FW
2020-2021,138572,DF
2020-2021,336813,DF
2020-2021,139225,DF
2020-2021,51471,DF
2020-2021,894238,DF
2020-2021,573596,MF
2020-2021,221200,DF
2020-2021,69408,DF
2020-2021,282095,FW
2020-2021,988907,DF
2020-2021,295973,FW
2020-2021,833030,FW
2020-2021,913191,FW
2020-2021,12673,DF
2020-2021,801003,DF
2020-2021,135590,FW
2020-2021,813523,Off_MF
2020-2021,991584,DF
2020-2021,41494,Off_MF
2020-2021,294597,Off_MF
2020-2021,984789,DF
2020-2021,378340,FW
2020-2021,856594,Off_MF
2020-2021,333261,FW
2020-2021,888550,MF
2020-2021,605580,FW
2020-2021,159701,FW
2020-2021,910536,FW
2020-2021,788801,DF
2020-2021,893063,FW
2020-2021,812946,FW
2020-2021,848276,FW
2020-2021,980625,DF
2020-2021,139267,FW
2020-2021,1063237,DF
2020-2021,123320,FW
2020-2021,991359,FW
2020-2021,139273,DF
2020-2021,174519,FW
2020-2021,284435,DF
2020-2021,174975,DF
2020-2021,352966,FW
2020-2021,927975,MF
2020-2021,328145,FW
2020-2021,949785,MF
2020-2021,826170,DF
2020-2021,826208,MF
2020-2021,1010726,FW
2020-2021,4725,MF
2020-2021,836706,MF
2020-2021,966801,FW
2020-2021,21608,MF
2020-2021,801030,DF
2020-2021,89894,DF
2020-2021,804619,DF
2020-2021,610766,FW
2020-2021,68332,Def_MF
2020-2021,51444,DF
2020-2021,343955,DF
2020-2021,923186,DF
2020-2021,267621,MF
2020-2021,164511,MF
2020-2021,794269,MF
2020-2021,867442,FW
2020-2021,31273,FW
2020-2021,142680,Off_MF
2020-2021,28207,DF
2020-2021,232224,MF
2020-2021,318963,Off_MF
2020-2021,800951,DF
2020-2021,791,MF
2020-2021,822703,Def_MF
2020-2021,108584,DF
2020-2021,143398,DF
2020-2021,24006,MF
2020-2021,243735,DF
2020-2021,851262,FW
2020-2021,3504,FW
2020-2021,39009,Off_MF
2020-2021,233114,FW
2020-2021,970978,DF
2020-2021,827804,FW
2020-2021,826551,MF
2020-2021,23571,Off_MF
2020-2021,881222,FW
2020-2021,843200,DF
2020-2021,332155,DF
2020-2021,234232,DF
2020-2021,167855,Off_MF
2020-2021,51321,DF
2020-2021,352544,FW
2020-2021,44241,MF
2020-2021,597716,DF
2020-2021,149592,DF
2020-2021,929132,DF
2020-2021,123223,FW
2020-2021,47741,DF
2020-2021,930271,DF
2020-2021,594426,DF
2020-2021,171927,Off_MF
2020-2021,606164,FW
2020-2021,329563,FW
2020-2021,372430,DF
2020-2021,895324,Off_MF
2020-2021,255973,DF
2020-2021,291695,DF
2020-2021,129472,MF
2020-2021,116623,MF
2020-2021,830288,DF
2020-2021,793167,MF
2020-2021,194446,MF
2020-2021,190437,Off_MF
2020-2021,335047,FW
2020-2021,175581,MF
2020-2021,113437,FW
2020-2021,609596,FW
2020-2021,878705,FW
2020-2021,19303,FW
2020-2021,907003,DF
2020-2021,851150,DF
2020-2021,51299,FW
2020-2021,35612,MF
2020-2021,250453,FW
2020-2021,256219,FW
2020-2021,581302,DF
2020-2021,996951,DF
2020-2021,609206,DF
2020-2021,822519,DF
2020-2021,190137,DF
2020-2021,37313,DF
2020-2021,230050,DF
2020-2021,18342,MF
2020-2021,556960,DF
2020-2021,257587,Off_MF
2020-2021,250547,DF
2020-2021,43215,DF
2020-2021,34120,FW
2020-2021,150865,MF
2020-2021,836678,DF
2020-2021,138891,Off_MF
2020-2021,794927,MF
2020-2021,857178,MF
2020-2021,151470,MF
2020-2021,941342,MF
2020-2021,19352,DF
2020-2021,327863,FW
2020-2021,976396,MF
2020-2021,573616,MF
2020-2021,295361,FW
2020-2021,873189,DF
2020-2021,842513,DF
2020-2021,805465,DF
2020-2021,100580,FW
2020-2021,801287,DF
2020-2021,15802,DF
2020-2021,249437,Off_MF
2020-2021,942990,DF
2020-2021,66471,FW
2020-2021,186845,MF
2020-2021,830127,MF
2020-2021,880157,FW
2020-2021,927353,MF
2020-2021,888537,FW
2020-2021,188405,FW
2020-2021,51640,FW
2020-2021,893640,FW
2020-2021,187423,DF
2020-2021,16701,MF
2020-2021,263505,MF
2020-2021,925837,MF
2020-2021,937324,MF
2020-2021,13630,MF
2020-2021,346790,FW
2020-2021,958521,DF
2020-2021,255241,DF
2020-2021,19063,DF
2020-2021,943926,DF
2020-2021,157143,FW
2020-2021,317699,FW
2020-2021,895228,Off_MF
2020-2021,339447,DF
2020-2021,818440,FW
2020-2021,858705,MF
2020-2021,862373,FW
2020-2021,344847,DF
2020-2021,116952,DF
2020-2021,305278,DF
2020-2021,877978,DF
2020-2021,68076,DF
2020-2021,97926,DF
2020-2021,361798,FW
2020-2021,966441,DF
2020-2021,187841,MF
2020-2021,842364,DF
2020-2021,954061,FW
2020-2021,161325,FW
2020-2021,348362,DF
2020-2021,98440,DF
2020-2021,37446,DF
2020-2021,32414,DF
2020-2021,137978,MF
2020-2021,93570,DF
2020-2021,558522,DF
2020-2021,38688,Def_MF
2020-2021,835485,Off_MF
2020-2021,146500,DF
2020-2021,928796,MF
2020-2021,862194,MF
2020-2021,352768,MF
2020-2021,287057,MF
2020-2021,34391,DF
2020-2021,865651,FW
2020-2021,88494,Off_MF
2020-2021,848512,Off_MF
2020-2021,67769,DF
2020-2021,944142,Off_MF
2020-2021,869910,Off_MF
2020-2021,143047,DF
2020-2021,233826,DF
2020-2021,34578,MF
2020-2021,330675,DF
2020-2021,857740,DF
2020-2021,249893,FW
2020-2021,982615,FW
2020-2021,94300,FW
2020-2021,101882,DF
2020-2021,904991,DF
2020-2021,811629,MF
2020-2021,7058,DF
2020-2021,185995,DF
2020-2021,871765,MF
2020-2021,787542,FW
2020-2021,341589,MF
2020-2021,790198,DF
2020-2021,917087,FW
2020-2021,897594,DF
2020-2021,26989,FW
2020-2021,17063,DF
2020-2021,106662,DF
2020-2021,587962,FW
2020-2021,40878,FW
2020-2021,152206,MF
2020-2021,608362,FW
2020-2021,823226,MF
2020-2021,318967,MF
2020-2021,10710,DF
2020-2021,352562,DF
2020-2021,602164,MF
2020-2021,135775,DF
2020-2021,597756,DF
2020-2021,114157,FW
2020-2021,188407,FW
2020-2021,940871,DF
2020-2021,66477,MF
2020-2021,845274,FW
2020-2021,150396,DF
2020-2021,542472,Off_MF
2020-2021,796320,DF
2020-2021,227892,Off_MF
2020-2021,124544,MF
2020-2021,1749,FW
2020-2021,802149,FW
2020-2021,840414,DF
2020-2021,845119,DF
2020-2021,843180,DF
2020-2021,805137,DF
2020-2021,355046,DF
2020-2021,20826,FW
2020-2021,255389,MF
2020-2021,890329,FW
2020-2021,795861,MF
2020-2021,1066809,FW
2020-2021,855833,FW
2020-2021,966862,Off_MF
2020-2021,894474,DF
2020-2021,827386,Off_MF
2020-2021,34221,MF
2020-2021,6557,MF
2020-2021,846439,DF
2020-2021,97967,Def_MF
2020-2021,14942,MF
2020-2021,336655,FW
2020-2021,73056,MF
2020-2021,138573,FW
2020-2021,848082,MF
2020-2021,367228,FW
2020-2021,587074,DF
2020-2021,823733,MF
2020-2021,1012657,MF
2020-2021,831808,Off_MF
2020-2021,892673,MF
2020-2021,945217,DF
2020-2021,27028,FW
2020-2021,345195,Off_MF
2020-2021,148566,Off_MF
2020-2021,796144,Off_MF
2020-2021,122922,DF
2020-2021,149734,DF
2020-2021,94758,DF
2020-2021,99104,MF
2020-2021,121180,DF
2020-2021,355048,DF
2020-2021,20993,MF
2020-2021,42699,DF
2020-2021,20278,DF
2020-2021,807301,FW
2020-2021,135264,FW
2020-2021,152414,DF
2020-2021,931290,FW
2020-2021,941300,DF
2020-2021,787642,DF
2020-2021,38533,DF
2020-2021,788768,DF
2020-2021,798147,DF
2020-2021,359664,FW
2020-2021,96367,MF
2020-2021,31517,MF
2020-2021,966804,Off_MF
2020-2021,49805,Off_MF
2020-2021,893642,DF
2020-2021,822470,Off_MF
2020-2021,794937,Off_MF
2020-2021,191182,Off_MF
2020-2021,312388,Off_MF
2020-2021,136922,DF
2020-2021,954076,FW
2020-2021,886286,DF
2020-2021,142208,DF
2020-2021,795005,MF
2020-2021,186795,DF
2020-2021,58488,FW
2020-2021,825945,FW
2020-2021,939830,FW
2020-2021,52093,FW
2020-2021,21521,FW
2020-2021,225092,DF
2020-2021,834986,DF
2020-2021,832411,Off_MF
2020-2021,877103,DF
2020-2021,825719,DF
2020-2021,105734,MF
2020-2021,982601,DF
2020-2021,2009,DF
2020-2021,354808,FW
2020-2021,97938,Off_MF
2020-2021,47625,MF
2020-2021,21300,DF
2020-2021,845786,MF
2020-2021,146518,MF
2020-2021,11781,Off_MF
2020-2021,835484,MF
2020-2021,231776,MF
2020-2021,192144,FW
2020-2021,931278,DF
2020-2021,106272,FW
2020-2021,114155,MF
2020-2021,2695,FW
2020-2021,31417,FW
2020-2021,149710,FW
2020-2021,785989,FW
2020-2021,866191,MF
2020-2021,124712,Off_MF
2020-2021,796027,FW
2020-2021,190435,FW
2020-2021,770677,Def_MF
2020-2021,205508,Off_MF
2020-2021,115441,MF
2020-2021,795058,Def_MF
2020-2021,588566,MF
2020-2021,10589,DF
2020-2021,142148,DF
2020-2021,243175,DF
2020-2021,148710,Off_MF
2020-2021,26576,DF
2020-2021,99545,MF
2020-2021,309510,MF
2020-2021,591132,Off_MF
2020-2021,339227,DF
2020-2021,119242,FW
2020-2021,13208,FW
2020-2021,352296,FW
2020-2021,867445,Off_MF
2020-2021,309078,FW
2020-2021,319853,DF
2020-2021,141997,Def_MF
2020-2021,1014286,DF
2020-2021,1046147,FW
2020-2021,377302,DF
2020-2021,920393,DF
2020-2021,335033,DF
2020-2021,123166,MF
2020-2021,359642,FW
2020-2021,32493,FW
2020-2021,964191,DF
2020-2021,376382,Def_MF
2020-2021,800411,FW
2020-2021,829022,DF
2020-2021,131108,DF
2020-2021,39282,MF
2020-2021,887055,FW
2020-2021,788255,DF
2020-2021,831400,FW
2020-2021,137667,DF
2020-2021,40323,Def_MF
2020-2021,46799,MF
2020-2021,801391,FW
2020-2021,128587,DF
2020-2021,785418,Off_MF
2020-2021,163565,FW
2020-2021,901885,DF
2020-2021,287643,DF
2020-2021,191176,FW
2020-2021,142104,DF
2020-2021,82555,MF
2020-2021,190877,DF
2020-2021,770,DF
2020-2021,235400,DF
2020-2021,795297,DF
2020-2021,566102,DF
2020-2021,54338,MF
2020-2021,13148,FW
2020-2021,280435,DF
2020-2021,149606,DF
2020-2021,48077,FW
2020-2021,126691,MF
2020-2021,2089,FW
2020-2021,110508,FW
2020-2021,904832,MF
2020-2021,226978,FW
2020-2021,840451,Off_MF
2020-2021,878081,FW
2020-2021,257421,MF
2020-2021,838688,DF
2020-2021,168937,DF
2020-2021,954060,DF
2020-2021,40677,DF
2020-2021,268791,Off_MF
2020-2021,925097,DF
2020-2021,812829,DF
2020-2021,41008,FW
2020-2021,111969,Off_MF
2020-2021,52663,DF
2020-2021,836705,Off_MF
2020-2021,385330,DF
2020-2021,169549,FW
2020-2021,158235,DF
2020-2021,548178,MF
2020-2021,41270,Off_MF
2020-2021,141832,DF
2020-2021,983815,Off_MF
2020-2021,98435,Off_MF
2020-2021,316148,MF
2020-2021,281253,FW
2020-2021,134361,DF
2020-2021,152420,DF
2020-2021,777067,DF
2020-2021,51785,FW
2020-2021,254171,DF
2020-2021,797286,DF
2020-2021,352770,FW
2020-2021,96366,FW
2020-2021,340519,FW
2020-2021,159675,MF
2020-2021,33902,FW
2020-2021,103928,DF
2020-2021,187313,MF
2020-2021,52125,Off_MF
2020-2021,364618,Off_MF
2020-2021,604954,FW
2020-2021,844480,DF
2020-2021,168833,MF
2020-2021,123164,DF
2020-2021,868262,DF
2020-2021,552686,MF
2020-2021,190851,FW
2020-2021,869644,DF
2020-2021,347010,FW
2020-2021,792311,DF
2020-2021,243049,FW
2020-2021,116692,MF
2020-2021,44213,Off_MF
2020-2021,132295,DF
2020-2021,377206,DF
2020-2021,235460,MF
2020-2021,851671,FW
2020-2021,100565,DF
2020-2021,822471,FW
2020-2021,836698,DF
2020-2021,21600,Def_MF
2020-2021,122630,FW
2020-2021,106337,MF
2020-2021,132704,FW
2020-2021,27014,MF
2020-2021,235644,DF
2020-2021,109296,DF
2020-2021,81827,DF
2020-2021,355072,FW
2020-2021,124318,MF
2020-2021,814842,DF
2020-2021,35428,Off_MF
2020-2021,893062,FW
2020-2021,34639,DF
2020-2021,1002711,MF
2020-2021,217784,DF
2020-2021,17054,MF
2020-2021,352370,DF
2020-2021,296432,Off_MF
2020-2021,30127,MF
2020-2021,282665,Off_MF
2020-2021,808784,DF
2020-2021,105697,DF
2020-2021,100570,FW
2020-2021,122815,Def_MF
2020-2021,74045,FW
2020-2021,872919,Off_MF
2020-2021,76632,DF
2020-2021,362470,FW
2020-2021,547838,MF
2020-2021,945063,DF
2020-2021,333595,DF
2020-2021,83618,FW
2020-2021,281277,DF
2020-2021,593526,FW
2020-2021,859765,FW
2020-2021,147269,MF
2020-2021,153220,FW
2020-2021,886243,DF
2020-2021,10501,Off_MF
2020-2021,98058,Off_MF
2020-2021,208234,DF
2020-2021,932643,Off_MF
2020-2021,217384,DF
2020-2021,153444,DF
2020-2021,156303,DF
2020-2021,37318,FW
2020-2021,35194,MF
2020-2021,143871,DF
2020-2021,372336,DF
2020-2021,44563,DF
2020-2021,26687,FW
2020-2021,558738,FW
2020-2021,13204,DF
2020-2021,928236,DF
2020-2021,845023,MF
2020-2021,814735,DF
2020-2021,70930,DF
2020-2021,227900,DF
2020-2021,187433,FW
2020-2021,350210,Off_MF
2020-2021,98197,MF
2020-2021,103364,DF
2020-2021,855829,DF
2020-2021,891651,DF
2020-2021,863271,DF
2020-2021,355088,Off_MF
2020-2021,308764,Off_MF
2020-2021,914213,FW
2020-2021,888930,FW
2020-2021,99546,DF
2020-2021,18304,MF
2020-2021,156009,MF
2020-2021,301288,DF
2020-2021,836683,DF
2020-2021,138126,DF
2020-2021,780014,DF
2020-2021,791355,FW
2020-2021,35680,MF
2020-2021,790645,MF
2020-2021,149732,MF
2020-2021,72805,Def_MF
2020-2021,84531,DF
2020-2021,355024,Off_MF
2020-2021,804621,MF
2020-2021,41963,DF
2020-2021,36949,DF
2020-2021,99519,DF
2020-2021,856638,DF
2020-2021,991011,MF
2020-2021,43905,FW
2020-2021,835601,FW
2020-2021,816115,DF
2020-2021,966802,MF
2020-2021,881931,Off_MF
2020-2021,307284,MF
2020-2021,3305,Off_MF
2020-2021,42694,MF
2020-2021,184661,MF
2020-2021,142622,DF
2020-2021,988275,DF
2020-2021,359742,MF
2020-2021,227224,DF
2020-2021,787827,DF
2020-2021,897291,Off_MF
2020-2021,14251,DF
2020-2021,273,Off_MF
2020-2021,962877,Off_MF
2020-2021,791702,FW
2020-2021,175139,DF
2020-2021,985923,MF
2020-2021,156146,FW
2020-2021,552180,DF
2020-2021,115346,Off_MF
2020-2021,817957,FW
2020-2021,139410,DF
2020-2021,341143,FW
2020-2021,74506,DF
2020-2021,331853,DF
2020-2021,4581,FW
2020-2021,142619,MF
2020-2021,47737,DF
2020-2021,294641,FW
2020-2021,280441,FW
2020-2021,866469,MF
2020-2021,51349,MF
2020-2021,796085,FW
2020-2021,793645,FW
2020-2021,158573,DF
2020-2021,357756,DF
2020-2021,107128,FW
2020-2021,182243,MF
2020-2021,859027,MF
2020-2021,255999,MF
2020-2021,356352,DF
2020-2021,843665,DF
2020-2021,69416,MF
2020-2021,107414,FW
2020-2021,328027,FW
2020-2021,325355,DF
2020-2021,41468,DF
2020-2021,895868,Off_MF
2020-2021,827688,DF
2020-2021,138165,DF
2020-2021,136322,DF
2020-2021,74139,FW
2020-2021,848458,Off_MF
2020-2021,907072,Off_MF
2020-2021,818244,FW
2020-2021,152769,FW
2020-2021,74577,DF
2020-2021,560756,DF
2020-2021,153218,DF
2020-2021,846081,Off_MF
2020-2021,24818,DF
2020-2021,190147,FW
2020-2021,367056,FW
2020-2021,294593,DF
2020-2021,892924,Off_MF
2020-2021,38710,DF
2020-2021,141945,FW
2020-2021,788949,DF
2020-2021,914178,DF
2020-2021,789234,DF
2020-2021,316196,Off_MF
2020-2021,9628,DF
2020-2021,40360,MF
2020-2021,941168,DF
2020-2021,867438,DF
2020-2021,192308,FW
2020-2021,293519,FW
2020-2021,789958,DF
2020-2021,577726,DF
2020-2021,357598,FW
2020-2021,136710,MF
2020-2021,253993,MF
2020-2021,984014,MF
2020-2021,45970,FW
2020-2021,142390,FW
2020-2021,852404,MF
2020-2021,71203,MF
2020-2021,149479,Def_MF
2020-2021,758608,DF
2020-2021,24464,Off_MF
2020-2021,285989,MF
2020-2021,942116,FW
2020-2021,14990,FW
2020-2021,258913,DF
2020-2021,831799,DF
2020-2021,36466,Off_MF
2020-2021,814589,DF
2020-2021,365358,MF
2020-2021,189135,MF
2020-2021,842188,MF
2020-2021,141080,DF
2020-2021,877371,MF
2020-2021,69295,DF
2020-2021,891803,DF
2020-2021,48660,DF
2020-2021,44001,Off_MF
2020-2021,165413,FW
2020-2021,96490,MF
2020-2021,255239,DF
2020-2021,800419,MF
2020-2021,82474,MF
2020-2021,48751,DF
2020-2021,796987,MF
2020-2021,789886,MF
2020-2021,30027,FW
2020-2021,978285,DF
2020-2021,53825,MF
2020-2021,823631,FW
2020-2021,295133,DF
2020-2021,84854,DF
2020-2021,914765,MF
2020-2021,288321,DF
2020-2021,980418,DF
2020-2021,139256,MF
2020-2021,352802,MF
2020-2021,148458,Off_MF
2020-2021,280609,FW
2020-2021,361004,FW
2020-2021,41191,DF
2020-2021,195850,Off_MF
2020-2021,830551,DF
2020-2021,139310,DF
2020-2021,352736,DF
2020-2021,186719,MF
2020-2021,966837,MF
2020-2021,785468,DF
2020-2021,581314,MF
2020-2021,327755,MF
2020-2021,45680,DF
2020-2021,769333,FW
2020-2021,211122,Off_MF
2020-2021,788061,FW
2020-2021,111802,MF
2020-2021,183483,FW
2020-2021,859773,DF
2020-2021,109002,MF
2020-2021,822708,MF
2020-2021,227864,DF
2020-2021,235672,FW
2020-2021,906021,DF
2020-2021,284441,Off_MF
2020-2021,822877,Off_MF
2020-2021,949062,DF
2020-2021,887581,MF
2020-2021,298920,MF
2020-2021,40442,DF
2020-2021,50070,FW
2020-2021,928124,Off_MF
2020-2021,851284,FW
2020-2021,50027,DF
2020-2021,808955,MF
2020-2021,795761,FW
2020-2021,894733,Def_MF
2020-2021,84251,MF
2020-2021,152077,DF
2020-2021,811493,Off_MF
2020-2021,249929,FW
2020-2021,937741,DF
2020-2021,26890,MF
2020-2021,33541,DF
2020-2021,169255,Off_MF
2020-2021,360396,DF
2020-2021,39015,DF
2020-2021,190843,MF
2020-2021,787505,DF
2020-2021,71707,Off_MF
2020-2021,855647,FW
2020-2021,44614,DF
2020-2021,148588,MF
2020-2021,43476,DF
2020-2021,191204,DF
2020-2021,807648,DF
2020-2021,158213,FW
2020-2021,999028,DF
2020-2021,800408,MF
2020-2021,71952,DF
2020-2021,131716,DF
2020-2021,105951,DF
2020-2021,138546,DF
2020-2021,838159,DF
2020-2021,797893,DF
2020-2021,23996,MF
2020-2021,814360,DF
2020-2021,280721,Off_MF
2020-2021,848537,DF
2020-2021,788216,DF
2020-2021,149735,MF
2020-2021,385320,FW
2020-2021,826668,DF
2020-2021,868812,FW
2020-2021,47772,FW
2020-2021,989056,Off_MF
2020-2021,123388,DF
2020-2021,175185,FW
2020-2021,560128,FW
2020-2021,855830,DF
2020-2021,869792,DF
2020-2021,70996,Off_MF
2020-2021,288013,DF
2020-2021,69404,DF
2020-2021,590262,MF
2020-2021,165583,DF
2020-2021,860307,DF
2020-2021,810535,FW
2020-2021,132874,MF
2020-2021,827243,DF
2020-2021,125407,FW
2020-2021,901891,FW
2020-2021,605374,Off_MF
2020-2021,26991,FW
2020-2021,944164,Off_MF
2020-2021,133908,MF
2020-2021,252863,FW
2020-2021,41013,DF
2020-2021,15444,DF
2020-2021,139227,DF
2020-2021,605552,FW
2020-2021,845930,DF
2020-2021,45853,Off_MF
2020-2021,605338,FW
2020-2021,845750,Def_MF
2020-2021,149815,MF
2020-2021,110967,MF
2020-2021,116955,MF
2020-2021,247665,DF
2020-2021,41605,DF
2020-2021,40326,FW
2020-2021,351140,FW
2020-2021,357584,DF
2020-2021,848287,DF
2020-2021,132318,DF
2020-2021,106289,MF
2020-2021,18864,FW
2020-2021,158277,MF
2020-2021,151124,MF
2020-2021,209768,MF
2020-2021,553686,MF
2020-2021,242211,DF
2020-2021,879694,MF
2020-2021,156401,DF
2020-2021,99090,DF
2020-2021,851100,FW
2020-2021,801306,MF
2020-2021,794839,FW
2020-2021,838636,MF
2020-2021,331209,Off_MF
2020-2021,138830,MF
2020-2021,47549,DF
2020-2021,827681,DF
2020-2021,822923,DF
2020-2021,894396,FW
2020-2021,816810,Off_MF
2020-2021,836675,DF
2020-2021,38393,DF
2020-2021,797306,DF
2020-2021,69367,Off_MF
2020-2021,891931,MF
2020-2021,17088,DF
2020-2021,826167,DF
2020-2021,155802,MF
2020-2021,22141,MF
2020-2021,113956,FW
2020-2021,845273,Off_MF
2020-2021,847097,DF
2020-2021,280009,FW
2020-2021,339909,DF
2020-2021,188365,DF
2020-2021,175415,Off_MF
2020-2021,787889,MF
2020-2021,900433,Off_MF
2020-2021,845486,MF
2020-2021,797290,DF
2020-2021,103045,FW
2020-2021,356398,Off_MF
2020-2021,827522,Off_MF
2020-2021,856719,DF
2020-2021,3579,DF
2020-2021,371222,MF
2020-2021,793988,MF
2020-2021,892521,DF
2020-2021,3420,DF
2020-2021,26502,MF
2020-2021,355486,DF
2020-2021,796279,DF
2020-2021,148899,DF
2020-2021,155995,DF
2020-2021,879346,MF
2020-2021,27234,MF
2020-2021,267863,DF
2020-2021,143344,DF
2020-2021,138156,DF
2020-2021,790817,FW
2020-2021,870038,FW
2020-2021,851282,DF
2020-2021,18297,Off_MF
2020-2021,808590,FW
2020-2021,14718,DF
2020-2021,904994,FW
2020-2021,156004,MF
2020-2021,234148,MF
2020-2021,5712,FW
2020-2021,886363,FW
2020-2021,592010,MF
2020-2021,186855,DF
2020-2021,82400,DF
2020-2021,557166,FW
2020-2021,848355,DF
2020-2021,228414,DF
2020-2021,803174,DF
2020-2021,156682,MF
2020-2021,259339,MF
2020-2021,316406,FW
2020-2021,130181,FW
2020-2021,799054,MF
2020-2021,822878,MF
2020-2021,47743,DF
2020-2021,787885,Def_MF
2020-2021,802142,Off_MF
2020-2021,182001,DF
2020-2021,831424,DF
2020-2021,248125,DF
2020-2021,83247,MF
2020-2021,218616,FW
2020-2021,39327,DF
2020-2021,189061,FW
2020-2021,900003,Off_MF
2020-2021,839909,MF
2020-2021,21555,DF
2020-2021,156019,MF
2020-2021,848080,DF
2020-2021,789071,Off_MF
2020-2021,259117,MF
2020-2021,27009,MF
2020-2021,27838,FW
2020-2021,212074,FW
2020-2021,254297,FW
2020-2021,11621,FW
2020-2021,792073,DF
2020-2021,126071,DF
2020-2021,344751,MF
2020-2021,96370,FW
2020-2021,845386,Off_MF
2020-2021,963399,Off_MF
2020-2021,7472,MF
2020-2021,848185,Off_MF
2020-2021,331405,DF
2020-2021,51340,DF
2020-2021,246999,DF
2020-2021,227672,DF
2020-2021,100637,MF
2020-2021,803031,DF
2020-2021,366760,DF
2020-2021,1019322,Off_MF
2020-2021,579576,DF
2020-2021,225132,MF
2020-2021,19394,DF
2020-2021,7635,MF
2020-2021,197982,DF
2020-2021,9645,DF
2020-2021,363774,DF
2020-2021,826134,DF
2020-2021,28186,DF
2020-2021,44575,DF
2020-2021,546416,Def_MF
2020-2021,329303,MF
2020-2021,858195,DF
2020-2021,365802,MF
2020-2021,21264,MF
2020-2021,168897,DF
2020-2021,51363,MF
2020-2021,43192,Off_MF
2020-2021,36784,Off_MF
2020-2021,39183,DF
2020-2021,47992,Off_MF
2020-2021,120302,DF
2020-2021,923894,DF
2020-2021,153974,DF
2020-2021,910026,Off_MF
2020-2021,40984,DF
2020-2021,827934,DF
2020-2021,24248,DF
2020-2021,839981,MF
2020-2021,795128,DF
2020-2021,592012,Off_MF
2020-2021,37092,Off_MF
2020-2021,799216,MF
2020-2021,219572,DF
2020-2021,802695,DF
2020-2021,781544,DF
2020-2021,280979,Off_MF
2020-2021,24397,DF
2020-2021,281013,MF
2020-2021,41234,DF
2020-2021,366592,DF
2020-2021,21992,MF
2020-2021,138892,DF
2020-2021,352916,DF
2020-2021,906800,MF
2020-2021,139235,MF
2020-2021,826293,DF
2020-2021,99945,DF
2020-2021,880525,DF
2020-2021,51371,DF
2020-2021,191188,MF
2020-2021,839585,MF
2020-2021,846470,FW
2020-2021,934386,Off_MF
2020-2021,580638,DF
2020-2021,250737,MF
2020-2021,171961,Off_MF
2020-2021,165735,MF
2020-2021,233180,DF
2020-2021,218160,FW
2020-2021,802159,FW
2020-2021,128637,MF
2020-2021,791190,MF
2020-2021,330051,FW
2020-2021,16459,MF
2020-2021,606530,DF
2020-2021,578560,DF
2020-2021,798583,DF
2020-2021,51498,FW
2020-2021,587628,Off_MF
2020-2021,48563,MF
2020-2021,139585,DF
2020-2021,360866,MF
2020-2021,823941,FW
2020-2021,139524,DF
2020-2021,329417,DF
2020-2021,844752,DF
2020-2021,383560,DF
2020-2021,935564,FW
2020-2021,234230,MF
2020-2021,794338,Off_MF
2020-2021,50294,MF
2020-2021,831005,Off_MF
2020-2021,576276,DF
2020-2021,136924,DF
2020-2021,19382,DF
2020-2021,845170,DF
2020-2021,825956,Off_MF
2020-2021,151499,Off_MF
2020-2021,833956,DF
2020-2021,885908,DF
2020-2021,150864,DF
2020-2021,38162,FW
2020-2021,965943,MF
2020-2021,67647,FW
2020-2021,826643,FW
2020-2021,893008,DF
2020-2021,866810,DF
2020-2021,48335,DF
2020-2021,783374,FW
2020-2021,855817,FW
2020-2021,243623,MF
2020-2021,122810,DF
2020-2021,44900,Off_MF
2020-2021,94856,MF
2020-2021,316152,FW
2020-2021,21535,DF
2020-2021,46387,Off_MF
2020-2021,927304,DF
2020-2021,116607,MF
2020-2021,15033,FW
2020-2021,888949,DF
2020-2021,973887,MF
2020-2021,591750,MF
2020-2021,839956,FW
2020-2021,187729,DF
2020-2021,823622,FW
2020-2021,39482,MF
2020-2021,569556,Off_MF
2020-2021,306498,FW
2020-2021,788921,FW
2020-2021,992587,Off_MF
2020-2021,14216,FW
2020-2021,859024,MF
2020-2021,98212,DF
2020-2021,842709,FW
2020-2021,127585,DF
2020-2021,166381,DF
2020-2021,79680,DF
2020-2021,786028,Def_MF
2020-2021,333373,Off_MF
2020-2021,36982,DF
2020-2021,846445,FW
2020-2021,869931,MF
2020-2021,344129,Off_MF
2020-2021,359272,MF
2020-2021,96535,MF
2020-2021,280439,DF
2020-2021,603738,DF
2020-2021,877262,Off_MF
2020-2021,41789,FW
2020-2021,280453,Off_MF
2020-2021,13592,DF
2020-2021,137060,DF
2020-2021,365992,DF
2020-2021,110950,FW
2020-2021,30144,DF
2020-2021,580550,DF
2020-2021,253367,FW
2020-2021,69256,DF
2020-2021,84744,FW
2020-2021,48480,Off_MF
2020-2021,21164,DF
2020-2021,158257,MF
2020-2021,16429,DF
2020-2021,41560,Off_MF
2020-2021,15529,FW
2020-2021,41157,DF
2020-2021,190405,MF
2020-2021,791314,FW
2020-2021,27982,Off_MF
2020-2021,880796,FW
2020-2021,16943,FW
2020-2021,14933,DF
2020-2021,844234,MF
2020-2021,268903,FW
2020-2021,39433,MF
2020-2021,134849,Def_MF
2020-2021,255235,Off_MF
2020-2021,173883,DF
2020-2021,146101,DF
2020-2021,821728,DF
2020-2021,117777,MF
2020-2021,377118,DF
2020-2021,138605,Off_MF
2020-2021,168903,MF
2020-2021,114777,DF
2020-2021,187481,Off_MF
2020-2021,153966,MF
2020-2021,6562,MF
2020-2021,904970,MF
2020-2021,126588,DF
2020-2021,282229,DF
2020-2021,138534,FW
2020-2021,246319,FW
2020-2021,82943,DF
2020-2021,363792,DF
2020-2021,829932,DF
2020-2021,253415,DF
2020-2021,41837,Def_MF
2020-2021,157029,MF
2020-2021,807291,DF
2020-2021,879349,FW
2020-2021,254119,MF
2020-2021,324399,Off_MF
2020-2021,289977,DF
2020-2021,934235,FW
2020-2021,793228,DF
2020-2021,864921,Off_MF
2020-2021,823984,FW
2020-2021,552884,FW
2020-2021,17814,DF
2020-2021,147368,FW
2020-2021,796358,MF
2020-2021,149370,Off_MF
2020-2021,243585,DF
2020-2021,784655,MF
2020-2021,816763,FW
2020-2021,48557,DF
2020-2021,120538,DF
2020-2021,27999,MF
2020-2021,106726,MF
2020-2021,33854,DF
2020-2021,123229,MF
2020-2021,377238,Off_MF
2020-2021,353130,DF
2020-2021,829093,MF
2020-2021,800403,DF
2020-2021,108800,MF
2020-2021,40671,DF
2020-2021,147289,MF
2020-2021,143334,DF
2020-2021,787941,MF
2020-2021,879674,DF
2020-2021,238408,DF
2020-2021,216308,DF
2020-2021,123977,Off_MF
2020-2021,555540,Off_MF
2020-2021,20756,DF
2020-2021,542634,DF
2020-2021,798002,MF
2020-2021,232306,FW
2020-2021,83506,DF
2020-2021,85859,FW
2020-2021,119192,FW
2020-2021,109461,DF
2020-2021,135666,Off_MF
2020-2021,293581,Off_MF
2020-2021,1006489,DF
2020-2021,792142,DF
2020-2021,786029,MF
2020-2021,111850,FW
2020-2021,273405,DF
2020-2021,831781,DF
2020-2021,284361,DF
2020-2021,352664,DF
2020-2021,16508,DF
2020-2021,135700,Off_MF
2020-2021,805078,DF
2020-2021,156640,Def_MF
2020-2021,36465,MF
2020-2021,111416,Off_MF
2020-2021,337671,Off_MF
2020-2021,837205,MF
2020-2021,231946,Off_MF
2020-2021,151003,DF
2020-2021,791079,MF
2020-2021,906047,MF
2020-2021,100578,DF
2020-2021,155702,FW
2020-2021,84298,DF
2020-2021,349794,DF
2020-2021,44848,DF
2020-2021,141525,DF
2020-2021,106751,DF
2020-2021,122634,Def_MF
2020-2021,823085,DF
2020-2021,318607,DF
2020-2021,280991,MF
2020-2021,286165,FW
2020-2021,67308,DF
2020-2021,883262,DF
2020-2021,190839,DF
2020-2021,330689,DF
2020-2021,791048,DF
2020-2021,184417,DF
2020-2021,976141,MF
2020-2021,74083,DF
2020-2021,151138,DF
2020-2021,800417,DF
2020-2021,40253,MF
2020-2021,814594,DF
2020-2021,773409,FW
2020-2021,794836,DF
2020-2021,845385,Off_MF
2020-2021,146866,FW
2020-2021,805123,Off_MF
2020-2021,35166,Off_MF
2020-2021,66492,DF
2020-2021,280955,MF
2020-2021,856553,FW
2020-2021,345035,FW
2020-2021,96538,DF
2020-2021,851254,DF
2020-2021,754698,DF
2020-2021,805245,FW
2020-2021,14142,MF
2020-2021,359246,MF
2020-2021,137774,DF
2020-2021,814385,FW
2020-2021,158599,DF
2020-2021,372324,DF
2020-2021,352376,Def_MF
2020-2021,85058,FW
2020-2021,799046,DF
2020-2021,115516,MF
2020-2021,804434,DF
2020-2021,138310,DF
2020-2021,328035,DF
2020-2021,124737,DF
2020-2021,260031,Off_MF
2020-2021,760618,Off_MF
2020-2021,787540,Off_MF
2020-2021,226974,DF
2020-2021,580642,MF
2020-2021,331449,MF
2020-2021,49639,MF
2020-2021,362682,DF
2020-2021,148824,FW
2020-2021,15466,MF
2020-2021,91046,DF
2020-2021,832427,MF
2020-2021,589620,Off_MF
2020-2021,61445,MF
2020-2021,50480,FW
2020-2021,158241,DF
2020-2021,37151,Off_MF
2020-2021,331447,MF
2020-2021,787751,DF
2020-2021,824200,FW
2020-2021,859026,FW
2020-2021,827606,MF
2020-2021,1031421,MF
2020-2021,190159,FW
2020-2021,117083,MF
2020-2021,330705,MF
2020-2021,113920,DF
2020-2021,790965,Off_MF
2020-2021,117373,FW
2020-2021,132149,DF
2020-2021,106496,DF
2020-2021,187205,DF
2020-2021,307274,DF
2020-2021,880207,DF
2020-2021,867887,MF
2020-2021,192430,DF
2020-2021,108736,DF
2020-2021,591706,Def_MF
2020-2021,825771,DF
2020-2021,112928,DF
2020-2021,806076,Off_MF
2020-2021,604232,DF
2020-2021,229544,DF
2020-2021,846471,DF
2020-2021,750,FW
2020-2021,122848,DF
2020-2021,129471,DF
2020-2021,217704,FW
2020-2021,842931,FW
2020-2021,257091,DF
2020-2021,358394,MF
2020-2021,16632,DF
2020-2021,126816,DF
2020-2021,229722,Off_MF
2020-2021,369650,DF
2020-2021,11869,DF
2020-2021,150212,DF
2020-2021,146853,DF
2020-2021,49406,MF
2020-2021,143697,FW
2020-2021,173827,FW
2020-2021,318941,DF
2020-2021,46798,MF
2020-2021,227922,DF
2020-2021,829570,Off_MF
2020-2021,45923,FW
2020-2021,541578,FW
2020-2021,138383,MF
2020-2021,611210,DF
2020-2021,840217,FW
2020-2021,591740,MF
2020-2021,609752,MF
2020-2021,19356,FW
2020-2021,106258,FW
2020-2021,758168,DF
2020-2021,904827,DF
2020-2021,372344,FW
2020-2021,945062,MF
2020-2021,825754,FW
2020-2021,856714,MF
2020-2021,787640,DF
2020-2021,363860,MF
2020-2021,78893,FW
2020-2021,51665,MF
2020-2021,69385,DF
2020-2021,220223,FW
2020-2021,178721,DF
2020-2021,836694,Off_MF
2020-2021,913942,Off_MF
2020-2021,32040,DF
2020-2021,3306,FW
2020-2021,826204,MF
2020-2021,363856,MF
2020-2021,361696,DF
2020-2021,122951,MF
2020-2021,552680,DF
2020-2021,17787,DF
2020-2021,36704,DF
2020-2021,51652,MF
2020-2021,111803,DF
2020-2021,124992,DF
2020-2021,814590,FW
2020-2021,916680,FW
2020-2021,826188,DF
2020-2021,138833,FW
2020-2021,832208,FW
2020-2021,122701,Off_MF
2020-2021,960080,FW
2020-2021,115365,DF
2020-2021,786022,DF
2020-2021,788027,DF
2020-2021,885197,DF
2020-2021,307702,DF
2020-2021,252215,FW
2020-2021,22126,MF
2020-2021,569784,MF
2020-2021,170499,FW
2020-2021,150910,DF
2020-2021,352668,DF
2020-2021,76265,DF
2020-2021,143040,MF
2020-2021,353138,Off_MF
2020-2021,842400,FW
2020-2021,351434,DF
2020-2021,296434,MF
2020-2021,279563,MF
2020-2021,267619,DF
2020-2021,343971,FW
2020-2021,864169,DF
2020-2021,827212,DF
2020-2021,35219,MF
2020-2021,252821,DF
2020-2021,385888,MF
2020-2021,595576,Off_MF
2020-2021,110846,DF
2020-2021,856123,DF
2020-2021,576266,DF
2020-2021,25506,DF
2020-2021,362014,DF
2020-2021,170887,DF
2020-2021,88528,DF
2020-2021,100389,MF
2020-2021,84539,MF
2020-2021,12994,FW
2020-2021,73979,DF
2020-2021,35199,DF
2020-2021,69418,FW
2020-2021,871706,FW
2020-2021,795064,DF
2020-2021,23904,DF
2020-2021,836168,DF
2020-2021,73188,DF
2020-2021,130433,DF
2020-2021,149380,DF
2020-2021,204336,FW
2020-2021,247445,MF
2020-2021,138024,DF
2020-2021,142259,DF
2020-2021,67507,DF
2020-2021,254449,DF
2020-2021,863653,DF
2020-2021,142231,DF
2020-2021,859025,MF
2020-2021,825133,DF
2020-2021,935543,Off_MF
2020-2021,41165,DF
2020-2021,159665,FW
2020-2021,108579,FW
2020-2021,84972,FW
2020-2021,288205,Off_MF
2020-2021,286085,DF
2020-2021,844842,MF
2020-2021,39182,MF
2020-2021,111505,FW
2020-2021,3041,DF
2020-2021,45944,DF
2020-2021,39348,DF
2020-2021,827519,DF
2020-2021,877102,DF
2020-2021,591136,DF
2020-2021,795222,MF
2020-2021,43443,DF
2020-2021,27622,DF
2020-2021,846036,DF
2020-2021,303638,DF
2020-2021,827679,DF
2020-2021,249399,Off_MF
2020-2021,45362,DF
2020-2021,888219,Off_MF
2020-2021,596736,DF
2020-2021,802034,DF
2020-2021,359226,MF
2020-2021,145188,DF
2020-2021,153257,DF
2020-2021,794939,Off_MF
2020-2021,80406,Off_MF
2020-2021,123208,FW
2020-2021,149730,FW
2020-2021,916041,MF
2020-2021,5585,DF
2020-2021,98449,DF
2020-2021,910046,DF
2020-2021,245615,DF
2020-2021,555386,FW
2020-2021,250223,MF
2020-2021,331737,MF
2020-2021,262911,DF
2020-2021,102624,DF
2020-2021,368134,DF
2020-2021,78454,MF
2020-2021,49647,MF
2020-2021,845271,DF
2020-2021,799041,MF
2020-2021,31993,DF
2020-2021,161717,MF
2020-2021,149593,MF
2021-2022,1083410,MF
2021-2022,609706,DF
2021-2022,1014408,FW
2021-2022,886023,MF
2021-2022,996961,DF
2021-2022,1131529,DF
2021-2022,1014461,FW
2021-2022,1010655,Def_MF
2021-2022,15416,MF
2021-2022,103012,DF
2021-2022,1095731,FW
2021-2022,1082406,FW
2021-2022,1021255,FW
2021-2022,1048009,DF
2021-2022,1131581,DF
2021-2022,1082797,Off_MF
2021-2022,997143,Def_MF
2021-2022,1170523,MF
2021-2022,1012182,FW
2021-2022,878545,DF
2021-2022,234150,DF
2021-2022,1012898,DF
2021-2022,868323,FW
2021-2022,153440,MF
2021-2022,1082953,Off_MF
2021-2022,836093,FW
2021-2022,1084284,DF
2021-2022,1034303,DF
2021-2022,1021217,MF
2021-2022,72127,MF
2021-2022,1106151,FW
2021-2022,138381,DF
2021-2022,964981,MF
2021-2022,814624,Off_MF
2021-2022,293127,DF
2021-2022,1001770,FW
2021-2022,357588,DF
2021-2022,1103548,FW
2021-2022,927356,DF
2021-2022,893962,DF
2021-2022,852145,FW
2021-2022,865912,DF
2021-2022,966679,FW
2021-2022,1010117,Off_MF
2021-2022,1096447,FW
2021-2022,857907,Off_MF
2021-2022,1130942,MF
2021-2022,1165778,FW
2021-2022,1012175,DF
2021-2022,987250,FW
2021-2022,915688,DF
2021-2022,989185,DF
2021-2022,122010,DF
2021-2022,1119693,MF
2021-2022,950338,FW
2021-2022,1172764,MF
2021-2022,997087,FW
2021-2022,295361,FW
2021-2022,16508,Def_MF
2021-2022,44104,DF
2021-2022,1154935,FW
2021-2022,1130737,MF
2021-2022,1010227,DF
2021-2022,1142256,FW
2021-2022,1144660,DF
2021-2022,1018197,MF
2021-2022,830858,FW
2021-2022,1155571,FW
2021-2022,1191337,FW
2021-2022,1170526,DF
2021-2022,137155,FW
2021-2022,1173172,DF
2021-2022,1177311,Off_MF
2021-2022,1135873,FW
2021-2022,1153315,MF
2021-2022,909669,FW
2021-2022,48022,Off_MF
2021-2022,37761,DF
2021-2022,966526,FW
2021-2022,1001033,FW
2021-2022,1048889,Def_MF
2021-2022,1066059,Off_MF
2021-2022,1129935,Off_MF
2021-2022,930584,FW
2021-2022,152414,DF
2021-2022,361326,Off_MF
2021-2022,1064630,DF
2021-2022,826570,FW
2021-2022,1012639,DF
2021-2022,1171674,DF
2021-2022,1029969,FW
2021-2022,1141131,FW
2021-2022,914660,DF
2021-2022,1016810,FW
2021-2022,173349,Off_MF
2021-2022,1185437,FW
2021-2022,44563,DF
2021-2022,253387,Off_MF
2021-2022,1129180,Off_MF
2021-2022,1110062,FW
2021-2022,967747,Off_MF
2021-2022,966655,Off_MF
2021-2022,930271,DF
2021-2022,940365,DF
2021-2022,888954,DF
2021-2022,992370,DF
2021-2022,842456,Off_MF
2021-2022,994490,Def_MF
2021-2022,1049517,DF
2021-2022,807749,DF
2021-2022,904831,FW
2021-2022,1012172,FW
2021-2022,1129120,Off_MF
2021-2022,802665,FW
2021-2022,1050349,FW
2021-2022,1013418,Off_MF
2021-2022,963300,FW
2021-2022,1000018,MF
2021-2022,902019,MF
2021-2022,826139,FW
2021-2022,1003334,Off_MF
2021-2022,1019236,Off_MF
2021-2022,867734,DF
2021-2022,913728,FW
2021-2022,1067220,Def_MF
2021-2022,13148,FW
2021-2022,138573,FW
2021-2022,983041,DF
2021-2022,922186,FW
2021-2022,787782,DF
2021-2022,138151,DF
2021-2022,782240,MF
2021-2022,1133119,FW
2021-2022,1012440,MF
2021-2022,999231,Off_MF
2021-2022,1015240,DF
2021-2022,994562,MF
2021-2022,307096,Off_MF
2021-2022,1211006,FW
2021-2022,22109,FW
2021-2022,863022,Off_MF
2021-2022,904848,Off_MF
2021-2022,1105074,DF
2021-2022,965828,DF
2021-2022,1069125,MF
2021-2022,993451,FW
2021-2022,8849,FW
2021-2022,914276,Off_MF
2021-2022,1048927,Off_MF
2021-2022,1004342,Off_MF
2021-2022,1168044,Def_MF
2021-2022,930266,Off_MF
2021-2022,353224,FW
2021-2022,1146760,FW
2021-2022,855832,Def_MF
2021-2022,871701,Off_MF
2021-2022,1007962,Off_MF
2021-2022,855846,MF
2021-2022,998832,FW
2021-2022,993093,MF
2021-2022,822703,DF
2021-2022,1152344,FW
2021-2022,1136399,Def_MF
2021-2022,108538,FW
2021-2022,15190,FW
2021-2022,1129940,FW
2021-2022,785444,FW
2021-2022,1155625,FW
2021-2022,757730,MF
2021-2022,518,Off_MF
2021-2022,943595,FW
2021-2022,232118,FW
2021-2022,1186444,FW
2021-2022,1146018,FW
2021-2022,27921,Off_MF
2021-2022,825750,FW
2021-2022,1035698,FW
2021-2022,966836,DF
2021-2022,1046097,FW
2021-2022,918429,Def_MF
2021-2022,26097,DF
2021-2022,980625,DF
2021-2022,963298,FW
2021-2022,972523,FW
2021-2022,933320,DF
2021-2022,981574,MF
2021-2022,1012383,Def_MF
2021-2022,345193,MF
2021-2022,890910,DF
2021-2022,1085252,DF
2021-2022,1201926,DF
2021-2022,918836,DF
2021-2022,1107477,DF
2021-2022,353262,Off_MF
2021-2022,941161,FW
2021-2022,858148,MF
2021-2022,923803,MF
2021-2022,983816,FW
2021-2022,877980,FW
2021-2022,920346,FW
2021-2022,826206,MF
2021-2022,962710,FW
2021-2022,990249,MF
2021-2022,957889,MF
2021-2022,933263,FW
2021-2022,966804,Off_MF
2021-2022,997100,FW
2021-2022,1130939,Off_MF
2021-2022,354576,FW
2021-2022,42987,FW
2021-2022,1046711,Off_MF
2021-2022,828971,DF
2021-2022,1048888,FW
2021-2022,1089897,DF
2021-2022,1100406,DF
2021-2022,801391,DF
2021-2022,1130573,FW
2021-2022,1864973,FW
2021-2022,882041,Off_MF
2021-2022,39009,MF
2021-2022,991614,FW
2021-2022,1131540,MF
2021-2022,997104,MF
2021-2022,67308,DF
2021-2022,263567,FW
2021-2022,1002902,MF
2021-2022,981644,FW
2021-2022,158233,DF
2021-2022,988650,DF
2021-2022,947171,MF
2021-2022,965016,MF
2021-2022,41008,Off_MF
2021-2022,80802,FW
2021-2022,979118,MF
2021-2022,901361,DF
2021-2022,326343,MF
2021-2022,46972,FW
2021-2022,1102099,FW
2021-2022,1019320,MF
2021-2022,986352,MF
2021-2022,1009386,FW
2021-2022,934237,FW
2021-2022,1048011,MF
2021-2022,842275,DF
2021-2022,886127,FW
2021-2022,1022881,DF
2021-2022,1118232,DF
2021-2022,115441,MF
2021-2022,1122642,FW
2021-2022,608370,Off_MF
2021-2022,1122638,FW
2021-2022,1121578,FW
2021-2022,1084706,DF
2021-2022,925242,Off_MF
2021-2022,822468,Def_MF
2021-2022,1129365,FW
2021-2022,988839,FW
2021-2022,1133520,DF
2021-2022,139225,DF
2021-2022,1084737,DF
2021-2022,1101362,FW
2021-2022,134868,FW
2021-2022,855847,FW
2021-2022,915280,MF
2021-2022,1211005,MF
2021-2022,930279,Def_MF
2021-2022,925837,MF
2021-2022,1032022,FW
2021-2022,352938,FW
2021-2022,814842,DF
2021-2022,579596,FW
2021-2022,1150445,Off_MF
2021-2022,1004505,FW
2021-2022,994017,FW
2021-2022,24006,Def_MF
2021-2022,1134399,FW
2021-2022,1069725,DF
2021-2022,828640,DF
2021-2022,873947,Off_MF
2021-2022,1197153,DF
2021-2022,330063,DF
2021-2022,1092563,DF
2021-2022,1137670,Off_MF
2021-2022,96547,DF
2021-2022,990802,DF
2021-2022,339227,DF
2021-2022,982319,DF
2021-2022,1035699,DF
2021-2022,1085950,MF
2021-2022,383406,Off_MF
2021-2022,1210666,DF
2021-2022,1047364,DF
2021-2022,1003317,Off_MF
2021-2022,1156342,MF
2021-2022,1048820,Off_MF
2021-2022,1189787,DF
2021-2022,806394,Def_MF
2021-2022,850404,Off_MF
2021-2022,23571,MF
2021-2022,21608,MF
2021-2022,918838,FW
2021-2022,380974,FW
2021-2022,999070,FW
2021-2022,975798,FW
2021-2022,326643,Off_MF
2021-2022,249627,DF
2021-2022,367096,MF
2021-2022,1010505,MF
2021-2022,1128532,MF
2021-2022,190917,FW
2021-2022,826884,FW
2021-2022,972561,DF
2021-2022,1010062,FW
2021-2022,99517,MF
2021-2022,127000,FW
2021-2022,286167,MF
2021-2022,41668,DF
2021-2022,67739,MF
2021-2022,285989,MF
2021-2022,1009475,Off_MF
2021-2022,1086346,FW
2021-2022,954888,Off_MF
2021-2022,1047321,Off_MF
2021-2022,1000397,FW
2021-2022,982780,FW
2021-2022,825945,FW
2021-2022,1089108,FW
2021-2022,21299,MF
2021-2022,188405,FW
2021-2022,877630,FW
2021-2022,148899,DF
2021-2022,991577,DF
2021-2022,1113031,FW
2021-2022,48077,FW
2021-2022,917005,Off_MF
2021-2022,1066809,FW
2021-2022,942990,DF
2021-2022,910048,FW
2021-2022,1162309,FW
2021-2022,997183,Off_MF
2021-2022,1002623,MF
2021-2022,255973,Off_MF
2021-2022,970435,Off_MF
2021-2022,190399,FW
2021-2022,1140599,FW
2021-2022,963198,DF
2021-2022,787959,DF
2021-2022,982334,FW
2021-2022,910022,FW
2021-2022,258913,DF
2021-2022,1001967,Off_MF
2021-2022,1167704,DF
2021-2022,992552,FW
2021-2022,874535,FW
2021-2022,1020744,DF
2021-2022,1065260,Off_MF
2021-2022,288439,DF
2021-2022,926892,DF
2021-2022,795260,DF
2021-2022,970366,DF
2021-2022,1012248,Off_MF
2021-2022,980647,MF
2021-2022,970928,Off_MF
2021-2022,1014290,FW
2021-2022,1097848,Def_MF
2021-2022,942834,FW
2021-2022,1021165,DF
2021-2022,17094,FW
2021-2022,106249,FW
2021-2022,787448,FW
2021-2022,1010126,FW
2021-2022,1035695,DF
2021-2022,51455,FW
2021-2022,895579,FW
2021-2022,1102501,DF
2021-2022,142568,DF
2021-2022,838688,DF
2021-2022,856594,MF
2021-2022,377108,Off_MF
2021-2022,997175,DF
2021-2022,978562,FW
2021-2022,975814,FW
2021-2022,93868,DF
2021-2022,1085381,FW
2021-2022,941300,DF
2021-2022,973699,Off_MF
2021-2022,19343,Def_MF
2021-2022,44860,DF
2021-2022,38533,DF
2021-2022,1014222,DF
2021-2022,788895,MF
2021-2022,353252,FW
2021-2022,957602,DF
2021-2022,800373,MF
2021-2022,235444,FW
2021-2022,893030,Def_MF
2021-2022,50730,FW
2021-2022,1014042,FW
2021-2022,1005211,FW
2021-2022,98435,Off_MF
2021-2022,152263,DF
2021-2022,1094758,DF
2021-2022,43908,DF
2021-2022,1008111,DF
2021-2022,988966,MF
2021-2022,930233,MF
2021-2022,826668,DF
2021-2022,841399,FW
2021-2022,879780,MF
2021-2022,155818,FW
2021-2022,922939,FW
2021-2022,796444,DF
2021-2022,997035,DF
2021-2022,55314,FW
2021-2022,910267,DF
2021-2022,998247,DF
2021-2022,845802,FW
2021-2022,331753,FW
2021-2022,962283,FW
2021-2022,816810,Off_MF
2021-2022,788801,DF
2021-2022,1114420,MF
2021-2022,794269,MF
2021-2022,185995,DF
2021-2022,944165,Off_MF
2021-2022,1012423,DF
2021-2022,817621,MF
2021-2022,980383,FW
2021-2022,888754,FW
2021-2022,82401,DF
2021-2022,940360,MF
2021-2022,944327,FW
2021-2022,788141,MF
2021-2022,980410,Off_MF
2021-2022,1015826,DF
2021-2022,944201,FW
2021-2022,822877,Off_MF
2021-2022,914711,DF
2021-2022,1144630,DF
2021-2022,914487,DF
2021-2022,839226,FW
2021-2022,606346,DF
2021-2022,958982,FW
2021-2022,955133,FW
2021-2022,98440,DF
2021-2022,218160,Off_MF
2021-2022,129452,Off_MF
2021-2022,1065261,FW
2021-2022,997006,FW
2021-2022,33901,DF
2021-2022,877841,DF
2021-2022,3209,FW
2021-2022,155711,DF
2021-2022,1017649,Off_MF
2021-2022,1019953,Off_MF
2021-2022,980621,Off_MF
2021-2022,319149,FW
2021-2022,1035697,Off_MF
2021-2022,795058,MF
2021-2022,139262,DF
2021-2022,788097,Off_MF
2021-2022,66471,FW
2021-2022,28367,Off_MF
2021-2022,980640,MF
2021-2022,980403,Off_MF
2021-2022,877302,MF
2021-2022,801378,Off_MF
2021-2022,96363,DF
2021-2022,128637,DF
2021-2022,231614,FW
2021-2022,354558,MF
2021-2022,576078,DF
2021-2022,1050692,DF
2021-2022,1122641,Off_MF
2021-2022,191178,FW
2021-2022,845344,MF
2021-2022,856260,MF
2021-2022,928047,FW
2021-2022,813738,DF
2021-2022,877544,Off_MF
2021-2022,16776,FW
2021-2022,908716,DF
2021-2022,891803,DF
2021-2022,996952,FW
2021-2022,32606,MF
2021-2022,21600,DF
2021-2022,989076,DF
2021-2022,833246,DF
2021-2022,44138,MF
2021-2022,876860,DF
2021-2022,254159,FW
2021-2022,964153,DF
2021-2022,964609,DF
2021-2022,547838,MF
2021-2022,949062,FW
2021-2022,41494,Off_MF
2021-2022,37191,FW
2021-2022,15354,FW
2021-2022,98003,Def_MF
2021-2022,1009873,MF
2021-2022,330099,Off_MF
2021-2022,18841,FW
2021-2022,1006232,FW
2021-2022,873534,Off_MF
2021-2022,833057,DF
2021-2022,17740,Off_MF
2021-2022,47171,Off_MF
2021-2022,115666,DF
2021-2022,877342,FW
2021-2022,168647,MF
2021-2022,576382,FW
2021-2022,333595,DF
2021-2022,914765,MF
2021-2022,994556,Off_MF
2021-2022,949962,FW
2021-2022,886243,DF
2021-2022,22337,DF
2021-2022,355174,MF
2021-2022,832411,FW
2021-2022,106920,DF
2021-2022,1101227,DF
2021-2022,954044,DF
2021-2022,10486,FW
2021-2022,573616,Off_MF
2021-2022,966889,DF
2021-2022,11654,MF
2021-2022,33959,Off_MF
2021-2022,72998,Off_MF
2021-2022,41234,DF
2021-2022,3305,FW
2021-2022,928779,FW
2021-2022,164511,MF
2021-2022,891651,DF
2021-2022,904994,MF
2021-2022,41116,FW
2021-2022,1019318,Off_MF
2021-2022,1010223,MF
2021-2022,958865,FW
2021-2022,143061,DF
2021-2022,96490,Def_MF
2021-2022,907463,Off_MF
2021-2022,818440,Off_MF
2021-2022,109851,FW
2021-2022,985738,DF
2021-2022,833030,FW
2021-2022,881222,FW
2021-2022,103417,Off_MF
2021-2022,318927,DF
2021-2022,129927,FW
2021-2022,9741,MF
2021-2022,133236,DF
2021-2022,251907,MF
2021-2022,862475,DF
2021-2022,1031259,FW
2021-2022,962883,FW
2021-2022,20756,DF
2021-2022,99104,Off_MF
2021-2022,147306,MF
2021-2022,246431,FW
2021-2022,47625,MF
2021-2022,49518,DF
2021-2022,355048,DF
2021-2022,927360,DF
2021-2022,590262,MF
2021-2022,906276,FW
2021-2022,175753,FW
2021-2022,848082,MF
2021-2022,1069703,DF
2021-2022,111500,FW
2021-2022,955245,Off_MF
2021-2022,184421,DF
2021-2022,169113,DF
2021-2022,21880,MF
2021-2022,914877,FW
2021-2022,377206,DF
2021-2022,1158529,MF
2021-2022,1156353,MF
2021-2022,156303,DF
2021-2022,795154,DF
2021-2022,168833,MF
2021-2022,250133,MF
2021-2022,115665,FW
2021-2022,150998,FW
2021-2022,973418,DF
2021-2022,552180,DF
2021-2022,857671,MF
2021-2022,590404,DF
2021-2022,205508,FW
2021-2022,327863,FW
2021-2022,319129,FW
2021-2022,828969,Off_MF
2021-2022,826202,DF
2021-2022,280553,FW
2021-2022,113593,MF
2021-2022,1141593,FW
2021-2022,35921,DF
2021-2022,158615,MF
2021-2022,21626,FW
2021-2022,948250,Off_MF
2021-2022,847128,MF
2021-2022,10501,Off_MF
2021-2022,836600,FW
2021-2022,934383,DF
2021-2022,249629,Off_MF
2021-2022,983066,DF
2021-2022,96370,FW
2021-2022,1161925,Off_MF
2021-2022,141997,MF
2021-2022,362470,FW
2021-2022,334149,DF
2021-2022,979563,DF
2021-2022,26576,DF
2021-2022,132661,DF
2021-2022,928106,FW
2021-2022,793761,FW
2021-2022,900671,DF
2021-2022,581146,FW
2021-2022,255189,DF
2021-2022,826012,MF
2021-2022,788884,DF
2021-2022,123976,MF
2021-2022,839110,Def_MF
2021-2022,587074,DF
2021-2022,799195,DF
2021-2022,861981,MF
2021-2022,871822,MF
2021-2022,1048916,MF
2021-2022,31273,FW
2021-2022,814023,DF
2021-2022,812126,FW
2021-2022,227892,FW
2021-2022,96116,DF
2021-2022,914048,DF
2021-2022,342915,DF
2021-2022,897594,DF
2021-2022,846356,Off_MF
2021-2022,95381,Off_MF
2021-2022,139267,Off_MF
2021-2022,133792,FW
2021-2022,250931,FW
2021-2022,805096,DF
2021-2022,893643,Off_MF
2021-2022,149732,MF
2021-2022,990227,MF
2021-2022,826003,FW
2021-2022,931742,DF
2021-2022,234232,DF
2021-2022,1104948,MF
2021-2022,273,Off_MF
2021-2022,892483,DF
2021-2022,930245,FW
2021-2022,989056,Off_MF
2021-2022,979128,FW
2021-2022,158583,DF
2021-2022,142148,DF
2021-2022,907070,FW
2021-2022,850891,MF
2021-2022,97409,FW
2021-2022,345195,Off_MF
2021-2022,788170,DF
2021-2022,1103141,FW
2021-2022,798933,DF
2021-2022,150212,DF
2021-2022,965893,DF
2021-2022,915812,MF
2021-2022,940328,FW
2021-2022,98197,Off_MF
2021-2022,869910,Off_MF
2021-2022,922928,DF
2021-2022,121180,DF
2021-2022,377118,DF
2021-2022,945404,DF
2021-2022,97967,DF
2021-2022,879349,FW
2021-2022,905264,DF
2021-2022,136922,DF
2021-2022,934386,FW
2021-2022,887429,MF
2021-2022,23666,MF
2021-2022,1749,FW
2021-2022,795000,DF
2021-2022,223232,FW
2021-2022,350170,FW
2021-2022,142104,DF
2021-2022,986395,FW
2021-2022,827688,DF
2021-2022,116955,DF
2021-2022,887766,Off_MF
2021-2022,801003,DF
2021-2022,361790,MF
2021-2022,1065453,DF
2021-2022,352768,DF
2021-2022,901842,MF
2021-2022,96649,FW
2021-2022,51471,Off_MF
2021-2022,980624,Off_MF
2021-2022,191176,FW
2021-2022,863271,DF
2021-2022,355046,DF
2021-2022,839818,MF
2021-2022,999583,FW
2021-2022,165015,FW
2021-2022,164171,FW
2021-2022,149735,MF
2021-2022,918482,FW
2021-2022,877842,MF
2021-2022,862859,FW
2021-2022,580952,DF
2021-2022,810535,FW
2021-2022,103364,DF
2021-2022,817979,DF
2021-2022,827804,Off_MF
2021-2022,1094106,DF
2021-2022,106572,FW
2021-2022,17814,DF
2021-2022,138890,FW
2021-2022,335823,DF
2021-2022,839309,MF
2021-2022,804901,FW
2021-2022,282095,FW
2021-2022,26404,DF
2021-2022,857178,Off_MF
2021-2022,845084,FW
2021-2022,38393,DF
2021-2022,857471,FW
2021-2022,822110,DF
2021-2022,834881,Off_MF
2021-2022,79853,Off_MF
2021-2022,857002,FW
2021-2022,165583,DF
2021-2022,812829,DF
2021-2022,548050,Off_MF
2021-2022,826195,DF
2021-2022,826944,FW
2021-2022,802695,DF
2021-2022,877979,FW
2021-2022,826203,DF
2021-2022,966862,FW
2021-2022,32124,DF
2021-2022,11658,DF
2021-2022,355072,FW
2021-2022,142680,FW
2021-2022,794950,Off_MF
2021-2022,1046147,FW
2021-2022,13592,DF
2021-2022,204336,FW
2021-2022,871041,DF
2021-2022,790031,DF
2021-2022,357596,FW
2021-2022,167855,Off_MF
2021-2022,893063,FW
2021-2022,843156,DF
2021-2022,361798,FW
2021-2022,120538,DF
2021-2022,98075,MF
2021-2022,229776,Off_MF
2021-2022,954076,FW
2021-2022,788181,MF
2021-2022,238708,FW
2021-2022,907072,Off_MF
2021-2022,944049,Off_MF
2021-2022,996951,DF
2021-2022,339641,MF
2021-2022,20826,FW
2021-2022,1011375,FW
2021-2022,1003007,DF
2021-2022,980327,FW
2021-2022,186953,MF
2021-2022,295973,FW
2021-2022,569556,DF
2021-2022,556960,DF
2021-2022,94856,DF
2021-2022,828239,DF
2021-2022,122630,FW
2021-2022,862373,Off_MF
2021-2022,88471,FW
2021-2022,904840,MF
2021-2022,914755,MF
2021-2022,895228,Off_MF
2021-2022,787642,DF
2021-2022,16429,DF
2021-2022,837846,Def_MF
2021-2022,787640,DF
2021-2022,864921,Off_MF
2021-2022,845272,FW
2021-2022,804909,FW
2021-2022,980143,FW
2021-2022,1129118,DF
2021-2022,1102528,DF
2021-2022,1009334,DF
2021-2022,51363,MF
2021-2022,235460,MF
2021-2022,997103,DF
2021-2022,183481,DF
2021-2022,966822,DF
2021-2022,892521,DF
2021-2022,48751,DF
2021-2022,885259,DF
2021-2022,879850,FW
2021-2022,976001,MF
2021-2022,42147,MF
2021-2022,923894,DF
2021-2022,352290,FW
2021-2022,967510,FW
2021-2022,34221,MF
2021-2022,146852,FW
2021-2022,846016,DF
2021-2022,74506,DF
2021-2022,927407,DF
2021-2022,966560,DF
2021-2022,27009,MF
2021-2022,287057,MF
2021-2022,174975,DF
2021-2022,856062,MF
2021-2022,227862,FW
2021-2022,40878,FW
2021-2022,138146,Off_MF
2021-2022,249893,FW
2021-2022,927066,MF
2021-2022,198028,MF
2021-2022,89894,DF
2021-2022,159739,DF
2021-2022,987650,MF
2021-2022,868235,DF
2021-2022,805983,Def_MF
2021-2022,24048,MF
2021-2022,39020,DF
2021-2022,168897,DF
2021-2022,13208,FW
2021-2022,356444,FW
2021-2022,796372,DF
2021-2022,859774,MF
2021-2022,1108921,FW
2021-2022,69367,Off_MF
2021-2022,989803,Off_MF
2021-2022,351140,FW
2021-2022,965011,DF
2021-2022,330677,Off_MF
2021-2022,65953,FW
2021-2022,58488,FW
2021-2022,1022084,Def_MF
2021-2022,280721,FW
2021-2022,609206,DF
2021-2022,156019,MF
2021-2022,108574,FW
2021-2022,327755,Off_MF
2021-2022,44848,DF
2021-2022,16586,DF
2021-2022,43476,DF
2021-2022,793995,MF
2021-2022,124318,MF
2021-2022,235400,DF
2021-2022,918440,DF
2021-2022,593526,FW
2021-2022,8713,MF
2021-2022,991359,DF
2021-2022,824584,MF
2021-2022,977679,FW
2021-2022,812207,FW
2021-2022,845486,MF
2021-2022,343067,MF
2021-2022,830288,DF
2021-2022,943652,DF
2021-2022,14046,DF
2021-2022,124802,DF
2021-2022,291279,Off_MF
2021-2022,1129364,DF
2021-2022,319861,Off_MF
2021-2022,27583,FW
2021-2022,816115,DF
2021-2022,904887,Off_MF
2021-2022,949707,DF
2021-2022,97926,DF
2021-2022,1046449,FW
2021-2022,280613,DF
2021-2022,17063,DF
2021-2022,873630,FW
2021-2022,558738,FW
2021-2022,836693,DF
2021-2022,18342,MF
2021-2022,789071,Off_MF
2021-2022,135116,Def_MF
2021-2022,114155,MF
2021-2022,808784,DF
2021-2022,945806,FW
2021-2022,888537,FW
2021-2022,110967,MF
2021-2022,870762,FW
2021-2022,910026,Off_MF
2021-2022,891600,MF
2021-2022,103289,DF
2021-2022,954855,Def_MF
2021-2022,294313,MF
2021-2022,980618,DF
2021-2022,22141,MF
2021-2022,35194,MF
2021-2022,997012,DF
2021-2022,808590,FW
2021-2022,1012176,DF
2021-2022,367056,FW
2021-2022,21521,FW
2021-2022,301164,MF
2021-2022,56601,MF
2021-2022,324353,Off_MF
2021-2022,35680,MF
2021-2022,50294,MF
2021-2022,356310,DF
2021-2022,851262,FW
2021-2022,52125,Off_MF
2021-2022,963211,DF
2021-2022,139228,FW
2021-2022,928271,DF
2021-2022,855829,DF
2021-2022,791355,FW
2021-2022,954047,FW
2021-2022,10577,Off_MF
2021-2022,792142,DF
2021-2022,96366,FW
2021-2022,111803,DF
2021-2022,35532,FW
2021-2022,1046150,MF
2021-2022,940371,DF
2021-2022,138546,DF
2021-2022,984184,DF
2021-2022,963398,FW
2021-2022,917305,MF
2021-2022,845750,MF
2021-2022,10710,DF
2021-2022,21535,DF
2021-2022,920379,Off_MF
2021-2022,159675,MF
2021-2022,27028,FW
2021-2022,874481,MF
2021-2022,211122,Off_MF
2021-2022,122634,Def_MF
2021-2022,134361,DF
2021-2022,809276,FW
2021-2022,1106451,Off_MF
2021-2022,257421,DF
2021-2022,996929,DF
2021-2022,791987,FW
2021-2022,962890,MF
2021-2022,168985,MF
2021-2022,14933,DF
2021-2022,114157,FW
2021-2022,901827,Off_MF
2021-2022,580550,DF
2021-2022,847467,DF
2021-2022,914212,FW
2021-2022,98058,FW
2021-2022,376382,MF
2021-2022,40672,MF
2021-2022,1006387,Off_MF
2021-2022,227942,DF
2021-2022,28186,DF
2021-2022,330485,DF
2021-2022,142860,MF
2021-2022,858194,FW
2021-2022,1006409,DF
2021-2022,97925,DF
2021-2022,911848,FW
2021-2022,255389,MF
2021-2022,25682,FW
2021-2022,41270,Off_MF
2021-2022,2695,FW
2021-2022,793228,DF
2021-2022,360396,DF
2021-2022,72805,MF
2021-2022,842565,FW
2021-2022,254171,DF
2021-2022,217384,DF
2021-2022,312986,DF
2021-2022,159701,FW
2021-2022,940262,FW
2021-2022,927353,MF
2021-2022,319847,MF
2021-2022,791,MF
2021-2022,910637,DF
2021-2022,893062,FW
2021-2022,895533,FW
2021-2022,204790,MF
2021-2022,55052,DF
2021-2022,845386,Off_MF
2021-2022,591132,Off_MF
2021-2022,891931,MF
2021-2022,124950,FW
2021-2022,24818,DF
2021-2022,878081,FW
2021-2022,587402,MF
2021-2022,143047,DF
2021-2022,280435,DF
2021-2022,911956,DF
2021-2022,786259,DF
2021-2022,862011,FW
2021-2022,138463,DF
2021-2022,913732,Off_MF
2021-2022,139273,DF
2021-2022,100568,MF
2021-2022,34120,FW
2021-2022,123320,FW
2021-2022,823631,FW
2021-2022,1016019,FW
2021-2022,845168,FW
2021-2022,992587,Off_MF
2021-2022,74139,FW
2021-2022,152769,FW
2021-2022,991493,MF
2021-2022,807400,Off_MF
2021-2022,859773,DF
2021-2022,189135,Off_MF
2021-2022,100580,FW
2021-2022,17787,DF
2021-2022,36704,DF
2021-2022,352562,DF
2021-2022,139310,DF
2021-2022,823963,Off_MF
2021-2022,991595,DF
2021-2022,556904,Def_MF
2021-2022,133908,MF
2021-2022,1047484,FW
2021-2022,827192,DF
2021-2022,1047931,DF
2021-2022,892111,MF
2021-2022,797893,DF
2021-2022,359640,FW
2021-2022,545780,MF
2021-2022,784503,FW
2021-2022,70630,DF
2021-2022,844179,MF
2021-2022,826208,MF
2021-2022,942992,DF
2021-2022,21164,DF
2021-2022,857740,DF
2021-2022,149663,DF
2021-2022,346262,Off_MF
2021-2022,149659,Off_MF
2021-2022,233252,DF
2021-2022,785418,Off_MF
2021-2022,40442,DF
2021-2022,973536,FW
2021-2022,22447,DF
2021-2022,51340,DF
2021-2022,295133,DF
2021-2022,869931,MF
2021-2022,105734,MF
2021-2022,794948,MF
2021-2022,359272,MF
2021-2022,40984,DF
2021-2022,123388,DF
2021-2022,787542,DF
2021-2022,928236,DF
2021-2022,880061,DF
2021-2022,826205,DF
2021-2022,867441,Off_MF
2021-2022,96368,DF
2021-2022,827386,Off_MF
2021-2022,883537,FW
2021-2022,856744,FW
2021-2022,867442,Off_MF
2021-2022,794927,MF
2021-2022,825719,DF
2021-2022,171927,Off_MF
2021-2022,13630,MF
2021-2022,788284,MF
2021-2022,268791,Off_MF
2021-2022,243049,FW
2021-2022,155802,MF
2021-2022,892430,DF
2021-2022,880157,FW
2021-2022,311396,FW
2021-2022,825681,Off_MF
2021-2022,1102503,FW
2021-2022,69256,DF
2021-2022,791702,FW
2021-2022,843083,DF
2021-2022,795056,Off_MF
2021-2022,333243,DF
2021-2022,798002,MF
2021-2022,827662,FW
2021-2022,148745,DF
2021-2022,1006489,DF
2021-2022,796144,Off_MF
2021-2022,881024,DF
2021-2022,1063237,DF
2021-2022,861317,MF
2021-2022,826215,DF
2021-2022,143697,FW
2021-2022,221200,DF
2021-2022,855845,MF
2021-2022,798835,FW
2021-2022,881132,MF
2021-2022,827681,DF
2021-2022,76178,DF
2021-2022,587126,MF
2021-2022,190843,Def_MF
2021-2022,352664,DF
2021-2022,156004,MF
2021-2022,187437,FW
2021-2022,787827,DF
2021-2022,231776,MF
2021-2022,105697,DF
2021-2022,1129382,MF
2021-2022,913186,FW
2021-2022,45680,DF
2021-2022,122702,FW
2021-2022,84531,DF
2021-2022,1019442,Off_MF
2021-2022,796067,FW
2021-2022,328027,FW
2021-2022,2089,FW
2021-2022,37126,FW
2021-2022,361310,DF
2021-2022,849274,Off_MF
2021-2022,859767,Off_MF
2021-2022,9645,DF
2021-2022,949785,MF
2021-2022,235648,DF
2021-2022,890329,FW
2021-2022,893642,DF
2021-2022,249929,FW
2021-2022,254713,DF
2021-2022,233114,FW
2021-2022,386230,MF
2021-2022,123166,MF
2021-2022,32690,MF
2021-2022,838805,Off_MF
2021-2022,831400,DF
2021-2022,791079,MF
2021-2022,604954,FW
2021-2022,101156,DF
2021-2022,885864,MF
2021-2022,68332,DF
2021-2022,841802,DF
2021-2022,287643,DF
2021-2022,836698,DF
2021-2022,250453,FW
2021-2022,930231,DF
2021-2022,96367,MF
2021-2022,226974,DF
2021-2022,19394,DF
2021-2022,193554,MF
2021-2022,254191,Off_MF
2021-2022,876643,DF
2021-2022,45925,FW
2021-2022,879672,Off_MF
2021-2022,802142,Off_MF
2021-2022,888930,FW
2021-2022,886363,FW
2021-2022,126982,Def_MF
2021-2022,352486,Off_MF
2021-2022,822933,DF
2021-2022,286165,FW
2021-2022,788061,FW
2021-2022,814589,DF
2021-2022,363532,DF
2021-2022,857480,Off_MF
2021-2022,896073,DF
2021-2022,983540,FW
2021-2022,143344,DF
2021-2022,259995,DF
2021-2022,792317,MF
2021-2022,188269,Off_MF
2021-2022,912786,MF
2021-2022,135264,FW
2021-2022,954060,FW
2021-2022,962877,Off_MF
2021-2022,51498,FW
2021-2022,46125,DF
2021-2022,30127,MF
2021-2022,857205,DF
2021-2022,82474,MF
2021-2022,822600,MF
2021-2022,913679,MF
2021-2022,4419,DF
2021-2022,835601,FW
2021-2022,138827,DF
2021-2022,153220,FW
2021-2022,887581,MF
2021-2022,49805,Off_MF
2021-2022,259339,MF
2021-2022,336851,DF
2021-2022,826186,DF
2021-2022,247665,DF
2021-2022,68076,DF
2021-2022,989878,Off_MF
2021-2022,924020,FW
2021-2022,26890,MF
2021-2022,158599,DF
2021-2022,138891,Off_MF
2021-2022,152077,DF
2021-2022,1090694,FW
2021-2022,74083,DF
2021-2022,945878,FW
2021-2022,844203,FW
2021-2022,47737,FW
2021-2022,901892,MF
2021-2022,187187,Off_MF
2021-2022,131716,DF
2021-2022,580512,DF
2021-2022,53816,FW
2021-2022,894238,DF
2021-2022,978838,FW
2021-2022,989371,MF
2021-2022,319857,DF
2021-2022,360866,MF
2021-2022,79403,MF
2021-2022,927304,DF
2021-2022,826004,MF
2021-2022,45970,FW
2021-2022,848276,FW
2021-2022,887055,FW
2021-2022,946888,MF
2021-2022,552686,MF
2021-2022,165677,FW
2021-2022,190435,Off_MF
2021-2022,152420,DF
2021-2022,123906,FW
2021-2022,865057,FW
2021-2022,41013,DF
2021-2022,588566,MF
2021-2022,827522,FW
2021-2022,156146,FW
2021-2022,46798,MF
2021-2022,1009661,MF
2021-2022,174519,FW
2021-2022,137667,DF
2021-2022,32993,DF
2021-2022,254449,DF
2021-2022,354878,DF
2021-2022,24057,DF
2021-2022,879746,DF
2021-2022,347450,DF
2021-2022,365772,MF
2021-2022,944973,DF
2021-2022,42892,DF
2021-2022,158257,MF
2021-2022,826069,FW
2021-2022,851150,DF
2021-2022,870263,DF
2021-2022,587962,Off_MF
2021-2022,24397,DF
2021-2022,146866,FW
2021-2022,1010726,Off_MF
2021-2022,209768,MF
2021-2022,809541,MF
2021-2022,58351,DF
2021-2022,982615,FW
2021-2022,109296,DF
2021-2022,288321,DF
2021-2022,328519,DF
2021-2022,897291,DF
2021-2022,340509,FW
2021-2022,839909,MF
2021-2022,844942,DF
2021-2022,365992,DF
2021-2022,808955,DF
2021-2022,250547,DF
2021-2022,40239,DF
2021-2022,194446,MF
2021-2022,979232,FW
2021-2022,885179,FW
2021-2022,870038,FW
2021-2022,229740,Off_MF
2021-2022,71952,DF
2021-2022,581328,DF
2021-2022,317699,FW
2021-2022,823476,MF
2021-2022,814590,FW
2021-2022,973887,MF
2021-2022,888340,DF
2021-2022,931290,Off_MF
2021-2022,982601,DF
2021-2022,893640,FW
2021-2022,862372,MF
2021-2022,826057,DF
2021-2022,355492,MF
2021-2022,832076,DF
2021-2022,10589,DF
2021-2022,43830,MF
2021-2022,991478,FW
2021-2022,210082,DF
2021-2022,113437,FW
2021-2022,84847,MF
2021-2022,983815,Off_MF
2021-2022,823226,MF
2021-2022,928124,Off_MF
2021-2022,851671,FW
2021-2022,359642,FW
2021-2022,107128,FW
2021-2022,359246,MF
2021-2022,377512,DF
2021-2022,96538,DF
2021-2022,960080,FW
2021-2022,26687,FW
2021-2022,942116,FW
2021-2022,840414,DF
2021-2022,1048422,FW
2021-2022,846470,FW
2021-2022,108484,DF
2021-2022,1134758,DF
2021-2022,232306,FW
2021-2022,372344,FW
2021-2022,805123,FW
2021-2022,126236,FW
2021-2022,149370,Off_MF
2021-2022,814214,DF
2021-2022,817957,Off_MF
2021-2022,901885,DF
2021-2022,943926,DF
2021-2022,40965,FW
2021-2022,316170,MF
2021-2022,156640,Def_MF
2021-2022,931844,DF
2021-2022,114379,FW
2021-2022,963084,DF
2021-2022,548178,MF
2021-2022,249437,Off_MF
2021-2022,254119,DF
2021-2022,876236,FW
2021-2022,47549,DF
2021-2022,287659,MF
2021-2022,822708,MF
2021-2022,119159,Off_MF
2021-2022,45686,Def_MF
2021-2022,31517,MF
2021-2022,822470,Off_MF
2021-2022,795257,DF
2021-2022,605552,FW
2021-2022,830431,FW
2021-2022,42699,DF
2021-2022,94286,FW
2021-2022,1085400,Off_MF
2021-2022,208988,DF
2021-2022,966441,DF
2021-2022,6557,MF
2021-2022,834308,DF
2021-2022,792311,DF
2021-2022,150864,DF
2021-2022,851276,DF
2021-2022,30144,DF
2021-2022,791566,Off_MF
2021-2022,111802,MF
2021-2022,825899,DF
2021-2022,859901,MF
2021-2022,43215,DF
2021-2022,800419,MF
2021-2022,996820,MF
2021-2022,138152,DF
2021-2022,2009,DF
2021-2022,359742,MF
2021-2022,280441,FW
2021-2022,923973,MF
2021-2022,791190,MF
2021-2022,148566,FW
2021-2022,876858,FW
2021-2022,260097,DF
2021-2022,263505,MF
2021-2022,320979,FW
2021-2022,50480,FW
2021-2022,94002,Off_MF
2021-2022,881931,Off_MF
2021-2022,220223,FW
2021-2022,122810,DF
2021-2022,252863,Off_MF
2021-2022,795004,MF
2021-2022,96365,MF
2021-2022,920525,DF
2021-2022,26989,FW
2021-2022,44241,MF
2021-2022,32493,FW
2021-2022,927175,DF
2021-2022,123977,Off_MF
2021-2022,356352,DF
2021-2022,113956,FW
2021-2022,862063,MF
2021-2022,110850,DF
2021-2022,338991,DF
2021-2022,809219,MF
2021-2022,587628,Off_MF
2021-2022,227900,DF
2021-2022,111483,FW
2021-2022,844234,MF
2021-2022,14942,MF
2021-2022,284441,MF
2021-2022,811493,Off_MF
2021-2022,770677,Def_MF
2021-2022,979144,DF
2021-2022,184661,MF
2021-2022,150910,DF
2021-2022,914412,DF
2021-2022,149606,DF
2021-2022,795044,FW
2021-2022,128587,DF
2021-2022,120302,DF
2021-2022,330675,DF
2021-2022,818244,FW
2021-2022,796403,FW
2021-2022,227864,DF
2021-2022,1049515,DF
2021-2022,928104,DF
2021-2022,917087,Off_MF
2021-2022,855833,FW
2021-2022,352376,MF
2021-2022,361352,FW
2021-2022,851282,DF
2021-2022,1824137,DF
2021-2022,822372,Off_MF
2021-2022,161325,FW
2021-2022,155449,MF
2021-2022,965943,MF
2021-2022,963399,FW
2021-2022,85058,FW
2021-2022,5712,Off_MF
2021-2022,96373,MF
2021-2022,966801,FW
2021-2022,82400,DF
2021-2022,844224,MF
2021-2022,888219,FW
2021-2022,800951,DF
2021-2022,284361,DF
2021-2022,795297,DF
2021-2022,27569,DF
2021-2022,88859,DF
2021-2022,216308,DF
2021-2022,537552,Off_MF
2021-2022,55570,DF
2021-2022,800417,DF
2021-2022,67608,DF
2021-2022,82943,DF
2021-2022,310874,FW
2021-2022,350210,Off_MF
2021-2022,39282,MF
2021-2022,191182,Off_MF
2021-2022,99090,DF
2021-2022,368134,DF
2021-2022,106726,MF
2021-2022,131108,DF
2021-2022,869275,FW
2021-2022,927975,MF
2021-2022,1047296,FW
2021-2022,143593,MF
2021-2022,826134,DF
2021-2022,824200,FW
2021-2022,47992,Off_MF
2021-2022,836939,DF
2021-2022,128333,FW
2021-2022,188407,FW
2021-2022,932764,FW
2021-2022,861324,MF
2021-2022,866191,MF
2021-2022,1023091,Off_MF
2021-2022,914522,DF
2021-2022,914775,DF
2021-2022,138261,FW
2021-2022,1010231,Off_MF
2021-2022,882004,DF
2021-2022,937324,MF
2021-2022,113920,DF
2021-2022,842364,DF
2021-2022,827064,FW
2021-2022,372336,FW
2021-2022,117083,Off_MF
2021-2022,294597,Off_MF
2021-2022,972886,DF
2021-2022,33902,FW
2021-2022,862480,MF
2021-2022,308764,FW
2021-2022,44760,DF
2021-2022,988632,FW
2021-2022,308054,MF
2021-2022,1009268,DF
2021-2022,795761,FW
2021-2022,788949,DF
2021-2022,958521,DF
2021-2022,186795,DF
2021-2022,186719,DF
2021-2022,111487,DF
2021-2022,158213,FW
2021-2022,141655,DF
2021-2022,318963,FW
2021-2022,242211,DF
2021-2022,19352,DF
2021-2022,83864,MF
2021-2022,892624,MF
2021-2022,906021,DF
2021-2022,281277,DF
2021-2022,192430,DF
2021-2022,368120,MF
2021-2022,132704,FW
2021-2022,910536,FW
2021-2022,589620,Off_MF
2021-2022,831424,DF
2021-2022,823733,MF
2021-2022,229722,MF
2021-2022,187423,DF
2021-2022,879694,MF
2021-2022,1006486,DF
2021-2022,930189,MF
2021-2022,807116,DF
2021-2022,103117,MF
2021-2022,603738,DF
2021-2022,352610,Off_MF
2021-2022,53825,MF
2021-2022,842869,DF
2021-2022,119242,FW
2021-2022,135647,Off_MF
2021-2022,802159,FW
2021-2022,869856,Off_MF
2021-2022,52093,FW
2021-2022,66477,MF
2021-2022,82555,MF
2021-2022,141832,DF
2021-2022,9692,Off_MF
2021-2022,355088,Off_MF
2021-2022,138572,DF
2021-2022,833213,DF
2021-2022,862194,MF
2021-2022,252215,FW
2021-2022,69404,DF
2021-2022,136710,MF
2021-2022,914691,DF
2021-2022,17054,MF
2021-2022,795228,FW
2021-2022,875295,DF
2021-2022,873554,FW
2021-2022,357756,DF
2021-2022,880796,FW
2021-2022,785989,FW
2021-2022,581302,Def_MF
2021-2022,169255,MF
2021-2022,805465,DF
2021-2022,831246,DF
2021-2022,18304,MF
2021-2022,880775,FW
2021-2022,35219,MF
2021-2022,802034,DF
2021-2022,78893,FW
2021-2022,218616,FW
2021-2022,124737,DF
2021-2022,195850,Off_MF
2021-2022,786028,MF
2021-2022,138828,DF
2021-2022,190839,DF
2021-2022,799251,MF
2021-2022,123223,FW
2021-2022,880218,FW
2021-2022,309546,FW
2021-2022,946695,FW
2021-2022,246319,Off_MF
2021-2022,385320,FW
2021-2022,152206,MF
2021-2022,175415,FW
2021-2022,868262,DF
2021-2022,855810,Off_MF
2021-2022,949722,MF
2021-2022,46432,MF
2021-2022,787885,Def_MF
2021-2022,14251,DF
2021-2022,208732,DF
2021-2022,858705,MF
2021-2022,838232,FW
2021-2022,985923,Off_MF
2021-2022,19382,DF
2021-2022,827519,DF
2021-2022,351434,DF
2021-2022,328145,FW
2021-2022,803185,FW
2021-2022,591740,MF
2021-2022,23996,MF
2021-2022,566102,DF
2021-2022,149592,DF
2021-2022,605374,Off_MF
2021-2022,991421,MF
2021-2022,866469,MF
2021-2022,150396,DF
2021-2022,586596,FW
2021-2022,108584,DF
2021-2022,21992,MF
2021-2022,999028,DF
2021-2022,106337,MF
2021-2022,982327,MF
2021-2022,327429,DF
2021-2022,175185,Off_MF
2021-2022,350560,DF
2021-2022,839585,MF
2021-2022,565686,Def_MF
2021-2022,30027,FW
2021-2022,319853,DF
2021-2022,838159,DF
2021-2022,217784,DF
2021-2022,235672,FW
2021-2022,318967,MF
2021-2022,22126,MF
2021-2022,796358,MF
2021-2022,71203,MF
2021-2022,341589,MF
2021-2022,989768,DF
2021-2022,312110,DF
2021-2022,795128,DF
2021-2022,11621,FW
2021-2022,273405,DF
2021-2022,40677,DF
2021-2022,20993,MF
2021-2022,958916,DF
2021-2022,823622,FW
2021-2022,46387,Off_MF
2021-2022,331405,DF
2021-2022,984624,Off_MF
2021-2022,52663,DF
2021-2022,804434,DF
2021-2022,803039,FW
2021-2022,150383,MF
2021-2022,576276,DF
2021-2022,959820,DF
2021-2022,940393,DF
2021-2022,138156,DF
2021-2022,804613,DF
2021-2022,913401,DF
2021-2022,789886,MF
2021-2022,901882,MF
2021-2022,85859,FW
2021-2022,27234,MF
2021-2022,249393,DF
2021-2022,355024,Off_MF
2021-2022,886242,Off_MF
2021-2022,797290,DF
2021-2022,796027,FW
2021-2022,51785,Off_MF
2021-2022,317301,MF
2021-2022,141945,FW
2021-2022,914835,DF
2021-2022,814385,FW
2021-2022,891510,FW
2021-2022,333373,Off_MF
2021-2022,309156,FW
2021-2022,942840,MF
2021-2022,557166,Off_MF
2021-2022,11781,Off_MF
2021-2022,38162,FW
2021-2022,117794,DF
2021-2022,982613,MF
2021-2022,830551,DF
2021-2022,361004,FW
2021-2022,803028,Off_MF
2021-2022,297868,MF
2021-2022,353250,DF
2021-2022,540112,DF
2021-2022,792073,DF
2021-2022,158235,DF
2021-2022,842709,Off_MF
2021-2022,37318,FW
2021-2022,843665,DF
2021-2022,387220,DF
2021-2022,552680,DF
2021-2022,100570,FW
2021-2022,301288,DF
2021-2022,1002837,DF
2021-2022,44614,DF
2021-2022,48243,MF
2021-2022,352544,FW
2021-2022,113409,FW
2021-2022,900003,Off_MF
2021-2022,309078,FW
2021-2022,16632,DF
2021-2022,148191,MF
2021-2022,280439,FW
2021-2022,587882,FW
2021-2022,976025,DF
2021-2022,844480,DF
2021-2022,67507,DF
2021-2022,1049442,Off_MF
2021-2022,580638,DF
2021-2022,234148,MF
2021-2022,156401,DF
2021-2022,892924,FW
2021-2022,146500,DF
2021-2022,149710,FW
2021-2022,84854,DF
2021-2022,50070,FW
2021-2022,796279,DF
2021-2022,927405,FW
2021-2022,33381,FW
2021-2022,793645,FW
2021-2022,11869,DF
2021-2022,220315,MF
2021-2022,979315,FW
2021-2022,109002,MF
2021-2022,906800,MF
2021-2022,917048,DF
2021-2022,973437,DF
2021-2022,863653,DF
2021-2022,597756,DF
2021-2022,122701,Off_MF
2021-2022,246999,DF
2021-2022,913942,Off_MF
2021-2022,138830,MF
2021-2022,843200,DF
2021-2022,557008,Off_MF
2021-2022,4581,FW
2021-2022,349794,DF
2021-2022,363774,DF
2021-2022,333261,FW
2021-2022,1012657,MF
2021-2022,137978,MF
2021-2022,173827,FW
2021-2022,825754,FW
2021-2022,836705,FW
2021-2022,883262,DF
2021-2022,39327,DF
2021-2022,827504,DF
2021-2022,786186,FW
2021-2022,98212,DF
2021-2022,168903,MF
2021-2022,591706,MF
2021-2022,856638,DF
2021-2022,24248,DF
2021-2022,83506,DF
2021-2022,931278,DF
2021-2022,44577,DF
2021-2022,606530,DF
2021-2022,855831,DF
2021-2022,138310,DF
2021-2022,841947,Off_MF
2021-2022,339909,DF
2021-2022,978301,MF
2021-2022,255239,DF
2021-2022,831808,MF
2021-2022,115346,Off_MF
2021-2022,909119,FW
2021-2022,16943,FW
2021-2022,168937,DF
2021-2022,1063235,FW
2021-2022,904827,DF
2021-2022,137774,DF
2021-2022,253517,FW
2021-2022,780014,DF
2021-2022,829932,DF
2021-2022,284179,DF
2021-2022,41837,Def_MF
2021-2022,138833,FW
2021-2022,1019322,Off_MF
2021-2022,148710,MF
2021-2022,124712,FW
2021-2022,793988,MF
2021-2022,907668,MF
2021-2022,835485,Off_MF
2021-2022,316152,FW
2021-2022,832208,FW
2021-2022,1117223,DF
2021-2022,45853,Off_MF
2021-2022,922573,FW
2021-2022,807648,DF
2021-2022,329563,FW
2021-2022,845286,FW
2021-2022,889861,MF
2021-2022,84972,FW
2021-2022,329303,MF
2021-2022,885908,DF
2021-2022,836706,MF
2021-2022,353130,DF
2021-2022,901891,FW
2021-2022,284363,FW
2021-2022,851596,Off_MF
2021-2022,960006,MF
2021-2022,789381,FW
2021-2022,227922,DF
2021-2022,848458,FW
2021-2022,293581,FW
2021-2022,794839,FW
2021-2022,796206,MF
2021-2022,232096,MF
2021-2022,96544,MF
2021-2022,996958,DF
2021-2022,894733,Def_MF
2021-2022,825956,Off_MF
2021-2022,848279,DF
2021-2022,326471,MF
2021-2022,39070,FW
2021-2022,124992,DF
2021-2022,247445,Off_MF
2021-2022,103928,DF
2021-2022,130181,FW
2021-2022,801030,MF
2021-2022,84251,MF
2021-2022,783126,Off_MF
2021-2022,851100,FW
2021-2022,904832,MF
2021-2022,41218,DF
2021-2022,364618,Off_MF
2021-2022,1002920,DF
2021-2022,839956,FW
2021-2022,991584,DF
2021-2022,189061,FW
2021-2022,366592,DF
2021-2022,858195,DF
2021-2022,806968,DF
2021-2022,48563,MF
2021-2022,867445,Off_MF
2021-2022,873189,DF
2021-2022,801837,DF
2021-2022,787941,MF
2021-2022,1102502,DF
2021-2022,232224,MF
2021-2022,329597,DF
2021-2022,225092,DF
2021-2022,914014,Def_MF
2021-2022,814360,DF
2021-2022,126691,MF
2021-2022,35612,MF
2021-2022,965330,DF
2021-2022,944164,Off_MF
2021-2022,797306,DF
2021-2022,896180,MF
2021-2022,190405,MF
2021-2022,335747,DF
2021-2022,812332,Off_MF
2021-2022,805245,FW
2021-2022,605580,FW
2021-2022,352736,DF
2021-2022,990201,FW
2021-2022,787889,MF
2021-2022,976037,Def_MF
2021-2022,83618,FW
2021-2022,307284,MF
2021-2022,74045,FW
2021-2022,869883,Off_MF
2021-2022,140992,FW
2021-2022,597716,DF
2021-2022,864898,FW
2021-2022,45944,Def_MF
2021-2022,996985,FW
2021-2022,377302,DF
2021-2022,798147,DF
2021-2022,293519,FW
2021-2022,947929,Off_MF
2021-2022,175139,DF
2021-2022,188365,DF
2021-2022,36465,MF
2021-2022,822471,FW
2021-2022,872919,Off_MF
2021-2022,910978,DF
2021-2022,346516,FW
2021-2022,158241,DF
2021-2022,48557,DF
2021-2022,99519,DF
2021-2022,576384,DF
2021-2022,804619,DF
2021-2022,190437,Off_MF
2021-2022,844670,MF
2021-2022,40253,DF
2021-2022,15444,DF
2021-2022,21949,Off_MF
2021-2022,826167,DF
2021-2022,333165,FW
2021-2022,308130,DF
2021-2022,945063,DF
2021-2022,826552,DF
2021-2022,826948,MF
2021-2022,871765,MF
2021-2022,103045,FW
2021-2022,577726,DF
2021-2022,287573,Off_MF
2021-2022,110508,Off_MF
2021-2022,41963,DF
2021-2022,136322,DF
2021-2022,243623,MF
2021-2022,759520,DF
2021-2022,316148,MF
2021-2022,754698,DF
2021-2022,352370,DF
2021-2022,229544,DF
2021-2022,15466,MF
2021-2022,35428,FW
2021-2022,70930,DF
2021-2022,342911,DF
2021-2022,352770,Off_MF
2021-2022,888550,Off_MF
2021-2022,99545,MF
2021-2022,48480,Off_MF
2021-2022,773409,FW
2021-2022,876214,DF
2021-2022,119151,Off_MF
2021-2022,325355,DF
2021-2022,365358,DF
2021-2022,836683,DF
2021-2022,856668,DF
2021-2022,142619,MF
2021-2022,148588,MF
2021-2022,987504,FW
2021-2022,970361,DF
2021-2022,831290,FW
2021-2022,825861,Off_MF
2021-2022,255847,Def_MF
2021-2022,836675,DF
2021-2022,250501,DF
2021-2022,257091,DF
2021-2022,153444,DF
2021-2022,256219,FW
2021-2022,192308,Off_MF
2021-2022,21555,DF
2021-2022,44900,MF
2021-2022,142208,DF
2021-2022,280609,FW
2021-2022,190159,FW
2021-2022,787505,DF
2021-2022,139227,DF
2021-2022,226978,Off_MF
2021-2022,142390,Off_MF
2021-2022,385386,DF
2021-2022,790833,DF
2021-2022,123915,DF
2021-2022,138605,Off_MF
2021-2022,254297,FW
2021-2022,47741,DF
2021-2022,770,DF
2021-2022,976421,DF
2021-2022,123164,DF
2021-2022,187111,Off_MF
2021-2022,855647,FW
2021-2022,40326,Off_MF
2021-2022,893998,DF
2021-2022,26502,MF
2021-2022,861970,MF
2021-2022,785468,DF
2021-2022,123264,MF
2021-2022,253687,MF
2021-2022,914178,DF
2021-2022,844842,MF
2021-2022,795541,FW
2021-2022,212074,FW
2021-2022,318607,DF
2021-2022,927368,DF
2021-2022,837205,MF
2021-2022,895324,Off_MF
2021-2022,134849,Def_MF
2021-2022,308526,DF
2021-2022,155702,FW
2021-2022,312388,MF
2021-2022,803033,MF
2021-2022,329417,DF
2021-2022,138534,FW
2021-2022,859765,FW
2021-2022,1002711,MF
2021-2022,328109,MF
2021-2022,252821,MF
2021-2022,96369,FW
2021-2022,46900,DF
2021-2022,916680,FW
2021-2022,781544,DF
2021-2022,827934,DF
2021-2022,794338,Off_MF
2021-2022,579576,DF
2021-2022,823941,FW
2021-2022,53739,DF
2021-2022,807301,FW
2021-2022,954061,FW
2021-2022,249399,MF
2021-2022,12994,FW
2021-2022,27838,FW
2021-2022,101882,DF
2021-2022,363860,MF
2021-2022,76132,FW
2021-2022,280025,DF
2021-2022,352296,FW
2021-2022,69408,DF
2021-2022,592012,Off_MF
2021-2022,354808,FW
2021-2022,987489,FW
2021-2022,359664,FW
2021-2022,186845,MF
2021-2022,869644,DF
2021-2022,298920,MF
2021-2022,153966,MF
2021-2022,7635,MF
2021-2022,158277,MF
2021-2022,974087,MF
2021-2022,330689,DF
2021-2022,964191,DF
2021-2022,187433,FW
2021-2022,94822,MF
2021-2022,351500,DF
2021-2022,945062,MF
2021-2022,14142,MF
2021-2022,984014,MF
2021-2022,569784,MF
2021-2022,581314,MF
2021-2022,754794,MF
2021-2022,355486,DF
2021-2022,758876,FW
2021-2022,70996,Off_MF
2021-2022,980634,DF
2021-2022,318653,FW
2021-2022,138024,DF
2021-2022,18864,FW
2021-2022,798583,DF
2021-2022,970978,DF
2021-2022,800408,MF
2021-2022,366760,DF
2021-2022,114777,DF
2021-2022,51640,FW
2021-2022,800411,FW
2021-2022,36949,DF
2021-2022,245615,DF
2021-2022,928796,MF
2021-2022,842513,DF
2021-2022,891511,Off_MF
2021-2022,100621,FW
2021-2022,150865,MF
2021-2022,910046,DF
2021-2022,38716,MF
2021-2022,1006189,DF
2021-2022,151003,DF
2021-2022,984789,DF
2021-2022,578560,DF
2021-2022,859024,MF
2021-2022,316406,Off_MF
2021-2022,116607,Off_MF
2021-2022,383560,DF
2021-2022,988907,DF
2021-2022,155997,DF
2021-2022,542472,Off_MF
2021-2022,801306,MF
2021-2022,158573,DF
2021-2022,36784,Off_MF
2021-2022,925097,DF
2021-2022,834986,DF
2021-2022,102624,DF
2021-2022,132874,MF
2021-2022,268903,FW
2021-2022,889785,DF
2021-2022,254135,DF
2021-2022,855676,DF
2021-2022,847097,Def_MF
2021-2022,823984,FW
2021-2022,914902,Off_MF
2021-2022,250737,MF
2021-2022,856123,DF
2021-2022,357598,Off_MF
2021-2022,49647,MF
2021-2022,385330,MF
2021-2022,899982,FW
2021-2022,866810,DF
2021-2022,555540,Off_MF
2021-2022,106258,FW
2021-2022,16701,MF
2021-2022,797286,DF
2021-2022,965331,DF
2021-2022,14718,DF
2021-2022,842931,FW
2021-2022,814873,MF
2021-2022,848355,DF
2021-2022,605338,FW
2021-2022,141525,DF
2021-2022,69295,DF
2021-2022,125407,FW
2021-2022,829093,MF
2021-2022,255241,DF
2021-2022,860435,MF
2021-2022,359226,MF
2021-2022,580642,MF
2021-2022,826188,DF
2021-2022,122921,MF
2021-2022,796059,MF
2021-2022,345035,FW
2021-2022,795005,MF
2021-2022,243585,MF
2021-2022,1103693,Off_MF
2021-2022,153218,DF
2021-2022,151124,MF
2021-2022,78781,Off_MF
2021-2022,794937,MF
2021-2022,794995,Def_MF
2021-2022,117777,MF
2021-2022,142525,DF
2021-2022,892735,DF
2021-2022,257205,FW
2021-2022,330051,FW
2021-2022,804621,MF
2021-2022,845273,MF
2021-2022,93570,DF
2021-2022,859027,MF
2021-2022,355152,Off_MF
2021-2022,305278,DF
2021-2022,330705,Off_MF
2021-2022,39733,FW
2021-2022,173883,DF
2021-2022,151138,DF
2021-2022,132318,DF
2021-2022,873106,DF
2021-2022,802138,MF
2021-2022,111416,MF
2021-2022,878496,DF
2021-2022,143334,DF
2021-2022,142259,DF
2021-2022,954056,FW
2021-2022,901325,FW
2021-2022,139410,DF
2021-2022,51371,DF
2021-2022,855830,MF
2021-2022,165413,FW
2021-2022,836694,Off_MF
2021-2022,606164,FW
2021-2022,828639,FW
2021-2022,306498,FW
2021-2022,115516,MF
2021-2022,830667,MF
2021-2022,260031,Off_MF
2021-2022,560116,FW
2021-2022,851254,DF
2021-2022,966802,MF
2021-2022,784655,MF
2021-2022,3504,FW
2021-2022,879346,MF
2021-2022,231946,Off_MF
2021-2022,846471,DF
2021-2022,596736,DF
2021-2022,22200,DF
2021-2022,147776,MF
2021-2022,318941,DF
2021-2022,805137,DF
2021-2022,294593,DF
2021-2022,126071,DF
2021-2022,94539,Off_MF
2021-2022,964994,DF
2021-2022,91046,DF
2021-2022,138165,DF
2021-2022,859021,Def_MF
2021-2022,909318,FW
2021-2022,156682,Off_MF
2021-2022,799054,MF
2021-2022,831781,DF
2021-2022,233180,DF
2021-2022,147775,DF
2021-2022,253993,MF
2021-2022,965778,DF
2021-2022,595576,Off_MF
2021-2022,122943,DF
2021-2022,282229,DF
2021-2022,760618,FW
2021-2022,117373,Off_MF
2021-2022,128792,DF
2021-2022,76265,DF
2021-2022,856553,DF
2021-2022,106496,DF
2021-2022,353138,MF
2021-2022,286909,DF
2021-2022,84744,FW
2021-2022,750,FW
2021-2022,356398,Off_MF
2021-2022,993455,MF
2021-2022,856495,MF
2021-2022,3041,DF
2021-2022,975937,MF
2021-2022,14990,FW
2021-2022,67769,DF
2021-2022,832427,Off_MF
2021-2022,259117,MF
2021-2022,795222,MF
2021-2022,983572,DF
2021-2022,827679,DF
2021-2022,932643,FW
2021-2022,814594,DF
2021-2022,788921,FW
2021-2022,135700,Off_MF
2021-2022,39183,DF
2021-2022,47743,DF
2021-2022,850035,DF
2021-2022,879674,DF
2021-2022,255999,MF
2021-2022,115432,DF
2021-2022,37151,Off_MF
2021-2022,826185,DF
2021-2022,758608,DF
2021-2022,357584,DF
2021-2022,941077,DF
2021-2022,37092,Off_MF
2021-2022,846081,Off_MF
2021-2022,791314,FW
2021-2022,84539,MF
2021-2022,191204,DF
2021-2022,591750,MF
2021-2022,149380,DF
2021-2022,372430,DF
2021-2022,344751,MF
2021-2022,126588,DF
2021-2022,840217,FW
2021-2022,877371,MF
2021-2022,119192,FW
2021-2022,609752,Def_MF
2021-2022,794770,Off_MF
2021-2022,126816,DF
2021-2022,96535,MF
2021-2022,262911,DF
2021-2022,94758,DF
2021-2022,842188,MF
2021-2022,611876,Off_MF
2021-2022,845271,DF
2021-2022,100389,MF
2021-2022,826293,DF
2021-2022,105971,DF
2021-2022,124544,DF
2021-2022,35166,Off_MF
2021-2022,560128,MF
2021-2022,865847,DF
2021-2022,224456,DF
2021-2022,73979,DF
2021-2022,121551,DF
2021-2022,796987,MF
2021-2022,41605,DF
2021-2022,758168,DF
2021-2022,122951,MF
2021-2022,900008,MF
2021-2022,48660,DF
2021-2022,32040,DF
2021-2022,115365,DF
2021-2022,139235,MF
2021-2022,21134,DF
2021-2022,789234,DF
2021-2022,146853,DF
2021-2022,352916,DF
2021-2022,844424,FW
2021-2022,280009,FW
2021-2022,182001,FW
2021-2022,862697,DF
2021-2022,906075,DF
2021-2022,966837,MF
2021-2022,14216,FW
2021-2022,3306,FW
2021-2022,860307,DF
2021-2022,799046,DF
2021-2022,835484,MF
2021-2022,42694,MF
2021-2022,49639,MF
2021-2022,892673,MF
2021-2022,851284,FW
2021-2022,280979,FW
2021-2022,21931,FW
2021-2022,978285,DF
2021-2022,939830,FW
2021-2022,132149,DF
2021-2022,96372,FW
2021-2022,127585,DF
2021-2022,253415,DF
2021-2022,80406,MF
2021-2022,286085,DF
2021-2022,234230,FW
2021-2022,331737,MF
2021-2022,192442,FW
2021-2022,234142,MF
2021-2022,823085,DF
2021-2022,799216,MF
2021-2022,796320,DF
2021-2022,831799,DF
2021-2022,829570,FW
2021-2022,136924,DF
2021-2022,66492,DF
2021-2022,35199,DF
2021-2022,802143,DF
2021-2022,33541,DF
2021-2022,341143,FW
2021-2022,76632,DF
2021-2022,280955,MF
2021-2022,845170,DF
2021-2022,385888,MF
2021-2022,848537,DF
2021-2022,108736,DF
2021-2022,785518,DF
2021-2022,79680,DF
2021-2022,803031,DF
2021-2022,186855,MF
2021-2022,842098,DF
2021-2022,843678,MF
2021-2022,868715,DF
2021-2022,328035,DF
2021-2022,894474,DF
2021-2022,868812,FW
2021-2022,788768,DF
2021-2022,21927,FW
2021-2022,855864,DF
2021-2022,289977,DF
2021-2022,893008,DF
2021-2022,88528,DF
2021-2022,839981,Off_MF
2021-2022,362222,DF
2021-2022,39182,MF
2021-2022,187729,DF
2021-2022,829022,DF
2021-2022,75756,MF
2021-2022,67647,FW
2021-2022,894396,FW
2021-2022,45923,FW
2021-2022,36982,DF
2021-2022,788027,DF
2021-2022,867887,MF
2021-2022,157029,MF
2021-2022,788255,DF
2021-2022,344129,FW
2021-2022,928672,DF
2021-2022,125625,DF
2021-2022,267619,DF
2021-2022,827243,DF
2021-2022,769333,FW
2021-2022,187313,MF
2021-2022,43443,DF
2021-2022,804472,MF
2021-2022,149730,FW
2021-2022,166381,DF
2021-2022,227082,DF
2021-2022,228414,DF
2021-2022,877102,DF
2021-2022,827212,DF
2021-2022,343971,FW
2021-2022,148458,Off_MF
2021-2022,865651,Off_MF
2021-2022,238408,DF
2021-2022,216222,Def_MF
2021-2022,51665,MF
2021-2022,50027,DF
2021-2022,859026,FW
2021-2022,856076,DF
2021-2022,149479,MF
2021-2022,111850,FW
2021-2022,855817,FW
2021-2022,159665,FW
2021-2022,41157,DF
2021-2022,886286,DF
2021-2022,811629,MF
2021-2022,171961,Off_MF
2021-2022,599128,DF
2021-2022,783374,FW
2021-2022,148076,FW
2021-2022,826204,MF
2021-2022,846445,FW
2021-2022,547410,Off_MF
2021-2022,940871,DF
2021-2022,71707,Off_MF
2021-2022,787811,DF
2021-2022,43905,FW
2021-2022,794953,DF
2021-2022,991011,MF
2021-2022,51501,DF
2021-2022,41560,FW
2021-2022,110846,DF
2021-2022,337671,Off_MF
2021-2022,816763,FW
2021-2022,999030,DF
2021-2022,336655,FW
2021-2022,805078,DF
2021-2022,347010,FW
2021-2022,935564,FW
2021-2022,135666,FW
2021-2022,279563,MF
2021-2022,848185,MF
2021-2022,217704,FW
2021-2022,138383,MF
2021-2022,253367,FW
2021-2022,966869,DF
2021-2022,38710,DF
2021-2022,22975,DF
2021-2022,149734,DF
2021-2022,349526,Off_MF
2021-2022,39482,MF
2021-2022,914213,FW
2021-2022,904970,Off_MF
2021-2022,795064,DF
2021-2022,835600,MF
2021-2022,344847,DF
2021-2022,864169,DF
2021-2022,331209,Off_MF
2021-2022,848287,DF
2021-2022,155995,DF
2021-2022,106662,DF
2021-2022,826198,FW
2021-2022,153257,DF
2021-2022,576266,DF
2021-2022,3577,DF
2021-2022,219572,DF
2021-2022,227672,DF
2021-2022,611210,DF
2021-2022,846036,DF
2021-2022,943645,DF
2021-2022,363792,DF
2021-2022,827606,MF
2021-2022,1031421,MF
2021-2022,152276,FW
2021-2022,69416,MF
2021-2022,888949,DF
2021-2022,592010,MF
2021-2022,362014,DF
2021-2022,885197,DF
2021-2022,791048,DF
2021-2022,95791,DF
2021-2022,143040,MF
2021-2022,280453,FW
2021-2022,844752,DF
2021-2022,927083,FW
2021-2022,290927,FW
2021-2022,123229,MF
2021-2022,363856,Off_MF
2021-2022,138387,FW
2021-2022,831005,FW
2021-2022,976141,MF
2021-2022,362682,DF
2021-2022,78454,DF
2021-2022,157377,DF
2021-2022,836168,DF
2021-2022,332155,DF
2021-2022,787540,Off_MF
2021-2022,859025,MF
2021-2022,119179,MF
2021-2022,976396,Def_MF
2021-2022,331449,MF
2021-2022,108800,MF
2021-2022,352802,MF
2021-2022,280991,MF
2021-2022,788216,DF
2021-2022,41789,FW
2021-2022,109461,DF
2021-2022,906047,MF
2021-2022,871706,FW
2021-2022,555386,FW
2021-2022,358394,MF
2021-2022,296434,MF
2021-2022,604232,DF
2021-2022,806076,Off_MF
2021-2022,846446,MF
2021-2022,130433,DF
2021-2022,553686,MF
2021-2022,6562,MF
2021-2022,47772,FW
2021-2022,946158,DF
2021-2022,934235,FW
2021-2022,371222,MF
2021-2022,178721,DF
2021-2022,552884,FW
2021-2022,901470,DF
2021-2022,99546,DF
2021-2022,147289,MF
2021-2022,345111,FW
2021-2022,111505,Off_MF
2021-2022,845930,DF
2021-2022,845385,Off_MF
2021-2022,826643,FW
2021-2022,851271,DF
2021-2022,822519,DF
2021-2022,142622,DF
2021-2022,541578,FW
2021-2022,84298,DF
2021-2022,821728,DF
2021-2022,135256,MF
2021-2022,142231,DF
2021-2022,99945,DF
2021-2022,151545,DF
2021-2022,799041,MF
2021-2022,869792,DF
2021-2022,369650,DF
2021-2022,146101,DF
2021-2022,916041,MF
2021-2022,610766,FW
2021-2022,19356,FW
2021-2022,794939,DF
2021-2022,250223,MF
2021-2022,331447,MF
2021-2022,988275,DF
2021-2022,591136,DF
2021-2022,145188,DF
2021-2022,935543,Off_MF
2021-2022,900433,Off_MF
2021-2022,288205,Off_MF
2021-2022,945217,DF
2021-2022,307702,DF
2021-2022,27982,Off_MF
2021-2022,69418,FW
2021-2022,373724,DF
2021-2022,170887,DF
2021-2022,110783,MF
2021-2022,880207,DF
2021-2022,794836,DF
2021-2022,152446,DF
2021-2022,187205,DF
2021-2022,852404,MF
2021-2022,122848,DF
2021-2022,856714,MF
2021-2022,300522,DF
2021-2022,303638,DF
2021-2022,324399,FW
2021-2022,149593,MF
2021-2022,39433,MF
2021-2022,25506,DF
2021-2022,161717,MF
2021-2022,27014,MF
2021-2022,845119,DF
2021-2022,877994,DF
2021-2022,138892,DF
2021-2022,108579,FW
2021-2022,788185,DF
2021-2022,900792,DF
2021-2022,941168,DF
2021-2022,15242,FW
2021-2022,825133,DF
2021-2022,55123,DF
2021-2022,975079,FW
2021-2022,123208,FW
2021-2022,542634,DF
2021-2022,787751,DF
2021-2022,361696,DF
2021-2022,81992,DF
2021-2022,558524,DF
2021-2022,191188,MF
2021-2022,98449,DF
2021-2022,833956,DF
2021-2022,27622,DF
2022-2023,1022109,FW
2022-2023,79853,Off_MF
2022-2023,1174458,Off_MF
2022-2023,966552,Off_MF
2022-2023,1136798,MF
2022-2023,1002331,Off_MF
2022-2023,1152486,Off_MF
2022-2023,1010551,FW
2022-2023,918873,Off_MF
2022-2023,941342,MF
2022-2023,1104981,MF
2022-2023,1085572,DF
2022-2023,1142244,FW
2022-2023,110956,Def_MF
2022-2023,88645,Off_MF
2022-2023,339227,DF
2022-2023,947158,MF
2022-2023,930775,Off_MF
2022-2023,1008245,FW
2022-2023,1064671,DF
2022-2023,1426228,FW
2022-2023,1142638,Off_MF
2022-2023,1067117,FW
2022-2023,992044,FW
2022-2023,1154657,Def_MF
2022-2023,1402912,FW
2022-2023,1215092,Def_MF
2022-2023,997215,FW
2022-2023,186809,Def_MF
2022-2023,1087805,DF
2022-2023,229776,MF
2022-2023,1130222,DF
2022-2023,1098541,MF
2022-2023,1010656,Off_MF
2022-2023,1129765,Off_MF
2022-2023,989534,DF
2022-2023,843156,DF
2022-2023,1459147,DF
2022-2023,1139243,MF
2022-2023,891803,DF
2022-2023,1142175,Off_MF
2022-2023,1403127,Off_MF
2022-2023,1066802,Off_MF
2022-2023,1127790,FW
2022-2023,211122,FW
2022-2023,1154632,FW
2022-2023,1014042,Off_MF
2022-2023,1133063,FW
2022-2023,1391366,Off_MF
2022-2023,1005706,FW
2022-2023,98450,Def_MF
2022-2023,1002033,FW
2022-2023,14046,MF
2022-2023,257433,MF
2022-2023,1066011,DF
2022-2023,912980,DF
2022-2023,929775,DF
2022-2023,818942,Def_MF
2022-2023,1002402,DF
2022-2023,888954,DF
2022-2023,1134729,Off_MF
2022-2023,44563,DF
2022-2023,836683,FW
2022-2023,1142248,Off_MF
2022-2023,997136,Def_MF
2022-2023,1133052,FW
2022-2023,893063,FW
2022-2023,1137585,Off_MF
2022-2023,1100957,FW
2022-2023,1121578,FW
2022-2023,1011494,MF
2022-2023,1396199,Off_MF
2022-2023,1400650,Def_MF
2022-2023,361332,Off_MF
2022-2023,972561,DF
2022-2023,1120038,DF
2022-2023,1798845,Def_MF
2022-2023,1923074,Off_MF
2022-2023,1142171,Def_MF
2022-2023,965331,DF
2022-2023,83687,FW
2022-2023,983041,DF
2022-2023,1120669,MF
2022-2023,826010,Def_MF
2022-2023,1146132,Off_MF
2022-2023,1162309,FW
2022-2023,836093,FW
2022-2023,757730,Off_MF
2022-2023,1129940,FW
2022-2023,1082213,FW
2022-2023,1381229,FW
2022-2023,1086286,MF
2022-2023,24818,DF
2022-2023,997203,Off_MF
2022-2023,55570,DF
2022-2023,1005883,FW
2022-2023,1166832,FW
2022-2023,858148,DF
2022-2023,801378,Off_MF
2022-2023,1122641,FW
2022-2023,954036,FW
2022-2023,1000015,FW
2022-2023,1495876,FW
2022-2023,1130349,DF
2022-2023,1064299,FW
2022-2023,826555,DF
2022-2023,1006409,DF
2022-2023,1005343,FW
2022-2023,355048,DF
2022-2023,46387,FW
2022-2023,1016019,Off_MF
2022-2023,1090963,FW
2022-2023,926995,Off_MF
2022-2023,297868,MF
2022-2023,994562,DF
2022-2023,843083,Def_MF
2022-2023,139262,DF
2022-2023,1134725,DF
2022-2023,965795,Off_MF
2022-2023,1195635,FW
2022-2023,282095,Off_MF
2022-2023,904831,Off_MF
2022-2023,41605,DF
2022-2023,355174,MF
2022-2023,1387930,FW
2022-2023,1153083,Off_MF
2022-2023,944225,DF
2022-2023,1005766,FW
2022-2023,1069627,DF
2022-2023,1146018,Off_MF
2022-2023,1084423,DF
2022-2023,1153261,FW
2022-2023,1398557,FW
2022-2023,846441,DF
2022-2023,1210666,DF
2022-2023,1170693,FW
2022-2023,1154861,FW
2022-2023,1012175,DF
2022-2023,876345,FW
2022-2023,996812,Off_MF
2022-2023,15190,FW
2022-2023,319149,FW
2022-2023,1131449,DF
2022-2023,980634,DF
2022-2023,1123613,FW
2022-2023,1131581,FW
2022-2023,1171540,Off_MF
2022-2023,109002,Off_MF
2022-2023,897598,MF
2022-2023,1393279,DF
2022-2023,1141665,FW
2022-2023,1171621,DF
2022-2023,1066059,MF
2022-2023,796358,MF
2022-2023,152082,DF
2022-2023,1176104,Off_MF
2022-2023,1398524,MF
2022-2023,1414275,FW
2022-2023,1389737,DF
2022-2023,1020422,FW
2022-2023,936122,FW
2022-2023,796088,FW
2022-2023,1172764,FW
2022-2023,826551,Def_MF
2022-2023,5712,MF
2022-2023,210082,DF
2022-2023,1467065,FW
2022-2023,1167025,FW
2022-2023,1131338,Off_MF
2022-2023,591044,FW
2022-2023,353250,DF
2022-2023,42699,FW
2022-2023,198028,Off_MF
2022-2023,94856,DF
2022-2023,149735,Def_MF
2022-2023,1134399,Off_MF
2022-2023,373724,DF
2022-2023,826655,Off_MF
2022-2023,850971,FW
2022-2023,52125,Off_MF
2022-2023,1001858,DF
2022-2023,253987,MF
2022-2023,1489420,Off_MF
2022-2023,356032,DF
2022-2023,110508,Off_MF
2022-2023,49518,DF
2022-2023,871041,DF
2022-2023,328145,FW
2022-2023,1469348,Off_MF
2022-2023,933398,DF
2022-2023,993451,FW
2022-2023,861975,MF
2022-2023,989899,MF
2022-2023,963398,FW
2022-2023,50730,FW
2022-2023,942836,FW
2022-2023,1014682,FW
2022-2023,910022,FW
2022-2023,39282,Def_MF
2022-2023,1126779,Off_MF
2022-2023,1064082,MF
2022-2023,867493,DF
2022-2023,1113488,Off_MF
2022-2023,1154687,DF
2022-2023,827688,DF
2022-2023,115665,Off_MF
2022-2023,1216282,FW
2022-2023,1384651,MF
2022-2023,1000366,MF
2022-2023,124950,FW
2022-2023,44823,Off_MF
2022-2023,962872,Def_MF
2022-2023,1119364,Off_MF
2022-2023,42147,Off_MF
2022-2023,980630,DF
2022-2023,1127232,DF
2022-2023,285989,DF
2022-2023,219952,FW
2022-2023,795000,DF
2022-2023,1001725,DF
2022-2023,989803,FW
2022-2023,1133521,DF
2022-2023,930246,FW
2022-2023,1010383,MF
2022-2023,1134396,Off_MF
2022-2023,1130067,DF
2022-2023,1086199,DF
2022-2023,920393,DF
2022-2023,822702,Off_MF
2022-2023,963399,FW
2022-2023,1405932,DF
2022-2023,1036269,MF
2022-2023,1135605,FW
2022-2023,1006951,FW
2022-2023,1191259,DF
2022-2023,360866,Def_MF
2022-2023,991577,DF
2022-2023,1090458,FW
2022-2023,1407524,Def_MF
2022-2023,787931,Def_MF
2022-2023,1005996,FW
2022-2023,1177311,FW
2022-2023,1161925,FW
2022-2023,902019,Off_MF
2022-2023,1444702,DF
2022-2023,966804,FW
2022-2023,790833,FW
2022-2023,796673,Off_MF
2022-2023,938270,FW
2022-2023,1154587,FW
2022-2023,1136819,DF
2022-2023,1170560,MF
2022-2023,885179,FW
2022-2023,1391616,Off_MF
2022-2023,1391487,FW
2022-2023,108574,FW
2022-2023,1133119,MF
2022-2023,40239,DF
2022-2023,990232,FW
2022-2023,1013987,FW
2022-2023,888930,Off_MF
2022-2023,608370,Off_MF
2022-2023,989841,DF
2022-2023,1099804,DF
2022-2023,1392077,DF
2022-2023,38393,DF
2022-2023,965828,DF
2022-2023,985738,DF
2022-2023,1409353,DF
2022-2023,1170523,MF
2022-2023,1064026,DF
2022-2023,1099175,FW
2022-2023,1047364,DF
2022-2023,1065453,DF
2022-2023,788768,DF
2022-2023,986395,FW
2022-2023,1142673,MF
2022-2023,796443,DF
2022-2023,355072,FW
2022-2023,1407848,DF
2022-2023,1100406,DF
2022-2023,924369,Def_MF
2022-2023,1087744,FW
2022-2023,1152505,FW
2022-2023,188269,Off_MF
2022-2023,33901,DF
2022-2023,369546,DF
2022-2023,1134431,Off_MF
2022-2023,1138856,FW
2022-2023,1137670,Off_MF
2022-2023,900671,DF
2022-2023,1106808,FW
2022-2023,980410,MF
2022-2023,1158529,Def_MF
2022-2023,1069703,DF
2022-2023,35532,FW
2022-2023,1108074,Off_MF
2022-2023,993389,DF
2022-2023,267863,DF
2022-2023,1000018,MF
2022-2023,123906,FW
2022-2023,111802,Off_MF
2022-2023,100568,MF
2022-2023,144831,FW
2022-2023,1142612,MF
2022-2023,159675,MF
2022-2023,41963,DF
2022-2023,331575,DF
2022-2023,828971,DF
2022-2023,1401005,FW
2022-2023,152263,DF
2022-2023,1105698,FW
2022-2023,1168646,DF
2022-2023,138546,DF
2022-2023,1014290,FW
2022-2023,1134432,MF
2022-2023,44864,DF
2022-2023,81827,DF
2022-2023,135775,DF
2022-2023,974577,FW
2022-2023,939662,FW
2022-2023,1030829,MF
2022-2023,1049527,FW
2022-2023,958521,DF
2022-2023,40984,DF
2022-2023,1488511,Def_MF
2022-2023,548050,Off_MF
2022-2023,1046323,FW
2022-2023,188365,DF
2022-2023,859024,Off_MF
2022-2023,1082981,FW
2022-2023,227900,DF
2022-2023,914775,DF
2022-2023,1144630,DF
2022-2023,836693,DF
2022-2023,2089,FW
2022-2023,999117,DF
2022-2023,124318,MF
2022-2023,177179,Def_MF
2022-2023,960017,MF
2022-2023,893140,Off_MF
2022-2023,1092074,Off_MF
2022-2023,1142094,MF
2022-2023,1032022,FW
2022-2023,1134532,DF
2022-2023,340509,Off_MF
2022-2023,1101992,MF
2022-2023,149710,Off_MF
2022-2023,175753,FW
2022-2023,1087316,MF
2022-2023,855832,MF
2022-2023,1128638,MF
2022-2023,605510,Off_MF
2022-2023,103289,FW
2022-2023,307082,Off_MF
2022-2023,1129751,DF
2022-2023,826020,DF
2022-2023,111487,DF
2022-2023,361790,Off_MF
2022-2023,970978,DF
2022-2023,1010117,FW
2022-2023,918482,FW
2022-2023,933203,MF
2022-2023,867445,Off_MF
2022-2023,855731,FW
2022-2023,1035515,Off_MF
2022-2023,1462778,DF
2022-2023,1154611,Off_MF
2022-2023,988882,MF
2022-2023,254171,DF
2022-2023,1086346,FW
2022-2023,983816,Off_MF
2022-2023,205028,MF
2022-2023,936234,FW
2022-2023,981046,FW
2022-2023,1012639,DF
2022-2023,318655,DF
2022-2023,559036,MF
2022-2023,1121184,DF
2022-2023,1389689,MF
2022-2023,994197,DF
2022-2023,827386,Off_MF
2022-2023,1001967,DF
2022-2023,1002623,MF
2022-2023,795260,DF
2022-2023,966802,MF
2022-2023,1465190,MF
2022-2023,944208,FW
2022-2023,1138778,DF
2022-2023,27583,FW
2022-2023,869888,FW
2022-2023,1067220,MF
2022-2023,958865,FW
2022-2023,44760,DF
2022-2023,342915,DF
2022-2023,827804,Off_MF
2022-2023,152420,DF
2022-2023,922939,FW
2022-2023,604232,DF
2022-2023,352610,MF
2022-2023,36949,DF
2022-2023,828969,FW
2022-2023,975834,DF
2022-2023,1493253,FW
2022-2023,601962,MF
2022-2023,110781,FW
2022-2023,826139,FW
2022-2023,945806,FW
2022-2023,857480,FW
2022-2023,284395,MF
2022-2023,881132,FW
2022-2023,1394004,Off_MF
2022-2023,924205,FW
2022-2023,855847,FW
2022-2023,153444,DF
2022-2023,1002711,Def_MF
2022-2023,146951,DF
2022-2023,818441,DF
2022-2023,795696,DF
2022-2023,891931,MF
2022-2023,886628,MF
2022-2023,844224,MF
2022-2023,1390575,DF
2022-2023,940371,DF
2022-2023,40677,DF
2022-2023,788284,Off_MF
2022-2023,880742,MF
2022-2023,1386639,FW
2022-2023,1155625,Off_MF
2022-2023,991614,FW
2022-2023,165735,DF
2022-2023,1102863,FW
2022-2023,928672,DF
2022-2023,1100272,FW
2022-2023,1067120,FW
2022-2023,906110,Off_MF
2022-2023,851262,Off_MF
2022-2023,870038,FW
2022-2023,218160,FW
2022-2023,47737,FW
2022-2023,322529,MF
2022-2023,754710,FW
2022-2023,989371,MF
2022-2023,99527,Off_MF
2022-2023,1007962,Off_MF
2022-2023,862373,MF
2022-2023,914276,FW
2022-2023,280439,FW
2022-2023,787448,FW
2022-2023,962877,MF
2022-2023,1063364,DF
2022-2023,220315,MF
2022-2023,1014118,Off_MF
2022-2023,44213,FW
2022-2023,1119586,Def_MF
2022-2023,1017649,FW
2022-2023,796403,Off_MF
2022-2023,1048014,FW
2022-2023,333165,Off_MF
2022-2023,934354,FW
2022-2023,893642,DF
2022-2023,942336,MF
2022-2023,1009334,DF
2022-2023,291279,MF
2022-2023,1824137,DF
2022-2023,928777,MF
2022-2023,103012,DF
2022-2023,990201,FW
2022-2023,801211,Off_MF
2022-2023,608362,FW
2022-2023,138833,FW
2022-2023,1146148,FW
2022-2023,1083410,MF
2022-2023,357598,MF
2022-2023,26687,Off_MF
2022-2023,801391,FW
2022-2023,842582,MF
2022-2023,773591,DF
2022-2023,20826,FW
2022-2023,123264,MF
2022-2023,1049523,Off_MF
2022-2023,44900,Off_MF
2022-2023,792311,DF
2022-2023,1069011,MF
2022-2023,1131002,FW
2022-2023,190857,Def_MF
2022-2023,1130942,Off_MF
2022-2023,961688,Off_MF
2022-2023,40253,DF
2022-2023,55119,DF
2022-2023,927975,MF
2022-2023,365772,MF
2022-2023,1129757,DF
2022-2023,996985,FW
2022-2023,962012,DF
2022-2023,856744,FW
2022-2023,232096,MF
2022-2023,583450,DF
2022-2023,1023567,DF
2022-2023,786028,MF
2022-2023,827640,DF
2022-2023,858195,DF
2022-2023,66477,MF
2022-2023,1069725,DF
2022-2023,996929,DF
2022-2023,138261,FW
2022-2023,1129935,Off_MF
2022-2023,1122910,FW
2022-2023,27035,FW
2022-2023,605552,Off_MF
2022-2023,996919,DF
2022-2023,972421,FW
2022-2023,817567,FW
2022-2023,838636,MF
2022-2023,954060,FW
2022-2023,809276,FW
2022-2023,906021,DF
2022-2023,941170,MF
2022-2023,249893,FW
2022-2023,352562,DF
2022-2023,10577,FW
2022-2023,794269,Off_MF
2022-2023,341589,MF
2022-2023,74083,DF
2022-2023,152910,MF
2022-2023,32124,DF
2022-2023,1008111,DF
2022-2023,377206,DF
2022-2023,364618,Off_MF
2022-2023,991604,Off_MF
2022-2023,966836,DF
2022-2023,855835,DF
2022-2023,944165,Off_MF
2022-2023,940262,FW
2022-2023,74506,DF
2022-2023,227942,DF
2022-2023,994556,Off_MF
2022-2023,1102659,MF
2022-2023,336851,DF
2022-2023,918420,DF
2022-2023,1139409,Off_MF
2022-2023,93570,DF
2022-2023,1102504,DF
2022-2023,832076,DF
2022-2023,1010421,FW
2022-2023,555406,DF
2022-2023,1097719,DF
2022-2023,1065937,FW
2022-2023,982780,Off_MF
2022-2023,886532,Off_MF
2022-2023,220131,DF
2022-2023,840951,DF
2022-2023,788352,MF
2022-2023,905353,FW
2022-2023,770,DF
2022-2023,1214359,DF
2022-2023,40326,FW
2022-2023,52093,FW
2022-2023,842215,FW
2022-2023,141997,MF
2022-2023,583838,FW
2022-2023,580952,DF
2022-2023,795761,FW
2022-2023,1130939,Off_MF
2022-2023,341143,FW
2022-2023,963084,DF
2022-2023,295123,FW
2022-2023,994546,Off_MF
2022-2023,982613,MF
2022-2023,770677,MF
2022-2023,135264,FW
2022-2023,983059,DF
2022-2023,911853,DF
2022-2023,146852,FW
2022-2023,1048888,FW
2022-2023,611876,Off_MF
2022-2023,945145,FW
2022-2023,879746,DF
2022-2023,1082406,Off_MF
2022-2023,103156,DF
2022-2023,980640,Off_MF
2022-2023,257421,DF
2022-2023,979232,FW
2022-2023,1048820,MF
2022-2023,860435,MF
2022-2023,19382,DF
2022-2023,845084,FW
2022-2023,351140,FW
2022-2023,800252,FW
2022-2023,795257,DF
2022-2023,171927,FW
2022-2023,831510,FW
2022-2023,988037,DF
2022-2023,338991,DF
2022-2023,963198,DF
2022-2023,1016948,FW
2022-2023,50480,FW
2022-2023,998950,FW
2022-2023,931844,DF
2022-2023,839309,Def_MF
2022-2023,128333,FW
2022-2023,880157,FW
2022-2023,966679,FW
2022-2023,832411,FW
2022-2023,139397,MF
2022-2023,99517,DF
2022-2023,914691,DF
2022-2023,221200,DF
2022-2023,831246,DF
2022-2023,875295,DF
2022-2023,966940,Def_MF
2022-2023,796658,MF
2022-2023,578380,FW
2022-2023,94286,FW
2022-2023,839226,FW
2022-2023,8713,MF
2022-2023,974582,DF
2022-2023,973785,DF
2022-2023,861981,DF
2022-2023,352370,DF
2022-2023,994490,MF
2022-2023,280435,DF
2022-2023,1199043,MF
2022-2023,103117,MF
2022-2023,133236,DF
2022-2023,827064,FW
2022-2023,816115,DF
2022-2023,794995,Def_MF
2022-2023,887429,DF
2022-2023,811493,FW
2022-2023,18304,MF
2022-2023,246431,FW
2022-2023,1461935,FW
2022-2023,826185,DF
2022-2023,1749,Off_MF
2022-2023,40686,Def_MF
2022-2023,1146941,Off_MF
2022-2023,995316,DF
2022-2023,920744,Off_MF
2022-2023,862480,MF
2022-2023,1173172,DF
2022-2023,868715,DF
2022-2023,294641,FW
2022-2023,781544,DF
2022-2023,907668,MF
2022-2023,893998,DF
2022-2023,41468,DF
2022-2023,1133520,DF
2022-2023,308130,DF
2022-2023,944288,Def_MF
2022-2023,50294,Def_MF
2022-2023,798002,MF
2022-2023,979821,MF
2022-2023,904835,Off_MF
2022-2023,962411,Off_MF
2022-2023,827522,Off_MF
2022-2023,933263,FW
2022-2023,958982,FW
2022-2023,234148,Off_MF
2022-2023,1120615,DF
2022-2023,1012248,Off_MF
2022-2023,1393974,DF
2022-2023,1049538,DF
2022-2023,319861,FW
2022-2023,788170,DF
2022-2023,190435,Off_MF
2022-2023,750,FW
2022-2023,846081,MF
2022-2023,1142636,MF
2022-2023,128360,FW
2022-2023,758608,DF
2022-2023,1016810,FW
2022-2023,934238,MF
2022-2023,106920,DF
2022-2023,1140599,FW
2022-2023,939830,Off_MF
2022-2023,901152,DF
2022-2023,901892,Def_MF
2022-2023,1022204,FW
2022-2023,795058,MF
2022-2023,36465,MF
2022-2023,810535,FW
2022-2023,606346,DF
2022-2023,1001456,MF
2022-2023,138152,DF
2022-2023,148824,FW
2022-2023,1484974,DF
2022-2023,287659,Off_MF
2022-2023,858705,MF
2022-2023,24006,Def_MF
2022-2023,51498,FW
2022-2023,1047484,FW
2022-2023,826186,DF
2022-2023,78939,FW
2022-2023,569684,Off_MF
2022-2023,82400,DF
2022-2023,280025,DF
2022-2023,139273,DF
2022-2023,1117025,FW
2022-2023,793228,DF
2022-2023,980632,DF
2022-2023,1065214,FW
2022-2023,985934,Def_MF
2022-2023,991359,DF
2022-2023,1135873,FW
2022-2023,100570,FW
2022-2023,862223,FW
2022-2023,1469500,DF
2022-2023,945798,DF
2022-2023,904897,MF
2022-2023,927407,DF
2022-2023,1105331,DF
2022-2023,1048009,DF
2022-2023,856594,Off_MF
2022-2023,920936,MF
2022-2023,311462,DF
2022-2023,128587,DF
2022-2023,73057,DF
2022-2023,876259,MF
2022-2023,1063235,FW
2022-2023,905264,DF
2022-2023,1015240,Off_MF
2022-2023,892924,Off_MF
2022-2023,798664,MF
2022-2023,996820,MF
2022-2023,991290,DF
2022-2023,905453,MF
2022-2023,360396,DF
2022-2023,252863,FW
2022-2023,355046,DF
2022-2023,886243,DF
2022-2023,822877,Off_MF
2022-2023,1122610,MF
2022-2023,867442,FW
2022-2023,973838,DF
2022-2023,368134,DF
2022-2023,826195,DF
2022-2023,802830,DF
2022-2023,25682,FW
2022-2023,826208,Off_MF
2022-2023,892111,MF
2022-2023,828639,FW
2022-2023,989056,FW
2022-2023,32993,DF
2022-2023,133908,MF
2022-2023,970928,FW
2022-2023,844480,DF
2022-2023,107128,FW
2022-2023,794298,FW
2022-2023,39733,FW
2022-2023,156367,DF
2022-2023,782396,FW
2022-2023,73980,DF
2022-2023,1009268,DF
2022-2023,55314,FW
2022-2023,928334,DF
2022-2023,1086347,DF
2022-2023,117373,FW
2022-2023,347450,DF
2022-2023,1087359,DF
2022-2023,785418,FW
2022-2023,344847,DF
2022-2023,966547,FW
2022-2023,71952,DF
2022-2023,963211,DF
2022-2023,129927,FW
2022-2023,227862,FW
2022-2023,978562,Off_MF
2022-2023,915812,MF
2022-2023,135647,Off_MF
2022-2023,305278,DF
2022-2023,105905,Def_MF
2022-2023,909318,FW
2022-2023,1015267,MF
2022-2023,826293,DF
2022-2023,927405,Off_MF
2022-2023,1136730,DF
2022-2023,212074,FW
2022-2023,958966,FW
2022-2023,928104,DF
2022-2023,862773,MF
2022-2023,217770,DF
2022-2023,249437,FW
2022-2023,138890,FW
2022-2023,842869,DF
2022-2023,804434,DF
2022-2023,794412,MF
2022-2023,1048366,DF
2022-2023,143047,DF
2022-2023,19394,Def_MF
2022-2023,120298,MF
2022-2023,14718,DF
2022-2023,849274,MF
2022-2023,138463,DF
2022-2023,139267,MF
2022-2023,129472,MF
2022-2023,1407973,DF
2022-2023,877842,MF
2022-2023,139310,DF
2022-2023,158257,Def_MF
2022-2023,1015274,DF
2022-2023,140992,FW
2022-2023,253687,Off_MF
2022-2023,142672,DF
2022-2023,962409,FW
2022-2023,924378,DF
2022-2023,914765,MF
2022-2023,603738,DF
2022-2023,190405,MF
2022-2023,82474,MF
2022-2023,806520,FW
2022-2023,973300,DF
2022-2023,842212,FW
2022-2023,979144,DF
2022-2023,150910,DF
2022-2023,901882,MF
2022-2023,826004,MF
2022-2023,280979,FW
2022-2023,857267,DF
2022-2023,914819,FW
2022-2023,869910,DF
2022-2023,787642,DF
2022-2023,363792,DF
2022-2023,802149,Off_MF
2022-2023,1002556,FW
2022-2023,826203,DF
2022-2023,318967,MF
2022-2023,39009,MF
2022-2023,587628,Off_MF
2022-2023,1387157,MF
2022-2023,844424,FW
2022-2023,17054,Off_MF
2022-2023,106288,MF
2022-2023,859767,Off_MF
2022-2023,1142588,MF
2022-2023,55123,DF
2022-2023,155818,Off_MF
2022-2023,932764,FW
2022-2023,940692,FW
2022-2023,830667,MF
2022-2023,954855,MF
2022-2023,352916,DF
2022-2023,123223,FW
2022-2023,1006387,FW
2022-2023,76178,DF
2022-2023,386230,MF
2022-2023,891651,DF
2022-2023,100580,FW
2022-2023,282917,DF
2022-2023,877037,Off_MF
2022-2023,847025,Off_MF
2022-2023,790817,FW
2022-2023,1102503,FW
2022-2023,40672,MF
2022-2023,48243,MF
2022-2023,908631,DF
2022-2023,27838,FW
2022-2023,123166,MF
2022-2023,79680,DF
2022-2023,921621,DF
2022-2023,879810,MF
2022-2023,576384,DF
2022-2023,910023,Off_MF
2022-2023,21134,DF
2022-2023,137786,FW
2022-2023,138573,FW
2022-2023,377302,FW
2022-2023,149380,DF
2022-2023,1153315,DF
2022-2023,22126,Off_MF
2022-2023,848276,FW
2022-2023,786259,DF
2022-2023,894238,DF
2022-2023,84744,FW
2022-2023,998241,DF
2022-2023,367056,Off_MF
2022-2023,287057,MF
2022-2023,148745,DF
2022-2023,47549,DF
2022-2023,119159,Off_MF
2022-2023,259995,DF
2022-2023,847467,DF
2022-2023,1064842,Off_MF
2022-2023,35680,MF
2022-2023,366592,DF
2022-2023,136922,DF
2022-2023,123164,DF
2022-2023,252215,FW
2022-2023,103417,Off_MF
2022-2023,11621,FW
2022-2023,948250,FW
2022-2023,754698,DF
2022-2023,927361,MF
2022-2023,1049534,DF
2022-2023,138387,FW
2022-2023,973556,FW
2022-2023,930584,DF
2022-2023,999070,FW
2022-2023,845486,MF
2022-2023,791355,FW
2022-2023,978301,MF
2022-2023,21931,FW
2022-2023,836698,DF
2022-2023,982601,DF
2022-2023,839818,MF
2022-2023,1088565,MF
2022-2023,113920,DF
2022-2023,1108921,FW
2022-2023,949785,MF
2022-2023,817957,FW
2022-2023,1034303,DF
2022-2023,917007,FW
2022-2023,130181,FW
2022-2023,1012179,MF
2022-2023,906276,FW
2022-2023,153966,MF
2022-2023,965011,DF
2022-2023,824584,MF
2022-2023,280991,MF
2022-2023,893640,FW
2022-2023,257205,FW
2022-2023,14216,Off_MF
2022-2023,834308,DF
2022-2023,237048,DF
2022-2023,193554,MF
2022-2023,982998,DF
2022-2023,192442,FW
2022-2023,885864,MF
2022-2023,788949,DF
2022-2023,1009661,Off_MF
2022-2023,845386,DF
2022-2023,40360,MF
2022-2023,787540,Off_MF
2022-2023,566102,DF
2022-2023,959872,DF
2022-2023,877302,MF
2022-2023,967510,Off_MF
2022-2023,1153265,FW
2022-2023,914412,DF
2022-2023,844292,Off_MF
2022-2023,1130986,DF
2022-2023,836070,FW
2022-2023,134248,FW
2022-2023,187437,FW
2022-2023,1010726,FW
2022-2023,186017,DF
2022-2023,828077,MF
2022-2023,989865,DF
2022-2023,46799,MF
2022-2023,800417,DF
2022-2023,318653,FW
2022-2023,966862,FW
2022-2023,15444,DF
2022-2023,45944,Def_MF
2022-2023,928796,MF
2022-2023,845119,DF
2022-2023,50899,FW
2022-2023,1021165,DF
2022-2023,864898,Off_MF
2022-2023,957889,Off_MF
2022-2023,875890,FW
2022-2023,37126,FW
2022-2023,1092409,DF
2022-2023,848185,MF
2022-2023,791987,FW
2022-2023,813523,Off_MF
2022-2023,803185,FW
2022-2023,248125,DF
2022-2023,365992,DF
2022-2023,798180,DF
2022-2023,1136731,DF
2022-2023,827662,FW
2022-2023,904827,DF
2022-2023,98440,DF
2022-2023,319853,DF
2022-2023,156146,FW
2022-2023,865651,FW
2022-2023,791,MF
2022-2023,828239,DF
2022-2023,333243,DF
2022-2023,814589,DF
2022-2023,910026,FW
2022-2023,846147,DF
2022-2023,205508,FW
2022-2023,846356,FW
2022-2023,357756,DF
2022-2023,96369,FW
2022-2023,807301,FW
2022-2023,590404,DF
2022-2023,150998,FW
2022-2023,1142672,MF
2022-2023,848279,DF
2022-2023,970860,DF
2022-2023,108484,DF
2022-2023,114379,FW
2022-2023,791642,DF
2022-2023,876860,DF
2022-2023,825861,Off_MF
2022-2023,358218,DF
2022-2023,851671,FW
2022-2023,280609,FW
2022-2023,920525,DF
2022-2023,138383,MF
2022-2023,253517,FW
2022-2023,257091,DF
2022-2023,980618,DF
2022-2023,928122,Off_MF
2022-2023,999231,FW
2022-2023,249929,FW
2022-2023,146500,DF
2022-2023,42707,DF
2022-2023,597756,DF
2022-2023,941300,DF
2022-2023,967722,DF
2022-2023,98435,Off_MF
2022-2023,155802,Def_MF
2022-2023,337671,Off_MF
2022-2023,839585,MF
2022-2023,879349,FW
2022-2023,855831,DF
2022-2023,886363,FW
2022-2023,1019442,FW
2022-2023,4581,FW
2022-2023,572198,MF
2022-2023,962378,Off_MF
2022-2023,931267,MF
2022-2023,168943,FW
2022-2023,327755,MF
2022-2023,255389,MF
2022-2023,191176,FW
2022-2023,126989,Off_MF
2022-2023,152769,FW
2022-2023,69295,DF
2022-2023,973418,DF
2022-2023,110846,DF
2022-2023,238708,FW
2022-2023,907072,MF
2022-2023,82566,Off_MF
2022-2023,359226,MF
2022-2023,808680,DF
2022-2023,385888,MF
2022-2023,986352,MF
2022-2023,149734,DF
2022-2023,283833,MF
2022-2023,835601,FW
2022-2023,883537,FW
2022-2023,605580,FW
2022-2023,249629,MF
2022-2023,227892,FW
2022-2023,355088,Off_MF
2022-2023,931266,DF
2022-2023,138165,DF
2022-2023,930231,DF
2022-2023,96544,MF
2022-2023,287573,MF
2022-2023,21535,DF
2022-2023,327429,DF
2022-2023,946695,FW
2022-2023,234142,MF
2022-2023,840217,Off_MF
2022-2023,844842,MF
2022-2023,962890,MF
2022-2023,190853,MF
2022-2023,84972,FW
2022-2023,1001828,DF
2022-2023,41218,Off_MF
2022-2023,190399,FW
2022-2023,1006189,DF
2022-2023,914755,MF
2022-2023,1017392,MF
2022-2023,795541,FW
2022-2023,927353,Off_MF
2022-2023,827934,DF
2022-2023,94539,Off_MF
2022-2023,137667,DF
2022-2023,943926,DF
2022-2023,110850,DF
2022-2023,138830,MF
2022-2023,927188,FW
2022-2023,30144,DF
2022-2023,1394353,FW
2022-2023,887766,FW
2022-2023,158599,DF
2022-2023,1129382,DF
2022-2023,132410,FW
2022-2023,225092,DF
2022-2023,787542,DF
2022-2023,246319,MF
2022-2023,993155,Off_MF
2022-2023,904994,DF
2022-2023,1084381,MF
2022-2023,818440,FW
2022-2023,802138,MF
2022-2023,96370,Off_MF
2022-2023,33381,FW
2022-2023,834881,FW
2022-2023,153218,DF
2022-2023,807400,Off_MF
2022-2023,119242,FW
2022-2023,991584,DF
2022-2023,27569,DF
2022-2023,847030,DF
2022-2023,113593,MF
2022-2023,931278,DF
2022-2023,949722,MF
2022-2023,808955,DF
2022-2023,560116,Off_MF
2022-2023,74139,FW
2022-2023,197550,MF
2022-2023,489180,FW
2022-2023,795002,MF
2022-2023,169113,DF
2022-2023,858194,FW
2022-2023,234230,Off_MF
2022-2023,1019322,FW
2022-2023,32048,FW
2022-2023,1105700,FW
2022-2023,51501,DF
2022-2023,1094758,Def_MF
2022-2023,960006,MF
2022-2023,914902,FW
2022-2023,1103548,DF
2022-2023,98058,Off_MF
2022-2023,116955,MF
2022-2023,804901,FW
2022-2023,355528,FW
2022-2023,232224,MF
2022-2023,26404,DF
2022-2023,980327,FW
2022-2023,98212,DF
2022-2023,826057,DF
2022-2023,891920,FW
2022-2023,21626,FW
2022-2023,1154605,Off_MF
2022-2023,927340,MF
2022-2023,960441,Off_MF
2022-2023,1031658,DF
2022-2023,591740,MF
2022-2023,268903,FW
2022-2023,284363,FW
2022-2023,941405,Off_MF
2022-2023,897291,DF
2022-2023,347010,FW
2022-2023,316170,MF
2022-2023,855676,DF
2022-2023,792308,MF
2022-2023,964174,DF
2022-2023,798835,Off_MF
2022-2023,359642,FW
2022-2023,995773,FW
2022-2023,991421,MF
2022-2023,356444,FW
2022-2023,10501,FW
2022-2023,872919,Off_MF
2022-2023,786186,FW
2022-2023,913654,DF
2022-2023,606164,FW
2022-2023,142208,DF
2022-2023,53739,DF
2022-2023,348362,DF
2022-2023,880775,FW
2022-2023,924973,MF
2022-2023,780014,DF
2022-2023,966219,MF
2022-2023,997006,FW
2022-2023,255239,DF
2022-2023,220223,FW
2022-2023,350170,Off_MF
2022-2023,901827,Off_MF
2022-2023,142018,Off_MF
2022-2023,1048422,FW
2022-2023,1156353,Off_MF
2022-2023,587126,Def_MF
2022-2023,1002813,DF
2022-2023,260031,FW
2022-2023,879346,Def_MF
2022-2023,877262,Off_MF
2022-2023,6557,MF
2022-2023,758168,DF
2022-2023,372344,FW
2022-2023,155702,FW
2022-2023,141945,FW
2022-2023,235672,FW
2022-2023,148566,FW
2022-2023,879694,MF
2022-2023,579576,DF
2022-2023,69408,DF
2022-2023,134361,DF
2022-2023,1046150,MF
2022-2023,1050692,DF
2022-2023,877371,MF
2022-2023,797893,DF
2022-2023,45686,DF
2022-2023,138827,DF
2022-2023,587402,Def_MF
2022-2023,923894,DF
2022-2023,377118,DF
2022-2023,865057,FW
2022-2023,832427,Off_MF
2022-2023,385330,Off_MF
2022-2023,976001,MF
2022-2023,934383,DF
2022-2023,186845,Def_MF
2022-2023,371222,MF
2022-2023,856668,DF
2022-2023,109461,DF
2022-2023,126236,FW
2022-2023,606530,DF
2022-2023,344129,FW
2022-2023,71203,MF
2022-2023,343971,FW
2022-2023,96372,FW
2022-2023,143697,FW
2022-2023,843180,DF
2022-2023,823622,FW
2022-2023,996911,DF
2022-2023,818073,Off_MF
2022-2023,139919,DF
2022-2023,985262,DF
2022-2023,149731,FW
2022-2023,814882,MF
2022-2023,845168,Off_MF
2022-2023,195850,Off_MF
2022-2023,944164,Off_MF
2022-2023,146866,FW
2022-2023,1010223,Off_MF
2022-2023,97926,DF
2022-2023,21164,DF
2022-2023,21212,FW
2022-2023,885908,DF
2022-2023,913942,Off_MF
2022-2023,844752,DF
2022-2023,989878,Off_MF
2022-2023,254449,DF
2022-2023,243623,MF
2022-2023,1175856,FW
2022-2023,372336,FW
2022-2023,191182,MF
2022-2023,827681,DF
2022-2023,362222,DF
2022-2023,53825,MF
2022-2023,588566,MF
2022-2023,848537,DF
2022-2023,1020680,Off_MF
2022-2023,818986,DF
2022-2023,930245,FW
2022-2023,235648,DF
2022-2023,831400,Off_MF
2022-2023,982615,FW
2022-2023,794962,DF
2022-2023,826205,DF
2022-2023,138892,DF
2022-2023,255973,DF
2022-2023,886286,DF
2022-2023,231946,Off_MF
2022-2023,132874,MF
2022-2023,1020141,DF
2022-2023,298366,FW
2022-2023,789071,Off_MF
2022-2023,913679,MF
2022-2023,859773,DF
2022-2023,971005,FW
2022-2023,904991,DF
2022-2023,997012,DF
2022-2023,963801,FW
2022-2023,791566,MF
2022-2023,605338,FW
2022-2023,168897,DF
2022-2023,101451,MF
2022-2023,826069,FW
2022-2023,983540,FW
2022-2023,934386,Off_MF
2022-2023,229740,DF
2022-2023,825754,FW
2022-2023,307284,Def_MF
2022-2023,156004,MF
2022-2023,123915,DF
2022-2023,856062,DF
2022-2023,24397,DF
2022-2023,123976,DF
2022-2023,960437,DF
2022-2023,268791,Off_MF
2022-2023,829093,MF
2022-2023,1013928,DF
2022-2023,352486,Off_MF
2022-2023,591132,FW
2022-2023,280721,FW
2022-2023,135666,FW
2022-2023,851276,DF
2022-2023,964795,DF
2022-2023,357752,DF
2022-2023,846445,FW
2022-2023,247445,FW
2022-2023,1155226,DF
2022-2023,842709,FW
2022-2023,801837,DF
2022-2023,966575,Off_MF
2022-2023,143904,MF
2022-2023,80406,FW
2022-2023,1048916,MF
2022-2023,14142,MF
2022-2023,111229,FW
2022-2023,361352,FW
2022-2023,173883,DF
2022-2023,327863,DF
2022-2023,294593,DF
2022-2023,132149,DF
2022-2023,792073,DF
2022-2023,37092,Off_MF
2022-2023,842931,FW
2022-2023,989276,DF
2022-2023,998951,FW
2022-2023,164511,MF
2022-2023,788786,FW
2022-2023,142061,DF
2022-2023,188405,FW
2022-2023,1014286,DF
2022-2023,999030,DF
2022-2023,30027,FW
2022-2023,121180,DF
2022-2023,953097,DF
2022-2023,143334,DF
2022-2023,76132,FW
2022-2023,88494,Off_MF
2022-2023,1003007,DF
2022-2023,914835,DF
2022-2023,84251,MF
2022-2023,291695,DF
2022-2023,233826,DF
2022-2023,14942,MF
2022-2023,982327,MF
2022-2023,238408,DF
2022-2023,909119,FW
2022-2023,894396,FW
2022-2023,345195,FW
2022-2023,940054,FW
2022-2023,856260,Off_MF
2022-2023,38162,FW
2022-2023,827506,Off_MF
2022-2023,855833,FW
2022-2023,962883,FW
2022-2023,965264,DF
2022-2023,825839,DF
2022-2023,356352,DF
2022-2023,997104,MF
2022-2023,856729,DF
2022-2023,909966,FW
2022-2023,901891,FW
2022-2023,359664,FW
2022-2023,954056,MF
2022-2023,901325,MF
2022-2023,837205,MF
2022-2023,352768,DF
2022-2023,1023091,Off_MF
2022-2023,117083,Off_MF
2022-2023,802695,DF
2022-2023,280441,FW
2022-2023,800951,DF
2022-2023,818244,FW
2022-2023,131910,MF
2022-2023,217784,DF
2022-2023,35194,MF
2022-2023,50027,DF
2022-2023,254297,FW
2022-2023,828640,DF
2022-2023,139410,DF
2022-2023,141080,DF
2022-2023,838640,FW
2022-2023,876214,DF
2022-2023,242211,DF
2022-2023,35199,DF
2022-2023,250133,MF
2022-2023,605672,FW
2022-2023,825681,Off_MF
2022-2023,217704,FW
2022-2023,129861,DF
2022-2023,875293,DF
2022-2023,917005,FW
2022-2023,39327,DF
2022-2023,312110,DF
2022-2023,209768,MF
2022-2023,822708,MF
2022-2023,870762,FW
2022-2023,863653,DF
2022-2023,991478,FW
2022-2023,881931,MF
2022-2023,88859,DF
2022-2023,996952,FW
2022-2023,1001867,MF
2022-2023,361004,FW
2022-2023,976037,DF
2022-2023,169549,FW
2022-2023,314138,FW
2022-2023,851596,FW
2022-2023,1128063,DF
2022-2023,21521,FW
2022-2023,785468,DF
2022-2023,82555,MF
2022-2023,1006489,DF
2022-2023,792142,DF
2022-2023,352376,Def_MF
2022-2023,1131540,Off_MF
2022-2023,253993,MF
2022-2023,893062,DF
2022-2023,964119,DF
2022-2023,945063,DF
2022-2023,316152,FW
2022-2023,88471,FW
2022-2023,862967,FW
2022-2023,39480,DF
2022-2023,796206,DF
2022-2023,802665,Off_MF
2022-2023,372430,DF
2022-2023,122810,DF
2022-2023,944656,FW
2022-2023,318927,DF
2022-2023,355492,MF
2022-2023,790179,FW
2022-2023,132318,DF
2022-2023,346516,FW
2022-2023,855829,DF
2022-2023,873554,FW
2022-2023,117794,DF
2022-2023,22975,Def_MF
2022-2023,906278,DF
2022-2023,846492,Off_MF
2022-2023,51785,Off_MF
2022-2023,139228,FW
2022-2023,32040,DF
2022-2023,298920,MF
2022-2023,913455,DF
2022-2023,319735,Off_MF
2022-2023,914213,FW
2022-2023,859901,MF
2022-2023,333595,DF
2022-2023,593526,FW
2022-2023,286165,FW
2022-2023,794294,DF
2022-2023,70930,DF
2022-2023,888219,FW
2022-2023,791190,MF
2022-2023,980578,DF
2022-2023,96538,DF
2022-2023,1131541,DF
2022-2023,280009,FW
2022-2023,816763,FW
2022-2023,893008,DF
2022-2023,124737,DF
2022-2023,791079,MF
2022-2023,204336,FW
2022-2023,930191,FW
2022-2023,890329,FW
2022-2023,901850,MF
2022-2023,830127,Off_MF
2022-2023,823941,FW
2022-2023,45925,DF
2022-2023,973437,DF
2022-2023,822933,DF
2022-2023,21555,DF
2022-2023,227082,DF
2022-2023,21927,FW
2022-2023,857671,MF
2022-2023,812829,DF
2022-2023,96535,Off_MF
2022-2023,319129,FW
2022-2023,609206,DF
2022-2023,164171,FW
2022-2023,284441,MF
2022-2023,806968,DF
2022-2023,922928,DF
2022-2023,850891,FW
2022-2023,365358,DF
2022-2023,142619,MF
2022-2023,124712,Off_MF
2022-2023,974505,MF
2022-2023,989768,DF
2022-2023,1106451,FW
2022-2023,793988,MF
2022-2023,826215,DF
2022-2023,103364,DF
2022-2023,547838,MF
2022-2023,927005,Off_MF
2022-2023,254119,DF
2022-2023,358108,DF
2022-2023,587962,FW
2022-2023,148588,MF
2022-2023,795005,MF
2022-2023,41837,Def_MF
2022-2023,873630,FW
2022-2023,901470,DF
2022-2023,911679,MF
2022-2023,23571,MF
2022-2023,161325,FW
2022-2023,973699,MF
2022-2023,541464,FW
2022-2023,1012650,DF
2022-2023,818406,DF
2022-2023,331853,DF
2022-2023,591750,MF
2022-2023,877102,DF
2022-2023,996958,DF
2022-2023,24057,DF
2022-2023,826884,FW
2022-2023,1085381,FW
2022-2023,558524,DF
2022-2023,869644,DF
2022-2023,385320,FW
2022-2023,805123,FW
2022-2023,877103,DF
2022-2023,826134,DF
2022-2023,308526,DF
2022-2023,857205,DF
2022-2023,1049775,DF
2022-2023,955245,Off_MF
2022-2023,978518,DF
2022-2023,182243,MF
2022-2023,294313,MF
2022-2023,904970,Off_MF
2022-2023,1128532,Off_MF
2022-2023,879674,DF
2022-2023,838232,FW
2022-2023,826070,DF
2022-2023,235460,MF
2022-2023,887581,MF
2022-2023,111969,MF
2022-2023,288321,DF
2022-2023,855830,MF
2022-2023,94822,MF
2022-2023,797290,DF
2022-2023,51640,FW
2022-2023,911350,FW
2022-2023,69404,DF
2022-2023,142525,DF
2022-2023,43215,DF
2022-2023,805078,DF
2022-2023,350560,DF
2022-2023,1117223,DF
2022-2023,328027,FW
2022-2023,836694,Off_MF
2022-2023,987504,FW
2022-2023,96368,DF
2022-2023,105971,DF
2022-2023,135116,DF
2022-2023,924690,DF
2022-2023,822600,MF
2022-2023,148899,DF
2022-2023,791048,DF
2022-2023,942844,MF
2022-2023,345035,FW
2022-2023,76632,DF
2022-2023,155449,MF
2022-2023,340547,MF
2022-2023,856638,DF
2022-2023,78893,FW
2022-2023,846470,FW
2022-2023,295973,FW
2022-2023,109296,DF
2022-2023,35166,FW
2022-2023,841947,Off_MF
2022-2023,143344,DF
2022-2023,794939,DF
2022-2023,286085,DF
2022-2023,814023,DF
2022-2023,233328,Def_MF
2022-2023,770083,FW
2022-2023,947929,Off_MF
2022-2023,787885,Def_MF
2022-2023,111803,DF
2022-2023,108736,DF
2022-2023,312388,MF
2022-2023,845271,DF
2022-2023,856076,DF
2022-2023,851100,FW
2022-2023,157377,DF
2022-2023,861324,MF
2022-2023,71707,Off_MF
2022-2023,802034,DF
2022-2023,318607,DF
2022-2023,158615,MF
2022-2023,74061,Off_MF
2022-2023,924871,FW
2022-2023,122943,DF
2022-2023,353138,Off_MF
2022-2023,876599,FW
2022-2023,914014,Def_MF
2022-2023,973536,FW
2022-2023,803039,FW
2022-2023,136710,MF
2022-2023,866810,DF
2022-2023,43905,FW
2022-2023,869883,Off_MF
2022-2023,914487,DF
2022-2023,330675,DF
2022-2023,309546,FW
2022-2023,116607,Off_MF
2022-2023,349794,DF
2022-2023,545780,MF
2022-2023,798147,DF
2022-2023,548188,MF
2022-2023,805712,DF
2022-2023,252857,FW
2022-2023,184661,MF
2022-2023,824200,FW
2022-2023,14990,FW
2022-2023,23996,FW
2022-2023,21992,MF
2022-2023,155997,DF
2022-2023,190159,FW
2022-2023,151138,DF
2022-2023,256219,Off_MF
2022-2023,224456,DF
2022-2023,937324,MF
2022-2023,1167818,DF
2022-2023,895576,Off_MF
2022-2023,15466,Off_MF
2022-2023,855810,DF
2022-2023,99546,DF
2022-2023,966441,DF
2022-2023,844744,DF
2022-2023,186795,DF
2022-2023,250477,DF
2022-2023,135256,Def_MF
2022-2023,850035,DF
2022-2023,1142679,Off_MF
2022-2023,941077,DF
2022-2023,121551,DF
2022-2023,804472,MF
2022-2023,187205,DF
2022-2023,190437,MF
2022-2023,108800,MF
2022-2023,218616,Off_MF
2022-2023,308764,FW
2022-2023,1012172,Off_MF
2022-2023,914522,DF
2022-2023,192308,FW
2022-2023,48660,DF
2022-2023,794948,MF
2022-2023,826204,MF
2022-2023,78352,DF
2022-2023,6562,MF
2022-2023,928431,MF
2022-2023,138572,DF
2022-2023,84854,DF
2022-2023,7635,MF
2022-2023,366760,DF
2022-2023,1102502,DF
2022-2023,41013,DF
2022-2023,23568,DF
2022-2023,927360,DF
2022-2023,151003,DF
2022-2023,37318,FW
2022-2023,330705,Off_MF
2022-2023,925097,DF
2022-2023,126071,DF
2022-2023,958380,FW
2022-2023,795228,FW
2022-2023,863271,DF
2022-2023,1035995,FW
2022-2023,122859,Off_MF
2022-2023,48557,DF
2022-2023,842158,FW
2022-2023,344751,MF
2022-2023,889785,DF
2022-2023,958916,DF
2022-2023,359640,FW
2022-2023,916041,MF
2022-2023,833956,DF
2022-2023,26231,FW
2022-2023,47772,FW
2022-2023,1086417,FW
2022-2023,322391,Off_MF
2022-2023,796987,Off_MF
2022-2023,827519,DF
2022-2023,907463,MF
2022-2023,796027,Off_MF
2022-2023,1029018,FW
2022-2023,846252,MF
2022-2023,809219,DF
2022-2023,66492,DF
2022-2023,827473,DF
2022-2023,859765,FW
2022-2023,175185,FW
2022-2023,122702,FW
2022-2023,376382,MF
2022-2023,940393,DF
2022-2023,152077,DF
2022-2023,797286,DF
2022-2023,980624,Off_MF
2022-2023,954061,FW
2022-2023,352838,FW
2022-2023,44241,MF
2022-2023,33902,FW
2022-2023,830142,MF
2022-2023,789886,MF
2022-2023,811629,MF
2022-2023,831424,DF
2022-2023,173827,FW
2022-2023,352296,FW
2022-2023,962577,DF
2022-2023,812946,FW
2022-2023,169255,MF
2022-2023,253367,FW
2022-2023,158573,DF
2022-2023,979128,Off_MF
2022-2023,149663,DF
2022-2023,842391,Off_MF
2022-2023,985923,MF
2022-2023,113956,FW
2022-2023,273405,DF
2022-2023,339231,DF
2022-2023,976025,DF
2022-2023,848080,DF
2022-2023,927356,DF
2022-2023,891510,FW
2022-2023,189135,MF
2022-2023,40323,MF
2022-2023,916136,MF
2022-2023,138534,FW
2022-2023,784655,MF
2022-2023,557008,Off_MF
2022-2023,237068,MF
2022-2023,537552,Off_MF
2022-2023,769333,FW
2022-2023,35428,FW
2022-2023,125407,FW
2022-2023,138156,MF
2022-2023,940993,DF
2022-2023,36784,Off_MF
2022-2023,138310,DF
2022-2023,838907,FW
2022-2023,578560,DF
2022-2023,329597,DF
2022-2023,966869,DF
2022-2023,27014,MF
2022-2023,158213,FW
2022-2023,317301,MF
2022-2023,801287,FW
2022-2023,580512,DF
2022-2023,249399,MF
2022-2023,832208,FW
2022-2023,835485,Off_MF
2022-2023,826167,DF
2022-2023,963299,MF
2022-2023,542472,FW
2022-2023,11781,Off_MF
2022-2023,232306,FW
2022-2023,344953,Off_MF
2022-2023,873551,FW
2022-2023,187433,FW
2022-2023,965014,DF
2022-2023,76265,DF
2022-2023,105697,DF
2022-2023,91046,DF
2022-2023,36982,DF
2022-2023,912786,MF
2022-2023,16655,MF
2022-2023,910031,Off_MF
2022-2023,187423,DF
2022-2023,548178,MF
2022-2023,795004,MF
2022-2023,999028,DF
2022-2023,16701,MF
2022-2023,357584,DF
2022-2023,851254,DF
2022-2023,996951,DF
2022-2023,873189,DF
2022-2023,44614,DF
2022-2023,377512,DF
2022-2023,921789,DF
2022-2023,916680,FW
2022-2023,836706,Off_MF
2022-2023,801030,MF
2022-2023,808590,FW
2022-2023,958901,Off_MF
2022-2023,946158,DF
2022-2023,992587,Off_MF
2022-2023,245615,DF
2022-2023,1014222,DF
2022-2023,879672,FW
2022-2023,96552,DF
2022-2023,11869,DF
2022-2023,844203,FW
2022-2023,790989,DF
2022-2023,216308,DF
2022-2023,37151,MF
2022-2023,988351,Def_MF
2022-2023,139227,DF
2022-2023,773409,FW
2022-2023,949062,FW
2022-2023,359272,MF
2022-2023,318941,DF
2022-2023,136322,DF
2022-2023,209374,FW
2022-2023,802142,FW
2022-2023,823733,MF
2022-2023,192144,FW
2022-2023,851282,DF
2022-2023,785876,Off_MF
2022-2023,293519,Off_MF
2022-2023,973887,MF
2022-2023,825719,DF
2022-2023,985329,Off_MF
2022-2023,834986,DF
2022-2023,55052,DF
2022-2023,892735,DF
2022-2023,16632,DF
2022-2023,580550,DF
2022-2023,988639,MF
2022-2023,141832,DF
2022-2023,800408,MF
2022-2023,19352,DF
2022-2023,346262,Off_MF
2022-2023,799216,MF
2022-2023,320979,FW
2022-2023,859774,MF
2022-2023,846471,DF
2022-2023,10589,DF
2022-2023,343067,MF
2022-2023,255235,FW
2022-2023,3306,FW
2022-2023,865167,DF
2022-2023,552180,DF
2022-2023,843665,DF
2022-2023,259339,MF
2022-2023,978285,DF
2022-2023,805137,DF
2022-2023,105734,MF
2022-2023,814594,DF
2022-2023,331449,MF
2022-2023,102624,DF
2022-2023,189061,FW
2022-2023,842513,DF
2022-2023,801263,FW
2022-2023,814360,DF
2022-2023,329303,MF
2022-2023,794839,FW
2022-2023,928124,Off_MF
2022-2023,605374,Off_MF
2022-2023,284361,DF
2022-2023,354808,FW
2022-2023,889861,MF
2022-2023,930189,MF
2022-2023,1047296,Off_MF
2022-2023,831005,FW
2022-2023,873534,Off_MF
2022-2023,42694,MF
2022-2023,229544,DF
2022-2023,47743,DF
2022-2023,352668,DF
2022-2023,990050,DF
2022-2023,324353,Off_MF
2022-2023,840414,DF
2022-2023,98449,DF
2022-2023,3504,FW
2022-2023,349526,MF
2022-2023,38710,DF
2022-2023,852404,MF
2022-2023,983815,Off_MF
2022-2023,353130,DF
2022-2023,96547,DF
2022-2023,859999,DF
2022-2023,119192,FW
2022-2023,168937,DF
2022-2023,287643,DF
2022-2023,3041,DF
2022-2023,859025,MF
2022-2023,794937,MF
2022-2023,984789,DF
2022-2023,793645,FW
2022-2023,122951,MF
2022-2023,31417,FW
2022-2023,987489,FW
2022-2023,931290,Off_MF
2022-2023,158037,DF
2022-2023,138024,DF
2022-2023,836168,DF
2022-2023,231776,Off_MF
2022-2023,945830,MF
2022-2023,39070,FW
2022-2023,558738,FW
2022-2023,906800,MF
2022-2023,794950,Off_MF
2022-2023,21949,Off_MF
2022-2023,949707,DF
2022-2023,111483,FW
2022-2023,839981,MF
2022-2023,997189,DF
2022-2023,843200,DF
2022-2023,26502,MF
2022-2023,800419,MF
2022-2023,822923,DF
2022-2023,826188,DF
2022-2023,339909,DF
2022-2023,826198,FW
2022-2023,115516,Def_MF
2022-2023,113409,Off_MF
2022-2023,83506,DF
2022-2023,119151,Off_MF
2022-2023,917048,DF
2022-2023,964994,DF
2022-2023,69367,Off_MF
2022-2023,795297,DF
2022-2023,580638,DF
2022-2023,830288,DF
2022-2023,932643,FW
2022-2023,359208,DF
2022-2023,833213,DF
2022-2023,989113,Off_MF
2022-2023,822110,DF
2022-2023,168985,MF
2022-2023,319857,DF
2022-2023,219572,DF
2022-2023,610766,FW
2022-2023,867546,MF
2022-2023,1008849,MF
2022-2023,126691,MF
2022-2023,901885,DF
2022-2023,984184,DF
2022-2023,1137730,MF
2022-2023,1010231,Off_MF
2022-2023,800403,DF
2022-2023,865740,DF
2022-2023,836675,DF
2022-2023,331209,Off_MF
2022-2023,913695,DF
2022-2023,814873,MF
2022-2023,1002920,DF
2022-2023,842364,DF
2022-2023,106496,DF
2022-2023,851150,DF
2022-2023,1090694,DF
2022-2023,142148,DF
2022-2023,946888,MF
2022-2023,830803,DF
2022-2023,759520,DF
2022-2023,45923,FW
2022-2023,1069488,MF
2022-2023,110967,MF
2022-2023,800349,DF
2022-2023,170887,DF
2022-2023,838399,DF
2022-2023,281277,DF
2022-2023,581146,FW
2022-2023,283083,Off_MF
2022-2023,43443,DF
2022-2023,921033,FW
2022-2023,41157,Off_MF
2022-2023,988632,DF
2022-2023,361310,DF
2022-2023,897594,DF
2022-2023,940871,DF
2022-2023,855663,DF
2022-2023,39183,DF
2022-2023,226958,DF
2022-2023,35612,DF
2022-2023,844942,DF
2022-2023,812332,MF
2022-2023,794338,MF
2022-2023,149659,MF
2022-2023,227224,DF
2022-2023,831290,FW
2022-2023,829022,DF
2022-2023,138605,Off_MF
2022-2023,383560,DF
2022-2023,94758,DF
2022-2023,111850,FW
2022-2023,246999,DF
2022-2023,152206,MF
2022-2023,1010505,Off_MF
2022-2023,352802,MF
2022-2023,1049517,DF
2022-2023,592012,FW
2022-2023,827942,DF
2022-2023,871765,MF
2022-2023,937937,FW
2022-2023,861970,MF
2022-2023,857178,MF
2022-2023,907152,MF
2022-2023,847128,MF
2022-2023,330689,DF
2022-2023,182001,DF
2022-2023,812314,DF
2022-2023,936849,FW
2022-2023,831677,DF
2022-2023,789234,DF
2022-2023,822518,DF
2022-2023,807648,DF
2022-2023,575852,Off_MF
2022-2023,1012176,DF
2022-2023,796047,MF
2022-2023,822470,FW
2022-2023,125625,DF
2022-2023,39433,MF
2022-2023,891511,FW
2022-2023,1192318,FW
2022-2023,296434,MF
2022-2023,331737,MF
2022-2023,78781,Off_MF
2022-2023,330051,FW
2022-2023,190147,Off_MF
2022-2023,798583,DF
2022-2023,944973,DF
2022-2023,33541,DF
2022-2023,45853,Off_MF
2022-2023,100565,DF
2022-2023,905381,FW
2022-2023,53816,FW
2022-2023,825740,MF
2022-2023,135700,MF
2022-2023,829932,DF
2022-2023,785989,FW
2022-2023,878081,FW
2022-2023,139229,MF
2022-2023,973431,Off_MF
2022-2023,802143,DF
2022-2023,910978,DF
2022-2023,318657,MF
2022-2023,910536,FW
2022-2023,67647,Off_MF
2022-2023,309078,FW
2022-2023,1013842,DF
2022-2023,857740,DF
2022-2023,908716,DF
2022-2023,943713,DF
2022-2023,106662,DF
2022-2023,226978,Off_MF
2022-2023,823631,FW
2022-2023,892624,MF
2022-2023,942840,MF
2022-2023,910024,FW
2022-2023,848458,FW
2022-2023,108584,DF
2022-2023,41560,FW
2022-2023,351500,DF
2022-2023,803031,DF
2022-2023,168903,Def_MF
2022-2023,84531,DF
2022-2023,845385,Off_MF
2022-2023,171961,Off_MF
2022-2023,99545,DF
2022-2023,783126,Off_MF
2022-2023,941168,DF
2022-2023,142622,DF
2022-2023,70996,Off_MF
2022-2023,845273,Off_MF
2022-2023,147775,DF
2022-2023,851284,FW
2022-2023,325355,DF
2022-2023,790965,Off_MF
2022-2023,158235,DF
2022-2023,126816,DF
2022-2023,157029,MF
2022-2023,827212,DF
2022-2023,979290,MF
2022-2023,757742,DF
2022-2023,787505,DF
2022-2023,333261,FW
2022-2023,862697,DF
2022-2023,330099,DF
2022-2023,137978,MF
2022-2023,991200,DF
2022-2023,880218,FW
2022-2023,148458,Off_MF
2022-2023,877201,FW
2022-2023,111416,MF
2022-2023,869856,Off_MF
2022-2023,363860,MF
2022-2023,1093695,MF
2022-2023,902029,MF
2022-2023,797306,DF
2022-2023,984624,FW
2022-2023,255999,Def_MF
2022-2023,976141,MF
2022-2023,332155,DF
2022-2023,137673,DF
2022-2023,96365,MF
2022-2023,843678,MF
2022-2023,569784,MF
2022-2023,795508,MF
2022-2023,796279,DF
2022-2023,149370,MF
2022-2023,906075,DF
2022-2023,66471,FW
2022-2023,1002837,DF
2022-2023,1049515,DF
2022-2023,38081,DF
2022-2023,851222,Off_MF
2022-2023,976396,MF
2022-2023,814385,FW
2022-2023,318963,Off_MF
2022-2023,329563,Off_MF
2022-2023,165583,DF
2022-2023,945122,MF
2022-2023,997035,DF
2022-2023,856737,FW
2022-2023,151499,FW
2022-2023,132645,FW
2022-2023,187313,MF
2022-2023,356398,Off_MF
2022-2023,577726,DF
2022-2023,316148,MF
2022-2023,758664,MF
2022-2023,880207,DF
2022-2023,856495,MF
2022-2023,945616,DF
2022-2023,227672,DF
2022-2023,208988,DF
2022-2023,923973,MF
2022-2023,368120,MF
2022-2023,758876,Off_MF
2022-2023,328035,DF
2022-2023,333373,FW
2022-2023,830659,DF
2022-2023,592010,MF
2022-2023,960007,FW
2022-2023,826202,DF
2022-2023,935543,FW
2022-2023,576266,DF
2022-2023,831808,Off_MF
2022-2023,149730,FW
2022-2023,355152,FW
2022-2023,844234,MF
2022-2023,158241,DF
2022-2023,979315,FW
2022-2023,791702,FW
2022-2023,930272,MF
2022-2023,845930,DF
2022-2023,138150,DF
2022-2023,835480,FW
2022-2023,960080,FW
2022-2023,866191,MF
2022-2023,889259,FW
2022-2023,859026,FW
2022-2023,842188,Def_MF
2022-2023,72998,Off_MF
2022-2023,362014,DF
2022-2023,1103693,Off_MF
2022-2023,148710,MF
2022-2023,966801,Off_MF
2022-2023,355486,DF
2022-2023,795222,MF
2022-2023,280453,FW
2022-2023,279563,MF
2022-2023,845693,Off_MF
2022-2023,165413,FW
2022-2023,838159,DF
2022-2023,84539,MF
2022-2023,555540,Off_MF
2022-2023,156682,MF
2022-2023,904832,MF
2022-2023,965330,DF
2022-2023,122848,DF
2022-2023,190839,DF
2022-2023,24248,DF
2022-2023,352544,FW
2022-2023,900008,MF
2022-2023,46798,MF
2022-2023,888550,Off_MF
2022-2023,959820,DF
2022-2023,387220,DF
2022-2023,873106,DF
2022-2023,126588,DF
2022-2023,88528,DF
2022-2023,822471,FW
2022-2023,825956,Off_MF
2022-2023,191204,DF
2022-2023,836705,FW
2022-2023,190877,DF
2022-2023,359742,MF
2022-2023,823984,FW
2022-2023,106337,MF
2022-2023,842744,DF
2022-2023,796372,DF
2022-2023,856553,DF
2022-2023,262911,DF
2022-2023,821728,DF
2022-2023,27622,DF
2022-2023,825771,DF
2022-2023,877013,FW
2022-2023,378340,FW
2022-2023,95381,MF
2022-2023,44577,DF
2022-2023,216222,MF
2022-2023,1157713,DF
2022-2023,974087,MF
2022-2023,363856,Off_MF
2022-2023,848355,DF
2022-2023,103442,DF
2022-2023,871706,FW
2022-2023,340719,FW
2022-2023,252821,DF
2022-2023,885197,DF
2022-2023,864921,Off_MF
2022-2023,975937,Off_MF
2022-2023,192430,DF
2022-2023,928236,DF
2022-2023,847097,DF
2022-2023,799054,MF
2022-2023,785518,DF
2022-2023,823085,DF
2022-2023,962408,DF
2022-2023,788061,FW
2022-2023,876643,DF
2022-2023,1085400,FW
2022-2023,580642,MF
2022-2023,300522,DF
2022-2023,576276,DF
2022-2023,846446,MF
2022-2023,560128,MF
2022-2023,557166,FW
2022-2023,81992,DF
2022-2023,67769,DF
2022-2023,243585,MF
2022-2023,149606,DF
2022-2023,805465,DF
2022-2023,289977,DF
2022-2023,34120,FW
2022-2023,142390,FW
2022-2023,591136,DF
2022-2023,991011,MF
2022-2023,848287,DF
2022-2023,285949,Off_MF
2022-2023,250223,MF
2022-2023,229598,DF
2022-2023,855817,FW
2022-2023,894733,MF
2022-2023,855864,DF
2022-2023,822519,DF
2022-2023,10710,DF
2022-2023,983572,DF
2022-2023,829570,FW
2022-2023,970361,DF
2022-2023,226974,DF
2022-2023,227922,DF
2022-2023,855647,FW
2022-2023,892673,MF
2022-2023,103045,FW
2022-2023,301288,FW
2022-2023,155995,DF
2022-2023,964191,DF
2022-2023,119179,MF
2022-2023,870263,DF
2022-2023,866469,MF
2022-2023,27982,Off_MF
2022-2023,357596,Off_MF
2022-2023,886930,DF
2022-2023,1084081,DF
2022-2023,326471,MF
2022-2023,123229,MF
2022-2023,66518,Off_MF
2022-2023,250737,MF
2022-2023,142231,DF
2022-2023,978838,FW
2022-2023,346676,DF
2022-2023,604954,FW
2022-2023,267619,DF
2022-2023,788255,DF
2022-2023,548660,MF
2022-2023,807116,DF
2022-2023,147289,MF
2022-2023,859027,MF
2022-2023,801306,MF
2022-2023,906047,MF
2022-2023,839956,FW
2022-2023,293581,FW
2022-2023,788027,DF
2022-2023,98003,MF
2022-2023,68332,DF
2022-2023,860307,DF
2022-2023,362682,DF
2022-2023,595576,FW
2022-2023,82943,DF
2022-2023,891346,DF
2022-2023,361696,DF
2022-2023,922573,FW
2022-2023,146853,DF
2022-2023,787751,DF
2022-2023,888949,DF
2022-2023,799251,Off_MF
2022-2023,47741,DF
2022-2023,259117,MF
2022-2023,541578,FW
2022-2023,806076,Off_MF
2022-2023,799041,Def_MF
2022-2023,867441,MF
2022-2023,49639,MF
2022-2023,146101,DF
2022-2023,826643,FW
2022-2023,913401,DF
2022-2023,52663,DF
2022-2023,122701,DF
2022-2023,868812,FW
2022-2023,369650,DF
2022-2023,917087,Off_MF
2022-2023,124544,DF
2022-2023,282229,DF
2022-2023,972886,DF
2022-2023,920008,DF
2022-2023,286909,DF
2022-2023,151545,DF
2022-2023,783374,FW
2022-2023,12994,FW
2022-2023,307702,DF
2022-2023,848926,MF
2022-2023,41789,FW
2022-2023,238612,DF
2022-2023,258325,FW
2022-2023,835484,MF
2022-2023,591706,MF
2022-2023,611210,DF
2022-2023,803033,MF
2022-2023,85859,FW
2022-2023,859021,MF
2022-2023,361420,FW
2022-2023,151124,MF
2022-2023,365802,MF
2022-2023,831799,DF
2022-2023,19356,FW
2022-2023,945217,DF
2022-2023,345111,FW
2022-2023,883262,DF
2022-2023,609752,MF
2022-2023,130433,DF
2022-2023,835600,MF
2022-2023,814590,FW
2022-2023,802159,FW
2022-2023,149479,MF
2022-2023,895324,MF
2022-2023,874705,FW
2022-2023,190883,MF
2022-2023,111505,Off_MF
2022-2023,988275,DF
2022-2023,804621,MF
2022-2023,993455,MF
2022-2023,845170,DF
2022-2023,118179,DF
2022-2023,818481,DF
2022-2023,927083,FW
2022-2023,827606,MF
2022-2023,1031421,MF
2022-2023,51665,MF
2022-2023,783278,FW
2022-2023,227864,DF
2022-2023,143040,MF
2022-2023,795064,DF
2022-2023,867887,MF
2022-2023,50070,FW
2022-2023,350210,MF
2022-2023,1085180,FW
2022-2023,799046,DF
2022-2023,310874,FW
2022-2023,186855,MF
2022-2023,44566,DF
2022-2023,787889,MF
2022-2023,69416,MF
2022-2023,136924,DF
2022-2023,290927,FW
2022-2023,788185,DF
2022-2023,152276,FW
2022-2023,859917,MF
2022-2023,100389,MF
2022-2023,899982,FW
2022-2023,998247,DF
2022-2023,336655,FW
2022-2023,865912,Off_MF
2022-2023,788216,DF
2022-2023,976421,DF
2022-2023,69418,FW
2022-2023,158243,DF
2022-2023,117777,Off_MF
2022-2023,798124,DF
2022-2023,830551,DF
2022-2023,280815,DF
2022-2023,934237,FW
2022-2023,846308,DF
2022-2023,280955,Def_MF
2022-2023,331447,MF
2022-2023,984014,MF
2022-2023,139235,MF
2022-2023,581314,MF
2022-2023,896569,DF
2022-2023,787941,MF
2022-2023,864169,DF
2022-2023,788921,Off_MF
2022-2023,846036,DF
2022-2023,142259,DF
2022-2023,596736,DF
2022-2023,324399,Off_MF
2022-2023,191188,Off_MF
2022-2023,929199,DF
2022-2023,945062,MF
2022-2023,803174,DF
2022-2023,988907,DF
2022-2023,342911,DF
2022-2023,150383,MF
2022-2023,944899,DF
2022-2023,966837,MF
2022-2023,900792,DF
2022-2023,364612,MF
2022-2023,99090,DF
2022-2023,286087,DF
2022-2023,796320,DF
2022-2023,788977,MF
2022-2023,542634,DF
2022-2023,910046,DF
2022-2023,547410,Off_MF
2022-2023,555386,FW
2022-2023,965778,DF
2022-2023,149593,MF
2022-2023,352736,DF
2022-2023,987650,MF
2022-2023,794836,DF
2022-2023,260097,DF
2022-2023,303638,DF
2022-2023,892521,DF
2022-2023,168745,DF
2022-2023,825133,DF
2022-2023,935564,FW
2022-2023,581302,DF
2022-2023,934235,FW
2022-2023,1064039,DF
2022-2023,124992,DF
2022-2023,553686,MF
2022-2023,540112,DF
2022-2023,101882,DF
2022-2023,329195,DF
2022-2023,152446,DF
2022-2023,794953,DF
2022-2023,552884,FW
2022-2023,599128,DF
2022-2023,115365,DF
2022-2023,48480,Off_MF
2022-2023,355796,MF
2022-2023,329417,DF
2022-2023,153257,DF
2022-2023,137774,DF
2022-2023,856714,MF
2022-2023,39182,MF
2022-2023,159665,FW
2022-2023,3577,DF
2022-2023,894474,DF
2022-2023,991479,DF
2022-2023,288205,Off_MF
2022-2023,110783,MF
2022-2023,827679,DF
2022-2023,877994,DF
2022-2023,786175,DF
2022-2023,827243,DF
2022-2023,178721,DF
2022-2023,99945,DF
2022-2023,69256,DF
2022-2023,161717,MF
2022-2023,352770,Off_MF
2022-2023,246507,MF
2022-2023,108579,FW
2022-2023,851271,DF
2022-2023,869792,DF
2022-2023,879618,DF
2022-2023,145188,DF
2023-2024,1513452,Def_MF
2023-2024,1136034,FW
2023-2024,1020203,FW
2023-2024,1000015,FW
2023-2024,287573,MF
2023-2024,963399,FW
2023-2024,235648,Def_MF
2023-2024,1018197,Off_MF
2023-2024,1167928,Off_MF
2023-2024,928047,Off_MF
2023-2024,1392573,MF
2023-2024,1119693,MF
2023-2024,1403050,DF
2023-2024,53825,Def_MF
2023-2024,1506777,DF
2023-2024,1403053,MF
2023-2024,1855791,Off_MF
2023-2024,1099074,MF
2023-2024,795261,DF
2023-2024,794374,MF
2023-2024,1068581,DF
2023-2024,94286,DF
2023-2024,1394950,Def_MF
2023-2024,1634358,Def_MF
2023-2024,1154647,FW
2023-2024,21134,DF
2023-2024,1152502,MF
2023-2024,846458,Off_MF
2023-2024,1136325,FW
2023-2024,1459308,FW
2023-2024,944049,Off_MF
2023-2024,996928,DF
2023-2024,1133119,MF
2023-2024,1389768,FW
2023-2024,326695,Off_MF
2023-2024,1431926,DF
2023-2024,796673,FW
2023-2024,1405973,DF
2023-2024,1169409,FW
2023-2024,848279,DF
2023-2024,1154657,DF
2023-2024,979114,DF
2023-2024,1031566,Def_MF
2023-2024,1605227,FW
2023-2024,338099,Def_MF
2023-2024,135775,DF
2023-2024,935281,FW
2023-2024,1387352,FW
2023-2024,1399702,Off_MF
2023-2024,1138421,FW
2023-2024,1403108,FW
2023-2024,953767,FW
2023-2024,1391824,MF
2023-2024,1405985,DF
2023-2024,1213236,FW
2023-2024,941464,DF
2023-2024,910975,DF
2023-2024,1100840,Off_MF
2023-2024,1175821,MF
2023-2024,1218074,FW
2023-2024,32124,DF
2023-2024,1426235,FW
2023-2024,988839,FW
2023-2024,1405999,Def_MF
2023-2024,983575,FW
2023-2024,1167704,DF
2023-2024,1518691,FW
2023-2024,386230,MF
2023-2024,1499870,DF
2023-2024,991096,FW
2023-2024,1171540,FW
2023-2024,1407658,Off_MF
2023-2024,149734,DF
2023-2024,1418703,DF
2023-2024,1414275,FW
2023-2024,980649,DF
2023-2024,1485371,DF
2023-2024,1049860,FW
2023-2024,1142596,Off_MF
2023-2024,994550,MF
2023-2024,813523,FW
2023-2024,842582,Def_MF
2023-2024,1125214,DF
2023-2024,1426229,Off_MF
2023-2024,1634355,FW
2023-2024,1401702,FW
2023-2024,141997,MF
2023-2024,1137268,DF
2023-2024,1120373,DF
2023-2024,1520771,FW
2023-2024,1397478,Off_MF
2023-2024,1142260,FW
2023-2024,1154861,FW
2023-2024,1858820,FW
2023-2024,1141167,DF
2023-2024,1000483,Def_MF
2023-2024,352610,Def_MF
2023-2024,320979,FW
2023-2024,1525367,MF
2023-2024,1134642,DF
2023-2024,1426625,FW
2023-2024,606530,DF
2023-2024,1634359,FW
2023-2024,981046,Off_MF
2023-2024,1390279,Off_MF
2023-2024,1149080,FW
2023-2024,1100321,Off_MF
2023-2024,927340,MF
2023-2024,348088,FW
2023-2024,1099175,Off_MF
2023-2024,123906,Off_MF
2023-2024,1495856,DF
2023-2024,1464649,FW
2023-2024,1215904,Off_MF
2023-2024,892735,DF
2023-2024,1010505,FW
2023-2024,1085199,Off_MF
2023-2024,947458,Off_MF
2023-2024,793761,FW
2023-2024,1123613,Off_MF
2023-2024,40239,Off_MF
2023-2024,1481688,FW
2023-2024,1154549,Def_MF
2023-2024,1175743,Off_MF
2023-2024,283851,MF
2023-2024,608370,MF
2023-2024,1402716,FW
2023-2024,1490783,MF
2023-2024,1099371,FW
2023-2024,921216,FW
2023-2024,185995,DF
2023-2024,1008259,Def_MF
2023-2024,1096136,FW
2023-2024,1393673,FW
2023-2024,998772,FW
2023-2024,577768,MF
2023-2024,1100207,Off_MF
2023-2024,920744,FW
2023-2024,1445699,FW
2023-2024,1492729,DF
2023-2024,856260,DF
2023-2024,1466116,DF
2023-2024,1561756,DF
2023-2024,979479,FW
2023-2024,1149138,Off_MF
2023-2024,119159,MF
2023-2024,186017,DF
2023-2024,1409087,FW
2023-2024,1218081,DF
2023-2024,1211006,FW
2023-2024,1084746,FW
2023-2024,1466543,MF
2023-2024,1142636,MF
2023-2024,1004239,DF
2023-2024,48243,MF
2023-2024,1019011,Off_MF
2023-2024,20993,MF
2023-2024,33901,DF
2023-2024,79680,DF
2023-2024,811493,MF
2023-2024,1397348,Def_MF
2023-2024,1114422,MF
2023-2024,1403018,DF
2023-2024,1170458,Def_MF
2023-2024,159675,MF
2023-2024,1154617,DF
2023-2024,1133697,DF
2023-2024,1154491,FW
2023-2024,1426226,MF
2023-2024,1146225,DF
2023-2024,1198074,Def_MF
2023-2024,1409371,FW
2023-2024,303638,DF
2023-2024,1089161,DF
2023-2024,282095,FW
2023-2024,794770,FW
2023-2024,1401006,Off_MF
2023-2024,608362,FW
2023-2024,1518119,FW
2023-2024,192144,FW
2023-2024,335887,MF
2023-2024,1069488,MF
2023-2024,362222,DF
2023-2024,1048009,DF
2023-2024,1212165,FW
2023-2024,1164381,DF
2023-2024,103156,DF
2023-2024,1493496,FW
2023-2024,1162083,FW
2023-2024,1127790,FW
2023-2024,1142091,DF
2023-2024,1090319,MF
2023-2024,1471569,FW
2023-2024,1142604,FW
2023-2024,33381,Off_MF
2023-2024,803185,FW
2023-2024,1493213,FW
2023-2024,1210848,DF
2023-2024,1173564,FW
2023-2024,1464647,DF
2023-2024,1426581,MF
2023-2024,137667,DF
2023-2024,88471,FW
2023-2024,1136819,DF
2023-2024,1397569,DF
2023-2024,1140597,DF
2023-2024,357584,FW
2023-2024,1174889,DF
2023-2024,294313,MF
2023-2024,1067284,FW
2023-2024,1083404,FW
2023-2024,1083382,DF
2023-2024,168897,DF
2023-2024,1402698,Off_MF
2023-2024,1185359,Off_MF
2023-2024,94539,Off_MF
2023-2024,1130950,Off_MF
2023-2024,1116987,FW
2023-2024,929631,Off_MF
2023-2024,1105138,MF
2023-2024,845271,DF
2023-2024,855835,FW
2023-2024,842419,DF
2023-2024,993238,Off_MF
2023-2024,111802,MF
2023-2024,27838,FW
2023-2024,605552,Off_MF
2023-2024,362470,Off_MF
2023-2024,1142249,DF
2023-2024,1146941,Off_MF
2023-2024,1457821,FW
2023-2024,1014556,DF
2023-2024,35194,MF
2023-2024,1471513,DF
2023-2024,1514294,Off_MF
2023-2024,44760,DF
2023-2024,1140001,FW
2023-2024,1149855,FW
2023-2024,795004,Def_MF
2023-2024,1184308,DF
2023-2024,1063364,DF
2023-2024,1002357,FW
2023-2024,842215,FW
2023-2024,1153434,FW
2023-2024,788170,DF
2023-2024,958959,DF
2023-2024,124318,MF
2023-2024,1414933,FW
2023-2024,1196903,FW
2023-2024,1134729,Def_MF
2023-2024,1156586,DF
2023-2024,837064,DF
2023-2024,787931,DF
2023-2024,566102,DF
2023-2024,825550,DF
2023-2024,368134,DF
2023-2024,1016788,FW
2023-2024,1390489,DF
2023-2024,1167025,FW
2023-2024,552668,Def_MF
2023-2024,1471504,FW
2023-2024,1405932,FW
2023-2024,911956,FW
2023-2024,856744,FW
2023-2024,103289,FW
2023-2024,996931,Off_MF
2023-2024,1515917,FW
2023-2024,94822,MF
2023-2024,293115,FW
2023-2024,1142638,Off_MF
2023-2024,1183625,DF
2023-2024,587126,MF
2023-2024,1135605,FW
2023-2024,1145100,DF
2023-2024,233252,DF
2023-2024,280815,DF
2023-2024,1486795,DF
2023-2024,1094793,DF
2023-2024,1389689,MF
2023-2024,1048569,DF
2023-2024,963084,DF
2023-2024,342915,DF
2023-2024,27999,MF
2023-2024,796358,MF
2023-2024,1858278,Off_MF
2023-2024,1086992,MF
2023-2024,1431516,FW
2023-2024,994867,FW
2023-2024,1035515,Off_MF
2023-2024,1046150,MF
2023-2024,868227,DF
2023-2024,996932,Off_MF
2023-2024,38710,FW
2023-2024,1428576,Def_MF
2023-2024,882019,Off_MF
2023-2024,902381,FW
2023-2024,1545409,DF
2023-2024,1177401,DF
2023-2024,1007962,Def_MF
2023-2024,1001847,DF
2023-2024,158233,DF
2023-2024,298366,FW
2023-2024,355048,DF
2023-2024,980418,DF
2023-2024,936234,FW
2023-2024,1017372,FW
2023-2024,1403124,MF
2023-2024,928777,MF
2023-2024,365772,MF
2023-2024,1168646,DF
2023-2024,911708,DF
2023-2024,879543,DF
2023-2024,280439,Off_MF
2023-2024,1049534,DF
2023-2024,994490,MF
2023-2024,1129527,MF
2023-2024,758608,DF
2023-2024,552632,Off_MF
2023-2024,1142094,Def_MF
2023-2024,888954,DF
2023-2024,1410148,MF
2023-2024,1390682,Off_MF
2023-2024,190405,Def_MF
2023-2024,926995,Off_MF
2023-2024,800419,MF
2023-2024,1134396,FW
2023-2024,964795,DF
2023-2024,1526648,FW
2023-2024,894477,MF
2023-2024,862821,FW
2023-2024,1152505,FW
2023-2024,1069627,DF
2023-2024,42699,FW
2023-2024,1470032,Off_MF
2023-2024,1807613,Off_MF
2023-2024,1122641,Off_MF
2023-2024,1564180,MF
2023-2024,1195635,DF
2023-2024,138383,MF
2023-2024,1009386,MF
2023-2024,1492676,MF
2023-2024,979593,Off_MF
2023-2024,1101362,Off_MF
2023-2024,1841875,Off_MF
2023-2024,115346,FW
2023-2024,770083,FW
2023-2024,1005725,MF
2023-2024,359236,FW
2023-2024,1214992,DF
2023-2024,318967,MF
2023-2024,359246,MF
2023-2024,838805,Off_MF
2023-2024,1495844,Off_MF
2023-2024,1130067,DF
2023-2024,227942,Def_MF
2023-2024,1565896,FW
2023-2024,376382,MF
2023-2024,877036,FW
2023-2024,1020680,FW
2023-2024,842922,Off_MF
2023-2024,1463503,Off_MF
2023-2024,959003,FW
2023-2024,1391596,FW
2023-2024,1064009,MF
2023-2024,1212155,MF
2023-2024,25522,Off_MF
2023-2024,844179,MF
2023-2024,973290,DF
2023-2024,141655,DF
2023-2024,943926,FW
2023-2024,1149127,MF
2023-2024,1390575,MF
2023-2024,1120914,FW
2023-2024,191182,Off_MF
2023-2024,311462,DF
2023-2024,1085950,Def_MF
2023-2024,1174462,MF
2023-2024,991604,Off_MF
2023-2024,362032,FW
2023-2024,1046322,DF
2023-2024,1146132,FW
2023-2024,314138,FW
2023-2024,96373,MF
2023-2024,844625,Off_MF
2023-2024,1400646,FW
2023-2024,933263,FW
2023-2024,1146148,Off_MF
2023-2024,1403127,Off_MF
2023-2024,1129935,Off_MF
2023-2024,963211,DF
2023-2024,1136806,DF
2023-2024,1146091,FW
2023-2024,1121430,Off_MF
2023-2024,1445228,FW
2023-2024,352296,FW
2023-2024,890329,FW
2023-2024,1174761,DF
2023-2024,96547,DF
2023-2024,830858,FW
2023-2024,1166679,FW
2023-2024,884980,Off_MF
2023-2024,190319,FW
2023-2024,1859949,DF
2023-2024,328145,FW
2023-2024,115665,FW
2023-2024,1137366,DF
2023-2024,1027091,DF
2023-2024,862223,FW
2023-2024,992912,Off_MF
2023-2024,98003,MF
2023-2024,984998,Off_MF
2023-2024,282917,Off_MF
2023-2024,1142149,FW
2023-2024,97410,MF
2023-2024,1114837,DF
2023-2024,1145627,FW
2023-2024,910026,FW
2023-2024,1495876,FW
2023-2024,587402,MF
2023-2024,45944,MF
2023-2024,124950,Off_MF
2023-2024,943595,FW
2023-2024,914877,FW
2023-2024,24397,DF
2023-2024,1525361,DF
2023-2024,918438,Def_MF
2023-2024,948250,FW
2023-2024,182001,DF
2023-2024,795058,MF
2023-2024,1394411,FW
2023-2024,99519,DF
2023-2024,1410925,FW
2023-2024,994556,Off_MF
2023-2024,801287,DF
2023-2024,892111,MF
2023-2024,998832,Off_MF
2023-2024,1116593,Off_MF
2023-2024,856668,DF
2023-2024,909167,DF
2023-2024,285989,MF
2023-2024,138159,MF
2023-2024,1001458,FW
2023-2024,1105970,Off_MF
2023-2024,19382,DF
2023-2024,344205,DF
2023-2024,1128902,FW
2023-2024,610766,FW
2023-2024,1116577,FW
2023-2024,175753,FW
2023-2024,1162309,Off_MF
2023-2024,941405,Off_MF
2023-2024,1494855,FW
2023-2024,110967,MF
2023-2024,813645,DF
2023-2024,69408,DF
2023-2024,831290,FW
2023-2024,1445625,DF
2023-2024,963299,MF
2023-2024,910023,FW
2023-2024,930279,MF
2023-2024,1216080,MF
2023-2024,822089,FW
2023-2024,831246,DF
2023-2024,1396048,DF
2023-2024,954076,FW
2023-2024,1391487,FW
2023-2024,1121184,DF
2023-2024,989768,DF
2023-2024,47743,DF
2023-2024,876259,MF
2023-2024,826139,FW
2023-2024,1142233,FW
2023-2024,990232,FW
2023-2024,940262,FW
2023-2024,873630,FW
2023-2024,856216,DF
2023-2024,796324,FW
2023-2024,906276,FW
2023-2024,989056,Off_MF
2023-2024,886132,FW
2023-2024,846441,DF
2023-2024,855731,FW
2023-2024,802149,FW
2023-2024,914857,Off_MF
2023-2024,1002556,FW
2023-2024,148458,Off_MF
2023-2024,842164,DF
2023-2024,105951,MF
2023-2024,190933,FW
2023-2024,823092,DF
2023-2024,921621,DF
2023-2024,995316,DF
2023-2024,1513451,DF
2023-2024,904835,Off_MF
2023-2024,1014118,Off_MF
2023-2024,930246,FW
2023-2024,1048916,MF
2023-2024,1065216,FW
2023-2024,1010409,FW
2023-2024,591132,FW
2023-2024,839309,MF
2023-2024,826003,FW
2023-2024,1127057,DF
2023-2024,1016948,FW
2023-2024,1100957,FW
2023-2024,153966,MF
2023-2024,786028,MF
2023-2024,365992,DF
2023-2024,862373,MF
2023-2024,1175856,FW
2023-2024,1392080,DF
2023-2024,891920,FW
2023-2024,844292,FW
2023-2024,1402908,DF
2023-2024,1003007,DF
2023-2024,928796,Def_MF
2023-2024,33854,DF
2023-2024,856594,Off_MF
2023-2024,171927,FW
2023-2024,97465,Off_MF
2023-2024,1473491,FW
2023-2024,870038,FW
2023-2024,206620,Off_MF
2023-2024,336655,FW
2023-2024,1150391,FW
2023-2024,1136721,DF
2023-2024,1006387,FW
2023-2024,970928,Off_MF
2023-2024,795541,FW
2023-2024,1108451,Off_MF
2023-2024,385888,MF
2023-2024,838232,FW
2023-2024,126236,FW
2023-2024,1119364,Off_MF
2023-2024,834597,FW
2023-2024,789138,DF
2023-2024,878705,FW
2023-2024,901152,DF
2023-2024,974582,DF
2023-2024,1049628,MF
2023-2024,997104,MF
2023-2024,121551,DF
2023-2024,867445,Off_MF
2023-2024,840951,DF
2023-2024,1101751,DF
2023-2024,361790,MF
2023-2024,1402751,MF
2023-2024,928814,DF
2023-2024,894238,DF
2023-2024,850035,DF
2023-2024,1010383,Off_MF
2023-2024,893642,DF
2023-2024,357756,DF
2023-2024,929620,MF
2023-2024,100570,FW
2023-2024,587628,FW
2023-2024,975814,FW
2023-2024,827519,DF
2023-2024,1403218,DF
2023-2024,1136280,FW
2023-2024,110508,Off_MF
2023-2024,802665,Off_MF
2023-2024,377206,DF
2023-2024,965330,DF
2023-2024,242211,DF
2023-2024,1091116,FW
2023-2024,286165,FW
2023-2024,842869,DF
2023-2024,591750,MF
2023-2024,286103,FW
2023-2024,1017392,MF
2023-2024,892924,Off_MF
2023-2024,856638,DF
2023-2024,1106573,MF
2023-2024,868223,FW
2023-2024,1154898,MF
2023-2024,268791,Off_MF
2023-2024,1022204,FW
2023-2024,190853,MF
2023-2024,47741,DF
2023-2024,971037,FW
2023-2024,825754,FW
2023-2024,253517,Off_MF
2023-2024,353250,DF
2023-2024,363532,DF
2023-2024,982615,FW
2023-2024,845168,FW
2023-2024,149731,FW
2023-2024,845119,DF
2023-2024,1498433,FW
2023-2024,841005,DF
2023-2024,599128,DF
2023-2024,1009661,Def_MF
2023-2024,130181,FW
2023-2024,796320,DF
2023-2024,370932,DF
2023-2024,25682,FW
2023-2024,785989,FW
2023-2024,782396,FW
2023-2024,119242,FW
2023-2024,45686,DF
2023-2024,1127313,MF
2023-2024,1142825,FW
2023-2024,358108,DF
2023-2024,844752,DF
2023-2024,946985,FW
2023-2024,1120615,DF
2023-2024,818440,FW
2023-2024,888550,Off_MF
2023-2024,1006147,MF
2023-2024,885908,DF
2023-2024,4581,FW
2023-2024,826183,FW
2023-2024,1049527,FW
2023-2024,1012248,Off_MF
2023-2024,1165722,MF
2023-2024,140487,FW
2023-2024,1394353,Off_MF
2023-2024,947929,FW
2023-2024,965265,DF
2023-2024,249929,FW
2023-2024,826064,FW
2023-2024,187433,FW
2023-2024,43443,DF
2023-2024,875360,DF
2023-2024,901850,MF
2023-2024,892673,MF
2023-2024,1032022,FW
2023-2024,1126779,FW
2023-2024,110846,DF
2023-2024,838399,DF
2023-2024,1493216,Def_MF
2023-2024,769333,FW
2023-2024,1153265,Off_MF
2023-2024,122578,MF
2023-2024,974863,MF
2023-2024,39733,FW
2023-2024,14942,MF
2023-2024,191176,FW
2023-2024,341589,MF
2023-2024,859266,DF
2023-2024,46799,MF
2023-2024,996985,FW
2023-2024,944973,DF
2023-2024,963801,Off_MF
2023-2024,41837,MF
2023-2024,15444,DF
2023-2024,1017915,DF
2023-2024,927030,FW
2023-2024,122702,FW
2023-2024,51785,Off_MF
2023-2024,862773,MF
2023-2024,1382235,FW
2023-2024,801263,FW
2023-2024,1129751,DF
2023-2024,1142248,FW
2023-2024,1217613,FW
2023-2024,1085081,MF
2023-2024,1586875,MF
2023-2024,974577,FW
2023-2024,984624,Off_MF
2023-2024,973556,Off_MF
2023-2024,934238,MF
2023-2024,802138,MF
2023-2024,834986,DF
2023-2024,1002458,DF
2023-2024,100578,DF
2023-2024,280087,MF
2023-2024,918437,FW
2023-2024,790817,FW
2023-2024,141945,FW
2023-2024,822519,DF
2023-2024,1030711,DF
2023-2024,976001,Def_MF
2023-2024,944164,FW
2023-2024,796443,FW
2023-2024,355154,DF
2023-2024,931304,DF
2023-2024,822877,Off_MF
2023-2024,576438,FW
2023-2024,925220,FW
2023-2024,1099792,FW
2023-2024,942335,DF
2023-2024,798835,Off_MF
2023-2024,962378,Off_MF
2023-2024,235460,MF
2023-2024,1176744,DF
2023-2024,930135,DF
2023-2024,355072,FW
2023-2024,836694,Off_MF
2023-2024,1102504,DF
2023-2024,962883,Off_MF
2023-2024,1105331,DF
2023-2024,822518,DF
2023-2024,1386639,FW
2023-2024,1009662,DF
2023-2024,992026,MF
2023-2024,972410,MF
2023-2024,1000142,MF
2023-2024,927360,DF
2023-2024,946006,FW
2023-2024,824584,MF
2023-2024,188405,FW
2023-2024,877297,Off_MF
2023-2024,1030829,MF
2023-2024,99945,DF
2023-2024,1116388,DF
2023-2024,914412,DF
2023-2024,1095023,DF
2023-2024,187121,FW
2023-2024,557008,MF
2023-2024,1127191,MF
2023-2024,1029456,FW
2023-2024,1102503,FW
2023-2024,845272,FW
2023-2024,557166,FW
2023-2024,301288,FW
2023-2024,1154611,MF
2023-2024,1195784,FW
2023-2024,330675,DF
2023-2024,978301,MF
2023-2024,990743,FW
2023-2024,218160,Off_MF
2023-2024,1137814,MF
2023-2024,136922,DF
2023-2024,823996,DF
2023-2024,814820,Off_MF
2023-2024,932764,FW
2023-2024,1010513,Off_MF
2023-2024,1152499,DF
2023-2024,990050,DF
2023-2024,995773,FW
2023-2024,246431,FW
2023-2024,150998,FW
2023-2024,128587,DF
2023-2024,987504,FW
2023-2024,826169,DF
2023-2024,851254,DF
2023-2024,909958,FW
2023-2024,71707,Off_MF
2023-2024,962898,DF
2023-2024,897334,DF
2023-2024,827064,Off_MF
2023-2024,168861,DF
2023-2024,826293,DF
2023-2024,547838,MF
2023-2024,1087043,DF
2023-2024,32040,DF
2023-2024,801211,FW
2023-2024,962890,MF
2023-2024,190399,FW
2023-2024,979821,MF
2023-2024,839112,Off_MF
2023-2024,336851,DF
2023-2024,938270,FW
2023-2024,287659,MF
2023-2024,1035995,FW
2023-2024,865740,DF
2023-2024,845084,FW
2023-2024,886242,MF
2023-2024,558680,FW
2023-2024,954060,FW
2023-2024,845170,DF
2023-2024,997006,FW
2023-2024,132704,FW
2023-2024,1113031,Off_MF
2023-2024,1049177,Def_MF
2023-2024,965031,DF
2023-2024,1099352,FW
2023-2024,233856,DF
2023-2024,904991,DF
2023-2024,927405,Off_MF
2023-2024,21164,DF
2023-2024,855676,DF
2023-2024,791928,DF
2023-2024,1397558,DF
2023-2024,948261,Off_MF
2023-2024,1131541,DF
2023-2024,1155625,Off_MF
2023-2024,859999,DF
2023-2024,1048927,Off_MF
2023-2024,138890,FW
2023-2024,357598,FW
2023-2024,835601,FW
2023-2024,138143,Off_MF
2023-2024,1211005,MF
2023-2024,945122,Off_MF
2023-2024,76632,DF
2023-2024,106662,DF
2023-2024,893008,DF
2023-2024,355046,DF
2023-2024,14718,DF
2023-2024,802034,DF
2023-2024,845802,Off_MF
2023-2024,786259,DF
2023-2024,137978,MF
2023-2024,869888,DF
2023-2024,155449,MF
2023-2024,1031258,Off_MF
2023-2024,902657,MF
2023-2024,108736,DF
2023-2024,1019892,DF
2023-2024,836070,FW
2023-2024,795257,DF
2023-2024,1082981,Off_MF
2023-2024,347450,DF
2023-2024,164511,MF
2023-2024,859901,MF
2023-2024,997221,MF
2023-2024,139228,FW
2023-2024,781544,DF
2023-2024,814214,DF
2023-2024,139225,DF
2023-2024,966869,DF
2023-2024,1138778,DF
2023-2024,996929,DF
2023-2024,1048422,FW
2023-2024,796027,Off_MF
2023-2024,21626,Off_MF
2023-2024,39480,DF
2023-2024,976575,Def_MF
2023-2024,1063237,DF
2023-2024,869131,FW
2023-2024,1120669,MF
2023-2024,84854,DF
2023-2024,1082968,FW
2023-2024,260097,DF
2023-2024,826884,FW
2023-2024,190159,FW
2023-2024,316406,Off_MF
2023-2024,831424,DF
2023-2024,984926,MF
2023-2024,1184317,DF
2023-2024,841854,FW
2023-2024,548050,DF
2023-2024,1013928,DF
2023-2024,143344,DF
2023-2024,210082,DF
2023-2024,901885,DF
2023-2024,902019,FW
2023-2024,1012172,Off_MF
2023-2024,298920,MF
2023-2024,385330,MF
2023-2024,129861,DF
2023-2024,1392812,MF
2023-2024,113920,DF
2023-2024,146500,DF
2023-2024,1008402,DF
2023-2024,883156,Off_MF
2023-2024,856737,Off_MF
2023-2024,1129360,DF
2023-2024,839226,FW
2023-2024,846081,Off_MF
2023-2024,802695,DF
2023-2024,148566,FW
2023-2024,1048820,DF
2023-2024,158235,DF
2023-2024,1154935,Off_MF
2023-2024,34120,FW
2023-2024,879694,MF
2023-2024,1049526,FW
2023-2024,100580,FW
2023-2024,354808,FW
2023-2024,831677,DF
2023-2024,110950,FW
2023-2024,352544,FW
2023-2024,169549,FW
2023-2024,794950,Off_MF
2023-2024,250501,DF
2023-2024,791,DF
2023-2024,980732,DF
2023-2024,960006,MF
2023-2024,1463265,FW
2023-2024,51501,DF
2023-2024,810535,FW
2023-2024,1136730,DF
2023-2024,983066,DF
2023-2024,977679,FW
2023-2024,1088565,MF
2023-2024,252863,Off_MF
2023-2024,826186,DF
2023-2024,1122603,FW
2023-2024,996820,MF
2023-2024,316148,MF
2023-2024,780014,DF
2023-2024,40323,DF
2023-2024,802143,DF
2023-2024,341143,FW
2023-2024,352802,MF
2023-2024,21927,FW
2023-2024,129927,FW
2023-2024,822933,DF
2023-2024,855647,FW
2023-2024,40965,MF
2023-2024,32048,FW
2023-2024,756344,Off_MF
2023-2024,330705,Off_MF
2023-2024,363774,DF
2023-2024,232306,FW
2023-2024,1194333,DF
2023-2024,1136731,DF
2023-2024,940393,DF
2023-2024,996919,DF
2023-2024,954888,FW
2023-2024,785468,DF
2023-2024,35428,FW
2023-2024,920379,DF
2023-2024,982613,MF
2023-2024,987490,DF
2023-2024,839909,MF
2023-2024,846446,MF
2023-2024,846308,DF
2023-2024,26989,FW
2023-2024,804613,DF
2023-2024,97926,DF
2023-2024,1105779,MF
2023-2024,105697,DF
2023-2024,857178,MF
2023-2024,864898,FW
2023-2024,606346,DF
2023-2024,814882,MF
2023-2024,807291,DF
2023-2024,907072,Off_MF
2023-2024,1471683,DF
2023-2024,825901,FW
2023-2024,17054,Off_MF
2023-2024,581314,MF
2023-2024,975937,FW
2023-2024,822163,DF
2023-2024,945798,DF
2023-2024,123976,MF
2023-2024,867575,DF
2023-2024,1063235,FW
2023-2024,58351,DF
2023-2024,965943,MF
2023-2024,997280,FW
2023-2024,190877,DF
2023-2024,860435,MF
2023-2024,1142315,DF
2023-2024,970938,DF
2023-2024,569556,Off_MF
2023-2024,96369,FW
2023-2024,1391375,Off_MF
2023-2024,319129,FW
2023-2024,1156353,Off_MF
2023-2024,1090458,FW
2023-2024,359640,FW
2023-2024,865523,FW
2023-2024,1463508,FW
2023-2024,996951,DF
2023-2024,138833,FW
2023-2024,1142673,Off_MF
2023-2024,886286,DF
2023-2024,929163,FW
2023-2024,794861,DF
2023-2024,991478,Off_MF
2023-2024,949062,FW
2023-2024,875548,Off_MF
2023-2024,906275,DF
2023-2024,98212,DF
2023-2024,894863,FW
2023-2024,830551,DF
2023-2024,558320,DF
2023-2024,576276,DF
2023-2024,40672,MF
2023-2024,988252,DF
2023-2024,129451,MF
2023-2024,150396,DF
2023-2024,940054,FW
2023-2024,914691,DF
2023-2024,914213,FW
2023-2024,991584,DF
2023-2024,886534,Off_MF
2023-2024,906047,MF
2023-2024,161325,FW
2023-2024,877842,DF
2023-2024,132874,MF
2023-2024,922928,DF
2023-2024,280631,FW
2023-2024,1444690,MF
2023-2024,1155226,DF
2023-2024,769163,FW
2023-2024,1012383,Off_MF
2023-2024,829296,FW
2023-2024,824130,FW
2023-2024,1048014,FW
2023-2024,69416,MF
2023-2024,791355,FW
2023-2024,1157713,DF
2023-2024,1396445,MF
2023-2024,359272,MF
2023-2024,964153,DF
2023-2024,1191153,MF
2023-2024,122943,DF
2023-2024,1103693,MF
2023-2024,976037,DF
2023-2024,799195,DF
2023-2024,851100,FW
2023-2024,965264,DF
2023-2024,982601,DF
2023-2024,220223,FW
2023-2024,383314,DF
2023-2024,280979,FW
2023-2024,987489,FW
2023-2024,826134,DF
2023-2024,1149011,FW
2023-2024,1015287,DF
2023-2024,835600,Off_MF
2023-2024,609206,DF
2023-2024,845273,Off_MF
2023-2024,190839,DF
2023-2024,795000,DF
2023-2024,845693,FW
2023-2024,286087,DF
2023-2024,82943,DF
2023-2024,794948,Off_MF
2023-2024,984184,DF
2023-2024,112928,DF
2023-2024,991200,DF
2023-2024,1216282,Off_MF
2023-2024,845742,MF
2023-2024,848080,DF
2023-2024,1512339,DF
2023-2024,1009268,DF
2023-2024,964174,DF
2023-2024,560116,FW
2023-2024,113956,FW
2023-2024,794294,DF
2023-2024,295973,FW
2023-2024,839493,DF
2023-2024,836706,Off_MF
2023-2024,1020141,DF
2023-2024,791190,MF
2023-2024,1108441,DF
2023-2024,189061,FW
2023-2024,873049,Off_MF
2023-2024,991479,DF
2023-2024,1083410,MF
2023-2024,929806,MF
2023-2024,295133,DF
2023-2024,875295,DF
2023-2024,1104986,Off_MF
2023-2024,284363,FW
2023-2024,857671,MF
2023-2024,1005343,FW
2023-2024,893062,DF
2023-2024,822470,FW
2023-2024,915812,Off_MF
2023-2024,858911,Off_MF
2023-2024,227862,FW
2023-2024,794937,Off_MF
2023-2024,907463,MF
2023-2024,575952,FW
2023-2024,1154687,DF
2023-2024,843132,Off_MF
2023-2024,259995,DF
2023-2024,1387157,FW
2023-2024,1095731,MF
2023-2024,1131339,DF
2023-2024,581146,FW
2023-2024,994546,Off_MF
2023-2024,82474,MF
2023-2024,294593,DF
2023-2024,603738,DF
2023-2024,983540,FW
2023-2024,577726,DF
2023-2024,843754,Def_MF
2023-2024,946158,DF
2023-2024,1008849,MF
2023-2024,964119,DF
2023-2024,1018190,FW
2023-2024,1402217,DF
2023-2024,359664,FW
2023-2024,999070,FW
2023-2024,111803,DF
2023-2024,344129,FW
2023-2024,1493689,FW
2023-2024,337671,Off_MF
2023-2024,1048888,FW
2023-2024,796206,MF
2023-2024,123166,MF
2023-2024,888219,Off_MF
2023-2024,966547,FW
2023-2024,904759,DF
2023-2024,1979970,DF
2023-2024,1067204,Off_MF
2023-2024,1140599,FW
2023-2024,978562,Off_MF
2023-2024,142231,DF
2023-2024,1143547,FW
2023-2024,873189,DF
2023-2024,280609,FW
2023-2024,352562,DF
2023-2024,152077,DF
2023-2024,1469500,DF
2023-2024,254125,DF
2023-2024,828077,MF
2023-2024,797306,DF
2023-2024,976381,FW
2023-2024,825133,DF
2023-2024,151581,DF
2023-2024,754710,FW
2023-2024,153444,DF
2023-2024,858194,FW
2023-2024,856062,MF
2023-2024,1426228,FW
2023-2024,814589,DF
2023-2024,26404,DF
2023-2024,229544,DF
2023-2024,812946,FW
2023-2024,832427,MF
2023-2024,94758,DF
2023-2024,901470,DF
2023-2024,1086455,FW
2023-2024,187423,DF
2023-2024,580512,DF
2023-2024,387116,MF
2023-2024,893640,FW
2023-2024,789886,MF
2023-2024,1010223,Off_MF
2023-2024,965009,FW
2023-2024,27035,FW
2023-2024,867583,FW
2023-2024,892624,MF
2023-2024,877201,FW
2023-2024,361004,Off_MF
2023-2024,122810,DF
2023-2024,280441,FW
2023-2024,356352,DF
2023-2024,1084399,FW
2023-2024,797290,DF
2023-2024,1407848,DF
2023-2024,858195,DF
2023-2024,754698,DF
2023-2024,904897,Off_MF
2023-2024,371222,MF
2023-2024,861317,MF
2023-2024,822110,DF
2023-2024,823631,FW
2023-2024,1103548,DF
2023-2024,966441,DF
2023-2024,556904,MF
2023-2024,1049515,DF
2023-2024,309156,FW
2023-2024,51640,FW
2023-2024,169249,DF
2023-2024,2322979,DF
2023-2024,873717,MF
2023-2024,1405239,FW
2023-2024,896073,DF
2023-2024,848355,DF
2023-2024,105734,MF
2023-2024,960080,FW
2023-2024,216308,DF
2023-2024,606164,FW
2023-2024,1064080,MF
2023-2024,319861,Off_MF
2023-2024,792311,DF
2023-2024,816763,FW
2023-2024,804434,DF
2023-2024,143047,DF
2023-2024,823733,MF
2023-2024,807648,DF
2023-2024,1084381,Off_MF
2023-2024,989371,MF
2023-2024,580550,DF
2023-2024,158615,MF
2023-2024,66492,DF
2023-2024,147775,DF
2023-2024,280991,Off_MF
2023-2024,825956,Off_MF
2023-2024,998241,DF
2023-2024,885864,MF
2023-2024,856123,DF
2023-2024,798002,MF
2023-2024,805245,FW
2023-2024,254119,DF
2023-2024,146101,DF
2023-2024,927353,MF
2023-2024,1010421,DF
2023-2024,807295,DF
2023-2024,1153083,Off_MF
2023-2024,197848,DF
2023-2024,21535,DF
2023-2024,113409,Off_MF
2023-2024,324353,Off_MF
2023-2024,891346,DF
2023-2024,963198,DF
2023-2024,1010655,DF
2023-2024,906278,DF
2023-2024,795005,MF
2023-2024,1048366,DF
2023-2024,831400,FW
2023-2024,117794,DF
2023-2024,139273,DF
2023-2024,218616,Off_MF
2023-2024,980623,FW
2023-2024,372336,FW
2023-2024,1003339,DF
2023-2024,363792,DF
2023-2024,246999,DF
2023-2024,49805,Off_MF
2023-2024,911851,Off_MF
2023-2024,231946,Off_MF
2023-2024,784655,MF
2023-2024,847030,DF
2023-2024,1106257,DF
2023-2024,136322,DF
2023-2024,1400650,MF
2023-2024,857772,MF
2023-2024,147368,FW
2023-2024,99546,DF
2023-2024,873534,DF
2023-2024,34221,MF
2023-2024,21608,Off_MF
2023-2024,123264,MF
2023-2024,991421,MF
2023-2024,47992,Off_MF
2023-2024,855833,FW
2023-2024,877302,Off_MF
2023-2024,360396,DF
2023-2024,844203,FW
2023-2024,135264,FW
2023-2024,142568,DF
2023-2024,168985,MF
2023-2024,70996,Off_MF
2023-2024,932628,MF
2023-2024,837205,MF
2023-2024,1142251,MF
2023-2024,1066045,Off_MF
2023-2024,1014835,DF
2023-2024,790833,Off_MF
2023-2024,880742,MF
2023-2024,1106451,FW
2023-2024,217770,DF
2023-2024,1012179,Off_MF
2023-2024,989803,Off_MF
2023-2024,229598,DF
2023-2024,1002033,DF
2023-2024,1009334,DF
2023-2024,927175,DF
2023-2024,851150,DF
2023-2024,943645,DF
2023-2024,366592,DF
2023-2024,1084081,DF
2023-2024,157377,DF
2023-2024,805465,DF
2023-2024,1103079,DF
2023-2024,848458,FW
2023-2024,924205,FW
2023-2024,809276,Off_MF
2023-2024,1134758,DF
2023-2024,44241,MF
2023-2024,982316,DF
2023-2024,76132,FW
2023-2024,928104,DF
2023-2024,855810,DF
2023-2024,15004,Def_MF
2023-2024,327863,DF
2023-2024,927407,DF
2023-2024,966836,FW
2023-2024,164171,FW
2023-2024,976263,DF
2023-2024,576266,DF
2023-2024,187437,FW
2023-2024,973431,Off_MF
2023-2024,834308,DF
2023-2024,43905,FW
2023-2024,871706,FW
2023-2024,795002,MF
2023-2024,146852,FW
2023-2024,377512,DF
2023-2024,137774,DF
2023-2024,826195,DF
2023-2024,978838,FW
2023-2024,1082953,MF
2023-2024,560128,MF
2023-2024,367228,FW
2023-2024,975800,FW
2023-2024,994197,FW
2023-2024,1102502,DF
2023-2024,1138804,FW
2023-2024,148588,MF
2023-2024,330099,DF
2023-2024,1137730,MF
2023-2024,578560,DF
2023-2024,791642,DF
2023-2024,82555,MF
2023-2024,1034303,DF
2023-2024,173883,DF
2023-2024,1109771,MF
2023-2024,36982,DF
2023-2024,901892,MF
2023-2024,150477,Off_MF
2023-2024,941179,DF
2023-2024,1117223,DF
2023-2024,825861,Off_MF
2023-2024,149593,MF
2023-2024,148899,DF
2023-2024,827804,Off_MF
2023-2024,1015240,DF
2023-2024,1048889,Off_MF
2023-2024,980634,DF
2023-2024,149735,MF
2023-2024,327755,MF
2023-2024,855830,MF
2023-2024,937324,MF
2023-2024,268903,FW
2023-2024,48660,DF
2023-2024,281277,DF
2023-2024,958380,FW
2023-2024,1199043,MF
2023-2024,365802,MF
2023-2024,325355,DF
2023-2024,990169,MF
2023-2024,143334,DF
2023-2024,923000,DF
2023-2024,913695,DF
2023-2024,352376,Def_MF
2023-2024,43215,DF
2023-2024,904827,DF
2023-2024,846356,Off_MF
2023-2024,1069244,FW
2023-2024,105905,MF
2023-2024,989276,DF
2023-2024,149479,Def_MF
2023-2024,117373,FW
2023-2024,3504,FW
2023-2024,1170560,DF
2023-2024,930272,MF
2023-2024,876858,FW
2023-2024,845930,DF
2023-2024,37630,Off_MF
2023-2024,911350,FW
2023-2024,142672,DF
2023-2024,378340,DF
2023-2024,148710,FW
2023-2024,955245,Off_MF
2023-2024,1121333,MF
2023-2024,138387,FW
2023-2024,27569,DF
2023-2024,212074,FW
2023-2024,930191,FW
2023-2024,343971,FW
2023-2024,317301,MF
2023-2024,163673,DF
2023-2024,84251,MF
2023-2024,1117025,FW
2023-2024,960114,DF
2023-2024,282665,DF
2023-2024,999231,FW
2023-2024,831005,FW
2023-2024,995671,FW
2023-2024,996952,FW
2023-2024,825740,MF
2023-2024,116955,MF
2023-2024,993211,FW
2023-2024,138310,DF
2023-2024,787540,Off_MF
2023-2024,797286,DF
2023-2024,910046,DF
2023-2024,1127590,MF
2023-2024,958982,FW
2023-2024,997035,DF
2023-2024,798147,DF
2023-2024,942834,FW
2023-2024,21949,FW
2023-2024,905352,FW
2023-2024,796372,DF
2023-2024,856495,MF
2023-2024,962409,FW
2023-2024,794995,Def_MF
2023-2024,930231,DF
2023-2024,909318,FW
2023-2024,803031,DF
2023-2024,30144,DF
2023-2024,192442,FW
2023-2024,985262,DF
2023-2024,548660,Off_MF
2023-2024,851271,DF
2023-2024,124737,DF
2023-2024,973838,DF
2023-2024,1001867,MF
2023-2024,859024,MF
2023-2024,949707,DF
2023-2024,255239,DF
2023-2024,920542,FW
2023-2024,934510,FW
2023-2024,151499,FW
2023-2024,84972,FW
2023-2024,21555,DF
2023-2024,825719,DF
2023-2024,7635,MF
2023-2024,966862,FW
2023-2024,914014,MF
2023-2024,253367,FW
2023-2024,826167,DF
2023-2024,877037,FW
2023-2024,352768,DF
2023-2024,1016810,FW
2023-2024,319853,DF
2023-2024,139310,DF
2023-2024,1169436,FW
2023-2024,870360,DF
2023-2024,100637,MF
2023-2024,972421,FW
2023-2024,1153270,Off_MF
2023-2024,845286,FW
2023-2024,1173172,DF
2023-2024,1012409,MF
2023-2024,789071,Off_MF
2023-2024,1197153,MF
2023-2024,290927,FW
2023-2024,949722,MF
2023-2024,826205,DF
2023-2024,913942,Off_MF
2023-2024,807301,FW
2023-2024,788216,DF
2023-2024,972886,DF
2023-2024,16701,MF
2023-2024,291695,DF
2023-2024,358218,DF
2023-2024,799054,MF
2023-2024,758168,DF
2023-2024,978150,DF
2023-2024,96544,MF
2023-2024,917087,FW
2023-2024,897291,DF
2023-2024,1009363,DF
2023-2024,1000366,MF
2023-2024,992587,MF
2023-2024,72998,FW
2023-2024,1064082,Off_MF
2023-2024,794839,FW
2023-2024,983815,MF
2023-2024,791566,Off_MF
2023-2024,785418,DF
2023-2024,797691,MF
2023-2024,884948,FW
2023-2024,229740,DF
2023-2024,1002837,DF
2023-2024,936849,FW
2023-2024,970978,DF
2023-2024,82566,MF
2023-2024,840217,FW
2023-2024,165413,FW
2023-2024,1023091,Off_MF
2023-2024,871765,MF
2023-2024,988037,DF
2023-2024,829022,DF
2023-2024,118179,DF
2023-2024,818244,Off_MF
2023-2024,1089108,Off_MF
2023-2024,909485,Off_MF
2023-2024,940886,DF
2023-2024,168937,DF
2023-2024,879349,FW
2023-2024,914487,DF
2023-2024,788977,MF
2023-2024,1131540,DF
2023-2024,96370,Off_MF
2023-2024,993455,MF
2023-2024,990201,FW
2023-2024,822708,MF
2023-2024,934383,DF
2023-2024,986397,FW
2023-2024,846445,FW
2023-2024,984014,MF
2023-2024,989113,DF
2023-2024,316152,FW
2023-2024,359742,MF
2023-2024,844480,DF
2023-2024,76178,DF
2023-2024,1116954,DF
2023-2024,155995,DF
2023-2024,939830,FW
2023-2024,1136896,DF
2023-2024,132149,DF
2023-2024,851671,FW
2023-2024,828239,DF
2023-2024,195850,MF
2023-2024,226958,DF
2023-2024,794338,MF
2023-2024,835485,FW
2023-2024,978521,FW
2023-2024,260031,FW
2023-2024,900003,FW
2023-2024,136710,MF
2023-2024,788061,FW
2023-2024,930245,FW
2023-2024,795228,FW
2023-2024,966679,FW
2023-2024,909966,FW
2023-2024,1142588,MF
2023-2024,1402913,DF
2023-2024,865167,DF
2023-2024,862697,DF
2023-2024,934351,DF
2023-2024,595900,MF
2023-2024,54308,DF
2023-2024,974087,MF
2023-2024,806076,FW
2023-2024,793988,MF
2023-2024,1397168,DF
2023-2024,254449,DF
2023-2024,1128530,MF
2023-2024,785518,DF
2023-2024,805078,DF
2023-2024,340719,FW
2023-2024,255999,MF
2023-2024,787889,MF
2023-2024,826215,DF
2023-2024,958966,FW
2023-2024,111969,MF
2023-2024,1010726,FW
2023-2024,16632,DF
2023-2024,136924,DF
2023-2024,53739,DF
2023-2024,865651,FW
2023-2024,880765,FW
2023-2024,1069703,DF
2023-2024,1188191,FW
2023-2024,91046,DF
2023-2024,548178,MF
2023-2024,219572,DF
2023-2024,106496,DF
2023-2024,592012,FW
2023-2024,1015256,FW
2023-2024,863133,FW
2023-2024,934386,FW
2023-2024,790989,DF
2023-2024,953097,DF
2023-2024,346676,DF
2023-2024,37092,Off_MF
2023-2024,823476,MF
2023-2024,1097719,DF
2023-2024,328109,MF
2023-2024,217784,DF
2023-2024,1130939,Off_MF
2023-2024,934409,DF
2023-2024,985923,MF
2023-2024,933398,DF
2023-2024,826004,MF
2023-2024,231776,MF
2023-2024,225092,DF
2023-2024,352668,DF
2023-2024,914309,FW
2023-2024,1047296,FW
2023-2024,842212,FW
2023-2024,1014286,DF
2023-2024,355528,FW
2023-2024,331737,MF
2023-2024,869644,DF
2023-2024,1086286,MF
2023-2024,879746,DF
2023-2024,1154605,Off_MF
2023-2024,1064842,MF
2023-2024,187205,DF
2023-2024,76265,DF
2023-2024,169255,MF
2023-2024,798926,DF
2023-2024,795222,MF
2023-2024,1050692,DF
2023-2024,254297,FW
2023-2024,842513,DF
2023-2024,927356,DF
2023-2024,1084730,Off_MF
2023-2024,759520,DF
2023-2024,1090694,DF
2023-2024,1198075,Off_MF
2023-2024,829093,MF
2023-2024,318657,MF
2023-2024,944225,DF
2023-2024,329563,Off_MF
2023-2024,48557,DF
2023-2024,957279,FW
2023-2024,862967,FW
2023-2024,135666,FW
2023-2024,165583,DF
2023-2024,45923,FW
2023-2024,826204,MF
2023-2024,843678,MF
2023-2024,149380,DF
2023-2024,35166,Off_MF
2023-2024,1049517,MF
2023-2024,800408,MF
2023-2024,988203,DF
2023-2024,800349,DF
2023-2024,372342,DF
2023-2024,910024,FW
2023-2024,187207,MF
2023-2024,913679,MF
2023-2024,814360,DF
2023-2024,273405,DF
2023-2024,787505,DF
2023-2024,827942,DF
2023-2024,44577,DF
2023-2024,802142,FW
2023-2024,111483,FW
2023-2024,877013,FW
2023-2024,942840,MF
2023-2024,69418,FW
2023-2024,980410,MF
2023-2024,15466,MF
2023-2024,168903,MF
2023-2024,41013,DF
2023-2024,979315,FW
2023-2024,800417,DF
2023-2024,934237,FW
2023-2024,962029,FW
2023-2024,352486,Off_MF
2023-2024,262911,DF
2023-2024,33902,FW
2023-2024,846147,DF
2023-2024,47772,FW
2023-2024,962408,DF
2023-2024,316170,MF
2023-2024,1082797,DF
2023-2024,983059,DF
2023-2024,148824,FW
2023-2024,997103,DF
2023-2024,188365,DF
2023-2024,377302,DF
2023-2024,985934,MF
2023-2024,796987,MF
2023-2024,979128,Off_MF
2023-2024,369674,DF
2023-2024,792073,DF
2023-2024,287643,DF
2023-2024,143040,MF
2023-2024,1096210,DF
2023-2024,929199,DF
2023-2024,339231,DF
2023-2024,1006189,DF
2023-2024,152420,DF
2023-2024,45925,FW
2023-2024,343067,MF
2023-2024,68332,DF
2023-2024,920525,DF
2023-2024,985933,DF
2023-2024,357752,DF
2023-2024,921789,DF
2023-2024,138573,Off_MF
2023-2024,69404,DF
2023-2024,1009372,FW
2023-2024,996958,DF
2023-2024,928672,DF
2023-2024,1010231,Off_MF
2023-2024,1146250,DF
2023-2024,224456,DF
2023-2024,109461,DF
2023-2024,798583,DF
2023-2024,339909,DF
2023-2024,800951,DF
2023-2024,345035,FW
2023-2024,944327,FW
2023-2024,355492,DF
2023-2024,809034,MF
2023-2024,984789,DF
2023-2024,986352,MF
2023-2024,863653,DF
2023-2024,803039,FW
2023-2024,794939,DF
2023-2024,796032,DF
2023-2024,809219,DF
2023-2024,318927,DF
2023-2024,351140,FW
2023-2024,330051,FW
2023-2024,1017649,FW
2023-2024,187313,MF
2023-2024,818406,DF
2023-2024,933426,MF
2023-2024,227922,DF
2023-2024,793645,FW
2023-2024,1170197,DF
2023-2024,895592,MF
2023-2024,996911,DF
2023-2024,826171,Def_MF
2023-2024,848185,MF
2023-2024,976141,MF
2023-2024,800444,DF
2023-2024,1012444,FW
2023-2024,914765,MF
2023-2024,796279,DF
2023-2024,1014222,DF
2023-2024,186845,MF
2023-2024,188407,FW
2023-2024,965828,DF
2023-2024,973437,DF
2023-2024,50480,FW
2023-2024,126588,DF
2023-2024,604232,DF
2023-2024,973887,MF
2023-2024,279563,MF
2023-2024,791048,DF
2023-2024,842709,Off_MF
2023-2024,827522,Off_MF
2023-2024,27014,MF
2023-2024,976401,DF
2023-2024,1003334,Off_MF
2023-2024,790179,FW
2023-2024,822600,MF
2023-2024,844744,DF
2023-2024,993451,FW
2023-2024,576384,DF
2023-2024,128285,DF
2023-2024,245615,DF
2023-2024,39718,MF
2023-2024,252857,FW
2023-2024,1202024,FW
2023-2024,355088,Off_MF
2023-2024,151138,DF
2023-2024,920680,DF
2023-2024,609752,MF
2023-2024,142525,DF
2023-2024,1000442,MF
2023-2024,892430,DF
2023-2024,831799,DF
2023-2024,1119586,MF
2023-2024,867442,FW
2023-2024,960401,FW
2023-2024,877102,DF
2023-2024,855829,DF
2023-2024,122701,FW
2023-2024,189135,MF
2023-2024,555540,Off_MF
2023-2024,988632,Off_MF
2023-2024,914755,MF
2023-2024,868812,FW
2023-2024,973536,FW
2023-2024,855831,DF
2023-2024,132318,DF
2023-2024,253415,DF
2023-2024,541578,DF
2023-2024,137673,DF
2023-2024,1094106,DF
2023-2024,106337,MF
2023-2024,1142211,MF
2023-2024,901891,FW
2023-2024,232224,MF
2023-2024,944165,Off_MF
2023-2024,193554,MF
2023-2024,824200,FW
2023-2024,901907,FW
2023-2024,879346,MF
2023-2024,921033,FW
2023-2024,125407,FW
2023-2024,149730,FW
2023-2024,352370,DF
2023-2024,905264,DF
2023-2024,1192318,Off_MF
2023-2024,192308,FW
2023-2024,901325,FW
2023-2024,142259,DF
2023-2024,1130602,FW
2023-2024,982327,MF
2023-2024,851596,Off_MF
2023-2024,130433,DF
2023-2024,1503836,FW
2023-2024,227224,DF
2023-2024,579576,DF
2023-2024,1142175,MF
2023-2024,138605,Off_MF
2023-2024,344751,MF
2023-2024,876600,FW
2023-2024,41157,FW
2023-2024,848537,DF
2023-2024,84531,DF
2023-2024,814594,DF
2023-2024,846425,MF
2023-2024,333373,FW
2023-2024,980406,DF
2023-2024,1000150,FW
2023-2024,878938,MF
2023-2024,894396,FW
2023-2024,138156,Def_MF
2023-2024,990550,FW
2023-2024,904994,Off_MF
2023-2024,293581,FW
2023-2024,846492,Off_MF
2023-2024,256219,FW
2023-2024,927083,FW
2023-2024,133908,MF
2023-2024,1142672,MF
2023-2024,872919,Off_MF
2023-2024,868715,DF
2023-2024,250133,Off_MF
2023-2024,135116,DF
2023-2024,368120,MF
2023-2024,896569,DF
2023-2024,1097425,DF
2023-2024,123223,FW
2023-2024,1111640,MF
2023-2024,966801,Off_MF
2023-2024,252215,FW
2023-2024,138534,FW
2023-2024,186795,DF
2023-2024,847128,MF
2023-2024,39183,DF
2023-2024,595576,Off_MF
2023-2024,122951,Def_MF
2023-2024,822471,FW
2023-2024,825845,Off_MF
2023-2024,826057,DF
2023-2024,842188,MF
2023-2024,309546,FW
2023-2024,794927,MF
2023-2024,575852,Off_MF
2023-2024,965014,DF
2023-2024,859025,Def_MF
2023-2024,846252,MF
2023-2024,257091,DF
2023-2024,233826,DF
2023-2024,849309,Off_MF
2023-2024,814023,DF
2023-2024,99545,DF
2023-2024,138126,DF
2023-2024,925097,DF
2023-2024,367056,FW
2023-2024,933707,Def_MF
2023-2024,873551,FW
2023-2024,801837,DF
2023-2024,11869,DF
2023-2024,149370,MF
2023-2024,804472,MF
2023-2024,856553,DF
2023-2024,856729,DF
2023-2024,1035986,FW
2023-2024,922573,FW
2023-2024,916041,Off_MF
2023-2024,798936,DF
2023-2024,877994,DF
2023-2024,882592,MF
2023-2024,960441,FW
2023-2024,3041,DF
2023-2024,123229,MF
2023-2024,344847,DF
2023-2024,149663,DF
2023-2024,153218,DF
2023-2024,840414,DF
2023-2024,975079,FW
2023-2024,71952,DF
2023-2024,997203,Off_MF
2023-2024,924871,FW
2023-2024,227900,DF
2023-2024,869883,MF
2023-2024,838907,FW
2023-2024,966637,Off_MF
2023-2024,190437,MF
2023-2024,1012650,DF
2023-2024,319735,Off_MF
2023-2024,31417,FW
2023-2024,886243,DF
2023-2024,864921,Off_MF
2023-2024,792122,MF
2023-2024,1137431,DF
2023-2024,893998,DF
2023-2024,843665,DF
2023-2024,794962,DF
2023-2024,859026,FW
2023-2024,821728,DF
2023-2024,66518,MF
2023-2024,284441,Off_MF
2023-2024,808590,Off_MF
2023-2024,844842,MF
2023-2024,1002711,MF
2023-2024,999030,DF
2023-2024,249399,MF
2023-2024,284361,DF
2023-2024,1048333,FW
2023-2024,874705,DF
2023-2024,804621,MF
2023-2024,149606,DF
2023-2024,234230,Off_MF
2023-2024,886930,DF
2023-2024,1085180,FW
2023-2024,883262,DF
2023-2024,255973,DF
2023-2024,794298,FW
2023-2024,541426,MF
2023-2024,96365,MF
2023-2024,923973,MF
2023-2024,964154,Off_MF
2023-2024,931844,DF
2023-2024,1063373,DF
2023-2024,1142679,Off_MF
2023-2024,877371,MF
2023-2024,1004505,FW
2023-2024,788949,DF
2023-2024,869856,Off_MF
2023-2024,934354,FW
2023-2024,841947,Off_MF
2023-2024,856065,FW
2023-2024,839585,MF
2023-2024,904832,MF
2023-2024,588566,MF
2023-2024,997012,Off_MF
2023-2024,369650,DF
2023-2024,537552,Off_MF
2023-2024,829643,MF
2023-2024,811629,MF
2023-2024,108484,DF
2023-2024,155818,Off_MF
2023-2024,895576,FW
2023-2024,786186,FW
2023-2024,907668,MF
2023-2024,917485,FW
2023-2024,788255,DF
2023-2024,158243,DF
2023-2024,26502,MF
2023-2024,1093695,MF
2023-2024,902029,MF
2023-2024,333261,FW
2023-2024,356398,Off_MF
2023-2024,1048650,MF
2023-2024,293519,FW
2023-2024,770677,MF
2023-2024,1087805,DF
2023-2024,945063,DF
2023-2024,954061,FW
2023-2024,253993,MF
2023-2024,100565,DF
2023-2024,833956,DF
2023-2024,288321,DF
2023-2024,999028,DF
2023-2024,139235,DF
2023-2024,318963,Off_MF
2023-2024,44566,DF
2023-2024,880218,FW
2023-2024,604954,FW
2023-2024,851282,DF
2023-2024,795064,DF
2023-2024,823622,FW
2023-2024,110783,MF
2023-2024,826643,FW
2023-2024,1086417,FW
2023-2024,830803,DF
2023-2024,1064218,DF
2023-2024,848287,DF
2023-2024,591706,MF
2023-2024,305278,DF
2023-2024,372344,FW
2023-2024,138572,DF
2023-2024,894733,MF
2023-2024,855817,FW
2023-2024,259117,MF
2023-2024,963298,FW
2023-2024,142148,DF
2023-2024,151124,MF
2023-2024,152206,DF
2023-2024,891651,DF
2023-2024,318607,DF
2023-2024,978285,DF
2023-2024,976421,DF
2023-2024,352770,FW
2023-2024,286909,DF
2023-2024,807116,DF
2023-2024,805137,DF
2023-2024,825771,DF
2023-2024,845386,FW
2023-2024,78781,Off_MF
2023-2024,67647,Off_MF
2023-2024,1402912,FW
2023-2024,879618,DF
2023-2024,799251,MF
2023-2024,142390,Off_MF
2023-2024,238612,DF
2023-2024,328027,FW
2023-2024,974505,MF
2023-2024,50027,DF
2023-2024,369866,MF
2023-2024,132645,FW
2023-2024,829570,Off_MF
2023-2024,146866,FW
2023-2024,360718,DF
2023-2024,914501,FW
2023-2024,605672,FW
2023-2024,818481,DF
2023-2024,833213,DF
2023-2024,1049775,DF
2023-2024,25506,DF
2023-2024,152813,DF
2023-2024,1110842,FW
2023-2024,226978,Off_MF
2023-2024,351434,DF
2023-2024,979144,DF
2023-2024,873106,DF
2023-2024,850891,MF
2023-2024,1002920,DF
2023-2024,69256,DF
2023-2024,184661,MF
2023-2024,957889,MF
2023-2024,830659,DF
2023-2024,942844,MF
2023-2024,1002813,DF
2023-2024,790965,DF
2023-2024,970361,DF
2023-2024,946381,FW
2023-2024,358394,MF
2023-2024,1389846,MF
2023-2024,823941,FW
2023-2024,98440,DF
2023-2024,52663,DF
2023-2024,216222,MF
2023-2024,794412,MF
2023-2024,1085400,FW
2023-2024,826188,DF
2023-2024,814590,FW
2023-2024,928236,DF
2023-2024,170887,DF
2023-2024,1006489,DF
2023-2024,36784,Off_MF
2023-2024,10589,DF
2023-2024,857740,DF
2023-2024,848276,FW
2023-2024,377118,DF
2023-2024,149732,MF
2023-2024,893962,Def_MF
2023-2024,887581,MF
2023-2024,887766,FW
2023-2024,795297,DF
2023-2024,362014,DF
2023-2024,50070,FW
2023-2024,345195,FW
2023-2024,186719,DF
2023-2024,986726,DF
2023-2024,1089453,DF
2023-2024,965778,DF
2023-2024,873554,FW
2023-2024,861972,DF
2023-2024,988351,MF
2023-2024,1128532,MF
2023-2024,280009,FW
2023-2024,250547,DF
2023-2024,832208,FW
2023-2024,1092409,DF
2023-2024,111416,Off_MF
2023-2024,940918,DF
2023-2024,1101232,DF
2023-2024,914477,DF
2023-2024,991011,Off_MF
2023-2024,119192,FW
2023-2024,889861,MF
2023-2024,928800,MF
2023-2024,171961,Off_MF
2023-2024,103417,Off_MF
2023-2024,830142,MF
2023-2024,310874,FW
2023-2024,964994,DF
2023-2024,931278,DF
2023-2024,49639,MF
2023-2024,166381,DF
2023-2024,591136,DF
2023-2024,998247,DF
2023-2024,985329,Off_MF
2023-2024,861324,MF
2023-2024,589620,Off_MF
2023-2024,280453,DF
2023-2024,957602,DF
2023-2024,300522,DF
2023-2024,865554,DF
2023-2024,122848,DF
2023-2024,818986,DF
2023-2024,235672,FW
2023-2024,287057,MF
2023-2024,879674,DF
2023-2024,39070,FW
2023-2024,1087364,DF
2023-2024,852404,MF
2023-2024,998253,DF
2023-2024,962012,DF
2023-2024,1019322,Off_MF
2023-2024,917048,DF
2023-2024,980624,Off_MF
2023-2024,839156,FW
2023-2024,847151,Def_MF
2023-2024,910536,FW
2023-2024,1001828,DF
2023-2024,848926,MF
2023-2024,822340,FW
2023-2024,945404,DF
2023-2024,126816,DF
2023-2024,983572,DF
2023-2024,930189,MF
2023-2024,924973,MF
2023-2024,355796,MF
2023-2024,19352,DF
2023-2024,800252,FW
2023-2024,355486,DF
2023-2024,96538,DF
2023-2024,227864,DF
2023-2024,109296,DF
2023-2024,845385,Off_MF
2023-2024,596736,DF
2023-2024,980628,FW
2023-2024,324399,Off_MF
2023-2024,855832,MF
2023-2024,835484,MF
2023-2024,184421,DF
2023-2024,979232,FW
2023-2024,913455,DF
2023-2024,37318,FW
2023-2024,886363,FW
2023-2024,984623,DF
2023-2024,812829,DF
2023-2024,858977,DF
2023-2024,895533,FW
2023-2024,350170,FW
2023-2024,965011,DF
2023-2024,1064039,DF
2023-2024,124992,DF
2023-2024,842364,DF
2023-2024,246319,MF
2023-2024,988639,Def_MF
2023-2024,864169,DF
2023-2024,590404,DF
2023-2024,191204,DF
2023-2024,78352,DF
2023-2024,979233,DF
2023-2024,787751,DF
2023-2024,876643,DF
2023-2024,920022,DF
2023-2024,345111,FW
2023-2024,346516,FW
2023-2024,791079,MF
2023-2024,282229,DF
2023-2024,592010,MF
2023-2024,905163,FW
2023-2024,307702,DF
2023-2024,846471,DF
2023-2024,309078,FW
2023-2024,372430,DF
2023-2024,945616,DF
2023-2024,805123,FW
2023-2024,84539,MF
2023-2024,857227,MF
2023-2024,825681,FW
2023-2024,1122610,MF
2023-2024,900433,FW
2023-2024,912786,MF
2023-2024,138892,DF
2023-2024,135256,MF
2023-2024,147289,MF
2023-2024,542634,DF
2023-2024,905381,FW
2023-2024,836168,DF
2023-2024,383560,DF
2023-2024,851284,FW
2023-2024,1031658,DF
2023-2024,920008,DF
2023-2024,10710,DF
2023-2024,801306,MF
2023-2024,838159,DF
2023-2024,855864,DF
2023-2024,914522,DF
2023-2024,319857,DF
2023-2024,870263,DF
2023-2024,33541,DF
2023-2024,159665,FW
2023-2024,900792,DF
2023-2024,39482,MF
2023-2024,350560,DF
2023-2024,980578,DF
2023-2024,814385,FW
2023-2024,103045,FW
2023-2024,1012176,DF
2023-2024,898815,DF
2023-2024,349794,DF
2023-2024,839956,FW
2023-2024,971005,FW
2023-2024,958901,Off_MF
2023-2024,135700,MF
2023-2024,353130,DF
2023-2024,318941,DF
2023-2024,927304,DF
2023-2024,914848,DF
2023-2024,1135873,FW
2023-2024,353138,Off_MF
2023-2024,891510,FW
2023-2024,846470,FW
2023-2024,51665,MF
2023-2024,867441,MF
2023-2024,822459,DF
2023-2024,119179,MF
2023-2024,331209,Off_MF
2023-2024,103442,DF
2023-2024,910031,Off_MF
2023-2024,827243,DF
2023-2024,39182,MF
2023-2024,976396,Def_MF
2023-2024,798820,FW
2023-2024,962364,FW
2023-2024,146853,DF
2023-2024,799216,MF
2023-2024,881931,Off_MF
2023-2024,1013842,DF
2023-2024,788921,Off_MF
2023-2024,895324,MF
2023-2024,100389,MF
2023-2024,964191,DF
2023-2024,332155,DF
2023-2024,830127,Off_MF
2023-2024,849274,MF
2023-2024,817957,FW
2023-2024,836711,FW
2023-2024,906800,MF
2023-2024,982780,FW
2023-2024,357596,Off_MF
2023-2024,800403,DF
2023-2024,914819,FW
2023-2024,285949,Off_MF
2023-2024,349526,Off_MF
2023-2024,208988,DF
2023-2024,98435,MF
2023-2024,789234,DF
2023-2024,51498,FW
2023-2024,839981,FW
2023-2024,801030,MF
2023-2024,115516,MF
2023-2024,803033,Off_MF
2023-2024,883537,FW
2023-2024,96535,FW
2023-2024,935564,FW
2023-2024,227672,DF
2023-2024,836705,Off_MF
2023-2024,255389,MF
2023-2024,329417,DF
2023-2024,138150,DF
2023-2024,1128063,DF
2023-2024,876214,DF
2023-2024,353154,MF
2023-2024,78893,FW
2023-2024,85859,FW
2023-2024,944656,Off_MF
2023-2024,1015267,MF
2023-2024,825899,DF
2023-2024,911853,DF
2023-2024,1067120,FW
2023-2024,826069,FW
2023-2024,945217,DF
2023-2024,250737,MF
2023-2024,958916,DF
2023-2024,997183,Off_MF
2023-2024,966837,MF
2023-2024,906075,DF
2023-2024,794953,DF
2023-2024,823984,FW
2023-2024,998950,Off_MF
2023-2024,928122,Off_MF
2023-2024,910267,DF
2023-2024,942116,Off_MF
2023-2024,979290,Def_MF
2023-2024,95381,Off_MF
2023-2024,1153315,DF
2023-2024,326471,MF
2023-2024,988907,DF
2023-2024,788141,MF
2023-2024,1173167,MF
2023-2024,791702,FW
2023-2024,1035988,DF
2023-2024,900008,MF
2023-2024,901882,MF
2023-2024,258325,FW
2023-2024,835480,FW
2023-2024,945062,MF
2023-2024,364612,Def_MF
2023-2024,787827,DF
2023-2024,855663,DF
2023-2024,920391,MF
2023-2024,863271,DF
2023-2024,959872,DF
2023-2024,19356,FW
2023-2024,142622,DF
2023-2024,907152,MF
2023-2024,783278,FW
2023-2024,860307,DF
2023-2024,111487,DF
2023-2024,941077,DF
2023-2024,99090,DF
2023-2024,973699,MF
2023-2024,889259,FW
2023-2024,581302,DF
2023-2024,856076,DF
2023-2024,866191,MF
2023-2024,897594,DF
2023-2024,41789,FW
2023-2024,27982,Off_MF
2023-2024,917007,FW
2023-2024,928124,FW
2023-2024,237068,Def_MF
2023-2024,156682,MF
2023-2024,44614,DF
2023-2024,158241,DF
2023-2024,152276,FW
2023-2024,67769,DF
2023-2024,973418,DF
2023-2024,387220,DF
2023-2024,287887,DF
2023-2024,178721,DF
2023-2024,869795,MF
2023-2024,35612,DF
2023-2024,177177,DF
2023-2024,37151,MF
2023-2024,548188,MF
2023-2024,787941,MF
2023-2024,929132,DF
2023-2024,311676,DF
2023-2024,1199282,DF
2023-2024,829932,DF
2023-2024,788027,DF
2023-2024,899982,Off_MF
2023-2024,1085381,FW
2023-2024,892521,DF
2023-2024,1087316,MF
2023-2024,986245,DF
2023-2024,893549,MF
2023-2024,117777,MF
2023-2024,151003,DF
2023-2024,139227,DF
2023-2024,108579,FW
2023-2024,924378,DF
2023-2024,3577,DF
2023-2024,783374,FW
2023-2024,363856,MF
2023-2024,889785,DF
2023-2024,866810,DF
2023-2024,859765,FW
2023-2024,940871,DF
2023-2024,296434,MF
2023-2024,358222,FW
2023-2024,876599,FW
2023-2024,987650,MF
2023-2024,228981,FW
2023-2024,611210,DF
2023-2024,946888,MF
2023-2024,115365,DF
2023-2024,799041,Def_MF
2023-2024,155702,FW
2023-2024,878081,FW
2023-2024,152446,DF
2023-2024,910978,DF
2023-2024,38162,FW
2023-2024,98454,DF
2023-2024,799046,DF
2023-2024,914902,FW
2023-2024,856719,DF
2023-2024,935543,Off_MF
2023-2024,827212,DF
2023-2024,831808,MF
2023-2024,322391,MF
2023-2024,932643,FW
2023-2024,837495,MF
2023-2024,967722,DF
2023-2024,569784,MF
2023-2024,934235,FW
2023-2024,792142,DF
2023-2024,828571,DF
2023-2024,798124,DF
2023-2024,945792,DF
2023-2024,827606,MF
2023-2024,1031421,MF
2023-2024,891931,MF
2023-2024,111505,FW
2023-2024,1129382,DF
2023-2024,307284,MF
2023-2024,141080,DF
2023-2024,841977,MF
2023-2024,328035,DF
2023-2024,979480,DF
2023-2024,44864,DF
2023-2024,909119,FW
2023-2024,1046795,FW
2023-2024,870211,DF
2023-2024,846036,DF
2023-2024,877978,DF
2023-2024,144606,DF
2023-2024,867887,MF
2023-2024,45853,MF
2023-2024,859773,DF
2023-2024,250223,MF
2023-2024,161717,MF
2023-2024,927361,MF
2023-2024,793167,MF
2023-2024,363860,MF
2023-2024,804909,FW
2023-2024,552884,FW
2023-2024,859027,MF
2023-2024,908716,DF
2023-2024,869792,DF
2023-2024,944899,DF
2023-2024,826185,DF
2023-2024,101882,DF
2023-2024,814873,MF
2023-2024,254429,DF
2023-2024,827679,DF
2023-2024,1144630,DF
2023-2024,826198,FW
2023-2024,252821,DF
2023-2024,913654,DF
2023-2024,547410,Off_MF
2023-2024,267619,DF
2023-2024,48480,MF
2023-2024,979563,DF
2023-2024,288205,Off_MF
2023-2024,1082406,FW
2023-2024,904970,MF
2023-2024,138024,DF
2023-2024,259339,MF
2023-2024,155997,DF
2023-2024,918440,MF
2023-2024,914178,DF
2023-2024,865912,Off_MF
2023-2024,843200,DF
2023-2024,151545,DF
2023-2024,979146,DF
2023-2024,796047,MF
2023-2024,988275,DF
2023-2024,964985,MF
2023-2024,555386,FW
2023-2024,847467,DF
2023-2024,350210,MF
2023-2024,856714,MF
2023-2024,885197,DF
2023-2024,153257,DF
2023-2024,553686,Def_MF
2023-2024,913401,DF
2023-2024,866469,MF
2023-2024,331449,MF
2023-2024,803174,DF
2023-2024,150383,MF
2023-2024,186855,MF
2023-2024,786175,DF
2023-2024,826948,MF
2023-2024,361420,FW
2023-2024,88528,DF
2023-2024,1023567,DF
2023-2024,352736,DF
2023-2024,362682,DF
2023-2024,145188,DF
2023-2024,941168,DF
2023-2024,894474,DF
2024-2025,1526535,DF
2024-2025,152420,FW
2024-2025,926995,FW
2024-2025,1897490,Off_MF
2024-2025,1121370,MF
2024-2025,881068,MF
2024-2025,871041,Def_MF
2024-2025,1410201,DF
2024-2025,1897486,Off_MF
2024-2025,1495719,DF
2024-2025,1391368,FW
2024-2025,913732,MF
2024-2025,1799984,Off_MF
2024-2025,1121330,Def_MF
2024-2025,1513466,DF
2024-2025,807301,FW
2024-2025,781544,FW
2024-2025,1130663,FW
2024-2025,1893819,DF
2024-2025,43905,FW
2024-2025,1167365,FW
2024-2025,1492462,MF
2024-2025,1482424,FW
2024-2025,1533725,FW
2024-2025,1926445,DF
2024-2025,1014085,Off_MF
2024-2025,990232,FW
2024-2025,1627806,FW
2024-2025,1134396,MF
2024-2025,1516599,FW
2024-2025,804434,DF
2024-2025,998835,FW
2024-2025,798664,Def_MF
2024-2025,1410148,MF
2024-2025,1142248,Off_MF
2024-2025,1029456,FW
2024-2025,999030,DF
2024-2025,1116580,MF
2024-2025,1539149,DF
2024-2025,1477340,FW
2024-2025,2142283,FW
2024-2025,1484675,MF
2024-2025,1948048,Off_MF
2024-2025,1169409,FW
2024-2025,1444641,DF
2024-2025,1939210,Off_MF
2024-2025,801391,Off_MF
2024-2025,335301,DF
2024-2025,1142256,FW
2024-2025,983816,MF
2024-2025,254297,Off_MF
2024-2025,2065347,DF
2024-2025,153218,DF
2024-2025,198028,Off_MF
2024-2025,1066729,FW
2024-2025,1466128,Off_MF
2024-2025,1537180,Def_MF
2024-2025,1137670,MF
2024-2025,1526925,FW
2024-2025,1894105,DF
2024-2025,1521658,MF
2024-2025,1403108,Off_MF
2024-2025,1201520,DF
2024-2025,1391825,FW
2024-2025,1215062,Off_MF
2024-2025,2026685,FW
2024-2025,886242,MF
2024-2025,2161820,DF
2024-2025,1134538,FW
2024-2025,1514747,FW
2024-2025,1402927,FW
2024-2025,1012415,DF
2024-2025,1864801,Off_MF
2024-2025,1464641,MF
2024-2025,1415436,DF
2024-2025,1165974,FW
2024-2025,1511908,DF
2024-2025,2017474,FW
2024-2025,997025,Def_MF
2024-2025,1465401,DF
2024-2025,1474846,FW
2024-2025,1092074,Off_MF
2024-2025,1900995,Off_MF
2024-2025,1177610,DF
2024-2025,1426220,DF
2024-2025,1547497,Off_MF
2024-2025,1185986,Off_MF
2024-2025,1580022,MF
2024-2025,1823916,DF
2024-2025,1563953,DF
2024-2025,951949,DF
2024-2025,966929,Off_MF
2024-2025,925220,FW
2024-2025,1428576,Def_MF
2024-2025,891920,Off_MF
2024-2025,1936455,Off_MF
2024-2025,1065216,FW
2024-2025,2034244,Def_MF
2024-2025,1177565,FW
2024-2025,957279,FW
2024-2025,171927,Off_MF
2024-2025,1487790,FW
2024-2025,1119702,MF
2024-2025,2041113,DF
2024-2025,1391487,FW
2024-2025,839309,Def_MF
2024-2025,1127191,MF
2024-2025,1596573,DF
2024-2025,1018516,Off_MF
2024-2025,1614474,Off_MF
2024-2025,1130950,FW
2024-2025,1518668,MF
2024-2025,1390614,DF
2024-2025,998928,DF
2024-2025,294641,FW
2024-2025,2032380,FW
2024-2025,368134,DF
2024-2025,15004,MF
2024-2025,1134578,MF
2024-2025,138387,DF
2024-2025,168647,MF
2024-2025,1432398,DF
2024-2025,1892528,Off_MF
2024-2025,861981,Def_MF
2024-2025,352916,DF
2024-2025,1195635,FW
2024-2025,1190938,FW
2024-2025,1129940,Off_MF
2024-2025,990210,MF
2024-2025,1899501,FW
2024-2025,1606630,FW
2024-2025,2007889,MF
2024-2025,40239,DF
2024-2025,1825909,FW
2024-2025,1545376,FW
2024-2025,1124025,FW
2024-2025,1135605,Off_MF
2024-2025,1158529,Def_MF
2024-2025,2137784,MF
2024-2025,1083404,FW
2024-2025,1158547,FW
2024-2025,308054,MF
2024-2025,1167025,FW
2024-2025,1136325,FW
2024-2025,826205,DF
2024-2025,1864760,DF
2024-2025,1185061,DF
2024-2025,1418646,Def_MF
2024-2025,1887618,Off_MF
2024-2025,1868036,Off_MF
2024-2025,1163081,MF
2024-2025,311396,Off_MF
2024-2025,1484974,FW
2024-2025,954317,Off_MF
2024-2025,1597197,FW
2024-2025,1149349,MF
2024-2025,1499180,Def_MF
2024-2025,998772,FW
2024-2025,1160559,DF
2024-2025,796279,MF
2024-2025,1145642,FW
2024-2025,1897296,FW
2024-2025,1393673,Off_MF
2024-2025,1086346,FW
2024-2025,1214990,FW
2024-2025,1893910,FW
2024-2025,2064599,FW
2024-2025,139397,Def_MF
2024-2025,1103233,FW
2024-2025,1149288,Off_MF
2024-2025,1518589,FW
2024-2025,993101,DF
2024-2025,980742,FW
2024-2025,353250,DF
2024-2025,1905699,MF
2024-2025,1145627,FW
2024-2025,369546,DF
2024-2025,1153345,FW
2024-2025,1457821,FW
2024-2025,1126588,FW
2024-2025,368146,Off_MF
2024-2025,1551013,DF
2024-2025,355088,FW
2024-2025,1901842,FW
2024-2025,2112915,MF
2024-2025,308764,Off_MF
2024-2025,1627560,Off_MF
2024-2025,1513656,FW
2024-2025,1414991,MF
2024-2025,1542697,FW
2024-2025,1462786,Off_MF
2024-2025,1418623,Off_MF
2024-2025,915280,MF
2024-2025,894477,MF
2024-2025,1082215,FW
2024-2025,330705,Off_MF
2024-2025,945063,DF
2024-2025,1605227,FW
2024-2025,1116593,Off_MF
2024-2025,981541,MF
2024-2025,1216053,Off_MF
2024-2025,1402716,FW
2024-2025,1162309,FW
2024-2025,997104,Def_MF
2024-2025,894396,FW
2024-2025,1493496,FW
2024-2025,1888501,FW
2024-2025,1089098,FW
2024-2025,1475557,Off_MF
2024-2025,117373,FW
2024-2025,25530,FW
2024-2025,89713,FW
2024-2025,1184248,FW
2024-2025,1086415,MF
2024-2025,1657026,DF
2024-2025,330675,DF
2024-2025,365992,DF
2024-2025,100580,Off_MF
2024-2025,1065214,DF
2024-2025,1127169,DF
2024-2025,1961626,MF
2024-2025,960114,DF
2024-2025,1173172,DF
2024-2025,1046150,MF
2024-2025,1841875,Off_MF
2024-2025,1895964,Def_MF
2024-2025,1597270,DF
2024-2025,39183,DF
2024-2025,1493486,DF
2024-2025,880741,DF
2024-2025,1130113,FW
2024-2025,994197,FW
2024-2025,856594,Off_MF
2024-2025,111850,FW
2024-2025,1414933,FW
2024-2025,1066045,Off_MF
2024-2025,580512,DF
2024-2025,1514800,FW
2024-2025,948250,Off_MF
2024-2025,1937750,DF
2024-2025,1426229,Off_MF
2024-2025,287659,MF
2024-2025,1536782,MF
2024-2025,995671,Off_MF
2024-2025,1001867,Off_MF
2024-2025,324399,Off_MF
2024-2025,829581,Off_MF
2024-2025,1485309,MF
2024-2025,839112,Off_MF
2024-2025,191182,Off_MF
2024-2025,187121,FW
2024-2025,1127232,DF
2024-2025,973536,FW
2024-2025,795056,Def_MF
2024-2025,1426235,FW
2024-2025,800349,DF
2024-2025,1415001,DF
2024-2025,1507454,DF
2024-2025,848279,DF
2024-2025,1064218,DF
2024-2025,1119678,DF
2024-2025,1002357,Off_MF
2024-2025,377206,DF
2024-2025,1133715,DF
2024-2025,1121578,FW
2024-2025,1168094,FW
2024-2025,186017,DF
2024-2025,1651825,DF
2024-2025,1402924,DF
2024-2025,1983195,MF
2024-2025,999276,DF
2024-2025,1129382,DF
2024-2025,1426581,MF
2024-2025,1405912,Off_MF
2024-2025,1139724,DF
2024-2025,599128,DF
2024-2025,825839,DF
2024-2025,1047296,FW
2024-2025,998830,DF
2024-2025,148710,Off_MF
2024-2025,1153083,Off_MF
2024-2025,1146132,FW
2024-2025,860435,MF
2024-2025,1484975,DF
2024-2025,1458073,DF
2024-2025,365802,Off_MF
2024-2025,845386,FW
2024-2025,1632259,MF
2024-2025,165413,Off_MF
2024-2025,1861707,FW
2024-2025,1019318,FW
2024-2025,822933,DF
2024-2025,795228,Off_MF
2024-2025,98058,Off_MF
2024-2025,1397346,FW
2024-2025,1133119,Off_MF
2024-2025,944027,FW
2024-2025,1154647,FW
2024-2025,996919,FW
2024-2025,1390489,DF
2024-2025,827606,FW
2024-2025,1031421,FW
2024-2025,907500,MF
2024-2025,1096136,FW
2024-2025,1049177,MF
2024-2025,943645,DF
2024-2025,1518974,MF
2024-2025,850035,DF
2024-2025,1891025,DF
2024-2025,1016810,DF
2024-2025,877766,FW
2024-2025,844752,DF
2024-2025,1897372,DF
2024-2025,1138040,DF
2024-2025,1195740,FW
2024-2025,1471569,FW
2024-2025,1182710,DF
2024-2025,833057,MF
2024-2025,841854,FW
2024-2025,824130,FW
2024-2025,1859949,DF
2024-2025,1010010,FW
2024-2025,1122603,FW
2024-2025,232096,MF
2024-2025,146500,DF
2024-2025,358218,DF
2024-2025,1418620,DF
2024-2025,1440673,Off_MF
2024-2025,355048,DF
2024-2025,1438837,Off_MF
2024-2025,1546405,DF
2024-2025,1142094,Off_MF
2024-2025,1198069,DF
2024-2025,107414,Off_MF
2024-2025,984623,DF
2024-2025,813070,FW
2024-2025,1496360,DF
2024-2025,1015826,Off_MF
2024-2025,940236,DF
2024-2025,962710,Off_MF
2024-2025,1016893,Off_MF
2024-2025,139310,DF
2024-2025,958966,FW
2024-2025,1019971,MF
2024-2025,961684,DF
2024-2025,1426577,Off_MF
2024-2025,1592970,FW
2024-2025,1893864,MF
2024-2025,1066042,Def_MF
2024-2025,1897295,DF
2024-2025,333373,FW
2024-2025,754698,DF
2024-2025,2150615,Def_MF
2024-2025,796672,FW
2024-2025,1513673,MF
2024-2025,933207,DF
2024-2025,1142182,DF
2024-2025,1566204,FW
2024-2025,824584,MF
2024-2025,845464,MF
2024-2025,1618563,FW
2024-2025,882019,FW
2024-2025,301288,FW
2024-2025,1403050,DF
2024-2025,791,Off_MF
2024-2025,164171,FW
2024-2025,862078,FW
2024-2025,1445799,DF
2024-2025,1804801,DF
2024-2025,1512354,Off_MF
2024-2025,1542709,Off_MF
2024-2025,886132,Off_MF
2024-2025,789958,DF
2024-2025,1153335,DF
2024-2025,253993,MF
2024-2025,1016907,FW
2024-2025,155702,FW
2024-2025,992397,DF
2024-2025,1390389,Off_MF
2024-2025,1404639,DF
2024-2025,1084356,Def_MF
2024-2025,913401,DF
2024-2025,897291,DF
2024-2025,1937795,DF
2024-2025,287057,MF
2024-2025,337671,Off_MF
2024-2025,359272,MF
2024-2025,1634349,DF
2024-2025,1958607,FW
2024-2025,791079,MF
2024-2025,1403218,DF
2024-2025,1547260,Def_MF
2024-2025,1841365,MF
2024-2025,137774,DF
2024-2025,1403061,FW
2024-2025,286087,DF
2024-2025,1000015,Off_MF
2024-2025,846148,DF
2024-2025,1863206,Off_MF
2024-2025,1498433,FW
2024-2025,844744,DF
2024-2025,1424191,DF
2024-2025,858195,DF
2024-2025,548660,MF
2024-2025,1032022,FW
2024-2025,204300,Def_MF
2024-2025,1403348,DF
2024-2025,997006,FW
2024-2025,966849,DF
2024-2025,795002,MF
2024-2025,877978,DF
2024-2025,1520771,FW
2024-2025,1110904,Def_MF
2024-2025,1087749,DF
2024-2025,836711,FW
2024-2025,928295,FW
2024-2025,76632,DF
2024-2025,877037,FW
2024-2025,326343,MF
2024-2025,822878,MF
2024-2025,957615,DF
2024-2025,862773,Off_MF
2024-2025,1397736,DF
2024-2025,1402698,Off_MF
2024-2025,1153434,Off_MF
2024-2025,40672,MF
2024-2025,1086199,DF
2024-2025,117794,DF
2024-2025,1087805,DF
2024-2025,1012657,MF
2024-2025,1154632,FW
2024-2025,1605340,MF
2024-2025,962883,FW
2024-2025,809219,DF
2024-2025,250133,Off_MF
2024-2025,836070,FW
2024-2025,1165722,Def_MF
2024-2025,1001967,DF
2024-2025,849309,FW
2024-2025,1069486,Off_MF
2024-2025,890329,FW
2024-2025,1526575,FW
2024-2025,234230,MF
2024-2025,1526618,MF
2024-2025,1152889,DF
2024-2025,280439,FW
2024-2025,999231,FW
2024-2025,842922,FW
2024-2025,873106,DF
2024-2025,1166832,FW
2024-2025,1049538,DF
2024-2025,1127823,DF
2024-2025,994556,Off_MF
2024-2025,186795,DF
2024-2025,31417,FW
2024-2025,1142566,FW
2024-2025,783126,Off_MF
2024-2025,1464648,Off_MF
2024-2025,802695,DF
2024-2025,366592,DF
2024-2025,32040,DF
2024-2025,1090681,DF
2024-2025,927312,DF
2024-2025,139256,MF
2024-2025,1136806,MF
2024-2025,794254,FW
2024-2025,861970,MF
2024-2025,802034,DF
2024-2025,1035645,DF
2024-2025,1197157,MF
2024-2025,962282,MF
2024-2025,1634980,DF
2024-2025,877842,MF
2024-2025,342911,DF
2024-2025,834986,DF
2024-2025,979043,FW
2024-2025,1012176,DF
2024-2025,143040,MF
2024-2025,1005648,DF
2024-2025,82474,MF
2024-2025,1387163,DF
2024-2025,557008,FW
2024-2025,294313,MF
2024-2025,1597260,DF
2024-2025,1090010,FW
2024-2025,1171540,FW
2024-2025,105905,MF
2024-2025,1149152,FW
2024-2025,130181,FW
2024-2025,587126,MF
2024-2025,1021087,MF
2024-2025,1394411,FW
2024-2025,352562,DF
2024-2025,796358,MF
2024-2025,904994,Off_MF
2024-2025,353130,DF
2024-2025,1015733,FW
2024-2025,951986,Off_MF
2024-2025,1004346,Off_MF
2024-2025,842709,Off_MF
2024-2025,246507,Def_MF
2024-2025,147745,FW
2024-2025,1403575,FW
2024-2025,822594,MF
2024-2025,1914318,FW
2024-2025,978301,MF
2024-2025,841947,Off_MF
2024-2025,254445,Def_MF
2024-2025,138261,FW
2024-2025,978327,FW
2024-2025,1006189,DF
2024-2025,962378,Off_MF
2024-2025,909318,FW
2024-2025,1506932,MF
2024-2025,1082981,Off_MF
2024-2025,147368,FW
2024-2025,1019321,FW
2024-2025,1400650,MF
2024-2025,989168,FW
2024-2025,1102791,DF
2024-2025,591132,FW
2024-2025,30144,DF
2024-2025,66492,DF
2024-2025,984014,MF
2024-2025,1457536,DF
2024-2025,1031567,FW
2024-2025,1407484,DF
2024-2025,1514916,FW
2024-2025,787448,FW
2024-2025,368120,MF
2024-2025,976025,DF
2024-2025,355072,FW
2024-2025,770083,FW
2024-2025,904827,DF
2024-2025,996985,FW
2024-2025,789234,DF
2024-2025,845786,FW
2024-2025,295973,FW
2024-2025,197982,DF
2024-2025,1518931,FW
2024-2025,369866,MF
2024-2025,1590918,FW
2024-2025,150396,DF
2024-2025,989899,Def_MF
2024-2025,336655,FW
2024-2025,1461595,DF
2024-2025,796081,FW
2024-2025,345035,FW
2024-2025,1020141,DF
2024-2025,1406007,FW
2024-2025,190839,DF
2024-2025,1003334,Off_MF
2024-2025,935281,FW
2024-2025,989056,Off_MF
2024-2025,795297,DF
2024-2025,868715,DF
2024-2025,1023091,Off_MF
2024-2025,336851,DF
2024-2025,1152139,DF
2024-2025,1068885,DF
2024-2025,190933,FW
2024-2025,864898,FW
2024-2025,982615,FW
2024-2025,142390,Off_MF
2024-2025,166381,DF
2024-2025,1152499,DF
2024-2025,1160957,DF
2024-2025,992331,FW
2024-2025,1386639,FW
2024-2025,888854,MF
2024-2025,1515917,FW
2024-2025,17054,MF
2024-2025,141945,FW
2024-2025,859741,DF
2024-2025,1174937,FW
2024-2025,1138150,DF
2024-2025,341589,MF
2024-2025,855830,MF
2024-2025,1403192,FW
2024-2025,1146225,DF
2024-2025,113956,FW
2024-2025,790833,Off_MF
2024-2025,955245,Off_MF
2024-2025,918437,FW
2024-2025,1211005,MF
2024-2025,252343,DF
2024-2025,1175856,FW
2024-2025,1002045,DF
2024-2025,1083410,MF
2024-2025,845168,FW
2024-2025,190159,FW
2024-2025,135264,FW
2024-2025,993439,DF
2024-2025,1130067,DF
2024-2025,187205,DF
2024-2025,837205,MF
2024-2025,941179,DF
2024-2025,1129527,Off_MF
2024-2025,195850,MF
2024-2025,1082968,FW
2024-2025,825844,DF
2024-2025,884980,Off_MF
2024-2025,964152,DF
2024-2025,868958,MF
2024-2025,350882,DF
2024-2025,603738,DF
2024-2025,1397347,DF
2024-2025,221200,DF
2024-2025,886117,FW
2024-2025,1397558,DF
2024-2025,795005,MF
2024-2025,1984921,FW
2024-2025,1493157,FW
2024-2025,1397348,Def_MF
2024-2025,867493,DF
2024-2025,958018,MF
2024-2025,359642,FW
2024-2025,2063925,DF
2024-2025,1087364,DF
2024-2025,149731,FW
2024-2025,1114422,MF
2024-2025,974863,MF
2024-2025,1131338,MF
2024-2025,1929542,FW
2024-2025,910046,DF
2024-2025,877297,Off_MF
2024-2025,809276,Off_MF
2024-2025,865523,FW
2024-2025,839226,FW
2024-2025,1002447,MF
2024-2025,973290,Off_MF
2024-2025,359664,FW
2024-2025,1010335,MF
2024-2025,341143,FW
2024-2025,1004790,Off_MF
2024-2025,1131541,DF
2024-2025,11869,FW
2024-2025,136322,DF
2024-2025,383314,DF
2024-2025,363774,DF
2024-2025,1545409,DF
2024-2025,184417,DF
2024-2025,1979970,DF
2024-2025,34120,FW
2024-2025,1001858,DF
2024-2025,1195700,FW
2024-2025,1014835,DF
2024-2025,916136,MF
2024-2025,132704,FW
2024-2025,1173598,DF
2024-2025,958167,Off_MF
2024-2025,1622129,FW
2024-2025,1156586,DF
2024-2025,867583,FW
2024-2025,1418703,FW
2024-2025,1127590,MF
2024-2025,906047,MF
2024-2025,1155432,Off_MF
2024-2025,885892,MF
2024-2025,1087043,DF
2024-2025,991604,FW
2024-2025,1198264,DF
2024-2025,175185,Off_MF
2024-2025,146852,FW
2024-2025,988037,DF
2024-2025,797290,DF
2024-2025,915812,Off_MF
2024-2025,358984,FW
2024-2025,803185,FW
2024-2025,82943,DF
2024-2025,982778,DF
2024-2025,1134351,MF
2024-2025,1119364,Off_MF
2024-2025,1930811,DF
2024-2025,1014461,FW
2024-2025,1089388,DF
2024-2025,1048927,Off_MF
2024-2025,868223,DF
2024-2025,1152923,DF
2024-2025,1009920,DF
2024-2025,209768,MF
2024-2025,43215,DF
2024-2025,137978,MF
2024-2025,873717,MF
2024-2025,826139,FW
2024-2025,932628,MF
2024-2025,827243,DF
2024-2025,1088870,FW
2024-2025,834597,FW
2024-2025,1003339,DF
2024-2025,123264,MF
2024-2025,21949,Off_MF
2024-2025,978150,DF
2024-2025,1122488,DF
2024-2025,138534,FW
2024-2025,1012383,MF
2024-2025,1215071,DF
2024-2025,157377,DF
2024-2025,840217,FW
2024-2025,1084311,MF
2024-2025,873534,DF
2024-2025,810535,Off_MF
2024-2025,210082,DF
2024-2025,232306,FW
2024-2025,989113,Off_MF
2024-2025,1065588,MF
2024-2025,1003007,DF
2024-2025,318927,DF
2024-2025,827522,Off_MF
2024-2025,287643,DF
2024-2025,1142703,DF
2024-2025,1122425,FW
2024-2025,1137431,DF
2024-2025,867887,MF
2024-2025,942937,Off_MF
2024-2025,888930,FW
2024-2025,1102503,FW
2024-2025,984184,DF
2024-2025,888537,FW
2024-2025,1106573,MF
2024-2025,845930,DF
2024-2025,983066,DF
2024-2025,1034303,DF
2024-2025,802142,FW
2024-2025,885197,DF
2024-2025,1155423,DF
2024-2025,1606642,FW
2024-2025,1100831,MF
2024-2025,2087085,Off_MF
2024-2025,152077,DF
2024-2025,874812,DF
2024-2025,21927,FW
2024-2025,840951,DF
2024-2025,309156,FW
2024-2025,989371,Def_MF
2024-2025,319129,FW
2024-2025,787889,Def_MF
2024-2025,541426,MF
2024-2025,347116,DF
2024-2025,966940,MF
2024-2025,825846,DF
2024-2025,966637,FW
2024-2025,1111640,MF
2024-2025,1085950,Def_MF
2024-2025,979315,FW
2024-2025,801280,FW
2024-2025,900697,DF
2024-2025,1103589,FW
2024-2025,188365,DF
2024-2025,836698,FW
2024-2025,98435,MF
2024-2025,68076,DF
2024-2025,1064039,DF
2024-2025,124992,DF
2024-2025,1402751,MF
2024-2025,796320,DF
2024-2025,1145100,DF
2024-2025,846445,Off_MF
2024-2025,1089108,Off_MF
2024-2025,1402908,DF
2024-2025,38162,FW
2024-2025,123166,MF
2024-2025,788170,DF
2024-2025,354558,Off_MF
2024-2025,843754,MF
2024-2025,980418,DF
2024-2025,220223,FW
2024-2025,799195,DF
2024-2025,837080,MF
2024-2025,1002458,DF
2024-2025,587628,MF
2024-2025,328145,Off_MF
2024-2025,96370,FW
2024-2025,217784,DF
2024-2025,84744,FW
2024-2025,138383,Off_MF
2024-2025,794839,FW
2024-2025,1068286,DF
2024-2025,1568123,FW
2024-2025,138572,DF
2024-2025,911350,FW
2024-2025,1119586,MF
2024-2025,803039,FW
2024-2025,794861,DF
2024-2025,934237,FW
2024-2025,885259,DF
2024-2025,606346,DF
2024-2025,1030711,DF
2024-2025,971005,FW
2024-2025,828239,DF
2024-2025,812946,FW
2024-2025,836694,Off_MF
2024-2025,798124,DF
2024-2025,186719,MF
2024-2025,82566,MF
2024-2025,974581,DF
2024-2025,318607,DF
2024-2025,1401006,MF
2024-2025,1401005,FW
2024-2025,317699,FW
2024-2025,974577,FW
2024-2025,1499870,DF
2024-2025,190867,FW
2024-2025,252863,Off_MF
2024-2025,111483,FW
2024-2025,917485,FW
2024-2025,892521,DF
2024-2025,823733,MF
2024-2025,139235,MF
2024-2025,869795,FW
2024-2025,797306,DF
2024-2025,880765,FW
2024-2025,1390682,Off_MF
2024-2025,351140,FW
2024-2025,895868,MF
2024-2025,940393,DF
2024-2025,1160960,FW
2024-2025,1004505,FW
2024-2025,786186,Off_MF
2024-2025,839712,FW
2024-2025,292665,MF
2024-2025,782240,MF
2024-2025,125625,DF
2024-2025,1150952,DF
2024-2025,892141,FW
2024-2025,979821,MF
2024-2025,872919,FW
2024-2025,1526628,FW
2024-2025,364612,MF
2024-2025,842869,DF
2024-2025,1440948,Off_MF
2024-2025,789381,FW
2024-2025,879875,DF
2024-2025,149663,DF
2024-2025,844480,DF
2024-2025,1155571,FW
2024-2025,339231,DF
2024-2025,933426,MF
2024-2025,1217613,FW
2024-2025,1198075,Off_MF
2024-2025,1002564,DF
2024-2025,970435,MF
2024-2025,872272,MF
2024-2025,96369,FW
2024-2025,123976,MF
2024-2025,1170532,DF
2024-2025,566894,Off_MF
2024-2025,96368,Off_MF
2024-2025,894863,FW
2024-2025,362014,DF
2024-2025,377512,DF
2024-2025,911710,Off_MF
2024-2025,132874,MF
2024-2025,143334,DF
2024-2025,1152505,FW
2024-2025,1100836,FW
2024-2025,115665,FW
2024-2025,877837,FW
2024-2025,355486,DF
2024-2025,1512339,DF
2024-2025,857205,DF
2024-2025,1142149,MF
2024-2025,1462434,FW
2024-2025,909958,Off_MF
2024-2025,1087514,DF
2024-2025,146866,FW
2024-2025,189061,FW
2024-2025,1149113,MF
2024-2025,757742,MF
2024-2025,850891,MF
2024-2025,129861,DF
2024-2025,1137584,Off_MF
2024-2025,249929,FW
2024-2025,816810,Off_MF
2024-2025,1012650,DF
2024-2025,1138352,FW
2024-2025,1154597,DF
2024-2025,795004,MF
2024-2025,354808,FW
2024-2025,865057,FW
2024-2025,867441,Off_MF
2024-2025,1015186,DF
2024-2025,1099296,FW
2024-2025,879543,DF
2024-2025,361004,Off_MF
2024-2025,151499,FW
2024-2025,1131339,DF
2024-2025,1083891,DF
2024-2025,829643,MF
2024-2025,997280,FW
2024-2025,1174761,DF
2024-2025,882004,DF
2024-2025,825754,FW
2024-2025,1520799,FW
2024-2025,925097,DF
2024-2025,78939,FW
2024-2025,1008402,DF
2024-2025,972523,MF
2024-2025,1104986,MF
2024-2025,848537,DF
2024-2025,953097,DF
2024-2025,113920,DF
2024-2025,851671,Off_MF
2024-2025,920744,Off_MF
2024-2025,893962,Def_MF
2024-2025,1005834,FW
2024-2025,846356,Off_MF
2024-2025,802137,DF
2024-2025,1017392,FW
2024-2025,991478,Off_MF
2024-2025,851282,DF
2024-2025,1047484,FW
2024-2025,137667,DF
2024-2025,1613917,FW
2024-2025,807295,DF
2024-2025,944200,DF
2024-2025,801837,DF
2024-2025,1127313,DF
2024-2025,255973,FW
2024-2025,218616,FW
2024-2025,1418649,DF
2024-2025,1021272,DF
2024-2025,1097453,Def_MF
2024-2025,843709,FW
2024-2025,917005,FW
2024-2025,152769,FW
2024-2025,826167,DF
2024-2025,132645,FW
2024-2025,342915,DF
2024-2025,1006486,DF
2024-2025,49639,MF
2024-2025,149370,MF
2024-2025,1069488,MF
2024-2025,785518,DF
2024-2025,866191,MF
2024-2025,1014222,DF
2024-2025,1049515,DF
2024-2025,316152,FW
2024-2025,1065261,FW
2024-2025,1473491,Off_MF
2024-2025,1006073,DF
2024-2025,595576,FW
2024-2025,1000263,Off_MF
2024-2025,138573,Off_MF
2024-2025,812533,FW
2024-2025,1405998,MF
2024-2025,914738,FW
2024-2025,259803,FW
2024-2025,43443,DF
2024-2025,1120615,DF
2024-2025,754710,FW
2024-2025,962409,FW
2024-2025,604232,DF
2024-2025,929163,FW
2024-2025,1012172,Off_MF
2024-2025,254003,DF
2024-2025,47743,DF
2024-2025,542634,DF
2024-2025,893640,FW
2024-2025,47772,FW
2024-2025,786259,DF
2024-2025,191188,MF
2024-2025,822607,FW
2024-2025,888219,Off_MF
2024-2025,326471,MF
2024-2025,842400,FW
2024-2025,1142679,FW
2024-2025,1143587,FW
2024-2025,986352,MF
2024-2025,327863,DF
2024-2025,1154587,FW
2024-2025,35612,DF
2024-2025,962898,DF
2024-2025,1065134,FW
2024-2025,1011895,FW
2024-2025,350210,MF
2024-2025,934383,DF
2024-2025,926506,DF
2024-2025,784625,Off_MF
2024-2025,1010383,MF
2024-2025,1495876,FW
2024-2025,1393242,Def_MF
2024-2025,1426224,MF
2024-2025,914691,DF
2024-2025,856669,MF
2024-2025,1069244,FW
2024-2025,799251,Off_MF
2024-2025,350170,FW
2024-2025,1606792,DF
2024-2025,929620,Off_MF
2024-2025,973556,Off_MF
2024-2025,945768,FW
2024-2025,791566,Off_MF
2024-2025,842164,DF
2024-2025,21555,DF
2024-2025,1466124,DF
2024-2025,927407,DF
2024-2025,100565,DF
2024-2025,352370,DF
2024-2025,158615,MF
2024-2025,233856,DF
2024-2025,891505,FW
2024-2025,128637,DF
2024-2025,216308,DF
2024-2025,1500627,DF
2024-2025,800400,FW
2024-2025,1401702,FW
2024-2025,1002813,DF
2024-2025,1009661,MF
2024-2025,913942,Off_MF
2024-2025,780014,DF
2024-2025,1177401,DF
2024-2025,57627,DF
2024-2025,1130946,FW
2024-2025,862697,DF
2024-2025,1466116,DF
2024-2025,78352,DF
2024-2025,227862,FW
2024-2025,847128,MF
2024-2025,985086,DF
2024-2025,788786,FW
2024-2025,608362,FW
2024-2025,833213,DF
2024-2025,1048888,FW
2024-2025,16632,DF
2024-2025,1525863,DF
2024-2025,996929,DF
2024-2025,877371,MF
2024-2025,769333,FW
2024-2025,1146148,Off_MF
2024-2025,1198074,MF
2024-2025,873347,DF
2024-2025,822470,FW
2024-2025,975811,Off_MF
2024-2025,305302,FW
2024-2025,1216080,MF
2024-2025,1445625,DF
2024-2025,344751,MF
2024-2025,558320,DF
2024-2025,319857,DF
2024-2025,953767,FW
2024-2025,891829,Off_MF
2024-2025,822519,DF
2024-2025,836706,Off_MF
2024-2025,1141754,MF
2024-2025,936848,FW
2024-2025,1155358,FW
2024-2025,831424,DF
2024-2025,794927,MF
2024-2025,980410,MF
2024-2025,880775,FW
2024-2025,1463265,Off_MF
2024-2025,1026015,FW
2024-2025,1170536,DF
2024-2025,1184317,DF
2024-2025,910121,Off_MF
2024-2025,1170197,DF
2024-2025,785418,DF
2024-2025,944660,Off_MF
2024-2025,1155226,DF
2024-2025,1197153,MF
2024-2025,1005343,FW
2024-2025,294593,DF
2024-2025,489180,Off_MF
2024-2025,232224,MF
2024-2025,149728,FW
2024-2025,855731,FW
2024-2025,842513,DF
2024-2025,901850,MF
2024-2025,1015256,FW
2024-2025,1064082,Off_MF
2024-2025,875890,FW
2024-2025,164511,MF
2024-2025,979144,DF
2024-2025,1142636,MF
2024-2025,44614,DF
2024-2025,50027,DF
2024-2025,1194333,DF
2024-2025,1397882,DF
2024-2025,814590,FW
2024-2025,887766,FW
2024-2025,138605,MF
2024-2025,111969,MF
2024-2025,957602,DF
2024-2025,907152,MF
2024-2025,996820,MF
2024-2025,359742,MF
2024-2025,254449,DF
2024-2025,1095731,MF
2024-2025,928800,Off_MF
2024-2025,354782,FW
2024-2025,280979,Off_MF
2024-2025,352544,FW
2024-2025,916654,FW
2024-2025,901885,DF
2024-2025,792073,DF
2024-2025,1392054,Off_MF
2024-2025,978521,FW
2024-2025,862464,DF
2024-2025,902019,Off_MF
2024-2025,1130986,DF
2024-2025,72998,FW
2024-2025,831253,FW
2024-2025,1192318,Off_MF
2024-2025,865167,DF
2024-2025,998247,DF
2024-2025,959628,DF
2024-2025,351500,DF
2024-2025,1016788,MF
2024-2025,901152,DF
2024-2025,1063237,DF
2024-2025,838232,FW
2024-2025,1099344,FW
2024-2025,1048366,DF
2024-2025,1067204,Off_MF
2024-2025,946158,DF
2024-2025,1170560,MF
2024-2025,41013,DF
2024-2025,1387157,MF
2024-2025,227224,DF
2024-2025,966836,Off_MF
2024-2025,1142238,DF
2024-2025,178721,DF
2024-2025,858194,FW
2024-2025,284441,MF
2024-2025,1094827,DF
2024-2025,960401,DF
2024-2025,161717,MF
2024-2025,990227,MF
2024-2025,268903,FW
2024-2025,856744,FW
2024-2025,877262,Off_MF
2024-2025,787540,Off_MF
2024-2025,1172936,MF
2024-2025,927340,MF
2024-2025,802149,Off_MF
2024-2025,98212,DF
2024-2025,859026,FW
2024-2025,110846,DF
2024-2025,295123,FW
2024-2025,1202024,FW
2024-2025,168937,DF
2024-2025,309546,FW
2024-2025,367056,Off_MF
2024-2025,592560,FW
2024-2025,857772,MF
2024-2025,826134,DF
2024-2025,14718,DF
2024-2025,105734,MF
2024-2025,992026,MF
2024-2025,605552,FW
2024-2025,851226,DF
2024-2025,885908,DF
2024-2025,944164,Off_MF
2024-2025,1149144,FW
2024-2025,812829,DF
2024-2025,934510,FW
2024-2025,830858,FW
2024-2025,138024,DF
2024-2025,826186,DF
2024-2025,1165371,DF
2024-2025,108484,DF
2024-2025,555406,DF
2024-2025,946381,FW
2024-2025,964153,DF
2024-2025,930272,MF
2024-2025,32048,FW
2024-2025,794953,DF
2024-2025,79680,DF
2024-2025,1382235,FW
2024-2025,989894,DF
2024-2025,1103693,MF
2024-2025,888550,Off_MF
2024-2025,859027,MF
2024-2025,973838,DF
2024-2025,794937,Off_MF
2024-2025,1087359,DF
2024-2025,76178,DF
2024-2025,1110842,FW
2024-2025,791355,FW
2024-2025,966441,DF
2024-2025,45925,DF
2024-2025,125407,FW
2024-2025,1121333,MF
2024-2025,1153265,Off_MF
2024-2025,826057,DF
2024-2025,1398511,DF
2024-2025,973887,MF
2024-2025,35428,FW
2024-2025,865651,FW
2024-2025,798147,DF
2024-2025,330099,Def_MF
2024-2025,830659,DF
2024-2025,855833,FW
2024-2025,1471671,DF
2024-2025,991584,DF
2024-2025,1800245,FW
2024-2025,346676,Off_MF
2024-2025,856065,FW
2024-2025,1824137,DF
2024-2025,604954,FW
2024-2025,907667,MF
2024-2025,822485,DF
2024-2025,1136721,DF
2024-2025,51640,FW
2024-2025,303638,DF
2024-2025,1445628,MF
2024-2025,976037,DF
2024-2025,1388438,DF
2024-2025,972886,DF
2024-2025,579576,DF
2024-2025,1003400,DF
2024-2025,973437,DF
2024-2025,967722,DF
2024-2025,1116987,FW
2024-2025,1116570,DF
2024-2025,932764,FW
2024-2025,859901,MF
2024-2025,1048009,DF
2024-2025,801263,DF
2024-2025,845486,MF
2024-2025,924871,FW
2024-2025,997033,Off_MF
2024-2025,910024,FW
2024-2025,253517,DF
2024-2025,965264,DF
2024-2025,119179,MF
2024-2025,808590,FW
2024-2025,856638,FW
2024-2025,976263,DF
2024-2025,887055,FW
2024-2025,795222,MF
2024-2025,609752,Def_MF
2024-2025,557166,FW
2024-2025,1564180,MF
2024-2025,318963,Off_MF
2024-2025,855854,MF
2024-2025,1386651,FW
2024-2025,905381,FW
2024-2025,916943,DF
2024-2025,822600,MF
2024-2025,886628,Off_MF
2024-2025,291695,DF
2024-2025,1127057,MF
2024-2025,1426221,DF
2024-2025,122848,DF
2024-2025,791642,DF
2024-2025,871706,FW
2024-2025,1048820,FW
2024-2025,58351,DF
2024-2025,355528,FW
2024-2025,800252,FW
2024-2025,990209,MF
2024-2025,1153315,DF
2024-2025,848458,FW
2024-2025,858977,DF
2024-2025,980624,Off_MF
2024-2025,923894,DF
2024-2025,1002347,DF
2024-2025,907668,MF
2024-2025,1136409,MF
2024-2025,928796,MF
2024-2025,889259,FW
2024-2025,921005,FW
2024-2025,815612,FW
2024-2025,357584,DF
2024-2025,1069703,DF
2024-2025,575952,FW
2024-2025,988252,DF
2024-2025,610766,FW
2024-2025,1136280,Off_MF
2024-2025,893478,DF
2024-2025,880157,FW
2024-2025,3041,DF
2024-2025,96373,MF
2024-2025,1391541,MF
2024-2025,857178,MF
2024-2025,1121475,FW
2024-2025,1067120,Off_MF
2024-2025,606164,FW
2024-2025,846036,DF
2024-2025,1473137,DF
2024-2025,152446,DF
2024-2025,1394202,DF
2024-2025,814882,MF
2024-2025,900669,Off_MF
2024-2025,991479,DF
2024-2025,1391251,MF
2024-2025,789071,Off_MF
2024-2025,547838,MF
2024-2025,1142249,DF
2024-2025,1088565,Off_MF
2024-2025,796987,MF
2024-2025,798926,DF
2024-2025,35166,Off_MF
2024-2025,835600,MF
2024-2025,879802,FW
2024-2025,879746,DF
2024-2025,1175821,MF
2024-2025,1083007,FW
2024-2025,796372,DF
2024-2025,988907,DF
2024-2025,859024,MF
2024-2025,1022084,MF
2024-2025,1150391,FW
2024-2025,786028,Def_MF
2024-2025,826679,Off_MF
2024-2025,1029018,FW
2024-2025,1135884,MF
2024-2025,1139409,MF
2024-2025,947929,FW
2024-2025,187433,FW
2024-2025,1035988,DF
2024-2025,361352,FW
2024-2025,1131337,DF
2024-2025,1091116,Off_MF
2024-2025,887500,FW
2024-2025,1444690,Off_MF
2024-2025,873551,FW
2024-2025,234142,MF
2024-2025,1153270,Off_MF
2024-2025,1493689,FW
2024-2025,997103,DF
2024-2025,1120669,MF
2024-2025,989186,DF
2024-2025,825681,FW
2024-2025,793988,MF
2024-2025,927405,Off_MF
2024-2025,966862,Off_MF
2024-2025,980916,FW
2024-2025,1184308,DF
2024-2025,21608,FW
2024-2025,76132,FW
2024-2025,804909,FW
2024-2025,67769,DF
2024-2025,856553,DF
2024-2025,235460,MF
2024-2025,944165,Off_MF
2024-2025,1162611,FW
2024-2025,280441,FW
2024-2025,963073,DF
2024-2025,850993,FW
2024-2025,794294,DF
2024-2025,1391375,Off_MF
2024-2025,925242,FW
2024-2025,1586875,MF
2024-2025,965357,FW
2024-2025,1084381,MF
2024-2025,891651,DF
2024-2025,1418624,MF
2024-2025,970928,Off_MF
2024-2025,579260,DF
2024-2025,904991,DF
2024-2025,69256,DF
2024-2025,893062,DF
2024-2025,888340,DF
2024-2025,1513451,DF
2024-2025,1462778,DF
2024-2025,1109771,MF
2024-2025,333261,FW
2024-2025,822708,MF
2024-2025,911039,FW
2024-2025,1156353,MF
2024-2025,122573,Off_MF
2024-2025,184661,MF
2024-2025,156019,MF
2024-2025,794948,MF
2024-2025,94758,DF
2024-2025,1131581,FW
2024-2025,794995,MF
2024-2025,827064,FW
2024-2025,1442036,DF
2024-2025,826004,MF
2024-2025,825719,DF
2024-2025,979222,FW
2024-2025,886737,DF
2024-2025,826013,FW
2024-2025,1126779,FW
2024-2025,914412,DF
2024-2025,69416,MF
2024-2025,920379,Off_MF
2024-2025,934409,DF
2024-2025,958380,FW
2024-2025,307284,Def_MF
2024-2025,944225,DF
2024-2025,847467,DF
2024-2025,48660,DF
2024-2025,250501,DF
2024-2025,1423711,DF
2024-2025,1468090,FW
2024-2025,935543,Off_MF
2024-2025,255389,MF
2024-2025,1064009,Def_MF
2024-2025,1018179,FW
2024-2025,800408,MF
2024-2025,801211,MF
2024-2025,856123,DF
2024-2025,1129751,DF
2024-2025,895592,Off_MF
2024-2025,1012179,Off_MF
2024-2025,826203,DF
2024-2025,835485,FW
2024-2025,1214359,DF
2024-2025,286909,DF
2024-2025,1392819,DF
2024-2025,901891,DF
2024-2025,134361,DF
2024-2025,924205,FW
2024-2025,120538,DF
2024-2025,919027,DF
2024-2025,1398524,FW
2024-2025,949722,MF
2024-2025,168861,DF
2024-2025,966679,FW
2024-2025,939880,MF
2024-2025,1019442,FW
2024-2025,917007,FW
2024-2025,142018,Off_MF
2024-2025,877036,FW
2024-2025,1092769,FW
2024-2025,273405,DF
2024-2025,279563,MF
2024-2025,844842,MF
2024-2025,352668,DF
2024-2025,832427,MF
2024-2025,1013842,DF
2024-2025,591750,MF
2024-2025,944899,DF
2024-2025,964119,DF
2024-2025,273227,DF
2024-2025,829932,DF
2024-2025,256219,FW
2024-2025,801411,DF
2024-2025,361790,Off_MF
2024-2025,1017649,FW
2024-2025,1030829,Off_MF
2024-2025,794950,Off_MF
2024-2025,328109,MF
2024-2025,940054,FW
2024-2025,106662,DF
2024-2025,576384,DF
2024-2025,280453,FW
2024-2025,993451,FW
2024-2025,873554,FW
2024-2025,1009372,FW
2024-2025,1031258,MF
2024-2025,928122,FW
2024-2025,1142251,MF
2024-2025,27035,FW
2024-2025,934384,MF
2024-2025,796047,MF
2024-2025,930231,DF
2024-2025,785468,DF
2024-2025,798835,Off_MF
2024-2025,41157,DF
2024-2025,788061,FW
2024-2025,1151803,MF
2024-2025,328701,DF
2024-2025,146101,DF
2024-2025,856729,DF
2024-2025,901892,MF
2024-2025,39482,MF
2024-2025,96365,MF
2024-2025,954060,FW
2024-2025,866810,DF
2024-2025,1048569,DF
2024-2025,814360,DF
2024-2025,122951,MF
2024-2025,1392592,FW
2024-2025,851254,DF
2024-2025,593526,FW
2024-2025,1407848,DF
2024-2025,250547,DF
2024-2025,907463,MF
2024-2025,849274,MF
2024-2025,121180,DF
2024-2025,1154687,DF
2024-2025,934386,FW
2024-2025,1169436,FW
2024-2025,148899,DF
2024-2025,873189,DF
2024-2025,957937,FW
2024-2025,169255,MF
2024-2025,869888,DF
2024-2025,1195241,Def_MF
2024-2025,1117025,FW
2024-2025,801306,MF
2024-2025,913695,DF
2024-2025,892430,DF
2024-2025,845385,Off_MF
2024-2025,877302,MF
2024-2025,987489,FW
2024-2025,970998,MF
2024-2025,545780,MF
2024-2025,189135,MF
2024-2025,358084,DF
2024-2025,887911,DF
2024-2025,66518,Off_MF
2024-2025,1121902,FW
2024-2025,902381,FW
2024-2025,103417,Off_MF
2024-2025,95381,Off_MF
2024-2025,874705,Off_MF
2024-2025,116955,MF
2024-2025,151124,MF
2024-2025,958517,DF
2024-2025,905347,DF
2024-2025,856739,DF
2024-2025,1121923,Off_MF
2024-2025,843665,DF
2024-2025,581314,MF
2024-2025,52663,DF
2024-2025,794338,MF
2024-2025,978062,DF
2024-2025,876214,DF
2024-2025,309078,FW
2024-2025,998253,DF
2024-2025,831400,FW
2024-2025,983815,MF
2024-2025,246999,DF
2024-2025,1154935,Off_MF
2024-2025,1149127,MF
2024-2025,109296,DF
2024-2025,976421,DF
2024-2025,111803,DF
2024-2025,793761,FW
2024-2025,787505,DF
2024-2025,257091,DF
2024-2025,592010,Off_MF
2024-2025,1128530,MF
2024-2025,1102502,DF
2024-2025,1195784,FW
2024-2025,44566,DF
2024-2025,831799,DF
2024-2025,980628,FW
2024-2025,788255,DF
2024-2025,84251,MF
2024-2025,927361,MF
2024-2025,997012,Off_MF
2024-2025,168903,MF
2024-2025,845742,MF
2024-2025,920525,DF
2024-2025,872307,DF
2024-2025,137155,FW
2024-2025,1000150,FW
2024-2025,346516,FW
2024-2025,372344,FW
2024-2025,825956,Off_MF
2024-2025,1000483,MF
2024-2025,605338,FW
2024-2025,133908,MF
2024-2025,94539,MF
2024-2025,923973,MF
2024-2025,1000366,MF
2024-2025,966801,Off_MF
2024-2025,1063235,FW
2024-2025,980623,FW
2024-2025,975937,FW
2024-2025,555540,Off_MF
2024-2025,208988,DF
2024-2025,1188191,FW
2024-2025,966621,FW
2024-2025,980732,DF
2024-2025,904970,MF
2024-2025,855808,FW
2024-2025,293519,FW
2024-2025,855810,DF
2024-2025,103045,FW
2024-2025,235656,DF
2024-2025,871621,FW
2024-2025,906275,DF
2024-2025,1031548,FW
2024-2025,791190,MF
2024-2025,939623,Off_MF
2024-2025,329417,DF
2024-2025,148458,Off_MF
2024-2025,1142175,MF
2024-2025,920680,DF
2024-2025,1048916,MF
2024-2025,1002764,Off_MF
2024-2025,946695,Off_MF
2024-2025,1105869,DF
2024-2025,1389689,MF
2024-2025,886243,DF
2024-2025,917087,FW
2024-2025,990201,Off_MF
2024-2025,1210666,DF
2024-2025,1156645,DF
2024-2025,892979,DF
2024-2025,1546231,FW
2024-2025,100621,FW
2024-2025,945122,DF
2024-2025,989768,DF
2024-2025,845273,Off_MF
2024-2025,1010223,Off_MF
2024-2025,143344,DF
2024-2025,356352,DF
2024-2025,280609,FW
2024-2025,944973,DF
2024-2025,822340,FW
2024-2025,846308,DF
2024-2025,1492676,MF
2024-2025,592098,DF
2024-2025,929199,DF
2024-2025,894733,Off_MF
2024-2025,985933,DF
2024-2025,168985,MF
2024-2025,219572,DF
2024-2025,355492,DF
2024-2025,70996,Off_MF
2024-2025,984527,DF
2024-2025,588566,MF
2024-2025,126816,DF
2024-2025,817979,DF
2024-2025,922928,FW
2024-2025,927353,MF
2024-2025,98449,DF
2024-2025,1012409,MF
2024-2025,601962,MF
2024-2025,910026,FW
2024-2025,1010655,MF
2024-2025,1014651,MF
2024-2025,914212,FW
2024-2025,1010220,DF
2024-2025,155995,DF
2024-2025,794298,FW
2024-2025,826204,Def_MF
2024-2025,91046,DF
2024-2025,229740,DF
2024-2025,317301,MF
2024-2025,921417,Def_MF
2024-2025,934235,FW
2024-2025,378340,FW
2024-2025,1154605,FW
2024-2025,818244,FW
2024-2025,122810,DF
2024-2025,980616,DF
2024-2025,48557,DF
2024-2025,826948,MF
2024-2025,19356,FW
2024-2025,1086547,DF
2024-2025,1154549,Def_MF
2024-2025,1394353,Off_MF
2024-2025,988632,FW
2024-2025,954056,FW
2024-2025,901325,FW
2024-2025,859999,DF
2024-2025,965011,DF
2024-2025,933398,DF
2024-2025,1142335,DF
2024-2025,1063373,DF
2024-2025,1138804,Off_MF
2024-2025,855647,FW
2024-2025,149380,DF
2024-2025,964985,MF
2024-2025,798583,DF
2024-2025,877102,DF
2024-2025,790179,FW
2024-2025,851100,FW
2024-2025,1046795,FW
2024-2025,987504,Off_MF
2024-2025,1146018,Off_MF
2024-2025,1046446,MF
2024-2025,847151,MF
2024-2025,286165,FW
2024-2025,123229,MF
2024-2025,190877,DF
2024-2025,804472,MF
2024-2025,1140599,FW
2024-2025,859765,Off_MF
2024-2025,1130942,Off_MF
2024-2025,814023,DF
2024-2025,19352,DF
2024-2025,807648,DF
2024-2025,1082406,Off_MF
2024-2025,828571,DF
2024-2025,856076,DF
2024-2025,832208,FW
2024-2025,825133,DF
2024-2025,842188,Off_MF
2024-2025,846425,MF
2024-2025,834308,DF
2024-2025,580642,MF
2024-2025,945798,DF
2024-2025,949156,MF
2024-2025,788921,FW
2024-2025,1010231,Off_MF
2024-2025,940918,DF
2024-2025,227922,DF
2024-2025,822110,DF
2024-2025,1014286,DF
2024-2025,841977,Def_MF
2024-2025,990743,FW
2024-2025,356398,Off_MF
2024-2025,959872,DF
2024-2025,945217,DF
2024-2025,870211,DF
2024-2025,1110136,MF
2024-2025,816763,MF
2024-2025,15466,MF
2024-2025,149730,FW
2024-2025,1048650,MF
2024-2025,311676,DF
2024-2025,906278,DF
2024-2025,900008,MF
2024-2025,1084730,FW
2024-2025,367228,FW
2024-2025,1400106,FW
2024-2025,319853,DF
2024-2025,1397168,DF
2024-2025,605672,FW
2024-2025,352296,FW
2024-2025,1142315,MF
2024-2025,142525,DF
2024-2025,957889,Off_MF
2024-2025,1190933,MF
2024-2025,288321,DF
2024-2025,1468046,DF
2024-2025,977919,Def_MF
2024-2025,591588,FW
2024-2025,878081,FW
2024-2025,1086286,MF
2024-2025,576276,DF
2024-2025,137673,DF
2024-2025,996958,DF
2024-2025,965893,DF
2024-2025,954076,FW
2024-2025,985262,DF
2024-2025,280009,FW
2024-2025,963801,FW
2024-2025,1174472,FW
2024-2025,836705,FW
2024-2025,10589,DF
2024-2025,793645,FW
2024-2025,873947,FW
2024-2025,983540,FW
2024-2025,1126521,FW
2024-2025,970860,DF
2024-2025,976396,MF
2024-2025,904887,MF
2024-2025,1136731,DF
2024-2025,930584,FW
2024-2025,988893,MF
2024-2025,280991,Off_MF
2024-2025,103442,DF
2024-2025,1103548,DF
2024-2025,856737,Off_MF
2024-2025,971037,Off_MF
2024-2025,192308,Off_MF
2024-2025,158243,DF
2024-2025,1001458,FW
2024-2025,142148,DF
2024-2025,1083382,DF
2024-2025,1022204,FW
2024-2025,319735,FW
2024-2025,855864,DF
2024-2025,1002711,MF
2024-2025,846252,MF
2024-2025,259995,DF
2024-2025,931844,DF
2024-2025,784655,MF
2024-2025,870263,DF
2024-2025,983572,DF
2024-2025,84539,MF
2024-2025,1099352,Off_MF
2024-2025,128587,DF
2024-2025,910536,FW
2024-2025,845170,DF
2024-2025,548178,MF
2024-2025,985934,DF
2024-2025,897594,DF
2024-2025,984624,Off_MF
2024-2025,862967,FW
2024-2025,945404,DF
2024-2025,984998,FW
2024-2025,906075,DF
2024-2025,1110006,MF
2024-2025,895576,FW
2024-2025,826010,MF
2024-2025,996951,DF
2024-2025,135700,MF
2024-2025,891931,MF
2024-2025,1159759,DF
2024-2025,975079,FW
2024-2025,799046,DF
2024-2025,826064,Off_MF
2024-2025,785989,FW
2024-2025,962029,FW
2024-2025,925910,FW
2024-2025,759520,DF
2024-2025,148824,FW
2024-2025,857671,MF
2024-2025,156004,MF
2024-2025,871765,MF
2024-2025,3577,DF
2024-2025,800419,MF
2024-2025,1036269,MF
2024-2025,826069,FW
2024-2025,190437,MF
2024-2025,789714,DF
2024-2025,357752,DF
2024-2025,345195,FW
2024-2025,1137814,MF
2024-2025,580550,DF
2024-2025,845693,Off_MF
2024-2025,891510,Off_MF
2024-2025,940871,DF
2024-2025,1031499,DF
2024-2025,1011375,FW
2024-2025,352768,DF
2024-2025,255999,Def_MF
2024-2025,803033,Off_MF
2024-2025,812145,FW
2024-2025,1085400,FW
2024-2025,1035986,FW
2024-2025,325355,DF
2024-2025,351434,DF
2024-2025,827519,DF
2024-2025,1086417,FW
2024-2025,1106451,FW
2024-2025,97926,DF
2024-2025,44241,MF
2024-2025,1108441,DF
2024-2025,285949,Off_MF
2024-2025,818073,MF
2024-2025,383560,DF
2024-2025,352912,DF
2024-2025,846147,DF
2024-2025,106496,DF
2024-2025,96544,DF
2024-2025,864169,DF
2024-2025,605374,FW
2024-2025,577726,DF
2024-2025,943713,DF
2024-2025,1384847,DF
2024-2025,966547,FW
2024-2025,188407,FW
2024-2025,973699,MF
2024-2025,979128,FW
2024-2025,1093695,MF
2024-2025,902029,MF
2024-2025,867445,Off_MF
2024-2025,84531,DF
2024-2025,186855,MF
2024-2025,829022,DF
2024-2025,794373,DF
2024-2025,795044,FW
2024-2025,963299,MF
2024-2025,1142672,MF
2024-2025,50070,FW
2024-2025,886286,DF
2024-2025,983510,DF
2024-2025,1389846,MF
2024-2025,184421,DF
2024-2025,310874,FW
2024-2025,799054,MF
2024-2025,1090694,DF
2024-2025,814594,DF
2024-2025,132318,DF
2024-2025,960441,Off_MF
2024-2025,833956,DF
2024-2025,1010165,DF
2024-2025,829570,FW
2024-2025,856495,MF
2024-2025,964154,Off_MF
2024-2025,788141,Off_MF
2024-2025,115365,DF
2024-2025,976575,MF
2024-2025,892924,Off_MF
2024-2025,978285,DF
2024-2025,1000442,MF
2024-2025,976141,MF
2024-2025,99519,DF
2024-2025,123388,DF
2024-2025,838907,FW
2024-2025,138156,DF
2024-2025,229544,DF
2024-2025,249399,MF
2024-2025,962068,Off_MF
2024-2025,193554,MF
2024-2025,822877,Off_MF
2024-2025,939830,FW
2024-2025,143047,DF
2024-2025,98440,DF
2024-2025,111505,FW
2024-2025,369650,DF
2024-2025,155997,DF
2024-2025,960006,MF
2024-2025,33902,FW
2024-2025,357596,Off_MF
2024-2025,322391,MF
2024-2025,803031,DF
2024-2025,954044,DF
2024-2025,123164,DF
2024-2025,979480,DF
2024-2025,962890,MF
2024-2025,1001828,DF
2024-2025,282229,DF
2024-2025,966889,DF
2024-2025,913679,Def_MF
2024-2025,904759,DF
2024-2025,944327,FW
2024-2025,770677,MF
2024-2025,1090374,DF
2024-2025,990169,MF
2024-2025,254119,DF
2024-2025,997183,Off_MF
2024-2025,920391,Def_MF
2024-2025,879810,MF
2024-2025,787751,DF
2024-2025,826195,DF
2024-2025,1018190,FW
2024-2025,825771,DF
2024-2025,899982,Off_MF
2024-2025,349526,Off_MF
2024-2025,818986,DF
2024-2025,1019236,Off_MF
2024-2025,802143,DF
2024-2025,909119,FW
2024-2025,851271,DF
2024-2025,887581,MF
2024-2025,876858,FW
2024-2025,1015287,DF
2024-2025,960080,Off_MF
2024-2025,1085180,FW
2024-2025,284361,DF
2024-2025,996952,FW
2024-2025,1126569,Off_MF
2024-2025,1122806,DF
2024-2025,842364,DF
2024-2025,1136730,DF
2024-2025,255239,DF
2024-2025,886802,DF
2024-2025,1087316,MF
2024-2025,970978,DF
2024-2025,1469180,DF
2024-2025,867442,FW
2024-2025,1128063,DF
2024-2025,136710,MF
2024-2025,1135873,Off_MF
2024-2025,1210848,DF
2024-2025,361420,FW
2024-2025,186845,MF
2024-2025,830142,MF
2024-2025,990821,DF
2024-2025,909485,FW
2024-2025,976381,FW
2024-2025,1138778,DF
2024-2025,1085381,FW
2024-2025,187423,DF
2024-2025,917048,DF
2024-2025,136924,DF
2024-2025,45853,Off_MF
2024-2025,250223,Off_MF
2024-2025,879694,MF
2024-2025,793167,MF
2024-2025,1048889,Off_MF
2024-2025,53739,DF
2024-2025,905264,MF
2024-2025,591706,MF
2024-2025,155818,Off_MF
2024-2025,930191,FW
2024-2025,1097719,DF
2024-2025,1495844,MF
2024-2025,824200,Off_MF
2024-2025,823622,FW
2024-2025,868812,FW
2024-2025,814873,Def_MF
2024-2025,893008,DF
2024-2025,839585,MF
2024-2025,936234,FW
2024-2025,800951,DF
2024-2025,914755,MF
2024-2025,838159,DF
2024-2025,863271,DF
2024-2025,879349,FW
2024-2025,360718,DF
2024-2025,318941,DF
2024-2025,928236,DF
2024-2025,39182,MF
2024-2025,964191,DF
2024-2025,355796,Def_MF
2024-2025,855829,DF
2024-2025,340719,FW
2024-2025,844942,DF
2024-2025,896569,DF
2024-2025,997035,DF
2024-2025,922573,FW
2024-2025,791702,FW
2024-2025,142622,DF
2024-2025,1006387,FW
2024-2025,1048333,FW
2024-2025,806076,Off_MF
2024-2025,1116577,FW
2024-2025,152206,DF
2024-2025,995316,DF
2024-2025,928672,DF
2024-2025,151138,DF
2024-2025,927005,FW
2024-2025,821728,DF
2024-2025,226978,Off_MF
2024-2025,865847,DF
2024-2025,796206,MF
2024-2025,809034,MF
2024-2025,233826,DF
2024-2025,575852,MF
2024-2025,881931,Off_MF
2024-2025,869931,MF
2024-2025,280551,MF
2024-2025,142231,DF
2024-2025,970361,DF
2024-2025,965009,FW
2024-2025,998490,FW
2024-2025,980406,DF
2024-2025,851284,FW
2024-2025,1395746,FW
2024-2025,861324,MF
2024-2025,149732,MF
2024-2025,787885,Def_MF
2024-2025,547410,Off_MF
2024-2025,904832,MF
2024-2025,48480,MF
2024-2025,1157713,DF
2024-2025,343067,MF
2024-2025,1142588,MF
2024-2025,965008,FW
2024-2025,911851,Off_MF
2024-2025,978838,FW
2024-2025,795000,DF
2024-2025,267619,DF
2024-2025,965330,DF
2024-2025,287573,MF
2024-2025,592012,FW
2024-2025,339909,DF
2024-2025,851596,Off_MF
2024-2025,980383,Off_MF
2024-2025,371222,MF
2024-2025,904424,MF
2024-2025,980621,Off_MF
2024-2025,799216,MF
2024-2025,1019322,Off_MF
2024-2025,96538,DF
2024-2025,1128532,MF
2024-2025,962364,FW
2024-2025,147289,MF
2024-2025,1009334,DF
2024-2025,372336,FW
2024-2025,869792,DF
2024-2025,156682,MF
2024-2025,795064,DF
2024-2025,1154657,DF
2024-2025,788216,DF
2024-2025,805078,DF
2024-2025,152813,DF
2024-2025,880218,Off_MF
2024-2025,986397,FW
2024-2025,839981,MF
2024-2025,108579,FW
2024-2025,914501,FW
2024-2025,281277,DF
2024-2025,877013,FW
2024-2025,928124,Off_MF
2024-2025,1031658,DF
2024-2025,1142211,MF
2024-2025,560128,MF
2024-2025,246319,MF
2024-2025,37151,MF
2024-2025,979146,DF
2024-2025,883537,FW
2024-2025,826188,DF
2024-2025,805465,DF
2024-2025,826185,DF
2024-2025,1149011,FW
2024-2025,794412,MF
2024-2025,1130939,FW
2024-2025,928777,MF
2024-2025,260031,FW
2024-2025,328035,DF
2024-2025,958959,DF
2024-2025,1064305,Def_MF
2024-2025,258325,FW
2024-2025,798820,FW
2024-2025,835484,MF
2024-2025,352376,Def_MF
2024-2025,1176744,DF
2024-2025,1513896,DF
2024-2025,135116,DF
2024-2025,914309,FW
2024-2025,171961,FW
2024-2025,914902,FW
2024-2025,372430,DF
2024-2025,165583,DF
2024-2025,985923,MF
2024-2025,906065,MF
2024-2025,839493,DF
2024-2025,856250,DF
2024-2025,814735,DF
2024-2025,835480,FW
2024-2025,908716,DF
2024-2025,54308,DF
2024-2025,914848,DF
2024-2025,1116388,DF
2024-2025,293127,DF
2024-2025,1101232,DF
2024-2025,358108,DF
2024-2025,1107591,FW
2024-2025,1184855,DF
2024-2025,85859,FW
2024-2025,788949,DF
2024-2025,933203,DF
2024-2025,1035996,MF
2024-2025,327755,MF
2024-2025,817957,FW
2024-2025,1092409,DF
2024-2025,262911,DF
2024-2025,250737,Off_MF
2024-2025,1387156,DF
2024-2025,1884145,FW
2024-2025,991011,Off_MF
2024-2025,173883,DF
2024-2025,869856,Off_MF
2024-2025,363856,MF
2024-2025,68332,Def_MF
2024-2025,192442,FW
2024-2025,900003,FW
2024-2025,343971,FW
2024-2025,922759,DF
2024-2025,963298,Off_MF
2024-2025,609206,DF
2024-2025,979232,FW
2024-2025,945062,MF
2024-2025,883262,DF
2024-2025,840414,DF
2024-2025,944656,FW
2024-2025,979563,DF
2024-2025,921789,DF
2024-2025,353138,DF
2024-2025,1526627,DF
2024-2025,896180,MF
2024-2025,305278,DF
2024-2025,377118,DF
2024-2025,827942,DF
2024-2025,1086223,FW
2024-2025,286085,DF
2024-2025,295133,DF
2024-2025,1126175,DF
2024-2025,975800,FW
2024-2025,84972,FW
2024-2025,860307,DF
2024-2025,855663,DF
2024-2025,135666,FW
2024-2025,307702,DF
2024-2025,963198,DF
2024-2025,935564,FW
2024-2025,1396048,DF
2024-2025,843180,DF
2024-2025,345111,FW
2024-2025,1129935,MF
2024-2025,826215,DF
2024-2025,843678,MF
2024-2025,142259,DF
2024-2025,1048422,FW
2024-2025,823984,FW
2024-2025,96535,Off_MF
2024-2025,187207,Off_MF
2024-2025,930245,FW
2024-2025,799041,MF
2024-2025,1142233,DF
2024-2025,360396,DF
2024-2025,974087,MF
2024-2025,1009268,DF
2024-2025,996908,MF
2024-2025,954061,FW
2024-2025,1002920,DF
2024-2025,1122610,MF
2024-2025,362682,DF
2024-2025,1090963,Off_MF
2024-2025,889861,MF
2024-2025,1010421,DF
2024-2025,924378,DF
2024-2025,885864,MF
2024-2025,581302,DF
2024-2025,876599,FW
2024-2025,911853,DF
2024-2025,864921,Off_MF
2024-2025,353154,MF
2024-2025,905163,FW
2024-2025,1020744,DF
2024-2025,997087,FW
2024-2025,927356,DF
2024-2025,842419,DF
2024-2025,910031,Off_MF
2024-2025,886363,Off_MF
2024-2025,328027,FW
2024-2025,555386,FW
2024-2025,895324,MF
2024-2025,1101992,MF
2024-2025,936849,FW
2024-2025,827212,DF
2024-2025,138126,DF
2024-2025,910978,DF
2024-2025,945616,DF
2024-2025,330051,FW
2024-2025,829093,MF
2024-2025,181581,MF
2024-2025,913654,DF
2024-2025,911848,MF
2024-2025,977679,DF
2024-2025,818481,DF
2024-2025,973418,DF
2024-2025,231946,Off_MF
2024-2025,226974,DF
2024-2025,920022,DF
2024-2025,801030,MF
2024-2025,1402913,DF
2024-2025,877201,FW
2024-2025,191204,DF
2024-2025,1084081,DF
2024-2025,892673,MF
2024-2025,827504,DF
2024-2025,984789,DF
2024-2025,177177,DF
2024-2025,150383,MF
2024-2025,1049517,DF
2024-2025,151003,DF
2024-2025,329195,DF
2024-2025,69408,DF
2024-2025,848276,FW
2024-2025,905352,FW
2024-2025,988351,MF
2024-2025,537552,Off_MF
2024-2025,354878,DF
2024-2025,783374,FW
2024-2025,773409,FW
2024-2025,916041,MF
2024-2025,385888,MF
2024-2025,1199043,MF
2024-2025,149593,MF
2024-2025,807291,DF
2024-2025,804621,MF
2024-2025,41789,FW
2024-2025,1002837,DF
2024-2025,331209,Off_MF
2024-2025,798936,DF
2024-2025,227864,DF
2024-2025,170129,DF
2024-2025,933707,MF
2024-2025,846471,DF
2024-2025,293581,FW
2024-2025,141080,DF
2024-2025,1006489,DF
2024-2025,1171451,Off_MF
2024-2025,859025,DF
2024-2025,863133,DF
2024-2025,783278,FW
2024-2025,827506,Off_MF
2024-2025,51665,MF
2024-2025,878938,MF
2024-2025,788027,DF
2024-2025,1049775,DF
2024-2025,835601,FW
2024-2025,965778,DF
2024-2025,254125,DF
2024-2025,845286,Off_MF
2024-2025,596736,DF
2024-2025,928104,DF
2024-2025,1012444,FW
2024-2025,825740,MF
2024-2025,1002033,DF
2024-2025,937324,MF
2024-2025,149479,MF
2024-2025,758168,DF
2024-2025,855832,MF
2024-2025,994546,MF
2024-2025,859773,MF
2024-2025,826171,MF
2024-2025,839956,FW
2024-2025,228981,FW
2024-2025,998950,Off_MF
2024-2025,855835,Off_MF
2024-2025,965828,DF
2024-2025,901882,MF
2024-2025,963493,DF
2024-2025,110783,MF
2024-2025,108515,MF
2024-2025,999028,DF
2024-2025,344847,DF
2024-2025,823941,FW
2024-2025,300522,DF
2024-2025,962408,DF
2024-2025,67647,Off_MF
2024-2025,999070,FW
2024-2025,287887,DF
2024-2025,576266,DF
2024-2025,921369,FW
2024-2025,44864,DF
2024-2025,790989,DF
2024-2025,316148,MF
2024-2025,865912,Off_MF
2024-2025,235672,FW
2024-2025,942116,FW
2024-2025,843200,DF
2024-2025,361696,DF
2024-2025,350560,DF
2024-2025,135256,Def_MF
2024-2025,363860,MF
2024-2025,173827,FW
2024-2025,930189,MF
2024-2025,980637,DF
2024-2025,856714,Off_MF
2024-2025,542038,DF
2024-2025,900433,Off_MF
2024-2025,830127,Off_MF
2024-2025,847030,DF
2024-2025,831005,FW
2024-2025,980634,DF
2024-2025,945830,MF
2024-2025,78893,FW
2024-2025,377302,DF
2024-2025,1089453,DF
2024-2025,569784,MF
2024-2025,259117,MF
2024-2025,826198,FW
2024-2025,787941,MF
2024-2025,1154611,Def_MF
2024-2025,1105779,MF
2024-2025,1402912,FW
2024-2025,876259,MF
2024-2025,790965,FW
2024-2025,138150,DF
2024-2025,81992,DF
2024-2025,891346,DF
2024-2025,811629,MF
2024-2025,814589,DF
2024-2025,992587,MF
2024-2025,946888,MF
2024-2025,979820,MF
2024-2025,237068,Def_MF
2024-2025,252821,DF
2024-2025,117777,MF
2024-2025,949707,DF
2024-2025,826643,FW
2024-2025,1142562,MF
2024-2025,907072,Off_MF
2024-2025,827681,DF
2024-2025,823085,DF
2024-2025,805123,FW
2024-2025,145188,DF
2024-2025,896073,DF
2024-2025,1050692,DF
2024-2025,101882,DF
2024-2025,827679,DF
2024-2025,879346,MF
2024-2025,1015240,DF
2024-2025,146853,DF
2024-2025,986245,DF
2024-2025,974505,Off_MF
2024-2025,928103,DF
2024-2025,37318,FW
2024-2025,187313,MF
2024-2025,962012,DF
2024-2025,50480,FW
2024-2025,966837,MF
2024-2025,886930,DF
2024-2025,985329,Off_MF
2024-2025,227672,DF
2024-2025,253469,DF
2024-2025,805137,DF
2024-2025,893642,DF
2024-2025,552884,FW
2024-2025,891511,FW
2024-2025,1015267,MF
2024-2025,548188,MF
2024-2025,352770,FW
2024-2025,1067582,DF
2024-2025,794939,DF
2024-2025,909991,MF
2024-2025,800417,DF
2024-2025,898815,DF
2024-2025,288205,Off_MF
2024-2025,996928,DF
2024-2025,331737,MF
2024-2025,831808,MF
2024-2025,941168,DF
2024-2025,889785,DF
2024-2025,1028307,MF
2024-2025,839156,FW
2024-2025,100389,MF
2024-2025,877994,DF
2024-2025,363042,DF
2024-2025,254429,DF
2024-2025,927304,DF
2024-2025,830803,DF
2024-2025,106337,MF
2024-2025,965031,DF
2024-2025,893998,DF
2024-2025,900792,DF
2024-2025,861972,DF
2024-2025,910267,DF
2024-2025,876643,DF
2024-2025,797286,DF
2024-2025,1084399,FW
2024-2025,988275,DF
2024-2025,823631,FW
2024-2025,972421,DF
2024-2025,918440,MF
2024-2025,1023567,DF
2024-2025,931278,DF
2024-2025,948261,FW
2024-2025,822518,DF
2024-2025,879674,DF
2024-2025,856719,DF
2024-2025,958982,FW
2024-2025,933641,DF
2024-2025,893549,Off_MF
2024-2025,611210,DF
2024-2025,996911,DF
2024-2025,1064026,DF
2024-2025,863653,DF
2024-2025,904897,MF
2024-2025,1096210,DF
2024-2025,803174,DF
2024-2025,848355,DF
2024-2025,227894,MF
2024-2025,1199282,DF
2024-2025,982780,Off_MF
2024-2025,934354,FW
2024-2025,115516,MF
2024-2025,807116,DF
2024-2025,541578,DF
2024-2025,870360,DF
2024-2025,352736,DF
2024-2025,852404,MF
2024-2025,866469,MF
2024-2025,964994,DF
2024-2025,1144630,DF
2024-2025,88528,DF
2024-2025,153257,DF
2024-2025,151545,DF
2024-2025,99090,DF
2024-2025,836168,DF
2024-2025,1097425,DF
2024-2025,894474,DF
2024-2025,987650,MF
2024-2025,159665,FW
2024-2025,332155,DF
2024-2025,927083,FW
2024-2025,848287,DF
2024-2025,958916,DF
2024-2025,786175,DF
2025-2026,151581,DF
2025-2026,980732,DF
2025-2026,1884150,MF
2025-2026,1410178,MF
2025-2026,1212165,FW
2025-2026,1861678,FW
2025-2026,1430809,FW
2025-2026,2205650,FW
2025-2026,928879,FW
2025-2026,1214843,Off_MF
2025-2026,1424191,DF
2025-2026,1134525,FW
2025-2026,1142573,Off_MF
2025-2026,1429059,MF
2025-2026,1417034,FW
2025-2026,1937851,MF
2025-2026,1470008,Off_MF
2025-2026,914749,Def_MF
2025-2026,2198232,DF
2025-2026,1211005,Off_MF
2025-2026,1011895,FW
2025-2026,1135605,FW
2025-2026,1822931,FW
2025-2026,966836,FW
2025-2026,2007889,Def_MF
2025-2026,979210,MF
2025-2026,964106,Def_MF
2025-2026,758666,MF
2025-2026,232306,FW
2025-2026,2115056,DF
2025-2026,1392812,Off_MF
2025-2026,235460,MF
2025-2026,870038,FW
2025-2026,1937806,FW
2025-2026,1545190,FW
2025-2026,1891025,Def_MF
2025-2026,1905699,Def_MF
2025-2026,1899712,DF
2025-2026,254713,DF
2025-2026,1149293,DF
2025-2026,1927719,Off_MF
2025-2026,1482463,FW
2025-2026,850971,FW
2025-2026,1090010,DF
2025-2026,1491660,FW
2025-2026,907530,DF
2025-2026,591750,MF
2025-2026,936848,Off_MF
2025-2026,1397347,DF
2025-2026,153444,DF
2025-2026,807400,Off_MF
2025-2026,602164,Off_MF
2025-2026,2007717,MF
2025-2026,1467990,Off_MF
2025-2026,1398204,MF
2025-2026,1922996,FW
2025-2026,1895197,Off_MF
2025-2026,1177565,FW
2025-2026,804472,MF
2025-2026,361326,Off_MF
2025-2026,1403088,MF
2025-2026,1489220,Def_MF
2025-2026,1153193,MF
2025-2026,2369898,FW
2025-2026,1928235,DF
2025-2026,1164381,Off_MF
2025-2026,1005725,Def_MF
2025-2026,812946,Off_MF
2025-2026,1014651,Def_MF
2025-2026,914691,Off_MF
2025-2026,1801193,DF
2025-2026,1927696,FW
2025-2026,1418624,Def_MF
2025-2026,161325,DF
2025-2026,1201520,DF
2025-2026,1928232,MF
2025-2026,1481370,MF
2025-2026,1819178,FW
2025-2026,963801,FW
2025-2026,1165722,DF
2025-2026,1976732,FW
2025-2026,1937040,DF
2025-2026,76632,DF
2025-2026,1521250,FW
2025-2026,1386639,FW
2025-2026,1121333,Off_MF
2025-2026,361790,MF
2025-2026,1163083,FW
2025-2026,1427148,FW
2025-2026,945768,FW
2025-2026,790977,DF
2025-2026,2189165,Off_MF
2025-2026,1415436,DF
2025-2026,1126692,MF
2025-2026,1548439,DF
2025-2026,1139724,DF
2025-2026,978301,MF
2025-2026,150396,DF
2025-2026,1590761,FW
2025-2026,2250107,FW
2025-2026,280631,FW
2025-2026,1587196,DF
2025-2026,1010891,FW
2025-2026,826492,FW
2025-2026,1465865,FW
2025-2026,1513466,DF
2025-2026,1013041,MF
2025-2026,1438837,FW
2025-2026,1008245,MF
2025-2026,801411,DF
2025-2026,1394099,FW
2025-2026,187423,DF
2025-2026,1985103,FW
2025-2026,791566,MF
2025-2026,1464642,FW
2025-2026,928814,DF
2025-2026,857480,Off_MF
2025-2026,1492676,DF
2025-2026,826183,MF
2025-2026,1518564,FW
2025-2026,989203,Off_MF
2025-2026,292665,MF
2025-2026,930231,DF
2025-2026,1860172,Def_MF
2025-2026,349526,Off_MF
2025-2026,156019,MF
2025-2026,944899,DF
2025-2026,906276,FW
2025-2026,1151851,FW
2025-2026,1403018,DF
2025-2026,869931,MF
2025-2026,1167066,FW
2025-2026,1606641,MF
2025-2026,1901143,DF
2025-2026,2238900,MF
2025-2026,1065051,FW
2025-2026,827192,DF
2025-2026,1503757,FW
2025-2026,1520814,FW
2025-2026,857471,FW
2025-2026,1526933,DF
2025-2026,1136702,Off_MF
2025-2026,1012409,MF
2025-2026,1117025,Off_MF
2025-2026,885864,MF
2025-2026,1406171,MF
2025-2026,2114948,Def_MF
2025-2026,1029456,FW
2025-2026,2192753,DF
2025-2026,1113488,Off_MF
2025-2026,27028,FW
2025-2026,1587199,Off_MF
2025-2026,795005,DF
2025-2026,204286,FW
2025-2026,357584,DF
2025-2026,1895833,FW
2025-2026,1134578,FW
2025-2026,1090681,DF
2025-2026,319853,DF
2025-2026,1426222,Def_MF
2025-2026,1615784,FW
2025-2026,1457536,DF
2025-2026,1518971,Off_MF
2025-2026,1891021,Off_MF
2025-2026,849731,DF
2025-2026,1402726,MF
2025-2026,352562,DF
2025-2026,135256,Def_MF
2025-2026,1895829,Def_MF
2025-2026,1523623,FW
2025-2026,151900,DF
2025-2026,1459764,Off_MF
2025-2026,1068286,DF
2025-2026,955245,Off_MF
2025-2026,2245371,FW
2025-2026,1895964,DF
2025-2026,280439,FW
2025-2026,1016893,FW
2025-2026,842513,DF
2025-2026,1154861,FW
2025-2026,841985,FW
2025-2026,1130950,Off_MF
2025-2026,1545297,DF
2025-2026,1922473,DF
2025-2026,1495719,DF
2025-2026,1516812,MF
2025-2026,1482433,FW
2025-2026,365802,MF
2025-2026,1170523,MF
2025-2026,1403216,FW
2025-2026,991604,FW
2025-2026,988632,FW
2025-2026,1137131,DF
2025-2026,111802,MF
2025-2026,2017474,FW
2025-2026,1639543,FW
2025-2026,920680,DF
2025-2026,1652590,DF
2025-2026,136710,Def_MF
2025-2026,982316,DF
2025-2026,1168513,DF
2025-2026,882592,MF
2025-2026,1099175,FW
2025-2026,1551242,Def_MF
2025-2026,1083410,MF
2025-2026,1482457,MF
2025-2026,94758,DF
2025-2026,21949,Off_MF
2025-2026,1474296,FW
2025-2026,147745,FW
2025-2026,1605225,DF
2025-2026,983816,MF
2025-2026,1823916,MF
2025-2026,829581,FW
2025-2026,886628,Off_MF
2025-2026,1469180,DF
2025-2026,146852,FW
2025-2026,148256,Def_MF
2025-2026,1216080,MF
2025-2026,357752,DF
2025-2026,826139,FW
2025-2026,871621,Off_MF
2025-2026,254449,DF
2025-2026,816810,FW
2025-2026,842869,DF
2025-2026,1917626,FW
2025-2026,2070311,FW
2025-2026,845464,MF
2025-2026,1149152,Off_MF
2025-2026,1155321,FW
2025-2026,1390490,DF
2025-2026,1008456,DF
2025-2026,1516047,Off_MF
2025-2026,136322,DF
2025-2026,1086346,DF
2025-2026,1016810,Off_MF
2025-2026,96369,FW
2025-2026,1386651,Off_MF
2025-2026,823631,FW
2025-2026,1157382,Off_MF
2025-2026,1430667,Off_MF
2025-2026,1018547,FW
2025-2026,940236,DF
2025-2026,108673,Off_MF
2025-2026,1149288,Off_MF
2025-2026,826013,FW
2025-2026,845025,MF
2025-2026,1495856,DF
2025-2026,1953923,Off_MF
2025-2026,1525361,DF
2025-2026,153218,DF
2025-2026,353250,DF
2025-2026,1936816,FW
2025-2026,143040,MF
2025-2026,1657108,Off_MF
2025-2026,826205,DF
2025-2026,809219,DF
2025-2026,254297,FW
2025-2026,1155571,FW
2025-2026,1117026,Def_MF
2025-2026,1914318,FW
2025-2026,985262,DF
2025-2026,123228,FW
2025-2026,1937795,DF
2025-2026,995671,FW
2025-2026,327863,DF
2025-2026,1162309,FW
2025-2026,1484974,FW
2025-2026,857229,DF
2025-2026,934351,DF
2025-2026,1021075,Off_MF
2025-2026,103417,Off_MF
2025-2026,1394735,FW
2025-2026,1101942,FW
2025-2026,1910643,DF
2025-2026,174975,DF
2025-2026,949780,FW
2025-2026,220223,FW
2025-2026,259995,DF
2025-2026,825901,FW
2025-2026,1945133,DF
2025-2026,782240,MF
2025-2026,1562126,MF
2025-2026,19352,DF
2025-2026,132704,FW
2025-2026,1002564,DF
2025-2026,14990,FW
2025-2026,1152923,DF
2025-2026,1618563,FW
2025-2026,363774,DF
2025-2026,1568511,DF
2025-2026,336655,FW
2025-2026,1394353,Off_MF
2025-2026,1087476,Off_MF
2025-2026,1020141,DF
2025-2026,121180,DF
2025-2026,1910527,MF
2025-2026,1009268,DF
2025-2026,1068891,DF
2025-2026,1013239,MF
2025-2026,1884145,FW
2025-2026,1414933,FW
2025-2026,78781,Off_MF
2025-2026,1154647,FW
2025-2026,845486,MF
2025-2026,1142094,MF
2025-2026,1520799,FW
2025-2026,942937,MF
2025-2026,907667,Off_MF
2025-2026,1568535,Off_MF
2025-2026,1130111,FW
2025-2026,1092515,Off_MF
2025-2026,873947,FW
2025-2026,175753,FW
2025-2026,988037,DF
2025-2026,1099344,FW
2025-2026,252815,DF
2025-2026,1499870,DF
2025-2026,1463503,FW
2025-2026,1128638,FW
2025-2026,1545023,MF
2025-2026,1493157,FW
2025-2026,844480,Off_MF
2025-2026,356032,DF
2025-2026,850823,FW
2025-2026,1897492,DF
2025-2026,377512,Def_MF
2025-2026,876858,FW
2025-2026,49639,MF
2025-2026,930813,DF
2025-2026,328145,FW
2025-2026,855864,DF
2025-2026,1003334,Off_MF
2025-2026,1126588,Off_MF
2025-2026,1401702,Off_MF
2025-2026,2318284,FW
2025-2026,978521,FW
2025-2026,1028306,DF
2025-2026,1129751,DF
2025-2026,1014987,DF
2025-2026,1862226,FW
2025-2026,791642,DF
2025-2026,873717,MF
2025-2026,235538,FW
2025-2026,135264,FW
2025-2026,1508537,FW
2025-2026,1596105,MF
2025-2026,994529,FW
2025-2026,287643,DF
2025-2026,1888501,FW
2025-2026,1861665,Off_MF
2025-2026,1426577,FW
2025-2026,1144143,DF
2025-2026,1153083,Off_MF
2025-2026,941179,DF
2025-2026,1392054,Off_MF
2025-2026,1597197,Off_MF
2025-2026,839925,MF
2025-2026,1807070,DF
2025-2026,1019318,FW
2025-2026,1512354,Off_MF
2025-2026,1500263,DF
2025-2026,888537,FW
2025-2026,1403061,FW
2025-2026,1174472,FW
2025-2026,1399702,DF
2025-2026,1506932,Def_MF
2025-2026,1406130,DF
2025-2026,1069488,MF
2025-2026,1894085,DF
2025-2026,932764,FW
2025-2026,1086128,FW
2025-2026,344129,Off_MF
2025-2026,1106573,MF
2025-2026,1416535,FW
2025-2026,1462434,FW
2025-2026,887766,Off_MF
2025-2026,2277165,Off_MF
2025-2026,2198657,FW
2025-2026,1893910,FW
2025-2026,1979970,DF
2025-2026,947929,Off_MF
2025-2026,869275,Off_MF
2025-2026,1514800,FW
2025-2026,1442036,DF
2025-2026,798820,FW
2025-2026,975300,FW
2025-2026,136922,DF
2025-2026,845386,FW
2025-2026,831290,FW
2025-2026,1426224,MF
2025-2026,975811,FW
2025-2026,1418703,FW
2025-2026,1094440,FW
2025-2026,877371,MF
2025-2026,858194,Off_MF
2025-2026,848355,DF
2025-2026,1046028,FW
2025-2026,962364,FW
2025-2026,794839,FW
2025-2026,1126175,DF
2025-2026,855808,FW
2025-2026,1136731,DF
2025-2026,793988,Off_MF
2025-2026,1536811,FW
2025-2026,954044,DF
2025-2026,1140859,FW
2025-2026,66492,DF
2025-2026,32048,FW
2025-2026,1464025,Off_MF
2025-2026,980406,DF
2025-2026,186795,DF
2025-2026,893642,DF
2025-2026,826167,DF
2025-2026,2077075,DF
2025-2026,1120947,DF
2025-2026,1066045,Off_MF
2025-2026,152077,DF
2025-2026,286165,FW
2025-2026,796455,FW
2025-2026,1048333,FW
2025-2026,856065,DF
2025-2026,1546267,FW
2025-2026,902381,FW
2025-2026,359742,MF
2025-2026,1494096,DF
2025-2026,980418,DF
2025-2026,825740,MF
2025-2026,808590,Off_MF
2025-2026,1131581,FW
2025-2026,904827,DF
2025-2026,218616,FW
2025-2026,1049528,Off_MF
2025-2026,1133715,DF
2025-2026,826069,FW
2025-2026,1153265,FW
2025-2026,357598,FW
2025-2026,591132,FW
2025-2026,990743,Off_MF
2025-2026,928295,FW
2025-2026,168937,DF
2025-2026,139410,DF
2025-2026,894396,FW
2025-2026,126588,DF
2025-2026,850035,DF
2025-2026,76132,FW
2025-2026,1000263,FW
2025-2026,1140599,FW
2025-2026,1183625,DF
2025-2026,1009661,MF
2025-2026,547838,MF
2025-2026,1048889,Off_MF
2025-2026,1130946,Off_MF
2025-2026,255239,DF
2025-2026,1198264,Def_MF
2025-2026,1402908,DF
2025-2026,47743,DF
2025-2026,1146250,DF
2025-2026,3041,DF
2025-2026,359664,FW
2025-2026,14718,DF
2025-2026,2073555,DF
2025-2026,965357,FW
2025-2026,892430,DF
2025-2026,937324,MF
2025-2026,2142283,FW
2025-2026,1049775,DF
2025-2026,838399,DF
2025-2026,1000150,FW
2025-2026,856737,DF
2025-2026,846471,DF
2025-2026,893962,DF
2025-2026,128637,DF
2025-2026,1170722,DF
2025-2026,1499991,DF
2025-2026,103442,DF
2025-2026,215246,FW
2025-2026,1606642,FW
2025-2026,122848,DF
2025-2026,988801,MF
2025-2026,855837,DF
2025-2026,843665,DF
2025-2026,998951,FW
2025-2026,575852,MF
2025-2026,1627560,MF
2025-2026,805123,FW
2025-2026,976410,DF
2025-2026,1087043,DF
2025-2026,997103,DF
2025-2026,1216282,Off_MF
2025-2026,1162611,FW
2025-2026,797306,DF
2025-2026,978327,FW
2025-2026,1526934,DF
2025-2026,918437,FW
2025-2026,1146091,FW
2025-2026,1862843,DF
2025-2026,963298,FW
2025-2026,981470,DF
2025-2026,788921,Off_MF
2025-2026,1005834,FW
2025-2026,1130942,Off_MF
2025-2026,1470032,FW
2025-2026,123976,MF
2025-2026,910076,FW
2025-2026,353154,Off_MF
2025-2026,1995809,Off_MF
2025-2026,828639,FW
2025-2026,1402698,FW
2025-2026,1027091,DF
2025-2026,808955,DF
2025-2026,848458,DF
2025-2026,1103693,MF
2025-2026,72998,MF
2025-2026,835600,Off_MF
2025-2026,1881902,FW
2025-2026,1152139,DF
2025-2026,836705,FW
2025-2026,1152505,FW
2025-2026,1084043,DF
2025-2026,1012179,Off_MF
2025-2026,365812,DF
2025-2026,115665,FW
2025-2026,96544,MF
2025-2026,152446,DF
2025-2026,139273,DF
2025-2026,1129527,Off_MF
2025-2026,1155383,Def_MF
2025-2026,828239,DF
2025-2026,888854,Off_MF
2025-2026,801837,DF
2025-2026,43215,DF
2025-2026,158615,MF
2025-2026,1092769,FW
2025-2026,998830,DF
2025-2026,1018179,FW
2025-2026,1069703,DF
2025-2026,1389689,MF
2025-2026,1090694,DF
2025-2026,1482424,Off_MF
2025-2026,1069560,FW
2025-2026,800400,Off_MF
2025-2026,892924,Off_MF
2025-2026,800252,Off_MF
2025-2026,138156,DF
2025-2026,111969,MF
2025-2026,1131448,DF
2025-2026,98212,DF
2025-2026,846252,MF
2025-2026,1471095,Off_MF
2025-2026,1010223,Off_MF
2025-2026,218160,FW
2025-2026,796320,DF
2025-2026,168987,FW
2025-2026,839585,Def_MF
2025-2026,786259,DF
2025-2026,318927,DF
2025-2026,132645,FW
2025-2026,1003007,DF
2025-2026,40672,Def_MF
2025-2026,877835,FW
2025-2026,962064,Off_MF
2025-2026,1513469,Off_MF
2025-2026,1468090,FW
2025-2026,45925,Off_MF
2025-2026,983815,MF
2025-2026,1166832,FW
2025-2026,209768,Def_MF
2025-2026,1138150,DF
2025-2026,814360,DF
2025-2026,1162107,FW
2025-2026,917007,FW
2025-2026,875136,FW
2025-2026,1150952,DF
2025-2026,191188,MF
2025-2026,387220,DF
2025-2026,839898,Off_MF
2025-2026,91046,DF
2025-2026,1048009,DF
2025-2026,846445,Off_MF
2025-2026,41605,DF
2025-2026,888219,FW
2025-2026,835480,FW
2025-2026,891505,FW
2025-2026,1015164,DF
2025-2026,891511,FW
2025-2026,910536,FW
2025-2026,891931,Def_MF
2025-2026,309546,FW
2025-2026,217784,DF
2025-2026,1926085,FW
2025-2026,1173575,Off_MF
2025-2026,1386065,MF
2025-2026,1094758,DF
2025-2026,367056,FW
2025-2026,319861,FW
2025-2026,862697,DF
2025-2026,1405239,FW
2025-2026,146101,DF
2025-2026,1177723,FW
2025-2026,1130067,DF
2025-2026,1165371,DF
2025-2026,989371,MF
2025-2026,1520771,FW
2025-2026,1064082,Off_MF
2025-2026,1088897,DF
2025-2026,1918369,DF
2025-2026,985199,FW
2025-2026,1403050,DF
2025-2026,149663,DF
2025-2026,1034082,MF
2025-2026,1398518,Off_MF
2025-2026,45923,FW
2025-2026,758664,MF
2025-2026,846036,DF
2025-2026,823941,FW
2025-2026,966869,DF
2025-2026,1029018,Off_MF
2025-2026,1097453,Def_MF
2025-2026,1423711,DF
2025-2026,557166,FW
2025-2026,785468,DF
2025-2026,341589,MF
2025-2026,1087364,DF
2025-2026,229544,DF
2025-2026,1017392,Off_MF
2025-2026,873554,FW
2025-2026,879543,DF
2025-2026,1129401,MF
2025-2026,1064842,MF
2025-2026,1424353,DF
2025-2026,891829,MF
2025-2026,1568522,Off_MF
2025-2026,149732,MF
2025-2026,933398,DF
2025-2026,1402217,Off_MF
2025-2026,1397934,DF
2025-2026,1210995,MF
2025-2026,1198075,Off_MF
2025-2026,885664,MF
2025-2026,1025895,Def_MF
2025-2026,1046796,Off_MF
2025-2026,802034,DF
2025-2026,1630975,DF
2025-2026,1195784,FW
2025-2026,1168588,FW
2025-2026,356352,DF
2025-2026,1394089,FW
2025-2026,344751,MF
2025-2026,999231,FW
2025-2026,1004790,FW
2025-2026,1088896,FW
2025-2026,984527,DF
2025-2026,1123175,DF
2025-2026,369866,MF
2025-2026,1423504,MF
2025-2026,865651,FW
2025-2026,1012172,FW
2025-2026,143047,DF
2025-2026,879875,DF
2025-2026,1526618,MF
2025-2026,361780,DF
2025-2026,352668,DF
2025-2026,824200,FW
2025-2026,791,MF
2025-2026,246999,Off_MF
2025-2026,907668,MF
2025-2026,995316,DF
2025-2026,1014540,DF
2025-2026,82566,MF
2025-2026,369650,DF
2025-2026,208988,DF
2025-2026,1545409,DF
2025-2026,842922,FW
2025-2026,1127191,MF
2025-2026,1545376,FW
2025-2026,966802,MF
2025-2026,788784,DF
2025-2026,1398511,DF
2025-2026,904991,DF
2025-2026,1101174,Off_MF
2025-2026,1406007,FW
2025-2026,825719,DF
2025-2026,954076,Off_MF
2025-2026,905381,FW
2025-2026,1868591,MF
2025-2026,1149127,MF
2025-2026,1084311,Off_MF
2025-2026,910024,FW
2025-2026,1021165,DF
2025-2026,914835,DF
2025-2026,1513896,DF
2025-2026,135116,DF
2025-2026,989113,FW
2025-2026,795508,MF
2025-2026,1103079,DF
2025-2026,1026015,FW
2025-2026,788170,DF
2025-2026,1404639,DF
2025-2026,868958,MF
2025-2026,794294,DF
2025-2026,146853,DF
2025-2026,1409700,DF
2025-2026,3577,DF
2025-2026,1597265,FW
2025-2026,997583,MF
2025-2026,787889,MF
2025-2026,965009,FW
2025-2026,805096,DF
2025-2026,1122603,FW
2025-2026,1048366,DF
2025-2026,98435,MF
2025-2026,1402924,DF
2025-2026,1110842,FW
2025-2026,970778,Off_MF
2025-2026,996985,FW
2025-2026,1035619,FW
2025-2026,66518,MF
2025-2026,1142149,MF
2025-2026,796987,MF
2025-2026,975800,FW
2025-2026,845742,MF
2025-2026,966441,DF
2025-2026,795044,FW
2025-2026,851100,FW
2025-2026,170129,DF
2025-2026,920379,Off_MF
2025-2026,990169,MF
2025-2026,867441,MF
2025-2026,965264,DF
2025-2026,892141,FW
2025-2026,1089108,Off_MF
2025-2026,158233,FW
2025-2026,846425,MF
2025-2026,1127823,DF
2025-2026,862223,Off_MF
2025-2026,548188,MF
2025-2026,50480,FW
2025-2026,992331,FW
2025-2026,842526,Def_MF
2025-2026,993455,MF
2025-2026,1494826,FW
2025-2026,1019236,Off_MF
2025-2026,1172477,FW
2025-2026,1127590,Off_MF
2025-2026,850993,FW
2025-2026,1138856,FW
2025-2026,979315,FW
2025-2026,1103141,FW
2025-2026,111483,MF
2025-2026,915812,Off_MF
2025-2026,184421,DF
2025-2026,848512,Off_MF
2025-2026,316148,MF
2025-2026,873106,DF
2025-2026,1008402,DF
2025-2026,125407,FW
2025-2026,851271,DF
2025-2026,605374,FW
2025-2026,930245,FW
2025-2026,873189,DF
2025-2026,1445799,DF
2025-2026,837205,MF
2025-2026,994556,Off_MF
2025-2026,1000175,FW
2025-2026,17651,MF
2025-2026,333261,FW
2025-2026,989186,DF
2025-2026,979144,DF
2025-2026,558320,DF
2025-2026,840951,DF
2025-2026,867887,MF
2025-2026,1145100,DF
2025-2026,1613917,FW
2025-2026,1391375,FW
2025-2026,851596,Off_MF
2025-2026,238612,DF
2025-2026,1119586,MF
2025-2026,352544,Off_MF
2025-2026,875890,FW
2025-2026,970928,Off_MF
2025-2026,1177401,DF
2025-2026,273405,DF
2025-2026,1035752,MF
2025-2026,813574,DF
2025-2026,155818,Off_MF
2025-2026,868715,DF
2025-2026,996929,DF
2025-2026,873347,DF
2025-2026,105951,Def_MF
2025-2026,1418623,Off_MF
2025-2026,931278,DF
2025-2026,138572,DF
2025-2026,942834,FW
2025-2026,832208,FW
2025-2026,1019125,Off_MF
2025-2026,1006073,FW
2025-2026,1391251,Off_MF
2025-2026,829570,FW
2025-2026,1031548,FW
2025-2026,45512,FW
2025-2026,1397558,DF
2025-2026,972523,MF
2025-2026,1142606,FW
2025-2026,143334,DF
2025-2026,309156,FW
2025-2026,322391,Off_MF
2025-2026,839493,DF
2025-2026,842399,Off_MF
2025-2026,1402716,FW
2025-2026,1142679,FW
2025-2026,894733,Off_MF
2025-2026,973437,DF
2025-2026,35428,FW
2025-2026,1128530,MF
2025-2026,1590918,FW
2025-2026,1015256,FW
2025-2026,1170560,Def_MF
2025-2026,1000483,MF
2025-2026,361420,FW
2025-2026,1003012,MF
2025-2026,1445628,MF
2025-2026,1144630,DF
2025-2026,1019442,Off_MF
2025-2026,1002813,DF
2025-2026,987491,FW
2025-2026,888550,Off_MF
2025-2026,997033,Off_MF
2025-2026,877037,FW
2025-2026,142390,Off_MF
2025-2026,1142612,MF
2025-2026,1154894,MF
2025-2026,949156,MF
2025-2026,836694,Off_MF
2025-2026,877979,FW
2025-2026,944629,MF
2025-2026,847030,DF
2025-2026,1010220,DF
2025-2026,873534,DF
2025-2026,1154898,MF
2025-2026,980624,Off_MF
2025-2026,921033,FW
2025-2026,592010,Off_MF
2025-2026,845693,Off_MF
2025-2026,35532,FW
2025-2026,1112879,FW
2025-2026,1085381,FW
2025-2026,809276,FW
2025-2026,1210666,DF
2025-2026,983540,FW
2025-2026,254119,DF
2025-2026,980383,FW
2025-2026,895868,MF
2025-2026,928800,MF
2025-2026,805465,DF
2025-2026,866191,MF
2025-2026,989894,DF
2025-2026,1403559,FW
2025-2026,106662,DF
2025-2026,155995,DF
2025-2026,1065216,Off_MF
2025-2026,1407484,DF
2025-2026,952222,DF
2025-2026,1548910,DF
2025-2026,962068,Off_MF
2025-2026,1031283,DF
2025-2026,754710,FW
2025-2026,818244,FW
2025-2026,1088565,Off_MF
2025-2026,875548,Off_MF
2025-2026,604954,FW
2025-2026,1122806,DF
2025-2026,970361,FW
2025-2026,1410231,FW
2025-2026,169255,Def_MF
2025-2026,925097,DF
2025-2026,893640,FW
2025-2026,219572,DF
2025-2026,795066,FW
2025-2026,822470,FW
2025-2026,922573,FW
2025-2026,946158,DF
2025-2026,965950,DF
2025-2026,925910,FW
2025-2026,1112796,FW
2025-2026,962883,Off_MF
2025-2026,1022204,FW
2025-2026,949722,MF
2025-2026,1384847,DF
2025-2026,1493689,FW
2025-2026,1155625,FW
2025-2026,101882,DF
2025-2026,803185,FW
2025-2026,928672,DF
2025-2026,988252,DF
2025-2026,2193194,MF
2025-2026,1201388,MF
2025-2026,44566,DF
2025-2026,945830,MF
2025-2026,822600,MF
2025-2026,1149113,MF
2025-2026,940328,FW
2025-2026,1128063,DF
2025-2026,597876,DF
2025-2026,1013842,DF
2025-2026,802142,FW
2025-2026,1089388,Def_MF
2025-2026,991478,FW
2025-2026,1083007,FW
2025-2026,161717,MF
2025-2026,1009334,DF
2025-2026,280551,DF
2025-2026,800408,MF
2025-2026,842188,MF
2025-2026,1002347,DF
2025-2026,844096,FW
2025-2026,38162,FW
2025-2026,345195,FW
2025-2026,964119,DF
2025-2026,784655,MF
2025-2026,1174761,DF
2025-2026,139235,DF
2025-2026,1084730,FW
2025-2026,996820,MF
2025-2026,789192,FW
2025-2026,1014493,DF
2025-2026,997087,FW
2025-2026,822519,DF
2025-2026,149728,FW
2025-2026,844744,DF
2025-2026,2127096,MF
2025-2026,981604,FW
2025-2026,284441,Off_MF
2025-2026,1649919,FW
2025-2026,19356,FW
2025-2026,1086223,FW
2025-2026,981168,DF
2025-2026,151138,DF
2025-2026,362014,DF
2025-2026,1153079,DF
2025-2026,1514916,FW
2025-2026,919027,DF
2025-2026,1089582,MF
2025-2026,70996,Off_MF
2025-2026,795064,DF
2025-2026,803031,DF
2025-2026,1050692,DF
2025-2026,873551,FW
2025-2026,1440948,Off_MF
2025-2026,1067204,Off_MF
2025-2026,877980,FW
2025-2026,1526628,Off_MF
2025-2026,944327,FW
2025-2026,325355,DF
2025-2026,1069244,FW
2025-2026,1100836,FW
2025-2026,1049515,DF
2025-2026,910121,MF
2025-2026,1100354,DF
2025-2026,822110,DF
2025-2026,262911,DF
2025-2026,935543,FW
2025-2026,1131339,DF
2025-2026,871765,MF
2025-2026,1401005,FW
2025-2026,1407848,DF
2025-2026,982778,DF
2025-2026,904970,MF
2025-2026,326471,MF
2025-2026,914755,MF
2025-2026,1137814,MF
2025-2026,817979,DF
2025-2026,927405,Off_MF
2025-2026,293127,DF
2025-2026,286909,DF
2025-2026,940054,Off_MF
2025-2026,21555,DF
2025-2026,149370,MF
2025-2026,1102503,FW
2025-2026,855731,FW
2025-2026,1174937,FW
2025-2026,294597,FW
2025-2026,142148,DF
2025-2026,966547,FW
2025-2026,305278,DF
2025-2026,187433,Off_MF
2025-2026,1391752,Off_MF
2025-2026,842364,DF
2025-2026,1047484,FW
2025-2026,606346,DF
2025-2026,859999,DF
2025-2026,229740,DF
2025-2026,1035695,Off_MF
2025-2026,917485,FW
2025-2026,909966,FW
2025-2026,989768,DF
2025-2026,845273,Off_MF
2025-2026,1009386,Off_MF
2025-2026,960114,DF
2025-2026,787941,MF
2025-2026,1084399,Off_MF
2025-2026,960080,FW
2025-2026,788141,Off_MF
2025-2026,575952,FW
2025-2026,861981,Off_MF
2025-2026,113956,FW
2025-2026,1169436,FW
2025-2026,892521,DF
2025-2026,945532,DF
2025-2026,2110897,MF
2025-2026,1126779,Off_MF
2025-2026,2029648,FW
2025-2026,1005648,DF
2025-2026,2137784,FW
2025-2026,979479,FW
2025-2026,191182,Off_MF
2025-2026,1105779,MF
2025-2026,1428699,DF
2025-2026,1861975,Off_MF
2025-2026,1135873,FW
2025-2026,835485,FW
2025-2026,962408,DF
2025-2026,368120,MF
2025-2026,1190933,Off_MF
2025-2026,922928,DF
2025-2026,991824,FW
2025-2026,797596,MF
2025-2026,252343,DF
2025-2026,1175821,MF
2025-2026,359272,MF
2025-2026,1129382,DF
2025-2026,34120,FW
2025-2026,576266,DF
2025-2026,1154657,DF
2025-2026,930189,MF
2025-2026,1131002,FW
2025-2026,609752,MF
2025-2026,1546231,Off_MF
2025-2026,1398526,MF
2025-2026,944165,FW
2025-2026,1199247,FW
2025-2026,944660,Off_MF
2025-2026,998241,DF
2025-2026,1083382,DF
2025-2026,1485391,DF
2025-2026,1004505,Off_MF
2025-2026,978062,Off_MF
2025-2026,807301,FW
2025-2026,934510,FW
2025-2026,1129935,DF
2025-2026,158243,DF
2025-2026,303638,DF
2025-2026,1085913,DF
2025-2026,871886,MF
2025-2026,759520,DF
2025-2026,859769,MF
2025-2026,1464641,MF
2025-2026,859026,FW
2025-2026,980634,DF
2025-2026,848279,DF
2025-2026,831799,DF
2025-2026,997012,FW
2025-2026,599128,DF
2025-2026,911679,MF
2025-2026,1146148,FW
2025-2026,979232,FW
2025-2026,190405,MF
2025-2026,1001858,DF
2025-2026,814023,DF
2025-2026,983572,DF
2025-2026,939830,FW
2025-2026,95381,Off_MF
2025-2026,1120669,MF
2025-2026,1154935,FW
2025-2026,1471671,DF
2025-2026,1000442,MF
2025-2026,146866,FW
2025-2026,1649918,FW
2025-2026,1100646,Off_MF
2025-2026,256219,FW
2025-2026,976025,DF
2025-2026,966849,DF
2025-2026,1154605,FW
2025-2026,1048888,FW
2025-2026,866810,DF
2025-2026,1961626,MF
2025-2026,1130307,Off_MF
2025-2026,985086,DF
2025-2026,962029,FW
2025-2026,980410,MF
2025-2026,861850,FW
2025-2026,805078,DF
2025-2026,547410,Off_MF
2025-2026,901907,FW
2025-2026,841947,MF
2025-2026,814594,DF
2025-2026,964994,DF
2025-2026,983066,DF
2025-2026,860307,DF
2025-2026,1127313,MF
2025-2026,769333,FW
2025-2026,1634980,DF
2025-2026,280991,MF
2025-2026,1180758,FW
2025-2026,1094106,DF
2025-2026,1410148,MF
2025-2026,126816,DF
2025-2026,826185,DF
2025-2026,831005,FW
2025-2026,982613,Def_MF
2025-2026,580550,DF
2025-2026,851282,DF
2025-2026,877013,FW
2025-2026,355486,DF
2025-2026,823085,DF
2025-2026,798835,Off_MF
2025-2026,1066042,MF
2025-2026,39182,MF
2025-2026,1002711,MF
2025-2026,877102,DF
2025-2026,1067120,MF
2025-2026,959806,MF
2025-2026,1129360,DF
2025-2026,1102528,Off_MF
2025-2026,826064,Off_MF
2025-2026,1116570,DF
2025-2026,1136896,DF
2025-2026,1128532,Off_MF
2025-2026,1008259,MF
2025-2026,1597145,DF
2025-2026,826204,MF
2025-2026,954061,FW
2025-2026,973418,DF
2025-2026,1194333,DF
2025-2026,970998,MF
2025-2026,852404,MF
2025-2026,1398524,FW
2025-2026,138383,MF
2025-2026,328109,Def_MF
2025-2026,909991,MF
2025-2026,987734,FW
2025-2026,1101232,DF
2025-2026,877302,MF
2025-2026,997152,DF
2025-2026,1405998,DF
2025-2026,1525367,MF
2025-2026,1529051,DF
2025-2026,798936,DF
2025-2026,814873,MF
2025-2026,591706,MF
2025-2026,928796,MF
2025-2026,895592,MF
2025-2026,1142251,MF
2025-2026,1397168,DF
2025-2026,786186,FW
2025-2026,1127788,DF
2025-2026,975937,Off_MF
2025-2026,1390682,FW
2025-2026,876259,MF
2025-2026,85859,FW
2025-2026,555540,Off_MF
2025-2026,826186,DF
2025-2026,803039,FW
2025-2026,1127790,FW
2025-2026,1391616,FW
2025-2026,889259,FW
2025-2026,1119502,Off_MF
2025-2026,859027,MF
2025-2026,908716,DF
2025-2026,803174,DF
2025-2026,142622,DF
2025-2026,944973,DF
2025-2026,360718,DF
2025-2026,542634,FW
2025-2026,1400650,MF
2025-2026,963198,DF
2025-2026,1018190,FW
2025-2026,1142335,MF
2025-2026,851254,DF
2025-2026,1128844,FW
2025-2026,1085950,MF
2025-2026,878081,FW
2025-2026,164511,MF
2025-2026,794953,DF
2025-2026,880218,Off_MF
2025-2026,1048569,DF
2025-2026,1139409,Off_MF
2025-2026,1184248,FW
2025-2026,1418649,DF
2025-2026,857482,MF
2025-2026,910267,DF
2025-2026,827606,MF
2025-2026,920022,DF
2025-2026,284367,DF
2025-2026,792122,MF
2025-2026,788061,FW
2025-2026,839981,MF
2025-2026,917087,Off_MF
2025-2026,972886,DF
2025-2026,577726,DF
2025-2026,971005,FW
2025-2026,1035986,Off_MF
2025-2026,973887,MF
2025-2026,875360,DF
2025-2026,845170,DF
2025-2026,1083832,MF
2025-2026,905163,FW
2025-2026,1173172,DF
2025-2026,806076,Off_MF
2025-2026,1177351,DF
2025-2026,1010726,MF
2025-2026,37151,Off_MF
2025-2026,67769,DF
2025-2026,835484,MF
2025-2026,1142675,FW
2025-2026,921789,DF
2025-2026,894474,DF
2025-2026,1391541,Off_MF
2025-2026,957604,FW
2025-2026,1108441,DF
2025-2026,1019321,FW
2025-2026,849274,MF
2025-2026,1012177,DF
2025-2026,1156616,FW
2025-2026,910031,Off_MF
2025-2026,865523,FW
2025-2026,142231,DF
2025-2026,954056,MF
2025-2026,901325,MF
2025-2026,193554,MF
2025-2026,996910,DF
2025-2026,800417,DF
2025-2026,1090019,FW
2025-2026,69256,DF
2025-2026,142525,DF
2025-2026,906278,DF
2025-2026,910026,FW
2025-2026,976381,FW
2025-2026,798147,FW
2025-2026,802695,DF
2025-2026,973536,FW
2025-2026,378340,FW
2025-2026,999030,DF
2025-2026,907152,MF
2025-2026,927304,DF
2025-2026,872919,FW
2025-2026,944225,DF
2025-2026,1597191,MF
2025-2026,817957,FW
2025-2026,1065261,FW
2025-2026,987489,FW
2025-2026,1190938,Off_MF
2025-2026,827504,DF
2025-2026,887275,FW
2025-2026,976263,DF
2025-2026,1137900,DF
2025-2026,560756,DF
2025-2026,896569,DF
2025-2026,39070,FW
2025-2026,588566,MF
2025-2026,859021,MF
2025-2026,372336,FW
2025-2026,226978,Off_MF
2025-2026,827064,FW
2025-2026,977679,DF
2025-2026,959872,DF
2025-2026,189061,FW
2025-2026,181581,MF
2025-2026,987504,FW
2025-2026,1126569,Off_MF
2025-2026,986397,FW
2025-2026,1516324,DF
2025-2026,1020422,Off_MF
2025-2026,48480,MF
2025-2026,795222,MF
2025-2026,1082981,MF
2025-2026,893549,Off_MF
2025-2026,1197153,MF
2025-2026,135700,MF
2025-2026,909485,FW
2025-2026,796206,MF
2025-2026,869888,DF
2025-2026,41789,FW
2025-2026,1010165,DF
2025-2026,168985,MF
2025-2026,1006489,DF
2025-2026,318963,Off_MF
2025-2026,974581,DF
2025-2026,1142588,MF
2025-2026,149380,DF
2025-2026,949962,FW
2025-2026,1142175,MF
2025-2026,871706,FW
2025-2026,845385,Off_MF
2025-2026,1445625,DF
2025-2026,864169,DF
2025-2026,1199043,MF
2025-2026,1063235,FW
2025-2026,1473491,Off_MF
2025-2026,108484,DF
2025-2026,999276,DF
2025-2026,898815,DF
2025-2026,1085400,FW
2025-2026,975798,Off_MF
2025-2026,905639,Def_MF
2025-2026,797290,DF
2025-2026,1426228,FW
2025-2026,608362,Off_MF
2025-2026,1090963,FW
2025-2026,985923,MF
2025-2026,825271,MF
2025-2026,958982,FW
2025-2026,1210848,DF
2025-2026,128285,DF
2025-2026,1135887,DF
2025-2026,856739,DF
2025-2026,1393673,FW
2025-2026,1156645,DF
2025-2026,1014287,DF
2025-2026,957602,DF
2025-2026,1170693,FW
2025-2026,901892,MF
2025-2026,945448,DF
2025-2026,993389,DF
2025-2026,836711,FW
2025-2026,171961,FW
2025-2026,936849,FW
2025-2026,1515554,FW
2025-2026,891510,FW
2025-2026,1215906,FW
2025-2026,991479,DF
2025-2026,2193204,DF
2025-2026,877544,FW
2025-2026,1029748,FW
2025-2026,923894,DF
2025-2026,945404,DF
2025-2026,355796,MF
2025-2026,371222,MF
2025-2026,934383,DF
2025-2026,1800245,FW
2025-2026,579576,DF
2025-2026,1597260,DF
2025-2026,1017649,FW
2025-2026,1129365,DF
2025-2026,798002,MF
2025-2026,1153315,DF
2025-2026,1010383,MF
2025-2026,84972,FW
2025-2026,996952,FW
2025-2026,1142315,MF
2025-2026,352370,DF
2025-2026,1085180,FW
2025-2026,1426221,DF
2025-2026,253993,MF
2025-2026,186845,Def_MF
2025-2026,1632454,DF
2025-2026,911350,FW
2025-2026,814590,FW
2025-2026,857740,DF
2025-2026,1030829,Off_MF
2025-2026,929199,DF
2025-2026,1156353,Off_MF
2025-2026,991421,Off_MF
2025-2026,350560,DF
2025-2026,913695,DF
2025-2026,966862,Off_MF
2025-2026,1000366,MF
2025-2026,997183,Off_MF
2025-2026,1174462,Off_MF
2025-2026,965011,DF
2025-2026,1930811,DF
2025-2026,923973,Def_MF
2025-2026,998950,FW
2025-2026,979290,Def_MF
2025-2026,800419,MF
2025-2026,1490783,MF
2025-2026,250133,MF
2025-2026,1136399,DF
2025-2026,552036,DF
2025-2026,1087805,DF
2025-2026,1091303,Off_MF
2025-2026,934386,Off_MF
2025-2026,928033,MF
2025-2026,839156,FW
2025-2026,892235,DF
2025-2026,838232,Off_MF
2025-2026,826004,MF
2025-2026,920525,DF
2025-2026,787751,DF
2025-2026,1002837,DF
2025-2026,979128,Off_MF
2025-2026,935564,FW
2025-2026,1426597,DF
2025-2026,1153270,Off_MF
2025-2026,798583,DF
2025-2026,814882,MF
2025-2026,1192318,Off_MF
2025-2026,1899647,Off_MF
2025-2026,332155,DF
2025-2026,1134083,MF
2025-2026,930272,MF
2025-2026,953097,DF
2025-2026,190877,DF
2025-2026,966801,Off_MF
2025-2026,946695,Off_MF
2025-2026,1939173,FW
2025-2026,1155226,DF
2025-2026,1001828,DF
2025-2026,822340,FW
2025-2026,875137,FW
2025-2026,1048422,FW
2025-2026,1458073,DF
2025-2026,1112327,MF
2025-2026,802138,Off_MF
2025-2026,893062,FW
2025-2026,825754,FW
2025-2026,914902,FW
2025-2026,1012176,DF
2025-2026,945217,DF
2025-2026,928104,DF
2025-2026,795228,FW
2025-2026,157377,DF
2025-2026,576384,DF
2025-2026,825133,DF
2025-2026,836698,DF
2025-2026,133908,MF
2025-2026,1142211,MF
2025-2026,609206,DF
2025-2026,803033,DF
2025-2026,1090374,DF
2025-2026,1392044,DF
2025-2026,1099117,DF
2025-2026,1392829,FW
2025-2026,957921,MF
2025-2026,973290,Off_MF
2025-2026,791079,MF
2025-2026,910046,DF
2025-2026,280979,Off_MF
2025-2026,188365,DF
2025-2026,798926,DF
2025-2026,867442,FW
2025-2026,1389846,MF
2025-2026,927407,DF
2025-2026,1096210,DF
2025-2026,190159,FW
2025-2026,1407524,Off_MF
2025-2026,851284,FW
2025-2026,147289,Def_MF
2025-2026,331737,MF
2025-2026,927066,MF
2025-2026,96538,DF
2025-2026,351434,DF
2025-2026,352296,FW
2025-2026,829932,DF
2025-2026,329417,DF
2025-2026,997035,DF
2025-2026,48557,DF
2025-2026,916176,Off_MF
2025-2026,900669,Off_MF
2025-2026,993952,MF
2025-2026,1186010,DF
2025-2026,1894003,DF
2025-2026,1170773,FW
2025-2026,1114422,MF
2025-2026,1111640,MF
2025-2026,791190,Def_MF
2025-2026,973556,Off_MF
2025-2026,377118,DF
2025-2026,773409,FW
2025-2026,801030,MF
2025-2026,1131540,DF
2025-2026,864921,Off_MF
2025-2026,354878,DF
2025-2026,944656,FW
2025-2026,785989,FW
2025-2026,1010656,Off_MF
2025-2026,148899,DF
2025-2026,1069159,DF
2025-2026,794338,MF
2025-2026,1462742,Off_MF
2025-2026,984184,DF
2025-2026,886737,DF
2025-2026,802159,FW
2025-2026,1172936,MF
2025-2026,851222,DF
2025-2026,168861,DF
2025-2026,902019,MF
2025-2026,791702,FW
2025-2026,886930,DF
2025-2026,959628,DF
2025-2026,979480,DF
2025-2026,840414,DF
2025-2026,128587,DF
2025-2026,827681,DF
2025-2026,991011,Off_MF
2025-2026,906275,DF
2025-2026,1525863,DF
2025-2026,989276,DF
2025-2026,1103488,DF
2025-2026,42694,MF
2025-2026,190437,MF
2025-2026,1395746,FW
2025-2026,57627,DF
2025-2026,1107591,FW
2025-2026,980623,FW
2025-2026,1036269,MF
2025-2026,885892,MF
2025-2026,867445,Off_MF
2025-2026,1471683,DF
2025-2026,942836,FW
2025-2026,910048,FW
2025-2026,604232,DF
2025-2026,1387156,DF
2025-2026,927353,MF
2025-2026,787505,DF
2025-2026,560128,MF
2025-2026,318645,MF
2025-2026,184661,MF
2025-2026,1005343,FW
2025-2026,840217,FW
2025-2026,1800475,FW
2025-2026,814385,FW
2025-2026,1014290,FW
2025-2026,1022084,MF
2025-2026,976374,FW
2025-2026,352802,MF
2025-2026,855647,FW
2025-2026,1606792,DF
2025-2026,885908,DF
2025-2026,802143,DF
2025-2026,1157713,DF
2025-2026,801003,DF
2025-2026,982780,Off_MF
2025-2026,1200442,DF
2025-2026,801306,MF
2025-2026,859773,MF
2025-2026,1198074,MF
2025-2026,986245,DF
2025-2026,831424,DF
2025-2026,253367,FW
2025-2026,855663,DF
2025-2026,897594,DF
2025-2026,1462778,FW
2025-2026,984623,DF
2025-2026,981815,FW
2025-2026,309078,FW
2025-2026,1131541,DF
2025-2026,99519,DF
2025-2026,855833,FW
2025-2026,1012410,DF
2025-2026,280453,FW
2025-2026,909119,FW
2025-2026,175185,FW
2025-2026,972421,FW
2025-2026,1016788,MF
2025-2026,317301,MF
2025-2026,280609,FW
2025-2026,794937,Off_MF
2025-2026,355492,DF
2025-2026,928236,DF
2025-2026,1010655,DF
2025-2026,913679,Def_MF
2025-2026,135666,FW
2025-2026,869795,Off_MF
2025-2026,973564,DF
2025-2026,227862,Off_MF
2025-2026,1408080,DF
2025-2026,53739,DF
2025-2026,815612,FW
2025-2026,902657,MF
2025-2026,227672,DF
2025-2026,330051,FW
2025-2026,1142238,DF
2025-2026,847128,MF
2025-2026,1091116,Off_MF
2025-2026,831400,FW
2025-2026,891651,DF
2025-2026,770677,MF
2025-2026,916943,DF
2025-2026,1121923,FW
2025-2026,1217613,FW
2025-2026,980628,Off_MF
2025-2026,1176744,DF
2025-2026,1142233,DF
2025-2026,51498,FW
2025-2026,835601,FW
2025-2026,794373,DF
2025-2026,138605,MF
2025-2026,149734,DF
2025-2026,1002033,DF
2025-2026,280009,FW
2025-2026,141832,DF
2025-2026,887500,Off_MF
2025-2026,934498,FW
2025-2026,822379,MF
2025-2026,807116,DF
2025-2026,946381,FW
2025-2026,138126,DF
2025-2026,345333,DF
2025-2026,1049517,DF
2025-2026,789071,Off_MF
2025-2026,907072,Off_MF
2025-2026,945798,DF
2025-2026,830858,FW
2025-2026,843754,MF
2025-2026,980621,Off_MF
2025-2026,863653,DF
2025-2026,1122610,MF
2025-2026,838159,DF
2025-2026,327755,Off_MF
2025-2026,1518931,MF
2025-2026,353130,DF
2025-2026,818986,DF
2025-2026,979222,Off_MF
2025-2026,1120615,DF
2025-2026,984624,Off_MF
2025-2026,106337,MF
2025-2026,345111,FW
2025-2026,173827,FW
2025-2026,859765,Off_MF
2025-2026,822877,Off_MF
2025-2026,992587,MF
2025-2026,1099352,Off_MF
2025-2026,1963449,DF
2025-2026,933264,DF
2025-2026,900008,Def_MF
2025-2026,293581,FW
2025-2026,1465307,MF
2025-2026,1009372,FW
2025-2026,855845,MF
2025-2026,1156586,DF
2025-2026,155997,DF
2025-2026,793645,FW
2025-2026,1199282,DF
2025-2026,1154549,MF
2025-2026,996951,DF
2025-2026,1065588,MF
2025-2026,934409,DF
2025-2026,1094827,DF
2025-2026,1605921,MF
2025-2026,1014835,DF
2025-2026,965778,DF
2025-2026,879694,MF
2025-2026,944164,MF
2025-2026,159665,FW
2025-2026,958878,DF
2025-2026,318941,DF
2025-2026,1195241,FW
2025-2026,857205,DF
2025-2026,339909,DF
2025-2026,985329,Off_MF
2025-2026,257091,DF
2025-2026,360396,DF
2025-2026,123388,DF
2025-2026,592012,FW
2025-2026,985726,DF
2025-2026,855831,DF
2025-2026,1082406,Off_MF
2025-2026,783374,FW
2025-2026,250223,FW
2025-2026,1127057,MF
2025-2026,1507384,MF
2025-2026,885197,DF
2025-2026,963299,MF
2025-2026,845286,Off_MF
2025-2026,976421,DF
2025-2026,823984,FW
2025-2026,1136730,DF
2025-2026,1142248,Off_MF
2025-2026,826010,MF
2025-2026,353138,DF
2025-2026,907463,MF
2025-2026,797286,DF
2025-2026,960441,Off_MF
2025-2026,979820,DF
2025-2026,799054,MF
2025-2026,788949,DF
2025-2026,1410925,FW
2025-2026,158037,DF
2025-2026,364612,MF
2025-2026,537552,Off_MF
2025-2026,1154587,FW
2025-2026,904887,Off_MF
2025-2026,1133743,FW
2025-2026,192442,FW
2025-2026,1097719,DF
2025-2026,99090,DF
2025-2026,235672,Off_MF
2025-2026,1087514,DF
2025-2026,1216309,MF
2025-2026,904835,MF
2025-2026,799041,MF
2025-2026,287057,MF
2025-2026,945062,Off_MF
2025-2026,115516,MF
2025-2026,67647,Off_MF
2025-2026,848276,FW
2025-2026,934235,FW
2025-2026,1049442,FW
2025-2026,96365,MF
2025-2026,804764,DF
2025-2026,826948,MF
2025-2026,946888,MF
2025-2026,84539,MF
2025-2026,1170532,DF
2025-2026,341143,FW
2025-2026,255999,Def_MF
2025-2026,934237,FW
2025-2026,794298,FW
2025-2026,260031,FW
2025-2026,826188,DF
2025-2026,1466116,DF
2025-2026,195850,MF
2025-2026,957615,DF
2025-2026,958517,DF
2025-2026,988907,DF
2025-2026,827519,DF
2025-2026,1084381,MF
2025-2026,1093695,MF
2025-2026,902029,MF
2025-2026,804508,FW
2025-2026,838629,MF
2025-2026,953767,FW
2025-2026,933707,MF
2025-2026,966637,MF
2025-2026,804909,FW
2025-2026,58351,DF
2025-2026,959805,MF
2025-2026,233826,DF
2025-2026,1496360,DF
2025-2026,996958,DF
2025-2026,1402912,FW
2025-2026,33902,FW
2025-2026,864898,FW
2025-2026,827212,DF
2025-2026,794995,MF
2025-2026,800951,DF
2025-2026,867575,DF
2025-2026,799251,MF
2025-2026,844752,DF
2025-2026,153257,DF
2025-2026,894863,FW
2025-2026,1106451,FW
2025-2026,259117,MF
2025-2026,826326,DF
2025-2026,1014042,FW
2025-2026,963043,DF
2025-2026,818481,DF
2025-2026,1097425,DF
2025-2026,886286,DF
2025-2026,343067,MF
2025-2026,187313,MF
2025-2026,1003339,DF
2025-2026,542038,DF
2025-2026,876599,FW
2025-2026,978838,FW
2025-2026,828571,DF
2025-2026,837080,MF
2025-2026,981619,FW
2025-2026,346948,FW
2025-2026,226974,DF
2025-2026,296434,MF
2025-2026,1568123,FW
2025-2026,311676,DF
2025-2026,1064697,MF
2025-2026,1184308,DF
2025-2026,832427,MF
2025-2026,51665,MF
2025-2026,844942,DF
2025-2026,1035988,DF
2025-2026,1564180,MF
2025-2026,1085081,DF
2025-2026,971037,DF
2025-2026,152206,DF
2025-2026,54308,DF
2025-2026,1397882,DF
2025-2026,328027,FW
2025-2026,930191,FW
2025-2026,904424,MF
2025-2026,842391,MF
2025-2026,1010117,FW
2025-2026,281277,DF
2025-2026,929620,Off_MF
2025-2026,1048916,MF
2025-2026,1012235,FW
2025-2026,856250,DF
2025-2026,1116577,FW
2025-2026,68332,Def_MF
2025-2026,605672,FW
2025-2026,1013928,DF
2025-2026,990201,FW
2025-2026,889861,Off_MF
2025-2026,790965,FW
2025-2026,1149144,FW
2025-2026,108579,FW
2025-2026,1468046,DF
2025-2026,1023567,DF
2025-2026,1392592,FW
2025-2026,1019322,Off_MF
2025-2026,259803,FW
2025-2026,593526,FW
2025-2026,906075,DF
2025-2026,1400106,FW
2025-2026,287887,DF
2025-2026,870360,DF
2025-2026,922759,DF
2025-2026,1130939,Off_MF
2025-2026,874812,DF
2025-2026,1119487,DF
2025-2026,843678,MF
2025-2026,105734,MF
2025-2026,863133,Off_MF
2025-2026,1473092,DF
2025-2026,1063015,FW
2025-2026,905347,DF
2025-2026,807771,DF
2025-2026,352770,MF
2025-2026,927340,MF
2025-2026,122810,DF
2025-2026,798303,MF
2025-2026,548178,MF
2025-2026,1000269,DF
2025-2026,150383,MF
2025-2026,916946,MF
2025-2026,1405212,DF
2025-2026,1390489,DF
2025-2026,883537,FW
2025-2026,976104,FW
2025-2026,1021272,DF
2025-2026,904832,MF
2025-2026,1142672,DF
2025-2026,939880,DF
2025-2026,866469,MF
2025-2026,958959,DF
2025-2026,1134200,DF
2025-2026,1008037,FW
2025-2026,924973,Off_MF
2025-2026,958380,FW
2025-2026,974087,MF
2025-2026,148824,Off_MF
2025-2026,227922,DF
2025-2026,583806,DF
2025-2026,830142,MF
2025-2026,942116,FW
2025-2026,973431,FW
2025-2026,1063373,DF
2025-2026,1138804,Off_MF
2025-2026,2087085,FW
2025-2026,893998,DF
2025-2026,917005,FW
2025-2026,965828,DF
2025-2026,900003,FW
2025-2026,352768,DF
2025-2026,1087359,DF
2025-2026,882475,MF
2025-2026,1184855,DF
2025-2026,326343,DF
2025-2026,1012444,Off_MF
2025-2026,934384,MF
2025-2026,825846,MF
2025-2026,962890,MF
2025-2026,999070,FW
2025-2026,878938,MF
2025-2026,886363,Off_MF
2025-2026,1020206,DF
2025-2026,856553,DF
2025-2026,870263,DF
2025-2026,940871,DF
2025-2026,1014595,MF
2025-2026,284363,FW
2025-2026,979118,MF
2025-2026,826195,DF
2025-2026,821728,DF
2025-2026,1102502,DF
2025-2026,35612,MF
2025-2026,363856,Off_MF
2025-2026,1020744,DF
2025-2026,151003,DF
2025-2026,829022,DF
2025-2026,973699,MF
2025-2026,786175,DF
2025-2026,877262,Off_MF
2025-2026,892673,MF
2025-2026,861972,DF
2025-2026,1067582,DF
2025-2026,328035,DF
2025-2026,168903,DF
2025-2026,825771,DF
2025-2026,250737,MF
2025-2026,846308,DF
2025-2026,842419,DF
2025-2026,856076,DF
2025-2026,1526627,DF
2025-2026,294593,DF
2025-2026,1109771,MF
2025-2026,788255,DF
2025-2026,910978,DF
2025-2026,1444690,Off_MF
2025-2026,1015240,DF
2025-2026,988639,Def_MF
2025-2026,901850,MF
2025-2026,798124,DF
2025-2026,992026,Off_MF
2025-2026,855829,DF
2025-2026,826198,FW
2025-2026,883262,DF
2025-2026,971481,DF
2025-2026,132318,DF
2025-2026,307702,DF
2025-2026,253469,DF
2025-2026,814589,DF
2025-2026,887055,FW
2025-2026,122951,MF
2025-2026,996928,DF
2025-2026,826643,FW
2025-2026,1174457,DF
2025-2026,1068885,DF
2025-2026,911851,Off_MF
2025-2026,879618,DF
2025-2026,44864,DF
2025-2026,1002920,DF
2025-2026,1855502,DF
2025-2026,984998,FW
2025-2026,941168,DF
2025-2026,932643,FW
2025-2026,843200,DF
2025-2026,110846,DF
2025-2026,927083,Off_MF
2025-2026,859025,MF
2025-2026,879746,DF
2025-2026,873221,Def_MF
2025-2026,1064009,MF
2025-2026,861970,Off_MF
2025-2026,900433,Off_MF
2025-2026,1048650,MF
2025-2026,319735,Off_MF
2025-2026,834308,DF
2025-2026,879349,FW
2025-2026,825681,FW
2025-2026,891346,DF
2025-2026,1142703,DF
2025-2026,1159759,DF
2025-2026,916041,MF
2025-2026,1155423,DF
2025-2026,227864,DF
2025-2026,1145642,FW
2025-2026,44241,MF
2025-2026,1002461,MF
2025-2026,788216,DF
2025-2026,975079,FW
2025-2026,895324,MF
2025-2026,1031258,MF
2025-2026,796047,MF
2025-2026,1084081,DF
2025-2026,1010421,DF
2025-2026,848287,DF
2025-2026,110783,MF
2025-2026,231946,MF
2025-2026,355528,FW
2025-2026,960006,MF
2025-2026,1002764,MF
2025-2026,804621,MF
2025-2026,97926,DF
2025-2026,861324,MF
2025-2026,965008,FW
2025-2026,966621,FW
2025-2026,976575,Def_MF
2025-2026,284361,DF
2025-2026,1086547,DF
2025-2026,100389,MF
2025-2026,988351,MF
2025-2026,855835,DF
2025-2026,1402913,DF
2025-2026,84531,DF
2025-2026,794939,DF
2025-2026,997244,DF
2025-2026,1471764,DF
2025-2026,823622,FW
2025-2026,149593,MF
2025-2026,982319,DF
2025-2026,1049538,DF
2025-2026,831253,FW
2025-2026,372344,FW
2025-2026,893008,DF
2025-2026,876214,DF
2025-2026,344847,DF
2025-2026,895576,Off_MF
2025-2026,1020680,Off_MF
2025-2026,1403348,DF
2025-2026,581314,MF
2025-2026,831808,MF
2025-2026,911848,MF
2025-2026,1086286,MF
2025-2026,901882,MF
2025-2026,869792,DF
2025-2026,862967,FW
2025-2026,1134351,MF
2025-2026,826171,Def_MF
2025-2026,1006387,FW
2025-2026,758168,DF
2025-2026,998490,FW
2025-2026,924378,DF
2025-2026,1086417,FW
2025-2026,1035996,MF
2025-2026,69408,DF
2025-2026,976396,MF
2025-2026,933203,DF
2025-2026,927005,FW
2025-2026,826134,DF
2025-2026,267619,DF
2025-2026,914309,FW
2025-2026,780014,DF
2025-2026,1116388,DF
2025-2026,964153,DF
2025-2026,825956,MF
2025-2026,141080,DF
2025-2026,879346,MF
2025-2026,917048,DF
2025-2026,901891,DF
2025-2026,913654,DF
2025-2026,987650,MF
2025-2026,805137,DF
2025-2026,929132,DF
2025-2026,965031,DF
2025-2026,860461,DF
2025-2026,1015287,DF
2025-2026,984789,DF
2025-2026,383560,DF
2025-2026,15466,MF
2025-2026,343971,FW
2025-2026,868812,FW
2025-2026,931844,DF
2025-2026,1064026,DF
2025-2026,581302,DF
2025-2026,1118177,DF
2025-2026,149479,MF
2025-2026,1151803,MF
2025-2026,142259,DF
2025-2026,152813,DF
2025-2026,1149011,Off_MF
2025-2026,1493305,MF
2025-2026,881931,DF
2025-2026,1015267,MF
2025-2026,1495844,MF
2025-2026,115365,DF
2025-2026,555386,FW
2025-2026,886243,DF
2025-2026,1104986,MF
2025-2026,945122,DF
2025-2026,816763,MF
2025-2026,965893,DF
2025-2026,962710,DF
2025-2026,580642,MF
2025-2026,799046,DF
2025-2026,1064305,Def_MF
2025-2026,362682,DF
2025-2026,331209,MF
2025-2026,1171539,MF
2025-2026,850891,MF
2025-2026,117777,MF
2025-2026,793167,MF
2025-2026,847467,DF
2025-2026,826203,DF
2025-2026,576276,DF
2025-2026,836675,DF
2025-2026,1117223,DF
2025-2026,984014,Off_MF
2025-2026,1001458,FW
2025-2026,136924,DF
2025-2026,37318,FW
2025-2026,928103,DF
2025-2026,828640,DF
2025-2026,988672,DF
2025-2026,839956,FW
2025-2026,876643,DF
2025-2026,892979,DF
2025-2026,1014286,DF
2025-2026,282229,DF
2025-2026,958916,DF
2025-2026,830127,Off_MF
2025-2026,1099296,FW
2025-2026,904897,MF
2025-2026,235648,DF
2025-2026,865167,DF
2025-2026,1110136,MF
2025-2026,966837,MF
2025-2026,787827,DF
2025-2026,363860,MF
2025-2026,1034303,DF
2025-2026,138024,DF
2025-2026,352736,DF
2025-2026,801263,Off_MF
2025-2026,833956,DF
2025-2026,1002045,DF
2025-2026,1142562,MF
2025-2026,976141,MF
2025-2026,827679,DF
2025-2026,989034,DF
2025-2026,998247,DF
2025-2026,357596,Off_MF
2025-2026,928777,MF
2025-2026,945616,DF
2025-2026,1028307,MF
2025-2026,569784,MF
2025-2026,830803,DF
2025-2026,254429,DF
2025-2026,363042,DF
2025-2026,933641,DF
2025-2026,288205,MF
2025-2026,611210,DF
2025-2026,900792,DF
2025-2026,116666,DF
2025-2026,1397736,DF
2025-2026,879674,DF
2025-2026,918440,MF
2025-2026,1089453,DF
2025-2026,44614,DF
2025-2026,856714,MF
2025-2026,826215,DF
2025-2026,186855,MF
2025-2026,865912,Off_MF
2025-2026,855832,MF
2025-2026,974505,MF
2025-2026,847097,MF
2025-2026,998253,DF
2025-2026,310874,FW
2025-2026,825844,DF
2025-2026,1485300,DF
2025-2026,822518,DF
2025-2026,877994,DF
2025-2026,227894,MF
2025-2026,286167,MF
2025-2026,149606,DF
2025-2026,949707,DF
2025-2026,1396048,DF
2025-2026,934354,FW
2025-2026,911355,DF
2025-2026,927356,DF
2025-2026,962012,DF
2025-2026,841977,MF
2025-2026,889785,DF
2025-2026,1651825,DF
2025-2026,88528,DF
2025-2026,190839,DF
2025-2026,869856,Off_MF
2025-2026,896073,DF
2025-2026,988275,DF
2025-2026,385888,MF
2025-2026,1137431,DF
2025-2026,811629,MF
2025-2026,965330,DF
2025-2026,1016907,FW
2025-2026,948261,FW
2025-2026,830659,DF
2025-2026,300522,DF
2025-2026,846148,DF
2025-2026,145188,DF
2025-2026,81992,DF
2025-2026,994546,MF
2025-2026,836168,DF
2025-2026,999028,DF
2025-2026,552884,FW
2025-2026,927361,MF
2025-2026,151545,DF
